host,cpu,hardware_threads,os,compiler,flags,systems,entities,lib,bench,variant,threads,work_iterations,run,ms
aalair,"Apple M3",8,"Darwin 27.0.0 arm64","Apple LLVM 21.0.0 (clang-2100.3.34.2)"," -O3 -DNDEBUG",8,100000,pico,owned_update,,1,0,1,0.551000
aalair,"Apple M3",8,"Darwin 27.0.0 arm64","Apple LLVM 21.0.0 (clang-2100.3.34.2)"," -O3 -DNDEBUG",8,100000,pico,owned_update,,1,0,2,0.484000
aalair,"Apple M3",8,"Darwin 27.0.0 arm64","Apple LLVM 21.0.0 (clang-2100.3.34.2)"," -O3 -DNDEBUG",8,100000,pico,owned_update,,1,0,3,0.470000
aalair,"Apple M3",8,"Darwin 27.0.0 arm64","Apple LLVM 21.0.0 (clang-2100.3.34.2)"," -O3 -DNDEBUG",8,100000,pico,owned_update,,1,0,4,0.456000
aalair,"Apple M3",8,"Darwin 27.0.0 arm64","Apple LLVM 21.0.0 (clang-2100.3.34.2)"," -O3 -DNDEBUG",8,100000,pico,owned_update,,1,0,5,0.508000
aalair,"Apple M3",8,"Darwin 27.0.0 arm64","Apple LLVM 21.0.0 (clang-2100.3.34.2)"," -O3 -DNDEBUG",8,100000,pico,owned_update,,1,0,6,0.482000
aalair,"Apple M3",8,"Darwin 27.0.0 arm64","Apple LLVM 21.0.0 (clang-2100.3.34.2)"," -O3 -DNDEBUG",8,100000,pico,owned_update,,1,0,7,0.452000
aalair,"Apple M3",8,"Darwin 27.0.0 arm64","Apple LLVM 21.0.0 (clang-2100.3.34.2)"," -O3 -DNDEBUG",8,100000,pico,owned_update,,1,0,8,0.499000
aalair,"Apple M3",8,"Darwin 27.0.0 arm64","Apple LLVM 21.0.0 (clang-2100.3.34.2)"," -O3 -DNDEBUG",8,100000,pico,owned_update,,1,0,9,0.495000
aalair,"Apple M3",8,"Darwin 27.0.0 arm64","Apple LLVM 21.0.0 (clang-2100.3.34.2)"," -O3 -DNDEBUG",8,100000,pico,owned_update,,1,0,10,0.510000
aalair,"Apple M3",8,"Darwin 27.0.0 arm64","Apple LLVM 21.0.0 (clang-2100.3.34.2)"," -O3 -DNDEBUG",8,100000,pico,owned_update,,1,0,11,0.514000
aalair,"Apple M3",8,"Darwin 27.0.0 arm64","Apple LLVM 21.0.0 (clang-2100.3.34.2)"," -O3 -DNDEBUG",8,100000,pico,owned_update,,1,0,12,0.507000
aalair,"Apple M3",8,"Darwin 27.0.0 arm64","Apple LLVM 21.0.0 (clang-2100.3.34.2)"," -O3 -DNDEBUG",8,100000,pico,owned_update,,1,0,13,0.481000
aalair,"Apple M3",8,"Darwin 27.0.0 arm64","Apple LLVM 21.0.0 (clang-2100.3.34.2)"," -O3 -DNDEBUG",8,100000,pico,owned_update,,1,0,14,0.483000
aalair,"Apple M3",8,"Darwin 27.0.0 arm64","Apple LLVM 21.0.0 (clang-2100.3.34.2)"," -O3 -DNDEBUG",8,100000,pico,owned_update,,1,10,1,2.601000
aalair,"Apple M3",8,"Darwin 27.0.0 arm64","Apple LLVM 21.0.0 (clang-2100.3.34.2)"," -O3 -DNDEBUG",8,100000,pico,owned_update,,1,10,2,2.604000
aalair,"Apple M3",8,"Darwin 27.0.0 arm64","Apple LLVM 21.0.0 (clang-2100.3.34.2)"," -O3 -DNDEBUG",8,100000,pico,owned_update,,1,10,3,2.626000
aalair,"Apple M3",8,"Darwin 27.0.0 arm64","Apple LLVM 21.0.0 (clang-2100.3.34.2)"," -O3 -DNDEBUG",8,100000,pico,owned_update,,1,10,4,2.607000
aalair,"Apple M3",8,"Darwin 27.0.0 arm64","Apple LLVM 21.0.0 (clang-2100.3.34.2)"," -O3 -DNDEBUG",8,100000,pico,owned_update,,1,10,5,2.592000
aalair,"Apple M3",8,"Darwin 27.0.0 arm64","Apple LLVM 21.0.0 (clang-2100.3.34.2)"," -O3 -DNDEBUG",8,100000,pico,owned_update,,1,10,6,2.610000
aalair,"Apple M3",8,"Darwin 27.0.0 arm64","Apple LLVM 21.0.0 (clang-2100.3.34.2)"," -O3 -DNDEBUG",8,100000,pico,owned_update,,1,10,7,2.585000
aalair,"Apple M3",8,"Darwin 27.0.0 arm64","Apple LLVM 21.0.0 (clang-2100.3.34.2)"," -O3 -DNDEBUG",8,100000,pico,owned_update,,1,10,8,2.385000
aalair,"Apple M3",8,"Darwin 27.0.0 arm64","Apple LLVM 21.0.0 (clang-2100.3.34.2)"," -O3 -DNDEBUG",8,100000,pico,owned_update,,1,10,9,2.398000
aalair,"Apple M3",8,"Darwin 27.0.0 arm64","Apple LLVM 21.0.0 (clang-2100.3.34.2)"," -O3 -DNDEBUG",8,100000,pico,owned_update,,1,10,10,2.406000
aalair,"Apple M3",8,"Darwin 27.0.0 arm64","Apple LLVM 21.0.0 (clang-2100.3.34.2)"," -O3 -DNDEBUG",8,100000,pico,owned_update,,1,10,11,2.431000
aalair,"Apple M3",8,"Darwin 27.0.0 arm64","Apple LLVM 21.0.0 (clang-2100.3.34.2)"," -O3 -DNDEBUG",8,100000,pico,owned_update,,1,10,12,2.393000
aalair,"Apple M3",8,"Darwin 27.0.0 arm64","Apple LLVM 21.0.0 (clang-2100.3.34.2)"," -O3 -DNDEBUG",8,100000,pico,owned_update,,1,10,13,2.600000
aalair,"Apple M3",8,"Darwin 27.0.0 arm64","Apple LLVM 21.0.0 (clang-2100.3.34.2)"," -O3 -DNDEBUG",8,100000,pico,owned_update,,1,10,14,2.594000
aalair,"Apple M3",8,"Darwin 27.0.0 arm64","Apple LLVM 21.0.0 (clang-2100.3.34.2)"," -O3 -DNDEBUG",8,100000,pico,owned_update,,1,10,15,2.683000
aalair,"Apple M3",8,"Darwin 27.0.0 arm64","Apple LLVM 21.0.0 (clang-2100.3.34.2)"," -O3 -DNDEBUG",8,100000,pico,owned_update,,1,10,16,2.682000
aalair,"Apple M3",8,"Darwin 27.0.0 arm64","Apple LLVM 21.0.0 (clang-2100.3.34.2)"," -O3 -DNDEBUG",8,100000,pico,owned_update,,1,10,17,2.749000
aalair,"Apple M3",8,"Darwin 27.0.0 arm64","Apple LLVM 21.0.0 (clang-2100.3.34.2)"," -O3 -DNDEBUG",8,100000,pico,owned_update,,1,10,18,2.786000
aalair,"Apple M3",8,"Darwin 27.0.0 arm64","Apple LLVM 21.0.0 (clang-2100.3.34.2)"," -O3 -DNDEBUG",8,100000,pico,owned_update,,1,10,19,2.911000
aalair,"Apple M3",8,"Darwin 27.0.0 arm64","Apple LLVM 21.0.0 (clang-2100.3.34.2)"," -O3 -DNDEBUG",8,100000,pico,owned_update,,1,10,20,2.899000
aalair,"Apple M3",8,"Darwin 27.0.0 arm64","Apple LLVM 21.0.0 (clang-2100.3.34.2)"," -O3 -DNDEBUG",8,100000,pico,owned_update,,1,10,21,2.893000
aalair,"Apple M3",8,"Darwin 27.0.0 arm64","Apple LLVM 21.0.0 (clang-2100.3.34.2)"," -O3 -DNDEBUG",8,100000,pico,owned_update,,1,500,1,338.489000
aalair,"Apple M3",8,"Darwin 27.0.0 arm64","Apple LLVM 21.0.0 (clang-2100.3.34.2)"," -O3 -DNDEBUG",8,100000,pico,owned_update,,1,500,2,338.134000
aalair,"Apple M3",8,"Darwin 27.0.0 arm64","Apple LLVM 21.0.0 (clang-2100.3.34.2)"," -O3 -DNDEBUG",8,100000,pico,owned_update,,1,500,3,340.161000
aalair,"Apple M3",8,"Darwin 27.0.0 arm64","Apple LLVM 21.0.0 (clang-2100.3.34.2)"," -O3 -DNDEBUG",8,100000,pico,owned_update,,1,500,4,338.350000
aalair,"Apple M3",8,"Darwin 27.0.0 arm64","Apple LLVM 21.0.0 (clang-2100.3.34.2)"," -O3 -DNDEBUG",8,100000,pico,owned_update,,1,500,5,338.075000
aalair,"Apple M3",8,"Darwin 27.0.0 arm64","Apple LLVM 21.0.0 (clang-2100.3.34.2)"," -O3 -DNDEBUG",8,100000,pico,owned_update,,1,500,6,338.262000
aalair,"Apple M3",8,"Darwin 27.0.0 arm64","Apple LLVM 21.0.0 (clang-2100.3.34.2)"," -O3 -DNDEBUG",8,100000,pico,owned_update,,1,500,7,339.075000
aalair,"Apple M3",8,"Darwin 27.0.0 arm64","Apple LLVM 21.0.0 (clang-2100.3.34.2)"," -O3 -DNDEBUG",8,100000,pico,owned_update,,1,500,8,338.516000
aalair,"Apple M3",8,"Darwin 27.0.0 arm64","Apple LLVM 21.0.0 (clang-2100.3.34.2)"," -O3 -DNDEBUG",8,100000,pico,owned_update,,1,500,9,338.663000
aalair,"Apple M3",8,"Darwin 27.0.0 arm64","Apple LLVM 21.0.0 (clang-2100.3.34.2)"," -O3 -DNDEBUG",8,100000,pico,owned_update,,1,500,10,338.366000
aalair,"Apple M3",8,"Darwin 27.0.0 arm64","Apple LLVM 21.0.0 (clang-2100.3.34.2)"," -O3 -DNDEBUG",8,100000,flecs,owned_update,,1,0,1,0.316000
aalair,"Apple M3",8,"Darwin 27.0.0 arm64","Apple LLVM 21.0.0 (clang-2100.3.34.2)"," -O3 -DNDEBUG",8,100000,flecs,owned_update,,1,0,2,0.155000
aalair,"Apple M3",8,"Darwin 27.0.0 arm64","Apple LLVM 21.0.0 (clang-2100.3.34.2)"," -O3 -DNDEBUG",8,100000,flecs,owned_update,,1,0,3,0.151000
aalair,"Apple M3",8,"Darwin 27.0.0 arm64","Apple LLVM 21.0.0 (clang-2100.3.34.2)"," -O3 -DNDEBUG",8,100000,flecs,owned_update,,1,0,4,0.140000
aalair,"Apple M3",8,"Darwin 27.0.0 arm64","Apple LLVM 21.0.0 (clang-2100.3.34.2)"," -O3 -DNDEBUG",8,100000,flecs,owned_update,,1,0,5,0.140000
aalair,"Apple M3",8,"Darwin 27.0.0 arm64","Apple LLVM 21.0.0 (clang-2100.3.34.2)"," -O3 -DNDEBUG",8,100000,flecs,owned_update,,1,0,6,0.131000
aalair,"Apple M3",8,"Darwin 27.0.0 arm64","Apple LLVM 21.0.0 (clang-2100.3.34.2)"," -O3 -DNDEBUG",8,100000,flecs,owned_update,,1,0,7,0.130000
aalair,"Apple M3",8,"Darwin 27.0.0 arm64","Apple LLVM 21.0.0 (clang-2100.3.34.2)"," -O3 -DNDEBUG",8,100000,flecs,owned_update,,1,0,8,0.123000
aalair,"Apple M3",8,"Darwin 27.0.0 arm64","Apple LLVM 21.0.0 (clang-2100.3.34.2)"," -O3 -DNDEBUG",8,100000,flecs,owned_update,,1,0,9,0.124000
aalair,"Apple M3",8,"Darwin 27.0.0 arm64","Apple LLVM 21.0.0 (clang-2100.3.34.2)"," -O3 -DNDEBUG",8,100000,flecs,owned_update,,1,0,10,0.119000
aalair,"Apple M3",8,"Darwin 27.0.0 arm64","Apple LLVM 21.0.0 (clang-2100.3.34.2)"," -O3 -DNDEBUG",8,100000,flecs,owned_update,,1,0,11,0.119000
aalair,"Apple M3",8,"Darwin 27.0.0 arm64","Apple LLVM 21.0.0 (clang-2100.3.34.2)"," -O3 -DNDEBUG",8,100000,flecs,owned_update,,1,0,12,0.114000
aalair,"Apple M3",8,"Darwin 27.0.0 arm64","Apple LLVM 21.0.0 (clang-2100.3.34.2)"," -O3 -DNDEBUG",8,100000,flecs,owned_update,,1,0,13,0.115000
aalair,"Apple M3",8,"Darwin 27.0.0 arm64","Apple LLVM 21.0.0 (clang-2100.3.34.2)"," -O3 -DNDEBUG",8,100000,flecs,owned_update,,1,0,14,0.110000
aalair,"Apple M3",8,"Darwin 27.0.0 arm64","Apple LLVM 21.0.0 (clang-2100.3.34.2)"," -O3 -DNDEBUG",8,100000,flecs,owned_update,,1,0,15,0.110000
aalair,"Apple M3",8,"Darwin 27.0.0 arm64","Apple LLVM 21.0.0 (clang-2100.3.34.2)"," -O3 -DNDEBUG",8,100000,flecs,owned_update,,1,0,16,0.106000
aalair,"Apple M3",8,"Darwin 27.0.0 arm64","Apple LLVM 21.0.0 (clang-2100.3.34.2)"," -O3 -DNDEBUG",8,100000,flecs,owned_update,,1,0,17,0.108000
aalair,"Apple M3",8,"Darwin 27.0.0 arm64","Apple LLVM 21.0.0 (clang-2100.3.34.2)"," -O3 -DNDEBUG",8,100000,flecs,owned_update,,1,0,18,0.104000
aalair,"Apple M3",8,"Darwin 27.0.0 arm64","Apple LLVM 21.0.0 (clang-2100.3.34.2)"," -O3 -DNDEBUG",8,100000,flecs,owned_update,,1,0,19,0.105000
aalair,"Apple M3",8,"Darwin 27.0.0 arm64","Apple LLVM 21.0.0 (clang-2100.3.34.2)"," -O3 -DNDEBUG",8,100000,flecs,owned_update,,1,0,20,0.103000
aalair,"Apple M3",8,"Darwin 27.0.0 arm64","Apple LLVM 21.0.0 (clang-2100.3.34.2)"," -O3 -DNDEBUG",8,100000,flecs,owned_update,,1,0,21,0.103000
aalair,"Apple M3",8,"Darwin 27.0.0 arm64","Apple LLVM 21.0.0 (clang-2100.3.34.2)"," -O3 -DNDEBUG",8,100000,flecs,owned_update,,1,0,22,0.100000
aalair,"Apple M3",8,"Darwin 27.0.0 arm64","Apple LLVM 21.0.0 (clang-2100.3.34.2)"," -O3 -DNDEBUG",8,100000,flecs,owned_update,,1,0,23,0.100000
aalair,"Apple M3",8,"Darwin 27.0.0 arm64","Apple LLVM 21.0.0 (clang-2100.3.34.2)"," -O3 -DNDEBUG",8,100000,flecs,owned_update,,1,0,24,0.101000
aalair,"Apple M3",8,"Darwin 27.0.0 arm64","Apple LLVM 21.0.0 (clang-2100.3.34.2)"," -O3 -DNDEBUG",8,100000,flecs,owned_update,,1,0,25,0.099000
aalair,"Apple M3",8,"Darwin 27.0.0 arm64","Apple LLVM 21.0.0 (clang-2100.3.34.2)"," -O3 -DNDEBUG",8,100000,flecs,owned_update,,1,0,26,0.099000
aalair,"Apple M3",8,"Darwin 27.0.0 arm64","Apple LLVM 21.0.0 (clang-2100.3.34.2)"," -O3 -DNDEBUG",8,100000,flecs,owned_update,,1,0,27,0.098000
aalair,"Apple M3",8,"Darwin 27.0.0 arm64","Apple LLVM 21.0.0 (clang-2100.3.34.2)"," -O3 -DNDEBUG",8,100000,flecs,owned_update,,1,0,28,0.103000
aalair,"Apple M3",8,"Darwin 27.0.0 arm64","Apple LLVM 21.0.0 (clang-2100.3.34.2)"," -O3 -DNDEBUG",8,100000,flecs,owned_update,,1,0,29,0.105000
aalair,"Apple M3",8,"Darwin 27.0.0 arm64","Apple LLVM 21.0.0 (clang-2100.3.34.2)"," -O3 -DNDEBUG",8,100000,flecs,owned_update,,1,0,30,0.117000
aalair,"Apple M3",8,"Darwin 27.0.0 arm64","Apple LLVM 21.0.0 (clang-2100.3.34.2)"," -O3 -DNDEBUG",8,100000,flecs,owned_update,,1,0,31,0.124000
aalair,"Apple M3",8,"Darwin 27.0.0 arm64","Apple LLVM 21.0.0 (clang-2100.3.34.2)"," -O3 -DNDEBUG",8,100000,flecs,owned_update,,1,0,32,0.497000
aalair,"Apple M3",8,"Darwin 27.0.0 arm64","Apple LLVM 21.0.0 (clang-2100.3.34.2)"," -O3 -DNDEBUG",8,100000,flecs,owned_update,,1,0,33,0.141000
aalair,"Apple M3",8,"Darwin 27.0.0 arm64","Apple LLVM 21.0.0 (clang-2100.3.34.2)"," -O3 -DNDEBUG",8,100000,flecs,owned_update,,1,0,34,0.120000
aalair,"Apple M3",8,"Darwin 27.0.0 arm64","Apple LLVM 21.0.0 (clang-2100.3.34.2)"," -O3 -DNDEBUG",8,100000,flecs,owned_update,,1,0,35,0.201000
aalair,"Apple M3",8,"Darwin 27.0.0 arm64","Apple LLVM 21.0.0 (clang-2100.3.34.2)"," -O3 -DNDEBUG",8,100000,flecs,owned_update,,1,0,36,0.201000
aalair,"Apple M3",8,"Darwin 27.0.0 arm64","Apple LLVM 21.0.0 (clang-2100.3.34.2)"," -O3 -DNDEBUG",8,100000,flecs,owned_update,,1,0,37,0.888000
aalair,"Apple M3",8,"Darwin 27.0.0 arm64","Apple LLVM 21.0.0 (clang-2100.3.34.2)"," -O3 -DNDEBUG",8,100000,flecs,owned_update,,1,0,38,0.175000
aalair,"Apple M3",8,"Darwin 27.0.0 arm64","Apple LLVM 21.0.0 (clang-2100.3.34.2)"," -O3 -DNDEBUG",8,100000,flecs,owned_update,,1,0,39,0.156000
aalair,"Apple M3",8,"Darwin 27.0.0 arm64","Apple LLVM 21.0.0 (clang-2100.3.34.2)"," -O3 -DNDEBUG",8,100000,flecs,owned_update,,1,0,40,0.194000
aalair,"Apple M3",8,"Darwin 27.0.0 arm64","Apple LLVM 21.0.0 (clang-2100.3.34.2)"," -O3 -DNDEBUG",8,100000,flecs,owned_update,,1,0,41,0.202000
aalair,"Apple M3",8,"Darwin 27.0.0 arm64","Apple LLVM 21.0.0 (clang-2100.3.34.2)"," -O3 -DNDEBUG",8,100000,flecs,owned_update,,1,0,42,0.161000
aalair,"Apple M3",8,"Darwin 27.0.0 arm64","Apple LLVM 21.0.0 (clang-2100.3.34.2)"," -O3 -DNDEBUG",8,100000,flecs,owned_update,,1,0,43,0.135000
aalair,"Apple M3",8,"Darwin 27.0.0 arm64","Apple LLVM 21.0.0 (clang-2100.3.34.2)"," -O3 -DNDEBUG",8,100000,flecs,owned_update,,1,0,44,0.145000
aalair,"Apple M3",8,"Darwin 27.0.0 arm64","Apple LLVM 21.0.0 (clang-2100.3.34.2)"," -O3 -DNDEBUG",8,100000,flecs,owned_update,,1,0,45,0.137000
aalair,"Apple M3",8,"Darwin 27.0.0 arm64","Apple LLVM 21.0.0 (clang-2100.3.34.2)"," -O3 -DNDEBUG",8,100000,flecs,owned_update,,1,0,46,0.149000
aalair,"Apple M3",8,"Darwin 27.0.0 arm64","Apple LLVM 21.0.0 (clang-2100.3.34.2)"," -O3 -DNDEBUG",8,100000,flecs,owned_update,,1,0,47,0.128000
aalair,"Apple M3",8,"Darwin 27.0.0 arm64","Apple LLVM 21.0.0 (clang-2100.3.34.2)"," -O3 -DNDEBUG",8,100000,flecs,owned_update,,1,0,48,0.110000
aalair,"Apple M3",8,"Darwin 27.0.0 arm64","Apple LLVM 21.0.0 (clang-2100.3.34.2)"," -O3 -DNDEBUG",8,100000,flecs,owned_update,,1,0,49,0.105000
aalair,"Apple M3",8,"Darwin 27.0.0 arm64","Apple LLVM 21.0.0 (clang-2100.3.34.2)"," -O3 -DNDEBUG",8,100000,flecs,owned_update,,1,0,50,0.104000
aalair,"Apple M3",8,"Darwin 27.0.0 arm64","Apple LLVM 21.0.0 (clang-2100.3.34.2)"," -O3 -DNDEBUG",8,100000,flecs,owned_update,,1,0,51,0.105000
aalair,"Apple M3",8,"Darwin 27.0.0 arm64","Apple LLVM 21.0.0 (clang-2100.3.34.2)"," -O3 -DNDEBUG",8,100000,flecs,owned_update,,1,0,52,0.097000
aalair,"Apple M3",8,"Darwin 27.0.0 arm64","Apple LLVM 21.0.0 (clang-2100.3.34.2)"," -O3 -DNDEBUG",8,100000,flecs,owned_update,,1,0,53,0.104000
aalair,"Apple M3",8,"Darwin 27.0.0 arm64","Apple LLVM 21.0.0 (clang-2100.3.34.2)"," -O3 -DNDEBUG",8,100000,flecs,owned_update,,1,0,54,0.103000
aalair,"Apple M3",8,"Darwin 27.0.0 arm64","Apple LLVM 21.0.0 (clang-2100.3.34.2)"," -O3 -DNDEBUG",8,100000,flecs,owned_update,,1,0,55,0.103000
aalair,"Apple M3",8,"Darwin 27.0.0 arm64","Apple LLVM 21.0.0 (clang-2100.3.34.2)"," -O3 -DNDEBUG",8,100000,flecs,owned_update,,1,0,56,0.103000
aalair,"Apple M3",8,"Darwin 27.0.0 arm64","Apple LLVM 21.0.0 (clang-2100.3.34.2)"," -O3 -DNDEBUG",8,100000,flecs,owned_update,,1,0,57,0.111000
aalair,"Apple M3",8,"Darwin 27.0.0 arm64","Apple LLVM 21.0.0 (clang-2100.3.34.2)"," -O3 -DNDEBUG",8,100000,flecs,owned_update,,1,0,58,0.107000
aalair,"Apple M3",8,"Darwin 27.0.0 arm64","Apple LLVM 21.0.0 (clang-2100.3.34.2)"," -O3 -DNDEBUG",8,100000,flecs,owned_update,,1,0,59,0.108000
aalair,"Apple M3",8,"Darwin 27.0.0 arm64","Apple LLVM 21.0.0 (clang-2100.3.34.2)"," -O3 -DNDEBUG",8,100000,flecs,owned_update,,1,0,60,0.106000
aalair,"Apple M3",8,"Darwin 27.0.0 arm64","Apple LLVM 21.0.0 (clang-2100.3.34.2)"," -O3 -DNDEBUG",8,100000,flecs,owned_update,,1,0,61,0.109000
aalair,"Apple M3",8,"Darwin 27.0.0 arm64","Apple LLVM 21.0.0 (clang-2100.3.34.2)"," -O3 -DNDEBUG",8,100000,flecs,owned_update,,1,0,62,0.107000
aalair,"Apple M3",8,"Darwin 27.0.0 arm64","Apple LLVM 21.0.0 (clang-2100.3.34.2)"," -O3 -DNDEBUG",8,100000,flecs,owned_update,,1,0,63,0.111000
aalair,"Apple M3",8,"Darwin 27.0.0 arm64","Apple LLVM 21.0.0 (clang-2100.3.34.2)"," -O3 -DNDEBUG",8,100000,flecs,owned_update,,1,0,64,0.112000
aalair,"Apple M3",8,"Darwin 27.0.0 arm64","Apple LLVM 21.0.0 (clang-2100.3.34.2)"," -O3 -DNDEBUG",8,100000,flecs,owned_update,,1,0,65,0.109000
aalair,"Apple M3",8,"Darwin 27.0.0 arm64","Apple LLVM 21.0.0 (clang-2100.3.34.2)"," -O3 -DNDEBUG",8,100000,flecs,owned_update,,1,0,66,0.109000
aalair,"Apple M3",8,"Darwin 27.0.0 arm64","Apple LLVM 21.0.0 (clang-2100.3.34.2)"," -O3 -DNDEBUG",8,100000,flecs,owned_update,,1,0,67,0.110000
aalair,"Apple M3",8,"Darwin 27.0.0 arm64","Apple LLVM 21.0.0 (clang-2100.3.34.2)"," -O3 -DNDEBUG",8,100000,flecs,owned_update,,1,0,68,0.109000
aalair,"Apple M3",8,"Darwin 27.0.0 arm64","Apple LLVM 21.0.0 (clang-2100.3.34.2)"," -O3 -DNDEBUG",8,100000,flecs,owned_update,,1,0,69,0.117000
aalair,"Apple M3",8,"Darwin 27.0.0 arm64","Apple LLVM 21.0.0 (clang-2100.3.34.2)"," -O3 -DNDEBUG",8,100000,flecs,owned_update,,1,0,70,0.111000
aalair,"Apple M3",8,"Darwin 27.0.0 arm64","Apple LLVM 21.0.0 (clang-2100.3.34.2)"," -O3 -DNDEBUG",8,100000,flecs,owned_update,,1,0,71,0.109000
aalair,"Apple M3",8,"Darwin 27.0.0 arm64","Apple LLVM 21.0.0 (clang-2100.3.34.2)"," -O3 -DNDEBUG",8,100000,flecs,owned_update,,1,0,72,0.109000
aalair,"Apple M3",8,"Darwin 27.0.0 arm64","Apple LLVM 21.0.0 (clang-2100.3.34.2)"," -O3 -DNDEBUG",8,100000,flecs,owned_update,,1,0,73,0.108000
aalair,"Apple M3",8,"Darwin 27.0.0 arm64","Apple LLVM 21.0.0 (clang-2100.3.34.2)"," -O3 -DNDEBUG",8,100000,flecs,owned_update,,1,0,74,0.108000
aalair,"Apple M3",8,"Darwin 27.0.0 arm64","Apple LLVM 21.0.0 (clang-2100.3.34.2)"," -O3 -DNDEBUG",8,100000,flecs,owned_update,,1,0,75,0.110000
aalair,"Apple M3",8,"Darwin 27.0.0 arm64","Apple LLVM 21.0.0 (clang-2100.3.34.2)"," -O3 -DNDEBUG",8,100000,flecs,owned_update,,1,0,76,0.109000
aalair,"Apple M3",8,"Darwin 27.0.0 arm64","Apple LLVM 21.0.0 (clang-2100.3.34.2)"," -O3 -DNDEBUG",8,100000,flecs,owned_update,,1,0,77,0.111000
aalair,"Apple M3",8,"Darwin 27.0.0 arm64","Apple LLVM 21.0.0 (clang-2100.3.34.2)"," -O3 -DNDEBUG",8,100000,flecs,owned_update,,1,0,78,0.114000
aalair,"Apple M3",8,"Darwin 27.0.0 arm64","Apple LLVM 21.0.0 (clang-2100.3.34.2)"," -O3 -DNDEBUG",8,100000,flecs,owned_update,,1,0,79,0.104000
aalair,"Apple M3",8,"Darwin 27.0.0 arm64","Apple LLVM 21.0.0 (clang-2100.3.34.2)"," -O3 -DNDEBUG",8,100000,flecs,owned_update,,1,0,80,0.108000
aalair,"Apple M3",8,"Darwin 27.0.0 arm64","Apple LLVM 21.0.0 (clang-2100.3.34.2)"," -O3 -DNDEBUG",8,100000,flecs,owned_update,,1,10,1,2.653000
aalair,"Apple M3",8,"Darwin 27.0.0 arm64","Apple LLVM 21.0.0 (clang-2100.3.34.2)"," -O3 -DNDEBUG",8,100000,flecs,owned_update,,1,10,2,2.653000
aalair,"Apple M3",8,"Darwin 27.0.0 arm64","Apple LLVM 21.0.0 (clang-2100.3.34.2)"," -O3 -DNDEBUG",8,100000,flecs,owned_update,,1,10,3,2.694000
aalair,"Apple M3",8,"Darwin 27.0.0 arm64","Apple LLVM 21.0.0 (clang-2100.3.34.2)"," -O3 -DNDEBUG",8,100000,flecs,owned_update,,1,10,4,2.726000
aalair,"Apple M3",8,"Darwin 27.0.0 arm64","Apple LLVM 21.0.0 (clang-2100.3.34.2)"," -O3 -DNDEBUG",8,100000,flecs,owned_update,,1,10,5,2.686000
aalair,"Apple M3",8,"Darwin 27.0.0 arm64","Apple LLVM 21.0.0 (clang-2100.3.34.2)"," -O3 -DNDEBUG",8,100000,flecs,owned_update,,1,10,6,2.684000
aalair,"Apple M3",8,"Darwin 27.0.0 arm64","Apple LLVM 21.0.0 (clang-2100.3.34.2)"," -O3 -DNDEBUG",8,100000,flecs,owned_update,,1,10,7,2.695000
aalair,"Apple M3",8,"Darwin 27.0.0 arm64","Apple LLVM 21.0.0 (clang-2100.3.34.2)"," -O3 -DNDEBUG",8,100000,flecs,owned_update,,1,10,8,3.024000
aalair,"Apple M3",8,"Darwin 27.0.0 arm64","Apple LLVM 21.0.0 (clang-2100.3.34.2)"," -O3 -DNDEBUG",8,100000,flecs,owned_update,,1,10,9,2.969000
aalair,"Apple M3",8,"Darwin 27.0.0 arm64","Apple LLVM 21.0.0 (clang-2100.3.34.2)"," -O3 -DNDEBUG",8,100000,flecs,owned_update,,1,10,10,2.766000
aalair,"Apple M3",8,"Darwin 27.0.0 arm64","Apple LLVM 21.0.0 (clang-2100.3.34.2)"," -O3 -DNDEBUG",8,100000,flecs,owned_update,,1,10,11,2.764000
aalair,"Apple M3",8,"Darwin 27.0.0 arm64","Apple LLVM 21.0.0 (clang-2100.3.34.2)"," -O3 -DNDEBUG",8,100000,flecs,owned_update,,1,10,12,2.963000
aalair,"Apple M3",8,"Darwin 27.0.0 arm64","Apple LLVM 21.0.0 (clang-2100.3.34.2)"," -O3 -DNDEBUG",8,100000,flecs,owned_update,,1,10,13,2.895000
aalair,"Apple M3",8,"Darwin 27.0.0 arm64","Apple LLVM 21.0.0 (clang-2100.3.34.2)"," -O3 -DNDEBUG",8,100000,flecs,owned_update,,1,10,14,2.852000
aalair,"Apple M3",8,"Darwin 27.0.0 arm64","Apple LLVM 21.0.0 (clang-2100.3.34.2)"," -O3 -DNDEBUG",8,100000,flecs,owned_update,,1,10,15,2.798000
aalair,"Apple M3",8,"Darwin 27.0.0 arm64","Apple LLVM 21.0.0 (clang-2100.3.34.2)"," -O3 -DNDEBUG",8,100000,flecs,owned_update,,1,10,16,2.802000
aalair,"Apple M3",8,"Darwin 27.0.0 arm64","Apple LLVM 21.0.0 (clang-2100.3.34.2)"," -O3 -DNDEBUG",8,100000,flecs,owned_update,,1,500,1,339.842000
aalair,"Apple M3",8,"Darwin 27.0.0 arm64","Apple LLVM 21.0.0 (clang-2100.3.34.2)"," -O3 -DNDEBUG",8,100000,flecs,owned_update,,1,500,2,340.263000
aalair,"Apple M3",8,"Darwin 27.0.0 arm64","Apple LLVM 21.0.0 (clang-2100.3.34.2)"," -O3 -DNDEBUG",8,100000,flecs,owned_update,,1,500,3,340.488000
aalair,"Apple M3",8,"Darwin 27.0.0 arm64","Apple LLVM 21.0.0 (clang-2100.3.34.2)"," -O3 -DNDEBUG",8,100000,flecs,owned_update,,1,500,4,339.610000
aalair,"Apple M3",8,"Darwin 27.0.0 arm64","Apple LLVM 21.0.0 (clang-2100.3.34.2)"," -O3 -DNDEBUG",8,100000,flecs,owned_update,,1,500,5,340.707000
aalair,"Apple M3",8,"Darwin 27.0.0 arm64","Apple LLVM 21.0.0 (clang-2100.3.34.2)"," -O3 -DNDEBUG",8,100000,flecs,owned_update,,1,500,6,340.037000
aalair,"Apple M3",8,"Darwin 27.0.0 arm64","Apple LLVM 21.0.0 (clang-2100.3.34.2)"," -O3 -DNDEBUG",8,100000,flecs,owned_update,,1,500,7,339.570000
aalair,"Apple M3",8,"Darwin 27.0.0 arm64","Apple LLVM 21.0.0 (clang-2100.3.34.2)"," -O3 -DNDEBUG",8,100000,flecs,owned_update,,1,500,8,340.072000
aalair,"Apple M3",8,"Darwin 27.0.0 arm64","Apple LLVM 21.0.0 (clang-2100.3.34.2)"," -O3 -DNDEBUG",8,100000,flecs,owned_update,,1,500,9,339.650000
aalair,"Apple M3",8,"Darwin 27.0.0 arm64","Apple LLVM 21.0.0 (clang-2100.3.34.2)"," -O3 -DNDEBUG",8,100000,flecs,owned_update,,1,500,10,340.682000
aalair,"Apple M3",8,"Darwin 27.0.0 arm64","Apple LLVM 21.0.0 (clang-2100.3.34.2)"," -O3 -DNDEBUG",8,100000,flecs,owned_update,,2,0,1,0.087000
aalair,"Apple M3",8,"Darwin 27.0.0 arm64","Apple LLVM 21.0.0 (clang-2100.3.34.2)"," -O3 -DNDEBUG",8,100000,flecs,owned_update,,2,0,2,0.080000
aalair,"Apple M3",8,"Darwin 27.0.0 arm64","Apple LLVM 21.0.0 (clang-2100.3.34.2)"," -O3 -DNDEBUG",8,100000,flecs,owned_update,,2,0,3,0.068000
aalair,"Apple M3",8,"Darwin 27.0.0 arm64","Apple LLVM 21.0.0 (clang-2100.3.34.2)"," -O3 -DNDEBUG",8,100000,flecs,owned_update,,2,0,4,0.066000
aalair,"Apple M3",8,"Darwin 27.0.0 arm64","Apple LLVM 21.0.0 (clang-2100.3.34.2)"," -O3 -DNDEBUG",8,100000,flecs,owned_update,,2,0,5,0.063000
aalair,"Apple M3",8,"Darwin 27.0.0 arm64","Apple LLVM 21.0.0 (clang-2100.3.34.2)"," -O3 -DNDEBUG",8,100000,flecs,owned_update,,2,0,6,0.063000
aalair,"Apple M3",8,"Darwin 27.0.0 arm64","Apple LLVM 21.0.0 (clang-2100.3.34.2)"," -O3 -DNDEBUG",8,100000,flecs,owned_update,,2,0,7,0.061000
aalair,"Apple M3",8,"Darwin 27.0.0 arm64","Apple LLVM 21.0.0 (clang-2100.3.34.2)"," -O3 -DNDEBUG",8,100000,flecs,owned_update,,2,0,8,0.062000
aalair,"Apple M3",8,"Darwin 27.0.0 arm64","Apple LLVM 21.0.0 (clang-2100.3.34.2)"," -O3 -DNDEBUG",8,100000,flecs,owned_update,,2,0,9,0.061000
aalair,"Apple M3",8,"Darwin 27.0.0 arm64","Apple LLVM 21.0.0 (clang-2100.3.34.2)"," -O3 -DNDEBUG",8,100000,flecs,owned_update,,2,0,10,0.067000
aalair,"Apple M3",8,"Darwin 27.0.0 arm64","Apple LLVM 21.0.0 (clang-2100.3.34.2)"," -O3 -DNDEBUG",8,100000,flecs,owned_update,,2,0,11,0.063000
aalair,"Apple M3",8,"Darwin 27.0.0 arm64","Apple LLVM 21.0.0 (clang-2100.3.34.2)"," -O3 -DNDEBUG",8,100000,flecs,owned_update,,2,0,12,0.061000
aalair,"Apple M3",8,"Darwin 27.0.0 arm64","Apple LLVM 21.0.0 (clang-2100.3.34.2)"," -O3 -DNDEBUG",8,100000,flecs,owned_update,,2,0,13,0.061000
aalair,"Apple M3",8,"Darwin 27.0.0 arm64","Apple LLVM 21.0.0 (clang-2100.3.34.2)"," -O3 -DNDEBUG",8,100000,flecs,owned_update,,2,0,14,0.063000
aalair,"Apple M3",8,"Darwin 27.0.0 arm64","Apple LLVM 21.0.0 (clang-2100.3.34.2)"," -O3 -DNDEBUG",8,100000,flecs,owned_update,,2,0,15,0.060000
aalair,"Apple M3",8,"Darwin 27.0.0 arm64","Apple LLVM 21.0.0 (clang-2100.3.34.2)"," -O3 -DNDEBUG",8,100000,flecs,owned_update,,2,0,16,0.062000
aalair,"Apple M3",8,"Darwin 27.0.0 arm64","Apple LLVM 21.0.0 (clang-2100.3.34.2)"," -O3 -DNDEBUG",8,100000,flecs,owned_update,,2,0,17,0.062000
aalair,"Apple M3",8,"Darwin 27.0.0 arm64","Apple LLVM 21.0.0 (clang-2100.3.34.2)"," -O3 -DNDEBUG",8,100000,flecs,owned_update,,2,0,18,0.063000
aalair,"Apple M3",8,"Darwin 27.0.0 arm64","Apple LLVM 21.0.0 (clang-2100.3.34.2)"," -O3 -DNDEBUG",8,100000,flecs,owned_update,,2,0,19,0.061000
aalair,"Apple M3",8,"Darwin 27.0.0 arm64","Apple LLVM 21.0.0 (clang-2100.3.34.2)"," -O3 -DNDEBUG",8,100000,flecs,owned_update,,2,10,1,1.315000
aalair,"Apple M3",8,"Darwin 27.0.0 arm64","Apple LLVM 21.0.0 (clang-2100.3.34.2)"," -O3 -DNDEBUG",8,100000,flecs,owned_update,,2,10,2,1.316000
aalair,"Apple M3",8,"Darwin 27.0.0 arm64","Apple LLVM 21.0.0 (clang-2100.3.34.2)"," -O3 -DNDEBUG",8,100000,flecs,owned_update,,2,10,3,1.336000
aalair,"Apple M3",8,"Darwin 27.0.0 arm64","Apple LLVM 21.0.0 (clang-2100.3.34.2)"," -O3 -DNDEBUG",8,100000,flecs,owned_update,,2,10,4,1.329000
aalair,"Apple M3",8,"Darwin 27.0.0 arm64","Apple LLVM 21.0.0 (clang-2100.3.34.2)"," -O3 -DNDEBUG",8,100000,flecs,owned_update,,2,10,5,1.318000
aalair,"Apple M3",8,"Darwin 27.0.0 arm64","Apple LLVM 21.0.0 (clang-2100.3.34.2)"," -O3 -DNDEBUG",8,100000,flecs,owned_update,,2,10,6,1.352000
aalair,"Apple M3",8,"Darwin 27.0.0 arm64","Apple LLVM 21.0.0 (clang-2100.3.34.2)"," -O3 -DNDEBUG",8,100000,flecs,owned_update,,2,10,7,1.323000
aalair,"Apple M3",8,"Darwin 27.0.0 arm64","Apple LLVM 21.0.0 (clang-2100.3.34.2)"," -O3 -DNDEBUG",8,100000,flecs,owned_update,,2,10,8,1.326000
aalair,"Apple M3",8,"Darwin 27.0.0 arm64","Apple LLVM 21.0.0 (clang-2100.3.34.2)"," -O3 -DNDEBUG",8,100000,flecs,owned_update,,2,10,9,1.326000
aalair,"Apple M3",8,"Darwin 27.0.0 arm64","Apple LLVM 21.0.0 (clang-2100.3.34.2)"," -O3 -DNDEBUG",8,100000,flecs,owned_update,,2,10,10,1.324000
aalair,"Apple M3",8,"Darwin 27.0.0 arm64","Apple LLVM 21.0.0 (clang-2100.3.34.2)"," -O3 -DNDEBUG",8,100000,flecs,owned_update,,2,500,1,174.092000
aalair,"Apple M3",8,"Darwin 27.0.0 arm64","Apple LLVM 21.0.0 (clang-2100.3.34.2)"," -O3 -DNDEBUG",8,100000,flecs,owned_update,,2,500,2,173.888000
aalair,"Apple M3",8,"Darwin 27.0.0 arm64","Apple LLVM 21.0.0 (clang-2100.3.34.2)"," -O3 -DNDEBUG",8,100000,flecs,owned_update,,2,500,3,173.932000
aalair,"Apple M3",8,"Darwin 27.0.0 arm64","Apple LLVM 21.0.0 (clang-2100.3.34.2)"," -O3 -DNDEBUG",8,100000,flecs,owned_update,,2,500,4,173.836000
aalair,"Apple M3",8,"Darwin 27.0.0 arm64","Apple LLVM 21.0.0 (clang-2100.3.34.2)"," -O3 -DNDEBUG",8,100000,flecs,owned_update,,2,500,5,174.005000
aalair,"Apple M3",8,"Darwin 27.0.0 arm64","Apple LLVM 21.0.0 (clang-2100.3.34.2)"," -O3 -DNDEBUG",8,100000,flecs,owned_update,,2,500,6,174.741000
aalair,"Apple M3",8,"Darwin 27.0.0 arm64","Apple LLVM 21.0.0 (clang-2100.3.34.2)"," -O3 -DNDEBUG",8,100000,flecs,owned_update,,2,500,7,173.962000
aalair,"Apple M3",8,"Darwin 27.0.0 arm64","Apple LLVM 21.0.0 (clang-2100.3.34.2)"," -O3 -DNDEBUG",8,100000,flecs,owned_update,,2,500,8,175.368000
aalair,"Apple M3",8,"Darwin 27.0.0 arm64","Apple LLVM 21.0.0 (clang-2100.3.34.2)"," -O3 -DNDEBUG",8,100000,flecs,owned_update,,2,500,9,174.440000
aalair,"Apple M3",8,"Darwin 27.0.0 arm64","Apple LLVM 21.0.0 (clang-2100.3.34.2)"," -O3 -DNDEBUG",8,100000,flecs,owned_update,,2,500,10,173.895000
aalair,"Apple M3",8,"Darwin 27.0.0 arm64","Apple LLVM 21.0.0 (clang-2100.3.34.2)"," -O3 -DNDEBUG",8,100000,flecs,owned_update,,4,0,1,0.095000
aalair,"Apple M3",8,"Darwin 27.0.0 arm64","Apple LLVM 21.0.0 (clang-2100.3.34.2)"," -O3 -DNDEBUG",8,100000,flecs,owned_update,,4,0,2,0.053000
aalair,"Apple M3",8,"Darwin 27.0.0 arm64","Apple LLVM 21.0.0 (clang-2100.3.34.2)"," -O3 -DNDEBUG",8,100000,flecs,owned_update,,4,0,3,0.050000
aalair,"Apple M3",8,"Darwin 27.0.0 arm64","Apple LLVM 21.0.0 (clang-2100.3.34.2)"," -O3 -DNDEBUG",8,100000,flecs,owned_update,,4,0,4,0.048000
aalair,"Apple M3",8,"Darwin 27.0.0 arm64","Apple LLVM 21.0.0 (clang-2100.3.34.2)"," -O3 -DNDEBUG",8,100000,flecs,owned_update,,4,0,5,0.052000
aalair,"Apple M3",8,"Darwin 27.0.0 arm64","Apple LLVM 21.0.0 (clang-2100.3.34.2)"," -O3 -DNDEBUG",8,100000,flecs,owned_update,,4,0,6,0.047000
aalair,"Apple M3",8,"Darwin 27.0.0 arm64","Apple LLVM 21.0.0 (clang-2100.3.34.2)"," -O3 -DNDEBUG",8,100000,flecs,owned_update,,4,0,7,0.046000
aalair,"Apple M3",8,"Darwin 27.0.0 arm64","Apple LLVM 21.0.0 (clang-2100.3.34.2)"," -O3 -DNDEBUG",8,100000,flecs,owned_update,,4,0,8,0.045000
aalair,"Apple M3",8,"Darwin 27.0.0 arm64","Apple LLVM 21.0.0 (clang-2100.3.34.2)"," -O3 -DNDEBUG",8,100000,flecs,owned_update,,4,0,9,0.044000
aalair,"Apple M3",8,"Darwin 27.0.0 arm64","Apple LLVM 21.0.0 (clang-2100.3.34.2)"," -O3 -DNDEBUG",8,100000,flecs,owned_update,,4,0,10,0.045000
aalair,"Apple M3",8,"Darwin 27.0.0 arm64","Apple LLVM 21.0.0 (clang-2100.3.34.2)"," -O3 -DNDEBUG",8,100000,flecs,owned_update,,4,0,11,0.045000
aalair,"Apple M3",8,"Darwin 27.0.0 arm64","Apple LLVM 21.0.0 (clang-2100.3.34.2)"," -O3 -DNDEBUG",8,100000,flecs,owned_update,,4,0,12,0.044000
aalair,"Apple M3",8,"Darwin 27.0.0 arm64","Apple LLVM 21.0.0 (clang-2100.3.34.2)"," -O3 -DNDEBUG",8,100000,flecs,owned_update,,4,0,13,0.045000
aalair,"Apple M3",8,"Darwin 27.0.0 arm64","Apple LLVM 21.0.0 (clang-2100.3.34.2)"," -O3 -DNDEBUG",8,100000,flecs,owned_update,,4,0,14,0.045000
aalair,"Apple M3",8,"Darwin 27.0.0 arm64","Apple LLVM 21.0.0 (clang-2100.3.34.2)"," -O3 -DNDEBUG",8,100000,flecs,owned_update,,4,0,15,0.045000
aalair,"Apple M3",8,"Darwin 27.0.0 arm64","Apple LLVM 21.0.0 (clang-2100.3.34.2)"," -O3 -DNDEBUG",8,100000,flecs,owned_update,,4,0,16,0.046000
aalair,"Apple M3",8,"Darwin 27.0.0 arm64","Apple LLVM 21.0.0 (clang-2100.3.34.2)"," -O3 -DNDEBUG",8,100000,flecs,owned_update,,4,0,17,0.045000
aalair,"Apple M3",8,"Darwin 27.0.0 arm64","Apple LLVM 21.0.0 (clang-2100.3.34.2)"," -O3 -DNDEBUG",8,100000,flecs,owned_update,,4,0,18,0.046000
aalair,"Apple M3",8,"Darwin 27.0.0 arm64","Apple LLVM 21.0.0 (clang-2100.3.34.2)"," -O3 -DNDEBUG",8,100000,flecs,owned_update,,4,0,19,0.045000
aalair,"Apple M3",8,"Darwin 27.0.0 arm64","Apple LLVM 21.0.0 (clang-2100.3.34.2)"," -O3 -DNDEBUG",8,100000,flecs,owned_update,,4,0,20,0.045000
aalair,"Apple M3",8,"Darwin 27.0.0 arm64","Apple LLVM 21.0.0 (clang-2100.3.34.2)"," -O3 -DNDEBUG",8,100000,flecs,owned_update,,4,0,21,0.043000
aalair,"Apple M3",8,"Darwin 27.0.0 arm64","Apple LLVM 21.0.0 (clang-2100.3.34.2)"," -O3 -DNDEBUG",8,100000,flecs,owned_update,,4,10,1,0.730000
aalair,"Apple M3",8,"Darwin 27.0.0 arm64","Apple LLVM 21.0.0 (clang-2100.3.34.2)"," -O3 -DNDEBUG",8,100000,flecs,owned_update,,4,10,2,0.722000
aalair,"Apple M3",8,"Darwin 27.0.0 arm64","Apple LLVM 21.0.0 (clang-2100.3.34.2)"," -O3 -DNDEBUG",8,100000,flecs,owned_update,,4,10,3,0.732000
aalair,"Apple M3",8,"Darwin 27.0.0 arm64","Apple LLVM 21.0.0 (clang-2100.3.34.2)"," -O3 -DNDEBUG",8,100000,flecs,owned_update,,4,10,4,0.732000
aalair,"Apple M3",8,"Darwin 27.0.0 arm64","Apple LLVM 21.0.0 (clang-2100.3.34.2)"," -O3 -DNDEBUG",8,100000,flecs,owned_update,,4,10,5,0.731000
aalair,"Apple M3",8,"Darwin 27.0.0 arm64","Apple LLVM 21.0.0 (clang-2100.3.34.2)"," -O3 -DNDEBUG",8,100000,flecs,owned_update,,4,10,6,0.733000
aalair,"Apple M3",8,"Darwin 27.0.0 arm64","Apple LLVM 21.0.0 (clang-2100.3.34.2)"," -O3 -DNDEBUG",8,100000,flecs,owned_update,,4,10,7,0.723000
aalair,"Apple M3",8,"Darwin 27.0.0 arm64","Apple LLVM 21.0.0 (clang-2100.3.34.2)"," -O3 -DNDEBUG",8,100000,flecs,owned_update,,4,10,8,0.729000
aalair,"Apple M3",8,"Darwin 27.0.0 arm64","Apple LLVM 21.0.0 (clang-2100.3.34.2)"," -O3 -DNDEBUG",8,100000,flecs,owned_update,,4,10,9,0.731000
aalair,"Apple M3",8,"Darwin 27.0.0 arm64","Apple LLVM 21.0.0 (clang-2100.3.34.2)"," -O3 -DNDEBUG",8,100000,flecs,owned_update,,4,10,10,0.733000
aalair,"Apple M3",8,"Darwin 27.0.0 arm64","Apple LLVM 21.0.0 (clang-2100.3.34.2)"," -O3 -DNDEBUG",8,100000,flecs,owned_update,,4,500,1,94.900000
aalair,"Apple M3",8,"Darwin 27.0.0 arm64","Apple LLVM 21.0.0 (clang-2100.3.34.2)"," -O3 -DNDEBUG",8,100000,flecs,owned_update,,4,500,2,94.675000
aalair,"Apple M3",8,"Darwin 27.0.0 arm64","Apple LLVM 21.0.0 (clang-2100.3.34.2)"," -O3 -DNDEBUG",8,100000,flecs,owned_update,,4,500,3,94.926000
aalair,"Apple M3",8,"Darwin 27.0.0 arm64","Apple LLVM 21.0.0 (clang-2100.3.34.2)"," -O3 -DNDEBUG",8,100000,flecs,owned_update,,4,500,4,94.773000
aalair,"Apple M3",8,"Darwin 27.0.0 arm64","Apple LLVM 21.0.0 (clang-2100.3.34.2)"," -O3 -DNDEBUG",8,100000,flecs,owned_update,,4,500,5,94.637000
aalair,"Apple M3",8,"Darwin 27.0.0 arm64","Apple LLVM 21.0.0 (clang-2100.3.34.2)"," -O3 -DNDEBUG",8,100000,flecs,owned_update,,4,500,6,94.677000
aalair,"Apple M3",8,"Darwin 27.0.0 arm64","Apple LLVM 21.0.0 (clang-2100.3.34.2)"," -O3 -DNDEBUG",8,100000,flecs,owned_update,,4,500,7,94.930000
aalair,"Apple M3",8,"Darwin 27.0.0 arm64","Apple LLVM 21.0.0 (clang-2100.3.34.2)"," -O3 -DNDEBUG",8,100000,flecs,owned_update,,4,500,8,94.680000
aalair,"Apple M3",8,"Darwin 27.0.0 arm64","Apple LLVM 21.0.0 (clang-2100.3.34.2)"," -O3 -DNDEBUG",8,100000,flecs,owned_update,,4,500,9,94.652000
aalair,"Apple M3",8,"Darwin 27.0.0 arm64","Apple LLVM 21.0.0 (clang-2100.3.34.2)"," -O3 -DNDEBUG",8,100000,flecs,owned_update,,4,500,10,97.053000
aalair,"Apple M3",8,"Darwin 27.0.0 arm64","Apple LLVM 21.0.0 (clang-2100.3.34.2)"," -O3 -DNDEBUG",8,100000,flecs,owned_update,,8,0,1,0.102000
aalair,"Apple M3",8,"Darwin 27.0.0 arm64","Apple LLVM 21.0.0 (clang-2100.3.34.2)"," -O3 -DNDEBUG",8,100000,flecs,owned_update,,8,0,2,0.095000
aalair,"Apple M3",8,"Darwin 27.0.0 arm64","Apple LLVM 21.0.0 (clang-2100.3.34.2)"," -O3 -DNDEBUG",8,100000,flecs,owned_update,,8,0,3,0.075000
aalair,"Apple M3",8,"Darwin 27.0.0 arm64","Apple LLVM 21.0.0 (clang-2100.3.34.2)"," -O3 -DNDEBUG",8,100000,flecs,owned_update,,8,0,4,0.076000
aalair,"Apple M3",8,"Darwin 27.0.0 arm64","Apple LLVM 21.0.0 (clang-2100.3.34.2)"," -O3 -DNDEBUG",8,100000,flecs,owned_update,,8,0,5,0.074000
aalair,"Apple M3",8,"Darwin 27.0.0 arm64","Apple LLVM 21.0.0 (clang-2100.3.34.2)"," -O3 -DNDEBUG",8,100000,flecs,owned_update,,8,0,6,0.064000
aalair,"Apple M3",8,"Darwin 27.0.0 arm64","Apple LLVM 21.0.0 (clang-2100.3.34.2)"," -O3 -DNDEBUG",8,100000,flecs,owned_update,,8,0,7,0.062000
aalair,"Apple M3",8,"Darwin 27.0.0 arm64","Apple LLVM 21.0.0 (clang-2100.3.34.2)"," -O3 -DNDEBUG",8,100000,flecs,owned_update,,8,0,8,0.066000
aalair,"Apple M3",8,"Darwin 27.0.0 arm64","Apple LLVM 21.0.0 (clang-2100.3.34.2)"," -O3 -DNDEBUG",8,100000,flecs,owned_update,,8,0,9,0.057000
aalair,"Apple M3",8,"Darwin 27.0.0 arm64","Apple LLVM 21.0.0 (clang-2100.3.34.2)"," -O3 -DNDEBUG",8,100000,flecs,owned_update,,8,0,10,0.064000
aalair,"Apple M3",8,"Darwin 27.0.0 arm64","Apple LLVM 21.0.0 (clang-2100.3.34.2)"," -O3 -DNDEBUG",8,100000,flecs,owned_update,,8,0,11,0.062000
aalair,"Apple M3",8,"Darwin 27.0.0 arm64","Apple LLVM 21.0.0 (clang-2100.3.34.2)"," -O3 -DNDEBUG",8,100000,flecs,owned_update,,8,0,12,0.053000
aalair,"Apple M3",8,"Darwin 27.0.0 arm64","Apple LLVM 21.0.0 (clang-2100.3.34.2)"," -O3 -DNDEBUG",8,100000,flecs,owned_update,,8,0,13,0.057000
aalair,"Apple M3",8,"Darwin 27.0.0 arm64","Apple LLVM 21.0.0 (clang-2100.3.34.2)"," -O3 -DNDEBUG",8,100000,flecs,owned_update,,8,0,14,0.054000
aalair,"Apple M3",8,"Darwin 27.0.0 arm64","Apple LLVM 21.0.0 (clang-2100.3.34.2)"," -O3 -DNDEBUG",8,100000,flecs,owned_update,,8,0,15,0.053000
aalair,"Apple M3",8,"Darwin 27.0.0 arm64","Apple LLVM 21.0.0 (clang-2100.3.34.2)"," -O3 -DNDEBUG",8,100000,flecs,owned_update,,8,0,16,0.056000
aalair,"Apple M3",8,"Darwin 27.0.0 arm64","Apple LLVM 21.0.0 (clang-2100.3.34.2)"," -O3 -DNDEBUG",8,100000,flecs,owned_update,,8,0,17,0.061000
aalair,"Apple M3",8,"Darwin 27.0.0 arm64","Apple LLVM 21.0.0 (clang-2100.3.34.2)"," -O3 -DNDEBUG",8,100000,flecs,owned_update,,8,0,18,0.054000
aalair,"Apple M3",8,"Darwin 27.0.0 arm64","Apple LLVM 21.0.0 (clang-2100.3.34.2)"," -O3 -DNDEBUG",8,100000,flecs,owned_update,,8,0,19,0.055000
aalair,"Apple M3",8,"Darwin 27.0.0 arm64","Apple LLVM 21.0.0 (clang-2100.3.34.2)"," -O3 -DNDEBUG",8,100000,flecs,owned_update,,8,0,20,0.060000
aalair,"Apple M3",8,"Darwin 27.0.0 arm64","Apple LLVM 21.0.0 (clang-2100.3.34.2)"," -O3 -DNDEBUG",8,100000,flecs,owned_update,,8,0,21,0.056000
aalair,"Apple M3",8,"Darwin 27.0.0 arm64","Apple LLVM 21.0.0 (clang-2100.3.34.2)"," -O3 -DNDEBUG",8,100000,flecs,owned_update,,8,0,22,0.055000
aalair,"Apple M3",8,"Darwin 27.0.0 arm64","Apple LLVM 21.0.0 (clang-2100.3.34.2)"," -O3 -DNDEBUG",8,100000,flecs,owned_update,,8,0,23,0.062000
aalair,"Apple M3",8,"Darwin 27.0.0 arm64","Apple LLVM 21.0.0 (clang-2100.3.34.2)"," -O3 -DNDEBUG",8,100000,flecs,owned_update,,8,0,24,0.053000
aalair,"Apple M3",8,"Darwin 27.0.0 arm64","Apple LLVM 21.0.0 (clang-2100.3.34.2)"," -O3 -DNDEBUG",8,100000,flecs,owned_update,,8,0,25,0.059000
aalair,"Apple M3",8,"Darwin 27.0.0 arm64","Apple LLVM 21.0.0 (clang-2100.3.34.2)"," -O3 -DNDEBUG",8,100000,flecs,owned_update,,8,0,26,0.053000
aalair,"Apple M3",8,"Darwin 27.0.0 arm64","Apple LLVM 21.0.0 (clang-2100.3.34.2)"," -O3 -DNDEBUG",8,100000,flecs,owned_update,,8,0,27,0.054000
aalair,"Apple M3",8,"Darwin 27.0.0 arm64","Apple LLVM 21.0.0 (clang-2100.3.34.2)"," -O3 -DNDEBUG",8,100000,flecs,owned_update,,8,0,28,0.060000
aalair,"Apple M3",8,"Darwin 27.0.0 arm64","Apple LLVM 21.0.0 (clang-2100.3.34.2)"," -O3 -DNDEBUG",8,100000,flecs,owned_update,,8,0,29,0.054000
aalair,"Apple M3",8,"Darwin 27.0.0 arm64","Apple LLVM 21.0.0 (clang-2100.3.34.2)"," -O3 -DNDEBUG",8,100000,flecs,owned_update,,8,0,30,0.062000
aalair,"Apple M3",8,"Darwin 27.0.0 arm64","Apple LLVM 21.0.0 (clang-2100.3.34.2)"," -O3 -DNDEBUG",8,100000,flecs,owned_update,,8,0,31,0.066000
aalair,"Apple M3",8,"Darwin 27.0.0 arm64","Apple LLVM 21.0.0 (clang-2100.3.34.2)"," -O3 -DNDEBUG",8,100000,flecs,owned_update,,8,0,32,0.056000
aalair,"Apple M3",8,"Darwin 27.0.0 arm64","Apple LLVM 21.0.0 (clang-2100.3.34.2)"," -O3 -DNDEBUG",8,100000,flecs,owned_update,,8,0,33,0.067000
aalair,"Apple M3",8,"Darwin 27.0.0 arm64","Apple LLVM 21.0.0 (clang-2100.3.34.2)"," -O3 -DNDEBUG",8,100000,flecs,owned_update,,8,0,34,0.057000
aalair,"Apple M3",8,"Darwin 27.0.0 arm64","Apple LLVM 21.0.0 (clang-2100.3.34.2)"," -O3 -DNDEBUG",8,100000,flecs,owned_update,,8,0,35,0.053000
aalair,"Apple M3",8,"Darwin 27.0.0 arm64","Apple LLVM 21.0.0 (clang-2100.3.34.2)"," -O3 -DNDEBUG",8,100000,flecs,owned_update,,8,0,36,0.053000
aalair,"Apple M3",8,"Darwin 27.0.0 arm64","Apple LLVM 21.0.0 (clang-2100.3.34.2)"," -O3 -DNDEBUG",8,100000,flecs,owned_update,,8,0,37,0.054000
aalair,"Apple M3",8,"Darwin 27.0.0 arm64","Apple LLVM 21.0.0 (clang-2100.3.34.2)"," -O3 -DNDEBUG",8,100000,flecs,owned_update,,8,0,38,0.051000
aalair,"Apple M3",8,"Darwin 27.0.0 arm64","Apple LLVM 21.0.0 (clang-2100.3.34.2)"," -O3 -DNDEBUG",8,100000,flecs,owned_update,,8,0,39,0.053000
aalair,"Apple M3",8,"Darwin 27.0.0 arm64","Apple LLVM 21.0.0 (clang-2100.3.34.2)"," -O3 -DNDEBUG",8,100000,flecs,owned_update,,8,0,40,0.053000
aalair,"Apple M3",8,"Darwin 27.0.0 arm64","Apple LLVM 21.0.0 (clang-2100.3.34.2)"," -O3 -DNDEBUG",8,100000,flecs,owned_update,,8,0,41,0.055000
aalair,"Apple M3",8,"Darwin 27.0.0 arm64","Apple LLVM 21.0.0 (clang-2100.3.34.2)"," -O3 -DNDEBUG",8,100000,flecs,owned_update,,8,0,42,0.059000
aalair,"Apple M3",8,"Darwin 27.0.0 arm64","Apple LLVM 21.0.0 (clang-2100.3.34.2)"," -O3 -DNDEBUG",8,100000,flecs,owned_update,,8,0,43,0.057000
aalair,"Apple M3",8,"Darwin 27.0.0 arm64","Apple LLVM 21.0.0 (clang-2100.3.34.2)"," -O3 -DNDEBUG",8,100000,flecs,owned_update,,8,0,44,0.053000
aalair,"Apple M3",8,"Darwin 27.0.0 arm64","Apple LLVM 21.0.0 (clang-2100.3.34.2)"," -O3 -DNDEBUG",8,100000,flecs,owned_update,,8,0,45,0.054000
aalair,"Apple M3",8,"Darwin 27.0.0 arm64","Apple LLVM 21.0.0 (clang-2100.3.34.2)"," -O3 -DNDEBUG",8,100000,flecs,owned_update,,8,0,46,0.058000
aalair,"Apple M3",8,"Darwin 27.0.0 arm64","Apple LLVM 21.0.0 (clang-2100.3.34.2)"," -O3 -DNDEBUG",8,100000,flecs,owned_update,,8,0,47,0.057000
aalair,"Apple M3",8,"Darwin 27.0.0 arm64","Apple LLVM 21.0.0 (clang-2100.3.34.2)"," -O3 -DNDEBUG",8,100000,flecs,owned_update,,8,0,48,0.054000
aalair,"Apple M3",8,"Darwin 27.0.0 arm64","Apple LLVM 21.0.0 (clang-2100.3.34.2)"," -O3 -DNDEBUG",8,100000,flecs,owned_update,,8,0,49,0.059000
aalair,"Apple M3",8,"Darwin 27.0.0 arm64","Apple LLVM 21.0.0 (clang-2100.3.34.2)"," -O3 -DNDEBUG",8,100000,flecs,owned_update,,8,0,50,0.053000
aalair,"Apple M3",8,"Darwin 27.0.0 arm64","Apple LLVM 21.0.0 (clang-2100.3.34.2)"," -O3 -DNDEBUG",8,100000,flecs,owned_update,,8,0,51,0.056000
aalair,"Apple M3",8,"Darwin 27.0.0 arm64","Apple LLVM 21.0.0 (clang-2100.3.34.2)"," -O3 -DNDEBUG",8,100000,flecs,owned_update,,8,0,52,0.054000
aalair,"Apple M3",8,"Darwin 27.0.0 arm64","Apple LLVM 21.0.0 (clang-2100.3.34.2)"," -O3 -DNDEBUG",8,100000,flecs,owned_update,,8,10,1,0.505000
aalair,"Apple M3",8,"Darwin 27.0.0 arm64","Apple LLVM 21.0.0 (clang-2100.3.34.2)"," -O3 -DNDEBUG",8,100000,flecs,owned_update,,8,10,2,0.474000
aalair,"Apple M3",8,"Darwin 27.0.0 arm64","Apple LLVM 21.0.0 (clang-2100.3.34.2)"," -O3 -DNDEBUG",8,100000,flecs,owned_update,,8,10,3,0.482000
aalair,"Apple M3",8,"Darwin 27.0.0 arm64","Apple LLVM 21.0.0 (clang-2100.3.34.2)"," -O3 -DNDEBUG",8,100000,flecs,owned_update,,8,10,4,0.600000
aalair,"Apple M3",8,"Darwin 27.0.0 arm64","Apple LLVM 21.0.0 (clang-2100.3.34.2)"," -O3 -DNDEBUG",8,100000,flecs,owned_update,,8,10,5,0.483000
aalair,"Apple M3",8,"Darwin 27.0.0 arm64","Apple LLVM 21.0.0 (clang-2100.3.34.2)"," -O3 -DNDEBUG",8,100000,flecs,owned_update,,8,10,6,0.471000
aalair,"Apple M3",8,"Darwin 27.0.0 arm64","Apple LLVM 21.0.0 (clang-2100.3.34.2)"," -O3 -DNDEBUG",8,100000,flecs,owned_update,,8,10,7,0.510000
aalair,"Apple M3",8,"Darwin 27.0.0 arm64","Apple LLVM 21.0.0 (clang-2100.3.34.2)"," -O3 -DNDEBUG",8,100000,flecs,owned_update,,8,10,8,0.481000
aalair,"Apple M3",8,"Darwin 27.0.0 arm64","Apple LLVM 21.0.0 (clang-2100.3.34.2)"," -O3 -DNDEBUG",8,100000,flecs,owned_update,,8,10,9,0.472000
aalair,"Apple M3",8,"Darwin 27.0.0 arm64","Apple LLVM 21.0.0 (clang-2100.3.34.2)"," -O3 -DNDEBUG",8,100000,flecs,owned_update,,8,10,10,0.548000
aalair,"Apple M3",8,"Darwin 27.0.0 arm64","Apple LLVM 21.0.0 (clang-2100.3.34.2)"," -O3 -DNDEBUG",8,100000,flecs,owned_update,,8,10,11,0.514000
aalair,"Apple M3",8,"Darwin 27.0.0 arm64","Apple LLVM 21.0.0 (clang-2100.3.34.2)"," -O3 -DNDEBUG",8,100000,flecs,owned_update,,8,10,12,0.478000
aalair,"Apple M3",8,"Darwin 27.0.0 arm64","Apple LLVM 21.0.0 (clang-2100.3.34.2)"," -O3 -DNDEBUG",8,100000,flecs,owned_update,,8,10,13,0.474000
aalair,"Apple M3",8,"Darwin 27.0.0 arm64","Apple LLVM 21.0.0 (clang-2100.3.34.2)"," -O3 -DNDEBUG",8,100000,flecs,owned_update,,8,10,14,0.479000
aalair,"Apple M3",8,"Darwin 27.0.0 arm64","Apple LLVM 21.0.0 (clang-2100.3.34.2)"," -O3 -DNDEBUG",8,100000,flecs,owned_update,,8,10,15,0.479000
aalair,"Apple M3",8,"Darwin 27.0.0 arm64","Apple LLVM 21.0.0 (clang-2100.3.34.2)"," -O3 -DNDEBUG",8,100000,flecs,owned_update,,8,10,16,0.527000
aalair,"Apple M3",8,"Darwin 27.0.0 arm64","Apple LLVM 21.0.0 (clang-2100.3.34.2)"," -O3 -DNDEBUG",8,100000,flecs,owned_update,,8,10,17,0.480000
aalair,"Apple M3",8,"Darwin 27.0.0 arm64","Apple LLVM 21.0.0 (clang-2100.3.34.2)"," -O3 -DNDEBUG",8,100000,flecs,owned_update,,8,10,18,0.478000
aalair,"Apple M3",8,"Darwin 27.0.0 arm64","Apple LLVM 21.0.0 (clang-2100.3.34.2)"," -O3 -DNDEBUG",8,100000,flecs,owned_update,,8,10,19,0.474000
aalair,"Apple M3",8,"Darwin 27.0.0 arm64","Apple LLVM 21.0.0 (clang-2100.3.34.2)"," -O3 -DNDEBUG",8,100000,flecs,owned_update,,8,10,20,0.479000
aalair,"Apple M3",8,"Darwin 27.0.0 arm64","Apple LLVM 21.0.0 (clang-2100.3.34.2)"," -O3 -DNDEBUG",8,100000,flecs,owned_update,,8,10,21,0.482000
aalair,"Apple M3",8,"Darwin 27.0.0 arm64","Apple LLVM 21.0.0 (clang-2100.3.34.2)"," -O3 -DNDEBUG",8,100000,flecs,owned_update,,8,10,22,0.489000
aalair,"Apple M3",8,"Darwin 27.0.0 arm64","Apple LLVM 21.0.0 (clang-2100.3.34.2)"," -O3 -DNDEBUG",8,100000,flecs,owned_update,,8,10,23,0.478000
aalair,"Apple M3",8,"Darwin 27.0.0 arm64","Apple LLVM 21.0.0 (clang-2100.3.34.2)"," -O3 -DNDEBUG",8,100000,flecs,owned_update,,8,10,24,0.482000
aalair,"Apple M3",8,"Darwin 27.0.0 arm64","Apple LLVM 21.0.0 (clang-2100.3.34.2)"," -O3 -DNDEBUG",8,100000,flecs,owned_update,,8,500,1,60.356000
aalair,"Apple M3",8,"Darwin 27.0.0 arm64","Apple LLVM 21.0.0 (clang-2100.3.34.2)"," -O3 -DNDEBUG",8,100000,flecs,owned_update,,8,500,2,61.366000
aalair,"Apple M3",8,"Darwin 27.0.0 arm64","Apple LLVM 21.0.0 (clang-2100.3.34.2)"," -O3 -DNDEBUG",8,100000,flecs,owned_update,,8,500,3,60.930000
aalair,"Apple M3",8,"Darwin 27.0.0 arm64","Apple LLVM 21.0.0 (clang-2100.3.34.2)"," -O3 -DNDEBUG",8,100000,flecs,owned_update,,8,500,4,64.805000
aalair,"Apple M3",8,"Darwin 27.0.0 arm64","Apple LLVM 21.0.0 (clang-2100.3.34.2)"," -O3 -DNDEBUG",8,100000,flecs,owned_update,,8,500,5,65.733000
aalair,"Apple M3",8,"Darwin 27.0.0 arm64","Apple LLVM 21.0.0 (clang-2100.3.34.2)"," -O3 -DNDEBUG",8,100000,flecs,owned_update,,8,500,6,65.511000
aalair,"Apple M3",8,"Darwin 27.0.0 arm64","Apple LLVM 21.0.0 (clang-2100.3.34.2)"," -O3 -DNDEBUG",8,100000,flecs,owned_update,,8,500,7,59.053000
aalair,"Apple M3",8,"Darwin 27.0.0 arm64","Apple LLVM 21.0.0 (clang-2100.3.34.2)"," -O3 -DNDEBUG",8,100000,flecs,owned_update,,8,500,8,58.403000
aalair,"Apple M3",8,"Darwin 27.0.0 arm64","Apple LLVM 21.0.0 (clang-2100.3.34.2)"," -O3 -DNDEBUG",8,100000,flecs,owned_update,,8,500,9,59.469000
aalair,"Apple M3",8,"Darwin 27.0.0 arm64","Apple LLVM 21.0.0 (clang-2100.3.34.2)"," -O3 -DNDEBUG",8,100000,flecs,owned_update,,8,500,10,85.804000
aalair,"Apple M3",8,"Darwin 27.0.0 arm64","Apple LLVM 21.0.0 (clang-2100.3.34.2)"," -O3 -DNDEBUG",8,100000,flecs,owned_update,,8,500,11,189.339000
aalair,"Apple M3",8,"Darwin 27.0.0 arm64","Apple LLVM 21.0.0 (clang-2100.3.34.2)"," -O3 -DNDEBUG",8,100000,flecs,owned_update,,8,500,12,119.451000
aalair,"Apple M3",8,"Darwin 27.0.0 arm64","Apple LLVM 21.0.0 (clang-2100.3.34.2)"," -O3 -DNDEBUG",8,100000,flecs,owned_update,,8,500,13,89.395000
aalair,"Apple M3",8,"Darwin 27.0.0 arm64","Apple LLVM 21.0.0 (clang-2100.3.34.2)"," -O3 -DNDEBUG",8,100000,flecs,owned_update,,8,500,14,70.916000
aalair,"Apple M3",8,"Darwin 27.0.0 arm64","Apple LLVM 21.0.0 (clang-2100.3.34.2)"," -O3 -DNDEBUG",8,100000,flecs,owned_update,,8,500,15,64.371000
aalair,"Apple M3",8,"Darwin 27.0.0 arm64","Apple LLVM 21.0.0 (clang-2100.3.34.2)"," -O3 -DNDEBUG",8,100000,flecs,owned_update,,8,500,16,75.246000
aalair,"Apple M3",8,"Darwin 27.0.0 arm64","Apple LLVM 21.0.0 (clang-2100.3.34.2)"," -O3 -DNDEBUG",8,100000,flecs,owned_update,,8,500,17,73.405000
aalair,"Apple M3",8,"Darwin 27.0.0 arm64","Apple LLVM 21.0.0 (clang-2100.3.34.2)"," -O3 -DNDEBUG",8,100000,flecs,owned_update,,8,500,18,63.530000
aalair,"Apple M3",8,"Darwin 27.0.0 arm64","Apple LLVM 21.0.0 (clang-2100.3.34.2)"," -O3 -DNDEBUG",8,100000,flecs,owned_update,,8,500,19,67.990000
aalair,"Apple M3",8,"Darwin 27.0.0 arm64","Apple LLVM 21.0.0 (clang-2100.3.34.2)"," -O3 -DNDEBUG",8,100000,flecs,owned_update,,8,500,20,75.533000
aalair,"Apple M3",8,"Darwin 27.0.0 arm64","Apple LLVM 21.0.0 (clang-2100.3.34.2)"," -O3 -DNDEBUG",8,100000,flecs,owned_update,,8,500,21,78.380000
aalair,"Apple M3",8,"Darwin 27.0.0 arm64","Apple LLVM 21.0.0 (clang-2100.3.34.2)"," -O3 -DNDEBUG",8,100000,flecs,owned_update,,8,500,22,78.972000
aalair,"Apple M3",8,"Darwin 27.0.0 arm64","Apple LLVM 21.0.0 (clang-2100.3.34.2)"," -O3 -DNDEBUG",8,100000,flecs,owned_update,,8,500,23,73.318000
aalair,"Apple M3",8,"Darwin 27.0.0 arm64","Apple LLVM 21.0.0 (clang-2100.3.34.2)"," -O3 -DNDEBUG",8,100000,flecs,owned_update,,8,500,24,77.292000
aalair,"Apple M3",8,"Darwin 27.0.0 arm64","Apple LLVM 21.0.0 (clang-2100.3.34.2)"," -O3 -DNDEBUG",8,100000,flecs,owned_update,,8,500,25,66.831000
aalair,"Apple M3",8,"Darwin 27.0.0 arm64","Apple LLVM 21.0.0 (clang-2100.3.34.2)"," -O3 -DNDEBUG",8,100000,flecs,owned_update,,8,500,26,67.047000
aalair,"Apple M3",8,"Darwin 27.0.0 arm64","Apple LLVM 21.0.0 (clang-2100.3.34.2)"," -O3 -DNDEBUG",8,100000,flecs,owned_update,,8,500,27,70.545000
aalair,"Apple M3",8,"Darwin 27.0.0 arm64","Apple LLVM 21.0.0 (clang-2100.3.34.2)"," -O3 -DNDEBUG",8,100000,flecs,owned_update,,8,500,28,70.388000
aalair,"Apple M3",8,"Darwin 27.0.0 arm64","Apple LLVM 21.0.0 (clang-2100.3.34.2)"," -O3 -DNDEBUG",8,100000,flecs,owned_update,,8,500,29,66.415000
aalair,"Apple M3",8,"Darwin 27.0.0 arm64","Apple LLVM 21.0.0 (clang-2100.3.34.2)"," -O3 -DNDEBUG",8,100000,flecs,owned_update,,8,500,30,80.156000
aalair,"Apple M3",8,"Darwin 27.0.0 arm64","Apple LLVM 21.0.0 (clang-2100.3.34.2)"," -O3 -DNDEBUG",8,100000,flecs,owned_update,,8,500,31,84.988000
aalair,"Apple M3",8,"Darwin 27.0.0 arm64","Apple LLVM 21.0.0 (clang-2100.3.34.2)"," -O3 -DNDEBUG",8,100000,flecs,owned_update,,8,500,32,69.333000
aalair,"Apple M3",8,"Darwin 27.0.0 arm64","Apple LLVM 21.0.0 (clang-2100.3.34.2)"," -O3 -DNDEBUG",8,100000,flecs,owned_update,,8,500,33,77.403000
aalair,"Apple M3",8,"Darwin 27.0.0 arm64","Apple LLVM 21.0.0 (clang-2100.3.34.2)"," -O3 -DNDEBUG",8,100000,flecs,owned_update,,8,500,34,66.445000
aalair,"Apple M3",8,"Darwin 27.0.0 arm64","Apple LLVM 21.0.0 (clang-2100.3.34.2)"," -O3 -DNDEBUG",8,100000,flecs,owned_update,,8,500,35,75.522000
aalair,"Apple M3",8,"Darwin 27.0.0 arm64","Apple LLVM 21.0.0 (clang-2100.3.34.2)"," -O3 -DNDEBUG",8,100000,flecs,owned_update,,8,500,36,65.648000
aalair,"Apple M3",8,"Darwin 27.0.0 arm64","Apple LLVM 21.0.0 (clang-2100.3.34.2)"," -O3 -DNDEBUG",8,100000,flecs,owned_update,,8,500,37,85.345000
aalair,"Apple M3",8,"Darwin 27.0.0 arm64","Apple LLVM 21.0.0 (clang-2100.3.34.2)"," -O3 -DNDEBUG",8,100000,flecs,owned_update,,8,500,38,70.920000
aalair,"Apple M3",8,"Darwin 27.0.0 arm64","Apple LLVM 21.0.0 (clang-2100.3.34.2)"," -O3 -DNDEBUG",8,100000,flecs,owned_update,,8,500,39,60.000000
aalair,"Apple M3",8,"Darwin 27.0.0 arm64","Apple LLVM 21.0.0 (clang-2100.3.34.2)"," -O3 -DNDEBUG",8,100000,flecs,owned_update,,8,500,40,58.439000
aalair,"Apple M3",8,"Darwin 27.0.0 arm64","Apple LLVM 21.0.0 (clang-2100.3.34.2)"," -O3 -DNDEBUG",8,100000,flecs,owned_update,,8,500,41,61.230000
aalair,"Apple M3",8,"Darwin 27.0.0 arm64","Apple LLVM 21.0.0 (clang-2100.3.34.2)"," -O3 -DNDEBUG",8,100000,flecs,owned_update,,8,500,42,66.095000
aalair,"Apple M3",8,"Darwin 27.0.0 arm64","Apple LLVM 21.0.0 (clang-2100.3.34.2)"," -O3 -DNDEBUG",8,100000,flecs,owned_update,,8,500,43,63.215000
aalair,"Apple M3",8,"Darwin 27.0.0 arm64","Apple LLVM 21.0.0 (clang-2100.3.34.2)"," -O3 -DNDEBUG",8,100000,flecs,owned_update,,8,500,44,66.981000
aalair,"Apple M3",8,"Darwin 27.0.0 arm64","Apple LLVM 21.0.0 (clang-2100.3.34.2)"," -O3 -DNDEBUG",8,100000,flecs,owned_update,,8,500,45,60.216000
aalair,"Apple M3",8,"Darwin 27.0.0 arm64","Apple LLVM 21.0.0 (clang-2100.3.34.2)"," -O3 -DNDEBUG",8,100000,flecs,owned_update,,8,500,46,60.486000
aalair,"Apple M3",8,"Darwin 27.0.0 arm64","Apple LLVM 21.0.0 (clang-2100.3.34.2)"," -O3 -DNDEBUG",8,100000,flecs,owned_update,,8,500,47,60.615000
aalair,"Apple M3",8,"Darwin 27.0.0 arm64","Apple LLVM 21.0.0 (clang-2100.3.34.2)"," -O3 -DNDEBUG",8,100000,flecs,owned_update,,8,500,48,59.041000
aalair,"Apple M3",8,"Darwin 27.0.0 arm64","Apple LLVM 21.0.0 (clang-2100.3.34.2)"," -O3 -DNDEBUG",8,100000,flecs,owned_update,,8,500,49,58.994000
aalair,"Apple M3",8,"Darwin 27.0.0 arm64","Apple LLVM 21.0.0 (clang-2100.3.34.2)"," -O3 -DNDEBUG",8,100000,flecs,owned_update,,8,500,50,59.208000
aalair,"Apple M3",8,"Darwin 27.0.0 arm64","Apple LLVM 21.0.0 (clang-2100.3.34.2)"," -O3 -DNDEBUG",8,100000,flecs,owned_update,,8,500,51,63.225000
aalair,"Apple M3",8,"Darwin 27.0.0 arm64","Apple LLVM 21.0.0 (clang-2100.3.34.2)"," -O3 -DNDEBUG",8,100000,flecs,owned_update,,8,500,52,59.176000
aalair,"Apple M3",8,"Darwin 27.0.0 arm64","Apple LLVM 21.0.0 (clang-2100.3.34.2)"," -O3 -DNDEBUG",8,100000,flecs,owned_update,,8,500,53,61.743000
aalair,"Apple M3",8,"Darwin 27.0.0 arm64","Apple LLVM 21.0.0 (clang-2100.3.34.2)"," -O3 -DNDEBUG",8,100000,flecs,owned_update,,8,500,54,59.521000
aalair,"Apple M3",8,"Darwin 27.0.0 arm64","Apple LLVM 21.0.0 (clang-2100.3.34.2)"," -O3 -DNDEBUG",8,100000,flecs,owned_update,,8,500,55,58.760000
aalair,"Apple M3",8,"Darwin 27.0.0 arm64","Apple LLVM 21.0.0 (clang-2100.3.34.2)"," -O3 -DNDEBUG",8,100000,flecs,owned_update,,8,500,56,61.012000
aalair,"Apple M3",8,"Darwin 27.0.0 arm64","Apple LLVM 21.0.0 (clang-2100.3.34.2)"," -O3 -DNDEBUG",8,100000,flecs,owned_update,,8,500,57,63.029000
aalair,"Apple M3",8,"Darwin 27.0.0 arm64","Apple LLVM 21.0.0 (clang-2100.3.34.2)"," -O3 -DNDEBUG",8,100000,flecs,owned_update,,8,500,58,75.743000
aalair,"Apple M3",8,"Darwin 27.0.0 arm64","Apple LLVM 21.0.0 (clang-2100.3.34.2)"," -O3 -DNDEBUG",8,100000,flecs,owned_update,,8,500,59,58.037000
aalair,"Apple M3",8,"Darwin 27.0.0 arm64","Apple LLVM 21.0.0 (clang-2100.3.34.2)"," -O3 -DNDEBUG",8,100000,flecs,owned_update,,8,500,60,63.465000
aalair,"Apple M3",8,"Darwin 27.0.0 arm64","Apple LLVM 21.0.0 (clang-2100.3.34.2)"," -O3 -DNDEBUG",8,100000,flecs,owned_update,,8,500,61,59.190000
aalair,"Apple M3",8,"Darwin 27.0.0 arm64","Apple LLVM 21.0.0 (clang-2100.3.34.2)"," -O3 -DNDEBUG",8,100000,flecs,owned_update,,8,500,62,60.465000
aalair,"Apple M3",8,"Darwin 27.0.0 arm64","Apple LLVM 21.0.0 (clang-2100.3.34.2)"," -O3 -DNDEBUG",8,100000,flecs,owned_update,,8,500,63,63.022000
aalair,"Apple M3",8,"Darwin 27.0.0 arm64","Apple LLVM 21.0.0 (clang-2100.3.34.2)"," -O3 -DNDEBUG",8,100000,flecs,owned_update,,8,500,64,62.563000
aalair,"Apple M3",8,"Darwin 27.0.0 arm64","Apple LLVM 21.0.0 (clang-2100.3.34.2)"," -O3 -DNDEBUG",8,100000,pito,owned_update,ecs_get,1,0,1,6.534000
aalair,"Apple M3",8,"Darwin 27.0.0 arm64","Apple LLVM 21.0.0 (clang-2100.3.34.2)"," -O3 -DNDEBUG",8,100000,pito,owned_update,ecs_get,1,0,2,6.709000
aalair,"Apple M3",8,"Darwin 27.0.0 arm64","Apple LLVM 21.0.0 (clang-2100.3.34.2)"," -O3 -DNDEBUG",8,100000,pito,owned_update,ecs_get,1,0,3,6.684000
aalair,"Apple M3",8,"Darwin 27.0.0 arm64","Apple LLVM 21.0.0 (clang-2100.3.34.2)"," -O3 -DNDEBUG",8,100000,pito,owned_update,ecs_get,1,0,4,6.647000
aalair,"Apple M3",8,"Darwin 27.0.0 arm64","Apple LLVM 21.0.0 (clang-2100.3.34.2)"," -O3 -DNDEBUG",8,100000,pito,owned_update,ecs_get,1,0,5,6.646000
aalair,"Apple M3",8,"Darwin 27.0.0 arm64","Apple LLVM 21.0.0 (clang-2100.3.34.2)"," -O3 -DNDEBUG",8,100000,pito,owned_update,ecs_get,1,0,6,6.681000
aalair,"Apple M3",8,"Darwin 27.0.0 arm64","Apple LLVM 21.0.0 (clang-2100.3.34.2)"," -O3 -DNDEBUG",8,100000,pito,owned_update,ecs_get,1,0,7,6.672000
aalair,"Apple M3",8,"Darwin 27.0.0 arm64","Apple LLVM 21.0.0 (clang-2100.3.34.2)"," -O3 -DNDEBUG",8,100000,pito,owned_update,ecs_get,1,0,8,6.675000
aalair,"Apple M3",8,"Darwin 27.0.0 arm64","Apple LLVM 21.0.0 (clang-2100.3.34.2)"," -O3 -DNDEBUG",8,100000,pito,owned_update,ecs_get,1,0,9,6.666000
aalair,"Apple M3",8,"Darwin 27.0.0 arm64","Apple LLVM 21.0.0 (clang-2100.3.34.2)"," -O3 -DNDEBUG",8,100000,pito,owned_update,ecs_get,1,0,10,6.583000
aalair,"Apple M3",8,"Darwin 27.0.0 arm64","Apple LLVM 21.0.0 (clang-2100.3.34.2)"," -O3 -DNDEBUG",8,100000,pito,owned_update,ecs_get,1,10,1,8.466000
aalair,"Apple M3",8,"Darwin 27.0.0 arm64","Apple LLVM 21.0.0 (clang-2100.3.34.2)"," -O3 -DNDEBUG",8,100000,pito,owned_update,ecs_get,1,10,2,8.436000
aalair,"Apple M3",8,"Darwin 27.0.0 arm64","Apple LLVM 21.0.0 (clang-2100.3.34.2)"," -O3 -DNDEBUG",8,100000,pito,owned_update,ecs_get,1,10,3,8.283000
aalair,"Apple M3",8,"Darwin 27.0.0 arm64","Apple LLVM 21.0.0 (clang-2100.3.34.2)"," -O3 -DNDEBUG",8,100000,pito,owned_update,ecs_get,1,10,4,8.296000
aalair,"Apple M3",8,"Darwin 27.0.0 arm64","Apple LLVM 21.0.0 (clang-2100.3.34.2)"," -O3 -DNDEBUG",8,100000,pito,owned_update,ecs_get,1,10,5,8.360000
aalair,"Apple M3",8,"Darwin 27.0.0 arm64","Apple LLVM 21.0.0 (clang-2100.3.34.2)"," -O3 -DNDEBUG",8,100000,pito,owned_update,ecs_get,1,10,6,8.375000
aalair,"Apple M3",8,"Darwin 27.0.0 arm64","Apple LLVM 21.0.0 (clang-2100.3.34.2)"," -O3 -DNDEBUG",8,100000,pito,owned_update,ecs_get,1,10,7,8.363000
aalair,"Apple M3",8,"Darwin 27.0.0 arm64","Apple LLVM 21.0.0 (clang-2100.3.34.2)"," -O3 -DNDEBUG",8,100000,pito,owned_update,ecs_get,1,10,8,8.355000
aalair,"Apple M3",8,"Darwin 27.0.0 arm64","Apple LLVM 21.0.0 (clang-2100.3.34.2)"," -O3 -DNDEBUG",8,100000,pito,owned_update,ecs_get,1,10,9,8.370000
aalair,"Apple M3",8,"Darwin 27.0.0 arm64","Apple LLVM 21.0.0 (clang-2100.3.34.2)"," -O3 -DNDEBUG",8,100000,pito,owned_update,ecs_get,1,10,10,8.529000
aalair,"Apple M3",8,"Darwin 27.0.0 arm64","Apple LLVM 21.0.0 (clang-2100.3.34.2)"," -O3 -DNDEBUG",8,100000,pito,owned_update,ecs_get,1,500,1,356.112000
aalair,"Apple M3",8,"Darwin 27.0.0 arm64","Apple LLVM 21.0.0 (clang-2100.3.34.2)"," -O3 -DNDEBUG",8,100000,pito,owned_update,ecs_get,1,500,2,355.842000
aalair,"Apple M3",8,"Darwin 27.0.0 arm64","Apple LLVM 21.0.0 (clang-2100.3.34.2)"," -O3 -DNDEBUG",8,100000,pito,owned_update,ecs_get,1,500,3,356.585000
aalair,"Apple M3",8,"Darwin 27.0.0 arm64","Apple LLVM 21.0.0 (clang-2100.3.34.2)"," -O3 -DNDEBUG",8,100000,pito,owned_update,ecs_get,1,500,4,355.750000
aalair,"Apple M3",8,"Darwin 27.0.0 arm64","Apple LLVM 21.0.0 (clang-2100.3.34.2)"," -O3 -DNDEBUG",8,100000,pito,owned_update,ecs_get,1,500,5,355.659000
aalair,"Apple M3",8,"Darwin 27.0.0 arm64","Apple LLVM 21.0.0 (clang-2100.3.34.2)"," -O3 -DNDEBUG",8,100000,pito,owned_update,ecs_get,1,500,6,355.852000
aalair,"Apple M3",8,"Darwin 27.0.0 arm64","Apple LLVM 21.0.0 (clang-2100.3.34.2)"," -O3 -DNDEBUG",8,100000,pito,owned_update,ecs_get,1,500,7,355.832000
aalair,"Apple M3",8,"Darwin 27.0.0 arm64","Apple LLVM 21.0.0 (clang-2100.3.34.2)"," -O3 -DNDEBUG",8,100000,pito,owned_update,ecs_get,1,500,8,357.586000
aalair,"Apple M3",8,"Darwin 27.0.0 arm64","Apple LLVM 21.0.0 (clang-2100.3.34.2)"," -O3 -DNDEBUG",8,100000,pito,owned_update,ecs_get,1,500,9,355.822000
aalair,"Apple M3",8,"Darwin 27.0.0 arm64","Apple LLVM 21.0.0 (clang-2100.3.34.2)"," -O3 -DNDEBUG",8,100000,pito,owned_update,ecs_get,1,500,10,364.107000
aalair,"Apple M3",8,"Darwin 27.0.0 arm64","Apple LLVM 21.0.0 (clang-2100.3.34.2)"," -O3 -DNDEBUG",8,100000,pito,owned_update,ecs_get,2,0,1,3.360000
aalair,"Apple M3",8,"Darwin 27.0.0 arm64","Apple LLVM 21.0.0 (clang-2100.3.34.2)"," -O3 -DNDEBUG",8,100000,pito,owned_update,ecs_get,2,0,2,3.276000
aalair,"Apple M3",8,"Darwin 27.0.0 arm64","Apple LLVM 21.0.0 (clang-2100.3.34.2)"," -O3 -DNDEBUG",8,100000,pito,owned_update,ecs_get,2,0,3,3.234000
aalair,"Apple M3",8,"Darwin 27.0.0 arm64","Apple LLVM 21.0.0 (clang-2100.3.34.2)"," -O3 -DNDEBUG",8,100000,pito,owned_update,ecs_get,2,0,4,3.358000
aalair,"Apple M3",8,"Darwin 27.0.0 arm64","Apple LLVM 21.0.0 (clang-2100.3.34.2)"," -O3 -DNDEBUG",8,100000,pito,owned_update,ecs_get,2,0,5,3.233000
aalair,"Apple M3",8,"Darwin 27.0.0 arm64","Apple LLVM 21.0.0 (clang-2100.3.34.2)"," -O3 -DNDEBUG",8,100000,pito,owned_update,ecs_get,2,0,6,3.233000
aalair,"Apple M3",8,"Darwin 27.0.0 arm64","Apple LLVM 21.0.0 (clang-2100.3.34.2)"," -O3 -DNDEBUG",8,100000,pito,owned_update,ecs_get,2,0,7,3.347000
aalair,"Apple M3",8,"Darwin 27.0.0 arm64","Apple LLVM 21.0.0 (clang-2100.3.34.2)"," -O3 -DNDEBUG",8,100000,pito,owned_update,ecs_get,2,0,8,3.232000
aalair,"Apple M3",8,"Darwin 27.0.0 arm64","Apple LLVM 21.0.0 (clang-2100.3.34.2)"," -O3 -DNDEBUG",8,100000,pito,owned_update,ecs_get,2,0,9,3.238000
aalair,"Apple M3",8,"Darwin 27.0.0 arm64","Apple LLVM 21.0.0 (clang-2100.3.34.2)"," -O3 -DNDEBUG",8,100000,pito,owned_update,ecs_get,2,0,10,3.269000
aalair,"Apple M3",8,"Darwin 27.0.0 arm64","Apple LLVM 21.0.0 (clang-2100.3.34.2)"," -O3 -DNDEBUG",8,100000,pito,owned_update,ecs_get,2,10,1,4.306000
aalair,"Apple M3",8,"Darwin 27.0.0 arm64","Apple LLVM 21.0.0 (clang-2100.3.34.2)"," -O3 -DNDEBUG",8,100000,pito,owned_update,ecs_get,2,10,2,4.683000
aalair,"Apple M3",8,"Darwin 27.0.0 arm64","Apple LLVM 21.0.0 (clang-2100.3.34.2)"," -O3 -DNDEBUG",8,100000,pito,owned_update,ecs_get,2,10,3,4.482000
aalair,"Apple M3",8,"Darwin 27.0.0 arm64","Apple LLVM 21.0.0 (clang-2100.3.34.2)"," -O3 -DNDEBUG",8,100000,pito,owned_update,ecs_get,2,10,4,4.583000
aalair,"Apple M3",8,"Darwin 27.0.0 arm64","Apple LLVM 21.0.0 (clang-2100.3.34.2)"," -O3 -DNDEBUG",8,100000,pito,owned_update,ecs_get,2,10,5,4.598000
aalair,"Apple M3",8,"Darwin 27.0.0 arm64","Apple LLVM 21.0.0 (clang-2100.3.34.2)"," -O3 -DNDEBUG",8,100000,pito,owned_update,ecs_get,2,10,6,4.543000
aalair,"Apple M3",8,"Darwin 27.0.0 arm64","Apple LLVM 21.0.0 (clang-2100.3.34.2)"," -O3 -DNDEBUG",8,100000,pito,owned_update,ecs_get,2,10,7,4.542000
aalair,"Apple M3",8,"Darwin 27.0.0 arm64","Apple LLVM 21.0.0 (clang-2100.3.34.2)"," -O3 -DNDEBUG",8,100000,pito,owned_update,ecs_get,2,10,8,4.463000
aalair,"Apple M3",8,"Darwin 27.0.0 arm64","Apple LLVM 21.0.0 (clang-2100.3.34.2)"," -O3 -DNDEBUG",8,100000,pito,owned_update,ecs_get,2,10,9,4.479000
aalair,"Apple M3",8,"Darwin 27.0.0 arm64","Apple LLVM 21.0.0 (clang-2100.3.34.2)"," -O3 -DNDEBUG",8,100000,pito,owned_update,ecs_get,2,10,10,4.479000
aalair,"Apple M3",8,"Darwin 27.0.0 arm64","Apple LLVM 21.0.0 (clang-2100.3.34.2)"," -O3 -DNDEBUG",8,100000,pito,owned_update,ecs_get,2,500,1,182.244000
aalair,"Apple M3",8,"Darwin 27.0.0 arm64","Apple LLVM 21.0.0 (clang-2100.3.34.2)"," -O3 -DNDEBUG",8,100000,pito,owned_update,ecs_get,2,500,2,182.271000
aalair,"Apple M3",8,"Darwin 27.0.0 arm64","Apple LLVM 21.0.0 (clang-2100.3.34.2)"," -O3 -DNDEBUG",8,100000,pito,owned_update,ecs_get,2,500,3,182.304000
aalair,"Apple M3",8,"Darwin 27.0.0 arm64","Apple LLVM 21.0.0 (clang-2100.3.34.2)"," -O3 -DNDEBUG",8,100000,pito,owned_update,ecs_get,2,500,4,182.225000
aalair,"Apple M3",8,"Darwin 27.0.0 arm64","Apple LLVM 21.0.0 (clang-2100.3.34.2)"," -O3 -DNDEBUG",8,100000,pito,owned_update,ecs_get,2,500,5,183.135000
aalair,"Apple M3",8,"Darwin 27.0.0 arm64","Apple LLVM 21.0.0 (clang-2100.3.34.2)"," -O3 -DNDEBUG",8,100000,pito,owned_update,ecs_get,2,500,6,182.447000
aalair,"Apple M3",8,"Darwin 27.0.0 arm64","Apple LLVM 21.0.0 (clang-2100.3.34.2)"," -O3 -DNDEBUG",8,100000,pito,owned_update,ecs_get,2,500,7,182.339000
aalair,"Apple M3",8,"Darwin 27.0.0 arm64","Apple LLVM 21.0.0 (clang-2100.3.34.2)"," -O3 -DNDEBUG",8,100000,pito,owned_update,ecs_get,2,500,8,182.258000
aalair,"Apple M3",8,"Darwin 27.0.0 arm64","Apple LLVM 21.0.0 (clang-2100.3.34.2)"," -O3 -DNDEBUG",8,100000,pito,owned_update,ecs_get,2,500,9,182.214000
aalair,"Apple M3",8,"Darwin 27.0.0 arm64","Apple LLVM 21.0.0 (clang-2100.3.34.2)"," -O3 -DNDEBUG",8,100000,pito,owned_update,ecs_get,2,500,10,186.675000
aalair,"Apple M3",8,"Darwin 27.0.0 arm64","Apple LLVM 21.0.0 (clang-2100.3.34.2)"," -O3 -DNDEBUG",8,100000,pito,owned_update,ecs_get,4,0,1,1.718000
aalair,"Apple M3",8,"Darwin 27.0.0 arm64","Apple LLVM 21.0.0 (clang-2100.3.34.2)"," -O3 -DNDEBUG",8,100000,pito,owned_update,ecs_get,4,0,2,1.717000
aalair,"Apple M3",8,"Darwin 27.0.0 arm64","Apple LLVM 21.0.0 (clang-2100.3.34.2)"," -O3 -DNDEBUG",8,100000,pito,owned_update,ecs_get,4,0,3,1.718000
aalair,"Apple M3",8,"Darwin 27.0.0 arm64","Apple LLVM 21.0.0 (clang-2100.3.34.2)"," -O3 -DNDEBUG",8,100000,pito,owned_update,ecs_get,4,0,4,1.720000
aalair,"Apple M3",8,"Darwin 27.0.0 arm64","Apple LLVM 21.0.0 (clang-2100.3.34.2)"," -O3 -DNDEBUG",8,100000,pito,owned_update,ecs_get,4,0,5,1.722000
aalair,"Apple M3",8,"Darwin 27.0.0 arm64","Apple LLVM 21.0.0 (clang-2100.3.34.2)"," -O3 -DNDEBUG",8,100000,pito,owned_update,ecs_get,4,0,6,1.874000
aalair,"Apple M3",8,"Darwin 27.0.0 arm64","Apple LLVM 21.0.0 (clang-2100.3.34.2)"," -O3 -DNDEBUG",8,100000,pito,owned_update,ecs_get,4,0,7,1.719000
aalair,"Apple M3",8,"Darwin 27.0.0 arm64","Apple LLVM 21.0.0 (clang-2100.3.34.2)"," -O3 -DNDEBUG",8,100000,pito,owned_update,ecs_get,4,0,8,1.803000
aalair,"Apple M3",8,"Darwin 27.0.0 arm64","Apple LLVM 21.0.0 (clang-2100.3.34.2)"," -O3 -DNDEBUG",8,100000,pito,owned_update,ecs_get,4,0,9,1.720000
aalair,"Apple M3",8,"Darwin 27.0.0 arm64","Apple LLVM 21.0.0 (clang-2100.3.34.2)"," -O3 -DNDEBUG",8,100000,pito,owned_update,ecs_get,4,0,10,1.724000
aalair,"Apple M3",8,"Darwin 27.0.0 arm64","Apple LLVM 21.0.0 (clang-2100.3.34.2)"," -O3 -DNDEBUG",8,100000,pito,owned_update,ecs_get,4,0,11,2.959000
aalair,"Apple M3",8,"Darwin 27.0.0 arm64","Apple LLVM 21.0.0 (clang-2100.3.34.2)"," -O3 -DNDEBUG",8,100000,pito,owned_update,ecs_get,4,0,12,1.721000
aalair,"Apple M3",8,"Darwin 27.0.0 arm64","Apple LLVM 21.0.0 (clang-2100.3.34.2)"," -O3 -DNDEBUG",8,100000,pito,owned_update,ecs_get,4,0,13,1.721000
aalair,"Apple M3",8,"Darwin 27.0.0 arm64","Apple LLVM 21.0.0 (clang-2100.3.34.2)"," -O3 -DNDEBUG",8,100000,pito,owned_update,ecs_get,4,0,14,1.720000
aalair,"Apple M3",8,"Darwin 27.0.0 arm64","Apple LLVM 21.0.0 (clang-2100.3.34.2)"," -O3 -DNDEBUG",8,100000,pito,owned_update,ecs_get,4,10,1,2.466000
aalair,"Apple M3",8,"Darwin 27.0.0 arm64","Apple LLVM 21.0.0 (clang-2100.3.34.2)"," -O3 -DNDEBUG",8,100000,pito,owned_update,ecs_get,4,10,2,2.465000
aalair,"Apple M3",8,"Darwin 27.0.0 arm64","Apple LLVM 21.0.0 (clang-2100.3.34.2)"," -O3 -DNDEBUG",8,100000,pito,owned_update,ecs_get,4,10,3,2.464000
aalair,"Apple M3",8,"Darwin 27.0.0 arm64","Apple LLVM 21.0.0 (clang-2100.3.34.2)"," -O3 -DNDEBUG",8,100000,pito,owned_update,ecs_get,4,10,4,2.466000
aalair,"Apple M3",8,"Darwin 27.0.0 arm64","Apple LLVM 21.0.0 (clang-2100.3.34.2)"," -O3 -DNDEBUG",8,100000,pito,owned_update,ecs_get,4,10,5,2.465000
aalair,"Apple M3",8,"Darwin 27.0.0 arm64","Apple LLVM 21.0.0 (clang-2100.3.34.2)"," -O3 -DNDEBUG",8,100000,pito,owned_update,ecs_get,4,10,6,2.465000
aalair,"Apple M3",8,"Darwin 27.0.0 arm64","Apple LLVM 21.0.0 (clang-2100.3.34.2)"," -O3 -DNDEBUG",8,100000,pito,owned_update,ecs_get,4,10,7,2.464000
aalair,"Apple M3",8,"Darwin 27.0.0 arm64","Apple LLVM 21.0.0 (clang-2100.3.34.2)"," -O3 -DNDEBUG",8,100000,pito,owned_update,ecs_get,4,10,8,2.464000
aalair,"Apple M3",8,"Darwin 27.0.0 arm64","Apple LLVM 21.0.0 (clang-2100.3.34.2)"," -O3 -DNDEBUG",8,100000,pito,owned_update,ecs_get,4,10,9,2.465000
aalair,"Apple M3",8,"Darwin 27.0.0 arm64","Apple LLVM 21.0.0 (clang-2100.3.34.2)"," -O3 -DNDEBUG",8,100000,pito,owned_update,ecs_get,4,10,10,2.465000
aalair,"Apple M3",8,"Darwin 27.0.0 arm64","Apple LLVM 21.0.0 (clang-2100.3.34.2)"," -O3 -DNDEBUG",8,100000,pito,owned_update,ecs_get,4,500,1,99.250000
aalair,"Apple M3",8,"Darwin 27.0.0 arm64","Apple LLVM 21.0.0 (clang-2100.3.34.2)"," -O3 -DNDEBUG",8,100000,pito,owned_update,ecs_get,4,500,2,99.287000
aalair,"Apple M3",8,"Darwin 27.0.0 arm64","Apple LLVM 21.0.0 (clang-2100.3.34.2)"," -O3 -DNDEBUG",8,100000,pito,owned_update,ecs_get,4,500,3,99.255000
aalair,"Apple M3",8,"Darwin 27.0.0 arm64","Apple LLVM 21.0.0 (clang-2100.3.34.2)"," -O3 -DNDEBUG",8,100000,pito,owned_update,ecs_get,4,500,4,99.244000
aalair,"Apple M3",8,"Darwin 27.0.0 arm64","Apple LLVM 21.0.0 (clang-2100.3.34.2)"," -O3 -DNDEBUG",8,100000,pito,owned_update,ecs_get,4,500,5,99.397000
aalair,"Apple M3",8,"Darwin 27.0.0 arm64","Apple LLVM 21.0.0 (clang-2100.3.34.2)"," -O3 -DNDEBUG",8,100000,pito,owned_update,ecs_get,4,500,6,100.900000
aalair,"Apple M3",8,"Darwin 27.0.0 arm64","Apple LLVM 21.0.0 (clang-2100.3.34.2)"," -O3 -DNDEBUG",8,100000,pito,owned_update,ecs_get,4,500,7,99.517000
aalair,"Apple M3",8,"Darwin 27.0.0 arm64","Apple LLVM 21.0.0 (clang-2100.3.34.2)"," -O3 -DNDEBUG",8,100000,pito,owned_update,ecs_get,4,500,8,99.244000
aalair,"Apple M3",8,"Darwin 27.0.0 arm64","Apple LLVM 21.0.0 (clang-2100.3.34.2)"," -O3 -DNDEBUG",8,100000,pito,owned_update,ecs_get,4,500,9,99.245000
aalair,"Apple M3",8,"Darwin 27.0.0 arm64","Apple LLVM 21.0.0 (clang-2100.3.34.2)"," -O3 -DNDEBUG",8,100000,pito,owned_update,ecs_get,4,500,10,99.218000
aalair,"Apple M3",8,"Darwin 27.0.0 arm64","Apple LLVM 21.0.0 (clang-2100.3.34.2)"," -O3 -DNDEBUG",8,100000,pito,owned_update,ecs_get,8,0,1,2.011000
aalair,"Apple M3",8,"Darwin 27.0.0 arm64","Apple LLVM 21.0.0 (clang-2100.3.34.2)"," -O3 -DNDEBUG",8,100000,pito,owned_update,ecs_get,8,0,2,2.053000
aalair,"Apple M3",8,"Darwin 27.0.0 arm64","Apple LLVM 21.0.0 (clang-2100.3.34.2)"," -O3 -DNDEBUG",8,100000,pito,owned_update,ecs_get,8,0,3,2.021000
aalair,"Apple M3",8,"Darwin 27.0.0 arm64","Apple LLVM 21.0.0 (clang-2100.3.34.2)"," -O3 -DNDEBUG",8,100000,pito,owned_update,ecs_get,8,0,4,2.097000
aalair,"Apple M3",8,"Darwin 27.0.0 arm64","Apple LLVM 21.0.0 (clang-2100.3.34.2)"," -O3 -DNDEBUG",8,100000,pito,owned_update,ecs_get,8,0,5,2.062000
aalair,"Apple M3",8,"Darwin 27.0.0 arm64","Apple LLVM 21.0.0 (clang-2100.3.34.2)"," -O3 -DNDEBUG",8,100000,pito,owned_update,ecs_get,8,0,6,2.032000
aalair,"Apple M3",8,"Darwin 27.0.0 arm64","Apple LLVM 21.0.0 (clang-2100.3.34.2)"," -O3 -DNDEBUG",8,100000,pito,owned_update,ecs_get,8,0,7,2.029000
aalair,"Apple M3",8,"Darwin 27.0.0 arm64","Apple LLVM 21.0.0 (clang-2100.3.34.2)"," -O3 -DNDEBUG",8,100000,pito,owned_update,ecs_get,8,0,8,2.427000
aalair,"Apple M3",8,"Darwin 27.0.0 arm64","Apple LLVM 21.0.0 (clang-2100.3.34.2)"," -O3 -DNDEBUG",8,100000,pito,owned_update,ecs_get,8,0,9,2.039000
aalair,"Apple M3",8,"Darwin 27.0.0 arm64","Apple LLVM 21.0.0 (clang-2100.3.34.2)"," -O3 -DNDEBUG",8,100000,pito,owned_update,ecs_get,8,0,10,2.069000
aalair,"Apple M3",8,"Darwin 27.0.0 arm64","Apple LLVM 21.0.0 (clang-2100.3.34.2)"," -O3 -DNDEBUG",8,100000,pito,owned_update,ecs_get,8,0,11,1.804000
aalair,"Apple M3",8,"Darwin 27.0.0 arm64","Apple LLVM 21.0.0 (clang-2100.3.34.2)"," -O3 -DNDEBUG",8,100000,pito,owned_update,ecs_get,8,10,1,2.831000
aalair,"Apple M3",8,"Darwin 27.0.0 arm64","Apple LLVM 21.0.0 (clang-2100.3.34.2)"," -O3 -DNDEBUG",8,100000,pito,owned_update,ecs_get,8,10,2,2.790000
aalair,"Apple M3",8,"Darwin 27.0.0 arm64","Apple LLVM 21.0.0 (clang-2100.3.34.2)"," -O3 -DNDEBUG",8,100000,pito,owned_update,ecs_get,8,10,3,2.743000
aalair,"Apple M3",8,"Darwin 27.0.0 arm64","Apple LLVM 21.0.0 (clang-2100.3.34.2)"," -O3 -DNDEBUG",8,100000,pito,owned_update,ecs_get,8,10,4,2.877000
aalair,"Apple M3",8,"Darwin 27.0.0 arm64","Apple LLVM 21.0.0 (clang-2100.3.34.2)"," -O3 -DNDEBUG",8,100000,pito,owned_update,ecs_get,8,10,5,3.213000
aalair,"Apple M3",8,"Darwin 27.0.0 arm64","Apple LLVM 21.0.0 (clang-2100.3.34.2)"," -O3 -DNDEBUG",8,100000,pito,owned_update,ecs_get,8,10,6,2.710000
aalair,"Apple M3",8,"Darwin 27.0.0 arm64","Apple LLVM 21.0.0 (clang-2100.3.34.2)"," -O3 -DNDEBUG",8,100000,pito,owned_update,ecs_get,8,10,7,2.700000
aalair,"Apple M3",8,"Darwin 27.0.0 arm64","Apple LLVM 21.0.0 (clang-2100.3.34.2)"," -O3 -DNDEBUG",8,100000,pito,owned_update,ecs_get,8,10,8,3.137000
aalair,"Apple M3",8,"Darwin 27.0.0 arm64","Apple LLVM 21.0.0 (clang-2100.3.34.2)"," -O3 -DNDEBUG",8,100000,pito,owned_update,ecs_get,8,10,9,2.714000
aalair,"Apple M3",8,"Darwin 27.0.0 arm64","Apple LLVM 21.0.0 (clang-2100.3.34.2)"," -O3 -DNDEBUG",8,100000,pito,owned_update,ecs_get,8,10,10,2.735000
aalair,"Apple M3",8,"Darwin 27.0.0 arm64","Apple LLVM 21.0.0 (clang-2100.3.34.2)"," -O3 -DNDEBUG",8,100000,pito,owned_update,ecs_get,8,10,11,3.176000
aalair,"Apple M3",8,"Darwin 27.0.0 arm64","Apple LLVM 21.0.0 (clang-2100.3.34.2)"," -O3 -DNDEBUG",8,100000,pito,owned_update,ecs_get,8,10,12,3.220000
aalair,"Apple M3",8,"Darwin 27.0.0 arm64","Apple LLVM 21.0.0 (clang-2100.3.34.2)"," -O3 -DNDEBUG",8,100000,pito,owned_update,ecs_get,8,10,13,2.709000
aalair,"Apple M3",8,"Darwin 27.0.0 arm64","Apple LLVM 21.0.0 (clang-2100.3.34.2)"," -O3 -DNDEBUG",8,100000,pito,owned_update,ecs_get,8,10,14,2.696000
aalair,"Apple M3",8,"Darwin 27.0.0 arm64","Apple LLVM 21.0.0 (clang-2100.3.34.2)"," -O3 -DNDEBUG",8,100000,pito,owned_update,ecs_get,8,10,15,2.458000
aalair,"Apple M3",8,"Darwin 27.0.0 arm64","Apple LLVM 21.0.0 (clang-2100.3.34.2)"," -O3 -DNDEBUG",8,100000,pito,owned_update,ecs_get,8,10,16,2.895000
aalair,"Apple M3",8,"Darwin 27.0.0 arm64","Apple LLVM 21.0.0 (clang-2100.3.34.2)"," -O3 -DNDEBUG",8,100000,pito,owned_update,ecs_get,8,10,17,2.673000
aalair,"Apple M3",8,"Darwin 27.0.0 arm64","Apple LLVM 21.0.0 (clang-2100.3.34.2)"," -O3 -DNDEBUG",8,100000,pito,owned_update,ecs_get,8,10,18,2.696000
aalair,"Apple M3",8,"Darwin 27.0.0 arm64","Apple LLVM 21.0.0 (clang-2100.3.34.2)"," -O3 -DNDEBUG",8,100000,pito,owned_update,ecs_get,8,10,19,2.655000
aalair,"Apple M3",8,"Darwin 27.0.0 arm64","Apple LLVM 21.0.0 (clang-2100.3.34.2)"," -O3 -DNDEBUG",8,100000,pito,owned_update,ecs_get,8,10,20,2.697000
aalair,"Apple M3",8,"Darwin 27.0.0 arm64","Apple LLVM 21.0.0 (clang-2100.3.34.2)"," -O3 -DNDEBUG",8,100000,pito,owned_update,ecs_get,8,10,21,2.694000
aalair,"Apple M3",8,"Darwin 27.0.0 arm64","Apple LLVM 21.0.0 (clang-2100.3.34.2)"," -O3 -DNDEBUG",8,100000,pito,owned_update,ecs_get,8,10,22,2.682000
aalair,"Apple M3",8,"Darwin 27.0.0 arm64","Apple LLVM 21.0.0 (clang-2100.3.34.2)"," -O3 -DNDEBUG",8,100000,pito,owned_update,ecs_get,8,10,23,2.689000
aalair,"Apple M3",8,"Darwin 27.0.0 arm64","Apple LLVM 21.0.0 (clang-2100.3.34.2)"," -O3 -DNDEBUG",8,100000,pito,owned_update,ecs_get,8,10,24,2.715000
aalair,"Apple M3",8,"Darwin 27.0.0 arm64","Apple LLVM 21.0.0 (clang-2100.3.34.2)"," -O3 -DNDEBUG",8,100000,pito,owned_update,ecs_get,8,500,1,73.098000
aalair,"Apple M3",8,"Darwin 27.0.0 arm64","Apple LLVM 21.0.0 (clang-2100.3.34.2)"," -O3 -DNDEBUG",8,100000,pito,owned_update,ecs_get,8,500,2,64.291000
aalair,"Apple M3",8,"Darwin 27.0.0 arm64","Apple LLVM 21.0.0 (clang-2100.3.34.2)"," -O3 -DNDEBUG",8,100000,pito,owned_update,ecs_get,8,500,3,64.030000
aalair,"Apple M3",8,"Darwin 27.0.0 arm64","Apple LLVM 21.0.0 (clang-2100.3.34.2)"," -O3 -DNDEBUG",8,100000,pito,owned_update,ecs_get,8,500,4,65.433000
aalair,"Apple M3",8,"Darwin 27.0.0 arm64","Apple LLVM 21.0.0 (clang-2100.3.34.2)"," -O3 -DNDEBUG",8,100000,pito,owned_update,ecs_get,8,500,5,63.383000
aalair,"Apple M3",8,"Darwin 27.0.0 arm64","Apple LLVM 21.0.0 (clang-2100.3.34.2)"," -O3 -DNDEBUG",8,100000,pito,owned_update,ecs_get,8,500,6,111.426000
aalair,"Apple M3",8,"Darwin 27.0.0 arm64","Apple LLVM 21.0.0 (clang-2100.3.34.2)"," -O3 -DNDEBUG",8,100000,pito,owned_update,ecs_get,8,500,7,68.764000
aalair,"Apple M3",8,"Darwin 27.0.0 arm64","Apple LLVM 21.0.0 (clang-2100.3.34.2)"," -O3 -DNDEBUG",8,100000,pito,owned_update,ecs_get,8,500,8,70.426000
aalair,"Apple M3",8,"Darwin 27.0.0 arm64","Apple LLVM 21.0.0 (clang-2100.3.34.2)"," -O3 -DNDEBUG",8,100000,pito,owned_update,ecs_get,8,500,9,64.192000
aalair,"Apple M3",8,"Darwin 27.0.0 arm64","Apple LLVM 21.0.0 (clang-2100.3.34.2)"," -O3 -DNDEBUG",8,100000,pito,owned_update,ecs_get,8,500,10,64.525000
aalair,"Apple M3",8,"Darwin 27.0.0 arm64","Apple LLVM 21.0.0 (clang-2100.3.34.2)"," -O3 -DNDEBUG",8,100000,pito,owned_update,ecs_get,8,500,11,65.685000
aalair,"Apple M3",8,"Darwin 27.0.0 arm64","Apple LLVM 21.0.0 (clang-2100.3.34.2)"," -O3 -DNDEBUG",8,100000,pito,owned_update,ecs_get,8,500,12,64.317000
aalair,"Apple M3",8,"Darwin 27.0.0 arm64","Apple LLVM 21.0.0 (clang-2100.3.34.2)"," -O3 -DNDEBUG",8,100000,pito,owned_update,ecs_get,8,500,13,63.936000
aalair,"Apple M3",8,"Darwin 27.0.0 arm64","Apple LLVM 21.0.0 (clang-2100.3.34.2)"," -O3 -DNDEBUG",8,100000,pito,owned_update,ecs_get,8,500,14,64.251000
aalair,"Apple M3",8,"Darwin 27.0.0 arm64","Apple LLVM 21.0.0 (clang-2100.3.34.2)"," -O3 -DNDEBUG",8,100000,pito,owned_update,ecs_get,8,500,15,65.501000
aalair,"Apple M3",8,"Darwin 27.0.0 arm64","Apple LLVM 21.0.0 (clang-2100.3.34.2)"," -O3 -DNDEBUG",8,100000,pito,owned_update,ecs_get,8,500,16,66.157000
aalair,"Apple M3",8,"Darwin 27.0.0 arm64","Apple LLVM 21.0.0 (clang-2100.3.34.2)"," -O3 -DNDEBUG",8,100000,pito,owned_update,ecs_get,8,500,17,66.604000
aalair,"Apple M3",8,"Darwin 27.0.0 arm64","Apple LLVM 21.0.0 (clang-2100.3.34.2)"," -O3 -DNDEBUG",8,100000,pito,owned_update,ecs_get,8,500,18,63.441000
aalair,"Apple M3",8,"Darwin 27.0.0 arm64","Apple LLVM 21.0.0 (clang-2100.3.34.2)"," -O3 -DNDEBUG",8,100000,pito,owned_update,ecs_get,8,500,19,64.782000
aalair,"Apple M3",8,"Darwin 27.0.0 arm64","Apple LLVM 21.0.0 (clang-2100.3.34.2)"," -O3 -DNDEBUG",8,100000,pito,owned_update,ecs_get_raw,1,0,1,0.349000
aalair,"Apple M3",8,"Darwin 27.0.0 arm64","Apple LLVM 21.0.0 (clang-2100.3.34.2)"," -O3 -DNDEBUG",8,100000,pito,owned_update,ecs_get_raw,1,0,2,0.388000
aalair,"Apple M3",8,"Darwin 27.0.0 arm64","Apple LLVM 21.0.0 (clang-2100.3.34.2)"," -O3 -DNDEBUG",8,100000,pito,owned_update,ecs_get_raw,1,0,3,0.351000
aalair,"Apple M3",8,"Darwin 27.0.0 arm64","Apple LLVM 21.0.0 (clang-2100.3.34.2)"," -O3 -DNDEBUG",8,100000,pito,owned_update,ecs_get_raw,1,0,4,0.334000
aalair,"Apple M3",8,"Darwin 27.0.0 arm64","Apple LLVM 21.0.0 (clang-2100.3.34.2)"," -O3 -DNDEBUG",8,100000,pito,owned_update,ecs_get_raw,1,0,5,0.383000
aalair,"Apple M3",8,"Darwin 27.0.0 arm64","Apple LLVM 21.0.0 (clang-2100.3.34.2)"," -O3 -DNDEBUG",8,100000,pito,owned_update,ecs_get_raw,1,0,6,0.344000
aalair,"Apple M3",8,"Darwin 27.0.0 arm64","Apple LLVM 21.0.0 (clang-2100.3.34.2)"," -O3 -DNDEBUG",8,100000,pito,owned_update,ecs_get_raw,1,0,7,0.347000
aalair,"Apple M3",8,"Darwin 27.0.0 arm64","Apple LLVM 21.0.0 (clang-2100.3.34.2)"," -O3 -DNDEBUG",8,100000,pito,owned_update,ecs_get_raw,1,0,8,0.331000
aalair,"Apple M3",8,"Darwin 27.0.0 arm64","Apple LLVM 21.0.0 (clang-2100.3.34.2)"," -O3 -DNDEBUG",8,100000,pito,owned_update,ecs_get_raw,1,0,9,0.333000
aalair,"Apple M3",8,"Darwin 27.0.0 arm64","Apple LLVM 21.0.0 (clang-2100.3.34.2)"," -O3 -DNDEBUG",8,100000,pito,owned_update,ecs_get_raw,1,0,10,0.332000
aalair,"Apple M3",8,"Darwin 27.0.0 arm64","Apple LLVM 21.0.0 (clang-2100.3.34.2)"," -O3 -DNDEBUG",8,100000,pito,owned_update,ecs_get_raw,1,0,11,0.329000
aalair,"Apple M3",8,"Darwin 27.0.0 arm64","Apple LLVM 21.0.0 (clang-2100.3.34.2)"," -O3 -DNDEBUG",8,100000,pito,owned_update,ecs_get_raw,1,0,12,0.331000
aalair,"Apple M3",8,"Darwin 27.0.0 arm64","Apple LLVM 21.0.0 (clang-2100.3.34.2)"," -O3 -DNDEBUG",8,100000,pito,owned_update,ecs_get_raw,1,0,13,0.331000
aalair,"Apple M3",8,"Darwin 27.0.0 arm64","Apple LLVM 21.0.0 (clang-2100.3.34.2)"," -O3 -DNDEBUG",8,100000,pito,owned_update,ecs_get_raw,1,0,14,0.333000
aalair,"Apple M3",8,"Darwin 27.0.0 arm64","Apple LLVM 21.0.0 (clang-2100.3.34.2)"," -O3 -DNDEBUG",8,100000,pito,owned_update,ecs_get_raw,1,0,15,0.353000
aalair,"Apple M3",8,"Darwin 27.0.0 arm64","Apple LLVM 21.0.0 (clang-2100.3.34.2)"," -O3 -DNDEBUG",8,100000,pito,owned_update,ecs_get_raw,1,0,16,0.340000
aalair,"Apple M3",8,"Darwin 27.0.0 arm64","Apple LLVM 21.0.0 (clang-2100.3.34.2)"," -O3 -DNDEBUG",8,100000,pito,owned_update,ecs_get_raw,1,10,1,2.409000
aalair,"Apple M3",8,"Darwin 27.0.0 arm64","Apple LLVM 21.0.0 (clang-2100.3.34.2)"," -O3 -DNDEBUG",8,100000,pito,owned_update,ecs_get_raw,1,10,2,2.402000
aalair,"Apple M3",8,"Darwin 27.0.0 arm64","Apple LLVM 21.0.0 (clang-2100.3.34.2)"," -O3 -DNDEBUG",8,100000,pito,owned_update,ecs_get_raw,1,10,3,2.406000
aalair,"Apple M3",8,"Darwin 27.0.0 arm64","Apple LLVM 21.0.0 (clang-2100.3.34.2)"," -O3 -DNDEBUG",8,100000,pito,owned_update,ecs_get_raw,1,10,4,2.421000
aalair,"Apple M3",8,"Darwin 27.0.0 arm64","Apple LLVM 21.0.0 (clang-2100.3.34.2)"," -O3 -DNDEBUG",8,100000,pito,owned_update,ecs_get_raw,1,10,5,2.402000
aalair,"Apple M3",8,"Darwin 27.0.0 arm64","Apple LLVM 21.0.0 (clang-2100.3.34.2)"," -O3 -DNDEBUG",8,100000,pito,owned_update,ecs_get_raw,1,10,6,2.391000
aalair,"Apple M3",8,"Darwin 27.0.0 arm64","Apple LLVM 21.0.0 (clang-2100.3.34.2)"," -O3 -DNDEBUG",8,100000,pito,owned_update,ecs_get_raw,1,10,7,2.428000
aalair,"Apple M3",8,"Darwin 27.0.0 arm64","Apple LLVM 21.0.0 (clang-2100.3.34.2)"," -O3 -DNDEBUG",8,100000,pito,owned_update,ecs_get_raw,1,10,8,2.429000
aalair,"Apple M3",8,"Darwin 27.0.0 arm64","Apple LLVM 21.0.0 (clang-2100.3.34.2)"," -O3 -DNDEBUG",8,100000,pito,owned_update,ecs_get_raw,1,10,9,2.421000
aalair,"Apple M3",8,"Darwin 27.0.0 arm64","Apple LLVM 21.0.0 (clang-2100.3.34.2)"," -O3 -DNDEBUG",8,100000,pito,owned_update,ecs_get_raw,1,10,10,2.422000
aalair,"Apple M3",8,"Darwin 27.0.0 arm64","Apple LLVM 21.0.0 (clang-2100.3.34.2)"," -O3 -DNDEBUG",8,100000,pito,owned_update,ecs_get_raw,1,500,1,338.865000
aalair,"Apple M3",8,"Darwin 27.0.0 arm64","Apple LLVM 21.0.0 (clang-2100.3.34.2)"," -O3 -DNDEBUG",8,100000,pito,owned_update,ecs_get_raw,1,500,2,338.356000
aalair,"Apple M3",8,"Darwin 27.0.0 arm64","Apple LLVM 21.0.0 (clang-2100.3.34.2)"," -O3 -DNDEBUG",8,100000,pito,owned_update,ecs_get_raw,1,500,3,338.157000
aalair,"Apple M3",8,"Darwin 27.0.0 arm64","Apple LLVM 21.0.0 (clang-2100.3.34.2)"," -O3 -DNDEBUG",8,100000,pito,owned_update,ecs_get_raw,1,500,4,340.506000
aalair,"Apple M3",8,"Darwin 27.0.0 arm64","Apple LLVM 21.0.0 (clang-2100.3.34.2)"," -O3 -DNDEBUG",8,100000,pito,owned_update,ecs_get_raw,1,500,5,338.418000
aalair,"Apple M3",8,"Darwin 27.0.0 arm64","Apple LLVM 21.0.0 (clang-2100.3.34.2)"," -O3 -DNDEBUG",8,100000,pito,owned_update,ecs_get_raw,1,500,6,338.822000
aalair,"Apple M3",8,"Darwin 27.0.0 arm64","Apple LLVM 21.0.0 (clang-2100.3.34.2)"," -O3 -DNDEBUG",8,100000,pito,owned_update,ecs_get_raw,1,500,7,338.509000
aalair,"Apple M3",8,"Darwin 27.0.0 arm64","Apple LLVM 21.0.0 (clang-2100.3.34.2)"," -O3 -DNDEBUG",8,100000,pito,owned_update,ecs_get_raw,1,500,8,338.201000
aalair,"Apple M3",8,"Darwin 27.0.0 arm64","Apple LLVM 21.0.0 (clang-2100.3.34.2)"," -O3 -DNDEBUG",8,100000,pito,owned_update,ecs_get_raw,1,500,9,338.271000
aalair,"Apple M3",8,"Darwin 27.0.0 arm64","Apple LLVM 21.0.0 (clang-2100.3.34.2)"," -O3 -DNDEBUG",8,100000,pito,owned_update,ecs_get_raw,1,500,10,338.314000
aalair,"Apple M3",8,"Darwin 27.0.0 arm64","Apple LLVM 21.0.0 (clang-2100.3.34.2)"," -O3 -DNDEBUG",8,100000,pito,owned_update,ecs_get_raw,2,0,1,0.180000
aalair,"Apple M3",8,"Darwin 27.0.0 arm64","Apple LLVM 21.0.0 (clang-2100.3.34.2)"," -O3 -DNDEBUG",8,100000,pito,owned_update,ecs_get_raw,2,0,2,0.176000
aalair,"Apple M3",8,"Darwin 27.0.0 arm64","Apple LLVM 21.0.0 (clang-2100.3.34.2)"," -O3 -DNDEBUG",8,100000,pito,owned_update,ecs_get_raw,2,0,3,0.194000
aalair,"Apple M3",8,"Darwin 27.0.0 arm64","Apple LLVM 21.0.0 (clang-2100.3.34.2)"," -O3 -DNDEBUG",8,100000,pito,owned_update,ecs_get_raw,2,0,4,0.179000
aalair,"Apple M3",8,"Darwin 27.0.0 arm64","Apple LLVM 21.0.0 (clang-2100.3.34.2)"," -O3 -DNDEBUG",8,100000,pito,owned_update,ecs_get_raw,2,0,5,0.191000
aalair,"Apple M3",8,"Darwin 27.0.0 arm64","Apple LLVM 21.0.0 (clang-2100.3.34.2)"," -O3 -DNDEBUG",8,100000,pito,owned_update,ecs_get_raw,2,0,6,0.194000
aalair,"Apple M3",8,"Darwin 27.0.0 arm64","Apple LLVM 21.0.0 (clang-2100.3.34.2)"," -O3 -DNDEBUG",8,100000,pito,owned_update,ecs_get_raw,2,0,7,0.182000
aalair,"Apple M3",8,"Darwin 27.0.0 arm64","Apple LLVM 21.0.0 (clang-2100.3.34.2)"," -O3 -DNDEBUG",8,100000,pito,owned_update,ecs_get_raw,2,0,8,0.170000
aalair,"Apple M3",8,"Darwin 27.0.0 arm64","Apple LLVM 21.0.0 (clang-2100.3.34.2)"," -O3 -DNDEBUG",8,100000,pito,owned_update,ecs_get_raw,2,0,9,0.172000
aalair,"Apple M3",8,"Darwin 27.0.0 arm64","Apple LLVM 21.0.0 (clang-2100.3.34.2)"," -O3 -DNDEBUG",8,100000,pito,owned_update,ecs_get_raw,2,0,10,0.185000
aalair,"Apple M3",8,"Darwin 27.0.0 arm64","Apple LLVM 21.0.0 (clang-2100.3.34.2)"," -O3 -DNDEBUG",8,100000,pito,owned_update,ecs_get_raw,2,0,11,0.186000
aalair,"Apple M3",8,"Darwin 27.0.0 arm64","Apple LLVM 21.0.0 (clang-2100.3.34.2)"," -O3 -DNDEBUG",8,100000,pito,owned_update,ecs_get_raw,2,0,12,0.183000
aalair,"Apple M3",8,"Darwin 27.0.0 arm64","Apple LLVM 21.0.0 (clang-2100.3.34.2)"," -O3 -DNDEBUG",8,100000,pito,owned_update,ecs_get_raw,2,0,13,0.191000
aalair,"Apple M3",8,"Darwin 27.0.0 arm64","Apple LLVM 21.0.0 (clang-2100.3.34.2)"," -O3 -DNDEBUG",8,100000,pito,owned_update,ecs_get_raw,2,0,14,0.184000
aalair,"Apple M3",8,"Darwin 27.0.0 arm64","Apple LLVM 21.0.0 (clang-2100.3.34.2)"," -O3 -DNDEBUG",8,100000,pito,owned_update,ecs_get_raw,2,10,1,1.353000
aalair,"Apple M3",8,"Darwin 27.0.0 arm64","Apple LLVM 21.0.0 (clang-2100.3.34.2)"," -O3 -DNDEBUG",8,100000,pito,owned_update,ecs_get_raw,2,10,2,1.351000
aalair,"Apple M3",8,"Darwin 27.0.0 arm64","Apple LLVM 21.0.0 (clang-2100.3.34.2)"," -O3 -DNDEBUG",8,100000,pito,owned_update,ecs_get_raw,2,10,3,1.341000
aalair,"Apple M3",8,"Darwin 27.0.0 arm64","Apple LLVM 21.0.0 (clang-2100.3.34.2)"," -O3 -DNDEBUG",8,100000,pito,owned_update,ecs_get_raw,2,10,4,1.430000
aalair,"Apple M3",8,"Darwin 27.0.0 arm64","Apple LLVM 21.0.0 (clang-2100.3.34.2)"," -O3 -DNDEBUG",8,100000,pito,owned_update,ecs_get_raw,2,10,5,1.350000
aalair,"Apple M3",8,"Darwin 27.0.0 arm64","Apple LLVM 21.0.0 (clang-2100.3.34.2)"," -O3 -DNDEBUG",8,100000,pito,owned_update,ecs_get_raw,2,10,6,1.339000
aalair,"Apple M3",8,"Darwin 27.0.0 arm64","Apple LLVM 21.0.0 (clang-2100.3.34.2)"," -O3 -DNDEBUG",8,100000,pito,owned_update,ecs_get_raw,2,10,7,1.341000
aalair,"Apple M3",8,"Darwin 27.0.0 arm64","Apple LLVM 21.0.0 (clang-2100.3.34.2)"," -O3 -DNDEBUG",8,100000,pito,owned_update,ecs_get_raw,2,10,8,1.345000
aalair,"Apple M3",8,"Darwin 27.0.0 arm64","Apple LLVM 21.0.0 (clang-2100.3.34.2)"," -O3 -DNDEBUG",8,100000,pito,owned_update,ecs_get_raw,2,10,9,1.492000
aalair,"Apple M3",8,"Darwin 27.0.0 arm64","Apple LLVM 21.0.0 (clang-2100.3.34.2)"," -O3 -DNDEBUG",8,100000,pito,owned_update,ecs_get_raw,2,10,10,1.345000
aalair,"Apple M3",8,"Darwin 27.0.0 arm64","Apple LLVM 21.0.0 (clang-2100.3.34.2)"," -O3 -DNDEBUG",8,100000,pito,owned_update,ecs_get_raw,2,10,11,1.320000
aalair,"Apple M3",8,"Darwin 27.0.0 arm64","Apple LLVM 21.0.0 (clang-2100.3.34.2)"," -O3 -DNDEBUG",8,100000,pito,owned_update,ecs_get_raw,2,10,12,1.333000
aalair,"Apple M3",8,"Darwin 27.0.0 arm64","Apple LLVM 21.0.0 (clang-2100.3.34.2)"," -O3 -DNDEBUG",8,100000,pito,owned_update,ecs_get_raw,2,10,13,1.327000
aalair,"Apple M3",8,"Darwin 27.0.0 arm64","Apple LLVM 21.0.0 (clang-2100.3.34.2)"," -O3 -DNDEBUG",8,100000,pito,owned_update,ecs_get_raw,2,10,14,1.319000
aalair,"Apple M3",8,"Darwin 27.0.0 arm64","Apple LLVM 21.0.0 (clang-2100.3.34.2)"," -O3 -DNDEBUG",8,100000,pito,owned_update,ecs_get_raw,2,500,1,176.879000
aalair,"Apple M3",8,"Darwin 27.0.0 arm64","Apple LLVM 21.0.0 (clang-2100.3.34.2)"," -O3 -DNDEBUG",8,100000,pito,owned_update,ecs_get_raw,2,500,2,173.182000
aalair,"Apple M3",8,"Darwin 27.0.0 arm64","Apple LLVM 21.0.0 (clang-2100.3.34.2)"," -O3 -DNDEBUG",8,100000,pito,owned_update,ecs_get_raw,2,500,3,173.205000
aalair,"Apple M3",8,"Darwin 27.0.0 arm64","Apple LLVM 21.0.0 (clang-2100.3.34.2)"," -O3 -DNDEBUG",8,100000,pito,owned_update,ecs_get_raw,2,500,4,173.257000
aalair,"Apple M3",8,"Darwin 27.0.0 arm64","Apple LLVM 21.0.0 (clang-2100.3.34.2)"," -O3 -DNDEBUG",8,100000,pito,owned_update,ecs_get_raw,2,500,5,173.164000
aalair,"Apple M3",8,"Darwin 27.0.0 arm64","Apple LLVM 21.0.0 (clang-2100.3.34.2)"," -O3 -DNDEBUG",8,100000,pito,owned_update,ecs_get_raw,2,500,6,173.282000
aalair,"Apple M3",8,"Darwin 27.0.0 arm64","Apple LLVM 21.0.0 (clang-2100.3.34.2)"," -O3 -DNDEBUG",8,100000,pito,owned_update,ecs_get_raw,2,500,7,173.351000
aalair,"Apple M3",8,"Darwin 27.0.0 arm64","Apple LLVM 21.0.0 (clang-2100.3.34.2)"," -O3 -DNDEBUG",8,100000,pito,owned_update,ecs_get_raw,2,500,8,173.230000
aalair,"Apple M3",8,"Darwin 27.0.0 arm64","Apple LLVM 21.0.0 (clang-2100.3.34.2)"," -O3 -DNDEBUG",8,100000,pito,owned_update,ecs_get_raw,2,500,9,173.159000
aalair,"Apple M3",8,"Darwin 27.0.0 arm64","Apple LLVM 21.0.0 (clang-2100.3.34.2)"," -O3 -DNDEBUG",8,100000,pito,owned_update,ecs_get_raw,2,500,10,173.370000
aalair,"Apple M3",8,"Darwin 27.0.0 arm64","Apple LLVM 21.0.0 (clang-2100.3.34.2)"," -O3 -DNDEBUG",8,100000,pito,owned_update,ecs_get_raw,4,0,1,0.116000
aalair,"Apple M3",8,"Darwin 27.0.0 arm64","Apple LLVM 21.0.0 (clang-2100.3.34.2)"," -O3 -DNDEBUG",8,100000,pito,owned_update,ecs_get_raw,4,0,2,0.126000
aalair,"Apple M3",8,"Darwin 27.0.0 arm64","Apple LLVM 21.0.0 (clang-2100.3.34.2)"," -O3 -DNDEBUG",8,100000,pito,owned_update,ecs_get_raw,4,0,3,0.127000
aalair,"Apple M3",8,"Darwin 27.0.0 arm64","Apple LLVM 21.0.0 (clang-2100.3.34.2)"," -O3 -DNDEBUG",8,100000,pito,owned_update,ecs_get_raw,4,0,4,0.122000
aalair,"Apple M3",8,"Darwin 27.0.0 arm64","Apple LLVM 21.0.0 (clang-2100.3.34.2)"," -O3 -DNDEBUG",8,100000,pito,owned_update,ecs_get_raw,4,0,5,0.119000
aalair,"Apple M3",8,"Darwin 27.0.0 arm64","Apple LLVM 21.0.0 (clang-2100.3.34.2)"," -O3 -DNDEBUG",8,100000,pito,owned_update,ecs_get_raw,4,0,6,0.116000
aalair,"Apple M3",8,"Darwin 27.0.0 arm64","Apple LLVM 21.0.0 (clang-2100.3.34.2)"," -O3 -DNDEBUG",8,100000,pito,owned_update,ecs_get_raw,4,0,7,0.176000
aalair,"Apple M3",8,"Darwin 27.0.0 arm64","Apple LLVM 21.0.0 (clang-2100.3.34.2)"," -O3 -DNDEBUG",8,100000,pito,owned_update,ecs_get_raw,4,0,8,0.152000
aalair,"Apple M3",8,"Darwin 27.0.0 arm64","Apple LLVM 21.0.0 (clang-2100.3.34.2)"," -O3 -DNDEBUG",8,100000,pito,owned_update,ecs_get_raw,4,0,9,0.118000
aalair,"Apple M3",8,"Darwin 27.0.0 arm64","Apple LLVM 21.0.0 (clang-2100.3.34.2)"," -O3 -DNDEBUG",8,100000,pito,owned_update,ecs_get_raw,4,0,10,0.121000
aalair,"Apple M3",8,"Darwin 27.0.0 arm64","Apple LLVM 21.0.0 (clang-2100.3.34.2)"," -O3 -DNDEBUG",8,100000,pito,owned_update,ecs_get_raw,4,0,11,0.122000
aalair,"Apple M3",8,"Darwin 27.0.0 arm64","Apple LLVM 21.0.0 (clang-2100.3.34.2)"," -O3 -DNDEBUG",8,100000,pito,owned_update,ecs_get_raw,4,0,12,0.130000
aalair,"Apple M3",8,"Darwin 27.0.0 arm64","Apple LLVM 21.0.0 (clang-2100.3.34.2)"," -O3 -DNDEBUG",8,100000,pito,owned_update,ecs_get_raw,4,0,13,0.133000
aalair,"Apple M3",8,"Darwin 27.0.0 arm64","Apple LLVM 21.0.0 (clang-2100.3.34.2)"," -O3 -DNDEBUG",8,100000,pito,owned_update,ecs_get_raw,4,0,14,0.175000
aalair,"Apple M3",8,"Darwin 27.0.0 arm64","Apple LLVM 21.0.0 (clang-2100.3.34.2)"," -O3 -DNDEBUG",8,100000,pito,owned_update,ecs_get_raw,4,0,15,0.129000
aalair,"Apple M3",8,"Darwin 27.0.0 arm64","Apple LLVM 21.0.0 (clang-2100.3.34.2)"," -O3 -DNDEBUG",8,100000,pito,owned_update,ecs_get_raw,4,0,16,0.118000
aalair,"Apple M3",8,"Darwin 27.0.0 arm64","Apple LLVM 21.0.0 (clang-2100.3.34.2)"," -O3 -DNDEBUG",8,100000,pito,owned_update,ecs_get_raw,4,0,17,0.115000
aalair,"Apple M3",8,"Darwin 27.0.0 arm64","Apple LLVM 21.0.0 (clang-2100.3.34.2)"," -O3 -DNDEBUG",8,100000,pito,owned_update,ecs_get_raw,4,0,18,0.120000
aalair,"Apple M3",8,"Darwin 27.0.0 arm64","Apple LLVM 21.0.0 (clang-2100.3.34.2)"," -O3 -DNDEBUG",8,100000,pito,owned_update,ecs_get_raw,4,0,19,0.122000
aalair,"Apple M3",8,"Darwin 27.0.0 arm64","Apple LLVM 21.0.0 (clang-2100.3.34.2)"," -O3 -DNDEBUG",8,100000,pito,owned_update,ecs_get_raw,4,0,20,0.129000
aalair,"Apple M3",8,"Darwin 27.0.0 arm64","Apple LLVM 21.0.0 (clang-2100.3.34.2)"," -O3 -DNDEBUG",8,100000,pito,owned_update,ecs_get_raw,4,0,21,0.124000
aalair,"Apple M3",8,"Darwin 27.0.0 arm64","Apple LLVM 21.0.0 (clang-2100.3.34.2)"," -O3 -DNDEBUG",8,100000,pito,owned_update,ecs_get_raw,4,0,22,0.119000
aalair,"Apple M3",8,"Darwin 27.0.0 arm64","Apple LLVM 21.0.0 (clang-2100.3.34.2)"," -O3 -DNDEBUG",8,100000,pito,owned_update,ecs_get_raw,4,0,23,0.120000
aalair,"Apple M3",8,"Darwin 27.0.0 arm64","Apple LLVM 21.0.0 (clang-2100.3.34.2)"," -O3 -DNDEBUG",8,100000,pito,owned_update,ecs_get_raw,4,0,24,0.104000
aalair,"Apple M3",8,"Darwin 27.0.0 arm64","Apple LLVM 21.0.0 (clang-2100.3.34.2)"," -O3 -DNDEBUG",8,100000,pito,owned_update,ecs_get_raw,4,0,25,0.110000
aalair,"Apple M3",8,"Darwin 27.0.0 arm64","Apple LLVM 21.0.0 (clang-2100.3.34.2)"," -O3 -DNDEBUG",8,100000,pito,owned_update,ecs_get_raw,4,0,26,0.126000
aalair,"Apple M3",8,"Darwin 27.0.0 arm64","Apple LLVM 21.0.0 (clang-2100.3.34.2)"," -O3 -DNDEBUG",8,100000,pito,owned_update,ecs_get_raw,4,10,1,0.749000
aalair,"Apple M3",8,"Darwin 27.0.0 arm64","Apple LLVM 21.0.0 (clang-2100.3.34.2)"," -O3 -DNDEBUG",8,100000,pito,owned_update,ecs_get_raw,4,10,2,0.774000
aalair,"Apple M3",8,"Darwin 27.0.0 arm64","Apple LLVM 21.0.0 (clang-2100.3.34.2)"," -O3 -DNDEBUG",8,100000,pito,owned_update,ecs_get_raw,4,10,3,0.775000
aalair,"Apple M3",8,"Darwin 27.0.0 arm64","Apple LLVM 21.0.0 (clang-2100.3.34.2)"," -O3 -DNDEBUG",8,100000,pito,owned_update,ecs_get_raw,4,10,4,0.774000
aalair,"Apple M3",8,"Darwin 27.0.0 arm64","Apple LLVM 21.0.0 (clang-2100.3.34.2)"," -O3 -DNDEBUG",8,100000,pito,owned_update,ecs_get_raw,4,10,5,0.774000
aalair,"Apple M3",8,"Darwin 27.0.0 arm64","Apple LLVM 21.0.0 (clang-2100.3.34.2)"," -O3 -DNDEBUG",8,100000,pito,owned_update,ecs_get_raw,4,10,6,0.773000
aalair,"Apple M3",8,"Darwin 27.0.0 arm64","Apple LLVM 21.0.0 (clang-2100.3.34.2)"," -O3 -DNDEBUG",8,100000,pito,owned_update,ecs_get_raw,4,10,7,0.773000
aalair,"Apple M3",8,"Darwin 27.0.0 arm64","Apple LLVM 21.0.0 (clang-2100.3.34.2)"," -O3 -DNDEBUG",8,100000,pito,owned_update,ecs_get_raw,4,10,8,0.774000
aalair,"Apple M3",8,"Darwin 27.0.0 arm64","Apple LLVM 21.0.0 (clang-2100.3.34.2)"," -O3 -DNDEBUG",8,100000,pito,owned_update,ecs_get_raw,4,10,9,0.774000
aalair,"Apple M3",8,"Darwin 27.0.0 arm64","Apple LLVM 21.0.0 (clang-2100.3.34.2)"," -O3 -DNDEBUG",8,100000,pito,owned_update,ecs_get_raw,4,10,10,0.774000
aalair,"Apple M3",8,"Darwin 27.0.0 arm64","Apple LLVM 21.0.0 (clang-2100.3.34.2)"," -O3 -DNDEBUG",8,100000,pito,owned_update,ecs_get_raw,4,500,1,94.222000
aalair,"Apple M3",8,"Darwin 27.0.0 arm64","Apple LLVM 21.0.0 (clang-2100.3.34.2)"," -O3 -DNDEBUG",8,100000,pito,owned_update,ecs_get_raw,4,500,2,94.226000
aalair,"Apple M3",8,"Darwin 27.0.0 arm64","Apple LLVM 21.0.0 (clang-2100.3.34.2)"," -O3 -DNDEBUG",8,100000,pito,owned_update,ecs_get_raw,4,500,3,94.225000
aalair,"Apple M3",8,"Darwin 27.0.0 arm64","Apple LLVM 21.0.0 (clang-2100.3.34.2)"," -O3 -DNDEBUG",8,100000,pito,owned_update,ecs_get_raw,4,500,4,94.227000
aalair,"Apple M3",8,"Darwin 27.0.0 arm64","Apple LLVM 21.0.0 (clang-2100.3.34.2)"," -O3 -DNDEBUG",8,100000,pito,owned_update,ecs_get_raw,4,500,5,94.221000
aalair,"Apple M3",8,"Darwin 27.0.0 arm64","Apple LLVM 21.0.0 (clang-2100.3.34.2)"," -O3 -DNDEBUG",8,100000,pito,owned_update,ecs_get_raw,4,500,6,94.225000
aalair,"Apple M3",8,"Darwin 27.0.0 arm64","Apple LLVM 21.0.0 (clang-2100.3.34.2)"," -O3 -DNDEBUG",8,100000,pito,owned_update,ecs_get_raw,4,500,7,94.223000
aalair,"Apple M3",8,"Darwin 27.0.0 arm64","Apple LLVM 21.0.0 (clang-2100.3.34.2)"," -O3 -DNDEBUG",8,100000,pito,owned_update,ecs_get_raw,4,500,8,94.591000
aalair,"Apple M3",8,"Darwin 27.0.0 arm64","Apple LLVM 21.0.0 (clang-2100.3.34.2)"," -O3 -DNDEBUG",8,100000,pito,owned_update,ecs_get_raw,4,500,9,94.275000
aalair,"Apple M3",8,"Darwin 27.0.0 arm64","Apple LLVM 21.0.0 (clang-2100.3.34.2)"," -O3 -DNDEBUG",8,100000,pito,owned_update,ecs_get_raw,4,500,10,94.233000
aalair,"Apple M3",8,"Darwin 27.0.0 arm64","Apple LLVM 21.0.0 (clang-2100.3.34.2)"," -O3 -DNDEBUG",8,100000,pito,owned_update,ecs_get_raw,8,0,1,0.125000
aalair,"Apple M3",8,"Darwin 27.0.0 arm64","Apple LLVM 21.0.0 (clang-2100.3.34.2)"," -O3 -DNDEBUG",8,100000,pito,owned_update,ecs_get_raw,8,0,2,0.129000
aalair,"Apple M3",8,"Darwin 27.0.0 arm64","Apple LLVM 21.0.0 (clang-2100.3.34.2)"," -O3 -DNDEBUG",8,100000,pito,owned_update,ecs_get_raw,8,0,3,0.127000
aalair,"Apple M3",8,"Darwin 27.0.0 arm64","Apple LLVM 21.0.0 (clang-2100.3.34.2)"," -O3 -DNDEBUG",8,100000,pito,owned_update,ecs_get_raw,8,0,4,0.140000
aalair,"Apple M3",8,"Darwin 27.0.0 arm64","Apple LLVM 21.0.0 (clang-2100.3.34.2)"," -O3 -DNDEBUG",8,100000,pito,owned_update,ecs_get_raw,8,0,5,0.135000
aalair,"Apple M3",8,"Darwin 27.0.0 arm64","Apple LLVM 21.0.0 (clang-2100.3.34.2)"," -O3 -DNDEBUG",8,100000,pito,owned_update,ecs_get_raw,8,0,6,0.129000
aalair,"Apple M3",8,"Darwin 27.0.0 arm64","Apple LLVM 21.0.0 (clang-2100.3.34.2)"," -O3 -DNDEBUG",8,100000,pito,owned_update,ecs_get_raw,8,0,7,0.123000
aalair,"Apple M3",8,"Darwin 27.0.0 arm64","Apple LLVM 21.0.0 (clang-2100.3.34.2)"," -O3 -DNDEBUG",8,100000,pito,owned_update,ecs_get_raw,8,0,8,0.123000
aalair,"Apple M3",8,"Darwin 27.0.0 arm64","Apple LLVM 21.0.0 (clang-2100.3.34.2)"," -O3 -DNDEBUG",8,100000,pito,owned_update,ecs_get_raw,8,0,9,0.132000
aalair,"Apple M3",8,"Darwin 27.0.0 arm64","Apple LLVM 21.0.0 (clang-2100.3.34.2)"," -O3 -DNDEBUG",8,100000,pito,owned_update,ecs_get_raw,8,0,10,0.125000
aalair,"Apple M3",8,"Darwin 27.0.0 arm64","Apple LLVM 21.0.0 (clang-2100.3.34.2)"," -O3 -DNDEBUG",8,100000,pito,owned_update,ecs_get_raw,8,0,11,0.129000
aalair,"Apple M3",8,"Darwin 27.0.0 arm64","Apple LLVM 21.0.0 (clang-2100.3.34.2)"," -O3 -DNDEBUG",8,100000,pito,owned_update,ecs_get_raw,8,10,1,0.542000
aalair,"Apple M3",8,"Darwin 27.0.0 arm64","Apple LLVM 21.0.0 (clang-2100.3.34.2)"," -O3 -DNDEBUG",8,100000,pito,owned_update,ecs_get_raw,8,10,2,0.544000
aalair,"Apple M3",8,"Darwin 27.0.0 arm64","Apple LLVM 21.0.0 (clang-2100.3.34.2)"," -O3 -DNDEBUG",8,100000,pito,owned_update,ecs_get_raw,8,10,3,0.532000
aalair,"Apple M3",8,"Darwin 27.0.0 arm64","Apple LLVM 21.0.0 (clang-2100.3.34.2)"," -O3 -DNDEBUG",8,100000,pito,owned_update,ecs_get_raw,8,10,4,0.521000
aalair,"Apple M3",8,"Darwin 27.0.0 arm64","Apple LLVM 21.0.0 (clang-2100.3.34.2)"," -O3 -DNDEBUG",8,100000,pito,owned_update,ecs_get_raw,8,10,5,0.525000
aalair,"Apple M3",8,"Darwin 27.0.0 arm64","Apple LLVM 21.0.0 (clang-2100.3.34.2)"," -O3 -DNDEBUG",8,100000,pito,owned_update,ecs_get_raw,8,10,6,0.527000
aalair,"Apple M3",8,"Darwin 27.0.0 arm64","Apple LLVM 21.0.0 (clang-2100.3.34.2)"," -O3 -DNDEBUG",8,100000,pito,owned_update,ecs_get_raw,8,10,7,0.539000
aalair,"Apple M3",8,"Darwin 27.0.0 arm64","Apple LLVM 21.0.0 (clang-2100.3.34.2)"," -O3 -DNDEBUG",8,100000,pito,owned_update,ecs_get_raw,8,10,8,0.532000
aalair,"Apple M3",8,"Darwin 27.0.0 arm64","Apple LLVM 21.0.0 (clang-2100.3.34.2)"," -O3 -DNDEBUG",8,100000,pito,owned_update,ecs_get_raw,8,10,9,0.523000
aalair,"Apple M3",8,"Darwin 27.0.0 arm64","Apple LLVM 21.0.0 (clang-2100.3.34.2)"," -O3 -DNDEBUG",8,100000,pito,owned_update,ecs_get_raw,8,10,10,0.518000
aalair,"Apple M3",8,"Darwin 27.0.0 arm64","Apple LLVM 21.0.0 (clang-2100.3.34.2)"," -O3 -DNDEBUG",8,100000,pito,owned_update,ecs_get_raw,8,500,1,57.961000
aalair,"Apple M3",8,"Darwin 27.0.0 arm64","Apple LLVM 21.0.0 (clang-2100.3.34.2)"," -O3 -DNDEBUG",8,100000,pito,owned_update,ecs_get_raw,8,500,2,57.914000
aalair,"Apple M3",8,"Darwin 27.0.0 arm64","Apple LLVM 21.0.0 (clang-2100.3.34.2)"," -O3 -DNDEBUG",8,100000,pito,owned_update,ecs_get_raw,8,500,3,58.284000
aalair,"Apple M3",8,"Darwin 27.0.0 arm64","Apple LLVM 21.0.0 (clang-2100.3.34.2)"," -O3 -DNDEBUG",8,100000,pito,owned_update,ecs_get_raw,8,500,4,63.146000
aalair,"Apple M3",8,"Darwin 27.0.0 arm64","Apple LLVM 21.0.0 (clang-2100.3.34.2)"," -O3 -DNDEBUG",8,100000,pito,owned_update,ecs_get_raw,8,500,5,60.189000
aalair,"Apple M3",8,"Darwin 27.0.0 arm64","Apple LLVM 21.0.0 (clang-2100.3.34.2)"," -O3 -DNDEBUG",8,100000,pito,owned_update,ecs_get_raw,8,500,6,57.609000
aalair,"Apple M3",8,"Darwin 27.0.0 arm64","Apple LLVM 21.0.0 (clang-2100.3.34.2)"," -O3 -DNDEBUG",8,100000,pito,owned_update,ecs_get_raw,8,500,7,57.728000
aalair,"Apple M3",8,"Darwin 27.0.0 arm64","Apple LLVM 21.0.0 (clang-2100.3.34.2)"," -O3 -DNDEBUG",8,100000,pito,owned_update,ecs_get_raw,8,500,8,57.549000
aalair,"Apple M3",8,"Darwin 27.0.0 arm64","Apple LLVM 21.0.0 (clang-2100.3.34.2)"," -O3 -DNDEBUG",8,100000,pito,owned_update,ecs_get_raw,8,500,9,58.882000
aalair,"Apple M3",8,"Darwin 27.0.0 arm64","Apple LLVM 21.0.0 (clang-2100.3.34.2)"," -O3 -DNDEBUG",8,100000,pito,owned_update,ecs_get_raw,8,500,10,58.972000
aalair,"Apple M3",8,"Darwin 27.0.0 arm64","Apple LLVM 21.0.0 (clang-2100.3.34.2)"," -O3 -DNDEBUG",8,100000,pito,owned_update,ecs_get_raw,8,500,11,57.283000
aalair,"Apple M3",8,"Darwin 27.0.0 arm64","Apple LLVM 21.0.0 (clang-2100.3.34.2)"," -O3 -DNDEBUG -DPITO_ECS_OWNED_DELETE_ATOMIC=1",8,100000,pito,owned_update,ecs_get,1,0,1,6.593000
aalair,"Apple M3",8,"Darwin 27.0.0 arm64","Apple LLVM 21.0.0 (clang-2100.3.34.2)"," -O3 -DNDEBUG -DPITO_ECS_OWNED_DELETE_ATOMIC=1",8,100000,pito,owned_update,ecs_get,1,0,2,6.625000
aalair,"Apple M3",8,"Darwin 27.0.0 arm64","Apple LLVM 21.0.0 (clang-2100.3.34.2)"," -O3 -DNDEBUG -DPITO_ECS_OWNED_DELETE_ATOMIC=1",8,100000,pito,owned_update,ecs_get,1,0,3,6.620000
aalair,"Apple M3",8,"Darwin 27.0.0 arm64","Apple LLVM 21.0.0 (clang-2100.3.34.2)"," -O3 -DNDEBUG -DPITO_ECS_OWNED_DELETE_ATOMIC=1",8,100000,pito,owned_update,ecs_get,1,0,4,6.616000
aalair,"Apple M3",8,"Darwin 27.0.0 arm64","Apple LLVM 21.0.0 (clang-2100.3.34.2)"," -O3 -DNDEBUG -DPITO_ECS_OWNED_DELETE_ATOMIC=1",8,100000,pito,owned_update,ecs_get,1,0,5,6.616000
aalair,"Apple M3",8,"Darwin 27.0.0 arm64","Apple LLVM 21.0.0 (clang-2100.3.34.2)"," -O3 -DNDEBUG -DPITO_ECS_OWNED_DELETE_ATOMIC=1",8,100000,pito,owned_update,ecs_get,1,0,6,6.617000
aalair,"Apple M3",8,"Darwin 27.0.0 arm64","Apple LLVM 21.0.0 (clang-2100.3.34.2)"," -O3 -DNDEBUG -DPITO_ECS_OWNED_DELETE_ATOMIC=1",8,100000,pito,owned_update,ecs_get,1,0,7,6.615000
aalair,"Apple M3",8,"Darwin 27.0.0 arm64","Apple LLVM 21.0.0 (clang-2100.3.34.2)"," -O3 -DNDEBUG -DPITO_ECS_OWNED_DELETE_ATOMIC=1",8,100000,pito,owned_update,ecs_get,1,0,8,6.629000
aalair,"Apple M3",8,"Darwin 27.0.0 arm64","Apple LLVM 21.0.0 (clang-2100.3.34.2)"," -O3 -DNDEBUG -DPITO_ECS_OWNED_DELETE_ATOMIC=1",8,100000,pito,owned_update,ecs_get,1,0,9,6.629000
aalair,"Apple M3",8,"Darwin 27.0.0 arm64","Apple LLVM 21.0.0 (clang-2100.3.34.2)"," -O3 -DNDEBUG -DPITO_ECS_OWNED_DELETE_ATOMIC=1",8,100000,pito,owned_update,ecs_get,1,0,10,6.804000
aalair,"Apple M3",8,"Darwin 27.0.0 arm64","Apple LLVM 21.0.0 (clang-2100.3.34.2)"," -O3 -DNDEBUG -DPITO_ECS_OWNED_DELETE_ATOMIC=1",8,100000,pito,owned_update,ecs_get,1,10,1,9.336000
aalair,"Apple M3",8,"Darwin 27.0.0 arm64","Apple LLVM 21.0.0 (clang-2100.3.34.2)"," -O3 -DNDEBUG -DPITO_ECS_OWNED_DELETE_ATOMIC=1",8,100000,pito,owned_update,ecs_get,1,10,2,8.686000
aalair,"Apple M3",8,"Darwin 27.0.0 arm64","Apple LLVM 21.0.0 (clang-2100.3.34.2)"," -O3 -DNDEBUG -DPITO_ECS_OWNED_DELETE_ATOMIC=1",8,100000,pito,owned_update,ecs_get,1,10,3,8.681000
aalair,"Apple M3",8,"Darwin 27.0.0 arm64","Apple LLVM 21.0.0 (clang-2100.3.34.2)"," -O3 -DNDEBUG -DPITO_ECS_OWNED_DELETE_ATOMIC=1",8,100000,pito,owned_update,ecs_get,1,10,4,8.686000
aalair,"Apple M3",8,"Darwin 27.0.0 arm64","Apple LLVM 21.0.0 (clang-2100.3.34.2)"," -O3 -DNDEBUG -DPITO_ECS_OWNED_DELETE_ATOMIC=1",8,100000,pito,owned_update,ecs_get,1,10,5,8.684000
aalair,"Apple M3",8,"Darwin 27.0.0 arm64","Apple LLVM 21.0.0 (clang-2100.3.34.2)"," -O3 -DNDEBUG -DPITO_ECS_OWNED_DELETE_ATOMIC=1",8,100000,pito,owned_update,ecs_get,1,10,6,8.683000
aalair,"Apple M3",8,"Darwin 27.0.0 arm64","Apple LLVM 21.0.0 (clang-2100.3.34.2)"," -O3 -DNDEBUG -DPITO_ECS_OWNED_DELETE_ATOMIC=1",8,100000,pito,owned_update,ecs_get,1,10,7,8.683000
aalair,"Apple M3",8,"Darwin 27.0.0 arm64","Apple LLVM 21.0.0 (clang-2100.3.34.2)"," -O3 -DNDEBUG -DPITO_ECS_OWNED_DELETE_ATOMIC=1",8,100000,pito,owned_update,ecs_get,1,10,8,8.682000
aalair,"Apple M3",8,"Darwin 27.0.0 arm64","Apple LLVM 21.0.0 (clang-2100.3.34.2)"," -O3 -DNDEBUG -DPITO_ECS_OWNED_DELETE_ATOMIC=1",8,100000,pito,owned_update,ecs_get,1,10,9,8.682000
aalair,"Apple M3",8,"Darwin 27.0.0 arm64","Apple LLVM 21.0.0 (clang-2100.3.34.2)"," -O3 -DNDEBUG -DPITO_ECS_OWNED_DELETE_ATOMIC=1",8,100000,pito,owned_update,ecs_get,1,10,10,8.684000
aalair,"Apple M3",8,"Darwin 27.0.0 arm64","Apple LLVM 21.0.0 (clang-2100.3.34.2)"," -O3 -DNDEBUG -DPITO_ECS_OWNED_DELETE_ATOMIC=1",8,100000,pito,owned_update,ecs_get,1,10,11,8.685000
aalair,"Apple M3",8,"Darwin 27.0.0 arm64","Apple LLVM 21.0.0 (clang-2100.3.34.2)"," -O3 -DNDEBUG -DPITO_ECS_OWNED_DELETE_ATOMIC=1",8,100000,pito,owned_update,ecs_get,1,500,1,355.763000
aalair,"Apple M3",8,"Darwin 27.0.0 arm64","Apple LLVM 21.0.0 (clang-2100.3.34.2)"," -O3 -DNDEBUG -DPITO_ECS_OWNED_DELETE_ATOMIC=1",8,100000,pito,owned_update,ecs_get,1,500,2,355.732000
aalair,"Apple M3",8,"Darwin 27.0.0 arm64","Apple LLVM 21.0.0 (clang-2100.3.34.2)"," -O3 -DNDEBUG -DPITO_ECS_OWNED_DELETE_ATOMIC=1",8,100000,pito,owned_update,ecs_get,1,500,3,356.234000
aalair,"Apple M3",8,"Darwin 27.0.0 arm64","Apple LLVM 21.0.0 (clang-2100.3.34.2)"," -O3 -DNDEBUG -DPITO_ECS_OWNED_DELETE_ATOMIC=1",8,100000,pito,owned_update,ecs_get,1,500,4,355.867000
aalair,"Apple M3",8,"Darwin 27.0.0 arm64","Apple LLVM 21.0.0 (clang-2100.3.34.2)"," -O3 -DNDEBUG -DPITO_ECS_OWNED_DELETE_ATOMIC=1",8,100000,pito,owned_update,ecs_get,1,500,5,355.598000
aalair,"Apple M3",8,"Darwin 27.0.0 arm64","Apple LLVM 21.0.0 (clang-2100.3.34.2)"," -O3 -DNDEBUG -DPITO_ECS_OWNED_DELETE_ATOMIC=1",8,100000,pito,owned_update,ecs_get,1,500,6,356.767000
aalair,"Apple M3",8,"Darwin 27.0.0 arm64","Apple LLVM 21.0.0 (clang-2100.3.34.2)"," -O3 -DNDEBUG -DPITO_ECS_OWNED_DELETE_ATOMIC=1",8,100000,pito,owned_update,ecs_get,1,500,7,355.684000
aalair,"Apple M3",8,"Darwin 27.0.0 arm64","Apple LLVM 21.0.0 (clang-2100.3.34.2)"," -O3 -DNDEBUG -DPITO_ECS_OWNED_DELETE_ATOMIC=1",8,100000,pito,owned_update,ecs_get,1,500,8,357.130000
aalair,"Apple M3",8,"Darwin 27.0.0 arm64","Apple LLVM 21.0.0 (clang-2100.3.34.2)"," -O3 -DNDEBUG -DPITO_ECS_OWNED_DELETE_ATOMIC=1",8,100000,pito,owned_update,ecs_get,1,500,9,355.739000
aalair,"Apple M3",8,"Darwin 27.0.0 arm64","Apple LLVM 21.0.0 (clang-2100.3.34.2)"," -O3 -DNDEBUG -DPITO_ECS_OWNED_DELETE_ATOMIC=1",8,100000,pito,owned_update,ecs_get,1,500,10,355.599000
aalair,"Apple M3",8,"Darwin 27.0.0 arm64","Apple LLVM 21.0.0 (clang-2100.3.34.2)"," -O3 -DNDEBUG -DPITO_ECS_OWNED_DELETE_ATOMIC=1",8,100000,pito,owned_update,ecs_get,2,0,1,3.360000
aalair,"Apple M3",8,"Darwin 27.0.0 arm64","Apple LLVM 21.0.0 (clang-2100.3.34.2)"," -O3 -DNDEBUG -DPITO_ECS_OWNED_DELETE_ATOMIC=1",8,100000,pito,owned_update,ecs_get,2,0,2,3.361000
aalair,"Apple M3",8,"Darwin 27.0.0 arm64","Apple LLVM 21.0.0 (clang-2100.3.34.2)"," -O3 -DNDEBUG -DPITO_ECS_OWNED_DELETE_ATOMIC=1",8,100000,pito,owned_update,ecs_get,2,0,3,3.359000
aalair,"Apple M3",8,"Darwin 27.0.0 arm64","Apple LLVM 21.0.0 (clang-2100.3.34.2)"," -O3 -DNDEBUG -DPITO_ECS_OWNED_DELETE_ATOMIC=1",8,100000,pito,owned_update,ecs_get,2,0,4,3.359000
aalair,"Apple M3",8,"Darwin 27.0.0 arm64","Apple LLVM 21.0.0 (clang-2100.3.34.2)"," -O3 -DNDEBUG -DPITO_ECS_OWNED_DELETE_ATOMIC=1",8,100000,pito,owned_update,ecs_get,2,0,5,3.362000
aalair,"Apple M3",8,"Darwin 27.0.0 arm64","Apple LLVM 21.0.0 (clang-2100.3.34.2)"," -O3 -DNDEBUG -DPITO_ECS_OWNED_DELETE_ATOMIC=1",8,100000,pito,owned_update,ecs_get,2,0,6,3.367000
aalair,"Apple M3",8,"Darwin 27.0.0 arm64","Apple LLVM 21.0.0 (clang-2100.3.34.2)"," -O3 -DNDEBUG -DPITO_ECS_OWNED_DELETE_ATOMIC=1",8,100000,pito,owned_update,ecs_get,2,0,7,3.370000
aalair,"Apple M3",8,"Darwin 27.0.0 arm64","Apple LLVM 21.0.0 (clang-2100.3.34.2)"," -O3 -DNDEBUG -DPITO_ECS_OWNED_DELETE_ATOMIC=1",8,100000,pito,owned_update,ecs_get,2,0,8,3.368000
aalair,"Apple M3",8,"Darwin 27.0.0 arm64","Apple LLVM 21.0.0 (clang-2100.3.34.2)"," -O3 -DNDEBUG -DPITO_ECS_OWNED_DELETE_ATOMIC=1",8,100000,pito,owned_update,ecs_get,2,0,9,3.368000
aalair,"Apple M3",8,"Darwin 27.0.0 arm64","Apple LLVM 21.0.0 (clang-2100.3.34.2)"," -O3 -DNDEBUG -DPITO_ECS_OWNED_DELETE_ATOMIC=1",8,100000,pito,owned_update,ecs_get,2,0,10,3.367000
aalair,"Apple M3",8,"Darwin 27.0.0 arm64","Apple LLVM 21.0.0 (clang-2100.3.34.2)"," -O3 -DNDEBUG -DPITO_ECS_OWNED_DELETE_ATOMIC=1",8,100000,pito,owned_update,ecs_get,2,10,1,4.734000
aalair,"Apple M3",8,"Darwin 27.0.0 arm64","Apple LLVM 21.0.0 (clang-2100.3.34.2)"," -O3 -DNDEBUG -DPITO_ECS_OWNED_DELETE_ATOMIC=1",8,100000,pito,owned_update,ecs_get,2,10,2,4.947000
aalair,"Apple M3",8,"Darwin 27.0.0 arm64","Apple LLVM 21.0.0 (clang-2100.3.34.2)"," -O3 -DNDEBUG -DPITO_ECS_OWNED_DELETE_ATOMIC=1",8,100000,pito,owned_update,ecs_get,2,10,3,4.844000
aalair,"Apple M3",8,"Darwin 27.0.0 arm64","Apple LLVM 21.0.0 (clang-2100.3.34.2)"," -O3 -DNDEBUG -DPITO_ECS_OWNED_DELETE_ATOMIC=1",8,100000,pito,owned_update,ecs_get,2,10,4,4.843000
aalair,"Apple M3",8,"Darwin 27.0.0 arm64","Apple LLVM 21.0.0 (clang-2100.3.34.2)"," -O3 -DNDEBUG -DPITO_ECS_OWNED_DELETE_ATOMIC=1",8,100000,pito,owned_update,ecs_get,2,10,5,4.737000
aalair,"Apple M3",8,"Darwin 27.0.0 arm64","Apple LLVM 21.0.0 (clang-2100.3.34.2)"," -O3 -DNDEBUG -DPITO_ECS_OWNED_DELETE_ATOMIC=1",8,100000,pito,owned_update,ecs_get,2,10,6,4.736000
aalair,"Apple M3",8,"Darwin 27.0.0 arm64","Apple LLVM 21.0.0 (clang-2100.3.34.2)"," -O3 -DNDEBUG -DPITO_ECS_OWNED_DELETE_ATOMIC=1",8,100000,pito,owned_update,ecs_get,2,10,7,4.736000
aalair,"Apple M3",8,"Darwin 27.0.0 arm64","Apple LLVM 21.0.0 (clang-2100.3.34.2)"," -O3 -DNDEBUG -DPITO_ECS_OWNED_DELETE_ATOMIC=1",8,100000,pito,owned_update,ecs_get,2,10,8,4.736000
aalair,"Apple M3",8,"Darwin 27.0.0 arm64","Apple LLVM 21.0.0 (clang-2100.3.34.2)"," -O3 -DNDEBUG -DPITO_ECS_OWNED_DELETE_ATOMIC=1",8,100000,pito,owned_update,ecs_get,2,10,9,4.736000
aalair,"Apple M3",8,"Darwin 27.0.0 arm64","Apple LLVM 21.0.0 (clang-2100.3.34.2)"," -O3 -DNDEBUG -DPITO_ECS_OWNED_DELETE_ATOMIC=1",8,100000,pito,owned_update,ecs_get,2,10,10,4.738000
aalair,"Apple M3",8,"Darwin 27.0.0 arm64","Apple LLVM 21.0.0 (clang-2100.3.34.2)"," -O3 -DNDEBUG -DPITO_ECS_OWNED_DELETE_ATOMIC=1",8,100000,pito,owned_update,ecs_get,2,500,1,182.537000
aalair,"Apple M3",8,"Darwin 27.0.0 arm64","Apple LLVM 21.0.0 (clang-2100.3.34.2)"," -O3 -DNDEBUG -DPITO_ECS_OWNED_DELETE_ATOMIC=1",8,100000,pito,owned_update,ecs_get,2,500,2,182.407000
aalair,"Apple M3",8,"Darwin 27.0.0 arm64","Apple LLVM 21.0.0 (clang-2100.3.34.2)"," -O3 -DNDEBUG -DPITO_ECS_OWNED_DELETE_ATOMIC=1",8,100000,pito,owned_update,ecs_get,2,500,3,182.396000
aalair,"Apple M3",8,"Darwin 27.0.0 arm64","Apple LLVM 21.0.0 (clang-2100.3.34.2)"," -O3 -DNDEBUG -DPITO_ECS_OWNED_DELETE_ATOMIC=1",8,100000,pito,owned_update,ecs_get,2,500,4,182.346000
aalair,"Apple M3",8,"Darwin 27.0.0 arm64","Apple LLVM 21.0.0 (clang-2100.3.34.2)"," -O3 -DNDEBUG -DPITO_ECS_OWNED_DELETE_ATOMIC=1",8,100000,pito,owned_update,ecs_get,2,500,5,182.434000
aalair,"Apple M3",8,"Darwin 27.0.0 arm64","Apple LLVM 21.0.0 (clang-2100.3.34.2)"," -O3 -DNDEBUG -DPITO_ECS_OWNED_DELETE_ATOMIC=1",8,100000,pito,owned_update,ecs_get,2,500,6,182.722000
aalair,"Apple M3",8,"Darwin 27.0.0 arm64","Apple LLVM 21.0.0 (clang-2100.3.34.2)"," -O3 -DNDEBUG -DPITO_ECS_OWNED_DELETE_ATOMIC=1",8,100000,pito,owned_update,ecs_get,2,500,7,182.398000
aalair,"Apple M3",8,"Darwin 27.0.0 arm64","Apple LLVM 21.0.0 (clang-2100.3.34.2)"," -O3 -DNDEBUG -DPITO_ECS_OWNED_DELETE_ATOMIC=1",8,100000,pito,owned_update,ecs_get,2,500,8,184.253000
aalair,"Apple M3",8,"Darwin 27.0.0 arm64","Apple LLVM 21.0.0 (clang-2100.3.34.2)"," -O3 -DNDEBUG -DPITO_ECS_OWNED_DELETE_ATOMIC=1",8,100000,pito,owned_update,ecs_get,2,500,9,182.478000
aalair,"Apple M3",8,"Darwin 27.0.0 arm64","Apple LLVM 21.0.0 (clang-2100.3.34.2)"," -O3 -DNDEBUG -DPITO_ECS_OWNED_DELETE_ATOMIC=1",8,100000,pito,owned_update,ecs_get,2,500,10,182.435000
aalair,"Apple M3",8,"Darwin 27.0.0 arm64","Apple LLVM 21.0.0 (clang-2100.3.34.2)"," -O3 -DNDEBUG -DPITO_ECS_OWNED_DELETE_ATOMIC=1",8,100000,pito,owned_update,ecs_get,4,0,1,1.793000
aalair,"Apple M3",8,"Darwin 27.0.0 arm64","Apple LLVM 21.0.0 (clang-2100.3.34.2)"," -O3 -DNDEBUG -DPITO_ECS_OWNED_DELETE_ATOMIC=1",8,100000,pito,owned_update,ecs_get,4,0,2,1.728000
aalair,"Apple M3",8,"Darwin 27.0.0 arm64","Apple LLVM 21.0.0 (clang-2100.3.34.2)"," -O3 -DNDEBUG -DPITO_ECS_OWNED_DELETE_ATOMIC=1",8,100000,pito,owned_update,ecs_get,4,0,3,1.728000
aalair,"Apple M3",8,"Darwin 27.0.0 arm64","Apple LLVM 21.0.0 (clang-2100.3.34.2)"," -O3 -DNDEBUG -DPITO_ECS_OWNED_DELETE_ATOMIC=1",8,100000,pito,owned_update,ecs_get,4,0,4,1.723000
aalair,"Apple M3",8,"Darwin 27.0.0 arm64","Apple LLVM 21.0.0 (clang-2100.3.34.2)"," -O3 -DNDEBUG -DPITO_ECS_OWNED_DELETE_ATOMIC=1",8,100000,pito,owned_update,ecs_get,4,0,5,1.730000
aalair,"Apple M3",8,"Darwin 27.0.0 arm64","Apple LLVM 21.0.0 (clang-2100.3.34.2)"," -O3 -DNDEBUG -DPITO_ECS_OWNED_DELETE_ATOMIC=1",8,100000,pito,owned_update,ecs_get,4,0,6,1.730000
aalair,"Apple M3",8,"Darwin 27.0.0 arm64","Apple LLVM 21.0.0 (clang-2100.3.34.2)"," -O3 -DNDEBUG -DPITO_ECS_OWNED_DELETE_ATOMIC=1",8,100000,pito,owned_update,ecs_get,4,0,7,1.730000
aalair,"Apple M3",8,"Darwin 27.0.0 arm64","Apple LLVM 21.0.0 (clang-2100.3.34.2)"," -O3 -DNDEBUG -DPITO_ECS_OWNED_DELETE_ATOMIC=1",8,100000,pito,owned_update,ecs_get,4,0,8,1.725000
aalair,"Apple M3",8,"Darwin 27.0.0 arm64","Apple LLVM 21.0.0 (clang-2100.3.34.2)"," -O3 -DNDEBUG -DPITO_ECS_OWNED_DELETE_ATOMIC=1",8,100000,pito,owned_update,ecs_get,4,0,9,1.727000
aalair,"Apple M3",8,"Darwin 27.0.0 arm64","Apple LLVM 21.0.0 (clang-2100.3.34.2)"," -O3 -DNDEBUG -DPITO_ECS_OWNED_DELETE_ATOMIC=1",8,100000,pito,owned_update,ecs_get,4,0,10,1.725000
aalair,"Apple M3",8,"Darwin 27.0.0 arm64","Apple LLVM 21.0.0 (clang-2100.3.34.2)"," -O3 -DNDEBUG -DPITO_ECS_OWNED_DELETE_ATOMIC=1",8,100000,pito,owned_update,ecs_get,4,10,1,2.528000
aalair,"Apple M3",8,"Darwin 27.0.0 arm64","Apple LLVM 21.0.0 (clang-2100.3.34.2)"," -O3 -DNDEBUG -DPITO_ECS_OWNED_DELETE_ATOMIC=1",8,100000,pito,owned_update,ecs_get,4,10,2,2.491000
aalair,"Apple M3",8,"Darwin 27.0.0 arm64","Apple LLVM 21.0.0 (clang-2100.3.34.2)"," -O3 -DNDEBUG -DPITO_ECS_OWNED_DELETE_ATOMIC=1",8,100000,pito,owned_update,ecs_get,4,10,3,2.476000
aalair,"Apple M3",8,"Darwin 27.0.0 arm64","Apple LLVM 21.0.0 (clang-2100.3.34.2)"," -O3 -DNDEBUG -DPITO_ECS_OWNED_DELETE_ATOMIC=1",8,100000,pito,owned_update,ecs_get,4,10,4,2.423000
aalair,"Apple M3",8,"Darwin 27.0.0 arm64","Apple LLVM 21.0.0 (clang-2100.3.34.2)"," -O3 -DNDEBUG -DPITO_ECS_OWNED_DELETE_ATOMIC=1",8,100000,pito,owned_update,ecs_get,4,10,5,2.477000
aalair,"Apple M3",8,"Darwin 27.0.0 arm64","Apple LLVM 21.0.0 (clang-2100.3.34.2)"," -O3 -DNDEBUG -DPITO_ECS_OWNED_DELETE_ATOMIC=1",8,100000,pito,owned_update,ecs_get,4,10,6,2.423000
aalair,"Apple M3",8,"Darwin 27.0.0 arm64","Apple LLVM 21.0.0 (clang-2100.3.34.2)"," -O3 -DNDEBUG -DPITO_ECS_OWNED_DELETE_ATOMIC=1",8,100000,pito,owned_update,ecs_get,4,10,7,2.423000
aalair,"Apple M3",8,"Darwin 27.0.0 arm64","Apple LLVM 21.0.0 (clang-2100.3.34.2)"," -O3 -DNDEBUG -DPITO_ECS_OWNED_DELETE_ATOMIC=1",8,100000,pito,owned_update,ecs_get,4,10,8,2.421000
aalair,"Apple M3",8,"Darwin 27.0.0 arm64","Apple LLVM 21.0.0 (clang-2100.3.34.2)"," -O3 -DNDEBUG -DPITO_ECS_OWNED_DELETE_ATOMIC=1",8,100000,pito,owned_update,ecs_get,4,10,9,2.850000
aalair,"Apple M3",8,"Darwin 27.0.0 arm64","Apple LLVM 21.0.0 (clang-2100.3.34.2)"," -O3 -DNDEBUG -DPITO_ECS_OWNED_DELETE_ATOMIC=1",8,100000,pito,owned_update,ecs_get,4,10,10,2.425000
aalair,"Apple M3",8,"Darwin 27.0.0 arm64","Apple LLVM 21.0.0 (clang-2100.3.34.2)"," -O3 -DNDEBUG -DPITO_ECS_OWNED_DELETE_ATOMIC=1",8,100000,pito,owned_update,ecs_get,4,10,11,2.477000
aalair,"Apple M3",8,"Darwin 27.0.0 arm64","Apple LLVM 21.0.0 (clang-2100.3.34.2)"," -O3 -DNDEBUG -DPITO_ECS_OWNED_DELETE_ATOMIC=1",8,100000,pito,owned_update,ecs_get,4,500,1,99.240000
aalair,"Apple M3",8,"Darwin 27.0.0 arm64","Apple LLVM 21.0.0 (clang-2100.3.34.2)"," -O3 -DNDEBUG -DPITO_ECS_OWNED_DELETE_ATOMIC=1",8,100000,pito,owned_update,ecs_get,4,500,2,99.223000
aalair,"Apple M3",8,"Darwin 27.0.0 arm64","Apple LLVM 21.0.0 (clang-2100.3.34.2)"," -O3 -DNDEBUG -DPITO_ECS_OWNED_DELETE_ATOMIC=1",8,100000,pito,owned_update,ecs_get,4,500,3,99.233000
aalair,"Apple M3",8,"Darwin 27.0.0 arm64","Apple LLVM 21.0.0 (clang-2100.3.34.2)"," -O3 -DNDEBUG -DPITO_ECS_OWNED_DELETE_ATOMIC=1",8,100000,pito,owned_update,ecs_get,4,500,4,99.235000
aalair,"Apple M3",8,"Darwin 27.0.0 arm64","Apple LLVM 21.0.0 (clang-2100.3.34.2)"," -O3 -DNDEBUG -DPITO_ECS_OWNED_DELETE_ATOMIC=1",8,100000,pito,owned_update,ecs_get,4,500,5,99.230000
aalair,"Apple M3",8,"Darwin 27.0.0 arm64","Apple LLVM 21.0.0 (clang-2100.3.34.2)"," -O3 -DNDEBUG -DPITO_ECS_OWNED_DELETE_ATOMIC=1",8,100000,pito,owned_update,ecs_get,4,500,6,99.224000
aalair,"Apple M3",8,"Darwin 27.0.0 arm64","Apple LLVM 21.0.0 (clang-2100.3.34.2)"," -O3 -DNDEBUG -DPITO_ECS_OWNED_DELETE_ATOMIC=1",8,100000,pito,owned_update,ecs_get,4,500,7,99.621000
aalair,"Apple M3",8,"Darwin 27.0.0 arm64","Apple LLVM 21.0.0 (clang-2100.3.34.2)"," -O3 -DNDEBUG -DPITO_ECS_OWNED_DELETE_ATOMIC=1",8,100000,pito,owned_update,ecs_get,4,500,8,115.783000
aalair,"Apple M3",8,"Darwin 27.0.0 arm64","Apple LLVM 21.0.0 (clang-2100.3.34.2)"," -O3 -DNDEBUG -DPITO_ECS_OWNED_DELETE_ATOMIC=1",8,100000,pito,owned_update,ecs_get,4,500,9,100.788000
aalair,"Apple M3",8,"Darwin 27.0.0 arm64","Apple LLVM 21.0.0 (clang-2100.3.34.2)"," -O3 -DNDEBUG -DPITO_ECS_OWNED_DELETE_ATOMIC=1",8,100000,pito,owned_update,ecs_get,4,500,10,99.233000
aalair,"Apple M3",8,"Darwin 27.0.0 arm64","Apple LLVM 21.0.0 (clang-2100.3.34.2)"," -O3 -DNDEBUG -DPITO_ECS_OWNED_DELETE_ATOMIC=1",8,100000,pito,owned_update,ecs_get,4,500,11,99.257000
aalair,"Apple M3",8,"Darwin 27.0.0 arm64","Apple LLVM 21.0.0 (clang-2100.3.34.2)"," -O3 -DNDEBUG -DPITO_ECS_OWNED_DELETE_ATOMIC=1",8,100000,pito,owned_update,ecs_get,8,0,1,2.378000
aalair,"Apple M3",8,"Darwin 27.0.0 arm64","Apple LLVM 21.0.0 (clang-2100.3.34.2)"," -O3 -DNDEBUG -DPITO_ECS_OWNED_DELETE_ATOMIC=1",8,100000,pito,owned_update,ecs_get,8,0,2,2.026000
aalair,"Apple M3",8,"Darwin 27.0.0 arm64","Apple LLVM 21.0.0 (clang-2100.3.34.2)"," -O3 -DNDEBUG -DPITO_ECS_OWNED_DELETE_ATOMIC=1",8,100000,pito,owned_update,ecs_get,8,0,3,2.065000
aalair,"Apple M3",8,"Darwin 27.0.0 arm64","Apple LLVM 21.0.0 (clang-2100.3.34.2)"," -O3 -DNDEBUG -DPITO_ECS_OWNED_DELETE_ATOMIC=1",8,100000,pito,owned_update,ecs_get,8,0,4,2.068000
aalair,"Apple M3",8,"Darwin 27.0.0 arm64","Apple LLVM 21.0.0 (clang-2100.3.34.2)"," -O3 -DNDEBUG -DPITO_ECS_OWNED_DELETE_ATOMIC=1",8,100000,pito,owned_update,ecs_get,8,0,5,2.394000
aalair,"Apple M3",8,"Darwin 27.0.0 arm64","Apple LLVM 21.0.0 (clang-2100.3.34.2)"," -O3 -DNDEBUG -DPITO_ECS_OWNED_DELETE_ATOMIC=1",8,100000,pito,owned_update,ecs_get,8,0,6,2.413000
aalair,"Apple M3",8,"Darwin 27.0.0 arm64","Apple LLVM 21.0.0 (clang-2100.3.34.2)"," -O3 -DNDEBUG -DPITO_ECS_OWNED_DELETE_ATOMIC=1",8,100000,pito,owned_update,ecs_get,8,0,7,2.027000
aalair,"Apple M3",8,"Darwin 27.0.0 arm64","Apple LLVM 21.0.0 (clang-2100.3.34.2)"," -O3 -DNDEBUG -DPITO_ECS_OWNED_DELETE_ATOMIC=1",8,100000,pito,owned_update,ecs_get,8,0,8,1.819000
aalair,"Apple M3",8,"Darwin 27.0.0 arm64","Apple LLVM 21.0.0 (clang-2100.3.34.2)"," -O3 -DNDEBUG -DPITO_ECS_OWNED_DELETE_ATOMIC=1",8,100000,pito,owned_update,ecs_get,8,0,9,2.061000
aalair,"Apple M3",8,"Darwin 27.0.0 arm64","Apple LLVM 21.0.0 (clang-2100.3.34.2)"," -O3 -DNDEBUG -DPITO_ECS_OWNED_DELETE_ATOMIC=1",8,100000,pito,owned_update,ecs_get,8,0,10,2.376000
aalair,"Apple M3",8,"Darwin 27.0.0 arm64","Apple LLVM 21.0.0 (clang-2100.3.34.2)"," -O3 -DNDEBUG -DPITO_ECS_OWNED_DELETE_ATOMIC=1",8,100000,pito,owned_update,ecs_get,8,0,11,1.991000
aalair,"Apple M3",8,"Darwin 27.0.0 arm64","Apple LLVM 21.0.0 (clang-2100.3.34.2)"," -O3 -DNDEBUG -DPITO_ECS_OWNED_DELETE_ATOMIC=1",8,100000,pito,owned_update,ecs_get,8,0,12,2.364000
aalair,"Apple M3",8,"Darwin 27.0.0 arm64","Apple LLVM 21.0.0 (clang-2100.3.34.2)"," -O3 -DNDEBUG -DPITO_ECS_OWNED_DELETE_ATOMIC=1",8,100000,pito,owned_update,ecs_get,8,0,13,2.041000
aalair,"Apple M3",8,"Darwin 27.0.0 arm64","Apple LLVM 21.0.0 (clang-2100.3.34.2)"," -O3 -DNDEBUG -DPITO_ECS_OWNED_DELETE_ATOMIC=1",8,100000,pito,owned_update,ecs_get,8,0,14,1.823000
aalair,"Apple M3",8,"Darwin 27.0.0 arm64","Apple LLVM 21.0.0 (clang-2100.3.34.2)"," -O3 -DNDEBUG -DPITO_ECS_OWNED_DELETE_ATOMIC=1",8,100000,pito,owned_update,ecs_get,8,0,15,2.609000
aalair,"Apple M3",8,"Darwin 27.0.0 arm64","Apple LLVM 21.0.0 (clang-2100.3.34.2)"," -O3 -DNDEBUG -DPITO_ECS_OWNED_DELETE_ATOMIC=1",8,100000,pito,owned_update,ecs_get,8,0,16,2.399000
aalair,"Apple M3",8,"Darwin 27.0.0 arm64","Apple LLVM 21.0.0 (clang-2100.3.34.2)"," -O3 -DNDEBUG -DPITO_ECS_OWNED_DELETE_ATOMIC=1",8,100000,pito,owned_update,ecs_get,8,0,17,2.023000
aalair,"Apple M3",8,"Darwin 27.0.0 arm64","Apple LLVM 21.0.0 (clang-2100.3.34.2)"," -O3 -DNDEBUG -DPITO_ECS_OWNED_DELETE_ATOMIC=1",8,100000,pito,owned_update,ecs_get,8,0,18,1.841000
aalair,"Apple M3",8,"Darwin 27.0.0 arm64","Apple LLVM 21.0.0 (clang-2100.3.34.2)"," -O3 -DNDEBUG -DPITO_ECS_OWNED_DELETE_ATOMIC=1",8,100000,pito,owned_update,ecs_get,8,0,19,2.009000
aalair,"Apple M3",8,"Darwin 27.0.0 arm64","Apple LLVM 21.0.0 (clang-2100.3.34.2)"," -O3 -DNDEBUG -DPITO_ECS_OWNED_DELETE_ATOMIC=1",8,100000,pito,owned_update,ecs_get,8,0,20,2.040000
aalair,"Apple M3",8,"Darwin 27.0.0 arm64","Apple LLVM 21.0.0 (clang-2100.3.34.2)"," -O3 -DNDEBUG -DPITO_ECS_OWNED_DELETE_ATOMIC=1",8,100000,pito,owned_update,ecs_get,8,0,21,1.811000
aalair,"Apple M3",8,"Darwin 27.0.0 arm64","Apple LLVM 21.0.0 (clang-2100.3.34.2)"," -O3 -DNDEBUG -DPITO_ECS_OWNED_DELETE_ATOMIC=1",8,100000,pito,owned_update,ecs_get,8,0,22,2.015000
aalair,"Apple M3",8,"Darwin 27.0.0 arm64","Apple LLVM 21.0.0 (clang-2100.3.34.2)"," -O3 -DNDEBUG -DPITO_ECS_OWNED_DELETE_ATOMIC=1",8,100000,pito,owned_update,ecs_get,8,0,23,2.383000
aalair,"Apple M3",8,"Darwin 27.0.0 arm64","Apple LLVM 21.0.0 (clang-2100.3.34.2)"," -O3 -DNDEBUG -DPITO_ECS_OWNED_DELETE_ATOMIC=1",8,100000,pito,owned_update,ecs_get,8,0,24,1.820000
aalair,"Apple M3",8,"Darwin 27.0.0 arm64","Apple LLVM 21.0.0 (clang-2100.3.34.2)"," -O3 -DNDEBUG -DPITO_ECS_OWNED_DELETE_ATOMIC=1",8,100000,pito,owned_update,ecs_get,8,0,25,1.809000
aalair,"Apple M3",8,"Darwin 27.0.0 arm64","Apple LLVM 21.0.0 (clang-2100.3.34.2)"," -O3 -DNDEBUG -DPITO_ECS_OWNED_DELETE_ATOMIC=1",8,100000,pito,owned_update,ecs_get,8,0,26,2.368000
aalair,"Apple M3",8,"Darwin 27.0.0 arm64","Apple LLVM 21.0.0 (clang-2100.3.34.2)"," -O3 -DNDEBUG -DPITO_ECS_OWNED_DELETE_ATOMIC=1",8,100000,pito,owned_update,ecs_get,8,0,27,2.389000
aalair,"Apple M3",8,"Darwin 27.0.0 arm64","Apple LLVM 21.0.0 (clang-2100.3.34.2)"," -O3 -DNDEBUG -DPITO_ECS_OWNED_DELETE_ATOMIC=1",8,100000,pito,owned_update,ecs_get,8,0,28,1.990000
aalair,"Apple M3",8,"Darwin 27.0.0 arm64","Apple LLVM 21.0.0 (clang-2100.3.34.2)"," -O3 -DNDEBUG -DPITO_ECS_OWNED_DELETE_ATOMIC=1",8,100000,pito,owned_update,ecs_get,8,0,29,2.467000
aalair,"Apple M3",8,"Darwin 27.0.0 arm64","Apple LLVM 21.0.0 (clang-2100.3.34.2)"," -O3 -DNDEBUG -DPITO_ECS_OWNED_DELETE_ATOMIC=1",8,100000,pito,owned_update,ecs_get,8,0,30,2.027000
aalair,"Apple M3",8,"Darwin 27.0.0 arm64","Apple LLVM 21.0.0 (clang-2100.3.34.2)"," -O3 -DNDEBUG -DPITO_ECS_OWNED_DELETE_ATOMIC=1",8,100000,pito,owned_update,ecs_get,8,0,31,2.449000
aalair,"Apple M3",8,"Darwin 27.0.0 arm64","Apple LLVM 21.0.0 (clang-2100.3.34.2)"," -O3 -DNDEBUG -DPITO_ECS_OWNED_DELETE_ATOMIC=1",8,100000,pito,owned_update,ecs_get,8,0,32,2.038000
aalair,"Apple M3",8,"Darwin 27.0.0 arm64","Apple LLVM 21.0.0 (clang-2100.3.34.2)"," -O3 -DNDEBUG -DPITO_ECS_OWNED_DELETE_ATOMIC=1",8,100000,pito,owned_update,ecs_get,8,0,33,1.785000
aalair,"Apple M3",8,"Darwin 27.0.0 arm64","Apple LLVM 21.0.0 (clang-2100.3.34.2)"," -O3 -DNDEBUG -DPITO_ECS_OWNED_DELETE_ATOMIC=1",8,100000,pito,owned_update,ecs_get,8,0,34,2.029000
aalair,"Apple M3",8,"Darwin 27.0.0 arm64","Apple LLVM 21.0.0 (clang-2100.3.34.2)"," -O3 -DNDEBUG -DPITO_ECS_OWNED_DELETE_ATOMIC=1",8,100000,pito,owned_update,ecs_get,8,0,35,2.233000
aalair,"Apple M3",8,"Darwin 27.0.0 arm64","Apple LLVM 21.0.0 (clang-2100.3.34.2)"," -O3 -DNDEBUG -DPITO_ECS_OWNED_DELETE_ATOMIC=1",8,100000,pito,owned_update,ecs_get,8,0,36,1.725000
aalair,"Apple M3",8,"Darwin 27.0.0 arm64","Apple LLVM 21.0.0 (clang-2100.3.34.2)"," -O3 -DNDEBUG -DPITO_ECS_OWNED_DELETE_ATOMIC=1",8,100000,pito,owned_update,ecs_get,8,0,37,2.358000
aalair,"Apple M3",8,"Darwin 27.0.0 arm64","Apple LLVM 21.0.0 (clang-2100.3.34.2)"," -O3 -DNDEBUG -DPITO_ECS_OWNED_DELETE_ATOMIC=1",8,100000,pito,owned_update,ecs_get,8,0,38,2.647000
aalair,"Apple M3",8,"Darwin 27.0.0 arm64","Apple LLVM 21.0.0 (clang-2100.3.34.2)"," -O3 -DNDEBUG -DPITO_ECS_OWNED_DELETE_ATOMIC=1",8,100000,pito,owned_update,ecs_get,8,0,39,1.844000
aalair,"Apple M3",8,"Darwin 27.0.0 arm64","Apple LLVM 21.0.0 (clang-2100.3.34.2)"," -O3 -DNDEBUG -DPITO_ECS_OWNED_DELETE_ATOMIC=1",8,100000,pito,owned_update,ecs_get,8,0,40,1.818000
aalair,"Apple M3",8,"Darwin 27.0.0 arm64","Apple LLVM 21.0.0 (clang-2100.3.34.2)"," -O3 -DNDEBUG -DPITO_ECS_OWNED_DELETE_ATOMIC=1",8,100000,pito,owned_update,ecs_get,8,0,41,2.075000
aalair,"Apple M3",8,"Darwin 27.0.0 arm64","Apple LLVM 21.0.0 (clang-2100.3.34.2)"," -O3 -DNDEBUG -DPITO_ECS_OWNED_DELETE_ATOMIC=1",8,100000,pito,owned_update,ecs_get,8,0,42,2.404000
aalair,"Apple M3",8,"Darwin 27.0.0 arm64","Apple LLVM 21.0.0 (clang-2100.3.34.2)"," -O3 -DNDEBUG -DPITO_ECS_OWNED_DELETE_ATOMIC=1",8,100000,pito,owned_update,ecs_get,8,0,43,2.390000
aalair,"Apple M3",8,"Darwin 27.0.0 arm64","Apple LLVM 21.0.0 (clang-2100.3.34.2)"," -O3 -DNDEBUG -DPITO_ECS_OWNED_DELETE_ATOMIC=1",8,100000,pito,owned_update,ecs_get,8,0,44,2.043000
aalair,"Apple M3",8,"Darwin 27.0.0 arm64","Apple LLVM 21.0.0 (clang-2100.3.34.2)"," -O3 -DNDEBUG -DPITO_ECS_OWNED_DELETE_ATOMIC=1",8,100000,pito,owned_update,ecs_get,8,0,45,2.364000
aalair,"Apple M3",8,"Darwin 27.0.0 arm64","Apple LLVM 21.0.0 (clang-2100.3.34.2)"," -O3 -DNDEBUG -DPITO_ECS_OWNED_DELETE_ATOMIC=1",8,100000,pito,owned_update,ecs_get,8,0,46,2.110000
aalair,"Apple M3",8,"Darwin 27.0.0 arm64","Apple LLVM 21.0.0 (clang-2100.3.34.2)"," -O3 -DNDEBUG -DPITO_ECS_OWNED_DELETE_ATOMIC=1",8,100000,pito,owned_update,ecs_get,8,0,47,1.854000
aalair,"Apple M3",8,"Darwin 27.0.0 arm64","Apple LLVM 21.0.0 (clang-2100.3.34.2)"," -O3 -DNDEBUG -DPITO_ECS_OWNED_DELETE_ATOMIC=1",8,100000,pito,owned_update,ecs_get,8,0,48,2.115000
aalair,"Apple M3",8,"Darwin 27.0.0 arm64","Apple LLVM 21.0.0 (clang-2100.3.34.2)"," -O3 -DNDEBUG -DPITO_ECS_OWNED_DELETE_ATOMIC=1",8,100000,pito,owned_update,ecs_get,8,0,49,2.015000
aalair,"Apple M3",8,"Darwin 27.0.0 arm64","Apple LLVM 21.0.0 (clang-2100.3.34.2)"," -O3 -DNDEBUG -DPITO_ECS_OWNED_DELETE_ATOMIC=1",8,100000,pito,owned_update,ecs_get,8,0,50,1.836000
aalair,"Apple M3",8,"Darwin 27.0.0 arm64","Apple LLVM 21.0.0 (clang-2100.3.34.2)"," -O3 -DNDEBUG -DPITO_ECS_OWNED_DELETE_ATOMIC=1",8,100000,pito,owned_update,ecs_get,8,0,51,2.101000
aalair,"Apple M3",8,"Darwin 27.0.0 arm64","Apple LLVM 21.0.0 (clang-2100.3.34.2)"," -O3 -DNDEBUG -DPITO_ECS_OWNED_DELETE_ATOMIC=1",8,100000,pito,owned_update,ecs_get,8,0,52,1.840000
aalair,"Apple M3",8,"Darwin 27.0.0 arm64","Apple LLVM 21.0.0 (clang-2100.3.34.2)"," -O3 -DNDEBUG -DPITO_ECS_OWNED_DELETE_ATOMIC=1",8,100000,pito,owned_update,ecs_get,8,0,53,1.835000
aalair,"Apple M3",8,"Darwin 27.0.0 arm64","Apple LLVM 21.0.0 (clang-2100.3.34.2)"," -O3 -DNDEBUG -DPITO_ECS_OWNED_DELETE_ATOMIC=1",8,100000,pito,owned_update,ecs_get,8,10,1,2.660000
aalair,"Apple M3",8,"Darwin 27.0.0 arm64","Apple LLVM 21.0.0 (clang-2100.3.34.2)"," -O3 -DNDEBUG -DPITO_ECS_OWNED_DELETE_ATOMIC=1",8,100000,pito,owned_update,ecs_get,8,10,2,2.622000
aalair,"Apple M3",8,"Darwin 27.0.0 arm64","Apple LLVM 21.0.0 (clang-2100.3.34.2)"," -O3 -DNDEBUG -DPITO_ECS_OWNED_DELETE_ATOMIC=1",8,100000,pito,owned_update,ecs_get,8,10,3,2.670000
aalair,"Apple M3",8,"Darwin 27.0.0 arm64","Apple LLVM 21.0.0 (clang-2100.3.34.2)"," -O3 -DNDEBUG -DPITO_ECS_OWNED_DELETE_ATOMIC=1",8,100000,pito,owned_update,ecs_get,8,10,4,2.623000
aalair,"Apple M3",8,"Darwin 27.0.0 arm64","Apple LLVM 21.0.0 (clang-2100.3.34.2)"," -O3 -DNDEBUG -DPITO_ECS_OWNED_DELETE_ATOMIC=1",8,100000,pito,owned_update,ecs_get,8,10,5,2.233000
aalair,"Apple M3",8,"Darwin 27.0.0 arm64","Apple LLVM 21.0.0 (clang-2100.3.34.2)"," -O3 -DNDEBUG -DPITO_ECS_OWNED_DELETE_ATOMIC=1",8,100000,pito,owned_update,ecs_get,8,10,6,2.416000
aalair,"Apple M3",8,"Darwin 27.0.0 arm64","Apple LLVM 21.0.0 (clang-2100.3.34.2)"," -O3 -DNDEBUG -DPITO_ECS_OWNED_DELETE_ATOMIC=1",8,100000,pito,owned_update,ecs_get,8,10,7,3.085000
aalair,"Apple M3",8,"Darwin 27.0.0 arm64","Apple LLVM 21.0.0 (clang-2100.3.34.2)"," -O3 -DNDEBUG -DPITO_ECS_OWNED_DELETE_ATOMIC=1",8,100000,pito,owned_update,ecs_get,8,10,8,2.344000
aalair,"Apple M3",8,"Darwin 27.0.0 arm64","Apple LLVM 21.0.0 (clang-2100.3.34.2)"," -O3 -DNDEBUG -DPITO_ECS_OWNED_DELETE_ATOMIC=1",8,100000,pito,owned_update,ecs_get,8,10,9,2.658000
aalair,"Apple M3",8,"Darwin 27.0.0 arm64","Apple LLVM 21.0.0 (clang-2100.3.34.2)"," -O3 -DNDEBUG -DPITO_ECS_OWNED_DELETE_ATOMIC=1",8,100000,pito,owned_update,ecs_get,8,10,10,3.103000
aalair,"Apple M3",8,"Darwin 27.0.0 arm64","Apple LLVM 21.0.0 (clang-2100.3.34.2)"," -O3 -DNDEBUG -DPITO_ECS_OWNED_DELETE_ATOMIC=1",8,100000,pito,owned_update,ecs_get,8,10,11,2.589000
aalair,"Apple M3",8,"Darwin 27.0.0 arm64","Apple LLVM 21.0.0 (clang-2100.3.34.2)"," -O3 -DNDEBUG -DPITO_ECS_OWNED_DELETE_ATOMIC=1",8,100000,pito,owned_update,ecs_get,8,10,12,2.592000
aalair,"Apple M3",8,"Darwin 27.0.0 arm64","Apple LLVM 21.0.0 (clang-2100.3.34.2)"," -O3 -DNDEBUG -DPITO_ECS_OWNED_DELETE_ATOMIC=1",8,100000,pito,owned_update,ecs_get,8,10,13,2.598000
aalair,"Apple M3",8,"Darwin 27.0.0 arm64","Apple LLVM 21.0.0 (clang-2100.3.34.2)"," -O3 -DNDEBUG -DPITO_ECS_OWNED_DELETE_ATOMIC=1",8,100000,pito,owned_update,ecs_get,8,10,14,2.933000
aalair,"Apple M3",8,"Darwin 27.0.0 arm64","Apple LLVM 21.0.0 (clang-2100.3.34.2)"," -O3 -DNDEBUG -DPITO_ECS_OWNED_DELETE_ATOMIC=1",8,100000,pito,owned_update,ecs_get,8,10,15,2.672000
aalair,"Apple M3",8,"Darwin 27.0.0 arm64","Apple LLVM 21.0.0 (clang-2100.3.34.2)"," -O3 -DNDEBUG -DPITO_ECS_OWNED_DELETE_ATOMIC=1",8,100000,pito,owned_update,ecs_get,8,10,16,3.044000
aalair,"Apple M3",8,"Darwin 27.0.0 arm64","Apple LLVM 21.0.0 (clang-2100.3.34.2)"," -O3 -DNDEBUG -DPITO_ECS_OWNED_DELETE_ATOMIC=1",8,100000,pito,owned_update,ecs_get,8,10,17,2.321000
aalair,"Apple M3",8,"Darwin 27.0.0 arm64","Apple LLVM 21.0.0 (clang-2100.3.34.2)"," -O3 -DNDEBUG -DPITO_ECS_OWNED_DELETE_ATOMIC=1",8,100000,pito,owned_update,ecs_get,8,10,18,3.134000
aalair,"Apple M3",8,"Darwin 27.0.0 arm64","Apple LLVM 21.0.0 (clang-2100.3.34.2)"," -O3 -DNDEBUG -DPITO_ECS_OWNED_DELETE_ATOMIC=1",8,100000,pito,owned_update,ecs_get,8,10,19,2.602000
aalair,"Apple M3",8,"Darwin 27.0.0 arm64","Apple LLVM 21.0.0 (clang-2100.3.34.2)"," -O3 -DNDEBUG -DPITO_ECS_OWNED_DELETE_ATOMIC=1",8,100000,pito,owned_update,ecs_get,8,10,20,2.691000
aalair,"Apple M3",8,"Darwin 27.0.0 arm64","Apple LLVM 21.0.0 (clang-2100.3.34.2)"," -O3 -DNDEBUG -DPITO_ECS_OWNED_DELETE_ATOMIC=1",8,100000,pito,owned_update,ecs_get,8,10,21,2.612000
aalair,"Apple M3",8,"Darwin 27.0.0 arm64","Apple LLVM 21.0.0 (clang-2100.3.34.2)"," -O3 -DNDEBUG -DPITO_ECS_OWNED_DELETE_ATOMIC=1",8,100000,pito,owned_update,ecs_get,8,500,1,64.124000
aalair,"Apple M3",8,"Darwin 27.0.0 arm64","Apple LLVM 21.0.0 (clang-2100.3.34.2)"," -O3 -DNDEBUG -DPITO_ECS_OWNED_DELETE_ATOMIC=1",8,100000,pito,owned_update,ecs_get,8,500,2,65.231000
aalair,"Apple M3",8,"Darwin 27.0.0 arm64","Apple LLVM 21.0.0 (clang-2100.3.34.2)"," -O3 -DNDEBUG -DPITO_ECS_OWNED_DELETE_ATOMIC=1",8,100000,pito,owned_update,ecs_get,8,500,3,65.107000
aalair,"Apple M3",8,"Darwin 27.0.0 arm64","Apple LLVM 21.0.0 (clang-2100.3.34.2)"," -O3 -DNDEBUG -DPITO_ECS_OWNED_DELETE_ATOMIC=1",8,100000,pito,owned_update,ecs_get,8,500,4,67.479000
aalair,"Apple M3",8,"Darwin 27.0.0 arm64","Apple LLVM 21.0.0 (clang-2100.3.34.2)"," -O3 -DNDEBUG -DPITO_ECS_OWNED_DELETE_ATOMIC=1",8,100000,pito,owned_update,ecs_get,8,500,5,66.228000
aalair,"Apple M3",8,"Darwin 27.0.0 arm64","Apple LLVM 21.0.0 (clang-2100.3.34.2)"," -O3 -DNDEBUG -DPITO_ECS_OWNED_DELETE_ATOMIC=1",8,100000,pito,owned_update,ecs_get,8,500,6,65.228000
aalair,"Apple M3",8,"Darwin 27.0.0 arm64","Apple LLVM 21.0.0 (clang-2100.3.34.2)"," -O3 -DNDEBUG -DPITO_ECS_OWNED_DELETE_ATOMIC=1",8,100000,pito,owned_update,ecs_get,8,500,7,66.120000
aalair,"Apple M3",8,"Darwin 27.0.0 arm64","Apple LLVM 21.0.0 (clang-2100.3.34.2)"," -O3 -DNDEBUG -DPITO_ECS_OWNED_DELETE_ATOMIC=1",8,100000,pito,owned_update,ecs_get,8,500,8,64.014000
aalair,"Apple M3",8,"Darwin 27.0.0 arm64","Apple LLVM 21.0.0 (clang-2100.3.34.2)"," -O3 -DNDEBUG -DPITO_ECS_OWNED_DELETE_ATOMIC=1",8,100000,pito,owned_update,ecs_get,8,500,9,62.750000
aalair,"Apple M3",8,"Darwin 27.0.0 arm64","Apple LLVM 21.0.0 (clang-2100.3.34.2)"," -O3 -DNDEBUG -DPITO_ECS_OWNED_DELETE_ATOMIC=1",8,100000,pito,owned_update,ecs_get,8,500,10,63.850000
aalair,"Apple M3",8,"Darwin 27.0.0 arm64","Apple LLVM 21.0.0 (clang-2100.3.34.2)"," -O3 -DNDEBUG -DPITO_ECS_OWNED_DELETE_ATOMIC=1",8,100000,pito,owned_update,ecs_get_raw,1,0,1,0.380000
aalair,"Apple M3",8,"Darwin 27.0.0 arm64","Apple LLVM 21.0.0 (clang-2100.3.34.2)"," -O3 -DNDEBUG -DPITO_ECS_OWNED_DELETE_ATOMIC=1",8,100000,pito,owned_update,ecs_get_raw,1,0,2,0.333000
aalair,"Apple M3",8,"Darwin 27.0.0 arm64","Apple LLVM 21.0.0 (clang-2100.3.34.2)"," -O3 -DNDEBUG -DPITO_ECS_OWNED_DELETE_ATOMIC=1",8,100000,pito,owned_update,ecs_get_raw,1,0,3,0.338000
aalair,"Apple M3",8,"Darwin 27.0.0 arm64","Apple LLVM 21.0.0 (clang-2100.3.34.2)"," -O3 -DNDEBUG -DPITO_ECS_OWNED_DELETE_ATOMIC=1",8,100000,pito,owned_update,ecs_get_raw,1,0,4,0.334000
aalair,"Apple M3",8,"Darwin 27.0.0 arm64","Apple LLVM 21.0.0 (clang-2100.3.34.2)"," -O3 -DNDEBUG -DPITO_ECS_OWNED_DELETE_ATOMIC=1",8,100000,pito,owned_update,ecs_get_raw,1,0,5,0.336000
aalair,"Apple M3",8,"Darwin 27.0.0 arm64","Apple LLVM 21.0.0 (clang-2100.3.34.2)"," -O3 -DNDEBUG -DPITO_ECS_OWNED_DELETE_ATOMIC=1",8,100000,pito,owned_update,ecs_get_raw,1,0,6,0.338000
aalair,"Apple M3",8,"Darwin 27.0.0 arm64","Apple LLVM 21.0.0 (clang-2100.3.34.2)"," -O3 -DNDEBUG -DPITO_ECS_OWNED_DELETE_ATOMIC=1",8,100000,pito,owned_update,ecs_get_raw,1,0,7,0.335000
aalair,"Apple M3",8,"Darwin 27.0.0 arm64","Apple LLVM 21.0.0 (clang-2100.3.34.2)"," -O3 -DNDEBUG -DPITO_ECS_OWNED_DELETE_ATOMIC=1",8,100000,pito,owned_update,ecs_get_raw,1,0,8,0.338000
aalair,"Apple M3",8,"Darwin 27.0.0 arm64","Apple LLVM 21.0.0 (clang-2100.3.34.2)"," -O3 -DNDEBUG -DPITO_ECS_OWNED_DELETE_ATOMIC=1",8,100000,pito,owned_update,ecs_get_raw,1,0,9,0.337000
aalair,"Apple M3",8,"Darwin 27.0.0 arm64","Apple LLVM 21.0.0 (clang-2100.3.34.2)"," -O3 -DNDEBUG -DPITO_ECS_OWNED_DELETE_ATOMIC=1",8,100000,pito,owned_update,ecs_get_raw,1,0,10,0.341000
aalair,"Apple M3",8,"Darwin 27.0.0 arm64","Apple LLVM 21.0.0 (clang-2100.3.34.2)"," -O3 -DNDEBUG -DPITO_ECS_OWNED_DELETE_ATOMIC=1",8,100000,pito,owned_update,ecs_get_raw,1,0,11,0.336000
aalair,"Apple M3",8,"Darwin 27.0.0 arm64","Apple LLVM 21.0.0 (clang-2100.3.34.2)"," -O3 -DNDEBUG -DPITO_ECS_OWNED_DELETE_ATOMIC=1",8,100000,pito,owned_update,ecs_get_raw,1,10,1,2.760000
aalair,"Apple M3",8,"Darwin 27.0.0 arm64","Apple LLVM 21.0.0 (clang-2100.3.34.2)"," -O3 -DNDEBUG -DPITO_ECS_OWNED_DELETE_ATOMIC=1",8,100000,pito,owned_update,ecs_get_raw,1,10,2,2.760000
aalair,"Apple M3",8,"Darwin 27.0.0 arm64","Apple LLVM 21.0.0 (clang-2100.3.34.2)"," -O3 -DNDEBUG -DPITO_ECS_OWNED_DELETE_ATOMIC=1",8,100000,pito,owned_update,ecs_get_raw,1,10,3,2.552000
aalair,"Apple M3",8,"Darwin 27.0.0 arm64","Apple LLVM 21.0.0 (clang-2100.3.34.2)"," -O3 -DNDEBUG -DPITO_ECS_OWNED_DELETE_ATOMIC=1",8,100000,pito,owned_update,ecs_get_raw,1,10,4,2.759000
aalair,"Apple M3",8,"Darwin 27.0.0 arm64","Apple LLVM 21.0.0 (clang-2100.3.34.2)"," -O3 -DNDEBUG -DPITO_ECS_OWNED_DELETE_ATOMIC=1",8,100000,pito,owned_update,ecs_get_raw,1,10,5,2.546000
aalair,"Apple M3",8,"Darwin 27.0.0 arm64","Apple LLVM 21.0.0 (clang-2100.3.34.2)"," -O3 -DNDEBUG -DPITO_ECS_OWNED_DELETE_ATOMIC=1",8,100000,pito,owned_update,ecs_get_raw,1,10,6,2.761000
aalair,"Apple M3",8,"Darwin 27.0.0 arm64","Apple LLVM 21.0.0 (clang-2100.3.34.2)"," -O3 -DNDEBUG -DPITO_ECS_OWNED_DELETE_ATOMIC=1",8,100000,pito,owned_update,ecs_get_raw,1,10,7,2.759000
aalair,"Apple M3",8,"Darwin 27.0.0 arm64","Apple LLVM 21.0.0 (clang-2100.3.34.2)"," -O3 -DNDEBUG -DPITO_ECS_OWNED_DELETE_ATOMIC=1",8,100000,pito,owned_update,ecs_get_raw,1,10,8,2.759000
aalair,"Apple M3",8,"Darwin 27.0.0 arm64","Apple LLVM 21.0.0 (clang-2100.3.34.2)"," -O3 -DNDEBUG -DPITO_ECS_OWNED_DELETE_ATOMIC=1",8,100000,pito,owned_update,ecs_get_raw,1,10,9,2.761000
aalair,"Apple M3",8,"Darwin 27.0.0 arm64","Apple LLVM 21.0.0 (clang-2100.3.34.2)"," -O3 -DNDEBUG -DPITO_ECS_OWNED_DELETE_ATOMIC=1",8,100000,pito,owned_update,ecs_get_raw,1,10,10,2.549000
aalair,"Apple M3",8,"Darwin 27.0.0 arm64","Apple LLVM 21.0.0 (clang-2100.3.34.2)"," -O3 -DNDEBUG -DPITO_ECS_OWNED_DELETE_ATOMIC=1",8,100000,pito,owned_update,ecs_get_raw,1,10,11,2.546000
aalair,"Apple M3",8,"Darwin 27.0.0 arm64","Apple LLVM 21.0.0 (clang-2100.3.34.2)"," -O3 -DNDEBUG -DPITO_ECS_OWNED_DELETE_ATOMIC=1",8,100000,pito,owned_update,ecs_get_raw,1,10,12,2.548000
aalair,"Apple M3",8,"Darwin 27.0.0 arm64","Apple LLVM 21.0.0 (clang-2100.3.34.2)"," -O3 -DNDEBUG -DPITO_ECS_OWNED_DELETE_ATOMIC=1",8,100000,pito,owned_update,ecs_get_raw,1,10,13,2.549000
aalair,"Apple M3",8,"Darwin 27.0.0 arm64","Apple LLVM 21.0.0 (clang-2100.3.34.2)"," -O3 -DNDEBUG -DPITO_ECS_OWNED_DELETE_ATOMIC=1",8,100000,pito,owned_update,ecs_get_raw,1,10,14,2.549000
aalair,"Apple M3",8,"Darwin 27.0.0 arm64","Apple LLVM 21.0.0 (clang-2100.3.34.2)"," -O3 -DNDEBUG -DPITO_ECS_OWNED_DELETE_ATOMIC=1",8,100000,pito,owned_update,ecs_get_raw,1,500,1,338.314000
aalair,"Apple M3",8,"Darwin 27.0.0 arm64","Apple LLVM 21.0.0 (clang-2100.3.34.2)"," -O3 -DNDEBUG -DPITO_ECS_OWNED_DELETE_ATOMIC=1",8,100000,pito,owned_update,ecs_get_raw,1,500,2,339.921000
aalair,"Apple M3",8,"Darwin 27.0.0 arm64","Apple LLVM 21.0.0 (clang-2100.3.34.2)"," -O3 -DNDEBUG -DPITO_ECS_OWNED_DELETE_ATOMIC=1",8,100000,pito,owned_update,ecs_get_raw,1,500,3,338.244000
aalair,"Apple M3",8,"Darwin 27.0.0 arm64","Apple LLVM 21.0.0 (clang-2100.3.34.2)"," -O3 -DNDEBUG -DPITO_ECS_OWNED_DELETE_ATOMIC=1",8,100000,pito,owned_update,ecs_get_raw,1,500,4,338.071000
aalair,"Apple M3",8,"Darwin 27.0.0 arm64","Apple LLVM 21.0.0 (clang-2100.3.34.2)"," -O3 -DNDEBUG -DPITO_ECS_OWNED_DELETE_ATOMIC=1",8,100000,pito,owned_update,ecs_get_raw,1,500,5,338.284000
aalair,"Apple M3",8,"Darwin 27.0.0 arm64","Apple LLVM 21.0.0 (clang-2100.3.34.2)"," -O3 -DNDEBUG -DPITO_ECS_OWNED_DELETE_ATOMIC=1",8,100000,pito,owned_update,ecs_get_raw,1,500,6,338.196000
aalair,"Apple M3",8,"Darwin 27.0.0 arm64","Apple LLVM 21.0.0 (clang-2100.3.34.2)"," -O3 -DNDEBUG -DPITO_ECS_OWNED_DELETE_ATOMIC=1",8,100000,pito,owned_update,ecs_get_raw,1,500,7,338.597000
aalair,"Apple M3",8,"Darwin 27.0.0 arm64","Apple LLVM 21.0.0 (clang-2100.3.34.2)"," -O3 -DNDEBUG -DPITO_ECS_OWNED_DELETE_ATOMIC=1",8,100000,pito,owned_update,ecs_get_raw,1,500,8,338.295000
aalair,"Apple M3",8,"Darwin 27.0.0 arm64","Apple LLVM 21.0.0 (clang-2100.3.34.2)"," -O3 -DNDEBUG -DPITO_ECS_OWNED_DELETE_ATOMIC=1",8,100000,pito,owned_update,ecs_get_raw,1,500,9,338.059000
aalair,"Apple M3",8,"Darwin 27.0.0 arm64","Apple LLVM 21.0.0 (clang-2100.3.34.2)"," -O3 -DNDEBUG -DPITO_ECS_OWNED_DELETE_ATOMIC=1",8,100000,pito,owned_update,ecs_get_raw,1,500,10,338.026000
aalair,"Apple M3",8,"Darwin 27.0.0 arm64","Apple LLVM 21.0.0 (clang-2100.3.34.2)"," -O3 -DNDEBUG -DPITO_ECS_OWNED_DELETE_ATOMIC=1",8,100000,pito,owned_update,ecs_get_raw,2,0,1,0.184000
aalair,"Apple M3",8,"Darwin 27.0.0 arm64","Apple LLVM 21.0.0 (clang-2100.3.34.2)"," -O3 -DNDEBUG -DPITO_ECS_OWNED_DELETE_ATOMIC=1",8,100000,pito,owned_update,ecs_get_raw,2,0,2,0.183000
aalair,"Apple M3",8,"Darwin 27.0.0 arm64","Apple LLVM 21.0.0 (clang-2100.3.34.2)"," -O3 -DNDEBUG -DPITO_ECS_OWNED_DELETE_ATOMIC=1",8,100000,pito,owned_update,ecs_get_raw,2,0,3,0.189000
aalair,"Apple M3",8,"Darwin 27.0.0 arm64","Apple LLVM 21.0.0 (clang-2100.3.34.2)"," -O3 -DNDEBUG -DPITO_ECS_OWNED_DELETE_ATOMIC=1",8,100000,pito,owned_update,ecs_get_raw,2,0,4,0.179000
aalair,"Apple M3",8,"Darwin 27.0.0 arm64","Apple LLVM 21.0.0 (clang-2100.3.34.2)"," -O3 -DNDEBUG -DPITO_ECS_OWNED_DELETE_ATOMIC=1",8,100000,pito,owned_update,ecs_get_raw,2,0,5,0.187000
aalair,"Apple M3",8,"Darwin 27.0.0 arm64","Apple LLVM 21.0.0 (clang-2100.3.34.2)"," -O3 -DNDEBUG -DPITO_ECS_OWNED_DELETE_ATOMIC=1",8,100000,pito,owned_update,ecs_get_raw,2,0,6,0.183000
aalair,"Apple M3",8,"Darwin 27.0.0 arm64","Apple LLVM 21.0.0 (clang-2100.3.34.2)"," -O3 -DNDEBUG -DPITO_ECS_OWNED_DELETE_ATOMIC=1",8,100000,pito,owned_update,ecs_get_raw,2,0,7,0.185000
aalair,"Apple M3",8,"Darwin 27.0.0 arm64","Apple LLVM 21.0.0 (clang-2100.3.34.2)"," -O3 -DNDEBUG -DPITO_ECS_OWNED_DELETE_ATOMIC=1",8,100000,pito,owned_update,ecs_get_raw,2,0,8,0.182000
aalair,"Apple M3",8,"Darwin 27.0.0 arm64","Apple LLVM 21.0.0 (clang-2100.3.34.2)"," -O3 -DNDEBUG -DPITO_ECS_OWNED_DELETE_ATOMIC=1",8,100000,pito,owned_update,ecs_get_raw,2,0,9,0.187000
aalair,"Apple M3",8,"Darwin 27.0.0 arm64","Apple LLVM 21.0.0 (clang-2100.3.34.2)"," -O3 -DNDEBUG -DPITO_ECS_OWNED_DELETE_ATOMIC=1",8,100000,pito,owned_update,ecs_get_raw,2,0,10,0.182000
aalair,"Apple M3",8,"Darwin 27.0.0 arm64","Apple LLVM 21.0.0 (clang-2100.3.34.2)"," -O3 -DNDEBUG -DPITO_ECS_OWNED_DELETE_ATOMIC=1",8,100000,pito,owned_update,ecs_get_raw,2,10,1,1.510000
aalair,"Apple M3",8,"Darwin 27.0.0 arm64","Apple LLVM 21.0.0 (clang-2100.3.34.2)"," -O3 -DNDEBUG -DPITO_ECS_OWNED_DELETE_ATOMIC=1",8,100000,pito,owned_update,ecs_get_raw,2,10,2,1.480000
aalair,"Apple M3",8,"Darwin 27.0.0 arm64","Apple LLVM 21.0.0 (clang-2100.3.34.2)"," -O3 -DNDEBUG -DPITO_ECS_OWNED_DELETE_ATOMIC=1",8,100000,pito,owned_update,ecs_get_raw,2,10,3,1.405000
aalair,"Apple M3",8,"Darwin 27.0.0 arm64","Apple LLVM 21.0.0 (clang-2100.3.34.2)"," -O3 -DNDEBUG -DPITO_ECS_OWNED_DELETE_ATOMIC=1",8,100000,pito,owned_update,ecs_get_raw,2,10,4,1.404000
aalair,"Apple M3",8,"Darwin 27.0.0 arm64","Apple LLVM 21.0.0 (clang-2100.3.34.2)"," -O3 -DNDEBUG -DPITO_ECS_OWNED_DELETE_ATOMIC=1",8,100000,pito,owned_update,ecs_get_raw,2,10,5,1.405000
aalair,"Apple M3",8,"Darwin 27.0.0 arm64","Apple LLVM 21.0.0 (clang-2100.3.34.2)"," -O3 -DNDEBUG -DPITO_ECS_OWNED_DELETE_ATOMIC=1",8,100000,pito,owned_update,ecs_get_raw,2,10,6,1.403000
aalair,"Apple M3",8,"Darwin 27.0.0 arm64","Apple LLVM 21.0.0 (clang-2100.3.34.2)"," -O3 -DNDEBUG -DPITO_ECS_OWNED_DELETE_ATOMIC=1",8,100000,pito,owned_update,ecs_get_raw,2,10,7,1.297000
aalair,"Apple M3",8,"Darwin 27.0.0 arm64","Apple LLVM 21.0.0 (clang-2100.3.34.2)"," -O3 -DNDEBUG -DPITO_ECS_OWNED_DELETE_ATOMIC=1",8,100000,pito,owned_update,ecs_get_raw,2,10,8,1.401000
aalair,"Apple M3",8,"Darwin 27.0.0 arm64","Apple LLVM 21.0.0 (clang-2100.3.34.2)"," -O3 -DNDEBUG -DPITO_ECS_OWNED_DELETE_ATOMIC=1",8,100000,pito,owned_update,ecs_get_raw,2,10,9,1.401000
aalair,"Apple M3",8,"Darwin 27.0.0 arm64","Apple LLVM 21.0.0 (clang-2100.3.34.2)"," -O3 -DNDEBUG -DPITO_ECS_OWNED_DELETE_ATOMIC=1",8,100000,pito,owned_update,ecs_get_raw,2,10,10,1.402000
aalair,"Apple M3",8,"Darwin 27.0.0 arm64","Apple LLVM 21.0.0 (clang-2100.3.34.2)"," -O3 -DNDEBUG -DPITO_ECS_OWNED_DELETE_ATOMIC=1",8,100000,pito,owned_update,ecs_get_raw,2,10,11,1.303000
aalair,"Apple M3",8,"Darwin 27.0.0 arm64","Apple LLVM 21.0.0 (clang-2100.3.34.2)"," -O3 -DNDEBUG -DPITO_ECS_OWNED_DELETE_ATOMIC=1",8,100000,pito,owned_update,ecs_get_raw,2,10,12,1.297000
aalair,"Apple M3",8,"Darwin 27.0.0 arm64","Apple LLVM 21.0.0 (clang-2100.3.34.2)"," -O3 -DNDEBUG -DPITO_ECS_OWNED_DELETE_ATOMIC=1",8,100000,pito,owned_update,ecs_get_raw,2,10,13,1.297000
aalair,"Apple M3",8,"Darwin 27.0.0 arm64","Apple LLVM 21.0.0 (clang-2100.3.34.2)"," -O3 -DNDEBUG -DPITO_ECS_OWNED_DELETE_ATOMIC=1",8,100000,pito,owned_update,ecs_get_raw,2,10,14,1.298000
aalair,"Apple M3",8,"Darwin 27.0.0 arm64","Apple LLVM 21.0.0 (clang-2100.3.34.2)"," -O3 -DNDEBUG -DPITO_ECS_OWNED_DELETE_ATOMIC=1",8,100000,pito,owned_update,ecs_get_raw,2,10,15,1.298000
aalair,"Apple M3",8,"Darwin 27.0.0 arm64","Apple LLVM 21.0.0 (clang-2100.3.34.2)"," -O3 -DNDEBUG -DPITO_ECS_OWNED_DELETE_ATOMIC=1",8,100000,pito,owned_update,ecs_get_raw,2,10,16,1.300000
aalair,"Apple M3",8,"Darwin 27.0.0 arm64","Apple LLVM 21.0.0 (clang-2100.3.34.2)"," -O3 -DNDEBUG -DPITO_ECS_OWNED_DELETE_ATOMIC=1",8,100000,pito,owned_update,ecs_get_raw,2,10,17,1.301000
aalair,"Apple M3",8,"Darwin 27.0.0 arm64","Apple LLVM 21.0.0 (clang-2100.3.34.2)"," -O3 -DNDEBUG -DPITO_ECS_OWNED_DELETE_ATOMIC=1",8,100000,pito,owned_update,ecs_get_raw,2,10,18,1.298000
aalair,"Apple M3",8,"Darwin 27.0.0 arm64","Apple LLVM 21.0.0 (clang-2100.3.34.2)"," -O3 -DNDEBUG -DPITO_ECS_OWNED_DELETE_ATOMIC=1",8,100000,pito,owned_update,ecs_get_raw,2,500,1,173.754000
aalair,"Apple M3",8,"Darwin 27.0.0 arm64","Apple LLVM 21.0.0 (clang-2100.3.34.2)"," -O3 -DNDEBUG -DPITO_ECS_OWNED_DELETE_ATOMIC=1",8,100000,pito,owned_update,ecs_get_raw,2,500,2,173.728000
aalair,"Apple M3",8,"Darwin 27.0.0 arm64","Apple LLVM 21.0.0 (clang-2100.3.34.2)"," -O3 -DNDEBUG -DPITO_ECS_OWNED_DELETE_ATOMIC=1",8,100000,pito,owned_update,ecs_get_raw,2,500,3,173.429000
aalair,"Apple M3",8,"Darwin 27.0.0 arm64","Apple LLVM 21.0.0 (clang-2100.3.34.2)"," -O3 -DNDEBUG -DPITO_ECS_OWNED_DELETE_ATOMIC=1",8,100000,pito,owned_update,ecs_get_raw,2,500,4,173.372000
aalair,"Apple M3",8,"Darwin 27.0.0 arm64","Apple LLVM 21.0.0 (clang-2100.3.34.2)"," -O3 -DNDEBUG -DPITO_ECS_OWNED_DELETE_ATOMIC=1",8,100000,pito,owned_update,ecs_get_raw,2,500,5,173.711000
aalair,"Apple M3",8,"Darwin 27.0.0 arm64","Apple LLVM 21.0.0 (clang-2100.3.34.2)"," -O3 -DNDEBUG -DPITO_ECS_OWNED_DELETE_ATOMIC=1",8,100000,pito,owned_update,ecs_get_raw,2,500,6,173.585000
aalair,"Apple M3",8,"Darwin 27.0.0 arm64","Apple LLVM 21.0.0 (clang-2100.3.34.2)"," -O3 -DNDEBUG -DPITO_ECS_OWNED_DELETE_ATOMIC=1",8,100000,pito,owned_update,ecs_get_raw,2,500,7,173.509000
aalair,"Apple M3",8,"Darwin 27.0.0 arm64","Apple LLVM 21.0.0 (clang-2100.3.34.2)"," -O3 -DNDEBUG -DPITO_ECS_OWNED_DELETE_ATOMIC=1",8,100000,pito,owned_update,ecs_get_raw,2,500,8,173.519000
aalair,"Apple M3",8,"Darwin 27.0.0 arm64","Apple LLVM 21.0.0 (clang-2100.3.34.2)"," -O3 -DNDEBUG -DPITO_ECS_OWNED_DELETE_ATOMIC=1",8,100000,pito,owned_update,ecs_get_raw,2,500,9,173.455000
aalair,"Apple M3",8,"Darwin 27.0.0 arm64","Apple LLVM 21.0.0 (clang-2100.3.34.2)"," -O3 -DNDEBUG -DPITO_ECS_OWNED_DELETE_ATOMIC=1",8,100000,pito,owned_update,ecs_get_raw,2,500,10,173.445000
aalair,"Apple M3",8,"Darwin 27.0.0 arm64","Apple LLVM 21.0.0 (clang-2100.3.34.2)"," -O3 -DNDEBUG -DPITO_ECS_OWNED_DELETE_ATOMIC=1",8,100000,pito,owned_update,ecs_get_raw,4,0,1,0.121000
aalair,"Apple M3",8,"Darwin 27.0.0 arm64","Apple LLVM 21.0.0 (clang-2100.3.34.2)"," -O3 -DNDEBUG -DPITO_ECS_OWNED_DELETE_ATOMIC=1",8,100000,pito,owned_update,ecs_get_raw,4,0,2,0.122000
aalair,"Apple M3",8,"Darwin 27.0.0 arm64","Apple LLVM 21.0.0 (clang-2100.3.34.2)"," -O3 -DNDEBUG -DPITO_ECS_OWNED_DELETE_ATOMIC=1",8,100000,pito,owned_update,ecs_get_raw,4,0,3,0.122000
aalair,"Apple M3",8,"Darwin 27.0.0 arm64","Apple LLVM 21.0.0 (clang-2100.3.34.2)"," -O3 -DNDEBUG -DPITO_ECS_OWNED_DELETE_ATOMIC=1",8,100000,pito,owned_update,ecs_get_raw,4,0,4,0.128000
aalair,"Apple M3",8,"Darwin 27.0.0 arm64","Apple LLVM 21.0.0 (clang-2100.3.34.2)"," -O3 -DNDEBUG -DPITO_ECS_OWNED_DELETE_ATOMIC=1",8,100000,pito,owned_update,ecs_get_raw,4,0,5,0.119000
aalair,"Apple M3",8,"Darwin 27.0.0 arm64","Apple LLVM 21.0.0 (clang-2100.3.34.2)"," -O3 -DNDEBUG -DPITO_ECS_OWNED_DELETE_ATOMIC=1",8,100000,pito,owned_update,ecs_get_raw,4,0,6,0.120000
aalair,"Apple M3",8,"Darwin 27.0.0 arm64","Apple LLVM 21.0.0 (clang-2100.3.34.2)"," -O3 -DNDEBUG -DPITO_ECS_OWNED_DELETE_ATOMIC=1",8,100000,pito,owned_update,ecs_get_raw,4,0,7,0.117000
aalair,"Apple M3",8,"Darwin 27.0.0 arm64","Apple LLVM 21.0.0 (clang-2100.3.34.2)"," -O3 -DNDEBUG -DPITO_ECS_OWNED_DELETE_ATOMIC=1",8,100000,pito,owned_update,ecs_get_raw,4,0,8,0.121000
aalair,"Apple M3",8,"Darwin 27.0.0 arm64","Apple LLVM 21.0.0 (clang-2100.3.34.2)"," -O3 -DNDEBUG -DPITO_ECS_OWNED_DELETE_ATOMIC=1",8,100000,pito,owned_update,ecs_get_raw,4,0,9,0.117000
aalair,"Apple M3",8,"Darwin 27.0.0 arm64","Apple LLVM 21.0.0 (clang-2100.3.34.2)"," -O3 -DNDEBUG -DPITO_ECS_OWNED_DELETE_ATOMIC=1",8,100000,pito,owned_update,ecs_get_raw,4,0,10,0.148000
aalair,"Apple M3",8,"Darwin 27.0.0 arm64","Apple LLVM 21.0.0 (clang-2100.3.34.2)"," -O3 -DNDEBUG -DPITO_ECS_OWNED_DELETE_ATOMIC=1",8,100000,pito,owned_update,ecs_get_raw,4,0,11,0.121000
aalair,"Apple M3",8,"Darwin 27.0.0 arm64","Apple LLVM 21.0.0 (clang-2100.3.34.2)"," -O3 -DNDEBUG -DPITO_ECS_OWNED_DELETE_ATOMIC=1",8,100000,pito,owned_update,ecs_get_raw,4,0,12,0.121000
aalair,"Apple M3",8,"Darwin 27.0.0 arm64","Apple LLVM 21.0.0 (clang-2100.3.34.2)"," -O3 -DNDEBUG -DPITO_ECS_OWNED_DELETE_ATOMIC=1",8,100000,pito,owned_update,ecs_get_raw,4,0,13,0.121000
aalair,"Apple M3",8,"Darwin 27.0.0 arm64","Apple LLVM 21.0.0 (clang-2100.3.34.2)"," -O3 -DNDEBUG -DPITO_ECS_OWNED_DELETE_ATOMIC=1",8,100000,pito,owned_update,ecs_get_raw,4,0,14,0.119000
aalair,"Apple M3",8,"Darwin 27.0.0 arm64","Apple LLVM 21.0.0 (clang-2100.3.34.2)"," -O3 -DNDEBUG -DPITO_ECS_OWNED_DELETE_ATOMIC=1",8,100000,pito,owned_update,ecs_get_raw,4,10,1,0.775000
aalair,"Apple M3",8,"Darwin 27.0.0 arm64","Apple LLVM 21.0.0 (clang-2100.3.34.2)"," -O3 -DNDEBUG -DPITO_ECS_OWNED_DELETE_ATOMIC=1",8,100000,pito,owned_update,ecs_get_raw,4,10,2,0.776000
aalair,"Apple M3",8,"Darwin 27.0.0 arm64","Apple LLVM 21.0.0 (clang-2100.3.34.2)"," -O3 -DNDEBUG -DPITO_ECS_OWNED_DELETE_ATOMIC=1",8,100000,pito,owned_update,ecs_get_raw,4,10,3,0.721000
aalair,"Apple M3",8,"Darwin 27.0.0 arm64","Apple LLVM 21.0.0 (clang-2100.3.34.2)"," -O3 -DNDEBUG -DPITO_ECS_OWNED_DELETE_ATOMIC=1",8,100000,pito,owned_update,ecs_get_raw,4,10,4,0.751000
aalair,"Apple M3",8,"Darwin 27.0.0 arm64","Apple LLVM 21.0.0 (clang-2100.3.34.2)"," -O3 -DNDEBUG -DPITO_ECS_OWNED_DELETE_ATOMIC=1",8,100000,pito,owned_update,ecs_get_raw,4,10,5,0.720000
aalair,"Apple M3",8,"Darwin 27.0.0 arm64","Apple LLVM 21.0.0 (clang-2100.3.34.2)"," -O3 -DNDEBUG -DPITO_ECS_OWNED_DELETE_ATOMIC=1",8,100000,pito,owned_update,ecs_get_raw,4,10,6,0.722000
aalair,"Apple M3",8,"Darwin 27.0.0 arm64","Apple LLVM 21.0.0 (clang-2100.3.34.2)"," -O3 -DNDEBUG -DPITO_ECS_OWNED_DELETE_ATOMIC=1",8,100000,pito,owned_update,ecs_get_raw,4,10,7,0.722000
aalair,"Apple M3",8,"Darwin 27.0.0 arm64","Apple LLVM 21.0.0 (clang-2100.3.34.2)"," -O3 -DNDEBUG -DPITO_ECS_OWNED_DELETE_ATOMIC=1",8,100000,pito,owned_update,ecs_get_raw,4,10,8,0.721000
aalair,"Apple M3",8,"Darwin 27.0.0 arm64","Apple LLVM 21.0.0 (clang-2100.3.34.2)"," -O3 -DNDEBUG -DPITO_ECS_OWNED_DELETE_ATOMIC=1",8,100000,pito,owned_update,ecs_get_raw,4,10,9,0.774000
aalair,"Apple M3",8,"Darwin 27.0.0 arm64","Apple LLVM 21.0.0 (clang-2100.3.34.2)"," -O3 -DNDEBUG -DPITO_ECS_OWNED_DELETE_ATOMIC=1",8,100000,pito,owned_update,ecs_get_raw,4,10,10,0.722000
aalair,"Apple M3",8,"Darwin 27.0.0 arm64","Apple LLVM 21.0.0 (clang-2100.3.34.2)"," -O3 -DNDEBUG -DPITO_ECS_OWNED_DELETE_ATOMIC=1",8,100000,pito,owned_update,ecs_get_raw,4,10,11,0.774000
aalair,"Apple M3",8,"Darwin 27.0.0 arm64","Apple LLVM 21.0.0 (clang-2100.3.34.2)"," -O3 -DNDEBUG -DPITO_ECS_OWNED_DELETE_ATOMIC=1",8,100000,pito,owned_update,ecs_get_raw,4,10,12,0.724000
aalair,"Apple M3",8,"Darwin 27.0.0 arm64","Apple LLVM 21.0.0 (clang-2100.3.34.2)"," -O3 -DNDEBUG -DPITO_ECS_OWNED_DELETE_ATOMIC=1",8,100000,pito,owned_update,ecs_get_raw,4,10,13,0.778000
aalair,"Apple M3",8,"Darwin 27.0.0 arm64","Apple LLVM 21.0.0 (clang-2100.3.34.2)"," -O3 -DNDEBUG -DPITO_ECS_OWNED_DELETE_ATOMIC=1",8,100000,pito,owned_update,ecs_get_raw,4,10,14,0.775000
aalair,"Apple M3",8,"Darwin 27.0.0 arm64","Apple LLVM 21.0.0 (clang-2100.3.34.2)"," -O3 -DNDEBUG -DPITO_ECS_OWNED_DELETE_ATOMIC=1",8,100000,pito,owned_update,ecs_get_raw,4,10,15,0.775000
aalair,"Apple M3",8,"Darwin 27.0.0 arm64","Apple LLVM 21.0.0 (clang-2100.3.34.2)"," -O3 -DNDEBUG -DPITO_ECS_OWNED_DELETE_ATOMIC=1",8,100000,pito,owned_update,ecs_get_raw,4,500,1,94.226000
aalair,"Apple M3",8,"Darwin 27.0.0 arm64","Apple LLVM 21.0.0 (clang-2100.3.34.2)"," -O3 -DNDEBUG -DPITO_ECS_OWNED_DELETE_ATOMIC=1",8,100000,pito,owned_update,ecs_get_raw,4,500,2,94.240000
aalair,"Apple M3",8,"Darwin 27.0.0 arm64","Apple LLVM 21.0.0 (clang-2100.3.34.2)"," -O3 -DNDEBUG -DPITO_ECS_OWNED_DELETE_ATOMIC=1",8,100000,pito,owned_update,ecs_get_raw,4,500,3,94.226000
aalair,"Apple M3",8,"Darwin 27.0.0 arm64","Apple LLVM 21.0.0 (clang-2100.3.34.2)"," -O3 -DNDEBUG -DPITO_ECS_OWNED_DELETE_ATOMIC=1",8,100000,pito,owned_update,ecs_get_raw,4,500,4,94.227000
aalair,"Apple M3",8,"Darwin 27.0.0 arm64","Apple LLVM 21.0.0 (clang-2100.3.34.2)"," -O3 -DNDEBUG -DPITO_ECS_OWNED_DELETE_ATOMIC=1",8,100000,pito,owned_update,ecs_get_raw,4,500,5,94.233000
aalair,"Apple M3",8,"Darwin 27.0.0 arm64","Apple LLVM 21.0.0 (clang-2100.3.34.2)"," -O3 -DNDEBUG -DPITO_ECS_OWNED_DELETE_ATOMIC=1",8,100000,pito,owned_update,ecs_get_raw,4,500,6,94.232000
aalair,"Apple M3",8,"Darwin 27.0.0 arm64","Apple LLVM 21.0.0 (clang-2100.3.34.2)"," -O3 -DNDEBUG -DPITO_ECS_OWNED_DELETE_ATOMIC=1",8,100000,pito,owned_update,ecs_get_raw,4,500,7,94.224000
aalair,"Apple M3",8,"Darwin 27.0.0 arm64","Apple LLVM 21.0.0 (clang-2100.3.34.2)"," -O3 -DNDEBUG -DPITO_ECS_OWNED_DELETE_ATOMIC=1",8,100000,pito,owned_update,ecs_get_raw,4,500,8,94.233000
aalair,"Apple M3",8,"Darwin 27.0.0 arm64","Apple LLVM 21.0.0 (clang-2100.3.34.2)"," -O3 -DNDEBUG -DPITO_ECS_OWNED_DELETE_ATOMIC=1",8,100000,pito,owned_update,ecs_get_raw,4,500,9,94.222000
aalair,"Apple M3",8,"Darwin 27.0.0 arm64","Apple LLVM 21.0.0 (clang-2100.3.34.2)"," -O3 -DNDEBUG -DPITO_ECS_OWNED_DELETE_ATOMIC=1",8,100000,pito,owned_update,ecs_get_raw,4,500,10,98.168000
aalair,"Apple M3",8,"Darwin 27.0.0 arm64","Apple LLVM 21.0.0 (clang-2100.3.34.2)"," -O3 -DNDEBUG -DPITO_ECS_OWNED_DELETE_ATOMIC=1",8,100000,pito,owned_update,ecs_get_raw,8,0,1,0.128000
aalair,"Apple M3",8,"Darwin 27.0.0 arm64","Apple LLVM 21.0.0 (clang-2100.3.34.2)"," -O3 -DNDEBUG -DPITO_ECS_OWNED_DELETE_ATOMIC=1",8,100000,pito,owned_update,ecs_get_raw,8,0,2,0.129000
aalair,"Apple M3",8,"Darwin 27.0.0 arm64","Apple LLVM 21.0.0 (clang-2100.3.34.2)"," -O3 -DNDEBUG -DPITO_ECS_OWNED_DELETE_ATOMIC=1",8,100000,pito,owned_update,ecs_get_raw,8,0,3,0.128000
aalair,"Apple M3",8,"Darwin 27.0.0 arm64","Apple LLVM 21.0.0 (clang-2100.3.34.2)"," -O3 -DNDEBUG -DPITO_ECS_OWNED_DELETE_ATOMIC=1",8,100000,pito,owned_update,ecs_get_raw,8,0,4,0.128000
aalair,"Apple M3",8,"Darwin 27.0.0 arm64","Apple LLVM 21.0.0 (clang-2100.3.34.2)"," -O3 -DNDEBUG -DPITO_ECS_OWNED_DELETE_ATOMIC=1",8,100000,pito,owned_update,ecs_get_raw,8,0,5,0.124000
aalair,"Apple M3",8,"Darwin 27.0.0 arm64","Apple LLVM 21.0.0 (clang-2100.3.34.2)"," -O3 -DNDEBUG -DPITO_ECS_OWNED_DELETE_ATOMIC=1",8,100000,pito,owned_update,ecs_get_raw,8,0,6,0.126000
aalair,"Apple M3",8,"Darwin 27.0.0 arm64","Apple LLVM 21.0.0 (clang-2100.3.34.2)"," -O3 -DNDEBUG -DPITO_ECS_OWNED_DELETE_ATOMIC=1",8,100000,pito,owned_update,ecs_get_raw,8,0,7,0.128000
aalair,"Apple M3",8,"Darwin 27.0.0 arm64","Apple LLVM 21.0.0 (clang-2100.3.34.2)"," -O3 -DNDEBUG -DPITO_ECS_OWNED_DELETE_ATOMIC=1",8,100000,pito,owned_update,ecs_get_raw,8,0,8,0.130000
aalair,"Apple M3",8,"Darwin 27.0.0 arm64","Apple LLVM 21.0.0 (clang-2100.3.34.2)"," -O3 -DNDEBUG -DPITO_ECS_OWNED_DELETE_ATOMIC=1",8,100000,pito,owned_update,ecs_get_raw,8,0,9,0.127000
aalair,"Apple M3",8,"Darwin 27.0.0 arm64","Apple LLVM 21.0.0 (clang-2100.3.34.2)"," -O3 -DNDEBUG -DPITO_ECS_OWNED_DELETE_ATOMIC=1",8,100000,pito,owned_update,ecs_get_raw,8,0,10,0.129000
aalair,"Apple M3",8,"Darwin 27.0.0 arm64","Apple LLVM 21.0.0 (clang-2100.3.34.2)"," -O3 -DNDEBUG -DPITO_ECS_OWNED_DELETE_ATOMIC=1",8,100000,pito,owned_update,ecs_get_raw,8,10,1,0.567000
aalair,"Apple M3",8,"Darwin 27.0.0 arm64","Apple LLVM 21.0.0 (clang-2100.3.34.2)"," -O3 -DNDEBUG -DPITO_ECS_OWNED_DELETE_ATOMIC=1",8,100000,pito,owned_update,ecs_get_raw,8,10,2,0.524000
aalair,"Apple M3",8,"Darwin 27.0.0 arm64","Apple LLVM 21.0.0 (clang-2100.3.34.2)"," -O3 -DNDEBUG -DPITO_ECS_OWNED_DELETE_ATOMIC=1",8,100000,pito,owned_update,ecs_get_raw,8,10,3,0.524000
aalair,"Apple M3",8,"Darwin 27.0.0 arm64","Apple LLVM 21.0.0 (clang-2100.3.34.2)"," -O3 -DNDEBUG -DPITO_ECS_OWNED_DELETE_ATOMIC=1",8,100000,pito,owned_update,ecs_get_raw,8,10,4,0.525000
aalair,"Apple M3",8,"Darwin 27.0.0 arm64","Apple LLVM 21.0.0 (clang-2100.3.34.2)"," -O3 -DNDEBUG -DPITO_ECS_OWNED_DELETE_ATOMIC=1",8,100000,pito,owned_update,ecs_get_raw,8,10,5,0.546000
aalair,"Apple M3",8,"Darwin 27.0.0 arm64","Apple LLVM 21.0.0 (clang-2100.3.34.2)"," -O3 -DNDEBUG -DPITO_ECS_OWNED_DELETE_ATOMIC=1",8,100000,pito,owned_update,ecs_get_raw,8,10,6,0.525000
aalair,"Apple M3",8,"Darwin 27.0.0 arm64","Apple LLVM 21.0.0 (clang-2100.3.34.2)"," -O3 -DNDEBUG -DPITO_ECS_OWNED_DELETE_ATOMIC=1",8,100000,pito,owned_update,ecs_get_raw,8,10,7,0.522000
aalair,"Apple M3",8,"Darwin 27.0.0 arm64","Apple LLVM 21.0.0 (clang-2100.3.34.2)"," -O3 -DNDEBUG -DPITO_ECS_OWNED_DELETE_ATOMIC=1",8,100000,pito,owned_update,ecs_get_raw,8,10,8,0.526000
aalair,"Apple M3",8,"Darwin 27.0.0 arm64","Apple LLVM 21.0.0 (clang-2100.3.34.2)"," -O3 -DNDEBUG -DPITO_ECS_OWNED_DELETE_ATOMIC=1",8,100000,pito,owned_update,ecs_get_raw,8,10,9,0.526000
aalair,"Apple M3",8,"Darwin 27.0.0 arm64","Apple LLVM 21.0.0 (clang-2100.3.34.2)"," -O3 -DNDEBUG -DPITO_ECS_OWNED_DELETE_ATOMIC=1",8,100000,pito,owned_update,ecs_get_raw,8,10,10,0.521000
aalair,"Apple M3",8,"Darwin 27.0.0 arm64","Apple LLVM 21.0.0 (clang-2100.3.34.2)"," -O3 -DNDEBUG -DPITO_ECS_OWNED_DELETE_ATOMIC=1",8,100000,pito,owned_update,ecs_get_raw,8,10,11,0.523000
aalair,"Apple M3",8,"Darwin 27.0.0 arm64","Apple LLVM 21.0.0 (clang-2100.3.34.2)"," -O3 -DNDEBUG -DPITO_ECS_OWNED_DELETE_ATOMIC=1",8,100000,pito,owned_update,ecs_get_raw,8,500,1,64.279000
aalair,"Apple M3",8,"Darwin 27.0.0 arm64","Apple LLVM 21.0.0 (clang-2100.3.34.2)"," -O3 -DNDEBUG -DPITO_ECS_OWNED_DELETE_ATOMIC=1",8,100000,pito,owned_update,ecs_get_raw,8,500,2,60.199000
aalair,"Apple M3",8,"Darwin 27.0.0 arm64","Apple LLVM 21.0.0 (clang-2100.3.34.2)"," -O3 -DNDEBUG -DPITO_ECS_OWNED_DELETE_ATOMIC=1",8,100000,pito,owned_update,ecs_get_raw,8,500,3,59.481000
aalair,"Apple M3",8,"Darwin 27.0.0 arm64","Apple LLVM 21.0.0 (clang-2100.3.34.2)"," -O3 -DNDEBUG -DPITO_ECS_OWNED_DELETE_ATOMIC=1",8,100000,pito,owned_update,ecs_get_raw,8,500,4,58.860000
aalair,"Apple M3",8,"Darwin 27.0.0 arm64","Apple LLVM 21.0.0 (clang-2100.3.34.2)"," -O3 -DNDEBUG -DPITO_ECS_OWNED_DELETE_ATOMIC=1",8,100000,pito,owned_update,ecs_get_raw,8,500,5,57.677000
aalair,"Apple M3",8,"Darwin 27.0.0 arm64","Apple LLVM 21.0.0 (clang-2100.3.34.2)"," -O3 -DNDEBUG -DPITO_ECS_OWNED_DELETE_ATOMIC=1",8,100000,pito,owned_update,ecs_get_raw,8,500,6,57.680000
aalair,"Apple M3",8,"Darwin 27.0.0 arm64","Apple LLVM 21.0.0 (clang-2100.3.34.2)"," -O3 -DNDEBUG -DPITO_ECS_OWNED_DELETE_ATOMIC=1",8,100000,pito,owned_update,ecs_get_raw,8,500,7,73.840000
aalair,"Apple M3",8,"Darwin 27.0.0 arm64","Apple LLVM 21.0.0 (clang-2100.3.34.2)"," -O3 -DNDEBUG -DPITO_ECS_OWNED_DELETE_ATOMIC=1",8,100000,pito,owned_update,ecs_get_raw,8,500,8,58.962000
aalair,"Apple M3",8,"Darwin 27.0.0 arm64","Apple LLVM 21.0.0 (clang-2100.3.34.2)"," -O3 -DNDEBUG -DPITO_ECS_OWNED_DELETE_ATOMIC=1",8,100000,pito,owned_update,ecs_get_raw,8,500,9,59.306000
aalair,"Apple M3",8,"Darwin 27.0.0 arm64","Apple LLVM 21.0.0 (clang-2100.3.34.2)"," -O3 -DNDEBUG -DPITO_ECS_OWNED_DELETE_ATOMIC=1",8,100000,pito,owned_update,ecs_get_raw,8,500,10,58.172000
aalair,"Apple M3",8,"Darwin 27.0.0 arm64","Apple LLVM 21.0.0 (clang-2100.3.34.2)"," -O3 -DNDEBUG -DPITO_ECS_OWNED_DELETE_ATOMIC=1",8,100000,pito,owned_update,ecs_get_raw,8,500,11,59.328000
aalair,"Apple M3",8,"Darwin 27.0.0 arm64","Apple LLVM 21.0.0 (clang-2100.3.34.2)"," -O3 -DNDEBUG -DPITO_ECS_OWNED_DELETE_ATOMIC=1",8,100000,pito,owned_update,ecs_get_raw,8,500,12,59.661000
aalair,"Apple M3",8,"Darwin 27.0.0 arm64","Apple LLVM 21.0.0 (clang-2100.3.34.2)"," -O3 -DNDEBUG -DPITO_ECS_OWNED_DELETE_ATOMIC=1",8,100000,pito,owned_update,ecs_get_raw,8,500,13,58.766000
aalair,"Apple M3",8,"Darwin 27.0.0 arm64","Apple LLVM 21.0.0 (clang-2100.3.34.2)"," -O3 -DNDEBUG -DPITO_ECS_OWNED_DELETE_ATOMIC=1",8,100000,pito,owned_update,ecs_get_raw,8,500,14,57.950000
aalair,"Apple M3",8,"Darwin 27.0.0 arm64","Apple LLVM 21.0.0 (clang-2100.3.34.2)"," -O3 -DNDEBUG",8,100000,pico,owned_insert,,1,0,1,10.675000
aalair,"Apple M3",8,"Darwin 27.0.0 arm64","Apple LLVM 21.0.0 (clang-2100.3.34.2)"," -O3 -DNDEBUG",8,100000,pico,owned_insert,,1,0,2,10.096000
aalair,"Apple M3",8,"Darwin 27.0.0 arm64","Apple LLVM 21.0.0 (clang-2100.3.34.2)"," -O3 -DNDEBUG",8,100000,pico,owned_insert,,1,0,3,10.026000
aalair,"Apple M3",8,"Darwin 27.0.0 arm64","Apple LLVM 21.0.0 (clang-2100.3.34.2)"," -O3 -DNDEBUG",8,100000,pico,owned_insert,,1,0,4,10.062000
aalair,"Apple M3",8,"Darwin 27.0.0 arm64","Apple LLVM 21.0.0 (clang-2100.3.34.2)"," -O3 -DNDEBUG",8,100000,pico,owned_insert,,1,0,5,10.133000
aalair,"Apple M3",8,"Darwin 27.0.0 arm64","Apple LLVM 21.0.0 (clang-2100.3.34.2)"," -O3 -DNDEBUG",8,100000,pico,owned_insert,,1,0,6,10.067000
aalair,"Apple M3",8,"Darwin 27.0.0 arm64","Apple LLVM 21.0.0 (clang-2100.3.34.2)"," -O3 -DNDEBUG",8,100000,pico,owned_insert,,1,0,7,10.079000
aalair,"Apple M3",8,"Darwin 27.0.0 arm64","Apple LLVM 21.0.0 (clang-2100.3.34.2)"," -O3 -DNDEBUG",8,100000,pico,owned_insert,,1,0,8,10.075000
aalair,"Apple M3",8,"Darwin 27.0.0 arm64","Apple LLVM 21.0.0 (clang-2100.3.34.2)"," -O3 -DNDEBUG",8,100000,pico,owned_insert,,1,0,9,10.116000
aalair,"Apple M3",8,"Darwin 27.0.0 arm64","Apple LLVM 21.0.0 (clang-2100.3.34.2)"," -O3 -DNDEBUG",8,100000,pico,owned_insert,,1,0,10,10.014000
aalair,"Apple M3",8,"Darwin 27.0.0 arm64","Apple LLVM 21.0.0 (clang-2100.3.34.2)"," -O3 -DNDEBUG",8,100000,pico,owned_insert,,1,0,11,10.110000
aalair,"Apple M3",8,"Darwin 27.0.0 arm64","Apple LLVM 21.0.0 (clang-2100.3.34.2)"," -O3 -DNDEBUG",8,100000,pico,owned_insert,,1,10,1,14.645000
aalair,"Apple M3",8,"Darwin 27.0.0 arm64","Apple LLVM 21.0.0 (clang-2100.3.34.2)"," -O3 -DNDEBUG",8,100000,pico,owned_insert,,1,10,2,14.648000
aalair,"Apple M3",8,"Darwin 27.0.0 arm64","Apple LLVM 21.0.0 (clang-2100.3.34.2)"," -O3 -DNDEBUG",8,100000,pico,owned_insert,,1,10,3,14.597000
aalair,"Apple M3",8,"Darwin 27.0.0 arm64","Apple LLVM 21.0.0 (clang-2100.3.34.2)"," -O3 -DNDEBUG",8,100000,pico,owned_insert,,1,10,4,14.672000
aalair,"Apple M3",8,"Darwin 27.0.0 arm64","Apple LLVM 21.0.0 (clang-2100.3.34.2)"," -O3 -DNDEBUG",8,100000,pico,owned_insert,,1,10,5,14.576000
aalair,"Apple M3",8,"Darwin 27.0.0 arm64","Apple LLVM 21.0.0 (clang-2100.3.34.2)"," -O3 -DNDEBUG",8,100000,pico,owned_insert,,1,10,6,14.563000
aalair,"Apple M3",8,"Darwin 27.0.0 arm64","Apple LLVM 21.0.0 (clang-2100.3.34.2)"," -O3 -DNDEBUG",8,100000,pico,owned_insert,,1,10,7,12.965000
aalair,"Apple M3",8,"Darwin 27.0.0 arm64","Apple LLVM 21.0.0 (clang-2100.3.34.2)"," -O3 -DNDEBUG",8,100000,pico,owned_insert,,1,10,8,13.940000
aalair,"Apple M3",8,"Darwin 27.0.0 arm64","Apple LLVM 21.0.0 (clang-2100.3.34.2)"," -O3 -DNDEBUG",8,100000,pico,owned_insert,,1,10,9,12.955000
aalair,"Apple M3",8,"Darwin 27.0.0 arm64","Apple LLVM 21.0.0 (clang-2100.3.34.2)"," -O3 -DNDEBUG",8,100000,pico,owned_insert,,1,10,10,14.198000
aalair,"Apple M3",8,"Darwin 27.0.0 arm64","Apple LLVM 21.0.0 (clang-2100.3.34.2)"," -O3 -DNDEBUG",8,100000,pico,owned_insert,,1,10,11,14.085000
aalair,"Apple M3",8,"Darwin 27.0.0 arm64","Apple LLVM 21.0.0 (clang-2100.3.34.2)"," -O3 -DNDEBUG",8,100000,pico,owned_insert,,1,10,12,14.038000
aalair,"Apple M3",8,"Darwin 27.0.0 arm64","Apple LLVM 21.0.0 (clang-2100.3.34.2)"," -O3 -DNDEBUG",8,100000,pico,owned_insert,,1,10,13,13.673000
aalair,"Apple M3",8,"Darwin 27.0.0 arm64","Apple LLVM 21.0.0 (clang-2100.3.34.2)"," -O3 -DNDEBUG",8,100000,pico,owned_insert,,1,10,14,14.043000
aalair,"Apple M3",8,"Darwin 27.0.0 arm64","Apple LLVM 21.0.0 (clang-2100.3.34.2)"," -O3 -DNDEBUG",8,100000,pico,owned_insert,,1,500,1,404.374000
aalair,"Apple M3",8,"Darwin 27.0.0 arm64","Apple LLVM 21.0.0 (clang-2100.3.34.2)"," -O3 -DNDEBUG",8,100000,pico,owned_insert,,1,500,2,403.714000
aalair,"Apple M3",8,"Darwin 27.0.0 arm64","Apple LLVM 21.0.0 (clang-2100.3.34.2)"," -O3 -DNDEBUG",8,100000,pico,owned_insert,,1,500,3,403.754000
aalair,"Apple M3",8,"Darwin 27.0.0 arm64","Apple LLVM 21.0.0 (clang-2100.3.34.2)"," -O3 -DNDEBUG",8,100000,pico,owned_insert,,1,500,4,403.729000
aalair,"Apple M3",8,"Darwin 27.0.0 arm64","Apple LLVM 21.0.0 (clang-2100.3.34.2)"," -O3 -DNDEBUG",8,100000,pico,owned_insert,,1,500,5,404.255000
aalair,"Apple M3",8,"Darwin 27.0.0 arm64","Apple LLVM 21.0.0 (clang-2100.3.34.2)"," -O3 -DNDEBUG",8,100000,pico,owned_insert,,1,500,6,404.352000
aalair,"Apple M3",8,"Darwin 27.0.0 arm64","Apple LLVM 21.0.0 (clang-2100.3.34.2)"," -O3 -DNDEBUG",8,100000,pico,owned_insert,,1,500,7,403.788000
aalair,"Apple M3",8,"Darwin 27.0.0 arm64","Apple LLVM 21.0.0 (clang-2100.3.34.2)"," -O3 -DNDEBUG",8,100000,pico,owned_insert,,1,500,8,403.655000
aalair,"Apple M3",8,"Darwin 27.0.0 arm64","Apple LLVM 21.0.0 (clang-2100.3.34.2)"," -O3 -DNDEBUG",8,100000,pico,owned_insert,,1,500,9,403.711000
aalair,"Apple M3",8,"Darwin 27.0.0 arm64","Apple LLVM 21.0.0 (clang-2100.3.34.2)"," -O3 -DNDEBUG",8,100000,pico,owned_insert,,1,500,10,404.339000
aalair,"Apple M3",8,"Darwin 27.0.0 arm64","Apple LLVM 21.0.0 (clang-2100.3.34.2)"," -O3 -DNDEBUG",8,100000,flecs,owned_insert,,1,0,1,27.184000
aalair,"Apple M3",8,"Darwin 27.0.0 arm64","Apple LLVM 21.0.0 (clang-2100.3.34.2)"," -O3 -DNDEBUG",8,100000,flecs,owned_insert,,1,0,2,25.690000
aalair,"Apple M3",8,"Darwin 27.0.0 arm64","Apple LLVM 21.0.0 (clang-2100.3.34.2)"," -O3 -DNDEBUG",8,100000,flecs,owned_insert,,1,0,3,25.102000
aalair,"Apple M3",8,"Darwin 27.0.0 arm64","Apple LLVM 21.0.0 (clang-2100.3.34.2)"," -O3 -DNDEBUG",8,100000,flecs,owned_insert,,1,0,4,25.227000
aalair,"Apple M3",8,"Darwin 27.0.0 arm64","Apple LLVM 21.0.0 (clang-2100.3.34.2)"," -O3 -DNDEBUG",8,100000,flecs,owned_insert,,1,0,5,25.326000
aalair,"Apple M3",8,"Darwin 27.0.0 arm64","Apple LLVM 21.0.0 (clang-2100.3.34.2)"," -O3 -DNDEBUG",8,100000,flecs,owned_insert,,1,0,6,25.063000
aalair,"Apple M3",8,"Darwin 27.0.0 arm64","Apple LLVM 21.0.0 (clang-2100.3.34.2)"," -O3 -DNDEBUG",8,100000,flecs,owned_insert,,1,0,7,24.714000
aalair,"Apple M3",8,"Darwin 27.0.0 arm64","Apple LLVM 21.0.0 (clang-2100.3.34.2)"," -O3 -DNDEBUG",8,100000,flecs,owned_insert,,1,0,8,24.199000
aalair,"Apple M3",8,"Darwin 27.0.0 arm64","Apple LLVM 21.0.0 (clang-2100.3.34.2)"," -O3 -DNDEBUG",8,100000,flecs,owned_insert,,1,0,9,24.335000
aalair,"Apple M3",8,"Darwin 27.0.0 arm64","Apple LLVM 21.0.0 (clang-2100.3.34.2)"," -O3 -DNDEBUG",8,100000,flecs,owned_insert,,1,0,10,23.950000
aalair,"Apple M3",8,"Darwin 27.0.0 arm64","Apple LLVM 21.0.0 (clang-2100.3.34.2)"," -O3 -DNDEBUG",8,100000,flecs,owned_insert,,1,0,11,23.327000
aalair,"Apple M3",8,"Darwin 27.0.0 arm64","Apple LLVM 21.0.0 (clang-2100.3.34.2)"," -O3 -DNDEBUG",8,100000,flecs,owned_insert,,1,10,1,25.934000
aalair,"Apple M3",8,"Darwin 27.0.0 arm64","Apple LLVM 21.0.0 (clang-2100.3.34.2)"," -O3 -DNDEBUG",8,100000,flecs,owned_insert,,1,10,2,25.958000
aalair,"Apple M3",8,"Darwin 27.0.0 arm64","Apple LLVM 21.0.0 (clang-2100.3.34.2)"," -O3 -DNDEBUG",8,100000,flecs,owned_insert,,1,10,3,25.855000
aalair,"Apple M3",8,"Darwin 27.0.0 arm64","Apple LLVM 21.0.0 (clang-2100.3.34.2)"," -O3 -DNDEBUG",8,100000,flecs,owned_insert,,1,10,4,25.749000
aalair,"Apple M3",8,"Darwin 27.0.0 arm64","Apple LLVM 21.0.0 (clang-2100.3.34.2)"," -O3 -DNDEBUG",8,100000,flecs,owned_insert,,1,10,5,25.587000
aalair,"Apple M3",8,"Darwin 27.0.0 arm64","Apple LLVM 21.0.0 (clang-2100.3.34.2)"," -O3 -DNDEBUG",8,100000,flecs,owned_insert,,1,10,6,25.527000
aalair,"Apple M3",8,"Darwin 27.0.0 arm64","Apple LLVM 21.0.0 (clang-2100.3.34.2)"," -O3 -DNDEBUG",8,100000,flecs,owned_insert,,1,10,7,25.532000
aalair,"Apple M3",8,"Darwin 27.0.0 arm64","Apple LLVM 21.0.0 (clang-2100.3.34.2)"," -O3 -DNDEBUG",8,100000,flecs,owned_insert,,1,10,8,25.563000
aalair,"Apple M3",8,"Darwin 27.0.0 arm64","Apple LLVM 21.0.0 (clang-2100.3.34.2)"," -O3 -DNDEBUG",8,100000,flecs,owned_insert,,1,10,9,25.557000
aalair,"Apple M3",8,"Darwin 27.0.0 arm64","Apple LLVM 21.0.0 (clang-2100.3.34.2)"," -O3 -DNDEBUG",8,100000,flecs,owned_insert,,1,10,10,25.529000
aalair,"Apple M3",8,"Darwin 27.0.0 arm64","Apple LLVM 21.0.0 (clang-2100.3.34.2)"," -O3 -DNDEBUG",8,100000,flecs,owned_insert,,1,500,1,375.416000
aalair,"Apple M3",8,"Darwin 27.0.0 arm64","Apple LLVM 21.0.0 (clang-2100.3.34.2)"," -O3 -DNDEBUG",8,100000,flecs,owned_insert,,1,500,2,377.788000
aalair,"Apple M3",8,"Darwin 27.0.0 arm64","Apple LLVM 21.0.0 (clang-2100.3.34.2)"," -O3 -DNDEBUG",8,100000,flecs,owned_insert,,1,500,3,375.797000
aalair,"Apple M3",8,"Darwin 27.0.0 arm64","Apple LLVM 21.0.0 (clang-2100.3.34.2)"," -O3 -DNDEBUG",8,100000,flecs,owned_insert,,1,500,4,375.736000
aalair,"Apple M3",8,"Darwin 27.0.0 arm64","Apple LLVM 21.0.0 (clang-2100.3.34.2)"," -O3 -DNDEBUG",8,100000,flecs,owned_insert,,1,500,5,374.977000
aalair,"Apple M3",8,"Darwin 27.0.0 arm64","Apple LLVM 21.0.0 (clang-2100.3.34.2)"," -O3 -DNDEBUG",8,100000,flecs,owned_insert,,1,500,6,375.412000
aalair,"Apple M3",8,"Darwin 27.0.0 arm64","Apple LLVM 21.0.0 (clang-2100.3.34.2)"," -O3 -DNDEBUG",8,100000,flecs,owned_insert,,1,500,7,375.935000
aalair,"Apple M3",8,"Darwin 27.0.0 arm64","Apple LLVM 21.0.0 (clang-2100.3.34.2)"," -O3 -DNDEBUG",8,100000,flecs,owned_insert,,1,500,8,375.063000
aalair,"Apple M3",8,"Darwin 27.0.0 arm64","Apple LLVM 21.0.0 (clang-2100.3.34.2)"," -O3 -DNDEBUG",8,100000,flecs,owned_insert,,1,500,9,374.865000
aalair,"Apple M3",8,"Darwin 27.0.0 arm64","Apple LLVM 21.0.0 (clang-2100.3.34.2)"," -O3 -DNDEBUG",8,100000,flecs,owned_insert,,1,500,10,374.877000
aalair,"Apple M3",8,"Darwin 27.0.0 arm64","Apple LLVM 21.0.0 (clang-2100.3.34.2)"," -O3 -DNDEBUG",8,100000,flecs,owned_insert,,2,0,1,20.768000
aalair,"Apple M3",8,"Darwin 27.0.0 arm64","Apple LLVM 21.0.0 (clang-2100.3.34.2)"," -O3 -DNDEBUG",8,100000,flecs,owned_insert,,2,0,2,20.190000
aalair,"Apple M3",8,"Darwin 27.0.0 arm64","Apple LLVM 21.0.0 (clang-2100.3.34.2)"," -O3 -DNDEBUG",8,100000,flecs,owned_insert,,2,0,3,20.143000
aalair,"Apple M3",8,"Darwin 27.0.0 arm64","Apple LLVM 21.0.0 (clang-2100.3.34.2)"," -O3 -DNDEBUG",8,100000,flecs,owned_insert,,2,0,4,20.249000
aalair,"Apple M3",8,"Darwin 27.0.0 arm64","Apple LLVM 21.0.0 (clang-2100.3.34.2)"," -O3 -DNDEBUG",8,100000,flecs,owned_insert,,2,0,5,20.257000
aalair,"Apple M3",8,"Darwin 27.0.0 arm64","Apple LLVM 21.0.0 (clang-2100.3.34.2)"," -O3 -DNDEBUG",8,100000,flecs,owned_insert,,2,0,6,20.220000
aalair,"Apple M3",8,"Darwin 27.0.0 arm64","Apple LLVM 21.0.0 (clang-2100.3.34.2)"," -O3 -DNDEBUG",8,100000,flecs,owned_insert,,2,0,7,20.572000
aalair,"Apple M3",8,"Darwin 27.0.0 arm64","Apple LLVM 21.0.0 (clang-2100.3.34.2)"," -O3 -DNDEBUG",8,100000,flecs,owned_insert,,2,0,8,20.355000
aalair,"Apple M3",8,"Darwin 27.0.0 arm64","Apple LLVM 21.0.0 (clang-2100.3.34.2)"," -O3 -DNDEBUG",8,100000,flecs,owned_insert,,2,0,9,20.378000
aalair,"Apple M3",8,"Darwin 27.0.0 arm64","Apple LLVM 21.0.0 (clang-2100.3.34.2)"," -O3 -DNDEBUG",8,100000,flecs,owned_insert,,2,0,10,20.379000
aalair,"Apple M3",8,"Darwin 27.0.0 arm64","Apple LLVM 21.0.0 (clang-2100.3.34.2)"," -O3 -DNDEBUG",8,100000,flecs,owned_insert,,2,10,1,21.494000
aalair,"Apple M3",8,"Darwin 27.0.0 arm64","Apple LLVM 21.0.0 (clang-2100.3.34.2)"," -O3 -DNDEBUG",8,100000,flecs,owned_insert,,2,10,2,21.179000
aalair,"Apple M3",8,"Darwin 27.0.0 arm64","Apple LLVM 21.0.0 (clang-2100.3.34.2)"," -O3 -DNDEBUG",8,100000,flecs,owned_insert,,2,10,3,21.344000
aalair,"Apple M3",8,"Darwin 27.0.0 arm64","Apple LLVM 21.0.0 (clang-2100.3.34.2)"," -O3 -DNDEBUG",8,100000,flecs,owned_insert,,2,10,4,21.367000
aalair,"Apple M3",8,"Darwin 27.0.0 arm64","Apple LLVM 21.0.0 (clang-2100.3.34.2)"," -O3 -DNDEBUG",8,100000,flecs,owned_insert,,2,10,5,21.161000
aalair,"Apple M3",8,"Darwin 27.0.0 arm64","Apple LLVM 21.0.0 (clang-2100.3.34.2)"," -O3 -DNDEBUG",8,100000,flecs,owned_insert,,2,10,6,21.339000
aalair,"Apple M3",8,"Darwin 27.0.0 arm64","Apple LLVM 21.0.0 (clang-2100.3.34.2)"," -O3 -DNDEBUG",8,100000,flecs,owned_insert,,2,10,7,21.358000
aalair,"Apple M3",8,"Darwin 27.0.0 arm64","Apple LLVM 21.0.0 (clang-2100.3.34.2)"," -O3 -DNDEBUG",8,100000,flecs,owned_insert,,2,10,8,21.286000
aalair,"Apple M3",8,"Darwin 27.0.0 arm64","Apple LLVM 21.0.0 (clang-2100.3.34.2)"," -O3 -DNDEBUG",8,100000,flecs,owned_insert,,2,10,9,21.331000
aalair,"Apple M3",8,"Darwin 27.0.0 arm64","Apple LLVM 21.0.0 (clang-2100.3.34.2)"," -O3 -DNDEBUG",8,100000,flecs,owned_insert,,2,10,10,21.251000
aalair,"Apple M3",8,"Darwin 27.0.0 arm64","Apple LLVM 21.0.0 (clang-2100.3.34.2)"," -O3 -DNDEBUG",8,100000,flecs,owned_insert,,2,500,1,207.961000
aalair,"Apple M3",8,"Darwin 27.0.0 arm64","Apple LLVM 21.0.0 (clang-2100.3.34.2)"," -O3 -DNDEBUG",8,100000,flecs,owned_insert,,2,500,2,204.842000
aalair,"Apple M3",8,"Darwin 27.0.0 arm64","Apple LLVM 21.0.0 (clang-2100.3.34.2)"," -O3 -DNDEBUG",8,100000,flecs,owned_insert,,2,500,3,204.866000
aalair,"Apple M3",8,"Darwin 27.0.0 arm64","Apple LLVM 21.0.0 (clang-2100.3.34.2)"," -O3 -DNDEBUG",8,100000,flecs,owned_insert,,2,500,4,204.823000
aalair,"Apple M3",8,"Darwin 27.0.0 arm64","Apple LLVM 21.0.0 (clang-2100.3.34.2)"," -O3 -DNDEBUG",8,100000,flecs,owned_insert,,2,500,5,205.097000
aalair,"Apple M3",8,"Darwin 27.0.0 arm64","Apple LLVM 21.0.0 (clang-2100.3.34.2)"," -O3 -DNDEBUG",8,100000,flecs,owned_insert,,2,500,6,205.173000
aalair,"Apple M3",8,"Darwin 27.0.0 arm64","Apple LLVM 21.0.0 (clang-2100.3.34.2)"," -O3 -DNDEBUG",8,100000,flecs,owned_insert,,2,500,7,204.780000
aalair,"Apple M3",8,"Darwin 27.0.0 arm64","Apple LLVM 21.0.0 (clang-2100.3.34.2)"," -O3 -DNDEBUG",8,100000,flecs,owned_insert,,2,500,8,204.845000
aalair,"Apple M3",8,"Darwin 27.0.0 arm64","Apple LLVM 21.0.0 (clang-2100.3.34.2)"," -O3 -DNDEBUG",8,100000,flecs,owned_insert,,2,500,9,205.113000
aalair,"Apple M3",8,"Darwin 27.0.0 arm64","Apple LLVM 21.0.0 (clang-2100.3.34.2)"," -O3 -DNDEBUG",8,100000,flecs,owned_insert,,2,500,10,205.484000
aalair,"Apple M3",8,"Darwin 27.0.0 arm64","Apple LLVM 21.0.0 (clang-2100.3.34.2)"," -O3 -DNDEBUG",8,100000,flecs,owned_insert,,4,0,1,18.230000
aalair,"Apple M3",8,"Darwin 27.0.0 arm64","Apple LLVM 21.0.0 (clang-2100.3.34.2)"," -O3 -DNDEBUG",8,100000,flecs,owned_insert,,4,0,2,17.482000
aalair,"Apple M3",8,"Darwin 27.0.0 arm64","Apple LLVM 21.0.0 (clang-2100.3.34.2)"," -O3 -DNDEBUG",8,100000,flecs,owned_insert,,4,0,3,17.491000
aalair,"Apple M3",8,"Darwin 27.0.0 arm64","Apple LLVM 21.0.0 (clang-2100.3.34.2)"," -O3 -DNDEBUG",8,100000,flecs,owned_insert,,4,0,4,17.626000
aalair,"Apple M3",8,"Darwin 27.0.0 arm64","Apple LLVM 21.0.0 (clang-2100.3.34.2)"," -O3 -DNDEBUG",8,100000,flecs,owned_insert,,4,0,5,17.569000
aalair,"Apple M3",8,"Darwin 27.0.0 arm64","Apple LLVM 21.0.0 (clang-2100.3.34.2)"," -O3 -DNDEBUG",8,100000,flecs,owned_insert,,4,0,6,17.609000
aalair,"Apple M3",8,"Darwin 27.0.0 arm64","Apple LLVM 21.0.0 (clang-2100.3.34.2)"," -O3 -DNDEBUG",8,100000,flecs,owned_insert,,4,0,7,17.487000
aalair,"Apple M3",8,"Darwin 27.0.0 arm64","Apple LLVM 21.0.0 (clang-2100.3.34.2)"," -O3 -DNDEBUG",8,100000,flecs,owned_insert,,4,0,8,17.576000
aalair,"Apple M3",8,"Darwin 27.0.0 arm64","Apple LLVM 21.0.0 (clang-2100.3.34.2)"," -O3 -DNDEBUG",8,100000,flecs,owned_insert,,4,0,9,17.699000
aalair,"Apple M3",8,"Darwin 27.0.0 arm64","Apple LLVM 21.0.0 (clang-2100.3.34.2)"," -O3 -DNDEBUG",8,100000,flecs,owned_insert,,4,0,10,17.579000
aalair,"Apple M3",8,"Darwin 27.0.0 arm64","Apple LLVM 21.0.0 (clang-2100.3.34.2)"," -O3 -DNDEBUG",8,100000,flecs,owned_insert,,4,10,1,18.166000
aalair,"Apple M3",8,"Darwin 27.0.0 arm64","Apple LLVM 21.0.0 (clang-2100.3.34.2)"," -O3 -DNDEBUG",8,100000,flecs,owned_insert,,4,10,2,18.081000
aalair,"Apple M3",8,"Darwin 27.0.0 arm64","Apple LLVM 21.0.0 (clang-2100.3.34.2)"," -O3 -DNDEBUG",8,100000,flecs,owned_insert,,4,10,3,17.930000
aalair,"Apple M3",8,"Darwin 27.0.0 arm64","Apple LLVM 21.0.0 (clang-2100.3.34.2)"," -O3 -DNDEBUG",8,100000,flecs,owned_insert,,4,10,4,17.930000
aalair,"Apple M3",8,"Darwin 27.0.0 arm64","Apple LLVM 21.0.0 (clang-2100.3.34.2)"," -O3 -DNDEBUG",8,100000,flecs,owned_insert,,4,10,5,18.394000
aalair,"Apple M3",8,"Darwin 27.0.0 arm64","Apple LLVM 21.0.0 (clang-2100.3.34.2)"," -O3 -DNDEBUG",8,100000,flecs,owned_insert,,4,10,6,17.950000
aalair,"Apple M3",8,"Darwin 27.0.0 arm64","Apple LLVM 21.0.0 (clang-2100.3.34.2)"," -O3 -DNDEBUG",8,100000,flecs,owned_insert,,4,10,7,18.071000
aalair,"Apple M3",8,"Darwin 27.0.0 arm64","Apple LLVM 21.0.0 (clang-2100.3.34.2)"," -O3 -DNDEBUG",8,100000,flecs,owned_insert,,4,10,8,18.117000
aalair,"Apple M3",8,"Darwin 27.0.0 arm64","Apple LLVM 21.0.0 (clang-2100.3.34.2)"," -O3 -DNDEBUG",8,100000,flecs,owned_insert,,4,10,9,18.073000
aalair,"Apple M3",8,"Darwin 27.0.0 arm64","Apple LLVM 21.0.0 (clang-2100.3.34.2)"," -O3 -DNDEBUG",8,100000,flecs,owned_insert,,4,10,10,18.147000
aalair,"Apple M3",8,"Darwin 27.0.0 arm64","Apple LLVM 21.0.0 (clang-2100.3.34.2)"," -O3 -DNDEBUG",8,100000,flecs,owned_insert,,4,500,1,117.603000
aalair,"Apple M3",8,"Darwin 27.0.0 arm64","Apple LLVM 21.0.0 (clang-2100.3.34.2)"," -O3 -DNDEBUG",8,100000,flecs,owned_insert,,4,500,2,117.254000
aalair,"Apple M3",8,"Darwin 27.0.0 arm64","Apple LLVM 21.0.0 (clang-2100.3.34.2)"," -O3 -DNDEBUG",8,100000,flecs,owned_insert,,4,500,3,117.243000
aalair,"Apple M3",8,"Darwin 27.0.0 arm64","Apple LLVM 21.0.0 (clang-2100.3.34.2)"," -O3 -DNDEBUG",8,100000,flecs,owned_insert,,4,500,4,117.286000
aalair,"Apple M3",8,"Darwin 27.0.0 arm64","Apple LLVM 21.0.0 (clang-2100.3.34.2)"," -O3 -DNDEBUG",8,100000,flecs,owned_insert,,4,500,5,117.223000
aalair,"Apple M3",8,"Darwin 27.0.0 arm64","Apple LLVM 21.0.0 (clang-2100.3.34.2)"," -O3 -DNDEBUG",8,100000,flecs,owned_insert,,4,500,6,117.221000
aalair,"Apple M3",8,"Darwin 27.0.0 arm64","Apple LLVM 21.0.0 (clang-2100.3.34.2)"," -O3 -DNDEBUG",8,100000,flecs,owned_insert,,4,500,7,117.140000
aalair,"Apple M3",8,"Darwin 27.0.0 arm64","Apple LLVM 21.0.0 (clang-2100.3.34.2)"," -O3 -DNDEBUG",8,100000,flecs,owned_insert,,4,500,8,117.286000
aalair,"Apple M3",8,"Darwin 27.0.0 arm64","Apple LLVM 21.0.0 (clang-2100.3.34.2)"," -O3 -DNDEBUG",8,100000,flecs,owned_insert,,4,500,9,117.320000
aalair,"Apple M3",8,"Darwin 27.0.0 arm64","Apple LLVM 21.0.0 (clang-2100.3.34.2)"," -O3 -DNDEBUG",8,100000,flecs,owned_insert,,4,500,10,117.230000
aalair,"Apple M3",8,"Darwin 27.0.0 arm64","Apple LLVM 21.0.0 (clang-2100.3.34.2)"," -O3 -DNDEBUG",8,100000,flecs,owned_insert,,8,0,1,16.975000
aalair,"Apple M3",8,"Darwin 27.0.0 arm64","Apple LLVM 21.0.0 (clang-2100.3.34.2)"," -O3 -DNDEBUG",8,100000,flecs,owned_insert,,8,0,2,16.537000
aalair,"Apple M3",8,"Darwin 27.0.0 arm64","Apple LLVM 21.0.0 (clang-2100.3.34.2)"," -O3 -DNDEBUG",8,100000,flecs,owned_insert,,8,0,3,16.557000
aalair,"Apple M3",8,"Darwin 27.0.0 arm64","Apple LLVM 21.0.0 (clang-2100.3.34.2)"," -O3 -DNDEBUG",8,100000,flecs,owned_insert,,8,0,4,16.600000
aalair,"Apple M3",8,"Darwin 27.0.0 arm64","Apple LLVM 21.0.0 (clang-2100.3.34.2)"," -O3 -DNDEBUG",8,100000,flecs,owned_insert,,8,0,5,16.402000
aalair,"Apple M3",8,"Darwin 27.0.0 arm64","Apple LLVM 21.0.0 (clang-2100.3.34.2)"," -O3 -DNDEBUG",8,100000,flecs,owned_insert,,8,0,6,16.478000
aalair,"Apple M3",8,"Darwin 27.0.0 arm64","Apple LLVM 21.0.0 (clang-2100.3.34.2)"," -O3 -DNDEBUG",8,100000,flecs,owned_insert,,8,0,7,16.480000
aalair,"Apple M3",8,"Darwin 27.0.0 arm64","Apple LLVM 21.0.0 (clang-2100.3.34.2)"," -O3 -DNDEBUG",8,100000,flecs,owned_insert,,8,0,8,16.333000
aalair,"Apple M3",8,"Darwin 27.0.0 arm64","Apple LLVM 21.0.0 (clang-2100.3.34.2)"," -O3 -DNDEBUG",8,100000,flecs,owned_insert,,8,0,9,16.792000
aalair,"Apple M3",8,"Darwin 27.0.0 arm64","Apple LLVM 21.0.0 (clang-2100.3.34.2)"," -O3 -DNDEBUG",8,100000,flecs,owned_insert,,8,0,10,16.456000
aalair,"Apple M3",8,"Darwin 27.0.0 arm64","Apple LLVM 21.0.0 (clang-2100.3.34.2)"," -O3 -DNDEBUG",8,100000,flecs,owned_insert,,8,10,1,17.079000
aalair,"Apple M3",8,"Darwin 27.0.0 arm64","Apple LLVM 21.0.0 (clang-2100.3.34.2)"," -O3 -DNDEBUG",8,100000,flecs,owned_insert,,8,10,2,16.796000
aalair,"Apple M3",8,"Darwin 27.0.0 arm64","Apple LLVM 21.0.0 (clang-2100.3.34.2)"," -O3 -DNDEBUG",8,100000,flecs,owned_insert,,8,10,3,16.778000
aalair,"Apple M3",8,"Darwin 27.0.0 arm64","Apple LLVM 21.0.0 (clang-2100.3.34.2)"," -O3 -DNDEBUG",8,100000,flecs,owned_insert,,8,10,4,16.719000
aalair,"Apple M3",8,"Darwin 27.0.0 arm64","Apple LLVM 21.0.0 (clang-2100.3.34.2)"," -O3 -DNDEBUG",8,100000,flecs,owned_insert,,8,10,5,16.695000
aalair,"Apple M3",8,"Darwin 27.0.0 arm64","Apple LLVM 21.0.0 (clang-2100.3.34.2)"," -O3 -DNDEBUG",8,100000,flecs,owned_insert,,8,10,6,16.691000
aalair,"Apple M3",8,"Darwin 27.0.0 arm64","Apple LLVM 21.0.0 (clang-2100.3.34.2)"," -O3 -DNDEBUG",8,100000,flecs,owned_insert,,8,10,7,16.624000
aalair,"Apple M3",8,"Darwin 27.0.0 arm64","Apple LLVM 21.0.0 (clang-2100.3.34.2)"," -O3 -DNDEBUG",8,100000,flecs,owned_insert,,8,10,8,16.813000
aalair,"Apple M3",8,"Darwin 27.0.0 arm64","Apple LLVM 21.0.0 (clang-2100.3.34.2)"," -O3 -DNDEBUG",8,100000,flecs,owned_insert,,8,10,9,16.629000
aalair,"Apple M3",8,"Darwin 27.0.0 arm64","Apple LLVM 21.0.0 (clang-2100.3.34.2)"," -O3 -DNDEBUG",8,100000,flecs,owned_insert,,8,10,10,16.772000
aalair,"Apple M3",8,"Darwin 27.0.0 arm64","Apple LLVM 21.0.0 (clang-2100.3.34.2)"," -O3 -DNDEBUG",8,100000,flecs,owned_insert,,8,500,1,77.358000
aalair,"Apple M3",8,"Darwin 27.0.0 arm64","Apple LLVM 21.0.0 (clang-2100.3.34.2)"," -O3 -DNDEBUG",8,100000,flecs,owned_insert,,8,500,2,77.111000
aalair,"Apple M3",8,"Darwin 27.0.0 arm64","Apple LLVM 21.0.0 (clang-2100.3.34.2)"," -O3 -DNDEBUG",8,100000,flecs,owned_insert,,8,500,3,80.525000
aalair,"Apple M3",8,"Darwin 27.0.0 arm64","Apple LLVM 21.0.0 (clang-2100.3.34.2)"," -O3 -DNDEBUG",8,100000,flecs,owned_insert,,8,500,4,76.934000
aalair,"Apple M3",8,"Darwin 27.0.0 arm64","Apple LLVM 21.0.0 (clang-2100.3.34.2)"," -O3 -DNDEBUG",8,100000,flecs,owned_insert,,8,500,5,78.538000
aalair,"Apple M3",8,"Darwin 27.0.0 arm64","Apple LLVM 21.0.0 (clang-2100.3.34.2)"," -O3 -DNDEBUG",8,100000,flecs,owned_insert,,8,500,6,77.882000
aalair,"Apple M3",8,"Darwin 27.0.0 arm64","Apple LLVM 21.0.0 (clang-2100.3.34.2)"," -O3 -DNDEBUG",8,100000,flecs,owned_insert,,8,500,7,76.630000
aalair,"Apple M3",8,"Darwin 27.0.0 arm64","Apple LLVM 21.0.0 (clang-2100.3.34.2)"," -O3 -DNDEBUG",8,100000,flecs,owned_insert,,8,500,8,75.988000
aalair,"Apple M3",8,"Darwin 27.0.0 arm64","Apple LLVM 21.0.0 (clang-2100.3.34.2)"," -O3 -DNDEBUG",8,100000,flecs,owned_insert,,8,500,9,77.047000
aalair,"Apple M3",8,"Darwin 27.0.0 arm64","Apple LLVM 21.0.0 (clang-2100.3.34.2)"," -O3 -DNDEBUG",8,100000,flecs,owned_insert,,8,500,10,75.534000
aalair,"Apple M3",8,"Darwin 27.0.0 arm64","Apple LLVM 21.0.0 (clang-2100.3.34.2)"," -O3 -DNDEBUG",8,100000,pito,owned_insert,ecs_insert_owned,1,0,1,25.752000
aalair,"Apple M3",8,"Darwin 27.0.0 arm64","Apple LLVM 21.0.0 (clang-2100.3.34.2)"," -O3 -DNDEBUG",8,100000,pito,owned_insert,ecs_insert_owned,1,0,2,25.674000
aalair,"Apple M3",8,"Darwin 27.0.0 arm64","Apple LLVM 21.0.0 (clang-2100.3.34.2)"," -O3 -DNDEBUG",8,100000,pito,owned_insert,ecs_insert_owned,1,0,3,25.555000
aalair,"Apple M3",8,"Darwin 27.0.0 arm64","Apple LLVM 21.0.0 (clang-2100.3.34.2)"," -O3 -DNDEBUG",8,100000,pito,owned_insert,ecs_insert_owned,1,0,4,25.556000
aalair,"Apple M3",8,"Darwin 27.0.0 arm64","Apple LLVM 21.0.0 (clang-2100.3.34.2)"," -O3 -DNDEBUG",8,100000,pito,owned_insert,ecs_insert_owned,1,0,5,25.449000
aalair,"Apple M3",8,"Darwin 27.0.0 arm64","Apple LLVM 21.0.0 (clang-2100.3.34.2)"," -O3 -DNDEBUG",8,100000,pito,owned_insert,ecs_insert_owned,1,0,6,25.405000
aalair,"Apple M3",8,"Darwin 27.0.0 arm64","Apple LLVM 21.0.0 (clang-2100.3.34.2)"," -O3 -DNDEBUG",8,100000,pito,owned_insert,ecs_insert_owned,1,0,7,25.441000
aalair,"Apple M3",8,"Darwin 27.0.0 arm64","Apple LLVM 21.0.0 (clang-2100.3.34.2)"," -O3 -DNDEBUG",8,100000,pito,owned_insert,ecs_insert_owned,1,0,8,25.438000
aalair,"Apple M3",8,"Darwin 27.0.0 arm64","Apple LLVM 21.0.0 (clang-2100.3.34.2)"," -O3 -DNDEBUG",8,100000,pito,owned_insert,ecs_insert_owned,1,0,9,25.425000
aalair,"Apple M3",8,"Darwin 27.0.0 arm64","Apple LLVM 21.0.0 (clang-2100.3.34.2)"," -O3 -DNDEBUG",8,100000,pito,owned_insert,ecs_insert_owned,1,0,10,25.428000
aalair,"Apple M3",8,"Darwin 27.0.0 arm64","Apple LLVM 21.0.0 (clang-2100.3.34.2)"," -O3 -DNDEBUG",8,100000,pito,owned_insert,ecs_insert_owned,1,10,1,28.612000
aalair,"Apple M3",8,"Darwin 27.0.0 arm64","Apple LLVM 21.0.0 (clang-2100.3.34.2)"," -O3 -DNDEBUG",8,100000,pito,owned_insert,ecs_insert_owned,1,10,2,28.142000
aalair,"Apple M3",8,"Darwin 27.0.0 arm64","Apple LLVM 21.0.0 (clang-2100.3.34.2)"," -O3 -DNDEBUG",8,100000,pito,owned_insert,ecs_insert_owned,1,10,3,28.150000
aalair,"Apple M3",8,"Darwin 27.0.0 arm64","Apple LLVM 21.0.0 (clang-2100.3.34.2)"," -O3 -DNDEBUG",8,100000,pito,owned_insert,ecs_insert_owned,1,10,4,28.276000
aalair,"Apple M3",8,"Darwin 27.0.0 arm64","Apple LLVM 21.0.0 (clang-2100.3.34.2)"," -O3 -DNDEBUG",8,100000,pito,owned_insert,ecs_insert_owned,1,10,5,28.080000
aalair,"Apple M3",8,"Darwin 27.0.0 arm64","Apple LLVM 21.0.0 (clang-2100.3.34.2)"," -O3 -DNDEBUG",8,100000,pito,owned_insert,ecs_insert_owned,1,10,6,28.138000
aalair,"Apple M3",8,"Darwin 27.0.0 arm64","Apple LLVM 21.0.0 (clang-2100.3.34.2)"," -O3 -DNDEBUG",8,100000,pito,owned_insert,ecs_insert_owned,1,10,7,28.141000
aalair,"Apple M3",8,"Darwin 27.0.0 arm64","Apple LLVM 21.0.0 (clang-2100.3.34.2)"," -O3 -DNDEBUG",8,100000,pito,owned_insert,ecs_insert_owned,1,10,8,28.051000
aalair,"Apple M3",8,"Darwin 27.0.0 arm64","Apple LLVM 21.0.0 (clang-2100.3.34.2)"," -O3 -DNDEBUG",8,100000,pito,owned_insert,ecs_insert_owned,1,10,9,28.056000
aalair,"Apple M3",8,"Darwin 27.0.0 arm64","Apple LLVM 21.0.0 (clang-2100.3.34.2)"," -O3 -DNDEBUG",8,100000,pito,owned_insert,ecs_insert_owned,1,10,10,28.012000
aalair,"Apple M3",8,"Darwin 27.0.0 arm64","Apple LLVM 21.0.0 (clang-2100.3.34.2)"," -O3 -DNDEBUG",8,100000,pito,owned_insert,ecs_insert_owned,1,500,1,403.654000
aalair,"Apple M3",8,"Darwin 27.0.0 arm64","Apple LLVM 21.0.0 (clang-2100.3.34.2)"," -O3 -DNDEBUG",8,100000,pito,owned_insert,ecs_insert_owned,1,500,2,403.479000
aalair,"Apple M3",8,"Darwin 27.0.0 arm64","Apple LLVM 21.0.0 (clang-2100.3.34.2)"," -O3 -DNDEBUG",8,100000,pito,owned_insert,ecs_insert_owned,1,500,3,403.380000
aalair,"Apple M3",8,"Darwin 27.0.0 arm64","Apple LLVM 21.0.0 (clang-2100.3.34.2)"," -O3 -DNDEBUG",8,100000,pito,owned_insert,ecs_insert_owned,1,500,4,403.835000
aalair,"Apple M3",8,"Darwin 27.0.0 arm64","Apple LLVM 21.0.0 (clang-2100.3.34.2)"," -O3 -DNDEBUG",8,100000,pito,owned_insert,ecs_insert_owned,1,500,5,403.426000
aalair,"Apple M3",8,"Darwin 27.0.0 arm64","Apple LLVM 21.0.0 (clang-2100.3.34.2)"," -O3 -DNDEBUG",8,100000,pito,owned_insert,ecs_insert_owned,1,500,6,403.220000
aalair,"Apple M3",8,"Darwin 27.0.0 arm64","Apple LLVM 21.0.0 (clang-2100.3.34.2)"," -O3 -DNDEBUG",8,100000,pito,owned_insert,ecs_insert_owned,1,500,7,403.576000
aalair,"Apple M3",8,"Darwin 27.0.0 arm64","Apple LLVM 21.0.0 (clang-2100.3.34.2)"," -O3 -DNDEBUG",8,100000,pito,owned_insert,ecs_insert_owned,1,500,8,403.671000
aalair,"Apple M3",8,"Darwin 27.0.0 arm64","Apple LLVM 21.0.0 (clang-2100.3.34.2)"," -O3 -DNDEBUG",8,100000,pito,owned_insert,ecs_insert_owned,1,500,9,403.176000
aalair,"Apple M3",8,"Darwin 27.0.0 arm64","Apple LLVM 21.0.0 (clang-2100.3.34.2)"," -O3 -DNDEBUG",8,100000,pito,owned_insert,ecs_insert_owned,1,500,10,403.098000
aalair,"Apple M3",8,"Darwin 27.0.0 arm64","Apple LLVM 21.0.0 (clang-2100.3.34.2)"," -O3 -DNDEBUG",8,100000,pito,owned_insert,ecs_insert_owned,2,0,1,35.170000
aalair,"Apple M3",8,"Darwin 27.0.0 arm64","Apple LLVM 21.0.0 (clang-2100.3.34.2)"," -O3 -DNDEBUG",8,100000,pito,owned_insert,ecs_insert_owned,2,0,2,35.138000
aalair,"Apple M3",8,"Darwin 27.0.0 arm64","Apple LLVM 21.0.0 (clang-2100.3.34.2)"," -O3 -DNDEBUG",8,100000,pito,owned_insert,ecs_insert_owned,2,0,3,35.342000
aalair,"Apple M3",8,"Darwin 27.0.0 arm64","Apple LLVM 21.0.0 (clang-2100.3.34.2)"," -O3 -DNDEBUG",8,100000,pito,owned_insert,ecs_insert_owned,2,0,4,38.387000
aalair,"Apple M3",8,"Darwin 27.0.0 arm64","Apple LLVM 21.0.0 (clang-2100.3.34.2)"," -O3 -DNDEBUG",8,100000,pito,owned_insert,ecs_insert_owned,2,0,5,35.731000
aalair,"Apple M3",8,"Darwin 27.0.0 arm64","Apple LLVM 21.0.0 (clang-2100.3.34.2)"," -O3 -DNDEBUG",8,100000,pito,owned_insert,ecs_insert_owned,2,0,6,35.251000
aalair,"Apple M3",8,"Darwin 27.0.0 arm64","Apple LLVM 21.0.0 (clang-2100.3.34.2)"," -O3 -DNDEBUG",8,100000,pito,owned_insert,ecs_insert_owned,2,0,7,39.921000
aalair,"Apple M3",8,"Darwin 27.0.0 arm64","Apple LLVM 21.0.0 (clang-2100.3.34.2)"," -O3 -DNDEBUG",8,100000,pito,owned_insert,ecs_insert_owned,2,0,8,41.690000
aalair,"Apple M3",8,"Darwin 27.0.0 arm64","Apple LLVM 21.0.0 (clang-2100.3.34.2)"," -O3 -DNDEBUG",8,100000,pito,owned_insert,ecs_insert_owned,2,0,9,41.552000
aalair,"Apple M3",8,"Darwin 27.0.0 arm64","Apple LLVM 21.0.0 (clang-2100.3.34.2)"," -O3 -DNDEBUG",8,100000,pito,owned_insert,ecs_insert_owned,2,0,10,41.610000
aalair,"Apple M3",8,"Darwin 27.0.0 arm64","Apple LLVM 21.0.0 (clang-2100.3.34.2)"," -O3 -DNDEBUG",8,100000,pito,owned_insert,ecs_insert_owned,2,0,11,41.508000
aalair,"Apple M3",8,"Darwin 27.0.0 arm64","Apple LLVM 21.0.0 (clang-2100.3.34.2)"," -O3 -DNDEBUG",8,100000,pito,owned_insert,ecs_insert_owned,2,0,12,41.541000
aalair,"Apple M3",8,"Darwin 27.0.0 arm64","Apple LLVM 21.0.0 (clang-2100.3.34.2)"," -O3 -DNDEBUG",8,100000,pito,owned_insert,ecs_insert_owned,2,0,13,41.411000
aalair,"Apple M3",8,"Darwin 27.0.0 arm64","Apple LLVM 21.0.0 (clang-2100.3.34.2)"," -O3 -DNDEBUG",8,100000,pito,owned_insert,ecs_insert_owned,2,0,14,41.630000
aalair,"Apple M3",8,"Darwin 27.0.0 arm64","Apple LLVM 21.0.0 (clang-2100.3.34.2)"," -O3 -DNDEBUG",8,100000,pito,owned_insert,ecs_insert_owned,2,0,15,41.628000
aalair,"Apple M3",8,"Darwin 27.0.0 arm64","Apple LLVM 21.0.0 (clang-2100.3.34.2)"," -O3 -DNDEBUG",8,100000,pito,owned_insert,ecs_insert_owned,2,0,16,41.453000
aalair,"Apple M3",8,"Darwin 27.0.0 arm64","Apple LLVM 21.0.0 (clang-2100.3.34.2)"," -O3 -DNDEBUG",8,100000,pito,owned_insert,ecs_insert_owned,2,0,17,41.400000
aalair,"Apple M3",8,"Darwin 27.0.0 arm64","Apple LLVM 21.0.0 (clang-2100.3.34.2)"," -O3 -DNDEBUG",8,100000,pito,owned_insert,ecs_insert_owned,2,0,18,41.435000
aalair,"Apple M3",8,"Darwin 27.0.0 arm64","Apple LLVM 21.0.0 (clang-2100.3.34.2)"," -O3 -DNDEBUG",8,100000,pito,owned_insert,ecs_insert_owned,2,0,19,41.424000
aalair,"Apple M3",8,"Darwin 27.0.0 arm64","Apple LLVM 21.0.0 (clang-2100.3.34.2)"," -O3 -DNDEBUG",8,100000,pito,owned_insert,ecs_insert_owned,2,0,20,41.441000
aalair,"Apple M3",8,"Darwin 27.0.0 arm64","Apple LLVM 21.0.0 (clang-2100.3.34.2)"," -O3 -DNDEBUG",8,100000,pito,owned_insert,ecs_insert_owned,2,0,21,41.549000
aalair,"Apple M3",8,"Darwin 27.0.0 arm64","Apple LLVM 21.0.0 (clang-2100.3.34.2)"," -O3 -DNDEBUG",8,100000,pito,owned_insert,ecs_insert_owned,2,0,22,41.488000
aalair,"Apple M3",8,"Darwin 27.0.0 arm64","Apple LLVM 21.0.0 (clang-2100.3.34.2)"," -O3 -DNDEBUG",8,100000,pito,owned_insert,ecs_insert_owned,2,0,23,41.424000
aalair,"Apple M3",8,"Darwin 27.0.0 arm64","Apple LLVM 21.0.0 (clang-2100.3.34.2)"," -O3 -DNDEBUG",8,100000,pito,owned_insert,ecs_insert_owned,2,0,24,44.790000
aalair,"Apple M3",8,"Darwin 27.0.0 arm64","Apple LLVM 21.0.0 (clang-2100.3.34.2)"," -O3 -DNDEBUG",8,100000,pito,owned_insert,ecs_insert_owned,2,10,1,41.137000
aalair,"Apple M3",8,"Darwin 27.0.0 arm64","Apple LLVM 21.0.0 (clang-2100.3.34.2)"," -O3 -DNDEBUG",8,100000,pito,owned_insert,ecs_insert_owned,2,10,2,41.345000
aalair,"Apple M3",8,"Darwin 27.0.0 arm64","Apple LLVM 21.0.0 (clang-2100.3.34.2)"," -O3 -DNDEBUG",8,100000,pito,owned_insert,ecs_insert_owned,2,10,3,41.170000
aalair,"Apple M3",8,"Darwin 27.0.0 arm64","Apple LLVM 21.0.0 (clang-2100.3.34.2)"," -O3 -DNDEBUG",8,100000,pito,owned_insert,ecs_insert_owned,2,10,4,41.285000
aalair,"Apple M3",8,"Darwin 27.0.0 arm64","Apple LLVM 21.0.0 (clang-2100.3.34.2)"," -O3 -DNDEBUG",8,100000,pito,owned_insert,ecs_insert_owned,2,10,5,40.996000
aalair,"Apple M3",8,"Darwin 27.0.0 arm64","Apple LLVM 21.0.0 (clang-2100.3.34.2)"," -O3 -DNDEBUG",8,100000,pito,owned_insert,ecs_insert_owned,2,10,6,41.882000
aalair,"Apple M3",8,"Darwin 27.0.0 arm64","Apple LLVM 21.0.0 (clang-2100.3.34.2)"," -O3 -DNDEBUG",8,100000,pito,owned_insert,ecs_insert_owned,2,10,7,41.178000
aalair,"Apple M3",8,"Darwin 27.0.0 arm64","Apple LLVM 21.0.0 (clang-2100.3.34.2)"," -O3 -DNDEBUG",8,100000,pito,owned_insert,ecs_insert_owned,2,10,8,41.226000
aalair,"Apple M3",8,"Darwin 27.0.0 arm64","Apple LLVM 21.0.0 (clang-2100.3.34.2)"," -O3 -DNDEBUG",8,100000,pito,owned_insert,ecs_insert_owned,2,10,9,41.221000
aalair,"Apple M3",8,"Darwin 27.0.0 arm64","Apple LLVM 21.0.0 (clang-2100.3.34.2)"," -O3 -DNDEBUG",8,100000,pito,owned_insert,ecs_insert_owned,2,10,10,41.285000
aalair,"Apple M3",8,"Darwin 27.0.0 arm64","Apple LLVM 21.0.0 (clang-2100.3.34.2)"," -O3 -DNDEBUG",8,100000,pito,owned_insert,ecs_insert_owned,2,500,1,207.411000
aalair,"Apple M3",8,"Darwin 27.0.0 arm64","Apple LLVM 21.0.0 (clang-2100.3.34.2)"," -O3 -DNDEBUG",8,100000,pito,owned_insert,ecs_insert_owned,2,500,2,207.327000
aalair,"Apple M3",8,"Darwin 27.0.0 arm64","Apple LLVM 21.0.0 (clang-2100.3.34.2)"," -O3 -DNDEBUG",8,100000,pito,owned_insert,ecs_insert_owned,2,500,3,211.598000
aalair,"Apple M3",8,"Darwin 27.0.0 arm64","Apple LLVM 21.0.0 (clang-2100.3.34.2)"," -O3 -DNDEBUG",8,100000,pito,owned_insert,ecs_insert_owned,2,500,4,211.470000
aalair,"Apple M3",8,"Darwin 27.0.0 arm64","Apple LLVM 21.0.0 (clang-2100.3.34.2)"," -O3 -DNDEBUG",8,100000,pito,owned_insert,ecs_insert_owned,2,500,5,210.348000
aalair,"Apple M3",8,"Darwin 27.0.0 arm64","Apple LLVM 21.0.0 (clang-2100.3.34.2)"," -O3 -DNDEBUG",8,100000,pito,owned_insert,ecs_insert_owned,2,500,6,211.141000
aalair,"Apple M3",8,"Darwin 27.0.0 arm64","Apple LLVM 21.0.0 (clang-2100.3.34.2)"," -O3 -DNDEBUG",8,100000,pito,owned_insert,ecs_insert_owned,2,500,7,209.721000
aalair,"Apple M3",8,"Darwin 27.0.0 arm64","Apple LLVM 21.0.0 (clang-2100.3.34.2)"," -O3 -DNDEBUG",8,100000,pito,owned_insert,ecs_insert_owned,2,500,8,209.796000
aalair,"Apple M3",8,"Darwin 27.0.0 arm64","Apple LLVM 21.0.0 (clang-2100.3.34.2)"," -O3 -DNDEBUG",8,100000,pito,owned_insert,ecs_insert_owned,2,500,9,209.873000
aalair,"Apple M3",8,"Darwin 27.0.0 arm64","Apple LLVM 21.0.0 (clang-2100.3.34.2)"," -O3 -DNDEBUG",8,100000,pito,owned_insert,ecs_insert_owned,2,500,10,208.400000
aalair,"Apple M3",8,"Darwin 27.0.0 arm64","Apple LLVM 21.0.0 (clang-2100.3.34.2)"," -O3 -DNDEBUG",8,100000,pito,owned_insert,ecs_insert_owned,4,0,1,63.687000
aalair,"Apple M3",8,"Darwin 27.0.0 arm64","Apple LLVM 21.0.0 (clang-2100.3.34.2)"," -O3 -DNDEBUG",8,100000,pito,owned_insert,ecs_insert_owned,4,0,2,64.170000
aalair,"Apple M3",8,"Darwin 27.0.0 arm64","Apple LLVM 21.0.0 (clang-2100.3.34.2)"," -O3 -DNDEBUG",8,100000,pito,owned_insert,ecs_insert_owned,4,0,3,64.023000
aalair,"Apple M3",8,"Darwin 27.0.0 arm64","Apple LLVM 21.0.0 (clang-2100.3.34.2)"," -O3 -DNDEBUG",8,100000,pito,owned_insert,ecs_insert_owned,4,0,4,63.868000
aalair,"Apple M3",8,"Darwin 27.0.0 arm64","Apple LLVM 21.0.0 (clang-2100.3.34.2)"," -O3 -DNDEBUG",8,100000,pito,owned_insert,ecs_insert_owned,4,0,5,64.028000
aalair,"Apple M3",8,"Darwin 27.0.0 arm64","Apple LLVM 21.0.0 (clang-2100.3.34.2)"," -O3 -DNDEBUG",8,100000,pito,owned_insert,ecs_insert_owned,4,0,6,66.128000
aalair,"Apple M3",8,"Darwin 27.0.0 arm64","Apple LLVM 21.0.0 (clang-2100.3.34.2)"," -O3 -DNDEBUG",8,100000,pito,owned_insert,ecs_insert_owned,4,0,7,63.098000
aalair,"Apple M3",8,"Darwin 27.0.0 arm64","Apple LLVM 21.0.0 (clang-2100.3.34.2)"," -O3 -DNDEBUG",8,100000,pito,owned_insert,ecs_insert_owned,4,0,8,62.728000
aalair,"Apple M3",8,"Darwin 27.0.0 arm64","Apple LLVM 21.0.0 (clang-2100.3.34.2)"," -O3 -DNDEBUG",8,100000,pito,owned_insert,ecs_insert_owned,4,0,9,63.333000
aalair,"Apple M3",8,"Darwin 27.0.0 arm64","Apple LLVM 21.0.0 (clang-2100.3.34.2)"," -O3 -DNDEBUG",8,100000,pito,owned_insert,ecs_insert_owned,4,0,10,63.919000
aalair,"Apple M3",8,"Darwin 27.0.0 arm64","Apple LLVM 21.0.0 (clang-2100.3.34.2)"," -O3 -DNDEBUG",8,100000,pito,owned_insert,ecs_insert_owned,4,10,1,66.508000
aalair,"Apple M3",8,"Darwin 27.0.0 arm64","Apple LLVM 21.0.0 (clang-2100.3.34.2)"," -O3 -DNDEBUG",8,100000,pito,owned_insert,ecs_insert_owned,4,10,2,66.553000
aalair,"Apple M3",8,"Darwin 27.0.0 arm64","Apple LLVM 21.0.0 (clang-2100.3.34.2)"," -O3 -DNDEBUG",8,100000,pito,owned_insert,ecs_insert_owned,4,10,3,66.855000
aalair,"Apple M3",8,"Darwin 27.0.0 arm64","Apple LLVM 21.0.0 (clang-2100.3.34.2)"," -O3 -DNDEBUG",8,100000,pito,owned_insert,ecs_insert_owned,4,10,4,66.675000
aalair,"Apple M3",8,"Darwin 27.0.0 arm64","Apple LLVM 21.0.0 (clang-2100.3.34.2)"," -O3 -DNDEBUG",8,100000,pito,owned_insert,ecs_insert_owned,4,10,5,66.951000
aalair,"Apple M3",8,"Darwin 27.0.0 arm64","Apple LLVM 21.0.0 (clang-2100.3.34.2)"," -O3 -DNDEBUG",8,100000,pito,owned_insert,ecs_insert_owned,4,10,6,66.331000
aalair,"Apple M3",8,"Darwin 27.0.0 arm64","Apple LLVM 21.0.0 (clang-2100.3.34.2)"," -O3 -DNDEBUG",8,100000,pito,owned_insert,ecs_insert_owned,4,10,7,66.134000
aalair,"Apple M3",8,"Darwin 27.0.0 arm64","Apple LLVM 21.0.0 (clang-2100.3.34.2)"," -O3 -DNDEBUG",8,100000,pito,owned_insert,ecs_insert_owned,4,10,8,66.220000
aalair,"Apple M3",8,"Darwin 27.0.0 arm64","Apple LLVM 21.0.0 (clang-2100.3.34.2)"," -O3 -DNDEBUG",8,100000,pito,owned_insert,ecs_insert_owned,4,10,9,66.520000
aalair,"Apple M3",8,"Darwin 27.0.0 arm64","Apple LLVM 21.0.0 (clang-2100.3.34.2)"," -O3 -DNDEBUG",8,100000,pito,owned_insert,ecs_insert_owned,4,10,10,66.561000
aalair,"Apple M3",8,"Darwin 27.0.0 arm64","Apple LLVM 21.0.0 (clang-2100.3.34.2)"," -O3 -DNDEBUG",8,100000,pito,owned_insert,ecs_insert_owned,4,500,1,112.772000
aalair,"Apple M3",8,"Darwin 27.0.0 arm64","Apple LLVM 21.0.0 (clang-2100.3.34.2)"," -O3 -DNDEBUG",8,100000,pito,owned_insert,ecs_insert_owned,4,500,2,112.701000
aalair,"Apple M3",8,"Darwin 27.0.0 arm64","Apple LLVM 21.0.0 (clang-2100.3.34.2)"," -O3 -DNDEBUG",8,100000,pito,owned_insert,ecs_insert_owned,4,500,3,112.758000
aalair,"Apple M3",8,"Darwin 27.0.0 arm64","Apple LLVM 21.0.0 (clang-2100.3.34.2)"," -O3 -DNDEBUG",8,100000,pito,owned_insert,ecs_insert_owned,4,500,4,112.747000
aalair,"Apple M3",8,"Darwin 27.0.0 arm64","Apple LLVM 21.0.0 (clang-2100.3.34.2)"," -O3 -DNDEBUG",8,100000,pito,owned_insert,ecs_insert_owned,4,500,5,112.950000
aalair,"Apple M3",8,"Darwin 27.0.0 arm64","Apple LLVM 21.0.0 (clang-2100.3.34.2)"," -O3 -DNDEBUG",8,100000,pito,owned_insert,ecs_insert_owned,4,500,6,112.696000
aalair,"Apple M3",8,"Darwin 27.0.0 arm64","Apple LLVM 21.0.0 (clang-2100.3.34.2)"," -O3 -DNDEBUG",8,100000,pito,owned_insert,ecs_insert_owned,4,500,7,112.785000
aalair,"Apple M3",8,"Darwin 27.0.0 arm64","Apple LLVM 21.0.0 (clang-2100.3.34.2)"," -O3 -DNDEBUG",8,100000,pito,owned_insert,ecs_insert_owned,4,500,8,112.751000
aalair,"Apple M3",8,"Darwin 27.0.0 arm64","Apple LLVM 21.0.0 (clang-2100.3.34.2)"," -O3 -DNDEBUG",8,100000,pito,owned_insert,ecs_insert_owned,4,500,9,112.760000
aalair,"Apple M3",8,"Darwin 27.0.0 arm64","Apple LLVM 21.0.0 (clang-2100.3.34.2)"," -O3 -DNDEBUG",8,100000,pito,owned_insert,ecs_insert_owned,4,500,10,112.721000
aalair,"Apple M3",8,"Darwin 27.0.0 arm64","Apple LLVM 21.0.0 (clang-2100.3.34.2)"," -O3 -DNDEBUG",8,100000,pito,owned_insert,ecs_insert_owned,8,0,1,103.068000
aalair,"Apple M3",8,"Darwin 27.0.0 arm64","Apple LLVM 21.0.0 (clang-2100.3.34.2)"," -O3 -DNDEBUG",8,100000,pito,owned_insert,ecs_insert_owned,8,0,2,100.389000
aalair,"Apple M3",8,"Darwin 27.0.0 arm64","Apple LLVM 21.0.0 (clang-2100.3.34.2)"," -O3 -DNDEBUG",8,100000,pito,owned_insert,ecs_insert_owned,8,0,3,101.377000
aalair,"Apple M3",8,"Darwin 27.0.0 arm64","Apple LLVM 21.0.0 (clang-2100.3.34.2)"," -O3 -DNDEBUG",8,100000,pito,owned_insert,ecs_insert_owned,8,0,4,102.852000
aalair,"Apple M3",8,"Darwin 27.0.0 arm64","Apple LLVM 21.0.0 (clang-2100.3.34.2)"," -O3 -DNDEBUG",8,100000,pito,owned_insert,ecs_insert_owned,8,0,5,101.575000
aalair,"Apple M3",8,"Darwin 27.0.0 arm64","Apple LLVM 21.0.0 (clang-2100.3.34.2)"," -O3 -DNDEBUG",8,100000,pito,owned_insert,ecs_insert_owned,8,0,6,101.615000
aalair,"Apple M3",8,"Darwin 27.0.0 arm64","Apple LLVM 21.0.0 (clang-2100.3.34.2)"," -O3 -DNDEBUG",8,100000,pito,owned_insert,ecs_insert_owned,8,0,7,101.753000
aalair,"Apple M3",8,"Darwin 27.0.0 arm64","Apple LLVM 21.0.0 (clang-2100.3.34.2)"," -O3 -DNDEBUG",8,100000,pito,owned_insert,ecs_insert_owned,8,0,8,101.345000
aalair,"Apple M3",8,"Darwin 27.0.0 arm64","Apple LLVM 21.0.0 (clang-2100.3.34.2)"," -O3 -DNDEBUG",8,100000,pito,owned_insert,ecs_insert_owned,8,0,9,101.364000
aalair,"Apple M3",8,"Darwin 27.0.0 arm64","Apple LLVM 21.0.0 (clang-2100.3.34.2)"," -O3 -DNDEBUG",8,100000,pito,owned_insert,ecs_insert_owned,8,0,10,100.728000
aalair,"Apple M3",8,"Darwin 27.0.0 arm64","Apple LLVM 21.0.0 (clang-2100.3.34.2)"," -O3 -DNDEBUG",8,100000,pito,owned_insert,ecs_insert_owned,8,10,1,108.030000
aalair,"Apple M3",8,"Darwin 27.0.0 arm64","Apple LLVM 21.0.0 (clang-2100.3.34.2)"," -O3 -DNDEBUG",8,100000,pito,owned_insert,ecs_insert_owned,8,10,2,108.580000
aalair,"Apple M3",8,"Darwin 27.0.0 arm64","Apple LLVM 21.0.0 (clang-2100.3.34.2)"," -O3 -DNDEBUG",8,100000,pito,owned_insert,ecs_insert_owned,8,10,3,109.846000
aalair,"Apple M3",8,"Darwin 27.0.0 arm64","Apple LLVM 21.0.0 (clang-2100.3.34.2)"," -O3 -DNDEBUG",8,100000,pito,owned_insert,ecs_insert_owned,8,10,4,108.002000
aalair,"Apple M3",8,"Darwin 27.0.0 arm64","Apple LLVM 21.0.0 (clang-2100.3.34.2)"," -O3 -DNDEBUG",8,100000,pito,owned_insert,ecs_insert_owned,8,10,5,108.892000
aalair,"Apple M3",8,"Darwin 27.0.0 arm64","Apple LLVM 21.0.0 (clang-2100.3.34.2)"," -O3 -DNDEBUG",8,100000,pito,owned_insert,ecs_insert_owned,8,10,6,107.955000
aalair,"Apple M3",8,"Darwin 27.0.0 arm64","Apple LLVM 21.0.0 (clang-2100.3.34.2)"," -O3 -DNDEBUG",8,100000,pito,owned_insert,ecs_insert_owned,8,10,7,108.915000
aalair,"Apple M3",8,"Darwin 27.0.0 arm64","Apple LLVM 21.0.0 (clang-2100.3.34.2)"," -O3 -DNDEBUG",8,100000,pito,owned_insert,ecs_insert_owned,8,10,8,108.231000
aalair,"Apple M3",8,"Darwin 27.0.0 arm64","Apple LLVM 21.0.0 (clang-2100.3.34.2)"," -O3 -DNDEBUG",8,100000,pito,owned_insert,ecs_insert_owned,8,10,9,106.741000
aalair,"Apple M3",8,"Darwin 27.0.0 arm64","Apple LLVM 21.0.0 (clang-2100.3.34.2)"," -O3 -DNDEBUG",8,100000,pito,owned_insert,ecs_insert_owned,8,10,10,108.381000
aalair,"Apple M3",8,"Darwin 27.0.0 arm64","Apple LLVM 21.0.0 (clang-2100.3.34.2)"," -O3 -DNDEBUG",8,100000,pito,owned_insert,ecs_insert_owned,8,500,1,232.895000
aalair,"Apple M3",8,"Darwin 27.0.0 arm64","Apple LLVM 21.0.0 (clang-2100.3.34.2)"," -O3 -DNDEBUG",8,100000,pito,owned_insert,ecs_insert_owned,8,500,2,232.376000
aalair,"Apple M3",8,"Darwin 27.0.0 arm64","Apple LLVM 21.0.0 (clang-2100.3.34.2)"," -O3 -DNDEBUG",8,100000,pito,owned_insert,ecs_insert_owned,8,500,3,232.180000
aalair,"Apple M3",8,"Darwin 27.0.0 arm64","Apple LLVM 21.0.0 (clang-2100.3.34.2)"," -O3 -DNDEBUG",8,100000,pito,owned_insert,ecs_insert_owned,8,500,4,238.945000
aalair,"Apple M3",8,"Darwin 27.0.0 arm64","Apple LLVM 21.0.0 (clang-2100.3.34.2)"," -O3 -DNDEBUG",8,100000,pito,owned_insert,ecs_insert_owned,8,500,5,230.868000
aalair,"Apple M3",8,"Darwin 27.0.0 arm64","Apple LLVM 21.0.0 (clang-2100.3.34.2)"," -O3 -DNDEBUG",8,100000,pito,owned_insert,ecs_insert_owned,8,500,6,230.358000
aalair,"Apple M3",8,"Darwin 27.0.0 arm64","Apple LLVM 21.0.0 (clang-2100.3.34.2)"," -O3 -DNDEBUG",8,100000,pito,owned_insert,ecs_insert_owned,8,500,7,237.732000
aalair,"Apple M3",8,"Darwin 27.0.0 arm64","Apple LLVM 21.0.0 (clang-2100.3.34.2)"," -O3 -DNDEBUG",8,100000,pito,owned_insert,ecs_insert_owned,8,500,8,229.435000
aalair,"Apple M3",8,"Darwin 27.0.0 arm64","Apple LLVM 21.0.0 (clang-2100.3.34.2)"," -O3 -DNDEBUG",8,100000,pito,owned_insert,ecs_insert_owned,8,500,9,235.322000
aalair,"Apple M3",8,"Darwin 27.0.0 arm64","Apple LLVM 21.0.0 (clang-2100.3.34.2)"," -O3 -DNDEBUG",8,100000,pito,owned_insert,ecs_insert_owned,8,500,10,230.714000
aalair,"Apple M3",8,"Darwin 27.0.0 arm64","Apple LLVM 21.0.0 (clang-2100.3.34.2)"," -O3 -DNDEBUG",8,100000,pito,owned_insert,ecs_insert_owned + join,1,0,1,29.188000
aalair,"Apple M3",8,"Darwin 27.0.0 arm64","Apple LLVM 21.0.0 (clang-2100.3.34.2)"," -O3 -DNDEBUG",8,100000,pito,owned_insert,ecs_insert_owned + join,1,0,2,29.065000
aalair,"Apple M3",8,"Darwin 27.0.0 arm64","Apple LLVM 21.0.0 (clang-2100.3.34.2)"," -O3 -DNDEBUG",8,100000,pito,owned_insert,ecs_insert_owned + join,1,0,3,29.368000
aalair,"Apple M3",8,"Darwin 27.0.0 arm64","Apple LLVM 21.0.0 (clang-2100.3.34.2)"," -O3 -DNDEBUG",8,100000,pito,owned_insert,ecs_insert_owned + join,1,0,4,29.346000
aalair,"Apple M3",8,"Darwin 27.0.0 arm64","Apple LLVM 21.0.0 (clang-2100.3.34.2)"," -O3 -DNDEBUG",8,100000,pito,owned_insert,ecs_insert_owned + join,1,0,5,29.113000
aalair,"Apple M3",8,"Darwin 27.0.0 arm64","Apple LLVM 21.0.0 (clang-2100.3.34.2)"," -O3 -DNDEBUG",8,100000,pito,owned_insert,ecs_insert_owned + join,1,0,6,29.068000
aalair,"Apple M3",8,"Darwin 27.0.0 arm64","Apple LLVM 21.0.0 (clang-2100.3.34.2)"," -O3 -DNDEBUG",8,100000,pito,owned_insert,ecs_insert_owned + join,1,0,7,29.071000
aalair,"Apple M3",8,"Darwin 27.0.0 arm64","Apple LLVM 21.0.0 (clang-2100.3.34.2)"," -O3 -DNDEBUG",8,100000,pito,owned_insert,ecs_insert_owned + join,1,0,8,29.308000
aalair,"Apple M3",8,"Darwin 27.0.0 arm64","Apple LLVM 21.0.0 (clang-2100.3.34.2)"," -O3 -DNDEBUG",8,100000,pito,owned_insert,ecs_insert_owned + join,1,0,9,29.080000
aalair,"Apple M3",8,"Darwin 27.0.0 arm64","Apple LLVM 21.0.0 (clang-2100.3.34.2)"," -O3 -DNDEBUG",8,100000,pito,owned_insert,ecs_insert_owned + join,1,0,10,29.077000
aalair,"Apple M3",8,"Darwin 27.0.0 arm64","Apple LLVM 21.0.0 (clang-2100.3.34.2)"," -O3 -DNDEBUG",8,100000,pito,owned_insert,ecs_insert_owned + join,1,10,1,32.056000
aalair,"Apple M3",8,"Darwin 27.0.0 arm64","Apple LLVM 21.0.0 (clang-2100.3.34.2)"," -O3 -DNDEBUG",8,100000,pito,owned_insert,ecs_insert_owned + join,1,10,2,32.073000
aalair,"Apple M3",8,"Darwin 27.0.0 arm64","Apple LLVM 21.0.0 (clang-2100.3.34.2)"," -O3 -DNDEBUG",8,100000,pito,owned_insert,ecs_insert_owned + join,1,10,3,32.066000
aalair,"Apple M3",8,"Darwin 27.0.0 arm64","Apple LLVM 21.0.0 (clang-2100.3.34.2)"," -O3 -DNDEBUG",8,100000,pito,owned_insert,ecs_insert_owned + join,1,10,4,31.931000
aalair,"Apple M3",8,"Darwin 27.0.0 arm64","Apple LLVM 21.0.0 (clang-2100.3.34.2)"," -O3 -DNDEBUG",8,100000,pito,owned_insert,ecs_insert_owned + join,1,10,5,31.915000
aalair,"Apple M3",8,"Darwin 27.0.0 arm64","Apple LLVM 21.0.0 (clang-2100.3.34.2)"," -O3 -DNDEBUG",8,100000,pito,owned_insert,ecs_insert_owned + join,1,10,6,31.948000
aalair,"Apple M3",8,"Darwin 27.0.0 arm64","Apple LLVM 21.0.0 (clang-2100.3.34.2)"," -O3 -DNDEBUG",8,100000,pito,owned_insert,ecs_insert_owned + join,1,10,7,32.176000
aalair,"Apple M3",8,"Darwin 27.0.0 arm64","Apple LLVM 21.0.0 (clang-2100.3.34.2)"," -O3 -DNDEBUG",8,100000,pito,owned_insert,ecs_insert_owned + join,1,10,8,32.107000
aalair,"Apple M3",8,"Darwin 27.0.0 arm64","Apple LLVM 21.0.0 (clang-2100.3.34.2)"," -O3 -DNDEBUG",8,100000,pito,owned_insert,ecs_insert_owned + join,1,10,9,32.046000
aalair,"Apple M3",8,"Darwin 27.0.0 arm64","Apple LLVM 21.0.0 (clang-2100.3.34.2)"," -O3 -DNDEBUG",8,100000,pito,owned_insert,ecs_insert_owned + join,1,10,10,32.067000
aalair,"Apple M3",8,"Darwin 27.0.0 arm64","Apple LLVM 21.0.0 (clang-2100.3.34.2)"," -O3 -DNDEBUG",8,100000,pito,owned_insert,ecs_insert_owned + join,1,500,1,412.284000
aalair,"Apple M3",8,"Darwin 27.0.0 arm64","Apple LLVM 21.0.0 (clang-2100.3.34.2)"," -O3 -DNDEBUG",8,100000,pito,owned_insert,ecs_insert_owned + join,1,500,2,408.778000
aalair,"Apple M3",8,"Darwin 27.0.0 arm64","Apple LLVM 21.0.0 (clang-2100.3.34.2)"," -O3 -DNDEBUG",8,100000,pito,owned_insert,ecs_insert_owned + join,1,500,3,408.362000
aalair,"Apple M3",8,"Darwin 27.0.0 arm64","Apple LLVM 21.0.0 (clang-2100.3.34.2)"," -O3 -DNDEBUG",8,100000,pito,owned_insert,ecs_insert_owned + join,1,500,4,408.097000
aalair,"Apple M3",8,"Darwin 27.0.0 arm64","Apple LLVM 21.0.0 (clang-2100.3.34.2)"," -O3 -DNDEBUG",8,100000,pito,owned_insert,ecs_insert_owned + join,1,500,5,409.266000
aalair,"Apple M3",8,"Darwin 27.0.0 arm64","Apple LLVM 21.0.0 (clang-2100.3.34.2)"," -O3 -DNDEBUG",8,100000,pito,owned_insert,ecs_insert_owned + join,1,500,6,408.018000
aalair,"Apple M3",8,"Darwin 27.0.0 arm64","Apple LLVM 21.0.0 (clang-2100.3.34.2)"," -O3 -DNDEBUG",8,100000,pito,owned_insert,ecs_insert_owned + join,1,500,7,408.219000
aalair,"Apple M3",8,"Darwin 27.0.0 arm64","Apple LLVM 21.0.0 (clang-2100.3.34.2)"," -O3 -DNDEBUG",8,100000,pito,owned_insert,ecs_insert_owned + join,1,500,8,427.069000
aalair,"Apple M3",8,"Darwin 27.0.0 arm64","Apple LLVM 21.0.0 (clang-2100.3.34.2)"," -O3 -DNDEBUG",8,100000,pito,owned_insert,ecs_insert_owned + join,1,500,9,407.847000
aalair,"Apple M3",8,"Darwin 27.0.0 arm64","Apple LLVM 21.0.0 (clang-2100.3.34.2)"," -O3 -DNDEBUG",8,100000,pito,owned_insert,ecs_insert_owned + join,1,500,10,407.802000
aalair,"Apple M3",8,"Darwin 27.0.0 arm64","Apple LLVM 21.0.0 (clang-2100.3.34.2)"," -O3 -DNDEBUG",8,100000,pito,owned_insert,ecs_insert_owned + join,2,0,1,44.724000
aalair,"Apple M3",8,"Darwin 27.0.0 arm64","Apple LLVM 21.0.0 (clang-2100.3.34.2)"," -O3 -DNDEBUG",8,100000,pito,owned_insert,ecs_insert_owned + join,2,0,2,42.682000
aalair,"Apple M3",8,"Darwin 27.0.0 arm64","Apple LLVM 21.0.0 (clang-2100.3.34.2)"," -O3 -DNDEBUG",8,100000,pito,owned_insert,ecs_insert_owned + join,2,0,3,42.908000
aalair,"Apple M3",8,"Darwin 27.0.0 arm64","Apple LLVM 21.0.0 (clang-2100.3.34.2)"," -O3 -DNDEBUG",8,100000,pito,owned_insert,ecs_insert_owned + join,2,0,4,42.823000
aalair,"Apple M3",8,"Darwin 27.0.0 arm64","Apple LLVM 21.0.0 (clang-2100.3.34.2)"," -O3 -DNDEBUG",8,100000,pito,owned_insert,ecs_insert_owned + join,2,0,5,42.993000
aalair,"Apple M3",8,"Darwin 27.0.0 arm64","Apple LLVM 21.0.0 (clang-2100.3.34.2)"," -O3 -DNDEBUG",8,100000,pito,owned_insert,ecs_insert_owned + join,2,0,6,43.131000
aalair,"Apple M3",8,"Darwin 27.0.0 arm64","Apple LLVM 21.0.0 (clang-2100.3.34.2)"," -O3 -DNDEBUG",8,100000,pito,owned_insert,ecs_insert_owned + join,2,0,7,43.294000
aalair,"Apple M3",8,"Darwin 27.0.0 arm64","Apple LLVM 21.0.0 (clang-2100.3.34.2)"," -O3 -DNDEBUG",8,100000,pito,owned_insert,ecs_insert_owned + join,2,0,8,43.225000
aalair,"Apple M3",8,"Darwin 27.0.0 arm64","Apple LLVM 21.0.0 (clang-2100.3.34.2)"," -O3 -DNDEBUG",8,100000,pito,owned_insert,ecs_insert_owned + join,2,0,9,43.334000
aalair,"Apple M3",8,"Darwin 27.0.0 arm64","Apple LLVM 21.0.0 (clang-2100.3.34.2)"," -O3 -DNDEBUG",8,100000,pito,owned_insert,ecs_insert_owned + join,2,0,10,42.749000
aalair,"Apple M3",8,"Darwin 27.0.0 arm64","Apple LLVM 21.0.0 (clang-2100.3.34.2)"," -O3 -DNDEBUG",8,100000,pito,owned_insert,ecs_insert_owned + join,2,10,1,42.579000
aalair,"Apple M3",8,"Darwin 27.0.0 arm64","Apple LLVM 21.0.0 (clang-2100.3.34.2)"," -O3 -DNDEBUG",8,100000,pito,owned_insert,ecs_insert_owned + join,2,10,2,42.128000
aalair,"Apple M3",8,"Darwin 27.0.0 arm64","Apple LLVM 21.0.0 (clang-2100.3.34.2)"," -O3 -DNDEBUG",8,100000,pito,owned_insert,ecs_insert_owned + join,2,10,3,42.155000
aalair,"Apple M3",8,"Darwin 27.0.0 arm64","Apple LLVM 21.0.0 (clang-2100.3.34.2)"," -O3 -DNDEBUG",8,100000,pito,owned_insert,ecs_insert_owned + join,2,10,4,42.270000
aalair,"Apple M3",8,"Darwin 27.0.0 arm64","Apple LLVM 21.0.0 (clang-2100.3.34.2)"," -O3 -DNDEBUG",8,100000,pito,owned_insert,ecs_insert_owned + join,2,10,5,42.388000
aalair,"Apple M3",8,"Darwin 27.0.0 arm64","Apple LLVM 21.0.0 (clang-2100.3.34.2)"," -O3 -DNDEBUG",8,100000,pito,owned_insert,ecs_insert_owned + join,2,10,6,42.778000
aalair,"Apple M3",8,"Darwin 27.0.0 arm64","Apple LLVM 21.0.0 (clang-2100.3.34.2)"," -O3 -DNDEBUG",8,100000,pito,owned_insert,ecs_insert_owned + join,2,10,7,42.849000
aalair,"Apple M3",8,"Darwin 27.0.0 arm64","Apple LLVM 21.0.0 (clang-2100.3.34.2)"," -O3 -DNDEBUG",8,100000,pito,owned_insert,ecs_insert_owned + join,2,10,8,42.432000
aalair,"Apple M3",8,"Darwin 27.0.0 arm64","Apple LLVM 21.0.0 (clang-2100.3.34.2)"," -O3 -DNDEBUG",8,100000,pito,owned_insert,ecs_insert_owned + join,2,10,9,42.173000
aalair,"Apple M3",8,"Darwin 27.0.0 arm64","Apple LLVM 21.0.0 (clang-2100.3.34.2)"," -O3 -DNDEBUG",8,100000,pito,owned_insert,ecs_insert_owned + join,2,10,10,42.453000
aalair,"Apple M3",8,"Darwin 27.0.0 arm64","Apple LLVM 21.0.0 (clang-2100.3.34.2)"," -O3 -DNDEBUG",8,100000,pito,owned_insert,ecs_insert_owned + join,2,500,1,212.169000
aalair,"Apple M3",8,"Darwin 27.0.0 arm64","Apple LLVM 21.0.0 (clang-2100.3.34.2)"," -O3 -DNDEBUG",8,100000,pito,owned_insert,ecs_insert_owned + join,2,500,2,211.856000
aalair,"Apple M3",8,"Darwin 27.0.0 arm64","Apple LLVM 21.0.0 (clang-2100.3.34.2)"," -O3 -DNDEBUG",8,100000,pito,owned_insert,ecs_insert_owned + join,2,500,3,211.845000
aalair,"Apple M3",8,"Darwin 27.0.0 arm64","Apple LLVM 21.0.0 (clang-2100.3.34.2)"," -O3 -DNDEBUG",8,100000,pito,owned_insert,ecs_insert_owned + join,2,500,4,212.089000
aalair,"Apple M3",8,"Darwin 27.0.0 arm64","Apple LLVM 21.0.0 (clang-2100.3.34.2)"," -O3 -DNDEBUG",8,100000,pito,owned_insert,ecs_insert_owned + join,2,500,5,211.938000
aalair,"Apple M3",8,"Darwin 27.0.0 arm64","Apple LLVM 21.0.0 (clang-2100.3.34.2)"," -O3 -DNDEBUG",8,100000,pito,owned_insert,ecs_insert_owned + join,2,500,6,211.761000
aalair,"Apple M3",8,"Darwin 27.0.0 arm64","Apple LLVM 21.0.0 (clang-2100.3.34.2)"," -O3 -DNDEBUG",8,100000,pito,owned_insert,ecs_insert_owned + join,2,500,7,211.809000
aalair,"Apple M3",8,"Darwin 27.0.0 arm64","Apple LLVM 21.0.0 (clang-2100.3.34.2)"," -O3 -DNDEBUG",8,100000,pito,owned_insert,ecs_insert_owned + join,2,500,8,211.656000
aalair,"Apple M3",8,"Darwin 27.0.0 arm64","Apple LLVM 21.0.0 (clang-2100.3.34.2)"," -O3 -DNDEBUG",8,100000,pito,owned_insert,ecs_insert_owned + join,2,500,9,211.913000
aalair,"Apple M3",8,"Darwin 27.0.0 arm64","Apple LLVM 21.0.0 (clang-2100.3.34.2)"," -O3 -DNDEBUG",8,100000,pito,owned_insert,ecs_insert_owned + join,2,500,10,211.903000
aalair,"Apple M3",8,"Darwin 27.0.0 arm64","Apple LLVM 21.0.0 (clang-2100.3.34.2)"," -O3 -DNDEBUG",8,100000,pito,owned_insert,ecs_insert_owned + join,4,0,1,70.680000
aalair,"Apple M3",8,"Darwin 27.0.0 arm64","Apple LLVM 21.0.0 (clang-2100.3.34.2)"," -O3 -DNDEBUG",8,100000,pito,owned_insert,ecs_insert_owned + join,4,0,2,71.178000
aalair,"Apple M3",8,"Darwin 27.0.0 arm64","Apple LLVM 21.0.0 (clang-2100.3.34.2)"," -O3 -DNDEBUG",8,100000,pito,owned_insert,ecs_insert_owned + join,4,0,3,70.795000
aalair,"Apple M3",8,"Darwin 27.0.0 arm64","Apple LLVM 21.0.0 (clang-2100.3.34.2)"," -O3 -DNDEBUG",8,100000,pito,owned_insert,ecs_insert_owned + join,4,0,4,70.639000
aalair,"Apple M3",8,"Darwin 27.0.0 arm64","Apple LLVM 21.0.0 (clang-2100.3.34.2)"," -O3 -DNDEBUG",8,100000,pito,owned_insert,ecs_insert_owned + join,4,0,5,70.580000
aalair,"Apple M3",8,"Darwin 27.0.0 arm64","Apple LLVM 21.0.0 (clang-2100.3.34.2)"," -O3 -DNDEBUG",8,100000,pito,owned_insert,ecs_insert_owned + join,4,0,6,71.234000
aalair,"Apple M3",8,"Darwin 27.0.0 arm64","Apple LLVM 21.0.0 (clang-2100.3.34.2)"," -O3 -DNDEBUG",8,100000,pito,owned_insert,ecs_insert_owned + join,4,0,7,70.847000
aalair,"Apple M3",8,"Darwin 27.0.0 arm64","Apple LLVM 21.0.0 (clang-2100.3.34.2)"," -O3 -DNDEBUG",8,100000,pito,owned_insert,ecs_insert_owned + join,4,0,8,70.416000
aalair,"Apple M3",8,"Darwin 27.0.0 arm64","Apple LLVM 21.0.0 (clang-2100.3.34.2)"," -O3 -DNDEBUG",8,100000,pito,owned_insert,ecs_insert_owned + join,4,0,9,70.825000
aalair,"Apple M3",8,"Darwin 27.0.0 arm64","Apple LLVM 21.0.0 (clang-2100.3.34.2)"," -O3 -DNDEBUG",8,100000,pito,owned_insert,ecs_insert_owned + join,4,0,10,70.556000
aalair,"Apple M3",8,"Darwin 27.0.0 arm64","Apple LLVM 21.0.0 (clang-2100.3.34.2)"," -O3 -DNDEBUG",8,100000,pito,owned_insert,ecs_insert_owned + join,4,10,1,71.228000
aalair,"Apple M3",8,"Darwin 27.0.0 arm64","Apple LLVM 21.0.0 (clang-2100.3.34.2)"," -O3 -DNDEBUG",8,100000,pito,owned_insert,ecs_insert_owned + join,4,10,2,70.890000
aalair,"Apple M3",8,"Darwin 27.0.0 arm64","Apple LLVM 21.0.0 (clang-2100.3.34.2)"," -O3 -DNDEBUG",8,100000,pito,owned_insert,ecs_insert_owned + join,4,10,3,71.412000
aalair,"Apple M3",8,"Darwin 27.0.0 arm64","Apple LLVM 21.0.0 (clang-2100.3.34.2)"," -O3 -DNDEBUG",8,100000,pito,owned_insert,ecs_insert_owned + join,4,10,4,71.229000
aalair,"Apple M3",8,"Darwin 27.0.0 arm64","Apple LLVM 21.0.0 (clang-2100.3.34.2)"," -O3 -DNDEBUG",8,100000,pito,owned_insert,ecs_insert_owned + join,4,10,5,71.173000
aalair,"Apple M3",8,"Darwin 27.0.0 arm64","Apple LLVM 21.0.0 (clang-2100.3.34.2)"," -O3 -DNDEBUG",8,100000,pito,owned_insert,ecs_insert_owned + join,4,10,6,71.453000
aalair,"Apple M3",8,"Darwin 27.0.0 arm64","Apple LLVM 21.0.0 (clang-2100.3.34.2)"," -O3 -DNDEBUG",8,100000,pito,owned_insert,ecs_insert_owned + join,4,10,7,71.050000
aalair,"Apple M3",8,"Darwin 27.0.0 arm64","Apple LLVM 21.0.0 (clang-2100.3.34.2)"," -O3 -DNDEBUG",8,100000,pito,owned_insert,ecs_insert_owned + join,4,10,8,70.871000
aalair,"Apple M3",8,"Darwin 27.0.0 arm64","Apple LLVM 21.0.0 (clang-2100.3.34.2)"," -O3 -DNDEBUG",8,100000,pito,owned_insert,ecs_insert_owned + join,4,10,9,71.319000
aalair,"Apple M3",8,"Darwin 27.0.0 arm64","Apple LLVM 21.0.0 (clang-2100.3.34.2)"," -O3 -DNDEBUG",8,100000,pito,owned_insert,ecs_insert_owned + join,4,10,10,70.799000
aalair,"Apple M3",8,"Darwin 27.0.0 arm64","Apple LLVM 21.0.0 (clang-2100.3.34.2)"," -O3 -DNDEBUG",8,100000,pito,owned_insert,ecs_insert_owned + join,4,500,1,119.104000
aalair,"Apple M3",8,"Darwin 27.0.0 arm64","Apple LLVM 21.0.0 (clang-2100.3.34.2)"," -O3 -DNDEBUG",8,100000,pito,owned_insert,ecs_insert_owned + join,4,500,2,114.861000
aalair,"Apple M3",8,"Darwin 27.0.0 arm64","Apple LLVM 21.0.0 (clang-2100.3.34.2)"," -O3 -DNDEBUG",8,100000,pito,owned_insert,ecs_insert_owned + join,4,500,3,114.750000
aalair,"Apple M3",8,"Darwin 27.0.0 arm64","Apple LLVM 21.0.0 (clang-2100.3.34.2)"," -O3 -DNDEBUG",8,100000,pito,owned_insert,ecs_insert_owned + join,4,500,4,114.821000
aalair,"Apple M3",8,"Darwin 27.0.0 arm64","Apple LLVM 21.0.0 (clang-2100.3.34.2)"," -O3 -DNDEBUG",8,100000,pito,owned_insert,ecs_insert_owned + join,4,500,5,114.791000
aalair,"Apple M3",8,"Darwin 27.0.0 arm64","Apple LLVM 21.0.0 (clang-2100.3.34.2)"," -O3 -DNDEBUG",8,100000,pito,owned_insert,ecs_insert_owned + join,4,500,6,114.824000
aalair,"Apple M3",8,"Darwin 27.0.0 arm64","Apple LLVM 21.0.0 (clang-2100.3.34.2)"," -O3 -DNDEBUG",8,100000,pito,owned_insert,ecs_insert_owned + join,4,500,7,114.820000
aalair,"Apple M3",8,"Darwin 27.0.0 arm64","Apple LLVM 21.0.0 (clang-2100.3.34.2)"," -O3 -DNDEBUG",8,100000,pito,owned_insert,ecs_insert_owned + join,4,500,8,114.790000
aalair,"Apple M3",8,"Darwin 27.0.0 arm64","Apple LLVM 21.0.0 (clang-2100.3.34.2)"," -O3 -DNDEBUG",8,100000,pito,owned_insert,ecs_insert_owned + join,4,500,9,114.753000
aalair,"Apple M3",8,"Darwin 27.0.0 arm64","Apple LLVM 21.0.0 (clang-2100.3.34.2)"," -O3 -DNDEBUG",8,100000,pito,owned_insert,ecs_insert_owned + join,4,500,10,114.819000
aalair,"Apple M3",8,"Darwin 27.0.0 arm64","Apple LLVM 21.0.0 (clang-2100.3.34.2)"," -O3 -DNDEBUG",8,100000,pito,owned_insert,ecs_insert_owned + join,8,0,1,117.918000
aalair,"Apple M3",8,"Darwin 27.0.0 arm64","Apple LLVM 21.0.0 (clang-2100.3.34.2)"," -O3 -DNDEBUG",8,100000,pito,owned_insert,ecs_insert_owned + join,8,0,2,117.833000
aalair,"Apple M3",8,"Darwin 27.0.0 arm64","Apple LLVM 21.0.0 (clang-2100.3.34.2)"," -O3 -DNDEBUG",8,100000,pito,owned_insert,ecs_insert_owned + join,8,0,3,116.448000
aalair,"Apple M3",8,"Darwin 27.0.0 arm64","Apple LLVM 21.0.0 (clang-2100.3.34.2)"," -O3 -DNDEBUG",8,100000,pito,owned_insert,ecs_insert_owned + join,8,0,4,117.831000
aalair,"Apple M3",8,"Darwin 27.0.0 arm64","Apple LLVM 21.0.0 (clang-2100.3.34.2)"," -O3 -DNDEBUG",8,100000,pito,owned_insert,ecs_insert_owned + join,8,0,5,117.374000
aalair,"Apple M3",8,"Darwin 27.0.0 arm64","Apple LLVM 21.0.0 (clang-2100.3.34.2)"," -O3 -DNDEBUG",8,100000,pito,owned_insert,ecs_insert_owned + join,8,0,6,116.968000
aalair,"Apple M3",8,"Darwin 27.0.0 arm64","Apple LLVM 21.0.0 (clang-2100.3.34.2)"," -O3 -DNDEBUG",8,100000,pito,owned_insert,ecs_insert_owned + join,8,0,7,118.163000
aalair,"Apple M3",8,"Darwin 27.0.0 arm64","Apple LLVM 21.0.0 (clang-2100.3.34.2)"," -O3 -DNDEBUG",8,100000,pito,owned_insert,ecs_insert_owned + join,8,0,8,116.969000
aalair,"Apple M3",8,"Darwin 27.0.0 arm64","Apple LLVM 21.0.0 (clang-2100.3.34.2)"," -O3 -DNDEBUG",8,100000,pito,owned_insert,ecs_insert_owned + join,8,0,9,116.961000
aalair,"Apple M3",8,"Darwin 27.0.0 arm64","Apple LLVM 21.0.0 (clang-2100.3.34.2)"," -O3 -DNDEBUG",8,100000,pito,owned_insert,ecs_insert_owned + join,8,0,10,119.093000
aalair,"Apple M3",8,"Darwin 27.0.0 arm64","Apple LLVM 21.0.0 (clang-2100.3.34.2)"," -O3 -DNDEBUG",8,100000,pito,owned_insert,ecs_insert_owned + join,8,10,1,121.359000
aalair,"Apple M3",8,"Darwin 27.0.0 arm64","Apple LLVM 21.0.0 (clang-2100.3.34.2)"," -O3 -DNDEBUG",8,100000,pito,owned_insert,ecs_insert_owned + join,8,10,2,123.558000
aalair,"Apple M3",8,"Darwin 27.0.0 arm64","Apple LLVM 21.0.0 (clang-2100.3.34.2)"," -O3 -DNDEBUG",8,100000,pito,owned_insert,ecs_insert_owned + join,8,10,3,121.482000
aalair,"Apple M3",8,"Darwin 27.0.0 arm64","Apple LLVM 21.0.0 (clang-2100.3.34.2)"," -O3 -DNDEBUG",8,100000,pito,owned_insert,ecs_insert_owned + join,8,10,4,119.820000
aalair,"Apple M3",8,"Darwin 27.0.0 arm64","Apple LLVM 21.0.0 (clang-2100.3.34.2)"," -O3 -DNDEBUG",8,100000,pito,owned_insert,ecs_insert_owned + join,8,10,5,121.270000
aalair,"Apple M3",8,"Darwin 27.0.0 arm64","Apple LLVM 21.0.0 (clang-2100.3.34.2)"," -O3 -DNDEBUG",8,100000,pito,owned_insert,ecs_insert_owned + join,8,10,6,123.037000
aalair,"Apple M3",8,"Darwin 27.0.0 arm64","Apple LLVM 21.0.0 (clang-2100.3.34.2)"," -O3 -DNDEBUG",8,100000,pito,owned_insert,ecs_insert_owned + join,8,10,7,121.230000
aalair,"Apple M3",8,"Darwin 27.0.0 arm64","Apple LLVM 21.0.0 (clang-2100.3.34.2)"," -O3 -DNDEBUG",8,100000,pito,owned_insert,ecs_insert_owned + join,8,10,8,122.001000
aalair,"Apple M3",8,"Darwin 27.0.0 arm64","Apple LLVM 21.0.0 (clang-2100.3.34.2)"," -O3 -DNDEBUG",8,100000,pito,owned_insert,ecs_insert_owned + join,8,10,9,121.930000
aalair,"Apple M3",8,"Darwin 27.0.0 arm64","Apple LLVM 21.0.0 (clang-2100.3.34.2)"," -O3 -DNDEBUG",8,100000,pito,owned_insert,ecs_insert_owned + join,8,10,10,121.036000
aalair,"Apple M3",8,"Darwin 27.0.0 arm64","Apple LLVM 21.0.0 (clang-2100.3.34.2)"," -O3 -DNDEBUG",8,100000,pito,owned_insert,ecs_insert_owned + join,8,500,1,233.045000
aalair,"Apple M3",8,"Darwin 27.0.0 arm64","Apple LLVM 21.0.0 (clang-2100.3.34.2)"," -O3 -DNDEBUG",8,100000,pito,owned_insert,ecs_insert_owned + join,8,500,2,252.035000
aalair,"Apple M3",8,"Darwin 27.0.0 arm64","Apple LLVM 21.0.0 (clang-2100.3.34.2)"," -O3 -DNDEBUG",8,100000,pito,owned_insert,ecs_insert_owned + join,8,500,3,216.974000
aalair,"Apple M3",8,"Darwin 27.0.0 arm64","Apple LLVM 21.0.0 (clang-2100.3.34.2)"," -O3 -DNDEBUG",8,100000,pito,owned_insert,ecs_insert_owned + join,8,500,4,244.414000
aalair,"Apple M3",8,"Darwin 27.0.0 arm64","Apple LLVM 21.0.0 (clang-2100.3.34.2)"," -O3 -DNDEBUG",8,100000,pito,owned_insert,ecs_insert_owned + join,8,500,5,241.414000
aalair,"Apple M3",8,"Darwin 27.0.0 arm64","Apple LLVM 21.0.0 (clang-2100.3.34.2)"," -O3 -DNDEBUG",8,100000,pito,owned_insert,ecs_insert_owned + join,8,500,6,245.755000
aalair,"Apple M3",8,"Darwin 27.0.0 arm64","Apple LLVM 21.0.0 (clang-2100.3.34.2)"," -O3 -DNDEBUG",8,100000,pito,owned_insert,ecs_insert_owned + join,8,500,7,242.667000
aalair,"Apple M3",8,"Darwin 27.0.0 arm64","Apple LLVM 21.0.0 (clang-2100.3.34.2)"," -O3 -DNDEBUG",8,100000,pito,owned_insert,ecs_insert_owned + join,8,500,8,245.115000
aalair,"Apple M3",8,"Darwin 27.0.0 arm64","Apple LLVM 21.0.0 (clang-2100.3.34.2)"," -O3 -DNDEBUG",8,100000,pito,owned_insert,ecs_insert_owned + join,8,500,9,246.561000
aalair,"Apple M3",8,"Darwin 27.0.0 arm64","Apple LLVM 21.0.0 (clang-2100.3.34.2)"," -O3 -DNDEBUG",8,100000,pito,owned_insert,ecs_insert_owned + join,8,500,10,201.970000
aalair,"Apple M3",8,"Darwin 27.0.0 arm64","Apple LLVM 21.0.0 (clang-2100.3.34.2)"," -O3 -DNDEBUG",8,100000,pito,owned_insert,ecs_insert_owned + join,8,500,11,262.377000
aalair,"Apple M3",8,"Darwin 27.0.0 arm64","Apple LLVM 21.0.0 (clang-2100.3.34.2)"," -O3 -DNDEBUG",8,100000,pito,owned_insert,ecs_insert_owned + join,8,500,12,238.084000
aalair,"Apple M3",8,"Darwin 27.0.0 arm64","Apple LLVM 21.0.0 (clang-2100.3.34.2)"," -O3 -DNDEBUG",8,100000,pito,owned_insert,ecs_insert_owned + join,8,500,13,261.394000
aalair,"Apple M3",8,"Darwin 27.0.0 arm64","Apple LLVM 21.0.0 (clang-2100.3.34.2)"," -O3 -DNDEBUG",8,100000,pito,owned_insert,ecs_insert_owned + join,8,500,14,225.832000
aalair,"Apple M3",8,"Darwin 27.0.0 arm64","Apple LLVM 21.0.0 (clang-2100.3.34.2)"," -O3 -DNDEBUG",8,100000,pito,owned_insert,ecs_insert_owned + join,8,500,15,252.241000
aalair,"Apple M3",8,"Darwin 27.0.0 arm64","Apple LLVM 21.0.0 (clang-2100.3.34.2)"," -O3 -DNDEBUG",8,100000,pito,owned_insert,ecs_insert_owned + join,8,500,16,204.114000
aalair,"Apple M3",8,"Darwin 27.0.0 arm64","Apple LLVM 21.0.0 (clang-2100.3.34.2)"," -O3 -DNDEBUG",8,100000,pito,owned_insert,ecs_insert_owned + join,8,500,17,230.339000
aalair,"Apple M3",8,"Darwin 27.0.0 arm64","Apple LLVM 21.0.0 (clang-2100.3.34.2)"," -O3 -DNDEBUG",8,100000,pito,owned_insert,ecs_insert_owned + join,8,500,18,245.441000
aalair,"Apple M3",8,"Darwin 27.0.0 arm64","Apple LLVM 21.0.0 (clang-2100.3.34.2)"," -O3 -DNDEBUG",8,100000,pito,owned_insert,ecs_insert_owned + join,8,500,19,239.948000
aalair,"Apple M3",8,"Darwin 27.0.0 arm64","Apple LLVM 21.0.0 (clang-2100.3.34.2)"," -O3 -DNDEBUG",8,100000,pito,owned_insert,ecs_insert_owned + join,8,500,20,245.955000
aalair,"Apple M3",8,"Darwin 27.0.0 arm64","Apple LLVM 21.0.0 (clang-2100.3.34.2)"," -O3 -DNDEBUG",8,100000,pito,owned_insert,ecs_insert_owned + join,8,500,21,239.916000
aalair,"Apple M3",8,"Darwin 27.0.0 arm64","Apple LLVM 21.0.0 (clang-2100.3.34.2)"," -O3 -DNDEBUG -DPITO_ECS_OWNED_DELETE_ATOMIC=1",8,100000,pito,owned_insert,ecs_insert_owned,1,0,1,19.503000
aalair,"Apple M3",8,"Darwin 27.0.0 arm64","Apple LLVM 21.0.0 (clang-2100.3.34.2)"," -O3 -DNDEBUG -DPITO_ECS_OWNED_DELETE_ATOMIC=1",8,100000,pito,owned_insert,ecs_insert_owned,1,0,2,19.302000
aalair,"Apple M3",8,"Darwin 27.0.0 arm64","Apple LLVM 21.0.0 (clang-2100.3.34.2)"," -O3 -DNDEBUG -DPITO_ECS_OWNED_DELETE_ATOMIC=1",8,100000,pito,owned_insert,ecs_insert_owned,1,0,3,19.319000
aalair,"Apple M3",8,"Darwin 27.0.0 arm64","Apple LLVM 21.0.0 (clang-2100.3.34.2)"," -O3 -DNDEBUG -DPITO_ECS_OWNED_DELETE_ATOMIC=1",8,100000,pito,owned_insert,ecs_insert_owned,1,0,4,19.280000
aalair,"Apple M3",8,"Darwin 27.0.0 arm64","Apple LLVM 21.0.0 (clang-2100.3.34.2)"," -O3 -DNDEBUG -DPITO_ECS_OWNED_DELETE_ATOMIC=1",8,100000,pito,owned_insert,ecs_insert_owned,1,0,5,19.219000
aalair,"Apple M3",8,"Darwin 27.0.0 arm64","Apple LLVM 21.0.0 (clang-2100.3.34.2)"," -O3 -DNDEBUG -DPITO_ECS_OWNED_DELETE_ATOMIC=1",8,100000,pito,owned_insert,ecs_insert_owned,1,0,6,19.213000
aalair,"Apple M3",8,"Darwin 27.0.0 arm64","Apple LLVM 21.0.0 (clang-2100.3.34.2)"," -O3 -DNDEBUG -DPITO_ECS_OWNED_DELETE_ATOMIC=1",8,100000,pito,owned_insert,ecs_insert_owned,1,0,7,19.188000
aalair,"Apple M3",8,"Darwin 27.0.0 arm64","Apple LLVM 21.0.0 (clang-2100.3.34.2)"," -O3 -DNDEBUG -DPITO_ECS_OWNED_DELETE_ATOMIC=1",8,100000,pito,owned_insert,ecs_insert_owned,1,0,8,19.210000
aalair,"Apple M3",8,"Darwin 27.0.0 arm64","Apple LLVM 21.0.0 (clang-2100.3.34.2)"," -O3 -DNDEBUG -DPITO_ECS_OWNED_DELETE_ATOMIC=1",8,100000,pito,owned_insert,ecs_insert_owned,1,0,9,19.173000
aalair,"Apple M3",8,"Darwin 27.0.0 arm64","Apple LLVM 21.0.0 (clang-2100.3.34.2)"," -O3 -DNDEBUG -DPITO_ECS_OWNED_DELETE_ATOMIC=1",8,100000,pito,owned_insert,ecs_insert_owned,1,0,10,19.212000
aalair,"Apple M3",8,"Darwin 27.0.0 arm64","Apple LLVM 21.0.0 (clang-2100.3.34.2)"," -O3 -DNDEBUG -DPITO_ECS_OWNED_DELETE_ATOMIC=1",8,100000,pito,owned_insert,ecs_insert_owned,1,10,1,21.529000
aalair,"Apple M3",8,"Darwin 27.0.0 arm64","Apple LLVM 21.0.0 (clang-2100.3.34.2)"," -O3 -DNDEBUG -DPITO_ECS_OWNED_DELETE_ATOMIC=1",8,100000,pito,owned_insert,ecs_insert_owned,1,10,2,21.516000
aalair,"Apple M3",8,"Darwin 27.0.0 arm64","Apple LLVM 21.0.0 (clang-2100.3.34.2)"," -O3 -DNDEBUG -DPITO_ECS_OWNED_DELETE_ATOMIC=1",8,100000,pito,owned_insert,ecs_insert_owned,1,10,3,21.482000
aalair,"Apple M3",8,"Darwin 27.0.0 arm64","Apple LLVM 21.0.0 (clang-2100.3.34.2)"," -O3 -DNDEBUG -DPITO_ECS_OWNED_DELETE_ATOMIC=1",8,100000,pito,owned_insert,ecs_insert_owned,1,10,4,21.531000
aalair,"Apple M3",8,"Darwin 27.0.0 arm64","Apple LLVM 21.0.0 (clang-2100.3.34.2)"," -O3 -DNDEBUG -DPITO_ECS_OWNED_DELETE_ATOMIC=1",8,100000,pito,owned_insert,ecs_insert_owned,1,10,5,21.540000
aalair,"Apple M3",8,"Darwin 27.0.0 arm64","Apple LLVM 21.0.0 (clang-2100.3.34.2)"," -O3 -DNDEBUG -DPITO_ECS_OWNED_DELETE_ATOMIC=1",8,100000,pito,owned_insert,ecs_insert_owned,1,10,6,21.529000
aalair,"Apple M3",8,"Darwin 27.0.0 arm64","Apple LLVM 21.0.0 (clang-2100.3.34.2)"," -O3 -DNDEBUG -DPITO_ECS_OWNED_DELETE_ATOMIC=1",8,100000,pito,owned_insert,ecs_insert_owned,1,10,7,21.568000
aalair,"Apple M3",8,"Darwin 27.0.0 arm64","Apple LLVM 21.0.0 (clang-2100.3.34.2)"," -O3 -DNDEBUG -DPITO_ECS_OWNED_DELETE_ATOMIC=1",8,100000,pito,owned_insert,ecs_insert_owned,1,10,8,21.512000
aalair,"Apple M3",8,"Darwin 27.0.0 arm64","Apple LLVM 21.0.0 (clang-2100.3.34.2)"," -O3 -DNDEBUG -DPITO_ECS_OWNED_DELETE_ATOMIC=1",8,100000,pito,owned_insert,ecs_insert_owned,1,10,9,21.541000
aalair,"Apple M3",8,"Darwin 27.0.0 arm64","Apple LLVM 21.0.0 (clang-2100.3.34.2)"," -O3 -DNDEBUG -DPITO_ECS_OWNED_DELETE_ATOMIC=1",8,100000,pito,owned_insert,ecs_insert_owned,1,10,10,21.539000
aalair,"Apple M3",8,"Darwin 27.0.0 arm64","Apple LLVM 21.0.0 (clang-2100.3.34.2)"," -O3 -DNDEBUG -DPITO_ECS_OWNED_DELETE_ATOMIC=1",8,100000,pito,owned_insert,ecs_insert_owned,1,500,1,412.716000
aalair,"Apple M3",8,"Darwin 27.0.0 arm64","Apple LLVM 21.0.0 (clang-2100.3.34.2)"," -O3 -DNDEBUG -DPITO_ECS_OWNED_DELETE_ATOMIC=1",8,100000,pito,owned_insert,ecs_insert_owned,1,500,2,399.633000
aalair,"Apple M3",8,"Darwin 27.0.0 arm64","Apple LLVM 21.0.0 (clang-2100.3.34.2)"," -O3 -DNDEBUG -DPITO_ECS_OWNED_DELETE_ATOMIC=1",8,100000,pito,owned_insert,ecs_insert_owned,1,500,3,398.742000
aalair,"Apple M3",8,"Darwin 27.0.0 arm64","Apple LLVM 21.0.0 (clang-2100.3.34.2)"," -O3 -DNDEBUG -DPITO_ECS_OWNED_DELETE_ATOMIC=1",8,100000,pito,owned_insert,ecs_insert_owned,1,500,4,397.313000
aalair,"Apple M3",8,"Darwin 27.0.0 arm64","Apple LLVM 21.0.0 (clang-2100.3.34.2)"," -O3 -DNDEBUG -DPITO_ECS_OWNED_DELETE_ATOMIC=1",8,100000,pito,owned_insert,ecs_insert_owned,1,500,5,396.620000
aalair,"Apple M3",8,"Darwin 27.0.0 arm64","Apple LLVM 21.0.0 (clang-2100.3.34.2)"," -O3 -DNDEBUG -DPITO_ECS_OWNED_DELETE_ATOMIC=1",8,100000,pito,owned_insert,ecs_insert_owned,1,500,6,396.609000
aalair,"Apple M3",8,"Darwin 27.0.0 arm64","Apple LLVM 21.0.0 (clang-2100.3.34.2)"," -O3 -DNDEBUG -DPITO_ECS_OWNED_DELETE_ATOMIC=1",8,100000,pito,owned_insert,ecs_insert_owned,1,500,7,396.628000
aalair,"Apple M3",8,"Darwin 27.0.0 arm64","Apple LLVM 21.0.0 (clang-2100.3.34.2)"," -O3 -DNDEBUG -DPITO_ECS_OWNED_DELETE_ATOMIC=1",8,100000,pito,owned_insert,ecs_insert_owned,1,500,8,395.831000
aalair,"Apple M3",8,"Darwin 27.0.0 arm64","Apple LLVM 21.0.0 (clang-2100.3.34.2)"," -O3 -DNDEBUG -DPITO_ECS_OWNED_DELETE_ATOMIC=1",8,100000,pito,owned_insert,ecs_insert_owned,1,500,9,395.419000
aalair,"Apple M3",8,"Darwin 27.0.0 arm64","Apple LLVM 21.0.0 (clang-2100.3.34.2)"," -O3 -DNDEBUG -DPITO_ECS_OWNED_DELETE_ATOMIC=1",8,100000,pito,owned_insert,ecs_insert_owned,1,500,10,395.367000
aalair,"Apple M3",8,"Darwin 27.0.0 arm64","Apple LLVM 21.0.0 (clang-2100.3.34.2)"," -O3 -DNDEBUG -DPITO_ECS_OWNED_DELETE_ATOMIC=1",8,100000,pito,owned_insert,ecs_insert_owned,2,0,1,9.937000
aalair,"Apple M3",8,"Darwin 27.0.0 arm64","Apple LLVM 21.0.0 (clang-2100.3.34.2)"," -O3 -DNDEBUG -DPITO_ECS_OWNED_DELETE_ATOMIC=1",8,100000,pito,owned_insert,ecs_insert_owned,2,0,2,10.449000
aalair,"Apple M3",8,"Darwin 27.0.0 arm64","Apple LLVM 21.0.0 (clang-2100.3.34.2)"," -O3 -DNDEBUG -DPITO_ECS_OWNED_DELETE_ATOMIC=1",8,100000,pito,owned_insert,ecs_insert_owned,2,0,3,10.302000
aalair,"Apple M3",8,"Darwin 27.0.0 arm64","Apple LLVM 21.0.0 (clang-2100.3.34.2)"," -O3 -DNDEBUG -DPITO_ECS_OWNED_DELETE_ATOMIC=1",8,100000,pito,owned_insert,ecs_insert_owned,2,0,4,10.400000
aalair,"Apple M3",8,"Darwin 27.0.0 arm64","Apple LLVM 21.0.0 (clang-2100.3.34.2)"," -O3 -DNDEBUG -DPITO_ECS_OWNED_DELETE_ATOMIC=1",8,100000,pito,owned_insert,ecs_insert_owned,2,0,5,9.961000
aalair,"Apple M3",8,"Darwin 27.0.0 arm64","Apple LLVM 21.0.0 (clang-2100.3.34.2)"," -O3 -DNDEBUG -DPITO_ECS_OWNED_DELETE_ATOMIC=1",8,100000,pito,owned_insert,ecs_insert_owned,2,0,6,10.130000
aalair,"Apple M3",8,"Darwin 27.0.0 arm64","Apple LLVM 21.0.0 (clang-2100.3.34.2)"," -O3 -DNDEBUG -DPITO_ECS_OWNED_DELETE_ATOMIC=1",8,100000,pito,owned_insert,ecs_insert_owned,2,0,7,10.192000
aalair,"Apple M3",8,"Darwin 27.0.0 arm64","Apple LLVM 21.0.0 (clang-2100.3.34.2)"," -O3 -DNDEBUG -DPITO_ECS_OWNED_DELETE_ATOMIC=1",8,100000,pito,owned_insert,ecs_insert_owned,2,0,8,10.145000
aalair,"Apple M3",8,"Darwin 27.0.0 arm64","Apple LLVM 21.0.0 (clang-2100.3.34.2)"," -O3 -DNDEBUG -DPITO_ECS_OWNED_DELETE_ATOMIC=1",8,100000,pito,owned_insert,ecs_insert_owned,2,0,9,10.176000
aalair,"Apple M3",8,"Darwin 27.0.0 arm64","Apple LLVM 21.0.0 (clang-2100.3.34.2)"," -O3 -DNDEBUG -DPITO_ECS_OWNED_DELETE_ATOMIC=1",8,100000,pito,owned_insert,ecs_insert_owned,2,0,10,10.192000
aalair,"Apple M3",8,"Darwin 27.0.0 arm64","Apple LLVM 21.0.0 (clang-2100.3.34.2)"," -O3 -DNDEBUG -DPITO_ECS_OWNED_DELETE_ATOMIC=1",8,100000,pito,owned_insert,ecs_insert_owned,2,10,1,11.506000
aalair,"Apple M3",8,"Darwin 27.0.0 arm64","Apple LLVM 21.0.0 (clang-2100.3.34.2)"," -O3 -DNDEBUG -DPITO_ECS_OWNED_DELETE_ATOMIC=1",8,100000,pito,owned_insert,ecs_insert_owned,2,10,2,11.093000
aalair,"Apple M3",8,"Darwin 27.0.0 arm64","Apple LLVM 21.0.0 (clang-2100.3.34.2)"," -O3 -DNDEBUG -DPITO_ECS_OWNED_DELETE_ATOMIC=1",8,100000,pito,owned_insert,ecs_insert_owned,2,10,3,11.036000
aalair,"Apple M3",8,"Darwin 27.0.0 arm64","Apple LLVM 21.0.0 (clang-2100.3.34.2)"," -O3 -DNDEBUG -DPITO_ECS_OWNED_DELETE_ATOMIC=1",8,100000,pito,owned_insert,ecs_insert_owned,2,10,4,11.169000
aalair,"Apple M3",8,"Darwin 27.0.0 arm64","Apple LLVM 21.0.0 (clang-2100.3.34.2)"," -O3 -DNDEBUG -DPITO_ECS_OWNED_DELETE_ATOMIC=1",8,100000,pito,owned_insert,ecs_insert_owned,2,10,5,11.277000
aalair,"Apple M3",8,"Darwin 27.0.0 arm64","Apple LLVM 21.0.0 (clang-2100.3.34.2)"," -O3 -DNDEBUG -DPITO_ECS_OWNED_DELETE_ATOMIC=1",8,100000,pito,owned_insert,ecs_insert_owned,2,10,6,11.124000
aalair,"Apple M3",8,"Darwin 27.0.0 arm64","Apple LLVM 21.0.0 (clang-2100.3.34.2)"," -O3 -DNDEBUG -DPITO_ECS_OWNED_DELETE_ATOMIC=1",8,100000,pito,owned_insert,ecs_insert_owned,2,10,7,11.472000
aalair,"Apple M3",8,"Darwin 27.0.0 arm64","Apple LLVM 21.0.0 (clang-2100.3.34.2)"," -O3 -DNDEBUG -DPITO_ECS_OWNED_DELETE_ATOMIC=1",8,100000,pito,owned_insert,ecs_insert_owned,2,10,8,11.516000
aalair,"Apple M3",8,"Darwin 27.0.0 arm64","Apple LLVM 21.0.0 (clang-2100.3.34.2)"," -O3 -DNDEBUG -DPITO_ECS_OWNED_DELETE_ATOMIC=1",8,100000,pito,owned_insert,ecs_insert_owned,2,10,9,11.261000
aalair,"Apple M3",8,"Darwin 27.0.0 arm64","Apple LLVM 21.0.0 (clang-2100.3.34.2)"," -O3 -DNDEBUG -DPITO_ECS_OWNED_DELETE_ATOMIC=1",8,100000,pito,owned_insert,ecs_insert_owned,2,10,10,11.174000
aalair,"Apple M3",8,"Darwin 27.0.0 arm64","Apple LLVM 21.0.0 (clang-2100.3.34.2)"," -O3 -DNDEBUG -DPITO_ECS_OWNED_DELETE_ATOMIC=1",8,100000,pito,owned_insert,ecs_insert_owned,2,500,1,214.822000
aalair,"Apple M3",8,"Darwin 27.0.0 arm64","Apple LLVM 21.0.0 (clang-2100.3.34.2)"," -O3 -DNDEBUG -DPITO_ECS_OWNED_DELETE_ATOMIC=1",8,100000,pito,owned_insert,ecs_insert_owned,2,500,2,214.841000
aalair,"Apple M3",8,"Darwin 27.0.0 arm64","Apple LLVM 21.0.0 (clang-2100.3.34.2)"," -O3 -DNDEBUG -DPITO_ECS_OWNED_DELETE_ATOMIC=1",8,100000,pito,owned_insert,ecs_insert_owned,2,500,3,214.728000
aalair,"Apple M3",8,"Darwin 27.0.0 arm64","Apple LLVM 21.0.0 (clang-2100.3.34.2)"," -O3 -DNDEBUG -DPITO_ECS_OWNED_DELETE_ATOMIC=1",8,100000,pito,owned_insert,ecs_insert_owned,2,500,4,214.831000
aalair,"Apple M3",8,"Darwin 27.0.0 arm64","Apple LLVM 21.0.0 (clang-2100.3.34.2)"," -O3 -DNDEBUG -DPITO_ECS_OWNED_DELETE_ATOMIC=1",8,100000,pito,owned_insert,ecs_insert_owned,2,500,5,214.727000
aalair,"Apple M3",8,"Darwin 27.0.0 arm64","Apple LLVM 21.0.0 (clang-2100.3.34.2)"," -O3 -DNDEBUG -DPITO_ECS_OWNED_DELETE_ATOMIC=1",8,100000,pito,owned_insert,ecs_insert_owned,2,500,6,214.851000
aalair,"Apple M3",8,"Darwin 27.0.0 arm64","Apple LLVM 21.0.0 (clang-2100.3.34.2)"," -O3 -DNDEBUG -DPITO_ECS_OWNED_DELETE_ATOMIC=1",8,100000,pito,owned_insert,ecs_insert_owned,2,500,7,214.111000
aalair,"Apple M3",8,"Darwin 27.0.0 arm64","Apple LLVM 21.0.0 (clang-2100.3.34.2)"," -O3 -DNDEBUG -DPITO_ECS_OWNED_DELETE_ATOMIC=1",8,100000,pito,owned_insert,ecs_insert_owned,2,500,8,214.235000
aalair,"Apple M3",8,"Darwin 27.0.0 arm64","Apple LLVM 21.0.0 (clang-2100.3.34.2)"," -O3 -DNDEBUG -DPITO_ECS_OWNED_DELETE_ATOMIC=1",8,100000,pito,owned_insert,ecs_insert_owned,2,500,9,214.739000
aalair,"Apple M3",8,"Darwin 27.0.0 arm64","Apple LLVM 21.0.0 (clang-2100.3.34.2)"," -O3 -DNDEBUG -DPITO_ECS_OWNED_DELETE_ATOMIC=1",8,100000,pito,owned_insert,ecs_insert_owned,2,500,10,214.850000
aalair,"Apple M3",8,"Darwin 27.0.0 arm64","Apple LLVM 21.0.0 (clang-2100.3.34.2)"," -O3 -DNDEBUG -DPITO_ECS_OWNED_DELETE_ATOMIC=1",8,100000,pito,owned_insert,ecs_insert_owned,4,0,1,5.776000
aalair,"Apple M3",8,"Darwin 27.0.0 arm64","Apple LLVM 21.0.0 (clang-2100.3.34.2)"," -O3 -DNDEBUG -DPITO_ECS_OWNED_DELETE_ATOMIC=1",8,100000,pito,owned_insert,ecs_insert_owned,4,0,2,5.623000
aalair,"Apple M3",8,"Darwin 27.0.0 arm64","Apple LLVM 21.0.0 (clang-2100.3.34.2)"," -O3 -DNDEBUG -DPITO_ECS_OWNED_DELETE_ATOMIC=1",8,100000,pito,owned_insert,ecs_insert_owned,4,0,3,5.944000
aalair,"Apple M3",8,"Darwin 27.0.0 arm64","Apple LLVM 21.0.0 (clang-2100.3.34.2)"," -O3 -DNDEBUG -DPITO_ECS_OWNED_DELETE_ATOMIC=1",8,100000,pito,owned_insert,ecs_insert_owned,4,0,4,5.323000
aalair,"Apple M3",8,"Darwin 27.0.0 arm64","Apple LLVM 21.0.0 (clang-2100.3.34.2)"," -O3 -DNDEBUG -DPITO_ECS_OWNED_DELETE_ATOMIC=1",8,100000,pito,owned_insert,ecs_insert_owned,4,0,5,5.688000
aalair,"Apple M3",8,"Darwin 27.0.0 arm64","Apple LLVM 21.0.0 (clang-2100.3.34.2)"," -O3 -DNDEBUG -DPITO_ECS_OWNED_DELETE_ATOMIC=1",8,100000,pito,owned_insert,ecs_insert_owned,4,0,6,5.930000
aalair,"Apple M3",8,"Darwin 27.0.0 arm64","Apple LLVM 21.0.0 (clang-2100.3.34.2)"," -O3 -DNDEBUG -DPITO_ECS_OWNED_DELETE_ATOMIC=1",8,100000,pito,owned_insert,ecs_insert_owned,4,0,7,5.376000
aalair,"Apple M3",8,"Darwin 27.0.0 arm64","Apple LLVM 21.0.0 (clang-2100.3.34.2)"," -O3 -DNDEBUG -DPITO_ECS_OWNED_DELETE_ATOMIC=1",8,100000,pito,owned_insert,ecs_insert_owned,4,0,8,6.019000
aalair,"Apple M3",8,"Darwin 27.0.0 arm64","Apple LLVM 21.0.0 (clang-2100.3.34.2)"," -O3 -DNDEBUG -DPITO_ECS_OWNED_DELETE_ATOMIC=1",8,100000,pito,owned_insert,ecs_insert_owned,4,0,9,5.359000
aalair,"Apple M3",8,"Darwin 27.0.0 arm64","Apple LLVM 21.0.0 (clang-2100.3.34.2)"," -O3 -DNDEBUG -DPITO_ECS_OWNED_DELETE_ATOMIC=1",8,100000,pito,owned_insert,ecs_insert_owned,4,0,10,5.343000
aalair,"Apple M3",8,"Darwin 27.0.0 arm64","Apple LLVM 21.0.0 (clang-2100.3.34.2)"," -O3 -DNDEBUG -DPITO_ECS_OWNED_DELETE_ATOMIC=1",8,100000,pito,owned_insert,ecs_insert_owned,4,0,11,5.420000
aalair,"Apple M3",8,"Darwin 27.0.0 arm64","Apple LLVM 21.0.0 (clang-2100.3.34.2)"," -O3 -DNDEBUG -DPITO_ECS_OWNED_DELETE_ATOMIC=1",8,100000,pito,owned_insert,ecs_insert_owned,4,0,12,5.845000
aalair,"Apple M3",8,"Darwin 27.0.0 arm64","Apple LLVM 21.0.0 (clang-2100.3.34.2)"," -O3 -DNDEBUG -DPITO_ECS_OWNED_DELETE_ATOMIC=1",8,100000,pito,owned_insert,ecs_insert_owned,4,0,13,5.994000
aalair,"Apple M3",8,"Darwin 27.0.0 arm64","Apple LLVM 21.0.0 (clang-2100.3.34.2)"," -O3 -DNDEBUG -DPITO_ECS_OWNED_DELETE_ATOMIC=1",8,100000,pito,owned_insert,ecs_insert_owned,4,0,14,5.841000
aalair,"Apple M3",8,"Darwin 27.0.0 arm64","Apple LLVM 21.0.0 (clang-2100.3.34.2)"," -O3 -DNDEBUG -DPITO_ECS_OWNED_DELETE_ATOMIC=1",8,100000,pito,owned_insert,ecs_insert_owned,4,0,15,5.840000
aalair,"Apple M3",8,"Darwin 27.0.0 arm64","Apple LLVM 21.0.0 (clang-2100.3.34.2)"," -O3 -DNDEBUG -DPITO_ECS_OWNED_DELETE_ATOMIC=1",8,100000,pito,owned_insert,ecs_insert_owned,4,0,16,5.765000
aalair,"Apple M3",8,"Darwin 27.0.0 arm64","Apple LLVM 21.0.0 (clang-2100.3.34.2)"," -O3 -DNDEBUG -DPITO_ECS_OWNED_DELETE_ATOMIC=1",8,100000,pito,owned_insert,ecs_insert_owned,4,0,17,5.461000
aalair,"Apple M3",8,"Darwin 27.0.0 arm64","Apple LLVM 21.0.0 (clang-2100.3.34.2)"," -O3 -DNDEBUG -DPITO_ECS_OWNED_DELETE_ATOMIC=1",8,100000,pito,owned_insert,ecs_insert_owned,4,0,18,5.507000
aalair,"Apple M3",8,"Darwin 27.0.0 arm64","Apple LLVM 21.0.0 (clang-2100.3.34.2)"," -O3 -DNDEBUG -DPITO_ECS_OWNED_DELETE_ATOMIC=1",8,100000,pito,owned_insert,ecs_insert_owned,4,0,19,5.855000
aalair,"Apple M3",8,"Darwin 27.0.0 arm64","Apple LLVM 21.0.0 (clang-2100.3.34.2)"," -O3 -DNDEBUG -DPITO_ECS_OWNED_DELETE_ATOMIC=1",8,100000,pito,owned_insert,ecs_insert_owned,4,0,20,5.666000
aalair,"Apple M3",8,"Darwin 27.0.0 arm64","Apple LLVM 21.0.0 (clang-2100.3.34.2)"," -O3 -DNDEBUG -DPITO_ECS_OWNED_DELETE_ATOMIC=1",8,100000,pito,owned_insert,ecs_insert_owned,4,0,21,5.312000
aalair,"Apple M3",8,"Darwin 27.0.0 arm64","Apple LLVM 21.0.0 (clang-2100.3.34.2)"," -O3 -DNDEBUG -DPITO_ECS_OWNED_DELETE_ATOMIC=1",8,100000,pito,owned_insert,ecs_insert_owned,4,10,1,6.331000
aalair,"Apple M3",8,"Darwin 27.0.0 arm64","Apple LLVM 21.0.0 (clang-2100.3.34.2)"," -O3 -DNDEBUG -DPITO_ECS_OWNED_DELETE_ATOMIC=1",8,100000,pito,owned_insert,ecs_insert_owned,4,10,2,6.271000
aalair,"Apple M3",8,"Darwin 27.0.0 arm64","Apple LLVM 21.0.0 (clang-2100.3.34.2)"," -O3 -DNDEBUG -DPITO_ECS_OWNED_DELETE_ATOMIC=1",8,100000,pito,owned_insert,ecs_insert_owned,4,10,3,6.183000
aalair,"Apple M3",8,"Darwin 27.0.0 arm64","Apple LLVM 21.0.0 (clang-2100.3.34.2)"," -O3 -DNDEBUG -DPITO_ECS_OWNED_DELETE_ATOMIC=1",8,100000,pito,owned_insert,ecs_insert_owned,4,10,4,6.345000
aalair,"Apple M3",8,"Darwin 27.0.0 arm64","Apple LLVM 21.0.0 (clang-2100.3.34.2)"," -O3 -DNDEBUG -DPITO_ECS_OWNED_DELETE_ATOMIC=1",8,100000,pito,owned_insert,ecs_insert_owned,4,10,5,6.380000
aalair,"Apple M3",8,"Darwin 27.0.0 arm64","Apple LLVM 21.0.0 (clang-2100.3.34.2)"," -O3 -DNDEBUG -DPITO_ECS_OWNED_DELETE_ATOMIC=1",8,100000,pito,owned_insert,ecs_insert_owned,4,10,6,6.396000
aalair,"Apple M3",8,"Darwin 27.0.0 arm64","Apple LLVM 21.0.0 (clang-2100.3.34.2)"," -O3 -DNDEBUG -DPITO_ECS_OWNED_DELETE_ATOMIC=1",8,100000,pito,owned_insert,ecs_insert_owned,4,10,7,6.188000
aalair,"Apple M3",8,"Darwin 27.0.0 arm64","Apple LLVM 21.0.0 (clang-2100.3.34.2)"," -O3 -DNDEBUG -DPITO_ECS_OWNED_DELETE_ATOMIC=1",8,100000,pito,owned_insert,ecs_insert_owned,4,10,8,6.128000
aalair,"Apple M3",8,"Darwin 27.0.0 arm64","Apple LLVM 21.0.0 (clang-2100.3.34.2)"," -O3 -DNDEBUG -DPITO_ECS_OWNED_DELETE_ATOMIC=1",8,100000,pito,owned_insert,ecs_insert_owned,4,10,9,6.359000
aalair,"Apple M3",8,"Darwin 27.0.0 arm64","Apple LLVM 21.0.0 (clang-2100.3.34.2)"," -O3 -DNDEBUG -DPITO_ECS_OWNED_DELETE_ATOMIC=1",8,100000,pito,owned_insert,ecs_insert_owned,4,10,10,6.484000
aalair,"Apple M3",8,"Darwin 27.0.0 arm64","Apple LLVM 21.0.0 (clang-2100.3.34.2)"," -O3 -DNDEBUG -DPITO_ECS_OWNED_DELETE_ATOMIC=1",8,100000,pito,owned_insert,ecs_insert_owned,4,500,1,109.918000
aalair,"Apple M3",8,"Darwin 27.0.0 arm64","Apple LLVM 21.0.0 (clang-2100.3.34.2)"," -O3 -DNDEBUG -DPITO_ECS_OWNED_DELETE_ATOMIC=1",8,100000,pito,owned_insert,ecs_insert_owned,4,500,2,110.009000
aalair,"Apple M3",8,"Darwin 27.0.0 arm64","Apple LLVM 21.0.0 (clang-2100.3.34.2)"," -O3 -DNDEBUG -DPITO_ECS_OWNED_DELETE_ATOMIC=1",8,100000,pito,owned_insert,ecs_insert_owned,4,500,3,109.893000
aalair,"Apple M3",8,"Darwin 27.0.0 arm64","Apple LLVM 21.0.0 (clang-2100.3.34.2)"," -O3 -DNDEBUG -DPITO_ECS_OWNED_DELETE_ATOMIC=1",8,100000,pito,owned_insert,ecs_insert_owned,4,500,4,113.501000
aalair,"Apple M3",8,"Darwin 27.0.0 arm64","Apple LLVM 21.0.0 (clang-2100.3.34.2)"," -O3 -DNDEBUG -DPITO_ECS_OWNED_DELETE_ATOMIC=1",8,100000,pito,owned_insert,ecs_insert_owned,4,500,5,109.902000
aalair,"Apple M3",8,"Darwin 27.0.0 arm64","Apple LLVM 21.0.0 (clang-2100.3.34.2)"," -O3 -DNDEBUG -DPITO_ECS_OWNED_DELETE_ATOMIC=1",8,100000,pito,owned_insert,ecs_insert_owned,4,500,6,109.896000
aalair,"Apple M3",8,"Darwin 27.0.0 arm64","Apple LLVM 21.0.0 (clang-2100.3.34.2)"," -O3 -DNDEBUG -DPITO_ECS_OWNED_DELETE_ATOMIC=1",8,100000,pito,owned_insert,ecs_insert_owned,4,500,7,109.852000
aalair,"Apple M3",8,"Darwin 27.0.0 arm64","Apple LLVM 21.0.0 (clang-2100.3.34.2)"," -O3 -DNDEBUG -DPITO_ECS_OWNED_DELETE_ATOMIC=1",8,100000,pito,owned_insert,ecs_insert_owned,4,500,8,109.923000
aalair,"Apple M3",8,"Darwin 27.0.0 arm64","Apple LLVM 21.0.0 (clang-2100.3.34.2)"," -O3 -DNDEBUG -DPITO_ECS_OWNED_DELETE_ATOMIC=1",8,100000,pito,owned_insert,ecs_insert_owned,4,500,9,112.283000
aalair,"Apple M3",8,"Darwin 27.0.0 arm64","Apple LLVM 21.0.0 (clang-2100.3.34.2)"," -O3 -DNDEBUG -DPITO_ECS_OWNED_DELETE_ATOMIC=1",8,100000,pito,owned_insert,ecs_insert_owned,4,500,10,111.916000
aalair,"Apple M3",8,"Darwin 27.0.0 arm64","Apple LLVM 21.0.0 (clang-2100.3.34.2)"," -O3 -DNDEBUG -DPITO_ECS_OWNED_DELETE_ATOMIC=1",8,100000,pito,owned_insert,ecs_insert_owned,8,0,1,5.159000
aalair,"Apple M3",8,"Darwin 27.0.0 arm64","Apple LLVM 21.0.0 (clang-2100.3.34.2)"," -O3 -DNDEBUG -DPITO_ECS_OWNED_DELETE_ATOMIC=1",8,100000,pito,owned_insert,ecs_insert_owned,8,0,2,5.391000
aalair,"Apple M3",8,"Darwin 27.0.0 arm64","Apple LLVM 21.0.0 (clang-2100.3.34.2)"," -O3 -DNDEBUG -DPITO_ECS_OWNED_DELETE_ATOMIC=1",8,100000,pito,owned_insert,ecs_insert_owned,8,0,3,6.383000
aalair,"Apple M3",8,"Darwin 27.0.0 arm64","Apple LLVM 21.0.0 (clang-2100.3.34.2)"," -O3 -DNDEBUG -DPITO_ECS_OWNED_DELETE_ATOMIC=1",8,100000,pito,owned_insert,ecs_insert_owned,8,0,4,5.165000
aalair,"Apple M3",8,"Darwin 27.0.0 arm64","Apple LLVM 21.0.0 (clang-2100.3.34.2)"," -O3 -DNDEBUG -DPITO_ECS_OWNED_DELETE_ATOMIC=1",8,100000,pito,owned_insert,ecs_insert_owned,8,0,5,5.407000
aalair,"Apple M3",8,"Darwin 27.0.0 arm64","Apple LLVM 21.0.0 (clang-2100.3.34.2)"," -O3 -DNDEBUG -DPITO_ECS_OWNED_DELETE_ATOMIC=1",8,100000,pito,owned_insert,ecs_insert_owned,8,0,6,5.297000
aalair,"Apple M3",8,"Darwin 27.0.0 arm64","Apple LLVM 21.0.0 (clang-2100.3.34.2)"," -O3 -DNDEBUG -DPITO_ECS_OWNED_DELETE_ATOMIC=1",8,100000,pito,owned_insert,ecs_insert_owned,8,0,7,5.236000
aalair,"Apple M3",8,"Darwin 27.0.0 arm64","Apple LLVM 21.0.0 (clang-2100.3.34.2)"," -O3 -DNDEBUG -DPITO_ECS_OWNED_DELETE_ATOMIC=1",8,100000,pito,owned_insert,ecs_insert_owned,8,0,8,5.256000
aalair,"Apple M3",8,"Darwin 27.0.0 arm64","Apple LLVM 21.0.0 (clang-2100.3.34.2)"," -O3 -DNDEBUG -DPITO_ECS_OWNED_DELETE_ATOMIC=1",8,100000,pito,owned_insert,ecs_insert_owned,8,0,9,5.139000
aalair,"Apple M3",8,"Darwin 27.0.0 arm64","Apple LLVM 21.0.0 (clang-2100.3.34.2)"," -O3 -DNDEBUG -DPITO_ECS_OWNED_DELETE_ATOMIC=1",8,100000,pito,owned_insert,ecs_insert_owned,8,0,10,5.303000
aalair,"Apple M3",8,"Darwin 27.0.0 arm64","Apple LLVM 21.0.0 (clang-2100.3.34.2)"," -O3 -DNDEBUG -DPITO_ECS_OWNED_DELETE_ATOMIC=1",8,100000,pito,owned_insert,ecs_insert_owned,8,0,11,5.250000
aalair,"Apple M3",8,"Darwin 27.0.0 arm64","Apple LLVM 21.0.0 (clang-2100.3.34.2)"," -O3 -DNDEBUG -DPITO_ECS_OWNED_DELETE_ATOMIC=1",8,100000,pito,owned_insert,ecs_insert_owned,8,10,1,5.929000
aalair,"Apple M3",8,"Darwin 27.0.0 arm64","Apple LLVM 21.0.0 (clang-2100.3.34.2)"," -O3 -DNDEBUG -DPITO_ECS_OWNED_DELETE_ATOMIC=1",8,100000,pito,owned_insert,ecs_insert_owned,8,10,2,6.011000
aalair,"Apple M3",8,"Darwin 27.0.0 arm64","Apple LLVM 21.0.0 (clang-2100.3.34.2)"," -O3 -DNDEBUG -DPITO_ECS_OWNED_DELETE_ATOMIC=1",8,100000,pito,owned_insert,ecs_insert_owned,8,10,3,5.663000
aalair,"Apple M3",8,"Darwin 27.0.0 arm64","Apple LLVM 21.0.0 (clang-2100.3.34.2)"," -O3 -DNDEBUG -DPITO_ECS_OWNED_DELETE_ATOMIC=1",8,100000,pito,owned_insert,ecs_insert_owned,8,10,4,5.855000
aalair,"Apple M3",8,"Darwin 27.0.0 arm64","Apple LLVM 21.0.0 (clang-2100.3.34.2)"," -O3 -DNDEBUG -DPITO_ECS_OWNED_DELETE_ATOMIC=1",8,100000,pito,owned_insert,ecs_insert_owned,8,10,5,5.749000
aalair,"Apple M3",8,"Darwin 27.0.0 arm64","Apple LLVM 21.0.0 (clang-2100.3.34.2)"," -O3 -DNDEBUG -DPITO_ECS_OWNED_DELETE_ATOMIC=1",8,100000,pito,owned_insert,ecs_insert_owned,8,10,6,5.855000
aalair,"Apple M3",8,"Darwin 27.0.0 arm64","Apple LLVM 21.0.0 (clang-2100.3.34.2)"," -O3 -DNDEBUG -DPITO_ECS_OWNED_DELETE_ATOMIC=1",8,100000,pito,owned_insert,ecs_insert_owned,8,10,7,5.672000
aalair,"Apple M3",8,"Darwin 27.0.0 arm64","Apple LLVM 21.0.0 (clang-2100.3.34.2)"," -O3 -DNDEBUG -DPITO_ECS_OWNED_DELETE_ATOMIC=1",8,100000,pito,owned_insert,ecs_insert_owned,8,10,8,5.848000
aalair,"Apple M3",8,"Darwin 27.0.0 arm64","Apple LLVM 21.0.0 (clang-2100.3.34.2)"," -O3 -DNDEBUG -DPITO_ECS_OWNED_DELETE_ATOMIC=1",8,100000,pito,owned_insert,ecs_insert_owned,8,10,9,5.747000
aalair,"Apple M3",8,"Darwin 27.0.0 arm64","Apple LLVM 21.0.0 (clang-2100.3.34.2)"," -O3 -DNDEBUG -DPITO_ECS_OWNED_DELETE_ATOMIC=1",8,100000,pito,owned_insert,ecs_insert_owned,8,10,10,5.592000
aalair,"Apple M3",8,"Darwin 27.0.0 arm64","Apple LLVM 21.0.0 (clang-2100.3.34.2)"," -O3 -DNDEBUG -DPITO_ECS_OWNED_DELETE_ATOMIC=1",8,100000,pito,owned_insert,ecs_insert_owned,8,500,1,68.503000
aalair,"Apple M3",8,"Darwin 27.0.0 arm64","Apple LLVM 21.0.0 (clang-2100.3.34.2)"," -O3 -DNDEBUG -DPITO_ECS_OWNED_DELETE_ATOMIC=1",8,100000,pito,owned_insert,ecs_insert_owned,8,500,2,70.380000
aalair,"Apple M3",8,"Darwin 27.0.0 arm64","Apple LLVM 21.0.0 (clang-2100.3.34.2)"," -O3 -DNDEBUG -DPITO_ECS_OWNED_DELETE_ATOMIC=1",8,100000,pito,owned_insert,ecs_insert_owned,8,500,3,89.129000
aalair,"Apple M3",8,"Darwin 27.0.0 arm64","Apple LLVM 21.0.0 (clang-2100.3.34.2)"," -O3 -DNDEBUG -DPITO_ECS_OWNED_DELETE_ATOMIC=1",8,100000,pito,owned_insert,ecs_insert_owned,8,500,4,101.953000
aalair,"Apple M3",8,"Darwin 27.0.0 arm64","Apple LLVM 21.0.0 (clang-2100.3.34.2)"," -O3 -DNDEBUG -DPITO_ECS_OWNED_DELETE_ATOMIC=1",8,100000,pito,owned_insert,ecs_insert_owned,8,500,5,70.951000
aalair,"Apple M3",8,"Darwin 27.0.0 arm64","Apple LLVM 21.0.0 (clang-2100.3.34.2)"," -O3 -DNDEBUG -DPITO_ECS_OWNED_DELETE_ATOMIC=1",8,100000,pito,owned_insert,ecs_insert_owned,8,500,6,70.300000
aalair,"Apple M3",8,"Darwin 27.0.0 arm64","Apple LLVM 21.0.0 (clang-2100.3.34.2)"," -O3 -DNDEBUG -DPITO_ECS_OWNED_DELETE_ATOMIC=1",8,100000,pito,owned_insert,ecs_insert_owned,8,500,7,71.977000
aalair,"Apple M3",8,"Darwin 27.0.0 arm64","Apple LLVM 21.0.0 (clang-2100.3.34.2)"," -O3 -DNDEBUG -DPITO_ECS_OWNED_DELETE_ATOMIC=1",8,100000,pito,owned_insert,ecs_insert_owned,8,500,8,67.031000
aalair,"Apple M3",8,"Darwin 27.0.0 arm64","Apple LLVM 21.0.0 (clang-2100.3.34.2)"," -O3 -DNDEBUG -DPITO_ECS_OWNED_DELETE_ATOMIC=1",8,100000,pito,owned_insert,ecs_insert_owned,8,500,9,73.966000
aalair,"Apple M3",8,"Darwin 27.0.0 arm64","Apple LLVM 21.0.0 (clang-2100.3.34.2)"," -O3 -DNDEBUG -DPITO_ECS_OWNED_DELETE_ATOMIC=1",8,100000,pito,owned_insert,ecs_insert_owned,8,500,10,69.884000
aalair,"Apple M3",8,"Darwin 27.0.0 arm64","Apple LLVM 21.0.0 (clang-2100.3.34.2)"," -O3 -DNDEBUG -DPITO_ECS_OWNED_DELETE_ATOMIC=1",8,100000,pito,owned_insert,ecs_insert_owned,8,500,11,65.279000
aalair,"Apple M3",8,"Darwin 27.0.0 arm64","Apple LLVM 21.0.0 (clang-2100.3.34.2)"," -O3 -DNDEBUG -DPITO_ECS_OWNED_DELETE_ATOMIC=1",8,100000,pito,owned_insert,ecs_insert_owned,8,500,12,66.928000
aalair,"Apple M3",8,"Darwin 27.0.0 arm64","Apple LLVM 21.0.0 (clang-2100.3.34.2)"," -O3 -DNDEBUG -DPITO_ECS_OWNED_DELETE_ATOMIC=1",8,100000,pito,owned_insert,ecs_insert_owned,8,500,13,68.550000
aalair,"Apple M3",8,"Darwin 27.0.0 arm64","Apple LLVM 21.0.0 (clang-2100.3.34.2)"," -O3 -DNDEBUG -DPITO_ECS_OWNED_DELETE_ATOMIC=1",8,100000,pito,owned_insert,ecs_insert_owned,8,500,14,68.621000
aalair,"Apple M3",8,"Darwin 27.0.0 arm64","Apple LLVM 21.0.0 (clang-2100.3.34.2)"," -O3 -DNDEBUG -DPITO_ECS_OWNED_DELETE_ATOMIC=1",8,100000,pito,owned_insert,ecs_insert_owned,8,500,15,66.617000
aalair,"Apple M3",8,"Darwin 27.0.0 arm64","Apple LLVM 21.0.0 (clang-2100.3.34.2)"," -O3 -DNDEBUG -DPITO_ECS_OWNED_DELETE_ATOMIC=1",8,100000,pito,owned_insert,ecs_insert_owned,8,500,16,71.672000
aalair,"Apple M3",8,"Darwin 27.0.0 arm64","Apple LLVM 21.0.0 (clang-2100.3.34.2)"," -O3 -DNDEBUG -DPITO_ECS_OWNED_DELETE_ATOMIC=1",8,100000,pito,owned_insert,ecs_insert_owned + join,1,0,1,22.915000
aalair,"Apple M3",8,"Darwin 27.0.0 arm64","Apple LLVM 21.0.0 (clang-2100.3.34.2)"," -O3 -DNDEBUG -DPITO_ECS_OWNED_DELETE_ATOMIC=1",8,100000,pito,owned_insert,ecs_insert_owned + join,1,0,2,23.092000
aalair,"Apple M3",8,"Darwin 27.0.0 arm64","Apple LLVM 21.0.0 (clang-2100.3.34.2)"," -O3 -DNDEBUG -DPITO_ECS_OWNED_DELETE_ATOMIC=1",8,100000,pito,owned_insert,ecs_insert_owned + join,1,0,3,22.942000
aalair,"Apple M3",8,"Darwin 27.0.0 arm64","Apple LLVM 21.0.0 (clang-2100.3.34.2)"," -O3 -DNDEBUG -DPITO_ECS_OWNED_DELETE_ATOMIC=1",8,100000,pito,owned_insert,ecs_insert_owned + join,1,0,4,22.964000
aalair,"Apple M3",8,"Darwin 27.0.0 arm64","Apple LLVM 21.0.0 (clang-2100.3.34.2)"," -O3 -DNDEBUG -DPITO_ECS_OWNED_DELETE_ATOMIC=1",8,100000,pito,owned_insert,ecs_insert_owned + join,1,0,5,22.805000
aalair,"Apple M3",8,"Darwin 27.0.0 arm64","Apple LLVM 21.0.0 (clang-2100.3.34.2)"," -O3 -DNDEBUG -DPITO_ECS_OWNED_DELETE_ATOMIC=1",8,100000,pito,owned_insert,ecs_insert_owned + join,1,0,6,22.845000
aalair,"Apple M3",8,"Darwin 27.0.0 arm64","Apple LLVM 21.0.0 (clang-2100.3.34.2)"," -O3 -DNDEBUG -DPITO_ECS_OWNED_DELETE_ATOMIC=1",8,100000,pito,owned_insert,ecs_insert_owned + join,1,0,7,22.855000
aalair,"Apple M3",8,"Darwin 27.0.0 arm64","Apple LLVM 21.0.0 (clang-2100.3.34.2)"," -O3 -DNDEBUG -DPITO_ECS_OWNED_DELETE_ATOMIC=1",8,100000,pito,owned_insert,ecs_insert_owned + join,1,0,8,22.857000
aalair,"Apple M3",8,"Darwin 27.0.0 arm64","Apple LLVM 21.0.0 (clang-2100.3.34.2)"," -O3 -DNDEBUG -DPITO_ECS_OWNED_DELETE_ATOMIC=1",8,100000,pito,owned_insert,ecs_insert_owned + join,1,0,9,22.880000
aalair,"Apple M3",8,"Darwin 27.0.0 arm64","Apple LLVM 21.0.0 (clang-2100.3.34.2)"," -O3 -DNDEBUG -DPITO_ECS_OWNED_DELETE_ATOMIC=1",8,100000,pito,owned_insert,ecs_insert_owned + join,1,0,10,22.917000
aalair,"Apple M3",8,"Darwin 27.0.0 arm64","Apple LLVM 21.0.0 (clang-2100.3.34.2)"," -O3 -DNDEBUG -DPITO_ECS_OWNED_DELETE_ATOMIC=1",8,100000,pito,owned_insert,ecs_insert_owned + join,1,10,1,26.021000
aalair,"Apple M3",8,"Darwin 27.0.0 arm64","Apple LLVM 21.0.0 (clang-2100.3.34.2)"," -O3 -DNDEBUG -DPITO_ECS_OWNED_DELETE_ATOMIC=1",8,100000,pito,owned_insert,ecs_insert_owned + join,1,10,2,26.168000
aalair,"Apple M3",8,"Darwin 27.0.0 arm64","Apple LLVM 21.0.0 (clang-2100.3.34.2)"," -O3 -DNDEBUG -DPITO_ECS_OWNED_DELETE_ATOMIC=1",8,100000,pito,owned_insert,ecs_insert_owned + join,1,10,3,26.229000
aalair,"Apple M3",8,"Darwin 27.0.0 arm64","Apple LLVM 21.0.0 (clang-2100.3.34.2)"," -O3 -DNDEBUG -DPITO_ECS_OWNED_DELETE_ATOMIC=1",8,100000,pito,owned_insert,ecs_insert_owned + join,1,10,4,26.146000
aalair,"Apple M3",8,"Darwin 27.0.0 arm64","Apple LLVM 21.0.0 (clang-2100.3.34.2)"," -O3 -DNDEBUG -DPITO_ECS_OWNED_DELETE_ATOMIC=1",8,100000,pito,owned_insert,ecs_insert_owned + join,1,10,5,25.736000
aalair,"Apple M3",8,"Darwin 27.0.0 arm64","Apple LLVM 21.0.0 (clang-2100.3.34.2)"," -O3 -DNDEBUG -DPITO_ECS_OWNED_DELETE_ATOMIC=1",8,100000,pito,owned_insert,ecs_insert_owned + join,1,10,6,25.831000
aalair,"Apple M3",8,"Darwin 27.0.0 arm64","Apple LLVM 21.0.0 (clang-2100.3.34.2)"," -O3 -DNDEBUG -DPITO_ECS_OWNED_DELETE_ATOMIC=1",8,100000,pito,owned_insert,ecs_insert_owned + join,1,10,7,25.864000
aalair,"Apple M3",8,"Darwin 27.0.0 arm64","Apple LLVM 21.0.0 (clang-2100.3.34.2)"," -O3 -DNDEBUG -DPITO_ECS_OWNED_DELETE_ATOMIC=1",8,100000,pito,owned_insert,ecs_insert_owned + join,1,10,8,25.586000
aalair,"Apple M3",8,"Darwin 27.0.0 arm64","Apple LLVM 21.0.0 (clang-2100.3.34.2)"," -O3 -DNDEBUG -DPITO_ECS_OWNED_DELETE_ATOMIC=1",8,100000,pito,owned_insert,ecs_insert_owned + join,1,10,9,25.882000
aalair,"Apple M3",8,"Darwin 27.0.0 arm64","Apple LLVM 21.0.0 (clang-2100.3.34.2)"," -O3 -DNDEBUG -DPITO_ECS_OWNED_DELETE_ATOMIC=1",8,100000,pito,owned_insert,ecs_insert_owned + join,1,10,10,25.636000
aalair,"Apple M3",8,"Darwin 27.0.0 arm64","Apple LLVM 21.0.0 (clang-2100.3.34.2)"," -O3 -DNDEBUG -DPITO_ECS_OWNED_DELETE_ATOMIC=1",8,100000,pito,owned_insert,ecs_insert_owned + join,1,500,1,430.188000
aalair,"Apple M3",8,"Darwin 27.0.0 arm64","Apple LLVM 21.0.0 (clang-2100.3.34.2)"," -O3 -DNDEBUG -DPITO_ECS_OWNED_DELETE_ATOMIC=1",8,100000,pito,owned_insert,ecs_insert_owned + join,1,500,2,415.801000
aalair,"Apple M3",8,"Darwin 27.0.0 arm64","Apple LLVM 21.0.0 (clang-2100.3.34.2)"," -O3 -DNDEBUG -DPITO_ECS_OWNED_DELETE_ATOMIC=1",8,100000,pito,owned_insert,ecs_insert_owned + join,1,500,3,411.391000
aalair,"Apple M3",8,"Darwin 27.0.0 arm64","Apple LLVM 21.0.0 (clang-2100.3.34.2)"," -O3 -DNDEBUG -DPITO_ECS_OWNED_DELETE_ATOMIC=1",8,100000,pito,owned_insert,ecs_insert_owned + join,1,500,4,407.906000
aalair,"Apple M3",8,"Darwin 27.0.0 arm64","Apple LLVM 21.0.0 (clang-2100.3.34.2)"," -O3 -DNDEBUG -DPITO_ECS_OWNED_DELETE_ATOMIC=1",8,100000,pito,owned_insert,ecs_insert_owned + join,1,500,5,406.673000
aalair,"Apple M3",8,"Darwin 27.0.0 arm64","Apple LLVM 21.0.0 (clang-2100.3.34.2)"," -O3 -DNDEBUG -DPITO_ECS_OWNED_DELETE_ATOMIC=1",8,100000,pito,owned_insert,ecs_insert_owned + join,1,500,6,406.350000
aalair,"Apple M3",8,"Darwin 27.0.0 arm64","Apple LLVM 21.0.0 (clang-2100.3.34.2)"," -O3 -DNDEBUG -DPITO_ECS_OWNED_DELETE_ATOMIC=1",8,100000,pito,owned_insert,ecs_insert_owned + join,1,500,7,405.941000
aalair,"Apple M3",8,"Darwin 27.0.0 arm64","Apple LLVM 21.0.0 (clang-2100.3.34.2)"," -O3 -DNDEBUG -DPITO_ECS_OWNED_DELETE_ATOMIC=1",8,100000,pito,owned_insert,ecs_insert_owned + join,1,500,8,405.444000
aalair,"Apple M3",8,"Darwin 27.0.0 arm64","Apple LLVM 21.0.0 (clang-2100.3.34.2)"," -O3 -DNDEBUG -DPITO_ECS_OWNED_DELETE_ATOMIC=1",8,100000,pito,owned_insert,ecs_insert_owned + join,1,500,9,405.594000
aalair,"Apple M3",8,"Darwin 27.0.0 arm64","Apple LLVM 21.0.0 (clang-2100.3.34.2)"," -O3 -DNDEBUG -DPITO_ECS_OWNED_DELETE_ATOMIC=1",8,100000,pito,owned_insert,ecs_insert_owned + join,1,500,10,405.334000
aalair,"Apple M3",8,"Darwin 27.0.0 arm64","Apple LLVM 21.0.0 (clang-2100.3.34.2)"," -O3 -DNDEBUG -DPITO_ECS_OWNED_DELETE_ATOMIC=1",8,100000,pito,owned_insert,ecs_insert_owned + join,1,500,11,405.207000
aalair,"Apple M3",8,"Darwin 27.0.0 arm64","Apple LLVM 21.0.0 (clang-2100.3.34.2)"," -O3 -DNDEBUG -DPITO_ECS_OWNED_DELETE_ATOMIC=1",8,100000,pito,owned_insert,ecs_insert_owned + join,2,0,1,29.958000
aalair,"Apple M3",8,"Darwin 27.0.0 arm64","Apple LLVM 21.0.0 (clang-2100.3.34.2)"," -O3 -DNDEBUG -DPITO_ECS_OWNED_DELETE_ATOMIC=1",8,100000,pito,owned_insert,ecs_insert_owned + join,2,0,2,31.440000
aalair,"Apple M3",8,"Darwin 27.0.0 arm64","Apple LLVM 21.0.0 (clang-2100.3.34.2)"," -O3 -DNDEBUG -DPITO_ECS_OWNED_DELETE_ATOMIC=1",8,100000,pito,owned_insert,ecs_insert_owned + join,2,0,3,30.837000
aalair,"Apple M3",8,"Darwin 27.0.0 arm64","Apple LLVM 21.0.0 (clang-2100.3.34.2)"," -O3 -DNDEBUG -DPITO_ECS_OWNED_DELETE_ATOMIC=1",8,100000,pito,owned_insert,ecs_insert_owned + join,2,0,4,30.801000
aalair,"Apple M3",8,"Darwin 27.0.0 arm64","Apple LLVM 21.0.0 (clang-2100.3.34.2)"," -O3 -DNDEBUG -DPITO_ECS_OWNED_DELETE_ATOMIC=1",8,100000,pito,owned_insert,ecs_insert_owned + join,2,0,5,31.898000
aalair,"Apple M3",8,"Darwin 27.0.0 arm64","Apple LLVM 21.0.0 (clang-2100.3.34.2)"," -O3 -DNDEBUG -DPITO_ECS_OWNED_DELETE_ATOMIC=1",8,100000,pito,owned_insert,ecs_insert_owned + join,2,0,6,31.441000
aalair,"Apple M3",8,"Darwin 27.0.0 arm64","Apple LLVM 21.0.0 (clang-2100.3.34.2)"," -O3 -DNDEBUG -DPITO_ECS_OWNED_DELETE_ATOMIC=1",8,100000,pito,owned_insert,ecs_insert_owned + join,2,0,7,29.995000
aalair,"Apple M3",8,"Darwin 27.0.0 arm64","Apple LLVM 21.0.0 (clang-2100.3.34.2)"," -O3 -DNDEBUG -DPITO_ECS_OWNED_DELETE_ATOMIC=1",8,100000,pito,owned_insert,ecs_insert_owned + join,2,0,8,29.856000
aalair,"Apple M3",8,"Darwin 27.0.0 arm64","Apple LLVM 21.0.0 (clang-2100.3.34.2)"," -O3 -DNDEBUG -DPITO_ECS_OWNED_DELETE_ATOMIC=1",8,100000,pito,owned_insert,ecs_insert_owned + join,2,0,9,29.601000
aalair,"Apple M3",8,"Darwin 27.0.0 arm64","Apple LLVM 21.0.0 (clang-2100.3.34.2)"," -O3 -DNDEBUG -DPITO_ECS_OWNED_DELETE_ATOMIC=1",8,100000,pito,owned_insert,ecs_insert_owned + join,2,0,10,29.605000
aalair,"Apple M3",8,"Darwin 27.0.0 arm64","Apple LLVM 21.0.0 (clang-2100.3.34.2)"," -O3 -DNDEBUG -DPITO_ECS_OWNED_DELETE_ATOMIC=1",8,100000,pito,owned_insert,ecs_insert_owned + join,2,10,1,26.834000
aalair,"Apple M3",8,"Darwin 27.0.0 arm64","Apple LLVM 21.0.0 (clang-2100.3.34.2)"," -O3 -DNDEBUG -DPITO_ECS_OWNED_DELETE_ATOMIC=1",8,100000,pito,owned_insert,ecs_insert_owned + join,2,10,2,26.289000
aalair,"Apple M3",8,"Darwin 27.0.0 arm64","Apple LLVM 21.0.0 (clang-2100.3.34.2)"," -O3 -DNDEBUG -DPITO_ECS_OWNED_DELETE_ATOMIC=1",8,100000,pito,owned_insert,ecs_insert_owned + join,2,10,3,26.272000
aalair,"Apple M3",8,"Darwin 27.0.0 arm64","Apple LLVM 21.0.0 (clang-2100.3.34.2)"," -O3 -DNDEBUG -DPITO_ECS_OWNED_DELETE_ATOMIC=1",8,100000,pito,owned_insert,ecs_insert_owned + join,2,10,4,26.680000
aalair,"Apple M3",8,"Darwin 27.0.0 arm64","Apple LLVM 21.0.0 (clang-2100.3.34.2)"," -O3 -DNDEBUG -DPITO_ECS_OWNED_DELETE_ATOMIC=1",8,100000,pito,owned_insert,ecs_insert_owned + join,2,10,5,28.136000
aalair,"Apple M3",8,"Darwin 27.0.0 arm64","Apple LLVM 21.0.0 (clang-2100.3.34.2)"," -O3 -DNDEBUG -DPITO_ECS_OWNED_DELETE_ATOMIC=1",8,100000,pito,owned_insert,ecs_insert_owned + join,2,10,6,26.159000
aalair,"Apple M3",8,"Darwin 27.0.0 arm64","Apple LLVM 21.0.0 (clang-2100.3.34.2)"," -O3 -DNDEBUG -DPITO_ECS_OWNED_DELETE_ATOMIC=1",8,100000,pito,owned_insert,ecs_insert_owned + join,2,10,7,29.507000
aalair,"Apple M3",8,"Darwin 27.0.0 arm64","Apple LLVM 21.0.0 (clang-2100.3.34.2)"," -O3 -DNDEBUG -DPITO_ECS_OWNED_DELETE_ATOMIC=1",8,100000,pito,owned_insert,ecs_insert_owned + join,2,10,8,29.695000
aalair,"Apple M3",8,"Darwin 27.0.0 arm64","Apple LLVM 21.0.0 (clang-2100.3.34.2)"," -O3 -DNDEBUG -DPITO_ECS_OWNED_DELETE_ATOMIC=1",8,100000,pito,owned_insert,ecs_insert_owned + join,2,10,9,28.875000
aalair,"Apple M3",8,"Darwin 27.0.0 arm64","Apple LLVM 21.0.0 (clang-2100.3.34.2)"," -O3 -DNDEBUG -DPITO_ECS_OWNED_DELETE_ATOMIC=1",8,100000,pito,owned_insert,ecs_insert_owned + join,2,10,10,28.527000
aalair,"Apple M3",8,"Darwin 27.0.0 arm64","Apple LLVM 21.0.0 (clang-2100.3.34.2)"," -O3 -DNDEBUG -DPITO_ECS_OWNED_DELETE_ATOMIC=1",8,100000,pito,owned_insert,ecs_insert_owned + join,2,10,11,29.021000
aalair,"Apple M3",8,"Darwin 27.0.0 arm64","Apple LLVM 21.0.0 (clang-2100.3.34.2)"," -O3 -DNDEBUG -DPITO_ECS_OWNED_DELETE_ATOMIC=1",8,100000,pito,owned_insert,ecs_insert_owned + join,2,10,12,30.715000
aalair,"Apple M3",8,"Darwin 27.0.0 arm64","Apple LLVM 21.0.0 (clang-2100.3.34.2)"," -O3 -DNDEBUG -DPITO_ECS_OWNED_DELETE_ATOMIC=1",8,100000,pito,owned_insert,ecs_insert_owned + join,2,10,13,28.390000
aalair,"Apple M3",8,"Darwin 27.0.0 arm64","Apple LLVM 21.0.0 (clang-2100.3.34.2)"," -O3 -DNDEBUG -DPITO_ECS_OWNED_DELETE_ATOMIC=1",8,100000,pito,owned_insert,ecs_insert_owned + join,2,10,14,30.224000
aalair,"Apple M3",8,"Darwin 27.0.0 arm64","Apple LLVM 21.0.0 (clang-2100.3.34.2)"," -O3 -DNDEBUG -DPITO_ECS_OWNED_DELETE_ATOMIC=1",8,100000,pito,owned_insert,ecs_insert_owned + join,2,10,15,27.800000
aalair,"Apple M3",8,"Darwin 27.0.0 arm64","Apple LLVM 21.0.0 (clang-2100.3.34.2)"," -O3 -DNDEBUG -DPITO_ECS_OWNED_DELETE_ATOMIC=1",8,100000,pito,owned_insert,ecs_insert_owned + join,2,10,16,28.158000
aalair,"Apple M3",8,"Darwin 27.0.0 arm64","Apple LLVM 21.0.0 (clang-2100.3.34.2)"," -O3 -DNDEBUG -DPITO_ECS_OWNED_DELETE_ATOMIC=1",8,100000,pito,owned_insert,ecs_insert_owned + join,2,10,17,27.816000
aalair,"Apple M3",8,"Darwin 27.0.0 arm64","Apple LLVM 21.0.0 (clang-2100.3.34.2)"," -O3 -DNDEBUG -DPITO_ECS_OWNED_DELETE_ATOMIC=1",8,100000,pito,owned_insert,ecs_insert_owned + join,2,10,18,29.421000
aalair,"Apple M3",8,"Darwin 27.0.0 arm64","Apple LLVM 21.0.0 (clang-2100.3.34.2)"," -O3 -DNDEBUG -DPITO_ECS_OWNED_DELETE_ATOMIC=1",8,100000,pito,owned_insert,ecs_insert_owned + join,2,10,19,28.247000
aalair,"Apple M3",8,"Darwin 27.0.0 arm64","Apple LLVM 21.0.0 (clang-2100.3.34.2)"," -O3 -DNDEBUG -DPITO_ECS_OWNED_DELETE_ATOMIC=1",8,100000,pito,owned_insert,ecs_insert_owned + join,2,10,20,30.323000
aalair,"Apple M3",8,"Darwin 27.0.0 arm64","Apple LLVM 21.0.0 (clang-2100.3.34.2)"," -O3 -DNDEBUG -DPITO_ECS_OWNED_DELETE_ATOMIC=1",8,100000,pito,owned_insert,ecs_insert_owned + join,2,10,21,27.470000
aalair,"Apple M3",8,"Darwin 27.0.0 arm64","Apple LLVM 21.0.0 (clang-2100.3.34.2)"," -O3 -DNDEBUG -DPITO_ECS_OWNED_DELETE_ATOMIC=1",8,100000,pito,owned_insert,ecs_insert_owned + join,2,500,1,220.657000
aalair,"Apple M3",8,"Darwin 27.0.0 arm64","Apple LLVM 21.0.0 (clang-2100.3.34.2)"," -O3 -DNDEBUG -DPITO_ECS_OWNED_DELETE_ATOMIC=1",8,100000,pito,owned_insert,ecs_insert_owned + join,2,500,2,222.791000
aalair,"Apple M3",8,"Darwin 27.0.0 arm64","Apple LLVM 21.0.0 (clang-2100.3.34.2)"," -O3 -DNDEBUG -DPITO_ECS_OWNED_DELETE_ATOMIC=1",8,100000,pito,owned_insert,ecs_insert_owned + join,2,500,3,222.253000
aalair,"Apple M3",8,"Darwin 27.0.0 arm64","Apple LLVM 21.0.0 (clang-2100.3.34.2)"," -O3 -DNDEBUG -DPITO_ECS_OWNED_DELETE_ATOMIC=1",8,100000,pito,owned_insert,ecs_insert_owned + join,2,500,4,220.829000
aalair,"Apple M3",8,"Darwin 27.0.0 arm64","Apple LLVM 21.0.0 (clang-2100.3.34.2)"," -O3 -DNDEBUG -DPITO_ECS_OWNED_DELETE_ATOMIC=1",8,100000,pito,owned_insert,ecs_insert_owned + join,2,500,5,221.421000
aalair,"Apple M3",8,"Darwin 27.0.0 arm64","Apple LLVM 21.0.0 (clang-2100.3.34.2)"," -O3 -DNDEBUG -DPITO_ECS_OWNED_DELETE_ATOMIC=1",8,100000,pito,owned_insert,ecs_insert_owned + join,2,500,6,221.252000
aalair,"Apple M3",8,"Darwin 27.0.0 arm64","Apple LLVM 21.0.0 (clang-2100.3.34.2)"," -O3 -DNDEBUG -DPITO_ECS_OWNED_DELETE_ATOMIC=1",8,100000,pito,owned_insert,ecs_insert_owned + join,2,500,7,221.090000
aalair,"Apple M3",8,"Darwin 27.0.0 arm64","Apple LLVM 21.0.0 (clang-2100.3.34.2)"," -O3 -DNDEBUG -DPITO_ECS_OWNED_DELETE_ATOMIC=1",8,100000,pito,owned_insert,ecs_insert_owned + join,2,500,8,222.798000
aalair,"Apple M3",8,"Darwin 27.0.0 arm64","Apple LLVM 21.0.0 (clang-2100.3.34.2)"," -O3 -DNDEBUG -DPITO_ECS_OWNED_DELETE_ATOMIC=1",8,100000,pito,owned_insert,ecs_insert_owned + join,2,500,9,223.194000
aalair,"Apple M3",8,"Darwin 27.0.0 arm64","Apple LLVM 21.0.0 (clang-2100.3.34.2)"," -O3 -DNDEBUG -DPITO_ECS_OWNED_DELETE_ATOMIC=1",8,100000,pito,owned_insert,ecs_insert_owned + join,2,500,10,224.317000
aalair,"Apple M3",8,"Darwin 27.0.0 arm64","Apple LLVM 21.0.0 (clang-2100.3.34.2)"," -O3 -DNDEBUG -DPITO_ECS_OWNED_DELETE_ATOMIC=1",8,100000,pito,owned_insert,ecs_insert_owned + join,4,0,1,33.105000
aalair,"Apple M3",8,"Darwin 27.0.0 arm64","Apple LLVM 21.0.0 (clang-2100.3.34.2)"," -O3 -DNDEBUG -DPITO_ECS_OWNED_DELETE_ATOMIC=1",8,100000,pito,owned_insert,ecs_insert_owned + join,4,0,2,33.059000
aalair,"Apple M3",8,"Darwin 27.0.0 arm64","Apple LLVM 21.0.0 (clang-2100.3.34.2)"," -O3 -DNDEBUG -DPITO_ECS_OWNED_DELETE_ATOMIC=1",8,100000,pito,owned_insert,ecs_insert_owned + join,4,0,3,34.765000
aalair,"Apple M3",8,"Darwin 27.0.0 arm64","Apple LLVM 21.0.0 (clang-2100.3.34.2)"," -O3 -DNDEBUG -DPITO_ECS_OWNED_DELETE_ATOMIC=1",8,100000,pito,owned_insert,ecs_insert_owned + join,4,0,4,36.063000
aalair,"Apple M3",8,"Darwin 27.0.0 arm64","Apple LLVM 21.0.0 (clang-2100.3.34.2)"," -O3 -DNDEBUG -DPITO_ECS_OWNED_DELETE_ATOMIC=1",8,100000,pito,owned_insert,ecs_insert_owned + join,4,0,5,34.284000
aalair,"Apple M3",8,"Darwin 27.0.0 arm64","Apple LLVM 21.0.0 (clang-2100.3.34.2)"," -O3 -DNDEBUG -DPITO_ECS_OWNED_DELETE_ATOMIC=1",8,100000,pito,owned_insert,ecs_insert_owned + join,4,0,6,34.291000
aalair,"Apple M3",8,"Darwin 27.0.0 arm64","Apple LLVM 21.0.0 (clang-2100.3.34.2)"," -O3 -DNDEBUG -DPITO_ECS_OWNED_DELETE_ATOMIC=1",8,100000,pito,owned_insert,ecs_insert_owned + join,4,0,7,34.275000
aalair,"Apple M3",8,"Darwin 27.0.0 arm64","Apple LLVM 21.0.0 (clang-2100.3.34.2)"," -O3 -DNDEBUG -DPITO_ECS_OWNED_DELETE_ATOMIC=1",8,100000,pito,owned_insert,ecs_insert_owned + join,4,0,8,31.033000
aalair,"Apple M3",8,"Darwin 27.0.0 arm64","Apple LLVM 21.0.0 (clang-2100.3.34.2)"," -O3 -DNDEBUG -DPITO_ECS_OWNED_DELETE_ATOMIC=1",8,100000,pito,owned_insert,ecs_insert_owned + join,4,0,9,31.929000
aalair,"Apple M3",8,"Darwin 27.0.0 arm64","Apple LLVM 21.0.0 (clang-2100.3.34.2)"," -O3 -DNDEBUG -DPITO_ECS_OWNED_DELETE_ATOMIC=1",8,100000,pito,owned_insert,ecs_insert_owned + join,4,0,10,30.844000
aalair,"Apple M3",8,"Darwin 27.0.0 arm64","Apple LLVM 21.0.0 (clang-2100.3.34.2)"," -O3 -DNDEBUG -DPITO_ECS_OWNED_DELETE_ATOMIC=1",8,100000,pito,owned_insert,ecs_insert_owned + join,4,0,11,30.732000
aalair,"Apple M3",8,"Darwin 27.0.0 arm64","Apple LLVM 21.0.0 (clang-2100.3.34.2)"," -O3 -DNDEBUG -DPITO_ECS_OWNED_DELETE_ATOMIC=1",8,100000,pito,owned_insert,ecs_insert_owned + join,4,0,12,31.595000
aalair,"Apple M3",8,"Darwin 27.0.0 arm64","Apple LLVM 21.0.0 (clang-2100.3.34.2)"," -O3 -DNDEBUG -DPITO_ECS_OWNED_DELETE_ATOMIC=1",8,100000,pito,owned_insert,ecs_insert_owned + join,4,0,13,31.847000
aalair,"Apple M3",8,"Darwin 27.0.0 arm64","Apple LLVM 21.0.0 (clang-2100.3.34.2)"," -O3 -DNDEBUG -DPITO_ECS_OWNED_DELETE_ATOMIC=1",8,100000,pito,owned_insert,ecs_insert_owned + join,4,0,14,31.642000
aalair,"Apple M3",8,"Darwin 27.0.0 arm64","Apple LLVM 21.0.0 (clang-2100.3.34.2)"," -O3 -DNDEBUG -DPITO_ECS_OWNED_DELETE_ATOMIC=1",8,100000,pito,owned_insert,ecs_insert_owned + join,4,0,15,31.578000
aalair,"Apple M3",8,"Darwin 27.0.0 arm64","Apple LLVM 21.0.0 (clang-2100.3.34.2)"," -O3 -DNDEBUG -DPITO_ECS_OWNED_DELETE_ATOMIC=1",8,100000,pito,owned_insert,ecs_insert_owned + join,4,0,16,30.717000
aalair,"Apple M3",8,"Darwin 27.0.0 arm64","Apple LLVM 21.0.0 (clang-2100.3.34.2)"," -O3 -DNDEBUG -DPITO_ECS_OWNED_DELETE_ATOMIC=1",8,100000,pito,owned_insert,ecs_insert_owned + join,4,0,17,30.730000
aalair,"Apple M3",8,"Darwin 27.0.0 arm64","Apple LLVM 21.0.0 (clang-2100.3.34.2)"," -O3 -DNDEBUG -DPITO_ECS_OWNED_DELETE_ATOMIC=1",8,100000,pito,owned_insert,ecs_insert_owned + join,4,0,18,30.817000
aalair,"Apple M3",8,"Darwin 27.0.0 arm64","Apple LLVM 21.0.0 (clang-2100.3.34.2)"," -O3 -DNDEBUG -DPITO_ECS_OWNED_DELETE_ATOMIC=1",8,100000,pito,owned_insert,ecs_insert_owned + join,4,0,19,30.684000
aalair,"Apple M3",8,"Darwin 27.0.0 arm64","Apple LLVM 21.0.0 (clang-2100.3.34.2)"," -O3 -DNDEBUG -DPITO_ECS_OWNED_DELETE_ATOMIC=1",8,100000,pito,owned_insert,ecs_insert_owned + join,4,0,20,30.702000
aalair,"Apple M3",8,"Darwin 27.0.0 arm64","Apple LLVM 21.0.0 (clang-2100.3.34.2)"," -O3 -DNDEBUG -DPITO_ECS_OWNED_DELETE_ATOMIC=1",8,100000,pito,owned_insert,ecs_insert_owned + join,4,0,21,30.708000
aalair,"Apple M3",8,"Darwin 27.0.0 arm64","Apple LLVM 21.0.0 (clang-2100.3.34.2)"," -O3 -DNDEBUG -DPITO_ECS_OWNED_DELETE_ATOMIC=1",8,100000,pito,owned_insert,ecs_insert_owned + join,4,10,1,30.362000
aalair,"Apple M3",8,"Darwin 27.0.0 arm64","Apple LLVM 21.0.0 (clang-2100.3.34.2)"," -O3 -DNDEBUG -DPITO_ECS_OWNED_DELETE_ATOMIC=1",8,100000,pito,owned_insert,ecs_insert_owned + join,4,10,2,30.442000
aalair,"Apple M3",8,"Darwin 27.0.0 arm64","Apple LLVM 21.0.0 (clang-2100.3.34.2)"," -O3 -DNDEBUG -DPITO_ECS_OWNED_DELETE_ATOMIC=1",8,100000,pito,owned_insert,ecs_insert_owned + join,4,10,3,30.439000
aalair,"Apple M3",8,"Darwin 27.0.0 arm64","Apple LLVM 21.0.0 (clang-2100.3.34.2)"," -O3 -DNDEBUG -DPITO_ECS_OWNED_DELETE_ATOMIC=1",8,100000,pito,owned_insert,ecs_insert_owned + join,4,10,4,31.705000
aalair,"Apple M3",8,"Darwin 27.0.0 arm64","Apple LLVM 21.0.0 (clang-2100.3.34.2)"," -O3 -DNDEBUG -DPITO_ECS_OWNED_DELETE_ATOMIC=1",8,100000,pito,owned_insert,ecs_insert_owned + join,4,10,5,31.686000
aalair,"Apple M3",8,"Darwin 27.0.0 arm64","Apple LLVM 21.0.0 (clang-2100.3.34.2)"," -O3 -DNDEBUG -DPITO_ECS_OWNED_DELETE_ATOMIC=1",8,100000,pito,owned_insert,ecs_insert_owned + join,4,10,6,31.887000
aalair,"Apple M3",8,"Darwin 27.0.0 arm64","Apple LLVM 21.0.0 (clang-2100.3.34.2)"," -O3 -DNDEBUG -DPITO_ECS_OWNED_DELETE_ATOMIC=1",8,100000,pito,owned_insert,ecs_insert_owned + join,4,10,7,31.304000
aalair,"Apple M3",8,"Darwin 27.0.0 arm64","Apple LLVM 21.0.0 (clang-2100.3.34.2)"," -O3 -DNDEBUG -DPITO_ECS_OWNED_DELETE_ATOMIC=1",8,100000,pito,owned_insert,ecs_insert_owned + join,4,10,8,31.263000
aalair,"Apple M3",8,"Darwin 27.0.0 arm64","Apple LLVM 21.0.0 (clang-2100.3.34.2)"," -O3 -DNDEBUG -DPITO_ECS_OWNED_DELETE_ATOMIC=1",8,100000,pito,owned_insert,ecs_insert_owned + join,4,10,9,30.592000
aalair,"Apple M3",8,"Darwin 27.0.0 arm64","Apple LLVM 21.0.0 (clang-2100.3.34.2)"," -O3 -DNDEBUG -DPITO_ECS_OWNED_DELETE_ATOMIC=1",8,100000,pito,owned_insert,ecs_insert_owned + join,4,10,10,30.643000
aalair,"Apple M3",8,"Darwin 27.0.0 arm64","Apple LLVM 21.0.0 (clang-2100.3.34.2)"," -O3 -DNDEBUG -DPITO_ECS_OWNED_DELETE_ATOMIC=1",8,100000,pito,owned_insert,ecs_insert_owned + join,4,500,1,113.807000
aalair,"Apple M3",8,"Darwin 27.0.0 arm64","Apple LLVM 21.0.0 (clang-2100.3.34.2)"," -O3 -DNDEBUG -DPITO_ECS_OWNED_DELETE_ATOMIC=1",8,100000,pito,owned_insert,ecs_insert_owned + join,4,500,2,113.884000
aalair,"Apple M3",8,"Darwin 27.0.0 arm64","Apple LLVM 21.0.0 (clang-2100.3.34.2)"," -O3 -DNDEBUG -DPITO_ECS_OWNED_DELETE_ATOMIC=1",8,100000,pito,owned_insert,ecs_insert_owned + join,4,500,3,116.533000
aalair,"Apple M3",8,"Darwin 27.0.0 arm64","Apple LLVM 21.0.0 (clang-2100.3.34.2)"," -O3 -DNDEBUG -DPITO_ECS_OWNED_DELETE_ATOMIC=1",8,100000,pito,owned_insert,ecs_insert_owned + join,4,500,4,117.142000
aalair,"Apple M3",8,"Darwin 27.0.0 arm64","Apple LLVM 21.0.0 (clang-2100.3.34.2)"," -O3 -DNDEBUG -DPITO_ECS_OWNED_DELETE_ATOMIC=1",8,100000,pito,owned_insert,ecs_insert_owned + join,4,500,5,113.692000
aalair,"Apple M3",8,"Darwin 27.0.0 arm64","Apple LLVM 21.0.0 (clang-2100.3.34.2)"," -O3 -DNDEBUG -DPITO_ECS_OWNED_DELETE_ATOMIC=1",8,100000,pito,owned_insert,ecs_insert_owned + join,4,500,6,115.691000
aalair,"Apple M3",8,"Darwin 27.0.0 arm64","Apple LLVM 21.0.0 (clang-2100.3.34.2)"," -O3 -DNDEBUG -DPITO_ECS_OWNED_DELETE_ATOMIC=1",8,100000,pito,owned_insert,ecs_insert_owned + join,4,500,7,116.616000
aalair,"Apple M3",8,"Darwin 27.0.0 arm64","Apple LLVM 21.0.0 (clang-2100.3.34.2)"," -O3 -DNDEBUG -DPITO_ECS_OWNED_DELETE_ATOMIC=1",8,100000,pito,owned_insert,ecs_insert_owned + join,4,500,8,114.627000
aalair,"Apple M3",8,"Darwin 27.0.0 arm64","Apple LLVM 21.0.0 (clang-2100.3.34.2)"," -O3 -DNDEBUG -DPITO_ECS_OWNED_DELETE_ATOMIC=1",8,100000,pito,owned_insert,ecs_insert_owned + join,4,500,9,116.005000
aalair,"Apple M3",8,"Darwin 27.0.0 arm64","Apple LLVM 21.0.0 (clang-2100.3.34.2)"," -O3 -DNDEBUG -DPITO_ECS_OWNED_DELETE_ATOMIC=1",8,100000,pito,owned_insert,ecs_insert_owned + join,4,500,10,117.122000
aalair,"Apple M3",8,"Darwin 27.0.0 arm64","Apple LLVM 21.0.0 (clang-2100.3.34.2)"," -O3 -DNDEBUG -DPITO_ECS_OWNED_DELETE_ATOMIC=1",8,100000,pito,owned_insert,ecs_insert_owned + join,8,0,1,46.581000
aalair,"Apple M3",8,"Darwin 27.0.0 arm64","Apple LLVM 21.0.0 (clang-2100.3.34.2)"," -O3 -DNDEBUG -DPITO_ECS_OWNED_DELETE_ATOMIC=1",8,100000,pito,owned_insert,ecs_insert_owned + join,8,0,2,47.116000
aalair,"Apple M3",8,"Darwin 27.0.0 arm64","Apple LLVM 21.0.0 (clang-2100.3.34.2)"," -O3 -DNDEBUG -DPITO_ECS_OWNED_DELETE_ATOMIC=1",8,100000,pito,owned_insert,ecs_insert_owned + join,8,0,3,47.360000
aalair,"Apple M3",8,"Darwin 27.0.0 arm64","Apple LLVM 21.0.0 (clang-2100.3.34.2)"," -O3 -DNDEBUG -DPITO_ECS_OWNED_DELETE_ATOMIC=1",8,100000,pito,owned_insert,ecs_insert_owned + join,8,0,4,47.721000
aalair,"Apple M3",8,"Darwin 27.0.0 arm64","Apple LLVM 21.0.0 (clang-2100.3.34.2)"," -O3 -DNDEBUG -DPITO_ECS_OWNED_DELETE_ATOMIC=1",8,100000,pito,owned_insert,ecs_insert_owned + join,8,0,5,47.665000
aalair,"Apple M3",8,"Darwin 27.0.0 arm64","Apple LLVM 21.0.0 (clang-2100.3.34.2)"," -O3 -DNDEBUG -DPITO_ECS_OWNED_DELETE_ATOMIC=1",8,100000,pito,owned_insert,ecs_insert_owned + join,8,0,6,47.963000
aalair,"Apple M3",8,"Darwin 27.0.0 arm64","Apple LLVM 21.0.0 (clang-2100.3.34.2)"," -O3 -DNDEBUG -DPITO_ECS_OWNED_DELETE_ATOMIC=1",8,100000,pito,owned_insert,ecs_insert_owned + join,8,0,7,47.356000
aalair,"Apple M3",8,"Darwin 27.0.0 arm64","Apple LLVM 21.0.0 (clang-2100.3.34.2)"," -O3 -DNDEBUG -DPITO_ECS_OWNED_DELETE_ATOMIC=1",8,100000,pito,owned_insert,ecs_insert_owned + join,8,0,8,46.586000
aalair,"Apple M3",8,"Darwin 27.0.0 arm64","Apple LLVM 21.0.0 (clang-2100.3.34.2)"," -O3 -DNDEBUG -DPITO_ECS_OWNED_DELETE_ATOMIC=1",8,100000,pito,owned_insert,ecs_insert_owned + join,8,0,9,46.950000
aalair,"Apple M3",8,"Darwin 27.0.0 arm64","Apple LLVM 21.0.0 (clang-2100.3.34.2)"," -O3 -DNDEBUG -DPITO_ECS_OWNED_DELETE_ATOMIC=1",8,100000,pito,owned_insert,ecs_insert_owned + join,8,0,10,47.078000
aalair,"Apple M3",8,"Darwin 27.0.0 arm64","Apple LLVM 21.0.0 (clang-2100.3.34.2)"," -O3 -DNDEBUG -DPITO_ECS_OWNED_DELETE_ATOMIC=1",8,100000,pito,owned_insert,ecs_insert_owned + join,8,10,1,46.951000
aalair,"Apple M3",8,"Darwin 27.0.0 arm64","Apple LLVM 21.0.0 (clang-2100.3.34.2)"," -O3 -DNDEBUG -DPITO_ECS_OWNED_DELETE_ATOMIC=1",8,100000,pito,owned_insert,ecs_insert_owned + join,8,10,2,46.776000
aalair,"Apple M3",8,"Darwin 27.0.0 arm64","Apple LLVM 21.0.0 (clang-2100.3.34.2)"," -O3 -DNDEBUG -DPITO_ECS_OWNED_DELETE_ATOMIC=1",8,100000,pito,owned_insert,ecs_insert_owned + join,8,10,3,46.867000
aalair,"Apple M3",8,"Darwin 27.0.0 arm64","Apple LLVM 21.0.0 (clang-2100.3.34.2)"," -O3 -DNDEBUG -DPITO_ECS_OWNED_DELETE_ATOMIC=1",8,100000,pito,owned_insert,ecs_insert_owned + join,8,10,4,47.559000
aalair,"Apple M3",8,"Darwin 27.0.0 arm64","Apple LLVM 21.0.0 (clang-2100.3.34.2)"," -O3 -DNDEBUG -DPITO_ECS_OWNED_DELETE_ATOMIC=1",8,100000,pito,owned_insert,ecs_insert_owned + join,8,10,5,47.031000
aalair,"Apple M3",8,"Darwin 27.0.0 arm64","Apple LLVM 21.0.0 (clang-2100.3.34.2)"," -O3 -DNDEBUG -DPITO_ECS_OWNED_DELETE_ATOMIC=1",8,100000,pito,owned_insert,ecs_insert_owned + join,8,10,6,46.965000
aalair,"Apple M3",8,"Darwin 27.0.0 arm64","Apple LLVM 21.0.0 (clang-2100.3.34.2)"," -O3 -DNDEBUG -DPITO_ECS_OWNED_DELETE_ATOMIC=1",8,100000,pito,owned_insert,ecs_insert_owned + join,8,10,7,47.226000
aalair,"Apple M3",8,"Darwin 27.0.0 arm64","Apple LLVM 21.0.0 (clang-2100.3.34.2)"," -O3 -DNDEBUG -DPITO_ECS_OWNED_DELETE_ATOMIC=1",8,100000,pito,owned_insert,ecs_insert_owned + join,8,10,8,46.634000
aalair,"Apple M3",8,"Darwin 27.0.0 arm64","Apple LLVM 21.0.0 (clang-2100.3.34.2)"," -O3 -DNDEBUG -DPITO_ECS_OWNED_DELETE_ATOMIC=1",8,100000,pito,owned_insert,ecs_insert_owned + join,8,10,9,46.896000
aalair,"Apple M3",8,"Darwin 27.0.0 arm64","Apple LLVM 21.0.0 (clang-2100.3.34.2)"," -O3 -DNDEBUG -DPITO_ECS_OWNED_DELETE_ATOMIC=1",8,100000,pito,owned_insert,ecs_insert_owned + join,8,10,10,49.640000
aalair,"Apple M3",8,"Darwin 27.0.0 arm64","Apple LLVM 21.0.0 (clang-2100.3.34.2)"," -O3 -DNDEBUG -DPITO_ECS_OWNED_DELETE_ATOMIC=1",8,100000,pito,owned_insert,ecs_insert_owned + join,8,10,11,46.672000
aalair,"Apple M3",8,"Darwin 27.0.0 arm64","Apple LLVM 21.0.0 (clang-2100.3.34.2)"," -O3 -DNDEBUG -DPITO_ECS_OWNED_DELETE_ATOMIC=1",8,100000,pito,owned_insert,ecs_insert_owned + join,8,500,1,83.922000
aalair,"Apple M3",8,"Darwin 27.0.0 arm64","Apple LLVM 21.0.0 (clang-2100.3.34.2)"," -O3 -DNDEBUG -DPITO_ECS_OWNED_DELETE_ATOMIC=1",8,100000,pito,owned_insert,ecs_insert_owned + join,8,500,2,80.440000
aalair,"Apple M3",8,"Darwin 27.0.0 arm64","Apple LLVM 21.0.0 (clang-2100.3.34.2)"," -O3 -DNDEBUG -DPITO_ECS_OWNED_DELETE_ATOMIC=1",8,100000,pito,owned_insert,ecs_insert_owned + join,8,500,3,81.723000
aalair,"Apple M3",8,"Darwin 27.0.0 arm64","Apple LLVM 21.0.0 (clang-2100.3.34.2)"," -O3 -DNDEBUG -DPITO_ECS_OWNED_DELETE_ATOMIC=1",8,100000,pito,owned_insert,ecs_insert_owned + join,8,500,4,79.263000
aalair,"Apple M3",8,"Darwin 27.0.0 arm64","Apple LLVM 21.0.0 (clang-2100.3.34.2)"," -O3 -DNDEBUG -DPITO_ECS_OWNED_DELETE_ATOMIC=1",8,100000,pito,owned_insert,ecs_insert_owned + join,8,500,5,86.868000
aalair,"Apple M3",8,"Darwin 27.0.0 arm64","Apple LLVM 21.0.0 (clang-2100.3.34.2)"," -O3 -DNDEBUG -DPITO_ECS_OWNED_DELETE_ATOMIC=1",8,100000,pito,owned_insert,ecs_insert_owned + join,8,500,6,79.530000
aalair,"Apple M3",8,"Darwin 27.0.0 arm64","Apple LLVM 21.0.0 (clang-2100.3.34.2)"," -O3 -DNDEBUG -DPITO_ECS_OWNED_DELETE_ATOMIC=1",8,100000,pito,owned_insert,ecs_insert_owned + join,8,500,7,84.030000
aalair,"Apple M3",8,"Darwin 27.0.0 arm64","Apple LLVM 21.0.0 (clang-2100.3.34.2)"," -O3 -DNDEBUG -DPITO_ECS_OWNED_DELETE_ATOMIC=1",8,100000,pito,owned_insert,ecs_insert_owned + join,8,500,8,84.694000
aalair,"Apple M3",8,"Darwin 27.0.0 arm64","Apple LLVM 21.0.0 (clang-2100.3.34.2)"," -O3 -DNDEBUG -DPITO_ECS_OWNED_DELETE_ATOMIC=1",8,100000,pito,owned_insert,ecs_insert_owned + join,8,500,9,85.352000
aalair,"Apple M3",8,"Darwin 27.0.0 arm64","Apple LLVM 21.0.0 (clang-2100.3.34.2)"," -O3 -DNDEBUG -DPITO_ECS_OWNED_DELETE_ATOMIC=1",8,100000,pito,owned_insert,ecs_insert_owned + join,8,500,10,84.027000
aalair,"Apple M3",8,"Darwin 27.0.0 arm64","Apple LLVM 21.0.0 (clang-2100.3.34.2)"," -O3 -DNDEBUG -DPITO_ECS_OWNED_DELETE_ATOMIC=1",8,100000,pito,owned_insert,ecs_insert_owned + join,8,500,11,83.953000
aalair,"Apple M3",8,"Darwin 27.0.0 arm64","Apple LLVM 21.0.0 (clang-2100.3.34.2)"," -O3 -DNDEBUG -DPITO_ECS_OWNED_DELETE_ATOMIC=1",8,100000,pito,owned_insert,ecs_insert_owned + join,8,500,12,82.186000
aalair,"Apple M3",8,"Darwin 27.0.0 arm64","Apple LLVM 21.0.0 (clang-2100.3.34.2)"," -O3 -DNDEBUG -DPITO_ECS_OWNED_DELETE_ATOMIC=1",8,100000,pito,owned_insert,ecs_insert_owned + join,8,500,13,81.559000
aalair,"Apple M3",8,"Darwin 27.0.0 arm64","Apple LLVM 21.0.0 (clang-2100.3.34.2)"," -O3 -DNDEBUG -DPITO_ECS_OWNED_DELETE_ATOMIC=1",8,100000,pito,owned_insert,ecs_insert_owned + join,8,500,14,83.193000
aalair,"Apple M3",8,"Darwin 27.0.0 arm64","Apple LLVM 21.0.0 (clang-2100.3.34.2)"," -O3 -DNDEBUG",8,100000,pico,owned_delete,,1,0,1,7.216000
aalair,"Apple M3",8,"Darwin 27.0.0 arm64","Apple LLVM 21.0.0 (clang-2100.3.34.2)"," -O3 -DNDEBUG",8,100000,pico,owned_delete,,1,0,2,6.878000
aalair,"Apple M3",8,"Darwin 27.0.0 arm64","Apple LLVM 21.0.0 (clang-2100.3.34.2)"," -O3 -DNDEBUG",8,100000,pico,owned_delete,,1,0,3,6.950000
aalair,"Apple M3",8,"Darwin 27.0.0 arm64","Apple LLVM 21.0.0 (clang-2100.3.34.2)"," -O3 -DNDEBUG",8,100000,pico,owned_delete,,1,0,4,6.853000
aalair,"Apple M3",8,"Darwin 27.0.0 arm64","Apple LLVM 21.0.0 (clang-2100.3.34.2)"," -O3 -DNDEBUG",8,100000,pico,owned_delete,,1,0,5,6.895000
aalair,"Apple M3",8,"Darwin 27.0.0 arm64","Apple LLVM 21.0.0 (clang-2100.3.34.2)"," -O3 -DNDEBUG",8,100000,pico,owned_delete,,1,0,6,6.816000
aalair,"Apple M3",8,"Darwin 27.0.0 arm64","Apple LLVM 21.0.0 (clang-2100.3.34.2)"," -O3 -DNDEBUG",8,100000,pico,owned_delete,,1,0,7,6.878000
aalair,"Apple M3",8,"Darwin 27.0.0 arm64","Apple LLVM 21.0.0 (clang-2100.3.34.2)"," -O3 -DNDEBUG",8,100000,pico,owned_delete,,1,0,8,6.833000
aalair,"Apple M3",8,"Darwin 27.0.0 arm64","Apple LLVM 21.0.0 (clang-2100.3.34.2)"," -O3 -DNDEBUG",8,100000,pico,owned_delete,,1,0,9,6.872000
aalair,"Apple M3",8,"Darwin 27.0.0 arm64","Apple LLVM 21.0.0 (clang-2100.3.34.2)"," -O3 -DNDEBUG",8,100000,pico,owned_delete,,1,0,10,6.913000
aalair,"Apple M3",8,"Darwin 27.0.0 arm64","Apple LLVM 21.0.0 (clang-2100.3.34.2)"," -O3 -DNDEBUG",8,100000,pico,owned_delete,,1,10,1,8.301000
aalair,"Apple M3",8,"Darwin 27.0.0 arm64","Apple LLVM 21.0.0 (clang-2100.3.34.2)"," -O3 -DNDEBUG",8,100000,pico,owned_delete,,1,10,2,8.121000
aalair,"Apple M3",8,"Darwin 27.0.0 arm64","Apple LLVM 21.0.0 (clang-2100.3.34.2)"," -O3 -DNDEBUG",8,100000,pico,owned_delete,,1,10,3,8.276000
aalair,"Apple M3",8,"Darwin 27.0.0 arm64","Apple LLVM 21.0.0 (clang-2100.3.34.2)"," -O3 -DNDEBUG",8,100000,pico,owned_delete,,1,10,4,8.302000
aalair,"Apple M3",8,"Darwin 27.0.0 arm64","Apple LLVM 21.0.0 (clang-2100.3.34.2)"," -O3 -DNDEBUG",8,100000,pico,owned_delete,,1,10,5,8.197000
aalair,"Apple M3",8,"Darwin 27.0.0 arm64","Apple LLVM 21.0.0 (clang-2100.3.34.2)"," -O3 -DNDEBUG",8,100000,pico,owned_delete,,1,10,6,8.221000
aalair,"Apple M3",8,"Darwin 27.0.0 arm64","Apple LLVM 21.0.0 (clang-2100.3.34.2)"," -O3 -DNDEBUG",8,100000,pico,owned_delete,,1,10,7,8.190000
aalair,"Apple M3",8,"Darwin 27.0.0 arm64","Apple LLVM 21.0.0 (clang-2100.3.34.2)"," -O3 -DNDEBUG",8,100000,pico,owned_delete,,1,10,8,8.086000
aalair,"Apple M3",8,"Darwin 27.0.0 arm64","Apple LLVM 21.0.0 (clang-2100.3.34.2)"," -O3 -DNDEBUG",8,100000,pico,owned_delete,,1,10,9,8.096000
aalair,"Apple M3",8,"Darwin 27.0.0 arm64","Apple LLVM 21.0.0 (clang-2100.3.34.2)"," -O3 -DNDEBUG",8,100000,pico,owned_delete,,1,10,10,8.101000
aalair,"Apple M3",8,"Darwin 27.0.0 arm64","Apple LLVM 21.0.0 (clang-2100.3.34.2)"," -O3 -DNDEBUG",8,100000,pico,owned_delete,,1,500,1,367.855000
aalair,"Apple M3",8,"Darwin 27.0.0 arm64","Apple LLVM 21.0.0 (clang-2100.3.34.2)"," -O3 -DNDEBUG",8,100000,pico,owned_delete,,1,500,2,370.833000
aalair,"Apple M3",8,"Darwin 27.0.0 arm64","Apple LLVM 21.0.0 (clang-2100.3.34.2)"," -O3 -DNDEBUG",8,100000,pico,owned_delete,,1,500,3,373.853000
aalair,"Apple M3",8,"Darwin 27.0.0 arm64","Apple LLVM 21.0.0 (clang-2100.3.34.2)"," -O3 -DNDEBUG",8,100000,pico,owned_delete,,1,500,4,377.527000
aalair,"Apple M3",8,"Darwin 27.0.0 arm64","Apple LLVM 21.0.0 (clang-2100.3.34.2)"," -O3 -DNDEBUG",8,100000,pico,owned_delete,,1,500,5,374.880000
aalair,"Apple M3",8,"Darwin 27.0.0 arm64","Apple LLVM 21.0.0 (clang-2100.3.34.2)"," -O3 -DNDEBUG",8,100000,pico,owned_delete,,1,500,6,369.223000
aalair,"Apple M3",8,"Darwin 27.0.0 arm64","Apple LLVM 21.0.0 (clang-2100.3.34.2)"," -O3 -DNDEBUG",8,100000,pico,owned_delete,,1,500,7,377.385000
aalair,"Apple M3",8,"Darwin 27.0.0 arm64","Apple LLVM 21.0.0 (clang-2100.3.34.2)"," -O3 -DNDEBUG",8,100000,pico,owned_delete,,1,500,8,379.084000
aalair,"Apple M3",8,"Darwin 27.0.0 arm64","Apple LLVM 21.0.0 (clang-2100.3.34.2)"," -O3 -DNDEBUG",8,100000,pico,owned_delete,,1,500,9,379.388000
aalair,"Apple M3",8,"Darwin 27.0.0 arm64","Apple LLVM 21.0.0 (clang-2100.3.34.2)"," -O3 -DNDEBUG",8,100000,pico,owned_delete,,1,500,10,379.256000
aalair,"Apple M3",8,"Darwin 27.0.0 arm64","Apple LLVM 21.0.0 (clang-2100.3.34.2)"," -O3 -DNDEBUG",8,100000,flecs,owned_delete,,1,0,1,15.893000
aalair,"Apple M3",8,"Darwin 27.0.0 arm64","Apple LLVM 21.0.0 (clang-2100.3.34.2)"," -O3 -DNDEBUG",8,100000,flecs,owned_delete,,1,0,2,15.678000
aalair,"Apple M3",8,"Darwin 27.0.0 arm64","Apple LLVM 21.0.0 (clang-2100.3.34.2)"," -O3 -DNDEBUG",8,100000,flecs,owned_delete,,1,0,3,15.763000
aalair,"Apple M3",8,"Darwin 27.0.0 arm64","Apple LLVM 21.0.0 (clang-2100.3.34.2)"," -O3 -DNDEBUG",8,100000,flecs,owned_delete,,1,0,4,15.733000
aalair,"Apple M3",8,"Darwin 27.0.0 arm64","Apple LLVM 21.0.0 (clang-2100.3.34.2)"," -O3 -DNDEBUG",8,100000,flecs,owned_delete,,1,0,5,15.873000
aalair,"Apple M3",8,"Darwin 27.0.0 arm64","Apple LLVM 21.0.0 (clang-2100.3.34.2)"," -O3 -DNDEBUG",8,100000,flecs,owned_delete,,1,0,6,15.783000
aalair,"Apple M3",8,"Darwin 27.0.0 arm64","Apple LLVM 21.0.0 (clang-2100.3.34.2)"," -O3 -DNDEBUG",8,100000,flecs,owned_delete,,1,0,7,15.771000
aalair,"Apple M3",8,"Darwin 27.0.0 arm64","Apple LLVM 21.0.0 (clang-2100.3.34.2)"," -O3 -DNDEBUG",8,100000,flecs,owned_delete,,1,0,8,15.744000
aalair,"Apple M3",8,"Darwin 27.0.0 arm64","Apple LLVM 21.0.0 (clang-2100.3.34.2)"," -O3 -DNDEBUG",8,100000,flecs,owned_delete,,1,0,9,15.631000
aalair,"Apple M3",8,"Darwin 27.0.0 arm64","Apple LLVM 21.0.0 (clang-2100.3.34.2)"," -O3 -DNDEBUG",8,100000,flecs,owned_delete,,1,0,10,15.822000
aalair,"Apple M3",8,"Darwin 27.0.0 arm64","Apple LLVM 21.0.0 (clang-2100.3.34.2)"," -O3 -DNDEBUG",8,100000,flecs,owned_delete,,1,10,1,16.630000
aalair,"Apple M3",8,"Darwin 27.0.0 arm64","Apple LLVM 21.0.0 (clang-2100.3.34.2)"," -O3 -DNDEBUG",8,100000,flecs,owned_delete,,1,10,2,16.656000
aalair,"Apple M3",8,"Darwin 27.0.0 arm64","Apple LLVM 21.0.0 (clang-2100.3.34.2)"," -O3 -DNDEBUG",8,100000,flecs,owned_delete,,1,10,3,16.719000
aalair,"Apple M3",8,"Darwin 27.0.0 arm64","Apple LLVM 21.0.0 (clang-2100.3.34.2)"," -O3 -DNDEBUG",8,100000,flecs,owned_delete,,1,10,4,16.844000
aalair,"Apple M3",8,"Darwin 27.0.0 arm64","Apple LLVM 21.0.0 (clang-2100.3.34.2)"," -O3 -DNDEBUG",8,100000,flecs,owned_delete,,1,10,5,17.165000
aalair,"Apple M3",8,"Darwin 27.0.0 arm64","Apple LLVM 21.0.0 (clang-2100.3.34.2)"," -O3 -DNDEBUG",8,100000,flecs,owned_delete,,1,10,6,16.938000
aalair,"Apple M3",8,"Darwin 27.0.0 arm64","Apple LLVM 21.0.0 (clang-2100.3.34.2)"," -O3 -DNDEBUG",8,100000,flecs,owned_delete,,1,10,7,17.241000
aalair,"Apple M3",8,"Darwin 27.0.0 arm64","Apple LLVM 21.0.0 (clang-2100.3.34.2)"," -O3 -DNDEBUG",8,100000,flecs,owned_delete,,1,10,8,17.005000
aalair,"Apple M3",8,"Darwin 27.0.0 arm64","Apple LLVM 21.0.0 (clang-2100.3.34.2)"," -O3 -DNDEBUG",8,100000,flecs,owned_delete,,1,10,9,16.627000
aalair,"Apple M3",8,"Darwin 27.0.0 arm64","Apple LLVM 21.0.0 (clang-2100.3.34.2)"," -O3 -DNDEBUG",8,100000,flecs,owned_delete,,1,10,10,17.028000
aalair,"Apple M3",8,"Darwin 27.0.0 arm64","Apple LLVM 21.0.0 (clang-2100.3.34.2)"," -O3 -DNDEBUG",8,100000,flecs,owned_delete,,1,500,1,391.835000
aalair,"Apple M3",8,"Darwin 27.0.0 arm64","Apple LLVM 21.0.0 (clang-2100.3.34.2)"," -O3 -DNDEBUG",8,100000,flecs,owned_delete,,1,500,2,393.893000
aalair,"Apple M3",8,"Darwin 27.0.0 arm64","Apple LLVM 21.0.0 (clang-2100.3.34.2)"," -O3 -DNDEBUG",8,100000,flecs,owned_delete,,1,500,3,394.966000
aalair,"Apple M3",8,"Darwin 27.0.0 arm64","Apple LLVM 21.0.0 (clang-2100.3.34.2)"," -O3 -DNDEBUG",8,100000,flecs,owned_delete,,1,500,4,386.018000
aalair,"Apple M3",8,"Darwin 27.0.0 arm64","Apple LLVM 21.0.0 (clang-2100.3.34.2)"," -O3 -DNDEBUG",8,100000,flecs,owned_delete,,1,500,5,382.554000
aalair,"Apple M3",8,"Darwin 27.0.0 arm64","Apple LLVM 21.0.0 (clang-2100.3.34.2)"," -O3 -DNDEBUG",8,100000,flecs,owned_delete,,1,500,6,382.428000
aalair,"Apple M3",8,"Darwin 27.0.0 arm64","Apple LLVM 21.0.0 (clang-2100.3.34.2)"," -O3 -DNDEBUG",8,100000,flecs,owned_delete,,1,500,7,382.832000
aalair,"Apple M3",8,"Darwin 27.0.0 arm64","Apple LLVM 21.0.0 (clang-2100.3.34.2)"," -O3 -DNDEBUG",8,100000,flecs,owned_delete,,1,500,8,382.700000
aalair,"Apple M3",8,"Darwin 27.0.0 arm64","Apple LLVM 21.0.0 (clang-2100.3.34.2)"," -O3 -DNDEBUG",8,100000,flecs,owned_delete,,1,500,9,382.459000
aalair,"Apple M3",8,"Darwin 27.0.0 arm64","Apple LLVM 21.0.0 (clang-2100.3.34.2)"," -O3 -DNDEBUG",8,100000,flecs,owned_delete,,1,500,10,382.342000
aalair,"Apple M3",8,"Darwin 27.0.0 arm64","Apple LLVM 21.0.0 (clang-2100.3.34.2)"," -O3 -DNDEBUG",8,100000,flecs,owned_delete,,2,0,1,14.343000
aalair,"Apple M3",8,"Darwin 27.0.0 arm64","Apple LLVM 21.0.0 (clang-2100.3.34.2)"," -O3 -DNDEBUG",8,100000,flecs,owned_delete,,2,0,2,12.909000
aalair,"Apple M3",8,"Darwin 27.0.0 arm64","Apple LLVM 21.0.0 (clang-2100.3.34.2)"," -O3 -DNDEBUG",8,100000,flecs,owned_delete,,2,0,3,12.857000
aalair,"Apple M3",8,"Darwin 27.0.0 arm64","Apple LLVM 21.0.0 (clang-2100.3.34.2)"," -O3 -DNDEBUG",8,100000,flecs,owned_delete,,2,0,4,12.506000
aalair,"Apple M3",8,"Darwin 27.0.0 arm64","Apple LLVM 21.0.0 (clang-2100.3.34.2)"," -O3 -DNDEBUG",8,100000,flecs,owned_delete,,2,0,5,12.340000
aalair,"Apple M3",8,"Darwin 27.0.0 arm64","Apple LLVM 21.0.0 (clang-2100.3.34.2)"," -O3 -DNDEBUG",8,100000,flecs,owned_delete,,2,0,6,12.376000
aalair,"Apple M3",8,"Darwin 27.0.0 arm64","Apple LLVM 21.0.0 (clang-2100.3.34.2)"," -O3 -DNDEBUG",8,100000,flecs,owned_delete,,2,0,7,12.209000
aalair,"Apple M3",8,"Darwin 27.0.0 arm64","Apple LLVM 21.0.0 (clang-2100.3.34.2)"," -O3 -DNDEBUG",8,100000,flecs,owned_delete,,2,0,8,12.453000
aalair,"Apple M3",8,"Darwin 27.0.0 arm64","Apple LLVM 21.0.0 (clang-2100.3.34.2)"," -O3 -DNDEBUG",8,100000,flecs,owned_delete,,2,0,9,12.377000
aalair,"Apple M3",8,"Darwin 27.0.0 arm64","Apple LLVM 21.0.0 (clang-2100.3.34.2)"," -O3 -DNDEBUG",8,100000,flecs,owned_delete,,2,0,10,12.337000
aalair,"Apple M3",8,"Darwin 27.0.0 arm64","Apple LLVM 21.0.0 (clang-2100.3.34.2)"," -O3 -DNDEBUG",8,100000,flecs,owned_delete,,2,0,11,12.317000
aalair,"Apple M3",8,"Darwin 27.0.0 arm64","Apple LLVM 21.0.0 (clang-2100.3.34.2)"," -O3 -DNDEBUG",8,100000,flecs,owned_delete,,2,10,1,13.021000
aalair,"Apple M3",8,"Darwin 27.0.0 arm64","Apple LLVM 21.0.0 (clang-2100.3.34.2)"," -O3 -DNDEBUG",8,100000,flecs,owned_delete,,2,10,2,12.913000
aalair,"Apple M3",8,"Darwin 27.0.0 arm64","Apple LLVM 21.0.0 (clang-2100.3.34.2)"," -O3 -DNDEBUG",8,100000,flecs,owned_delete,,2,10,3,13.061000
aalair,"Apple M3",8,"Darwin 27.0.0 arm64","Apple LLVM 21.0.0 (clang-2100.3.34.2)"," -O3 -DNDEBUG",8,100000,flecs,owned_delete,,2,10,4,13.067000
aalair,"Apple M3",8,"Darwin 27.0.0 arm64","Apple LLVM 21.0.0 (clang-2100.3.34.2)"," -O3 -DNDEBUG",8,100000,flecs,owned_delete,,2,10,5,12.891000
aalair,"Apple M3",8,"Darwin 27.0.0 arm64","Apple LLVM 21.0.0 (clang-2100.3.34.2)"," -O3 -DNDEBUG",8,100000,flecs,owned_delete,,2,10,6,13.092000
aalair,"Apple M3",8,"Darwin 27.0.0 arm64","Apple LLVM 21.0.0 (clang-2100.3.34.2)"," -O3 -DNDEBUG",8,100000,flecs,owned_delete,,2,10,7,12.937000
aalair,"Apple M3",8,"Darwin 27.0.0 arm64","Apple LLVM 21.0.0 (clang-2100.3.34.2)"," -O3 -DNDEBUG",8,100000,flecs,owned_delete,,2,10,8,13.025000
aalair,"Apple M3",8,"Darwin 27.0.0 arm64","Apple LLVM 21.0.0 (clang-2100.3.34.2)"," -O3 -DNDEBUG",8,100000,flecs,owned_delete,,2,10,9,12.955000
aalair,"Apple M3",8,"Darwin 27.0.0 arm64","Apple LLVM 21.0.0 (clang-2100.3.34.2)"," -O3 -DNDEBUG",8,100000,flecs,owned_delete,,2,10,10,12.905000
aalair,"Apple M3",8,"Darwin 27.0.0 arm64","Apple LLVM 21.0.0 (clang-2100.3.34.2)"," -O3 -DNDEBUG",8,100000,flecs,owned_delete,,2,500,1,198.291000
aalair,"Apple M3",8,"Darwin 27.0.0 arm64","Apple LLVM 21.0.0 (clang-2100.3.34.2)"," -O3 -DNDEBUG",8,100000,flecs,owned_delete,,2,500,2,198.274000
aalair,"Apple M3",8,"Darwin 27.0.0 arm64","Apple LLVM 21.0.0 (clang-2100.3.34.2)"," -O3 -DNDEBUG",8,100000,flecs,owned_delete,,2,500,3,199.146000
aalair,"Apple M3",8,"Darwin 27.0.0 arm64","Apple LLVM 21.0.0 (clang-2100.3.34.2)"," -O3 -DNDEBUG",8,100000,flecs,owned_delete,,2,500,4,198.853000
aalair,"Apple M3",8,"Darwin 27.0.0 arm64","Apple LLVM 21.0.0 (clang-2100.3.34.2)"," -O3 -DNDEBUG",8,100000,flecs,owned_delete,,2,500,5,198.430000
aalair,"Apple M3",8,"Darwin 27.0.0 arm64","Apple LLVM 21.0.0 (clang-2100.3.34.2)"," -O3 -DNDEBUG",8,100000,flecs,owned_delete,,2,500,6,198.611000
aalair,"Apple M3",8,"Darwin 27.0.0 arm64","Apple LLVM 21.0.0 (clang-2100.3.34.2)"," -O3 -DNDEBUG",8,100000,flecs,owned_delete,,2,500,7,198.352000
aalair,"Apple M3",8,"Darwin 27.0.0 arm64","Apple LLVM 21.0.0 (clang-2100.3.34.2)"," -O3 -DNDEBUG",8,100000,flecs,owned_delete,,2,500,8,198.336000
aalair,"Apple M3",8,"Darwin 27.0.0 arm64","Apple LLVM 21.0.0 (clang-2100.3.34.2)"," -O3 -DNDEBUG",8,100000,flecs,owned_delete,,2,500,9,198.294000
aalair,"Apple M3",8,"Darwin 27.0.0 arm64","Apple LLVM 21.0.0 (clang-2100.3.34.2)"," -O3 -DNDEBUG",8,100000,flecs,owned_delete,,2,500,10,199.039000
aalair,"Apple M3",8,"Darwin 27.0.0 arm64","Apple LLVM 21.0.0 (clang-2100.3.34.2)"," -O3 -DNDEBUG",8,100000,flecs,owned_delete,,4,0,1,11.666000
aalair,"Apple M3",8,"Darwin 27.0.0 arm64","Apple LLVM 21.0.0 (clang-2100.3.34.2)"," -O3 -DNDEBUG",8,100000,flecs,owned_delete,,4,0,2,11.433000
aalair,"Apple M3",8,"Darwin 27.0.0 arm64","Apple LLVM 21.0.0 (clang-2100.3.34.2)"," -O3 -DNDEBUG",8,100000,flecs,owned_delete,,4,0,3,11.290000
aalair,"Apple M3",8,"Darwin 27.0.0 arm64","Apple LLVM 21.0.0 (clang-2100.3.34.2)"," -O3 -DNDEBUG",8,100000,flecs,owned_delete,,4,0,4,11.298000
aalair,"Apple M3",8,"Darwin 27.0.0 arm64","Apple LLVM 21.0.0 (clang-2100.3.34.2)"," -O3 -DNDEBUG",8,100000,flecs,owned_delete,,4,0,5,11.441000
aalair,"Apple M3",8,"Darwin 27.0.0 arm64","Apple LLVM 21.0.0 (clang-2100.3.34.2)"," -O3 -DNDEBUG",8,100000,flecs,owned_delete,,4,0,6,11.440000
aalair,"Apple M3",8,"Darwin 27.0.0 arm64","Apple LLVM 21.0.0 (clang-2100.3.34.2)"," -O3 -DNDEBUG",8,100000,flecs,owned_delete,,4,0,7,11.475000
aalair,"Apple M3",8,"Darwin 27.0.0 arm64","Apple LLVM 21.0.0 (clang-2100.3.34.2)"," -O3 -DNDEBUG",8,100000,flecs,owned_delete,,4,0,8,11.410000
aalair,"Apple M3",8,"Darwin 27.0.0 arm64","Apple LLVM 21.0.0 (clang-2100.3.34.2)"," -O3 -DNDEBUG",8,100000,flecs,owned_delete,,4,0,9,11.206000
aalair,"Apple M3",8,"Darwin 27.0.0 arm64","Apple LLVM 21.0.0 (clang-2100.3.34.2)"," -O3 -DNDEBUG",8,100000,flecs,owned_delete,,4,0,10,11.495000
aalair,"Apple M3",8,"Darwin 27.0.0 arm64","Apple LLVM 21.0.0 (clang-2100.3.34.2)"," -O3 -DNDEBUG",8,100000,flecs,owned_delete,,4,10,1,11.493000
aalair,"Apple M3",8,"Darwin 27.0.0 arm64","Apple LLVM 21.0.0 (clang-2100.3.34.2)"," -O3 -DNDEBUG",8,100000,flecs,owned_delete,,4,10,2,11.614000
aalair,"Apple M3",8,"Darwin 27.0.0 arm64","Apple LLVM 21.0.0 (clang-2100.3.34.2)"," -O3 -DNDEBUG",8,100000,flecs,owned_delete,,4,10,3,11.483000
aalair,"Apple M3",8,"Darwin 27.0.0 arm64","Apple LLVM 21.0.0 (clang-2100.3.34.2)"," -O3 -DNDEBUG",8,100000,flecs,owned_delete,,4,10,4,11.454000
aalair,"Apple M3",8,"Darwin 27.0.0 arm64","Apple LLVM 21.0.0 (clang-2100.3.34.2)"," -O3 -DNDEBUG",8,100000,flecs,owned_delete,,4,10,5,11.602000
aalair,"Apple M3",8,"Darwin 27.0.0 arm64","Apple LLVM 21.0.0 (clang-2100.3.34.2)"," -O3 -DNDEBUG",8,100000,flecs,owned_delete,,4,10,6,11.525000
aalair,"Apple M3",8,"Darwin 27.0.0 arm64","Apple LLVM 21.0.0 (clang-2100.3.34.2)"," -O3 -DNDEBUG",8,100000,flecs,owned_delete,,4,10,7,11.527000
aalair,"Apple M3",8,"Darwin 27.0.0 arm64","Apple LLVM 21.0.0 (clang-2100.3.34.2)"," -O3 -DNDEBUG",8,100000,flecs,owned_delete,,4,10,8,11.619000
aalair,"Apple M3",8,"Darwin 27.0.0 arm64","Apple LLVM 21.0.0 (clang-2100.3.34.2)"," -O3 -DNDEBUG",8,100000,flecs,owned_delete,,4,10,9,11.479000
aalair,"Apple M3",8,"Darwin 27.0.0 arm64","Apple LLVM 21.0.0 (clang-2100.3.34.2)"," -O3 -DNDEBUG",8,100000,flecs,owned_delete,,4,10,10,11.545000
aalair,"Apple M3",8,"Darwin 27.0.0 arm64","Apple LLVM 21.0.0 (clang-2100.3.34.2)"," -O3 -DNDEBUG",8,100000,flecs,owned_delete,,4,500,1,105.683000
aalair,"Apple M3",8,"Darwin 27.0.0 arm64","Apple LLVM 21.0.0 (clang-2100.3.34.2)"," -O3 -DNDEBUG",8,100000,flecs,owned_delete,,4,500,2,105.845000
aalair,"Apple M3",8,"Darwin 27.0.0 arm64","Apple LLVM 21.0.0 (clang-2100.3.34.2)"," -O3 -DNDEBUG",8,100000,flecs,owned_delete,,4,500,3,105.667000
aalair,"Apple M3",8,"Darwin 27.0.0 arm64","Apple LLVM 21.0.0 (clang-2100.3.34.2)"," -O3 -DNDEBUG",8,100000,flecs,owned_delete,,4,500,4,105.773000
aalair,"Apple M3",8,"Darwin 27.0.0 arm64","Apple LLVM 21.0.0 (clang-2100.3.34.2)"," -O3 -DNDEBUG",8,100000,flecs,owned_delete,,4,500,5,107.432000
aalair,"Apple M3",8,"Darwin 27.0.0 arm64","Apple LLVM 21.0.0 (clang-2100.3.34.2)"," -O3 -DNDEBUG",8,100000,flecs,owned_delete,,4,500,6,108.009000
aalair,"Apple M3",8,"Darwin 27.0.0 arm64","Apple LLVM 21.0.0 (clang-2100.3.34.2)"," -O3 -DNDEBUG",8,100000,flecs,owned_delete,,4,500,7,110.407000
aalair,"Apple M3",8,"Darwin 27.0.0 arm64","Apple LLVM 21.0.0 (clang-2100.3.34.2)"," -O3 -DNDEBUG",8,100000,flecs,owned_delete,,4,500,8,119.996000
aalair,"Apple M3",8,"Darwin 27.0.0 arm64","Apple LLVM 21.0.0 (clang-2100.3.34.2)"," -O3 -DNDEBUG",8,100000,flecs,owned_delete,,4,500,9,114.998000
aalair,"Apple M3",8,"Darwin 27.0.0 arm64","Apple LLVM 21.0.0 (clang-2100.3.34.2)"," -O3 -DNDEBUG",8,100000,flecs,owned_delete,,4,500,10,106.989000
aalair,"Apple M3",8,"Darwin 27.0.0 arm64","Apple LLVM 21.0.0 (clang-2100.3.34.2)"," -O3 -DNDEBUG",8,100000,flecs,owned_delete,,4,500,11,106.855000
aalair,"Apple M3",8,"Darwin 27.0.0 arm64","Apple LLVM 21.0.0 (clang-2100.3.34.2)"," -O3 -DNDEBUG",8,100000,flecs,owned_delete,,4,500,12,109.223000
aalair,"Apple M3",8,"Darwin 27.0.0 arm64","Apple LLVM 21.0.0 (clang-2100.3.34.2)"," -O3 -DNDEBUG",8,100000,flecs,owned_delete,,4,500,13,107.576000
aalair,"Apple M3",8,"Darwin 27.0.0 arm64","Apple LLVM 21.0.0 (clang-2100.3.34.2)"," -O3 -DNDEBUG",8,100000,flecs,owned_delete,,4,500,14,107.918000
aalair,"Apple M3",8,"Darwin 27.0.0 arm64","Apple LLVM 21.0.0 (clang-2100.3.34.2)"," -O3 -DNDEBUG",8,100000,flecs,owned_delete,,8,0,1,11.182000
aalair,"Apple M3",8,"Darwin 27.0.0 arm64","Apple LLVM 21.0.0 (clang-2100.3.34.2)"," -O3 -DNDEBUG",8,100000,flecs,owned_delete,,8,0,2,11.133000
aalair,"Apple M3",8,"Darwin 27.0.0 arm64","Apple LLVM 21.0.0 (clang-2100.3.34.2)"," -O3 -DNDEBUG",8,100000,flecs,owned_delete,,8,0,3,11.435000
aalair,"Apple M3",8,"Darwin 27.0.0 arm64","Apple LLVM 21.0.0 (clang-2100.3.34.2)"," -O3 -DNDEBUG",8,100000,flecs,owned_delete,,8,0,4,11.420000
aalair,"Apple M3",8,"Darwin 27.0.0 arm64","Apple LLVM 21.0.0 (clang-2100.3.34.2)"," -O3 -DNDEBUG",8,100000,flecs,owned_delete,,8,0,5,11.489000
aalair,"Apple M3",8,"Darwin 27.0.0 arm64","Apple LLVM 21.0.0 (clang-2100.3.34.2)"," -O3 -DNDEBUG",8,100000,flecs,owned_delete,,8,0,6,11.343000
aalair,"Apple M3",8,"Darwin 27.0.0 arm64","Apple LLVM 21.0.0 (clang-2100.3.34.2)"," -O3 -DNDEBUG",8,100000,flecs,owned_delete,,8,0,7,11.293000
aalair,"Apple M3",8,"Darwin 27.0.0 arm64","Apple LLVM 21.0.0 (clang-2100.3.34.2)"," -O3 -DNDEBUG",8,100000,flecs,owned_delete,,8,0,8,11.146000
aalair,"Apple M3",8,"Darwin 27.0.0 arm64","Apple LLVM 21.0.0 (clang-2100.3.34.2)"," -O3 -DNDEBUG",8,100000,flecs,owned_delete,,8,0,9,10.901000
aalair,"Apple M3",8,"Darwin 27.0.0 arm64","Apple LLVM 21.0.0 (clang-2100.3.34.2)"," -O3 -DNDEBUG",8,100000,flecs,owned_delete,,8,0,10,10.993000
aalair,"Apple M3",8,"Darwin 27.0.0 arm64","Apple LLVM 21.0.0 (clang-2100.3.34.2)"," -O3 -DNDEBUG",8,100000,flecs,owned_delete,,8,10,1,11.009000
aalair,"Apple M3",8,"Darwin 27.0.0 arm64","Apple LLVM 21.0.0 (clang-2100.3.34.2)"," -O3 -DNDEBUG",8,100000,flecs,owned_delete,,8,10,2,11.164000
aalair,"Apple M3",8,"Darwin 27.0.0 arm64","Apple LLVM 21.0.0 (clang-2100.3.34.2)"," -O3 -DNDEBUG",8,100000,flecs,owned_delete,,8,10,3,11.149000
aalair,"Apple M3",8,"Darwin 27.0.0 arm64","Apple LLVM 21.0.0 (clang-2100.3.34.2)"," -O3 -DNDEBUG",8,100000,flecs,owned_delete,,8,10,4,10.993000
aalair,"Apple M3",8,"Darwin 27.0.0 arm64","Apple LLVM 21.0.0 (clang-2100.3.34.2)"," -O3 -DNDEBUG",8,100000,flecs,owned_delete,,8,10,5,10.970000
aalair,"Apple M3",8,"Darwin 27.0.0 arm64","Apple LLVM 21.0.0 (clang-2100.3.34.2)"," -O3 -DNDEBUG",8,100000,flecs,owned_delete,,8,10,6,11.030000
aalair,"Apple M3",8,"Darwin 27.0.0 arm64","Apple LLVM 21.0.0 (clang-2100.3.34.2)"," -O3 -DNDEBUG",8,100000,flecs,owned_delete,,8,10,7,11.014000
aalair,"Apple M3",8,"Darwin 27.0.0 arm64","Apple LLVM 21.0.0 (clang-2100.3.34.2)"," -O3 -DNDEBUG",8,100000,flecs,owned_delete,,8,10,8,11.378000
aalair,"Apple M3",8,"Darwin 27.0.0 arm64","Apple LLVM 21.0.0 (clang-2100.3.34.2)"," -O3 -DNDEBUG",8,100000,flecs,owned_delete,,8,10,9,11.285000
aalair,"Apple M3",8,"Darwin 27.0.0 arm64","Apple LLVM 21.0.0 (clang-2100.3.34.2)"," -O3 -DNDEBUG",8,100000,flecs,owned_delete,,8,10,10,11.133000
aalair,"Apple M3",8,"Darwin 27.0.0 arm64","Apple LLVM 21.0.0 (clang-2100.3.34.2)"," -O3 -DNDEBUG",8,100000,flecs,owned_delete,,8,500,1,69.334000
aalair,"Apple M3",8,"Darwin 27.0.0 arm64","Apple LLVM 21.0.0 (clang-2100.3.34.2)"," -O3 -DNDEBUG",8,100000,flecs,owned_delete,,8,500,2,70.394000
aalair,"Apple M3",8,"Darwin 27.0.0 arm64","Apple LLVM 21.0.0 (clang-2100.3.34.2)"," -O3 -DNDEBUG",8,100000,flecs,owned_delete,,8,500,3,68.724000
aalair,"Apple M3",8,"Darwin 27.0.0 arm64","Apple LLVM 21.0.0 (clang-2100.3.34.2)"," -O3 -DNDEBUG",8,100000,flecs,owned_delete,,8,500,4,67.839000
aalair,"Apple M3",8,"Darwin 27.0.0 arm64","Apple LLVM 21.0.0 (clang-2100.3.34.2)"," -O3 -DNDEBUG",8,100000,flecs,owned_delete,,8,500,5,70.155000
aalair,"Apple M3",8,"Darwin 27.0.0 arm64","Apple LLVM 21.0.0 (clang-2100.3.34.2)"," -O3 -DNDEBUG",8,100000,flecs,owned_delete,,8,500,6,70.124000
aalair,"Apple M3",8,"Darwin 27.0.0 arm64","Apple LLVM 21.0.0 (clang-2100.3.34.2)"," -O3 -DNDEBUG",8,100000,flecs,owned_delete,,8,500,7,71.006000
aalair,"Apple M3",8,"Darwin 27.0.0 arm64","Apple LLVM 21.0.0 (clang-2100.3.34.2)"," -O3 -DNDEBUG",8,100000,flecs,owned_delete,,8,500,8,70.028000
aalair,"Apple M3",8,"Darwin 27.0.0 arm64","Apple LLVM 21.0.0 (clang-2100.3.34.2)"," -O3 -DNDEBUG",8,100000,flecs,owned_delete,,8,500,9,68.853000
aalair,"Apple M3",8,"Darwin 27.0.0 arm64","Apple LLVM 21.0.0 (clang-2100.3.34.2)"," -O3 -DNDEBUG",8,100000,flecs,owned_delete,,8,500,10,71.523000
aalair,"Apple M3",8,"Darwin 27.0.0 arm64","Apple LLVM 21.0.0 (clang-2100.3.34.2)"," -O3 -DNDEBUG",8,100000,pito,owned_delete,ecs_remove_owned,1,0,1,17.580000
aalair,"Apple M3",8,"Darwin 27.0.0 arm64","Apple LLVM 21.0.0 (clang-2100.3.34.2)"," -O3 -DNDEBUG",8,100000,pito,owned_delete,ecs_remove_owned,1,0,2,17.376000
aalair,"Apple M3",8,"Darwin 27.0.0 arm64","Apple LLVM 21.0.0 (clang-2100.3.34.2)"," -O3 -DNDEBUG",8,100000,pito,owned_delete,ecs_remove_owned,1,0,3,17.513000
aalair,"Apple M3",8,"Darwin 27.0.0 arm64","Apple LLVM 21.0.0 (clang-2100.3.34.2)"," -O3 -DNDEBUG",8,100000,pito,owned_delete,ecs_remove_owned,1,0,4,17.279000
aalair,"Apple M3",8,"Darwin 27.0.0 arm64","Apple LLVM 21.0.0 (clang-2100.3.34.2)"," -O3 -DNDEBUG",8,100000,pito,owned_delete,ecs_remove_owned,1,0,5,17.756000
aalair,"Apple M3",8,"Darwin 27.0.0 arm64","Apple LLVM 21.0.0 (clang-2100.3.34.2)"," -O3 -DNDEBUG",8,100000,pito,owned_delete,ecs_remove_owned,1,0,6,17.223000
aalair,"Apple M3",8,"Darwin 27.0.0 arm64","Apple LLVM 21.0.0 (clang-2100.3.34.2)"," -O3 -DNDEBUG",8,100000,pito,owned_delete,ecs_remove_owned,1,0,7,17.517000
aalair,"Apple M3",8,"Darwin 27.0.0 arm64","Apple LLVM 21.0.0 (clang-2100.3.34.2)"," -O3 -DNDEBUG",8,100000,pito,owned_delete,ecs_remove_owned,1,0,8,17.448000
aalair,"Apple M3",8,"Darwin 27.0.0 arm64","Apple LLVM 21.0.0 (clang-2100.3.34.2)"," -O3 -DNDEBUG",8,100000,pito,owned_delete,ecs_remove_owned,1,0,9,17.377000
aalair,"Apple M3",8,"Darwin 27.0.0 arm64","Apple LLVM 21.0.0 (clang-2100.3.34.2)"," -O3 -DNDEBUG",8,100000,pito,owned_delete,ecs_remove_owned,1,0,10,17.718000
aalair,"Apple M3",8,"Darwin 27.0.0 arm64","Apple LLVM 21.0.0 (clang-2100.3.34.2)"," -O3 -DNDEBUG",8,100000,pito,owned_delete,ecs_remove_owned,1,10,1,19.763000
aalair,"Apple M3",8,"Darwin 27.0.0 arm64","Apple LLVM 21.0.0 (clang-2100.3.34.2)"," -O3 -DNDEBUG",8,100000,pito,owned_delete,ecs_remove_owned,1,10,2,20.172000
aalair,"Apple M3",8,"Darwin 27.0.0 arm64","Apple LLVM 21.0.0 (clang-2100.3.34.2)"," -O3 -DNDEBUG",8,100000,pito,owned_delete,ecs_remove_owned,1,10,3,20.131000
aalair,"Apple M3",8,"Darwin 27.0.0 arm64","Apple LLVM 21.0.0 (clang-2100.3.34.2)"," -O3 -DNDEBUG",8,100000,pito,owned_delete,ecs_remove_owned,1,10,4,20.152000
aalair,"Apple M3",8,"Darwin 27.0.0 arm64","Apple LLVM 21.0.0 (clang-2100.3.34.2)"," -O3 -DNDEBUG",8,100000,pito,owned_delete,ecs_remove_owned,1,10,5,19.505000
aalair,"Apple M3",8,"Darwin 27.0.0 arm64","Apple LLVM 21.0.0 (clang-2100.3.34.2)"," -O3 -DNDEBUG",8,100000,pito,owned_delete,ecs_remove_owned,1,10,6,20.591000
aalair,"Apple M3",8,"Darwin 27.0.0 arm64","Apple LLVM 21.0.0 (clang-2100.3.34.2)"," -O3 -DNDEBUG",8,100000,pito,owned_delete,ecs_remove_owned,1,10,7,20.463000
aalair,"Apple M3",8,"Darwin 27.0.0 arm64","Apple LLVM 21.0.0 (clang-2100.3.34.2)"," -O3 -DNDEBUG",8,100000,pito,owned_delete,ecs_remove_owned,1,10,8,19.648000
aalair,"Apple M3",8,"Darwin 27.0.0 arm64","Apple LLVM 21.0.0 (clang-2100.3.34.2)"," -O3 -DNDEBUG",8,100000,pito,owned_delete,ecs_remove_owned,1,10,9,19.656000
aalair,"Apple M3",8,"Darwin 27.0.0 arm64","Apple LLVM 21.0.0 (clang-2100.3.34.2)"," -O3 -DNDEBUG",8,100000,pito,owned_delete,ecs_remove_owned,1,10,10,19.690000
aalair,"Apple M3",8,"Darwin 27.0.0 arm64","Apple LLVM 21.0.0 (clang-2100.3.34.2)"," -O3 -DNDEBUG",8,100000,pito,owned_delete,ecs_remove_owned,1,500,1,414.076000
aalair,"Apple M3",8,"Darwin 27.0.0 arm64","Apple LLVM 21.0.0 (clang-2100.3.34.2)"," -O3 -DNDEBUG",8,100000,pito,owned_delete,ecs_remove_owned,1,500,2,414.309000
aalair,"Apple M3",8,"Darwin 27.0.0 arm64","Apple LLVM 21.0.0 (clang-2100.3.34.2)"," -O3 -DNDEBUG",8,100000,pito,owned_delete,ecs_remove_owned,1,500,3,414.130000
aalair,"Apple M3",8,"Darwin 27.0.0 arm64","Apple LLVM 21.0.0 (clang-2100.3.34.2)"," -O3 -DNDEBUG",8,100000,pito,owned_delete,ecs_remove_owned,1,500,4,414.129000
aalair,"Apple M3",8,"Darwin 27.0.0 arm64","Apple LLVM 21.0.0 (clang-2100.3.34.2)"," -O3 -DNDEBUG",8,100000,pito,owned_delete,ecs_remove_owned,1,500,5,414.084000
aalair,"Apple M3",8,"Darwin 27.0.0 arm64","Apple LLVM 21.0.0 (clang-2100.3.34.2)"," -O3 -DNDEBUG",8,100000,pito,owned_delete,ecs_remove_owned,1,500,6,414.845000
aalair,"Apple M3",8,"Darwin 27.0.0 arm64","Apple LLVM 21.0.0 (clang-2100.3.34.2)"," -O3 -DNDEBUG",8,100000,pito,owned_delete,ecs_remove_owned,1,500,7,414.457000
aalair,"Apple M3",8,"Darwin 27.0.0 arm64","Apple LLVM 21.0.0 (clang-2100.3.34.2)"," -O3 -DNDEBUG",8,100000,pito,owned_delete,ecs_remove_owned,1,500,8,414.150000
aalair,"Apple M3",8,"Darwin 27.0.0 arm64","Apple LLVM 21.0.0 (clang-2100.3.34.2)"," -O3 -DNDEBUG",8,100000,pito,owned_delete,ecs_remove_owned,1,500,9,406.314000
aalair,"Apple M3",8,"Darwin 27.0.0 arm64","Apple LLVM 21.0.0 (clang-2100.3.34.2)"," -O3 -DNDEBUG",8,100000,pito,owned_delete,ecs_remove_owned,1,500,10,406.438000
aalair,"Apple M3",8,"Darwin 27.0.0 arm64","Apple LLVM 21.0.0 (clang-2100.3.34.2)"," -O3 -DNDEBUG",8,100000,pito,owned_delete,ecs_remove_owned,2,0,1,25.927000
aalair,"Apple M3",8,"Darwin 27.0.0 arm64","Apple LLVM 21.0.0 (clang-2100.3.34.2)"," -O3 -DNDEBUG",8,100000,pito,owned_delete,ecs_remove_owned,2,0,2,25.899000
aalair,"Apple M3",8,"Darwin 27.0.0 arm64","Apple LLVM 21.0.0 (clang-2100.3.34.2)"," -O3 -DNDEBUG",8,100000,pito,owned_delete,ecs_remove_owned,2,0,3,25.691000
aalair,"Apple M3",8,"Darwin 27.0.0 arm64","Apple LLVM 21.0.0 (clang-2100.3.34.2)"," -O3 -DNDEBUG",8,100000,pito,owned_delete,ecs_remove_owned,2,0,4,26.113000
aalair,"Apple M3",8,"Darwin 27.0.0 arm64","Apple LLVM 21.0.0 (clang-2100.3.34.2)"," -O3 -DNDEBUG",8,100000,pito,owned_delete,ecs_remove_owned,2,0,5,25.779000
aalair,"Apple M3",8,"Darwin 27.0.0 arm64","Apple LLVM 21.0.0 (clang-2100.3.34.2)"," -O3 -DNDEBUG",8,100000,pito,owned_delete,ecs_remove_owned,2,0,6,24.621000
aalair,"Apple M3",8,"Darwin 27.0.0 arm64","Apple LLVM 21.0.0 (clang-2100.3.34.2)"," -O3 -DNDEBUG",8,100000,pito,owned_delete,ecs_remove_owned,2,0,7,26.021000
aalair,"Apple M3",8,"Darwin 27.0.0 arm64","Apple LLVM 21.0.0 (clang-2100.3.34.2)"," -O3 -DNDEBUG",8,100000,pito,owned_delete,ecs_remove_owned,2,0,8,25.612000
aalair,"Apple M3",8,"Darwin 27.0.0 arm64","Apple LLVM 21.0.0 (clang-2100.3.34.2)"," -O3 -DNDEBUG",8,100000,pito,owned_delete,ecs_remove_owned,2,0,9,23.229000
aalair,"Apple M3",8,"Darwin 27.0.0 arm64","Apple LLVM 21.0.0 (clang-2100.3.34.2)"," -O3 -DNDEBUG",8,100000,pito,owned_delete,ecs_remove_owned,2,0,10,22.856000
aalair,"Apple M3",8,"Darwin 27.0.0 arm64","Apple LLVM 21.0.0 (clang-2100.3.34.2)"," -O3 -DNDEBUG",8,100000,pito,owned_delete,ecs_remove_owned,2,0,11,23.186000
aalair,"Apple M3",8,"Darwin 27.0.0 arm64","Apple LLVM 21.0.0 (clang-2100.3.34.2)"," -O3 -DNDEBUG",8,100000,pito,owned_delete,ecs_remove_owned,2,0,12,23.133000
aalair,"Apple M3",8,"Darwin 27.0.0 arm64","Apple LLVM 21.0.0 (clang-2100.3.34.2)"," -O3 -DNDEBUG",8,100000,pito,owned_delete,ecs_remove_owned,2,0,13,23.144000
aalair,"Apple M3",8,"Darwin 27.0.0 arm64","Apple LLVM 21.0.0 (clang-2100.3.34.2)"," -O3 -DNDEBUG",8,100000,pito,owned_delete,ecs_remove_owned,2,0,14,26.381000
aalair,"Apple M3",8,"Darwin 27.0.0 arm64","Apple LLVM 21.0.0 (clang-2100.3.34.2)"," -O3 -DNDEBUG",8,100000,pito,owned_delete,ecs_remove_owned,2,0,15,28.042000
aalair,"Apple M3",8,"Darwin 27.0.0 arm64","Apple LLVM 21.0.0 (clang-2100.3.34.2)"," -O3 -DNDEBUG",8,100000,pito,owned_delete,ecs_remove_owned,2,0,16,23.225000
aalair,"Apple M3",8,"Darwin 27.0.0 arm64","Apple LLVM 21.0.0 (clang-2100.3.34.2)"," -O3 -DNDEBUG",8,100000,pito,owned_delete,ecs_remove_owned,2,0,17,23.073000
aalair,"Apple M3",8,"Darwin 27.0.0 arm64","Apple LLVM 21.0.0 (clang-2100.3.34.2)"," -O3 -DNDEBUG",8,100000,pito,owned_delete,ecs_remove_owned,2,0,18,23.353000
aalair,"Apple M3",8,"Darwin 27.0.0 arm64","Apple LLVM 21.0.0 (clang-2100.3.34.2)"," -O3 -DNDEBUG",8,100000,pito,owned_delete,ecs_remove_owned,2,0,19,22.857000
aalair,"Apple M3",8,"Darwin 27.0.0 arm64","Apple LLVM 21.0.0 (clang-2100.3.34.2)"," -O3 -DNDEBUG",8,100000,pito,owned_delete,ecs_remove_owned,2,0,20,23.101000
aalair,"Apple M3",8,"Darwin 27.0.0 arm64","Apple LLVM 21.0.0 (clang-2100.3.34.2)"," -O3 -DNDEBUG",8,100000,pito,owned_delete,ecs_remove_owned,2,0,21,22.669000
aalair,"Apple M3",8,"Darwin 27.0.0 arm64","Apple LLVM 21.0.0 (clang-2100.3.34.2)"," -O3 -DNDEBUG",8,100000,pito,owned_delete,ecs_remove_owned,2,0,22,23.161000
aalair,"Apple M3",8,"Darwin 27.0.0 arm64","Apple LLVM 21.0.0 (clang-2100.3.34.2)"," -O3 -DNDEBUG",8,100000,pito,owned_delete,ecs_remove_owned,2,0,23,23.082000
aalair,"Apple M3",8,"Darwin 27.0.0 arm64","Apple LLVM 21.0.0 (clang-2100.3.34.2)"," -O3 -DNDEBUG",8,100000,pito,owned_delete,ecs_remove_owned,2,0,24,23.112000
aalair,"Apple M3",8,"Darwin 27.0.0 arm64","Apple LLVM 21.0.0 (clang-2100.3.34.2)"," -O3 -DNDEBUG",8,100000,pito,owned_delete,ecs_remove_owned,2,0,25,23.136000
aalair,"Apple M3",8,"Darwin 27.0.0 arm64","Apple LLVM 21.0.0 (clang-2100.3.34.2)"," -O3 -DNDEBUG",8,100000,pito,owned_delete,ecs_remove_owned,2,0,26,23.072000
aalair,"Apple M3",8,"Darwin 27.0.0 arm64","Apple LLVM 21.0.0 (clang-2100.3.34.2)"," -O3 -DNDEBUG",8,100000,pito,owned_delete,ecs_remove_owned,2,0,27,23.227000
aalair,"Apple M3",8,"Darwin 27.0.0 arm64","Apple LLVM 21.0.0 (clang-2100.3.34.2)"," -O3 -DNDEBUG",8,100000,pito,owned_delete,ecs_remove_owned,2,0,28,23.206000
aalair,"Apple M3",8,"Darwin 27.0.0 arm64","Apple LLVM 21.0.0 (clang-2100.3.34.2)"," -O3 -DNDEBUG",8,100000,pito,owned_delete,ecs_remove_owned,2,0,29,23.469000
aalair,"Apple M3",8,"Darwin 27.0.0 arm64","Apple LLVM 21.0.0 (clang-2100.3.34.2)"," -O3 -DNDEBUG",8,100000,pito,owned_delete,ecs_remove_owned,2,0,30,23.516000
aalair,"Apple M3",8,"Darwin 27.0.0 arm64","Apple LLVM 21.0.0 (clang-2100.3.34.2)"," -O3 -DNDEBUG",8,100000,pito,owned_delete,ecs_remove_owned,2,0,31,23.098000
aalair,"Apple M3",8,"Darwin 27.0.0 arm64","Apple LLVM 21.0.0 (clang-2100.3.34.2)"," -O3 -DNDEBUG",8,100000,pito,owned_delete,ecs_remove_owned,2,0,32,23.327000
aalair,"Apple M3",8,"Darwin 27.0.0 arm64","Apple LLVM 21.0.0 (clang-2100.3.34.2)"," -O3 -DNDEBUG",8,100000,pito,owned_delete,ecs_remove_owned,2,0,33,23.268000
aalair,"Apple M3",8,"Darwin 27.0.0 arm64","Apple LLVM 21.0.0 (clang-2100.3.34.2)"," -O3 -DNDEBUG",8,100000,pito,owned_delete,ecs_remove_owned,2,0,34,23.294000
aalair,"Apple M3",8,"Darwin 27.0.0 arm64","Apple LLVM 21.0.0 (clang-2100.3.34.2)"," -O3 -DNDEBUG",8,100000,pito,owned_delete,ecs_remove_owned,2,10,1,26.930000
aalair,"Apple M3",8,"Darwin 27.0.0 arm64","Apple LLVM 21.0.0 (clang-2100.3.34.2)"," -O3 -DNDEBUG",8,100000,pito,owned_delete,ecs_remove_owned,2,10,2,26.327000
aalair,"Apple M3",8,"Darwin 27.0.0 arm64","Apple LLVM 21.0.0 (clang-2100.3.34.2)"," -O3 -DNDEBUG",8,100000,pito,owned_delete,ecs_remove_owned,2,10,3,25.811000
aalair,"Apple M3",8,"Darwin 27.0.0 arm64","Apple LLVM 21.0.0 (clang-2100.3.34.2)"," -O3 -DNDEBUG",8,100000,pito,owned_delete,ecs_remove_owned,2,10,4,25.910000
aalair,"Apple M3",8,"Darwin 27.0.0 arm64","Apple LLVM 21.0.0 (clang-2100.3.34.2)"," -O3 -DNDEBUG",8,100000,pito,owned_delete,ecs_remove_owned,2,10,5,25.872000
aalair,"Apple M3",8,"Darwin 27.0.0 arm64","Apple LLVM 21.0.0 (clang-2100.3.34.2)"," -O3 -DNDEBUG",8,100000,pito,owned_delete,ecs_remove_owned,2,10,6,25.917000
aalair,"Apple M3",8,"Darwin 27.0.0 arm64","Apple LLVM 21.0.0 (clang-2100.3.34.2)"," -O3 -DNDEBUG",8,100000,pito,owned_delete,ecs_remove_owned,2,10,7,31.419000
aalair,"Apple M3",8,"Darwin 27.0.0 arm64","Apple LLVM 21.0.0 (clang-2100.3.34.2)"," -O3 -DNDEBUG",8,100000,pito,owned_delete,ecs_remove_owned,2,10,8,26.444000
aalair,"Apple M3",8,"Darwin 27.0.0 arm64","Apple LLVM 21.0.0 (clang-2100.3.34.2)"," -O3 -DNDEBUG",8,100000,pito,owned_delete,ecs_remove_owned,2,10,9,25.237000
aalair,"Apple M3",8,"Darwin 27.0.0 arm64","Apple LLVM 21.0.0 (clang-2100.3.34.2)"," -O3 -DNDEBUG",8,100000,pito,owned_delete,ecs_remove_owned,2,10,10,25.794000
aalair,"Apple M3",8,"Darwin 27.0.0 arm64","Apple LLVM 21.0.0 (clang-2100.3.34.2)"," -O3 -DNDEBUG",8,100000,pito,owned_delete,ecs_remove_owned,2,10,11,25.384000
aalair,"Apple M3",8,"Darwin 27.0.0 arm64","Apple LLVM 21.0.0 (clang-2100.3.34.2)"," -O3 -DNDEBUG",8,100000,pito,owned_delete,ecs_remove_owned,2,500,1,213.962000
aalair,"Apple M3",8,"Darwin 27.0.0 arm64","Apple LLVM 21.0.0 (clang-2100.3.34.2)"," -O3 -DNDEBUG",8,100000,pito,owned_delete,ecs_remove_owned,2,500,2,213.754000
aalair,"Apple M3",8,"Darwin 27.0.0 arm64","Apple LLVM 21.0.0 (clang-2100.3.34.2)"," -O3 -DNDEBUG",8,100000,pito,owned_delete,ecs_remove_owned,2,500,3,214.129000
aalair,"Apple M3",8,"Darwin 27.0.0 arm64","Apple LLVM 21.0.0 (clang-2100.3.34.2)"," -O3 -DNDEBUG",8,100000,pito,owned_delete,ecs_remove_owned,2,500,4,213.975000
aalair,"Apple M3",8,"Darwin 27.0.0 arm64","Apple LLVM 21.0.0 (clang-2100.3.34.2)"," -O3 -DNDEBUG",8,100000,pito,owned_delete,ecs_remove_owned,2,500,5,214.263000
aalair,"Apple M3",8,"Darwin 27.0.0 arm64","Apple LLVM 21.0.0 (clang-2100.3.34.2)"," -O3 -DNDEBUG",8,100000,pito,owned_delete,ecs_remove_owned,2,500,6,213.602000
aalair,"Apple M3",8,"Darwin 27.0.0 arm64","Apple LLVM 21.0.0 (clang-2100.3.34.2)"," -O3 -DNDEBUG",8,100000,pito,owned_delete,ecs_remove_owned,2,500,7,214.227000
aalair,"Apple M3",8,"Darwin 27.0.0 arm64","Apple LLVM 21.0.0 (clang-2100.3.34.2)"," -O3 -DNDEBUG",8,100000,pito,owned_delete,ecs_remove_owned,2,500,8,213.739000
aalair,"Apple M3",8,"Darwin 27.0.0 arm64","Apple LLVM 21.0.0 (clang-2100.3.34.2)"," -O3 -DNDEBUG",8,100000,pito,owned_delete,ecs_remove_owned,2,500,9,213.872000
aalair,"Apple M3",8,"Darwin 27.0.0 arm64","Apple LLVM 21.0.0 (clang-2100.3.34.2)"," -O3 -DNDEBUG",8,100000,pito,owned_delete,ecs_remove_owned,2,500,10,213.944000
aalair,"Apple M3",8,"Darwin 27.0.0 arm64","Apple LLVM 21.0.0 (clang-2100.3.34.2)"," -O3 -DNDEBUG",8,100000,pito,owned_delete,ecs_remove_owned,4,0,1,43.655000
aalair,"Apple M3",8,"Darwin 27.0.0 arm64","Apple LLVM 21.0.0 (clang-2100.3.34.2)"," -O3 -DNDEBUG",8,100000,pito,owned_delete,ecs_remove_owned,4,0,2,43.106000
aalair,"Apple M3",8,"Darwin 27.0.0 arm64","Apple LLVM 21.0.0 (clang-2100.3.34.2)"," -O3 -DNDEBUG",8,100000,pito,owned_delete,ecs_remove_owned,4,0,3,44.361000
aalair,"Apple M3",8,"Darwin 27.0.0 arm64","Apple LLVM 21.0.0 (clang-2100.3.34.2)"," -O3 -DNDEBUG",8,100000,pito,owned_delete,ecs_remove_owned,4,0,4,43.913000
aalair,"Apple M3",8,"Darwin 27.0.0 arm64","Apple LLVM 21.0.0 (clang-2100.3.34.2)"," -O3 -DNDEBUG",8,100000,pito,owned_delete,ecs_remove_owned,4,0,5,43.599000
aalair,"Apple M3",8,"Darwin 27.0.0 arm64","Apple LLVM 21.0.0 (clang-2100.3.34.2)"," -O3 -DNDEBUG",8,100000,pito,owned_delete,ecs_remove_owned,4,0,6,45.116000
aalair,"Apple M3",8,"Darwin 27.0.0 arm64","Apple LLVM 21.0.0 (clang-2100.3.34.2)"," -O3 -DNDEBUG",8,100000,pito,owned_delete,ecs_remove_owned,4,0,7,43.828000
aalair,"Apple M3",8,"Darwin 27.0.0 arm64","Apple LLVM 21.0.0 (clang-2100.3.34.2)"," -O3 -DNDEBUG",8,100000,pito,owned_delete,ecs_remove_owned,4,0,8,42.758000
aalair,"Apple M3",8,"Darwin 27.0.0 arm64","Apple LLVM 21.0.0 (clang-2100.3.34.2)"," -O3 -DNDEBUG",8,100000,pito,owned_delete,ecs_remove_owned,4,0,9,43.106000
aalair,"Apple M3",8,"Darwin 27.0.0 arm64","Apple LLVM 21.0.0 (clang-2100.3.34.2)"," -O3 -DNDEBUG",8,100000,pito,owned_delete,ecs_remove_owned,4,0,10,43.543000
aalair,"Apple M3",8,"Darwin 27.0.0 arm64","Apple LLVM 21.0.0 (clang-2100.3.34.2)"," -O3 -DNDEBUG",8,100000,pito,owned_delete,ecs_remove_owned,4,10,1,49.821000
aalair,"Apple M3",8,"Darwin 27.0.0 arm64","Apple LLVM 21.0.0 (clang-2100.3.34.2)"," -O3 -DNDEBUG",8,100000,pito,owned_delete,ecs_remove_owned,4,10,2,50.290000
aalair,"Apple M3",8,"Darwin 27.0.0 arm64","Apple LLVM 21.0.0 (clang-2100.3.34.2)"," -O3 -DNDEBUG",8,100000,pito,owned_delete,ecs_remove_owned,4,10,3,49.941000
aalair,"Apple M3",8,"Darwin 27.0.0 arm64","Apple LLVM 21.0.0 (clang-2100.3.34.2)"," -O3 -DNDEBUG",8,100000,pito,owned_delete,ecs_remove_owned,4,10,4,49.446000
aalair,"Apple M3",8,"Darwin 27.0.0 arm64","Apple LLVM 21.0.0 (clang-2100.3.34.2)"," -O3 -DNDEBUG",8,100000,pito,owned_delete,ecs_remove_owned,4,10,5,49.645000
aalair,"Apple M3",8,"Darwin 27.0.0 arm64","Apple LLVM 21.0.0 (clang-2100.3.34.2)"," -O3 -DNDEBUG",8,100000,pito,owned_delete,ecs_remove_owned,4,10,6,50.100000
aalair,"Apple M3",8,"Darwin 27.0.0 arm64","Apple LLVM 21.0.0 (clang-2100.3.34.2)"," -O3 -DNDEBUG",8,100000,pito,owned_delete,ecs_remove_owned,4,10,7,49.605000
aalair,"Apple M3",8,"Darwin 27.0.0 arm64","Apple LLVM 21.0.0 (clang-2100.3.34.2)"," -O3 -DNDEBUG",8,100000,pito,owned_delete,ecs_remove_owned,4,10,8,49.622000
aalair,"Apple M3",8,"Darwin 27.0.0 arm64","Apple LLVM 21.0.0 (clang-2100.3.34.2)"," -O3 -DNDEBUG",8,100000,pito,owned_delete,ecs_remove_owned,4,10,9,51.397000
aalair,"Apple M3",8,"Darwin 27.0.0 arm64","Apple LLVM 21.0.0 (clang-2100.3.34.2)"," -O3 -DNDEBUG",8,100000,pito,owned_delete,ecs_remove_owned,4,10,10,49.588000
aalair,"Apple M3",8,"Darwin 27.0.0 arm64","Apple LLVM 21.0.0 (clang-2100.3.34.2)"," -O3 -DNDEBUG",8,100000,pito,owned_delete,ecs_remove_owned,4,500,1,111.115000
aalair,"Apple M3",8,"Darwin 27.0.0 arm64","Apple LLVM 21.0.0 (clang-2100.3.34.2)"," -O3 -DNDEBUG",8,100000,pito,owned_delete,ecs_remove_owned,4,500,2,110.579000
aalair,"Apple M3",8,"Darwin 27.0.0 arm64","Apple LLVM 21.0.0 (clang-2100.3.34.2)"," -O3 -DNDEBUG",8,100000,pito,owned_delete,ecs_remove_owned,4,500,3,110.574000
aalair,"Apple M3",8,"Darwin 27.0.0 arm64","Apple LLVM 21.0.0 (clang-2100.3.34.2)"," -O3 -DNDEBUG",8,100000,pito,owned_delete,ecs_remove_owned,4,500,4,110.780000
aalair,"Apple M3",8,"Darwin 27.0.0 arm64","Apple LLVM 21.0.0 (clang-2100.3.34.2)"," -O3 -DNDEBUG",8,100000,pito,owned_delete,ecs_remove_owned,4,500,5,110.531000
aalair,"Apple M3",8,"Darwin 27.0.0 arm64","Apple LLVM 21.0.0 (clang-2100.3.34.2)"," -O3 -DNDEBUG",8,100000,pito,owned_delete,ecs_remove_owned,4,500,6,112.698000
aalair,"Apple M3",8,"Darwin 27.0.0 arm64","Apple LLVM 21.0.0 (clang-2100.3.34.2)"," -O3 -DNDEBUG",8,100000,pito,owned_delete,ecs_remove_owned,4,500,7,110.703000
aalair,"Apple M3",8,"Darwin 27.0.0 arm64","Apple LLVM 21.0.0 (clang-2100.3.34.2)"," -O3 -DNDEBUG",8,100000,pito,owned_delete,ecs_remove_owned,4,500,8,110.647000
aalair,"Apple M3",8,"Darwin 27.0.0 arm64","Apple LLVM 21.0.0 (clang-2100.3.34.2)"," -O3 -DNDEBUG",8,100000,pito,owned_delete,ecs_remove_owned,4,500,9,111.123000
aalair,"Apple M3",8,"Darwin 27.0.0 arm64","Apple LLVM 21.0.0 (clang-2100.3.34.2)"," -O3 -DNDEBUG",8,100000,pito,owned_delete,ecs_remove_owned,4,500,10,111.054000
aalair,"Apple M3",8,"Darwin 27.0.0 arm64","Apple LLVM 21.0.0 (clang-2100.3.34.2)"," -O3 -DNDEBUG",8,100000,pito,owned_delete,ecs_remove_owned,8,0,1,71.021000
aalair,"Apple M3",8,"Darwin 27.0.0 arm64","Apple LLVM 21.0.0 (clang-2100.3.34.2)"," -O3 -DNDEBUG",8,100000,pito,owned_delete,ecs_remove_owned,8,0,2,69.813000
aalair,"Apple M3",8,"Darwin 27.0.0 arm64","Apple LLVM 21.0.0 (clang-2100.3.34.2)"," -O3 -DNDEBUG",8,100000,pito,owned_delete,ecs_remove_owned,8,0,3,70.022000
aalair,"Apple M3",8,"Darwin 27.0.0 arm64","Apple LLVM 21.0.0 (clang-2100.3.34.2)"," -O3 -DNDEBUG",8,100000,pito,owned_delete,ecs_remove_owned,8,0,4,69.475000
aalair,"Apple M3",8,"Darwin 27.0.0 arm64","Apple LLVM 21.0.0 (clang-2100.3.34.2)"," -O3 -DNDEBUG",8,100000,pito,owned_delete,ecs_remove_owned,8,0,5,70.181000
aalair,"Apple M3",8,"Darwin 27.0.0 arm64","Apple LLVM 21.0.0 (clang-2100.3.34.2)"," -O3 -DNDEBUG",8,100000,pito,owned_delete,ecs_remove_owned,8,0,6,70.613000
aalair,"Apple M3",8,"Darwin 27.0.0 arm64","Apple LLVM 21.0.0 (clang-2100.3.34.2)"," -O3 -DNDEBUG",8,100000,pito,owned_delete,ecs_remove_owned,8,0,7,70.605000
aalair,"Apple M3",8,"Darwin 27.0.0 arm64","Apple LLVM 21.0.0 (clang-2100.3.34.2)"," -O3 -DNDEBUG",8,100000,pito,owned_delete,ecs_remove_owned,8,0,8,71.385000
aalair,"Apple M3",8,"Darwin 27.0.0 arm64","Apple LLVM 21.0.0 (clang-2100.3.34.2)"," -O3 -DNDEBUG",8,100000,pito,owned_delete,ecs_remove_owned,8,0,9,69.566000
aalair,"Apple M3",8,"Darwin 27.0.0 arm64","Apple LLVM 21.0.0 (clang-2100.3.34.2)"," -O3 -DNDEBUG",8,100000,pito,owned_delete,ecs_remove_owned,8,0,10,71.503000
aalair,"Apple M3",8,"Darwin 27.0.0 arm64","Apple LLVM 21.0.0 (clang-2100.3.34.2)"," -O3 -DNDEBUG",8,100000,pito,owned_delete,ecs_remove_owned,8,10,1,78.827000
aalair,"Apple M3",8,"Darwin 27.0.0 arm64","Apple LLVM 21.0.0 (clang-2100.3.34.2)"," -O3 -DNDEBUG",8,100000,pito,owned_delete,ecs_remove_owned,8,10,2,79.953000
aalair,"Apple M3",8,"Darwin 27.0.0 arm64","Apple LLVM 21.0.0 (clang-2100.3.34.2)"," -O3 -DNDEBUG",8,100000,pito,owned_delete,ecs_remove_owned,8,10,3,80.186000
aalair,"Apple M3",8,"Darwin 27.0.0 arm64","Apple LLVM 21.0.0 (clang-2100.3.34.2)"," -O3 -DNDEBUG",8,100000,pito,owned_delete,ecs_remove_owned,8,10,4,80.197000
aalair,"Apple M3",8,"Darwin 27.0.0 arm64","Apple LLVM 21.0.0 (clang-2100.3.34.2)"," -O3 -DNDEBUG",8,100000,pito,owned_delete,ecs_remove_owned,8,10,5,79.542000
aalair,"Apple M3",8,"Darwin 27.0.0 arm64","Apple LLVM 21.0.0 (clang-2100.3.34.2)"," -O3 -DNDEBUG",8,100000,pito,owned_delete,ecs_remove_owned,8,10,6,77.618000
aalair,"Apple M3",8,"Darwin 27.0.0 arm64","Apple LLVM 21.0.0 (clang-2100.3.34.2)"," -O3 -DNDEBUG",8,100000,pito,owned_delete,ecs_remove_owned,8,10,7,78.743000
aalair,"Apple M3",8,"Darwin 27.0.0 arm64","Apple LLVM 21.0.0 (clang-2100.3.34.2)"," -O3 -DNDEBUG",8,100000,pito,owned_delete,ecs_remove_owned,8,10,8,78.449000
aalair,"Apple M3",8,"Darwin 27.0.0 arm64","Apple LLVM 21.0.0 (clang-2100.3.34.2)"," -O3 -DNDEBUG",8,100000,pito,owned_delete,ecs_remove_owned,8,10,9,80.411000
aalair,"Apple M3",8,"Darwin 27.0.0 arm64","Apple LLVM 21.0.0 (clang-2100.3.34.2)"," -O3 -DNDEBUG",8,100000,pito,owned_delete,ecs_remove_owned,8,10,10,79.005000
aalair,"Apple M3",8,"Darwin 27.0.0 arm64","Apple LLVM 21.0.0 (clang-2100.3.34.2)"," -O3 -DNDEBUG",8,100000,pito,owned_delete,ecs_remove_owned,8,500,1,199.218000
aalair,"Apple M3",8,"Darwin 27.0.0 arm64","Apple LLVM 21.0.0 (clang-2100.3.34.2)"," -O3 -DNDEBUG",8,100000,pito,owned_delete,ecs_remove_owned,8,500,2,269.686000
aalair,"Apple M3",8,"Darwin 27.0.0 arm64","Apple LLVM 21.0.0 (clang-2100.3.34.2)"," -O3 -DNDEBUG",8,100000,pito,owned_delete,ecs_remove_owned,8,500,3,268.548000
aalair,"Apple M3",8,"Darwin 27.0.0 arm64","Apple LLVM 21.0.0 (clang-2100.3.34.2)"," -O3 -DNDEBUG",8,100000,pito,owned_delete,ecs_remove_owned,8,500,4,270.022000
aalair,"Apple M3",8,"Darwin 27.0.0 arm64","Apple LLVM 21.0.0 (clang-2100.3.34.2)"," -O3 -DNDEBUG",8,100000,pito,owned_delete,ecs_remove_owned,8,500,5,261.386000
aalair,"Apple M3",8,"Darwin 27.0.0 arm64","Apple LLVM 21.0.0 (clang-2100.3.34.2)"," -O3 -DNDEBUG",8,100000,pito,owned_delete,ecs_remove_owned,8,500,6,276.914000
aalair,"Apple M3",8,"Darwin 27.0.0 arm64","Apple LLVM 21.0.0 (clang-2100.3.34.2)"," -O3 -DNDEBUG",8,100000,pito,owned_delete,ecs_remove_owned,8,500,7,250.902000
aalair,"Apple M3",8,"Darwin 27.0.0 arm64","Apple LLVM 21.0.0 (clang-2100.3.34.2)"," -O3 -DNDEBUG",8,100000,pito,owned_delete,ecs_remove_owned,8,500,8,255.118000
aalair,"Apple M3",8,"Darwin 27.0.0 arm64","Apple LLVM 21.0.0 (clang-2100.3.34.2)"," -O3 -DNDEBUG",8,100000,pito,owned_delete,ecs_remove_owned,8,500,9,256.185000
aalair,"Apple M3",8,"Darwin 27.0.0 arm64","Apple LLVM 21.0.0 (clang-2100.3.34.2)"," -O3 -DNDEBUG",8,100000,pito,owned_delete,ecs_remove_owned,8,500,10,265.744000
aalair,"Apple M3",8,"Darwin 27.0.0 arm64","Apple LLVM 21.0.0 (clang-2100.3.34.2)"," -O3 -DNDEBUG",8,100000,pito,owned_delete,ecs_remove_owned,8,500,11,236.312000
aalair,"Apple M3",8,"Darwin 27.0.0 arm64","Apple LLVM 21.0.0 (clang-2100.3.34.2)"," -O3 -DNDEBUG",8,100000,pito,owned_delete,ecs_remove_owned,8,500,12,265.304000
aalair,"Apple M3",8,"Darwin 27.0.0 arm64","Apple LLVM 21.0.0 (clang-2100.3.34.2)"," -O3 -DNDEBUG",8,100000,pito,owned_delete,ecs_remove_owned,8,500,13,252.978000
aalair,"Apple M3",8,"Darwin 27.0.0 arm64","Apple LLVM 21.0.0 (clang-2100.3.34.2)"," -O3 -DNDEBUG",8,100000,pito,owned_delete,ecs_remove_owned,8,500,14,248.991000
aalair,"Apple M3",8,"Darwin 27.0.0 arm64","Apple LLVM 21.0.0 (clang-2100.3.34.2)"," -O3 -DNDEBUG",8,100000,pito,owned_delete,ecs_remove_owned + join,1,0,1,21.098000
aalair,"Apple M3",8,"Darwin 27.0.0 arm64","Apple LLVM 21.0.0 (clang-2100.3.34.2)"," -O3 -DNDEBUG",8,100000,pito,owned_delete,ecs_remove_owned + join,1,0,2,21.026000
aalair,"Apple M3",8,"Darwin 27.0.0 arm64","Apple LLVM 21.0.0 (clang-2100.3.34.2)"," -O3 -DNDEBUG",8,100000,pito,owned_delete,ecs_remove_owned + join,1,0,3,21.040000
aalair,"Apple M3",8,"Darwin 27.0.0 arm64","Apple LLVM 21.0.0 (clang-2100.3.34.2)"," -O3 -DNDEBUG",8,100000,pito,owned_delete,ecs_remove_owned + join,1,0,4,20.956000
aalair,"Apple M3",8,"Darwin 27.0.0 arm64","Apple LLVM 21.0.0 (clang-2100.3.34.2)"," -O3 -DNDEBUG",8,100000,pito,owned_delete,ecs_remove_owned + join,1,0,5,20.910000
aalair,"Apple M3",8,"Darwin 27.0.0 arm64","Apple LLVM 21.0.0 (clang-2100.3.34.2)"," -O3 -DNDEBUG",8,100000,pito,owned_delete,ecs_remove_owned + join,1,0,6,20.906000
aalair,"Apple M3",8,"Darwin 27.0.0 arm64","Apple LLVM 21.0.0 (clang-2100.3.34.2)"," -O3 -DNDEBUG",8,100000,pito,owned_delete,ecs_remove_owned + join,1,0,7,21.008000
aalair,"Apple M3",8,"Darwin 27.0.0 arm64","Apple LLVM 21.0.0 (clang-2100.3.34.2)"," -O3 -DNDEBUG",8,100000,pito,owned_delete,ecs_remove_owned + join,1,0,8,21.241000
aalair,"Apple M3",8,"Darwin 27.0.0 arm64","Apple LLVM 21.0.0 (clang-2100.3.34.2)"," -O3 -DNDEBUG",8,100000,pito,owned_delete,ecs_remove_owned + join,1,0,9,21.139000
aalair,"Apple M3",8,"Darwin 27.0.0 arm64","Apple LLVM 21.0.0 (clang-2100.3.34.2)"," -O3 -DNDEBUG",8,100000,pito,owned_delete,ecs_remove_owned + join,1,0,10,21.169000
aalair,"Apple M3",8,"Darwin 27.0.0 arm64","Apple LLVM 21.0.0 (clang-2100.3.34.2)"," -O3 -DNDEBUG",8,100000,pito,owned_delete,ecs_remove_owned + join,1,10,1,23.745000
aalair,"Apple M3",8,"Darwin 27.0.0 arm64","Apple LLVM 21.0.0 (clang-2100.3.34.2)"," -O3 -DNDEBUG",8,100000,pito,owned_delete,ecs_remove_owned + join,1,10,2,23.588000
aalair,"Apple M3",8,"Darwin 27.0.0 arm64","Apple LLVM 21.0.0 (clang-2100.3.34.2)"," -O3 -DNDEBUG",8,100000,pito,owned_delete,ecs_remove_owned + join,1,10,3,23.525000
aalair,"Apple M3",8,"Darwin 27.0.0 arm64","Apple LLVM 21.0.0 (clang-2100.3.34.2)"," -O3 -DNDEBUG",8,100000,pito,owned_delete,ecs_remove_owned + join,1,10,4,23.426000
aalair,"Apple M3",8,"Darwin 27.0.0 arm64","Apple LLVM 21.0.0 (clang-2100.3.34.2)"," -O3 -DNDEBUG",8,100000,pito,owned_delete,ecs_remove_owned + join,1,10,5,23.424000
aalair,"Apple M3",8,"Darwin 27.0.0 arm64","Apple LLVM 21.0.0 (clang-2100.3.34.2)"," -O3 -DNDEBUG",8,100000,pito,owned_delete,ecs_remove_owned + join,1,10,6,23.565000
aalair,"Apple M3",8,"Darwin 27.0.0 arm64","Apple LLVM 21.0.0 (clang-2100.3.34.2)"," -O3 -DNDEBUG",8,100000,pito,owned_delete,ecs_remove_owned + join,1,10,7,23.449000
aalair,"Apple M3",8,"Darwin 27.0.0 arm64","Apple LLVM 21.0.0 (clang-2100.3.34.2)"," -O3 -DNDEBUG",8,100000,pito,owned_delete,ecs_remove_owned + join,1,10,8,23.413000
aalair,"Apple M3",8,"Darwin 27.0.0 arm64","Apple LLVM 21.0.0 (clang-2100.3.34.2)"," -O3 -DNDEBUG",8,100000,pito,owned_delete,ecs_remove_owned + join,1,10,9,23.437000
aalair,"Apple M3",8,"Darwin 27.0.0 arm64","Apple LLVM 21.0.0 (clang-2100.3.34.2)"," -O3 -DNDEBUG",8,100000,pito,owned_delete,ecs_remove_owned + join,1,10,10,23.413000
aalair,"Apple M3",8,"Darwin 27.0.0 arm64","Apple LLVM 21.0.0 (clang-2100.3.34.2)"," -O3 -DNDEBUG",8,100000,pito,owned_delete,ecs_remove_owned + join,1,500,1,432.153000
aalair,"Apple M3",8,"Darwin 27.0.0 arm64","Apple LLVM 21.0.0 (clang-2100.3.34.2)"," -O3 -DNDEBUG",8,100000,pito,owned_delete,ecs_remove_owned + join,1,500,2,432.781000
aalair,"Apple M3",8,"Darwin 27.0.0 arm64","Apple LLVM 21.0.0 (clang-2100.3.34.2)"," -O3 -DNDEBUG",8,100000,pito,owned_delete,ecs_remove_owned + join,1,500,3,432.521000
aalair,"Apple M3",8,"Darwin 27.0.0 arm64","Apple LLVM 21.0.0 (clang-2100.3.34.2)"," -O3 -DNDEBUG",8,100000,pito,owned_delete,ecs_remove_owned + join,1,500,4,432.598000
aalair,"Apple M3",8,"Darwin 27.0.0 arm64","Apple LLVM 21.0.0 (clang-2100.3.34.2)"," -O3 -DNDEBUG",8,100000,pito,owned_delete,ecs_remove_owned + join,1,500,5,432.699000
aalair,"Apple M3",8,"Darwin 27.0.0 arm64","Apple LLVM 21.0.0 (clang-2100.3.34.2)"," -O3 -DNDEBUG",8,100000,pito,owned_delete,ecs_remove_owned + join,1,500,6,430.331000
aalair,"Apple M3",8,"Darwin 27.0.0 arm64","Apple LLVM 21.0.0 (clang-2100.3.34.2)"," -O3 -DNDEBUG",8,100000,pito,owned_delete,ecs_remove_owned + join,1,500,7,431.676000
aalair,"Apple M3",8,"Darwin 27.0.0 arm64","Apple LLVM 21.0.0 (clang-2100.3.34.2)"," -O3 -DNDEBUG",8,100000,pito,owned_delete,ecs_remove_owned + join,1,500,8,431.937000
aalair,"Apple M3",8,"Darwin 27.0.0 arm64","Apple LLVM 21.0.0 (clang-2100.3.34.2)"," -O3 -DNDEBUG",8,100000,pito,owned_delete,ecs_remove_owned + join,1,500,9,436.635000
aalair,"Apple M3",8,"Darwin 27.0.0 arm64","Apple LLVM 21.0.0 (clang-2100.3.34.2)"," -O3 -DNDEBUG",8,100000,pito,owned_delete,ecs_remove_owned + join,1,500,10,432.743000
aalair,"Apple M3",8,"Darwin 27.0.0 arm64","Apple LLVM 21.0.0 (clang-2100.3.34.2)"," -O3 -DNDEBUG",8,100000,pito,owned_delete,ecs_remove_owned + join,2,0,1,38.439000
aalair,"Apple M3",8,"Darwin 27.0.0 arm64","Apple LLVM 21.0.0 (clang-2100.3.34.2)"," -O3 -DNDEBUG",8,100000,pito,owned_delete,ecs_remove_owned + join,2,0,2,38.123000
aalair,"Apple M3",8,"Darwin 27.0.0 arm64","Apple LLVM 21.0.0 (clang-2100.3.34.2)"," -O3 -DNDEBUG",8,100000,pito,owned_delete,ecs_remove_owned + join,2,0,3,38.312000
aalair,"Apple M3",8,"Darwin 27.0.0 arm64","Apple LLVM 21.0.0 (clang-2100.3.34.2)"," -O3 -DNDEBUG",8,100000,pito,owned_delete,ecs_remove_owned + join,2,0,4,36.136000
aalair,"Apple M3",8,"Darwin 27.0.0 arm64","Apple LLVM 21.0.0 (clang-2100.3.34.2)"," -O3 -DNDEBUG",8,100000,pito,owned_delete,ecs_remove_owned + join,2,0,5,36.584000
aalair,"Apple M3",8,"Darwin 27.0.0 arm64","Apple LLVM 21.0.0 (clang-2100.3.34.2)"," -O3 -DNDEBUG",8,100000,pito,owned_delete,ecs_remove_owned + join,2,0,6,36.481000
aalair,"Apple M3",8,"Darwin 27.0.0 arm64","Apple LLVM 21.0.0 (clang-2100.3.34.2)"," -O3 -DNDEBUG",8,100000,pito,owned_delete,ecs_remove_owned + join,2,0,7,37.225000
aalair,"Apple M3",8,"Darwin 27.0.0 arm64","Apple LLVM 21.0.0 (clang-2100.3.34.2)"," -O3 -DNDEBUG",8,100000,pito,owned_delete,ecs_remove_owned + join,2,0,8,36.794000
aalair,"Apple M3",8,"Darwin 27.0.0 arm64","Apple LLVM 21.0.0 (clang-2100.3.34.2)"," -O3 -DNDEBUG",8,100000,pito,owned_delete,ecs_remove_owned + join,2,0,9,36.419000
aalair,"Apple M3",8,"Darwin 27.0.0 arm64","Apple LLVM 21.0.0 (clang-2100.3.34.2)"," -O3 -DNDEBUG",8,100000,pito,owned_delete,ecs_remove_owned + join,2,0,10,37.201000
aalair,"Apple M3",8,"Darwin 27.0.0 arm64","Apple LLVM 21.0.0 (clang-2100.3.34.2)"," -O3 -DNDEBUG",8,100000,pito,owned_delete,ecs_remove_owned + join,2,10,1,48.539000
aalair,"Apple M3",8,"Darwin 27.0.0 arm64","Apple LLVM 21.0.0 (clang-2100.3.34.2)"," -O3 -DNDEBUG",8,100000,pito,owned_delete,ecs_remove_owned + join,2,10,2,48.544000
aalair,"Apple M3",8,"Darwin 27.0.0 arm64","Apple LLVM 21.0.0 (clang-2100.3.34.2)"," -O3 -DNDEBUG",8,100000,pito,owned_delete,ecs_remove_owned + join,2,10,3,48.758000
aalair,"Apple M3",8,"Darwin 27.0.0 arm64","Apple LLVM 21.0.0 (clang-2100.3.34.2)"," -O3 -DNDEBUG",8,100000,pito,owned_delete,ecs_remove_owned + join,2,10,4,48.540000
aalair,"Apple M3",8,"Darwin 27.0.0 arm64","Apple LLVM 21.0.0 (clang-2100.3.34.2)"," -O3 -DNDEBUG",8,100000,pito,owned_delete,ecs_remove_owned + join,2,10,5,48.530000
aalair,"Apple M3",8,"Darwin 27.0.0 arm64","Apple LLVM 21.0.0 (clang-2100.3.34.2)"," -O3 -DNDEBUG",8,100000,pito,owned_delete,ecs_remove_owned + join,2,10,6,48.632000
aalair,"Apple M3",8,"Darwin 27.0.0 arm64","Apple LLVM 21.0.0 (clang-2100.3.34.2)"," -O3 -DNDEBUG",8,100000,pito,owned_delete,ecs_remove_owned + join,2,10,7,48.629000
aalair,"Apple M3",8,"Darwin 27.0.0 arm64","Apple LLVM 21.0.0 (clang-2100.3.34.2)"," -O3 -DNDEBUG",8,100000,pito,owned_delete,ecs_remove_owned + join,2,10,8,48.523000
aalair,"Apple M3",8,"Darwin 27.0.0 arm64","Apple LLVM 21.0.0 (clang-2100.3.34.2)"," -O3 -DNDEBUG",8,100000,pito,owned_delete,ecs_remove_owned + join,2,10,9,48.527000
aalair,"Apple M3",8,"Darwin 27.0.0 arm64","Apple LLVM 21.0.0 (clang-2100.3.34.2)"," -O3 -DNDEBUG",8,100000,pito,owned_delete,ecs_remove_owned + join,2,10,10,48.458000
aalair,"Apple M3",8,"Darwin 27.0.0 arm64","Apple LLVM 21.0.0 (clang-2100.3.34.2)"," -O3 -DNDEBUG",8,100000,pito,owned_delete,ecs_remove_owned + join,2,500,1,221.571000
aalair,"Apple M3",8,"Darwin 27.0.0 arm64","Apple LLVM 21.0.0 (clang-2100.3.34.2)"," -O3 -DNDEBUG",8,100000,pito,owned_delete,ecs_remove_owned + join,2,500,2,221.617000
aalair,"Apple M3",8,"Darwin 27.0.0 arm64","Apple LLVM 21.0.0 (clang-2100.3.34.2)"," -O3 -DNDEBUG",8,100000,pito,owned_delete,ecs_remove_owned + join,2,500,3,222.290000
aalair,"Apple M3",8,"Darwin 27.0.0 arm64","Apple LLVM 21.0.0 (clang-2100.3.34.2)"," -O3 -DNDEBUG",8,100000,pito,owned_delete,ecs_remove_owned + join,2,500,4,222.557000
aalair,"Apple M3",8,"Darwin 27.0.0 arm64","Apple LLVM 21.0.0 (clang-2100.3.34.2)"," -O3 -DNDEBUG",8,100000,pito,owned_delete,ecs_remove_owned + join,2,500,5,225.484000
aalair,"Apple M3",8,"Darwin 27.0.0 arm64","Apple LLVM 21.0.0 (clang-2100.3.34.2)"," -O3 -DNDEBUG",8,100000,pito,owned_delete,ecs_remove_owned + join,2,500,6,221.840000
aalair,"Apple M3",8,"Darwin 27.0.0 arm64","Apple LLVM 21.0.0 (clang-2100.3.34.2)"," -O3 -DNDEBUG",8,100000,pito,owned_delete,ecs_remove_owned + join,2,500,7,220.828000
aalair,"Apple M3",8,"Darwin 27.0.0 arm64","Apple LLVM 21.0.0 (clang-2100.3.34.2)"," -O3 -DNDEBUG",8,100000,pito,owned_delete,ecs_remove_owned + join,2,500,8,223.356000
aalair,"Apple M3",8,"Darwin 27.0.0 arm64","Apple LLVM 21.0.0 (clang-2100.3.34.2)"," -O3 -DNDEBUG",8,100000,pito,owned_delete,ecs_remove_owned + join,2,500,9,227.089000
aalair,"Apple M3",8,"Darwin 27.0.0 arm64","Apple LLVM 21.0.0 (clang-2100.3.34.2)"," -O3 -DNDEBUG",8,100000,pito,owned_delete,ecs_remove_owned + join,2,500,10,227.517000
aalair,"Apple M3",8,"Darwin 27.0.0 arm64","Apple LLVM 21.0.0 (clang-2100.3.34.2)"," -O3 -DNDEBUG",8,100000,pito,owned_delete,ecs_remove_owned + join,4,0,1,65.801000
aalair,"Apple M3",8,"Darwin 27.0.0 arm64","Apple LLVM 21.0.0 (clang-2100.3.34.2)"," -O3 -DNDEBUG",8,100000,pito,owned_delete,ecs_remove_owned + join,4,0,2,66.147000
aalair,"Apple M3",8,"Darwin 27.0.0 arm64","Apple LLVM 21.0.0 (clang-2100.3.34.2)"," -O3 -DNDEBUG",8,100000,pito,owned_delete,ecs_remove_owned + join,4,0,3,67.298000
aalair,"Apple M3",8,"Darwin 27.0.0 arm64","Apple LLVM 21.0.0 (clang-2100.3.34.2)"," -O3 -DNDEBUG",8,100000,pito,owned_delete,ecs_remove_owned + join,4,0,4,71.651000
aalair,"Apple M3",8,"Darwin 27.0.0 arm64","Apple LLVM 21.0.0 (clang-2100.3.34.2)"," -O3 -DNDEBUG",8,100000,pito,owned_delete,ecs_remove_owned + join,4,0,5,70.856000
aalair,"Apple M3",8,"Darwin 27.0.0 arm64","Apple LLVM 21.0.0 (clang-2100.3.34.2)"," -O3 -DNDEBUG",8,100000,pito,owned_delete,ecs_remove_owned + join,4,0,6,69.799000
aalair,"Apple M3",8,"Darwin 27.0.0 arm64","Apple LLVM 21.0.0 (clang-2100.3.34.2)"," -O3 -DNDEBUG",8,100000,pito,owned_delete,ecs_remove_owned + join,4,0,7,70.675000
aalair,"Apple M3",8,"Darwin 27.0.0 arm64","Apple LLVM 21.0.0 (clang-2100.3.34.2)"," -O3 -DNDEBUG",8,100000,pito,owned_delete,ecs_remove_owned + join,4,0,8,70.452000
aalair,"Apple M3",8,"Darwin 27.0.0 arm64","Apple LLVM 21.0.0 (clang-2100.3.34.2)"," -O3 -DNDEBUG",8,100000,pito,owned_delete,ecs_remove_owned + join,4,0,9,71.741000
aalair,"Apple M3",8,"Darwin 27.0.0 arm64","Apple LLVM 21.0.0 (clang-2100.3.34.2)"," -O3 -DNDEBUG",8,100000,pito,owned_delete,ecs_remove_owned + join,4,0,10,69.930000
aalair,"Apple M3",8,"Darwin 27.0.0 arm64","Apple LLVM 21.0.0 (clang-2100.3.34.2)"," -O3 -DNDEBUG",8,100000,pito,owned_delete,ecs_remove_owned + join,4,0,11,70.451000
aalair,"Apple M3",8,"Darwin 27.0.0 arm64","Apple LLVM 21.0.0 (clang-2100.3.34.2)"," -O3 -DNDEBUG",8,100000,pito,owned_delete,ecs_remove_owned + join,4,0,12,70.793000
aalair,"Apple M3",8,"Darwin 27.0.0 arm64","Apple LLVM 21.0.0 (clang-2100.3.34.2)"," -O3 -DNDEBUG",8,100000,pito,owned_delete,ecs_remove_owned + join,4,0,13,70.167000
aalair,"Apple M3",8,"Darwin 27.0.0 arm64","Apple LLVM 21.0.0 (clang-2100.3.34.2)"," -O3 -DNDEBUG",8,100000,pito,owned_delete,ecs_remove_owned + join,4,0,14,70.640000
aalair,"Apple M3",8,"Darwin 27.0.0 arm64","Apple LLVM 21.0.0 (clang-2100.3.34.2)"," -O3 -DNDEBUG",8,100000,pito,owned_delete,ecs_remove_owned + join,4,10,1,79.485000
aalair,"Apple M3",8,"Darwin 27.0.0 arm64","Apple LLVM 21.0.0 (clang-2100.3.34.2)"," -O3 -DNDEBUG",8,100000,pito,owned_delete,ecs_remove_owned + join,4,10,2,78.239000
aalair,"Apple M3",8,"Darwin 27.0.0 arm64","Apple LLVM 21.0.0 (clang-2100.3.34.2)"," -O3 -DNDEBUG",8,100000,pito,owned_delete,ecs_remove_owned + join,4,10,3,78.948000
aalair,"Apple M3",8,"Darwin 27.0.0 arm64","Apple LLVM 21.0.0 (clang-2100.3.34.2)"," -O3 -DNDEBUG",8,100000,pito,owned_delete,ecs_remove_owned + join,4,10,4,78.393000
aalair,"Apple M3",8,"Darwin 27.0.0 arm64","Apple LLVM 21.0.0 (clang-2100.3.34.2)"," -O3 -DNDEBUG",8,100000,pito,owned_delete,ecs_remove_owned + join,4,10,5,78.883000
aalair,"Apple M3",8,"Darwin 27.0.0 arm64","Apple LLVM 21.0.0 (clang-2100.3.34.2)"," -O3 -DNDEBUG",8,100000,pito,owned_delete,ecs_remove_owned + join,4,10,6,79.859000
aalair,"Apple M3",8,"Darwin 27.0.0 arm64","Apple LLVM 21.0.0 (clang-2100.3.34.2)"," -O3 -DNDEBUG",8,100000,pito,owned_delete,ecs_remove_owned + join,4,10,7,78.920000
aalair,"Apple M3",8,"Darwin 27.0.0 arm64","Apple LLVM 21.0.0 (clang-2100.3.34.2)"," -O3 -DNDEBUG",8,100000,pito,owned_delete,ecs_remove_owned + join,4,10,8,79.690000
aalair,"Apple M3",8,"Darwin 27.0.0 arm64","Apple LLVM 21.0.0 (clang-2100.3.34.2)"," -O3 -DNDEBUG",8,100000,pito,owned_delete,ecs_remove_owned + join,4,10,9,78.022000
aalair,"Apple M3",8,"Darwin 27.0.0 arm64","Apple LLVM 21.0.0 (clang-2100.3.34.2)"," -O3 -DNDEBUG",8,100000,pito,owned_delete,ecs_remove_owned + join,4,10,10,79.187000
aalair,"Apple M3",8,"Darwin 27.0.0 arm64","Apple LLVM 21.0.0 (clang-2100.3.34.2)"," -O3 -DNDEBUG",8,100000,pito,owned_delete,ecs_remove_owned + join,4,500,1,116.012000
aalair,"Apple M3",8,"Darwin 27.0.0 arm64","Apple LLVM 21.0.0 (clang-2100.3.34.2)"," -O3 -DNDEBUG",8,100000,pito,owned_delete,ecs_remove_owned + join,4,500,2,116.463000
aalair,"Apple M3",8,"Darwin 27.0.0 arm64","Apple LLVM 21.0.0 (clang-2100.3.34.2)"," -O3 -DNDEBUG",8,100000,pito,owned_delete,ecs_remove_owned + join,4,500,3,115.184000
aalair,"Apple M3",8,"Darwin 27.0.0 arm64","Apple LLVM 21.0.0 (clang-2100.3.34.2)"," -O3 -DNDEBUG",8,100000,pito,owned_delete,ecs_remove_owned + join,4,500,4,116.326000
aalair,"Apple M3",8,"Darwin 27.0.0 arm64","Apple LLVM 21.0.0 (clang-2100.3.34.2)"," -O3 -DNDEBUG",8,100000,pito,owned_delete,ecs_remove_owned + join,4,500,5,116.072000
aalair,"Apple M3",8,"Darwin 27.0.0 arm64","Apple LLVM 21.0.0 (clang-2100.3.34.2)"," -O3 -DNDEBUG",8,100000,pito,owned_delete,ecs_remove_owned + join,4,500,6,115.263000
aalair,"Apple M3",8,"Darwin 27.0.0 arm64","Apple LLVM 21.0.0 (clang-2100.3.34.2)"," -O3 -DNDEBUG",8,100000,pito,owned_delete,ecs_remove_owned + join,4,500,7,116.471000
aalair,"Apple M3",8,"Darwin 27.0.0 arm64","Apple LLVM 21.0.0 (clang-2100.3.34.2)"," -O3 -DNDEBUG",8,100000,pito,owned_delete,ecs_remove_owned + join,4,500,8,115.631000
aalair,"Apple M3",8,"Darwin 27.0.0 arm64","Apple LLVM 21.0.0 (clang-2100.3.34.2)"," -O3 -DNDEBUG",8,100000,pito,owned_delete,ecs_remove_owned + join,4,500,9,116.541000
aalair,"Apple M3",8,"Darwin 27.0.0 arm64","Apple LLVM 21.0.0 (clang-2100.3.34.2)"," -O3 -DNDEBUG",8,100000,pito,owned_delete,ecs_remove_owned + join,4,500,10,115.876000
aalair,"Apple M3",8,"Darwin 27.0.0 arm64","Apple LLVM 21.0.0 (clang-2100.3.34.2)"," -O3 -DNDEBUG",8,100000,pito,owned_delete,ecs_remove_owned + join,8,0,1,93.730000
aalair,"Apple M3",8,"Darwin 27.0.0 arm64","Apple LLVM 21.0.0 (clang-2100.3.34.2)"," -O3 -DNDEBUG",8,100000,pito,owned_delete,ecs_remove_owned + join,8,0,2,95.214000
aalair,"Apple M3",8,"Darwin 27.0.0 arm64","Apple LLVM 21.0.0 (clang-2100.3.34.2)"," -O3 -DNDEBUG",8,100000,pito,owned_delete,ecs_remove_owned + join,8,0,3,93.317000
aalair,"Apple M3",8,"Darwin 27.0.0 arm64","Apple LLVM 21.0.0 (clang-2100.3.34.2)"," -O3 -DNDEBUG",8,100000,pito,owned_delete,ecs_remove_owned + join,8,0,4,92.288000
aalair,"Apple M3",8,"Darwin 27.0.0 arm64","Apple LLVM 21.0.0 (clang-2100.3.34.2)"," -O3 -DNDEBUG",8,100000,pito,owned_delete,ecs_remove_owned + join,8,0,5,93.508000
aalair,"Apple M3",8,"Darwin 27.0.0 arm64","Apple LLVM 21.0.0 (clang-2100.3.34.2)"," -O3 -DNDEBUG",8,100000,pito,owned_delete,ecs_remove_owned + join,8,0,6,94.298000
aalair,"Apple M3",8,"Darwin 27.0.0 arm64","Apple LLVM 21.0.0 (clang-2100.3.34.2)"," -O3 -DNDEBUG",8,100000,pito,owned_delete,ecs_remove_owned + join,8,0,7,93.271000
aalair,"Apple M3",8,"Darwin 27.0.0 arm64","Apple LLVM 21.0.0 (clang-2100.3.34.2)"," -O3 -DNDEBUG",8,100000,pito,owned_delete,ecs_remove_owned + join,8,0,8,95.377000
aalair,"Apple M3",8,"Darwin 27.0.0 arm64","Apple LLVM 21.0.0 (clang-2100.3.34.2)"," -O3 -DNDEBUG",8,100000,pito,owned_delete,ecs_remove_owned + join,8,0,9,96.126000
aalair,"Apple M3",8,"Darwin 27.0.0 arm64","Apple LLVM 21.0.0 (clang-2100.3.34.2)"," -O3 -DNDEBUG",8,100000,pito,owned_delete,ecs_remove_owned + join,8,0,10,94.146000
aalair,"Apple M3",8,"Darwin 27.0.0 arm64","Apple LLVM 21.0.0 (clang-2100.3.34.2)"," -O3 -DNDEBUG",8,100000,pito,owned_delete,ecs_remove_owned + join,8,10,1,103.179000
aalair,"Apple M3",8,"Darwin 27.0.0 arm64","Apple LLVM 21.0.0 (clang-2100.3.34.2)"," -O3 -DNDEBUG",8,100000,pito,owned_delete,ecs_remove_owned + join,8,10,2,104.088000
aalair,"Apple M3",8,"Darwin 27.0.0 arm64","Apple LLVM 21.0.0 (clang-2100.3.34.2)"," -O3 -DNDEBUG",8,100000,pito,owned_delete,ecs_remove_owned + join,8,10,3,104.422000
aalair,"Apple M3",8,"Darwin 27.0.0 arm64","Apple LLVM 21.0.0 (clang-2100.3.34.2)"," -O3 -DNDEBUG",8,100000,pito,owned_delete,ecs_remove_owned + join,8,10,4,104.280000
aalair,"Apple M3",8,"Darwin 27.0.0 arm64","Apple LLVM 21.0.0 (clang-2100.3.34.2)"," -O3 -DNDEBUG",8,100000,pito,owned_delete,ecs_remove_owned + join,8,10,5,104.927000
aalair,"Apple M3",8,"Darwin 27.0.0 arm64","Apple LLVM 21.0.0 (clang-2100.3.34.2)"," -O3 -DNDEBUG",8,100000,pito,owned_delete,ecs_remove_owned + join,8,10,6,103.868000
aalair,"Apple M3",8,"Darwin 27.0.0 arm64","Apple LLVM 21.0.0 (clang-2100.3.34.2)"," -O3 -DNDEBUG",8,100000,pito,owned_delete,ecs_remove_owned + join,8,10,7,104.847000
aalair,"Apple M3",8,"Darwin 27.0.0 arm64","Apple LLVM 21.0.0 (clang-2100.3.34.2)"," -O3 -DNDEBUG",8,100000,pito,owned_delete,ecs_remove_owned + join,8,10,8,103.425000
aalair,"Apple M3",8,"Darwin 27.0.0 arm64","Apple LLVM 21.0.0 (clang-2100.3.34.2)"," -O3 -DNDEBUG",8,100000,pito,owned_delete,ecs_remove_owned + join,8,10,9,103.263000
aalair,"Apple M3",8,"Darwin 27.0.0 arm64","Apple LLVM 21.0.0 (clang-2100.3.34.2)"," -O3 -DNDEBUG",8,100000,pito,owned_delete,ecs_remove_owned + join,8,10,10,103.611000
aalair,"Apple M3",8,"Darwin 27.0.0 arm64","Apple LLVM 21.0.0 (clang-2100.3.34.2)"," -O3 -DNDEBUG",8,100000,pito,owned_delete,ecs_remove_owned + join,8,500,1,291.372000
aalair,"Apple M3",8,"Darwin 27.0.0 arm64","Apple LLVM 21.0.0 (clang-2100.3.34.2)"," -O3 -DNDEBUG",8,100000,pito,owned_delete,ecs_remove_owned + join,8,500,2,273.811000
aalair,"Apple M3",8,"Darwin 27.0.0 arm64","Apple LLVM 21.0.0 (clang-2100.3.34.2)"," -O3 -DNDEBUG",8,100000,pito,owned_delete,ecs_remove_owned + join,8,500,3,277.726000
aalair,"Apple M3",8,"Darwin 27.0.0 arm64","Apple LLVM 21.0.0 (clang-2100.3.34.2)"," -O3 -DNDEBUG",8,100000,pito,owned_delete,ecs_remove_owned + join,8,500,4,278.481000
aalair,"Apple M3",8,"Darwin 27.0.0 arm64","Apple LLVM 21.0.0 (clang-2100.3.34.2)"," -O3 -DNDEBUG",8,100000,pito,owned_delete,ecs_remove_owned + join,8,500,5,278.798000
aalair,"Apple M3",8,"Darwin 27.0.0 arm64","Apple LLVM 21.0.0 (clang-2100.3.34.2)"," -O3 -DNDEBUG",8,100000,pito,owned_delete,ecs_remove_owned + join,8,500,6,274.464000
aalair,"Apple M3",8,"Darwin 27.0.0 arm64","Apple LLVM 21.0.0 (clang-2100.3.34.2)"," -O3 -DNDEBUG",8,100000,pito,owned_delete,ecs_remove_owned + join,8,500,7,279.560000
aalair,"Apple M3",8,"Darwin 27.0.0 arm64","Apple LLVM 21.0.0 (clang-2100.3.34.2)"," -O3 -DNDEBUG",8,100000,pito,owned_delete,ecs_remove_owned + join,8,500,8,318.797000
aalair,"Apple M3",8,"Darwin 27.0.0 arm64","Apple LLVM 21.0.0 (clang-2100.3.34.2)"," -O3 -DNDEBUG",8,100000,pito,owned_delete,ecs_remove_owned + join,8,500,9,277.787000
aalair,"Apple M3",8,"Darwin 27.0.0 arm64","Apple LLVM 21.0.0 (clang-2100.3.34.2)"," -O3 -DNDEBUG",8,100000,pito,owned_delete,ecs_remove_owned + join,8,500,10,283.245000
aalair,"Apple M3",8,"Darwin 27.0.0 arm64","Apple LLVM 21.0.0 (clang-2100.3.34.2)"," -O3 -DNDEBUG",8,100000,pito,owned_delete,ecs_remove_owned + join,8,500,11,272.280000
aalair,"Apple M3",8,"Darwin 27.0.0 arm64","Apple LLVM 21.0.0 (clang-2100.3.34.2)"," -O3 -DNDEBUG -DPITO_ECS_OWNED_DELETE_ATOMIC=1",8,100000,pito,owned_delete,ecs_remove_owned,1,0,1,11.127000
aalair,"Apple M3",8,"Darwin 27.0.0 arm64","Apple LLVM 21.0.0 (clang-2100.3.34.2)"," -O3 -DNDEBUG -DPITO_ECS_OWNED_DELETE_ATOMIC=1",8,100000,pito,owned_delete,ecs_remove_owned,1,0,2,11.109000
aalair,"Apple M3",8,"Darwin 27.0.0 arm64","Apple LLVM 21.0.0 (clang-2100.3.34.2)"," -O3 -DNDEBUG -DPITO_ECS_OWNED_DELETE_ATOMIC=1",8,100000,pito,owned_delete,ecs_remove_owned,1,0,3,11.157000
aalair,"Apple M3",8,"Darwin 27.0.0 arm64","Apple LLVM 21.0.0 (clang-2100.3.34.2)"," -O3 -DNDEBUG -DPITO_ECS_OWNED_DELETE_ATOMIC=1",8,100000,pito,owned_delete,ecs_remove_owned,1,0,4,11.137000
aalair,"Apple M3",8,"Darwin 27.0.0 arm64","Apple LLVM 21.0.0 (clang-2100.3.34.2)"," -O3 -DNDEBUG -DPITO_ECS_OWNED_DELETE_ATOMIC=1",8,100000,pito,owned_delete,ecs_remove_owned,1,0,5,11.102000
aalair,"Apple M3",8,"Darwin 27.0.0 arm64","Apple LLVM 21.0.0 (clang-2100.3.34.2)"," -O3 -DNDEBUG -DPITO_ECS_OWNED_DELETE_ATOMIC=1",8,100000,pito,owned_delete,ecs_remove_owned,1,0,6,11.108000
aalair,"Apple M3",8,"Darwin 27.0.0 arm64","Apple LLVM 21.0.0 (clang-2100.3.34.2)"," -O3 -DNDEBUG -DPITO_ECS_OWNED_DELETE_ATOMIC=1",8,100000,pito,owned_delete,ecs_remove_owned,1,0,7,11.104000
aalair,"Apple M3",8,"Darwin 27.0.0 arm64","Apple LLVM 21.0.0 (clang-2100.3.34.2)"," -O3 -DNDEBUG -DPITO_ECS_OWNED_DELETE_ATOMIC=1",8,100000,pito,owned_delete,ecs_remove_owned,1,0,8,11.218000
aalair,"Apple M3",8,"Darwin 27.0.0 arm64","Apple LLVM 21.0.0 (clang-2100.3.34.2)"," -O3 -DNDEBUG -DPITO_ECS_OWNED_DELETE_ATOMIC=1",8,100000,pito,owned_delete,ecs_remove_owned,1,0,9,10.979000
aalair,"Apple M3",8,"Darwin 27.0.0 arm64","Apple LLVM 21.0.0 (clang-2100.3.34.2)"," -O3 -DNDEBUG -DPITO_ECS_OWNED_DELETE_ATOMIC=1",8,100000,pito,owned_delete,ecs_remove_owned,1,0,10,11.059000
aalair,"Apple M3",8,"Darwin 27.0.0 arm64","Apple LLVM 21.0.0 (clang-2100.3.34.2)"," -O3 -DNDEBUG -DPITO_ECS_OWNED_DELETE_ATOMIC=1",8,100000,pito,owned_delete,ecs_remove_owned,1,10,1,13.760000
aalair,"Apple M3",8,"Darwin 27.0.0 arm64","Apple LLVM 21.0.0 (clang-2100.3.34.2)"," -O3 -DNDEBUG -DPITO_ECS_OWNED_DELETE_ATOMIC=1",8,100000,pito,owned_delete,ecs_remove_owned,1,10,2,13.218000
aalair,"Apple M3",8,"Darwin 27.0.0 arm64","Apple LLVM 21.0.0 (clang-2100.3.34.2)"," -O3 -DNDEBUG -DPITO_ECS_OWNED_DELETE_ATOMIC=1",8,100000,pito,owned_delete,ecs_remove_owned,1,10,3,13.273000
aalair,"Apple M3",8,"Darwin 27.0.0 arm64","Apple LLVM 21.0.0 (clang-2100.3.34.2)"," -O3 -DNDEBUG -DPITO_ECS_OWNED_DELETE_ATOMIC=1",8,100000,pito,owned_delete,ecs_remove_owned,1,10,4,13.236000
aalair,"Apple M3",8,"Darwin 27.0.0 arm64","Apple LLVM 21.0.0 (clang-2100.3.34.2)"," -O3 -DNDEBUG -DPITO_ECS_OWNED_DELETE_ATOMIC=1",8,100000,pito,owned_delete,ecs_remove_owned,1,10,5,13.237000
aalair,"Apple M3",8,"Darwin 27.0.0 arm64","Apple LLVM 21.0.0 (clang-2100.3.34.2)"," -O3 -DNDEBUG -DPITO_ECS_OWNED_DELETE_ATOMIC=1",8,100000,pito,owned_delete,ecs_remove_owned,1,10,6,13.265000
aalair,"Apple M3",8,"Darwin 27.0.0 arm64","Apple LLVM 21.0.0 (clang-2100.3.34.2)"," -O3 -DNDEBUG -DPITO_ECS_OWNED_DELETE_ATOMIC=1",8,100000,pito,owned_delete,ecs_remove_owned,1,10,7,13.272000
aalair,"Apple M3",8,"Darwin 27.0.0 arm64","Apple LLVM 21.0.0 (clang-2100.3.34.2)"," -O3 -DNDEBUG -DPITO_ECS_OWNED_DELETE_ATOMIC=1",8,100000,pito,owned_delete,ecs_remove_owned,1,10,8,13.202000
aalair,"Apple M3",8,"Darwin 27.0.0 arm64","Apple LLVM 21.0.0 (clang-2100.3.34.2)"," -O3 -DNDEBUG -DPITO_ECS_OWNED_DELETE_ATOMIC=1",8,100000,pito,owned_delete,ecs_remove_owned,1,10,9,13.274000
aalair,"Apple M3",8,"Darwin 27.0.0 arm64","Apple LLVM 21.0.0 (clang-2100.3.34.2)"," -O3 -DNDEBUG -DPITO_ECS_OWNED_DELETE_ATOMIC=1",8,100000,pito,owned_delete,ecs_remove_owned,1,10,10,13.189000
aalair,"Apple M3",8,"Darwin 27.0.0 arm64","Apple LLVM 21.0.0 (clang-2100.3.34.2)"," -O3 -DNDEBUG -DPITO_ECS_OWNED_DELETE_ATOMIC=1",8,100000,pito,owned_delete,ecs_remove_owned,1,500,1,396.442000
aalair,"Apple M3",8,"Darwin 27.0.0 arm64","Apple LLVM 21.0.0 (clang-2100.3.34.2)"," -O3 -DNDEBUG -DPITO_ECS_OWNED_DELETE_ATOMIC=1",8,100000,pito,owned_delete,ecs_remove_owned,1,500,2,393.075000
aalair,"Apple M3",8,"Darwin 27.0.0 arm64","Apple LLVM 21.0.0 (clang-2100.3.34.2)"," -O3 -DNDEBUG -DPITO_ECS_OWNED_DELETE_ATOMIC=1",8,100000,pito,owned_delete,ecs_remove_owned,1,500,3,393.173000
aalair,"Apple M3",8,"Darwin 27.0.0 arm64","Apple LLVM 21.0.0 (clang-2100.3.34.2)"," -O3 -DNDEBUG -DPITO_ECS_OWNED_DELETE_ATOMIC=1",8,100000,pito,owned_delete,ecs_remove_owned,1,500,4,393.261000
aalair,"Apple M3",8,"Darwin 27.0.0 arm64","Apple LLVM 21.0.0 (clang-2100.3.34.2)"," -O3 -DNDEBUG -DPITO_ECS_OWNED_DELETE_ATOMIC=1",8,100000,pito,owned_delete,ecs_remove_owned,1,500,5,392.922000
aalair,"Apple M3",8,"Darwin 27.0.0 arm64","Apple LLVM 21.0.0 (clang-2100.3.34.2)"," -O3 -DNDEBUG -DPITO_ECS_OWNED_DELETE_ATOMIC=1",8,100000,pito,owned_delete,ecs_remove_owned,1,500,6,393.381000
aalair,"Apple M3",8,"Darwin 27.0.0 arm64","Apple LLVM 21.0.0 (clang-2100.3.34.2)"," -O3 -DNDEBUG -DPITO_ECS_OWNED_DELETE_ATOMIC=1",8,100000,pito,owned_delete,ecs_remove_owned,1,500,7,392.917000
aalair,"Apple M3",8,"Darwin 27.0.0 arm64","Apple LLVM 21.0.0 (clang-2100.3.34.2)"," -O3 -DNDEBUG -DPITO_ECS_OWNED_DELETE_ATOMIC=1",8,100000,pito,owned_delete,ecs_remove_owned,1,500,8,388.716000
aalair,"Apple M3",8,"Darwin 27.0.0 arm64","Apple LLVM 21.0.0 (clang-2100.3.34.2)"," -O3 -DNDEBUG -DPITO_ECS_OWNED_DELETE_ATOMIC=1",8,100000,pito,owned_delete,ecs_remove_owned,1,500,9,392.904000
aalair,"Apple M3",8,"Darwin 27.0.0 arm64","Apple LLVM 21.0.0 (clang-2100.3.34.2)"," -O3 -DNDEBUG -DPITO_ECS_OWNED_DELETE_ATOMIC=1",8,100000,pito,owned_delete,ecs_remove_owned,1,500,10,385.937000
aalair,"Apple M3",8,"Darwin 27.0.0 arm64","Apple LLVM 21.0.0 (clang-2100.3.34.2)"," -O3 -DNDEBUG -DPITO_ECS_OWNED_DELETE_ATOMIC=1",8,100000,pito,owned_delete,ecs_remove_owned,2,0,1,6.004000
aalair,"Apple M3",8,"Darwin 27.0.0 arm64","Apple LLVM 21.0.0 (clang-2100.3.34.2)"," -O3 -DNDEBUG -DPITO_ECS_OWNED_DELETE_ATOMIC=1",8,100000,pito,owned_delete,ecs_remove_owned,2,0,2,6.317000
aalair,"Apple M3",8,"Darwin 27.0.0 arm64","Apple LLVM 21.0.0 (clang-2100.3.34.2)"," -O3 -DNDEBUG -DPITO_ECS_OWNED_DELETE_ATOMIC=1",8,100000,pito,owned_delete,ecs_remove_owned,2,0,3,5.939000
aalair,"Apple M3",8,"Darwin 27.0.0 arm64","Apple LLVM 21.0.0 (clang-2100.3.34.2)"," -O3 -DNDEBUG -DPITO_ECS_OWNED_DELETE_ATOMIC=1",8,100000,pito,owned_delete,ecs_remove_owned,2,0,4,6.156000
aalair,"Apple M3",8,"Darwin 27.0.0 arm64","Apple LLVM 21.0.0 (clang-2100.3.34.2)"," -O3 -DNDEBUG -DPITO_ECS_OWNED_DELETE_ATOMIC=1",8,100000,pito,owned_delete,ecs_remove_owned,2,0,5,6.152000
aalair,"Apple M3",8,"Darwin 27.0.0 arm64","Apple LLVM 21.0.0 (clang-2100.3.34.2)"," -O3 -DNDEBUG -DPITO_ECS_OWNED_DELETE_ATOMIC=1",8,100000,pito,owned_delete,ecs_remove_owned,2,0,6,5.884000
aalair,"Apple M3",8,"Darwin 27.0.0 arm64","Apple LLVM 21.0.0 (clang-2100.3.34.2)"," -O3 -DNDEBUG -DPITO_ECS_OWNED_DELETE_ATOMIC=1",8,100000,pito,owned_delete,ecs_remove_owned,2,0,7,6.573000
aalair,"Apple M3",8,"Darwin 27.0.0 arm64","Apple LLVM 21.0.0 (clang-2100.3.34.2)"," -O3 -DNDEBUG -DPITO_ECS_OWNED_DELETE_ATOMIC=1",8,100000,pito,owned_delete,ecs_remove_owned,2,0,8,6.468000
aalair,"Apple M3",8,"Darwin 27.0.0 arm64","Apple LLVM 21.0.0 (clang-2100.3.34.2)"," -O3 -DNDEBUG -DPITO_ECS_OWNED_DELETE_ATOMIC=1",8,100000,pito,owned_delete,ecs_remove_owned,2,0,9,6.001000
aalair,"Apple M3",8,"Darwin 27.0.0 arm64","Apple LLVM 21.0.0 (clang-2100.3.34.2)"," -O3 -DNDEBUG -DPITO_ECS_OWNED_DELETE_ATOMIC=1",8,100000,pito,owned_delete,ecs_remove_owned,2,0,10,6.480000
aalair,"Apple M3",8,"Darwin 27.0.0 arm64","Apple LLVM 21.0.0 (clang-2100.3.34.2)"," -O3 -DNDEBUG -DPITO_ECS_OWNED_DELETE_ATOMIC=1",8,100000,pito,owned_delete,ecs_remove_owned,2,0,11,6.512000
aalair,"Apple M3",8,"Darwin 27.0.0 arm64","Apple LLVM 21.0.0 (clang-2100.3.34.2)"," -O3 -DNDEBUG -DPITO_ECS_OWNED_DELETE_ATOMIC=1",8,100000,pito,owned_delete,ecs_remove_owned,2,0,12,6.153000
aalair,"Apple M3",8,"Darwin 27.0.0 arm64","Apple LLVM 21.0.0 (clang-2100.3.34.2)"," -O3 -DNDEBUG -DPITO_ECS_OWNED_DELETE_ATOMIC=1",8,100000,pito,owned_delete,ecs_remove_owned,2,0,13,6.140000
aalair,"Apple M3",8,"Darwin 27.0.0 arm64","Apple LLVM 21.0.0 (clang-2100.3.34.2)"," -O3 -DNDEBUG -DPITO_ECS_OWNED_DELETE_ATOMIC=1",8,100000,pito,owned_delete,ecs_remove_owned,2,0,14,6.053000
aalair,"Apple M3",8,"Darwin 27.0.0 arm64","Apple LLVM 21.0.0 (clang-2100.3.34.2)"," -O3 -DNDEBUG -DPITO_ECS_OWNED_DELETE_ATOMIC=1",8,100000,pito,owned_delete,ecs_remove_owned,2,0,15,6.065000
aalair,"Apple M3",8,"Darwin 27.0.0 arm64","Apple LLVM 21.0.0 (clang-2100.3.34.2)"," -O3 -DNDEBUG -DPITO_ECS_OWNED_DELETE_ATOMIC=1",8,100000,pito,owned_delete,ecs_remove_owned,2,0,16,6.199000
aalair,"Apple M3",8,"Darwin 27.0.0 arm64","Apple LLVM 21.0.0 (clang-2100.3.34.2)"," -O3 -DNDEBUG -DPITO_ECS_OWNED_DELETE_ATOMIC=1",8,100000,pito,owned_delete,ecs_remove_owned,2,0,17,6.016000
aalair,"Apple M3",8,"Darwin 27.0.0 arm64","Apple LLVM 21.0.0 (clang-2100.3.34.2)"," -O3 -DNDEBUG -DPITO_ECS_OWNED_DELETE_ATOMIC=1",8,100000,pito,owned_delete,ecs_remove_owned,2,0,18,5.970000
aalair,"Apple M3",8,"Darwin 27.0.0 arm64","Apple LLVM 21.0.0 (clang-2100.3.34.2)"," -O3 -DNDEBUG -DPITO_ECS_OWNED_DELETE_ATOMIC=1",8,100000,pito,owned_delete,ecs_remove_owned,2,0,19,5.900000
aalair,"Apple M3",8,"Darwin 27.0.0 arm64","Apple LLVM 21.0.0 (clang-2100.3.34.2)"," -O3 -DNDEBUG -DPITO_ECS_OWNED_DELETE_ATOMIC=1",8,100000,pito,owned_delete,ecs_remove_owned,2,10,1,7.220000
aalair,"Apple M3",8,"Darwin 27.0.0 arm64","Apple LLVM 21.0.0 (clang-2100.3.34.2)"," -O3 -DNDEBUG -DPITO_ECS_OWNED_DELETE_ATOMIC=1",8,100000,pito,owned_delete,ecs_remove_owned,2,10,2,7.352000
aalair,"Apple M3",8,"Darwin 27.0.0 arm64","Apple LLVM 21.0.0 (clang-2100.3.34.2)"," -O3 -DNDEBUG -DPITO_ECS_OWNED_DELETE_ATOMIC=1",8,100000,pito,owned_delete,ecs_remove_owned,2,10,3,7.594000
aalair,"Apple M3",8,"Darwin 27.0.0 arm64","Apple LLVM 21.0.0 (clang-2100.3.34.2)"," -O3 -DNDEBUG -DPITO_ECS_OWNED_DELETE_ATOMIC=1",8,100000,pito,owned_delete,ecs_remove_owned,2,10,4,7.414000
aalair,"Apple M3",8,"Darwin 27.0.0 arm64","Apple LLVM 21.0.0 (clang-2100.3.34.2)"," -O3 -DNDEBUG -DPITO_ECS_OWNED_DELETE_ATOMIC=1",8,100000,pito,owned_delete,ecs_remove_owned,2,10,5,7.661000
aalair,"Apple M3",8,"Darwin 27.0.0 arm64","Apple LLVM 21.0.0 (clang-2100.3.34.2)"," -O3 -DNDEBUG -DPITO_ECS_OWNED_DELETE_ATOMIC=1",8,100000,pito,owned_delete,ecs_remove_owned,2,10,6,7.574000
aalair,"Apple M3",8,"Darwin 27.0.0 arm64","Apple LLVM 21.0.0 (clang-2100.3.34.2)"," -O3 -DNDEBUG -DPITO_ECS_OWNED_DELETE_ATOMIC=1",8,100000,pito,owned_delete,ecs_remove_owned,2,10,7,7.400000
aalair,"Apple M3",8,"Darwin 27.0.0 arm64","Apple LLVM 21.0.0 (clang-2100.3.34.2)"," -O3 -DNDEBUG -DPITO_ECS_OWNED_DELETE_ATOMIC=1",8,100000,pito,owned_delete,ecs_remove_owned,2,10,8,7.434000
aalair,"Apple M3",8,"Darwin 27.0.0 arm64","Apple LLVM 21.0.0 (clang-2100.3.34.2)"," -O3 -DNDEBUG -DPITO_ECS_OWNED_DELETE_ATOMIC=1",8,100000,pito,owned_delete,ecs_remove_owned,2,10,9,7.292000
aalair,"Apple M3",8,"Darwin 27.0.0 arm64","Apple LLVM 21.0.0 (clang-2100.3.34.2)"," -O3 -DNDEBUG -DPITO_ECS_OWNED_DELETE_ATOMIC=1",8,100000,pito,owned_delete,ecs_remove_owned,2,10,10,7.962000
aalair,"Apple M3",8,"Darwin 27.0.0 arm64","Apple LLVM 21.0.0 (clang-2100.3.34.2)"," -O3 -DNDEBUG -DPITO_ECS_OWNED_DELETE_ATOMIC=1",8,100000,pito,owned_delete,ecs_remove_owned,2,10,11,7.298000
aalair,"Apple M3",8,"Darwin 27.0.0 arm64","Apple LLVM 21.0.0 (clang-2100.3.34.2)"," -O3 -DNDEBUG -DPITO_ECS_OWNED_DELETE_ATOMIC=1",8,100000,pito,owned_delete,ecs_remove_owned,2,500,1,201.792000
aalair,"Apple M3",8,"Darwin 27.0.0 arm64","Apple LLVM 21.0.0 (clang-2100.3.34.2)"," -O3 -DNDEBUG -DPITO_ECS_OWNED_DELETE_ATOMIC=1",8,100000,pito,owned_delete,ecs_remove_owned,2,500,2,201.762000
aalair,"Apple M3",8,"Darwin 27.0.0 arm64","Apple LLVM 21.0.0 (clang-2100.3.34.2)"," -O3 -DNDEBUG -DPITO_ECS_OWNED_DELETE_ATOMIC=1",8,100000,pito,owned_delete,ecs_remove_owned,2,500,3,202.534000
aalair,"Apple M3",8,"Darwin 27.0.0 arm64","Apple LLVM 21.0.0 (clang-2100.3.34.2)"," -O3 -DNDEBUG -DPITO_ECS_OWNED_DELETE_ATOMIC=1",8,100000,pito,owned_delete,ecs_remove_owned,2,500,4,202.674000
aalair,"Apple M3",8,"Darwin 27.0.0 arm64","Apple LLVM 21.0.0 (clang-2100.3.34.2)"," -O3 -DNDEBUG -DPITO_ECS_OWNED_DELETE_ATOMIC=1",8,100000,pito,owned_delete,ecs_remove_owned,2,500,5,203.272000
aalair,"Apple M3",8,"Darwin 27.0.0 arm64","Apple LLVM 21.0.0 (clang-2100.3.34.2)"," -O3 -DNDEBUG -DPITO_ECS_OWNED_DELETE_ATOMIC=1",8,100000,pito,owned_delete,ecs_remove_owned,2,500,6,202.910000
aalair,"Apple M3",8,"Darwin 27.0.0 arm64","Apple LLVM 21.0.0 (clang-2100.3.34.2)"," -O3 -DNDEBUG -DPITO_ECS_OWNED_DELETE_ATOMIC=1",8,100000,pito,owned_delete,ecs_remove_owned,2,500,7,202.197000
aalair,"Apple M3",8,"Darwin 27.0.0 arm64","Apple LLVM 21.0.0 (clang-2100.3.34.2)"," -O3 -DNDEBUG -DPITO_ECS_OWNED_DELETE_ATOMIC=1",8,100000,pito,owned_delete,ecs_remove_owned,2,500,8,202.058000
aalair,"Apple M3",8,"Darwin 27.0.0 arm64","Apple LLVM 21.0.0 (clang-2100.3.34.2)"," -O3 -DNDEBUG -DPITO_ECS_OWNED_DELETE_ATOMIC=1",8,100000,pito,owned_delete,ecs_remove_owned,2,500,9,202.492000
aalair,"Apple M3",8,"Darwin 27.0.0 arm64","Apple LLVM 21.0.0 (clang-2100.3.34.2)"," -O3 -DNDEBUG -DPITO_ECS_OWNED_DELETE_ATOMIC=1",8,100000,pito,owned_delete,ecs_remove_owned,2,500,10,202.971000
aalair,"Apple M3",8,"Darwin 27.0.0 arm64","Apple LLVM 21.0.0 (clang-2100.3.34.2)"," -O3 -DNDEBUG -DPITO_ECS_OWNED_DELETE_ATOMIC=1",8,100000,pito,owned_delete,ecs_remove_owned,4,0,1,3.423000
aalair,"Apple M3",8,"Darwin 27.0.0 arm64","Apple LLVM 21.0.0 (clang-2100.3.34.2)"," -O3 -DNDEBUG -DPITO_ECS_OWNED_DELETE_ATOMIC=1",8,100000,pito,owned_delete,ecs_remove_owned,4,0,2,3.504000
aalair,"Apple M3",8,"Darwin 27.0.0 arm64","Apple LLVM 21.0.0 (clang-2100.3.34.2)"," -O3 -DNDEBUG -DPITO_ECS_OWNED_DELETE_ATOMIC=1",8,100000,pito,owned_delete,ecs_remove_owned,4,0,3,3.875000
aalair,"Apple M3",8,"Darwin 27.0.0 arm64","Apple LLVM 21.0.0 (clang-2100.3.34.2)"," -O3 -DNDEBUG -DPITO_ECS_OWNED_DELETE_ATOMIC=1",8,100000,pito,owned_delete,ecs_remove_owned,4,0,4,3.233000
aalair,"Apple M3",8,"Darwin 27.0.0 arm64","Apple LLVM 21.0.0 (clang-2100.3.34.2)"," -O3 -DNDEBUG -DPITO_ECS_OWNED_DELETE_ATOMIC=1",8,100000,pito,owned_delete,ecs_remove_owned,4,0,5,3.650000
aalair,"Apple M3",8,"Darwin 27.0.0 arm64","Apple LLVM 21.0.0 (clang-2100.3.34.2)"," -O3 -DNDEBUG -DPITO_ECS_OWNED_DELETE_ATOMIC=1",8,100000,pito,owned_delete,ecs_remove_owned,4,0,6,3.346000
aalair,"Apple M3",8,"Darwin 27.0.0 arm64","Apple LLVM 21.0.0 (clang-2100.3.34.2)"," -O3 -DNDEBUG -DPITO_ECS_OWNED_DELETE_ATOMIC=1",8,100000,pito,owned_delete,ecs_remove_owned,4,0,7,3.394000
aalair,"Apple M3",8,"Darwin 27.0.0 arm64","Apple LLVM 21.0.0 (clang-2100.3.34.2)"," -O3 -DNDEBUG -DPITO_ECS_OWNED_DELETE_ATOMIC=1",8,100000,pito,owned_delete,ecs_remove_owned,4,0,8,3.217000
aalair,"Apple M3",8,"Darwin 27.0.0 arm64","Apple LLVM 21.0.0 (clang-2100.3.34.2)"," -O3 -DNDEBUG -DPITO_ECS_OWNED_DELETE_ATOMIC=1",8,100000,pito,owned_delete,ecs_remove_owned,4,0,9,3.651000
aalair,"Apple M3",8,"Darwin 27.0.0 arm64","Apple LLVM 21.0.0 (clang-2100.3.34.2)"," -O3 -DNDEBUG -DPITO_ECS_OWNED_DELETE_ATOMIC=1",8,100000,pito,owned_delete,ecs_remove_owned,4,0,10,3.249000
aalair,"Apple M3",8,"Darwin 27.0.0 arm64","Apple LLVM 21.0.0 (clang-2100.3.34.2)"," -O3 -DNDEBUG -DPITO_ECS_OWNED_DELETE_ATOMIC=1",8,100000,pito,owned_delete,ecs_remove_owned,4,0,11,3.411000
aalair,"Apple M3",8,"Darwin 27.0.0 arm64","Apple LLVM 21.0.0 (clang-2100.3.34.2)"," -O3 -DNDEBUG -DPITO_ECS_OWNED_DELETE_ATOMIC=1",8,100000,pito,owned_delete,ecs_remove_owned,4,0,12,3.412000
aalair,"Apple M3",8,"Darwin 27.0.0 arm64","Apple LLVM 21.0.0 (clang-2100.3.34.2)"," -O3 -DNDEBUG -DPITO_ECS_OWNED_DELETE_ATOMIC=1",8,100000,pito,owned_delete,ecs_remove_owned,4,0,13,3.437000
aalair,"Apple M3",8,"Darwin 27.0.0 arm64","Apple LLVM 21.0.0 (clang-2100.3.34.2)"," -O3 -DNDEBUG -DPITO_ECS_OWNED_DELETE_ATOMIC=1",8,100000,pito,owned_delete,ecs_remove_owned,4,0,14,3.684000
aalair,"Apple M3",8,"Darwin 27.0.0 arm64","Apple LLVM 21.0.0 (clang-2100.3.34.2)"," -O3 -DNDEBUG -DPITO_ECS_OWNED_DELETE_ATOMIC=1",8,100000,pito,owned_delete,ecs_remove_owned,4,0,15,3.505000
aalair,"Apple M3",8,"Darwin 27.0.0 arm64","Apple LLVM 21.0.0 (clang-2100.3.34.2)"," -O3 -DNDEBUG -DPITO_ECS_OWNED_DELETE_ATOMIC=1",8,100000,pito,owned_delete,ecs_remove_owned,4,0,16,3.520000
aalair,"Apple M3",8,"Darwin 27.0.0 arm64","Apple LLVM 21.0.0 (clang-2100.3.34.2)"," -O3 -DNDEBUG -DPITO_ECS_OWNED_DELETE_ATOMIC=1",8,100000,pito,owned_delete,ecs_remove_owned,4,0,17,3.607000
aalair,"Apple M3",8,"Darwin 27.0.0 arm64","Apple LLVM 21.0.0 (clang-2100.3.34.2)"," -O3 -DNDEBUG -DPITO_ECS_OWNED_DELETE_ATOMIC=1",8,100000,pito,owned_delete,ecs_remove_owned,4,0,18,3.708000
aalair,"Apple M3",8,"Darwin 27.0.0 arm64","Apple LLVM 21.0.0 (clang-2100.3.34.2)"," -O3 -DNDEBUG -DPITO_ECS_OWNED_DELETE_ATOMIC=1",8,100000,pito,owned_delete,ecs_remove_owned,4,0,19,3.509000
aalair,"Apple M3",8,"Darwin 27.0.0 arm64","Apple LLVM 21.0.0 (clang-2100.3.34.2)"," -O3 -DNDEBUG -DPITO_ECS_OWNED_DELETE_ATOMIC=1",8,100000,pito,owned_delete,ecs_remove_owned,4,10,1,4.430000
aalair,"Apple M3",8,"Darwin 27.0.0 arm64","Apple LLVM 21.0.0 (clang-2100.3.34.2)"," -O3 -DNDEBUG -DPITO_ECS_OWNED_DELETE_ATOMIC=1",8,100000,pito,owned_delete,ecs_remove_owned,4,10,2,4.167000
aalair,"Apple M3",8,"Darwin 27.0.0 arm64","Apple LLVM 21.0.0 (clang-2100.3.34.2)"," -O3 -DNDEBUG -DPITO_ECS_OWNED_DELETE_ATOMIC=1",8,100000,pito,owned_delete,ecs_remove_owned,4,10,3,4.441000
aalair,"Apple M3",8,"Darwin 27.0.0 arm64","Apple LLVM 21.0.0 (clang-2100.3.34.2)"," -O3 -DNDEBUG -DPITO_ECS_OWNED_DELETE_ATOMIC=1",8,100000,pito,owned_delete,ecs_remove_owned,4,10,4,4.135000
aalair,"Apple M3",8,"Darwin 27.0.0 arm64","Apple LLVM 21.0.0 (clang-2100.3.34.2)"," -O3 -DNDEBUG -DPITO_ECS_OWNED_DELETE_ATOMIC=1",8,100000,pito,owned_delete,ecs_remove_owned,4,10,5,4.104000
aalair,"Apple M3",8,"Darwin 27.0.0 arm64","Apple LLVM 21.0.0 (clang-2100.3.34.2)"," -O3 -DNDEBUG -DPITO_ECS_OWNED_DELETE_ATOMIC=1",8,100000,pito,owned_delete,ecs_remove_owned,4,10,6,4.387000
aalair,"Apple M3",8,"Darwin 27.0.0 arm64","Apple LLVM 21.0.0 (clang-2100.3.34.2)"," -O3 -DNDEBUG -DPITO_ECS_OWNED_DELETE_ATOMIC=1",8,100000,pito,owned_delete,ecs_remove_owned,4,10,7,4.251000
aalair,"Apple M3",8,"Darwin 27.0.0 arm64","Apple LLVM 21.0.0 (clang-2100.3.34.2)"," -O3 -DNDEBUG -DPITO_ECS_OWNED_DELETE_ATOMIC=1",8,100000,pito,owned_delete,ecs_remove_owned,4,10,8,4.093000
aalair,"Apple M3",8,"Darwin 27.0.0 arm64","Apple LLVM 21.0.0 (clang-2100.3.34.2)"," -O3 -DNDEBUG -DPITO_ECS_OWNED_DELETE_ATOMIC=1",8,100000,pito,owned_delete,ecs_remove_owned,4,10,9,4.107000
aalair,"Apple M3",8,"Darwin 27.0.0 arm64","Apple LLVM 21.0.0 (clang-2100.3.34.2)"," -O3 -DNDEBUG -DPITO_ECS_OWNED_DELETE_ATOMIC=1",8,100000,pito,owned_delete,ecs_remove_owned,4,10,10,4.245000
aalair,"Apple M3",8,"Darwin 27.0.0 arm64","Apple LLVM 21.0.0 (clang-2100.3.34.2)"," -O3 -DNDEBUG -DPITO_ECS_OWNED_DELETE_ATOMIC=1",8,100000,pito,owned_delete,ecs_remove_owned,4,10,11,3.923000
aalair,"Apple M3",8,"Darwin 27.0.0 arm64","Apple LLVM 21.0.0 (clang-2100.3.34.2)"," -O3 -DNDEBUG -DPITO_ECS_OWNED_DELETE_ATOMIC=1",8,100000,pito,owned_delete,ecs_remove_owned,4,10,12,4.214000
aalair,"Apple M3",8,"Darwin 27.0.0 arm64","Apple LLVM 21.0.0 (clang-2100.3.34.2)"," -O3 -DNDEBUG -DPITO_ECS_OWNED_DELETE_ATOMIC=1",8,100000,pito,owned_delete,ecs_remove_owned,4,10,13,4.250000
aalair,"Apple M3",8,"Darwin 27.0.0 arm64","Apple LLVM 21.0.0 (clang-2100.3.34.2)"," -O3 -DNDEBUG -DPITO_ECS_OWNED_DELETE_ATOMIC=1",8,100000,pito,owned_delete,ecs_remove_owned,4,10,14,4.017000
aalair,"Apple M3",8,"Darwin 27.0.0 arm64","Apple LLVM 21.0.0 (clang-2100.3.34.2)"," -O3 -DNDEBUG -DPITO_ECS_OWNED_DELETE_ATOMIC=1",8,100000,pito,owned_delete,ecs_remove_owned,4,500,1,106.050000
aalair,"Apple M3",8,"Darwin 27.0.0 arm64","Apple LLVM 21.0.0 (clang-2100.3.34.2)"," -O3 -DNDEBUG -DPITO_ECS_OWNED_DELETE_ATOMIC=1",8,100000,pito,owned_delete,ecs_remove_owned,4,500,2,104.904000
aalair,"Apple M3",8,"Darwin 27.0.0 arm64","Apple LLVM 21.0.0 (clang-2100.3.34.2)"," -O3 -DNDEBUG -DPITO_ECS_OWNED_DELETE_ATOMIC=1",8,100000,pito,owned_delete,ecs_remove_owned,4,500,3,106.091000
aalair,"Apple M3",8,"Darwin 27.0.0 arm64","Apple LLVM 21.0.0 (clang-2100.3.34.2)"," -O3 -DNDEBUG -DPITO_ECS_OWNED_DELETE_ATOMIC=1",8,100000,pito,owned_delete,ecs_remove_owned,4,500,4,105.716000
aalair,"Apple M3",8,"Darwin 27.0.0 arm64","Apple LLVM 21.0.0 (clang-2100.3.34.2)"," -O3 -DNDEBUG -DPITO_ECS_OWNED_DELETE_ATOMIC=1",8,100000,pito,owned_delete,ecs_remove_owned,4,500,5,104.985000
aalair,"Apple M3",8,"Darwin 27.0.0 arm64","Apple LLVM 21.0.0 (clang-2100.3.34.2)"," -O3 -DNDEBUG -DPITO_ECS_OWNED_DELETE_ATOMIC=1",8,100000,pito,owned_delete,ecs_remove_owned,4,500,6,105.965000
aalair,"Apple M3",8,"Darwin 27.0.0 arm64","Apple LLVM 21.0.0 (clang-2100.3.34.2)"," -O3 -DNDEBUG -DPITO_ECS_OWNED_DELETE_ATOMIC=1",8,100000,pito,owned_delete,ecs_remove_owned,4,500,7,105.457000
aalair,"Apple M3",8,"Darwin 27.0.0 arm64","Apple LLVM 21.0.0 (clang-2100.3.34.2)"," -O3 -DNDEBUG -DPITO_ECS_OWNED_DELETE_ATOMIC=1",8,100000,pito,owned_delete,ecs_remove_owned,4,500,8,105.807000
aalair,"Apple M3",8,"Darwin 27.0.0 arm64","Apple LLVM 21.0.0 (clang-2100.3.34.2)"," -O3 -DNDEBUG -DPITO_ECS_OWNED_DELETE_ATOMIC=1",8,100000,pito,owned_delete,ecs_remove_owned,4,500,9,106.007000
aalair,"Apple M3",8,"Darwin 27.0.0 arm64","Apple LLVM 21.0.0 (clang-2100.3.34.2)"," -O3 -DNDEBUG -DPITO_ECS_OWNED_DELETE_ATOMIC=1",8,100000,pito,owned_delete,ecs_remove_owned,4,500,10,105.604000
aalair,"Apple M3",8,"Darwin 27.0.0 arm64","Apple LLVM 21.0.0 (clang-2100.3.34.2)"," -O3 -DNDEBUG -DPITO_ECS_OWNED_DELETE_ATOMIC=1",8,100000,pito,owned_delete,ecs_remove_owned,8,0,1,3.604000
aalair,"Apple M3",8,"Darwin 27.0.0 arm64","Apple LLVM 21.0.0 (clang-2100.3.34.2)"," -O3 -DNDEBUG -DPITO_ECS_OWNED_DELETE_ATOMIC=1",8,100000,pito,owned_delete,ecs_remove_owned,8,0,2,3.145000
aalair,"Apple M3",8,"Darwin 27.0.0 arm64","Apple LLVM 21.0.0 (clang-2100.3.34.2)"," -O3 -DNDEBUG -DPITO_ECS_OWNED_DELETE_ATOMIC=1",8,100000,pito,owned_delete,ecs_remove_owned,8,0,3,3.591000
aalair,"Apple M3",8,"Darwin 27.0.0 arm64","Apple LLVM 21.0.0 (clang-2100.3.34.2)"," -O3 -DNDEBUG -DPITO_ECS_OWNED_DELETE_ATOMIC=1",8,100000,pito,owned_delete,ecs_remove_owned,8,0,4,3.197000
aalair,"Apple M3",8,"Darwin 27.0.0 arm64","Apple LLVM 21.0.0 (clang-2100.3.34.2)"," -O3 -DNDEBUG -DPITO_ECS_OWNED_DELETE_ATOMIC=1",8,100000,pito,owned_delete,ecs_remove_owned,8,0,5,3.174000
aalair,"Apple M3",8,"Darwin 27.0.0 arm64","Apple LLVM 21.0.0 (clang-2100.3.34.2)"," -O3 -DNDEBUG -DPITO_ECS_OWNED_DELETE_ATOMIC=1",8,100000,pito,owned_delete,ecs_remove_owned,8,0,6,3.186000
aalair,"Apple M3",8,"Darwin 27.0.0 arm64","Apple LLVM 21.0.0 (clang-2100.3.34.2)"," -O3 -DNDEBUG -DPITO_ECS_OWNED_DELETE_ATOMIC=1",8,100000,pito,owned_delete,ecs_remove_owned,8,0,7,3.896000
aalair,"Apple M3",8,"Darwin 27.0.0 arm64","Apple LLVM 21.0.0 (clang-2100.3.34.2)"," -O3 -DNDEBUG -DPITO_ECS_OWNED_DELETE_ATOMIC=1",8,100000,pito,owned_delete,ecs_remove_owned,8,0,8,3.196000
aalair,"Apple M3",8,"Darwin 27.0.0 arm64","Apple LLVM 21.0.0 (clang-2100.3.34.2)"," -O3 -DNDEBUG -DPITO_ECS_OWNED_DELETE_ATOMIC=1",8,100000,pito,owned_delete,ecs_remove_owned,8,0,9,3.287000
aalair,"Apple M3",8,"Darwin 27.0.0 arm64","Apple LLVM 21.0.0 (clang-2100.3.34.2)"," -O3 -DNDEBUG -DPITO_ECS_OWNED_DELETE_ATOMIC=1",8,100000,pito,owned_delete,ecs_remove_owned,8,0,10,3.472000
aalair,"Apple M3",8,"Darwin 27.0.0 arm64","Apple LLVM 21.0.0 (clang-2100.3.34.2)"," -O3 -DNDEBUG -DPITO_ECS_OWNED_DELETE_ATOMIC=1",8,100000,pito,owned_delete,ecs_remove_owned,8,0,11,3.315000
aalair,"Apple M3",8,"Darwin 27.0.0 arm64","Apple LLVM 21.0.0 (clang-2100.3.34.2)"," -O3 -DNDEBUG -DPITO_ECS_OWNED_DELETE_ATOMIC=1",8,100000,pito,owned_delete,ecs_remove_owned,8,0,12,3.384000
aalair,"Apple M3",8,"Darwin 27.0.0 arm64","Apple LLVM 21.0.0 (clang-2100.3.34.2)"," -O3 -DNDEBUG -DPITO_ECS_OWNED_DELETE_ATOMIC=1",8,100000,pito,owned_delete,ecs_remove_owned,8,0,13,3.455000
aalair,"Apple M3",8,"Darwin 27.0.0 arm64","Apple LLVM 21.0.0 (clang-2100.3.34.2)"," -O3 -DNDEBUG -DPITO_ECS_OWNED_DELETE_ATOMIC=1",8,100000,pito,owned_delete,ecs_remove_owned,8,0,14,3.460000
aalair,"Apple M3",8,"Darwin 27.0.0 arm64","Apple LLVM 21.0.0 (clang-2100.3.34.2)"," -O3 -DNDEBUG -DPITO_ECS_OWNED_DELETE_ATOMIC=1",8,100000,pito,owned_delete,ecs_remove_owned,8,0,15,3.311000
aalair,"Apple M3",8,"Darwin 27.0.0 arm64","Apple LLVM 21.0.0 (clang-2100.3.34.2)"," -O3 -DNDEBUG -DPITO_ECS_OWNED_DELETE_ATOMIC=1",8,100000,pito,owned_delete,ecs_remove_owned,8,0,16,3.153000
aalair,"Apple M3",8,"Darwin 27.0.0 arm64","Apple LLVM 21.0.0 (clang-2100.3.34.2)"," -O3 -DNDEBUG -DPITO_ECS_OWNED_DELETE_ATOMIC=1",8,100000,pito,owned_delete,ecs_remove_owned,8,10,1,4.173000
aalair,"Apple M3",8,"Darwin 27.0.0 arm64","Apple LLVM 21.0.0 (clang-2100.3.34.2)"," -O3 -DNDEBUG -DPITO_ECS_OWNED_DELETE_ATOMIC=1",8,100000,pito,owned_delete,ecs_remove_owned,8,10,2,4.166000
aalair,"Apple M3",8,"Darwin 27.0.0 arm64","Apple LLVM 21.0.0 (clang-2100.3.34.2)"," -O3 -DNDEBUG -DPITO_ECS_OWNED_DELETE_ATOMIC=1",8,100000,pito,owned_delete,ecs_remove_owned,8,10,3,4.121000
aalair,"Apple M3",8,"Darwin 27.0.0 arm64","Apple LLVM 21.0.0 (clang-2100.3.34.2)"," -O3 -DNDEBUG -DPITO_ECS_OWNED_DELETE_ATOMIC=1",8,100000,pito,owned_delete,ecs_remove_owned,8,10,4,4.672000
aalair,"Apple M3",8,"Darwin 27.0.0 arm64","Apple LLVM 21.0.0 (clang-2100.3.34.2)"," -O3 -DNDEBUG -DPITO_ECS_OWNED_DELETE_ATOMIC=1",8,100000,pito,owned_delete,ecs_remove_owned,8,10,5,4.195000
aalair,"Apple M3",8,"Darwin 27.0.0 arm64","Apple LLVM 21.0.0 (clang-2100.3.34.2)"," -O3 -DNDEBUG -DPITO_ECS_OWNED_DELETE_ATOMIC=1",8,100000,pito,owned_delete,ecs_remove_owned,8,10,6,4.130000
aalair,"Apple M3",8,"Darwin 27.0.0 arm64","Apple LLVM 21.0.0 (clang-2100.3.34.2)"," -O3 -DNDEBUG -DPITO_ECS_OWNED_DELETE_ATOMIC=1",8,100000,pito,owned_delete,ecs_remove_owned,8,10,7,4.509000
aalair,"Apple M3",8,"Darwin 27.0.0 arm64","Apple LLVM 21.0.0 (clang-2100.3.34.2)"," -O3 -DNDEBUG -DPITO_ECS_OWNED_DELETE_ATOMIC=1",8,100000,pito,owned_delete,ecs_remove_owned,8,10,8,4.153000
aalair,"Apple M3",8,"Darwin 27.0.0 arm64","Apple LLVM 21.0.0 (clang-2100.3.34.2)"," -O3 -DNDEBUG -DPITO_ECS_OWNED_DELETE_ATOMIC=1",8,100000,pito,owned_delete,ecs_remove_owned,8,10,9,4.441000
aalair,"Apple M3",8,"Darwin 27.0.0 arm64","Apple LLVM 21.0.0 (clang-2100.3.34.2)"," -O3 -DNDEBUG -DPITO_ECS_OWNED_DELETE_ATOMIC=1",8,100000,pito,owned_delete,ecs_remove_owned,8,10,10,4.166000
aalair,"Apple M3",8,"Darwin 27.0.0 arm64","Apple LLVM 21.0.0 (clang-2100.3.34.2)"," -O3 -DNDEBUG -DPITO_ECS_OWNED_DELETE_ATOMIC=1",8,100000,pito,owned_delete,ecs_remove_owned,8,10,11,4.432000
aalair,"Apple M3",8,"Darwin 27.0.0 arm64","Apple LLVM 21.0.0 (clang-2100.3.34.2)"," -O3 -DNDEBUG -DPITO_ECS_OWNED_DELETE_ATOMIC=1",8,100000,pito,owned_delete,ecs_remove_owned,8,10,12,4.206000
aalair,"Apple M3",8,"Darwin 27.0.0 arm64","Apple LLVM 21.0.0 (clang-2100.3.34.2)"," -O3 -DNDEBUG -DPITO_ECS_OWNED_DELETE_ATOMIC=1",8,100000,pito,owned_delete,ecs_remove_owned,8,10,13,4.245000
aalair,"Apple M3",8,"Darwin 27.0.0 arm64","Apple LLVM 21.0.0 (clang-2100.3.34.2)"," -O3 -DNDEBUG -DPITO_ECS_OWNED_DELETE_ATOMIC=1",8,100000,pito,owned_delete,ecs_remove_owned,8,10,14,4.210000
aalair,"Apple M3",8,"Darwin 27.0.0 arm64","Apple LLVM 21.0.0 (clang-2100.3.34.2)"," -O3 -DNDEBUG -DPITO_ECS_OWNED_DELETE_ATOMIC=1",8,100000,pito,owned_delete,ecs_remove_owned,8,10,15,4.224000
aalair,"Apple M3",8,"Darwin 27.0.0 arm64","Apple LLVM 21.0.0 (clang-2100.3.34.2)"," -O3 -DNDEBUG -DPITO_ECS_OWNED_DELETE_ATOMIC=1",8,100000,pito,owned_delete,ecs_remove_owned,8,10,16,4.290000
aalair,"Apple M3",8,"Darwin 27.0.0 arm64","Apple LLVM 21.0.0 (clang-2100.3.34.2)"," -O3 -DNDEBUG -DPITO_ECS_OWNED_DELETE_ATOMIC=1",8,100000,pito,owned_delete,ecs_remove_owned,8,10,17,4.394000
aalair,"Apple M3",8,"Darwin 27.0.0 arm64","Apple LLVM 21.0.0 (clang-2100.3.34.2)"," -O3 -DNDEBUG -DPITO_ECS_OWNED_DELETE_ATOMIC=1",8,100000,pito,owned_delete,ecs_remove_owned,8,10,18,4.374000
aalair,"Apple M3",8,"Darwin 27.0.0 arm64","Apple LLVM 21.0.0 (clang-2100.3.34.2)"," -O3 -DNDEBUG -DPITO_ECS_OWNED_DELETE_ATOMIC=1",8,100000,pito,owned_delete,ecs_remove_owned,8,10,19,4.206000
aalair,"Apple M3",8,"Darwin 27.0.0 arm64","Apple LLVM 21.0.0 (clang-2100.3.34.2)"," -O3 -DNDEBUG -DPITO_ECS_OWNED_DELETE_ATOMIC=1",8,100000,pito,owned_delete,ecs_remove_owned,8,500,1,65.484000
aalair,"Apple M3",8,"Darwin 27.0.0 arm64","Apple LLVM 21.0.0 (clang-2100.3.34.2)"," -O3 -DNDEBUG -DPITO_ECS_OWNED_DELETE_ATOMIC=1",8,100000,pito,owned_delete,ecs_remove_owned,8,500,2,68.178000
aalair,"Apple M3",8,"Darwin 27.0.0 arm64","Apple LLVM 21.0.0 (clang-2100.3.34.2)"," -O3 -DNDEBUG -DPITO_ECS_OWNED_DELETE_ATOMIC=1",8,100000,pito,owned_delete,ecs_remove_owned,8,500,3,67.750000
aalair,"Apple M3",8,"Darwin 27.0.0 arm64","Apple LLVM 21.0.0 (clang-2100.3.34.2)"," -O3 -DNDEBUG -DPITO_ECS_OWNED_DELETE_ATOMIC=1",8,100000,pito,owned_delete,ecs_remove_owned,8,500,4,63.899000
aalair,"Apple M3",8,"Darwin 27.0.0 arm64","Apple LLVM 21.0.0 (clang-2100.3.34.2)"," -O3 -DNDEBUG -DPITO_ECS_OWNED_DELETE_ATOMIC=1",8,100000,pito,owned_delete,ecs_remove_owned,8,500,5,68.023000
aalair,"Apple M3",8,"Darwin 27.0.0 arm64","Apple LLVM 21.0.0 (clang-2100.3.34.2)"," -O3 -DNDEBUG -DPITO_ECS_OWNED_DELETE_ATOMIC=1",8,100000,pito,owned_delete,ecs_remove_owned,8,500,6,67.747000
aalair,"Apple M3",8,"Darwin 27.0.0 arm64","Apple LLVM 21.0.0 (clang-2100.3.34.2)"," -O3 -DNDEBUG -DPITO_ECS_OWNED_DELETE_ATOMIC=1",8,100000,pito,owned_delete,ecs_remove_owned,8,500,7,67.059000
aalair,"Apple M3",8,"Darwin 27.0.0 arm64","Apple LLVM 21.0.0 (clang-2100.3.34.2)"," -O3 -DNDEBUG -DPITO_ECS_OWNED_DELETE_ATOMIC=1",8,100000,pito,owned_delete,ecs_remove_owned,8,500,8,70.030000
aalair,"Apple M3",8,"Darwin 27.0.0 arm64","Apple LLVM 21.0.0 (clang-2100.3.34.2)"," -O3 -DNDEBUG -DPITO_ECS_OWNED_DELETE_ATOMIC=1",8,100000,pito,owned_delete,ecs_remove_owned,8,500,9,66.925000
aalair,"Apple M3",8,"Darwin 27.0.0 arm64","Apple LLVM 21.0.0 (clang-2100.3.34.2)"," -O3 -DNDEBUG -DPITO_ECS_OWNED_DELETE_ATOMIC=1",8,100000,pito,owned_delete,ecs_remove_owned,8,500,10,66.529000
aalair,"Apple M3",8,"Darwin 27.0.0 arm64","Apple LLVM 21.0.0 (clang-2100.3.34.2)"," -O3 -DNDEBUG -DPITO_ECS_OWNED_DELETE_ATOMIC=1",8,100000,pito,owned_delete,ecs_remove_owned,8,500,11,65.831000
aalair,"Apple M3",8,"Darwin 27.0.0 arm64","Apple LLVM 21.0.0 (clang-2100.3.34.2)"," -O3 -DNDEBUG -DPITO_ECS_OWNED_DELETE_ATOMIC=1",8,100000,pito,owned_delete,ecs_remove_owned + join,1,0,1,15.280000
aalair,"Apple M3",8,"Darwin 27.0.0 arm64","Apple LLVM 21.0.0 (clang-2100.3.34.2)"," -O3 -DNDEBUG -DPITO_ECS_OWNED_DELETE_ATOMIC=1",8,100000,pito,owned_delete,ecs_remove_owned + join,1,0,2,14.975000
aalair,"Apple M3",8,"Darwin 27.0.0 arm64","Apple LLVM 21.0.0 (clang-2100.3.34.2)"," -O3 -DNDEBUG -DPITO_ECS_OWNED_DELETE_ATOMIC=1",8,100000,pito,owned_delete,ecs_remove_owned + join,1,0,3,14.949000
aalair,"Apple M3",8,"Darwin 27.0.0 arm64","Apple LLVM 21.0.0 (clang-2100.3.34.2)"," -O3 -DNDEBUG -DPITO_ECS_OWNED_DELETE_ATOMIC=1",8,100000,pito,owned_delete,ecs_remove_owned + join,1,0,4,14.992000
aalair,"Apple M3",8,"Darwin 27.0.0 arm64","Apple LLVM 21.0.0 (clang-2100.3.34.2)"," -O3 -DNDEBUG -DPITO_ECS_OWNED_DELETE_ATOMIC=1",8,100000,pito,owned_delete,ecs_remove_owned + join,1,0,5,14.901000
aalair,"Apple M3",8,"Darwin 27.0.0 arm64","Apple LLVM 21.0.0 (clang-2100.3.34.2)"," -O3 -DNDEBUG -DPITO_ECS_OWNED_DELETE_ATOMIC=1",8,100000,pito,owned_delete,ecs_remove_owned + join,1,0,6,14.882000
aalair,"Apple M3",8,"Darwin 27.0.0 arm64","Apple LLVM 21.0.0 (clang-2100.3.34.2)"," -O3 -DNDEBUG -DPITO_ECS_OWNED_DELETE_ATOMIC=1",8,100000,pito,owned_delete,ecs_remove_owned + join,1,0,7,14.903000
aalair,"Apple M3",8,"Darwin 27.0.0 arm64","Apple LLVM 21.0.0 (clang-2100.3.34.2)"," -O3 -DNDEBUG -DPITO_ECS_OWNED_DELETE_ATOMIC=1",8,100000,pito,owned_delete,ecs_remove_owned + join,1,0,8,15.181000
aalair,"Apple M3",8,"Darwin 27.0.0 arm64","Apple LLVM 21.0.0 (clang-2100.3.34.2)"," -O3 -DNDEBUG -DPITO_ECS_OWNED_DELETE_ATOMIC=1",8,100000,pito,owned_delete,ecs_remove_owned + join,1,0,9,15.144000
aalair,"Apple M3",8,"Darwin 27.0.0 arm64","Apple LLVM 21.0.0 (clang-2100.3.34.2)"," -O3 -DNDEBUG -DPITO_ECS_OWNED_DELETE_ATOMIC=1",8,100000,pito,owned_delete,ecs_remove_owned + join,1,0,10,15.147000
aalair,"Apple M3",8,"Darwin 27.0.0 arm64","Apple LLVM 21.0.0 (clang-2100.3.34.2)"," -O3 -DNDEBUG -DPITO_ECS_OWNED_DELETE_ATOMIC=1",8,100000,pito,owned_delete,ecs_remove_owned + join,1,10,1,17.343000
aalair,"Apple M3",8,"Darwin 27.0.0 arm64","Apple LLVM 21.0.0 (clang-2100.3.34.2)"," -O3 -DNDEBUG -DPITO_ECS_OWNED_DELETE_ATOMIC=1",8,100000,pito,owned_delete,ecs_remove_owned + join,1,10,2,17.322000
aalair,"Apple M3",8,"Darwin 27.0.0 arm64","Apple LLVM 21.0.0 (clang-2100.3.34.2)"," -O3 -DNDEBUG -DPITO_ECS_OWNED_DELETE_ATOMIC=1",8,100000,pito,owned_delete,ecs_remove_owned + join,1,10,3,17.403000
aalair,"Apple M3",8,"Darwin 27.0.0 arm64","Apple LLVM 21.0.0 (clang-2100.3.34.2)"," -O3 -DNDEBUG -DPITO_ECS_OWNED_DELETE_ATOMIC=1",8,100000,pito,owned_delete,ecs_remove_owned + join,1,10,4,17.210000
aalair,"Apple M3",8,"Darwin 27.0.0 arm64","Apple LLVM 21.0.0 (clang-2100.3.34.2)"," -O3 -DNDEBUG -DPITO_ECS_OWNED_DELETE_ATOMIC=1",8,100000,pito,owned_delete,ecs_remove_owned + join,1,10,5,17.119000
aalair,"Apple M3",8,"Darwin 27.0.0 arm64","Apple LLVM 21.0.0 (clang-2100.3.34.2)"," -O3 -DNDEBUG -DPITO_ECS_OWNED_DELETE_ATOMIC=1",8,100000,pito,owned_delete,ecs_remove_owned + join,1,10,6,17.124000
aalair,"Apple M3",8,"Darwin 27.0.0 arm64","Apple LLVM 21.0.0 (clang-2100.3.34.2)"," -O3 -DNDEBUG -DPITO_ECS_OWNED_DELETE_ATOMIC=1",8,100000,pito,owned_delete,ecs_remove_owned + join,1,10,7,17.153000
aalair,"Apple M3",8,"Darwin 27.0.0 arm64","Apple LLVM 21.0.0 (clang-2100.3.34.2)"," -O3 -DNDEBUG -DPITO_ECS_OWNED_DELETE_ATOMIC=1",8,100000,pito,owned_delete,ecs_remove_owned + join,1,10,8,17.248000
aalair,"Apple M3",8,"Darwin 27.0.0 arm64","Apple LLVM 21.0.0 (clang-2100.3.34.2)"," -O3 -DNDEBUG -DPITO_ECS_OWNED_DELETE_ATOMIC=1",8,100000,pito,owned_delete,ecs_remove_owned + join,1,10,9,17.134000
aalair,"Apple M3",8,"Darwin 27.0.0 arm64","Apple LLVM 21.0.0 (clang-2100.3.34.2)"," -O3 -DNDEBUG -DPITO_ECS_OWNED_DELETE_ATOMIC=1",8,100000,pito,owned_delete,ecs_remove_owned + join,1,10,10,17.220000
aalair,"Apple M3",8,"Darwin 27.0.0 arm64","Apple LLVM 21.0.0 (clang-2100.3.34.2)"," -O3 -DNDEBUG -DPITO_ECS_OWNED_DELETE_ATOMIC=1",8,100000,pito,owned_delete,ecs_remove_owned + join,1,500,1,401.549000
aalair,"Apple M3",8,"Darwin 27.0.0 arm64","Apple LLVM 21.0.0 (clang-2100.3.34.2)"," -O3 -DNDEBUG -DPITO_ECS_OWNED_DELETE_ATOMIC=1",8,100000,pito,owned_delete,ecs_remove_owned + join,1,500,2,401.437000
aalair,"Apple M3",8,"Darwin 27.0.0 arm64","Apple LLVM 21.0.0 (clang-2100.3.34.2)"," -O3 -DNDEBUG -DPITO_ECS_OWNED_DELETE_ATOMIC=1",8,100000,pito,owned_delete,ecs_remove_owned + join,1,500,3,401.532000
aalair,"Apple M3",8,"Darwin 27.0.0 arm64","Apple LLVM 21.0.0 (clang-2100.3.34.2)"," -O3 -DNDEBUG -DPITO_ECS_OWNED_DELETE_ATOMIC=1",8,100000,pito,owned_delete,ecs_remove_owned + join,1,500,4,401.768000
aalair,"Apple M3",8,"Darwin 27.0.0 arm64","Apple LLVM 21.0.0 (clang-2100.3.34.2)"," -O3 -DNDEBUG -DPITO_ECS_OWNED_DELETE_ATOMIC=1",8,100000,pito,owned_delete,ecs_remove_owned + join,1,500,5,401.558000
aalair,"Apple M3",8,"Darwin 27.0.0 arm64","Apple LLVM 21.0.0 (clang-2100.3.34.2)"," -O3 -DNDEBUG -DPITO_ECS_OWNED_DELETE_ATOMIC=1",8,100000,pito,owned_delete,ecs_remove_owned + join,1,500,6,401.457000
aalair,"Apple M3",8,"Darwin 27.0.0 arm64","Apple LLVM 21.0.0 (clang-2100.3.34.2)"," -O3 -DNDEBUG -DPITO_ECS_OWNED_DELETE_ATOMIC=1",8,100000,pito,owned_delete,ecs_remove_owned + join,1,500,7,401.786000
aalair,"Apple M3",8,"Darwin 27.0.0 arm64","Apple LLVM 21.0.0 (clang-2100.3.34.2)"," -O3 -DNDEBUG -DPITO_ECS_OWNED_DELETE_ATOMIC=1",8,100000,pito,owned_delete,ecs_remove_owned + join,1,500,8,401.617000
aalair,"Apple M3",8,"Darwin 27.0.0 arm64","Apple LLVM 21.0.0 (clang-2100.3.34.2)"," -O3 -DNDEBUG -DPITO_ECS_OWNED_DELETE_ATOMIC=1",8,100000,pito,owned_delete,ecs_remove_owned + join,1,500,9,401.518000
aalair,"Apple M3",8,"Darwin 27.0.0 arm64","Apple LLVM 21.0.0 (clang-2100.3.34.2)"," -O3 -DNDEBUG -DPITO_ECS_OWNED_DELETE_ATOMIC=1",8,100000,pito,owned_delete,ecs_remove_owned + join,1,500,10,401.511000
aalair,"Apple M3",8,"Darwin 27.0.0 arm64","Apple LLVM 21.0.0 (clang-2100.3.34.2)"," -O3 -DNDEBUG -DPITO_ECS_OWNED_DELETE_ATOMIC=1",8,100000,pito,owned_delete,ecs_remove_owned + join,2,0,1,24.466000
aalair,"Apple M3",8,"Darwin 27.0.0 arm64","Apple LLVM 21.0.0 (clang-2100.3.34.2)"," -O3 -DNDEBUG -DPITO_ECS_OWNED_DELETE_ATOMIC=1",8,100000,pito,owned_delete,ecs_remove_owned + join,2,0,2,24.407000
aalair,"Apple M3",8,"Darwin 27.0.0 arm64","Apple LLVM 21.0.0 (clang-2100.3.34.2)"," -O3 -DNDEBUG -DPITO_ECS_OWNED_DELETE_ATOMIC=1",8,100000,pito,owned_delete,ecs_remove_owned + join,2,0,3,24.404000
aalair,"Apple M3",8,"Darwin 27.0.0 arm64","Apple LLVM 21.0.0 (clang-2100.3.34.2)"," -O3 -DNDEBUG -DPITO_ECS_OWNED_DELETE_ATOMIC=1",8,100000,pito,owned_delete,ecs_remove_owned + join,2,0,4,25.421000
aalair,"Apple M3",8,"Darwin 27.0.0 arm64","Apple LLVM 21.0.0 (clang-2100.3.34.2)"," -O3 -DNDEBUG -DPITO_ECS_OWNED_DELETE_ATOMIC=1",8,100000,pito,owned_delete,ecs_remove_owned + join,2,0,5,24.445000
aalair,"Apple M3",8,"Darwin 27.0.0 arm64","Apple LLVM 21.0.0 (clang-2100.3.34.2)"," -O3 -DNDEBUG -DPITO_ECS_OWNED_DELETE_ATOMIC=1",8,100000,pito,owned_delete,ecs_remove_owned + join,2,0,6,24.490000
aalair,"Apple M3",8,"Darwin 27.0.0 arm64","Apple LLVM 21.0.0 (clang-2100.3.34.2)"," -O3 -DNDEBUG -DPITO_ECS_OWNED_DELETE_ATOMIC=1",8,100000,pito,owned_delete,ecs_remove_owned + join,2,0,7,24.348000
aalair,"Apple M3",8,"Darwin 27.0.0 arm64","Apple LLVM 21.0.0 (clang-2100.3.34.2)"," -O3 -DNDEBUG -DPITO_ECS_OWNED_DELETE_ATOMIC=1",8,100000,pito,owned_delete,ecs_remove_owned + join,2,0,8,24.394000
aalair,"Apple M3",8,"Darwin 27.0.0 arm64","Apple LLVM 21.0.0 (clang-2100.3.34.2)"," -O3 -DNDEBUG -DPITO_ECS_OWNED_DELETE_ATOMIC=1",8,100000,pito,owned_delete,ecs_remove_owned + join,2,0,9,25.120000
aalair,"Apple M3",8,"Darwin 27.0.0 arm64","Apple LLVM 21.0.0 (clang-2100.3.34.2)"," -O3 -DNDEBUG -DPITO_ECS_OWNED_DELETE_ATOMIC=1",8,100000,pito,owned_delete,ecs_remove_owned + join,2,0,10,24.405000
aalair,"Apple M3",8,"Darwin 27.0.0 arm64","Apple LLVM 21.0.0 (clang-2100.3.34.2)"," -O3 -DNDEBUG -DPITO_ECS_OWNED_DELETE_ATOMIC=1",8,100000,pito,owned_delete,ecs_remove_owned + join,2,10,1,28.194000
aalair,"Apple M3",8,"Darwin 27.0.0 arm64","Apple LLVM 21.0.0 (clang-2100.3.34.2)"," -O3 -DNDEBUG -DPITO_ECS_OWNED_DELETE_ATOMIC=1",8,100000,pito,owned_delete,ecs_remove_owned + join,2,10,2,28.288000
aalair,"Apple M3",8,"Darwin 27.0.0 arm64","Apple LLVM 21.0.0 (clang-2100.3.34.2)"," -O3 -DNDEBUG -DPITO_ECS_OWNED_DELETE_ATOMIC=1",8,100000,pito,owned_delete,ecs_remove_owned + join,2,10,3,28.166000
aalair,"Apple M3",8,"Darwin 27.0.0 arm64","Apple LLVM 21.0.0 (clang-2100.3.34.2)"," -O3 -DNDEBUG -DPITO_ECS_OWNED_DELETE_ATOMIC=1",8,100000,pito,owned_delete,ecs_remove_owned + join,2,10,4,28.240000
aalair,"Apple M3",8,"Darwin 27.0.0 arm64","Apple LLVM 21.0.0 (clang-2100.3.34.2)"," -O3 -DNDEBUG -DPITO_ECS_OWNED_DELETE_ATOMIC=1",8,100000,pito,owned_delete,ecs_remove_owned + join,2,10,5,28.206000
aalair,"Apple M3",8,"Darwin 27.0.0 arm64","Apple LLVM 21.0.0 (clang-2100.3.34.2)"," -O3 -DNDEBUG -DPITO_ECS_OWNED_DELETE_ATOMIC=1",8,100000,pito,owned_delete,ecs_remove_owned + join,2,10,6,28.235000
aalair,"Apple M3",8,"Darwin 27.0.0 arm64","Apple LLVM 21.0.0 (clang-2100.3.34.2)"," -O3 -DNDEBUG -DPITO_ECS_OWNED_DELETE_ATOMIC=1",8,100000,pito,owned_delete,ecs_remove_owned + join,2,10,7,28.220000
aalair,"Apple M3",8,"Darwin 27.0.0 arm64","Apple LLVM 21.0.0 (clang-2100.3.34.2)"," -O3 -DNDEBUG -DPITO_ECS_OWNED_DELETE_ATOMIC=1",8,100000,pito,owned_delete,ecs_remove_owned + join,2,10,8,28.148000
aalair,"Apple M3",8,"Darwin 27.0.0 arm64","Apple LLVM 21.0.0 (clang-2100.3.34.2)"," -O3 -DNDEBUG -DPITO_ECS_OWNED_DELETE_ATOMIC=1",8,100000,pito,owned_delete,ecs_remove_owned + join,2,10,9,28.220000
aalair,"Apple M3",8,"Darwin 27.0.0 arm64","Apple LLVM 21.0.0 (clang-2100.3.34.2)"," -O3 -DNDEBUG -DPITO_ECS_OWNED_DELETE_ATOMIC=1",8,100000,pito,owned_delete,ecs_remove_owned + join,2,10,10,28.190000
aalair,"Apple M3",8,"Darwin 27.0.0 arm64","Apple LLVM 21.0.0 (clang-2100.3.34.2)"," -O3 -DNDEBUG -DPITO_ECS_OWNED_DELETE_ATOMIC=1",8,100000,pito,owned_delete,ecs_remove_owned + join,2,500,1,211.589000
aalair,"Apple M3",8,"Darwin 27.0.0 arm64","Apple LLVM 21.0.0 (clang-2100.3.34.2)"," -O3 -DNDEBUG -DPITO_ECS_OWNED_DELETE_ATOMIC=1",8,100000,pito,owned_delete,ecs_remove_owned + join,2,500,2,210.531000
aalair,"Apple M3",8,"Darwin 27.0.0 arm64","Apple LLVM 21.0.0 (clang-2100.3.34.2)"," -O3 -DNDEBUG -DPITO_ECS_OWNED_DELETE_ATOMIC=1",8,100000,pito,owned_delete,ecs_remove_owned + join,2,500,3,211.301000
aalair,"Apple M3",8,"Darwin 27.0.0 arm64","Apple LLVM 21.0.0 (clang-2100.3.34.2)"," -O3 -DNDEBUG -DPITO_ECS_OWNED_DELETE_ATOMIC=1",8,100000,pito,owned_delete,ecs_remove_owned + join,2,500,4,210.723000
aalair,"Apple M3",8,"Darwin 27.0.0 arm64","Apple LLVM 21.0.0 (clang-2100.3.34.2)"," -O3 -DNDEBUG -DPITO_ECS_OWNED_DELETE_ATOMIC=1",8,100000,pito,owned_delete,ecs_remove_owned + join,2,500,5,212.928000
aalair,"Apple M3",8,"Darwin 27.0.0 arm64","Apple LLVM 21.0.0 (clang-2100.3.34.2)"," -O3 -DNDEBUG -DPITO_ECS_OWNED_DELETE_ATOMIC=1",8,100000,pito,owned_delete,ecs_remove_owned + join,2,500,6,212.187000
aalair,"Apple M3",8,"Darwin 27.0.0 arm64","Apple LLVM 21.0.0 (clang-2100.3.34.2)"," -O3 -DNDEBUG -DPITO_ECS_OWNED_DELETE_ATOMIC=1",8,100000,pito,owned_delete,ecs_remove_owned + join,2,500,7,210.560000
aalair,"Apple M3",8,"Darwin 27.0.0 arm64","Apple LLVM 21.0.0 (clang-2100.3.34.2)"," -O3 -DNDEBUG -DPITO_ECS_OWNED_DELETE_ATOMIC=1",8,100000,pito,owned_delete,ecs_remove_owned + join,2,500,8,210.659000
aalair,"Apple M3",8,"Darwin 27.0.0 arm64","Apple LLVM 21.0.0 (clang-2100.3.34.2)"," -O3 -DNDEBUG -DPITO_ECS_OWNED_DELETE_ATOMIC=1",8,100000,pito,owned_delete,ecs_remove_owned + join,2,500,9,210.682000
aalair,"Apple M3",8,"Darwin 27.0.0 arm64","Apple LLVM 21.0.0 (clang-2100.3.34.2)"," -O3 -DNDEBUG -DPITO_ECS_OWNED_DELETE_ATOMIC=1",8,100000,pito,owned_delete,ecs_remove_owned + join,2,500,10,213.305000
aalair,"Apple M3",8,"Darwin 27.0.0 arm64","Apple LLVM 21.0.0 (clang-2100.3.34.2)"," -O3 -DNDEBUG -DPITO_ECS_OWNED_DELETE_ATOMIC=1",8,100000,pito,owned_delete,ecs_remove_owned + join,4,0,1,34.369000
aalair,"Apple M3",8,"Darwin 27.0.0 arm64","Apple LLVM 21.0.0 (clang-2100.3.34.2)"," -O3 -DNDEBUG -DPITO_ECS_OWNED_DELETE_ATOMIC=1",8,100000,pito,owned_delete,ecs_remove_owned + join,4,0,2,26.909000
aalair,"Apple M3",8,"Darwin 27.0.0 arm64","Apple LLVM 21.0.0 (clang-2100.3.34.2)"," -O3 -DNDEBUG -DPITO_ECS_OWNED_DELETE_ATOMIC=1",8,100000,pito,owned_delete,ecs_remove_owned + join,4,0,3,26.932000
aalair,"Apple M3",8,"Darwin 27.0.0 arm64","Apple LLVM 21.0.0 (clang-2100.3.34.2)"," -O3 -DNDEBUG -DPITO_ECS_OWNED_DELETE_ATOMIC=1",8,100000,pito,owned_delete,ecs_remove_owned + join,4,0,4,26.870000
aalair,"Apple M3",8,"Darwin 27.0.0 arm64","Apple LLVM 21.0.0 (clang-2100.3.34.2)"," -O3 -DNDEBUG -DPITO_ECS_OWNED_DELETE_ATOMIC=1",8,100000,pito,owned_delete,ecs_remove_owned + join,4,0,5,26.797000
aalair,"Apple M3",8,"Darwin 27.0.0 arm64","Apple LLVM 21.0.0 (clang-2100.3.34.2)"," -O3 -DNDEBUG -DPITO_ECS_OWNED_DELETE_ATOMIC=1",8,100000,pito,owned_delete,ecs_remove_owned + join,4,0,6,26.874000
aalair,"Apple M3",8,"Darwin 27.0.0 arm64","Apple LLVM 21.0.0 (clang-2100.3.34.2)"," -O3 -DNDEBUG -DPITO_ECS_OWNED_DELETE_ATOMIC=1",8,100000,pito,owned_delete,ecs_remove_owned + join,4,0,7,26.920000
aalair,"Apple M3",8,"Darwin 27.0.0 arm64","Apple LLVM 21.0.0 (clang-2100.3.34.2)"," -O3 -DNDEBUG -DPITO_ECS_OWNED_DELETE_ATOMIC=1",8,100000,pito,owned_delete,ecs_remove_owned + join,4,0,8,26.993000
aalair,"Apple M3",8,"Darwin 27.0.0 arm64","Apple LLVM 21.0.0 (clang-2100.3.34.2)"," -O3 -DNDEBUG -DPITO_ECS_OWNED_DELETE_ATOMIC=1",8,100000,pito,owned_delete,ecs_remove_owned + join,4,0,9,26.999000
aalair,"Apple M3",8,"Darwin 27.0.0 arm64","Apple LLVM 21.0.0 (clang-2100.3.34.2)"," -O3 -DNDEBUG -DPITO_ECS_OWNED_DELETE_ATOMIC=1",8,100000,pito,owned_delete,ecs_remove_owned + join,4,0,10,26.885000
aalair,"Apple M3",8,"Darwin 27.0.0 arm64","Apple LLVM 21.0.0 (clang-2100.3.34.2)"," -O3 -DNDEBUG -DPITO_ECS_OWNED_DELETE_ATOMIC=1",8,100000,pito,owned_delete,ecs_remove_owned + join,4,0,11,27.037000
aalair,"Apple M3",8,"Darwin 27.0.0 arm64","Apple LLVM 21.0.0 (clang-2100.3.34.2)"," -O3 -DNDEBUG -DPITO_ECS_OWNED_DELETE_ATOMIC=1",8,100000,pito,owned_delete,ecs_remove_owned + join,4,10,1,30.537000
aalair,"Apple M3",8,"Darwin 27.0.0 arm64","Apple LLVM 21.0.0 (clang-2100.3.34.2)"," -O3 -DNDEBUG -DPITO_ECS_OWNED_DELETE_ATOMIC=1",8,100000,pito,owned_delete,ecs_remove_owned + join,4,10,2,30.387000
aalair,"Apple M3",8,"Darwin 27.0.0 arm64","Apple LLVM 21.0.0 (clang-2100.3.34.2)"," -O3 -DNDEBUG -DPITO_ECS_OWNED_DELETE_ATOMIC=1",8,100000,pito,owned_delete,ecs_remove_owned + join,4,10,3,30.430000
aalair,"Apple M3",8,"Darwin 27.0.0 arm64","Apple LLVM 21.0.0 (clang-2100.3.34.2)"," -O3 -DNDEBUG -DPITO_ECS_OWNED_DELETE_ATOMIC=1",8,100000,pito,owned_delete,ecs_remove_owned + join,4,10,4,30.547000
aalair,"Apple M3",8,"Darwin 27.0.0 arm64","Apple LLVM 21.0.0 (clang-2100.3.34.2)"," -O3 -DNDEBUG -DPITO_ECS_OWNED_DELETE_ATOMIC=1",8,100000,pito,owned_delete,ecs_remove_owned + join,4,10,5,30.575000
aalair,"Apple M3",8,"Darwin 27.0.0 arm64","Apple LLVM 21.0.0 (clang-2100.3.34.2)"," -O3 -DNDEBUG -DPITO_ECS_OWNED_DELETE_ATOMIC=1",8,100000,pito,owned_delete,ecs_remove_owned + join,4,10,6,30.522000
aalair,"Apple M3",8,"Darwin 27.0.0 arm64","Apple LLVM 21.0.0 (clang-2100.3.34.2)"," -O3 -DNDEBUG -DPITO_ECS_OWNED_DELETE_ATOMIC=1",8,100000,pito,owned_delete,ecs_remove_owned + join,4,10,7,30.548000
aalair,"Apple M3",8,"Darwin 27.0.0 arm64","Apple LLVM 21.0.0 (clang-2100.3.34.2)"," -O3 -DNDEBUG -DPITO_ECS_OWNED_DELETE_ATOMIC=1",8,100000,pito,owned_delete,ecs_remove_owned + join,4,10,8,30.553000
aalair,"Apple M3",8,"Darwin 27.0.0 arm64","Apple LLVM 21.0.0 (clang-2100.3.34.2)"," -O3 -DNDEBUG -DPITO_ECS_OWNED_DELETE_ATOMIC=1",8,100000,pito,owned_delete,ecs_remove_owned + join,4,10,9,30.539000
aalair,"Apple M3",8,"Darwin 27.0.0 arm64","Apple LLVM 21.0.0 (clang-2100.3.34.2)"," -O3 -DNDEBUG -DPITO_ECS_OWNED_DELETE_ATOMIC=1",8,100000,pito,owned_delete,ecs_remove_owned + join,4,10,10,30.234000
aalair,"Apple M3",8,"Darwin 27.0.0 arm64","Apple LLVM 21.0.0 (clang-2100.3.34.2)"," -O3 -DNDEBUG -DPITO_ECS_OWNED_DELETE_ATOMIC=1",8,100000,pito,owned_delete,ecs_remove_owned + join,4,500,1,111.331000
aalair,"Apple M3",8,"Darwin 27.0.0 arm64","Apple LLVM 21.0.0 (clang-2100.3.34.2)"," -O3 -DNDEBUG -DPITO_ECS_OWNED_DELETE_ATOMIC=1",8,100000,pito,owned_delete,ecs_remove_owned + join,4,500,2,111.276000
aalair,"Apple M3",8,"Darwin 27.0.0 arm64","Apple LLVM 21.0.0 (clang-2100.3.34.2)"," -O3 -DNDEBUG -DPITO_ECS_OWNED_DELETE_ATOMIC=1",8,100000,pito,owned_delete,ecs_remove_owned + join,4,500,3,110.119000
aalair,"Apple M3",8,"Darwin 27.0.0 arm64","Apple LLVM 21.0.0 (clang-2100.3.34.2)"," -O3 -DNDEBUG -DPITO_ECS_OWNED_DELETE_ATOMIC=1",8,100000,pito,owned_delete,ecs_remove_owned + join,4,500,4,110.655000
aalair,"Apple M3",8,"Darwin 27.0.0 arm64","Apple LLVM 21.0.0 (clang-2100.3.34.2)"," -O3 -DNDEBUG -DPITO_ECS_OWNED_DELETE_ATOMIC=1",8,100000,pito,owned_delete,ecs_remove_owned + join,4,500,5,111.325000
aalair,"Apple M3",8,"Darwin 27.0.0 arm64","Apple LLVM 21.0.0 (clang-2100.3.34.2)"," -O3 -DNDEBUG -DPITO_ECS_OWNED_DELETE_ATOMIC=1",8,100000,pito,owned_delete,ecs_remove_owned + join,4,500,6,111.434000
aalair,"Apple M3",8,"Darwin 27.0.0 arm64","Apple LLVM 21.0.0 (clang-2100.3.34.2)"," -O3 -DNDEBUG -DPITO_ECS_OWNED_DELETE_ATOMIC=1",8,100000,pito,owned_delete,ecs_remove_owned + join,4,500,7,111.294000
aalair,"Apple M3",8,"Darwin 27.0.0 arm64","Apple LLVM 21.0.0 (clang-2100.3.34.2)"," -O3 -DNDEBUG -DPITO_ECS_OWNED_DELETE_ATOMIC=1",8,100000,pito,owned_delete,ecs_remove_owned + join,4,500,8,111.059000
aalair,"Apple M3",8,"Darwin 27.0.0 arm64","Apple LLVM 21.0.0 (clang-2100.3.34.2)"," -O3 -DNDEBUG -DPITO_ECS_OWNED_DELETE_ATOMIC=1",8,100000,pito,owned_delete,ecs_remove_owned + join,4,500,9,111.269000
aalair,"Apple M3",8,"Darwin 27.0.0 arm64","Apple LLVM 21.0.0 (clang-2100.3.34.2)"," -O3 -DNDEBUG -DPITO_ECS_OWNED_DELETE_ATOMIC=1",8,100000,pito,owned_delete,ecs_remove_owned + join,4,500,10,111.205000
aalair,"Apple M3",8,"Darwin 27.0.0 arm64","Apple LLVM 21.0.0 (clang-2100.3.34.2)"," -O3 -DNDEBUG -DPITO_ECS_OWNED_DELETE_ATOMIC=1",8,100000,pito,owned_delete,ecs_remove_owned + join,8,0,1,44.860000
aalair,"Apple M3",8,"Darwin 27.0.0 arm64","Apple LLVM 21.0.0 (clang-2100.3.34.2)"," -O3 -DNDEBUG -DPITO_ECS_OWNED_DELETE_ATOMIC=1",8,100000,pito,owned_delete,ecs_remove_owned + join,8,0,2,46.172000
aalair,"Apple M3",8,"Darwin 27.0.0 arm64","Apple LLVM 21.0.0 (clang-2100.3.34.2)"," -O3 -DNDEBUG -DPITO_ECS_OWNED_DELETE_ATOMIC=1",8,100000,pito,owned_delete,ecs_remove_owned + join,8,0,3,44.875000
aalair,"Apple M3",8,"Darwin 27.0.0 arm64","Apple LLVM 21.0.0 (clang-2100.3.34.2)"," -O3 -DNDEBUG -DPITO_ECS_OWNED_DELETE_ATOMIC=1",8,100000,pito,owned_delete,ecs_remove_owned + join,8,0,4,46.099000
aalair,"Apple M3",8,"Darwin 27.0.0 arm64","Apple LLVM 21.0.0 (clang-2100.3.34.2)"," -O3 -DNDEBUG -DPITO_ECS_OWNED_DELETE_ATOMIC=1",8,100000,pito,owned_delete,ecs_remove_owned + join,8,0,5,44.381000
aalair,"Apple M3",8,"Darwin 27.0.0 arm64","Apple LLVM 21.0.0 (clang-2100.3.34.2)"," -O3 -DNDEBUG -DPITO_ECS_OWNED_DELETE_ATOMIC=1",8,100000,pito,owned_delete,ecs_remove_owned + join,8,0,6,45.845000
aalair,"Apple M3",8,"Darwin 27.0.0 arm64","Apple LLVM 21.0.0 (clang-2100.3.34.2)"," -O3 -DNDEBUG -DPITO_ECS_OWNED_DELETE_ATOMIC=1",8,100000,pito,owned_delete,ecs_remove_owned + join,8,0,7,44.919000
aalair,"Apple M3",8,"Darwin 27.0.0 arm64","Apple LLVM 21.0.0 (clang-2100.3.34.2)"," -O3 -DNDEBUG -DPITO_ECS_OWNED_DELETE_ATOMIC=1",8,100000,pito,owned_delete,ecs_remove_owned + join,8,0,8,45.123000
aalair,"Apple M3",8,"Darwin 27.0.0 arm64","Apple LLVM 21.0.0 (clang-2100.3.34.2)"," -O3 -DNDEBUG -DPITO_ECS_OWNED_DELETE_ATOMIC=1",8,100000,pito,owned_delete,ecs_remove_owned + join,8,0,9,46.124000
aalair,"Apple M3",8,"Darwin 27.0.0 arm64","Apple LLVM 21.0.0 (clang-2100.3.34.2)"," -O3 -DNDEBUG -DPITO_ECS_OWNED_DELETE_ATOMIC=1",8,100000,pito,owned_delete,ecs_remove_owned + join,8,0,10,44.788000
aalair,"Apple M3",8,"Darwin 27.0.0 arm64","Apple LLVM 21.0.0 (clang-2100.3.34.2)"," -O3 -DNDEBUG -DPITO_ECS_OWNED_DELETE_ATOMIC=1",8,100000,pito,owned_delete,ecs_remove_owned + join,8,10,1,44.712000
aalair,"Apple M3",8,"Darwin 27.0.0 arm64","Apple LLVM 21.0.0 (clang-2100.3.34.2)"," -O3 -DNDEBUG -DPITO_ECS_OWNED_DELETE_ATOMIC=1",8,100000,pito,owned_delete,ecs_remove_owned + join,8,10,2,44.377000
aalair,"Apple M3",8,"Darwin 27.0.0 arm64","Apple LLVM 21.0.0 (clang-2100.3.34.2)"," -O3 -DNDEBUG -DPITO_ECS_OWNED_DELETE_ATOMIC=1",8,100000,pito,owned_delete,ecs_remove_owned + join,8,10,3,44.445000
aalair,"Apple M3",8,"Darwin 27.0.0 arm64","Apple LLVM 21.0.0 (clang-2100.3.34.2)"," -O3 -DNDEBUG -DPITO_ECS_OWNED_DELETE_ATOMIC=1",8,100000,pito,owned_delete,ecs_remove_owned + join,8,10,4,44.341000
aalair,"Apple M3",8,"Darwin 27.0.0 arm64","Apple LLVM 21.0.0 (clang-2100.3.34.2)"," -O3 -DNDEBUG -DPITO_ECS_OWNED_DELETE_ATOMIC=1",8,100000,pito,owned_delete,ecs_remove_owned + join,8,10,5,46.063000
aalair,"Apple M3",8,"Darwin 27.0.0 arm64","Apple LLVM 21.0.0 (clang-2100.3.34.2)"," -O3 -DNDEBUG -DPITO_ECS_OWNED_DELETE_ATOMIC=1",8,100000,pito,owned_delete,ecs_remove_owned + join,8,10,6,45.750000
aalair,"Apple M3",8,"Darwin 27.0.0 arm64","Apple LLVM 21.0.0 (clang-2100.3.34.2)"," -O3 -DNDEBUG -DPITO_ECS_OWNED_DELETE_ATOMIC=1",8,100000,pito,owned_delete,ecs_remove_owned + join,8,10,7,46.552000
aalair,"Apple M3",8,"Darwin 27.0.0 arm64","Apple LLVM 21.0.0 (clang-2100.3.34.2)"," -O3 -DNDEBUG -DPITO_ECS_OWNED_DELETE_ATOMIC=1",8,100000,pito,owned_delete,ecs_remove_owned + join,8,10,8,44.546000
aalair,"Apple M3",8,"Darwin 27.0.0 arm64","Apple LLVM 21.0.0 (clang-2100.3.34.2)"," -O3 -DNDEBUG -DPITO_ECS_OWNED_DELETE_ATOMIC=1",8,100000,pito,owned_delete,ecs_remove_owned + join,8,10,9,44.490000
aalair,"Apple M3",8,"Darwin 27.0.0 arm64","Apple LLVM 21.0.0 (clang-2100.3.34.2)"," -O3 -DNDEBUG -DPITO_ECS_OWNED_DELETE_ATOMIC=1",8,100000,pito,owned_delete,ecs_remove_owned + join,8,10,10,44.597000
aalair,"Apple M3",8,"Darwin 27.0.0 arm64","Apple LLVM 21.0.0 (clang-2100.3.34.2)"," -O3 -DNDEBUG -DPITO_ECS_OWNED_DELETE_ATOMIC=1",8,100000,pito,owned_delete,ecs_remove_owned + join,8,500,1,79.855000
aalair,"Apple M3",8,"Darwin 27.0.0 arm64","Apple LLVM 21.0.0 (clang-2100.3.34.2)"," -O3 -DNDEBUG -DPITO_ECS_OWNED_DELETE_ATOMIC=1",8,100000,pito,owned_delete,ecs_remove_owned + join,8,500,2,79.507000
aalair,"Apple M3",8,"Darwin 27.0.0 arm64","Apple LLVM 21.0.0 (clang-2100.3.34.2)"," -O3 -DNDEBUG -DPITO_ECS_OWNED_DELETE_ATOMIC=1",8,100000,pito,owned_delete,ecs_remove_owned + join,8,500,3,79.196000
aalair,"Apple M3",8,"Darwin 27.0.0 arm64","Apple LLVM 21.0.0 (clang-2100.3.34.2)"," -O3 -DNDEBUG -DPITO_ECS_OWNED_DELETE_ATOMIC=1",8,100000,pito,owned_delete,ecs_remove_owned + join,8,500,4,78.665000
aalair,"Apple M3",8,"Darwin 27.0.0 arm64","Apple LLVM 21.0.0 (clang-2100.3.34.2)"," -O3 -DNDEBUG -DPITO_ECS_OWNED_DELETE_ATOMIC=1",8,100000,pito,owned_delete,ecs_remove_owned + join,8,500,5,79.324000
aalair,"Apple M3",8,"Darwin 27.0.0 arm64","Apple LLVM 21.0.0 (clang-2100.3.34.2)"," -O3 -DNDEBUG -DPITO_ECS_OWNED_DELETE_ATOMIC=1",8,100000,pito,owned_delete,ecs_remove_owned + join,8,500,6,78.699000
aalair,"Apple M3",8,"Darwin 27.0.0 arm64","Apple LLVM 21.0.0 (clang-2100.3.34.2)"," -O3 -DNDEBUG -DPITO_ECS_OWNED_DELETE_ATOMIC=1",8,100000,pito,owned_delete,ecs_remove_owned + join,8,500,7,80.236000
aalair,"Apple M3",8,"Darwin 27.0.0 arm64","Apple LLVM 21.0.0 (clang-2100.3.34.2)"," -O3 -DNDEBUG -DPITO_ECS_OWNED_DELETE_ATOMIC=1",8,100000,pito,owned_delete,ecs_remove_owned + join,8,500,8,79.175000
aalair,"Apple M3",8,"Darwin 27.0.0 arm64","Apple LLVM 21.0.0 (clang-2100.3.34.2)"," -O3 -DNDEBUG -DPITO_ECS_OWNED_DELETE_ATOMIC=1",8,100000,pito,owned_delete,ecs_remove_owned + join,8,500,9,79.086000
aalair,"Apple M3",8,"Darwin 27.0.0 arm64","Apple LLVM 21.0.0 (clang-2100.3.34.2)"," -O3 -DNDEBUG -DPITO_ECS_OWNED_DELETE_ATOMIC=1",8,100000,pito,owned_delete,ecs_remove_owned + join,8,500,10,80.108000
aalair,"Apple M3",8,"Darwin 27.0.0 arm64","Apple LLVM 21.0.0 (clang-2100.3.34.2)"," -O3 -DNDEBUG",8,100000,pico,owned_initialize,,1,0,1,12.273000
aalair,"Apple M3",8,"Darwin 27.0.0 arm64","Apple LLVM 21.0.0 (clang-2100.3.34.2)"," -O3 -DNDEBUG",8,100000,pico,owned_initialize,,1,0,2,11.113000
aalair,"Apple M3",8,"Darwin 27.0.0 arm64","Apple LLVM 21.0.0 (clang-2100.3.34.2)"," -O3 -DNDEBUG",8,100000,pico,owned_initialize,,1,0,3,10.990000
aalair,"Apple M3",8,"Darwin 27.0.0 arm64","Apple LLVM 21.0.0 (clang-2100.3.34.2)"," -O3 -DNDEBUG",8,100000,pico,owned_initialize,,1,0,4,10.829000
aalair,"Apple M3",8,"Darwin 27.0.0 arm64","Apple LLVM 21.0.0 (clang-2100.3.34.2)"," -O3 -DNDEBUG",8,100000,pico,owned_initialize,,1,0,5,10.972000
aalair,"Apple M3",8,"Darwin 27.0.0 arm64","Apple LLVM 21.0.0 (clang-2100.3.34.2)"," -O3 -DNDEBUG",8,100000,pico,owned_initialize,,1,0,6,10.897000
aalair,"Apple M3",8,"Darwin 27.0.0 arm64","Apple LLVM 21.0.0 (clang-2100.3.34.2)"," -O3 -DNDEBUG",8,100000,pico,owned_initialize,,1,0,7,10.917000
aalair,"Apple M3",8,"Darwin 27.0.0 arm64","Apple LLVM 21.0.0 (clang-2100.3.34.2)"," -O3 -DNDEBUG",8,100000,pico,owned_initialize,,1,0,8,10.898000
aalair,"Apple M3",8,"Darwin 27.0.0 arm64","Apple LLVM 21.0.0 (clang-2100.3.34.2)"," -O3 -DNDEBUG",8,100000,pico,owned_initialize,,1,0,9,10.907000
aalair,"Apple M3",8,"Darwin 27.0.0 arm64","Apple LLVM 21.0.0 (clang-2100.3.34.2)"," -O3 -DNDEBUG",8,100000,pico,owned_initialize,,1,0,10,11.068000
aalair,"Apple M3",8,"Darwin 27.0.0 arm64","Apple LLVM 21.0.0 (clang-2100.3.34.2)"," -O3 -DNDEBUG",8,100000,pico,owned_initialize,,1,0,11,10.890000
aalair,"Apple M3",8,"Darwin 27.0.0 arm64","Apple LLVM 21.0.0 (clang-2100.3.34.2)"," -O3 -DNDEBUG",8,100000,pico,owned_initialize,,1,10,1,12.581000
aalair,"Apple M3",8,"Darwin 27.0.0 arm64","Apple LLVM 21.0.0 (clang-2100.3.34.2)"," -O3 -DNDEBUG",8,100000,pico,owned_initialize,,1,10,2,12.555000
aalair,"Apple M3",8,"Darwin 27.0.0 arm64","Apple LLVM 21.0.0 (clang-2100.3.34.2)"," -O3 -DNDEBUG",8,100000,pico,owned_initialize,,1,10,3,13.063000
aalair,"Apple M3",8,"Darwin 27.0.0 arm64","Apple LLVM 21.0.0 (clang-2100.3.34.2)"," -O3 -DNDEBUG",8,100000,pico,owned_initialize,,1,10,4,12.759000
aalair,"Apple M3",8,"Darwin 27.0.0 arm64","Apple LLVM 21.0.0 (clang-2100.3.34.2)"," -O3 -DNDEBUG",8,100000,pico,owned_initialize,,1,10,5,12.719000
aalair,"Apple M3",8,"Darwin 27.0.0 arm64","Apple LLVM 21.0.0 (clang-2100.3.34.2)"," -O3 -DNDEBUG",8,100000,pico,owned_initialize,,1,10,6,12.646000
aalair,"Apple M3",8,"Darwin 27.0.0 arm64","Apple LLVM 21.0.0 (clang-2100.3.34.2)"," -O3 -DNDEBUG",8,100000,pico,owned_initialize,,1,10,7,12.528000
aalair,"Apple M3",8,"Darwin 27.0.0 arm64","Apple LLVM 21.0.0 (clang-2100.3.34.2)"," -O3 -DNDEBUG",8,100000,pico,owned_initialize,,1,10,8,12.563000
aalair,"Apple M3",8,"Darwin 27.0.0 arm64","Apple LLVM 21.0.0 (clang-2100.3.34.2)"," -O3 -DNDEBUG",8,100000,pico,owned_initialize,,1,10,9,12.576000
aalair,"Apple M3",8,"Darwin 27.0.0 arm64","Apple LLVM 21.0.0 (clang-2100.3.34.2)"," -O3 -DNDEBUG",8,100000,pico,owned_initialize,,1,10,10,12.522000
aalair,"Apple M3",8,"Darwin 27.0.0 arm64","Apple LLVM 21.0.0 (clang-2100.3.34.2)"," -O3 -DNDEBUG",8,100000,pico,owned_initialize,,1,500,1,372.138000
aalair,"Apple M3",8,"Darwin 27.0.0 arm64","Apple LLVM 21.0.0 (clang-2100.3.34.2)"," -O3 -DNDEBUG",8,100000,pico,owned_initialize,,1,500,2,372.118000
aalair,"Apple M3",8,"Darwin 27.0.0 arm64","Apple LLVM 21.0.0 (clang-2100.3.34.2)"," -O3 -DNDEBUG",8,100000,pico,owned_initialize,,1,500,3,371.982000
aalair,"Apple M3",8,"Darwin 27.0.0 arm64","Apple LLVM 21.0.0 (clang-2100.3.34.2)"," -O3 -DNDEBUG",8,100000,pico,owned_initialize,,1,500,4,371.043000
aalair,"Apple M3",8,"Darwin 27.0.0 arm64","Apple LLVM 21.0.0 (clang-2100.3.34.2)"," -O3 -DNDEBUG",8,100000,pico,owned_initialize,,1,500,5,372.011000
aalair,"Apple M3",8,"Darwin 27.0.0 arm64","Apple LLVM 21.0.0 (clang-2100.3.34.2)"," -O3 -DNDEBUG",8,100000,pico,owned_initialize,,1,500,6,370.919000
aalair,"Apple M3",8,"Darwin 27.0.0 arm64","Apple LLVM 21.0.0 (clang-2100.3.34.2)"," -O3 -DNDEBUG",8,100000,pico,owned_initialize,,1,500,7,369.192000
aalair,"Apple M3",8,"Darwin 27.0.0 arm64","Apple LLVM 21.0.0 (clang-2100.3.34.2)"," -O3 -DNDEBUG",8,100000,pico,owned_initialize,,1,500,8,364.855000
aalair,"Apple M3",8,"Darwin 27.0.0 arm64","Apple LLVM 21.0.0 (clang-2100.3.34.2)"," -O3 -DNDEBUG",8,100000,pico,owned_initialize,,1,500,9,362.033000
aalair,"Apple M3",8,"Darwin 27.0.0 arm64","Apple LLVM 21.0.0 (clang-2100.3.34.2)"," -O3 -DNDEBUG",8,100000,pico,owned_initialize,,1,500,10,368.642000
aalair,"Apple M3",8,"Darwin 27.0.0 arm64","Apple LLVM 21.0.0 (clang-2100.3.34.2)"," -O3 -DNDEBUG",8,100000,flecs,owned_initialize,,1,0,1,41.212000
aalair,"Apple M3",8,"Darwin 27.0.0 arm64","Apple LLVM 21.0.0 (clang-2100.3.34.2)"," -O3 -DNDEBUG",8,100000,flecs,owned_initialize,,1,0,2,40.623000
aalair,"Apple M3",8,"Darwin 27.0.0 arm64","Apple LLVM 21.0.0 (clang-2100.3.34.2)"," -O3 -DNDEBUG",8,100000,flecs,owned_initialize,,1,0,3,40.924000
aalair,"Apple M3",8,"Darwin 27.0.0 arm64","Apple LLVM 21.0.0 (clang-2100.3.34.2)"," -O3 -DNDEBUG",8,100000,flecs,owned_initialize,,1,0,4,40.124000
aalair,"Apple M3",8,"Darwin 27.0.0 arm64","Apple LLVM 21.0.0 (clang-2100.3.34.2)"," -O3 -DNDEBUG",8,100000,flecs,owned_initialize,,1,0,5,39.681000
aalair,"Apple M3",8,"Darwin 27.0.0 arm64","Apple LLVM 21.0.0 (clang-2100.3.34.2)"," -O3 -DNDEBUG",8,100000,flecs,owned_initialize,,1,0,6,39.056000
aalair,"Apple M3",8,"Darwin 27.0.0 arm64","Apple LLVM 21.0.0 (clang-2100.3.34.2)"," -O3 -DNDEBUG",8,100000,flecs,owned_initialize,,1,0,7,39.249000
aalair,"Apple M3",8,"Darwin 27.0.0 arm64","Apple LLVM 21.0.0 (clang-2100.3.34.2)"," -O3 -DNDEBUG",8,100000,flecs,owned_initialize,,1,0,8,39.235000
aalair,"Apple M3",8,"Darwin 27.0.0 arm64","Apple LLVM 21.0.0 (clang-2100.3.34.2)"," -O3 -DNDEBUG",8,100000,flecs,owned_initialize,,1,0,9,40.354000
aalair,"Apple M3",8,"Darwin 27.0.0 arm64","Apple LLVM 21.0.0 (clang-2100.3.34.2)"," -O3 -DNDEBUG",8,100000,flecs,owned_initialize,,1,0,10,39.215000
aalair,"Apple M3",8,"Darwin 27.0.0 arm64","Apple LLVM 21.0.0 (clang-2100.3.34.2)"," -O3 -DNDEBUG",8,100000,flecs,owned_initialize,,1,10,1,41.428000
aalair,"Apple M3",8,"Darwin 27.0.0 arm64","Apple LLVM 21.0.0 (clang-2100.3.34.2)"," -O3 -DNDEBUG",8,100000,flecs,owned_initialize,,1,10,2,40.961000
aalair,"Apple M3",8,"Darwin 27.0.0 arm64","Apple LLVM 21.0.0 (clang-2100.3.34.2)"," -O3 -DNDEBUG",8,100000,flecs,owned_initialize,,1,10,3,41.137000
aalair,"Apple M3",8,"Darwin 27.0.0 arm64","Apple LLVM 21.0.0 (clang-2100.3.34.2)"," -O3 -DNDEBUG",8,100000,flecs,owned_initialize,,1,10,4,41.024000
aalair,"Apple M3",8,"Darwin 27.0.0 arm64","Apple LLVM 21.0.0 (clang-2100.3.34.2)"," -O3 -DNDEBUG",8,100000,flecs,owned_initialize,,1,10,5,41.136000
aalair,"Apple M3",8,"Darwin 27.0.0 arm64","Apple LLVM 21.0.0 (clang-2100.3.34.2)"," -O3 -DNDEBUG",8,100000,flecs,owned_initialize,,1,10,6,40.849000
aalair,"Apple M3",8,"Darwin 27.0.0 arm64","Apple LLVM 21.0.0 (clang-2100.3.34.2)"," -O3 -DNDEBUG",8,100000,flecs,owned_initialize,,1,10,7,40.811000
aalair,"Apple M3",8,"Darwin 27.0.0 arm64","Apple LLVM 21.0.0 (clang-2100.3.34.2)"," -O3 -DNDEBUG",8,100000,flecs,owned_initialize,,1,10,8,41.325000
aalair,"Apple M3",8,"Darwin 27.0.0 arm64","Apple LLVM 21.0.0 (clang-2100.3.34.2)"," -O3 -DNDEBUG",8,100000,flecs,owned_initialize,,1,10,9,40.857000
aalair,"Apple M3",8,"Darwin 27.0.0 arm64","Apple LLVM 21.0.0 (clang-2100.3.34.2)"," -O3 -DNDEBUG",8,100000,flecs,owned_initialize,,1,10,10,41.071000
aalair,"Apple M3",8,"Darwin 27.0.0 arm64","Apple LLVM 21.0.0 (clang-2100.3.34.2)"," -O3 -DNDEBUG",8,100000,flecs,owned_initialize,,1,500,1,428.104000
aalair,"Apple M3",8,"Darwin 27.0.0 arm64","Apple LLVM 21.0.0 (clang-2100.3.34.2)"," -O3 -DNDEBUG",8,100000,flecs,owned_initialize,,1,500,2,428.214000
aalair,"Apple M3",8,"Darwin 27.0.0 arm64","Apple LLVM 21.0.0 (clang-2100.3.34.2)"," -O3 -DNDEBUG",8,100000,flecs,owned_initialize,,1,500,3,427.999000
aalair,"Apple M3",8,"Darwin 27.0.0 arm64","Apple LLVM 21.0.0 (clang-2100.3.34.2)"," -O3 -DNDEBUG",8,100000,flecs,owned_initialize,,1,500,4,428.560000
aalair,"Apple M3",8,"Darwin 27.0.0 arm64","Apple LLVM 21.0.0 (clang-2100.3.34.2)"," -O3 -DNDEBUG",8,100000,flecs,owned_initialize,,1,500,5,428.439000
aalair,"Apple M3",8,"Darwin 27.0.0 arm64","Apple LLVM 21.0.0 (clang-2100.3.34.2)"," -O3 -DNDEBUG",8,100000,flecs,owned_initialize,,1,500,6,443.487000
aalair,"Apple M3",8,"Darwin 27.0.0 arm64","Apple LLVM 21.0.0 (clang-2100.3.34.2)"," -O3 -DNDEBUG",8,100000,flecs,owned_initialize,,1,500,7,429.305000
aalair,"Apple M3",8,"Darwin 27.0.0 arm64","Apple LLVM 21.0.0 (clang-2100.3.34.2)"," -O3 -DNDEBUG",8,100000,flecs,owned_initialize,,1,500,8,428.393000
aalair,"Apple M3",8,"Darwin 27.0.0 arm64","Apple LLVM 21.0.0 (clang-2100.3.34.2)"," -O3 -DNDEBUG",8,100000,flecs,owned_initialize,,1,500,9,426.428000
aalair,"Apple M3",8,"Darwin 27.0.0 arm64","Apple LLVM 21.0.0 (clang-2100.3.34.2)"," -O3 -DNDEBUG",8,100000,flecs,owned_initialize,,1,500,10,428.934000
aalair,"Apple M3",8,"Darwin 27.0.0 arm64","Apple LLVM 21.0.0 (clang-2100.3.34.2)"," -O3 -DNDEBUG",8,100000,pito,owned_initialize,ecs_create_owned,1,0,1,27.326000
aalair,"Apple M3",8,"Darwin 27.0.0 arm64","Apple LLVM 21.0.0 (clang-2100.3.34.2)"," -O3 -DNDEBUG",8,100000,pito,owned_initialize,ecs_create_owned,1,0,2,27.035000
aalair,"Apple M3",8,"Darwin 27.0.0 arm64","Apple LLVM 21.0.0 (clang-2100.3.34.2)"," -O3 -DNDEBUG",8,100000,pito,owned_initialize,ecs_create_owned,1,0,3,27.258000
aalair,"Apple M3",8,"Darwin 27.0.0 arm64","Apple LLVM 21.0.0 (clang-2100.3.34.2)"," -O3 -DNDEBUG",8,100000,pito,owned_initialize,ecs_create_owned,1,0,4,27.056000
aalair,"Apple M3",8,"Darwin 27.0.0 arm64","Apple LLVM 21.0.0 (clang-2100.3.34.2)"," -O3 -DNDEBUG",8,100000,pito,owned_initialize,ecs_create_owned,1,0,5,27.014000
aalair,"Apple M3",8,"Darwin 27.0.0 arm64","Apple LLVM 21.0.0 (clang-2100.3.34.2)"," -O3 -DNDEBUG",8,100000,pito,owned_initialize,ecs_create_owned,1,0,6,27.065000
aalair,"Apple M3",8,"Darwin 27.0.0 arm64","Apple LLVM 21.0.0 (clang-2100.3.34.2)"," -O3 -DNDEBUG",8,100000,pito,owned_initialize,ecs_create_owned,1,0,7,27.100000
aalair,"Apple M3",8,"Darwin 27.0.0 arm64","Apple LLVM 21.0.0 (clang-2100.3.34.2)"," -O3 -DNDEBUG",8,100000,pito,owned_initialize,ecs_create_owned,1,0,8,26.980000
aalair,"Apple M3",8,"Darwin 27.0.0 arm64","Apple LLVM 21.0.0 (clang-2100.3.34.2)"," -O3 -DNDEBUG",8,100000,pito,owned_initialize,ecs_create_owned,1,0,9,26.712000
aalair,"Apple M3",8,"Darwin 27.0.0 arm64","Apple LLVM 21.0.0 (clang-2100.3.34.2)"," -O3 -DNDEBUG",8,100000,pito,owned_initialize,ecs_create_owned,1,0,10,26.965000
aalair,"Apple M3",8,"Darwin 27.0.0 arm64","Apple LLVM 21.0.0 (clang-2100.3.34.2)"," -O3 -DNDEBUG",8,100000,pito,owned_initialize,ecs_create_owned,1,10,1,29.132000
aalair,"Apple M3",8,"Darwin 27.0.0 arm64","Apple LLVM 21.0.0 (clang-2100.3.34.2)"," -O3 -DNDEBUG",8,100000,pito,owned_initialize,ecs_create_owned,1,10,2,29.423000
aalair,"Apple M3",8,"Darwin 27.0.0 arm64","Apple LLVM 21.0.0 (clang-2100.3.34.2)"," -O3 -DNDEBUG",8,100000,pito,owned_initialize,ecs_create_owned,1,10,3,29.205000
aalair,"Apple M3",8,"Darwin 27.0.0 arm64","Apple LLVM 21.0.0 (clang-2100.3.34.2)"," -O3 -DNDEBUG",8,100000,pito,owned_initialize,ecs_create_owned,1,10,4,28.924000
aalair,"Apple M3",8,"Darwin 27.0.0 arm64","Apple LLVM 21.0.0 (clang-2100.3.34.2)"," -O3 -DNDEBUG",8,100000,pito,owned_initialize,ecs_create_owned,1,10,5,29.309000
aalair,"Apple M3",8,"Darwin 27.0.0 arm64","Apple LLVM 21.0.0 (clang-2100.3.34.2)"," -O3 -DNDEBUG",8,100000,pito,owned_initialize,ecs_create_owned,1,10,6,29.089000
aalair,"Apple M3",8,"Darwin 27.0.0 arm64","Apple LLVM 21.0.0 (clang-2100.3.34.2)"," -O3 -DNDEBUG",8,100000,pito,owned_initialize,ecs_create_owned,1,10,7,28.856000
aalair,"Apple M3",8,"Darwin 27.0.0 arm64","Apple LLVM 21.0.0 (clang-2100.3.34.2)"," -O3 -DNDEBUG",8,100000,pito,owned_initialize,ecs_create_owned,1,10,8,29.146000
aalair,"Apple M3",8,"Darwin 27.0.0 arm64","Apple LLVM 21.0.0 (clang-2100.3.34.2)"," -O3 -DNDEBUG",8,100000,pito,owned_initialize,ecs_create_owned,1,10,9,28.893000
aalair,"Apple M3",8,"Darwin 27.0.0 arm64","Apple LLVM 21.0.0 (clang-2100.3.34.2)"," -O3 -DNDEBUG",8,100000,pito,owned_initialize,ecs_create_owned,1,10,10,28.990000
aalair,"Apple M3",8,"Darwin 27.0.0 arm64","Apple LLVM 21.0.0 (clang-2100.3.34.2)"," -O3 -DNDEBUG",8,100000,pito,owned_initialize,ecs_create_owned,1,500,1,408.137000
aalair,"Apple M3",8,"Darwin 27.0.0 arm64","Apple LLVM 21.0.0 (clang-2100.3.34.2)"," -O3 -DNDEBUG",8,100000,pito,owned_initialize,ecs_create_owned,1,500,2,395.308000
aalair,"Apple M3",8,"Darwin 27.0.0 arm64","Apple LLVM 21.0.0 (clang-2100.3.34.2)"," -O3 -DNDEBUG",8,100000,pito,owned_initialize,ecs_create_owned,1,500,3,391.564000
aalair,"Apple M3",8,"Darwin 27.0.0 arm64","Apple LLVM 21.0.0 (clang-2100.3.34.2)"," -O3 -DNDEBUG",8,100000,pito,owned_initialize,ecs_create_owned,1,500,4,389.404000
aalair,"Apple M3",8,"Darwin 27.0.0 arm64","Apple LLVM 21.0.0 (clang-2100.3.34.2)"," -O3 -DNDEBUG",8,100000,pito,owned_initialize,ecs_create_owned,1,500,5,386.744000
aalair,"Apple M3",8,"Darwin 27.0.0 arm64","Apple LLVM 21.0.0 (clang-2100.3.34.2)"," -O3 -DNDEBUG",8,100000,pito,owned_initialize,ecs_create_owned,1,500,6,387.372000
aalair,"Apple M3",8,"Darwin 27.0.0 arm64","Apple LLVM 21.0.0 (clang-2100.3.34.2)"," -O3 -DNDEBUG",8,100000,pito,owned_initialize,ecs_create_owned,1,500,7,386.003000
aalair,"Apple M3",8,"Darwin 27.0.0 arm64","Apple LLVM 21.0.0 (clang-2100.3.34.2)"," -O3 -DNDEBUG",8,100000,pito,owned_initialize,ecs_create_owned,1,500,8,386.291000
aalair,"Apple M3",8,"Darwin 27.0.0 arm64","Apple LLVM 21.0.0 (clang-2100.3.34.2)"," -O3 -DNDEBUG",8,100000,pito,owned_initialize,ecs_create_owned,1,500,9,387.142000
aalair,"Apple M3",8,"Darwin 27.0.0 arm64","Apple LLVM 21.0.0 (clang-2100.3.34.2)"," -O3 -DNDEBUG",8,100000,pito,owned_initialize,ecs_create_owned,1,500,10,392.876000
aalair,"Apple M3",8,"Darwin 27.0.0 arm64","Apple LLVM 21.0.0 (clang-2100.3.34.2)"," -O3 -DNDEBUG",8,100000,pito,owned_initialize,ecs_create_owned,1,500,11,390.825000
aalair,"Apple M3",8,"Darwin 27.0.0 arm64","Apple LLVM 21.0.0 (clang-2100.3.34.2)"," -O3 -DNDEBUG",8,100000,pito,owned_initialize,ecs_create_owned,2,0,1,41.053000
aalair,"Apple M3",8,"Darwin 27.0.0 arm64","Apple LLVM 21.0.0 (clang-2100.3.34.2)"," -O3 -DNDEBUG",8,100000,pito,owned_initialize,ecs_create_owned,2,0,2,41.105000
aalair,"Apple M3",8,"Darwin 27.0.0 arm64","Apple LLVM 21.0.0 (clang-2100.3.34.2)"," -O3 -DNDEBUG",8,100000,pito,owned_initialize,ecs_create_owned,2,0,3,40.631000
aalair,"Apple M3",8,"Darwin 27.0.0 arm64","Apple LLVM 21.0.0 (clang-2100.3.34.2)"," -O3 -DNDEBUG",8,100000,pito,owned_initialize,ecs_create_owned,2,0,4,40.558000
aalair,"Apple M3",8,"Darwin 27.0.0 arm64","Apple LLVM 21.0.0 (clang-2100.3.34.2)"," -O3 -DNDEBUG",8,100000,pito,owned_initialize,ecs_create_owned,2,0,5,40.461000
aalair,"Apple M3",8,"Darwin 27.0.0 arm64","Apple LLVM 21.0.0 (clang-2100.3.34.2)"," -O3 -DNDEBUG",8,100000,pito,owned_initialize,ecs_create_owned,2,0,6,40.786000
aalair,"Apple M3",8,"Darwin 27.0.0 arm64","Apple LLVM 21.0.0 (clang-2100.3.34.2)"," -O3 -DNDEBUG",8,100000,pito,owned_initialize,ecs_create_owned,2,0,7,40.659000
aalair,"Apple M3",8,"Darwin 27.0.0 arm64","Apple LLVM 21.0.0 (clang-2100.3.34.2)"," -O3 -DNDEBUG",8,100000,pito,owned_initialize,ecs_create_owned,2,0,8,40.542000
aalair,"Apple M3",8,"Darwin 27.0.0 arm64","Apple LLVM 21.0.0 (clang-2100.3.34.2)"," -O3 -DNDEBUG",8,100000,pito,owned_initialize,ecs_create_owned,2,0,9,40.585000
aalair,"Apple M3",8,"Darwin 27.0.0 arm64","Apple LLVM 21.0.0 (clang-2100.3.34.2)"," -O3 -DNDEBUG",8,100000,pito,owned_initialize,ecs_create_owned,2,0,10,40.639000
aalair,"Apple M3",8,"Darwin 27.0.0 arm64","Apple LLVM 21.0.0 (clang-2100.3.34.2)"," -O3 -DNDEBUG",8,100000,pito,owned_initialize,ecs_create_owned,2,10,1,43.270000
aalair,"Apple M3",8,"Darwin 27.0.0 arm64","Apple LLVM 21.0.0 (clang-2100.3.34.2)"," -O3 -DNDEBUG",8,100000,pito,owned_initialize,ecs_create_owned,2,10,2,43.337000
aalair,"Apple M3",8,"Darwin 27.0.0 arm64","Apple LLVM 21.0.0 (clang-2100.3.34.2)"," -O3 -DNDEBUG",8,100000,pito,owned_initialize,ecs_create_owned,2,10,3,43.355000
aalair,"Apple M3",8,"Darwin 27.0.0 arm64","Apple LLVM 21.0.0 (clang-2100.3.34.2)"," -O3 -DNDEBUG",8,100000,pito,owned_initialize,ecs_create_owned,2,10,4,43.291000
aalair,"Apple M3",8,"Darwin 27.0.0 arm64","Apple LLVM 21.0.0 (clang-2100.3.34.2)"," -O3 -DNDEBUG",8,100000,pito,owned_initialize,ecs_create_owned,2,10,5,43.456000
aalair,"Apple M3",8,"Darwin 27.0.0 arm64","Apple LLVM 21.0.0 (clang-2100.3.34.2)"," -O3 -DNDEBUG",8,100000,pito,owned_initialize,ecs_create_owned,2,10,6,43.480000
aalair,"Apple M3",8,"Darwin 27.0.0 arm64","Apple LLVM 21.0.0 (clang-2100.3.34.2)"," -O3 -DNDEBUG",8,100000,pito,owned_initialize,ecs_create_owned,2,10,7,43.373000
aalair,"Apple M3",8,"Darwin 27.0.0 arm64","Apple LLVM 21.0.0 (clang-2100.3.34.2)"," -O3 -DNDEBUG",8,100000,pito,owned_initialize,ecs_create_owned,2,10,8,43.483000
aalair,"Apple M3",8,"Darwin 27.0.0 arm64","Apple LLVM 21.0.0 (clang-2100.3.34.2)"," -O3 -DNDEBUG",8,100000,pito,owned_initialize,ecs_create_owned,2,10,9,43.231000
aalair,"Apple M3",8,"Darwin 27.0.0 arm64","Apple LLVM 21.0.0 (clang-2100.3.34.2)"," -O3 -DNDEBUG",8,100000,pito,owned_initialize,ecs_create_owned,2,10,10,43.396000
aalair,"Apple M3",8,"Darwin 27.0.0 arm64","Apple LLVM 21.0.0 (clang-2100.3.34.2)"," -O3 -DNDEBUG",8,100000,pito,owned_initialize,ecs_create_owned,2,500,1,215.861000
aalair,"Apple M3",8,"Darwin 27.0.0 arm64","Apple LLVM 21.0.0 (clang-2100.3.34.2)"," -O3 -DNDEBUG",8,100000,pito,owned_initialize,ecs_create_owned,2,500,2,215.905000
aalair,"Apple M3",8,"Darwin 27.0.0 arm64","Apple LLVM 21.0.0 (clang-2100.3.34.2)"," -O3 -DNDEBUG",8,100000,pito,owned_initialize,ecs_create_owned,2,500,3,215.910000
aalair,"Apple M3",8,"Darwin 27.0.0 arm64","Apple LLVM 21.0.0 (clang-2100.3.34.2)"," -O3 -DNDEBUG",8,100000,pito,owned_initialize,ecs_create_owned,2,500,4,215.958000
aalair,"Apple M3",8,"Darwin 27.0.0 arm64","Apple LLVM 21.0.0 (clang-2100.3.34.2)"," -O3 -DNDEBUG",8,100000,pito,owned_initialize,ecs_create_owned,2,500,5,216.161000
aalair,"Apple M3",8,"Darwin 27.0.0 arm64","Apple LLVM 21.0.0 (clang-2100.3.34.2)"," -O3 -DNDEBUG",8,100000,pito,owned_initialize,ecs_create_owned,2,500,6,216.371000
aalair,"Apple M3",8,"Darwin 27.0.0 arm64","Apple LLVM 21.0.0 (clang-2100.3.34.2)"," -O3 -DNDEBUG",8,100000,pito,owned_initialize,ecs_create_owned,2,500,7,216.383000
aalair,"Apple M3",8,"Darwin 27.0.0 arm64","Apple LLVM 21.0.0 (clang-2100.3.34.2)"," -O3 -DNDEBUG",8,100000,pito,owned_initialize,ecs_create_owned,2,500,8,215.882000
aalair,"Apple M3",8,"Darwin 27.0.0 arm64","Apple LLVM 21.0.0 (clang-2100.3.34.2)"," -O3 -DNDEBUG",8,100000,pito,owned_initialize,ecs_create_owned,2,500,9,216.468000
aalair,"Apple M3",8,"Darwin 27.0.0 arm64","Apple LLVM 21.0.0 (clang-2100.3.34.2)"," -O3 -DNDEBUG",8,100000,pito,owned_initialize,ecs_create_owned,2,500,10,215.756000
aalair,"Apple M3",8,"Darwin 27.0.0 arm64","Apple LLVM 21.0.0 (clang-2100.3.34.2)"," -O3 -DNDEBUG",8,100000,pito,owned_initialize,ecs_create_owned,4,0,1,49.600000
aalair,"Apple M3",8,"Darwin 27.0.0 arm64","Apple LLVM 21.0.0 (clang-2100.3.34.2)"," -O3 -DNDEBUG",8,100000,pito,owned_initialize,ecs_create_owned,4,0,2,47.380000
aalair,"Apple M3",8,"Darwin 27.0.0 arm64","Apple LLVM 21.0.0 (clang-2100.3.34.2)"," -O3 -DNDEBUG",8,100000,pito,owned_initialize,ecs_create_owned,4,0,3,44.832000
aalair,"Apple M3",8,"Darwin 27.0.0 arm64","Apple LLVM 21.0.0 (clang-2100.3.34.2)"," -O3 -DNDEBUG",8,100000,pito,owned_initialize,ecs_create_owned,4,0,4,44.956000
aalair,"Apple M3",8,"Darwin 27.0.0 arm64","Apple LLVM 21.0.0 (clang-2100.3.34.2)"," -O3 -DNDEBUG",8,100000,pito,owned_initialize,ecs_create_owned,4,0,5,44.690000
aalair,"Apple M3",8,"Darwin 27.0.0 arm64","Apple LLVM 21.0.0 (clang-2100.3.34.2)"," -O3 -DNDEBUG",8,100000,pito,owned_initialize,ecs_create_owned,4,0,6,44.724000
aalair,"Apple M3",8,"Darwin 27.0.0 arm64","Apple LLVM 21.0.0 (clang-2100.3.34.2)"," -O3 -DNDEBUG",8,100000,pito,owned_initialize,ecs_create_owned,4,0,7,44.843000
aalair,"Apple M3",8,"Darwin 27.0.0 arm64","Apple LLVM 21.0.0 (clang-2100.3.34.2)"," -O3 -DNDEBUG",8,100000,pito,owned_initialize,ecs_create_owned,4,0,8,44.969000
aalair,"Apple M3",8,"Darwin 27.0.0 arm64","Apple LLVM 21.0.0 (clang-2100.3.34.2)"," -O3 -DNDEBUG",8,100000,pito,owned_initialize,ecs_create_owned,4,0,9,44.766000
aalair,"Apple M3",8,"Darwin 27.0.0 arm64","Apple LLVM 21.0.0 (clang-2100.3.34.2)"," -O3 -DNDEBUG",8,100000,pito,owned_initialize,ecs_create_owned,4,0,10,44.773000
aalair,"Apple M3",8,"Darwin 27.0.0 arm64","Apple LLVM 21.0.0 (clang-2100.3.34.2)"," -O3 -DNDEBUG",8,100000,pito,owned_initialize,ecs_create_owned,4,0,11,44.671000
aalair,"Apple M3",8,"Darwin 27.0.0 arm64","Apple LLVM 21.0.0 (clang-2100.3.34.2)"," -O3 -DNDEBUG",8,100000,pito,owned_initialize,ecs_create_owned,4,0,12,44.852000
aalair,"Apple M3",8,"Darwin 27.0.0 arm64","Apple LLVM 21.0.0 (clang-2100.3.34.2)"," -O3 -DNDEBUG",8,100000,pito,owned_initialize,ecs_create_owned,4,0,13,44.738000
aalair,"Apple M3",8,"Darwin 27.0.0 arm64","Apple LLVM 21.0.0 (clang-2100.3.34.2)"," -O3 -DNDEBUG",8,100000,pito,owned_initialize,ecs_create_owned,4,0,14,45.099000
aalair,"Apple M3",8,"Darwin 27.0.0 arm64","Apple LLVM 21.0.0 (clang-2100.3.34.2)"," -O3 -DNDEBUG",8,100000,pito,owned_initialize,ecs_create_owned,4,10,1,56.579000
aalair,"Apple M3",8,"Darwin 27.0.0 arm64","Apple LLVM 21.0.0 (clang-2100.3.34.2)"," -O3 -DNDEBUG",8,100000,pito,owned_initialize,ecs_create_owned,4,10,2,62.140000
aalair,"Apple M3",8,"Darwin 27.0.0 arm64","Apple LLVM 21.0.0 (clang-2100.3.34.2)"," -O3 -DNDEBUG",8,100000,pito,owned_initialize,ecs_create_owned,4,10,3,57.113000
aalair,"Apple M3",8,"Darwin 27.0.0 arm64","Apple LLVM 21.0.0 (clang-2100.3.34.2)"," -O3 -DNDEBUG",8,100000,pito,owned_initialize,ecs_create_owned,4,10,4,55.649000
aalair,"Apple M3",8,"Darwin 27.0.0 arm64","Apple LLVM 21.0.0 (clang-2100.3.34.2)"," -O3 -DNDEBUG",8,100000,pito,owned_initialize,ecs_create_owned,4,10,5,56.307000
aalair,"Apple M3",8,"Darwin 27.0.0 arm64","Apple LLVM 21.0.0 (clang-2100.3.34.2)"," -O3 -DNDEBUG",8,100000,pito,owned_initialize,ecs_create_owned,4,10,6,55.057000
aalair,"Apple M3",8,"Darwin 27.0.0 arm64","Apple LLVM 21.0.0 (clang-2100.3.34.2)"," -O3 -DNDEBUG",8,100000,pito,owned_initialize,ecs_create_owned,4,10,7,62.777000
aalair,"Apple M3",8,"Darwin 27.0.0 arm64","Apple LLVM 21.0.0 (clang-2100.3.34.2)"," -O3 -DNDEBUG",8,100000,pito,owned_initialize,ecs_create_owned,4,10,8,54.061000
aalair,"Apple M3",8,"Darwin 27.0.0 arm64","Apple LLVM 21.0.0 (clang-2100.3.34.2)"," -O3 -DNDEBUG",8,100000,pito,owned_initialize,ecs_create_owned,4,10,9,57.679000
aalair,"Apple M3",8,"Darwin 27.0.0 arm64","Apple LLVM 21.0.0 (clang-2100.3.34.2)"," -O3 -DNDEBUG",8,100000,pito,owned_initialize,ecs_create_owned,4,10,10,50.316000
aalair,"Apple M3",8,"Darwin 27.0.0 arm64","Apple LLVM 21.0.0 (clang-2100.3.34.2)"," -O3 -DNDEBUG",8,100000,pito,owned_initialize,ecs_create_owned,4,10,11,54.251000
aalair,"Apple M3",8,"Darwin 27.0.0 arm64","Apple LLVM 21.0.0 (clang-2100.3.34.2)"," -O3 -DNDEBUG",8,100000,pito,owned_initialize,ecs_create_owned,4,10,12,61.073000
aalair,"Apple M3",8,"Darwin 27.0.0 arm64","Apple LLVM 21.0.0 (clang-2100.3.34.2)"," -O3 -DNDEBUG",8,100000,pito,owned_initialize,ecs_create_owned,4,10,13,56.019000
aalair,"Apple M3",8,"Darwin 27.0.0 arm64","Apple LLVM 21.0.0 (clang-2100.3.34.2)"," -O3 -DNDEBUG",8,100000,pito,owned_initialize,ecs_create_owned,4,10,14,56.486000
aalair,"Apple M3",8,"Darwin 27.0.0 arm64","Apple LLVM 21.0.0 (clang-2100.3.34.2)"," -O3 -DNDEBUG",8,100000,pito,owned_initialize,ecs_create_owned,4,10,15,49.690000
aalair,"Apple M3",8,"Darwin 27.0.0 arm64","Apple LLVM 21.0.0 (clang-2100.3.34.2)"," -O3 -DNDEBUG",8,100000,pito,owned_initialize,ecs_create_owned,4,10,16,52.270000
aalair,"Apple M3",8,"Darwin 27.0.0 arm64","Apple LLVM 21.0.0 (clang-2100.3.34.2)"," -O3 -DNDEBUG",8,100000,pito,owned_initialize,ecs_create_owned,4,500,1,141.283000
aalair,"Apple M3",8,"Darwin 27.0.0 arm64","Apple LLVM 21.0.0 (clang-2100.3.34.2)"," -O3 -DNDEBUG",8,100000,pito,owned_initialize,ecs_create_owned,4,500,2,136.376000
aalair,"Apple M3",8,"Darwin 27.0.0 arm64","Apple LLVM 21.0.0 (clang-2100.3.34.2)"," -O3 -DNDEBUG",8,100000,pito,owned_initialize,ecs_create_owned,4,500,3,131.180000
aalair,"Apple M3",8,"Darwin 27.0.0 arm64","Apple LLVM 21.0.0 (clang-2100.3.34.2)"," -O3 -DNDEBUG",8,100000,pito,owned_initialize,ecs_create_owned,4,500,4,136.764000
aalair,"Apple M3",8,"Darwin 27.0.0 arm64","Apple LLVM 21.0.0 (clang-2100.3.34.2)"," -O3 -DNDEBUG",8,100000,pito,owned_initialize,ecs_create_owned,4,500,5,134.520000
aalair,"Apple M3",8,"Darwin 27.0.0 arm64","Apple LLVM 21.0.0 (clang-2100.3.34.2)"," -O3 -DNDEBUG",8,100000,pito,owned_initialize,ecs_create_owned,4,500,6,133.407000
aalair,"Apple M3",8,"Darwin 27.0.0 arm64","Apple LLVM 21.0.0 (clang-2100.3.34.2)"," -O3 -DNDEBUG",8,100000,pito,owned_initialize,ecs_create_owned,4,500,7,124.823000
aalair,"Apple M3",8,"Darwin 27.0.0 arm64","Apple LLVM 21.0.0 (clang-2100.3.34.2)"," -O3 -DNDEBUG",8,100000,pito,owned_initialize,ecs_create_owned,4,500,8,127.383000
aalair,"Apple M3",8,"Darwin 27.0.0 arm64","Apple LLVM 21.0.0 (clang-2100.3.34.2)"," -O3 -DNDEBUG",8,100000,pito,owned_initialize,ecs_create_owned,4,500,9,133.565000
aalair,"Apple M3",8,"Darwin 27.0.0 arm64","Apple LLVM 21.0.0 (clang-2100.3.34.2)"," -O3 -DNDEBUG",8,100000,pito,owned_initialize,ecs_create_owned,4,500,10,135.186000
aalair,"Apple M3",8,"Darwin 27.0.0 arm64","Apple LLVM 21.0.0 (clang-2100.3.34.2)"," -O3 -DNDEBUG",8,100000,pito,owned_initialize,ecs_create_owned,4,500,11,136.289000
aalair,"Apple M3",8,"Darwin 27.0.0 arm64","Apple LLVM 21.0.0 (clang-2100.3.34.2)"," -O3 -DNDEBUG",8,100000,pito,owned_initialize,ecs_create_owned,4,500,12,131.500000
aalair,"Apple M3",8,"Darwin 27.0.0 arm64","Apple LLVM 21.0.0 (clang-2100.3.34.2)"," -O3 -DNDEBUG",8,100000,pito,owned_initialize,ecs_create_owned,8,0,1,64.940000
aalair,"Apple M3",8,"Darwin 27.0.0 arm64","Apple LLVM 21.0.0 (clang-2100.3.34.2)"," -O3 -DNDEBUG",8,100000,pito,owned_initialize,ecs_create_owned,8,0,2,65.182000
aalair,"Apple M3",8,"Darwin 27.0.0 arm64","Apple LLVM 21.0.0 (clang-2100.3.34.2)"," -O3 -DNDEBUG",8,100000,pito,owned_initialize,ecs_create_owned,8,0,3,66.668000
aalair,"Apple M3",8,"Darwin 27.0.0 arm64","Apple LLVM 21.0.0 (clang-2100.3.34.2)"," -O3 -DNDEBUG",8,100000,pito,owned_initialize,ecs_create_owned,8,0,4,63.512000
aalair,"Apple M3",8,"Darwin 27.0.0 arm64","Apple LLVM 21.0.0 (clang-2100.3.34.2)"," -O3 -DNDEBUG",8,100000,pito,owned_initialize,ecs_create_owned,8,0,5,63.918000
aalair,"Apple M3",8,"Darwin 27.0.0 arm64","Apple LLVM 21.0.0 (clang-2100.3.34.2)"," -O3 -DNDEBUG",8,100000,pito,owned_initialize,ecs_create_owned,8,0,6,65.223000
aalair,"Apple M3",8,"Darwin 27.0.0 arm64","Apple LLVM 21.0.0 (clang-2100.3.34.2)"," -O3 -DNDEBUG",8,100000,pito,owned_initialize,ecs_create_owned,8,0,7,58.838000
aalair,"Apple M3",8,"Darwin 27.0.0 arm64","Apple LLVM 21.0.0 (clang-2100.3.34.2)"," -O3 -DNDEBUG",8,100000,pito,owned_initialize,ecs_create_owned,8,0,8,62.866000
aalair,"Apple M3",8,"Darwin 27.0.0 arm64","Apple LLVM 21.0.0 (clang-2100.3.34.2)"," -O3 -DNDEBUG",8,100000,pito,owned_initialize,ecs_create_owned,8,0,9,64.073000
aalair,"Apple M3",8,"Darwin 27.0.0 arm64","Apple LLVM 21.0.0 (clang-2100.3.34.2)"," -O3 -DNDEBUG",8,100000,pito,owned_initialize,ecs_create_owned,8,0,10,62.181000
aalair,"Apple M3",8,"Darwin 27.0.0 arm64","Apple LLVM 21.0.0 (clang-2100.3.34.2)"," -O3 -DNDEBUG",8,100000,pito,owned_initialize,ecs_create_owned,8,0,11,58.909000
aalair,"Apple M3",8,"Darwin 27.0.0 arm64","Apple LLVM 21.0.0 (clang-2100.3.34.2)"," -O3 -DNDEBUG",8,100000,pito,owned_initialize,ecs_create_owned,8,0,12,65.431000
aalair,"Apple M3",8,"Darwin 27.0.0 arm64","Apple LLVM 21.0.0 (clang-2100.3.34.2)"," -O3 -DNDEBUG",8,100000,pito,owned_initialize,ecs_create_owned,8,0,13,64.106000
aalair,"Apple M3",8,"Darwin 27.0.0 arm64","Apple LLVM 21.0.0 (clang-2100.3.34.2)"," -O3 -DNDEBUG",8,100000,pito,owned_initialize,ecs_create_owned,8,0,14,64.373000
aalair,"Apple M3",8,"Darwin 27.0.0 arm64","Apple LLVM 21.0.0 (clang-2100.3.34.2)"," -O3 -DNDEBUG",8,100000,pito,owned_initialize,ecs_create_owned,8,10,1,64.083000
aalair,"Apple M3",8,"Darwin 27.0.0 arm64","Apple LLVM 21.0.0 (clang-2100.3.34.2)"," -O3 -DNDEBUG",8,100000,pito,owned_initialize,ecs_create_owned,8,10,2,66.367000
aalair,"Apple M3",8,"Darwin 27.0.0 arm64","Apple LLVM 21.0.0 (clang-2100.3.34.2)"," -O3 -DNDEBUG",8,100000,pito,owned_initialize,ecs_create_owned,8,10,3,66.421000
aalair,"Apple M3",8,"Darwin 27.0.0 arm64","Apple LLVM 21.0.0 (clang-2100.3.34.2)"," -O3 -DNDEBUG",8,100000,pito,owned_initialize,ecs_create_owned,8,10,4,53.662000
aalair,"Apple M3",8,"Darwin 27.0.0 arm64","Apple LLVM 21.0.0 (clang-2100.3.34.2)"," -O3 -DNDEBUG",8,100000,pito,owned_initialize,ecs_create_owned,8,10,5,63.336000
aalair,"Apple M3",8,"Darwin 27.0.0 arm64","Apple LLVM 21.0.0 (clang-2100.3.34.2)"," -O3 -DNDEBUG",8,100000,pito,owned_initialize,ecs_create_owned,8,10,6,56.866000
aalair,"Apple M3",8,"Darwin 27.0.0 arm64","Apple LLVM 21.0.0 (clang-2100.3.34.2)"," -O3 -DNDEBUG",8,100000,pito,owned_initialize,ecs_create_owned,8,10,7,60.655000
aalair,"Apple M3",8,"Darwin 27.0.0 arm64","Apple LLVM 21.0.0 (clang-2100.3.34.2)"," -O3 -DNDEBUG",8,100000,pito,owned_initialize,ecs_create_owned,8,10,8,62.189000
aalair,"Apple M3",8,"Darwin 27.0.0 arm64","Apple LLVM 21.0.0 (clang-2100.3.34.2)"," -O3 -DNDEBUG",8,100000,pito,owned_initialize,ecs_create_owned,8,10,9,60.707000
aalair,"Apple M3",8,"Darwin 27.0.0 arm64","Apple LLVM 21.0.0 (clang-2100.3.34.2)"," -O3 -DNDEBUG",8,100000,pito,owned_initialize,ecs_create_owned,8,10,10,65.415000
aalair,"Apple M3",8,"Darwin 27.0.0 arm64","Apple LLVM 21.0.0 (clang-2100.3.34.2)"," -O3 -DNDEBUG",8,100000,pito,owned_initialize,ecs_create_owned,8,10,11,64.040000
aalair,"Apple M3",8,"Darwin 27.0.0 arm64","Apple LLVM 21.0.0 (clang-2100.3.34.2)"," -O3 -DNDEBUG",8,100000,pito,owned_initialize,ecs_create_owned,8,10,12,64.839000
aalair,"Apple M3",8,"Darwin 27.0.0 arm64","Apple LLVM 21.0.0 (clang-2100.3.34.2)"," -O3 -DNDEBUG",8,100000,pito,owned_initialize,ecs_create_owned,8,10,13,64.214000
aalair,"Apple M3",8,"Darwin 27.0.0 arm64","Apple LLVM 21.0.0 (clang-2100.3.34.2)"," -O3 -DNDEBUG",8,100000,pito,owned_initialize,ecs_create_owned,8,10,14,64.590000
aalair,"Apple M3",8,"Darwin 27.0.0 arm64","Apple LLVM 21.0.0 (clang-2100.3.34.2)"," -O3 -DNDEBUG",8,100000,pito,owned_initialize,ecs_create_owned,8,10,15,63.041000
aalair,"Apple M3",8,"Darwin 27.0.0 arm64","Apple LLVM 21.0.0 (clang-2100.3.34.2)"," -O3 -DNDEBUG",8,100000,pito,owned_initialize,ecs_create_owned,8,10,16,62.266000
aalair,"Apple M3",8,"Darwin 27.0.0 arm64","Apple LLVM 21.0.0 (clang-2100.3.34.2)"," -O3 -DNDEBUG",8,100000,pito,owned_initialize,ecs_create_owned,8,500,1,121.514000
aalair,"Apple M3",8,"Darwin 27.0.0 arm64","Apple LLVM 21.0.0 (clang-2100.3.34.2)"," -O3 -DNDEBUG",8,100000,pito,owned_initialize,ecs_create_owned,8,500,2,99.781000
aalair,"Apple M3",8,"Darwin 27.0.0 arm64","Apple LLVM 21.0.0 (clang-2100.3.34.2)"," -O3 -DNDEBUG",8,100000,pito,owned_initialize,ecs_create_owned,8,500,3,111.211000
aalair,"Apple M3",8,"Darwin 27.0.0 arm64","Apple LLVM 21.0.0 (clang-2100.3.34.2)"," -O3 -DNDEBUG",8,100000,pito,owned_initialize,ecs_create_owned,8,500,4,109.697000
aalair,"Apple M3",8,"Darwin 27.0.0 arm64","Apple LLVM 21.0.0 (clang-2100.3.34.2)"," -O3 -DNDEBUG",8,100000,pito,owned_initialize,ecs_create_owned,8,500,5,99.581000
aalair,"Apple M3",8,"Darwin 27.0.0 arm64","Apple LLVM 21.0.0 (clang-2100.3.34.2)"," -O3 -DNDEBUG",8,100000,pito,owned_initialize,ecs_create_owned,8,500,6,103.758000
aalair,"Apple M3",8,"Darwin 27.0.0 arm64","Apple LLVM 21.0.0 (clang-2100.3.34.2)"," -O3 -DNDEBUG",8,100000,pito,owned_initialize,ecs_create_owned,8,500,7,103.428000
aalair,"Apple M3",8,"Darwin 27.0.0 arm64","Apple LLVM 21.0.0 (clang-2100.3.34.2)"," -O3 -DNDEBUG",8,100000,pito,owned_initialize,ecs_create_owned,8,500,8,98.525000
aalair,"Apple M3",8,"Darwin 27.0.0 arm64","Apple LLVM 21.0.0 (clang-2100.3.34.2)"," -O3 -DNDEBUG",8,100000,pito,owned_initialize,ecs_create_owned,8,500,9,99.441000
aalair,"Apple M3",8,"Darwin 27.0.0 arm64","Apple LLVM 21.0.0 (clang-2100.3.34.2)"," -O3 -DNDEBUG",8,100000,pito,owned_initialize,ecs_create_owned,8,500,10,114.636000
aalair,"Apple M3",8,"Darwin 27.0.0 arm64","Apple LLVM 21.0.0 (clang-2100.3.34.2)"," -O3 -DNDEBUG",8,100000,pito,owned_initialize,ecs_create_owned,8,500,11,109.673000
aalair,"Apple M3",8,"Darwin 27.0.0 arm64","Apple LLVM 21.0.0 (clang-2100.3.34.2)"," -O3 -DNDEBUG",8,100000,pito,owned_initialize,ecs_create_owned,8,500,12,100.474000
aalair,"Apple M3",8,"Darwin 27.0.0 arm64","Apple LLVM 21.0.0 (clang-2100.3.34.2)"," -O3 -DNDEBUG",8,100000,pito,owned_initialize,ecs_create_owned,8,500,13,101.560000
aalair,"Apple M3",8,"Darwin 27.0.0 arm64","Apple LLVM 21.0.0 (clang-2100.3.34.2)"," -O3 -DNDEBUG",8,100000,pito,owned_initialize,ecs_create_owned,8,500,14,95.542000
aalair,"Apple M3",8,"Darwin 27.0.0 arm64","Apple LLVM 21.0.0 (clang-2100.3.34.2)"," -O3 -DNDEBUG",8,100000,pito,owned_initialize,ecs_create_owned,8,500,15,100.275000
aalair,"Apple M3",8,"Darwin 27.0.0 arm64","Apple LLVM 21.0.0 (clang-2100.3.34.2)"," -O3 -DNDEBUG",8,100000,pito,owned_initialize,ecs_create_owned,8,500,16,100.268000
aalair,"Apple M3",8,"Darwin 27.0.0 arm64","Apple LLVM 21.0.0 (clang-2100.3.34.2)"," -O3 -DNDEBUG",8,100000,pito,owned_initialize,ecs_create_owned,8,500,17,93.868000
aalair,"Apple M3",8,"Darwin 27.0.0 arm64","Apple LLVM 21.0.0 (clang-2100.3.34.2)"," -O3 -DNDEBUG",8,100000,pito,owned_initialize,ecs_create_owned,8,500,18,97.887000
aalair,"Apple M3",8,"Darwin 27.0.0 arm64","Apple LLVM 21.0.0 (clang-2100.3.34.2)"," -O3 -DNDEBUG",8,100000,pito,owned_initialize,ecs_create_owned,8,500,19,93.833000
aalair,"Apple M3",8,"Darwin 27.0.0 arm64","Apple LLVM 21.0.0 (clang-2100.3.34.2)"," -O3 -DNDEBUG",8,100000,pito,owned_initialize,ecs_create_owned,8,500,20,98.594000
aalair,"Apple M3",8,"Darwin 27.0.0 arm64","Apple LLVM 21.0.0 (clang-2100.3.34.2)"," -O3 -DNDEBUG",8,100000,pito,owned_initialize,ecs_create_owned,8,500,21,94.552000
aalair,"Apple M3",8,"Darwin 27.0.0 arm64","Apple LLVM 21.0.0 (clang-2100.3.34.2)"," -O3 -DNDEBUG",8,100000,pito,owned_initialize,ecs_create_owned_sharded,1,0,1,27.428000
aalair,"Apple M3",8,"Darwin 27.0.0 arm64","Apple LLVM 21.0.0 (clang-2100.3.34.2)"," -O3 -DNDEBUG",8,100000,pito,owned_initialize,ecs_create_owned_sharded,1,0,2,27.344000
aalair,"Apple M3",8,"Darwin 27.0.0 arm64","Apple LLVM 21.0.0 (clang-2100.3.34.2)"," -O3 -DNDEBUG",8,100000,pito,owned_initialize,ecs_create_owned_sharded,1,0,3,27.963000
aalair,"Apple M3",8,"Darwin 27.0.0 arm64","Apple LLVM 21.0.0 (clang-2100.3.34.2)"," -O3 -DNDEBUG",8,100000,pito,owned_initialize,ecs_create_owned_sharded,1,0,4,28.197000
aalair,"Apple M3",8,"Darwin 27.0.0 arm64","Apple LLVM 21.0.0 (clang-2100.3.34.2)"," -O3 -DNDEBUG",8,100000,pito,owned_initialize,ecs_create_owned_sharded,1,0,5,28.556000
aalair,"Apple M3",8,"Darwin 27.0.0 arm64","Apple LLVM 21.0.0 (clang-2100.3.34.2)"," -O3 -DNDEBUG",8,100000,pito,owned_initialize,ecs_create_owned_sharded,1,0,6,28.478000
aalair,"Apple M3",8,"Darwin 27.0.0 arm64","Apple LLVM 21.0.0 (clang-2100.3.34.2)"," -O3 -DNDEBUG",8,100000,pito,owned_initialize,ecs_create_owned_sharded,1,0,7,28.095000
aalair,"Apple M3",8,"Darwin 27.0.0 arm64","Apple LLVM 21.0.0 (clang-2100.3.34.2)"," -O3 -DNDEBUG",8,100000,pito,owned_initialize,ecs_create_owned_sharded,1,0,8,28.184000
aalair,"Apple M3",8,"Darwin 27.0.0 arm64","Apple LLVM 21.0.0 (clang-2100.3.34.2)"," -O3 -DNDEBUG",8,100000,pito,owned_initialize,ecs_create_owned_sharded,1,0,9,27.702000
aalair,"Apple M3",8,"Darwin 27.0.0 arm64","Apple LLVM 21.0.0 (clang-2100.3.34.2)"," -O3 -DNDEBUG",8,100000,pito,owned_initialize,ecs_create_owned_sharded,1,0,10,27.737000
aalair,"Apple M3",8,"Darwin 27.0.0 arm64","Apple LLVM 21.0.0 (clang-2100.3.34.2)"," -O3 -DNDEBUG",8,100000,pito,owned_initialize,ecs_create_owned_sharded,1,10,1,31.588000
aalair,"Apple M3",8,"Darwin 27.0.0 arm64","Apple LLVM 21.0.0 (clang-2100.3.34.2)"," -O3 -DNDEBUG",8,100000,pito,owned_initialize,ecs_create_owned_sharded,1,10,2,31.278000
aalair,"Apple M3",8,"Darwin 27.0.0 arm64","Apple LLVM 21.0.0 (clang-2100.3.34.2)"," -O3 -DNDEBUG",8,100000,pito,owned_initialize,ecs_create_owned_sharded,1,10,3,30.756000
aalair,"Apple M3",8,"Darwin 27.0.0 arm64","Apple LLVM 21.0.0 (clang-2100.3.34.2)"," -O3 -DNDEBUG",8,100000,pito,owned_initialize,ecs_create_owned_sharded,1,10,4,30.624000
aalair,"Apple M3",8,"Darwin 27.0.0 arm64","Apple LLVM 21.0.0 (clang-2100.3.34.2)"," -O3 -DNDEBUG",8,100000,pito,owned_initialize,ecs_create_owned_sharded,1,10,5,30.727000
aalair,"Apple M3",8,"Darwin 27.0.0 arm64","Apple LLVM 21.0.0 (clang-2100.3.34.2)"," -O3 -DNDEBUG",8,100000,pito,owned_initialize,ecs_create_owned_sharded,1,10,6,30.162000
aalair,"Apple M3",8,"Darwin 27.0.0 arm64","Apple LLVM 21.0.0 (clang-2100.3.34.2)"," -O3 -DNDEBUG",8,100000,pito,owned_initialize,ecs_create_owned_sharded,1,10,7,30.877000
aalair,"Apple M3",8,"Darwin 27.0.0 arm64","Apple LLVM 21.0.0 (clang-2100.3.34.2)"," -O3 -DNDEBUG",8,100000,pito,owned_initialize,ecs_create_owned_sharded,1,10,8,30.608000
aalair,"Apple M3",8,"Darwin 27.0.0 arm64","Apple LLVM 21.0.0 (clang-2100.3.34.2)"," -O3 -DNDEBUG",8,100000,pito,owned_initialize,ecs_create_owned_sharded,1,10,9,29.705000
aalair,"Apple M3",8,"Darwin 27.0.0 arm64","Apple LLVM 21.0.0 (clang-2100.3.34.2)"," -O3 -DNDEBUG",8,100000,pito,owned_initialize,ecs_create_owned_sharded,1,10,10,29.921000
aalair,"Apple M3",8,"Darwin 27.0.0 arm64","Apple LLVM 21.0.0 (clang-2100.3.34.2)"," -O3 -DNDEBUG",8,100000,pito,owned_initialize,ecs_create_owned_sharded,1,500,1,407.284000
aalair,"Apple M3",8,"Darwin 27.0.0 arm64","Apple LLVM 21.0.0 (clang-2100.3.34.2)"," -O3 -DNDEBUG",8,100000,pito,owned_initialize,ecs_create_owned_sharded,1,500,2,407.565000
aalair,"Apple M3",8,"Darwin 27.0.0 arm64","Apple LLVM 21.0.0 (clang-2100.3.34.2)"," -O3 -DNDEBUG",8,100000,pito,owned_initialize,ecs_create_owned_sharded,1,500,3,407.468000
aalair,"Apple M3",8,"Darwin 27.0.0 arm64","Apple LLVM 21.0.0 (clang-2100.3.34.2)"," -O3 -DNDEBUG",8,100000,pito,owned_initialize,ecs_create_owned_sharded,1,500,4,407.508000
aalair,"Apple M3",8,"Darwin 27.0.0 arm64","Apple LLVM 21.0.0 (clang-2100.3.34.2)"," -O3 -DNDEBUG",8,100000,pito,owned_initialize,ecs_create_owned_sharded,1,500,5,407.511000
aalair,"Apple M3",8,"Darwin 27.0.0 arm64","Apple LLVM 21.0.0 (clang-2100.3.34.2)"," -O3 -DNDEBUG",8,100000,pito,owned_initialize,ecs_create_owned_sharded,1,500,6,407.286000
aalair,"Apple M3",8,"Darwin 27.0.0 arm64","Apple LLVM 21.0.0 (clang-2100.3.34.2)"," -O3 -DNDEBUG",8,100000,pito,owned_initialize,ecs_create_owned_sharded,1,500,7,408.209000
aalair,"Apple M3",8,"Darwin 27.0.0 arm64","Apple LLVM 21.0.0 (clang-2100.3.34.2)"," -O3 -DNDEBUG",8,100000,pito,owned_initialize,ecs_create_owned_sharded,1,500,8,407.279000
aalair,"Apple M3",8,"Darwin 27.0.0 arm64","Apple LLVM 21.0.0 (clang-2100.3.34.2)"," -O3 -DNDEBUG",8,100000,pito,owned_initialize,ecs_create_owned_sharded,1,500,9,407.402000
aalair,"Apple M3",8,"Darwin 27.0.0 arm64","Apple LLVM 21.0.0 (clang-2100.3.34.2)"," -O3 -DNDEBUG",8,100000,pito,owned_initialize,ecs_create_owned_sharded,1,500,10,407.451000
aalair,"Apple M3",8,"Darwin 27.0.0 arm64","Apple LLVM 21.0.0 (clang-2100.3.34.2)"," -O3 -DNDEBUG",8,100000,pito,owned_initialize,ecs_create_owned_sharded,2,0,1,22.802000
aalair,"Apple M3",8,"Darwin 27.0.0 arm64","Apple LLVM 21.0.0 (clang-2100.3.34.2)"," -O3 -DNDEBUG",8,100000,pito,owned_initialize,ecs_create_owned_sharded,2,0,2,22.793000
aalair,"Apple M3",8,"Darwin 27.0.0 arm64","Apple LLVM 21.0.0 (clang-2100.3.34.2)"," -O3 -DNDEBUG",8,100000,pito,owned_initialize,ecs_create_owned_sharded,2,0,3,22.679000
aalair,"Apple M3",8,"Darwin 27.0.0 arm64","Apple LLVM 21.0.0 (clang-2100.3.34.2)"," -O3 -DNDEBUG",8,100000,pito,owned_initialize,ecs_create_owned_sharded,2,0,4,22.864000
aalair,"Apple M3",8,"Darwin 27.0.0 arm64","Apple LLVM 21.0.0 (clang-2100.3.34.2)"," -O3 -DNDEBUG",8,100000,pito,owned_initialize,ecs_create_owned_sharded,2,0,5,22.920000
aalair,"Apple M3",8,"Darwin 27.0.0 arm64","Apple LLVM 21.0.0 (clang-2100.3.34.2)"," -O3 -DNDEBUG",8,100000,pito,owned_initialize,ecs_create_owned_sharded,2,0,6,23.083000
aalair,"Apple M3",8,"Darwin 27.0.0 arm64","Apple LLVM 21.0.0 (clang-2100.3.34.2)"," -O3 -DNDEBUG",8,100000,pito,owned_initialize,ecs_create_owned_sharded,2,0,7,22.819000
aalair,"Apple M3",8,"Darwin 27.0.0 arm64","Apple LLVM 21.0.0 (clang-2100.3.34.2)"," -O3 -DNDEBUG",8,100000,pito,owned_initialize,ecs_create_owned_sharded,2,0,8,22.911000
aalair,"Apple M3",8,"Darwin 27.0.0 arm64","Apple LLVM 21.0.0 (clang-2100.3.34.2)"," -O3 -DNDEBUG",8,100000,pito,owned_initialize,ecs_create_owned_sharded,2,0,9,22.903000
aalair,"Apple M3",8,"Darwin 27.0.0 arm64","Apple LLVM 21.0.0 (clang-2100.3.34.2)"," -O3 -DNDEBUG",8,100000,pito,owned_initialize,ecs_create_owned_sharded,2,0,10,22.892000
aalair,"Apple M3",8,"Darwin 27.0.0 arm64","Apple LLVM 21.0.0 (clang-2100.3.34.2)"," -O3 -DNDEBUG",8,100000,pito,owned_initialize,ecs_create_owned_sharded,2,10,1,24.669000
aalair,"Apple M3",8,"Darwin 27.0.0 arm64","Apple LLVM 21.0.0 (clang-2100.3.34.2)"," -O3 -DNDEBUG",8,100000,pito,owned_initialize,ecs_create_owned_sharded,2,10,2,24.506000
aalair,"Apple M3",8,"Darwin 27.0.0 arm64","Apple LLVM 21.0.0 (clang-2100.3.34.2)"," -O3 -DNDEBUG",8,100000,pito,owned_initialize,ecs_create_owned_sharded,2,10,3,24.426000
aalair,"Apple M3",8,"Darwin 27.0.0 arm64","Apple LLVM 21.0.0 (clang-2100.3.34.2)"," -O3 -DNDEBUG",8,100000,pito,owned_initialize,ecs_create_owned_sharded,2,10,4,24.328000
aalair,"Apple M3",8,"Darwin 27.0.0 arm64","Apple LLVM 21.0.0 (clang-2100.3.34.2)"," -O3 -DNDEBUG",8,100000,pito,owned_initialize,ecs_create_owned_sharded,2,10,5,24.197000
aalair,"Apple M3",8,"Darwin 27.0.0 arm64","Apple LLVM 21.0.0 (clang-2100.3.34.2)"," -O3 -DNDEBUG",8,100000,pito,owned_initialize,ecs_create_owned_sharded,2,10,6,24.166000
aalair,"Apple M3",8,"Darwin 27.0.0 arm64","Apple LLVM 21.0.0 (clang-2100.3.34.2)"," -O3 -DNDEBUG",8,100000,pito,owned_initialize,ecs_create_owned_sharded,2,10,7,24.481000
aalair,"Apple M3",8,"Darwin 27.0.0 arm64","Apple LLVM 21.0.0 (clang-2100.3.34.2)"," -O3 -DNDEBUG",8,100000,pito,owned_initialize,ecs_create_owned_sharded,2,10,8,24.652000
aalair,"Apple M3",8,"Darwin 27.0.0 arm64","Apple LLVM 21.0.0 (clang-2100.3.34.2)"," -O3 -DNDEBUG",8,100000,pito,owned_initialize,ecs_create_owned_sharded,2,10,9,24.392000
aalair,"Apple M3",8,"Darwin 27.0.0 arm64","Apple LLVM 21.0.0 (clang-2100.3.34.2)"," -O3 -DNDEBUG",8,100000,pito,owned_initialize,ecs_create_owned_sharded,2,10,10,24.642000
aalair,"Apple M3",8,"Darwin 27.0.0 arm64","Apple LLVM 21.0.0 (clang-2100.3.34.2)"," -O3 -DNDEBUG",8,100000,pito,owned_initialize,ecs_create_owned_sharded,2,500,1,216.102000
aalair,"Apple M3",8,"Darwin 27.0.0 arm64","Apple LLVM 21.0.0 (clang-2100.3.34.2)"," -O3 -DNDEBUG",8,100000,pito,owned_initialize,ecs_create_owned_sharded,2,500,2,216.249000
aalair,"Apple M3",8,"Darwin 27.0.0 arm64","Apple LLVM 21.0.0 (clang-2100.3.34.2)"," -O3 -DNDEBUG",8,100000,pito,owned_initialize,ecs_create_owned_sharded,2,500,3,216.155000
aalair,"Apple M3",8,"Darwin 27.0.0 arm64","Apple LLVM 21.0.0 (clang-2100.3.34.2)"," -O3 -DNDEBUG",8,100000,pito,owned_initialize,ecs_create_owned_sharded,2,500,4,216.360000
aalair,"Apple M3",8,"Darwin 27.0.0 arm64","Apple LLVM 21.0.0 (clang-2100.3.34.2)"," -O3 -DNDEBUG",8,100000,pito,owned_initialize,ecs_create_owned_sharded,2,500,5,216.117000
aalair,"Apple M3",8,"Darwin 27.0.0 arm64","Apple LLVM 21.0.0 (clang-2100.3.34.2)"," -O3 -DNDEBUG",8,100000,pito,owned_initialize,ecs_create_owned_sharded,2,500,6,216.071000
aalair,"Apple M3",8,"Darwin 27.0.0 arm64","Apple LLVM 21.0.0 (clang-2100.3.34.2)"," -O3 -DNDEBUG",8,100000,pito,owned_initialize,ecs_create_owned_sharded,2,500,7,216.200000
aalair,"Apple M3",8,"Darwin 27.0.0 arm64","Apple LLVM 21.0.0 (clang-2100.3.34.2)"," -O3 -DNDEBUG",8,100000,pito,owned_initialize,ecs_create_owned_sharded,2,500,8,216.064000
aalair,"Apple M3",8,"Darwin 27.0.0 arm64","Apple LLVM 21.0.0 (clang-2100.3.34.2)"," -O3 -DNDEBUG",8,100000,pito,owned_initialize,ecs_create_owned_sharded,2,500,9,216.159000
aalair,"Apple M3",8,"Darwin 27.0.0 arm64","Apple LLVM 21.0.0 (clang-2100.3.34.2)"," -O3 -DNDEBUG",8,100000,pito,owned_initialize,ecs_create_owned_sharded,2,500,10,216.099000
aalair,"Apple M3",8,"Darwin 27.0.0 arm64","Apple LLVM 21.0.0 (clang-2100.3.34.2)"," -O3 -DNDEBUG",8,100000,pito,owned_initialize,ecs_create_owned_sharded,4,0,1,23.833000
aalair,"Apple M3",8,"Darwin 27.0.0 arm64","Apple LLVM 21.0.0 (clang-2100.3.34.2)"," -O3 -DNDEBUG",8,100000,pito,owned_initialize,ecs_create_owned_sharded,4,0,2,23.915000
aalair,"Apple M3",8,"Darwin 27.0.0 arm64","Apple LLVM 21.0.0 (clang-2100.3.34.2)"," -O3 -DNDEBUG",8,100000,pito,owned_initialize,ecs_create_owned_sharded,4,0,3,23.593000
aalair,"Apple M3",8,"Darwin 27.0.0 arm64","Apple LLVM 21.0.0 (clang-2100.3.34.2)"," -O3 -DNDEBUG",8,100000,pito,owned_initialize,ecs_create_owned_sharded,4,0,4,23.807000
aalair,"Apple M3",8,"Darwin 27.0.0 arm64","Apple LLVM 21.0.0 (clang-2100.3.34.2)"," -O3 -DNDEBUG",8,100000,pito,owned_initialize,ecs_create_owned_sharded,4,0,5,25.312000
aalair,"Apple M3",8,"Darwin 27.0.0 arm64","Apple LLVM 21.0.0 (clang-2100.3.34.2)"," -O3 -DNDEBUG",8,100000,pito,owned_initialize,ecs_create_owned_sharded,4,0,6,23.913000
aalair,"Apple M3",8,"Darwin 27.0.0 arm64","Apple LLVM 21.0.0 (clang-2100.3.34.2)"," -O3 -DNDEBUG",8,100000,pito,owned_initialize,ecs_create_owned_sharded,4,0,7,23.898000
aalair,"Apple M3",8,"Darwin 27.0.0 arm64","Apple LLVM 21.0.0 (clang-2100.3.34.2)"," -O3 -DNDEBUG",8,100000,pito,owned_initialize,ecs_create_owned_sharded,4,0,8,23.717000
aalair,"Apple M3",8,"Darwin 27.0.0 arm64","Apple LLVM 21.0.0 (clang-2100.3.34.2)"," -O3 -DNDEBUG",8,100000,pito,owned_initialize,ecs_create_owned_sharded,4,0,9,27.712000
aalair,"Apple M3",8,"Darwin 27.0.0 arm64","Apple LLVM 21.0.0 (clang-2100.3.34.2)"," -O3 -DNDEBUG",8,100000,pito,owned_initialize,ecs_create_owned_sharded,4,0,10,23.598000
aalair,"Apple M3",8,"Darwin 27.0.0 arm64","Apple LLVM 21.0.0 (clang-2100.3.34.2)"," -O3 -DNDEBUG",8,100000,pito,owned_initialize,ecs_create_owned_sharded,4,0,11,23.770000
aalair,"Apple M3",8,"Darwin 27.0.0 arm64","Apple LLVM 21.0.0 (clang-2100.3.34.2)"," -O3 -DNDEBUG",8,100000,pito,owned_initialize,ecs_create_owned_sharded,4,0,12,23.666000
aalair,"Apple M3",8,"Darwin 27.0.0 arm64","Apple LLVM 21.0.0 (clang-2100.3.34.2)"," -O3 -DNDEBUG",8,100000,pito,owned_initialize,ecs_create_owned_sharded,4,0,13,24.691000
aalair,"Apple M3",8,"Darwin 27.0.0 arm64","Apple LLVM 21.0.0 (clang-2100.3.34.2)"," -O3 -DNDEBUG",8,100000,pito,owned_initialize,ecs_create_owned_sharded,4,0,14,23.814000
aalair,"Apple M3",8,"Darwin 27.0.0 arm64","Apple LLVM 21.0.0 (clang-2100.3.34.2)"," -O3 -DNDEBUG",8,100000,pito,owned_initialize,ecs_create_owned_sharded,4,10,1,25.334000
aalair,"Apple M3",8,"Darwin 27.0.0 arm64","Apple LLVM 21.0.0 (clang-2100.3.34.2)"," -O3 -DNDEBUG",8,100000,pito,owned_initialize,ecs_create_owned_sharded,4,10,2,24.995000
aalair,"Apple M3",8,"Darwin 27.0.0 arm64","Apple LLVM 21.0.0 (clang-2100.3.34.2)"," -O3 -DNDEBUG",8,100000,pito,owned_initialize,ecs_create_owned_sharded,4,10,3,24.521000
aalair,"Apple M3",8,"Darwin 27.0.0 arm64","Apple LLVM 21.0.0 (clang-2100.3.34.2)"," -O3 -DNDEBUG",8,100000,pito,owned_initialize,ecs_create_owned_sharded,4,10,4,24.480000
aalair,"Apple M3",8,"Darwin 27.0.0 arm64","Apple LLVM 21.0.0 (clang-2100.3.34.2)"," -O3 -DNDEBUG",8,100000,pito,owned_initialize,ecs_create_owned_sharded,4,10,5,25.228000
aalair,"Apple M3",8,"Darwin 27.0.0 arm64","Apple LLVM 21.0.0 (clang-2100.3.34.2)"," -O3 -DNDEBUG",8,100000,pito,owned_initialize,ecs_create_owned_sharded,4,10,6,24.431000
aalair,"Apple M3",8,"Darwin 27.0.0 arm64","Apple LLVM 21.0.0 (clang-2100.3.34.2)"," -O3 -DNDEBUG",8,100000,pito,owned_initialize,ecs_create_owned_sharded,4,10,7,25.200000
aalair,"Apple M3",8,"Darwin 27.0.0 arm64","Apple LLVM 21.0.0 (clang-2100.3.34.2)"," -O3 -DNDEBUG",8,100000,pito,owned_initialize,ecs_create_owned_sharded,4,10,8,25.205000
aalair,"Apple M3",8,"Darwin 27.0.0 arm64","Apple LLVM 21.0.0 (clang-2100.3.34.2)"," -O3 -DNDEBUG",8,100000,pito,owned_initialize,ecs_create_owned_sharded,4,10,9,25.567000
aalair,"Apple M3",8,"Darwin 27.0.0 arm64","Apple LLVM 21.0.0 (clang-2100.3.34.2)"," -O3 -DNDEBUG",8,100000,pito,owned_initialize,ecs_create_owned_sharded,4,10,10,24.563000
aalair,"Apple M3",8,"Darwin 27.0.0 arm64","Apple LLVM 21.0.0 (clang-2100.3.34.2)"," -O3 -DNDEBUG",8,100000,pito,owned_initialize,ecs_create_owned_sharded,4,500,1,120.078000
aalair,"Apple M3",8,"Darwin 27.0.0 arm64","Apple LLVM 21.0.0 (clang-2100.3.34.2)"," -O3 -DNDEBUG",8,100000,pito,owned_initialize,ecs_create_owned_sharded,4,500,2,120.470000
aalair,"Apple M3",8,"Darwin 27.0.0 arm64","Apple LLVM 21.0.0 (clang-2100.3.34.2)"," -O3 -DNDEBUG",8,100000,pito,owned_initialize,ecs_create_owned_sharded,4,500,3,120.178000
aalair,"Apple M3",8,"Darwin 27.0.0 arm64","Apple LLVM 21.0.0 (clang-2100.3.34.2)"," -O3 -DNDEBUG",8,100000,pito,owned_initialize,ecs_create_owned_sharded,4,500,4,120.334000
aalair,"Apple M3",8,"Darwin 27.0.0 arm64","Apple LLVM 21.0.0 (clang-2100.3.34.2)"," -O3 -DNDEBUG",8,100000,pito,owned_initialize,ecs_create_owned_sharded,4,500,5,119.958000
aalair,"Apple M3",8,"Darwin 27.0.0 arm64","Apple LLVM 21.0.0 (clang-2100.3.34.2)"," -O3 -DNDEBUG",8,100000,pito,owned_initialize,ecs_create_owned_sharded,4,500,6,119.946000
aalair,"Apple M3",8,"Darwin 27.0.0 arm64","Apple LLVM 21.0.0 (clang-2100.3.34.2)"," -O3 -DNDEBUG",8,100000,pito,owned_initialize,ecs_create_owned_sharded,4,500,7,119.597000
aalair,"Apple M3",8,"Darwin 27.0.0 arm64","Apple LLVM 21.0.0 (clang-2100.3.34.2)"," -O3 -DNDEBUG",8,100000,pito,owned_initialize,ecs_create_owned_sharded,4,500,8,119.496000
aalair,"Apple M3",8,"Darwin 27.0.0 arm64","Apple LLVM 21.0.0 (clang-2100.3.34.2)"," -O3 -DNDEBUG",8,100000,pito,owned_initialize,ecs_create_owned_sharded,4,500,9,119.588000
aalair,"Apple M3",8,"Darwin 27.0.0 arm64","Apple LLVM 21.0.0 (clang-2100.3.34.2)"," -O3 -DNDEBUG",8,100000,pito,owned_initialize,ecs_create_owned_sharded,4,500,10,119.408000
aalair,"Apple M3",8,"Darwin 27.0.0 arm64","Apple LLVM 21.0.0 (clang-2100.3.34.2)"," -O3 -DNDEBUG",8,100000,pito,owned_initialize,ecs_create_owned_sharded,8,0,1,22.094000
aalair,"Apple M3",8,"Darwin 27.0.0 arm64","Apple LLVM 21.0.0 (clang-2100.3.34.2)"," -O3 -DNDEBUG",8,100000,pito,owned_initialize,ecs_create_owned_sharded,8,0,2,22.272000
aalair,"Apple M3",8,"Darwin 27.0.0 arm64","Apple LLVM 21.0.0 (clang-2100.3.34.2)"," -O3 -DNDEBUG",8,100000,pito,owned_initialize,ecs_create_owned_sharded,8,0,3,22.252000
aalair,"Apple M3",8,"Darwin 27.0.0 arm64","Apple LLVM 21.0.0 (clang-2100.3.34.2)"," -O3 -DNDEBUG",8,100000,pito,owned_initialize,ecs_create_owned_sharded,8,0,4,22.504000
aalair,"Apple M3",8,"Darwin 27.0.0 arm64","Apple LLVM 21.0.0 (clang-2100.3.34.2)"," -O3 -DNDEBUG",8,100000,pito,owned_initialize,ecs_create_owned_sharded,8,0,5,22.845000
aalair,"Apple M3",8,"Darwin 27.0.0 arm64","Apple LLVM 21.0.0 (clang-2100.3.34.2)"," -O3 -DNDEBUG",8,100000,pito,owned_initialize,ecs_create_owned_sharded,8,0,6,22.775000
aalair,"Apple M3",8,"Darwin 27.0.0 arm64","Apple LLVM 21.0.0 (clang-2100.3.34.2)"," -O3 -DNDEBUG",8,100000,pito,owned_initialize,ecs_create_owned_sharded,8,0,7,21.887000
aalair,"Apple M3",8,"Darwin 27.0.0 arm64","Apple LLVM 21.0.0 (clang-2100.3.34.2)"," -O3 -DNDEBUG",8,100000,pito,owned_initialize,ecs_create_owned_sharded,8,0,8,26.871000
aalair,"Apple M3",8,"Darwin 27.0.0 arm64","Apple LLVM 21.0.0 (clang-2100.3.34.2)"," -O3 -DNDEBUG",8,100000,pito,owned_initialize,ecs_create_owned_sharded,8,0,9,22.557000
aalair,"Apple M3",8,"Darwin 27.0.0 arm64","Apple LLVM 21.0.0 (clang-2100.3.34.2)"," -O3 -DNDEBUG",8,100000,pito,owned_initialize,ecs_create_owned_sharded,8,0,10,22.592000
aalair,"Apple M3",8,"Darwin 27.0.0 arm64","Apple LLVM 21.0.0 (clang-2100.3.34.2)"," -O3 -DNDEBUG",8,100000,pito,owned_initialize,ecs_create_owned_sharded,8,0,11,23.408000
aalair,"Apple M3",8,"Darwin 27.0.0 arm64","Apple LLVM 21.0.0 (clang-2100.3.34.2)"," -O3 -DNDEBUG",8,100000,pito,owned_initialize,ecs_create_owned_sharded,8,10,1,22.545000
aalair,"Apple M3",8,"Darwin 27.0.0 arm64","Apple LLVM 21.0.0 (clang-2100.3.34.2)"," -O3 -DNDEBUG",8,100000,pito,owned_initialize,ecs_create_owned_sharded,8,10,2,26.590000
aalair,"Apple M3",8,"Darwin 27.0.0 arm64","Apple LLVM 21.0.0 (clang-2100.3.34.2)"," -O3 -DNDEBUG",8,100000,pito,owned_initialize,ecs_create_owned_sharded,8,10,3,23.042000
aalair,"Apple M3",8,"Darwin 27.0.0 arm64","Apple LLVM 21.0.0 (clang-2100.3.34.2)"," -O3 -DNDEBUG",8,100000,pito,owned_initialize,ecs_create_owned_sharded,8,10,4,25.809000
aalair,"Apple M3",8,"Darwin 27.0.0 arm64","Apple LLVM 21.0.0 (clang-2100.3.34.2)"," -O3 -DNDEBUG",8,100000,pito,owned_initialize,ecs_create_owned_sharded,8,10,5,23.269000
aalair,"Apple M3",8,"Darwin 27.0.0 arm64","Apple LLVM 21.0.0 (clang-2100.3.34.2)"," -O3 -DNDEBUG",8,100000,pito,owned_initialize,ecs_create_owned_sharded,8,10,6,22.520000
aalair,"Apple M3",8,"Darwin 27.0.0 arm64","Apple LLVM 21.0.0 (clang-2100.3.34.2)"," -O3 -DNDEBUG",8,100000,pito,owned_initialize,ecs_create_owned_sharded,8,10,7,22.406000
aalair,"Apple M3",8,"Darwin 27.0.0 arm64","Apple LLVM 21.0.0 (clang-2100.3.34.2)"," -O3 -DNDEBUG",8,100000,pito,owned_initialize,ecs_create_owned_sharded,8,10,8,26.664000
aalair,"Apple M3",8,"Darwin 27.0.0 arm64","Apple LLVM 21.0.0 (clang-2100.3.34.2)"," -O3 -DNDEBUG",8,100000,pito,owned_initialize,ecs_create_owned_sharded,8,10,9,22.714000
aalair,"Apple M3",8,"Darwin 27.0.0 arm64","Apple LLVM 21.0.0 (clang-2100.3.34.2)"," -O3 -DNDEBUG",8,100000,pito,owned_initialize,ecs_create_owned_sharded,8,10,10,27.504000
aalair,"Apple M3",8,"Darwin 27.0.0 arm64","Apple LLVM 21.0.0 (clang-2100.3.34.2)"," -O3 -DNDEBUG",8,100000,pito,owned_initialize,ecs_create_owned_sharded,8,10,11,23.366000
aalair,"Apple M3",8,"Darwin 27.0.0 arm64","Apple LLVM 21.0.0 (clang-2100.3.34.2)"," -O3 -DNDEBUG",8,100000,pito,owned_initialize,ecs_create_owned_sharded,8,10,12,22.585000
aalair,"Apple M3",8,"Darwin 27.0.0 arm64","Apple LLVM 21.0.0 (clang-2100.3.34.2)"," -O3 -DNDEBUG",8,100000,pito,owned_initialize,ecs_create_owned_sharded,8,10,13,22.909000
aalair,"Apple M3",8,"Darwin 27.0.0 arm64","Apple LLVM 21.0.0 (clang-2100.3.34.2)"," -O3 -DNDEBUG",8,100000,pito,owned_initialize,ecs_create_owned_sharded,8,10,14,25.257000
aalair,"Apple M3",8,"Darwin 27.0.0 arm64","Apple LLVM 21.0.0 (clang-2100.3.34.2)"," -O3 -DNDEBUG",8,100000,pito,owned_initialize,ecs_create_owned_sharded,8,10,15,22.480000
aalair,"Apple M3",8,"Darwin 27.0.0 arm64","Apple LLVM 21.0.0 (clang-2100.3.34.2)"," -O3 -DNDEBUG",8,100000,pito,owned_initialize,ecs_create_owned_sharded,8,10,16,27.274000
aalair,"Apple M3",8,"Darwin 27.0.0 arm64","Apple LLVM 21.0.0 (clang-2100.3.34.2)"," -O3 -DNDEBUG",8,100000,pito,owned_initialize,ecs_create_owned_sharded,8,10,17,22.610000
aalair,"Apple M3",8,"Darwin 27.0.0 arm64","Apple LLVM 21.0.0 (clang-2100.3.34.2)"," -O3 -DNDEBUG",8,100000,pito,owned_initialize,ecs_create_owned_sharded,8,10,18,22.815000
aalair,"Apple M3",8,"Darwin 27.0.0 arm64","Apple LLVM 21.0.0 (clang-2100.3.34.2)"," -O3 -DNDEBUG",8,100000,pito,owned_initialize,ecs_create_owned_sharded,8,10,19,22.489000
aalair,"Apple M3",8,"Darwin 27.0.0 arm64","Apple LLVM 21.0.0 (clang-2100.3.34.2)"," -O3 -DNDEBUG",8,100000,pito,owned_initialize,ecs_create_owned_sharded,8,10,20,26.800000
aalair,"Apple M3",8,"Darwin 27.0.0 arm64","Apple LLVM 21.0.0 (clang-2100.3.34.2)"," -O3 -DNDEBUG",8,100000,pito,owned_initialize,ecs_create_owned_sharded,8,10,21,22.892000
aalair,"Apple M3",8,"Darwin 27.0.0 arm64","Apple LLVM 21.0.0 (clang-2100.3.34.2)"," -O3 -DNDEBUG",8,100000,pito,owned_initialize,ecs_create_owned_sharded,8,10,22,27.286000
aalair,"Apple M3",8,"Darwin 27.0.0 arm64","Apple LLVM 21.0.0 (clang-2100.3.34.2)"," -O3 -DNDEBUG",8,100000,pito,owned_initialize,ecs_create_owned_sharded,8,10,23,22.924000
aalair,"Apple M3",8,"Darwin 27.0.0 arm64","Apple LLVM 21.0.0 (clang-2100.3.34.2)"," -O3 -DNDEBUG",8,100000,pito,owned_initialize,ecs_create_owned_sharded,8,10,24,22.445000
aalair,"Apple M3",8,"Darwin 27.0.0 arm64","Apple LLVM 21.0.0 (clang-2100.3.34.2)"," -O3 -DNDEBUG",8,100000,pito,owned_initialize,ecs_create_owned_sharded,8,10,25,22.955000
aalair,"Apple M3",8,"Darwin 27.0.0 arm64","Apple LLVM 21.0.0 (clang-2100.3.34.2)"," -O3 -DNDEBUG",8,100000,pito,owned_initialize,ecs_create_owned_sharded,8,10,26,27.381000
aalair,"Apple M3",8,"Darwin 27.0.0 arm64","Apple LLVM 21.0.0 (clang-2100.3.34.2)"," -O3 -DNDEBUG",8,100000,pito,owned_initialize,ecs_create_owned_sharded,8,10,27,22.982000
aalair,"Apple M3",8,"Darwin 27.0.0 arm64","Apple LLVM 21.0.0 (clang-2100.3.34.2)"," -O3 -DNDEBUG",8,100000,pito,owned_initialize,ecs_create_owned_sharded,8,10,28,27.216000
aalair,"Apple M3",8,"Darwin 27.0.0 arm64","Apple LLVM 21.0.0 (clang-2100.3.34.2)"," -O3 -DNDEBUG",8,100000,pito,owned_initialize,ecs_create_owned_sharded,8,10,29,26.984000
aalair,"Apple M3",8,"Darwin 27.0.0 arm64","Apple LLVM 21.0.0 (clang-2100.3.34.2)"," -O3 -DNDEBUG",8,100000,pito,owned_initialize,ecs_create_owned_sharded,8,10,30,22.835000
aalair,"Apple M3",8,"Darwin 27.0.0 arm64","Apple LLVM 21.0.0 (clang-2100.3.34.2)"," -O3 -DNDEBUG",8,100000,pito,owned_initialize,ecs_create_owned_sharded,8,10,31,23.103000
aalair,"Apple M3",8,"Darwin 27.0.0 arm64","Apple LLVM 21.0.0 (clang-2100.3.34.2)"," -O3 -DNDEBUG",8,100000,pito,owned_initialize,ecs_create_owned_sharded,8,10,32,23.023000
aalair,"Apple M3",8,"Darwin 27.0.0 arm64","Apple LLVM 21.0.0 (clang-2100.3.34.2)"," -O3 -DNDEBUG",8,100000,pito,owned_initialize,ecs_create_owned_sharded,8,10,33,22.730000
aalair,"Apple M3",8,"Darwin 27.0.0 arm64","Apple LLVM 21.0.0 (clang-2100.3.34.2)"," -O3 -DNDEBUG",8,100000,pito,owned_initialize,ecs_create_owned_sharded,8,10,34,22.523000
aalair,"Apple M3",8,"Darwin 27.0.0 arm64","Apple LLVM 21.0.0 (clang-2100.3.34.2)"," -O3 -DNDEBUG",8,100000,pito,owned_initialize,ecs_create_owned_sharded,8,10,35,26.967000
aalair,"Apple M3",8,"Darwin 27.0.0 arm64","Apple LLVM 21.0.0 (clang-2100.3.34.2)"," -O3 -DNDEBUG",8,100000,pito,owned_initialize,ecs_create_owned_sharded,8,10,36,23.081000
aalair,"Apple M3",8,"Darwin 27.0.0 arm64","Apple LLVM 21.0.0 (clang-2100.3.34.2)"," -O3 -DNDEBUG",8,100000,pito,owned_initialize,ecs_create_owned_sharded,8,10,37,23.149000
aalair,"Apple M3",8,"Darwin 27.0.0 arm64","Apple LLVM 21.0.0 (clang-2100.3.34.2)"," -O3 -DNDEBUG",8,100000,pito,owned_initialize,ecs_create_owned_sharded,8,10,38,22.884000
aalair,"Apple M3",8,"Darwin 27.0.0 arm64","Apple LLVM 21.0.0 (clang-2100.3.34.2)"," -O3 -DNDEBUG",8,100000,pito,owned_initialize,ecs_create_owned_sharded,8,10,39,27.529000
aalair,"Apple M3",8,"Darwin 27.0.0 arm64","Apple LLVM 21.0.0 (clang-2100.3.34.2)"," -O3 -DNDEBUG",8,100000,pito,owned_initialize,ecs_create_owned_sharded,8,10,40,27.102000
aalair,"Apple M3",8,"Darwin 27.0.0 arm64","Apple LLVM 21.0.0 (clang-2100.3.34.2)"," -O3 -DNDEBUG",8,100000,pito,owned_initialize,ecs_create_owned_sharded,8,10,41,26.711000
aalair,"Apple M3",8,"Darwin 27.0.0 arm64","Apple LLVM 21.0.0 (clang-2100.3.34.2)"," -O3 -DNDEBUG",8,100000,pito,owned_initialize,ecs_create_owned_sharded,8,10,42,26.609000
aalair,"Apple M3",8,"Darwin 27.0.0 arm64","Apple LLVM 21.0.0 (clang-2100.3.34.2)"," -O3 -DNDEBUG",8,100000,pito,owned_initialize,ecs_create_owned_sharded,8,10,43,22.066000
aalair,"Apple M3",8,"Darwin 27.0.0 arm64","Apple LLVM 21.0.0 (clang-2100.3.34.2)"," -O3 -DNDEBUG",8,100000,pito,owned_initialize,ecs_create_owned_sharded,8,10,44,26.439000
aalair,"Apple M3",8,"Darwin 27.0.0 arm64","Apple LLVM 21.0.0 (clang-2100.3.34.2)"," -O3 -DNDEBUG",8,100000,pito,owned_initialize,ecs_create_owned_sharded,8,10,45,24.346000
aalair,"Apple M3",8,"Darwin 27.0.0 arm64","Apple LLVM 21.0.0 (clang-2100.3.34.2)"," -O3 -DNDEBUG",8,100000,pito,owned_initialize,ecs_create_owned_sharded,8,10,46,22.044000
aalair,"Apple M3",8,"Darwin 27.0.0 arm64","Apple LLVM 21.0.0 (clang-2100.3.34.2)"," -O3 -DNDEBUG",8,100000,pito,owned_initialize,ecs_create_owned_sharded,8,10,47,25.575000
aalair,"Apple M3",8,"Darwin 27.0.0 arm64","Apple LLVM 21.0.0 (clang-2100.3.34.2)"," -O3 -DNDEBUG",8,100000,pito,owned_initialize,ecs_create_owned_sharded,8,10,48,26.501000
aalair,"Apple M3",8,"Darwin 27.0.0 arm64","Apple LLVM 21.0.0 (clang-2100.3.34.2)"," -O3 -DNDEBUG",8,100000,pito,owned_initialize,ecs_create_owned_sharded,8,10,49,24.257000
aalair,"Apple M3",8,"Darwin 27.0.0 arm64","Apple LLVM 21.0.0 (clang-2100.3.34.2)"," -O3 -DNDEBUG",8,100000,pito,owned_initialize,ecs_create_owned_sharded,8,10,50,26.953000
aalair,"Apple M3",8,"Darwin 27.0.0 arm64","Apple LLVM 21.0.0 (clang-2100.3.34.2)"," -O3 -DNDEBUG",8,100000,pito,owned_initialize,ecs_create_owned_sharded,8,10,51,22.166000
aalair,"Apple M3",8,"Darwin 27.0.0 arm64","Apple LLVM 21.0.0 (clang-2100.3.34.2)"," -O3 -DNDEBUG",8,100000,pito,owned_initialize,ecs_create_owned_sharded,8,10,52,25.707000
aalair,"Apple M3",8,"Darwin 27.0.0 arm64","Apple LLVM 21.0.0 (clang-2100.3.34.2)"," -O3 -DNDEBUG",8,100000,pito,owned_initialize,ecs_create_owned_sharded,8,10,53,22.827000
aalair,"Apple M3",8,"Darwin 27.0.0 arm64","Apple LLVM 21.0.0 (clang-2100.3.34.2)"," -O3 -DNDEBUG",8,100000,pito,owned_initialize,ecs_create_owned_sharded,8,10,54,22.595000
aalair,"Apple M3",8,"Darwin 27.0.0 arm64","Apple LLVM 21.0.0 (clang-2100.3.34.2)"," -O3 -DNDEBUG",8,100000,pito,owned_initialize,ecs_create_owned_sharded,8,10,55,22.776000
aalair,"Apple M3",8,"Darwin 27.0.0 arm64","Apple LLVM 21.0.0 (clang-2100.3.34.2)"," -O3 -DNDEBUG",8,100000,pito,owned_initialize,ecs_create_owned_sharded,8,10,56,26.986000
aalair,"Apple M3",8,"Darwin 27.0.0 arm64","Apple LLVM 21.0.0 (clang-2100.3.34.2)"," -O3 -DNDEBUG",8,100000,pito,owned_initialize,ecs_create_owned_sharded,8,10,57,23.821000
aalair,"Apple M3",8,"Darwin 27.0.0 arm64","Apple LLVM 21.0.0 (clang-2100.3.34.2)"," -O3 -DNDEBUG",8,100000,pito,owned_initialize,ecs_create_owned_sharded,8,10,58,22.895000
aalair,"Apple M3",8,"Darwin 27.0.0 arm64","Apple LLVM 21.0.0 (clang-2100.3.34.2)"," -O3 -DNDEBUG",8,100000,pito,owned_initialize,ecs_create_owned_sharded,8,10,59,27.017000
aalair,"Apple M3",8,"Darwin 27.0.0 arm64","Apple LLVM 21.0.0 (clang-2100.3.34.2)"," -O3 -DNDEBUG",8,100000,pito,owned_initialize,ecs_create_owned_sharded,8,10,60,22.455000
aalair,"Apple M3",8,"Darwin 27.0.0 arm64","Apple LLVM 21.0.0 (clang-2100.3.34.2)"," -O3 -DNDEBUG",8,100000,pito,owned_initialize,ecs_create_owned_sharded,8,10,61,26.531000
aalair,"Apple M3",8,"Darwin 27.0.0 arm64","Apple LLVM 21.0.0 (clang-2100.3.34.2)"," -O3 -DNDEBUG",8,100000,pito,owned_initialize,ecs_create_owned_sharded,8,10,62,22.894000
aalair,"Apple M3",8,"Darwin 27.0.0 arm64","Apple LLVM 21.0.0 (clang-2100.3.34.2)"," -O3 -DNDEBUG",8,100000,pito,owned_initialize,ecs_create_owned_sharded,8,10,63,26.355000
aalair,"Apple M3",8,"Darwin 27.0.0 arm64","Apple LLVM 21.0.0 (clang-2100.3.34.2)"," -O3 -DNDEBUG",8,100000,pito,owned_initialize,ecs_create_owned_sharded,8,10,64,25.957000
aalair,"Apple M3",8,"Darwin 27.0.0 arm64","Apple LLVM 21.0.0 (clang-2100.3.34.2)"," -O3 -DNDEBUG",8,100000,pito,owned_initialize,ecs_create_owned_sharded,8,10,65,26.111000
aalair,"Apple M3",8,"Darwin 27.0.0 arm64","Apple LLVM 21.0.0 (clang-2100.3.34.2)"," -O3 -DNDEBUG",8,100000,pito,owned_initialize,ecs_create_owned_sharded,8,10,66,22.514000
aalair,"Apple M3",8,"Darwin 27.0.0 arm64","Apple LLVM 21.0.0 (clang-2100.3.34.2)"," -O3 -DNDEBUG",8,100000,pito,owned_initialize,ecs_create_owned_sharded,8,10,67,26.631000
aalair,"Apple M3",8,"Darwin 27.0.0 arm64","Apple LLVM 21.0.0 (clang-2100.3.34.2)"," -O3 -DNDEBUG",8,100000,pito,owned_initialize,ecs_create_owned_sharded,8,10,68,22.208000
aalair,"Apple M3",8,"Darwin 27.0.0 arm64","Apple LLVM 21.0.0 (clang-2100.3.34.2)"," -O3 -DNDEBUG",8,100000,pito,owned_initialize,ecs_create_owned_sharded,8,10,69,26.212000
aalair,"Apple M3",8,"Darwin 27.0.0 arm64","Apple LLVM 21.0.0 (clang-2100.3.34.2)"," -O3 -DNDEBUG",8,100000,pito,owned_initialize,ecs_create_owned_sharded,8,10,70,22.490000
aalair,"Apple M3",8,"Darwin 27.0.0 arm64","Apple LLVM 21.0.0 (clang-2100.3.34.2)"," -O3 -DNDEBUG",8,100000,pito,owned_initialize,ecs_create_owned_sharded,8,10,71,22.431000
aalair,"Apple M3",8,"Darwin 27.0.0 arm64","Apple LLVM 21.0.0 (clang-2100.3.34.2)"," -O3 -DNDEBUG",8,100000,pito,owned_initialize,ecs_create_owned_sharded,8,10,72,22.420000
aalair,"Apple M3",8,"Darwin 27.0.0 arm64","Apple LLVM 21.0.0 (clang-2100.3.34.2)"," -O3 -DNDEBUG",8,100000,pito,owned_initialize,ecs_create_owned_sharded,8,10,73,23.110000
aalair,"Apple M3",8,"Darwin 27.0.0 arm64","Apple LLVM 21.0.0 (clang-2100.3.34.2)"," -O3 -DNDEBUG",8,100000,pito,owned_initialize,ecs_create_owned_sharded,8,10,74,26.954000
aalair,"Apple M3",8,"Darwin 27.0.0 arm64","Apple LLVM 21.0.0 (clang-2100.3.34.2)"," -O3 -DNDEBUG",8,100000,pito,owned_initialize,ecs_create_owned_sharded,8,10,75,22.155000
aalair,"Apple M3",8,"Darwin 27.0.0 arm64","Apple LLVM 21.0.0 (clang-2100.3.34.2)"," -O3 -DNDEBUG",8,100000,pito,owned_initialize,ecs_create_owned_sharded,8,10,76,27.151000
aalair,"Apple M3",8,"Darwin 27.0.0 arm64","Apple LLVM 21.0.0 (clang-2100.3.34.2)"," -O3 -DNDEBUG",8,100000,pito,owned_initialize,ecs_create_owned_sharded,8,10,77,22.595000
aalair,"Apple M3",8,"Darwin 27.0.0 arm64","Apple LLVM 21.0.0 (clang-2100.3.34.2)"," -O3 -DNDEBUG",8,100000,pito,owned_initialize,ecs_create_owned_sharded,8,10,78,22.220000
aalair,"Apple M3",8,"Darwin 27.0.0 arm64","Apple LLVM 21.0.0 (clang-2100.3.34.2)"," -O3 -DNDEBUG",8,100000,pito,owned_initialize,ecs_create_owned_sharded,8,10,79,23.168000
aalair,"Apple M3",8,"Darwin 27.0.0 arm64","Apple LLVM 21.0.0 (clang-2100.3.34.2)"," -O3 -DNDEBUG",8,100000,pito,owned_initialize,ecs_create_owned_sharded,8,10,80,22.639000
aalair,"Apple M3",8,"Darwin 27.0.0 arm64","Apple LLVM 21.0.0 (clang-2100.3.34.2)"," -O3 -DNDEBUG",8,100000,pito,owned_initialize,ecs_create_owned_sharded,8,10,81,22.295000
aalair,"Apple M3",8,"Darwin 27.0.0 arm64","Apple LLVM 21.0.0 (clang-2100.3.34.2)"," -O3 -DNDEBUG",8,100000,pito,owned_initialize,ecs_create_owned_sharded,8,10,82,26.184000
aalair,"Apple M3",8,"Darwin 27.0.0 arm64","Apple LLVM 21.0.0 (clang-2100.3.34.2)"," -O3 -DNDEBUG",8,100000,pito,owned_initialize,ecs_create_owned_sharded,8,10,83,22.926000
aalair,"Apple M3",8,"Darwin 27.0.0 arm64","Apple LLVM 21.0.0 (clang-2100.3.34.2)"," -O3 -DNDEBUG",8,100000,pito,owned_initialize,ecs_create_owned_sharded,8,10,84,22.721000
aalair,"Apple M3",8,"Darwin 27.0.0 arm64","Apple LLVM 21.0.0 (clang-2100.3.34.2)"," -O3 -DNDEBUG",8,100000,pito,owned_initialize,ecs_create_owned_sharded,8,10,85,22.310000
aalair,"Apple M3",8,"Darwin 27.0.0 arm64","Apple LLVM 21.0.0 (clang-2100.3.34.2)"," -O3 -DNDEBUG",8,100000,pito,owned_initialize,ecs_create_owned_sharded,8,10,86,22.835000
aalair,"Apple M3",8,"Darwin 27.0.0 arm64","Apple LLVM 21.0.0 (clang-2100.3.34.2)"," -O3 -DNDEBUG",8,100000,pito,owned_initialize,ecs_create_owned_sharded,8,10,87,22.669000
aalair,"Apple M3",8,"Darwin 27.0.0 arm64","Apple LLVM 21.0.0 (clang-2100.3.34.2)"," -O3 -DNDEBUG",8,100000,pito,owned_initialize,ecs_create_owned_sharded,8,10,88,22.874000
aalair,"Apple M3",8,"Darwin 27.0.0 arm64","Apple LLVM 21.0.0 (clang-2100.3.34.2)"," -O3 -DNDEBUG",8,100000,pito,owned_initialize,ecs_create_owned_sharded,8,10,89,25.750000
aalair,"Apple M3",8,"Darwin 27.0.0 arm64","Apple LLVM 21.0.0 (clang-2100.3.34.2)"," -O3 -DNDEBUG",8,100000,pito,owned_initialize,ecs_create_owned_sharded,8,10,90,22.922000
aalair,"Apple M3",8,"Darwin 27.0.0 arm64","Apple LLVM 21.0.0 (clang-2100.3.34.2)"," -O3 -DNDEBUG",8,100000,pito,owned_initialize,ecs_create_owned_sharded,8,10,91,22.846000
aalair,"Apple M3",8,"Darwin 27.0.0 arm64","Apple LLVM 21.0.0 (clang-2100.3.34.2)"," -O3 -DNDEBUG",8,100000,pito,owned_initialize,ecs_create_owned_sharded,8,500,1,84.691000
aalair,"Apple M3",8,"Darwin 27.0.0 arm64","Apple LLVM 21.0.0 (clang-2100.3.34.2)"," -O3 -DNDEBUG",8,100000,pito,owned_initialize,ecs_create_owned_sharded,8,500,2,80.107000
aalair,"Apple M3",8,"Darwin 27.0.0 arm64","Apple LLVM 21.0.0 (clang-2100.3.34.2)"," -O3 -DNDEBUG",8,100000,pito,owned_initialize,ecs_create_owned_sharded,8,500,3,82.970000
aalair,"Apple M3",8,"Darwin 27.0.0 arm64","Apple LLVM 21.0.0 (clang-2100.3.34.2)"," -O3 -DNDEBUG",8,100000,pito,owned_initialize,ecs_create_owned_sharded,8,500,4,83.005000
aalair,"Apple M3",8,"Darwin 27.0.0 arm64","Apple LLVM 21.0.0 (clang-2100.3.34.2)"," -O3 -DNDEBUG",8,100000,pito,owned_initialize,ecs_create_owned_sharded,8,500,5,84.451000
aalair,"Apple M3",8,"Darwin 27.0.0 arm64","Apple LLVM 21.0.0 (clang-2100.3.34.2)"," -O3 -DNDEBUG",8,100000,pito,owned_initialize,ecs_create_owned_sharded,8,500,6,82.294000
aalair,"Apple M3",8,"Darwin 27.0.0 arm64","Apple LLVM 21.0.0 (clang-2100.3.34.2)"," -O3 -DNDEBUG",8,100000,pito,owned_initialize,ecs_create_owned_sharded,8,500,7,80.310000
aalair,"Apple M3",8,"Darwin 27.0.0 arm64","Apple LLVM 21.0.0 (clang-2100.3.34.2)"," -O3 -DNDEBUG",8,100000,pito,owned_initialize,ecs_create_owned_sharded,8,500,8,81.181000
aalair,"Apple M3",8,"Darwin 27.0.0 arm64","Apple LLVM 21.0.0 (clang-2100.3.34.2)"," -O3 -DNDEBUG",8,100000,pito,owned_initialize,ecs_create_owned_sharded,8,500,9,86.030000
aalair,"Apple M3",8,"Darwin 27.0.0 arm64","Apple LLVM 21.0.0 (clang-2100.3.34.2)"," -O3 -DNDEBUG",8,100000,pito,owned_initialize,ecs_create_owned_sharded,8,500,10,109.560000
aalair,"Apple M3",8,"Darwin 27.0.0 arm64","Apple LLVM 21.0.0 (clang-2100.3.34.2)"," -O3 -DNDEBUG",8,100000,pito,owned_initialize,ecs_create_owned_sharded,8,500,11,82.017000
aalair,"Apple M3",8,"Darwin 27.0.0 arm64","Apple LLVM 21.0.0 (clang-2100.3.34.2)"," -O3 -DNDEBUG -DPITO_ECS_OWNED_DELETE_ATOMIC=1",8,100000,pito,owned_initialize,ecs_create_owned,1,0,1,15.776000
aalair,"Apple M3",8,"Darwin 27.0.0 arm64","Apple LLVM 21.0.0 (clang-2100.3.34.2)"," -O3 -DNDEBUG -DPITO_ECS_OWNED_DELETE_ATOMIC=1",8,100000,pito,owned_initialize,ecs_create_owned,1,0,2,14.664000
aalair,"Apple M3",8,"Darwin 27.0.0 arm64","Apple LLVM 21.0.0 (clang-2100.3.34.2)"," -O3 -DNDEBUG -DPITO_ECS_OWNED_DELETE_ATOMIC=1",8,100000,pito,owned_initialize,ecs_create_owned,1,0,3,14.637000
aalair,"Apple M3",8,"Darwin 27.0.0 arm64","Apple LLVM 21.0.0 (clang-2100.3.34.2)"," -O3 -DNDEBUG -DPITO_ECS_OWNED_DELETE_ATOMIC=1",8,100000,pito,owned_initialize,ecs_create_owned,1,0,4,14.584000
aalair,"Apple M3",8,"Darwin 27.0.0 arm64","Apple LLVM 21.0.0 (clang-2100.3.34.2)"," -O3 -DNDEBUG -DPITO_ECS_OWNED_DELETE_ATOMIC=1",8,100000,pito,owned_initialize,ecs_create_owned,1,0,5,14.566000
aalair,"Apple M3",8,"Darwin 27.0.0 arm64","Apple LLVM 21.0.0 (clang-2100.3.34.2)"," -O3 -DNDEBUG -DPITO_ECS_OWNED_DELETE_ATOMIC=1",8,100000,pito,owned_initialize,ecs_create_owned,1,0,6,14.572000
aalair,"Apple M3",8,"Darwin 27.0.0 arm64","Apple LLVM 21.0.0 (clang-2100.3.34.2)"," -O3 -DNDEBUG -DPITO_ECS_OWNED_DELETE_ATOMIC=1",8,100000,pito,owned_initialize,ecs_create_owned,1,0,7,14.583000
aalair,"Apple M3",8,"Darwin 27.0.0 arm64","Apple LLVM 21.0.0 (clang-2100.3.34.2)"," -O3 -DNDEBUG -DPITO_ECS_OWNED_DELETE_ATOMIC=1",8,100000,pito,owned_initialize,ecs_create_owned,1,0,8,14.561000
aalair,"Apple M3",8,"Darwin 27.0.0 arm64","Apple LLVM 21.0.0 (clang-2100.3.34.2)"," -O3 -DNDEBUG -DPITO_ECS_OWNED_DELETE_ATOMIC=1",8,100000,pito,owned_initialize,ecs_create_owned,1,0,9,14.548000
aalair,"Apple M3",8,"Darwin 27.0.0 arm64","Apple LLVM 21.0.0 (clang-2100.3.34.2)"," -O3 -DNDEBUG -DPITO_ECS_OWNED_DELETE_ATOMIC=1",8,100000,pito,owned_initialize,ecs_create_owned,1,0,10,14.560000
aalair,"Apple M3",8,"Darwin 27.0.0 arm64","Apple LLVM 21.0.0 (clang-2100.3.34.2)"," -O3 -DNDEBUG -DPITO_ECS_OWNED_DELETE_ATOMIC=1",8,100000,pito,owned_initialize,ecs_create_owned,1,0,11,14.535000
aalair,"Apple M3",8,"Darwin 27.0.0 arm64","Apple LLVM 21.0.0 (clang-2100.3.34.2)"," -O3 -DNDEBUG -DPITO_ECS_OWNED_DELETE_ATOMIC=1",8,100000,pito,owned_initialize,ecs_create_owned,1,10,1,16.734000
aalair,"Apple M3",8,"Darwin 27.0.0 arm64","Apple LLVM 21.0.0 (clang-2100.3.34.2)"," -O3 -DNDEBUG -DPITO_ECS_OWNED_DELETE_ATOMIC=1",8,100000,pito,owned_initialize,ecs_create_owned,1,10,2,16.792000
aalair,"Apple M3",8,"Darwin 27.0.0 arm64","Apple LLVM 21.0.0 (clang-2100.3.34.2)"," -O3 -DNDEBUG -DPITO_ECS_OWNED_DELETE_ATOMIC=1",8,100000,pito,owned_initialize,ecs_create_owned,1,10,3,16.574000
aalair,"Apple M3",8,"Darwin 27.0.0 arm64","Apple LLVM 21.0.0 (clang-2100.3.34.2)"," -O3 -DNDEBUG -DPITO_ECS_OWNED_DELETE_ATOMIC=1",8,100000,pito,owned_initialize,ecs_create_owned,1,10,4,16.779000
aalair,"Apple M3",8,"Darwin 27.0.0 arm64","Apple LLVM 21.0.0 (clang-2100.3.34.2)"," -O3 -DNDEBUG -DPITO_ECS_OWNED_DELETE_ATOMIC=1",8,100000,pito,owned_initialize,ecs_create_owned,1,10,5,16.575000
aalair,"Apple M3",8,"Darwin 27.0.0 arm64","Apple LLVM 21.0.0 (clang-2100.3.34.2)"," -O3 -DNDEBUG -DPITO_ECS_OWNED_DELETE_ATOMIC=1",8,100000,pito,owned_initialize,ecs_create_owned,1,10,6,16.575000
aalair,"Apple M3",8,"Darwin 27.0.0 arm64","Apple LLVM 21.0.0 (clang-2100.3.34.2)"," -O3 -DNDEBUG -DPITO_ECS_OWNED_DELETE_ATOMIC=1",8,100000,pito,owned_initialize,ecs_create_owned,1,10,7,16.567000
aalair,"Apple M3",8,"Darwin 27.0.0 arm64","Apple LLVM 21.0.0 (clang-2100.3.34.2)"," -O3 -DNDEBUG -DPITO_ECS_OWNED_DELETE_ATOMIC=1",8,100000,pito,owned_initialize,ecs_create_owned,1,10,8,16.652000
aalair,"Apple M3",8,"Darwin 27.0.0 arm64","Apple LLVM 21.0.0 (clang-2100.3.34.2)"," -O3 -DNDEBUG -DPITO_ECS_OWNED_DELETE_ATOMIC=1",8,100000,pito,owned_initialize,ecs_create_owned,1,10,9,16.567000
aalair,"Apple M3",8,"Darwin 27.0.0 arm64","Apple LLVM 21.0.0 (clang-2100.3.34.2)"," -O3 -DNDEBUG -DPITO_ECS_OWNED_DELETE_ATOMIC=1",8,100000,pito,owned_initialize,ecs_create_owned,1,10,10,16.568000
aalair,"Apple M3",8,"Darwin 27.0.0 arm64","Apple LLVM 21.0.0 (clang-2100.3.34.2)"," -O3 -DNDEBUG -DPITO_ECS_OWNED_DELETE_ATOMIC=1",8,100000,pito,owned_initialize,ecs_create_owned,1,500,1,394.140000
aalair,"Apple M3",8,"Darwin 27.0.0 arm64","Apple LLVM 21.0.0 (clang-2100.3.34.2)"," -O3 -DNDEBUG -DPITO_ECS_OWNED_DELETE_ATOMIC=1",8,100000,pito,owned_initialize,ecs_create_owned,1,500,2,394.297000
aalair,"Apple M3",8,"Darwin 27.0.0 arm64","Apple LLVM 21.0.0 (clang-2100.3.34.2)"," -O3 -DNDEBUG -DPITO_ECS_OWNED_DELETE_ATOMIC=1",8,100000,pito,owned_initialize,ecs_create_owned,1,500,3,394.171000
aalair,"Apple M3",8,"Darwin 27.0.0 arm64","Apple LLVM 21.0.0 (clang-2100.3.34.2)"," -O3 -DNDEBUG -DPITO_ECS_OWNED_DELETE_ATOMIC=1",8,100000,pito,owned_initialize,ecs_create_owned,1,500,4,394.388000
aalair,"Apple M3",8,"Darwin 27.0.0 arm64","Apple LLVM 21.0.0 (clang-2100.3.34.2)"," -O3 -DNDEBUG -DPITO_ECS_OWNED_DELETE_ATOMIC=1",8,100000,pito,owned_initialize,ecs_create_owned,1,500,5,394.424000
aalair,"Apple M3",8,"Darwin 27.0.0 arm64","Apple LLVM 21.0.0 (clang-2100.3.34.2)"," -O3 -DNDEBUG -DPITO_ECS_OWNED_DELETE_ATOMIC=1",8,100000,pito,owned_initialize,ecs_create_owned,1,500,6,394.114000
aalair,"Apple M3",8,"Darwin 27.0.0 arm64","Apple LLVM 21.0.0 (clang-2100.3.34.2)"," -O3 -DNDEBUG -DPITO_ECS_OWNED_DELETE_ATOMIC=1",8,100000,pito,owned_initialize,ecs_create_owned,1,500,7,394.050000
aalair,"Apple M3",8,"Darwin 27.0.0 arm64","Apple LLVM 21.0.0 (clang-2100.3.34.2)"," -O3 -DNDEBUG -DPITO_ECS_OWNED_DELETE_ATOMIC=1",8,100000,pito,owned_initialize,ecs_create_owned,1,500,8,387.503000
aalair,"Apple M3",8,"Darwin 27.0.0 arm64","Apple LLVM 21.0.0 (clang-2100.3.34.2)"," -O3 -DNDEBUG -DPITO_ECS_OWNED_DELETE_ATOMIC=1",8,100000,pito,owned_initialize,ecs_create_owned,1,500,9,381.235000
aalair,"Apple M3",8,"Darwin 27.0.0 arm64","Apple LLVM 21.0.0 (clang-2100.3.34.2)"," -O3 -DNDEBUG -DPITO_ECS_OWNED_DELETE_ATOMIC=1",8,100000,pito,owned_initialize,ecs_create_owned,1,500,10,388.347000
aalair,"Apple M3",8,"Darwin 27.0.0 arm64","Apple LLVM 21.0.0 (clang-2100.3.34.2)"," -O3 -DNDEBUG -DPITO_ECS_OWNED_DELETE_ATOMIC=1",8,100000,pito,owned_initialize,ecs_create_owned,2,0,1,27.916000
aalair,"Apple M3",8,"Darwin 27.0.0 arm64","Apple LLVM 21.0.0 (clang-2100.3.34.2)"," -O3 -DNDEBUG -DPITO_ECS_OWNED_DELETE_ATOMIC=1",8,100000,pito,owned_initialize,ecs_create_owned,2,0,2,27.912000
aalair,"Apple M3",8,"Darwin 27.0.0 arm64","Apple LLVM 21.0.0 (clang-2100.3.34.2)"," -O3 -DNDEBUG -DPITO_ECS_OWNED_DELETE_ATOMIC=1",8,100000,pito,owned_initialize,ecs_create_owned,2,0,3,27.912000
aalair,"Apple M3",8,"Darwin 27.0.0 arm64","Apple LLVM 21.0.0 (clang-2100.3.34.2)"," -O3 -DNDEBUG -DPITO_ECS_OWNED_DELETE_ATOMIC=1",8,100000,pito,owned_initialize,ecs_create_owned,2,0,4,27.958000
aalair,"Apple M3",8,"Darwin 27.0.0 arm64","Apple LLVM 21.0.0 (clang-2100.3.34.2)"," -O3 -DNDEBUG -DPITO_ECS_OWNED_DELETE_ATOMIC=1",8,100000,pito,owned_initialize,ecs_create_owned,2,0,5,28.060000
aalair,"Apple M3",8,"Darwin 27.0.0 arm64","Apple LLVM 21.0.0 (clang-2100.3.34.2)"," -O3 -DNDEBUG -DPITO_ECS_OWNED_DELETE_ATOMIC=1",8,100000,pito,owned_initialize,ecs_create_owned,2,0,6,27.895000
aalair,"Apple M3",8,"Darwin 27.0.0 arm64","Apple LLVM 21.0.0 (clang-2100.3.34.2)"," -O3 -DNDEBUG -DPITO_ECS_OWNED_DELETE_ATOMIC=1",8,100000,pito,owned_initialize,ecs_create_owned,2,0,7,27.905000
aalair,"Apple M3",8,"Darwin 27.0.0 arm64","Apple LLVM 21.0.0 (clang-2100.3.34.2)"," -O3 -DNDEBUG -DPITO_ECS_OWNED_DELETE_ATOMIC=1",8,100000,pito,owned_initialize,ecs_create_owned,2,0,8,27.945000
aalair,"Apple M3",8,"Darwin 27.0.0 arm64","Apple LLVM 21.0.0 (clang-2100.3.34.2)"," -O3 -DNDEBUG -DPITO_ECS_OWNED_DELETE_ATOMIC=1",8,100000,pito,owned_initialize,ecs_create_owned,2,0,9,27.927000
aalair,"Apple M3",8,"Darwin 27.0.0 arm64","Apple LLVM 21.0.0 (clang-2100.3.34.2)"," -O3 -DNDEBUG -DPITO_ECS_OWNED_DELETE_ATOMIC=1",8,100000,pito,owned_initialize,ecs_create_owned,2,0,10,27.939000
aalair,"Apple M3",8,"Darwin 27.0.0 arm64","Apple LLVM 21.0.0 (clang-2100.3.34.2)"," -O3 -DNDEBUG -DPITO_ECS_OWNED_DELETE_ATOMIC=1",8,100000,pito,owned_initialize,ecs_create_owned,2,10,1,29.011000
aalair,"Apple M3",8,"Darwin 27.0.0 arm64","Apple LLVM 21.0.0 (clang-2100.3.34.2)"," -O3 -DNDEBUG -DPITO_ECS_OWNED_DELETE_ATOMIC=1",8,100000,pito,owned_initialize,ecs_create_owned,2,10,2,29.087000
aalair,"Apple M3",8,"Darwin 27.0.0 arm64","Apple LLVM 21.0.0 (clang-2100.3.34.2)"," -O3 -DNDEBUG -DPITO_ECS_OWNED_DELETE_ATOMIC=1",8,100000,pito,owned_initialize,ecs_create_owned,2,10,3,28.929000
aalair,"Apple M3",8,"Darwin 27.0.0 arm64","Apple LLVM 21.0.0 (clang-2100.3.34.2)"," -O3 -DNDEBUG -DPITO_ECS_OWNED_DELETE_ATOMIC=1",8,100000,pito,owned_initialize,ecs_create_owned,2,10,4,28.552000
aalair,"Apple M3",8,"Darwin 27.0.0 arm64","Apple LLVM 21.0.0 (clang-2100.3.34.2)"," -O3 -DNDEBUG -DPITO_ECS_OWNED_DELETE_ATOMIC=1",8,100000,pito,owned_initialize,ecs_create_owned,2,10,5,28.874000
aalair,"Apple M3",8,"Darwin 27.0.0 arm64","Apple LLVM 21.0.0 (clang-2100.3.34.2)"," -O3 -DNDEBUG -DPITO_ECS_OWNED_DELETE_ATOMIC=1",8,100000,pito,owned_initialize,ecs_create_owned,2,10,6,28.896000
aalair,"Apple M3",8,"Darwin 27.0.0 arm64","Apple LLVM 21.0.0 (clang-2100.3.34.2)"," -O3 -DNDEBUG -DPITO_ECS_OWNED_DELETE_ATOMIC=1",8,100000,pito,owned_initialize,ecs_create_owned,2,10,7,28.853000
aalair,"Apple M3",8,"Darwin 27.0.0 arm64","Apple LLVM 21.0.0 (clang-2100.3.34.2)"," -O3 -DNDEBUG -DPITO_ECS_OWNED_DELETE_ATOMIC=1",8,100000,pito,owned_initialize,ecs_create_owned,2,10,8,28.476000
aalair,"Apple M3",8,"Darwin 27.0.0 arm64","Apple LLVM 21.0.0 (clang-2100.3.34.2)"," -O3 -DNDEBUG -DPITO_ECS_OWNED_DELETE_ATOMIC=1",8,100000,pito,owned_initialize,ecs_create_owned,2,10,9,28.914000
aalair,"Apple M3",8,"Darwin 27.0.0 arm64","Apple LLVM 21.0.0 (clang-2100.3.34.2)"," -O3 -DNDEBUG -DPITO_ECS_OWNED_DELETE_ATOMIC=1",8,100000,pito,owned_initialize,ecs_create_owned,2,10,10,28.977000
aalair,"Apple M3",8,"Darwin 27.0.0 arm64","Apple LLVM 21.0.0 (clang-2100.3.34.2)"," -O3 -DNDEBUG -DPITO_ECS_OWNED_DELETE_ATOMIC=1",8,100000,pito,owned_initialize,ecs_create_owned,2,500,1,203.210000
aalair,"Apple M3",8,"Darwin 27.0.0 arm64","Apple LLVM 21.0.0 (clang-2100.3.34.2)"," -O3 -DNDEBUG -DPITO_ECS_OWNED_DELETE_ATOMIC=1",8,100000,pito,owned_initialize,ecs_create_owned,2,500,2,203.138000
aalair,"Apple M3",8,"Darwin 27.0.0 arm64","Apple LLVM 21.0.0 (clang-2100.3.34.2)"," -O3 -DNDEBUG -DPITO_ECS_OWNED_DELETE_ATOMIC=1",8,100000,pito,owned_initialize,ecs_create_owned,2,500,3,203.127000
aalair,"Apple M3",8,"Darwin 27.0.0 arm64","Apple LLVM 21.0.0 (clang-2100.3.34.2)"," -O3 -DNDEBUG -DPITO_ECS_OWNED_DELETE_ATOMIC=1",8,100000,pito,owned_initialize,ecs_create_owned,2,500,4,203.120000
aalair,"Apple M3",8,"Darwin 27.0.0 arm64","Apple LLVM 21.0.0 (clang-2100.3.34.2)"," -O3 -DNDEBUG -DPITO_ECS_OWNED_DELETE_ATOMIC=1",8,100000,pito,owned_initialize,ecs_create_owned,2,500,5,203.295000
aalair,"Apple M3",8,"Darwin 27.0.0 arm64","Apple LLVM 21.0.0 (clang-2100.3.34.2)"," -O3 -DNDEBUG -DPITO_ECS_OWNED_DELETE_ATOMIC=1",8,100000,pito,owned_initialize,ecs_create_owned,2,500,6,203.124000
aalair,"Apple M3",8,"Darwin 27.0.0 arm64","Apple LLVM 21.0.0 (clang-2100.3.34.2)"," -O3 -DNDEBUG -DPITO_ECS_OWNED_DELETE_ATOMIC=1",8,100000,pito,owned_initialize,ecs_create_owned,2,500,7,203.050000
aalair,"Apple M3",8,"Darwin 27.0.0 arm64","Apple LLVM 21.0.0 (clang-2100.3.34.2)"," -O3 -DNDEBUG -DPITO_ECS_OWNED_DELETE_ATOMIC=1",8,100000,pito,owned_initialize,ecs_create_owned,2,500,8,203.164000
aalair,"Apple M3",8,"Darwin 27.0.0 arm64","Apple LLVM 21.0.0 (clang-2100.3.34.2)"," -O3 -DNDEBUG -DPITO_ECS_OWNED_DELETE_ATOMIC=1",8,100000,pito,owned_initialize,ecs_create_owned,2,500,9,203.084000
aalair,"Apple M3",8,"Darwin 27.0.0 arm64","Apple LLVM 21.0.0 (clang-2100.3.34.2)"," -O3 -DNDEBUG -DPITO_ECS_OWNED_DELETE_ATOMIC=1",8,100000,pito,owned_initialize,ecs_create_owned,2,500,10,203.046000
aalair,"Apple M3",8,"Darwin 27.0.0 arm64","Apple LLVM 21.0.0 (clang-2100.3.34.2)"," -O3 -DNDEBUG -DPITO_ECS_OWNED_DELETE_ATOMIC=1",8,100000,pito,owned_initialize,ecs_create_owned,4,0,1,32.268000
aalair,"Apple M3",8,"Darwin 27.0.0 arm64","Apple LLVM 21.0.0 (clang-2100.3.34.2)"," -O3 -DNDEBUG -DPITO_ECS_OWNED_DELETE_ATOMIC=1",8,100000,pito,owned_initialize,ecs_create_owned,4,0,2,32.252000
aalair,"Apple M3",8,"Darwin 27.0.0 arm64","Apple LLVM 21.0.0 (clang-2100.3.34.2)"," -O3 -DNDEBUG -DPITO_ECS_OWNED_DELETE_ATOMIC=1",8,100000,pito,owned_initialize,ecs_create_owned,4,0,3,32.261000
aalair,"Apple M3",8,"Darwin 27.0.0 arm64","Apple LLVM 21.0.0 (clang-2100.3.34.2)"," -O3 -DNDEBUG -DPITO_ECS_OWNED_DELETE_ATOMIC=1",8,100000,pito,owned_initialize,ecs_create_owned,4,0,4,32.283000
aalair,"Apple M3",8,"Darwin 27.0.0 arm64","Apple LLVM 21.0.0 (clang-2100.3.34.2)"," -O3 -DNDEBUG -DPITO_ECS_OWNED_DELETE_ATOMIC=1",8,100000,pito,owned_initialize,ecs_create_owned,4,0,5,32.257000
aalair,"Apple M3",8,"Darwin 27.0.0 arm64","Apple LLVM 21.0.0 (clang-2100.3.34.2)"," -O3 -DNDEBUG -DPITO_ECS_OWNED_DELETE_ATOMIC=1",8,100000,pito,owned_initialize,ecs_create_owned,4,0,6,32.272000
aalair,"Apple M3",8,"Darwin 27.0.0 arm64","Apple LLVM 21.0.0 (clang-2100.3.34.2)"," -O3 -DNDEBUG -DPITO_ECS_OWNED_DELETE_ATOMIC=1",8,100000,pito,owned_initialize,ecs_create_owned,4,0,7,32.259000
aalair,"Apple M3",8,"Darwin 27.0.0 arm64","Apple LLVM 21.0.0 (clang-2100.3.34.2)"," -O3 -DNDEBUG -DPITO_ECS_OWNED_DELETE_ATOMIC=1",8,100000,pito,owned_initialize,ecs_create_owned,4,0,8,32.244000
aalair,"Apple M3",8,"Darwin 27.0.0 arm64","Apple LLVM 21.0.0 (clang-2100.3.34.2)"," -O3 -DNDEBUG -DPITO_ECS_OWNED_DELETE_ATOMIC=1",8,100000,pito,owned_initialize,ecs_create_owned,4,0,9,32.246000
aalair,"Apple M3",8,"Darwin 27.0.0 arm64","Apple LLVM 21.0.0 (clang-2100.3.34.2)"," -O3 -DNDEBUG -DPITO_ECS_OWNED_DELETE_ATOMIC=1",8,100000,pito,owned_initialize,ecs_create_owned,4,0,10,32.276000
aalair,"Apple M3",8,"Darwin 27.0.0 arm64","Apple LLVM 21.0.0 (clang-2100.3.34.2)"," -O3 -DNDEBUG -DPITO_ECS_OWNED_DELETE_ATOMIC=1",8,100000,pito,owned_initialize,ecs_create_owned,4,10,1,31.645000
aalair,"Apple M3",8,"Darwin 27.0.0 arm64","Apple LLVM 21.0.0 (clang-2100.3.34.2)"," -O3 -DNDEBUG -DPITO_ECS_OWNED_DELETE_ATOMIC=1",8,100000,pito,owned_initialize,ecs_create_owned,4,10,2,31.599000
aalair,"Apple M3",8,"Darwin 27.0.0 arm64","Apple LLVM 21.0.0 (clang-2100.3.34.2)"," -O3 -DNDEBUG -DPITO_ECS_OWNED_DELETE_ATOMIC=1",8,100000,pito,owned_initialize,ecs_create_owned,4,10,3,31.618000
aalair,"Apple M3",8,"Darwin 27.0.0 arm64","Apple LLVM 21.0.0 (clang-2100.3.34.2)"," -O3 -DNDEBUG -DPITO_ECS_OWNED_DELETE_ATOMIC=1",8,100000,pito,owned_initialize,ecs_create_owned,4,10,4,31.670000
aalair,"Apple M3",8,"Darwin 27.0.0 arm64","Apple LLVM 21.0.0 (clang-2100.3.34.2)"," -O3 -DNDEBUG -DPITO_ECS_OWNED_DELETE_ATOMIC=1",8,100000,pito,owned_initialize,ecs_create_owned,4,10,5,31.580000
aalair,"Apple M3",8,"Darwin 27.0.0 arm64","Apple LLVM 21.0.0 (clang-2100.3.34.2)"," -O3 -DNDEBUG -DPITO_ECS_OWNED_DELETE_ATOMIC=1",8,100000,pito,owned_initialize,ecs_create_owned,4,10,6,31.549000
aalair,"Apple M3",8,"Darwin 27.0.0 arm64","Apple LLVM 21.0.0 (clang-2100.3.34.2)"," -O3 -DNDEBUG -DPITO_ECS_OWNED_DELETE_ATOMIC=1",8,100000,pito,owned_initialize,ecs_create_owned,4,10,7,31.580000
aalair,"Apple M3",8,"Darwin 27.0.0 arm64","Apple LLVM 21.0.0 (clang-2100.3.34.2)"," -O3 -DNDEBUG -DPITO_ECS_OWNED_DELETE_ATOMIC=1",8,100000,pito,owned_initialize,ecs_create_owned,4,10,8,31.675000
aalair,"Apple M3",8,"Darwin 27.0.0 arm64","Apple LLVM 21.0.0 (clang-2100.3.34.2)"," -O3 -DNDEBUG -DPITO_ECS_OWNED_DELETE_ATOMIC=1",8,100000,pito,owned_initialize,ecs_create_owned,4,10,9,31.670000
aalair,"Apple M3",8,"Darwin 27.0.0 arm64","Apple LLVM 21.0.0 (clang-2100.3.34.2)"," -O3 -DNDEBUG -DPITO_ECS_OWNED_DELETE_ATOMIC=1",8,100000,pito,owned_initialize,ecs_create_owned,4,10,10,31.609000
aalair,"Apple M3",8,"Darwin 27.0.0 arm64","Apple LLVM 21.0.0 (clang-2100.3.34.2)"," -O3 -DNDEBUG -DPITO_ECS_OWNED_DELETE_ATOMIC=1",8,100000,pito,owned_initialize,ecs_create_owned,4,500,1,107.068000
aalair,"Apple M3",8,"Darwin 27.0.0 arm64","Apple LLVM 21.0.0 (clang-2100.3.34.2)"," -O3 -DNDEBUG -DPITO_ECS_OWNED_DELETE_ATOMIC=1",8,100000,pito,owned_initialize,ecs_create_owned,4,500,2,106.890000
aalair,"Apple M3",8,"Darwin 27.0.0 arm64","Apple LLVM 21.0.0 (clang-2100.3.34.2)"," -O3 -DNDEBUG -DPITO_ECS_OWNED_DELETE_ATOMIC=1",8,100000,pito,owned_initialize,ecs_create_owned,4,500,3,106.844000
aalair,"Apple M3",8,"Darwin 27.0.0 arm64","Apple LLVM 21.0.0 (clang-2100.3.34.2)"," -O3 -DNDEBUG -DPITO_ECS_OWNED_DELETE_ATOMIC=1",8,100000,pito,owned_initialize,ecs_create_owned,4,500,4,106.984000
aalair,"Apple M3",8,"Darwin 27.0.0 arm64","Apple LLVM 21.0.0 (clang-2100.3.34.2)"," -O3 -DNDEBUG -DPITO_ECS_OWNED_DELETE_ATOMIC=1",8,100000,pito,owned_initialize,ecs_create_owned,4,500,5,107.040000
aalair,"Apple M3",8,"Darwin 27.0.0 arm64","Apple LLVM 21.0.0 (clang-2100.3.34.2)"," -O3 -DNDEBUG -DPITO_ECS_OWNED_DELETE_ATOMIC=1",8,100000,pito,owned_initialize,ecs_create_owned,4,500,6,106.799000
aalair,"Apple M3",8,"Darwin 27.0.0 arm64","Apple LLVM 21.0.0 (clang-2100.3.34.2)"," -O3 -DNDEBUG -DPITO_ECS_OWNED_DELETE_ATOMIC=1",8,100000,pito,owned_initialize,ecs_create_owned,4,500,7,106.941000
aalair,"Apple M3",8,"Darwin 27.0.0 arm64","Apple LLVM 21.0.0 (clang-2100.3.34.2)"," -O3 -DNDEBUG -DPITO_ECS_OWNED_DELETE_ATOMIC=1",8,100000,pito,owned_initialize,ecs_create_owned,4,500,8,106.922000
aalair,"Apple M3",8,"Darwin 27.0.0 arm64","Apple LLVM 21.0.0 (clang-2100.3.34.2)"," -O3 -DNDEBUG -DPITO_ECS_OWNED_DELETE_ATOMIC=1",8,100000,pito,owned_initialize,ecs_create_owned,4,500,9,106.929000
aalair,"Apple M3",8,"Darwin 27.0.0 arm64","Apple LLVM 21.0.0 (clang-2100.3.34.2)"," -O3 -DNDEBUG -DPITO_ECS_OWNED_DELETE_ATOMIC=1",8,100000,pito,owned_initialize,ecs_create_owned,4,500,10,106.947000
aalair,"Apple M3",8,"Darwin 27.0.0 arm64","Apple LLVM 21.0.0 (clang-2100.3.34.2)"," -O3 -DNDEBUG -DPITO_ECS_OWNED_DELETE_ATOMIC=1",8,100000,pito,owned_initialize,ecs_create_owned,8,0,1,51.774000
aalair,"Apple M3",8,"Darwin 27.0.0 arm64","Apple LLVM 21.0.0 (clang-2100.3.34.2)"," -O3 -DNDEBUG -DPITO_ECS_OWNED_DELETE_ATOMIC=1",8,100000,pito,owned_initialize,ecs_create_owned,8,0,2,51.527000
aalair,"Apple M3",8,"Darwin 27.0.0 arm64","Apple LLVM 21.0.0 (clang-2100.3.34.2)"," -O3 -DNDEBUG -DPITO_ECS_OWNED_DELETE_ATOMIC=1",8,100000,pito,owned_initialize,ecs_create_owned,8,0,3,52.728000
aalair,"Apple M3",8,"Darwin 27.0.0 arm64","Apple LLVM 21.0.0 (clang-2100.3.34.2)"," -O3 -DNDEBUG -DPITO_ECS_OWNED_DELETE_ATOMIC=1",8,100000,pito,owned_initialize,ecs_create_owned,8,0,4,50.833000
aalair,"Apple M3",8,"Darwin 27.0.0 arm64","Apple LLVM 21.0.0 (clang-2100.3.34.2)"," -O3 -DNDEBUG -DPITO_ECS_OWNED_DELETE_ATOMIC=1",8,100000,pito,owned_initialize,ecs_create_owned,8,0,5,51.448000
aalair,"Apple M3",8,"Darwin 27.0.0 arm64","Apple LLVM 21.0.0 (clang-2100.3.34.2)"," -O3 -DNDEBUG -DPITO_ECS_OWNED_DELETE_ATOMIC=1",8,100000,pito,owned_initialize,ecs_create_owned,8,0,6,51.736000
aalair,"Apple M3",8,"Darwin 27.0.0 arm64","Apple LLVM 21.0.0 (clang-2100.3.34.2)"," -O3 -DNDEBUG -DPITO_ECS_OWNED_DELETE_ATOMIC=1",8,100000,pito,owned_initialize,ecs_create_owned,8,0,7,51.068000
aalair,"Apple M3",8,"Darwin 27.0.0 arm64","Apple LLVM 21.0.0 (clang-2100.3.34.2)"," -O3 -DNDEBUG -DPITO_ECS_OWNED_DELETE_ATOMIC=1",8,100000,pito,owned_initialize,ecs_create_owned,8,0,8,52.012000
aalair,"Apple M3",8,"Darwin 27.0.0 arm64","Apple LLVM 21.0.0 (clang-2100.3.34.2)"," -O3 -DNDEBUG -DPITO_ECS_OWNED_DELETE_ATOMIC=1",8,100000,pito,owned_initialize,ecs_create_owned,8,0,9,51.926000
aalair,"Apple M3",8,"Darwin 27.0.0 arm64","Apple LLVM 21.0.0 (clang-2100.3.34.2)"," -O3 -DNDEBUG -DPITO_ECS_OWNED_DELETE_ATOMIC=1",8,100000,pito,owned_initialize,ecs_create_owned,8,0,10,52.471000
aalair,"Apple M3",8,"Darwin 27.0.0 arm64","Apple LLVM 21.0.0 (clang-2100.3.34.2)"," -O3 -DNDEBUG -DPITO_ECS_OWNED_DELETE_ATOMIC=1",8,100000,pito,owned_initialize,ecs_create_owned,8,10,1,50.449000
aalair,"Apple M3",8,"Darwin 27.0.0 arm64","Apple LLVM 21.0.0 (clang-2100.3.34.2)"," -O3 -DNDEBUG -DPITO_ECS_OWNED_DELETE_ATOMIC=1",8,100000,pito,owned_initialize,ecs_create_owned,8,10,2,51.703000
aalair,"Apple M3",8,"Darwin 27.0.0 arm64","Apple LLVM 21.0.0 (clang-2100.3.34.2)"," -O3 -DNDEBUG -DPITO_ECS_OWNED_DELETE_ATOMIC=1",8,100000,pito,owned_initialize,ecs_create_owned,8,10,3,51.068000
aalair,"Apple M3",8,"Darwin 27.0.0 arm64","Apple LLVM 21.0.0 (clang-2100.3.34.2)"," -O3 -DNDEBUG -DPITO_ECS_OWNED_DELETE_ATOMIC=1",8,100000,pito,owned_initialize,ecs_create_owned,8,10,4,50.534000
aalair,"Apple M3",8,"Darwin 27.0.0 arm64","Apple LLVM 21.0.0 (clang-2100.3.34.2)"," -O3 -DNDEBUG -DPITO_ECS_OWNED_DELETE_ATOMIC=1",8,100000,pito,owned_initialize,ecs_create_owned,8,10,5,50.326000
aalair,"Apple M3",8,"Darwin 27.0.0 arm64","Apple LLVM 21.0.0 (clang-2100.3.34.2)"," -O3 -DNDEBUG -DPITO_ECS_OWNED_DELETE_ATOMIC=1",8,100000,pito,owned_initialize,ecs_create_owned,8,10,6,50.650000
aalair,"Apple M3",8,"Darwin 27.0.0 arm64","Apple LLVM 21.0.0 (clang-2100.3.34.2)"," -O3 -DNDEBUG -DPITO_ECS_OWNED_DELETE_ATOMIC=1",8,100000,pito,owned_initialize,ecs_create_owned,8,10,7,50.669000
aalair,"Apple M3",8,"Darwin 27.0.0 arm64","Apple LLVM 21.0.0 (clang-2100.3.34.2)"," -O3 -DNDEBUG -DPITO_ECS_OWNED_DELETE_ATOMIC=1",8,100000,pito,owned_initialize,ecs_create_owned,8,10,8,51.452000
aalair,"Apple M3",8,"Darwin 27.0.0 arm64","Apple LLVM 21.0.0 (clang-2100.3.34.2)"," -O3 -DNDEBUG -DPITO_ECS_OWNED_DELETE_ATOMIC=1",8,100000,pito,owned_initialize,ecs_create_owned,8,10,9,50.373000
aalair,"Apple M3",8,"Darwin 27.0.0 arm64","Apple LLVM 21.0.0 (clang-2100.3.34.2)"," -O3 -DNDEBUG -DPITO_ECS_OWNED_DELETE_ATOMIC=1",8,100000,pito,owned_initialize,ecs_create_owned,8,10,10,50.642000
aalair,"Apple M3",8,"Darwin 27.0.0 arm64","Apple LLVM 21.0.0 (clang-2100.3.34.2)"," -O3 -DNDEBUG -DPITO_ECS_OWNED_DELETE_ATOMIC=1",8,100000,pito,owned_initialize,ecs_create_owned,8,500,1,87.027000
aalair,"Apple M3",8,"Darwin 27.0.0 arm64","Apple LLVM 21.0.0 (clang-2100.3.34.2)"," -O3 -DNDEBUG -DPITO_ECS_OWNED_DELETE_ATOMIC=1",8,100000,pito,owned_initialize,ecs_create_owned,8,500,2,83.231000
aalair,"Apple M3",8,"Darwin 27.0.0 arm64","Apple LLVM 21.0.0 (clang-2100.3.34.2)"," -O3 -DNDEBUG -DPITO_ECS_OWNED_DELETE_ATOMIC=1",8,100000,pito,owned_initialize,ecs_create_owned,8,500,3,82.564000
aalair,"Apple M3",8,"Darwin 27.0.0 arm64","Apple LLVM 21.0.0 (clang-2100.3.34.2)"," -O3 -DNDEBUG -DPITO_ECS_OWNED_DELETE_ATOMIC=1",8,100000,pito,owned_initialize,ecs_create_owned,8,500,4,82.540000
aalair,"Apple M3",8,"Darwin 27.0.0 arm64","Apple LLVM 21.0.0 (clang-2100.3.34.2)"," -O3 -DNDEBUG -DPITO_ECS_OWNED_DELETE_ATOMIC=1",8,100000,pito,owned_initialize,ecs_create_owned,8,500,5,82.822000
aalair,"Apple M3",8,"Darwin 27.0.0 arm64","Apple LLVM 21.0.0 (clang-2100.3.34.2)"," -O3 -DNDEBUG -DPITO_ECS_OWNED_DELETE_ATOMIC=1",8,100000,pito,owned_initialize,ecs_create_owned,8,500,6,82.750000
aalair,"Apple M3",8,"Darwin 27.0.0 arm64","Apple LLVM 21.0.0 (clang-2100.3.34.2)"," -O3 -DNDEBUG -DPITO_ECS_OWNED_DELETE_ATOMIC=1",8,100000,pito,owned_initialize,ecs_create_owned,8,500,7,84.548000
aalair,"Apple M3",8,"Darwin 27.0.0 arm64","Apple LLVM 21.0.0 (clang-2100.3.34.2)"," -O3 -DNDEBUG -DPITO_ECS_OWNED_DELETE_ATOMIC=1",8,100000,pito,owned_initialize,ecs_create_owned,8,500,8,83.079000
aalair,"Apple M3",8,"Darwin 27.0.0 arm64","Apple LLVM 21.0.0 (clang-2100.3.34.2)"," -O3 -DNDEBUG -DPITO_ECS_OWNED_DELETE_ATOMIC=1",8,100000,pito,owned_initialize,ecs_create_owned,8,500,9,81.756000
aalair,"Apple M3",8,"Darwin 27.0.0 arm64","Apple LLVM 21.0.0 (clang-2100.3.34.2)"," -O3 -DNDEBUG -DPITO_ECS_OWNED_DELETE_ATOMIC=1",8,100000,pito,owned_initialize,ecs_create_owned,8,500,10,80.924000
aalair,"Apple M3",8,"Darwin 27.0.0 arm64","Apple LLVM 21.0.0 (clang-2100.3.34.2)"," -O3 -DNDEBUG -DPITO_ECS_OWNED_DELETE_ATOMIC=1",8,100000,pito,owned_initialize,ecs_create_owned,8,500,11,85.842000
aalair,"Apple M3",8,"Darwin 27.0.0 arm64","Apple LLVM 21.0.0 (clang-2100.3.34.2)"," -O3 -DNDEBUG -DPITO_ECS_OWNED_DELETE_ATOMIC=1",8,100000,pito,owned_initialize,ecs_create_owned_sharded,1,0,1,15.360000
aalair,"Apple M3",8,"Darwin 27.0.0 arm64","Apple LLVM 21.0.0 (clang-2100.3.34.2)"," -O3 -DNDEBUG -DPITO_ECS_OWNED_DELETE_ATOMIC=1",8,100000,pito,owned_initialize,ecs_create_owned_sharded,1,0,2,15.201000
aalair,"Apple M3",8,"Darwin 27.0.0 arm64","Apple LLVM 21.0.0 (clang-2100.3.34.2)"," -O3 -DNDEBUG -DPITO_ECS_OWNED_DELETE_ATOMIC=1",8,100000,pito,owned_initialize,ecs_create_owned_sharded,1,0,3,15.282000
aalair,"Apple M3",8,"Darwin 27.0.0 arm64","Apple LLVM 21.0.0 (clang-2100.3.34.2)"," -O3 -DNDEBUG -DPITO_ECS_OWNED_DELETE_ATOMIC=1",8,100000,pito,owned_initialize,ecs_create_owned_sharded,1,0,4,15.038000
aalair,"Apple M3",8,"Darwin 27.0.0 arm64","Apple LLVM 21.0.0 (clang-2100.3.34.2)"," -O3 -DNDEBUG -DPITO_ECS_OWNED_DELETE_ATOMIC=1",8,100000,pito,owned_initialize,ecs_create_owned_sharded,1,0,5,14.709000
aalair,"Apple M3",8,"Darwin 27.0.0 arm64","Apple LLVM 21.0.0 (clang-2100.3.34.2)"," -O3 -DNDEBUG -DPITO_ECS_OWNED_DELETE_ATOMIC=1",8,100000,pito,owned_initialize,ecs_create_owned_sharded,1,0,6,15.341000
aalair,"Apple M3",8,"Darwin 27.0.0 arm64","Apple LLVM 21.0.0 (clang-2100.3.34.2)"," -O3 -DNDEBUG -DPITO_ECS_OWNED_DELETE_ATOMIC=1",8,100000,pito,owned_initialize,ecs_create_owned_sharded,1,0,7,15.353000
aalair,"Apple M3",8,"Darwin 27.0.0 arm64","Apple LLVM 21.0.0 (clang-2100.3.34.2)"," -O3 -DNDEBUG -DPITO_ECS_OWNED_DELETE_ATOMIC=1",8,100000,pito,owned_initialize,ecs_create_owned_sharded,1,0,8,14.712000
aalair,"Apple M3",8,"Darwin 27.0.0 arm64","Apple LLVM 21.0.0 (clang-2100.3.34.2)"," -O3 -DNDEBUG -DPITO_ECS_OWNED_DELETE_ATOMIC=1",8,100000,pito,owned_initialize,ecs_create_owned_sharded,1,0,9,14.774000
aalair,"Apple M3",8,"Darwin 27.0.0 arm64","Apple LLVM 21.0.0 (clang-2100.3.34.2)"," -O3 -DNDEBUG -DPITO_ECS_OWNED_DELETE_ATOMIC=1",8,100000,pito,owned_initialize,ecs_create_owned_sharded,1,0,10,14.710000
aalair,"Apple M3",8,"Darwin 27.0.0 arm64","Apple LLVM 21.0.0 (clang-2100.3.34.2)"," -O3 -DNDEBUG -DPITO_ECS_OWNED_DELETE_ATOMIC=1",8,100000,pito,owned_initialize,ecs_create_owned_sharded,1,10,1,17.283000
aalair,"Apple M3",8,"Darwin 27.0.0 arm64","Apple LLVM 21.0.0 (clang-2100.3.34.2)"," -O3 -DNDEBUG -DPITO_ECS_OWNED_DELETE_ATOMIC=1",8,100000,pito,owned_initialize,ecs_create_owned_sharded,1,10,2,17.203000
aalair,"Apple M3",8,"Darwin 27.0.0 arm64","Apple LLVM 21.0.0 (clang-2100.3.34.2)"," -O3 -DNDEBUG -DPITO_ECS_OWNED_DELETE_ATOMIC=1",8,100000,pito,owned_initialize,ecs_create_owned_sharded,1,10,3,17.035000
aalair,"Apple M3",8,"Darwin 27.0.0 arm64","Apple LLVM 21.0.0 (clang-2100.3.34.2)"," -O3 -DNDEBUG -DPITO_ECS_OWNED_DELETE_ATOMIC=1",8,100000,pito,owned_initialize,ecs_create_owned_sharded,1,10,4,17.054000
aalair,"Apple M3",8,"Darwin 27.0.0 arm64","Apple LLVM 21.0.0 (clang-2100.3.34.2)"," -O3 -DNDEBUG -DPITO_ECS_OWNED_DELETE_ATOMIC=1",8,100000,pito,owned_initialize,ecs_create_owned_sharded,1,10,5,17.129000
aalair,"Apple M3",8,"Darwin 27.0.0 arm64","Apple LLVM 21.0.0 (clang-2100.3.34.2)"," -O3 -DNDEBUG -DPITO_ECS_OWNED_DELETE_ATOMIC=1",8,100000,pito,owned_initialize,ecs_create_owned_sharded,1,10,6,17.041000
aalair,"Apple M3",8,"Darwin 27.0.0 arm64","Apple LLVM 21.0.0 (clang-2100.3.34.2)"," -O3 -DNDEBUG -DPITO_ECS_OWNED_DELETE_ATOMIC=1",8,100000,pito,owned_initialize,ecs_create_owned_sharded,1,10,7,17.053000
aalair,"Apple M3",8,"Darwin 27.0.0 arm64","Apple LLVM 21.0.0 (clang-2100.3.34.2)"," -O3 -DNDEBUG -DPITO_ECS_OWNED_DELETE_ATOMIC=1",8,100000,pito,owned_initialize,ecs_create_owned_sharded,1,10,8,17.048000
aalair,"Apple M3",8,"Darwin 27.0.0 arm64","Apple LLVM 21.0.0 (clang-2100.3.34.2)"," -O3 -DNDEBUG -DPITO_ECS_OWNED_DELETE_ATOMIC=1",8,100000,pito,owned_initialize,ecs_create_owned_sharded,1,10,9,17.043000
aalair,"Apple M3",8,"Darwin 27.0.0 arm64","Apple LLVM 21.0.0 (clang-2100.3.34.2)"," -O3 -DNDEBUG -DPITO_ECS_OWNED_DELETE_ATOMIC=1",8,100000,pito,owned_initialize,ecs_create_owned_sharded,1,10,10,17.105000
aalair,"Apple M3",8,"Darwin 27.0.0 arm64","Apple LLVM 21.0.0 (clang-2100.3.34.2)"," -O3 -DNDEBUG -DPITO_ECS_OWNED_DELETE_ATOMIC=1",8,100000,pito,owned_initialize,ecs_create_owned_sharded,1,500,1,398.370000
aalair,"Apple M3",8,"Darwin 27.0.0 arm64","Apple LLVM 21.0.0 (clang-2100.3.34.2)"," -O3 -DNDEBUG -DPITO_ECS_OWNED_DELETE_ATOMIC=1",8,100000,pito,owned_initialize,ecs_create_owned_sharded,1,500,2,394.762000
aalair,"Apple M3",8,"Darwin 27.0.0 arm64","Apple LLVM 21.0.0 (clang-2100.3.34.2)"," -O3 -DNDEBUG -DPITO_ECS_OWNED_DELETE_ATOMIC=1",8,100000,pito,owned_initialize,ecs_create_owned_sharded,1,500,3,394.828000
aalair,"Apple M3",8,"Darwin 27.0.0 arm64","Apple LLVM 21.0.0 (clang-2100.3.34.2)"," -O3 -DNDEBUG -DPITO_ECS_OWNED_DELETE_ATOMIC=1",8,100000,pito,owned_initialize,ecs_create_owned_sharded,1,500,4,395.082000
aalair,"Apple M3",8,"Darwin 27.0.0 arm64","Apple LLVM 21.0.0 (clang-2100.3.34.2)"," -O3 -DNDEBUG -DPITO_ECS_OWNED_DELETE_ATOMIC=1",8,100000,pito,owned_initialize,ecs_create_owned_sharded,1,500,5,394.914000
aalair,"Apple M3",8,"Darwin 27.0.0 arm64","Apple LLVM 21.0.0 (clang-2100.3.34.2)"," -O3 -DNDEBUG -DPITO_ECS_OWNED_DELETE_ATOMIC=1",8,100000,pito,owned_initialize,ecs_create_owned_sharded,1,500,6,394.926000
aalair,"Apple M3",8,"Darwin 27.0.0 arm64","Apple LLVM 21.0.0 (clang-2100.3.34.2)"," -O3 -DNDEBUG -DPITO_ECS_OWNED_DELETE_ATOMIC=1",8,100000,pito,owned_initialize,ecs_create_owned_sharded,1,500,7,394.187000
aalair,"Apple M3",8,"Darwin 27.0.0 arm64","Apple LLVM 21.0.0 (clang-2100.3.34.2)"," -O3 -DNDEBUG -DPITO_ECS_OWNED_DELETE_ATOMIC=1",8,100000,pito,owned_initialize,ecs_create_owned_sharded,1,500,8,385.774000
aalair,"Apple M3",8,"Darwin 27.0.0 arm64","Apple LLVM 21.0.0 (clang-2100.3.34.2)"," -O3 -DNDEBUG -DPITO_ECS_OWNED_DELETE_ATOMIC=1",8,100000,pito,owned_initialize,ecs_create_owned_sharded,1,500,9,387.054000
aalair,"Apple M3",8,"Darwin 27.0.0 arm64","Apple LLVM 21.0.0 (clang-2100.3.34.2)"," -O3 -DNDEBUG -DPITO_ECS_OWNED_DELETE_ATOMIC=1",8,100000,pito,owned_initialize,ecs_create_owned_sharded,1,500,10,383.707000
aalair,"Apple M3",8,"Darwin 27.0.0 arm64","Apple LLVM 21.0.0 (clang-2100.3.34.2)"," -O3 -DNDEBUG -DPITO_ECS_OWNED_DELETE_ATOMIC=1",8,100000,pito,owned_initialize,ecs_create_owned_sharded,2,0,1,10.356000
aalair,"Apple M3",8,"Darwin 27.0.0 arm64","Apple LLVM 21.0.0 (clang-2100.3.34.2)"," -O3 -DNDEBUG -DPITO_ECS_OWNED_DELETE_ATOMIC=1",8,100000,pito,owned_initialize,ecs_create_owned_sharded,2,0,2,10.373000
aalair,"Apple M3",8,"Darwin 27.0.0 arm64","Apple LLVM 21.0.0 (clang-2100.3.34.2)"," -O3 -DNDEBUG -DPITO_ECS_OWNED_DELETE_ATOMIC=1",8,100000,pito,owned_initialize,ecs_create_owned_sharded,2,0,3,10.390000
aalair,"Apple M3",8,"Darwin 27.0.0 arm64","Apple LLVM 21.0.0 (clang-2100.3.34.2)"," -O3 -DNDEBUG -DPITO_ECS_OWNED_DELETE_ATOMIC=1",8,100000,pito,owned_initialize,ecs_create_owned_sharded,2,0,4,10.400000
aalair,"Apple M3",8,"Darwin 27.0.0 arm64","Apple LLVM 21.0.0 (clang-2100.3.34.2)"," -O3 -DNDEBUG -DPITO_ECS_OWNED_DELETE_ATOMIC=1",8,100000,pito,owned_initialize,ecs_create_owned_sharded,2,0,5,10.407000
aalair,"Apple M3",8,"Darwin 27.0.0 arm64","Apple LLVM 21.0.0 (clang-2100.3.34.2)"," -O3 -DNDEBUG -DPITO_ECS_OWNED_DELETE_ATOMIC=1",8,100000,pito,owned_initialize,ecs_create_owned_sharded,2,0,6,10.368000
aalair,"Apple M3",8,"Darwin 27.0.0 arm64","Apple LLVM 21.0.0 (clang-2100.3.34.2)"," -O3 -DNDEBUG -DPITO_ECS_OWNED_DELETE_ATOMIC=1",8,100000,pito,owned_initialize,ecs_create_owned_sharded,2,0,7,10.439000
aalair,"Apple M3",8,"Darwin 27.0.0 arm64","Apple LLVM 21.0.0 (clang-2100.3.34.2)"," -O3 -DNDEBUG -DPITO_ECS_OWNED_DELETE_ATOMIC=1",8,100000,pito,owned_initialize,ecs_create_owned_sharded,2,0,8,10.361000
aalair,"Apple M3",8,"Darwin 27.0.0 arm64","Apple LLVM 21.0.0 (clang-2100.3.34.2)"," -O3 -DNDEBUG -DPITO_ECS_OWNED_DELETE_ATOMIC=1",8,100000,pito,owned_initialize,ecs_create_owned_sharded,2,0,9,10.360000
aalair,"Apple M3",8,"Darwin 27.0.0 arm64","Apple LLVM 21.0.0 (clang-2100.3.34.2)"," -O3 -DNDEBUG -DPITO_ECS_OWNED_DELETE_ATOMIC=1",8,100000,pito,owned_initialize,ecs_create_owned_sharded,2,0,10,10.360000
aalair,"Apple M3",8,"Darwin 27.0.0 arm64","Apple LLVM 21.0.0 (clang-2100.3.34.2)"," -O3 -DNDEBUG -DPITO_ECS_OWNED_DELETE_ATOMIC=1",8,100000,pito,owned_initialize,ecs_create_owned_sharded,2,10,1,11.532000
aalair,"Apple M3",8,"Darwin 27.0.0 arm64","Apple LLVM 21.0.0 (clang-2100.3.34.2)"," -O3 -DNDEBUG -DPITO_ECS_OWNED_DELETE_ATOMIC=1",8,100000,pito,owned_initialize,ecs_create_owned_sharded,2,10,2,11.485000
aalair,"Apple M3",8,"Darwin 27.0.0 arm64","Apple LLVM 21.0.0 (clang-2100.3.34.2)"," -O3 -DNDEBUG -DPITO_ECS_OWNED_DELETE_ATOMIC=1",8,100000,pito,owned_initialize,ecs_create_owned_sharded,2,10,3,11.459000
aalair,"Apple M3",8,"Darwin 27.0.0 arm64","Apple LLVM 21.0.0 (clang-2100.3.34.2)"," -O3 -DNDEBUG -DPITO_ECS_OWNED_DELETE_ATOMIC=1",8,100000,pito,owned_initialize,ecs_create_owned_sharded,2,10,4,11.468000
aalair,"Apple M3",8,"Darwin 27.0.0 arm64","Apple LLVM 21.0.0 (clang-2100.3.34.2)"," -O3 -DNDEBUG -DPITO_ECS_OWNED_DELETE_ATOMIC=1",8,100000,pito,owned_initialize,ecs_create_owned_sharded,2,10,5,11.458000
aalair,"Apple M3",8,"Darwin 27.0.0 arm64","Apple LLVM 21.0.0 (clang-2100.3.34.2)"," -O3 -DNDEBUG -DPITO_ECS_OWNED_DELETE_ATOMIC=1",8,100000,pito,owned_initialize,ecs_create_owned_sharded,2,10,6,11.453000
aalair,"Apple M3",8,"Darwin 27.0.0 arm64","Apple LLVM 21.0.0 (clang-2100.3.34.2)"," -O3 -DNDEBUG -DPITO_ECS_OWNED_DELETE_ATOMIC=1",8,100000,pito,owned_initialize,ecs_create_owned_sharded,2,10,7,11.430000
aalair,"Apple M3",8,"Darwin 27.0.0 arm64","Apple LLVM 21.0.0 (clang-2100.3.34.2)"," -O3 -DNDEBUG -DPITO_ECS_OWNED_DELETE_ATOMIC=1",8,100000,pito,owned_initialize,ecs_create_owned_sharded,2,10,8,11.433000
aalair,"Apple M3",8,"Darwin 27.0.0 arm64","Apple LLVM 21.0.0 (clang-2100.3.34.2)"," -O3 -DNDEBUG -DPITO_ECS_OWNED_DELETE_ATOMIC=1",8,100000,pito,owned_initialize,ecs_create_owned_sharded,2,10,9,11.431000
aalair,"Apple M3",8,"Darwin 27.0.0 arm64","Apple LLVM 21.0.0 (clang-2100.3.34.2)"," -O3 -DNDEBUG -DPITO_ECS_OWNED_DELETE_ATOMIC=1",8,100000,pito,owned_initialize,ecs_create_owned_sharded,2,10,10,11.424000
aalair,"Apple M3",8,"Darwin 27.0.0 arm64","Apple LLVM 21.0.0 (clang-2100.3.34.2)"," -O3 -DNDEBUG -DPITO_ECS_OWNED_DELETE_ATOMIC=1",8,100000,pito,owned_initialize,ecs_create_owned_sharded,2,500,1,203.434000
aalair,"Apple M3",8,"Darwin 27.0.0 arm64","Apple LLVM 21.0.0 (clang-2100.3.34.2)"," -O3 -DNDEBUG -DPITO_ECS_OWNED_DELETE_ATOMIC=1",8,100000,pito,owned_initialize,ecs_create_owned_sharded,2,500,2,203.463000
aalair,"Apple M3",8,"Darwin 27.0.0 arm64","Apple LLVM 21.0.0 (clang-2100.3.34.2)"," -O3 -DNDEBUG -DPITO_ECS_OWNED_DELETE_ATOMIC=1",8,100000,pito,owned_initialize,ecs_create_owned_sharded,2,500,3,203.442000
aalair,"Apple M3",8,"Darwin 27.0.0 arm64","Apple LLVM 21.0.0 (clang-2100.3.34.2)"," -O3 -DNDEBUG -DPITO_ECS_OWNED_DELETE_ATOMIC=1",8,100000,pito,owned_initialize,ecs_create_owned_sharded,2,500,4,203.459000
aalair,"Apple M3",8,"Darwin 27.0.0 arm64","Apple LLVM 21.0.0 (clang-2100.3.34.2)"," -O3 -DNDEBUG -DPITO_ECS_OWNED_DELETE_ATOMIC=1",8,100000,pito,owned_initialize,ecs_create_owned_sharded,2,500,5,203.432000
aalair,"Apple M3",8,"Darwin 27.0.0 arm64","Apple LLVM 21.0.0 (clang-2100.3.34.2)"," -O3 -DNDEBUG -DPITO_ECS_OWNED_DELETE_ATOMIC=1",8,100000,pito,owned_initialize,ecs_create_owned_sharded,2,500,6,203.807000
aalair,"Apple M3",8,"Darwin 27.0.0 arm64","Apple LLVM 21.0.0 (clang-2100.3.34.2)"," -O3 -DNDEBUG -DPITO_ECS_OWNED_DELETE_ATOMIC=1",8,100000,pito,owned_initialize,ecs_create_owned_sharded,2,500,7,203.566000
aalair,"Apple M3",8,"Darwin 27.0.0 arm64","Apple LLVM 21.0.0 (clang-2100.3.34.2)"," -O3 -DNDEBUG -DPITO_ECS_OWNED_DELETE_ATOMIC=1",8,100000,pito,owned_initialize,ecs_create_owned_sharded,2,500,8,203.524000
aalair,"Apple M3",8,"Darwin 27.0.0 arm64","Apple LLVM 21.0.0 (clang-2100.3.34.2)"," -O3 -DNDEBUG -DPITO_ECS_OWNED_DELETE_ATOMIC=1",8,100000,pito,owned_initialize,ecs_create_owned_sharded,2,500,9,203.544000
aalair,"Apple M3",8,"Darwin 27.0.0 arm64","Apple LLVM 21.0.0 (clang-2100.3.34.2)"," -O3 -DNDEBUG -DPITO_ECS_OWNED_DELETE_ATOMIC=1",8,100000,pito,owned_initialize,ecs_create_owned_sharded,2,500,10,203.754000
aalair,"Apple M3",8,"Darwin 27.0.0 arm64","Apple LLVM 21.0.0 (clang-2100.3.34.2)"," -O3 -DNDEBUG -DPITO_ECS_OWNED_DELETE_ATOMIC=1",8,100000,pito,owned_initialize,ecs_create_owned_sharded,4,0,1,10.987000
aalair,"Apple M3",8,"Darwin 27.0.0 arm64","Apple LLVM 21.0.0 (clang-2100.3.34.2)"," -O3 -DNDEBUG -DPITO_ECS_OWNED_DELETE_ATOMIC=1",8,100000,pito,owned_initialize,ecs_create_owned_sharded,4,0,2,12.066000
aalair,"Apple M3",8,"Darwin 27.0.0 arm64","Apple LLVM 21.0.0 (clang-2100.3.34.2)"," -O3 -DNDEBUG -DPITO_ECS_OWNED_DELETE_ATOMIC=1",8,100000,pito,owned_initialize,ecs_create_owned_sharded,4,0,3,11.989000
aalair,"Apple M3",8,"Darwin 27.0.0 arm64","Apple LLVM 21.0.0 (clang-2100.3.34.2)"," -O3 -DNDEBUG -DPITO_ECS_OWNED_DELETE_ATOMIC=1",8,100000,pito,owned_initialize,ecs_create_owned_sharded,4,0,4,12.030000
aalair,"Apple M3",8,"Darwin 27.0.0 arm64","Apple LLVM 21.0.0 (clang-2100.3.34.2)"," -O3 -DNDEBUG -DPITO_ECS_OWNED_DELETE_ATOMIC=1",8,100000,pito,owned_initialize,ecs_create_owned_sharded,4,0,5,11.913000
aalair,"Apple M3",8,"Darwin 27.0.0 arm64","Apple LLVM 21.0.0 (clang-2100.3.34.2)"," -O3 -DNDEBUG -DPITO_ECS_OWNED_DELETE_ATOMIC=1",8,100000,pito,owned_initialize,ecs_create_owned_sharded,4,0,6,11.329000
aalair,"Apple M3",8,"Darwin 27.0.0 arm64","Apple LLVM 21.0.0 (clang-2100.3.34.2)"," -O3 -DNDEBUG -DPITO_ECS_OWNED_DELETE_ATOMIC=1",8,100000,pito,owned_initialize,ecs_create_owned_sharded,4,0,7,11.871000
aalair,"Apple M3",8,"Darwin 27.0.0 arm64","Apple LLVM 21.0.0 (clang-2100.3.34.2)"," -O3 -DNDEBUG -DPITO_ECS_OWNED_DELETE_ATOMIC=1",8,100000,pito,owned_initialize,ecs_create_owned_sharded,4,0,8,11.914000
aalair,"Apple M3",8,"Darwin 27.0.0 arm64","Apple LLVM 21.0.0 (clang-2100.3.34.2)"," -O3 -DNDEBUG -DPITO_ECS_OWNED_DELETE_ATOMIC=1",8,100000,pito,owned_initialize,ecs_create_owned_sharded,4,0,9,11.236000
aalair,"Apple M3",8,"Darwin 27.0.0 arm64","Apple LLVM 21.0.0 (clang-2100.3.34.2)"," -O3 -DNDEBUG -DPITO_ECS_OWNED_DELETE_ATOMIC=1",8,100000,pito,owned_initialize,ecs_create_owned_sharded,4,0,10,11.212000
aalair,"Apple M3",8,"Darwin 27.0.0 arm64","Apple LLVM 21.0.0 (clang-2100.3.34.2)"," -O3 -DNDEBUG -DPITO_ECS_OWNED_DELETE_ATOMIC=1",8,100000,pito,owned_initialize,ecs_create_owned_sharded,4,0,11,11.314000
aalair,"Apple M3",8,"Darwin 27.0.0 arm64","Apple LLVM 21.0.0 (clang-2100.3.34.2)"," -O3 -DNDEBUG -DPITO_ECS_OWNED_DELETE_ATOMIC=1",8,100000,pito,owned_initialize,ecs_create_owned_sharded,4,0,12,11.102000
aalair,"Apple M3",8,"Darwin 27.0.0 arm64","Apple LLVM 21.0.0 (clang-2100.3.34.2)"," -O3 -DNDEBUG -DPITO_ECS_OWNED_DELETE_ATOMIC=1",8,100000,pito,owned_initialize,ecs_create_owned_sharded,4,10,1,11.439000
aalair,"Apple M3",8,"Darwin 27.0.0 arm64","Apple LLVM 21.0.0 (clang-2100.3.34.2)"," -O3 -DNDEBUG -DPITO_ECS_OWNED_DELETE_ATOMIC=1",8,100000,pito,owned_initialize,ecs_create_owned_sharded,4,10,2,11.481000
aalair,"Apple M3",8,"Darwin 27.0.0 arm64","Apple LLVM 21.0.0 (clang-2100.3.34.2)"," -O3 -DNDEBUG -DPITO_ECS_OWNED_DELETE_ATOMIC=1",8,100000,pito,owned_initialize,ecs_create_owned_sharded,4,10,3,11.911000
aalair,"Apple M3",8,"Darwin 27.0.0 arm64","Apple LLVM 21.0.0 (clang-2100.3.34.2)"," -O3 -DNDEBUG -DPITO_ECS_OWNED_DELETE_ATOMIC=1",8,100000,pito,owned_initialize,ecs_create_owned_sharded,4,10,4,11.359000
aalair,"Apple M3",8,"Darwin 27.0.0 arm64","Apple LLVM 21.0.0 (clang-2100.3.34.2)"," -O3 -DNDEBUG -DPITO_ECS_OWNED_DELETE_ATOMIC=1",8,100000,pito,owned_initialize,ecs_create_owned_sharded,4,10,5,11.392000
aalair,"Apple M3",8,"Darwin 27.0.0 arm64","Apple LLVM 21.0.0 (clang-2100.3.34.2)"," -O3 -DNDEBUG -DPITO_ECS_OWNED_DELETE_ATOMIC=1",8,100000,pito,owned_initialize,ecs_create_owned_sharded,4,10,6,12.075000
aalair,"Apple M3",8,"Darwin 27.0.0 arm64","Apple LLVM 21.0.0 (clang-2100.3.34.2)"," -O3 -DNDEBUG -DPITO_ECS_OWNED_DELETE_ATOMIC=1",8,100000,pito,owned_initialize,ecs_create_owned_sharded,4,10,7,12.063000
aalair,"Apple M3",8,"Darwin 27.0.0 arm64","Apple LLVM 21.0.0 (clang-2100.3.34.2)"," -O3 -DNDEBUG -DPITO_ECS_OWNED_DELETE_ATOMIC=1",8,100000,pito,owned_initialize,ecs_create_owned_sharded,4,10,8,11.748000
aalair,"Apple M3",8,"Darwin 27.0.0 arm64","Apple LLVM 21.0.0 (clang-2100.3.34.2)"," -O3 -DNDEBUG -DPITO_ECS_OWNED_DELETE_ATOMIC=1",8,100000,pito,owned_initialize,ecs_create_owned_sharded,4,10,9,11.935000
aalair,"Apple M3",8,"Darwin 27.0.0 arm64","Apple LLVM 21.0.0 (clang-2100.3.34.2)"," -O3 -DNDEBUG -DPITO_ECS_OWNED_DELETE_ATOMIC=1",8,100000,pito,owned_initialize,ecs_create_owned_sharded,4,10,10,11.351000
aalair,"Apple M3",8,"Darwin 27.0.0 arm64","Apple LLVM 21.0.0 (clang-2100.3.34.2)"," -O3 -DNDEBUG -DPITO_ECS_OWNED_DELETE_ATOMIC=1",8,100000,pito,owned_initialize,ecs_create_owned_sharded,4,500,1,107.128000
aalair,"Apple M3",8,"Darwin 27.0.0 arm64","Apple LLVM 21.0.0 (clang-2100.3.34.2)"," -O3 -DNDEBUG -DPITO_ECS_OWNED_DELETE_ATOMIC=1",8,100000,pito,owned_initialize,ecs_create_owned_sharded,4,500,2,107.155000
aalair,"Apple M3",8,"Darwin 27.0.0 arm64","Apple LLVM 21.0.0 (clang-2100.3.34.2)"," -O3 -DNDEBUG -DPITO_ECS_OWNED_DELETE_ATOMIC=1",8,100000,pito,owned_initialize,ecs_create_owned_sharded,4,500,3,107.043000
aalair,"Apple M3",8,"Darwin 27.0.0 arm64","Apple LLVM 21.0.0 (clang-2100.3.34.2)"," -O3 -DNDEBUG -DPITO_ECS_OWNED_DELETE_ATOMIC=1",8,100000,pito,owned_initialize,ecs_create_owned_sharded,4,500,4,109.482000
aalair,"Apple M3",8,"Darwin 27.0.0 arm64","Apple LLVM 21.0.0 (clang-2100.3.34.2)"," -O3 -DNDEBUG -DPITO_ECS_OWNED_DELETE_ATOMIC=1",8,100000,pito,owned_initialize,ecs_create_owned_sharded,4,500,5,107.076000
aalair,"Apple M3",8,"Darwin 27.0.0 arm64","Apple LLVM 21.0.0 (clang-2100.3.34.2)"," -O3 -DNDEBUG -DPITO_ECS_OWNED_DELETE_ATOMIC=1",8,100000,pito,owned_initialize,ecs_create_owned_sharded,4,500,6,107.165000
aalair,"Apple M3",8,"Darwin 27.0.0 arm64","Apple LLVM 21.0.0 (clang-2100.3.34.2)"," -O3 -DNDEBUG -DPITO_ECS_OWNED_DELETE_ATOMIC=1",8,100000,pito,owned_initialize,ecs_create_owned_sharded,4,500,7,107.204000
aalair,"Apple M3",8,"Darwin 27.0.0 arm64","Apple LLVM 21.0.0 (clang-2100.3.34.2)"," -O3 -DNDEBUG -DPITO_ECS_OWNED_DELETE_ATOMIC=1",8,100000,pito,owned_initialize,ecs_create_owned_sharded,4,500,8,107.184000
aalair,"Apple M3",8,"Darwin 27.0.0 arm64","Apple LLVM 21.0.0 (clang-2100.3.34.2)"," -O3 -DNDEBUG -DPITO_ECS_OWNED_DELETE_ATOMIC=1",8,100000,pito,owned_initialize,ecs_create_owned_sharded,4,500,9,107.182000
aalair,"Apple M3",8,"Darwin 27.0.0 arm64","Apple LLVM 21.0.0 (clang-2100.3.34.2)"," -O3 -DNDEBUG -DPITO_ECS_OWNED_DELETE_ATOMIC=1",8,100000,pito,owned_initialize,ecs_create_owned_sharded,4,500,10,107.197000
aalair,"Apple M3",8,"Darwin 27.0.0 arm64","Apple LLVM 21.0.0 (clang-2100.3.34.2)"," -O3 -DNDEBUG -DPITO_ECS_OWNED_DELETE_ATOMIC=1",8,100000,pito,owned_initialize,ecs_create_owned_sharded,8,0,1,9.904000
aalair,"Apple M3",8,"Darwin 27.0.0 arm64","Apple LLVM 21.0.0 (clang-2100.3.34.2)"," -O3 -DNDEBUG -DPITO_ECS_OWNED_DELETE_ATOMIC=1",8,100000,pito,owned_initialize,ecs_create_owned_sharded,8,0,2,9.848000
aalair,"Apple M3",8,"Darwin 27.0.0 arm64","Apple LLVM 21.0.0 (clang-2100.3.34.2)"," -O3 -DNDEBUG -DPITO_ECS_OWNED_DELETE_ATOMIC=1",8,100000,pito,owned_initialize,ecs_create_owned_sharded,8,0,3,10.076000
aalair,"Apple M3",8,"Darwin 27.0.0 arm64","Apple LLVM 21.0.0 (clang-2100.3.34.2)"," -O3 -DNDEBUG -DPITO_ECS_OWNED_DELETE_ATOMIC=1",8,100000,pito,owned_initialize,ecs_create_owned_sharded,8,0,4,10.132000
aalair,"Apple M3",8,"Darwin 27.0.0 arm64","Apple LLVM 21.0.0 (clang-2100.3.34.2)"," -O3 -DNDEBUG -DPITO_ECS_OWNED_DELETE_ATOMIC=1",8,100000,pito,owned_initialize,ecs_create_owned_sharded,8,0,5,10.033000
aalair,"Apple M3",8,"Darwin 27.0.0 arm64","Apple LLVM 21.0.0 (clang-2100.3.34.2)"," -O3 -DNDEBUG -DPITO_ECS_OWNED_DELETE_ATOMIC=1",8,100000,pito,owned_initialize,ecs_create_owned_sharded,8,0,6,9.800000
aalair,"Apple M3",8,"Darwin 27.0.0 arm64","Apple LLVM 21.0.0 (clang-2100.3.34.2)"," -O3 -DNDEBUG -DPITO_ECS_OWNED_DELETE_ATOMIC=1",8,100000,pito,owned_initialize,ecs_create_owned_sharded,8,0,7,9.516000
aalair,"Apple M3",8,"Darwin 27.0.0 arm64","Apple LLVM 21.0.0 (clang-2100.3.34.2)"," -O3 -DNDEBUG -DPITO_ECS_OWNED_DELETE_ATOMIC=1",8,100000,pito,owned_initialize,ecs_create_owned_sharded,8,0,8,9.898000
aalair,"Apple M3",8,"Darwin 27.0.0 arm64","Apple LLVM 21.0.0 (clang-2100.3.34.2)"," -O3 -DNDEBUG -DPITO_ECS_OWNED_DELETE_ATOMIC=1",8,100000,pito,owned_initialize,ecs_create_owned_sharded,8,0,9,14.329000
aalair,"Apple M3",8,"Darwin 27.0.0 arm64","Apple LLVM 21.0.0 (clang-2100.3.34.2)"," -O3 -DNDEBUG -DPITO_ECS_OWNED_DELETE_ATOMIC=1",8,100000,pito,owned_initialize,ecs_create_owned_sharded,8,0,10,9.760000
aalair,"Apple M3",8,"Darwin 27.0.0 arm64","Apple LLVM 21.0.0 (clang-2100.3.34.2)"," -O3 -DNDEBUG -DPITO_ECS_OWNED_DELETE_ATOMIC=1",8,100000,pito,owned_initialize,ecs_create_owned_sharded,8,0,11,9.776000
aalair,"Apple M3",8,"Darwin 27.0.0 arm64","Apple LLVM 21.0.0 (clang-2100.3.34.2)"," -O3 -DNDEBUG -DPITO_ECS_OWNED_DELETE_ATOMIC=1",8,100000,pito,owned_initialize,ecs_create_owned_sharded,8,10,1,9.785000
aalair,"Apple M3",8,"Darwin 27.0.0 arm64","Apple LLVM 21.0.0 (clang-2100.3.34.2)"," -O3 -DNDEBUG -DPITO_ECS_OWNED_DELETE_ATOMIC=1",8,100000,pito,owned_initialize,ecs_create_owned_sharded,8,10,2,10.535000
aalair,"Apple M3",8,"Darwin 27.0.0 arm64","Apple LLVM 21.0.0 (clang-2100.3.34.2)"," -O3 -DNDEBUG -DPITO_ECS_OWNED_DELETE_ATOMIC=1",8,100000,pito,owned_initialize,ecs_create_owned_sharded,8,10,3,10.996000
aalair,"Apple M3",8,"Darwin 27.0.0 arm64","Apple LLVM 21.0.0 (clang-2100.3.34.2)"," -O3 -DNDEBUG -DPITO_ECS_OWNED_DELETE_ATOMIC=1",8,100000,pito,owned_initialize,ecs_create_owned_sharded,8,10,4,9.808000
aalair,"Apple M3",8,"Darwin 27.0.0 arm64","Apple LLVM 21.0.0 (clang-2100.3.34.2)"," -O3 -DNDEBUG -DPITO_ECS_OWNED_DELETE_ATOMIC=1",8,100000,pito,owned_initialize,ecs_create_owned_sharded,8,10,5,10.389000
aalair,"Apple M3",8,"Darwin 27.0.0 arm64","Apple LLVM 21.0.0 (clang-2100.3.34.2)"," -O3 -DNDEBUG -DPITO_ECS_OWNED_DELETE_ATOMIC=1",8,100000,pito,owned_initialize,ecs_create_owned_sharded,8,10,6,9.960000
aalair,"Apple M3",8,"Darwin 27.0.0 arm64","Apple LLVM 21.0.0 (clang-2100.3.34.2)"," -O3 -DNDEBUG -DPITO_ECS_OWNED_DELETE_ATOMIC=1",8,100000,pito,owned_initialize,ecs_create_owned_sharded,8,10,7,9.839000
aalair,"Apple M3",8,"Darwin 27.0.0 arm64","Apple LLVM 21.0.0 (clang-2100.3.34.2)"," -O3 -DNDEBUG -DPITO_ECS_OWNED_DELETE_ATOMIC=1",8,100000,pito,owned_initialize,ecs_create_owned_sharded,8,10,8,10.188000
aalair,"Apple M3",8,"Darwin 27.0.0 arm64","Apple LLVM 21.0.0 (clang-2100.3.34.2)"," -O3 -DNDEBUG -DPITO_ECS_OWNED_DELETE_ATOMIC=1",8,100000,pito,owned_initialize,ecs_create_owned_sharded,8,10,9,10.414000
aalair,"Apple M3",8,"Darwin 27.0.0 arm64","Apple LLVM 21.0.0 (clang-2100.3.34.2)"," -O3 -DNDEBUG -DPITO_ECS_OWNED_DELETE_ATOMIC=1",8,100000,pito,owned_initialize,ecs_create_owned_sharded,8,10,10,10.414000
aalair,"Apple M3",8,"Darwin 27.0.0 arm64","Apple LLVM 21.0.0 (clang-2100.3.34.2)"," -O3 -DNDEBUG -DPITO_ECS_OWNED_DELETE_ATOMIC=1",8,100000,pito,owned_initialize,ecs_create_owned_sharded,8,10,11,9.692000
aalair,"Apple M3",8,"Darwin 27.0.0 arm64","Apple LLVM 21.0.0 (clang-2100.3.34.2)"," -O3 -DNDEBUG -DPITO_ECS_OWNED_DELETE_ATOMIC=1",8,100000,pito,owned_initialize,ecs_create_owned_sharded,8,500,1,73.454000
aalair,"Apple M3",8,"Darwin 27.0.0 arm64","Apple LLVM 21.0.0 (clang-2100.3.34.2)"," -O3 -DNDEBUG -DPITO_ECS_OWNED_DELETE_ATOMIC=1",8,100000,pito,owned_initialize,ecs_create_owned_sharded,8,500,2,71.802000
aalair,"Apple M3",8,"Darwin 27.0.0 arm64","Apple LLVM 21.0.0 (clang-2100.3.34.2)"," -O3 -DNDEBUG -DPITO_ECS_OWNED_DELETE_ATOMIC=1",8,100000,pito,owned_initialize,ecs_create_owned_sharded,8,500,3,74.404000
aalair,"Apple M3",8,"Darwin 27.0.0 arm64","Apple LLVM 21.0.0 (clang-2100.3.34.2)"," -O3 -DNDEBUG -DPITO_ECS_OWNED_DELETE_ATOMIC=1",8,100000,pito,owned_initialize,ecs_create_owned_sharded,8,500,4,72.035000
aalair,"Apple M3",8,"Darwin 27.0.0 arm64","Apple LLVM 21.0.0 (clang-2100.3.34.2)"," -O3 -DNDEBUG -DPITO_ECS_OWNED_DELETE_ATOMIC=1",8,100000,pito,owned_initialize,ecs_create_owned_sharded,8,500,5,67.912000
aalair,"Apple M3",8,"Darwin 27.0.0 arm64","Apple LLVM 21.0.0 (clang-2100.3.34.2)"," -O3 -DNDEBUG -DPITO_ECS_OWNED_DELETE_ATOMIC=1",8,100000,pito,owned_initialize,ecs_create_owned_sharded,8,500,6,71.250000
aalair,"Apple M3",8,"Darwin 27.0.0 arm64","Apple LLVM 21.0.0 (clang-2100.3.34.2)"," -O3 -DNDEBUG -DPITO_ECS_OWNED_DELETE_ATOMIC=1",8,100000,pito,owned_initialize,ecs_create_owned_sharded,8,500,7,72.892000
aalair,"Apple M3",8,"Darwin 27.0.0 arm64","Apple LLVM 21.0.0 (clang-2100.3.34.2)"," -O3 -DNDEBUG -DPITO_ECS_OWNED_DELETE_ATOMIC=1",8,100000,pito,owned_initialize,ecs_create_owned_sharded,8,500,8,68.686000
aalair,"Apple M3",8,"Darwin 27.0.0 arm64","Apple LLVM 21.0.0 (clang-2100.3.34.2)"," -O3 -DNDEBUG -DPITO_ECS_OWNED_DELETE_ATOMIC=1",8,100000,pito,owned_initialize,ecs_create_owned_sharded,8,500,9,72.031000
aalair,"Apple M3",8,"Darwin 27.0.0 arm64","Apple LLVM 21.0.0 (clang-2100.3.34.2)"," -O3 -DNDEBUG -DPITO_ECS_OWNED_DELETE_ATOMIC=1",8,100000,pito,owned_initialize,ecs_create_owned_sharded,8,500,10,71.783000
aalair,"Apple M3",8,"Darwin 27.0.0 arm64","Apple LLVM 21.0.0 (clang-2100.3.34.2)"," -O3 -DNDEBUG -DPITO_ECS_OWNED_DELETE_ATOMIC=1",8,100000,pito,owned_initialize,ecs_create_owned_sharded,8,500,11,71.191000
aalair,"Apple M3",8,"Darwin 27.0.0 arm64","Apple LLVM 21.0.0 (clang-2100.3.34.2)"," -O3 -DNDEBUG",8,100000,pico,owned_local,,1,0,1,14.238000
aalair,"Apple M3",8,"Darwin 27.0.0 arm64","Apple LLVM 21.0.0 (clang-2100.3.34.2)"," -O3 -DNDEBUG",8,100000,pico,owned_local,,1,0,2,11.976000
aalair,"Apple M3",8,"Darwin 27.0.0 arm64","Apple LLVM 21.0.0 (clang-2100.3.34.2)"," -O3 -DNDEBUG",8,100000,pico,owned_local,,1,0,3,11.367000
aalair,"Apple M3",8,"Darwin 27.0.0 arm64","Apple LLVM 21.0.0 (clang-2100.3.34.2)"," -O3 -DNDEBUG",8,100000,pico,owned_local,,1,0,4,11.001000
aalair,"Apple M3",8,"Darwin 27.0.0 arm64","Apple LLVM 21.0.0 (clang-2100.3.34.2)"," -O3 -DNDEBUG",8,100000,pico,owned_local,,1,0,5,11.091000
aalair,"Apple M3",8,"Darwin 27.0.0 arm64","Apple LLVM 21.0.0 (clang-2100.3.34.2)"," -O3 -DNDEBUG",8,100000,pico,owned_local,,1,0,6,10.889000
aalair,"Apple M3",8,"Darwin 27.0.0 arm64","Apple LLVM 21.0.0 (clang-2100.3.34.2)"," -O3 -DNDEBUG",8,100000,pico,owned_local,,1,0,7,11.194000
aalair,"Apple M3",8,"Darwin 27.0.0 arm64","Apple LLVM 21.0.0 (clang-2100.3.34.2)"," -O3 -DNDEBUG",8,100000,pico,owned_local,,1,0,8,10.974000
aalair,"Apple M3",8,"Darwin 27.0.0 arm64","Apple LLVM 21.0.0 (clang-2100.3.34.2)"," -O3 -DNDEBUG",8,100000,pico,owned_local,,1,0,9,11.006000
aalair,"Apple M3",8,"Darwin 27.0.0 arm64","Apple LLVM 21.0.0 (clang-2100.3.34.2)"," -O3 -DNDEBUG",8,100000,pico,owned_local,,1,0,10,10.983000
aalair,"Apple M3",8,"Darwin 27.0.0 arm64","Apple LLVM 21.0.0 (clang-2100.3.34.2)"," -O3 -DNDEBUG",8,100000,pico,owned_local,,1,0,11,11.164000
aalair,"Apple M3",8,"Darwin 27.0.0 arm64","Apple LLVM 21.0.0 (clang-2100.3.34.2)"," -O3 -DNDEBUG",8,100000,pico,owned_local,,1,0,12,11.053000
aalair,"Apple M3",8,"Darwin 27.0.0 arm64","Apple LLVM 21.0.0 (clang-2100.3.34.2)"," -O3 -DNDEBUG",8,100000,pico,owned_local,,1,0,13,10.868000
aalair,"Apple M3",8,"Darwin 27.0.0 arm64","Apple LLVM 21.0.0 (clang-2100.3.34.2)"," -O3 -DNDEBUG",8,100000,pico,owned_local,,1,0,14,10.971000
aalair,"Apple M3",8,"Darwin 27.0.0 arm64","Apple LLVM 21.0.0 (clang-2100.3.34.2)"," -O3 -DNDEBUG",8,100000,pico,owned_local,,1,10,1,12.574000
aalair,"Apple M3",8,"Darwin 27.0.0 arm64","Apple LLVM 21.0.0 (clang-2100.3.34.2)"," -O3 -DNDEBUG",8,100000,pico,owned_local,,1,10,2,12.488000
aalair,"Apple M3",8,"Darwin 27.0.0 arm64","Apple LLVM 21.0.0 (clang-2100.3.34.2)"," -O3 -DNDEBUG",8,100000,pico,owned_local,,1,10,3,12.545000
aalair,"Apple M3",8,"Darwin 27.0.0 arm64","Apple LLVM 21.0.0 (clang-2100.3.34.2)"," -O3 -DNDEBUG",8,100000,pico,owned_local,,1,10,4,12.494000
aalair,"Apple M3",8,"Darwin 27.0.0 arm64","Apple LLVM 21.0.0 (clang-2100.3.34.2)"," -O3 -DNDEBUG",8,100000,pico,owned_local,,1,10,5,12.456000
aalair,"Apple M3",8,"Darwin 27.0.0 arm64","Apple LLVM 21.0.0 (clang-2100.3.34.2)"," -O3 -DNDEBUG",8,100000,pico,owned_local,,1,10,6,12.497000
aalair,"Apple M3",8,"Darwin 27.0.0 arm64","Apple LLVM 21.0.0 (clang-2100.3.34.2)"," -O3 -DNDEBUG",8,100000,pico,owned_local,,1,10,7,12.509000
aalair,"Apple M3",8,"Darwin 27.0.0 arm64","Apple LLVM 21.0.0 (clang-2100.3.34.2)"," -O3 -DNDEBUG",8,100000,pico,owned_local,,1,10,8,12.692000
aalair,"Apple M3",8,"Darwin 27.0.0 arm64","Apple LLVM 21.0.0 (clang-2100.3.34.2)"," -O3 -DNDEBUG",8,100000,pico,owned_local,,1,10,9,12.513000
aalair,"Apple M3",8,"Darwin 27.0.0 arm64","Apple LLVM 21.0.0 (clang-2100.3.34.2)"," -O3 -DNDEBUG",8,100000,pico,owned_local,,1,10,10,12.736000
aalair,"Apple M3",8,"Darwin 27.0.0 arm64","Apple LLVM 21.0.0 (clang-2100.3.34.2)"," -O3 -DNDEBUG",8,100000,pico,owned_local,,1,500,1,369.341000
aalair,"Apple M3",8,"Darwin 27.0.0 arm64","Apple LLVM 21.0.0 (clang-2100.3.34.2)"," -O3 -DNDEBUG",8,100000,pico,owned_local,,1,500,2,372.531000
aalair,"Apple M3",8,"Darwin 27.0.0 arm64","Apple LLVM 21.0.0 (clang-2100.3.34.2)"," -O3 -DNDEBUG",8,100000,pico,owned_local,,1,500,3,372.849000
aalair,"Apple M3",8,"Darwin 27.0.0 arm64","Apple LLVM 21.0.0 (clang-2100.3.34.2)"," -O3 -DNDEBUG",8,100000,pico,owned_local,,1,500,4,370.641000
aalair,"Apple M3",8,"Darwin 27.0.0 arm64","Apple LLVM 21.0.0 (clang-2100.3.34.2)"," -O3 -DNDEBUG",8,100000,pico,owned_local,,1,500,5,373.335000
aalair,"Apple M3",8,"Darwin 27.0.0 arm64","Apple LLVM 21.0.0 (clang-2100.3.34.2)"," -O3 -DNDEBUG",8,100000,pico,owned_local,,1,500,6,372.529000
aalair,"Apple M3",8,"Darwin 27.0.0 arm64","Apple LLVM 21.0.0 (clang-2100.3.34.2)"," -O3 -DNDEBUG",8,100000,pico,owned_local,,1,500,7,367.044000
aalair,"Apple M3",8,"Darwin 27.0.0 arm64","Apple LLVM 21.0.0 (clang-2100.3.34.2)"," -O3 -DNDEBUG",8,100000,pico,owned_local,,1,500,8,364.350000
aalair,"Apple M3",8,"Darwin 27.0.0 arm64","Apple LLVM 21.0.0 (clang-2100.3.34.2)"," -O3 -DNDEBUG",8,100000,pico,owned_local,,1,500,9,364.078000
aalair,"Apple M3",8,"Darwin 27.0.0 arm64","Apple LLVM 21.0.0 (clang-2100.3.34.2)"," -O3 -DNDEBUG",8,100000,pico,owned_local,,1,500,10,361.716000
aalair,"Apple M3",8,"Darwin 27.0.0 arm64","Apple LLVM 21.0.0 (clang-2100.3.34.2)"," -O3 -DNDEBUG",8,100000,flecs,owned_local,,1,0,1,44.702000
aalair,"Apple M3",8,"Darwin 27.0.0 arm64","Apple LLVM 21.0.0 (clang-2100.3.34.2)"," -O3 -DNDEBUG",8,100000,flecs,owned_local,,1,0,2,43.596000
aalair,"Apple M3",8,"Darwin 27.0.0 arm64","Apple LLVM 21.0.0 (clang-2100.3.34.2)"," -O3 -DNDEBUG",8,100000,flecs,owned_local,,1,0,3,43.221000
aalair,"Apple M3",8,"Darwin 27.0.0 arm64","Apple LLVM 21.0.0 (clang-2100.3.34.2)"," -O3 -DNDEBUG",8,100000,flecs,owned_local,,1,0,4,42.882000
aalair,"Apple M3",8,"Darwin 27.0.0 arm64","Apple LLVM 21.0.0 (clang-2100.3.34.2)"," -O3 -DNDEBUG",8,100000,flecs,owned_local,,1,0,5,41.839000
aalair,"Apple M3",8,"Darwin 27.0.0 arm64","Apple LLVM 21.0.0 (clang-2100.3.34.2)"," -O3 -DNDEBUG",8,100000,flecs,owned_local,,1,0,6,41.821000
aalair,"Apple M3",8,"Darwin 27.0.0 arm64","Apple LLVM 21.0.0 (clang-2100.3.34.2)"," -O3 -DNDEBUG",8,100000,flecs,owned_local,,1,0,7,41.676000
aalair,"Apple M3",8,"Darwin 27.0.0 arm64","Apple LLVM 21.0.0 (clang-2100.3.34.2)"," -O3 -DNDEBUG",8,100000,flecs,owned_local,,1,0,8,41.721000
aalair,"Apple M3",8,"Darwin 27.0.0 arm64","Apple LLVM 21.0.0 (clang-2100.3.34.2)"," -O3 -DNDEBUG",8,100000,flecs,owned_local,,1,0,9,42.133000
aalair,"Apple M3",8,"Darwin 27.0.0 arm64","Apple LLVM 21.0.0 (clang-2100.3.34.2)"," -O3 -DNDEBUG",8,100000,flecs,owned_local,,1,0,10,41.968000
aalair,"Apple M3",8,"Darwin 27.0.0 arm64","Apple LLVM 21.0.0 (clang-2100.3.34.2)"," -O3 -DNDEBUG",8,100000,flecs,owned_local,,1,0,11,42.326000
aalair,"Apple M3",8,"Darwin 27.0.0 arm64","Apple LLVM 21.0.0 (clang-2100.3.34.2)"," -O3 -DNDEBUG",8,100000,flecs,owned_local,,1,10,1,43.520000
aalair,"Apple M3",8,"Darwin 27.0.0 arm64","Apple LLVM 21.0.0 (clang-2100.3.34.2)"," -O3 -DNDEBUG",8,100000,flecs,owned_local,,1,10,2,43.545000
aalair,"Apple M3",8,"Darwin 27.0.0 arm64","Apple LLVM 21.0.0 (clang-2100.3.34.2)"," -O3 -DNDEBUG",8,100000,flecs,owned_local,,1,10,3,43.845000
aalair,"Apple M3",8,"Darwin 27.0.0 arm64","Apple LLVM 21.0.0 (clang-2100.3.34.2)"," -O3 -DNDEBUG",8,100000,flecs,owned_local,,1,10,4,43.162000
aalair,"Apple M3",8,"Darwin 27.0.0 arm64","Apple LLVM 21.0.0 (clang-2100.3.34.2)"," -O3 -DNDEBUG",8,100000,flecs,owned_local,,1,10,5,43.329000
aalair,"Apple M3",8,"Darwin 27.0.0 arm64","Apple LLVM 21.0.0 (clang-2100.3.34.2)"," -O3 -DNDEBUG",8,100000,flecs,owned_local,,1,10,6,43.538000
aalair,"Apple M3",8,"Darwin 27.0.0 arm64","Apple LLVM 21.0.0 (clang-2100.3.34.2)"," -O3 -DNDEBUG",8,100000,flecs,owned_local,,1,10,7,44.532000
aalair,"Apple M3",8,"Darwin 27.0.0 arm64","Apple LLVM 21.0.0 (clang-2100.3.34.2)"," -O3 -DNDEBUG",8,100000,flecs,owned_local,,1,10,8,43.434000
aalair,"Apple M3",8,"Darwin 27.0.0 arm64","Apple LLVM 21.0.0 (clang-2100.3.34.2)"," -O3 -DNDEBUG",8,100000,flecs,owned_local,,1,10,9,43.411000
aalair,"Apple M3",8,"Darwin 27.0.0 arm64","Apple LLVM 21.0.0 (clang-2100.3.34.2)"," -O3 -DNDEBUG",8,100000,flecs,owned_local,,1,10,10,44.025000
aalair,"Apple M3",8,"Darwin 27.0.0 arm64","Apple LLVM 21.0.0 (clang-2100.3.34.2)"," -O3 -DNDEBUG",8,100000,flecs,owned_local,,1,500,1,434.024000
aalair,"Apple M3",8,"Darwin 27.0.0 arm64","Apple LLVM 21.0.0 (clang-2100.3.34.2)"," -O3 -DNDEBUG",8,100000,flecs,owned_local,,1,500,2,434.330000
aalair,"Apple M3",8,"Darwin 27.0.0 arm64","Apple LLVM 21.0.0 (clang-2100.3.34.2)"," -O3 -DNDEBUG",8,100000,flecs,owned_local,,1,500,3,434.687000
aalair,"Apple M3",8,"Darwin 27.0.0 arm64","Apple LLVM 21.0.0 (clang-2100.3.34.2)"," -O3 -DNDEBUG",8,100000,flecs,owned_local,,1,500,4,433.757000
aalair,"Apple M3",8,"Darwin 27.0.0 arm64","Apple LLVM 21.0.0 (clang-2100.3.34.2)"," -O3 -DNDEBUG",8,100000,flecs,owned_local,,1,500,5,434.180000
aalair,"Apple M3",8,"Darwin 27.0.0 arm64","Apple LLVM 21.0.0 (clang-2100.3.34.2)"," -O3 -DNDEBUG",8,100000,flecs,owned_local,,1,500,6,434.033000
aalair,"Apple M3",8,"Darwin 27.0.0 arm64","Apple LLVM 21.0.0 (clang-2100.3.34.2)"," -O3 -DNDEBUG",8,100000,flecs,owned_local,,1,500,7,433.865000
aalair,"Apple M3",8,"Darwin 27.0.0 arm64","Apple LLVM 21.0.0 (clang-2100.3.34.2)"," -O3 -DNDEBUG",8,100000,flecs,owned_local,,1,500,8,433.843000
aalair,"Apple M3",8,"Darwin 27.0.0 arm64","Apple LLVM 21.0.0 (clang-2100.3.34.2)"," -O3 -DNDEBUG",8,100000,flecs,owned_local,,1,500,9,434.315000
aalair,"Apple M3",8,"Darwin 27.0.0 arm64","Apple LLVM 21.0.0 (clang-2100.3.34.2)"," -O3 -DNDEBUG",8,100000,flecs,owned_local,,1,500,10,434.380000
aalair,"Apple M3",8,"Darwin 27.0.0 arm64","Apple LLVM 21.0.0 (clang-2100.3.34.2)"," -O3 -DNDEBUG",8,100000,pito,owned_local,ecs_sync_owned,1,0,1,27.862000
aalair,"Apple M3",8,"Darwin 27.0.0 arm64","Apple LLVM 21.0.0 (clang-2100.3.34.2)"," -O3 -DNDEBUG",8,100000,pito,owned_local,ecs_sync_owned,1,0,2,26.376000
aalair,"Apple M3",8,"Darwin 27.0.0 arm64","Apple LLVM 21.0.0 (clang-2100.3.34.2)"," -O3 -DNDEBUG",8,100000,pito,owned_local,ecs_sync_owned,1,0,3,26.353000
aalair,"Apple M3",8,"Darwin 27.0.0 arm64","Apple LLVM 21.0.0 (clang-2100.3.34.2)"," -O3 -DNDEBUG",8,100000,pito,owned_local,ecs_sync_owned,1,0,4,26.233000
aalair,"Apple M3",8,"Darwin 27.0.0 arm64","Apple LLVM 21.0.0 (clang-2100.3.34.2)"," -O3 -DNDEBUG",8,100000,pito,owned_local,ecs_sync_owned,1,0,5,26.271000
aalair,"Apple M3",8,"Darwin 27.0.0 arm64","Apple LLVM 21.0.0 (clang-2100.3.34.2)"," -O3 -DNDEBUG",8,100000,pito,owned_local,ecs_sync_owned,1,0,6,26.260000
aalair,"Apple M3",8,"Darwin 27.0.0 arm64","Apple LLVM 21.0.0 (clang-2100.3.34.2)"," -O3 -DNDEBUG",8,100000,pito,owned_local,ecs_sync_owned,1,0,7,26.299000
aalair,"Apple M3",8,"Darwin 27.0.0 arm64","Apple LLVM 21.0.0 (clang-2100.3.34.2)"," -O3 -DNDEBUG",8,100000,pito,owned_local,ecs_sync_owned,1,0,8,26.246000
aalair,"Apple M3",8,"Darwin 27.0.0 arm64","Apple LLVM 21.0.0 (clang-2100.3.34.2)"," -O3 -DNDEBUG",8,100000,pito,owned_local,ecs_sync_owned,1,0,9,26.178000
aalair,"Apple M3",8,"Darwin 27.0.0 arm64","Apple LLVM 21.0.0 (clang-2100.3.34.2)"," -O3 -DNDEBUG",8,100000,pito,owned_local,ecs_sync_owned,1,0,10,26.026000
aalair,"Apple M3",8,"Darwin 27.0.0 arm64","Apple LLVM 21.0.0 (clang-2100.3.34.2)"," -O3 -DNDEBUG",8,100000,pito,owned_local,ecs_sync_owned,1,0,11,26.003000
aalair,"Apple M3",8,"Darwin 27.0.0 arm64","Apple LLVM 21.0.0 (clang-2100.3.34.2)"," -O3 -DNDEBUG",8,100000,pito,owned_local,ecs_sync_owned,1,10,1,28.343000
aalair,"Apple M3",8,"Darwin 27.0.0 arm64","Apple LLVM 21.0.0 (clang-2100.3.34.2)"," -O3 -DNDEBUG",8,100000,pito,owned_local,ecs_sync_owned,1,10,2,28.335000
aalair,"Apple M3",8,"Darwin 27.0.0 arm64","Apple LLVM 21.0.0 (clang-2100.3.34.2)"," -O3 -DNDEBUG",8,100000,pito,owned_local,ecs_sync_owned,1,10,3,28.333000
aalair,"Apple M3",8,"Darwin 27.0.0 arm64","Apple LLVM 21.0.0 (clang-2100.3.34.2)"," -O3 -DNDEBUG",8,100000,pito,owned_local,ecs_sync_owned,1,10,4,28.344000
aalair,"Apple M3",8,"Darwin 27.0.0 arm64","Apple LLVM 21.0.0 (clang-2100.3.34.2)"," -O3 -DNDEBUG",8,100000,pito,owned_local,ecs_sync_owned,1,10,5,28.333000
aalair,"Apple M3",8,"Darwin 27.0.0 arm64","Apple LLVM 21.0.0 (clang-2100.3.34.2)"," -O3 -DNDEBUG",8,100000,pito,owned_local,ecs_sync_owned,1,10,6,28.336000
aalair,"Apple M3",8,"Darwin 27.0.0 arm64","Apple LLVM 21.0.0 (clang-2100.3.34.2)"," -O3 -DNDEBUG",8,100000,pito,owned_local,ecs_sync_owned,1,10,7,28.347000
aalair,"Apple M3",8,"Darwin 27.0.0 arm64","Apple LLVM 21.0.0 (clang-2100.3.34.2)"," -O3 -DNDEBUG",8,100000,pito,owned_local,ecs_sync_owned,1,10,8,28.333000
aalair,"Apple M3",8,"Darwin 27.0.0 arm64","Apple LLVM 21.0.0 (clang-2100.3.34.2)"," -O3 -DNDEBUG",8,100000,pito,owned_local,ecs_sync_owned,1,10,9,28.614000
aalair,"Apple M3",8,"Darwin 27.0.0 arm64","Apple LLVM 21.0.0 (clang-2100.3.34.2)"," -O3 -DNDEBUG",8,100000,pito,owned_local,ecs_sync_owned,1,10,10,28.528000
aalair,"Apple M3",8,"Darwin 27.0.0 arm64","Apple LLVM 21.0.0 (clang-2100.3.34.2)"," -O3 -DNDEBUG",8,100000,pito,owned_local,ecs_sync_owned,1,500,1,375.382000
aalair,"Apple M3",8,"Darwin 27.0.0 arm64","Apple LLVM 21.0.0 (clang-2100.3.34.2)"," -O3 -DNDEBUG",8,100000,pito,owned_local,ecs_sync_owned,1,500,2,372.885000
aalair,"Apple M3",8,"Darwin 27.0.0 arm64","Apple LLVM 21.0.0 (clang-2100.3.34.2)"," -O3 -DNDEBUG",8,100000,pito,owned_local,ecs_sync_owned,1,500,3,371.529000
aalair,"Apple M3",8,"Darwin 27.0.0 arm64","Apple LLVM 21.0.0 (clang-2100.3.34.2)"," -O3 -DNDEBUG",8,100000,pito,owned_local,ecs_sync_owned,1,500,4,370.220000
aalair,"Apple M3",8,"Darwin 27.0.0 arm64","Apple LLVM 21.0.0 (clang-2100.3.34.2)"," -O3 -DNDEBUG",8,100000,pito,owned_local,ecs_sync_owned,1,500,5,370.194000
aalair,"Apple M3",8,"Darwin 27.0.0 arm64","Apple LLVM 21.0.0 (clang-2100.3.34.2)"," -O3 -DNDEBUG",8,100000,pito,owned_local,ecs_sync_owned,1,500,6,370.626000
aalair,"Apple M3",8,"Darwin 27.0.0 arm64","Apple LLVM 21.0.0 (clang-2100.3.34.2)"," -O3 -DNDEBUG",8,100000,pito,owned_local,ecs_sync_owned,1,500,7,370.103000
aalair,"Apple M3",8,"Darwin 27.0.0 arm64","Apple LLVM 21.0.0 (clang-2100.3.34.2)"," -O3 -DNDEBUG",8,100000,pito,owned_local,ecs_sync_owned,1,500,8,369.751000
aalair,"Apple M3",8,"Darwin 27.0.0 arm64","Apple LLVM 21.0.0 (clang-2100.3.34.2)"," -O3 -DNDEBUG",8,100000,pito,owned_local,ecs_sync_owned,1,500,9,369.016000
aalair,"Apple M3",8,"Darwin 27.0.0 arm64","Apple LLVM 21.0.0 (clang-2100.3.34.2)"," -O3 -DNDEBUG",8,100000,pito,owned_local,ecs_sync_owned,1,500,10,374.973000
aalair,"Apple M3",8,"Darwin 27.0.0 arm64","Apple LLVM 21.0.0 (clang-2100.3.34.2)"," -O3 -DNDEBUG",8,100000,pito,owned_local,ecs_sync_owned,2,0,1,24.898000
aalair,"Apple M3",8,"Darwin 27.0.0 arm64","Apple LLVM 21.0.0 (clang-2100.3.34.2)"," -O3 -DNDEBUG",8,100000,pito,owned_local,ecs_sync_owned,2,0,2,24.914000
aalair,"Apple M3",8,"Darwin 27.0.0 arm64","Apple LLVM 21.0.0 (clang-2100.3.34.2)"," -O3 -DNDEBUG",8,100000,pito,owned_local,ecs_sync_owned,2,0,3,24.882000
aalair,"Apple M3",8,"Darwin 27.0.0 arm64","Apple LLVM 21.0.0 (clang-2100.3.34.2)"," -O3 -DNDEBUG",8,100000,pito,owned_local,ecs_sync_owned,2,0,4,24.868000
aalair,"Apple M3",8,"Darwin 27.0.0 arm64","Apple LLVM 21.0.0 (clang-2100.3.34.2)"," -O3 -DNDEBUG",8,100000,pito,owned_local,ecs_sync_owned,2,0,5,24.845000
aalair,"Apple M3",8,"Darwin 27.0.0 arm64","Apple LLVM 21.0.0 (clang-2100.3.34.2)"," -O3 -DNDEBUG",8,100000,pito,owned_local,ecs_sync_owned,2,0,6,24.855000
aalair,"Apple M3",8,"Darwin 27.0.0 arm64","Apple LLVM 21.0.0 (clang-2100.3.34.2)"," -O3 -DNDEBUG",8,100000,pito,owned_local,ecs_sync_owned,2,0,7,24.906000
aalair,"Apple M3",8,"Darwin 27.0.0 arm64","Apple LLVM 21.0.0 (clang-2100.3.34.2)"," -O3 -DNDEBUG",8,100000,pito,owned_local,ecs_sync_owned,2,0,8,24.863000
aalair,"Apple M3",8,"Darwin 27.0.0 arm64","Apple LLVM 21.0.0 (clang-2100.3.34.2)"," -O3 -DNDEBUG",8,100000,pito,owned_local,ecs_sync_owned,2,0,9,24.899000
aalair,"Apple M3",8,"Darwin 27.0.0 arm64","Apple LLVM 21.0.0 (clang-2100.3.34.2)"," -O3 -DNDEBUG",8,100000,pito,owned_local,ecs_sync_owned,2,0,10,24.860000
aalair,"Apple M3",8,"Darwin 27.0.0 arm64","Apple LLVM 21.0.0 (clang-2100.3.34.2)"," -O3 -DNDEBUG",8,100000,pito,owned_local,ecs_sync_owned,2,10,1,26.037000
aalair,"Apple M3",8,"Darwin 27.0.0 arm64","Apple LLVM 21.0.0 (clang-2100.3.34.2)"," -O3 -DNDEBUG",8,100000,pito,owned_local,ecs_sync_owned,2,10,2,26.048000
aalair,"Apple M3",8,"Darwin 27.0.0 arm64","Apple LLVM 21.0.0 (clang-2100.3.34.2)"," -O3 -DNDEBUG",8,100000,pito,owned_local,ecs_sync_owned,2,10,3,26.038000
aalair,"Apple M3",8,"Darwin 27.0.0 arm64","Apple LLVM 21.0.0 (clang-2100.3.34.2)"," -O3 -DNDEBUG",8,100000,pito,owned_local,ecs_sync_owned,2,10,4,26.031000
aalair,"Apple M3",8,"Darwin 27.0.0 arm64","Apple LLVM 21.0.0 (clang-2100.3.34.2)"," -O3 -DNDEBUG",8,100000,pito,owned_local,ecs_sync_owned,2,10,5,25.929000
aalair,"Apple M3",8,"Darwin 27.0.0 arm64","Apple LLVM 21.0.0 (clang-2100.3.34.2)"," -O3 -DNDEBUG",8,100000,pito,owned_local,ecs_sync_owned,2,10,6,26.025000
aalair,"Apple M3",8,"Darwin 27.0.0 arm64","Apple LLVM 21.0.0 (clang-2100.3.34.2)"," -O3 -DNDEBUG",8,100000,pito,owned_local,ecs_sync_owned,2,10,7,25.980000
aalair,"Apple M3",8,"Darwin 27.0.0 arm64","Apple LLVM 21.0.0 (clang-2100.3.34.2)"," -O3 -DNDEBUG",8,100000,pito,owned_local,ecs_sync_owned,2,10,8,25.945000
aalair,"Apple M3",8,"Darwin 27.0.0 arm64","Apple LLVM 21.0.0 (clang-2100.3.34.2)"," -O3 -DNDEBUG",8,100000,pito,owned_local,ecs_sync_owned,2,10,9,26.027000
aalair,"Apple M3",8,"Darwin 27.0.0 arm64","Apple LLVM 21.0.0 (clang-2100.3.34.2)"," -O3 -DNDEBUG",8,100000,pito,owned_local,ecs_sync_owned,2,10,10,25.926000
aalair,"Apple M3",8,"Darwin 27.0.0 arm64","Apple LLVM 21.0.0 (clang-2100.3.34.2)"," -O3 -DNDEBUG",8,100000,pito,owned_local,ecs_sync_owned,2,500,1,210.369000
aalair,"Apple M3",8,"Darwin 27.0.0 arm64","Apple LLVM 21.0.0 (clang-2100.3.34.2)"," -O3 -DNDEBUG",8,100000,pito,owned_local,ecs_sync_owned,2,500,2,210.360000
aalair,"Apple M3",8,"Darwin 27.0.0 arm64","Apple LLVM 21.0.0 (clang-2100.3.34.2)"," -O3 -DNDEBUG",8,100000,pito,owned_local,ecs_sync_owned,2,500,3,210.874000
aalair,"Apple M3",8,"Darwin 27.0.0 arm64","Apple LLVM 21.0.0 (clang-2100.3.34.2)"," -O3 -DNDEBUG",8,100000,pito,owned_local,ecs_sync_owned,2,500,4,210.332000
aalair,"Apple M3",8,"Darwin 27.0.0 arm64","Apple LLVM 21.0.0 (clang-2100.3.34.2)"," -O3 -DNDEBUG",8,100000,pito,owned_local,ecs_sync_owned,2,500,5,210.515000
aalair,"Apple M3",8,"Darwin 27.0.0 arm64","Apple LLVM 21.0.0 (clang-2100.3.34.2)"," -O3 -DNDEBUG",8,100000,pito,owned_local,ecs_sync_owned,2,500,6,210.321000
aalair,"Apple M3",8,"Darwin 27.0.0 arm64","Apple LLVM 21.0.0 (clang-2100.3.34.2)"," -O3 -DNDEBUG",8,100000,pito,owned_local,ecs_sync_owned,2,500,7,210.407000
aalair,"Apple M3",8,"Darwin 27.0.0 arm64","Apple LLVM 21.0.0 (clang-2100.3.34.2)"," -O3 -DNDEBUG",8,100000,pito,owned_local,ecs_sync_owned,2,500,8,210.293000
aalair,"Apple M3",8,"Darwin 27.0.0 arm64","Apple LLVM 21.0.0 (clang-2100.3.34.2)"," -O3 -DNDEBUG",8,100000,pito,owned_local,ecs_sync_owned,2,500,9,218.451000
aalair,"Apple M3",8,"Darwin 27.0.0 arm64","Apple LLVM 21.0.0 (clang-2100.3.34.2)"," -O3 -DNDEBUG",8,100000,pito,owned_local,ecs_sync_owned,2,500,10,213.591000
aalair,"Apple M3",8,"Darwin 27.0.0 arm64","Apple LLVM 21.0.0 (clang-2100.3.34.2)"," -O3 -DNDEBUG",8,100000,pito,owned_local,ecs_sync_owned,4,0,1,24.658000
aalair,"Apple M3",8,"Darwin 27.0.0 arm64","Apple LLVM 21.0.0 (clang-2100.3.34.2)"," -O3 -DNDEBUG",8,100000,pito,owned_local,ecs_sync_owned,4,0,2,24.724000
aalair,"Apple M3",8,"Darwin 27.0.0 arm64","Apple LLVM 21.0.0 (clang-2100.3.34.2)"," -O3 -DNDEBUG",8,100000,pito,owned_local,ecs_sync_owned,4,0,3,24.935000
aalair,"Apple M3",8,"Darwin 27.0.0 arm64","Apple LLVM 21.0.0 (clang-2100.3.34.2)"," -O3 -DNDEBUG",8,100000,pito,owned_local,ecs_sync_owned,4,0,4,24.738000
aalair,"Apple M3",8,"Darwin 27.0.0 arm64","Apple LLVM 21.0.0 (clang-2100.3.34.2)"," -O3 -DNDEBUG",8,100000,pito,owned_local,ecs_sync_owned,4,0,5,24.724000
aalair,"Apple M3",8,"Darwin 27.0.0 arm64","Apple LLVM 21.0.0 (clang-2100.3.34.2)"," -O3 -DNDEBUG",8,100000,pito,owned_local,ecs_sync_owned,4,0,6,24.745000
aalair,"Apple M3",8,"Darwin 27.0.0 arm64","Apple LLVM 21.0.0 (clang-2100.3.34.2)"," -O3 -DNDEBUG",8,100000,pito,owned_local,ecs_sync_owned,4,0,7,24.734000
aalair,"Apple M3",8,"Darwin 27.0.0 arm64","Apple LLVM 21.0.0 (clang-2100.3.34.2)"," -O3 -DNDEBUG",8,100000,pito,owned_local,ecs_sync_owned,4,0,8,24.700000
aalair,"Apple M3",8,"Darwin 27.0.0 arm64","Apple LLVM 21.0.0 (clang-2100.3.34.2)"," -O3 -DNDEBUG",8,100000,pito,owned_local,ecs_sync_owned,4,0,9,24.739000
aalair,"Apple M3",8,"Darwin 27.0.0 arm64","Apple LLVM 21.0.0 (clang-2100.3.34.2)"," -O3 -DNDEBUG",8,100000,pito,owned_local,ecs_sync_owned,4,0,10,24.748000
aalair,"Apple M3",8,"Darwin 27.0.0 arm64","Apple LLVM 21.0.0 (clang-2100.3.34.2)"," -O3 -DNDEBUG",8,100000,pito,owned_local,ecs_sync_owned,4,10,1,25.679000
aalair,"Apple M3",8,"Darwin 27.0.0 arm64","Apple LLVM 21.0.0 (clang-2100.3.34.2)"," -O3 -DNDEBUG",8,100000,pito,owned_local,ecs_sync_owned,4,10,2,25.709000
aalair,"Apple M3",8,"Darwin 27.0.0 arm64","Apple LLVM 21.0.0 (clang-2100.3.34.2)"," -O3 -DNDEBUG",8,100000,pito,owned_local,ecs_sync_owned,4,10,3,25.689000
aalair,"Apple M3",8,"Darwin 27.0.0 arm64","Apple LLVM 21.0.0 (clang-2100.3.34.2)"," -O3 -DNDEBUG",8,100000,pito,owned_local,ecs_sync_owned,4,10,4,25.564000
aalair,"Apple M3",8,"Darwin 27.0.0 arm64","Apple LLVM 21.0.0 (clang-2100.3.34.2)"," -O3 -DNDEBUG",8,100000,pito,owned_local,ecs_sync_owned,4,10,5,25.733000
aalair,"Apple M3",8,"Darwin 27.0.0 arm64","Apple LLVM 21.0.0 (clang-2100.3.34.2)"," -O3 -DNDEBUG",8,100000,pito,owned_local,ecs_sync_owned,4,10,6,25.727000
aalair,"Apple M3",8,"Darwin 27.0.0 arm64","Apple LLVM 21.0.0 (clang-2100.3.34.2)"," -O3 -DNDEBUG",8,100000,pito,owned_local,ecs_sync_owned,4,10,7,25.660000
aalair,"Apple M3",8,"Darwin 27.0.0 arm64","Apple LLVM 21.0.0 (clang-2100.3.34.2)"," -O3 -DNDEBUG",8,100000,pito,owned_local,ecs_sync_owned,4,10,8,25.646000
aalair,"Apple M3",8,"Darwin 27.0.0 arm64","Apple LLVM 21.0.0 (clang-2100.3.34.2)"," -O3 -DNDEBUG",8,100000,pito,owned_local,ecs_sync_owned,4,10,9,25.683000
aalair,"Apple M3",8,"Darwin 27.0.0 arm64","Apple LLVM 21.0.0 (clang-2100.3.34.2)"," -O3 -DNDEBUG",8,100000,pito,owned_local,ecs_sync_owned,4,10,10,26.256000
aalair,"Apple M3",8,"Darwin 27.0.0 arm64","Apple LLVM 21.0.0 (clang-2100.3.34.2)"," -O3 -DNDEBUG",8,100000,pito,owned_local,ecs_sync_owned,4,500,1,119.085000
aalair,"Apple M3",8,"Darwin 27.0.0 arm64","Apple LLVM 21.0.0 (clang-2100.3.34.2)"," -O3 -DNDEBUG",8,100000,pito,owned_local,ecs_sync_owned,4,500,2,158.893000
aalair,"Apple M3",8,"Darwin 27.0.0 arm64","Apple LLVM 21.0.0 (clang-2100.3.34.2)"," -O3 -DNDEBUG",8,100000,pito,owned_local,ecs_sync_owned,4,500,3,121.122000
aalair,"Apple M3",8,"Darwin 27.0.0 arm64","Apple LLVM 21.0.0 (clang-2100.3.34.2)"," -O3 -DNDEBUG",8,100000,pito,owned_local,ecs_sync_owned,4,500,4,120.640000
aalair,"Apple M3",8,"Darwin 27.0.0 arm64","Apple LLVM 21.0.0 (clang-2100.3.34.2)"," -O3 -DNDEBUG",8,100000,pito,owned_local,ecs_sync_owned,4,500,5,120.225000
aalair,"Apple M3",8,"Darwin 27.0.0 arm64","Apple LLVM 21.0.0 (clang-2100.3.34.2)"," -O3 -DNDEBUG",8,100000,pito,owned_local,ecs_sync_owned,4,500,6,120.528000
aalair,"Apple M3",8,"Darwin 27.0.0 arm64","Apple LLVM 21.0.0 (clang-2100.3.34.2)"," -O3 -DNDEBUG",8,100000,pito,owned_local,ecs_sync_owned,4,500,7,120.258000
aalair,"Apple M3",8,"Darwin 27.0.0 arm64","Apple LLVM 21.0.0 (clang-2100.3.34.2)"," -O3 -DNDEBUG",8,100000,pito,owned_local,ecs_sync_owned,4,500,8,119.135000
aalair,"Apple M3",8,"Darwin 27.0.0 arm64","Apple LLVM 21.0.0 (clang-2100.3.34.2)"," -O3 -DNDEBUG",8,100000,pito,owned_local,ecs_sync_owned,4,500,9,119.125000
aalair,"Apple M3",8,"Darwin 27.0.0 arm64","Apple LLVM 21.0.0 (clang-2100.3.34.2)"," -O3 -DNDEBUG",8,100000,pito,owned_local,ecs_sync_owned,4,500,10,139.476000
aalair,"Apple M3",8,"Darwin 27.0.0 arm64","Apple LLVM 21.0.0 (clang-2100.3.34.2)"," -O3 -DNDEBUG",8,100000,pito,owned_local,ecs_sync_owned,4,500,11,236.195000
aalair,"Apple M3",8,"Darwin 27.0.0 arm64","Apple LLVM 21.0.0 (clang-2100.3.34.2)"," -O3 -DNDEBUG",8,100000,pito,owned_local,ecs_sync_owned,4,500,12,131.641000
aalair,"Apple M3",8,"Darwin 27.0.0 arm64","Apple LLVM 21.0.0 (clang-2100.3.34.2)"," -O3 -DNDEBUG",8,100000,pito,owned_local,ecs_sync_owned,4,500,13,122.949000
aalair,"Apple M3",8,"Darwin 27.0.0 arm64","Apple LLVM 21.0.0 (clang-2100.3.34.2)"," -O3 -DNDEBUG",8,100000,pito,owned_local,ecs_sync_owned,4,500,14,121.895000
aalair,"Apple M3",8,"Darwin 27.0.0 arm64","Apple LLVM 21.0.0 (clang-2100.3.34.2)"," -O3 -DNDEBUG",8,100000,pito,owned_local,ecs_sync_owned,4,500,15,122.399000
aalair,"Apple M3",8,"Darwin 27.0.0 arm64","Apple LLVM 21.0.0 (clang-2100.3.34.2)"," -O3 -DNDEBUG",8,100000,pito,owned_local,ecs_sync_owned,4,500,16,119.298000
aalair,"Apple M3",8,"Darwin 27.0.0 arm64","Apple LLVM 21.0.0 (clang-2100.3.34.2)"," -O3 -DNDEBUG",8,100000,pito,owned_local,ecs_sync_owned,4,500,17,120.123000
aalair,"Apple M3",8,"Darwin 27.0.0 arm64","Apple LLVM 21.0.0 (clang-2100.3.34.2)"," -O3 -DNDEBUG",8,100000,pito,owned_local,ecs_sync_owned,4,500,18,120.107000
aalair,"Apple M3",8,"Darwin 27.0.0 arm64","Apple LLVM 21.0.0 (clang-2100.3.34.2)"," -O3 -DNDEBUG",8,100000,pito,owned_local,ecs_sync_owned,4,500,19,128.901000
aalair,"Apple M3",8,"Darwin 27.0.0 arm64","Apple LLVM 21.0.0 (clang-2100.3.34.2)"," -O3 -DNDEBUG",8,100000,pito,owned_local,ecs_sync_owned,4,500,20,129.318000
aalair,"Apple M3",8,"Darwin 27.0.0 arm64","Apple LLVM 21.0.0 (clang-2100.3.34.2)"," -O3 -DNDEBUG",8,100000,pito,owned_local,ecs_sync_owned,4,500,21,121.264000
aalair,"Apple M3",8,"Darwin 27.0.0 arm64","Apple LLVM 21.0.0 (clang-2100.3.34.2)"," -O3 -DNDEBUG",8,100000,pito,owned_local,ecs_sync_owned,4,500,22,121.975000
aalair,"Apple M3",8,"Darwin 27.0.0 arm64","Apple LLVM 21.0.0 (clang-2100.3.34.2)"," -O3 -DNDEBUG",8,100000,pito,owned_local,ecs_sync_owned,4,500,23,120.069000
aalair,"Apple M3",8,"Darwin 27.0.0 arm64","Apple LLVM 21.0.0 (clang-2100.3.34.2)"," -O3 -DNDEBUG",8,100000,pito,owned_local,ecs_sync_owned,4,500,24,119.270000
aalair,"Apple M3",8,"Darwin 27.0.0 arm64","Apple LLVM 21.0.0 (clang-2100.3.34.2)"," -O3 -DNDEBUG",8,100000,pito,owned_local,ecs_sync_owned,8,0,1,25.189000
aalair,"Apple M3",8,"Darwin 27.0.0 arm64","Apple LLVM 21.0.0 (clang-2100.3.34.2)"," -O3 -DNDEBUG",8,100000,pito,owned_local,ecs_sync_owned,8,0,2,24.749000
aalair,"Apple M3",8,"Darwin 27.0.0 arm64","Apple LLVM 21.0.0 (clang-2100.3.34.2)"," -O3 -DNDEBUG",8,100000,pito,owned_local,ecs_sync_owned,8,0,3,24.455000
aalair,"Apple M3",8,"Darwin 27.0.0 arm64","Apple LLVM 21.0.0 (clang-2100.3.34.2)"," -O3 -DNDEBUG",8,100000,pito,owned_local,ecs_sync_owned,8,0,4,24.448000
aalair,"Apple M3",8,"Darwin 27.0.0 arm64","Apple LLVM 21.0.0 (clang-2100.3.34.2)"," -O3 -DNDEBUG",8,100000,pito,owned_local,ecs_sync_owned,8,0,5,24.556000
aalair,"Apple M3",8,"Darwin 27.0.0 arm64","Apple LLVM 21.0.0 (clang-2100.3.34.2)"," -O3 -DNDEBUG",8,100000,pito,owned_local,ecs_sync_owned,8,0,6,24.449000
aalair,"Apple M3",8,"Darwin 27.0.0 arm64","Apple LLVM 21.0.0 (clang-2100.3.34.2)"," -O3 -DNDEBUG",8,100000,pito,owned_local,ecs_sync_owned,8,0,7,24.432000
aalair,"Apple M3",8,"Darwin 27.0.0 arm64","Apple LLVM 21.0.0 (clang-2100.3.34.2)"," -O3 -DNDEBUG",8,100000,pito,owned_local,ecs_sync_owned,8,0,8,24.429000
aalair,"Apple M3",8,"Darwin 27.0.0 arm64","Apple LLVM 21.0.0 (clang-2100.3.34.2)"," -O3 -DNDEBUG",8,100000,pito,owned_local,ecs_sync_owned,8,0,9,24.424000
aalair,"Apple M3",8,"Darwin 27.0.0 arm64","Apple LLVM 21.0.0 (clang-2100.3.34.2)"," -O3 -DNDEBUG",8,100000,pito,owned_local,ecs_sync_owned,8,0,10,24.427000
aalair,"Apple M3",8,"Darwin 27.0.0 arm64","Apple LLVM 21.0.0 (clang-2100.3.34.2)"," -O3 -DNDEBUG",8,100000,pito,owned_local,ecs_sync_owned,8,10,1,25.113000
aalair,"Apple M3",8,"Darwin 27.0.0 arm64","Apple LLVM 21.0.0 (clang-2100.3.34.2)"," -O3 -DNDEBUG",8,100000,pito,owned_local,ecs_sync_owned,8,10,2,24.837000
aalair,"Apple M3",8,"Darwin 27.0.0 arm64","Apple LLVM 21.0.0 (clang-2100.3.34.2)"," -O3 -DNDEBUG",8,100000,pito,owned_local,ecs_sync_owned,8,10,3,25.044000
aalair,"Apple M3",8,"Darwin 27.0.0 arm64","Apple LLVM 21.0.0 (clang-2100.3.34.2)"," -O3 -DNDEBUG",8,100000,pito,owned_local,ecs_sync_owned,8,10,4,24.848000
aalair,"Apple M3",8,"Darwin 27.0.0 arm64","Apple LLVM 21.0.0 (clang-2100.3.34.2)"," -O3 -DNDEBUG",8,100000,pito,owned_local,ecs_sync_owned,8,10,5,27.038000
aalair,"Apple M3",8,"Darwin 27.0.0 arm64","Apple LLVM 21.0.0 (clang-2100.3.34.2)"," -O3 -DNDEBUG",8,100000,pito,owned_local,ecs_sync_owned,8,10,6,25.913000
aalair,"Apple M3",8,"Darwin 27.0.0 arm64","Apple LLVM 21.0.0 (clang-2100.3.34.2)"," -O3 -DNDEBUG",8,100000,pito,owned_local,ecs_sync_owned,8,10,7,25.882000
aalair,"Apple M3",8,"Darwin 27.0.0 arm64","Apple LLVM 21.0.0 (clang-2100.3.34.2)"," -O3 -DNDEBUG",8,100000,pito,owned_local,ecs_sync_owned,8,10,8,24.917000
aalair,"Apple M3",8,"Darwin 27.0.0 arm64","Apple LLVM 21.0.0 (clang-2100.3.34.2)"," -O3 -DNDEBUG",8,100000,pito,owned_local,ecs_sync_owned,8,10,9,24.937000
aalair,"Apple M3",8,"Darwin 27.0.0 arm64","Apple LLVM 21.0.0 (clang-2100.3.34.2)"," -O3 -DNDEBUG",8,100000,pito,owned_local,ecs_sync_owned,8,10,10,25.235000
aalair,"Apple M3",8,"Darwin 27.0.0 arm64","Apple LLVM 21.0.0 (clang-2100.3.34.2)"," -O3 -DNDEBUG",8,100000,pito,owned_local,ecs_sync_owned,8,10,11,24.954000
aalair,"Apple M3",8,"Darwin 27.0.0 arm64","Apple LLVM 21.0.0 (clang-2100.3.34.2)"," -O3 -DNDEBUG",8,100000,pito,owned_local,ecs_sync_owned,8,500,1,86.489000
aalair,"Apple M3",8,"Darwin 27.0.0 arm64","Apple LLVM 21.0.0 (clang-2100.3.34.2)"," -O3 -DNDEBUG",8,100000,pito,owned_local,ecs_sync_owned,8,500,2,90.700000
aalair,"Apple M3",8,"Darwin 27.0.0 arm64","Apple LLVM 21.0.0 (clang-2100.3.34.2)"," -O3 -DNDEBUG",8,100000,pito,owned_local,ecs_sync_owned,8,500,3,86.703000
aalair,"Apple M3",8,"Darwin 27.0.0 arm64","Apple LLVM 21.0.0 (clang-2100.3.34.2)"," -O3 -DNDEBUG",8,100000,pito,owned_local,ecs_sync_owned,8,500,4,82.938000
aalair,"Apple M3",8,"Darwin 27.0.0 arm64","Apple LLVM 21.0.0 (clang-2100.3.34.2)"," -O3 -DNDEBUG",8,100000,pito,owned_local,ecs_sync_owned,8,500,5,85.086000
aalair,"Apple M3",8,"Darwin 27.0.0 arm64","Apple LLVM 21.0.0 (clang-2100.3.34.2)"," -O3 -DNDEBUG",8,100000,pito,owned_local,ecs_sync_owned,8,500,6,95.891000
aalair,"Apple M3",8,"Darwin 27.0.0 arm64","Apple LLVM 21.0.0 (clang-2100.3.34.2)"," -O3 -DNDEBUG",8,100000,pito,owned_local,ecs_sync_owned,8,500,7,86.775000
aalair,"Apple M3",8,"Darwin 27.0.0 arm64","Apple LLVM 21.0.0 (clang-2100.3.34.2)"," -O3 -DNDEBUG",8,100000,pito,owned_local,ecs_sync_owned,8,500,8,90.317000
aalair,"Apple M3",8,"Darwin 27.0.0 arm64","Apple LLVM 21.0.0 (clang-2100.3.34.2)"," -O3 -DNDEBUG",8,100000,pito,owned_local,ecs_sync_owned,8,500,9,94.826000
aalair,"Apple M3",8,"Darwin 27.0.0 arm64","Apple LLVM 21.0.0 (clang-2100.3.34.2)"," -O3 -DNDEBUG",8,100000,pito,owned_local,ecs_sync_owned,8,500,10,94.924000
aalair,"Apple M3",8,"Darwin 27.0.0 arm64","Apple LLVM 21.0.0 (clang-2100.3.34.2)"," -O3 -DNDEBUG",8,100000,pito,owned_local,ecs_sync_owned,8,500,11,99.063000
aalair,"Apple M3",8,"Darwin 27.0.0 arm64","Apple LLVM 21.0.0 (clang-2100.3.34.2)"," -O3 -DNDEBUG",8,100000,pito,owned_local,ecs_sync_owned,8,500,12,87.127000
aalair,"Apple M3",8,"Darwin 27.0.0 arm64","Apple LLVM 21.0.0 (clang-2100.3.34.2)"," -O3 -DNDEBUG",8,100000,pito,owned_local,ecs_sync_owned,8,500,13,85.947000
aalair,"Apple M3",8,"Darwin 27.0.0 arm64","Apple LLVM 21.0.0 (clang-2100.3.34.2)"," -O3 -DNDEBUG",8,100000,pito,owned_local,ecs_sync_owned,8,500,14,87.567000
aalair,"Apple M3",8,"Darwin 27.0.0 arm64","Apple LLVM 21.0.0 (clang-2100.3.34.2)"," -O3 -DNDEBUG",8,100000,pito,owned_local,ecs_sync_owned,8,500,15,85.396000
aalair,"Apple M3",8,"Darwin 27.0.0 arm64","Apple LLVM 21.0.0 (clang-2100.3.34.2)"," -O3 -DNDEBUG",8,100000,pito,owned_local,ecs_sync_owned,8,500,16,86.344000
aalair,"Apple M3",8,"Darwin 27.0.0 arm64","Apple LLVM 21.0.0 (clang-2100.3.34.2)"," -O3 -DNDEBUG",8,100000,pito,owned_local,ecs_sync_owned,8,500,17,85.341000
aalair,"Apple M3",8,"Darwin 27.0.0 arm64","Apple LLVM 21.0.0 (clang-2100.3.34.2)"," -O3 -DNDEBUG",8,100000,pito,owned_local,ecs_sync_owned,8,500,18,87.289000
aalair,"Apple M3",8,"Darwin 27.0.0 arm64","Apple LLVM 21.0.0 (clang-2100.3.34.2)"," -O3 -DNDEBUG",8,100000,pito,owned_local,ecs_sync_owned,8,500,19,87.782000
aalair,"Apple M3",8,"Darwin 27.0.0 arm64","Apple LLVM 21.0.0 (clang-2100.3.34.2)"," -O3 -DNDEBUG",8,100000,pito,owned_local,ecs_create_owned_local,1,0,1,13.623000
aalair,"Apple M3",8,"Darwin 27.0.0 arm64","Apple LLVM 21.0.0 (clang-2100.3.34.2)"," -O3 -DNDEBUG",8,100000,pito,owned_local,ecs_create_owned_local,1,0,2,13.747000
aalair,"Apple M3",8,"Darwin 27.0.0 arm64","Apple LLVM 21.0.0 (clang-2100.3.34.2)"," -O3 -DNDEBUG",8,100000,pito,owned_local,ecs_create_owned_local,1,0,3,13.583000
aalair,"Apple M3",8,"Darwin 27.0.0 arm64","Apple LLVM 21.0.0 (clang-2100.3.34.2)"," -O3 -DNDEBUG",8,100000,pito,owned_local,ecs_create_owned_local,1,0,4,13.570000
aalair,"Apple M3",8,"Darwin 27.0.0 arm64","Apple LLVM 21.0.0 (clang-2100.3.34.2)"," -O3 -DNDEBUG",8,100000,pito,owned_local,ecs_create_owned_local,1,0,5,13.564000
aalair,"Apple M3",8,"Darwin 27.0.0 arm64","Apple LLVM 21.0.0 (clang-2100.3.34.2)"," -O3 -DNDEBUG",8,100000,pito,owned_local,ecs_create_owned_local,1,0,6,13.558000
aalair,"Apple M3",8,"Darwin 27.0.0 arm64","Apple LLVM 21.0.0 (clang-2100.3.34.2)"," -O3 -DNDEBUG",8,100000,pito,owned_local,ecs_create_owned_local,1,0,7,13.556000
aalair,"Apple M3",8,"Darwin 27.0.0 arm64","Apple LLVM 21.0.0 (clang-2100.3.34.2)"," -O3 -DNDEBUG",8,100000,pito,owned_local,ecs_create_owned_local,1,0,8,13.511000
aalair,"Apple M3",8,"Darwin 27.0.0 arm64","Apple LLVM 21.0.0 (clang-2100.3.34.2)"," -O3 -DNDEBUG",8,100000,pito,owned_local,ecs_create_owned_local,1,0,9,13.567000
aalair,"Apple M3",8,"Darwin 27.0.0 arm64","Apple LLVM 21.0.0 (clang-2100.3.34.2)"," -O3 -DNDEBUG",8,100000,pito,owned_local,ecs_create_owned_local,1,0,10,13.572000
aalair,"Apple M3",8,"Darwin 27.0.0 arm64","Apple LLVM 21.0.0 (clang-2100.3.34.2)"," -O3 -DNDEBUG",8,100000,pito,owned_local,ecs_create_owned_local,1,10,1,14.258000
aalair,"Apple M3",8,"Darwin 27.0.0 arm64","Apple LLVM 21.0.0 (clang-2100.3.34.2)"," -O3 -DNDEBUG",8,100000,pito,owned_local,ecs_create_owned_local,1,10,2,14.251000
aalair,"Apple M3",8,"Darwin 27.0.0 arm64","Apple LLVM 21.0.0 (clang-2100.3.34.2)"," -O3 -DNDEBUG",8,100000,pito,owned_local,ecs_create_owned_local,1,10,3,14.246000
aalair,"Apple M3",8,"Darwin 27.0.0 arm64","Apple LLVM 21.0.0 (clang-2100.3.34.2)"," -O3 -DNDEBUG",8,100000,pito,owned_local,ecs_create_owned_local,1,10,4,14.238000
aalair,"Apple M3",8,"Darwin 27.0.0 arm64","Apple LLVM 21.0.0 (clang-2100.3.34.2)"," -O3 -DNDEBUG",8,100000,pito,owned_local,ecs_create_owned_local,1,10,5,14.239000
aalair,"Apple M3",8,"Darwin 27.0.0 arm64","Apple LLVM 21.0.0 (clang-2100.3.34.2)"," -O3 -DNDEBUG",8,100000,pito,owned_local,ecs_create_owned_local,1,10,6,14.590000
aalair,"Apple M3",8,"Darwin 27.0.0 arm64","Apple LLVM 21.0.0 (clang-2100.3.34.2)"," -O3 -DNDEBUG",8,100000,pito,owned_local,ecs_create_owned_local,1,10,7,14.574000
aalair,"Apple M3",8,"Darwin 27.0.0 arm64","Apple LLVM 21.0.0 (clang-2100.3.34.2)"," -O3 -DNDEBUG",8,100000,pito,owned_local,ecs_create_owned_local,1,10,8,14.652000
aalair,"Apple M3",8,"Darwin 27.0.0 arm64","Apple LLVM 21.0.0 (clang-2100.3.34.2)"," -O3 -DNDEBUG",8,100000,pito,owned_local,ecs_create_owned_local,1,10,9,14.833000
aalair,"Apple M3",8,"Darwin 27.0.0 arm64","Apple LLVM 21.0.0 (clang-2100.3.34.2)"," -O3 -DNDEBUG",8,100000,pito,owned_local,ecs_create_owned_local,1,10,10,14.769000
aalair,"Apple M3",8,"Darwin 27.0.0 arm64","Apple LLVM 21.0.0 (clang-2100.3.34.2)"," -O3 -DNDEBUG",8,100000,pito,owned_local,ecs_create_owned_local,1,500,1,382.300000
aalair,"Apple M3",8,"Darwin 27.0.0 arm64","Apple LLVM 21.0.0 (clang-2100.3.34.2)"," -O3 -DNDEBUG",8,100000,pito,owned_local,ecs_create_owned_local,1,500,2,364.339000
aalair,"Apple M3",8,"Darwin 27.0.0 arm64","Apple LLVM 21.0.0 (clang-2100.3.34.2)"," -O3 -DNDEBUG",8,100000,pito,owned_local,ecs_create_owned_local,1,500,3,362.530000
aalair,"Apple M3",8,"Darwin 27.0.0 arm64","Apple LLVM 21.0.0 (clang-2100.3.34.2)"," -O3 -DNDEBUG",8,100000,pito,owned_local,ecs_create_owned_local,1,500,4,361.196000
aalair,"Apple M3",8,"Darwin 27.0.0 arm64","Apple LLVM 21.0.0 (clang-2100.3.34.2)"," -O3 -DNDEBUG",8,100000,pito,owned_local,ecs_create_owned_local,1,500,5,362.010000
aalair,"Apple M3",8,"Darwin 27.0.0 arm64","Apple LLVM 21.0.0 (clang-2100.3.34.2)"," -O3 -DNDEBUG",8,100000,pito,owned_local,ecs_create_owned_local,1,500,6,361.314000
aalair,"Apple M3",8,"Darwin 27.0.0 arm64","Apple LLVM 21.0.0 (clang-2100.3.34.2)"," -O3 -DNDEBUG",8,100000,pito,owned_local,ecs_create_owned_local,1,500,7,360.768000
aalair,"Apple M3",8,"Darwin 27.0.0 arm64","Apple LLVM 21.0.0 (clang-2100.3.34.2)"," -O3 -DNDEBUG",8,100000,pito,owned_local,ecs_create_owned_local,1,500,8,360.439000
aalair,"Apple M3",8,"Darwin 27.0.0 arm64","Apple LLVM 21.0.0 (clang-2100.3.34.2)"," -O3 -DNDEBUG",8,100000,pito,owned_local,ecs_create_owned_local,1,500,9,360.892000
aalair,"Apple M3",8,"Darwin 27.0.0 arm64","Apple LLVM 21.0.0 (clang-2100.3.34.2)"," -O3 -DNDEBUG",8,100000,pito,owned_local,ecs_create_owned_local,1,500,10,359.947000
aalair,"Apple M3",8,"Darwin 27.0.0 arm64","Apple LLVM 21.0.0 (clang-2100.3.34.2)"," -O3 -DNDEBUG",8,100000,pito,owned_local,ecs_create_owned_local,1,500,11,360.524000
aalair,"Apple M3",8,"Darwin 27.0.0 arm64","Apple LLVM 21.0.0 (clang-2100.3.34.2)"," -O3 -DNDEBUG",8,100000,pito,owned_local,ecs_create_owned_local,2,0,1,10.046000
aalair,"Apple M3",8,"Darwin 27.0.0 arm64","Apple LLVM 21.0.0 (clang-2100.3.34.2)"," -O3 -DNDEBUG",8,100000,pito,owned_local,ecs_create_owned_local,2,0,2,10.027000
aalair,"Apple M3",8,"Darwin 27.0.0 arm64","Apple LLVM 21.0.0 (clang-2100.3.34.2)"," -O3 -DNDEBUG",8,100000,pito,owned_local,ecs_create_owned_local,2,0,3,10.046000
aalair,"Apple M3",8,"Darwin 27.0.0 arm64","Apple LLVM 21.0.0 (clang-2100.3.34.2)"," -O3 -DNDEBUG",8,100000,pito,owned_local,ecs_create_owned_local,2,0,4,9.995000
aalair,"Apple M3",8,"Darwin 27.0.0 arm64","Apple LLVM 21.0.0 (clang-2100.3.34.2)"," -O3 -DNDEBUG",8,100000,pito,owned_local,ecs_create_owned_local,2,0,5,10.021000
aalair,"Apple M3",8,"Darwin 27.0.0 arm64","Apple LLVM 21.0.0 (clang-2100.3.34.2)"," -O3 -DNDEBUG",8,100000,pito,owned_local,ecs_create_owned_local,2,0,6,9.953000
aalair,"Apple M3",8,"Darwin 27.0.0 arm64","Apple LLVM 21.0.0 (clang-2100.3.34.2)"," -O3 -DNDEBUG",8,100000,pito,owned_local,ecs_create_owned_local,2,0,7,10.008000
aalair,"Apple M3",8,"Darwin 27.0.0 arm64","Apple LLVM 21.0.0 (clang-2100.3.34.2)"," -O3 -DNDEBUG",8,100000,pito,owned_local,ecs_create_owned_local,2,0,8,9.973000
aalair,"Apple M3",8,"Darwin 27.0.0 arm64","Apple LLVM 21.0.0 (clang-2100.3.34.2)"," -O3 -DNDEBUG",8,100000,pito,owned_local,ecs_create_owned_local,2,0,9,10.018000
aalair,"Apple M3",8,"Darwin 27.0.0 arm64","Apple LLVM 21.0.0 (clang-2100.3.34.2)"," -O3 -DNDEBUG",8,100000,pito,owned_local,ecs_create_owned_local,2,0,10,10.001000
aalair,"Apple M3",8,"Darwin 27.0.0 arm64","Apple LLVM 21.0.0 (clang-2100.3.34.2)"," -O3 -DNDEBUG",8,100000,pito,owned_local,ecs_create_owned_local,2,10,1,10.648000
aalair,"Apple M3",8,"Darwin 27.0.0 arm64","Apple LLVM 21.0.0 (clang-2100.3.34.2)"," -O3 -DNDEBUG",8,100000,pito,owned_local,ecs_create_owned_local,2,10,2,10.573000
aalair,"Apple M3",8,"Darwin 27.0.0 arm64","Apple LLVM 21.0.0 (clang-2100.3.34.2)"," -O3 -DNDEBUG",8,100000,pito,owned_local,ecs_create_owned_local,2,10,3,10.631000
aalair,"Apple M3",8,"Darwin 27.0.0 arm64","Apple LLVM 21.0.0 (clang-2100.3.34.2)"," -O3 -DNDEBUG",8,100000,pito,owned_local,ecs_create_owned_local,2,10,4,10.545000
aalair,"Apple M3",8,"Darwin 27.0.0 arm64","Apple LLVM 21.0.0 (clang-2100.3.34.2)"," -O3 -DNDEBUG",8,100000,pito,owned_local,ecs_create_owned_local,2,10,5,10.516000
aalair,"Apple M3",8,"Darwin 27.0.0 arm64","Apple LLVM 21.0.0 (clang-2100.3.34.2)"," -O3 -DNDEBUG",8,100000,pito,owned_local,ecs_create_owned_local,2,10,6,10.575000
aalair,"Apple M3",8,"Darwin 27.0.0 arm64","Apple LLVM 21.0.0 (clang-2100.3.34.2)"," -O3 -DNDEBUG",8,100000,pito,owned_local,ecs_create_owned_local,2,10,7,10.631000
aalair,"Apple M3",8,"Darwin 27.0.0 arm64","Apple LLVM 21.0.0 (clang-2100.3.34.2)"," -O3 -DNDEBUG",8,100000,pito,owned_local,ecs_create_owned_local,2,10,8,10.619000
aalair,"Apple M3",8,"Darwin 27.0.0 arm64","Apple LLVM 21.0.0 (clang-2100.3.34.2)"," -O3 -DNDEBUG",8,100000,pito,owned_local,ecs_create_owned_local,2,10,9,10.561000
aalair,"Apple M3",8,"Darwin 27.0.0 arm64","Apple LLVM 21.0.0 (clang-2100.3.34.2)"," -O3 -DNDEBUG",8,100000,pito,owned_local,ecs_create_owned_local,2,10,10,10.575000
aalair,"Apple M3",8,"Darwin 27.0.0 arm64","Apple LLVM 21.0.0 (clang-2100.3.34.2)"," -O3 -DNDEBUG",8,100000,pito,owned_local,ecs_create_owned_local,2,500,1,216.968000
aalair,"Apple M3",8,"Darwin 27.0.0 arm64","Apple LLVM 21.0.0 (clang-2100.3.34.2)"," -O3 -DNDEBUG",8,100000,pito,owned_local,ecs_create_owned_local,2,500,2,198.183000
aalair,"Apple M3",8,"Darwin 27.0.0 arm64","Apple LLVM 21.0.0 (clang-2100.3.34.2)"," -O3 -DNDEBUG",8,100000,pito,owned_local,ecs_create_owned_local,2,500,3,198.778000
aalair,"Apple M3",8,"Darwin 27.0.0 arm64","Apple LLVM 21.0.0 (clang-2100.3.34.2)"," -O3 -DNDEBUG",8,100000,pito,owned_local,ecs_create_owned_local,2,500,4,198.529000
aalair,"Apple M3",8,"Darwin 27.0.0 arm64","Apple LLVM 21.0.0 (clang-2100.3.34.2)"," -O3 -DNDEBUG",8,100000,pito,owned_local,ecs_create_owned_local,2,500,5,198.449000
aalair,"Apple M3",8,"Darwin 27.0.0 arm64","Apple LLVM 21.0.0 (clang-2100.3.34.2)"," -O3 -DNDEBUG",8,100000,pito,owned_local,ecs_create_owned_local,2,500,6,196.009000
aalair,"Apple M3",8,"Darwin 27.0.0 arm64","Apple LLVM 21.0.0 (clang-2100.3.34.2)"," -O3 -DNDEBUG",8,100000,pito,owned_local,ecs_create_owned_local,2,500,7,204.953000
aalair,"Apple M3",8,"Darwin 27.0.0 arm64","Apple LLVM 21.0.0 (clang-2100.3.34.2)"," -O3 -DNDEBUG",8,100000,pito,owned_local,ecs_create_owned_local,2,500,8,200.105000
aalair,"Apple M3",8,"Darwin 27.0.0 arm64","Apple LLVM 21.0.0 (clang-2100.3.34.2)"," -O3 -DNDEBUG",8,100000,pito,owned_local,ecs_create_owned_local,2,500,9,198.708000
aalair,"Apple M3",8,"Darwin 27.0.0 arm64","Apple LLVM 21.0.0 (clang-2100.3.34.2)"," -O3 -DNDEBUG",8,100000,pito,owned_local,ecs_create_owned_local,2,500,10,198.434000
aalair,"Apple M3",8,"Darwin 27.0.0 arm64","Apple LLVM 21.0.0 (clang-2100.3.34.2)"," -O3 -DNDEBUG",8,100000,pito,owned_local,ecs_create_owned_local,2,500,11,196.433000
aalair,"Apple M3",8,"Darwin 27.0.0 arm64","Apple LLVM 21.0.0 (clang-2100.3.34.2)"," -O3 -DNDEBUG",8,100000,pito,owned_local,ecs_create_owned_local,4,0,1,9.298000
aalair,"Apple M3",8,"Darwin 27.0.0 arm64","Apple LLVM 21.0.0 (clang-2100.3.34.2)"," -O3 -DNDEBUG",8,100000,pito,owned_local,ecs_create_owned_local,4,0,2,9.219000
aalair,"Apple M3",8,"Darwin 27.0.0 arm64","Apple LLVM 21.0.0 (clang-2100.3.34.2)"," -O3 -DNDEBUG",8,100000,pito,owned_local,ecs_create_owned_local,4,0,3,9.273000
aalair,"Apple M3",8,"Darwin 27.0.0 arm64","Apple LLVM 21.0.0 (clang-2100.3.34.2)"," -O3 -DNDEBUG",8,100000,pito,owned_local,ecs_create_owned_local,4,0,4,9.270000
aalair,"Apple M3",8,"Darwin 27.0.0 arm64","Apple LLVM 21.0.0 (clang-2100.3.34.2)"," -O3 -DNDEBUG",8,100000,pito,owned_local,ecs_create_owned_local,4,0,5,9.467000
aalair,"Apple M3",8,"Darwin 27.0.0 arm64","Apple LLVM 21.0.0 (clang-2100.3.34.2)"," -O3 -DNDEBUG",8,100000,pito,owned_local,ecs_create_owned_local,4,0,6,9.295000
aalair,"Apple M3",8,"Darwin 27.0.0 arm64","Apple LLVM 21.0.0 (clang-2100.3.34.2)"," -O3 -DNDEBUG",8,100000,pito,owned_local,ecs_create_owned_local,4,0,7,9.225000
aalair,"Apple M3",8,"Darwin 27.0.0 arm64","Apple LLVM 21.0.0 (clang-2100.3.34.2)"," -O3 -DNDEBUG",8,100000,pito,owned_local,ecs_create_owned_local,4,0,8,9.279000
aalair,"Apple M3",8,"Darwin 27.0.0 arm64","Apple LLVM 21.0.0 (clang-2100.3.34.2)"," -O3 -DNDEBUG",8,100000,pito,owned_local,ecs_create_owned_local,4,0,9,9.294000
aalair,"Apple M3",8,"Darwin 27.0.0 arm64","Apple LLVM 21.0.0 (clang-2100.3.34.2)"," -O3 -DNDEBUG",8,100000,pito,owned_local,ecs_create_owned_local,4,0,10,9.224000
aalair,"Apple M3",8,"Darwin 27.0.0 arm64","Apple LLVM 21.0.0 (clang-2100.3.34.2)"," -O3 -DNDEBUG",8,100000,pito,owned_local,ecs_create_owned_local,4,10,1,9.997000
aalair,"Apple M3",8,"Darwin 27.0.0 arm64","Apple LLVM 21.0.0 (clang-2100.3.34.2)"," -O3 -DNDEBUG",8,100000,pito,owned_local,ecs_create_owned_local,4,10,2,9.781000
aalair,"Apple M3",8,"Darwin 27.0.0 arm64","Apple LLVM 21.0.0 (clang-2100.3.34.2)"," -O3 -DNDEBUG",8,100000,pito,owned_local,ecs_create_owned_local,4,10,3,9.836000
aalair,"Apple M3",8,"Darwin 27.0.0 arm64","Apple LLVM 21.0.0 (clang-2100.3.34.2)"," -O3 -DNDEBUG",8,100000,pito,owned_local,ecs_create_owned_local,4,10,4,9.839000
aalair,"Apple M3",8,"Darwin 27.0.0 arm64","Apple LLVM 21.0.0 (clang-2100.3.34.2)"," -O3 -DNDEBUG",8,100000,pito,owned_local,ecs_create_owned_local,4,10,5,9.748000
aalair,"Apple M3",8,"Darwin 27.0.0 arm64","Apple LLVM 21.0.0 (clang-2100.3.34.2)"," -O3 -DNDEBUG",8,100000,pito,owned_local,ecs_create_owned_local,4,10,6,9.757000
aalair,"Apple M3",8,"Darwin 27.0.0 arm64","Apple LLVM 21.0.0 (clang-2100.3.34.2)"," -O3 -DNDEBUG",8,100000,pito,owned_local,ecs_create_owned_local,4,10,7,9.789000
aalair,"Apple M3",8,"Darwin 27.0.0 arm64","Apple LLVM 21.0.0 (clang-2100.3.34.2)"," -O3 -DNDEBUG",8,100000,pito,owned_local,ecs_create_owned_local,4,10,8,9.840000
aalair,"Apple M3",8,"Darwin 27.0.0 arm64","Apple LLVM 21.0.0 (clang-2100.3.34.2)"," -O3 -DNDEBUG",8,100000,pito,owned_local,ecs_create_owned_local,4,10,9,9.859000
aalair,"Apple M3",8,"Darwin 27.0.0 arm64","Apple LLVM 21.0.0 (clang-2100.3.34.2)"," -O3 -DNDEBUG",8,100000,pito,owned_local,ecs_create_owned_local,4,10,10,9.678000
aalair,"Apple M3",8,"Darwin 27.0.0 arm64","Apple LLVM 21.0.0 (clang-2100.3.34.2)"," -O3 -DNDEBUG",8,100000,pito,owned_local,ecs_create_owned_local,4,500,1,104.700000
aalair,"Apple M3",8,"Darwin 27.0.0 arm64","Apple LLVM 21.0.0 (clang-2100.3.34.2)"," -O3 -DNDEBUG",8,100000,pito,owned_local,ecs_create_owned_local,4,500,2,104.641000
aalair,"Apple M3",8,"Darwin 27.0.0 arm64","Apple LLVM 21.0.0 (clang-2100.3.34.2)"," -O3 -DNDEBUG",8,100000,pito,owned_local,ecs_create_owned_local,4,500,3,104.777000
aalair,"Apple M3",8,"Darwin 27.0.0 arm64","Apple LLVM 21.0.0 (clang-2100.3.34.2)"," -O3 -DNDEBUG",8,100000,pito,owned_local,ecs_create_owned_local,4,500,4,104.624000
aalair,"Apple M3",8,"Darwin 27.0.0 arm64","Apple LLVM 21.0.0 (clang-2100.3.34.2)"," -O3 -DNDEBUG",8,100000,pito,owned_local,ecs_create_owned_local,4,500,5,104.691000
aalair,"Apple M3",8,"Darwin 27.0.0 arm64","Apple LLVM 21.0.0 (clang-2100.3.34.2)"," -O3 -DNDEBUG",8,100000,pito,owned_local,ecs_create_owned_local,4,500,6,104.886000
aalair,"Apple M3",8,"Darwin 27.0.0 arm64","Apple LLVM 21.0.0 (clang-2100.3.34.2)"," -O3 -DNDEBUG",8,100000,pito,owned_local,ecs_create_owned_local,4,500,7,105.956000
aalair,"Apple M3",8,"Darwin 27.0.0 arm64","Apple LLVM 21.0.0 (clang-2100.3.34.2)"," -O3 -DNDEBUG",8,100000,pito,owned_local,ecs_create_owned_local,4,500,8,104.642000
aalair,"Apple M3",8,"Darwin 27.0.0 arm64","Apple LLVM 21.0.0 (clang-2100.3.34.2)"," -O3 -DNDEBUG",8,100000,pito,owned_local,ecs_create_owned_local,4,500,9,104.627000
aalair,"Apple M3",8,"Darwin 27.0.0 arm64","Apple LLVM 21.0.0 (clang-2100.3.34.2)"," -O3 -DNDEBUG",8,100000,pito,owned_local,ecs_create_owned_local,4,500,10,104.796000
aalair,"Apple M3",8,"Darwin 27.0.0 arm64","Apple LLVM 21.0.0 (clang-2100.3.34.2)"," -O3 -DNDEBUG",8,100000,pito,owned_local,ecs_create_owned_local,8,0,1,8.969000
aalair,"Apple M3",8,"Darwin 27.0.0 arm64","Apple LLVM 21.0.0 (clang-2100.3.34.2)"," -O3 -DNDEBUG",8,100000,pito,owned_local,ecs_create_owned_local,8,0,2,9.194000
aalair,"Apple M3",8,"Darwin 27.0.0 arm64","Apple LLVM 21.0.0 (clang-2100.3.34.2)"," -O3 -DNDEBUG",8,100000,pito,owned_local,ecs_create_owned_local,8,0,3,9.343000
aalair,"Apple M3",8,"Darwin 27.0.0 arm64","Apple LLVM 21.0.0 (clang-2100.3.34.2)"," -O3 -DNDEBUG",8,100000,pito,owned_local,ecs_create_owned_local,8,0,4,9.098000
aalair,"Apple M3",8,"Darwin 27.0.0 arm64","Apple LLVM 21.0.0 (clang-2100.3.34.2)"," -O3 -DNDEBUG",8,100000,pito,owned_local,ecs_create_owned_local,8,0,5,9.314000
aalair,"Apple M3",8,"Darwin 27.0.0 arm64","Apple LLVM 21.0.0 (clang-2100.3.34.2)"," -O3 -DNDEBUG",8,100000,pito,owned_local,ecs_create_owned_local,8,0,6,9.417000
aalair,"Apple M3",8,"Darwin 27.0.0 arm64","Apple LLVM 21.0.0 (clang-2100.3.34.2)"," -O3 -DNDEBUG",8,100000,pito,owned_local,ecs_create_owned_local,8,0,7,8.943000
aalair,"Apple M3",8,"Darwin 27.0.0 arm64","Apple LLVM 21.0.0 (clang-2100.3.34.2)"," -O3 -DNDEBUG",8,100000,pito,owned_local,ecs_create_owned_local,8,0,8,9.189000
aalair,"Apple M3",8,"Darwin 27.0.0 arm64","Apple LLVM 21.0.0 (clang-2100.3.34.2)"," -O3 -DNDEBUG",8,100000,pito,owned_local,ecs_create_owned_local,8,0,9,9.003000
aalair,"Apple M3",8,"Darwin 27.0.0 arm64","Apple LLVM 21.0.0 (clang-2100.3.34.2)"," -O3 -DNDEBUG",8,100000,pito,owned_local,ecs_create_owned_local,8,0,10,9.130000
aalair,"Apple M3",8,"Darwin 27.0.0 arm64","Apple LLVM 21.0.0 (clang-2100.3.34.2)"," -O3 -DNDEBUG",8,100000,pito,owned_local,ecs_create_owned_local,8,10,1,9.468000
aalair,"Apple M3",8,"Darwin 27.0.0 arm64","Apple LLVM 21.0.0 (clang-2100.3.34.2)"," -O3 -DNDEBUG",8,100000,pito,owned_local,ecs_create_owned_local,8,10,2,9.473000
aalair,"Apple M3",8,"Darwin 27.0.0 arm64","Apple LLVM 21.0.0 (clang-2100.3.34.2)"," -O3 -DNDEBUG",8,100000,pito,owned_local,ecs_create_owned_local,8,10,3,9.421000
aalair,"Apple M3",8,"Darwin 27.0.0 arm64","Apple LLVM 21.0.0 (clang-2100.3.34.2)"," -O3 -DNDEBUG",8,100000,pito,owned_local,ecs_create_owned_local,8,10,4,9.528000
aalair,"Apple M3",8,"Darwin 27.0.0 arm64","Apple LLVM 21.0.0 (clang-2100.3.34.2)"," -O3 -DNDEBUG",8,100000,pito,owned_local,ecs_create_owned_local,8,10,5,9.407000
aalair,"Apple M3",8,"Darwin 27.0.0 arm64","Apple LLVM 21.0.0 (clang-2100.3.34.2)"," -O3 -DNDEBUG",8,100000,pito,owned_local,ecs_create_owned_local,8,10,6,9.429000
aalair,"Apple M3",8,"Darwin 27.0.0 arm64","Apple LLVM 21.0.0 (clang-2100.3.34.2)"," -O3 -DNDEBUG",8,100000,pito,owned_local,ecs_create_owned_local,8,10,7,9.707000
aalair,"Apple M3",8,"Darwin 27.0.0 arm64","Apple LLVM 21.0.0 (clang-2100.3.34.2)"," -O3 -DNDEBUG",8,100000,pito,owned_local,ecs_create_owned_local,8,10,8,9.628000
aalair,"Apple M3",8,"Darwin 27.0.0 arm64","Apple LLVM 21.0.0 (clang-2100.3.34.2)"," -O3 -DNDEBUG",8,100000,pito,owned_local,ecs_create_owned_local,8,10,9,9.625000
aalair,"Apple M3",8,"Darwin 27.0.0 arm64","Apple LLVM 21.0.0 (clang-2100.3.34.2)"," -O3 -DNDEBUG",8,100000,pito,owned_local,ecs_create_owned_local,8,10,10,9.680000
aalair,"Apple M3",8,"Darwin 27.0.0 arm64","Apple LLVM 21.0.0 (clang-2100.3.34.2)"," -O3 -DNDEBUG",8,100000,pito,owned_local,ecs_create_owned_local,8,500,1,66.791000
aalair,"Apple M3",8,"Darwin 27.0.0 arm64","Apple LLVM 21.0.0 (clang-2100.3.34.2)"," -O3 -DNDEBUG",8,100000,pito,owned_local,ecs_create_owned_local,8,500,2,69.348000
aalair,"Apple M3",8,"Darwin 27.0.0 arm64","Apple LLVM 21.0.0 (clang-2100.3.34.2)"," -O3 -DNDEBUG",8,100000,pito,owned_local,ecs_create_owned_local,8,500,3,67.765000
aalair,"Apple M3",8,"Darwin 27.0.0 arm64","Apple LLVM 21.0.0 (clang-2100.3.34.2)"," -O3 -DNDEBUG",8,100000,pito,owned_local,ecs_create_owned_local,8,500,4,68.724000
aalair,"Apple M3",8,"Darwin 27.0.0 arm64","Apple LLVM 21.0.0 (clang-2100.3.34.2)"," -O3 -DNDEBUG",8,100000,pito,owned_local,ecs_create_owned_local,8,500,5,68.603000
aalair,"Apple M3",8,"Darwin 27.0.0 arm64","Apple LLVM 21.0.0 (clang-2100.3.34.2)"," -O3 -DNDEBUG",8,100000,pito,owned_local,ecs_create_owned_local,8,500,6,72.426000
aalair,"Apple M3",8,"Darwin 27.0.0 arm64","Apple LLVM 21.0.0 (clang-2100.3.34.2)"," -O3 -DNDEBUG",8,100000,pito,owned_local,ecs_create_owned_local,8,500,7,68.749000
aalair,"Apple M3",8,"Darwin 27.0.0 arm64","Apple LLVM 21.0.0 (clang-2100.3.34.2)"," -O3 -DNDEBUG",8,100000,pito,owned_local,ecs_create_owned_local,8,500,8,68.934000
aalair,"Apple M3",8,"Darwin 27.0.0 arm64","Apple LLVM 21.0.0 (clang-2100.3.34.2)"," -O3 -DNDEBUG",8,100000,pito,owned_local,ecs_create_owned_local,8,500,9,69.923000
aalair,"Apple M3",8,"Darwin 27.0.0 arm64","Apple LLVM 21.0.0 (clang-2100.3.34.2)"," -O3 -DNDEBUG",8,100000,pito,owned_local,ecs_create_owned_local,8,500,10,69.530000
aalair,"Apple M3",8,"Darwin 27.0.0 arm64","Apple LLVM 21.0.0 (clang-2100.3.34.2)"," -O3 -DNDEBUG",8,100000,pito,owned_local,ecs_create_owned_local,8,500,11,76.158000
aalair,"Apple M3",8,"Darwin 27.0.0 arm64","Apple LLVM 21.0.0 (clang-2100.3.34.2)"," -O3 -DNDEBUG",8,100000,pito,owned_local,ecs_create_owned_local,8,500,12,76.360000
aalair,"Apple M3",8,"Darwin 27.0.0 arm64","Apple LLVM 21.0.0 (clang-2100.3.34.2)"," -O3 -DNDEBUG",8,100000,pito,owned_local,ecs_create_owned_local,8,500,13,102.318000
aalair,"Apple M3",8,"Darwin 27.0.0 arm64","Apple LLVM 21.0.0 (clang-2100.3.34.2)"," -O3 -DNDEBUG",8,100000,pito,owned_local,ecs_create_owned_local,8,500,14,96.196000
aalair,"Apple M3",8,"Darwin 27.0.0 arm64","Apple LLVM 21.0.0 (clang-2100.3.34.2)"," -O3 -DNDEBUG",8,100000,pito,owned_local,ecs_create_owned_local,8,500,15,73.935000
aalair,"Apple M3",8,"Darwin 27.0.0 arm64","Apple LLVM 21.0.0 (clang-2100.3.34.2)"," -O3 -DNDEBUG",8,100000,pito,owned_local,ecs_create_owned_local,8,500,16,68.008000
aalair,"Apple M3",8,"Darwin 27.0.0 arm64","Apple LLVM 21.0.0 (clang-2100.3.34.2)"," -O3 -DNDEBUG",8,100000,pito,owned_local,ecs_create_owned_local,8,500,17,72.138000
aalair,"Apple M3",8,"Darwin 27.0.0 arm64","Apple LLVM 21.0.0 (clang-2100.3.34.2)"," -O3 -DNDEBUG",8,100000,pito,owned_local,ecs_create_owned_local,8,500,18,70.622000
aalair,"Apple M3",8,"Darwin 27.0.0 arm64","Apple LLVM 21.0.0 (clang-2100.3.34.2)"," -O3 -DNDEBUG",8,100000,pito,owned_local,ecs_create_owned_local,8,500,19,68.830000
aalair,"Apple M3",8,"Darwin 27.0.0 arm64","Apple LLVM 21.0.0 (clang-2100.3.34.2)"," -O3 -DNDEBUG",8,100000,pito,owned_local,ecs_create_owned_local,8,500,20,70.413000
aalair,"Apple M3",8,"Darwin 27.0.0 arm64","Apple LLVM 21.0.0 (clang-2100.3.34.2)"," -O3 -DNDEBUG",8,100000,pito,owned_local,ecs_create_owned_local,8,500,21,68.201000
aalair,"Apple M3",8,"Darwin 27.0.0 arm64","Apple LLVM 21.0.0 (clang-2100.3.34.2)"," -O3 -DNDEBUG",8,100000,pito,owned_local,ecs_flush_owned,1,0,1,14.882000
aalair,"Apple M3",8,"Darwin 27.0.0 arm64","Apple LLVM 21.0.0 (clang-2100.3.34.2)"," -O3 -DNDEBUG",8,100000,pito,owned_local,ecs_flush_owned,1,0,2,14.782000
aalair,"Apple M3",8,"Darwin 27.0.0 arm64","Apple LLVM 21.0.0 (clang-2100.3.34.2)"," -O3 -DNDEBUG",8,100000,pito,owned_local,ecs_flush_owned,1,0,3,14.874000
aalair,"Apple M3",8,"Darwin 27.0.0 arm64","Apple LLVM 21.0.0 (clang-2100.3.34.2)"," -O3 -DNDEBUG",8,100000,pito,owned_local,ecs_flush_owned,1,0,4,14.739000
aalair,"Apple M3",8,"Darwin 27.0.0 arm64","Apple LLVM 21.0.0 (clang-2100.3.34.2)"," -O3 -DNDEBUG",8,100000,pito,owned_local,ecs_flush_owned,1,0,5,14.779000
aalair,"Apple M3",8,"Darwin 27.0.0 arm64","Apple LLVM 21.0.0 (clang-2100.3.34.2)"," -O3 -DNDEBUG",8,100000,pito,owned_local,ecs_flush_owned,1,0,6,14.621000
aalair,"Apple M3",8,"Darwin 27.0.0 arm64","Apple LLVM 21.0.0 (clang-2100.3.34.2)"," -O3 -DNDEBUG",8,100000,pito,owned_local,ecs_flush_owned,1,0,7,14.793000
aalair,"Apple M3",8,"Darwin 27.0.0 arm64","Apple LLVM 21.0.0 (clang-2100.3.34.2)"," -O3 -DNDEBUG",8,100000,pito,owned_local,ecs_flush_owned,1,0,8,14.718000
aalair,"Apple M3",8,"Darwin 27.0.0 arm64","Apple LLVM 21.0.0 (clang-2100.3.34.2)"," -O3 -DNDEBUG",8,100000,pito,owned_local,ecs_flush_owned,1,0,9,14.817000
aalair,"Apple M3",8,"Darwin 27.0.0 arm64","Apple LLVM 21.0.0 (clang-2100.3.34.2)"," -O3 -DNDEBUG",8,100000,pito,owned_local,ecs_flush_owned,1,0,10,14.781000
aalair,"Apple M3",8,"Darwin 27.0.0 arm64","Apple LLVM 21.0.0 (clang-2100.3.34.2)"," -O3 -DNDEBUG",8,100000,pito,owned_local,ecs_flush_owned,1,10,1,15.431000
aalair,"Apple M3",8,"Darwin 27.0.0 arm64","Apple LLVM 21.0.0 (clang-2100.3.34.2)"," -O3 -DNDEBUG",8,100000,pito,owned_local,ecs_flush_owned,1,10,2,15.563000
aalair,"Apple M3",8,"Darwin 27.0.0 arm64","Apple LLVM 21.0.0 (clang-2100.3.34.2)"," -O3 -DNDEBUG",8,100000,pito,owned_local,ecs_flush_owned,1,10,3,15.436000
aalair,"Apple M3",8,"Darwin 27.0.0 arm64","Apple LLVM 21.0.0 (clang-2100.3.34.2)"," -O3 -DNDEBUG",8,100000,pito,owned_local,ecs_flush_owned,1,10,4,15.542000
aalair,"Apple M3",8,"Darwin 27.0.0 arm64","Apple LLVM 21.0.0 (clang-2100.3.34.2)"," -O3 -DNDEBUG",8,100000,pito,owned_local,ecs_flush_owned,1,10,5,15.461000
aalair,"Apple M3",8,"Darwin 27.0.0 arm64","Apple LLVM 21.0.0 (clang-2100.3.34.2)"," -O3 -DNDEBUG",8,100000,pito,owned_local,ecs_flush_owned,1,10,6,15.630000
aalair,"Apple M3",8,"Darwin 27.0.0 arm64","Apple LLVM 21.0.0 (clang-2100.3.34.2)"," -O3 -DNDEBUG",8,100000,pito,owned_local,ecs_flush_owned,1,10,7,15.499000
aalair,"Apple M3",8,"Darwin 27.0.0 arm64","Apple LLVM 21.0.0 (clang-2100.3.34.2)"," -O3 -DNDEBUG",8,100000,pito,owned_local,ecs_flush_owned,1,10,8,15.565000
aalair,"Apple M3",8,"Darwin 27.0.0 arm64","Apple LLVM 21.0.0 (clang-2100.3.34.2)"," -O3 -DNDEBUG",8,100000,pito,owned_local,ecs_flush_owned,1,10,9,15.482000
aalair,"Apple M3",8,"Darwin 27.0.0 arm64","Apple LLVM 21.0.0 (clang-2100.3.34.2)"," -O3 -DNDEBUG",8,100000,pito,owned_local,ecs_flush_owned,1,10,10,15.536000
aalair,"Apple M3",8,"Darwin 27.0.0 arm64","Apple LLVM 21.0.0 (clang-2100.3.34.2)"," -O3 -DNDEBUG",8,100000,pito,owned_local,ecs_flush_owned,1,500,1,361.192000
aalair,"Apple M3",8,"Darwin 27.0.0 arm64","Apple LLVM 21.0.0 (clang-2100.3.34.2)"," -O3 -DNDEBUG",8,100000,pito,owned_local,ecs_flush_owned,1,500,2,360.843000
aalair,"Apple M3",8,"Darwin 27.0.0 arm64","Apple LLVM 21.0.0 (clang-2100.3.34.2)"," -O3 -DNDEBUG",8,100000,pito,owned_local,ecs_flush_owned,1,500,3,361.048000
aalair,"Apple M3",8,"Darwin 27.0.0 arm64","Apple LLVM 21.0.0 (clang-2100.3.34.2)"," -O3 -DNDEBUG",8,100000,pito,owned_local,ecs_flush_owned,1,500,4,360.576000
aalair,"Apple M3",8,"Darwin 27.0.0 arm64","Apple LLVM 21.0.0 (clang-2100.3.34.2)"," -O3 -DNDEBUG",8,100000,pito,owned_local,ecs_flush_owned,1,500,5,360.429000
aalair,"Apple M3",8,"Darwin 27.0.0 arm64","Apple LLVM 21.0.0 (clang-2100.3.34.2)"," -O3 -DNDEBUG",8,100000,pito,owned_local,ecs_flush_owned,1,500,6,360.506000
aalair,"Apple M3",8,"Darwin 27.0.0 arm64","Apple LLVM 21.0.0 (clang-2100.3.34.2)"," -O3 -DNDEBUG",8,100000,pito,owned_local,ecs_flush_owned,1,500,7,362.392000
aalair,"Apple M3",8,"Darwin 27.0.0 arm64","Apple LLVM 21.0.0 (clang-2100.3.34.2)"," -O3 -DNDEBUG",8,100000,pito,owned_local,ecs_flush_owned,1,500,8,367.059000
aalair,"Apple M3",8,"Darwin 27.0.0 arm64","Apple LLVM 21.0.0 (clang-2100.3.34.2)"," -O3 -DNDEBUG",8,100000,pito,owned_local,ecs_flush_owned,1,500,9,365.755000
aalair,"Apple M3",8,"Darwin 27.0.0 arm64","Apple LLVM 21.0.0 (clang-2100.3.34.2)"," -O3 -DNDEBUG",8,100000,pito,owned_local,ecs_flush_owned,1,500,10,372.075000
aalair,"Apple M3",8,"Darwin 27.0.0 arm64","Apple LLVM 21.0.0 (clang-2100.3.34.2)"," -O3 -DNDEBUG",8,100000,pito,owned_local,ecs_flush_owned,2,0,1,11.843000
aalair,"Apple M3",8,"Darwin 27.0.0 arm64","Apple LLVM 21.0.0 (clang-2100.3.34.2)"," -O3 -DNDEBUG",8,100000,pito,owned_local,ecs_flush_owned,2,0,2,11.671000
aalair,"Apple M3",8,"Darwin 27.0.0 arm64","Apple LLVM 21.0.0 (clang-2100.3.34.2)"," -O3 -DNDEBUG",8,100000,pito,owned_local,ecs_flush_owned,2,0,3,11.782000
aalair,"Apple M3",8,"Darwin 27.0.0 arm64","Apple LLVM 21.0.0 (clang-2100.3.34.2)"," -O3 -DNDEBUG",8,100000,pito,owned_local,ecs_flush_owned,2,0,4,11.812000
aalair,"Apple M3",8,"Darwin 27.0.0 arm64","Apple LLVM 21.0.0 (clang-2100.3.34.2)"," -O3 -DNDEBUG",8,100000,pito,owned_local,ecs_flush_owned,2,0,5,11.752000
aalair,"Apple M3",8,"Darwin 27.0.0 arm64","Apple LLVM 21.0.0 (clang-2100.3.34.2)"," -O3 -DNDEBUG",8,100000,pito,owned_local,ecs_flush_owned,2,0,6,11.805000
aalair,"Apple M3",8,"Darwin 27.0.0 arm64","Apple LLVM 21.0.0 (clang-2100.3.34.2)"," -O3 -DNDEBUG",8,100000,pito,owned_local,ecs_flush_owned,2,0,7,11.757000
aalair,"Apple M3",8,"Darwin 27.0.0 arm64","Apple LLVM 21.0.0 (clang-2100.3.34.2)"," -O3 -DNDEBUG",8,100000,pito,owned_local,ecs_flush_owned,2,0,8,11.886000
aalair,"Apple M3",8,"Darwin 27.0.0 arm64","Apple LLVM 21.0.0 (clang-2100.3.34.2)"," -O3 -DNDEBUG",8,100000,pito,owned_local,ecs_flush_owned,2,0,9,11.683000
aalair,"Apple M3",8,"Darwin 27.0.0 arm64","Apple LLVM 21.0.0 (clang-2100.3.34.2)"," -O3 -DNDEBUG",8,100000,pito,owned_local,ecs_flush_owned,2,0,10,11.791000
aalair,"Apple M3",8,"Darwin 27.0.0 arm64","Apple LLVM 21.0.0 (clang-2100.3.34.2)"," -O3 -DNDEBUG",8,100000,pito,owned_local,ecs_flush_owned,2,10,1,12.272000
aalair,"Apple M3",8,"Darwin 27.0.0 arm64","Apple LLVM 21.0.0 (clang-2100.3.34.2)"," -O3 -DNDEBUG",8,100000,pito,owned_local,ecs_flush_owned,2,10,2,12.141000
aalair,"Apple M3",8,"Darwin 27.0.0 arm64","Apple LLVM 21.0.0 (clang-2100.3.34.2)"," -O3 -DNDEBUG",8,100000,pito,owned_local,ecs_flush_owned,2,10,3,12.222000
aalair,"Apple M3",8,"Darwin 27.0.0 arm64","Apple LLVM 21.0.0 (clang-2100.3.34.2)"," -O3 -DNDEBUG",8,100000,pito,owned_local,ecs_flush_owned,2,10,4,12.543000
aalair,"Apple M3",8,"Darwin 27.0.0 arm64","Apple LLVM 21.0.0 (clang-2100.3.34.2)"," -O3 -DNDEBUG",8,100000,pito,owned_local,ecs_flush_owned,2,10,5,12.352000
aalair,"Apple M3",8,"Darwin 27.0.0 arm64","Apple LLVM 21.0.0 (clang-2100.3.34.2)"," -O3 -DNDEBUG",8,100000,pito,owned_local,ecs_flush_owned,2,10,6,12.205000
aalair,"Apple M3",8,"Darwin 27.0.0 arm64","Apple LLVM 21.0.0 (clang-2100.3.34.2)"," -O3 -DNDEBUG",8,100000,pito,owned_local,ecs_flush_owned,2,10,7,12.288000
aalair,"Apple M3",8,"Darwin 27.0.0 arm64","Apple LLVM 21.0.0 (clang-2100.3.34.2)"," -O3 -DNDEBUG",8,100000,pito,owned_local,ecs_flush_owned,2,10,8,12.258000
aalair,"Apple M3",8,"Darwin 27.0.0 arm64","Apple LLVM 21.0.0 (clang-2100.3.34.2)"," -O3 -DNDEBUG",8,100000,pito,owned_local,ecs_flush_owned,2,10,9,12.722000
aalair,"Apple M3",8,"Darwin 27.0.0 arm64","Apple LLVM 21.0.0 (clang-2100.3.34.2)"," -O3 -DNDEBUG",8,100000,pito,owned_local,ecs_flush_owned,2,10,10,12.173000
aalair,"Apple M3",8,"Darwin 27.0.0 arm64","Apple LLVM 21.0.0 (clang-2100.3.34.2)"," -O3 -DNDEBUG",8,100000,pito,owned_local,ecs_flush_owned,2,500,1,204.146000
aalair,"Apple M3",8,"Darwin 27.0.0 arm64","Apple LLVM 21.0.0 (clang-2100.3.34.2)"," -O3 -DNDEBUG",8,100000,pito,owned_local,ecs_flush_owned,2,500,2,203.034000
aalair,"Apple M3",8,"Darwin 27.0.0 arm64","Apple LLVM 21.0.0 (clang-2100.3.34.2)"," -O3 -DNDEBUG",8,100000,pito,owned_local,ecs_flush_owned,2,500,3,204.407000
aalair,"Apple M3",8,"Darwin 27.0.0 arm64","Apple LLVM 21.0.0 (clang-2100.3.34.2)"," -O3 -DNDEBUG",8,100000,pito,owned_local,ecs_flush_owned,2,500,4,204.428000
aalair,"Apple M3",8,"Darwin 27.0.0 arm64","Apple LLVM 21.0.0 (clang-2100.3.34.2)"," -O3 -DNDEBUG",8,100000,pito,owned_local,ecs_flush_owned,2,500,5,200.509000
aalair,"Apple M3",8,"Darwin 27.0.0 arm64","Apple LLVM 21.0.0 (clang-2100.3.34.2)"," -O3 -DNDEBUG",8,100000,pito,owned_local,ecs_flush_owned,2,500,6,194.476000
aalair,"Apple M3",8,"Darwin 27.0.0 arm64","Apple LLVM 21.0.0 (clang-2100.3.34.2)"," -O3 -DNDEBUG",8,100000,pito,owned_local,ecs_flush_owned,2,500,7,192.587000
aalair,"Apple M3",8,"Darwin 27.0.0 arm64","Apple LLVM 21.0.0 (clang-2100.3.34.2)"," -O3 -DNDEBUG",8,100000,pito,owned_local,ecs_flush_owned,2,500,8,193.342000
aalair,"Apple M3",8,"Darwin 27.0.0 arm64","Apple LLVM 21.0.0 (clang-2100.3.34.2)"," -O3 -DNDEBUG",8,100000,pito,owned_local,ecs_flush_owned,2,500,9,195.725000
aalair,"Apple M3",8,"Darwin 27.0.0 arm64","Apple LLVM 21.0.0 (clang-2100.3.34.2)"," -O3 -DNDEBUG",8,100000,pito,owned_local,ecs_flush_owned,2,500,10,198.202000
aalair,"Apple M3",8,"Darwin 27.0.0 arm64","Apple LLVM 21.0.0 (clang-2100.3.34.2)"," -O3 -DNDEBUG",8,100000,pito,owned_local,ecs_flush_owned,4,0,1,13.131000
aalair,"Apple M3",8,"Darwin 27.0.0 arm64","Apple LLVM 21.0.0 (clang-2100.3.34.2)"," -O3 -DNDEBUG",8,100000,pito,owned_local,ecs_flush_owned,4,0,2,11.803000
aalair,"Apple M3",8,"Darwin 27.0.0 arm64","Apple LLVM 21.0.0 (clang-2100.3.34.2)"," -O3 -DNDEBUG",8,100000,pito,owned_local,ecs_flush_owned,4,0,3,11.618000
aalair,"Apple M3",8,"Darwin 27.0.0 arm64","Apple LLVM 21.0.0 (clang-2100.3.34.2)"," -O3 -DNDEBUG",8,100000,pito,owned_local,ecs_flush_owned,4,0,4,12.646000
aalair,"Apple M3",8,"Darwin 27.0.0 arm64","Apple LLVM 21.0.0 (clang-2100.3.34.2)"," -O3 -DNDEBUG",8,100000,pito,owned_local,ecs_flush_owned,4,0,5,11.715000
aalair,"Apple M3",8,"Darwin 27.0.0 arm64","Apple LLVM 21.0.0 (clang-2100.3.34.2)"," -O3 -DNDEBUG",8,100000,pito,owned_local,ecs_flush_owned,4,0,6,11.881000
aalair,"Apple M3",8,"Darwin 27.0.0 arm64","Apple LLVM 21.0.0 (clang-2100.3.34.2)"," -O3 -DNDEBUG",8,100000,pito,owned_local,ecs_flush_owned,4,0,7,12.008000
aalair,"Apple M3",8,"Darwin 27.0.0 arm64","Apple LLVM 21.0.0 (clang-2100.3.34.2)"," -O3 -DNDEBUG",8,100000,pito,owned_local,ecs_flush_owned,4,0,8,11.584000
aalair,"Apple M3",8,"Darwin 27.0.0 arm64","Apple LLVM 21.0.0 (clang-2100.3.34.2)"," -O3 -DNDEBUG",8,100000,pito,owned_local,ecs_flush_owned,4,0,9,11.904000
aalair,"Apple M3",8,"Darwin 27.0.0 arm64","Apple LLVM 21.0.0 (clang-2100.3.34.2)"," -O3 -DNDEBUG",8,100000,pito,owned_local,ecs_flush_owned,4,0,10,11.704000
aalair,"Apple M3",8,"Darwin 27.0.0 arm64","Apple LLVM 21.0.0 (clang-2100.3.34.2)"," -O3 -DNDEBUG",8,100000,pito,owned_local,ecs_flush_owned,4,0,11,11.558000
aalair,"Apple M3",8,"Darwin 27.0.0 arm64","Apple LLVM 21.0.0 (clang-2100.3.34.2)"," -O3 -DNDEBUG",8,100000,pito,owned_local,ecs_flush_owned,4,0,12,11.886000
aalair,"Apple M3",8,"Darwin 27.0.0 arm64","Apple LLVM 21.0.0 (clang-2100.3.34.2)"," -O3 -DNDEBUG",8,100000,pito,owned_local,ecs_flush_owned,4,0,13,11.941000
aalair,"Apple M3",8,"Darwin 27.0.0 arm64","Apple LLVM 21.0.0 (clang-2100.3.34.2)"," -O3 -DNDEBUG",8,100000,pito,owned_local,ecs_flush_owned,4,0,14,11.710000
aalair,"Apple M3",8,"Darwin 27.0.0 arm64","Apple LLVM 21.0.0 (clang-2100.3.34.2)"," -O3 -DNDEBUG",8,100000,pito,owned_local,ecs_flush_owned,4,10,1,11.443000
aalair,"Apple M3",8,"Darwin 27.0.0 arm64","Apple LLVM 21.0.0 (clang-2100.3.34.2)"," -O3 -DNDEBUG",8,100000,pito,owned_local,ecs_flush_owned,4,10,2,11.577000
aalair,"Apple M3",8,"Darwin 27.0.0 arm64","Apple LLVM 21.0.0 (clang-2100.3.34.2)"," -O3 -DNDEBUG",8,100000,pito,owned_local,ecs_flush_owned,4,10,3,11.425000
aalair,"Apple M3",8,"Darwin 27.0.0 arm64","Apple LLVM 21.0.0 (clang-2100.3.34.2)"," -O3 -DNDEBUG",8,100000,pito,owned_local,ecs_flush_owned,4,10,4,11.295000
aalair,"Apple M3",8,"Darwin 27.0.0 arm64","Apple LLVM 21.0.0 (clang-2100.3.34.2)"," -O3 -DNDEBUG",8,100000,pito,owned_local,ecs_flush_owned,4,10,5,11.580000
aalair,"Apple M3",8,"Darwin 27.0.0 arm64","Apple LLVM 21.0.0 (clang-2100.3.34.2)"," -O3 -DNDEBUG",8,100000,pito,owned_local,ecs_flush_owned,4,10,6,11.548000
aalair,"Apple M3",8,"Darwin 27.0.0 arm64","Apple LLVM 21.0.0 (clang-2100.3.34.2)"," -O3 -DNDEBUG",8,100000,pito,owned_local,ecs_flush_owned,4,10,7,11.511000
aalair,"Apple M3",8,"Darwin 27.0.0 arm64","Apple LLVM 21.0.0 (clang-2100.3.34.2)"," -O3 -DNDEBUG",8,100000,pito,owned_local,ecs_flush_owned,4,10,8,11.478000
aalair,"Apple M3",8,"Darwin 27.0.0 arm64","Apple LLVM 21.0.0 (clang-2100.3.34.2)"," -O3 -DNDEBUG",8,100000,pito,owned_local,ecs_flush_owned,4,10,9,11.370000
aalair,"Apple M3",8,"Darwin 27.0.0 arm64","Apple LLVM 21.0.0 (clang-2100.3.34.2)"," -O3 -DNDEBUG",8,100000,pito,owned_local,ecs_flush_owned,4,10,10,11.475000
aalair,"Apple M3",8,"Darwin 27.0.0 arm64","Apple LLVM 21.0.0 (clang-2100.3.34.2)"," -O3 -DNDEBUG",8,100000,pito,owned_local,ecs_flush_owned,4,500,1,106.630000
aalair,"Apple M3",8,"Darwin 27.0.0 arm64","Apple LLVM 21.0.0 (clang-2100.3.34.2)"," -O3 -DNDEBUG",8,100000,pito,owned_local,ecs_flush_owned,4,500,2,106.678000
aalair,"Apple M3",8,"Darwin 27.0.0 arm64","Apple LLVM 21.0.0 (clang-2100.3.34.2)"," -O3 -DNDEBUG",8,100000,pito,owned_local,ecs_flush_owned,4,500,3,107.208000
aalair,"Apple M3",8,"Darwin 27.0.0 arm64","Apple LLVM 21.0.0 (clang-2100.3.34.2)"," -O3 -DNDEBUG",8,100000,pito,owned_local,ecs_flush_owned,4,500,4,106.566000
aalair,"Apple M3",8,"Darwin 27.0.0 arm64","Apple LLVM 21.0.0 (clang-2100.3.34.2)"," -O3 -DNDEBUG",8,100000,pito,owned_local,ecs_flush_owned,4,500,5,106.673000
aalair,"Apple M3",8,"Darwin 27.0.0 arm64","Apple LLVM 21.0.0 (clang-2100.3.34.2)"," -O3 -DNDEBUG",8,100000,pito,owned_local,ecs_flush_owned,4,500,6,106.865000
aalair,"Apple M3",8,"Darwin 27.0.0 arm64","Apple LLVM 21.0.0 (clang-2100.3.34.2)"," -O3 -DNDEBUG",8,100000,pito,owned_local,ecs_flush_owned,4,500,7,106.750000
aalair,"Apple M3",8,"Darwin 27.0.0 arm64","Apple LLVM 21.0.0 (clang-2100.3.34.2)"," -O3 -DNDEBUG",8,100000,pito,owned_local,ecs_flush_owned,4,500,8,106.711000
aalair,"Apple M3",8,"Darwin 27.0.0 arm64","Apple LLVM 21.0.0 (clang-2100.3.34.2)"," -O3 -DNDEBUG",8,100000,pito,owned_local,ecs_flush_owned,4,500,9,107.538000
aalair,"Apple M3",8,"Darwin 27.0.0 arm64","Apple LLVM 21.0.0 (clang-2100.3.34.2)"," -O3 -DNDEBUG",8,100000,pito,owned_local,ecs_flush_owned,4,500,10,106.783000
aalair,"Apple M3",8,"Darwin 27.0.0 arm64","Apple LLVM 21.0.0 (clang-2100.3.34.2)"," -O3 -DNDEBUG",8,100000,pito,owned_local,ecs_flush_owned,8,0,1,11.118000
aalair,"Apple M3",8,"Darwin 27.0.0 arm64","Apple LLVM 21.0.0 (clang-2100.3.34.2)"," -O3 -DNDEBUG",8,100000,pito,owned_local,ecs_flush_owned,8,0,2,11.090000
aalair,"Apple M3",8,"Darwin 27.0.0 arm64","Apple LLVM 21.0.0 (clang-2100.3.34.2)"," -O3 -DNDEBUG",8,100000,pito,owned_local,ecs_flush_owned,8,0,3,10.466000
aalair,"Apple M3",8,"Darwin 27.0.0 arm64","Apple LLVM 21.0.0 (clang-2100.3.34.2)"," -O3 -DNDEBUG",8,100000,pito,owned_local,ecs_flush_owned,8,0,4,11.165000
aalair,"Apple M3",8,"Darwin 27.0.0 arm64","Apple LLVM 21.0.0 (clang-2100.3.34.2)"," -O3 -DNDEBUG",8,100000,pito,owned_local,ecs_flush_owned,8,0,5,10.953000
aalair,"Apple M3",8,"Darwin 27.0.0 arm64","Apple LLVM 21.0.0 (clang-2100.3.34.2)"," -O3 -DNDEBUG",8,100000,pito,owned_local,ecs_flush_owned,8,0,6,10.752000
aalair,"Apple M3",8,"Darwin 27.0.0 arm64","Apple LLVM 21.0.0 (clang-2100.3.34.2)"," -O3 -DNDEBUG",8,100000,pito,owned_local,ecs_flush_owned,8,0,7,11.770000
aalair,"Apple M3",8,"Darwin 27.0.0 arm64","Apple LLVM 21.0.0 (clang-2100.3.34.2)"," -O3 -DNDEBUG",8,100000,pito,owned_local,ecs_flush_owned,8,0,8,11.573000
aalair,"Apple M3",8,"Darwin 27.0.0 arm64","Apple LLVM 21.0.0 (clang-2100.3.34.2)"," -O3 -DNDEBUG",8,100000,pito,owned_local,ecs_flush_owned,8,0,9,10.666000
aalair,"Apple M3",8,"Darwin 27.0.0 arm64","Apple LLVM 21.0.0 (clang-2100.3.34.2)"," -O3 -DNDEBUG",8,100000,pito,owned_local,ecs_flush_owned,8,0,10,10.444000
aalair,"Apple M3",8,"Darwin 27.0.0 arm64","Apple LLVM 21.0.0 (clang-2100.3.34.2)"," -O3 -DNDEBUG",8,100000,pito,owned_local,ecs_flush_owned,8,0,11,11.009000
aalair,"Apple M3",8,"Darwin 27.0.0 arm64","Apple LLVM 21.0.0 (clang-2100.3.34.2)"," -O3 -DNDEBUG",8,100000,pito,owned_local,ecs_flush_owned,8,0,12,11.352000
aalair,"Apple M3",8,"Darwin 27.0.0 arm64","Apple LLVM 21.0.0 (clang-2100.3.34.2)"," -O3 -DNDEBUG",8,100000,pito,owned_local,ecs_flush_owned,8,0,13,10.511000
aalair,"Apple M3",8,"Darwin 27.0.0 arm64","Apple LLVM 21.0.0 (clang-2100.3.34.2)"," -O3 -DNDEBUG",8,100000,pito,owned_local,ecs_flush_owned,8,0,14,10.642000
aalair,"Apple M3",8,"Darwin 27.0.0 arm64","Apple LLVM 21.0.0 (clang-2100.3.34.2)"," -O3 -DNDEBUG",8,100000,pito,owned_local,ecs_flush_owned,8,10,1,11.026000
aalair,"Apple M3",8,"Darwin 27.0.0 arm64","Apple LLVM 21.0.0 (clang-2100.3.34.2)"," -O3 -DNDEBUG",8,100000,pito,owned_local,ecs_flush_owned,8,10,2,11.036000
aalair,"Apple M3",8,"Darwin 27.0.0 arm64","Apple LLVM 21.0.0 (clang-2100.3.34.2)"," -O3 -DNDEBUG",8,100000,pito,owned_local,ecs_flush_owned,8,10,3,10.915000
aalair,"Apple M3",8,"Darwin 27.0.0 arm64","Apple LLVM 21.0.0 (clang-2100.3.34.2)"," -O3 -DNDEBUG",8,100000,pito,owned_local,ecs_flush_owned,8,10,4,11.948000
aalair,"Apple M3",8,"Darwin 27.0.0 arm64","Apple LLVM 21.0.0 (clang-2100.3.34.2)"," -O3 -DNDEBUG",8,100000,pito,owned_local,ecs_flush_owned,8,10,5,11.886000
aalair,"Apple M3",8,"Darwin 27.0.0 arm64","Apple LLVM 21.0.0 (clang-2100.3.34.2)"," -O3 -DNDEBUG",8,100000,pito,owned_local,ecs_flush_owned,8,10,6,11.921000
aalair,"Apple M3",8,"Darwin 27.0.0 arm64","Apple LLVM 21.0.0 (clang-2100.3.34.2)"," -O3 -DNDEBUG",8,100000,pito,owned_local,ecs_flush_owned,8,10,7,11.141000
aalair,"Apple M3",8,"Darwin 27.0.0 arm64","Apple LLVM 21.0.0 (clang-2100.3.34.2)"," -O3 -DNDEBUG",8,100000,pito,owned_local,ecs_flush_owned,8,10,8,11.126000
aalair,"Apple M3",8,"Darwin 27.0.0 arm64","Apple LLVM 21.0.0 (clang-2100.3.34.2)"," -O3 -DNDEBUG",8,100000,pito,owned_local,ecs_flush_owned,8,10,9,10.793000
aalair,"Apple M3",8,"Darwin 27.0.0 arm64","Apple LLVM 21.0.0 (clang-2100.3.34.2)"," -O3 -DNDEBUG",8,100000,pito,owned_local,ecs_flush_owned,8,10,10,10.800000
aalair,"Apple M3",8,"Darwin 27.0.0 arm64","Apple LLVM 21.0.0 (clang-2100.3.34.2)"," -O3 -DNDEBUG",8,100000,pito,owned_local,ecs_flush_owned,8,10,11,11.030000
aalair,"Apple M3",8,"Darwin 27.0.0 arm64","Apple LLVM 21.0.0 (clang-2100.3.34.2)"," -O3 -DNDEBUG",8,100000,pito,owned_local,ecs_flush_owned,8,10,12,10.994000
aalair,"Apple M3",8,"Darwin 27.0.0 arm64","Apple LLVM 21.0.0 (clang-2100.3.34.2)"," -O3 -DNDEBUG",8,100000,pito,owned_local,ecs_flush_owned,8,10,13,11.928000
aalair,"Apple M3",8,"Darwin 27.0.0 arm64","Apple LLVM 21.0.0 (clang-2100.3.34.2)"," -O3 -DNDEBUG",8,100000,pito,owned_local,ecs_flush_owned,8,10,14,11.082000
aalair,"Apple M3",8,"Darwin 27.0.0 arm64","Apple LLVM 21.0.0 (clang-2100.3.34.2)"," -O3 -DNDEBUG",8,100000,pito,owned_local,ecs_flush_owned,8,10,15,11.054000
aalair,"Apple M3",8,"Darwin 27.0.0 arm64","Apple LLVM 21.0.0 (clang-2100.3.34.2)"," -O3 -DNDEBUG",8,100000,pito,owned_local,ecs_flush_owned,8,10,16,11.083000
aalair,"Apple M3",8,"Darwin 27.0.0 arm64","Apple LLVM 21.0.0 (clang-2100.3.34.2)"," -O3 -DNDEBUG",8,100000,pito,owned_local,ecs_flush_owned,8,10,17,11.868000
aalair,"Apple M3",8,"Darwin 27.0.0 arm64","Apple LLVM 21.0.0 (clang-2100.3.34.2)"," -O3 -DNDEBUG",8,100000,pito,owned_local,ecs_flush_owned,8,10,18,11.377000
aalair,"Apple M3",8,"Darwin 27.0.0 arm64","Apple LLVM 21.0.0 (clang-2100.3.34.2)"," -O3 -DNDEBUG",8,100000,pito,owned_local,ecs_flush_owned,8,10,19,11.052000
aalair,"Apple M3",8,"Darwin 27.0.0 arm64","Apple LLVM 21.0.0 (clang-2100.3.34.2)"," -O3 -DNDEBUG",8,100000,pito,owned_local,ecs_flush_owned,8,10,20,11.004000
aalair,"Apple M3",8,"Darwin 27.0.0 arm64","Apple LLVM 21.0.0 (clang-2100.3.34.2)"," -O3 -DNDEBUG",8,100000,pito,owned_local,ecs_flush_owned,8,10,21,11.866000
aalair,"Apple M3",8,"Darwin 27.0.0 arm64","Apple LLVM 21.0.0 (clang-2100.3.34.2)"," -O3 -DNDEBUG",8,100000,pito,owned_local,ecs_flush_owned,8,10,22,10.960000
aalair,"Apple M3",8,"Darwin 27.0.0 arm64","Apple LLVM 21.0.0 (clang-2100.3.34.2)"," -O3 -DNDEBUG",8,100000,pito,owned_local,ecs_flush_owned,8,10,23,10.946000
aalair,"Apple M3",8,"Darwin 27.0.0 arm64","Apple LLVM 21.0.0 (clang-2100.3.34.2)"," -O3 -DNDEBUG",8,100000,pito,owned_local,ecs_flush_owned,8,10,24,11.953000
aalair,"Apple M3",8,"Darwin 27.0.0 arm64","Apple LLVM 21.0.0 (clang-2100.3.34.2)"," -O3 -DNDEBUG",8,100000,pito,owned_local,ecs_flush_owned,8,10,25,12.200000
aalair,"Apple M3",8,"Darwin 27.0.0 arm64","Apple LLVM 21.0.0 (clang-2100.3.34.2)"," -O3 -DNDEBUG",8,100000,pito,owned_local,ecs_flush_owned,8,10,26,11.136000
aalair,"Apple M3",8,"Darwin 27.0.0 arm64","Apple LLVM 21.0.0 (clang-2100.3.34.2)"," -O3 -DNDEBUG",8,100000,pito,owned_local,ecs_flush_owned,8,10,27,10.768000
aalair,"Apple M3",8,"Darwin 27.0.0 arm64","Apple LLVM 21.0.0 (clang-2100.3.34.2)"," -O3 -DNDEBUG",8,100000,pito,owned_local,ecs_flush_owned,8,10,28,11.278000
aalair,"Apple M3",8,"Darwin 27.0.0 arm64","Apple LLVM 21.0.0 (clang-2100.3.34.2)"," -O3 -DNDEBUG",8,100000,pito,owned_local,ecs_flush_owned,8,10,29,11.137000
aalair,"Apple M3",8,"Darwin 27.0.0 arm64","Apple LLVM 21.0.0 (clang-2100.3.34.2)"," -O3 -DNDEBUG",8,100000,pito,owned_local,ecs_flush_owned,8,500,1,69.582000
aalair,"Apple M3",8,"Darwin 27.0.0 arm64","Apple LLVM 21.0.0 (clang-2100.3.34.2)"," -O3 -DNDEBUG",8,100000,pito,owned_local,ecs_flush_owned,8,500,2,71.537000
aalair,"Apple M3",8,"Darwin 27.0.0 arm64","Apple LLVM 21.0.0 (clang-2100.3.34.2)"," -O3 -DNDEBUG",8,100000,pito,owned_local,ecs_flush_owned,8,500,3,71.651000
aalair,"Apple M3",8,"Darwin 27.0.0 arm64","Apple LLVM 21.0.0 (clang-2100.3.34.2)"," -O3 -DNDEBUG",8,100000,pito,owned_local,ecs_flush_owned,8,500,4,70.528000
aalair,"Apple M3",8,"Darwin 27.0.0 arm64","Apple LLVM 21.0.0 (clang-2100.3.34.2)"," -O3 -DNDEBUG",8,100000,pito,owned_local,ecs_flush_owned,8,500,5,70.786000
aalair,"Apple M3",8,"Darwin 27.0.0 arm64","Apple LLVM 21.0.0 (clang-2100.3.34.2)"," -O3 -DNDEBUG",8,100000,pito,owned_local,ecs_flush_owned,8,500,6,70.858000
aalair,"Apple M3",8,"Darwin 27.0.0 arm64","Apple LLVM 21.0.0 (clang-2100.3.34.2)"," -O3 -DNDEBUG",8,100000,pito,owned_local,ecs_flush_owned,8,500,7,70.303000
aalair,"Apple M3",8,"Darwin 27.0.0 arm64","Apple LLVM 21.0.0 (clang-2100.3.34.2)"," -O3 -DNDEBUG",8,100000,pito,owned_local,ecs_flush_owned,8,500,8,78.309000
aalair,"Apple M3",8,"Darwin 27.0.0 arm64","Apple LLVM 21.0.0 (clang-2100.3.34.2)"," -O3 -DNDEBUG",8,100000,pito,owned_local,ecs_flush_owned,8,500,9,69.071000
aalair,"Apple M3",8,"Darwin 27.0.0 arm64","Apple LLVM 21.0.0 (clang-2100.3.34.2)"," -O3 -DNDEBUG",8,100000,pito,owned_local,ecs_flush_owned,8,500,10,69.168000
aalair,"Apple M3",8,"Darwin 27.0.0 arm64","Apple LLVM 21.0.0 (clang-2100.3.34.2)"," -O3 -DNDEBUG",8,100000,pito,owned_local,ecs_flush_owned,8,500,11,77.149000
aalair,"Apple M3",8,"Darwin 27.0.0 arm64","Apple LLVM 21.0.0 (clang-2100.3.34.2)"," -O3 -DNDEBUG",8,100000,pito,owned_local,ecs_flush_owned,8,500,12,70.583000
aalair,"Apple M3",8,"Darwin 27.0.0 arm64","Apple LLVM 21.0.0 (clang-2100.3.34.2)"," -O3 -DNDEBUG",8,100000,pito,owned_local,ecs_flush_owned,8,500,13,69.728000
aalair,"Apple M3",8,"Darwin 27.0.0 arm64","Apple LLVM 21.0.0 (clang-2100.3.34.2)"," -O3 -DNDEBUG",8,100000,pito,owned_local,ecs_flush_owned,8,500,14,69.736000
aalair,"Apple M3",8,"Darwin 27.0.0 arm64","Apple LLVM 21.0.0 (clang-2100.3.34.2)"," -O3 -DNDEBUG -DPITO_ECS_OWNED_DELETE_ATOMIC=1",8,100000,pito,owned_local,ecs_sync_owned,1,0,1,18.222000
aalair,"Apple M3",8,"Darwin 27.0.0 arm64","Apple LLVM 21.0.0 (clang-2100.3.34.2)"," -O3 -DNDEBUG -DPITO_ECS_OWNED_DELETE_ATOMIC=1",8,100000,pito,owned_local,ecs_sync_owned,1,0,2,15.298000
aalair,"Apple M3",8,"Darwin 27.0.0 arm64","Apple LLVM 21.0.0 (clang-2100.3.34.2)"," -O3 -DNDEBUG -DPITO_ECS_OWNED_DELETE_ATOMIC=1",8,100000,pito,owned_local,ecs_sync_owned,1,0,3,14.028000
aalair,"Apple M3",8,"Darwin 27.0.0 arm64","Apple LLVM 21.0.0 (clang-2100.3.34.2)"," -O3 -DNDEBUG -DPITO_ECS_OWNED_DELETE_ATOMIC=1",8,100000,pito,owned_local,ecs_sync_owned,1,0,4,13.886000
aalair,"Apple M3",8,"Darwin 27.0.0 arm64","Apple LLVM 21.0.0 (clang-2100.3.34.2)"," -O3 -DNDEBUG -DPITO_ECS_OWNED_DELETE_ATOMIC=1",8,100000,pito,owned_local,ecs_sync_owned,1,0,5,13.872000
aalair,"Apple M3",8,"Darwin 27.0.0 arm64","Apple LLVM 21.0.0 (clang-2100.3.34.2)"," -O3 -DNDEBUG -DPITO_ECS_OWNED_DELETE_ATOMIC=1",8,100000,pito,owned_local,ecs_sync_owned,1,0,6,13.876000
aalair,"Apple M3",8,"Darwin 27.0.0 arm64","Apple LLVM 21.0.0 (clang-2100.3.34.2)"," -O3 -DNDEBUG -DPITO_ECS_OWNED_DELETE_ATOMIC=1",8,100000,pito,owned_local,ecs_sync_owned,1,0,7,13.884000
aalair,"Apple M3",8,"Darwin 27.0.0 arm64","Apple LLVM 21.0.0 (clang-2100.3.34.2)"," -O3 -DNDEBUG -DPITO_ECS_OWNED_DELETE_ATOMIC=1",8,100000,pito,owned_local,ecs_sync_owned,1,0,8,13.874000
aalair,"Apple M3",8,"Darwin 27.0.0 arm64","Apple LLVM 21.0.0 (clang-2100.3.34.2)"," -O3 -DNDEBUG -DPITO_ECS_OWNED_DELETE_ATOMIC=1",8,100000,pito,owned_local,ecs_sync_owned,1,0,9,13.892000
aalair,"Apple M3",8,"Darwin 27.0.0 arm64","Apple LLVM 21.0.0 (clang-2100.3.34.2)"," -O3 -DNDEBUG -DPITO_ECS_OWNED_DELETE_ATOMIC=1",8,100000,pito,owned_local,ecs_sync_owned,1,0,10,13.868000
aalair,"Apple M3",8,"Darwin 27.0.0 arm64","Apple LLVM 21.0.0 (clang-2100.3.34.2)"," -O3 -DNDEBUG -DPITO_ECS_OWNED_DELETE_ATOMIC=1",8,100000,pito,owned_local,ecs_sync_owned,1,0,11,13.865000
aalair,"Apple M3",8,"Darwin 27.0.0 arm64","Apple LLVM 21.0.0 (clang-2100.3.34.2)"," -O3 -DNDEBUG -DPITO_ECS_OWNED_DELETE_ATOMIC=1",8,100000,pito,owned_local,ecs_sync_owned,1,0,12,13.856000
aalair,"Apple M3",8,"Darwin 27.0.0 arm64","Apple LLVM 21.0.0 (clang-2100.3.34.2)"," -O3 -DNDEBUG -DPITO_ECS_OWNED_DELETE_ATOMIC=1",8,100000,pito,owned_local,ecs_sync_owned,1,0,13,13.868000
aalair,"Apple M3",8,"Darwin 27.0.0 arm64","Apple LLVM 21.0.0 (clang-2100.3.34.2)"," -O3 -DNDEBUG -DPITO_ECS_OWNED_DELETE_ATOMIC=1",8,100000,pito,owned_local,ecs_sync_owned,1,0,14,13.882000
aalair,"Apple M3",8,"Darwin 27.0.0 arm64","Apple LLVM 21.0.0 (clang-2100.3.34.2)"," -O3 -DNDEBUG -DPITO_ECS_OWNED_DELETE_ATOMIC=1",8,100000,pito,owned_local,ecs_sync_owned,1,10,1,16.176000
aalair,"Apple M3",8,"Darwin 27.0.0 arm64","Apple LLVM 21.0.0 (clang-2100.3.34.2)"," -O3 -DNDEBUG -DPITO_ECS_OWNED_DELETE_ATOMIC=1",8,100000,pito,owned_local,ecs_sync_owned,1,10,2,16.169000
aalair,"Apple M3",8,"Darwin 27.0.0 arm64","Apple LLVM 21.0.0 (clang-2100.3.34.2)"," -O3 -DNDEBUG -DPITO_ECS_OWNED_DELETE_ATOMIC=1",8,100000,pito,owned_local,ecs_sync_owned,1,10,3,16.207000
aalair,"Apple M3",8,"Darwin 27.0.0 arm64","Apple LLVM 21.0.0 (clang-2100.3.34.2)"," -O3 -DNDEBUG -DPITO_ECS_OWNED_DELETE_ATOMIC=1",8,100000,pito,owned_local,ecs_sync_owned,1,10,4,16.873000
aalair,"Apple M3",8,"Darwin 27.0.0 arm64","Apple LLVM 21.0.0 (clang-2100.3.34.2)"," -O3 -DNDEBUG -DPITO_ECS_OWNED_DELETE_ATOMIC=1",8,100000,pito,owned_local,ecs_sync_owned,1,10,5,16.662000
aalair,"Apple M3",8,"Darwin 27.0.0 arm64","Apple LLVM 21.0.0 (clang-2100.3.34.2)"," -O3 -DNDEBUG -DPITO_ECS_OWNED_DELETE_ATOMIC=1",8,100000,pito,owned_local,ecs_sync_owned,1,10,6,16.201000
aalair,"Apple M3",8,"Darwin 27.0.0 arm64","Apple LLVM 21.0.0 (clang-2100.3.34.2)"," -O3 -DNDEBUG -DPITO_ECS_OWNED_DELETE_ATOMIC=1",8,100000,pito,owned_local,ecs_sync_owned,1,10,7,16.179000
aalair,"Apple M3",8,"Darwin 27.0.0 arm64","Apple LLVM 21.0.0 (clang-2100.3.34.2)"," -O3 -DNDEBUG -DPITO_ECS_OWNED_DELETE_ATOMIC=1",8,100000,pito,owned_local,ecs_sync_owned,1,10,8,16.375000
aalair,"Apple M3",8,"Darwin 27.0.0 arm64","Apple LLVM 21.0.0 (clang-2100.3.34.2)"," -O3 -DNDEBUG -DPITO_ECS_OWNED_DELETE_ATOMIC=1",8,100000,pito,owned_local,ecs_sync_owned,1,10,9,16.293000
aalair,"Apple M3",8,"Darwin 27.0.0 arm64","Apple LLVM 21.0.0 (clang-2100.3.34.2)"," -O3 -DNDEBUG -DPITO_ECS_OWNED_DELETE_ATOMIC=1",8,100000,pito,owned_local,ecs_sync_owned,1,10,10,16.180000
aalair,"Apple M3",8,"Darwin 27.0.0 arm64","Apple LLVM 21.0.0 (clang-2100.3.34.2)"," -O3 -DNDEBUG -DPITO_ECS_OWNED_DELETE_ATOMIC=1",8,100000,pito,owned_local,ecs_sync_owned,1,500,1,365.981000
aalair,"Apple M3",8,"Darwin 27.0.0 arm64","Apple LLVM 21.0.0 (clang-2100.3.34.2)"," -O3 -DNDEBUG -DPITO_ECS_OWNED_DELETE_ATOMIC=1",8,100000,pito,owned_local,ecs_sync_owned,1,500,2,384.813000
aalair,"Apple M3",8,"Darwin 27.0.0 arm64","Apple LLVM 21.0.0 (clang-2100.3.34.2)"," -O3 -DNDEBUG -DPITO_ECS_OWNED_DELETE_ATOMIC=1",8,100000,pito,owned_local,ecs_sync_owned,1,500,3,360.716000
aalair,"Apple M3",8,"Darwin 27.0.0 arm64","Apple LLVM 21.0.0 (clang-2100.3.34.2)"," -O3 -DNDEBUG -DPITO_ECS_OWNED_DELETE_ATOMIC=1",8,100000,pito,owned_local,ecs_sync_owned,1,500,4,355.160000
aalair,"Apple M3",8,"Darwin 27.0.0 arm64","Apple LLVM 21.0.0 (clang-2100.3.34.2)"," -O3 -DNDEBUG -DPITO_ECS_OWNED_DELETE_ATOMIC=1",8,100000,pito,owned_local,ecs_sync_owned,1,500,5,354.573000
aalair,"Apple M3",8,"Darwin 27.0.0 arm64","Apple LLVM 21.0.0 (clang-2100.3.34.2)"," -O3 -DNDEBUG -DPITO_ECS_OWNED_DELETE_ATOMIC=1",8,100000,pito,owned_local,ecs_sync_owned,1,500,6,359.586000
aalair,"Apple M3",8,"Darwin 27.0.0 arm64","Apple LLVM 21.0.0 (clang-2100.3.34.2)"," -O3 -DNDEBUG -DPITO_ECS_OWNED_DELETE_ATOMIC=1",8,100000,pito,owned_local,ecs_sync_owned,1,500,7,358.383000
aalair,"Apple M3",8,"Darwin 27.0.0 arm64","Apple LLVM 21.0.0 (clang-2100.3.34.2)"," -O3 -DNDEBUG -DPITO_ECS_OWNED_DELETE_ATOMIC=1",8,100000,pito,owned_local,ecs_sync_owned,1,500,8,354.483000
aalair,"Apple M3",8,"Darwin 27.0.0 arm64","Apple LLVM 21.0.0 (clang-2100.3.34.2)"," -O3 -DNDEBUG -DPITO_ECS_OWNED_DELETE_ATOMIC=1",8,100000,pito,owned_local,ecs_sync_owned,1,500,9,361.150000
aalair,"Apple M3",8,"Darwin 27.0.0 arm64","Apple LLVM 21.0.0 (clang-2100.3.34.2)"," -O3 -DNDEBUG -DPITO_ECS_OWNED_DELETE_ATOMIC=1",8,100000,pito,owned_local,ecs_sync_owned,1,500,10,355.458000
aalair,"Apple M3",8,"Darwin 27.0.0 arm64","Apple LLVM 21.0.0 (clang-2100.3.34.2)"," -O3 -DNDEBUG -DPITO_ECS_OWNED_DELETE_ATOMIC=1",8,100000,pito,owned_local,ecs_sync_owned,1,500,11,365.100000
aalair,"Apple M3",8,"Darwin 27.0.0 arm64","Apple LLVM 21.0.0 (clang-2100.3.34.2)"," -O3 -DNDEBUG -DPITO_ECS_OWNED_DELETE_ATOMIC=1",8,100000,pito,owned_local,ecs_sync_owned,2,0,1,12.920000
aalair,"Apple M3",8,"Darwin 27.0.0 arm64","Apple LLVM 21.0.0 (clang-2100.3.34.2)"," -O3 -DNDEBUG -DPITO_ECS_OWNED_DELETE_ATOMIC=1",8,100000,pito,owned_local,ecs_sync_owned,2,0,2,12.943000
aalair,"Apple M3",8,"Darwin 27.0.0 arm64","Apple LLVM 21.0.0 (clang-2100.3.34.2)"," -O3 -DNDEBUG -DPITO_ECS_OWNED_DELETE_ATOMIC=1",8,100000,pito,owned_local,ecs_sync_owned,2,0,3,12.867000
aalair,"Apple M3",8,"Darwin 27.0.0 arm64","Apple LLVM 21.0.0 (clang-2100.3.34.2)"," -O3 -DNDEBUG -DPITO_ECS_OWNED_DELETE_ATOMIC=1",8,100000,pito,owned_local,ecs_sync_owned,2,0,4,12.974000
aalair,"Apple M3",8,"Darwin 27.0.0 arm64","Apple LLVM 21.0.0 (clang-2100.3.34.2)"," -O3 -DNDEBUG -DPITO_ECS_OWNED_DELETE_ATOMIC=1",8,100000,pito,owned_local,ecs_sync_owned,2,0,5,12.905000
aalair,"Apple M3",8,"Darwin 27.0.0 arm64","Apple LLVM 21.0.0 (clang-2100.3.34.2)"," -O3 -DNDEBUG -DPITO_ECS_OWNED_DELETE_ATOMIC=1",8,100000,pito,owned_local,ecs_sync_owned,2,0,6,12.801000
aalair,"Apple M3",8,"Darwin 27.0.0 arm64","Apple LLVM 21.0.0 (clang-2100.3.34.2)"," -O3 -DNDEBUG -DPITO_ECS_OWNED_DELETE_ATOMIC=1",8,100000,pito,owned_local,ecs_sync_owned,2,0,7,12.982000
aalair,"Apple M3",8,"Darwin 27.0.0 arm64","Apple LLVM 21.0.0 (clang-2100.3.34.2)"," -O3 -DNDEBUG -DPITO_ECS_OWNED_DELETE_ATOMIC=1",8,100000,pito,owned_local,ecs_sync_owned,2,0,8,12.751000
aalair,"Apple M3",8,"Darwin 27.0.0 arm64","Apple LLVM 21.0.0 (clang-2100.3.34.2)"," -O3 -DNDEBUG -DPITO_ECS_OWNED_DELETE_ATOMIC=1",8,100000,pito,owned_local,ecs_sync_owned,2,0,9,12.909000
aalair,"Apple M3",8,"Darwin 27.0.0 arm64","Apple LLVM 21.0.0 (clang-2100.3.34.2)"," -O3 -DNDEBUG -DPITO_ECS_OWNED_DELETE_ATOMIC=1",8,100000,pito,owned_local,ecs_sync_owned,2,0,10,12.773000
aalair,"Apple M3",8,"Darwin 27.0.0 arm64","Apple LLVM 21.0.0 (clang-2100.3.34.2)"," -O3 -DNDEBUG -DPITO_ECS_OWNED_DELETE_ATOMIC=1",8,100000,pito,owned_local,ecs_sync_owned,2,10,1,13.941000
aalair,"Apple M3",8,"Darwin 27.0.0 arm64","Apple LLVM 21.0.0 (clang-2100.3.34.2)"," -O3 -DNDEBUG -DPITO_ECS_OWNED_DELETE_ATOMIC=1",8,100000,pito,owned_local,ecs_sync_owned,2,10,2,14.394000
aalair,"Apple M3",8,"Darwin 27.0.0 arm64","Apple LLVM 21.0.0 (clang-2100.3.34.2)"," -O3 -DNDEBUG -DPITO_ECS_OWNED_DELETE_ATOMIC=1",8,100000,pito,owned_local,ecs_sync_owned,2,10,3,13.968000
aalair,"Apple M3",8,"Darwin 27.0.0 arm64","Apple LLVM 21.0.0 (clang-2100.3.34.2)"," -O3 -DNDEBUG -DPITO_ECS_OWNED_DELETE_ATOMIC=1",8,100000,pito,owned_local,ecs_sync_owned,2,10,4,13.955000
aalair,"Apple M3",8,"Darwin 27.0.0 arm64","Apple LLVM 21.0.0 (clang-2100.3.34.2)"," -O3 -DNDEBUG -DPITO_ECS_OWNED_DELETE_ATOMIC=1",8,100000,pito,owned_local,ecs_sync_owned,2,10,5,13.932000
aalair,"Apple M3",8,"Darwin 27.0.0 arm64","Apple LLVM 21.0.0 (clang-2100.3.34.2)"," -O3 -DNDEBUG -DPITO_ECS_OWNED_DELETE_ATOMIC=1",8,100000,pito,owned_local,ecs_sync_owned,2,10,6,14.391000
aalair,"Apple M3",8,"Darwin 27.0.0 arm64","Apple LLVM 21.0.0 (clang-2100.3.34.2)"," -O3 -DNDEBUG -DPITO_ECS_OWNED_DELETE_ATOMIC=1",8,100000,pito,owned_local,ecs_sync_owned,2,10,7,14.266000
aalair,"Apple M3",8,"Darwin 27.0.0 arm64","Apple LLVM 21.0.0 (clang-2100.3.34.2)"," -O3 -DNDEBUG -DPITO_ECS_OWNED_DELETE_ATOMIC=1",8,100000,pito,owned_local,ecs_sync_owned,2,10,8,14.300000
aalair,"Apple M3",8,"Darwin 27.0.0 arm64","Apple LLVM 21.0.0 (clang-2100.3.34.2)"," -O3 -DNDEBUG -DPITO_ECS_OWNED_DELETE_ATOMIC=1",8,100000,pito,owned_local,ecs_sync_owned,2,10,9,14.061000
aalair,"Apple M3",8,"Darwin 27.0.0 arm64","Apple LLVM 21.0.0 (clang-2100.3.34.2)"," -O3 -DNDEBUG -DPITO_ECS_OWNED_DELETE_ATOMIC=1",8,100000,pito,owned_local,ecs_sync_owned,2,10,10,13.948000
aalair,"Apple M3",8,"Darwin 27.0.0 arm64","Apple LLVM 21.0.0 (clang-2100.3.34.2)"," -O3 -DNDEBUG -DPITO_ECS_OWNED_DELETE_ATOMIC=1",8,100000,pito,owned_local,ecs_sync_owned,2,500,1,191.357000
aalair,"Apple M3",8,"Darwin 27.0.0 arm64","Apple LLVM 21.0.0 (clang-2100.3.34.2)"," -O3 -DNDEBUG -DPITO_ECS_OWNED_DELETE_ATOMIC=1",8,100000,pito,owned_local,ecs_sync_owned,2,500,2,194.077000
aalair,"Apple M3",8,"Darwin 27.0.0 arm64","Apple LLVM 21.0.0 (clang-2100.3.34.2)"," -O3 -DNDEBUG -DPITO_ECS_OWNED_DELETE_ATOMIC=1",8,100000,pito,owned_local,ecs_sync_owned,2,500,3,202.882000
aalair,"Apple M3",8,"Darwin 27.0.0 arm64","Apple LLVM 21.0.0 (clang-2100.3.34.2)"," -O3 -DNDEBUG -DPITO_ECS_OWNED_DELETE_ATOMIC=1",8,100000,pito,owned_local,ecs_sync_owned,2,500,4,202.065000
aalair,"Apple M3",8,"Darwin 27.0.0 arm64","Apple LLVM 21.0.0 (clang-2100.3.34.2)"," -O3 -DNDEBUG -DPITO_ECS_OWNED_DELETE_ATOMIC=1",8,100000,pito,owned_local,ecs_sync_owned,2,500,5,189.464000
aalair,"Apple M3",8,"Darwin 27.0.0 arm64","Apple LLVM 21.0.0 (clang-2100.3.34.2)"," -O3 -DNDEBUG -DPITO_ECS_OWNED_DELETE_ATOMIC=1",8,100000,pito,owned_local,ecs_sync_owned,2,500,6,191.344000
aalair,"Apple M3",8,"Darwin 27.0.0 arm64","Apple LLVM 21.0.0 (clang-2100.3.34.2)"," -O3 -DNDEBUG -DPITO_ECS_OWNED_DELETE_ATOMIC=1",8,100000,pito,owned_local,ecs_sync_owned,2,500,7,195.744000
aalair,"Apple M3",8,"Darwin 27.0.0 arm64","Apple LLVM 21.0.0 (clang-2100.3.34.2)"," -O3 -DNDEBUG -DPITO_ECS_OWNED_DELETE_ATOMIC=1",8,100000,pito,owned_local,ecs_sync_owned,2,500,8,189.576000
aalair,"Apple M3",8,"Darwin 27.0.0 arm64","Apple LLVM 21.0.0 (clang-2100.3.34.2)"," -O3 -DNDEBUG -DPITO_ECS_OWNED_DELETE_ATOMIC=1",8,100000,pito,owned_local,ecs_sync_owned,2,500,9,196.031000
aalair,"Apple M3",8,"Darwin 27.0.0 arm64","Apple LLVM 21.0.0 (clang-2100.3.34.2)"," -O3 -DNDEBUG -DPITO_ECS_OWNED_DELETE_ATOMIC=1",8,100000,pito,owned_local,ecs_sync_owned,2,500,10,194.279000
aalair,"Apple M3",8,"Darwin 27.0.0 arm64","Apple LLVM 21.0.0 (clang-2100.3.34.2)"," -O3 -DNDEBUG -DPITO_ECS_OWNED_DELETE_ATOMIC=1",8,100000,pito,owned_local,ecs_sync_owned,4,0,1,12.624000
aalair,"Apple M3",8,"Darwin 27.0.0 arm64","Apple LLVM 21.0.0 (clang-2100.3.34.2)"," -O3 -DNDEBUG -DPITO_ECS_OWNED_DELETE_ATOMIC=1",8,100000,pito,owned_local,ecs_sync_owned,4,0,2,12.386000
aalair,"Apple M3",8,"Darwin 27.0.0 arm64","Apple LLVM 21.0.0 (clang-2100.3.34.2)"," -O3 -DNDEBUG -DPITO_ECS_OWNED_DELETE_ATOMIC=1",8,100000,pito,owned_local,ecs_sync_owned,4,0,3,12.800000
aalair,"Apple M3",8,"Darwin 27.0.0 arm64","Apple LLVM 21.0.0 (clang-2100.3.34.2)"," -O3 -DNDEBUG -DPITO_ECS_OWNED_DELETE_ATOMIC=1",8,100000,pito,owned_local,ecs_sync_owned,4,0,4,12.623000
aalair,"Apple M3",8,"Darwin 27.0.0 arm64","Apple LLVM 21.0.0 (clang-2100.3.34.2)"," -O3 -DNDEBUG -DPITO_ECS_OWNED_DELETE_ATOMIC=1",8,100000,pito,owned_local,ecs_sync_owned,4,0,5,12.617000
aalair,"Apple M3",8,"Darwin 27.0.0 arm64","Apple LLVM 21.0.0 (clang-2100.3.34.2)"," -O3 -DNDEBUG -DPITO_ECS_OWNED_DELETE_ATOMIC=1",8,100000,pito,owned_local,ecs_sync_owned,4,0,6,12.603000
aalair,"Apple M3",8,"Darwin 27.0.0 arm64","Apple LLVM 21.0.0 (clang-2100.3.34.2)"," -O3 -DNDEBUG -DPITO_ECS_OWNED_DELETE_ATOMIC=1",8,100000,pito,owned_local,ecs_sync_owned,4,0,7,12.587000
aalair,"Apple M3",8,"Darwin 27.0.0 arm64","Apple LLVM 21.0.0 (clang-2100.3.34.2)"," -O3 -DNDEBUG -DPITO_ECS_OWNED_DELETE_ATOMIC=1",8,100000,pito,owned_local,ecs_sync_owned,4,0,8,12.589000
aalair,"Apple M3",8,"Darwin 27.0.0 arm64","Apple LLVM 21.0.0 (clang-2100.3.34.2)"," -O3 -DNDEBUG -DPITO_ECS_OWNED_DELETE_ATOMIC=1",8,100000,pito,owned_local,ecs_sync_owned,4,0,9,12.635000
aalair,"Apple M3",8,"Darwin 27.0.0 arm64","Apple LLVM 21.0.0 (clang-2100.3.34.2)"," -O3 -DNDEBUG -DPITO_ECS_OWNED_DELETE_ATOMIC=1",8,100000,pito,owned_local,ecs_sync_owned,4,0,10,12.611000
aalair,"Apple M3",8,"Darwin 27.0.0 arm64","Apple LLVM 21.0.0 (clang-2100.3.34.2)"," -O3 -DNDEBUG -DPITO_ECS_OWNED_DELETE_ATOMIC=1",8,100000,pito,owned_local,ecs_sync_owned,4,10,1,13.549000
aalair,"Apple M3",8,"Darwin 27.0.0 arm64","Apple LLVM 21.0.0 (clang-2100.3.34.2)"," -O3 -DNDEBUG -DPITO_ECS_OWNED_DELETE_ATOMIC=1",8,100000,pito,owned_local,ecs_sync_owned,4,10,2,13.642000
aalair,"Apple M3",8,"Darwin 27.0.0 arm64","Apple LLVM 21.0.0 (clang-2100.3.34.2)"," -O3 -DNDEBUG -DPITO_ECS_OWNED_DELETE_ATOMIC=1",8,100000,pito,owned_local,ecs_sync_owned,4,10,3,14.079000
aalair,"Apple M3",8,"Darwin 27.0.0 arm64","Apple LLVM 21.0.0 (clang-2100.3.34.2)"," -O3 -DNDEBUG -DPITO_ECS_OWNED_DELETE_ATOMIC=1",8,100000,pito,owned_local,ecs_sync_owned,4,10,4,14.144000
aalair,"Apple M3",8,"Darwin 27.0.0 arm64","Apple LLVM 21.0.0 (clang-2100.3.34.2)"," -O3 -DNDEBUG -DPITO_ECS_OWNED_DELETE_ATOMIC=1",8,100000,pito,owned_local,ecs_sync_owned,4,10,5,13.554000
aalair,"Apple M3",8,"Darwin 27.0.0 arm64","Apple LLVM 21.0.0 (clang-2100.3.34.2)"," -O3 -DNDEBUG -DPITO_ECS_OWNED_DELETE_ATOMIC=1",8,100000,pito,owned_local,ecs_sync_owned,4,10,6,13.614000
aalair,"Apple M3",8,"Darwin 27.0.0 arm64","Apple LLVM 21.0.0 (clang-2100.3.34.2)"," -O3 -DNDEBUG -DPITO_ECS_OWNED_DELETE_ATOMIC=1",8,100000,pito,owned_local,ecs_sync_owned,4,10,7,13.556000
aalair,"Apple M3",8,"Darwin 27.0.0 arm64","Apple LLVM 21.0.0 (clang-2100.3.34.2)"," -O3 -DNDEBUG -DPITO_ECS_OWNED_DELETE_ATOMIC=1",8,100000,pito,owned_local,ecs_sync_owned,4,10,8,13.581000
aalair,"Apple M3",8,"Darwin 27.0.0 arm64","Apple LLVM 21.0.0 (clang-2100.3.34.2)"," -O3 -DNDEBUG -DPITO_ECS_OWNED_DELETE_ATOMIC=1",8,100000,pito,owned_local,ecs_sync_owned,4,10,9,13.720000
aalair,"Apple M3",8,"Darwin 27.0.0 arm64","Apple LLVM 21.0.0 (clang-2100.3.34.2)"," -O3 -DNDEBUG -DPITO_ECS_OWNED_DELETE_ATOMIC=1",8,100000,pito,owned_local,ecs_sync_owned,4,10,10,14.128000
aalair,"Apple M3",8,"Darwin 27.0.0 arm64","Apple LLVM 21.0.0 (clang-2100.3.34.2)"," -O3 -DNDEBUG -DPITO_ECS_OWNED_DELETE_ATOMIC=1",8,100000,pito,owned_local,ecs_sync_owned,4,500,1,106.954000
aalair,"Apple M3",8,"Darwin 27.0.0 arm64","Apple LLVM 21.0.0 (clang-2100.3.34.2)"," -O3 -DNDEBUG -DPITO_ECS_OWNED_DELETE_ATOMIC=1",8,100000,pito,owned_local,ecs_sync_owned,4,500,2,114.200000
aalair,"Apple M3",8,"Darwin 27.0.0 arm64","Apple LLVM 21.0.0 (clang-2100.3.34.2)"," -O3 -DNDEBUG -DPITO_ECS_OWNED_DELETE_ATOMIC=1",8,100000,pito,owned_local,ecs_sync_owned,4,500,3,109.218000
aalair,"Apple M3",8,"Darwin 27.0.0 arm64","Apple LLVM 21.0.0 (clang-2100.3.34.2)"," -O3 -DNDEBUG -DPITO_ECS_OWNED_DELETE_ATOMIC=1",8,100000,pito,owned_local,ecs_sync_owned,4,500,4,114.445000
aalair,"Apple M3",8,"Darwin 27.0.0 arm64","Apple LLVM 21.0.0 (clang-2100.3.34.2)"," -O3 -DNDEBUG -DPITO_ECS_OWNED_DELETE_ATOMIC=1",8,100000,pito,owned_local,ecs_sync_owned,4,500,5,110.269000
aalair,"Apple M3",8,"Darwin 27.0.0 arm64","Apple LLVM 21.0.0 (clang-2100.3.34.2)"," -O3 -DNDEBUG -DPITO_ECS_OWNED_DELETE_ATOMIC=1",8,100000,pito,owned_local,ecs_sync_owned,4,500,6,109.268000
aalair,"Apple M3",8,"Darwin 27.0.0 arm64","Apple LLVM 21.0.0 (clang-2100.3.34.2)"," -O3 -DNDEBUG -DPITO_ECS_OWNED_DELETE_ATOMIC=1",8,100000,pito,owned_local,ecs_sync_owned,4,500,7,108.483000
aalair,"Apple M3",8,"Darwin 27.0.0 arm64","Apple LLVM 21.0.0 (clang-2100.3.34.2)"," -O3 -DNDEBUG -DPITO_ECS_OWNED_DELETE_ATOMIC=1",8,100000,pito,owned_local,ecs_sync_owned,4,500,8,109.856000
aalair,"Apple M3",8,"Darwin 27.0.0 arm64","Apple LLVM 21.0.0 (clang-2100.3.34.2)"," -O3 -DNDEBUG -DPITO_ECS_OWNED_DELETE_ATOMIC=1",8,100000,pito,owned_local,ecs_sync_owned,4,500,9,109.230000
aalair,"Apple M3",8,"Darwin 27.0.0 arm64","Apple LLVM 21.0.0 (clang-2100.3.34.2)"," -O3 -DNDEBUG -DPITO_ECS_OWNED_DELETE_ATOMIC=1",8,100000,pito,owned_local,ecs_sync_owned,4,500,10,109.759000
aalair,"Apple M3",8,"Darwin 27.0.0 arm64","Apple LLVM 21.0.0 (clang-2100.3.34.2)"," -O3 -DNDEBUG -DPITO_ECS_OWNED_DELETE_ATOMIC=1",8,100000,pito,owned_local,ecs_sync_owned,8,0,1,12.540000
aalair,"Apple M3",8,"Darwin 27.0.0 arm64","Apple LLVM 21.0.0 (clang-2100.3.34.2)"," -O3 -DNDEBUG -DPITO_ECS_OWNED_DELETE_ATOMIC=1",8,100000,pito,owned_local,ecs_sync_owned,8,0,2,12.759000
aalair,"Apple M3",8,"Darwin 27.0.0 arm64","Apple LLVM 21.0.0 (clang-2100.3.34.2)"," -O3 -DNDEBUG -DPITO_ECS_OWNED_DELETE_ATOMIC=1",8,100000,pito,owned_local,ecs_sync_owned,8,0,3,12.973000
aalair,"Apple M3",8,"Darwin 27.0.0 arm64","Apple LLVM 21.0.0 (clang-2100.3.34.2)"," -O3 -DNDEBUG -DPITO_ECS_OWNED_DELETE_ATOMIC=1",8,100000,pito,owned_local,ecs_sync_owned,8,0,4,12.886000
aalair,"Apple M3",8,"Darwin 27.0.0 arm64","Apple LLVM 21.0.0 (clang-2100.3.34.2)"," -O3 -DNDEBUG -DPITO_ECS_OWNED_DELETE_ATOMIC=1",8,100000,pito,owned_local,ecs_sync_owned,8,0,5,12.796000
aalair,"Apple M3",8,"Darwin 27.0.0 arm64","Apple LLVM 21.0.0 (clang-2100.3.34.2)"," -O3 -DNDEBUG -DPITO_ECS_OWNED_DELETE_ATOMIC=1",8,100000,pito,owned_local,ecs_sync_owned,8,0,6,12.728000
aalair,"Apple M3",8,"Darwin 27.0.0 arm64","Apple LLVM 21.0.0 (clang-2100.3.34.2)"," -O3 -DNDEBUG -DPITO_ECS_OWNED_DELETE_ATOMIC=1",8,100000,pito,owned_local,ecs_sync_owned,8,0,7,12.337000
aalair,"Apple M3",8,"Darwin 27.0.0 arm64","Apple LLVM 21.0.0 (clang-2100.3.34.2)"," -O3 -DNDEBUG -DPITO_ECS_OWNED_DELETE_ATOMIC=1",8,100000,pito,owned_local,ecs_sync_owned,8,0,8,12.659000
aalair,"Apple M3",8,"Darwin 27.0.0 arm64","Apple LLVM 21.0.0 (clang-2100.3.34.2)"," -O3 -DNDEBUG -DPITO_ECS_OWNED_DELETE_ATOMIC=1",8,100000,pito,owned_local,ecs_sync_owned,8,0,9,13.160000
aalair,"Apple M3",8,"Darwin 27.0.0 arm64","Apple LLVM 21.0.0 (clang-2100.3.34.2)"," -O3 -DNDEBUG -DPITO_ECS_OWNED_DELETE_ATOMIC=1",8,100000,pito,owned_local,ecs_sync_owned,8,0,10,12.962000
aalair,"Apple M3",8,"Darwin 27.0.0 arm64","Apple LLVM 21.0.0 (clang-2100.3.34.2)"," -O3 -DNDEBUG -DPITO_ECS_OWNED_DELETE_ATOMIC=1",8,100000,pito,owned_local,ecs_sync_owned,8,10,1,13.131000
aalair,"Apple M3",8,"Darwin 27.0.0 arm64","Apple LLVM 21.0.0 (clang-2100.3.34.2)"," -O3 -DNDEBUG -DPITO_ECS_OWNED_DELETE_ATOMIC=1",8,100000,pito,owned_local,ecs_sync_owned,8,10,2,13.224000
aalair,"Apple M3",8,"Darwin 27.0.0 arm64","Apple LLVM 21.0.0 (clang-2100.3.34.2)"," -O3 -DNDEBUG -DPITO_ECS_OWNED_DELETE_ATOMIC=1",8,100000,pito,owned_local,ecs_sync_owned,8,10,3,13.170000
aalair,"Apple M3",8,"Darwin 27.0.0 arm64","Apple LLVM 21.0.0 (clang-2100.3.34.2)"," -O3 -DNDEBUG -DPITO_ECS_OWNED_DELETE_ATOMIC=1",8,100000,pito,owned_local,ecs_sync_owned,8,10,4,13.311000
aalair,"Apple M3",8,"Darwin 27.0.0 arm64","Apple LLVM 21.0.0 (clang-2100.3.34.2)"," -O3 -DNDEBUG -DPITO_ECS_OWNED_DELETE_ATOMIC=1",8,100000,pito,owned_local,ecs_sync_owned,8,10,5,13.223000
aalair,"Apple M3",8,"Darwin 27.0.0 arm64","Apple LLVM 21.0.0 (clang-2100.3.34.2)"," -O3 -DNDEBUG -DPITO_ECS_OWNED_DELETE_ATOMIC=1",8,100000,pito,owned_local,ecs_sync_owned,8,10,6,13.162000
aalair,"Apple M3",8,"Darwin 27.0.0 arm64","Apple LLVM 21.0.0 (clang-2100.3.34.2)"," -O3 -DNDEBUG -DPITO_ECS_OWNED_DELETE_ATOMIC=1",8,100000,pito,owned_local,ecs_sync_owned,8,10,7,13.334000
aalair,"Apple M3",8,"Darwin 27.0.0 arm64","Apple LLVM 21.0.0 (clang-2100.3.34.2)"," -O3 -DNDEBUG -DPITO_ECS_OWNED_DELETE_ATOMIC=1",8,100000,pito,owned_local,ecs_sync_owned,8,10,8,12.949000
aalair,"Apple M3",8,"Darwin 27.0.0 arm64","Apple LLVM 21.0.0 (clang-2100.3.34.2)"," -O3 -DNDEBUG -DPITO_ECS_OWNED_DELETE_ATOMIC=1",8,100000,pito,owned_local,ecs_sync_owned,8,10,9,13.107000
aalair,"Apple M3",8,"Darwin 27.0.0 arm64","Apple LLVM 21.0.0 (clang-2100.3.34.2)"," -O3 -DNDEBUG -DPITO_ECS_OWNED_DELETE_ATOMIC=1",8,100000,pito,owned_local,ecs_sync_owned,8,10,10,13.376000
aalair,"Apple M3",8,"Darwin 27.0.0 arm64","Apple LLVM 21.0.0 (clang-2100.3.34.2)"," -O3 -DNDEBUG -DPITO_ECS_OWNED_DELETE_ATOMIC=1",8,100000,pito,owned_local,ecs_sync_owned,8,500,1,85.823000
aalair,"Apple M3",8,"Darwin 27.0.0 arm64","Apple LLVM 21.0.0 (clang-2100.3.34.2)"," -O3 -DNDEBUG -DPITO_ECS_OWNED_DELETE_ATOMIC=1",8,100000,pito,owned_local,ecs_sync_owned,8,500,2,71.064000
aalair,"Apple M3",8,"Darwin 27.0.0 arm64","Apple LLVM 21.0.0 (clang-2100.3.34.2)"," -O3 -DNDEBUG -DPITO_ECS_OWNED_DELETE_ATOMIC=1",8,100000,pito,owned_local,ecs_sync_owned,8,500,3,70.744000
aalair,"Apple M3",8,"Darwin 27.0.0 arm64","Apple LLVM 21.0.0 (clang-2100.3.34.2)"," -O3 -DNDEBUG -DPITO_ECS_OWNED_DELETE_ATOMIC=1",8,100000,pito,owned_local,ecs_sync_owned,8,500,4,72.018000
aalair,"Apple M3",8,"Darwin 27.0.0 arm64","Apple LLVM 21.0.0 (clang-2100.3.34.2)"," -O3 -DNDEBUG -DPITO_ECS_OWNED_DELETE_ATOMIC=1",8,100000,pito,owned_local,ecs_sync_owned,8,500,5,71.307000
aalair,"Apple M3",8,"Darwin 27.0.0 arm64","Apple LLVM 21.0.0 (clang-2100.3.34.2)"," -O3 -DNDEBUG -DPITO_ECS_OWNED_DELETE_ATOMIC=1",8,100000,pito,owned_local,ecs_sync_owned,8,500,6,71.547000
aalair,"Apple M3",8,"Darwin 27.0.0 arm64","Apple LLVM 21.0.0 (clang-2100.3.34.2)"," -O3 -DNDEBUG -DPITO_ECS_OWNED_DELETE_ATOMIC=1",8,100000,pito,owned_local,ecs_sync_owned,8,500,7,69.443000
aalair,"Apple M3",8,"Darwin 27.0.0 arm64","Apple LLVM 21.0.0 (clang-2100.3.34.2)"," -O3 -DNDEBUG -DPITO_ECS_OWNED_DELETE_ATOMIC=1",8,100000,pito,owned_local,ecs_sync_owned,8,500,8,72.757000
aalair,"Apple M3",8,"Darwin 27.0.0 arm64","Apple LLVM 21.0.0 (clang-2100.3.34.2)"," -O3 -DNDEBUG -DPITO_ECS_OWNED_DELETE_ATOMIC=1",8,100000,pito,owned_local,ecs_sync_owned,8,500,9,69.354000
aalair,"Apple M3",8,"Darwin 27.0.0 arm64","Apple LLVM 21.0.0 (clang-2100.3.34.2)"," -O3 -DNDEBUG -DPITO_ECS_OWNED_DELETE_ATOMIC=1",8,100000,pito,owned_local,ecs_sync_owned,8,500,10,69.372000
aalair,"Apple M3",8,"Darwin 27.0.0 arm64","Apple LLVM 21.0.0 (clang-2100.3.34.2)"," -O3 -DNDEBUG -DPITO_ECS_OWNED_DELETE_ATOMIC=1",8,100000,pito,owned_local,ecs_sync_owned,8,500,11,71.937000
aalair,"Apple M3",8,"Darwin 27.0.0 arm64","Apple LLVM 21.0.0 (clang-2100.3.34.2)"," -O3 -DNDEBUG -DPITO_ECS_OWNED_DELETE_ATOMIC=1",8,100000,pito,owned_local,ecs_create_owned_local,1,0,1,13.620000
aalair,"Apple M3",8,"Darwin 27.0.0 arm64","Apple LLVM 21.0.0 (clang-2100.3.34.2)"," -O3 -DNDEBUG -DPITO_ECS_OWNED_DELETE_ATOMIC=1",8,100000,pito,owned_local,ecs_create_owned_local,1,0,2,13.634000
aalair,"Apple M3",8,"Darwin 27.0.0 arm64","Apple LLVM 21.0.0 (clang-2100.3.34.2)"," -O3 -DNDEBUG -DPITO_ECS_OWNED_DELETE_ATOMIC=1",8,100000,pito,owned_local,ecs_create_owned_local,1,0,3,13.603000
aalair,"Apple M3",8,"Darwin 27.0.0 arm64","Apple LLVM 21.0.0 (clang-2100.3.34.2)"," -O3 -DNDEBUG -DPITO_ECS_OWNED_DELETE_ATOMIC=1",8,100000,pito,owned_local,ecs_create_owned_local,1,0,4,13.599000
aalair,"Apple M3",8,"Darwin 27.0.0 arm64","Apple LLVM 21.0.0 (clang-2100.3.34.2)"," -O3 -DNDEBUG -DPITO_ECS_OWNED_DELETE_ATOMIC=1",8,100000,pito,owned_local,ecs_create_owned_local,1,0,5,13.614000
aalair,"Apple M3",8,"Darwin 27.0.0 arm64","Apple LLVM 21.0.0 (clang-2100.3.34.2)"," -O3 -DNDEBUG -DPITO_ECS_OWNED_DELETE_ATOMIC=1",8,100000,pito,owned_local,ecs_create_owned_local,1,0,6,13.650000
aalair,"Apple M3",8,"Darwin 27.0.0 arm64","Apple LLVM 21.0.0 (clang-2100.3.34.2)"," -O3 -DNDEBUG -DPITO_ECS_OWNED_DELETE_ATOMIC=1",8,100000,pito,owned_local,ecs_create_owned_local,1,0,7,13.606000
aalair,"Apple M3",8,"Darwin 27.0.0 arm64","Apple LLVM 21.0.0 (clang-2100.3.34.2)"," -O3 -DNDEBUG -DPITO_ECS_OWNED_DELETE_ATOMIC=1",8,100000,pito,owned_local,ecs_create_owned_local,1,0,8,13.645000
aalair,"Apple M3",8,"Darwin 27.0.0 arm64","Apple LLVM 21.0.0 (clang-2100.3.34.2)"," -O3 -DNDEBUG -DPITO_ECS_OWNED_DELETE_ATOMIC=1",8,100000,pito,owned_local,ecs_create_owned_local,1,0,9,13.597000
aalair,"Apple M3",8,"Darwin 27.0.0 arm64","Apple LLVM 21.0.0 (clang-2100.3.34.2)"," -O3 -DNDEBUG -DPITO_ECS_OWNED_DELETE_ATOMIC=1",8,100000,pito,owned_local,ecs_create_owned_local,1,0,10,13.613000
aalair,"Apple M3",8,"Darwin 27.0.0 arm64","Apple LLVM 21.0.0 (clang-2100.3.34.2)"," -O3 -DNDEBUG -DPITO_ECS_OWNED_DELETE_ATOMIC=1",8,100000,pito,owned_local,ecs_create_owned_local,1,10,1,13.961000
aalair,"Apple M3",8,"Darwin 27.0.0 arm64","Apple LLVM 21.0.0 (clang-2100.3.34.2)"," -O3 -DNDEBUG -DPITO_ECS_OWNED_DELETE_ATOMIC=1",8,100000,pito,owned_local,ecs_create_owned_local,1,10,2,13.922000
aalair,"Apple M3",8,"Darwin 27.0.0 arm64","Apple LLVM 21.0.0 (clang-2100.3.34.2)"," -O3 -DNDEBUG -DPITO_ECS_OWNED_DELETE_ATOMIC=1",8,100000,pito,owned_local,ecs_create_owned_local,1,10,3,14.013000
aalair,"Apple M3",8,"Darwin 27.0.0 arm64","Apple LLVM 21.0.0 (clang-2100.3.34.2)"," -O3 -DNDEBUG -DPITO_ECS_OWNED_DELETE_ATOMIC=1",8,100000,pito,owned_local,ecs_create_owned_local,1,10,4,13.991000
aalair,"Apple M3",8,"Darwin 27.0.0 arm64","Apple LLVM 21.0.0 (clang-2100.3.34.2)"," -O3 -DNDEBUG -DPITO_ECS_OWNED_DELETE_ATOMIC=1",8,100000,pito,owned_local,ecs_create_owned_local,1,10,5,13.909000
aalair,"Apple M3",8,"Darwin 27.0.0 arm64","Apple LLVM 21.0.0 (clang-2100.3.34.2)"," -O3 -DNDEBUG -DPITO_ECS_OWNED_DELETE_ATOMIC=1",8,100000,pito,owned_local,ecs_create_owned_local,1,10,6,13.901000
aalair,"Apple M3",8,"Darwin 27.0.0 arm64","Apple LLVM 21.0.0 (clang-2100.3.34.2)"," -O3 -DNDEBUG -DPITO_ECS_OWNED_DELETE_ATOMIC=1",8,100000,pito,owned_local,ecs_create_owned_local,1,10,7,13.909000
aalair,"Apple M3",8,"Darwin 27.0.0 arm64","Apple LLVM 21.0.0 (clang-2100.3.34.2)"," -O3 -DNDEBUG -DPITO_ECS_OWNED_DELETE_ATOMIC=1",8,100000,pito,owned_local,ecs_create_owned_local,1,10,8,13.904000
aalair,"Apple M3",8,"Darwin 27.0.0 arm64","Apple LLVM 21.0.0 (clang-2100.3.34.2)"," -O3 -DNDEBUG -DPITO_ECS_OWNED_DELETE_ATOMIC=1",8,100000,pito,owned_local,ecs_create_owned_local,1,10,9,13.922000
aalair,"Apple M3",8,"Darwin 27.0.0 arm64","Apple LLVM 21.0.0 (clang-2100.3.34.2)"," -O3 -DNDEBUG -DPITO_ECS_OWNED_DELETE_ATOMIC=1",8,100000,pito,owned_local,ecs_create_owned_local,1,10,10,13.907000
aalair,"Apple M3",8,"Darwin 27.0.0 arm64","Apple LLVM 21.0.0 (clang-2100.3.34.2)"," -O3 -DNDEBUG -DPITO_ECS_OWNED_DELETE_ATOMIC=1",8,100000,pito,owned_local,ecs_create_owned_local,1,500,1,361.996000
aalair,"Apple M3",8,"Darwin 27.0.0 arm64","Apple LLVM 21.0.0 (clang-2100.3.34.2)"," -O3 -DNDEBUG -DPITO_ECS_OWNED_DELETE_ATOMIC=1",8,100000,pito,owned_local,ecs_create_owned_local,1,500,2,368.273000
aalair,"Apple M3",8,"Darwin 27.0.0 arm64","Apple LLVM 21.0.0 (clang-2100.3.34.2)"," -O3 -DNDEBUG -DPITO_ECS_OWNED_DELETE_ATOMIC=1",8,100000,pito,owned_local,ecs_create_owned_local,1,500,3,359.624000
aalair,"Apple M3",8,"Darwin 27.0.0 arm64","Apple LLVM 21.0.0 (clang-2100.3.34.2)"," -O3 -DNDEBUG -DPITO_ECS_OWNED_DELETE_ATOMIC=1",8,100000,pito,owned_local,ecs_create_owned_local,1,500,4,359.043000
aalair,"Apple M3",8,"Darwin 27.0.0 arm64","Apple LLVM 21.0.0 (clang-2100.3.34.2)"," -O3 -DNDEBUG -DPITO_ECS_OWNED_DELETE_ATOMIC=1",8,100000,pito,owned_local,ecs_create_owned_local,1,500,5,358.978000
aalair,"Apple M3",8,"Darwin 27.0.0 arm64","Apple LLVM 21.0.0 (clang-2100.3.34.2)"," -O3 -DNDEBUG -DPITO_ECS_OWNED_DELETE_ATOMIC=1",8,100000,pito,owned_local,ecs_create_owned_local,1,500,6,359.362000
aalair,"Apple M3",8,"Darwin 27.0.0 arm64","Apple LLVM 21.0.0 (clang-2100.3.34.2)"," -O3 -DNDEBUG -DPITO_ECS_OWNED_DELETE_ATOMIC=1",8,100000,pito,owned_local,ecs_create_owned_local,1,500,7,359.405000
aalair,"Apple M3",8,"Darwin 27.0.0 arm64","Apple LLVM 21.0.0 (clang-2100.3.34.2)"," -O3 -DNDEBUG -DPITO_ECS_OWNED_DELETE_ATOMIC=1",8,100000,pito,owned_local,ecs_create_owned_local,1,500,8,366.017000
aalair,"Apple M3",8,"Darwin 27.0.0 arm64","Apple LLVM 21.0.0 (clang-2100.3.34.2)"," -O3 -DNDEBUG -DPITO_ECS_OWNED_DELETE_ATOMIC=1",8,100000,pito,owned_local,ecs_create_owned_local,1,500,9,367.595000
aalair,"Apple M3",8,"Darwin 27.0.0 arm64","Apple LLVM 21.0.0 (clang-2100.3.34.2)"," -O3 -DNDEBUG -DPITO_ECS_OWNED_DELETE_ATOMIC=1",8,100000,pito,owned_local,ecs_create_owned_local,1,500,10,362.324000
aalair,"Apple M3",8,"Darwin 27.0.0 arm64","Apple LLVM 21.0.0 (clang-2100.3.34.2)"," -O3 -DNDEBUG -DPITO_ECS_OWNED_DELETE_ATOMIC=1",8,100000,pito,owned_local,ecs_create_owned_local,2,0,1,9.798000
aalair,"Apple M3",8,"Darwin 27.0.0 arm64","Apple LLVM 21.0.0 (clang-2100.3.34.2)"," -O3 -DNDEBUG -DPITO_ECS_OWNED_DELETE_ATOMIC=1",8,100000,pito,owned_local,ecs_create_owned_local,2,0,2,9.886000
aalair,"Apple M3",8,"Darwin 27.0.0 arm64","Apple LLVM 21.0.0 (clang-2100.3.34.2)"," -O3 -DNDEBUG -DPITO_ECS_OWNED_DELETE_ATOMIC=1",8,100000,pito,owned_local,ecs_create_owned_local,2,0,3,9.907000
aalair,"Apple M3",8,"Darwin 27.0.0 arm64","Apple LLVM 21.0.0 (clang-2100.3.34.2)"," -O3 -DNDEBUG -DPITO_ECS_OWNED_DELETE_ATOMIC=1",8,100000,pito,owned_local,ecs_create_owned_local,2,0,4,9.858000
aalair,"Apple M3",8,"Darwin 27.0.0 arm64","Apple LLVM 21.0.0 (clang-2100.3.34.2)"," -O3 -DNDEBUG -DPITO_ECS_OWNED_DELETE_ATOMIC=1",8,100000,pito,owned_local,ecs_create_owned_local,2,0,5,10.085000
aalair,"Apple M3",8,"Darwin 27.0.0 arm64","Apple LLVM 21.0.0 (clang-2100.3.34.2)"," -O3 -DNDEBUG -DPITO_ECS_OWNED_DELETE_ATOMIC=1",8,100000,pito,owned_local,ecs_create_owned_local,2,0,6,9.854000
aalair,"Apple M3",8,"Darwin 27.0.0 arm64","Apple LLVM 21.0.0 (clang-2100.3.34.2)"," -O3 -DNDEBUG -DPITO_ECS_OWNED_DELETE_ATOMIC=1",8,100000,pito,owned_local,ecs_create_owned_local,2,0,7,9.823000
aalair,"Apple M3",8,"Darwin 27.0.0 arm64","Apple LLVM 21.0.0 (clang-2100.3.34.2)"," -O3 -DNDEBUG -DPITO_ECS_OWNED_DELETE_ATOMIC=1",8,100000,pito,owned_local,ecs_create_owned_local,2,0,8,9.827000
aalair,"Apple M3",8,"Darwin 27.0.0 arm64","Apple LLVM 21.0.0 (clang-2100.3.34.2)"," -O3 -DNDEBUG -DPITO_ECS_OWNED_DELETE_ATOMIC=1",8,100000,pito,owned_local,ecs_create_owned_local,2,0,9,9.869000
aalair,"Apple M3",8,"Darwin 27.0.0 arm64","Apple LLVM 21.0.0 (clang-2100.3.34.2)"," -O3 -DNDEBUG -DPITO_ECS_OWNED_DELETE_ATOMIC=1",8,100000,pito,owned_local,ecs_create_owned_local,2,0,10,9.826000
aalair,"Apple M3",8,"Darwin 27.0.0 arm64","Apple LLVM 21.0.0 (clang-2100.3.34.2)"," -O3 -DNDEBUG -DPITO_ECS_OWNED_DELETE_ATOMIC=1",8,100000,pito,owned_local,ecs_create_owned_local,2,10,1,10.735000
aalair,"Apple M3",8,"Darwin 27.0.0 arm64","Apple LLVM 21.0.0 (clang-2100.3.34.2)"," -O3 -DNDEBUG -DPITO_ECS_OWNED_DELETE_ATOMIC=1",8,100000,pito,owned_local,ecs_create_owned_local,2,10,2,10.752000
aalair,"Apple M3",8,"Darwin 27.0.0 arm64","Apple LLVM 21.0.0 (clang-2100.3.34.2)"," -O3 -DNDEBUG -DPITO_ECS_OWNED_DELETE_ATOMIC=1",8,100000,pito,owned_local,ecs_create_owned_local,2,10,3,10.757000
aalair,"Apple M3",8,"Darwin 27.0.0 arm64","Apple LLVM 21.0.0 (clang-2100.3.34.2)"," -O3 -DNDEBUG -DPITO_ECS_OWNED_DELETE_ATOMIC=1",8,100000,pito,owned_local,ecs_create_owned_local,2,10,4,10.531000
aalair,"Apple M3",8,"Darwin 27.0.0 arm64","Apple LLVM 21.0.0 (clang-2100.3.34.2)"," -O3 -DNDEBUG -DPITO_ECS_OWNED_DELETE_ATOMIC=1",8,100000,pito,owned_local,ecs_create_owned_local,2,10,5,10.453000
aalair,"Apple M3",8,"Darwin 27.0.0 arm64","Apple LLVM 21.0.0 (clang-2100.3.34.2)"," -O3 -DNDEBUG -DPITO_ECS_OWNED_DELETE_ATOMIC=1",8,100000,pito,owned_local,ecs_create_owned_local,2,10,6,10.582000
aalair,"Apple M3",8,"Darwin 27.0.0 arm64","Apple LLVM 21.0.0 (clang-2100.3.34.2)"," -O3 -DNDEBUG -DPITO_ECS_OWNED_DELETE_ATOMIC=1",8,100000,pito,owned_local,ecs_create_owned_local,2,10,7,10.561000
aalair,"Apple M3",8,"Darwin 27.0.0 arm64","Apple LLVM 21.0.0 (clang-2100.3.34.2)"," -O3 -DNDEBUG -DPITO_ECS_OWNED_DELETE_ATOMIC=1",8,100000,pito,owned_local,ecs_create_owned_local,2,10,8,10.564000
aalair,"Apple M3",8,"Darwin 27.0.0 arm64","Apple LLVM 21.0.0 (clang-2100.3.34.2)"," -O3 -DNDEBUG -DPITO_ECS_OWNED_DELETE_ATOMIC=1",8,100000,pito,owned_local,ecs_create_owned_local,2,10,9,10.557000
aalair,"Apple M3",8,"Darwin 27.0.0 arm64","Apple LLVM 21.0.0 (clang-2100.3.34.2)"," -O3 -DNDEBUG -DPITO_ECS_OWNED_DELETE_ATOMIC=1",8,100000,pito,owned_local,ecs_create_owned_local,2,10,10,10.486000
aalair,"Apple M3",8,"Darwin 27.0.0 arm64","Apple LLVM 21.0.0 (clang-2100.3.34.2)"," -O3 -DNDEBUG -DPITO_ECS_OWNED_DELETE_ATOMIC=1",8,100000,pito,owned_local,ecs_create_owned_local,2,500,1,202.070000
aalair,"Apple M3",8,"Darwin 27.0.0 arm64","Apple LLVM 21.0.0 (clang-2100.3.34.2)"," -O3 -DNDEBUG -DPITO_ECS_OWNED_DELETE_ATOMIC=1",8,100000,pito,owned_local,ecs_create_owned_local,2,500,2,200.141000
aalair,"Apple M3",8,"Darwin 27.0.0 arm64","Apple LLVM 21.0.0 (clang-2100.3.34.2)"," -O3 -DNDEBUG -DPITO_ECS_OWNED_DELETE_ATOMIC=1",8,100000,pito,owned_local,ecs_create_owned_local,2,500,3,202.013000
aalair,"Apple M3",8,"Darwin 27.0.0 arm64","Apple LLVM 21.0.0 (clang-2100.3.34.2)"," -O3 -DNDEBUG -DPITO_ECS_OWNED_DELETE_ATOMIC=1",8,100000,pito,owned_local,ecs_create_owned_local,2,500,4,202.762000
aalair,"Apple M3",8,"Darwin 27.0.0 arm64","Apple LLVM 21.0.0 (clang-2100.3.34.2)"," -O3 -DNDEBUG -DPITO_ECS_OWNED_DELETE_ATOMIC=1",8,100000,pito,owned_local,ecs_create_owned_local,2,500,5,200.852000
aalair,"Apple M3",8,"Darwin 27.0.0 arm64","Apple LLVM 21.0.0 (clang-2100.3.34.2)"," -O3 -DNDEBUG -DPITO_ECS_OWNED_DELETE_ATOMIC=1",8,100000,pito,owned_local,ecs_create_owned_local,2,500,6,198.468000
aalair,"Apple M3",8,"Darwin 27.0.0 arm64","Apple LLVM 21.0.0 (clang-2100.3.34.2)"," -O3 -DNDEBUG -DPITO_ECS_OWNED_DELETE_ATOMIC=1",8,100000,pito,owned_local,ecs_create_owned_local,2,500,7,200.159000
aalair,"Apple M3",8,"Darwin 27.0.0 arm64","Apple LLVM 21.0.0 (clang-2100.3.34.2)"," -O3 -DNDEBUG -DPITO_ECS_OWNED_DELETE_ATOMIC=1",8,100000,pito,owned_local,ecs_create_owned_local,2,500,8,198.374000
aalair,"Apple M3",8,"Darwin 27.0.0 arm64","Apple LLVM 21.0.0 (clang-2100.3.34.2)"," -O3 -DNDEBUG -DPITO_ECS_OWNED_DELETE_ATOMIC=1",8,100000,pito,owned_local,ecs_create_owned_local,2,500,9,200.302000
aalair,"Apple M3",8,"Darwin 27.0.0 arm64","Apple LLVM 21.0.0 (clang-2100.3.34.2)"," -O3 -DNDEBUG -DPITO_ECS_OWNED_DELETE_ATOMIC=1",8,100000,pito,owned_local,ecs_create_owned_local,2,500,10,202.459000
aalair,"Apple M3",8,"Darwin 27.0.0 arm64","Apple LLVM 21.0.0 (clang-2100.3.34.2)"," -O3 -DNDEBUG -DPITO_ECS_OWNED_DELETE_ATOMIC=1",8,100000,pito,owned_local,ecs_create_owned_local,4,0,1,8.927000
aalair,"Apple M3",8,"Darwin 27.0.0 arm64","Apple LLVM 21.0.0 (clang-2100.3.34.2)"," -O3 -DNDEBUG -DPITO_ECS_OWNED_DELETE_ATOMIC=1",8,100000,pito,owned_local,ecs_create_owned_local,4,0,2,8.880000
aalair,"Apple M3",8,"Darwin 27.0.0 arm64","Apple LLVM 21.0.0 (clang-2100.3.34.2)"," -O3 -DNDEBUG -DPITO_ECS_OWNED_DELETE_ATOMIC=1",8,100000,pito,owned_local,ecs_create_owned_local,4,0,3,8.757000
aalair,"Apple M3",8,"Darwin 27.0.0 arm64","Apple LLVM 21.0.0 (clang-2100.3.34.2)"," -O3 -DNDEBUG -DPITO_ECS_OWNED_DELETE_ATOMIC=1",8,100000,pito,owned_local,ecs_create_owned_local,4,0,4,8.878000
aalair,"Apple M3",8,"Darwin 27.0.0 arm64","Apple LLVM 21.0.0 (clang-2100.3.34.2)"," -O3 -DNDEBUG -DPITO_ECS_OWNED_DELETE_ATOMIC=1",8,100000,pito,owned_local,ecs_create_owned_local,4,0,5,8.836000
aalair,"Apple M3",8,"Darwin 27.0.0 arm64","Apple LLVM 21.0.0 (clang-2100.3.34.2)"," -O3 -DNDEBUG -DPITO_ECS_OWNED_DELETE_ATOMIC=1",8,100000,pito,owned_local,ecs_create_owned_local,4,0,6,8.866000
aalair,"Apple M3",8,"Darwin 27.0.0 arm64","Apple LLVM 21.0.0 (clang-2100.3.34.2)"," -O3 -DNDEBUG -DPITO_ECS_OWNED_DELETE_ATOMIC=1",8,100000,pito,owned_local,ecs_create_owned_local,4,0,7,8.883000
aalair,"Apple M3",8,"Darwin 27.0.0 arm64","Apple LLVM 21.0.0 (clang-2100.3.34.2)"," -O3 -DNDEBUG -DPITO_ECS_OWNED_DELETE_ATOMIC=1",8,100000,pito,owned_local,ecs_create_owned_local,4,0,8,8.896000
aalair,"Apple M3",8,"Darwin 27.0.0 arm64","Apple LLVM 21.0.0 (clang-2100.3.34.2)"," -O3 -DNDEBUG -DPITO_ECS_OWNED_DELETE_ATOMIC=1",8,100000,pito,owned_local,ecs_create_owned_local,4,0,9,8.884000
aalair,"Apple M3",8,"Darwin 27.0.0 arm64","Apple LLVM 21.0.0 (clang-2100.3.34.2)"," -O3 -DNDEBUG -DPITO_ECS_OWNED_DELETE_ATOMIC=1",8,100000,pito,owned_local,ecs_create_owned_local,4,0,10,8.883000
aalair,"Apple M3",8,"Darwin 27.0.0 arm64","Apple LLVM 21.0.0 (clang-2100.3.34.2)"," -O3 -DNDEBUG -DPITO_ECS_OWNED_DELETE_ATOMIC=1",8,100000,pito,owned_local,ecs_create_owned_local,4,10,1,9.547000
aalair,"Apple M3",8,"Darwin 27.0.0 arm64","Apple LLVM 21.0.0 (clang-2100.3.34.2)"," -O3 -DNDEBUG -DPITO_ECS_OWNED_DELETE_ATOMIC=1",8,100000,pito,owned_local,ecs_create_owned_local,4,10,2,9.497000
aalair,"Apple M3",8,"Darwin 27.0.0 arm64","Apple LLVM 21.0.0 (clang-2100.3.34.2)"," -O3 -DNDEBUG -DPITO_ECS_OWNED_DELETE_ATOMIC=1",8,100000,pito,owned_local,ecs_create_owned_local,4,10,3,9.536000
aalair,"Apple M3",8,"Darwin 27.0.0 arm64","Apple LLVM 21.0.0 (clang-2100.3.34.2)"," -O3 -DNDEBUG -DPITO_ECS_OWNED_DELETE_ATOMIC=1",8,100000,pito,owned_local,ecs_create_owned_local,4,10,4,9.573000
aalair,"Apple M3",8,"Darwin 27.0.0 arm64","Apple LLVM 21.0.0 (clang-2100.3.34.2)"," -O3 -DNDEBUG -DPITO_ECS_OWNED_DELETE_ATOMIC=1",8,100000,pito,owned_local,ecs_create_owned_local,4,10,5,9.501000
aalair,"Apple M3",8,"Darwin 27.0.0 arm64","Apple LLVM 21.0.0 (clang-2100.3.34.2)"," -O3 -DNDEBUG -DPITO_ECS_OWNED_DELETE_ATOMIC=1",8,100000,pito,owned_local,ecs_create_owned_local,4,10,6,9.597000
aalair,"Apple M3",8,"Darwin 27.0.0 arm64","Apple LLVM 21.0.0 (clang-2100.3.34.2)"," -O3 -DNDEBUG -DPITO_ECS_OWNED_DELETE_ATOMIC=1",8,100000,pito,owned_local,ecs_create_owned_local,4,10,7,9.529000
aalair,"Apple M3",8,"Darwin 27.0.0 arm64","Apple LLVM 21.0.0 (clang-2100.3.34.2)"," -O3 -DNDEBUG -DPITO_ECS_OWNED_DELETE_ATOMIC=1",8,100000,pito,owned_local,ecs_create_owned_local,4,10,8,9.568000
aalair,"Apple M3",8,"Darwin 27.0.0 arm64","Apple LLVM 21.0.0 (clang-2100.3.34.2)"," -O3 -DNDEBUG -DPITO_ECS_OWNED_DELETE_ATOMIC=1",8,100000,pito,owned_local,ecs_create_owned_local,4,10,9,9.437000
aalair,"Apple M3",8,"Darwin 27.0.0 arm64","Apple LLVM 21.0.0 (clang-2100.3.34.2)"," -O3 -DNDEBUG -DPITO_ECS_OWNED_DELETE_ATOMIC=1",8,100000,pito,owned_local,ecs_create_owned_local,4,10,10,9.524000
aalair,"Apple M3",8,"Darwin 27.0.0 arm64","Apple LLVM 21.0.0 (clang-2100.3.34.2)"," -O3 -DNDEBUG -DPITO_ECS_OWNED_DELETE_ATOMIC=1",8,100000,pito,owned_local,ecs_create_owned_local,4,500,1,104.638000
aalair,"Apple M3",8,"Darwin 27.0.0 arm64","Apple LLVM 21.0.0 (clang-2100.3.34.2)"," -O3 -DNDEBUG -DPITO_ECS_OWNED_DELETE_ATOMIC=1",8,100000,pito,owned_local,ecs_create_owned_local,4,500,2,105.401000
aalair,"Apple M3",8,"Darwin 27.0.0 arm64","Apple LLVM 21.0.0 (clang-2100.3.34.2)"," -O3 -DNDEBUG -DPITO_ECS_OWNED_DELETE_ATOMIC=1",8,100000,pito,owned_local,ecs_create_owned_local,4,500,3,107.058000
aalair,"Apple M3",8,"Darwin 27.0.0 arm64","Apple LLVM 21.0.0 (clang-2100.3.34.2)"," -O3 -DNDEBUG -DPITO_ECS_OWNED_DELETE_ATOMIC=1",8,100000,pito,owned_local,ecs_create_owned_local,4,500,4,106.472000
aalair,"Apple M3",8,"Darwin 27.0.0 arm64","Apple LLVM 21.0.0 (clang-2100.3.34.2)"," -O3 -DNDEBUG -DPITO_ECS_OWNED_DELETE_ATOMIC=1",8,100000,pito,owned_local,ecs_create_owned_local,4,500,5,107.702000
aalair,"Apple M3",8,"Darwin 27.0.0 arm64","Apple LLVM 21.0.0 (clang-2100.3.34.2)"," -O3 -DNDEBUG -DPITO_ECS_OWNED_DELETE_ATOMIC=1",8,100000,pito,owned_local,ecs_create_owned_local,4,500,6,106.765000
aalair,"Apple M3",8,"Darwin 27.0.0 arm64","Apple LLVM 21.0.0 (clang-2100.3.34.2)"," -O3 -DNDEBUG -DPITO_ECS_OWNED_DELETE_ATOMIC=1",8,100000,pito,owned_local,ecs_create_owned_local,4,500,7,104.665000
aalair,"Apple M3",8,"Darwin 27.0.0 arm64","Apple LLVM 21.0.0 (clang-2100.3.34.2)"," -O3 -DNDEBUG -DPITO_ECS_OWNED_DELETE_ATOMIC=1",8,100000,pito,owned_local,ecs_create_owned_local,4,500,8,104.644000
aalair,"Apple M3",8,"Darwin 27.0.0 arm64","Apple LLVM 21.0.0 (clang-2100.3.34.2)"," -O3 -DNDEBUG -DPITO_ECS_OWNED_DELETE_ATOMIC=1",8,100000,pito,owned_local,ecs_create_owned_local,4,500,9,104.710000
aalair,"Apple M3",8,"Darwin 27.0.0 arm64","Apple LLVM 21.0.0 (clang-2100.3.34.2)"," -O3 -DNDEBUG -DPITO_ECS_OWNED_DELETE_ATOMIC=1",8,100000,pito,owned_local,ecs_create_owned_local,4,500,10,104.632000
aalair,"Apple M3",8,"Darwin 27.0.0 arm64","Apple LLVM 21.0.0 (clang-2100.3.34.2)"," -O3 -DNDEBUG -DPITO_ECS_OWNED_DELETE_ATOMIC=1",8,100000,pito,owned_local,ecs_create_owned_local,8,0,1,9.514000
aalair,"Apple M3",8,"Darwin 27.0.0 arm64","Apple LLVM 21.0.0 (clang-2100.3.34.2)"," -O3 -DNDEBUG -DPITO_ECS_OWNED_DELETE_ATOMIC=1",8,100000,pito,owned_local,ecs_create_owned_local,8,0,2,9.515000
aalair,"Apple M3",8,"Darwin 27.0.0 arm64","Apple LLVM 21.0.0 (clang-2100.3.34.2)"," -O3 -DNDEBUG -DPITO_ECS_OWNED_DELETE_ATOMIC=1",8,100000,pito,owned_local,ecs_create_owned_local,8,0,3,9.257000
aalair,"Apple M3",8,"Darwin 27.0.0 arm64","Apple LLVM 21.0.0 (clang-2100.3.34.2)"," -O3 -DNDEBUG -DPITO_ECS_OWNED_DELETE_ATOMIC=1",8,100000,pito,owned_local,ecs_create_owned_local,8,0,4,9.697000
aalair,"Apple M3",8,"Darwin 27.0.0 arm64","Apple LLVM 21.0.0 (clang-2100.3.34.2)"," -O3 -DNDEBUG -DPITO_ECS_OWNED_DELETE_ATOMIC=1",8,100000,pito,owned_local,ecs_create_owned_local,8,0,5,8.820000
aalair,"Apple M3",8,"Darwin 27.0.0 arm64","Apple LLVM 21.0.0 (clang-2100.3.34.2)"," -O3 -DNDEBUG -DPITO_ECS_OWNED_DELETE_ATOMIC=1",8,100000,pito,owned_local,ecs_create_owned_local,8,0,6,9.356000
aalair,"Apple M3",8,"Darwin 27.0.0 arm64","Apple LLVM 21.0.0 (clang-2100.3.34.2)"," -O3 -DNDEBUG -DPITO_ECS_OWNED_DELETE_ATOMIC=1",8,100000,pito,owned_local,ecs_create_owned_local,8,0,7,9.104000
aalair,"Apple M3",8,"Darwin 27.0.0 arm64","Apple LLVM 21.0.0 (clang-2100.3.34.2)"," -O3 -DNDEBUG -DPITO_ECS_OWNED_DELETE_ATOMIC=1",8,100000,pito,owned_local,ecs_create_owned_local,8,0,8,9.568000
aalair,"Apple M3",8,"Darwin 27.0.0 arm64","Apple LLVM 21.0.0 (clang-2100.3.34.2)"," -O3 -DNDEBUG -DPITO_ECS_OWNED_DELETE_ATOMIC=1",8,100000,pito,owned_local,ecs_create_owned_local,8,0,9,9.109000
aalair,"Apple M3",8,"Darwin 27.0.0 arm64","Apple LLVM 21.0.0 (clang-2100.3.34.2)"," -O3 -DNDEBUG -DPITO_ECS_OWNED_DELETE_ATOMIC=1",8,100000,pito,owned_local,ecs_create_owned_local,8,0,10,9.218000
aalair,"Apple M3",8,"Darwin 27.0.0 arm64","Apple LLVM 21.0.0 (clang-2100.3.34.2)"," -O3 -DNDEBUG -DPITO_ECS_OWNED_DELETE_ATOMIC=1",8,100000,pito,owned_local,ecs_create_owned_local,8,0,11,9.200000
aalair,"Apple M3",8,"Darwin 27.0.0 arm64","Apple LLVM 21.0.0 (clang-2100.3.34.2)"," -O3 -DNDEBUG -DPITO_ECS_OWNED_DELETE_ATOMIC=1",8,100000,pito,owned_local,ecs_create_owned_local,8,10,1,9.487000
aalair,"Apple M3",8,"Darwin 27.0.0 arm64","Apple LLVM 21.0.0 (clang-2100.3.34.2)"," -O3 -DNDEBUG -DPITO_ECS_OWNED_DELETE_ATOMIC=1",8,100000,pito,owned_local,ecs_create_owned_local,8,10,2,9.099000
aalair,"Apple M3",8,"Darwin 27.0.0 arm64","Apple LLVM 21.0.0 (clang-2100.3.34.2)"," -O3 -DNDEBUG -DPITO_ECS_OWNED_DELETE_ATOMIC=1",8,100000,pito,owned_local,ecs_create_owned_local,8,10,3,10.189000
aalair,"Apple M3",8,"Darwin 27.0.0 arm64","Apple LLVM 21.0.0 (clang-2100.3.34.2)"," -O3 -DNDEBUG -DPITO_ECS_OWNED_DELETE_ATOMIC=1",8,100000,pito,owned_local,ecs_create_owned_local,8,10,4,9.663000
aalair,"Apple M3",8,"Darwin 27.0.0 arm64","Apple LLVM 21.0.0 (clang-2100.3.34.2)"," -O3 -DNDEBUG -DPITO_ECS_OWNED_DELETE_ATOMIC=1",8,100000,pito,owned_local,ecs_create_owned_local,8,10,5,9.841000
aalair,"Apple M3",8,"Darwin 27.0.0 arm64","Apple LLVM 21.0.0 (clang-2100.3.34.2)"," -O3 -DNDEBUG -DPITO_ECS_OWNED_DELETE_ATOMIC=1",8,100000,pito,owned_local,ecs_create_owned_local,8,10,6,10.036000
aalair,"Apple M3",8,"Darwin 27.0.0 arm64","Apple LLVM 21.0.0 (clang-2100.3.34.2)"," -O3 -DNDEBUG -DPITO_ECS_OWNED_DELETE_ATOMIC=1",8,100000,pito,owned_local,ecs_create_owned_local,8,10,7,9.813000
aalair,"Apple M3",8,"Darwin 27.0.0 arm64","Apple LLVM 21.0.0 (clang-2100.3.34.2)"," -O3 -DNDEBUG -DPITO_ECS_OWNED_DELETE_ATOMIC=1",8,100000,pito,owned_local,ecs_create_owned_local,8,10,8,10.057000
aalair,"Apple M3",8,"Darwin 27.0.0 arm64","Apple LLVM 21.0.0 (clang-2100.3.34.2)"," -O3 -DNDEBUG -DPITO_ECS_OWNED_DELETE_ATOMIC=1",8,100000,pito,owned_local,ecs_create_owned_local,8,10,9,10.214000
aalair,"Apple M3",8,"Darwin 27.0.0 arm64","Apple LLVM 21.0.0 (clang-2100.3.34.2)"," -O3 -DNDEBUG -DPITO_ECS_OWNED_DELETE_ATOMIC=1",8,100000,pito,owned_local,ecs_create_owned_local,8,10,10,10.480000
aalair,"Apple M3",8,"Darwin 27.0.0 arm64","Apple LLVM 21.0.0 (clang-2100.3.34.2)"," -O3 -DNDEBUG -DPITO_ECS_OWNED_DELETE_ATOMIC=1",8,100000,pito,owned_local,ecs_create_owned_local,8,10,11,10.379000
aalair,"Apple M3",8,"Darwin 27.0.0 arm64","Apple LLVM 21.0.0 (clang-2100.3.34.2)"," -O3 -DNDEBUG -DPITO_ECS_OWNED_DELETE_ATOMIC=1",8,100000,pito,owned_local,ecs_create_owned_local,8,10,12,9.602000
aalair,"Apple M3",8,"Darwin 27.0.0 arm64","Apple LLVM 21.0.0 (clang-2100.3.34.2)"," -O3 -DNDEBUG -DPITO_ECS_OWNED_DELETE_ATOMIC=1",8,100000,pito,owned_local,ecs_create_owned_local,8,500,1,81.359000
aalair,"Apple M3",8,"Darwin 27.0.0 arm64","Apple LLVM 21.0.0 (clang-2100.3.34.2)"," -O3 -DNDEBUG -DPITO_ECS_OWNED_DELETE_ATOMIC=1",8,100000,pito,owned_local,ecs_create_owned_local,8,500,2,72.212000
aalair,"Apple M3",8,"Darwin 27.0.0 arm64","Apple LLVM 21.0.0 (clang-2100.3.34.2)"," -O3 -DNDEBUG -DPITO_ECS_OWNED_DELETE_ATOMIC=1",8,100000,pito,owned_local,ecs_create_owned_local,8,500,3,77.857000
aalair,"Apple M3",8,"Darwin 27.0.0 arm64","Apple LLVM 21.0.0 (clang-2100.3.34.2)"," -O3 -DNDEBUG -DPITO_ECS_OWNED_DELETE_ATOMIC=1",8,100000,pito,owned_local,ecs_create_owned_local,8,500,4,83.736000
aalair,"Apple M3",8,"Darwin 27.0.0 arm64","Apple LLVM 21.0.0 (clang-2100.3.34.2)"," -O3 -DNDEBUG -DPITO_ECS_OWNED_DELETE_ATOMIC=1",8,100000,pito,owned_local,ecs_create_owned_local,8,500,5,70.329000
aalair,"Apple M3",8,"Darwin 27.0.0 arm64","Apple LLVM 21.0.0 (clang-2100.3.34.2)"," -O3 -DNDEBUG -DPITO_ECS_OWNED_DELETE_ATOMIC=1",8,100000,pito,owned_local,ecs_create_owned_local,8,500,6,99.236000
aalair,"Apple M3",8,"Darwin 27.0.0 arm64","Apple LLVM 21.0.0 (clang-2100.3.34.2)"," -O3 -DNDEBUG -DPITO_ECS_OWNED_DELETE_ATOMIC=1",8,100000,pito,owned_local,ecs_create_owned_local,8,500,7,70.752000
aalair,"Apple M3",8,"Darwin 27.0.0 arm64","Apple LLVM 21.0.0 (clang-2100.3.34.2)"," -O3 -DNDEBUG -DPITO_ECS_OWNED_DELETE_ATOMIC=1",8,100000,pito,owned_local,ecs_create_owned_local,8,500,8,70.242000
aalair,"Apple M3",8,"Darwin 27.0.0 arm64","Apple LLVM 21.0.0 (clang-2100.3.34.2)"," -O3 -DNDEBUG -DPITO_ECS_OWNED_DELETE_ATOMIC=1",8,100000,pito,owned_local,ecs_create_owned_local,8,500,9,87.958000
aalair,"Apple M3",8,"Darwin 27.0.0 arm64","Apple LLVM 21.0.0 (clang-2100.3.34.2)"," -O3 -DNDEBUG -DPITO_ECS_OWNED_DELETE_ATOMIC=1",8,100000,pito,owned_local,ecs_create_owned_local,8,500,10,75.801000
aalair,"Apple M3",8,"Darwin 27.0.0 arm64","Apple LLVM 21.0.0 (clang-2100.3.34.2)"," -O3 -DNDEBUG -DPITO_ECS_OWNED_DELETE_ATOMIC=1",8,100000,pito,owned_local,ecs_create_owned_local,8,500,11,80.261000
aalair,"Apple M3",8,"Darwin 27.0.0 arm64","Apple LLVM 21.0.0 (clang-2100.3.34.2)"," -O3 -DNDEBUG -DPITO_ECS_OWNED_DELETE_ATOMIC=1",8,100000,pito,owned_local,ecs_create_owned_local,8,500,12,70.693000
aalair,"Apple M3",8,"Darwin 27.0.0 arm64","Apple LLVM 21.0.0 (clang-2100.3.34.2)"," -O3 -DNDEBUG -DPITO_ECS_OWNED_DELETE_ATOMIC=1",8,100000,pito,owned_local,ecs_create_owned_local,8,500,13,78.576000
aalair,"Apple M3",8,"Darwin 27.0.0 arm64","Apple LLVM 21.0.0 (clang-2100.3.34.2)"," -O3 -DNDEBUG -DPITO_ECS_OWNED_DELETE_ATOMIC=1",8,100000,pito,owned_local,ecs_create_owned_local,8,500,14,81.794000
aalair,"Apple M3",8,"Darwin 27.0.0 arm64","Apple LLVM 21.0.0 (clang-2100.3.34.2)"," -O3 -DNDEBUG -DPITO_ECS_OWNED_DELETE_ATOMIC=1",8,100000,pito,owned_local,ecs_create_owned_local,8,500,15,79.789000
aalair,"Apple M3",8,"Darwin 27.0.0 arm64","Apple LLVM 21.0.0 (clang-2100.3.34.2)"," -O3 -DNDEBUG -DPITO_ECS_OWNED_DELETE_ATOMIC=1",8,100000,pito,owned_local,ecs_create_owned_local,8,500,16,76.589000
aalair,"Apple M3",8,"Darwin 27.0.0 arm64","Apple LLVM 21.0.0 (clang-2100.3.34.2)"," -O3 -DNDEBUG -DPITO_ECS_OWNED_DELETE_ATOMIC=1",8,100000,pito,owned_local,ecs_create_owned_local,8,500,17,77.472000
aalair,"Apple M3",8,"Darwin 27.0.0 arm64","Apple LLVM 21.0.0 (clang-2100.3.34.2)"," -O3 -DNDEBUG -DPITO_ECS_OWNED_DELETE_ATOMIC=1",8,100000,pito,owned_local,ecs_create_owned_local,8,500,18,73.911000
aalair,"Apple M3",8,"Darwin 27.0.0 arm64","Apple LLVM 21.0.0 (clang-2100.3.34.2)"," -O3 -DNDEBUG -DPITO_ECS_OWNED_DELETE_ATOMIC=1",8,100000,pito,owned_local,ecs_create_owned_local,8,500,19,77.863000
aalair,"Apple M3",8,"Darwin 27.0.0 arm64","Apple LLVM 21.0.0 (clang-2100.3.34.2)"," -O3 -DNDEBUG -DPITO_ECS_OWNED_DELETE_ATOMIC=1",8,100000,pito,owned_local,ecs_create_owned_local,8,500,20,75.339000
aalair,"Apple M3",8,"Darwin 27.0.0 arm64","Apple LLVM 21.0.0 (clang-2100.3.34.2)"," -O3 -DNDEBUG -DPITO_ECS_OWNED_DELETE_ATOMIC=1",8,100000,pito,owned_local,ecs_create_owned_local,8,500,21,76.513000
aalair,"Apple M3",8,"Darwin 27.0.0 arm64","Apple LLVM 21.0.0 (clang-2100.3.34.2)"," -O3 -DNDEBUG -DPITO_ECS_OWNED_DELETE_ATOMIC=1",8,100000,pito,owned_local,ecs_flush_owned,1,0,1,16.014000
aalair,"Apple M3",8,"Darwin 27.0.0 arm64","Apple LLVM 21.0.0 (clang-2100.3.34.2)"," -O3 -DNDEBUG -DPITO_ECS_OWNED_DELETE_ATOMIC=1",8,100000,pito,owned_local,ecs_flush_owned,1,0,2,15.270000
aalair,"Apple M3",8,"Darwin 27.0.0 arm64","Apple LLVM 21.0.0 (clang-2100.3.34.2)"," -O3 -DNDEBUG -DPITO_ECS_OWNED_DELETE_ATOMIC=1",8,100000,pito,owned_local,ecs_flush_owned,1,0,3,14.810000
aalair,"Apple M3",8,"Darwin 27.0.0 arm64","Apple LLVM 21.0.0 (clang-2100.3.34.2)"," -O3 -DNDEBUG -DPITO_ECS_OWNED_DELETE_ATOMIC=1",8,100000,pito,owned_local,ecs_flush_owned,1,0,4,14.828000
aalair,"Apple M3",8,"Darwin 27.0.0 arm64","Apple LLVM 21.0.0 (clang-2100.3.34.2)"," -O3 -DNDEBUG -DPITO_ECS_OWNED_DELETE_ATOMIC=1",8,100000,pito,owned_local,ecs_flush_owned,1,0,5,14.835000
aalair,"Apple M3",8,"Darwin 27.0.0 arm64","Apple LLVM 21.0.0 (clang-2100.3.34.2)"," -O3 -DNDEBUG -DPITO_ECS_OWNED_DELETE_ATOMIC=1",8,100000,pito,owned_local,ecs_flush_owned,1,0,6,14.821000
aalair,"Apple M3",8,"Darwin 27.0.0 arm64","Apple LLVM 21.0.0 (clang-2100.3.34.2)"," -O3 -DNDEBUG -DPITO_ECS_OWNED_DELETE_ATOMIC=1",8,100000,pito,owned_local,ecs_flush_owned,1,0,7,14.811000
aalair,"Apple M3",8,"Darwin 27.0.0 arm64","Apple LLVM 21.0.0 (clang-2100.3.34.2)"," -O3 -DNDEBUG -DPITO_ECS_OWNED_DELETE_ATOMIC=1",8,100000,pito,owned_local,ecs_flush_owned,1,0,8,14.826000
aalair,"Apple M3",8,"Darwin 27.0.0 arm64","Apple LLVM 21.0.0 (clang-2100.3.34.2)"," -O3 -DNDEBUG -DPITO_ECS_OWNED_DELETE_ATOMIC=1",8,100000,pito,owned_local,ecs_flush_owned,1,0,9,14.811000
aalair,"Apple M3",8,"Darwin 27.0.0 arm64","Apple LLVM 21.0.0 (clang-2100.3.34.2)"," -O3 -DNDEBUG -DPITO_ECS_OWNED_DELETE_ATOMIC=1",8,100000,pito,owned_local,ecs_flush_owned,1,0,10,14.829000
aalair,"Apple M3",8,"Darwin 27.0.0 arm64","Apple LLVM 21.0.0 (clang-2100.3.34.2)"," -O3 -DNDEBUG -DPITO_ECS_OWNED_DELETE_ATOMIC=1",8,100000,pito,owned_local,ecs_flush_owned,1,0,11,14.823000
aalair,"Apple M3",8,"Darwin 27.0.0 arm64","Apple LLVM 21.0.0 (clang-2100.3.34.2)"," -O3 -DNDEBUG -DPITO_ECS_OWNED_DELETE_ATOMIC=1",8,100000,pito,owned_local,ecs_flush_owned,1,10,1,15.306000
aalair,"Apple M3",8,"Darwin 27.0.0 arm64","Apple LLVM 21.0.0 (clang-2100.3.34.2)"," -O3 -DNDEBUG -DPITO_ECS_OWNED_DELETE_ATOMIC=1",8,100000,pito,owned_local,ecs_flush_owned,1,10,2,15.298000
aalair,"Apple M3",8,"Darwin 27.0.0 arm64","Apple LLVM 21.0.0 (clang-2100.3.34.2)"," -O3 -DNDEBUG -DPITO_ECS_OWNED_DELETE_ATOMIC=1",8,100000,pito,owned_local,ecs_flush_owned,1,10,3,15.291000
aalair,"Apple M3",8,"Darwin 27.0.0 arm64","Apple LLVM 21.0.0 (clang-2100.3.34.2)"," -O3 -DNDEBUG -DPITO_ECS_OWNED_DELETE_ATOMIC=1",8,100000,pito,owned_local,ecs_flush_owned,1,10,4,15.282000
aalair,"Apple M3",8,"Darwin 27.0.0 arm64","Apple LLVM 21.0.0 (clang-2100.3.34.2)"," -O3 -DNDEBUG -DPITO_ECS_OWNED_DELETE_ATOMIC=1",8,100000,pito,owned_local,ecs_flush_owned,1,10,5,15.253000
aalair,"Apple M3",8,"Darwin 27.0.0 arm64","Apple LLVM 21.0.0 (clang-2100.3.34.2)"," -O3 -DNDEBUG -DPITO_ECS_OWNED_DELETE_ATOMIC=1",8,100000,pito,owned_local,ecs_flush_owned,1,10,6,15.181000
aalair,"Apple M3",8,"Darwin 27.0.0 arm64","Apple LLVM 21.0.0 (clang-2100.3.34.2)"," -O3 -DNDEBUG -DPITO_ECS_OWNED_DELETE_ATOMIC=1",8,100000,pito,owned_local,ecs_flush_owned,1,10,7,15.190000
aalair,"Apple M3",8,"Darwin 27.0.0 arm64","Apple LLVM 21.0.0 (clang-2100.3.34.2)"," -O3 -DNDEBUG -DPITO_ECS_OWNED_DELETE_ATOMIC=1",8,100000,pito,owned_local,ecs_flush_owned,1,10,8,15.193000
aalair,"Apple M3",8,"Darwin 27.0.0 arm64","Apple LLVM 21.0.0 (clang-2100.3.34.2)"," -O3 -DNDEBUG -DPITO_ECS_OWNED_DELETE_ATOMIC=1",8,100000,pito,owned_local,ecs_flush_owned,1,10,9,15.200000
aalair,"Apple M3",8,"Darwin 27.0.0 arm64","Apple LLVM 21.0.0 (clang-2100.3.34.2)"," -O3 -DNDEBUG -DPITO_ECS_OWNED_DELETE_ATOMIC=1",8,100000,pito,owned_local,ecs_flush_owned,1,10,10,15.171000
aalair,"Apple M3",8,"Darwin 27.0.0 arm64","Apple LLVM 21.0.0 (clang-2100.3.34.2)"," -O3 -DNDEBUG -DPITO_ECS_OWNED_DELETE_ATOMIC=1",8,100000,pito,owned_local,ecs_flush_owned,1,500,1,399.477000
aalair,"Apple M3",8,"Darwin 27.0.0 arm64","Apple LLVM 21.0.0 (clang-2100.3.34.2)"," -O3 -DNDEBUG -DPITO_ECS_OWNED_DELETE_ATOMIC=1",8,100000,pito,owned_local,ecs_flush_owned,1,500,2,397.322000
aalair,"Apple M3",8,"Darwin 27.0.0 arm64","Apple LLVM 21.0.0 (clang-2100.3.34.2)"," -O3 -DNDEBUG -DPITO_ECS_OWNED_DELETE_ATOMIC=1",8,100000,pito,owned_local,ecs_flush_owned,1,500,3,397.389000
aalair,"Apple M3",8,"Darwin 27.0.0 arm64","Apple LLVM 21.0.0 (clang-2100.3.34.2)"," -O3 -DNDEBUG -DPITO_ECS_OWNED_DELETE_ATOMIC=1",8,100000,pito,owned_local,ecs_flush_owned,1,500,4,370.182000
aalair,"Apple M3",8,"Darwin 27.0.0 arm64","Apple LLVM 21.0.0 (clang-2100.3.34.2)"," -O3 -DNDEBUG -DPITO_ECS_OWNED_DELETE_ATOMIC=1",8,100000,pito,owned_local,ecs_flush_owned,1,500,5,373.498000
aalair,"Apple M3",8,"Darwin 27.0.0 arm64","Apple LLVM 21.0.0 (clang-2100.3.34.2)"," -O3 -DNDEBUG -DPITO_ECS_OWNED_DELETE_ATOMIC=1",8,100000,pito,owned_local,ecs_flush_owned,1,500,6,365.515000
aalair,"Apple M3",8,"Darwin 27.0.0 arm64","Apple LLVM 21.0.0 (clang-2100.3.34.2)"," -O3 -DNDEBUG -DPITO_ECS_OWNED_DELETE_ATOMIC=1",8,100000,pito,owned_local,ecs_flush_owned,1,500,7,389.914000
aalair,"Apple M3",8,"Darwin 27.0.0 arm64","Apple LLVM 21.0.0 (clang-2100.3.34.2)"," -O3 -DNDEBUG -DPITO_ECS_OWNED_DELETE_ATOMIC=1",8,100000,pito,owned_local,ecs_flush_owned,1,500,8,397.309000
aalair,"Apple M3",8,"Darwin 27.0.0 arm64","Apple LLVM 21.0.0 (clang-2100.3.34.2)"," -O3 -DNDEBUG -DPITO_ECS_OWNED_DELETE_ATOMIC=1",8,100000,pito,owned_local,ecs_flush_owned,1,500,9,364.070000
aalair,"Apple M3",8,"Darwin 27.0.0 arm64","Apple LLVM 21.0.0 (clang-2100.3.34.2)"," -O3 -DNDEBUG -DPITO_ECS_OWNED_DELETE_ATOMIC=1",8,100000,pito,owned_local,ecs_flush_owned,1,500,10,361.725000
aalair,"Apple M3",8,"Darwin 27.0.0 arm64","Apple LLVM 21.0.0 (clang-2100.3.34.2)"," -O3 -DNDEBUG -DPITO_ECS_OWNED_DELETE_ATOMIC=1",8,100000,pito,owned_local,ecs_flush_owned,1,500,11,361.143000
aalair,"Apple M3",8,"Darwin 27.0.0 arm64","Apple LLVM 21.0.0 (clang-2100.3.34.2)"," -O3 -DNDEBUG -DPITO_ECS_OWNED_DELETE_ATOMIC=1",8,100000,pito,owned_local,ecs_flush_owned,1,500,12,378.277000
aalair,"Apple M3",8,"Darwin 27.0.0 arm64","Apple LLVM 21.0.0 (clang-2100.3.34.2)"," -O3 -DNDEBUG -DPITO_ECS_OWNED_DELETE_ATOMIC=1",8,100000,pito,owned_local,ecs_flush_owned,1,500,13,372.478000
aalair,"Apple M3",8,"Darwin 27.0.0 arm64","Apple LLVM 21.0.0 (clang-2100.3.34.2)"," -O3 -DNDEBUG -DPITO_ECS_OWNED_DELETE_ATOMIC=1",8,100000,pito,owned_local,ecs_flush_owned,1,500,14,382.815000
aalair,"Apple M3",8,"Darwin 27.0.0 arm64","Apple LLVM 21.0.0 (clang-2100.3.34.2)"," -O3 -DNDEBUG -DPITO_ECS_OWNED_DELETE_ATOMIC=1",8,100000,pito,owned_local,ecs_flush_owned,1,500,15,372.506000
aalair,"Apple M3",8,"Darwin 27.0.0 arm64","Apple LLVM 21.0.0 (clang-2100.3.34.2)"," -O3 -DNDEBUG -DPITO_ECS_OWNED_DELETE_ATOMIC=1",8,100000,pito,owned_local,ecs_flush_owned,1,500,16,390.250000
aalair,"Apple M3",8,"Darwin 27.0.0 arm64","Apple LLVM 21.0.0 (clang-2100.3.34.2)"," -O3 -DNDEBUG -DPITO_ECS_OWNED_DELETE_ATOMIC=1",8,100000,pito,owned_local,ecs_flush_owned,1,500,17,390.940000
aalair,"Apple M3",8,"Darwin 27.0.0 arm64","Apple LLVM 21.0.0 (clang-2100.3.34.2)"," -O3 -DNDEBUG -DPITO_ECS_OWNED_DELETE_ATOMIC=1",8,100000,pito,owned_local,ecs_flush_owned,1,500,18,371.516000
aalair,"Apple M3",8,"Darwin 27.0.0 arm64","Apple LLVM 21.0.0 (clang-2100.3.34.2)"," -O3 -DNDEBUG -DPITO_ECS_OWNED_DELETE_ATOMIC=1",8,100000,pito,owned_local,ecs_flush_owned,1,500,19,398.333000
aalair,"Apple M3",8,"Darwin 27.0.0 arm64","Apple LLVM 21.0.0 (clang-2100.3.34.2)"," -O3 -DNDEBUG -DPITO_ECS_OWNED_DELETE_ATOMIC=1",8,100000,pito,owned_local,ecs_flush_owned,1,500,20,397.707000
aalair,"Apple M3",8,"Darwin 27.0.0 arm64","Apple LLVM 21.0.0 (clang-2100.3.34.2)"," -O3 -DNDEBUG -DPITO_ECS_OWNED_DELETE_ATOMIC=1",8,100000,pito,owned_local,ecs_flush_owned,2,0,1,11.462000
aalair,"Apple M3",8,"Darwin 27.0.0 arm64","Apple LLVM 21.0.0 (clang-2100.3.34.2)"," -O3 -DNDEBUG -DPITO_ECS_OWNED_DELETE_ATOMIC=1",8,100000,pito,owned_local,ecs_flush_owned,2,0,2,11.904000
aalair,"Apple M3",8,"Darwin 27.0.0 arm64","Apple LLVM 21.0.0 (clang-2100.3.34.2)"," -O3 -DNDEBUG -DPITO_ECS_OWNED_DELETE_ATOMIC=1",8,100000,pito,owned_local,ecs_flush_owned,2,0,3,11.917000
aalair,"Apple M3",8,"Darwin 27.0.0 arm64","Apple LLVM 21.0.0 (clang-2100.3.34.2)"," -O3 -DNDEBUG -DPITO_ECS_OWNED_DELETE_ATOMIC=1",8,100000,pito,owned_local,ecs_flush_owned,2,0,4,11.446000
aalair,"Apple M3",8,"Darwin 27.0.0 arm64","Apple LLVM 21.0.0 (clang-2100.3.34.2)"," -O3 -DNDEBUG -DPITO_ECS_OWNED_DELETE_ATOMIC=1",8,100000,pito,owned_local,ecs_flush_owned,2,0,5,11.469000
aalair,"Apple M3",8,"Darwin 27.0.0 arm64","Apple LLVM 21.0.0 (clang-2100.3.34.2)"," -O3 -DNDEBUG -DPITO_ECS_OWNED_DELETE_ATOMIC=1",8,100000,pito,owned_local,ecs_flush_owned,2,0,6,11.435000
aalair,"Apple M3",8,"Darwin 27.0.0 arm64","Apple LLVM 21.0.0 (clang-2100.3.34.2)"," -O3 -DNDEBUG -DPITO_ECS_OWNED_DELETE_ATOMIC=1",8,100000,pito,owned_local,ecs_flush_owned,2,0,7,12.356000
aalair,"Apple M3",8,"Darwin 27.0.0 arm64","Apple LLVM 21.0.0 (clang-2100.3.34.2)"," -O3 -DNDEBUG -DPITO_ECS_OWNED_DELETE_ATOMIC=1",8,100000,pito,owned_local,ecs_flush_owned,2,0,8,11.812000
aalair,"Apple M3",8,"Darwin 27.0.0 arm64","Apple LLVM 21.0.0 (clang-2100.3.34.2)"," -O3 -DNDEBUG -DPITO_ECS_OWNED_DELETE_ATOMIC=1",8,100000,pito,owned_local,ecs_flush_owned,2,0,9,11.349000
aalair,"Apple M3",8,"Darwin 27.0.0 arm64","Apple LLVM 21.0.0 (clang-2100.3.34.2)"," -O3 -DNDEBUG -DPITO_ECS_OWNED_DELETE_ATOMIC=1",8,100000,pito,owned_local,ecs_flush_owned,2,0,10,11.342000
aalair,"Apple M3",8,"Darwin 27.0.0 arm64","Apple LLVM 21.0.0 (clang-2100.3.34.2)"," -O3 -DNDEBUG -DPITO_ECS_OWNED_DELETE_ATOMIC=1",8,100000,pito,owned_local,ecs_flush_owned,2,0,11,11.348000
aalair,"Apple M3",8,"Darwin 27.0.0 arm64","Apple LLVM 21.0.0 (clang-2100.3.34.2)"," -O3 -DNDEBUG -DPITO_ECS_OWNED_DELETE_ATOMIC=1",8,100000,pito,owned_local,ecs_flush_owned,2,10,1,12.000000
aalair,"Apple M3",8,"Darwin 27.0.0 arm64","Apple LLVM 21.0.0 (clang-2100.3.34.2)"," -O3 -DNDEBUG -DPITO_ECS_OWNED_DELETE_ATOMIC=1",8,100000,pito,owned_local,ecs_flush_owned,2,10,2,12.002000
aalair,"Apple M3",8,"Darwin 27.0.0 arm64","Apple LLVM 21.0.0 (clang-2100.3.34.2)"," -O3 -DNDEBUG -DPITO_ECS_OWNED_DELETE_ATOMIC=1",8,100000,pito,owned_local,ecs_flush_owned,2,10,3,12.089000
aalair,"Apple M3",8,"Darwin 27.0.0 arm64","Apple LLVM 21.0.0 (clang-2100.3.34.2)"," -O3 -DNDEBUG -DPITO_ECS_OWNED_DELETE_ATOMIC=1",8,100000,pito,owned_local,ecs_flush_owned,2,10,4,12.643000
aalair,"Apple M3",8,"Darwin 27.0.0 arm64","Apple LLVM 21.0.0 (clang-2100.3.34.2)"," -O3 -DNDEBUG -DPITO_ECS_OWNED_DELETE_ATOMIC=1",8,100000,pito,owned_local,ecs_flush_owned,2,10,5,12.693000
aalair,"Apple M3",8,"Darwin 27.0.0 arm64","Apple LLVM 21.0.0 (clang-2100.3.34.2)"," -O3 -DNDEBUG -DPITO_ECS_OWNED_DELETE_ATOMIC=1",8,100000,pito,owned_local,ecs_flush_owned,2,10,6,11.965000
aalair,"Apple M3",8,"Darwin 27.0.0 arm64","Apple LLVM 21.0.0 (clang-2100.3.34.2)"," -O3 -DNDEBUG -DPITO_ECS_OWNED_DELETE_ATOMIC=1",8,100000,pito,owned_local,ecs_flush_owned,2,10,7,12.076000
aalair,"Apple M3",8,"Darwin 27.0.0 arm64","Apple LLVM 21.0.0 (clang-2100.3.34.2)"," -O3 -DNDEBUG -DPITO_ECS_OWNED_DELETE_ATOMIC=1",8,100000,pito,owned_local,ecs_flush_owned,2,10,8,11.965000
aalair,"Apple M3",8,"Darwin 27.0.0 arm64","Apple LLVM 21.0.0 (clang-2100.3.34.2)"," -O3 -DNDEBUG -DPITO_ECS_OWNED_DELETE_ATOMIC=1",8,100000,pito,owned_local,ecs_flush_owned,2,10,9,11.982000
aalair,"Apple M3",8,"Darwin 27.0.0 arm64","Apple LLVM 21.0.0 (clang-2100.3.34.2)"," -O3 -DNDEBUG -DPITO_ECS_OWNED_DELETE_ATOMIC=1",8,100000,pito,owned_local,ecs_flush_owned,2,10,10,12.038000
aalair,"Apple M3",8,"Darwin 27.0.0 arm64","Apple LLVM 21.0.0 (clang-2100.3.34.2)"," -O3 -DNDEBUG -DPITO_ECS_OWNED_DELETE_ATOMIC=1",8,100000,pito,owned_local,ecs_flush_owned,2,10,11,12.548000
aalair,"Apple M3",8,"Darwin 27.0.0 arm64","Apple LLVM 21.0.0 (clang-2100.3.34.2)"," -O3 -DNDEBUG -DPITO_ECS_OWNED_DELETE_ATOMIC=1",8,100000,pito,owned_local,ecs_flush_owned,2,10,12,13.001000
aalair,"Apple M3",8,"Darwin 27.0.0 arm64","Apple LLVM 21.0.0 (clang-2100.3.34.2)"," -O3 -DNDEBUG -DPITO_ECS_OWNED_DELETE_ATOMIC=1",8,100000,pito,owned_local,ecs_flush_owned,2,10,13,12.911000
aalair,"Apple M3",8,"Darwin 27.0.0 arm64","Apple LLVM 21.0.0 (clang-2100.3.34.2)"," -O3 -DNDEBUG -DPITO_ECS_OWNED_DELETE_ATOMIC=1",8,100000,pito,owned_local,ecs_flush_owned,2,10,14,13.636000
aalair,"Apple M3",8,"Darwin 27.0.0 arm64","Apple LLVM 21.0.0 (clang-2100.3.34.2)"," -O3 -DNDEBUG -DPITO_ECS_OWNED_DELETE_ATOMIC=1",8,100000,pito,owned_local,ecs_flush_owned,2,10,15,12.847000
aalair,"Apple M3",8,"Darwin 27.0.0 arm64","Apple LLVM 21.0.0 (clang-2100.3.34.2)"," -O3 -DNDEBUG -DPITO_ECS_OWNED_DELETE_ATOMIC=1",8,100000,pito,owned_local,ecs_flush_owned,2,10,16,13.691000
aalair,"Apple M3",8,"Darwin 27.0.0 arm64","Apple LLVM 21.0.0 (clang-2100.3.34.2)"," -O3 -DNDEBUG -DPITO_ECS_OWNED_DELETE_ATOMIC=1",8,100000,pito,owned_local,ecs_flush_owned,2,500,1,204.491000
aalair,"Apple M3",8,"Darwin 27.0.0 arm64","Apple LLVM 21.0.0 (clang-2100.3.34.2)"," -O3 -DNDEBUG -DPITO_ECS_OWNED_DELETE_ATOMIC=1",8,100000,pito,owned_local,ecs_flush_owned,2,500,2,200.672000
aalair,"Apple M3",8,"Darwin 27.0.0 arm64","Apple LLVM 21.0.0 (clang-2100.3.34.2)"," -O3 -DNDEBUG -DPITO_ECS_OWNED_DELETE_ATOMIC=1",8,100000,pito,owned_local,ecs_flush_owned,2,500,3,202.412000
aalair,"Apple M3",8,"Darwin 27.0.0 arm64","Apple LLVM 21.0.0 (clang-2100.3.34.2)"," -O3 -DNDEBUG -DPITO_ECS_OWNED_DELETE_ATOMIC=1",8,100000,pito,owned_local,ecs_flush_owned,2,500,4,204.358000
aalair,"Apple M3",8,"Darwin 27.0.0 arm64","Apple LLVM 21.0.0 (clang-2100.3.34.2)"," -O3 -DNDEBUG -DPITO_ECS_OWNED_DELETE_ATOMIC=1",8,100000,pito,owned_local,ecs_flush_owned,2,500,5,204.208000
aalair,"Apple M3",8,"Darwin 27.0.0 arm64","Apple LLVM 21.0.0 (clang-2100.3.34.2)"," -O3 -DNDEBUG -DPITO_ECS_OWNED_DELETE_ATOMIC=1",8,100000,pito,owned_local,ecs_flush_owned,2,500,6,200.961000
aalair,"Apple M3",8,"Darwin 27.0.0 arm64","Apple LLVM 21.0.0 (clang-2100.3.34.2)"," -O3 -DNDEBUG -DPITO_ECS_OWNED_DELETE_ATOMIC=1",8,100000,pito,owned_local,ecs_flush_owned,2,500,7,197.696000
aalair,"Apple M3",8,"Darwin 27.0.0 arm64","Apple LLVM 21.0.0 (clang-2100.3.34.2)"," -O3 -DNDEBUG -DPITO_ECS_OWNED_DELETE_ATOMIC=1",8,100000,pito,owned_local,ecs_flush_owned,2,500,8,194.139000
aalair,"Apple M3",8,"Darwin 27.0.0 arm64","Apple LLVM 21.0.0 (clang-2100.3.34.2)"," -O3 -DNDEBUG -DPITO_ECS_OWNED_DELETE_ATOMIC=1",8,100000,pito,owned_local,ecs_flush_owned,2,500,9,193.623000
aalair,"Apple M3",8,"Darwin 27.0.0 arm64","Apple LLVM 21.0.0 (clang-2100.3.34.2)"," -O3 -DNDEBUG -DPITO_ECS_OWNED_DELETE_ATOMIC=1",8,100000,pito,owned_local,ecs_flush_owned,2,500,10,193.231000
aalair,"Apple M3",8,"Darwin 27.0.0 arm64","Apple LLVM 21.0.0 (clang-2100.3.34.2)"," -O3 -DNDEBUG -DPITO_ECS_OWNED_DELETE_ATOMIC=1",8,100000,pito,owned_local,ecs_flush_owned,4,0,1,10.379000
aalair,"Apple M3",8,"Darwin 27.0.0 arm64","Apple LLVM 21.0.0 (clang-2100.3.34.2)"," -O3 -DNDEBUG -DPITO_ECS_OWNED_DELETE_ATOMIC=1",8,100000,pito,owned_local,ecs_flush_owned,4,0,2,10.327000
aalair,"Apple M3",8,"Darwin 27.0.0 arm64","Apple LLVM 21.0.0 (clang-2100.3.34.2)"," -O3 -DNDEBUG -DPITO_ECS_OWNED_DELETE_ATOMIC=1",8,100000,pito,owned_local,ecs_flush_owned,4,0,3,10.380000
aalair,"Apple M3",8,"Darwin 27.0.0 arm64","Apple LLVM 21.0.0 (clang-2100.3.34.2)"," -O3 -DNDEBUG -DPITO_ECS_OWNED_DELETE_ATOMIC=1",8,100000,pito,owned_local,ecs_flush_owned,4,0,4,10.269000
aalair,"Apple M3",8,"Darwin 27.0.0 arm64","Apple LLVM 21.0.0 (clang-2100.3.34.2)"," -O3 -DNDEBUG -DPITO_ECS_OWNED_DELETE_ATOMIC=1",8,100000,pito,owned_local,ecs_flush_owned,4,0,5,10.357000
aalair,"Apple M3",8,"Darwin 27.0.0 arm64","Apple LLVM 21.0.0 (clang-2100.3.34.2)"," -O3 -DNDEBUG -DPITO_ECS_OWNED_DELETE_ATOMIC=1",8,100000,pito,owned_local,ecs_flush_owned,4,0,6,10.317000
aalair,"Apple M3",8,"Darwin 27.0.0 arm64","Apple LLVM 21.0.0 (clang-2100.3.34.2)"," -O3 -DNDEBUG -DPITO_ECS_OWNED_DELETE_ATOMIC=1",8,100000,pito,owned_local,ecs_flush_owned,4,0,7,10.235000
aalair,"Apple M3",8,"Darwin 27.0.0 arm64","Apple LLVM 21.0.0 (clang-2100.3.34.2)"," -O3 -DNDEBUG -DPITO_ECS_OWNED_DELETE_ATOMIC=1",8,100000,pito,owned_local,ecs_flush_owned,4,0,8,10.346000
aalair,"Apple M3",8,"Darwin 27.0.0 arm64","Apple LLVM 21.0.0 (clang-2100.3.34.2)"," -O3 -DNDEBUG -DPITO_ECS_OWNED_DELETE_ATOMIC=1",8,100000,pito,owned_local,ecs_flush_owned,4,0,9,10.657000
aalair,"Apple M3",8,"Darwin 27.0.0 arm64","Apple LLVM 21.0.0 (clang-2100.3.34.2)"," -O3 -DNDEBUG -DPITO_ECS_OWNED_DELETE_ATOMIC=1",8,100000,pito,owned_local,ecs_flush_owned,4,0,10,12.804000
aalair,"Apple M3",8,"Darwin 27.0.0 arm64","Apple LLVM 21.0.0 (clang-2100.3.34.2)"," -O3 -DNDEBUG -DPITO_ECS_OWNED_DELETE_ATOMIC=1",8,100000,pito,owned_local,ecs_flush_owned,4,0,11,16.301000
aalair,"Apple M3",8,"Darwin 27.0.0 arm64","Apple LLVM 21.0.0 (clang-2100.3.34.2)"," -O3 -DNDEBUG -DPITO_ECS_OWNED_DELETE_ATOMIC=1",8,100000,pito,owned_local,ecs_flush_owned,4,0,12,14.132000
aalair,"Apple M3",8,"Darwin 27.0.0 arm64","Apple LLVM 21.0.0 (clang-2100.3.34.2)"," -O3 -DNDEBUG -DPITO_ECS_OWNED_DELETE_ATOMIC=1",8,100000,pito,owned_local,ecs_flush_owned,4,0,13,11.089000
aalair,"Apple M3",8,"Darwin 27.0.0 arm64","Apple LLVM 21.0.0 (clang-2100.3.34.2)"," -O3 -DNDEBUG -DPITO_ECS_OWNED_DELETE_ATOMIC=1",8,100000,pito,owned_local,ecs_flush_owned,4,0,14,11.167000
aalair,"Apple M3",8,"Darwin 27.0.0 arm64","Apple LLVM 21.0.0 (clang-2100.3.34.2)"," -O3 -DNDEBUG -DPITO_ECS_OWNED_DELETE_ATOMIC=1",8,100000,pito,owned_local,ecs_flush_owned,4,0,15,10.765000
aalair,"Apple M3",8,"Darwin 27.0.0 arm64","Apple LLVM 21.0.0 (clang-2100.3.34.2)"," -O3 -DNDEBUG -DPITO_ECS_OWNED_DELETE_ATOMIC=1",8,100000,pito,owned_local,ecs_flush_owned,4,0,16,10.916000
aalair,"Apple M3",8,"Darwin 27.0.0 arm64","Apple LLVM 21.0.0 (clang-2100.3.34.2)"," -O3 -DNDEBUG -DPITO_ECS_OWNED_DELETE_ATOMIC=1",8,100000,pito,owned_local,ecs_flush_owned,4,0,17,11.519000
aalair,"Apple M3",8,"Darwin 27.0.0 arm64","Apple LLVM 21.0.0 (clang-2100.3.34.2)"," -O3 -DNDEBUG -DPITO_ECS_OWNED_DELETE_ATOMIC=1",8,100000,pito,owned_local,ecs_flush_owned,4,0,18,12.490000
aalair,"Apple M3",8,"Darwin 27.0.0 arm64","Apple LLVM 21.0.0 (clang-2100.3.34.2)"," -O3 -DNDEBUG -DPITO_ECS_OWNED_DELETE_ATOMIC=1",8,100000,pito,owned_local,ecs_flush_owned,4,0,19,11.130000
aalair,"Apple M3",8,"Darwin 27.0.0 arm64","Apple LLVM 21.0.0 (clang-2100.3.34.2)"," -O3 -DNDEBUG -DPITO_ECS_OWNED_DELETE_ATOMIC=1",8,100000,pito,owned_local,ecs_flush_owned,4,0,20,10.816000
aalair,"Apple M3",8,"Darwin 27.0.0 arm64","Apple LLVM 21.0.0 (clang-2100.3.34.2)"," -O3 -DNDEBUG -DPITO_ECS_OWNED_DELETE_ATOMIC=1",8,100000,pito,owned_local,ecs_flush_owned,4,0,21,11.833000
aalair,"Apple M3",8,"Darwin 27.0.0 arm64","Apple LLVM 21.0.0 (clang-2100.3.34.2)"," -O3 -DNDEBUG -DPITO_ECS_OWNED_DELETE_ATOMIC=1",8,100000,pito,owned_local,ecs_flush_owned,4,0,22,11.991000
aalair,"Apple M3",8,"Darwin 27.0.0 arm64","Apple LLVM 21.0.0 (clang-2100.3.34.2)"," -O3 -DNDEBUG -DPITO_ECS_OWNED_DELETE_ATOMIC=1",8,100000,pito,owned_local,ecs_flush_owned,4,0,23,10.316000
aalair,"Apple M3",8,"Darwin 27.0.0 arm64","Apple LLVM 21.0.0 (clang-2100.3.34.2)"," -O3 -DNDEBUG -DPITO_ECS_OWNED_DELETE_ATOMIC=1",8,100000,pito,owned_local,ecs_flush_owned,4,0,24,10.463000
aalair,"Apple M3",8,"Darwin 27.0.0 arm64","Apple LLVM 21.0.0 (clang-2100.3.34.2)"," -O3 -DNDEBUG -DPITO_ECS_OWNED_DELETE_ATOMIC=1",8,100000,pito,owned_local,ecs_flush_owned,4,0,25,10.410000
aalair,"Apple M3",8,"Darwin 27.0.0 arm64","Apple LLVM 21.0.0 (clang-2100.3.34.2)"," -O3 -DNDEBUG -DPITO_ECS_OWNED_DELETE_ATOMIC=1",8,100000,pito,owned_local,ecs_flush_owned,4,0,26,10.563000
aalair,"Apple M3",8,"Darwin 27.0.0 arm64","Apple LLVM 21.0.0 (clang-2100.3.34.2)"," -O3 -DNDEBUG -DPITO_ECS_OWNED_DELETE_ATOMIC=1",8,100000,pito,owned_local,ecs_flush_owned,4,10,1,10.921000
aalair,"Apple M3",8,"Darwin 27.0.0 arm64","Apple LLVM 21.0.0 (clang-2100.3.34.2)"," -O3 -DNDEBUG -DPITO_ECS_OWNED_DELETE_ATOMIC=1",8,100000,pito,owned_local,ecs_flush_owned,4,10,2,11.001000
aalair,"Apple M3",8,"Darwin 27.0.0 arm64","Apple LLVM 21.0.0 (clang-2100.3.34.2)"," -O3 -DNDEBUG -DPITO_ECS_OWNED_DELETE_ATOMIC=1",8,100000,pito,owned_local,ecs_flush_owned,4,10,3,10.865000
aalair,"Apple M3",8,"Darwin 27.0.0 arm64","Apple LLVM 21.0.0 (clang-2100.3.34.2)"," -O3 -DNDEBUG -DPITO_ECS_OWNED_DELETE_ATOMIC=1",8,100000,pito,owned_local,ecs_flush_owned,4,10,4,10.788000
aalair,"Apple M3",8,"Darwin 27.0.0 arm64","Apple LLVM 21.0.0 (clang-2100.3.34.2)"," -O3 -DNDEBUG -DPITO_ECS_OWNED_DELETE_ATOMIC=1",8,100000,pito,owned_local,ecs_flush_owned,4,10,5,10.780000
aalair,"Apple M3",8,"Darwin 27.0.0 arm64","Apple LLVM 21.0.0 (clang-2100.3.34.2)"," -O3 -DNDEBUG -DPITO_ECS_OWNED_DELETE_ATOMIC=1",8,100000,pito,owned_local,ecs_flush_owned,4,10,6,10.787000
aalair,"Apple M3",8,"Darwin 27.0.0 arm64","Apple LLVM 21.0.0 (clang-2100.3.34.2)"," -O3 -DNDEBUG -DPITO_ECS_OWNED_DELETE_ATOMIC=1",8,100000,pito,owned_local,ecs_flush_owned,4,10,7,10.986000
aalair,"Apple M3",8,"Darwin 27.0.0 arm64","Apple LLVM 21.0.0 (clang-2100.3.34.2)"," -O3 -DNDEBUG -DPITO_ECS_OWNED_DELETE_ATOMIC=1",8,100000,pito,owned_local,ecs_flush_owned,4,10,8,10.877000
aalair,"Apple M3",8,"Darwin 27.0.0 arm64","Apple LLVM 21.0.0 (clang-2100.3.34.2)"," -O3 -DNDEBUG -DPITO_ECS_OWNED_DELETE_ATOMIC=1",8,100000,pito,owned_local,ecs_flush_owned,4,10,9,10.872000
aalair,"Apple M3",8,"Darwin 27.0.0 arm64","Apple LLVM 21.0.0 (clang-2100.3.34.2)"," -O3 -DNDEBUG -DPITO_ECS_OWNED_DELETE_ATOMIC=1",8,100000,pito,owned_local,ecs_flush_owned,4,10,10,10.807000
aalair,"Apple M3",8,"Darwin 27.0.0 arm64","Apple LLVM 21.0.0 (clang-2100.3.34.2)"," -O3 -DNDEBUG -DPITO_ECS_OWNED_DELETE_ATOMIC=1",8,100000,pito,owned_local,ecs_flush_owned,4,500,1,106.703000
aalair,"Apple M3",8,"Darwin 27.0.0 arm64","Apple LLVM 21.0.0 (clang-2100.3.34.2)"," -O3 -DNDEBUG -DPITO_ECS_OWNED_DELETE_ATOMIC=1",8,100000,pito,owned_local,ecs_flush_owned,4,500,2,106.706000
aalair,"Apple M3",8,"Darwin 27.0.0 arm64","Apple LLVM 21.0.0 (clang-2100.3.34.2)"," -O3 -DNDEBUG -DPITO_ECS_OWNED_DELETE_ATOMIC=1",8,100000,pito,owned_local,ecs_flush_owned,4,500,3,106.686000
aalair,"Apple M3",8,"Darwin 27.0.0 arm64","Apple LLVM 21.0.0 (clang-2100.3.34.2)"," -O3 -DNDEBUG -DPITO_ECS_OWNED_DELETE_ATOMIC=1",8,100000,pito,owned_local,ecs_flush_owned,4,500,4,106.774000
aalair,"Apple M3",8,"Darwin 27.0.0 arm64","Apple LLVM 21.0.0 (clang-2100.3.34.2)"," -O3 -DNDEBUG -DPITO_ECS_OWNED_DELETE_ATOMIC=1",8,100000,pito,owned_local,ecs_flush_owned,4,500,5,106.464000
aalair,"Apple M3",8,"Darwin 27.0.0 arm64","Apple LLVM 21.0.0 (clang-2100.3.34.2)"," -O3 -DNDEBUG -DPITO_ECS_OWNED_DELETE_ATOMIC=1",8,100000,pito,owned_local,ecs_flush_owned,4,500,6,106.620000
aalair,"Apple M3",8,"Darwin 27.0.0 arm64","Apple LLVM 21.0.0 (clang-2100.3.34.2)"," -O3 -DNDEBUG -DPITO_ECS_OWNED_DELETE_ATOMIC=1",8,100000,pito,owned_local,ecs_flush_owned,4,500,7,106.686000
aalair,"Apple M3",8,"Darwin 27.0.0 arm64","Apple LLVM 21.0.0 (clang-2100.3.34.2)"," -O3 -DNDEBUG -DPITO_ECS_OWNED_DELETE_ATOMIC=1",8,100000,pito,owned_local,ecs_flush_owned,4,500,8,106.529000
aalair,"Apple M3",8,"Darwin 27.0.0 arm64","Apple LLVM 21.0.0 (clang-2100.3.34.2)"," -O3 -DNDEBUG -DPITO_ECS_OWNED_DELETE_ATOMIC=1",8,100000,pito,owned_local,ecs_flush_owned,4,500,9,106.634000
aalair,"Apple M3",8,"Darwin 27.0.0 arm64","Apple LLVM 21.0.0 (clang-2100.3.34.2)"," -O3 -DNDEBUG -DPITO_ECS_OWNED_DELETE_ATOMIC=1",8,100000,pito,owned_local,ecs_flush_owned,4,500,10,106.690000
aalair,"Apple M3",8,"Darwin 27.0.0 arm64","Apple LLVM 21.0.0 (clang-2100.3.34.2)"," -O3 -DNDEBUG -DPITO_ECS_OWNED_DELETE_ATOMIC=1",8,100000,pito,owned_local,ecs_flush_owned,8,0,1,10.713000
aalair,"Apple M3",8,"Darwin 27.0.0 arm64","Apple LLVM 21.0.0 (clang-2100.3.34.2)"," -O3 -DNDEBUG -DPITO_ECS_OWNED_DELETE_ATOMIC=1",8,100000,pito,owned_local,ecs_flush_owned,8,0,2,10.422000
aalair,"Apple M3",8,"Darwin 27.0.0 arm64","Apple LLVM 21.0.0 (clang-2100.3.34.2)"," -O3 -DNDEBUG -DPITO_ECS_OWNED_DELETE_ATOMIC=1",8,100000,pito,owned_local,ecs_flush_owned,8,0,3,11.080000
aalair,"Apple M3",8,"Darwin 27.0.0 arm64","Apple LLVM 21.0.0 (clang-2100.3.34.2)"," -O3 -DNDEBUG -DPITO_ECS_OWNED_DELETE_ATOMIC=1",8,100000,pito,owned_local,ecs_flush_owned,8,0,4,10.925000
aalair,"Apple M3",8,"Darwin 27.0.0 arm64","Apple LLVM 21.0.0 (clang-2100.3.34.2)"," -O3 -DNDEBUG -DPITO_ECS_OWNED_DELETE_ATOMIC=1",8,100000,pito,owned_local,ecs_flush_owned,8,0,5,10.962000
aalair,"Apple M3",8,"Darwin 27.0.0 arm64","Apple LLVM 21.0.0 (clang-2100.3.34.2)"," -O3 -DNDEBUG -DPITO_ECS_OWNED_DELETE_ATOMIC=1",8,100000,pito,owned_local,ecs_flush_owned,8,0,6,10.607000
aalair,"Apple M3",8,"Darwin 27.0.0 arm64","Apple LLVM 21.0.0 (clang-2100.3.34.2)"," -O3 -DNDEBUG -DPITO_ECS_OWNED_DELETE_ATOMIC=1",8,100000,pito,owned_local,ecs_flush_owned,8,0,7,10.900000
aalair,"Apple M3",8,"Darwin 27.0.0 arm64","Apple LLVM 21.0.0 (clang-2100.3.34.2)"," -O3 -DNDEBUG -DPITO_ECS_OWNED_DELETE_ATOMIC=1",8,100000,pito,owned_local,ecs_flush_owned,8,0,8,10.972000
aalair,"Apple M3",8,"Darwin 27.0.0 arm64","Apple LLVM 21.0.0 (clang-2100.3.34.2)"," -O3 -DNDEBUG -DPITO_ECS_OWNED_DELETE_ATOMIC=1",8,100000,pito,owned_local,ecs_flush_owned,8,0,9,11.069000
aalair,"Apple M3",8,"Darwin 27.0.0 arm64","Apple LLVM 21.0.0 (clang-2100.3.34.2)"," -O3 -DNDEBUG -DPITO_ECS_OWNED_DELETE_ATOMIC=1",8,100000,pito,owned_local,ecs_flush_owned,8,0,10,11.160000
aalair,"Apple M3",8,"Darwin 27.0.0 arm64","Apple LLVM 21.0.0 (clang-2100.3.34.2)"," -O3 -DNDEBUG -DPITO_ECS_OWNED_DELETE_ATOMIC=1",8,100000,pito,owned_local,ecs_flush_owned,8,10,1,11.670000
aalair,"Apple M3",8,"Darwin 27.0.0 arm64","Apple LLVM 21.0.0 (clang-2100.3.34.2)"," -O3 -DNDEBUG -DPITO_ECS_OWNED_DELETE_ATOMIC=1",8,100000,pito,owned_local,ecs_flush_owned,8,10,2,11.481000
aalair,"Apple M3",8,"Darwin 27.0.0 arm64","Apple LLVM 21.0.0 (clang-2100.3.34.2)"," -O3 -DNDEBUG -DPITO_ECS_OWNED_DELETE_ATOMIC=1",8,100000,pito,owned_local,ecs_flush_owned,8,10,3,11.539000
aalair,"Apple M3",8,"Darwin 27.0.0 arm64","Apple LLVM 21.0.0 (clang-2100.3.34.2)"," -O3 -DNDEBUG -DPITO_ECS_OWNED_DELETE_ATOMIC=1",8,100000,pito,owned_local,ecs_flush_owned,8,10,4,11.586000
aalair,"Apple M3",8,"Darwin 27.0.0 arm64","Apple LLVM 21.0.0 (clang-2100.3.34.2)"," -O3 -DNDEBUG -DPITO_ECS_OWNED_DELETE_ATOMIC=1",8,100000,pito,owned_local,ecs_flush_owned,8,10,5,11.600000
aalair,"Apple M3",8,"Darwin 27.0.0 arm64","Apple LLVM 21.0.0 (clang-2100.3.34.2)"," -O3 -DNDEBUG -DPITO_ECS_OWNED_DELETE_ATOMIC=1",8,100000,pito,owned_local,ecs_flush_owned,8,10,6,11.387000
aalair,"Apple M3",8,"Darwin 27.0.0 arm64","Apple LLVM 21.0.0 (clang-2100.3.34.2)"," -O3 -DNDEBUG -DPITO_ECS_OWNED_DELETE_ATOMIC=1",8,100000,pito,owned_local,ecs_flush_owned,8,10,7,11.366000
aalair,"Apple M3",8,"Darwin 27.0.0 arm64","Apple LLVM 21.0.0 (clang-2100.3.34.2)"," -O3 -DNDEBUG -DPITO_ECS_OWNED_DELETE_ATOMIC=1",8,100000,pito,owned_local,ecs_flush_owned,8,10,8,10.986000
aalair,"Apple M3",8,"Darwin 27.0.0 arm64","Apple LLVM 21.0.0 (clang-2100.3.34.2)"," -O3 -DNDEBUG -DPITO_ECS_OWNED_DELETE_ATOMIC=1",8,100000,pito,owned_local,ecs_flush_owned,8,10,9,11.416000
aalair,"Apple M3",8,"Darwin 27.0.0 arm64","Apple LLVM 21.0.0 (clang-2100.3.34.2)"," -O3 -DNDEBUG -DPITO_ECS_OWNED_DELETE_ATOMIC=1",8,100000,pito,owned_local,ecs_flush_owned,8,10,10,11.589000
aalair,"Apple M3",8,"Darwin 27.0.0 arm64","Apple LLVM 21.0.0 (clang-2100.3.34.2)"," -O3 -DNDEBUG -DPITO_ECS_OWNED_DELETE_ATOMIC=1",8,100000,pito,owned_local,ecs_flush_owned,8,500,1,69.590000
aalair,"Apple M3",8,"Darwin 27.0.0 arm64","Apple LLVM 21.0.0 (clang-2100.3.34.2)"," -O3 -DNDEBUG -DPITO_ECS_OWNED_DELETE_ATOMIC=1",8,100000,pito,owned_local,ecs_flush_owned,8,500,2,70.174000
aalair,"Apple M3",8,"Darwin 27.0.0 arm64","Apple LLVM 21.0.0 (clang-2100.3.34.2)"," -O3 -DNDEBUG -DPITO_ECS_OWNED_DELETE_ATOMIC=1",8,100000,pito,owned_local,ecs_flush_owned,8,500,3,70.394000
aalair,"Apple M3",8,"Darwin 27.0.0 arm64","Apple LLVM 21.0.0 (clang-2100.3.34.2)"," -O3 -DNDEBUG -DPITO_ECS_OWNED_DELETE_ATOMIC=1",8,100000,pito,owned_local,ecs_flush_owned,8,500,4,67.732000
aalair,"Apple M3",8,"Darwin 27.0.0 arm64","Apple LLVM 21.0.0 (clang-2100.3.34.2)"," -O3 -DNDEBUG -DPITO_ECS_OWNED_DELETE_ATOMIC=1",8,100000,pito,owned_local,ecs_flush_owned,8,500,5,71.727000
aalair,"Apple M3",8,"Darwin 27.0.0 arm64","Apple LLVM 21.0.0 (clang-2100.3.34.2)"," -O3 -DNDEBUG -DPITO_ECS_OWNED_DELETE_ATOMIC=1",8,100000,pito,owned_local,ecs_flush_owned,8,500,6,72.958000
aalair,"Apple M3",8,"Darwin 27.0.0 arm64","Apple LLVM 21.0.0 (clang-2100.3.34.2)"," -O3 -DNDEBUG -DPITO_ECS_OWNED_DELETE_ATOMIC=1",8,100000,pito,owned_local,ecs_flush_owned,8,500,7,74.503000
aalair,"Apple M3",8,"Darwin 27.0.0 arm64","Apple LLVM 21.0.0 (clang-2100.3.34.2)"," -O3 -DNDEBUG -DPITO_ECS_OWNED_DELETE_ATOMIC=1",8,100000,pito,owned_local,ecs_flush_owned,8,500,8,72.088000
aalair,"Apple M3",8,"Darwin 27.0.0 arm64","Apple LLVM 21.0.0 (clang-2100.3.34.2)"," -O3 -DNDEBUG -DPITO_ECS_OWNED_DELETE_ATOMIC=1",8,100000,pito,owned_local,ecs_flush_owned,8,500,9,70.094000
aalair,"Apple M3",8,"Darwin 27.0.0 arm64","Apple LLVM 21.0.0 (clang-2100.3.34.2)"," -O3 -DNDEBUG -DPITO_ECS_OWNED_DELETE_ATOMIC=1",8,100000,pito,owned_local,ecs_flush_owned,8,500,10,72.515000
