host,cpu,hardware_threads,os,compiler,flags,systems,entities,lib,bench,variant,threads,work_iterations,run,ms
aalair,"Apple M3",8,"Darwin 27.0.0 arm64","Apple LLVM 21.0.0 (clang-2100.3.34.2)"," -O3 -DNDEBUG",8,100000,pico,owned_update,,1,0,1,0.444000
aalair,"Apple M3",8,"Darwin 27.0.0 arm64","Apple LLVM 21.0.0 (clang-2100.3.34.2)"," -O3 -DNDEBUG",8,100000,pico,owned_update,,1,0,2,0.430000
aalair,"Apple M3",8,"Darwin 27.0.0 arm64","Apple LLVM 21.0.0 (clang-2100.3.34.2)"," -O3 -DNDEBUG",8,100000,pico,owned_update,,1,0,3,0.430000
aalair,"Apple M3",8,"Darwin 27.0.0 arm64","Apple LLVM 21.0.0 (clang-2100.3.34.2)"," -O3 -DNDEBUG",8,100000,pico,owned_update,,1,0,4,0.431000
aalair,"Apple M3",8,"Darwin 27.0.0 arm64","Apple LLVM 21.0.0 (clang-2100.3.34.2)"," -O3 -DNDEBUG",8,100000,pico,owned_update,,1,0,5,0.435000
aalair,"Apple M3",8,"Darwin 27.0.0 arm64","Apple LLVM 21.0.0 (clang-2100.3.34.2)"," -O3 -DNDEBUG",8,100000,pico,owned_update,,1,0,6,0.438000
aalair,"Apple M3",8,"Darwin 27.0.0 arm64","Apple LLVM 21.0.0 (clang-2100.3.34.2)"," -O3 -DNDEBUG",8,100000,pico,owned_update,,1,0,7,0.435000
aalair,"Apple M3",8,"Darwin 27.0.0 arm64","Apple LLVM 21.0.0 (clang-2100.3.34.2)"," -O3 -DNDEBUG",8,100000,pico,owned_update,,1,0,8,0.450000
aalair,"Apple M3",8,"Darwin 27.0.0 arm64","Apple LLVM 21.0.0 (clang-2100.3.34.2)"," -O3 -DNDEBUG",8,100000,pico,owned_update,,1,0,9,0.434000
aalair,"Apple M3",8,"Darwin 27.0.0 arm64","Apple LLVM 21.0.0 (clang-2100.3.34.2)"," -O3 -DNDEBUG",8,100000,pico,owned_update,,1,0,10,0.468000
aalair,"Apple M3",8,"Darwin 27.0.0 arm64","Apple LLVM 21.0.0 (clang-2100.3.34.2)"," -O3 -DNDEBUG",8,100000,pico,owned_update,,1,0,11,0.444000
aalair,"Apple M3",8,"Darwin 27.0.0 arm64","Apple LLVM 21.0.0 (clang-2100.3.34.2)"," -O3 -DNDEBUG",8,100000,pico,owned_update,,1,10,1,2.577000
aalair,"Apple M3",8,"Darwin 27.0.0 arm64","Apple LLVM 21.0.0 (clang-2100.3.34.2)"," -O3 -DNDEBUG",8,100000,pico,owned_update,,1,10,2,2.380000
aalair,"Apple M3",8,"Darwin 27.0.0 arm64","Apple LLVM 21.0.0 (clang-2100.3.34.2)"," -O3 -DNDEBUG",8,100000,pico,owned_update,,1,10,3,2.389000
aalair,"Apple M3",8,"Darwin 27.0.0 arm64","Apple LLVM 21.0.0 (clang-2100.3.34.2)"," -O3 -DNDEBUG",8,100000,pico,owned_update,,1,10,4,2.460000
aalair,"Apple M3",8,"Darwin 27.0.0 arm64","Apple LLVM 21.0.0 (clang-2100.3.34.2)"," -O3 -DNDEBUG",8,100000,pico,owned_update,,1,10,5,2.512000
aalair,"Apple M3",8,"Darwin 27.0.0 arm64","Apple LLVM 21.0.0 (clang-2100.3.34.2)"," -O3 -DNDEBUG",8,100000,pico,owned_update,,1,10,6,2.373000
aalair,"Apple M3",8,"Darwin 27.0.0 arm64","Apple LLVM 21.0.0 (clang-2100.3.34.2)"," -O3 -DNDEBUG",8,100000,pico,owned_update,,1,10,7,2.654000
aalair,"Apple M3",8,"Darwin 27.0.0 arm64","Apple LLVM 21.0.0 (clang-2100.3.34.2)"," -O3 -DNDEBUG",8,100000,pico,owned_update,,1,10,8,2.407000
aalair,"Apple M3",8,"Darwin 27.0.0 arm64","Apple LLVM 21.0.0 (clang-2100.3.34.2)"," -O3 -DNDEBUG",8,100000,pico,owned_update,,1,10,9,2.382000
aalair,"Apple M3",8,"Darwin 27.0.0 arm64","Apple LLVM 21.0.0 (clang-2100.3.34.2)"," -O3 -DNDEBUG",8,100000,pico,owned_update,,1,10,10,2.456000
aalair,"Apple M3",8,"Darwin 27.0.0 arm64","Apple LLVM 21.0.0 (clang-2100.3.34.2)"," -O3 -DNDEBUG",8,100000,pico,owned_update,,1,10,11,2.414000
aalair,"Apple M3",8,"Darwin 27.0.0 arm64","Apple LLVM 21.0.0 (clang-2100.3.34.2)"," -O3 -DNDEBUG",8,100000,pico,owned_update,,1,10,12,2.454000
aalair,"Apple M3",8,"Darwin 27.0.0 arm64","Apple LLVM 21.0.0 (clang-2100.3.34.2)"," -O3 -DNDEBUG",8,100000,pico,owned_update,,1,10,13,2.629000
aalair,"Apple M3",8,"Darwin 27.0.0 arm64","Apple LLVM 21.0.0 (clang-2100.3.34.2)"," -O3 -DNDEBUG",8,100000,pico,owned_update,,1,10,14,2.373000
aalair,"Apple M3",8,"Darwin 27.0.0 arm64","Apple LLVM 21.0.0 (clang-2100.3.34.2)"," -O3 -DNDEBUG",8,100000,pico,owned_update,,1,10,15,2.456000
aalair,"Apple M3",8,"Darwin 27.0.0 arm64","Apple LLVM 21.0.0 (clang-2100.3.34.2)"," -O3 -DNDEBUG",8,100000,pico,owned_update,,1,10,16,2.573000
aalair,"Apple M3",8,"Darwin 27.0.0 arm64","Apple LLVM 21.0.0 (clang-2100.3.34.2)"," -O3 -DNDEBUG",8,100000,pico,owned_update,,1,50,1,15.755000
aalair,"Apple M3",8,"Darwin 27.0.0 arm64","Apple LLVM 21.0.0 (clang-2100.3.34.2)"," -O3 -DNDEBUG",8,100000,pico,owned_update,,1,50,2,15.766000
aalair,"Apple M3",8,"Darwin 27.0.0 arm64","Apple LLVM 21.0.0 (clang-2100.3.34.2)"," -O3 -DNDEBUG",8,100000,pico,owned_update,,1,50,3,15.791000
aalair,"Apple M3",8,"Darwin 27.0.0 arm64","Apple LLVM 21.0.0 (clang-2100.3.34.2)"," -O3 -DNDEBUG",8,100000,pico,owned_update,,1,50,4,15.762000
aalair,"Apple M3",8,"Darwin 27.0.0 arm64","Apple LLVM 21.0.0 (clang-2100.3.34.2)"," -O3 -DNDEBUG",8,100000,pico,owned_update,,1,50,5,15.763000
aalair,"Apple M3",8,"Darwin 27.0.0 arm64","Apple LLVM 21.0.0 (clang-2100.3.34.2)"," -O3 -DNDEBUG",8,100000,pico,owned_update,,1,50,6,15.740000
aalair,"Apple M3",8,"Darwin 27.0.0 arm64","Apple LLVM 21.0.0 (clang-2100.3.34.2)"," -O3 -DNDEBUG",8,100000,pico,owned_update,,1,50,7,15.775000
aalair,"Apple M3",8,"Darwin 27.0.0 arm64","Apple LLVM 21.0.0 (clang-2100.3.34.2)"," -O3 -DNDEBUG",8,100000,pico,owned_update,,1,50,8,16.219000
aalair,"Apple M3",8,"Darwin 27.0.0 arm64","Apple LLVM 21.0.0 (clang-2100.3.34.2)"," -O3 -DNDEBUG",8,100000,pico,owned_update,,1,50,9,20.009000
aalair,"Apple M3",8,"Darwin 27.0.0 arm64","Apple LLVM 21.0.0 (clang-2100.3.34.2)"," -O3 -DNDEBUG",8,100000,pico,owned_update,,1,50,10,17.611000
aalair,"Apple M3",8,"Darwin 27.0.0 arm64","Apple LLVM 21.0.0 (clang-2100.3.34.2)"," -O3 -DNDEBUG",8,100000,pico,owned_update,,1,50,11,15.753000
aalair,"Apple M3",8,"Darwin 27.0.0 arm64","Apple LLVM 21.0.0 (clang-2100.3.34.2)"," -O3 -DNDEBUG",8,100000,pico,owned_update,,1,50,12,15.980000
aalair,"Apple M3",8,"Darwin 27.0.0 arm64","Apple LLVM 21.0.0 (clang-2100.3.34.2)"," -O3 -DNDEBUG",8,100000,pico,owned_update,,1,50,13,15.792000
aalair,"Apple M3",8,"Darwin 27.0.0 arm64","Apple LLVM 21.0.0 (clang-2100.3.34.2)"," -O3 -DNDEBUG",8,100000,pico,owned_update,,1,50,14,16.201000
aalair,"Apple M3",8,"Darwin 27.0.0 arm64","Apple LLVM 21.0.0 (clang-2100.3.34.2)"," -O3 -DNDEBUG",8,100000,pico,owned_update,,1,500,1,338.572000
aalair,"Apple M3",8,"Darwin 27.0.0 arm64","Apple LLVM 21.0.0 (clang-2100.3.34.2)"," -O3 -DNDEBUG",8,100000,pico,owned_update,,1,500,2,338.926000
aalair,"Apple M3",8,"Darwin 27.0.0 arm64","Apple LLVM 21.0.0 (clang-2100.3.34.2)"," -O3 -DNDEBUG",8,100000,pico,owned_update,,1,500,3,342.796000
aalair,"Apple M3",8,"Darwin 27.0.0 arm64","Apple LLVM 21.0.0 (clang-2100.3.34.2)"," -O3 -DNDEBUG",8,100000,pico,owned_update,,1,500,4,338.235000
aalair,"Apple M3",8,"Darwin 27.0.0 arm64","Apple LLVM 21.0.0 (clang-2100.3.34.2)"," -O3 -DNDEBUG",8,100000,pico,owned_update,,1,500,5,338.952000
aalair,"Apple M3",8,"Darwin 27.0.0 arm64","Apple LLVM 21.0.0 (clang-2100.3.34.2)"," -O3 -DNDEBUG",8,100000,pico,owned_update,,1,500,6,338.324000
aalair,"Apple M3",8,"Darwin 27.0.0 arm64","Apple LLVM 21.0.0 (clang-2100.3.34.2)"," -O3 -DNDEBUG",8,100000,pico,owned_update,,1,500,7,338.139000
aalair,"Apple M3",8,"Darwin 27.0.0 arm64","Apple LLVM 21.0.0 (clang-2100.3.34.2)"," -O3 -DNDEBUG",8,100000,pico,owned_update,,1,500,8,339.187000
aalair,"Apple M3",8,"Darwin 27.0.0 arm64","Apple LLVM 21.0.0 (clang-2100.3.34.2)"," -O3 -DNDEBUG",8,100000,pico,owned_update,,1,500,9,338.491000
aalair,"Apple M3",8,"Darwin 27.0.0 arm64","Apple LLVM 21.0.0 (clang-2100.3.34.2)"," -O3 -DNDEBUG",8,100000,pico,owned_update,,1,500,10,338.251000
aalair,"Apple M3",8,"Darwin 27.0.0 arm64","Apple LLVM 21.0.0 (clang-2100.3.34.2)"," -O3 -DNDEBUG",8,100000,flecs,owned_update,,1,0,1,0.138000
aalair,"Apple M3",8,"Darwin 27.0.0 arm64","Apple LLVM 21.0.0 (clang-2100.3.34.2)"," -O3 -DNDEBUG",8,100000,flecs,owned_update,,1,0,2,0.110000
aalair,"Apple M3",8,"Darwin 27.0.0 arm64","Apple LLVM 21.0.0 (clang-2100.3.34.2)"," -O3 -DNDEBUG",8,100000,flecs,owned_update,,1,0,3,0.107000
aalair,"Apple M3",8,"Darwin 27.0.0 arm64","Apple LLVM 21.0.0 (clang-2100.3.34.2)"," -O3 -DNDEBUG",8,100000,flecs,owned_update,,1,0,4,0.105000
aalair,"Apple M3",8,"Darwin 27.0.0 arm64","Apple LLVM 21.0.0 (clang-2100.3.34.2)"," -O3 -DNDEBUG",8,100000,flecs,owned_update,,1,0,5,0.107000
aalair,"Apple M3",8,"Darwin 27.0.0 arm64","Apple LLVM 21.0.0 (clang-2100.3.34.2)"," -O3 -DNDEBUG",8,100000,flecs,owned_update,,1,0,6,0.103000
aalair,"Apple M3",8,"Darwin 27.0.0 arm64","Apple LLVM 21.0.0 (clang-2100.3.34.2)"," -O3 -DNDEBUG",8,100000,flecs,owned_update,,1,0,7,0.102000
aalair,"Apple M3",8,"Darwin 27.0.0 arm64","Apple LLVM 21.0.0 (clang-2100.3.34.2)"," -O3 -DNDEBUG",8,100000,flecs,owned_update,,1,0,8,0.101000
aalair,"Apple M3",8,"Darwin 27.0.0 arm64","Apple LLVM 21.0.0 (clang-2100.3.34.2)"," -O3 -DNDEBUG",8,100000,flecs,owned_update,,1,0,9,0.099000
aalair,"Apple M3",8,"Darwin 27.0.0 arm64","Apple LLVM 21.0.0 (clang-2100.3.34.2)"," -O3 -DNDEBUG",8,100000,flecs,owned_update,,1,0,10,0.100000
aalair,"Apple M3",8,"Darwin 27.0.0 arm64","Apple LLVM 21.0.0 (clang-2100.3.34.2)"," -O3 -DNDEBUG",8,100000,flecs,owned_update,,1,0,11,0.098000
aalair,"Apple M3",8,"Darwin 27.0.0 arm64","Apple LLVM 21.0.0 (clang-2100.3.34.2)"," -O3 -DNDEBUG",8,100000,flecs,owned_update,,1,0,12,0.097000
aalair,"Apple M3",8,"Darwin 27.0.0 arm64","Apple LLVM 21.0.0 (clang-2100.3.34.2)"," -O3 -DNDEBUG",8,100000,flecs,owned_update,,1,0,13,0.103000
aalair,"Apple M3",8,"Darwin 27.0.0 arm64","Apple LLVM 21.0.0 (clang-2100.3.34.2)"," -O3 -DNDEBUG",8,100000,flecs,owned_update,,1,0,14,0.103000
aalair,"Apple M3",8,"Darwin 27.0.0 arm64","Apple LLVM 21.0.0 (clang-2100.3.34.2)"," -O3 -DNDEBUG",8,100000,flecs,owned_update,,1,10,1,2.586000
aalair,"Apple M3",8,"Darwin 27.0.0 arm64","Apple LLVM 21.0.0 (clang-2100.3.34.2)"," -O3 -DNDEBUG",8,100000,flecs,owned_update,,1,10,2,2.576000
aalair,"Apple M3",8,"Darwin 27.0.0 arm64","Apple LLVM 21.0.0 (clang-2100.3.34.2)"," -O3 -DNDEBUG",8,100000,flecs,owned_update,,1,10,3,2.569000
aalair,"Apple M3",8,"Darwin 27.0.0 arm64","Apple LLVM 21.0.0 (clang-2100.3.34.2)"," -O3 -DNDEBUG",8,100000,flecs,owned_update,,1,10,4,2.585000
aalair,"Apple M3",8,"Darwin 27.0.0 arm64","Apple LLVM 21.0.0 (clang-2100.3.34.2)"," -O3 -DNDEBUG",8,100000,flecs,owned_update,,1,10,5,2.569000
aalair,"Apple M3",8,"Darwin 27.0.0 arm64","Apple LLVM 21.0.0 (clang-2100.3.34.2)"," -O3 -DNDEBUG",8,100000,flecs,owned_update,,1,10,6,2.543000
aalair,"Apple M3",8,"Darwin 27.0.0 arm64","Apple LLVM 21.0.0 (clang-2100.3.34.2)"," -O3 -DNDEBUG",8,100000,flecs,owned_update,,1,10,7,2.372000
aalair,"Apple M3",8,"Darwin 27.0.0 arm64","Apple LLVM 21.0.0 (clang-2100.3.34.2)"," -O3 -DNDEBUG",8,100000,flecs,owned_update,,1,10,8,2.393000
aalair,"Apple M3",8,"Darwin 27.0.0 arm64","Apple LLVM 21.0.0 (clang-2100.3.34.2)"," -O3 -DNDEBUG",8,100000,flecs,owned_update,,1,10,9,2.378000
aalair,"Apple M3",8,"Darwin 27.0.0 arm64","Apple LLVM 21.0.0 (clang-2100.3.34.2)"," -O3 -DNDEBUG",8,100000,flecs,owned_update,,1,10,10,2.371000
aalair,"Apple M3",8,"Darwin 27.0.0 arm64","Apple LLVM 21.0.0 (clang-2100.3.34.2)"," -O3 -DNDEBUG",8,100000,flecs,owned_update,,1,10,11,2.569000
aalair,"Apple M3",8,"Darwin 27.0.0 arm64","Apple LLVM 21.0.0 (clang-2100.3.34.2)"," -O3 -DNDEBUG",8,100000,flecs,owned_update,,1,10,12,2.369000
aalair,"Apple M3",8,"Darwin 27.0.0 arm64","Apple LLVM 21.0.0 (clang-2100.3.34.2)"," -O3 -DNDEBUG",8,100000,flecs,owned_update,,1,10,13,2.568000
aalair,"Apple M3",8,"Darwin 27.0.0 arm64","Apple LLVM 21.0.0 (clang-2100.3.34.2)"," -O3 -DNDEBUG",8,100000,flecs,owned_update,,1,10,14,2.588000
aalair,"Apple M3",8,"Darwin 27.0.0 arm64","Apple LLVM 21.0.0 (clang-2100.3.34.2)"," -O3 -DNDEBUG",8,100000,flecs,owned_update,,1,10,15,2.605000
aalair,"Apple M3",8,"Darwin 27.0.0 arm64","Apple LLVM 21.0.0 (clang-2100.3.34.2)"," -O3 -DNDEBUG",8,100000,flecs,owned_update,,1,10,16,2.570000
aalair,"Apple M3",8,"Darwin 27.0.0 arm64","Apple LLVM 21.0.0 (clang-2100.3.34.2)"," -O3 -DNDEBUG",8,100000,flecs,owned_update,,1,10,17,2.570000
aalair,"Apple M3",8,"Darwin 27.0.0 arm64","Apple LLVM 21.0.0 (clang-2100.3.34.2)"," -O3 -DNDEBUG",8,100000,flecs,owned_update,,1,10,18,2.568000
aalair,"Apple M3",8,"Darwin 27.0.0 arm64","Apple LLVM 21.0.0 (clang-2100.3.34.2)"," -O3 -DNDEBUG",8,100000,flecs,owned_update,,1,10,19,2.374000
aalair,"Apple M3",8,"Darwin 27.0.0 arm64","Apple LLVM 21.0.0 (clang-2100.3.34.2)"," -O3 -DNDEBUG",8,100000,flecs,owned_update,,1,10,20,2.570000
aalair,"Apple M3",8,"Darwin 27.0.0 arm64","Apple LLVM 21.0.0 (clang-2100.3.34.2)"," -O3 -DNDEBUG",8,100000,flecs,owned_update,,1,10,21,2.571000
aalair,"Apple M3",8,"Darwin 27.0.0 arm64","Apple LLVM 21.0.0 (clang-2100.3.34.2)"," -O3 -DNDEBUG",8,100000,flecs,owned_update,,1,10,22,2.385000
aalair,"Apple M3",8,"Darwin 27.0.0 arm64","Apple LLVM 21.0.0 (clang-2100.3.34.2)"," -O3 -DNDEBUG",8,100000,flecs,owned_update,,1,10,23,2.570000
aalair,"Apple M3",8,"Darwin 27.0.0 arm64","Apple LLVM 21.0.0 (clang-2100.3.34.2)"," -O3 -DNDEBUG",8,100000,flecs,owned_update,,1,10,24,2.569000
aalair,"Apple M3",8,"Darwin 27.0.0 arm64","Apple LLVM 21.0.0 (clang-2100.3.34.2)"," -O3 -DNDEBUG",8,100000,flecs,owned_update,,1,10,25,2.569000
aalair,"Apple M3",8,"Darwin 27.0.0 arm64","Apple LLVM 21.0.0 (clang-2100.3.34.2)"," -O3 -DNDEBUG",8,100000,flecs,owned_update,,1,10,26,2.386000
aalair,"Apple M3",8,"Darwin 27.0.0 arm64","Apple LLVM 21.0.0 (clang-2100.3.34.2)"," -O3 -DNDEBUG",8,100000,flecs,owned_update,,1,10,27,2.372000
aalair,"Apple M3",8,"Darwin 27.0.0 arm64","Apple LLVM 21.0.0 (clang-2100.3.34.2)"," -O3 -DNDEBUG",8,100000,flecs,owned_update,,1,10,28,2.566000
aalair,"Apple M3",8,"Darwin 27.0.0 arm64","Apple LLVM 21.0.0 (clang-2100.3.34.2)"," -O3 -DNDEBUG",8,100000,flecs,owned_update,,1,10,29,2.603000
aalair,"Apple M3",8,"Darwin 27.0.0 arm64","Apple LLVM 21.0.0 (clang-2100.3.34.2)"," -O3 -DNDEBUG",8,100000,flecs,owned_update,,1,10,30,2.567000
aalair,"Apple M3",8,"Darwin 27.0.0 arm64","Apple LLVM 21.0.0 (clang-2100.3.34.2)"," -O3 -DNDEBUG",8,100000,flecs,owned_update,,1,10,31,2.569000
aalair,"Apple M3",8,"Darwin 27.0.0 arm64","Apple LLVM 21.0.0 (clang-2100.3.34.2)"," -O3 -DNDEBUG",8,100000,flecs,owned_update,,1,50,1,15.861000
aalair,"Apple M3",8,"Darwin 27.0.0 arm64","Apple LLVM 21.0.0 (clang-2100.3.34.2)"," -O3 -DNDEBUG",8,100000,flecs,owned_update,,1,50,2,15.858000
aalair,"Apple M3",8,"Darwin 27.0.0 arm64","Apple LLVM 21.0.0 (clang-2100.3.34.2)"," -O3 -DNDEBUG",8,100000,flecs,owned_update,,1,50,3,15.861000
aalair,"Apple M3",8,"Darwin 27.0.0 arm64","Apple LLVM 21.0.0 (clang-2100.3.34.2)"," -O3 -DNDEBUG",8,100000,flecs,owned_update,,1,50,4,15.840000
aalair,"Apple M3",8,"Darwin 27.0.0 arm64","Apple LLVM 21.0.0 (clang-2100.3.34.2)"," -O3 -DNDEBUG",8,100000,flecs,owned_update,,1,50,5,15.916000
aalair,"Apple M3",8,"Darwin 27.0.0 arm64","Apple LLVM 21.0.0 (clang-2100.3.34.2)"," -O3 -DNDEBUG",8,100000,flecs,owned_update,,1,50,6,15.888000
aalair,"Apple M3",8,"Darwin 27.0.0 arm64","Apple LLVM 21.0.0 (clang-2100.3.34.2)"," -O3 -DNDEBUG",8,100000,flecs,owned_update,,1,50,7,15.879000
aalair,"Apple M3",8,"Darwin 27.0.0 arm64","Apple LLVM 21.0.0 (clang-2100.3.34.2)"," -O3 -DNDEBUG",8,100000,flecs,owned_update,,1,50,8,15.949000
aalair,"Apple M3",8,"Darwin 27.0.0 arm64","Apple LLVM 21.0.0 (clang-2100.3.34.2)"," -O3 -DNDEBUG",8,100000,flecs,owned_update,,1,50,9,15.884000
aalair,"Apple M3",8,"Darwin 27.0.0 arm64","Apple LLVM 21.0.0 (clang-2100.3.34.2)"," -O3 -DNDEBUG",8,100000,flecs,owned_update,,1,50,10,15.855000
aalair,"Apple M3",8,"Darwin 27.0.0 arm64","Apple LLVM 21.0.0 (clang-2100.3.34.2)"," -O3 -DNDEBUG",8,100000,flecs,owned_update,,1,500,1,340.409000
aalair,"Apple M3",8,"Darwin 27.0.0 arm64","Apple LLVM 21.0.0 (clang-2100.3.34.2)"," -O3 -DNDEBUG",8,100000,flecs,owned_update,,1,500,2,339.736000
aalair,"Apple M3",8,"Darwin 27.0.0 arm64","Apple LLVM 21.0.0 (clang-2100.3.34.2)"," -O3 -DNDEBUG",8,100000,flecs,owned_update,,1,500,3,339.763000
aalair,"Apple M3",8,"Darwin 27.0.0 arm64","Apple LLVM 21.0.0 (clang-2100.3.34.2)"," -O3 -DNDEBUG",8,100000,flecs,owned_update,,1,500,4,339.706000
aalair,"Apple M3",8,"Darwin 27.0.0 arm64","Apple LLVM 21.0.0 (clang-2100.3.34.2)"," -O3 -DNDEBUG",8,100000,flecs,owned_update,,1,500,5,339.782000
aalair,"Apple M3",8,"Darwin 27.0.0 arm64","Apple LLVM 21.0.0 (clang-2100.3.34.2)"," -O3 -DNDEBUG",8,100000,flecs,owned_update,,1,500,6,339.825000
aalair,"Apple M3",8,"Darwin 27.0.0 arm64","Apple LLVM 21.0.0 (clang-2100.3.34.2)"," -O3 -DNDEBUG",8,100000,flecs,owned_update,,1,500,7,341.020000
aalair,"Apple M3",8,"Darwin 27.0.0 arm64","Apple LLVM 21.0.0 (clang-2100.3.34.2)"," -O3 -DNDEBUG",8,100000,flecs,owned_update,,1,500,8,339.962000
aalair,"Apple M3",8,"Darwin 27.0.0 arm64","Apple LLVM 21.0.0 (clang-2100.3.34.2)"," -O3 -DNDEBUG",8,100000,flecs,owned_update,,1,500,9,339.655000
aalair,"Apple M3",8,"Darwin 27.0.0 arm64","Apple LLVM 21.0.0 (clang-2100.3.34.2)"," -O3 -DNDEBUG",8,100000,flecs,owned_update,,1,500,10,339.846000
aalair,"Apple M3",8,"Darwin 27.0.0 arm64","Apple LLVM 21.0.0 (clang-2100.3.34.2)"," -O3 -DNDEBUG",8,100000,flecs,owned_update,,2,0,1,0.088000
aalair,"Apple M3",8,"Darwin 27.0.0 arm64","Apple LLVM 21.0.0 (clang-2100.3.34.2)"," -O3 -DNDEBUG",8,100000,flecs,owned_update,,2,0,2,0.079000
aalair,"Apple M3",8,"Darwin 27.0.0 arm64","Apple LLVM 21.0.0 (clang-2100.3.34.2)"," -O3 -DNDEBUG",8,100000,flecs,owned_update,,2,0,3,0.073000
aalair,"Apple M3",8,"Darwin 27.0.0 arm64","Apple LLVM 21.0.0 (clang-2100.3.34.2)"," -O3 -DNDEBUG",8,100000,flecs,owned_update,,2,0,4,0.063000
aalair,"Apple M3",8,"Darwin 27.0.0 arm64","Apple LLVM 21.0.0 (clang-2100.3.34.2)"," -O3 -DNDEBUG",8,100000,flecs,owned_update,,2,0,5,0.061000
aalair,"Apple M3",8,"Darwin 27.0.0 arm64","Apple LLVM 21.0.0 (clang-2100.3.34.2)"," -O3 -DNDEBUG",8,100000,flecs,owned_update,,2,0,6,0.061000
aalair,"Apple M3",8,"Darwin 27.0.0 arm64","Apple LLVM 21.0.0 (clang-2100.3.34.2)"," -O3 -DNDEBUG",8,100000,flecs,owned_update,,2,0,7,0.061000
aalair,"Apple M3",8,"Darwin 27.0.0 arm64","Apple LLVM 21.0.0 (clang-2100.3.34.2)"," -O3 -DNDEBUG",8,100000,flecs,owned_update,,2,0,8,0.058000
aalair,"Apple M3",8,"Darwin 27.0.0 arm64","Apple LLVM 21.0.0 (clang-2100.3.34.2)"," -O3 -DNDEBUG",8,100000,flecs,owned_update,,2,0,9,0.060000
aalair,"Apple M3",8,"Darwin 27.0.0 arm64","Apple LLVM 21.0.0 (clang-2100.3.34.2)"," -O3 -DNDEBUG",8,100000,flecs,owned_update,,2,0,10,0.057000
aalair,"Apple M3",8,"Darwin 27.0.0 arm64","Apple LLVM 21.0.0 (clang-2100.3.34.2)"," -O3 -DNDEBUG",8,100000,flecs,owned_update,,2,0,11,0.084000
aalair,"Apple M3",8,"Darwin 27.0.0 arm64","Apple LLVM 21.0.0 (clang-2100.3.34.2)"," -O3 -DNDEBUG",8,100000,flecs,owned_update,,2,0,12,0.085000
aalair,"Apple M3",8,"Darwin 27.0.0 arm64","Apple LLVM 21.0.0 (clang-2100.3.34.2)"," -O3 -DNDEBUG",8,100000,flecs,owned_update,,2,0,13,0.072000
aalair,"Apple M3",8,"Darwin 27.0.0 arm64","Apple LLVM 21.0.0 (clang-2100.3.34.2)"," -O3 -DNDEBUG",8,100000,flecs,owned_update,,2,0,14,0.065000
aalair,"Apple M3",8,"Darwin 27.0.0 arm64","Apple LLVM 21.0.0 (clang-2100.3.34.2)"," -O3 -DNDEBUG",8,100000,flecs,owned_update,,2,0,15,0.064000
aalair,"Apple M3",8,"Darwin 27.0.0 arm64","Apple LLVM 21.0.0 (clang-2100.3.34.2)"," -O3 -DNDEBUG",8,100000,flecs,owned_update,,2,0,16,0.062000
aalair,"Apple M3",8,"Darwin 27.0.0 arm64","Apple LLVM 21.0.0 (clang-2100.3.34.2)"," -O3 -DNDEBUG",8,100000,flecs,owned_update,,2,0,17,0.061000
aalair,"Apple M3",8,"Darwin 27.0.0 arm64","Apple LLVM 21.0.0 (clang-2100.3.34.2)"," -O3 -DNDEBUG",8,100000,flecs,owned_update,,2,0,18,0.059000
aalair,"Apple M3",8,"Darwin 27.0.0 arm64","Apple LLVM 21.0.0 (clang-2100.3.34.2)"," -O3 -DNDEBUG",8,100000,flecs,owned_update,,2,0,19,0.060000
aalair,"Apple M3",8,"Darwin 27.0.0 arm64","Apple LLVM 21.0.0 (clang-2100.3.34.2)"," -O3 -DNDEBUG",8,100000,flecs,owned_update,,2,0,20,0.059000
aalair,"Apple M3",8,"Darwin 27.0.0 arm64","Apple LLVM 21.0.0 (clang-2100.3.34.2)"," -O3 -DNDEBUG",8,100000,flecs,owned_update,,2,0,21,0.060000
aalair,"Apple M3",8,"Darwin 27.0.0 arm64","Apple LLVM 21.0.0 (clang-2100.3.34.2)"," -O3 -DNDEBUG",8,100000,flecs,owned_update,,2,0,22,0.058000
aalair,"Apple M3",8,"Darwin 27.0.0 arm64","Apple LLVM 21.0.0 (clang-2100.3.34.2)"," -O3 -DNDEBUG",8,100000,flecs,owned_update,,2,0,23,0.059000
aalair,"Apple M3",8,"Darwin 27.0.0 arm64","Apple LLVM 21.0.0 (clang-2100.3.34.2)"," -O3 -DNDEBUG",8,100000,flecs,owned_update,,2,0,24,0.058000
aalair,"Apple M3",8,"Darwin 27.0.0 arm64","Apple LLVM 21.0.0 (clang-2100.3.34.2)"," -O3 -DNDEBUG",8,100000,flecs,owned_update,,2,0,25,0.060000
aalair,"Apple M3",8,"Darwin 27.0.0 arm64","Apple LLVM 21.0.0 (clang-2100.3.34.2)"," -O3 -DNDEBUG",8,100000,flecs,owned_update,,2,0,26,0.058000
aalair,"Apple M3",8,"Darwin 27.0.0 arm64","Apple LLVM 21.0.0 (clang-2100.3.34.2)"," -O3 -DNDEBUG",8,100000,flecs,owned_update,,2,10,1,1.309000
aalair,"Apple M3",8,"Darwin 27.0.0 arm64","Apple LLVM 21.0.0 (clang-2100.3.34.2)"," -O3 -DNDEBUG",8,100000,flecs,owned_update,,2,10,2,1.315000
aalair,"Apple M3",8,"Darwin 27.0.0 arm64","Apple LLVM 21.0.0 (clang-2100.3.34.2)"," -O3 -DNDEBUG",8,100000,flecs,owned_update,,2,10,3,1.327000
aalair,"Apple M3",8,"Darwin 27.0.0 arm64","Apple LLVM 21.0.0 (clang-2100.3.34.2)"," -O3 -DNDEBUG",8,100000,flecs,owned_update,,2,10,4,1.357000
aalair,"Apple M3",8,"Darwin 27.0.0 arm64","Apple LLVM 21.0.0 (clang-2100.3.34.2)"," -O3 -DNDEBUG",8,100000,flecs,owned_update,,2,10,5,1.310000
aalair,"Apple M3",8,"Darwin 27.0.0 arm64","Apple LLVM 21.0.0 (clang-2100.3.34.2)"," -O3 -DNDEBUG",8,100000,flecs,owned_update,,2,10,6,1.315000
aalair,"Apple M3",8,"Darwin 27.0.0 arm64","Apple LLVM 21.0.0 (clang-2100.3.34.2)"," -O3 -DNDEBUG",8,100000,flecs,owned_update,,2,10,7,1.315000
aalair,"Apple M3",8,"Darwin 27.0.0 arm64","Apple LLVM 21.0.0 (clang-2100.3.34.2)"," -O3 -DNDEBUG",8,100000,flecs,owned_update,,2,10,8,1.324000
aalair,"Apple M3",8,"Darwin 27.0.0 arm64","Apple LLVM 21.0.0 (clang-2100.3.34.2)"," -O3 -DNDEBUG",8,100000,flecs,owned_update,,2,10,9,1.222000
aalair,"Apple M3",8,"Darwin 27.0.0 arm64","Apple LLVM 21.0.0 (clang-2100.3.34.2)"," -O3 -DNDEBUG",8,100000,flecs,owned_update,,2,10,10,1.315000
aalair,"Apple M3",8,"Darwin 27.0.0 arm64","Apple LLVM 21.0.0 (clang-2100.3.34.2)"," -O3 -DNDEBUG",8,100000,flecs,owned_update,,2,10,11,1.310000
aalair,"Apple M3",8,"Darwin 27.0.0 arm64","Apple LLVM 21.0.0 (clang-2100.3.34.2)"," -O3 -DNDEBUG",8,100000,flecs,owned_update,,2,50,1,8.117000
aalair,"Apple M3",8,"Darwin 27.0.0 arm64","Apple LLVM 21.0.0 (clang-2100.3.34.2)"," -O3 -DNDEBUG",8,100000,flecs,owned_update,,2,50,2,8.132000
aalair,"Apple M3",8,"Darwin 27.0.0 arm64","Apple LLVM 21.0.0 (clang-2100.3.34.2)"," -O3 -DNDEBUG",8,100000,flecs,owned_update,,2,50,3,8.156000
aalair,"Apple M3",8,"Darwin 27.0.0 arm64","Apple LLVM 21.0.0 (clang-2100.3.34.2)"," -O3 -DNDEBUG",8,100000,flecs,owned_update,,2,50,4,8.118000
aalair,"Apple M3",8,"Darwin 27.0.0 arm64","Apple LLVM 21.0.0 (clang-2100.3.34.2)"," -O3 -DNDEBUG",8,100000,flecs,owned_update,,2,50,5,8.128000
aalair,"Apple M3",8,"Darwin 27.0.0 arm64","Apple LLVM 21.0.0 (clang-2100.3.34.2)"," -O3 -DNDEBUG",8,100000,flecs,owned_update,,2,50,6,8.115000
aalair,"Apple M3",8,"Darwin 27.0.0 arm64","Apple LLVM 21.0.0 (clang-2100.3.34.2)"," -O3 -DNDEBUG",8,100000,flecs,owned_update,,2,50,7,8.131000
aalair,"Apple M3",8,"Darwin 27.0.0 arm64","Apple LLVM 21.0.0 (clang-2100.3.34.2)"," -O3 -DNDEBUG",8,100000,flecs,owned_update,,2,50,8,8.146000
aalair,"Apple M3",8,"Darwin 27.0.0 arm64","Apple LLVM 21.0.0 (clang-2100.3.34.2)"," -O3 -DNDEBUG",8,100000,flecs,owned_update,,2,50,9,8.118000
aalair,"Apple M3",8,"Darwin 27.0.0 arm64","Apple LLVM 21.0.0 (clang-2100.3.34.2)"," -O3 -DNDEBUG",8,100000,flecs,owned_update,,2,50,10,8.196000
aalair,"Apple M3",8,"Darwin 27.0.0 arm64","Apple LLVM 21.0.0 (clang-2100.3.34.2)"," -O3 -DNDEBUG",8,100000,flecs,owned_update,,2,500,1,174.899000
aalair,"Apple M3",8,"Darwin 27.0.0 arm64","Apple LLVM 21.0.0 (clang-2100.3.34.2)"," -O3 -DNDEBUG",8,100000,flecs,owned_update,,2,500,2,173.778000
aalair,"Apple M3",8,"Darwin 27.0.0 arm64","Apple LLVM 21.0.0 (clang-2100.3.34.2)"," -O3 -DNDEBUG",8,100000,flecs,owned_update,,2,500,3,174.852000
aalair,"Apple M3",8,"Darwin 27.0.0 arm64","Apple LLVM 21.0.0 (clang-2100.3.34.2)"," -O3 -DNDEBUG",8,100000,flecs,owned_update,,2,500,4,174.126000
aalair,"Apple M3",8,"Darwin 27.0.0 arm64","Apple LLVM 21.0.0 (clang-2100.3.34.2)"," -O3 -DNDEBUG",8,100000,flecs,owned_update,,2,500,5,173.939000
aalair,"Apple M3",8,"Darwin 27.0.0 arm64","Apple LLVM 21.0.0 (clang-2100.3.34.2)"," -O3 -DNDEBUG",8,100000,flecs,owned_update,,2,500,6,174.117000
aalair,"Apple M3",8,"Darwin 27.0.0 arm64","Apple LLVM 21.0.0 (clang-2100.3.34.2)"," -O3 -DNDEBUG",8,100000,flecs,owned_update,,2,500,7,173.972000
aalair,"Apple M3",8,"Darwin 27.0.0 arm64","Apple LLVM 21.0.0 (clang-2100.3.34.2)"," -O3 -DNDEBUG",8,100000,flecs,owned_update,,2,500,8,173.766000
aalair,"Apple M3",8,"Darwin 27.0.0 arm64","Apple LLVM 21.0.0 (clang-2100.3.34.2)"," -O3 -DNDEBUG",8,100000,flecs,owned_update,,2,500,9,173.945000
aalair,"Apple M3",8,"Darwin 27.0.0 arm64","Apple LLVM 21.0.0 (clang-2100.3.34.2)"," -O3 -DNDEBUG",8,100000,flecs,owned_update,,2,500,10,174.048000
aalair,"Apple M3",8,"Darwin 27.0.0 arm64","Apple LLVM 21.0.0 (clang-2100.3.34.2)"," -O3 -DNDEBUG",8,100000,flecs,owned_update,,4,0,1,0.076000
aalair,"Apple M3",8,"Darwin 27.0.0 arm64","Apple LLVM 21.0.0 (clang-2100.3.34.2)"," -O3 -DNDEBUG",8,100000,flecs,owned_update,,4,0,2,0.054000
aalair,"Apple M3",8,"Darwin 27.0.0 arm64","Apple LLVM 21.0.0 (clang-2100.3.34.2)"," -O3 -DNDEBUG",8,100000,flecs,owned_update,,4,0,3,0.047000
aalair,"Apple M3",8,"Darwin 27.0.0 arm64","Apple LLVM 21.0.0 (clang-2100.3.34.2)"," -O3 -DNDEBUG",8,100000,flecs,owned_update,,4,0,4,0.046000
aalair,"Apple M3",8,"Darwin 27.0.0 arm64","Apple LLVM 21.0.0 (clang-2100.3.34.2)"," -O3 -DNDEBUG",8,100000,flecs,owned_update,,4,0,5,0.045000
aalair,"Apple M3",8,"Darwin 27.0.0 arm64","Apple LLVM 21.0.0 (clang-2100.3.34.2)"," -O3 -DNDEBUG",8,100000,flecs,owned_update,,4,0,6,0.044000
aalair,"Apple M3",8,"Darwin 27.0.0 arm64","Apple LLVM 21.0.0 (clang-2100.3.34.2)"," -O3 -DNDEBUG",8,100000,flecs,owned_update,,4,0,7,0.046000
aalair,"Apple M3",8,"Darwin 27.0.0 arm64","Apple LLVM 21.0.0 (clang-2100.3.34.2)"," -O3 -DNDEBUG",8,100000,flecs,owned_update,,4,0,8,0.044000
aalair,"Apple M3",8,"Darwin 27.0.0 arm64","Apple LLVM 21.0.0 (clang-2100.3.34.2)"," -O3 -DNDEBUG",8,100000,flecs,owned_update,,4,0,9,0.046000
aalair,"Apple M3",8,"Darwin 27.0.0 arm64","Apple LLVM 21.0.0 (clang-2100.3.34.2)"," -O3 -DNDEBUG",8,100000,flecs,owned_update,,4,0,10,0.047000
aalair,"Apple M3",8,"Darwin 27.0.0 arm64","Apple LLVM 21.0.0 (clang-2100.3.34.2)"," -O3 -DNDEBUG",8,100000,flecs,owned_update,,4,0,11,0.044000
aalair,"Apple M3",8,"Darwin 27.0.0 arm64","Apple LLVM 21.0.0 (clang-2100.3.34.2)"," -O3 -DNDEBUG",8,100000,flecs,owned_update,,4,0,12,0.047000
aalair,"Apple M3",8,"Darwin 27.0.0 arm64","Apple LLVM 21.0.0 (clang-2100.3.34.2)"," -O3 -DNDEBUG",8,100000,flecs,owned_update,,4,0,13,0.046000
aalair,"Apple M3",8,"Darwin 27.0.0 arm64","Apple LLVM 21.0.0 (clang-2100.3.34.2)"," -O3 -DNDEBUG",8,100000,flecs,owned_update,,4,0,14,0.047000
aalair,"Apple M3",8,"Darwin 27.0.0 arm64","Apple LLVM 21.0.0 (clang-2100.3.34.2)"," -O3 -DNDEBUG",8,100000,flecs,owned_update,,4,10,1,0.732000
aalair,"Apple M3",8,"Darwin 27.0.0 arm64","Apple LLVM 21.0.0 (clang-2100.3.34.2)"," -O3 -DNDEBUG",8,100000,flecs,owned_update,,4,10,2,0.731000
aalair,"Apple M3",8,"Darwin 27.0.0 arm64","Apple LLVM 21.0.0 (clang-2100.3.34.2)"," -O3 -DNDEBUG",8,100000,flecs,owned_update,,4,10,3,0.729000
aalair,"Apple M3",8,"Darwin 27.0.0 arm64","Apple LLVM 21.0.0 (clang-2100.3.34.2)"," -O3 -DNDEBUG",8,100000,flecs,owned_update,,4,10,4,0.733000
aalair,"Apple M3",8,"Darwin 27.0.0 arm64","Apple LLVM 21.0.0 (clang-2100.3.34.2)"," -O3 -DNDEBUG",8,100000,flecs,owned_update,,4,10,5,0.731000
aalair,"Apple M3",8,"Darwin 27.0.0 arm64","Apple LLVM 21.0.0 (clang-2100.3.34.2)"," -O3 -DNDEBUG",8,100000,flecs,owned_update,,4,10,6,0.731000
aalair,"Apple M3",8,"Darwin 27.0.0 arm64","Apple LLVM 21.0.0 (clang-2100.3.34.2)"," -O3 -DNDEBUG",8,100000,flecs,owned_update,,4,10,7,0.731000
aalair,"Apple M3",8,"Darwin 27.0.0 arm64","Apple LLVM 21.0.0 (clang-2100.3.34.2)"," -O3 -DNDEBUG",8,100000,flecs,owned_update,,4,10,8,0.731000
aalair,"Apple M3",8,"Darwin 27.0.0 arm64","Apple LLVM 21.0.0 (clang-2100.3.34.2)"," -O3 -DNDEBUG",8,100000,flecs,owned_update,,4,10,9,0.731000
aalair,"Apple M3",8,"Darwin 27.0.0 arm64","Apple LLVM 21.0.0 (clang-2100.3.34.2)"," -O3 -DNDEBUG",8,100000,flecs,owned_update,,4,10,10,0.729000
aalair,"Apple M3",8,"Darwin 27.0.0 arm64","Apple LLVM 21.0.0 (clang-2100.3.34.2)"," -O3 -DNDEBUG",8,100000,flecs,owned_update,,4,50,1,4.431000
aalair,"Apple M3",8,"Darwin 27.0.0 arm64","Apple LLVM 21.0.0 (clang-2100.3.34.2)"," -O3 -DNDEBUG",8,100000,flecs,owned_update,,4,50,2,4.441000
aalair,"Apple M3",8,"Darwin 27.0.0 arm64","Apple LLVM 21.0.0 (clang-2100.3.34.2)"," -O3 -DNDEBUG",8,100000,flecs,owned_update,,4,50,3,4.432000
aalair,"Apple M3",8,"Darwin 27.0.0 arm64","Apple LLVM 21.0.0 (clang-2100.3.34.2)"," -O3 -DNDEBUG",8,100000,flecs,owned_update,,4,50,4,4.431000
aalair,"Apple M3",8,"Darwin 27.0.0 arm64","Apple LLVM 21.0.0 (clang-2100.3.34.2)"," -O3 -DNDEBUG",8,100000,flecs,owned_update,,4,50,5,4.429000
aalair,"Apple M3",8,"Darwin 27.0.0 arm64","Apple LLVM 21.0.0 (clang-2100.3.34.2)"," -O3 -DNDEBUG",8,100000,flecs,owned_update,,4,50,6,4.435000
aalair,"Apple M3",8,"Darwin 27.0.0 arm64","Apple LLVM 21.0.0 (clang-2100.3.34.2)"," -O3 -DNDEBUG",8,100000,flecs,owned_update,,4,50,7,4.457000
aalair,"Apple M3",8,"Darwin 27.0.0 arm64","Apple LLVM 21.0.0 (clang-2100.3.34.2)"," -O3 -DNDEBUG",8,100000,flecs,owned_update,,4,50,8,4.430000
aalair,"Apple M3",8,"Darwin 27.0.0 arm64","Apple LLVM 21.0.0 (clang-2100.3.34.2)"," -O3 -DNDEBUG",8,100000,flecs,owned_update,,4,50,9,4.429000
aalair,"Apple M3",8,"Darwin 27.0.0 arm64","Apple LLVM 21.0.0 (clang-2100.3.34.2)"," -O3 -DNDEBUG",8,100000,flecs,owned_update,,4,50,10,4.433000
aalair,"Apple M3",8,"Darwin 27.0.0 arm64","Apple LLVM 21.0.0 (clang-2100.3.34.2)"," -O3 -DNDEBUG",8,100000,flecs,owned_update,,4,500,1,94.603000
aalair,"Apple M3",8,"Darwin 27.0.0 arm64","Apple LLVM 21.0.0 (clang-2100.3.34.2)"," -O3 -DNDEBUG",8,100000,flecs,owned_update,,4,500,2,94.702000
aalair,"Apple M3",8,"Darwin 27.0.0 arm64","Apple LLVM 21.0.0 (clang-2100.3.34.2)"," -O3 -DNDEBUG",8,100000,flecs,owned_update,,4,500,3,94.648000
aalair,"Apple M3",8,"Darwin 27.0.0 arm64","Apple LLVM 21.0.0 (clang-2100.3.34.2)"," -O3 -DNDEBUG",8,100000,flecs,owned_update,,4,500,4,94.708000
aalair,"Apple M3",8,"Darwin 27.0.0 arm64","Apple LLVM 21.0.0 (clang-2100.3.34.2)"," -O3 -DNDEBUG",8,100000,flecs,owned_update,,4,500,5,96.691000
aalair,"Apple M3",8,"Darwin 27.0.0 arm64","Apple LLVM 21.0.0 (clang-2100.3.34.2)"," -O3 -DNDEBUG",8,100000,flecs,owned_update,,4,500,6,94.644000
aalair,"Apple M3",8,"Darwin 27.0.0 arm64","Apple LLVM 21.0.0 (clang-2100.3.34.2)"," -O3 -DNDEBUG",8,100000,flecs,owned_update,,4,500,7,100.106000
aalair,"Apple M3",8,"Darwin 27.0.0 arm64","Apple LLVM 21.0.0 (clang-2100.3.34.2)"," -O3 -DNDEBUG",8,100000,flecs,owned_update,,4,500,8,94.649000
aalair,"Apple M3",8,"Darwin 27.0.0 arm64","Apple LLVM 21.0.0 (clang-2100.3.34.2)"," -O3 -DNDEBUG",8,100000,flecs,owned_update,,4,500,9,94.633000
aalair,"Apple M3",8,"Darwin 27.0.0 arm64","Apple LLVM 21.0.0 (clang-2100.3.34.2)"," -O3 -DNDEBUG",8,100000,flecs,owned_update,,4,500,10,94.648000
aalair,"Apple M3",8,"Darwin 27.0.0 arm64","Apple LLVM 21.0.0 (clang-2100.3.34.2)"," -O3 -DNDEBUG",8,100000,flecs,owned_update,,4,500,11,95.036000
aalair,"Apple M3",8,"Darwin 27.0.0 arm64","Apple LLVM 21.0.0 (clang-2100.3.34.2)"," -O3 -DNDEBUG",8,100000,flecs,owned_update,,8,0,1,0.092000
aalair,"Apple M3",8,"Darwin 27.0.0 arm64","Apple LLVM 21.0.0 (clang-2100.3.34.2)"," -O3 -DNDEBUG",8,100000,flecs,owned_update,,8,0,2,0.069000
aalair,"Apple M3",8,"Darwin 27.0.0 arm64","Apple LLVM 21.0.0 (clang-2100.3.34.2)"," -O3 -DNDEBUG",8,100000,flecs,owned_update,,8,0,3,0.062000
aalair,"Apple M3",8,"Darwin 27.0.0 arm64","Apple LLVM 21.0.0 (clang-2100.3.34.2)"," -O3 -DNDEBUG",8,100000,flecs,owned_update,,8,0,4,0.059000
aalair,"Apple M3",8,"Darwin 27.0.0 arm64","Apple LLVM 21.0.0 (clang-2100.3.34.2)"," -O3 -DNDEBUG",8,100000,flecs,owned_update,,8,0,5,0.055000
aalair,"Apple M3",8,"Darwin 27.0.0 arm64","Apple LLVM 21.0.0 (clang-2100.3.34.2)"," -O3 -DNDEBUG",8,100000,flecs,owned_update,,8,0,6,0.053000
aalair,"Apple M3",8,"Darwin 27.0.0 arm64","Apple LLVM 21.0.0 (clang-2100.3.34.2)"," -O3 -DNDEBUG",8,100000,flecs,owned_update,,8,0,7,0.056000
aalair,"Apple M3",8,"Darwin 27.0.0 arm64","Apple LLVM 21.0.0 (clang-2100.3.34.2)"," -O3 -DNDEBUG",8,100000,flecs,owned_update,,8,0,8,0.060000
aalair,"Apple M3",8,"Darwin 27.0.0 arm64","Apple LLVM 21.0.0 (clang-2100.3.34.2)"," -O3 -DNDEBUG",8,100000,flecs,owned_update,,8,0,9,0.056000
aalair,"Apple M3",8,"Darwin 27.0.0 arm64","Apple LLVM 21.0.0 (clang-2100.3.34.2)"," -O3 -DNDEBUG",8,100000,flecs,owned_update,,8,0,10,0.052000
aalair,"Apple M3",8,"Darwin 27.0.0 arm64","Apple LLVM 21.0.0 (clang-2100.3.34.2)"," -O3 -DNDEBUG",8,100000,flecs,owned_update,,8,0,11,0.058000
aalair,"Apple M3",8,"Darwin 27.0.0 arm64","Apple LLVM 21.0.0 (clang-2100.3.34.2)"," -O3 -DNDEBUG",8,100000,flecs,owned_update,,8,0,12,0.056000
aalair,"Apple M3",8,"Darwin 27.0.0 arm64","Apple LLVM 21.0.0 (clang-2100.3.34.2)"," -O3 -DNDEBUG",8,100000,flecs,owned_update,,8,0,13,0.052000
aalair,"Apple M3",8,"Darwin 27.0.0 arm64","Apple LLVM 21.0.0 (clang-2100.3.34.2)"," -O3 -DNDEBUG",8,100000,flecs,owned_update,,8,0,14,0.062000
aalair,"Apple M3",8,"Darwin 27.0.0 arm64","Apple LLVM 21.0.0 (clang-2100.3.34.2)"," -O3 -DNDEBUG",8,100000,flecs,owned_update,,8,0,15,0.052000
aalair,"Apple M3",8,"Darwin 27.0.0 arm64","Apple LLVM 21.0.0 (clang-2100.3.34.2)"," -O3 -DNDEBUG",8,100000,flecs,owned_update,,8,0,16,0.061000
aalair,"Apple M3",8,"Darwin 27.0.0 arm64","Apple LLVM 21.0.0 (clang-2100.3.34.2)"," -O3 -DNDEBUG",8,100000,flecs,owned_update,,8,0,17,0.053000
aalair,"Apple M3",8,"Darwin 27.0.0 arm64","Apple LLVM 21.0.0 (clang-2100.3.34.2)"," -O3 -DNDEBUG",8,100000,flecs,owned_update,,8,0,18,0.053000
aalair,"Apple M3",8,"Darwin 27.0.0 arm64","Apple LLVM 21.0.0 (clang-2100.3.34.2)"," -O3 -DNDEBUG",8,100000,flecs,owned_update,,8,0,19,0.062000
aalair,"Apple M3",8,"Darwin 27.0.0 arm64","Apple LLVM 21.0.0 (clang-2100.3.34.2)"," -O3 -DNDEBUG",8,100000,flecs,owned_update,,8,0,20,0.054000
aalair,"Apple M3",8,"Darwin 27.0.0 arm64","Apple LLVM 21.0.0 (clang-2100.3.34.2)"," -O3 -DNDEBUG",8,100000,flecs,owned_update,,8,0,21,0.058000
aalair,"Apple M3",8,"Darwin 27.0.0 arm64","Apple LLVM 21.0.0 (clang-2100.3.34.2)"," -O3 -DNDEBUG",8,100000,flecs,owned_update,,8,0,22,0.058000
aalair,"Apple M3",8,"Darwin 27.0.0 arm64","Apple LLVM 21.0.0 (clang-2100.3.34.2)"," -O3 -DNDEBUG",8,100000,flecs,owned_update,,8,0,23,0.062000
aalair,"Apple M3",8,"Darwin 27.0.0 arm64","Apple LLVM 21.0.0 (clang-2100.3.34.2)"," -O3 -DNDEBUG",8,100000,flecs,owned_update,,8,0,24,0.059000
aalair,"Apple M3",8,"Darwin 27.0.0 arm64","Apple LLVM 21.0.0 (clang-2100.3.34.2)"," -O3 -DNDEBUG",8,100000,flecs,owned_update,,8,0,25,0.053000
aalair,"Apple M3",8,"Darwin 27.0.0 arm64","Apple LLVM 21.0.0 (clang-2100.3.34.2)"," -O3 -DNDEBUG",8,100000,flecs,owned_update,,8,0,26,0.052000
aalair,"Apple M3",8,"Darwin 27.0.0 arm64","Apple LLVM 21.0.0 (clang-2100.3.34.2)"," -O3 -DNDEBUG",8,100000,flecs,owned_update,,8,0,27,0.057000
aalair,"Apple M3",8,"Darwin 27.0.0 arm64","Apple LLVM 21.0.0 (clang-2100.3.34.2)"," -O3 -DNDEBUG",8,100000,flecs,owned_update,,8,0,28,0.059000
aalair,"Apple M3",8,"Darwin 27.0.0 arm64","Apple LLVM 21.0.0 (clang-2100.3.34.2)"," -O3 -DNDEBUG",8,100000,flecs,owned_update,,8,0,29,0.057000
aalair,"Apple M3",8,"Darwin 27.0.0 arm64","Apple LLVM 21.0.0 (clang-2100.3.34.2)"," -O3 -DNDEBUG",8,100000,flecs,owned_update,,8,0,30,0.062000
aalair,"Apple M3",8,"Darwin 27.0.0 arm64","Apple LLVM 21.0.0 (clang-2100.3.34.2)"," -O3 -DNDEBUG",8,100000,flecs,owned_update,,8,0,31,0.058000
aalair,"Apple M3",8,"Darwin 27.0.0 arm64","Apple LLVM 21.0.0 (clang-2100.3.34.2)"," -O3 -DNDEBUG",8,100000,flecs,owned_update,,8,0,32,0.056000
aalair,"Apple M3",8,"Darwin 27.0.0 arm64","Apple LLVM 21.0.0 (clang-2100.3.34.2)"," -O3 -DNDEBUG",8,100000,flecs,owned_update,,8,10,1,0.478000
aalair,"Apple M3",8,"Darwin 27.0.0 arm64","Apple LLVM 21.0.0 (clang-2100.3.34.2)"," -O3 -DNDEBUG",8,100000,flecs,owned_update,,8,10,2,0.480000
aalair,"Apple M3",8,"Darwin 27.0.0 arm64","Apple LLVM 21.0.0 (clang-2100.3.34.2)"," -O3 -DNDEBUG",8,100000,flecs,owned_update,,8,10,3,0.471000
aalair,"Apple M3",8,"Darwin 27.0.0 arm64","Apple LLVM 21.0.0 (clang-2100.3.34.2)"," -O3 -DNDEBUG",8,100000,flecs,owned_update,,8,10,4,0.485000
aalair,"Apple M3",8,"Darwin 27.0.0 arm64","Apple LLVM 21.0.0 (clang-2100.3.34.2)"," -O3 -DNDEBUG",8,100000,flecs,owned_update,,8,10,5,0.473000
aalair,"Apple M3",8,"Darwin 27.0.0 arm64","Apple LLVM 21.0.0 (clang-2100.3.34.2)"," -O3 -DNDEBUG",8,100000,flecs,owned_update,,8,10,6,0.501000
aalair,"Apple M3",8,"Darwin 27.0.0 arm64","Apple LLVM 21.0.0 (clang-2100.3.34.2)"," -O3 -DNDEBUG",8,100000,flecs,owned_update,,8,10,7,0.492000
aalair,"Apple M3",8,"Darwin 27.0.0 arm64","Apple LLVM 21.0.0 (clang-2100.3.34.2)"," -O3 -DNDEBUG",8,100000,flecs,owned_update,,8,10,8,0.482000
aalair,"Apple M3",8,"Darwin 27.0.0 arm64","Apple LLVM 21.0.0 (clang-2100.3.34.2)"," -O3 -DNDEBUG",8,100000,flecs,owned_update,,8,10,9,0.472000
aalair,"Apple M3",8,"Darwin 27.0.0 arm64","Apple LLVM 21.0.0 (clang-2100.3.34.2)"," -O3 -DNDEBUG",8,100000,flecs,owned_update,,8,10,10,0.472000
aalair,"Apple M3",8,"Darwin 27.0.0 arm64","Apple LLVM 21.0.0 (clang-2100.3.34.2)"," -O3 -DNDEBUG",8,100000,flecs,owned_update,,8,50,1,3.269000
aalair,"Apple M3",8,"Darwin 27.0.0 arm64","Apple LLVM 21.0.0 (clang-2100.3.34.2)"," -O3 -DNDEBUG",8,100000,flecs,owned_update,,8,50,2,3.302000
aalair,"Apple M3",8,"Darwin 27.0.0 arm64","Apple LLVM 21.0.0 (clang-2100.3.34.2)"," -O3 -DNDEBUG",8,100000,flecs,owned_update,,8,50,3,3.422000
aalair,"Apple M3",8,"Darwin 27.0.0 arm64","Apple LLVM 21.0.0 (clang-2100.3.34.2)"," -O3 -DNDEBUG",8,100000,flecs,owned_update,,8,50,4,3.274000
aalair,"Apple M3",8,"Darwin 27.0.0 arm64","Apple LLVM 21.0.0 (clang-2100.3.34.2)"," -O3 -DNDEBUG",8,100000,flecs,owned_update,,8,50,5,3.279000
aalair,"Apple M3",8,"Darwin 27.0.0 arm64","Apple LLVM 21.0.0 (clang-2100.3.34.2)"," -O3 -DNDEBUG",8,100000,flecs,owned_update,,8,50,6,3.507000
aalair,"Apple M3",8,"Darwin 27.0.0 arm64","Apple LLVM 21.0.0 (clang-2100.3.34.2)"," -O3 -DNDEBUG",8,100000,flecs,owned_update,,8,50,7,3.295000
aalair,"Apple M3",8,"Darwin 27.0.0 arm64","Apple LLVM 21.0.0 (clang-2100.3.34.2)"," -O3 -DNDEBUG",8,100000,flecs,owned_update,,8,50,8,3.272000
aalair,"Apple M3",8,"Darwin 27.0.0 arm64","Apple LLVM 21.0.0 (clang-2100.3.34.2)"," -O3 -DNDEBUG",8,100000,flecs,owned_update,,8,50,9,3.506000
aalair,"Apple M3",8,"Darwin 27.0.0 arm64","Apple LLVM 21.0.0 (clang-2100.3.34.2)"," -O3 -DNDEBUG",8,100000,flecs,owned_update,,8,50,10,3.268000
aalair,"Apple M3",8,"Darwin 27.0.0 arm64","Apple LLVM 21.0.0 (clang-2100.3.34.2)"," -O3 -DNDEBUG",8,100000,flecs,owned_update,,8,50,11,3.273000
aalair,"Apple M3",8,"Darwin 27.0.0 arm64","Apple LLVM 21.0.0 (clang-2100.3.34.2)"," -O3 -DNDEBUG",8,100000,flecs,owned_update,,8,50,12,3.496000
aalair,"Apple M3",8,"Darwin 27.0.0 arm64","Apple LLVM 21.0.0 (clang-2100.3.34.2)"," -O3 -DNDEBUG",8,100000,flecs,owned_update,,8,50,13,3.270000
aalair,"Apple M3",8,"Darwin 27.0.0 arm64","Apple LLVM 21.0.0 (clang-2100.3.34.2)"," -O3 -DNDEBUG",8,100000,flecs,owned_update,,8,50,14,3.352000
aalair,"Apple M3",8,"Darwin 27.0.0 arm64","Apple LLVM 21.0.0 (clang-2100.3.34.2)"," -O3 -DNDEBUG",8,100000,flecs,owned_update,,8,50,15,3.532000
aalair,"Apple M3",8,"Darwin 27.0.0 arm64","Apple LLVM 21.0.0 (clang-2100.3.34.2)"," -O3 -DNDEBUG",8,100000,flecs,owned_update,,8,50,16,3.298000
aalair,"Apple M3",8,"Darwin 27.0.0 arm64","Apple LLVM 21.0.0 (clang-2100.3.34.2)"," -O3 -DNDEBUG",8,100000,flecs,owned_update,,8,50,17,3.266000
aalair,"Apple M3",8,"Darwin 27.0.0 arm64","Apple LLVM 21.0.0 (clang-2100.3.34.2)"," -O3 -DNDEBUG",8,100000,flecs,owned_update,,8,50,18,3.485000
aalair,"Apple M3",8,"Darwin 27.0.0 arm64","Apple LLVM 21.0.0 (clang-2100.3.34.2)"," -O3 -DNDEBUG",8,100000,flecs,owned_update,,8,50,19,3.403000
aalair,"Apple M3",8,"Darwin 27.0.0 arm64","Apple LLVM 21.0.0 (clang-2100.3.34.2)"," -O3 -DNDEBUG",8,100000,flecs,owned_update,,8,50,20,3.289000
aalair,"Apple M3",8,"Darwin 27.0.0 arm64","Apple LLVM 21.0.0 (clang-2100.3.34.2)"," -O3 -DNDEBUG",8,100000,flecs,owned_update,,8,50,21,3.510000
aalair,"Apple M3",8,"Darwin 27.0.0 arm64","Apple LLVM 21.0.0 (clang-2100.3.34.2)"," -O3 -DNDEBUG",8,100000,flecs,owned_update,,8,50,22,3.301000
aalair,"Apple M3",8,"Darwin 27.0.0 arm64","Apple LLVM 21.0.0 (clang-2100.3.34.2)"," -O3 -DNDEBUG",8,100000,flecs,owned_update,,8,50,23,3.273000
aalair,"Apple M3",8,"Darwin 27.0.0 arm64","Apple LLVM 21.0.0 (clang-2100.3.34.2)"," -O3 -DNDEBUG",8,100000,flecs,owned_update,,8,50,24,3.375000
aalair,"Apple M3",8,"Darwin 27.0.0 arm64","Apple LLVM 21.0.0 (clang-2100.3.34.2)"," -O3 -DNDEBUG",8,100000,flecs,owned_update,,8,500,1,61.166000
aalair,"Apple M3",8,"Darwin 27.0.0 arm64","Apple LLVM 21.0.0 (clang-2100.3.34.2)"," -O3 -DNDEBUG",8,100000,flecs,owned_update,,8,500,2,64.463000
aalair,"Apple M3",8,"Darwin 27.0.0 arm64","Apple LLVM 21.0.0 (clang-2100.3.34.2)"," -O3 -DNDEBUG",8,100000,flecs,owned_update,,8,500,3,60.087000
aalair,"Apple M3",8,"Darwin 27.0.0 arm64","Apple LLVM 21.0.0 (clang-2100.3.34.2)"," -O3 -DNDEBUG",8,100000,flecs,owned_update,,8,500,4,61.450000
aalair,"Apple M3",8,"Darwin 27.0.0 arm64","Apple LLVM 21.0.0 (clang-2100.3.34.2)"," -O3 -DNDEBUG",8,100000,flecs,owned_update,,8,500,5,59.753000
aalair,"Apple M3",8,"Darwin 27.0.0 arm64","Apple LLVM 21.0.0 (clang-2100.3.34.2)"," -O3 -DNDEBUG",8,100000,flecs,owned_update,,8,500,6,61.332000
aalair,"Apple M3",8,"Darwin 27.0.0 arm64","Apple LLVM 21.0.0 (clang-2100.3.34.2)"," -O3 -DNDEBUG",8,100000,flecs,owned_update,,8,500,7,60.851000
aalair,"Apple M3",8,"Darwin 27.0.0 arm64","Apple LLVM 21.0.0 (clang-2100.3.34.2)"," -O3 -DNDEBUG",8,100000,flecs,owned_update,,8,500,8,64.682000
aalair,"Apple M3",8,"Darwin 27.0.0 arm64","Apple LLVM 21.0.0 (clang-2100.3.34.2)"," -O3 -DNDEBUG",8,100000,flecs,owned_update,,8,500,9,59.266000
aalair,"Apple M3",8,"Darwin 27.0.0 arm64","Apple LLVM 21.0.0 (clang-2100.3.34.2)"," -O3 -DNDEBUG",8,100000,flecs,owned_update,,8,500,10,65.060000
aalair,"Apple M3",8,"Darwin 27.0.0 arm64","Apple LLVM 21.0.0 (clang-2100.3.34.2)"," -O3 -DNDEBUG",8,100000,flecs,owned_update,,8,500,11,62.820000
aalair,"Apple M3",8,"Darwin 27.0.0 arm64","Apple LLVM 21.0.0 (clang-2100.3.34.2)"," -O3 -DNDEBUG",8,100000,flecs,owned_update,,8,500,12,59.240000
aalair,"Apple M3",8,"Darwin 27.0.0 arm64","Apple LLVM 21.0.0 (clang-2100.3.34.2)"," -O3 -DNDEBUG",8,100000,flecs,owned_update,,8,500,13,60.736000
aalair,"Apple M3",8,"Darwin 27.0.0 arm64","Apple LLVM 21.0.0 (clang-2100.3.34.2)"," -O3 -DNDEBUG",8,100000,flecs,owned_update,,8,500,14,58.890000
aalair,"Apple M3",8,"Darwin 27.0.0 arm64","Apple LLVM 21.0.0 (clang-2100.3.34.2)"," -O3 -DNDEBUG",8,100000,flecs,owned_update,,8,500,15,58.549000
aalair,"Apple M3",8,"Darwin 27.0.0 arm64","Apple LLVM 21.0.0 (clang-2100.3.34.2)"," -O3 -DNDEBUG",8,100000,flecs,owned_update,,8,500,16,62.804000
aalair,"Apple M3",8,"Darwin 27.0.0 arm64","Apple LLVM 21.0.0 (clang-2100.3.34.2)"," -O3 -DNDEBUG",8,100000,pito,owned_update,ecs_get,1,0,1,6.601000
aalair,"Apple M3",8,"Darwin 27.0.0 arm64","Apple LLVM 21.0.0 (clang-2100.3.34.2)"," -O3 -DNDEBUG",8,100000,pito,owned_update,ecs_get,1,0,2,6.487000
aalair,"Apple M3",8,"Darwin 27.0.0 arm64","Apple LLVM 21.0.0 (clang-2100.3.34.2)"," -O3 -DNDEBUG",8,100000,pito,owned_update,ecs_get,1,0,3,6.597000
aalair,"Apple M3",8,"Darwin 27.0.0 arm64","Apple LLVM 21.0.0 (clang-2100.3.34.2)"," -O3 -DNDEBUG",8,100000,pito,owned_update,ecs_get,1,0,4,6.624000
aalair,"Apple M3",8,"Darwin 27.0.0 arm64","Apple LLVM 21.0.0 (clang-2100.3.34.2)"," -O3 -DNDEBUG",8,100000,pito,owned_update,ecs_get,1,0,5,6.634000
aalair,"Apple M3",8,"Darwin 27.0.0 arm64","Apple LLVM 21.0.0 (clang-2100.3.34.2)"," -O3 -DNDEBUG",8,100000,pito,owned_update,ecs_get,1,0,6,6.598000
aalair,"Apple M3",8,"Darwin 27.0.0 arm64","Apple LLVM 21.0.0 (clang-2100.3.34.2)"," -O3 -DNDEBUG",8,100000,pito,owned_update,ecs_get,1,0,7,6.662000
aalair,"Apple M3",8,"Darwin 27.0.0 arm64","Apple LLVM 21.0.0 (clang-2100.3.34.2)"," -O3 -DNDEBUG",8,100000,pito,owned_update,ecs_get,1,0,8,6.389000
aalair,"Apple M3",8,"Darwin 27.0.0 arm64","Apple LLVM 21.0.0 (clang-2100.3.34.2)"," -O3 -DNDEBUG",8,100000,pito,owned_update,ecs_get,1,0,9,6.635000
aalair,"Apple M3",8,"Darwin 27.0.0 arm64","Apple LLVM 21.0.0 (clang-2100.3.34.2)"," -O3 -DNDEBUG",8,100000,pito,owned_update,ecs_get,1,0,10,6.639000
aalair,"Apple M3",8,"Darwin 27.0.0 arm64","Apple LLVM 21.0.0 (clang-2100.3.34.2)"," -O3 -DNDEBUG",8,100000,pito,owned_update,ecs_get,1,10,1,8.984000
aalair,"Apple M3",8,"Darwin 27.0.0 arm64","Apple LLVM 21.0.0 (clang-2100.3.34.2)"," -O3 -DNDEBUG",8,100000,pito,owned_update,ecs_get,1,10,2,8.725000
aalair,"Apple M3",8,"Darwin 27.0.0 arm64","Apple LLVM 21.0.0 (clang-2100.3.34.2)"," -O3 -DNDEBUG",8,100000,pito,owned_update,ecs_get,1,10,3,8.177000
aalair,"Apple M3",8,"Darwin 27.0.0 arm64","Apple LLVM 21.0.0 (clang-2100.3.34.2)"," -O3 -DNDEBUG",8,100000,pito,owned_update,ecs_get,1,10,4,8.280000
aalair,"Apple M3",8,"Darwin 27.0.0 arm64","Apple LLVM 21.0.0 (clang-2100.3.34.2)"," -O3 -DNDEBUG",8,100000,pito,owned_update,ecs_get,1,10,5,8.355000
aalair,"Apple M3",8,"Darwin 27.0.0 arm64","Apple LLVM 21.0.0 (clang-2100.3.34.2)"," -O3 -DNDEBUG",8,100000,pito,owned_update,ecs_get,1,10,6,8.306000
aalair,"Apple M3",8,"Darwin 27.0.0 arm64","Apple LLVM 21.0.0 (clang-2100.3.34.2)"," -O3 -DNDEBUG",8,100000,pito,owned_update,ecs_get,1,10,7,8.429000
aalair,"Apple M3",8,"Darwin 27.0.0 arm64","Apple LLVM 21.0.0 (clang-2100.3.34.2)"," -O3 -DNDEBUG",8,100000,pito,owned_update,ecs_get,1,10,8,8.394000
aalair,"Apple M3",8,"Darwin 27.0.0 arm64","Apple LLVM 21.0.0 (clang-2100.3.34.2)"," -O3 -DNDEBUG",8,100000,pito,owned_update,ecs_get,1,10,9,8.192000
aalair,"Apple M3",8,"Darwin 27.0.0 arm64","Apple LLVM 21.0.0 (clang-2100.3.34.2)"," -O3 -DNDEBUG",8,100000,pito,owned_update,ecs_get,1,10,10,8.303000
aalair,"Apple M3",8,"Darwin 27.0.0 arm64","Apple LLVM 21.0.0 (clang-2100.3.34.2)"," -O3 -DNDEBUG",8,100000,pito,owned_update,ecs_get,1,10,11,8.294000
aalair,"Apple M3",8,"Darwin 27.0.0 arm64","Apple LLVM 21.0.0 (clang-2100.3.34.2)"," -O3 -DNDEBUG",8,100000,pito,owned_update,ecs_get,1,10,12,8.447000
aalair,"Apple M3",8,"Darwin 27.0.0 arm64","Apple LLVM 21.0.0 (clang-2100.3.34.2)"," -O3 -DNDEBUG",8,100000,pito,owned_update,ecs_get,1,50,1,24.546000
aalair,"Apple M3",8,"Darwin 27.0.0 arm64","Apple LLVM 21.0.0 (clang-2100.3.34.2)"," -O3 -DNDEBUG",8,100000,pito,owned_update,ecs_get,1,50,2,24.530000
aalair,"Apple M3",8,"Darwin 27.0.0 arm64","Apple LLVM 21.0.0 (clang-2100.3.34.2)"," -O3 -DNDEBUG",8,100000,pito,owned_update,ecs_get,1,50,3,24.574000
aalair,"Apple M3",8,"Darwin 27.0.0 arm64","Apple LLVM 21.0.0 (clang-2100.3.34.2)"," -O3 -DNDEBUG",8,100000,pito,owned_update,ecs_get,1,50,4,24.567000
aalair,"Apple M3",8,"Darwin 27.0.0 arm64","Apple LLVM 21.0.0 (clang-2100.3.34.2)"," -O3 -DNDEBUG",8,100000,pito,owned_update,ecs_get,1,50,5,24.590000
aalair,"Apple M3",8,"Darwin 27.0.0 arm64","Apple LLVM 21.0.0 (clang-2100.3.34.2)"," -O3 -DNDEBUG",8,100000,pito,owned_update,ecs_get,1,50,6,24.660000
aalair,"Apple M3",8,"Darwin 27.0.0 arm64","Apple LLVM 21.0.0 (clang-2100.3.34.2)"," -O3 -DNDEBUG",8,100000,pito,owned_update,ecs_get,1,50,7,24.582000
aalair,"Apple M3",8,"Darwin 27.0.0 arm64","Apple LLVM 21.0.0 (clang-2100.3.34.2)"," -O3 -DNDEBUG",8,100000,pito,owned_update,ecs_get,1,50,8,24.603000
aalair,"Apple M3",8,"Darwin 27.0.0 arm64","Apple LLVM 21.0.0 (clang-2100.3.34.2)"," -O3 -DNDEBUG",8,100000,pito,owned_update,ecs_get,1,50,9,24.604000
aalair,"Apple M3",8,"Darwin 27.0.0 arm64","Apple LLVM 21.0.0 (clang-2100.3.34.2)"," -O3 -DNDEBUG",8,100000,pito,owned_update,ecs_get,1,50,10,24.658000
aalair,"Apple M3",8,"Darwin 27.0.0 arm64","Apple LLVM 21.0.0 (clang-2100.3.34.2)"," -O3 -DNDEBUG",8,100000,pito,owned_update,ecs_get,1,500,1,356.458000
aalair,"Apple M3",8,"Darwin 27.0.0 arm64","Apple LLVM 21.0.0 (clang-2100.3.34.2)"," -O3 -DNDEBUG",8,100000,pito,owned_update,ecs_get,1,500,2,356.185000
aalair,"Apple M3",8,"Darwin 27.0.0 arm64","Apple LLVM 21.0.0 (clang-2100.3.34.2)"," -O3 -DNDEBUG",8,100000,pito,owned_update,ecs_get,1,500,3,357.875000
aalair,"Apple M3",8,"Darwin 27.0.0 arm64","Apple LLVM 21.0.0 (clang-2100.3.34.2)"," -O3 -DNDEBUG",8,100000,pito,owned_update,ecs_get,1,500,4,356.487000
aalair,"Apple M3",8,"Darwin 27.0.0 arm64","Apple LLVM 21.0.0 (clang-2100.3.34.2)"," -O3 -DNDEBUG",8,100000,pito,owned_update,ecs_get,1,500,5,356.214000
aalair,"Apple M3",8,"Darwin 27.0.0 arm64","Apple LLVM 21.0.0 (clang-2100.3.34.2)"," -O3 -DNDEBUG",8,100000,pito,owned_update,ecs_get,1,500,6,356.450000
aalair,"Apple M3",8,"Darwin 27.0.0 arm64","Apple LLVM 21.0.0 (clang-2100.3.34.2)"," -O3 -DNDEBUG",8,100000,pito,owned_update,ecs_get,1,500,7,356.525000
aalair,"Apple M3",8,"Darwin 27.0.0 arm64","Apple LLVM 21.0.0 (clang-2100.3.34.2)"," -O3 -DNDEBUG",8,100000,pito,owned_update,ecs_get,1,500,8,356.918000
aalair,"Apple M3",8,"Darwin 27.0.0 arm64","Apple LLVM 21.0.0 (clang-2100.3.34.2)"," -O3 -DNDEBUG",8,100000,pito,owned_update,ecs_get,1,500,9,356.405000
aalair,"Apple M3",8,"Darwin 27.0.0 arm64","Apple LLVM 21.0.0 (clang-2100.3.34.2)"," -O3 -DNDEBUG",8,100000,pito,owned_update,ecs_get,1,500,10,357.752000
aalair,"Apple M3",8,"Darwin 27.0.0 arm64","Apple LLVM 21.0.0 (clang-2100.3.34.2)"," -O3 -DNDEBUG",8,100000,pito,owned_update,ecs_get,2,0,1,3.166000
aalair,"Apple M3",8,"Darwin 27.0.0 arm64","Apple LLVM 21.0.0 (clang-2100.3.34.2)"," -O3 -DNDEBUG",8,100000,pito,owned_update,ecs_get,2,0,2,3.245000
aalair,"Apple M3",8,"Darwin 27.0.0 arm64","Apple LLVM 21.0.0 (clang-2100.3.34.2)"," -O3 -DNDEBUG",8,100000,pito,owned_update,ecs_get,2,0,3,3.363000
aalair,"Apple M3",8,"Darwin 27.0.0 arm64","Apple LLVM 21.0.0 (clang-2100.3.34.2)"," -O3 -DNDEBUG",8,100000,pito,owned_update,ecs_get,2,0,4,3.371000
aalair,"Apple M3",8,"Darwin 27.0.0 arm64","Apple LLVM 21.0.0 (clang-2100.3.34.2)"," -O3 -DNDEBUG",8,100000,pito,owned_update,ecs_get,2,0,5,3.284000
aalair,"Apple M3",8,"Darwin 27.0.0 arm64","Apple LLVM 21.0.0 (clang-2100.3.34.2)"," -O3 -DNDEBUG",8,100000,pito,owned_update,ecs_get,2,0,6,3.375000
aalair,"Apple M3",8,"Darwin 27.0.0 arm64","Apple LLVM 21.0.0 (clang-2100.3.34.2)"," -O3 -DNDEBUG",8,100000,pito,owned_update,ecs_get,2,0,7,3.378000
aalair,"Apple M3",8,"Darwin 27.0.0 arm64","Apple LLVM 21.0.0 (clang-2100.3.34.2)"," -O3 -DNDEBUG",8,100000,pito,owned_update,ecs_get,2,0,8,3.391000
aalair,"Apple M3",8,"Darwin 27.0.0 arm64","Apple LLVM 21.0.0 (clang-2100.3.34.2)"," -O3 -DNDEBUG",8,100000,pito,owned_update,ecs_get,2,0,9,3.359000
aalair,"Apple M3",8,"Darwin 27.0.0 arm64","Apple LLVM 21.0.0 (clang-2100.3.34.2)"," -O3 -DNDEBUG",8,100000,pito,owned_update,ecs_get,2,0,10,3.236000
aalair,"Apple M3",8,"Darwin 27.0.0 arm64","Apple LLVM 21.0.0 (clang-2100.3.34.2)"," -O3 -DNDEBUG",8,100000,pito,owned_update,ecs_get,2,0,11,3.389000
aalair,"Apple M3",8,"Darwin 27.0.0 arm64","Apple LLVM 21.0.0 (clang-2100.3.34.2)"," -O3 -DNDEBUG",8,100000,pito,owned_update,ecs_get,2,10,1,4.380000
aalair,"Apple M3",8,"Darwin 27.0.0 arm64","Apple LLVM 21.0.0 (clang-2100.3.34.2)"," -O3 -DNDEBUG",8,100000,pito,owned_update,ecs_get,2,10,2,4.291000
aalair,"Apple M3",8,"Darwin 27.0.0 arm64","Apple LLVM 21.0.0 (clang-2100.3.34.2)"," -O3 -DNDEBUG",8,100000,pito,owned_update,ecs_get,2,10,3,4.535000
aalair,"Apple M3",8,"Darwin 27.0.0 arm64","Apple LLVM 21.0.0 (clang-2100.3.34.2)"," -O3 -DNDEBUG",8,100000,pito,owned_update,ecs_get,2,10,4,4.427000
aalair,"Apple M3",8,"Darwin 27.0.0 arm64","Apple LLVM 21.0.0 (clang-2100.3.34.2)"," -O3 -DNDEBUG",8,100000,pito,owned_update,ecs_get,2,10,5,4.225000
aalair,"Apple M3",8,"Darwin 27.0.0 arm64","Apple LLVM 21.0.0 (clang-2100.3.34.2)"," -O3 -DNDEBUG",8,100000,pito,owned_update,ecs_get,2,10,6,4.644000
aalair,"Apple M3",8,"Darwin 27.0.0 arm64","Apple LLVM 21.0.0 (clang-2100.3.34.2)"," -O3 -DNDEBUG",8,100000,pito,owned_update,ecs_get,2,10,7,4.368000
aalair,"Apple M3",8,"Darwin 27.0.0 arm64","Apple LLVM 21.0.0 (clang-2100.3.34.2)"," -O3 -DNDEBUG",8,100000,pito,owned_update,ecs_get,2,10,8,4.238000
aalair,"Apple M3",8,"Darwin 27.0.0 arm64","Apple LLVM 21.0.0 (clang-2100.3.34.2)"," -O3 -DNDEBUG",8,100000,pito,owned_update,ecs_get,2,10,9,4.204000
aalair,"Apple M3",8,"Darwin 27.0.0 arm64","Apple LLVM 21.0.0 (clang-2100.3.34.2)"," -O3 -DNDEBUG",8,100000,pito,owned_update,ecs_get,2,10,10,4.338000
aalair,"Apple M3",8,"Darwin 27.0.0 arm64","Apple LLVM 21.0.0 (clang-2100.3.34.2)"," -O3 -DNDEBUG",8,100000,pito,owned_update,ecs_get,2,10,11,4.253000
aalair,"Apple M3",8,"Darwin 27.0.0 arm64","Apple LLVM 21.0.0 (clang-2100.3.34.2)"," -O3 -DNDEBUG",8,100000,pito,owned_update,ecs_get,2,50,1,12.637000
aalair,"Apple M3",8,"Darwin 27.0.0 arm64","Apple LLVM 21.0.0 (clang-2100.3.34.2)"," -O3 -DNDEBUG",8,100000,pito,owned_update,ecs_get,2,50,2,12.613000
aalair,"Apple M3",8,"Darwin 27.0.0 arm64","Apple LLVM 21.0.0 (clang-2100.3.34.2)"," -O3 -DNDEBUG",8,100000,pito,owned_update,ecs_get,2,50,3,12.588000
aalair,"Apple M3",8,"Darwin 27.0.0 arm64","Apple LLVM 21.0.0 (clang-2100.3.34.2)"," -O3 -DNDEBUG",8,100000,pito,owned_update,ecs_get,2,50,4,12.634000
aalair,"Apple M3",8,"Darwin 27.0.0 arm64","Apple LLVM 21.0.0 (clang-2100.3.34.2)"," -O3 -DNDEBUG",8,100000,pito,owned_update,ecs_get,2,50,5,12.610000
aalair,"Apple M3",8,"Darwin 27.0.0 arm64","Apple LLVM 21.0.0 (clang-2100.3.34.2)"," -O3 -DNDEBUG",8,100000,pito,owned_update,ecs_get,2,50,6,12.633000
aalair,"Apple M3",8,"Darwin 27.0.0 arm64","Apple LLVM 21.0.0 (clang-2100.3.34.2)"," -O3 -DNDEBUG",8,100000,pito,owned_update,ecs_get,2,50,7,12.614000
aalair,"Apple M3",8,"Darwin 27.0.0 arm64","Apple LLVM 21.0.0 (clang-2100.3.34.2)"," -O3 -DNDEBUG",8,100000,pito,owned_update,ecs_get,2,50,8,12.632000
aalair,"Apple M3",8,"Darwin 27.0.0 arm64","Apple LLVM 21.0.0 (clang-2100.3.34.2)"," -O3 -DNDEBUG",8,100000,pito,owned_update,ecs_get,2,50,9,12.640000
aalair,"Apple M3",8,"Darwin 27.0.0 arm64","Apple LLVM 21.0.0 (clang-2100.3.34.2)"," -O3 -DNDEBUG",8,100000,pito,owned_update,ecs_get,2,50,10,12.612000
aalair,"Apple M3",8,"Darwin 27.0.0 arm64","Apple LLVM 21.0.0 (clang-2100.3.34.2)"," -O3 -DNDEBUG",8,100000,pito,owned_update,ecs_get,2,500,1,183.364000
aalair,"Apple M3",8,"Darwin 27.0.0 arm64","Apple LLVM 21.0.0 (clang-2100.3.34.2)"," -O3 -DNDEBUG",8,100000,pito,owned_update,ecs_get,2,500,2,182.528000
aalair,"Apple M3",8,"Darwin 27.0.0 arm64","Apple LLVM 21.0.0 (clang-2100.3.34.2)"," -O3 -DNDEBUG",8,100000,pito,owned_update,ecs_get,2,500,3,182.568000
aalair,"Apple M3",8,"Darwin 27.0.0 arm64","Apple LLVM 21.0.0 (clang-2100.3.34.2)"," -O3 -DNDEBUG",8,100000,pito,owned_update,ecs_get,2,500,4,182.532000
aalair,"Apple M3",8,"Darwin 27.0.0 arm64","Apple LLVM 21.0.0 (clang-2100.3.34.2)"," -O3 -DNDEBUG",8,100000,pito,owned_update,ecs_get,2,500,5,182.456000
aalair,"Apple M3",8,"Darwin 27.0.0 arm64","Apple LLVM 21.0.0 (clang-2100.3.34.2)"," -O3 -DNDEBUG",8,100000,pito,owned_update,ecs_get,2,500,6,182.570000
aalair,"Apple M3",8,"Darwin 27.0.0 arm64","Apple LLVM 21.0.0 (clang-2100.3.34.2)"," -O3 -DNDEBUG",8,100000,pito,owned_update,ecs_get,2,500,7,182.501000
aalair,"Apple M3",8,"Darwin 27.0.0 arm64","Apple LLVM 21.0.0 (clang-2100.3.34.2)"," -O3 -DNDEBUG",8,100000,pito,owned_update,ecs_get,2,500,8,182.489000
aalair,"Apple M3",8,"Darwin 27.0.0 arm64","Apple LLVM 21.0.0 (clang-2100.3.34.2)"," -O3 -DNDEBUG",8,100000,pito,owned_update,ecs_get,2,500,9,183.270000
aalair,"Apple M3",8,"Darwin 27.0.0 arm64","Apple LLVM 21.0.0 (clang-2100.3.34.2)"," -O3 -DNDEBUG",8,100000,pito,owned_update,ecs_get,2,500,10,183.952000
aalair,"Apple M3",8,"Darwin 27.0.0 arm64","Apple LLVM 21.0.0 (clang-2100.3.34.2)"," -O3 -DNDEBUG",8,100000,pito,owned_update,ecs_get,4,0,1,1.721000
aalair,"Apple M3",8,"Darwin 27.0.0 arm64","Apple LLVM 21.0.0 (clang-2100.3.34.2)"," -O3 -DNDEBUG",8,100000,pito,owned_update,ecs_get,4,0,2,1.732000
aalair,"Apple M3",8,"Darwin 27.0.0 arm64","Apple LLVM 21.0.0 (clang-2100.3.34.2)"," -O3 -DNDEBUG",8,100000,pito,owned_update,ecs_get,4,0,3,1.943000
aalair,"Apple M3",8,"Darwin 27.0.0 arm64","Apple LLVM 21.0.0 (clang-2100.3.34.2)"," -O3 -DNDEBUG",8,100000,pito,owned_update,ecs_get,4,0,4,1.721000
aalair,"Apple M3",8,"Darwin 27.0.0 arm64","Apple LLVM 21.0.0 (clang-2100.3.34.2)"," -O3 -DNDEBUG",8,100000,pito,owned_update,ecs_get,4,0,5,1.726000
aalair,"Apple M3",8,"Darwin 27.0.0 arm64","Apple LLVM 21.0.0 (clang-2100.3.34.2)"," -O3 -DNDEBUG",8,100000,pito,owned_update,ecs_get,4,0,6,1.720000
aalair,"Apple M3",8,"Darwin 27.0.0 arm64","Apple LLVM 21.0.0 (clang-2100.3.34.2)"," -O3 -DNDEBUG",8,100000,pito,owned_update,ecs_get,4,0,7,1.723000
aalair,"Apple M3",8,"Darwin 27.0.0 arm64","Apple LLVM 21.0.0 (clang-2100.3.34.2)"," -O3 -DNDEBUG",8,100000,pito,owned_update,ecs_get,4,0,8,1.729000
aalair,"Apple M3",8,"Darwin 27.0.0 arm64","Apple LLVM 21.0.0 (clang-2100.3.34.2)"," -O3 -DNDEBUG",8,100000,pito,owned_update,ecs_get,4,0,9,1.727000
aalair,"Apple M3",8,"Darwin 27.0.0 arm64","Apple LLVM 21.0.0 (clang-2100.3.34.2)"," -O3 -DNDEBUG",8,100000,pito,owned_update,ecs_get,4,0,10,1.723000
aalair,"Apple M3",8,"Darwin 27.0.0 arm64","Apple LLVM 21.0.0 (clang-2100.3.34.2)"," -O3 -DNDEBUG",8,100000,pito,owned_update,ecs_get,4,0,11,1.952000
aalair,"Apple M3",8,"Darwin 27.0.0 arm64","Apple LLVM 21.0.0 (clang-2100.3.34.2)"," -O3 -DNDEBUG",8,100000,pito,owned_update,ecs_get,4,0,12,1.722000
aalair,"Apple M3",8,"Darwin 27.0.0 arm64","Apple LLVM 21.0.0 (clang-2100.3.34.2)"," -O3 -DNDEBUG",8,100000,pito,owned_update,ecs_get,4,0,13,1.721000
aalair,"Apple M3",8,"Darwin 27.0.0 arm64","Apple LLVM 21.0.0 (clang-2100.3.34.2)"," -O3 -DNDEBUG",8,100000,pito,owned_update,ecs_get,4,0,14,1.724000
aalair,"Apple M3",8,"Darwin 27.0.0 arm64","Apple LLVM 21.0.0 (clang-2100.3.34.2)"," -O3 -DNDEBUG",8,100000,pito,owned_update,ecs_get,4,10,1,2.414000
aalair,"Apple M3",8,"Darwin 27.0.0 arm64","Apple LLVM 21.0.0 (clang-2100.3.34.2)"," -O3 -DNDEBUG",8,100000,pito,owned_update,ecs_get,4,10,2,2.315000
aalair,"Apple M3",8,"Darwin 27.0.0 arm64","Apple LLVM 21.0.0 (clang-2100.3.34.2)"," -O3 -DNDEBUG",8,100000,pito,owned_update,ecs_get,4,10,3,2.315000
aalair,"Apple M3",8,"Darwin 27.0.0 arm64","Apple LLVM 21.0.0 (clang-2100.3.34.2)"," -O3 -DNDEBUG",8,100000,pito,owned_update,ecs_get,4,10,4,2.314000
aalair,"Apple M3",8,"Darwin 27.0.0 arm64","Apple LLVM 21.0.0 (clang-2100.3.34.2)"," -O3 -DNDEBUG",8,100000,pito,owned_update,ecs_get,4,10,5,2.260000
aalair,"Apple M3",8,"Darwin 27.0.0 arm64","Apple LLVM 21.0.0 (clang-2100.3.34.2)"," -O3 -DNDEBUG",8,100000,pito,owned_update,ecs_get,4,10,6,2.316000
aalair,"Apple M3",8,"Darwin 27.0.0 arm64","Apple LLVM 21.0.0 (clang-2100.3.34.2)"," -O3 -DNDEBUG",8,100000,pito,owned_update,ecs_get,4,10,7,2.278000
aalair,"Apple M3",8,"Darwin 27.0.0 arm64","Apple LLVM 21.0.0 (clang-2100.3.34.2)"," -O3 -DNDEBUG",8,100000,pito,owned_update,ecs_get,4,10,8,2.318000
aalair,"Apple M3",8,"Darwin 27.0.0 arm64","Apple LLVM 21.0.0 (clang-2100.3.34.2)"," -O3 -DNDEBUG",8,100000,pito,owned_update,ecs_get,4,10,9,2.314000
aalair,"Apple M3",8,"Darwin 27.0.0 arm64","Apple LLVM 21.0.0 (clang-2100.3.34.2)"," -O3 -DNDEBUG",8,100000,pito,owned_update,ecs_get,4,10,10,2.262000
aalair,"Apple M3",8,"Darwin 27.0.0 arm64","Apple LLVM 21.0.0 (clang-2100.3.34.2)"," -O3 -DNDEBUG",8,100000,pito,owned_update,ecs_get,4,50,1,6.869000
aalair,"Apple M3",8,"Darwin 27.0.0 arm64","Apple LLVM 21.0.0 (clang-2100.3.34.2)"," -O3 -DNDEBUG",8,100000,pito,owned_update,ecs_get,4,50,2,6.867000
aalair,"Apple M3",8,"Darwin 27.0.0 arm64","Apple LLVM 21.0.0 (clang-2100.3.34.2)"," -O3 -DNDEBUG",8,100000,pito,owned_update,ecs_get,4,50,3,6.866000
aalair,"Apple M3",8,"Darwin 27.0.0 arm64","Apple LLVM 21.0.0 (clang-2100.3.34.2)"," -O3 -DNDEBUG",8,100000,pito,owned_update,ecs_get,4,50,4,6.862000
aalair,"Apple M3",8,"Darwin 27.0.0 arm64","Apple LLVM 21.0.0 (clang-2100.3.34.2)"," -O3 -DNDEBUG",8,100000,pito,owned_update,ecs_get,4,50,5,6.874000
aalair,"Apple M3",8,"Darwin 27.0.0 arm64","Apple LLVM 21.0.0 (clang-2100.3.34.2)"," -O3 -DNDEBUG",8,100000,pito,owned_update,ecs_get,4,50,6,6.864000
aalair,"Apple M3",8,"Darwin 27.0.0 arm64","Apple LLVM 21.0.0 (clang-2100.3.34.2)"," -O3 -DNDEBUG",8,100000,pito,owned_update,ecs_get,4,50,7,7.725000
aalair,"Apple M3",8,"Darwin 27.0.0 arm64","Apple LLVM 21.0.0 (clang-2100.3.34.2)"," -O3 -DNDEBUG",8,100000,pito,owned_update,ecs_get,4,50,8,6.878000
aalair,"Apple M3",8,"Darwin 27.0.0 arm64","Apple LLVM 21.0.0 (clang-2100.3.34.2)"," -O3 -DNDEBUG",8,100000,pito,owned_update,ecs_get,4,50,9,6.893000
aalair,"Apple M3",8,"Darwin 27.0.0 arm64","Apple LLVM 21.0.0 (clang-2100.3.34.2)"," -O3 -DNDEBUG",8,100000,pito,owned_update,ecs_get,4,50,10,6.867000
aalair,"Apple M3",8,"Darwin 27.0.0 arm64","Apple LLVM 21.0.0 (clang-2100.3.34.2)"," -O3 -DNDEBUG",8,100000,pito,owned_update,ecs_get,4,50,11,6.856000
aalair,"Apple M3",8,"Darwin 27.0.0 arm64","Apple LLVM 21.0.0 (clang-2100.3.34.2)"," -O3 -DNDEBUG",8,100000,pito,owned_update,ecs_get,4,500,1,99.578000
aalair,"Apple M3",8,"Darwin 27.0.0 arm64","Apple LLVM 21.0.0 (clang-2100.3.34.2)"," -O3 -DNDEBUG",8,100000,pito,owned_update,ecs_get,4,500,2,99.324000
aalair,"Apple M3",8,"Darwin 27.0.0 arm64","Apple LLVM 21.0.0 (clang-2100.3.34.2)"," -O3 -DNDEBUG",8,100000,pito,owned_update,ecs_get,4,500,3,100.164000
aalair,"Apple M3",8,"Darwin 27.0.0 arm64","Apple LLVM 21.0.0 (clang-2100.3.34.2)"," -O3 -DNDEBUG",8,100000,pito,owned_update,ecs_get,4,500,4,101.922000
aalair,"Apple M3",8,"Darwin 27.0.0 arm64","Apple LLVM 21.0.0 (clang-2100.3.34.2)"," -O3 -DNDEBUG",8,100000,pito,owned_update,ecs_get,4,500,5,99.294000
aalair,"Apple M3",8,"Darwin 27.0.0 arm64","Apple LLVM 21.0.0 (clang-2100.3.34.2)"," -O3 -DNDEBUG",8,100000,pito,owned_update,ecs_get,4,500,6,99.534000
aalair,"Apple M3",8,"Darwin 27.0.0 arm64","Apple LLVM 21.0.0 (clang-2100.3.34.2)"," -O3 -DNDEBUG",8,100000,pito,owned_update,ecs_get,4,500,7,100.599000
aalair,"Apple M3",8,"Darwin 27.0.0 arm64","Apple LLVM 21.0.0 (clang-2100.3.34.2)"," -O3 -DNDEBUG",8,100000,pito,owned_update,ecs_get,4,500,8,100.326000
aalair,"Apple M3",8,"Darwin 27.0.0 arm64","Apple LLVM 21.0.0 (clang-2100.3.34.2)"," -O3 -DNDEBUG",8,100000,pito,owned_update,ecs_get,4,500,9,101.072000
aalair,"Apple M3",8,"Darwin 27.0.0 arm64","Apple LLVM 21.0.0 (clang-2100.3.34.2)"," -O3 -DNDEBUG",8,100000,pito,owned_update,ecs_get,4,500,10,100.051000
aalair,"Apple M3",8,"Darwin 27.0.0 arm64","Apple LLVM 21.0.0 (clang-2100.3.34.2)"," -O3 -DNDEBUG",8,100000,pito,owned_update,ecs_get,8,0,1,2.604000
aalair,"Apple M3",8,"Darwin 27.0.0 arm64","Apple LLVM 21.0.0 (clang-2100.3.34.2)"," -O3 -DNDEBUG",8,100000,pito,owned_update,ecs_get,8,0,2,2.080000
aalair,"Apple M3",8,"Darwin 27.0.0 arm64","Apple LLVM 21.0.0 (clang-2100.3.34.2)"," -O3 -DNDEBUG",8,100000,pito,owned_update,ecs_get,8,0,3,1.983000
aalair,"Apple M3",8,"Darwin 27.0.0 arm64","Apple LLVM 21.0.0 (clang-2100.3.34.2)"," -O3 -DNDEBUG",8,100000,pito,owned_update,ecs_get,8,0,4,2.709000
aalair,"Apple M3",8,"Darwin 27.0.0 arm64","Apple LLVM 21.0.0 (clang-2100.3.34.2)"," -O3 -DNDEBUG",8,100000,pito,owned_update,ecs_get,8,0,5,2.681000
aalair,"Apple M3",8,"Darwin 27.0.0 arm64","Apple LLVM 21.0.0 (clang-2100.3.34.2)"," -O3 -DNDEBUG",8,100000,pito,owned_update,ecs_get,8,0,6,2.187000
aalair,"Apple M3",8,"Darwin 27.0.0 arm64","Apple LLVM 21.0.0 (clang-2100.3.34.2)"," -O3 -DNDEBUG",8,100000,pito,owned_update,ecs_get,8,0,7,2.121000
aalair,"Apple M3",8,"Darwin 27.0.0 arm64","Apple LLVM 21.0.0 (clang-2100.3.34.2)"," -O3 -DNDEBUG",8,100000,pito,owned_update,ecs_get,8,0,8,2.023000
aalair,"Apple M3",8,"Darwin 27.0.0 arm64","Apple LLVM 21.0.0 (clang-2100.3.34.2)"," -O3 -DNDEBUG",8,100000,pito,owned_update,ecs_get,8,0,9,2.049000
aalair,"Apple M3",8,"Darwin 27.0.0 arm64","Apple LLVM 21.0.0 (clang-2100.3.34.2)"," -O3 -DNDEBUG",8,100000,pito,owned_update,ecs_get,8,0,10,2.103000
aalair,"Apple M3",8,"Darwin 27.0.0 arm64","Apple LLVM 21.0.0 (clang-2100.3.34.2)"," -O3 -DNDEBUG",8,100000,pito,owned_update,ecs_get,8,0,11,1.833000
aalair,"Apple M3",8,"Darwin 27.0.0 arm64","Apple LLVM 21.0.0 (clang-2100.3.34.2)"," -O3 -DNDEBUG",8,100000,pito,owned_update,ecs_get,8,0,12,2.343000
aalair,"Apple M3",8,"Darwin 27.0.0 arm64","Apple LLVM 21.0.0 (clang-2100.3.34.2)"," -O3 -DNDEBUG",8,100000,pito,owned_update,ecs_get,8,0,13,1.826000
aalair,"Apple M3",8,"Darwin 27.0.0 arm64","Apple LLVM 21.0.0 (clang-2100.3.34.2)"," -O3 -DNDEBUG",8,100000,pito,owned_update,ecs_get,8,0,14,2.008000
aalair,"Apple M3",8,"Darwin 27.0.0 arm64","Apple LLVM 21.0.0 (clang-2100.3.34.2)"," -O3 -DNDEBUG",8,100000,pito,owned_update,ecs_get,8,0,15,2.373000
aalair,"Apple M3",8,"Darwin 27.0.0 arm64","Apple LLVM 21.0.0 (clang-2100.3.34.2)"," -O3 -DNDEBUG",8,100000,pito,owned_update,ecs_get,8,0,16,2.025000
aalair,"Apple M3",8,"Darwin 27.0.0 arm64","Apple LLVM 21.0.0 (clang-2100.3.34.2)"," -O3 -DNDEBUG",8,100000,pito,owned_update,ecs_get,8,0,17,2.397000
aalair,"Apple M3",8,"Darwin 27.0.0 arm64","Apple LLVM 21.0.0 (clang-2100.3.34.2)"," -O3 -DNDEBUG",8,100000,pito,owned_update,ecs_get,8,0,18,2.067000
aalair,"Apple M3",8,"Darwin 27.0.0 arm64","Apple LLVM 21.0.0 (clang-2100.3.34.2)"," -O3 -DNDEBUG",8,100000,pito,owned_update,ecs_get,8,0,19,2.044000
aalair,"Apple M3",8,"Darwin 27.0.0 arm64","Apple LLVM 21.0.0 (clang-2100.3.34.2)"," -O3 -DNDEBUG",8,100000,pito,owned_update,ecs_get,8,0,20,2.244000
aalair,"Apple M3",8,"Darwin 27.0.0 arm64","Apple LLVM 21.0.0 (clang-2100.3.34.2)"," -O3 -DNDEBUG",8,100000,pito,owned_update,ecs_get,8,0,21,2.160000
aalair,"Apple M3",8,"Darwin 27.0.0 arm64","Apple LLVM 21.0.0 (clang-2100.3.34.2)"," -O3 -DNDEBUG",8,100000,pito,owned_update,ecs_get,8,0,22,2.541000
aalair,"Apple M3",8,"Darwin 27.0.0 arm64","Apple LLVM 21.0.0 (clang-2100.3.34.2)"," -O3 -DNDEBUG",8,100000,pito,owned_update,ecs_get,8,0,23,2.113000
aalair,"Apple M3",8,"Darwin 27.0.0 arm64","Apple LLVM 21.0.0 (clang-2100.3.34.2)"," -O3 -DNDEBUG",8,100000,pito,owned_update,ecs_get,8,0,24,2.507000
aalair,"Apple M3",8,"Darwin 27.0.0 arm64","Apple LLVM 21.0.0 (clang-2100.3.34.2)"," -O3 -DNDEBUG",8,100000,pito,owned_update,ecs_get,8,0,25,2.023000
aalair,"Apple M3",8,"Darwin 27.0.0 arm64","Apple LLVM 21.0.0 (clang-2100.3.34.2)"," -O3 -DNDEBUG",8,100000,pito,owned_update,ecs_get,8,0,26,2.070000
aalair,"Apple M3",8,"Darwin 27.0.0 arm64","Apple LLVM 21.0.0 (clang-2100.3.34.2)"," -O3 -DNDEBUG",8,100000,pito,owned_update,ecs_get,8,0,27,2.080000
aalair,"Apple M3",8,"Darwin 27.0.0 arm64","Apple LLVM 21.0.0 (clang-2100.3.34.2)"," -O3 -DNDEBUG",8,100000,pito,owned_update,ecs_get,8,0,28,2.388000
aalair,"Apple M3",8,"Darwin 27.0.0 arm64","Apple LLVM 21.0.0 (clang-2100.3.34.2)"," -O3 -DNDEBUG",8,100000,pito,owned_update,ecs_get,8,0,29,2.158000
aalair,"Apple M3",8,"Darwin 27.0.0 arm64","Apple LLVM 21.0.0 (clang-2100.3.34.2)"," -O3 -DNDEBUG",8,100000,pito,owned_update,ecs_get,8,0,30,2.362000
aalair,"Apple M3",8,"Darwin 27.0.0 arm64","Apple LLVM 21.0.0 (clang-2100.3.34.2)"," -O3 -DNDEBUG",8,100000,pito,owned_update,ecs_get,8,0,31,1.816000
aalair,"Apple M3",8,"Darwin 27.0.0 arm64","Apple LLVM 21.0.0 (clang-2100.3.34.2)"," -O3 -DNDEBUG",8,100000,pito,owned_update,ecs_get,8,0,32,2.017000
aalair,"Apple M3",8,"Darwin 27.0.0 arm64","Apple LLVM 21.0.0 (clang-2100.3.34.2)"," -O3 -DNDEBUG",8,100000,pito,owned_update,ecs_get,8,0,33,2.010000
aalair,"Apple M3",8,"Darwin 27.0.0 arm64","Apple LLVM 21.0.0 (clang-2100.3.34.2)"," -O3 -DNDEBUG",8,100000,pito,owned_update,ecs_get,8,0,34,1.797000
aalair,"Apple M3",8,"Darwin 27.0.0 arm64","Apple LLVM 21.0.0 (clang-2100.3.34.2)"," -O3 -DNDEBUG",8,100000,pito,owned_update,ecs_get,8,0,35,2.208000
aalair,"Apple M3",8,"Darwin 27.0.0 arm64","Apple LLVM 21.0.0 (clang-2100.3.34.2)"," -O3 -DNDEBUG",8,100000,pito,owned_update,ecs_get,8,0,36,1.907000
aalair,"Apple M3",8,"Darwin 27.0.0 arm64","Apple LLVM 21.0.0 (clang-2100.3.34.2)"," -O3 -DNDEBUG",8,100000,pito,owned_update,ecs_get,8,0,37,2.027000
aalair,"Apple M3",8,"Darwin 27.0.0 arm64","Apple LLVM 21.0.0 (clang-2100.3.34.2)"," -O3 -DNDEBUG",8,100000,pito,owned_update,ecs_get,8,0,38,2.248000
aalair,"Apple M3",8,"Darwin 27.0.0 arm64","Apple LLVM 21.0.0 (clang-2100.3.34.2)"," -O3 -DNDEBUG",8,100000,pito,owned_update,ecs_get,8,0,39,1.868000
aalair,"Apple M3",8,"Darwin 27.0.0 arm64","Apple LLVM 21.0.0 (clang-2100.3.34.2)"," -O3 -DNDEBUG",8,100000,pito,owned_update,ecs_get,8,0,40,2.268000
aalair,"Apple M3",8,"Darwin 27.0.0 arm64","Apple LLVM 21.0.0 (clang-2100.3.34.2)"," -O3 -DNDEBUG",8,100000,pito,owned_update,ecs_get,8,0,41,2.110000
aalair,"Apple M3",8,"Darwin 27.0.0 arm64","Apple LLVM 21.0.0 (clang-2100.3.34.2)"," -O3 -DNDEBUG",8,100000,pito,owned_update,ecs_get,8,10,1,3.126000
aalair,"Apple M3",8,"Darwin 27.0.0 arm64","Apple LLVM 21.0.0 (clang-2100.3.34.2)"," -O3 -DNDEBUG",8,100000,pito,owned_update,ecs_get,8,10,2,2.511000
aalair,"Apple M3",8,"Darwin 27.0.0 arm64","Apple LLVM 21.0.0 (clang-2100.3.34.2)"," -O3 -DNDEBUG",8,100000,pito,owned_update,ecs_get,8,10,3,3.161000
aalair,"Apple M3",8,"Darwin 27.0.0 arm64","Apple LLVM 21.0.0 (clang-2100.3.34.2)"," -O3 -DNDEBUG",8,100000,pito,owned_update,ecs_get,8,10,4,2.411000
aalair,"Apple M3",8,"Darwin 27.0.0 arm64","Apple LLVM 21.0.0 (clang-2100.3.34.2)"," -O3 -DNDEBUG",8,100000,pito,owned_update,ecs_get,8,10,5,2.606000
aalair,"Apple M3",8,"Darwin 27.0.0 arm64","Apple LLVM 21.0.0 (clang-2100.3.34.2)"," -O3 -DNDEBUG",8,100000,pito,owned_update,ecs_get,8,10,6,3.196000
aalair,"Apple M3",8,"Darwin 27.0.0 arm64","Apple LLVM 21.0.0 (clang-2100.3.34.2)"," -O3 -DNDEBUG",8,100000,pito,owned_update,ecs_get,8,10,7,2.642000
aalair,"Apple M3",8,"Darwin 27.0.0 arm64","Apple LLVM 21.0.0 (clang-2100.3.34.2)"," -O3 -DNDEBUG",8,100000,pito,owned_update,ecs_get,8,10,8,3.190000
aalair,"Apple M3",8,"Darwin 27.0.0 arm64","Apple LLVM 21.0.0 (clang-2100.3.34.2)"," -O3 -DNDEBUG",8,100000,pito,owned_update,ecs_get,8,10,9,2.656000
aalair,"Apple M3",8,"Darwin 27.0.0 arm64","Apple LLVM 21.0.0 (clang-2100.3.34.2)"," -O3 -DNDEBUG",8,100000,pito,owned_update,ecs_get,8,10,10,2.608000
aalair,"Apple M3",8,"Darwin 27.0.0 arm64","Apple LLVM 21.0.0 (clang-2100.3.34.2)"," -O3 -DNDEBUG",8,100000,pito,owned_update,ecs_get,8,10,11,3.138000
aalair,"Apple M3",8,"Darwin 27.0.0 arm64","Apple LLVM 21.0.0 (clang-2100.3.34.2)"," -O3 -DNDEBUG",8,100000,pito,owned_update,ecs_get,8,10,12,2.869000
aalair,"Apple M3",8,"Darwin 27.0.0 arm64","Apple LLVM 21.0.0 (clang-2100.3.34.2)"," -O3 -DNDEBUG",8,100000,pito,owned_update,ecs_get,8,10,13,2.725000
aalair,"Apple M3",8,"Darwin 27.0.0 arm64","Apple LLVM 21.0.0 (clang-2100.3.34.2)"," -O3 -DNDEBUG",8,100000,pito,owned_update,ecs_get,8,10,14,2.254000
aalair,"Apple M3",8,"Darwin 27.0.0 arm64","Apple LLVM 21.0.0 (clang-2100.3.34.2)"," -O3 -DNDEBUG",8,100000,pito,owned_update,ecs_get,8,10,15,2.575000
aalair,"Apple M3",8,"Darwin 27.0.0 arm64","Apple LLVM 21.0.0 (clang-2100.3.34.2)"," -O3 -DNDEBUG",8,100000,pito,owned_update,ecs_get,8,10,16,3.202000
aalair,"Apple M3",8,"Darwin 27.0.0 arm64","Apple LLVM 21.0.0 (clang-2100.3.34.2)"," -O3 -DNDEBUG",8,100000,pito,owned_update,ecs_get,8,10,17,3.266000
aalair,"Apple M3",8,"Darwin 27.0.0 arm64","Apple LLVM 21.0.0 (clang-2100.3.34.2)"," -O3 -DNDEBUG",8,100000,pito,owned_update,ecs_get,8,10,18,2.647000
aalair,"Apple M3",8,"Darwin 27.0.0 arm64","Apple LLVM 21.0.0 (clang-2100.3.34.2)"," -O3 -DNDEBUG",8,100000,pito,owned_update,ecs_get,8,10,19,2.944000
aalair,"Apple M3",8,"Darwin 27.0.0 arm64","Apple LLVM 21.0.0 (clang-2100.3.34.2)"," -O3 -DNDEBUG",8,100000,pito,owned_update,ecs_get,8,10,20,4.121000
aalair,"Apple M3",8,"Darwin 27.0.0 arm64","Apple LLVM 21.0.0 (clang-2100.3.34.2)"," -O3 -DNDEBUG",8,100000,pito,owned_update,ecs_get,8,10,21,2.967000
aalair,"Apple M3",8,"Darwin 27.0.0 arm64","Apple LLVM 21.0.0 (clang-2100.3.34.2)"," -O3 -DNDEBUG",8,100000,pito,owned_update,ecs_get,8,10,22,2.804000
aalair,"Apple M3",8,"Darwin 27.0.0 arm64","Apple LLVM 21.0.0 (clang-2100.3.34.2)"," -O3 -DNDEBUG",8,100000,pito,owned_update,ecs_get,8,10,23,3.425000
aalair,"Apple M3",8,"Darwin 27.0.0 arm64","Apple LLVM 21.0.0 (clang-2100.3.34.2)"," -O3 -DNDEBUG",8,100000,pito,owned_update,ecs_get,8,10,24,2.600000
aalair,"Apple M3",8,"Darwin 27.0.0 arm64","Apple LLVM 21.0.0 (clang-2100.3.34.2)"," -O3 -DNDEBUG",8,100000,pito,owned_update,ecs_get,8,10,25,2.597000
aalair,"Apple M3",8,"Darwin 27.0.0 arm64","Apple LLVM 21.0.0 (clang-2100.3.34.2)"," -O3 -DNDEBUG",8,100000,pito,owned_update,ecs_get,8,10,26,2.449000
aalair,"Apple M3",8,"Darwin 27.0.0 arm64","Apple LLVM 21.0.0 (clang-2100.3.34.2)"," -O3 -DNDEBUG",8,100000,pito,owned_update,ecs_get,8,10,27,2.738000
aalair,"Apple M3",8,"Darwin 27.0.0 arm64","Apple LLVM 21.0.0 (clang-2100.3.34.2)"," -O3 -DNDEBUG",8,100000,pito,owned_update,ecs_get,8,10,28,2.672000
aalair,"Apple M3",8,"Darwin 27.0.0 arm64","Apple LLVM 21.0.0 (clang-2100.3.34.2)"," -O3 -DNDEBUG",8,100000,pito,owned_update,ecs_get,8,10,29,3.258000
aalair,"Apple M3",8,"Darwin 27.0.0 arm64","Apple LLVM 21.0.0 (clang-2100.3.34.2)"," -O3 -DNDEBUG",8,100000,pito,owned_update,ecs_get,8,10,30,2.361000
aalair,"Apple M3",8,"Darwin 27.0.0 arm64","Apple LLVM 21.0.0 (clang-2100.3.34.2)"," -O3 -DNDEBUG",8,100000,pito,owned_update,ecs_get,8,10,31,2.578000
aalair,"Apple M3",8,"Darwin 27.0.0 arm64","Apple LLVM 21.0.0 (clang-2100.3.34.2)"," -O3 -DNDEBUG",8,100000,pito,owned_update,ecs_get,8,10,32,2.294000
aalair,"Apple M3",8,"Darwin 27.0.0 arm64","Apple LLVM 21.0.0 (clang-2100.3.34.2)"," -O3 -DNDEBUG",8,100000,pito,owned_update,ecs_get,8,10,33,2.278000
aalair,"Apple M3",8,"Darwin 27.0.0 arm64","Apple LLVM 21.0.0 (clang-2100.3.34.2)"," -O3 -DNDEBUG",8,100000,pito,owned_update,ecs_get,8,10,34,2.832000
aalair,"Apple M3",8,"Darwin 27.0.0 arm64","Apple LLVM 21.0.0 (clang-2100.3.34.2)"," -O3 -DNDEBUG",8,100000,pito,owned_update,ecs_get,8,10,35,2.717000
aalair,"Apple M3",8,"Darwin 27.0.0 arm64","Apple LLVM 21.0.0 (clang-2100.3.34.2)"," -O3 -DNDEBUG",8,100000,pito,owned_update,ecs_get,8,10,36,2.219000
aalair,"Apple M3",8,"Darwin 27.0.0 arm64","Apple LLVM 21.0.0 (clang-2100.3.34.2)"," -O3 -DNDEBUG",8,100000,pito,owned_update,ecs_get,8,10,37,2.680000
aalair,"Apple M3",8,"Darwin 27.0.0 arm64","Apple LLVM 21.0.0 (clang-2100.3.34.2)"," -O3 -DNDEBUG",8,100000,pito,owned_update,ecs_get,8,10,38,2.316000
aalair,"Apple M3",8,"Darwin 27.0.0 arm64","Apple LLVM 21.0.0 (clang-2100.3.34.2)"," -O3 -DNDEBUG",8,100000,pito,owned_update,ecs_get,8,10,39,3.120000
aalair,"Apple M3",8,"Darwin 27.0.0 arm64","Apple LLVM 21.0.0 (clang-2100.3.34.2)"," -O3 -DNDEBUG",8,100000,pito,owned_update,ecs_get,8,10,40,3.162000
aalair,"Apple M3",8,"Darwin 27.0.0 arm64","Apple LLVM 21.0.0 (clang-2100.3.34.2)"," -O3 -DNDEBUG",8,100000,pito,owned_update,ecs_get,8,10,41,2.561000
aalair,"Apple M3",8,"Darwin 27.0.0 arm64","Apple LLVM 21.0.0 (clang-2100.3.34.2)"," -O3 -DNDEBUG",8,100000,pito,owned_update,ecs_get,8,10,42,2.218000
aalair,"Apple M3",8,"Darwin 27.0.0 arm64","Apple LLVM 21.0.0 (clang-2100.3.34.2)"," -O3 -DNDEBUG",8,100000,pito,owned_update,ecs_get,8,10,43,2.718000
aalair,"Apple M3",8,"Darwin 27.0.0 arm64","Apple LLVM 21.0.0 (clang-2100.3.34.2)"," -O3 -DNDEBUG",8,100000,pito,owned_update,ecs_get,8,10,44,2.389000
aalair,"Apple M3",8,"Darwin 27.0.0 arm64","Apple LLVM 21.0.0 (clang-2100.3.34.2)"," -O3 -DNDEBUG",8,100000,pito,owned_update,ecs_get,8,10,45,3.040000
aalair,"Apple M3",8,"Darwin 27.0.0 arm64","Apple LLVM 21.0.0 (clang-2100.3.34.2)"," -O3 -DNDEBUG",8,100000,pito,owned_update,ecs_get,8,10,46,2.319000
aalair,"Apple M3",8,"Darwin 27.0.0 arm64","Apple LLVM 21.0.0 (clang-2100.3.34.2)"," -O3 -DNDEBUG",8,100000,pito,owned_update,ecs_get,8,10,47,3.373000
aalair,"Apple M3",8,"Darwin 27.0.0 arm64","Apple LLVM 21.0.0 (clang-2100.3.34.2)"," -O3 -DNDEBUG",8,100000,pito,owned_update,ecs_get,8,10,48,3.164000
aalair,"Apple M3",8,"Darwin 27.0.0 arm64","Apple LLVM 21.0.0 (clang-2100.3.34.2)"," -O3 -DNDEBUG",8,100000,pito,owned_update,ecs_get,8,10,49,2.725000
aalair,"Apple M3",8,"Darwin 27.0.0 arm64","Apple LLVM 21.0.0 (clang-2100.3.34.2)"," -O3 -DNDEBUG",8,100000,pito,owned_update,ecs_get,8,10,50,2.977000
aalair,"Apple M3",8,"Darwin 27.0.0 arm64","Apple LLVM 21.0.0 (clang-2100.3.34.2)"," -O3 -DNDEBUG",8,100000,pito,owned_update,ecs_get,8,10,51,2.367000
aalair,"Apple M3",8,"Darwin 27.0.0 arm64","Apple LLVM 21.0.0 (clang-2100.3.34.2)"," -O3 -DNDEBUG",8,100000,pito,owned_update,ecs_get,8,10,52,3.265000
aalair,"Apple M3",8,"Darwin 27.0.0 arm64","Apple LLVM 21.0.0 (clang-2100.3.34.2)"," -O3 -DNDEBUG",8,100000,pito,owned_update,ecs_get,8,10,53,2.997000
aalair,"Apple M3",8,"Darwin 27.0.0 arm64","Apple LLVM 21.0.0 (clang-2100.3.34.2)"," -O3 -DNDEBUG",8,100000,pito,owned_update,ecs_get,8,10,54,3.754000
aalair,"Apple M3",8,"Darwin 27.0.0 arm64","Apple LLVM 21.0.0 (clang-2100.3.34.2)"," -O3 -DNDEBUG",8,100000,pito,owned_update,ecs_get,8,10,55,2.843000
aalair,"Apple M3",8,"Darwin 27.0.0 arm64","Apple LLVM 21.0.0 (clang-2100.3.34.2)"," -O3 -DNDEBUG",8,100000,pito,owned_update,ecs_get,8,10,56,2.363000
aalair,"Apple M3",8,"Darwin 27.0.0 arm64","Apple LLVM 21.0.0 (clang-2100.3.34.2)"," -O3 -DNDEBUG",8,100000,pito,owned_update,ecs_get,8,10,57,3.088000
aalair,"Apple M3",8,"Darwin 27.0.0 arm64","Apple LLVM 21.0.0 (clang-2100.3.34.2)"," -O3 -DNDEBUG",8,100000,pito,owned_update,ecs_get,8,10,58,2.931000
aalair,"Apple M3",8,"Darwin 27.0.0 arm64","Apple LLVM 21.0.0 (clang-2100.3.34.2)"," -O3 -DNDEBUG",8,100000,pito,owned_update,ecs_get,8,10,59,2.267000
aalair,"Apple M3",8,"Darwin 27.0.0 arm64","Apple LLVM 21.0.0 (clang-2100.3.34.2)"," -O3 -DNDEBUG",8,100000,pito,owned_update,ecs_get,8,10,60,2.221000
aalair,"Apple M3",8,"Darwin 27.0.0 arm64","Apple LLVM 21.0.0 (clang-2100.3.34.2)"," -O3 -DNDEBUG",8,100000,pito,owned_update,ecs_get,8,10,61,2.637000
aalair,"Apple M3",8,"Darwin 27.0.0 arm64","Apple LLVM 21.0.0 (clang-2100.3.34.2)"," -O3 -DNDEBUG",8,100000,pito,owned_update,ecs_get,8,10,62,2.757000
aalair,"Apple M3",8,"Darwin 27.0.0 arm64","Apple LLVM 21.0.0 (clang-2100.3.34.2)"," -O3 -DNDEBUG",8,100000,pito,owned_update,ecs_get,8,10,63,2.843000
aalair,"Apple M3",8,"Darwin 27.0.0 arm64","Apple LLVM 21.0.0 (clang-2100.3.34.2)"," -O3 -DNDEBUG",8,100000,pito,owned_update,ecs_get,8,10,64,3.109000
aalair,"Apple M3",8,"Darwin 27.0.0 arm64","Apple LLVM 21.0.0 (clang-2100.3.34.2)"," -O3 -DNDEBUG",8,100000,pito,owned_update,ecs_get,8,10,65,2.354000
aalair,"Apple M3",8,"Darwin 27.0.0 arm64","Apple LLVM 21.0.0 (clang-2100.3.34.2)"," -O3 -DNDEBUG",8,100000,pito,owned_update,ecs_get,8,10,66,2.532000
aalair,"Apple M3",8,"Darwin 27.0.0 arm64","Apple LLVM 21.0.0 (clang-2100.3.34.2)"," -O3 -DNDEBUG",8,100000,pito,owned_update,ecs_get,8,10,67,3.109000
aalair,"Apple M3",8,"Darwin 27.0.0 arm64","Apple LLVM 21.0.0 (clang-2100.3.34.2)"," -O3 -DNDEBUG",8,100000,pito,owned_update,ecs_get,8,10,68,3.267000
aalair,"Apple M3",8,"Darwin 27.0.0 arm64","Apple LLVM 21.0.0 (clang-2100.3.34.2)"," -O3 -DNDEBUG",8,100000,pito,owned_update,ecs_get,8,10,69,2.567000
aalair,"Apple M3",8,"Darwin 27.0.0 arm64","Apple LLVM 21.0.0 (clang-2100.3.34.2)"," -O3 -DNDEBUG",8,100000,pito,owned_update,ecs_get,8,10,70,2.868000
aalair,"Apple M3",8,"Darwin 27.0.0 arm64","Apple LLVM 21.0.0 (clang-2100.3.34.2)"," -O3 -DNDEBUG",8,100000,pito,owned_update,ecs_get,8,10,71,2.526000
aalair,"Apple M3",8,"Darwin 27.0.0 arm64","Apple LLVM 21.0.0 (clang-2100.3.34.2)"," -O3 -DNDEBUG",8,100000,pito,owned_update,ecs_get,8,10,72,2.666000
aalair,"Apple M3",8,"Darwin 27.0.0 arm64","Apple LLVM 21.0.0 (clang-2100.3.34.2)"," -O3 -DNDEBUG",8,100000,pito,owned_update,ecs_get,8,10,73,2.618000
aalair,"Apple M3",8,"Darwin 27.0.0 arm64","Apple LLVM 21.0.0 (clang-2100.3.34.2)"," -O3 -DNDEBUG",8,100000,pito,owned_update,ecs_get,8,10,74,3.004000
aalair,"Apple M3",8,"Darwin 27.0.0 arm64","Apple LLVM 21.0.0 (clang-2100.3.34.2)"," -O3 -DNDEBUG",8,100000,pito,owned_update,ecs_get,8,10,75,2.636000
aalair,"Apple M3",8,"Darwin 27.0.0 arm64","Apple LLVM 21.0.0 (clang-2100.3.34.2)"," -O3 -DNDEBUG",8,100000,pito,owned_update,ecs_get,8,10,76,2.663000
aalair,"Apple M3",8,"Darwin 27.0.0 arm64","Apple LLVM 21.0.0 (clang-2100.3.34.2)"," -O3 -DNDEBUG",8,100000,pito,owned_update,ecs_get,8,10,77,2.385000
aalair,"Apple M3",8,"Darwin 27.0.0 arm64","Apple LLVM 21.0.0 (clang-2100.3.34.2)"," -O3 -DNDEBUG",8,100000,pito,owned_update,ecs_get,8,10,78,2.705000
aalair,"Apple M3",8,"Darwin 27.0.0 arm64","Apple LLVM 21.0.0 (clang-2100.3.34.2)"," -O3 -DNDEBUG",8,100000,pito,owned_update,ecs_get,8,50,1,6.509000
aalair,"Apple M3",8,"Darwin 27.0.0 arm64","Apple LLVM 21.0.0 (clang-2100.3.34.2)"," -O3 -DNDEBUG",8,100000,pito,owned_update,ecs_get,8,50,2,7.360000
aalair,"Apple M3",8,"Darwin 27.0.0 arm64","Apple LLVM 21.0.0 (clang-2100.3.34.2)"," -O3 -DNDEBUG",8,100000,pito,owned_update,ecs_get,8,50,3,8.421000
aalair,"Apple M3",8,"Darwin 27.0.0 arm64","Apple LLVM 21.0.0 (clang-2100.3.34.2)"," -O3 -DNDEBUG",8,100000,pito,owned_update,ecs_get,8,50,4,7.377000
aalair,"Apple M3",8,"Darwin 27.0.0 arm64","Apple LLVM 21.0.0 (clang-2100.3.34.2)"," -O3 -DNDEBUG",8,100000,pito,owned_update,ecs_get,8,50,5,6.442000
aalair,"Apple M3",8,"Darwin 27.0.0 arm64","Apple LLVM 21.0.0 (clang-2100.3.34.2)"," -O3 -DNDEBUG",8,100000,pito,owned_update,ecs_get,8,50,6,7.092000
aalair,"Apple M3",8,"Darwin 27.0.0 arm64","Apple LLVM 21.0.0 (clang-2100.3.34.2)"," -O3 -DNDEBUG",8,100000,pito,owned_update,ecs_get,8,50,7,7.367000
aalair,"Apple M3",8,"Darwin 27.0.0 arm64","Apple LLVM 21.0.0 (clang-2100.3.34.2)"," -O3 -DNDEBUG",8,100000,pito,owned_update,ecs_get,8,50,8,7.507000
aalair,"Apple M3",8,"Darwin 27.0.0 arm64","Apple LLVM 21.0.0 (clang-2100.3.34.2)"," -O3 -DNDEBUG",8,100000,pito,owned_update,ecs_get,8,50,9,6.456000
aalair,"Apple M3",8,"Darwin 27.0.0 arm64","Apple LLVM 21.0.0 (clang-2100.3.34.2)"," -O3 -DNDEBUG",8,100000,pito,owned_update,ecs_get,8,50,10,6.582000
aalair,"Apple M3",8,"Darwin 27.0.0 arm64","Apple LLVM 21.0.0 (clang-2100.3.34.2)"," -O3 -DNDEBUG",8,100000,pito,owned_update,ecs_get,8,50,11,7.308000
aalair,"Apple M3",8,"Darwin 27.0.0 arm64","Apple LLVM 21.0.0 (clang-2100.3.34.2)"," -O3 -DNDEBUG",8,100000,pito,owned_update,ecs_get,8,50,12,8.999000
aalair,"Apple M3",8,"Darwin 27.0.0 arm64","Apple LLVM 21.0.0 (clang-2100.3.34.2)"," -O3 -DNDEBUG",8,100000,pito,owned_update,ecs_get,8,50,13,6.492000
aalair,"Apple M3",8,"Darwin 27.0.0 arm64","Apple LLVM 21.0.0 (clang-2100.3.34.2)"," -O3 -DNDEBUG",8,100000,pito,owned_update,ecs_get,8,50,14,7.116000
aalair,"Apple M3",8,"Darwin 27.0.0 arm64","Apple LLVM 21.0.0 (clang-2100.3.34.2)"," -O3 -DNDEBUG",8,100000,pito,owned_update,ecs_get,8,50,15,7.117000
aalair,"Apple M3",8,"Darwin 27.0.0 arm64","Apple LLVM 21.0.0 (clang-2100.3.34.2)"," -O3 -DNDEBUG",8,100000,pito,owned_update,ecs_get,8,50,16,8.834000
aalair,"Apple M3",8,"Darwin 27.0.0 arm64","Apple LLVM 21.0.0 (clang-2100.3.34.2)"," -O3 -DNDEBUG",8,100000,pito,owned_update,ecs_get,8,50,17,7.110000
aalair,"Apple M3",8,"Darwin 27.0.0 arm64","Apple LLVM 21.0.0 (clang-2100.3.34.2)"," -O3 -DNDEBUG",8,100000,pito,owned_update,ecs_get,8,50,18,7.160000
aalair,"Apple M3",8,"Darwin 27.0.0 arm64","Apple LLVM 21.0.0 (clang-2100.3.34.2)"," -O3 -DNDEBUG",8,100000,pito,owned_update,ecs_get,8,50,19,7.101000
aalair,"Apple M3",8,"Darwin 27.0.0 arm64","Apple LLVM 21.0.0 (clang-2100.3.34.2)"," -O3 -DNDEBUG",8,100000,pito,owned_update,ecs_get,8,50,20,8.138000
aalair,"Apple M3",8,"Darwin 27.0.0 arm64","Apple LLVM 21.0.0 (clang-2100.3.34.2)"," -O3 -DNDEBUG",8,100000,pito,owned_update,ecs_get,8,50,21,7.101000
aalair,"Apple M3",8,"Darwin 27.0.0 arm64","Apple LLVM 21.0.0 (clang-2100.3.34.2)"," -O3 -DNDEBUG",8,100000,pito,owned_update,ecs_get,8,500,1,66.537000
aalair,"Apple M3",8,"Darwin 27.0.0 arm64","Apple LLVM 21.0.0 (clang-2100.3.34.2)"," -O3 -DNDEBUG",8,100000,pito,owned_update,ecs_get,8,500,2,63.553000
aalair,"Apple M3",8,"Darwin 27.0.0 arm64","Apple LLVM 21.0.0 (clang-2100.3.34.2)"," -O3 -DNDEBUG",8,100000,pito,owned_update,ecs_get,8,500,3,65.352000
aalair,"Apple M3",8,"Darwin 27.0.0 arm64","Apple LLVM 21.0.0 (clang-2100.3.34.2)"," -O3 -DNDEBUG",8,100000,pito,owned_update,ecs_get,8,500,4,66.571000
aalair,"Apple M3",8,"Darwin 27.0.0 arm64","Apple LLVM 21.0.0 (clang-2100.3.34.2)"," -O3 -DNDEBUG",8,100000,pito,owned_update,ecs_get,8,500,5,66.015000
aalair,"Apple M3",8,"Darwin 27.0.0 arm64","Apple LLVM 21.0.0 (clang-2100.3.34.2)"," -O3 -DNDEBUG",8,100000,pito,owned_update,ecs_get,8,500,6,64.997000
aalair,"Apple M3",8,"Darwin 27.0.0 arm64","Apple LLVM 21.0.0 (clang-2100.3.34.2)"," -O3 -DNDEBUG",8,100000,pito,owned_update,ecs_get,8,500,7,63.402000
aalair,"Apple M3",8,"Darwin 27.0.0 arm64","Apple LLVM 21.0.0 (clang-2100.3.34.2)"," -O3 -DNDEBUG",8,100000,pito,owned_update,ecs_get,8,500,8,61.853000
aalair,"Apple M3",8,"Darwin 27.0.0 arm64","Apple LLVM 21.0.0 (clang-2100.3.34.2)"," -O3 -DNDEBUG",8,100000,pito,owned_update,ecs_get,8,500,9,65.059000
aalair,"Apple M3",8,"Darwin 27.0.0 arm64","Apple LLVM 21.0.0 (clang-2100.3.34.2)"," -O3 -DNDEBUG",8,100000,pito,owned_update,ecs_get,8,500,10,63.742000
aalair,"Apple M3",8,"Darwin 27.0.0 arm64","Apple LLVM 21.0.0 (clang-2100.3.34.2)"," -O3 -DNDEBUG",8,100000,pito,owned_update,ecs_get_raw,1,0,1,0.333000
aalair,"Apple M3",8,"Darwin 27.0.0 arm64","Apple LLVM 21.0.0 (clang-2100.3.34.2)"," -O3 -DNDEBUG",8,100000,pito,owned_update,ecs_get_raw,1,0,2,0.367000
aalair,"Apple M3",8,"Darwin 27.0.0 arm64","Apple LLVM 21.0.0 (clang-2100.3.34.2)"," -O3 -DNDEBUG",8,100000,pito,owned_update,ecs_get_raw,1,0,3,0.352000
aalair,"Apple M3",8,"Darwin 27.0.0 arm64","Apple LLVM 21.0.0 (clang-2100.3.34.2)"," -O3 -DNDEBUG",8,100000,pito,owned_update,ecs_get_raw,1,0,4,0.367000
aalair,"Apple M3",8,"Darwin 27.0.0 arm64","Apple LLVM 21.0.0 (clang-2100.3.34.2)"," -O3 -DNDEBUG",8,100000,pito,owned_update,ecs_get_raw,1,0,5,0.354000
aalair,"Apple M3",8,"Darwin 27.0.0 arm64","Apple LLVM 21.0.0 (clang-2100.3.34.2)"," -O3 -DNDEBUG",8,100000,pito,owned_update,ecs_get_raw,1,0,6,0.364000
aalair,"Apple M3",8,"Darwin 27.0.0 arm64","Apple LLVM 21.0.0 (clang-2100.3.34.2)"," -O3 -DNDEBUG",8,100000,pito,owned_update,ecs_get_raw,1,0,7,0.367000
aalair,"Apple M3",8,"Darwin 27.0.0 arm64","Apple LLVM 21.0.0 (clang-2100.3.34.2)"," -O3 -DNDEBUG",8,100000,pito,owned_update,ecs_get_raw,1,0,8,0.387000
aalair,"Apple M3",8,"Darwin 27.0.0 arm64","Apple LLVM 21.0.0 (clang-2100.3.34.2)"," -O3 -DNDEBUG",8,100000,pito,owned_update,ecs_get_raw,1,0,9,0.364000
aalair,"Apple M3",8,"Darwin 27.0.0 arm64","Apple LLVM 21.0.0 (clang-2100.3.34.2)"," -O3 -DNDEBUG",8,100000,pito,owned_update,ecs_get_raw,1,0,10,0.349000
aalair,"Apple M3",8,"Darwin 27.0.0 arm64","Apple LLVM 21.0.0 (clang-2100.3.34.2)"," -O3 -DNDEBUG",8,100000,pito,owned_update,ecs_get_raw,1,0,11,0.366000
aalair,"Apple M3",8,"Darwin 27.0.0 arm64","Apple LLVM 21.0.0 (clang-2100.3.34.2)"," -O3 -DNDEBUG",8,100000,pito,owned_update,ecs_get_raw,1,10,1,2.725000
aalair,"Apple M3",8,"Darwin 27.0.0 arm64","Apple LLVM 21.0.0 (clang-2100.3.34.2)"," -O3 -DNDEBUG",8,100000,pito,owned_update,ecs_get_raw,1,10,2,2.730000
aalair,"Apple M3",8,"Darwin 27.0.0 arm64","Apple LLVM 21.0.0 (clang-2100.3.34.2)"," -O3 -DNDEBUG",8,100000,pito,owned_update,ecs_get_raw,1,10,3,2.712000
aalair,"Apple M3",8,"Darwin 27.0.0 arm64","Apple LLVM 21.0.0 (clang-2100.3.34.2)"," -O3 -DNDEBUG",8,100000,pito,owned_update,ecs_get_raw,1,10,4,2.721000
aalair,"Apple M3",8,"Darwin 27.0.0 arm64","Apple LLVM 21.0.0 (clang-2100.3.34.2)"," -O3 -DNDEBUG",8,100000,pito,owned_update,ecs_get_raw,1,10,5,2.747000
aalair,"Apple M3",8,"Darwin 27.0.0 arm64","Apple LLVM 21.0.0 (clang-2100.3.34.2)"," -O3 -DNDEBUG",8,100000,pito,owned_update,ecs_get_raw,1,10,6,2.717000
aalair,"Apple M3",8,"Darwin 27.0.0 arm64","Apple LLVM 21.0.0 (clang-2100.3.34.2)"," -O3 -DNDEBUG",8,100000,pito,owned_update,ecs_get_raw,1,10,7,2.736000
aalair,"Apple M3",8,"Darwin 27.0.0 arm64","Apple LLVM 21.0.0 (clang-2100.3.34.2)"," -O3 -DNDEBUG",8,100000,pito,owned_update,ecs_get_raw,1,10,8,2.710000
aalair,"Apple M3",8,"Darwin 27.0.0 arm64","Apple LLVM 21.0.0 (clang-2100.3.34.2)"," -O3 -DNDEBUG",8,100000,pito,owned_update,ecs_get_raw,1,10,9,2.736000
aalair,"Apple M3",8,"Darwin 27.0.0 arm64","Apple LLVM 21.0.0 (clang-2100.3.34.2)"," -O3 -DNDEBUG",8,100000,pito,owned_update,ecs_get_raw,1,10,10,2.711000
aalair,"Apple M3",8,"Darwin 27.0.0 arm64","Apple LLVM 21.0.0 (clang-2100.3.34.2)"," -O3 -DNDEBUG",8,100000,pito,owned_update,ecs_get_raw,1,50,1,15.585000
aalair,"Apple M3",8,"Darwin 27.0.0 arm64","Apple LLVM 21.0.0 (clang-2100.3.34.2)"," -O3 -DNDEBUG",8,100000,pito,owned_update,ecs_get_raw,1,50,2,15.553000
aalair,"Apple M3",8,"Darwin 27.0.0 arm64","Apple LLVM 21.0.0 (clang-2100.3.34.2)"," -O3 -DNDEBUG",8,100000,pito,owned_update,ecs_get_raw,1,50,3,15.621000
aalair,"Apple M3",8,"Darwin 27.0.0 arm64","Apple LLVM 21.0.0 (clang-2100.3.34.2)"," -O3 -DNDEBUG",8,100000,pito,owned_update,ecs_get_raw,1,50,4,15.575000
aalair,"Apple M3",8,"Darwin 27.0.0 arm64","Apple LLVM 21.0.0 (clang-2100.3.34.2)"," -O3 -DNDEBUG",8,100000,pito,owned_update,ecs_get_raw,1,50,5,15.585000
aalair,"Apple M3",8,"Darwin 27.0.0 arm64","Apple LLVM 21.0.0 (clang-2100.3.34.2)"," -O3 -DNDEBUG",8,100000,pito,owned_update,ecs_get_raw,1,50,6,15.628000
aalair,"Apple M3",8,"Darwin 27.0.0 arm64","Apple LLVM 21.0.0 (clang-2100.3.34.2)"," -O3 -DNDEBUG",8,100000,pito,owned_update,ecs_get_raw,1,50,7,15.578000
aalair,"Apple M3",8,"Darwin 27.0.0 arm64","Apple LLVM 21.0.0 (clang-2100.3.34.2)"," -O3 -DNDEBUG",8,100000,pito,owned_update,ecs_get_raw,1,50,8,15.612000
aalair,"Apple M3",8,"Darwin 27.0.0 arm64","Apple LLVM 21.0.0 (clang-2100.3.34.2)"," -O3 -DNDEBUG",8,100000,pito,owned_update,ecs_get_raw,1,50,9,15.587000
aalair,"Apple M3",8,"Darwin 27.0.0 arm64","Apple LLVM 21.0.0 (clang-2100.3.34.2)"," -O3 -DNDEBUG",8,100000,pito,owned_update,ecs_get_raw,1,50,10,15.610000
aalair,"Apple M3",8,"Darwin 27.0.0 arm64","Apple LLVM 21.0.0 (clang-2100.3.34.2)"," -O3 -DNDEBUG",8,100000,pito,owned_update,ecs_get_raw,1,500,1,338.228000
aalair,"Apple M3",8,"Darwin 27.0.0 arm64","Apple LLVM 21.0.0 (clang-2100.3.34.2)"," -O3 -DNDEBUG",8,100000,pito,owned_update,ecs_get_raw,1,500,2,338.295000
aalair,"Apple M3",8,"Darwin 27.0.0 arm64","Apple LLVM 21.0.0 (clang-2100.3.34.2)"," -O3 -DNDEBUG",8,100000,pito,owned_update,ecs_get_raw,1,500,3,338.391000
aalair,"Apple M3",8,"Darwin 27.0.0 arm64","Apple LLVM 21.0.0 (clang-2100.3.34.2)"," -O3 -DNDEBUG",8,100000,pito,owned_update,ecs_get_raw,1,500,4,338.404000
aalair,"Apple M3",8,"Darwin 27.0.0 arm64","Apple LLVM 21.0.0 (clang-2100.3.34.2)"," -O3 -DNDEBUG",8,100000,pito,owned_update,ecs_get_raw,1,500,5,338.791000
aalair,"Apple M3",8,"Darwin 27.0.0 arm64","Apple LLVM 21.0.0 (clang-2100.3.34.2)"," -O3 -DNDEBUG",8,100000,pito,owned_update,ecs_get_raw,1,500,6,338.265000
aalair,"Apple M3",8,"Darwin 27.0.0 arm64","Apple LLVM 21.0.0 (clang-2100.3.34.2)"," -O3 -DNDEBUG",8,100000,pito,owned_update,ecs_get_raw,1,500,7,338.371000
aalair,"Apple M3",8,"Darwin 27.0.0 arm64","Apple LLVM 21.0.0 (clang-2100.3.34.2)"," -O3 -DNDEBUG",8,100000,pito,owned_update,ecs_get_raw,1,500,8,338.567000
aalair,"Apple M3",8,"Darwin 27.0.0 arm64","Apple LLVM 21.0.0 (clang-2100.3.34.2)"," -O3 -DNDEBUG",8,100000,pito,owned_update,ecs_get_raw,1,500,9,338.401000
aalair,"Apple M3",8,"Darwin 27.0.0 arm64","Apple LLVM 21.0.0 (clang-2100.3.34.2)"," -O3 -DNDEBUG",8,100000,pito,owned_update,ecs_get_raw,1,500,10,339.633000
aalair,"Apple M3",8,"Darwin 27.0.0 arm64","Apple LLVM 21.0.0 (clang-2100.3.34.2)"," -O3 -DNDEBUG",8,100000,pito,owned_update,ecs_get_raw,2,0,1,0.192000
aalair,"Apple M3",8,"Darwin 27.0.0 arm64","Apple LLVM 21.0.0 (clang-2100.3.34.2)"," -O3 -DNDEBUG",8,100000,pito,owned_update,ecs_get_raw,2,0,2,0.191000
aalair,"Apple M3",8,"Darwin 27.0.0 arm64","Apple LLVM 21.0.0 (clang-2100.3.34.2)"," -O3 -DNDEBUG",8,100000,pito,owned_update,ecs_get_raw,2,0,3,0.203000
aalair,"Apple M3",8,"Darwin 27.0.0 arm64","Apple LLVM 21.0.0 (clang-2100.3.34.2)"," -O3 -DNDEBUG",8,100000,pito,owned_update,ecs_get_raw,2,0,4,0.211000
aalair,"Apple M3",8,"Darwin 27.0.0 arm64","Apple LLVM 21.0.0 (clang-2100.3.34.2)"," -O3 -DNDEBUG",8,100000,pito,owned_update,ecs_get_raw,2,0,5,0.213000
aalair,"Apple M3",8,"Darwin 27.0.0 arm64","Apple LLVM 21.0.0 (clang-2100.3.34.2)"," -O3 -DNDEBUG",8,100000,pito,owned_update,ecs_get_raw,2,0,6,0.217000
aalair,"Apple M3",8,"Darwin 27.0.0 arm64","Apple LLVM 21.0.0 (clang-2100.3.34.2)"," -O3 -DNDEBUG",8,100000,pito,owned_update,ecs_get_raw,2,0,7,0.209000
aalair,"Apple M3",8,"Darwin 27.0.0 arm64","Apple LLVM 21.0.0 (clang-2100.3.34.2)"," -O3 -DNDEBUG",8,100000,pito,owned_update,ecs_get_raw,2,0,8,0.212000
aalair,"Apple M3",8,"Darwin 27.0.0 arm64","Apple LLVM 21.0.0 (clang-2100.3.34.2)"," -O3 -DNDEBUG",8,100000,pito,owned_update,ecs_get_raw,2,0,9,0.210000
aalair,"Apple M3",8,"Darwin 27.0.0 arm64","Apple LLVM 21.0.0 (clang-2100.3.34.2)"," -O3 -DNDEBUG",8,100000,pito,owned_update,ecs_get_raw,2,0,10,0.214000
aalair,"Apple M3",8,"Darwin 27.0.0 arm64","Apple LLVM 21.0.0 (clang-2100.3.34.2)"," -O3 -DNDEBUG",8,100000,pito,owned_update,ecs_get_raw,2,0,11,0.215000
aalair,"Apple M3",8,"Darwin 27.0.0 arm64","Apple LLVM 21.0.0 (clang-2100.3.34.2)"," -O3 -DNDEBUG",8,100000,pito,owned_update,ecs_get_raw,2,0,12,0.215000
aalair,"Apple M3",8,"Darwin 27.0.0 arm64","Apple LLVM 21.0.0 (clang-2100.3.34.2)"," -O3 -DNDEBUG",8,100000,pito,owned_update,ecs_get_raw,2,0,13,0.198000
aalair,"Apple M3",8,"Darwin 27.0.0 arm64","Apple LLVM 21.0.0 (clang-2100.3.34.2)"," -O3 -DNDEBUG",8,100000,pito,owned_update,ecs_get_raw,2,0,14,0.192000
aalair,"Apple M3",8,"Darwin 27.0.0 arm64","Apple LLVM 21.0.0 (clang-2100.3.34.2)"," -O3 -DNDEBUG",8,100000,pito,owned_update,ecs_get_raw,2,0,15,0.218000
aalair,"Apple M3",8,"Darwin 27.0.0 arm64","Apple LLVM 21.0.0 (clang-2100.3.34.2)"," -O3 -DNDEBUG",8,100000,pito,owned_update,ecs_get_raw,2,0,16,0.224000
aalair,"Apple M3",8,"Darwin 27.0.0 arm64","Apple LLVM 21.0.0 (clang-2100.3.34.2)"," -O3 -DNDEBUG",8,100000,pito,owned_update,ecs_get_raw,2,0,17,0.222000
aalair,"Apple M3",8,"Darwin 27.0.0 arm64","Apple LLVM 21.0.0 (clang-2100.3.34.2)"," -O3 -DNDEBUG",8,100000,pito,owned_update,ecs_get_raw,2,0,18,0.205000
aalair,"Apple M3",8,"Darwin 27.0.0 arm64","Apple LLVM 21.0.0 (clang-2100.3.34.2)"," -O3 -DNDEBUG",8,100000,pito,owned_update,ecs_get_raw,2,0,19,0.208000
aalair,"Apple M3",8,"Darwin 27.0.0 arm64","Apple LLVM 21.0.0 (clang-2100.3.34.2)"," -O3 -DNDEBUG",8,100000,pito,owned_update,ecs_get_raw,2,10,1,1.336000
aalair,"Apple M3",8,"Darwin 27.0.0 arm64","Apple LLVM 21.0.0 (clang-2100.3.34.2)"," -O3 -DNDEBUG",8,100000,pito,owned_update,ecs_get_raw,2,10,2,1.334000
aalair,"Apple M3",8,"Darwin 27.0.0 arm64","Apple LLVM 21.0.0 (clang-2100.3.34.2)"," -O3 -DNDEBUG",8,100000,pito,owned_update,ecs_get_raw,2,10,3,1.346000
aalair,"Apple M3",8,"Darwin 27.0.0 arm64","Apple LLVM 21.0.0 (clang-2100.3.34.2)"," -O3 -DNDEBUG",8,100000,pito,owned_update,ecs_get_raw,2,10,4,1.333000
aalair,"Apple M3",8,"Darwin 27.0.0 arm64","Apple LLVM 21.0.0 (clang-2100.3.34.2)"," -O3 -DNDEBUG",8,100000,pito,owned_update,ecs_get_raw,2,10,5,1.337000
aalair,"Apple M3",8,"Darwin 27.0.0 arm64","Apple LLVM 21.0.0 (clang-2100.3.34.2)"," -O3 -DNDEBUG",8,100000,pito,owned_update,ecs_get_raw,2,10,6,1.350000
aalair,"Apple M3",8,"Darwin 27.0.0 arm64","Apple LLVM 21.0.0 (clang-2100.3.34.2)"," -O3 -DNDEBUG",8,100000,pito,owned_update,ecs_get_raw,2,10,7,1.365000
aalair,"Apple M3",8,"Darwin 27.0.0 arm64","Apple LLVM 21.0.0 (clang-2100.3.34.2)"," -O3 -DNDEBUG",8,100000,pito,owned_update,ecs_get_raw,2,10,8,1.356000
aalair,"Apple M3",8,"Darwin 27.0.0 arm64","Apple LLVM 21.0.0 (clang-2100.3.34.2)"," -O3 -DNDEBUG",8,100000,pito,owned_update,ecs_get_raw,2,10,9,1.440000
aalair,"Apple M3",8,"Darwin 27.0.0 arm64","Apple LLVM 21.0.0 (clang-2100.3.34.2)"," -O3 -DNDEBUG",8,100000,pito,owned_update,ecs_get_raw,2,10,10,1.343000
aalair,"Apple M3",8,"Darwin 27.0.0 arm64","Apple LLVM 21.0.0 (clang-2100.3.34.2)"," -O3 -DNDEBUG",8,100000,pito,owned_update,ecs_get_raw,2,10,11,1.351000
aalair,"Apple M3",8,"Darwin 27.0.0 arm64","Apple LLVM 21.0.0 (clang-2100.3.34.2)"," -O3 -DNDEBUG",8,100000,pito,owned_update,ecs_get_raw,2,50,1,7.972000
aalair,"Apple M3",8,"Darwin 27.0.0 arm64","Apple LLVM 21.0.0 (clang-2100.3.34.2)"," -O3 -DNDEBUG",8,100000,pito,owned_update,ecs_get_raw,2,50,2,7.969000
aalair,"Apple M3",8,"Darwin 27.0.0 arm64","Apple LLVM 21.0.0 (clang-2100.3.34.2)"," -O3 -DNDEBUG",8,100000,pito,owned_update,ecs_get_raw,2,50,3,7.988000
aalair,"Apple M3",8,"Darwin 27.0.0 arm64","Apple LLVM 21.0.0 (clang-2100.3.34.2)"," -O3 -DNDEBUG",8,100000,pito,owned_update,ecs_get_raw,2,50,4,7.979000
aalair,"Apple M3",8,"Darwin 27.0.0 arm64","Apple LLVM 21.0.0 (clang-2100.3.34.2)"," -O3 -DNDEBUG",8,100000,pito,owned_update,ecs_get_raw,2,50,5,7.969000
aalair,"Apple M3",8,"Darwin 27.0.0 arm64","Apple LLVM 21.0.0 (clang-2100.3.34.2)"," -O3 -DNDEBUG",8,100000,pito,owned_update,ecs_get_raw,2,50,6,7.972000
aalair,"Apple M3",8,"Darwin 27.0.0 arm64","Apple LLVM 21.0.0 (clang-2100.3.34.2)"," -O3 -DNDEBUG",8,100000,pito,owned_update,ecs_get_raw,2,50,7,7.979000
aalair,"Apple M3",8,"Darwin 27.0.0 arm64","Apple LLVM 21.0.0 (clang-2100.3.34.2)"," -O3 -DNDEBUG",8,100000,pito,owned_update,ecs_get_raw,2,50,8,7.994000
aalair,"Apple M3",8,"Darwin 27.0.0 arm64","Apple LLVM 21.0.0 (clang-2100.3.34.2)"," -O3 -DNDEBUG",8,100000,pito,owned_update,ecs_get_raw,2,50,9,7.973000
aalair,"Apple M3",8,"Darwin 27.0.0 arm64","Apple LLVM 21.0.0 (clang-2100.3.34.2)"," -O3 -DNDEBUG",8,100000,pito,owned_update,ecs_get_raw,2,50,10,8.000000
aalair,"Apple M3",8,"Darwin 27.0.0 arm64","Apple LLVM 21.0.0 (clang-2100.3.34.2)"," -O3 -DNDEBUG",8,100000,pito,owned_update,ecs_get_raw,2,500,1,173.257000
aalair,"Apple M3",8,"Darwin 27.0.0 arm64","Apple LLVM 21.0.0 (clang-2100.3.34.2)"," -O3 -DNDEBUG",8,100000,pito,owned_update,ecs_get_raw,2,500,2,173.216000
aalair,"Apple M3",8,"Darwin 27.0.0 arm64","Apple LLVM 21.0.0 (clang-2100.3.34.2)"," -O3 -DNDEBUG",8,100000,pito,owned_update,ecs_get_raw,2,500,3,173.187000
aalair,"Apple M3",8,"Darwin 27.0.0 arm64","Apple LLVM 21.0.0 (clang-2100.3.34.2)"," -O3 -DNDEBUG",8,100000,pito,owned_update,ecs_get_raw,2,500,4,173.454000
aalair,"Apple M3",8,"Darwin 27.0.0 arm64","Apple LLVM 21.0.0 (clang-2100.3.34.2)"," -O3 -DNDEBUG",8,100000,pito,owned_update,ecs_get_raw,2,500,5,173.283000
aalair,"Apple M3",8,"Darwin 27.0.0 arm64","Apple LLVM 21.0.0 (clang-2100.3.34.2)"," -O3 -DNDEBUG",8,100000,pito,owned_update,ecs_get_raw,2,500,6,173.528000
aalair,"Apple M3",8,"Darwin 27.0.0 arm64","Apple LLVM 21.0.0 (clang-2100.3.34.2)"," -O3 -DNDEBUG",8,100000,pito,owned_update,ecs_get_raw,2,500,7,173.202000
aalair,"Apple M3",8,"Darwin 27.0.0 arm64","Apple LLVM 21.0.0 (clang-2100.3.34.2)"," -O3 -DNDEBUG",8,100000,pito,owned_update,ecs_get_raw,2,500,8,173.334000
aalair,"Apple M3",8,"Darwin 27.0.0 arm64","Apple LLVM 21.0.0 (clang-2100.3.34.2)"," -O3 -DNDEBUG",8,100000,pito,owned_update,ecs_get_raw,2,500,9,173.411000
aalair,"Apple M3",8,"Darwin 27.0.0 arm64","Apple LLVM 21.0.0 (clang-2100.3.34.2)"," -O3 -DNDEBUG",8,100000,pito,owned_update,ecs_get_raw,2,500,10,173.368000
aalair,"Apple M3",8,"Darwin 27.0.0 arm64","Apple LLVM 21.0.0 (clang-2100.3.34.2)"," -O3 -DNDEBUG",8,100000,pito,owned_update,ecs_get_raw,4,0,1,0.125000
aalair,"Apple M3",8,"Darwin 27.0.0 arm64","Apple LLVM 21.0.0 (clang-2100.3.34.2)"," -O3 -DNDEBUG",8,100000,pito,owned_update,ecs_get_raw,4,0,2,0.138000
aalair,"Apple M3",8,"Darwin 27.0.0 arm64","Apple LLVM 21.0.0 (clang-2100.3.34.2)"," -O3 -DNDEBUG",8,100000,pito,owned_update,ecs_get_raw,4,0,3,0.138000
aalair,"Apple M3",8,"Darwin 27.0.0 arm64","Apple LLVM 21.0.0 (clang-2100.3.34.2)"," -O3 -DNDEBUG",8,100000,pito,owned_update,ecs_get_raw,4,0,4,0.134000
aalair,"Apple M3",8,"Darwin 27.0.0 arm64","Apple LLVM 21.0.0 (clang-2100.3.34.2)"," -O3 -DNDEBUG",8,100000,pito,owned_update,ecs_get_raw,4,0,5,0.136000
aalair,"Apple M3",8,"Darwin 27.0.0 arm64","Apple LLVM 21.0.0 (clang-2100.3.34.2)"," -O3 -DNDEBUG",8,100000,pito,owned_update,ecs_get_raw,4,0,6,0.114000
aalair,"Apple M3",8,"Darwin 27.0.0 arm64","Apple LLVM 21.0.0 (clang-2100.3.34.2)"," -O3 -DNDEBUG",8,100000,pito,owned_update,ecs_get_raw,4,0,7,0.121000
aalair,"Apple M3",8,"Darwin 27.0.0 arm64","Apple LLVM 21.0.0 (clang-2100.3.34.2)"," -O3 -DNDEBUG",8,100000,pito,owned_update,ecs_get_raw,4,0,8,0.125000
aalair,"Apple M3",8,"Darwin 27.0.0 arm64","Apple LLVM 21.0.0 (clang-2100.3.34.2)"," -O3 -DNDEBUG",8,100000,pito,owned_update,ecs_get_raw,4,0,9,0.126000
aalair,"Apple M3",8,"Darwin 27.0.0 arm64","Apple LLVM 21.0.0 (clang-2100.3.34.2)"," -O3 -DNDEBUG",8,100000,pito,owned_update,ecs_get_raw,4,0,10,0.130000
aalair,"Apple M3",8,"Darwin 27.0.0 arm64","Apple LLVM 21.0.0 (clang-2100.3.34.2)"," -O3 -DNDEBUG",8,100000,pito,owned_update,ecs_get_raw,4,0,11,0.131000
aalair,"Apple M3",8,"Darwin 27.0.0 arm64","Apple LLVM 21.0.0 (clang-2100.3.34.2)"," -O3 -DNDEBUG",8,100000,pito,owned_update,ecs_get_raw,4,0,12,0.132000
aalair,"Apple M3",8,"Darwin 27.0.0 arm64","Apple LLVM 21.0.0 (clang-2100.3.34.2)"," -O3 -DNDEBUG",8,100000,pito,owned_update,ecs_get_raw,4,0,13,0.141000
aalair,"Apple M3",8,"Darwin 27.0.0 arm64","Apple LLVM 21.0.0 (clang-2100.3.34.2)"," -O3 -DNDEBUG",8,100000,pito,owned_update,ecs_get_raw,4,0,14,0.144000
aalair,"Apple M3",8,"Darwin 27.0.0 arm64","Apple LLVM 21.0.0 (clang-2100.3.34.2)"," -O3 -DNDEBUG",8,100000,pito,owned_update,ecs_get_raw,4,10,1,0.724000
aalair,"Apple M3",8,"Darwin 27.0.0 arm64","Apple LLVM 21.0.0 (clang-2100.3.34.2)"," -O3 -DNDEBUG",8,100000,pito,owned_update,ecs_get_raw,4,10,2,0.721000
aalair,"Apple M3",8,"Darwin 27.0.0 arm64","Apple LLVM 21.0.0 (clang-2100.3.34.2)"," -O3 -DNDEBUG",8,100000,pito,owned_update,ecs_get_raw,4,10,3,0.725000
aalair,"Apple M3",8,"Darwin 27.0.0 arm64","Apple LLVM 21.0.0 (clang-2100.3.34.2)"," -O3 -DNDEBUG",8,100000,pito,owned_update,ecs_get_raw,4,10,4,0.724000
aalair,"Apple M3",8,"Darwin 27.0.0 arm64","Apple LLVM 21.0.0 (clang-2100.3.34.2)"," -O3 -DNDEBUG",8,100000,pito,owned_update,ecs_get_raw,4,10,5,0.722000
aalair,"Apple M3",8,"Darwin 27.0.0 arm64","Apple LLVM 21.0.0 (clang-2100.3.34.2)"," -O3 -DNDEBUG",8,100000,pito,owned_update,ecs_get_raw,4,10,6,0.672000
aalair,"Apple M3",8,"Darwin 27.0.0 arm64","Apple LLVM 21.0.0 (clang-2100.3.34.2)"," -O3 -DNDEBUG",8,100000,pito,owned_update,ecs_get_raw,4,10,7,0.723000
aalair,"Apple M3",8,"Darwin 27.0.0 arm64","Apple LLVM 21.0.0 (clang-2100.3.34.2)"," -O3 -DNDEBUG",8,100000,pito,owned_update,ecs_get_raw,4,10,8,0.725000
aalair,"Apple M3",8,"Darwin 27.0.0 arm64","Apple LLVM 21.0.0 (clang-2100.3.34.2)"," -O3 -DNDEBUG",8,100000,pito,owned_update,ecs_get_raw,4,10,9,0.722000
aalair,"Apple M3",8,"Darwin 27.0.0 arm64","Apple LLVM 21.0.0 (clang-2100.3.34.2)"," -O3 -DNDEBUG",8,100000,pito,owned_update,ecs_get_raw,4,10,10,0.670000
aalair,"Apple M3",8,"Darwin 27.0.0 arm64","Apple LLVM 21.0.0 (clang-2100.3.34.2)"," -O3 -DNDEBUG",8,100000,pito,owned_update,ecs_get_raw,4,10,11,0.666000
aalair,"Apple M3",8,"Darwin 27.0.0 arm64","Apple LLVM 21.0.0 (clang-2100.3.34.2)"," -O3 -DNDEBUG",8,100000,pito,owned_update,ecs_get_raw,4,10,12,0.723000
aalair,"Apple M3",8,"Darwin 27.0.0 arm64","Apple LLVM 21.0.0 (clang-2100.3.34.2)"," -O3 -DNDEBUG",8,100000,pito,owned_update,ecs_get_raw,4,10,13,0.724000
aalair,"Apple M3",8,"Darwin 27.0.0 arm64","Apple LLVM 21.0.0 (clang-2100.3.34.2)"," -O3 -DNDEBUG",8,100000,pito,owned_update,ecs_get_raw,4,10,14,0.725000
aalair,"Apple M3",8,"Darwin 27.0.0 arm64","Apple LLVM 21.0.0 (clang-2100.3.34.2)"," -O3 -DNDEBUG",8,100000,pito,owned_update,ecs_get_raw,4,10,15,0.724000
aalair,"Apple M3",8,"Darwin 27.0.0 arm64","Apple LLVM 21.0.0 (clang-2100.3.34.2)"," -O3 -DNDEBUG",8,100000,pito,owned_update,ecs_get_raw,4,10,16,0.724000
aalair,"Apple M3",8,"Darwin 27.0.0 arm64","Apple LLVM 21.0.0 (clang-2100.3.34.2)"," -O3 -DNDEBUG",8,100000,pito,owned_update,ecs_get_raw,4,50,1,4.331000
aalair,"Apple M3",8,"Darwin 27.0.0 arm64","Apple LLVM 21.0.0 (clang-2100.3.34.2)"," -O3 -DNDEBUG",8,100000,pito,owned_update,ecs_get_raw,4,50,2,4.342000
aalair,"Apple M3",8,"Darwin 27.0.0 arm64","Apple LLVM 21.0.0 (clang-2100.3.34.2)"," -O3 -DNDEBUG",8,100000,pito,owned_update,ecs_get_raw,4,50,3,4.335000
aalair,"Apple M3",8,"Darwin 27.0.0 arm64","Apple LLVM 21.0.0 (clang-2100.3.34.2)"," -O3 -DNDEBUG",8,100000,pito,owned_update,ecs_get_raw,4,50,4,4.338000
aalair,"Apple M3",8,"Darwin 27.0.0 arm64","Apple LLVM 21.0.0 (clang-2100.3.34.2)"," -O3 -DNDEBUG",8,100000,pito,owned_update,ecs_get_raw,4,50,5,4.333000
aalair,"Apple M3",8,"Darwin 27.0.0 arm64","Apple LLVM 21.0.0 (clang-2100.3.34.2)"," -O3 -DNDEBUG",8,100000,pito,owned_update,ecs_get_raw,4,50,6,4.341000
aalair,"Apple M3",8,"Darwin 27.0.0 arm64","Apple LLVM 21.0.0 (clang-2100.3.34.2)"," -O3 -DNDEBUG",8,100000,pito,owned_update,ecs_get_raw,4,50,7,4.348000
aalair,"Apple M3",8,"Darwin 27.0.0 arm64","Apple LLVM 21.0.0 (clang-2100.3.34.2)"," -O3 -DNDEBUG",8,100000,pito,owned_update,ecs_get_raw,4,50,8,4.333000
aalair,"Apple M3",8,"Darwin 27.0.0 arm64","Apple LLVM 21.0.0 (clang-2100.3.34.2)"," -O3 -DNDEBUG",8,100000,pito,owned_update,ecs_get_raw,4,50,9,4.332000
aalair,"Apple M3",8,"Darwin 27.0.0 arm64","Apple LLVM 21.0.0 (clang-2100.3.34.2)"," -O3 -DNDEBUG",8,100000,pito,owned_update,ecs_get_raw,4,50,10,4.334000
aalair,"Apple M3",8,"Darwin 27.0.0 arm64","Apple LLVM 21.0.0 (clang-2100.3.34.2)"," -O3 -DNDEBUG",8,100000,pito,owned_update,ecs_get_raw,4,500,1,94.418000
aalair,"Apple M3",8,"Darwin 27.0.0 arm64","Apple LLVM 21.0.0 (clang-2100.3.34.2)"," -O3 -DNDEBUG",8,100000,pito,owned_update,ecs_get_raw,4,500,2,94.382000
aalair,"Apple M3",8,"Darwin 27.0.0 arm64","Apple LLVM 21.0.0 (clang-2100.3.34.2)"," -O3 -DNDEBUG",8,100000,pito,owned_update,ecs_get_raw,4,500,3,94.289000
aalair,"Apple M3",8,"Darwin 27.0.0 arm64","Apple LLVM 21.0.0 (clang-2100.3.34.2)"," -O3 -DNDEBUG",8,100000,pito,owned_update,ecs_get_raw,4,500,4,94.294000
aalair,"Apple M3",8,"Darwin 27.0.0 arm64","Apple LLVM 21.0.0 (clang-2100.3.34.2)"," -O3 -DNDEBUG",8,100000,pito,owned_update,ecs_get_raw,4,500,5,94.301000
aalair,"Apple M3",8,"Darwin 27.0.0 arm64","Apple LLVM 21.0.0 (clang-2100.3.34.2)"," -O3 -DNDEBUG",8,100000,pito,owned_update,ecs_get_raw,4,500,6,94.306000
aalair,"Apple M3",8,"Darwin 27.0.0 arm64","Apple LLVM 21.0.0 (clang-2100.3.34.2)"," -O3 -DNDEBUG",8,100000,pito,owned_update,ecs_get_raw,4,500,7,94.270000
aalair,"Apple M3",8,"Darwin 27.0.0 arm64","Apple LLVM 21.0.0 (clang-2100.3.34.2)"," -O3 -DNDEBUG",8,100000,pito,owned_update,ecs_get_raw,4,500,8,94.308000
aalair,"Apple M3",8,"Darwin 27.0.0 arm64","Apple LLVM 21.0.0 (clang-2100.3.34.2)"," -O3 -DNDEBUG",8,100000,pito,owned_update,ecs_get_raw,4,500,9,95.645000
aalair,"Apple M3",8,"Darwin 27.0.0 arm64","Apple LLVM 21.0.0 (clang-2100.3.34.2)"," -O3 -DNDEBUG",8,100000,pito,owned_update,ecs_get_raw,4,500,10,94.266000
aalair,"Apple M3",8,"Darwin 27.0.0 arm64","Apple LLVM 21.0.0 (clang-2100.3.34.2)"," -O3 -DNDEBUG",8,100000,pito,owned_update,ecs_get_raw,8,0,1,0.143000
aalair,"Apple M3",8,"Darwin 27.0.0 arm64","Apple LLVM 21.0.0 (clang-2100.3.34.2)"," -O3 -DNDEBUG",8,100000,pito,owned_update,ecs_get_raw,8,0,2,0.143000
aalair,"Apple M3",8,"Darwin 27.0.0 arm64","Apple LLVM 21.0.0 (clang-2100.3.34.2)"," -O3 -DNDEBUG",8,100000,pito,owned_update,ecs_get_raw,8,0,3,0.145000
aalair,"Apple M3",8,"Darwin 27.0.0 arm64","Apple LLVM 21.0.0 (clang-2100.3.34.2)"," -O3 -DNDEBUG",8,100000,pito,owned_update,ecs_get_raw,8,0,4,0.153000
aalair,"Apple M3",8,"Darwin 27.0.0 arm64","Apple LLVM 21.0.0 (clang-2100.3.34.2)"," -O3 -DNDEBUG",8,100000,pito,owned_update,ecs_get_raw,8,0,5,0.160000
aalair,"Apple M3",8,"Darwin 27.0.0 arm64","Apple LLVM 21.0.0 (clang-2100.3.34.2)"," -O3 -DNDEBUG",8,100000,pito,owned_update,ecs_get_raw,8,0,6,0.157000
aalair,"Apple M3",8,"Darwin 27.0.0 arm64","Apple LLVM 21.0.0 (clang-2100.3.34.2)"," -O3 -DNDEBUG",8,100000,pito,owned_update,ecs_get_raw,8,0,7,0.158000
aalair,"Apple M3",8,"Darwin 27.0.0 arm64","Apple LLVM 21.0.0 (clang-2100.3.34.2)"," -O3 -DNDEBUG",8,100000,pito,owned_update,ecs_get_raw,8,0,8,0.146000
aalair,"Apple M3",8,"Darwin 27.0.0 arm64","Apple LLVM 21.0.0 (clang-2100.3.34.2)"," -O3 -DNDEBUG",8,100000,pito,owned_update,ecs_get_raw,8,0,9,0.152000
aalair,"Apple M3",8,"Darwin 27.0.0 arm64","Apple LLVM 21.0.0 (clang-2100.3.34.2)"," -O3 -DNDEBUG",8,100000,pito,owned_update,ecs_get_raw,8,0,10,0.161000
aalair,"Apple M3",8,"Darwin 27.0.0 arm64","Apple LLVM 21.0.0 (clang-2100.3.34.2)"," -O3 -DNDEBUG",8,100000,pito,owned_update,ecs_get_raw,8,0,11,0.163000
aalair,"Apple M3",8,"Darwin 27.0.0 arm64","Apple LLVM 21.0.0 (clang-2100.3.34.2)"," -O3 -DNDEBUG",8,100000,pito,owned_update,ecs_get_raw,8,0,12,0.154000
aalair,"Apple M3",8,"Darwin 27.0.0 arm64","Apple LLVM 21.0.0 (clang-2100.3.34.2)"," -O3 -DNDEBUG",8,100000,pito,owned_update,ecs_get_raw,8,0,13,0.168000
aalair,"Apple M3",8,"Darwin 27.0.0 arm64","Apple LLVM 21.0.0 (clang-2100.3.34.2)"," -O3 -DNDEBUG",8,100000,pito,owned_update,ecs_get_raw,8,0,14,0.140000
aalair,"Apple M3",8,"Darwin 27.0.0 arm64","Apple LLVM 21.0.0 (clang-2100.3.34.2)"," -O3 -DNDEBUG",8,100000,pito,owned_update,ecs_get_raw,8,0,15,0.145000
aalair,"Apple M3",8,"Darwin 27.0.0 arm64","Apple LLVM 21.0.0 (clang-2100.3.34.2)"," -O3 -DNDEBUG",8,100000,pito,owned_update,ecs_get_raw,8,0,16,0.152000
aalair,"Apple M3",8,"Darwin 27.0.0 arm64","Apple LLVM 21.0.0 (clang-2100.3.34.2)"," -O3 -DNDEBUG",8,100000,pito,owned_update,ecs_get_raw,8,10,1,0.566000
aalair,"Apple M3",8,"Darwin 27.0.0 arm64","Apple LLVM 21.0.0 (clang-2100.3.34.2)"," -O3 -DNDEBUG",8,100000,pito,owned_update,ecs_get_raw,8,10,2,0.540000
aalair,"Apple M3",8,"Darwin 27.0.0 arm64","Apple LLVM 21.0.0 (clang-2100.3.34.2)"," -O3 -DNDEBUG",8,100000,pito,owned_update,ecs_get_raw,8,10,3,0.556000
aalair,"Apple M3",8,"Darwin 27.0.0 arm64","Apple LLVM 21.0.0 (clang-2100.3.34.2)"," -O3 -DNDEBUG",8,100000,pito,owned_update,ecs_get_raw,8,10,4,0.539000
aalair,"Apple M3",8,"Darwin 27.0.0 arm64","Apple LLVM 21.0.0 (clang-2100.3.34.2)"," -O3 -DNDEBUG",8,100000,pito,owned_update,ecs_get_raw,8,10,5,0.557000
aalair,"Apple M3",8,"Darwin 27.0.0 arm64","Apple LLVM 21.0.0 (clang-2100.3.34.2)"," -O3 -DNDEBUG",8,100000,pito,owned_update,ecs_get_raw,8,10,6,0.557000
aalair,"Apple M3",8,"Darwin 27.0.0 arm64","Apple LLVM 21.0.0 (clang-2100.3.34.2)"," -O3 -DNDEBUG",8,100000,pito,owned_update,ecs_get_raw,8,10,7,0.616000
aalair,"Apple M3",8,"Darwin 27.0.0 arm64","Apple LLVM 21.0.0 (clang-2100.3.34.2)"," -O3 -DNDEBUG",8,100000,pito,owned_update,ecs_get_raw,8,10,8,0.546000
aalair,"Apple M3",8,"Darwin 27.0.0 arm64","Apple LLVM 21.0.0 (clang-2100.3.34.2)"," -O3 -DNDEBUG",8,100000,pito,owned_update,ecs_get_raw,8,10,9,0.561000
aalair,"Apple M3",8,"Darwin 27.0.0 arm64","Apple LLVM 21.0.0 (clang-2100.3.34.2)"," -O3 -DNDEBUG",8,100000,pito,owned_update,ecs_get_raw,8,10,10,0.541000
aalair,"Apple M3",8,"Darwin 27.0.0 arm64","Apple LLVM 21.0.0 (clang-2100.3.34.2)"," -O3 -DNDEBUG",8,100000,pito,owned_update,ecs_get_raw,8,10,11,0.610000
aalair,"Apple M3",8,"Darwin 27.0.0 arm64","Apple LLVM 21.0.0 (clang-2100.3.34.2)"," -O3 -DNDEBUG",8,100000,pito,owned_update,ecs_get_raw,8,10,12,0.529000
aalair,"Apple M3",8,"Darwin 27.0.0 arm64","Apple LLVM 21.0.0 (clang-2100.3.34.2)"," -O3 -DNDEBUG",8,100000,pito,owned_update,ecs_get_raw,8,10,13,0.557000
aalair,"Apple M3",8,"Darwin 27.0.0 arm64","Apple LLVM 21.0.0 (clang-2100.3.34.2)"," -O3 -DNDEBUG",8,100000,pito,owned_update,ecs_get_raw,8,10,14,0.573000
aalair,"Apple M3",8,"Darwin 27.0.0 arm64","Apple LLVM 21.0.0 (clang-2100.3.34.2)"," -O3 -DNDEBUG",8,100000,pito,owned_update,ecs_get_raw,8,50,1,3.765000
aalair,"Apple M3",8,"Darwin 27.0.0 arm64","Apple LLVM 21.0.0 (clang-2100.3.34.2)"," -O3 -DNDEBUG",8,100000,pito,owned_update,ecs_get_raw,8,50,2,3.778000
aalair,"Apple M3",8,"Darwin 27.0.0 arm64","Apple LLVM 21.0.0 (clang-2100.3.34.2)"," -O3 -DNDEBUG",8,100000,pito,owned_update,ecs_get_raw,8,50,3,3.785000
aalair,"Apple M3",8,"Darwin 27.0.0 arm64","Apple LLVM 21.0.0 (clang-2100.3.34.2)"," -O3 -DNDEBUG",8,100000,pito,owned_update,ecs_get_raw,8,50,4,3.818000
aalair,"Apple M3",8,"Darwin 27.0.0 arm64","Apple LLVM 21.0.0 (clang-2100.3.34.2)"," -O3 -DNDEBUG",8,100000,pito,owned_update,ecs_get_raw,8,50,5,3.789000
aalair,"Apple M3",8,"Darwin 27.0.0 arm64","Apple LLVM 21.0.0 (clang-2100.3.34.2)"," -O3 -DNDEBUG",8,100000,pito,owned_update,ecs_get_raw,8,50,6,3.785000
aalair,"Apple M3",8,"Darwin 27.0.0 arm64","Apple LLVM 21.0.0 (clang-2100.3.34.2)"," -O3 -DNDEBUG",8,100000,pito,owned_update,ecs_get_raw,8,50,7,3.776000
aalair,"Apple M3",8,"Darwin 27.0.0 arm64","Apple LLVM 21.0.0 (clang-2100.3.34.2)"," -O3 -DNDEBUG",8,100000,pito,owned_update,ecs_get_raw,8,50,8,3.807000
aalair,"Apple M3",8,"Darwin 27.0.0 arm64","Apple LLVM 21.0.0 (clang-2100.3.34.2)"," -O3 -DNDEBUG",8,100000,pito,owned_update,ecs_get_raw,8,50,9,3.766000
aalair,"Apple M3",8,"Darwin 27.0.0 arm64","Apple LLVM 21.0.0 (clang-2100.3.34.2)"," -O3 -DNDEBUG",8,100000,pito,owned_update,ecs_get_raw,8,50,10,3.769000
aalair,"Apple M3",8,"Darwin 27.0.0 arm64","Apple LLVM 21.0.0 (clang-2100.3.34.2)"," -O3 -DNDEBUG",8,100000,pito,owned_update,ecs_get_raw,8,500,1,59.924000
aalair,"Apple M3",8,"Darwin 27.0.0 arm64","Apple LLVM 21.0.0 (clang-2100.3.34.2)"," -O3 -DNDEBUG",8,100000,pito,owned_update,ecs_get_raw,8,500,2,60.894000
aalair,"Apple M3",8,"Darwin 27.0.0 arm64","Apple LLVM 21.0.0 (clang-2100.3.34.2)"," -O3 -DNDEBUG",8,100000,pito,owned_update,ecs_get_raw,8,500,3,62.432000
aalair,"Apple M3",8,"Darwin 27.0.0 arm64","Apple LLVM 21.0.0 (clang-2100.3.34.2)"," -O3 -DNDEBUG",8,100000,pito,owned_update,ecs_get_raw,8,500,4,60.578000
aalair,"Apple M3",8,"Darwin 27.0.0 arm64","Apple LLVM 21.0.0 (clang-2100.3.34.2)"," -O3 -DNDEBUG",8,100000,pito,owned_update,ecs_get_raw,8,500,5,58.375000
aalair,"Apple M3",8,"Darwin 27.0.0 arm64","Apple LLVM 21.0.0 (clang-2100.3.34.2)"," -O3 -DNDEBUG",8,100000,pito,owned_update,ecs_get_raw,8,500,6,60.207000
aalair,"Apple M3",8,"Darwin 27.0.0 arm64","Apple LLVM 21.0.0 (clang-2100.3.34.2)"," -O3 -DNDEBUG",8,100000,pito,owned_update,ecs_get_raw,8,500,7,59.904000
aalair,"Apple M3",8,"Darwin 27.0.0 arm64","Apple LLVM 21.0.0 (clang-2100.3.34.2)"," -O3 -DNDEBUG",8,100000,pito,owned_update,ecs_get_raw,8,500,8,61.038000
aalair,"Apple M3",8,"Darwin 27.0.0 arm64","Apple LLVM 21.0.0 (clang-2100.3.34.2)"," -O3 -DNDEBUG",8,100000,pito,owned_update,ecs_get_raw,8,500,9,59.906000
aalair,"Apple M3",8,"Darwin 27.0.0 arm64","Apple LLVM 21.0.0 (clang-2100.3.34.2)"," -O3 -DNDEBUG",8,100000,pito,owned_update,ecs_get_raw,8,500,10,57.969000
aalair,"Apple M3",8,"Darwin 27.0.0 arm64","Apple LLVM 21.0.0 (clang-2100.3.34.2)"," -O3 -DNDEBUG -DPITO_ECS_OWNED_DELETE_ATOMIC=1",8,100000,pito,owned_update,ecs_get,1,0,1,6.585000
aalair,"Apple M3",8,"Darwin 27.0.0 arm64","Apple LLVM 21.0.0 (clang-2100.3.34.2)"," -O3 -DNDEBUG -DPITO_ECS_OWNED_DELETE_ATOMIC=1",8,100000,pito,owned_update,ecs_get,1,0,2,6.604000
aalair,"Apple M3",8,"Darwin 27.0.0 arm64","Apple LLVM 21.0.0 (clang-2100.3.34.2)"," -O3 -DNDEBUG -DPITO_ECS_OWNED_DELETE_ATOMIC=1",8,100000,pito,owned_update,ecs_get,1,0,3,6.584000
aalair,"Apple M3",8,"Darwin 27.0.0 arm64","Apple LLVM 21.0.0 (clang-2100.3.34.2)"," -O3 -DNDEBUG -DPITO_ECS_OWNED_DELETE_ATOMIC=1",8,100000,pito,owned_update,ecs_get,1,0,4,6.598000
aalair,"Apple M3",8,"Darwin 27.0.0 arm64","Apple LLVM 21.0.0 (clang-2100.3.34.2)"," -O3 -DNDEBUG -DPITO_ECS_OWNED_DELETE_ATOMIC=1",8,100000,pito,owned_update,ecs_get,1,0,5,6.604000
aalair,"Apple M3",8,"Darwin 27.0.0 arm64","Apple LLVM 21.0.0 (clang-2100.3.34.2)"," -O3 -DNDEBUG -DPITO_ECS_OWNED_DELETE_ATOMIC=1",8,100000,pito,owned_update,ecs_get,1,0,6,6.598000
aalair,"Apple M3",8,"Darwin 27.0.0 arm64","Apple LLVM 21.0.0 (clang-2100.3.34.2)"," -O3 -DNDEBUG -DPITO_ECS_OWNED_DELETE_ATOMIC=1",8,100000,pito,owned_update,ecs_get,1,0,7,6.589000
aalair,"Apple M3",8,"Darwin 27.0.0 arm64","Apple LLVM 21.0.0 (clang-2100.3.34.2)"," -O3 -DNDEBUG -DPITO_ECS_OWNED_DELETE_ATOMIC=1",8,100000,pito,owned_update,ecs_get,1,0,8,6.588000
aalair,"Apple M3",8,"Darwin 27.0.0 arm64","Apple LLVM 21.0.0 (clang-2100.3.34.2)"," -O3 -DNDEBUG -DPITO_ECS_OWNED_DELETE_ATOMIC=1",8,100000,pito,owned_update,ecs_get,1,0,9,6.593000
aalair,"Apple M3",8,"Darwin 27.0.0 arm64","Apple LLVM 21.0.0 (clang-2100.3.34.2)"," -O3 -DNDEBUG -DPITO_ECS_OWNED_DELETE_ATOMIC=1",8,100000,pito,owned_update,ecs_get,1,0,10,6.594000
aalair,"Apple M3",8,"Darwin 27.0.0 arm64","Apple LLVM 21.0.0 (clang-2100.3.34.2)"," -O3 -DNDEBUG -DPITO_ECS_OWNED_DELETE_ATOMIC=1",8,100000,pito,owned_update,ecs_get,1,10,1,8.690000
aalair,"Apple M3",8,"Darwin 27.0.0 arm64","Apple LLVM 21.0.0 (clang-2100.3.34.2)"," -O3 -DNDEBUG -DPITO_ECS_OWNED_DELETE_ATOMIC=1",8,100000,pito,owned_update,ecs_get,1,10,2,8.686000
aalair,"Apple M3",8,"Darwin 27.0.0 arm64","Apple LLVM 21.0.0 (clang-2100.3.34.2)"," -O3 -DNDEBUG -DPITO_ECS_OWNED_DELETE_ATOMIC=1",8,100000,pito,owned_update,ecs_get,1,10,3,8.694000
aalair,"Apple M3",8,"Darwin 27.0.0 arm64","Apple LLVM 21.0.0 (clang-2100.3.34.2)"," -O3 -DNDEBUG -DPITO_ECS_OWNED_DELETE_ATOMIC=1",8,100000,pito,owned_update,ecs_get,1,10,4,8.688000
aalair,"Apple M3",8,"Darwin 27.0.0 arm64","Apple LLVM 21.0.0 (clang-2100.3.34.2)"," -O3 -DNDEBUG -DPITO_ECS_OWNED_DELETE_ATOMIC=1",8,100000,pito,owned_update,ecs_get,1,10,5,8.682000
aalair,"Apple M3",8,"Darwin 27.0.0 arm64","Apple LLVM 21.0.0 (clang-2100.3.34.2)"," -O3 -DNDEBUG -DPITO_ECS_OWNED_DELETE_ATOMIC=1",8,100000,pito,owned_update,ecs_get,1,10,6,8.689000
aalair,"Apple M3",8,"Darwin 27.0.0 arm64","Apple LLVM 21.0.0 (clang-2100.3.34.2)"," -O3 -DNDEBUG -DPITO_ECS_OWNED_DELETE_ATOMIC=1",8,100000,pito,owned_update,ecs_get,1,10,7,8.690000
aalair,"Apple M3",8,"Darwin 27.0.0 arm64","Apple LLVM 21.0.0 (clang-2100.3.34.2)"," -O3 -DNDEBUG -DPITO_ECS_OWNED_DELETE_ATOMIC=1",8,100000,pito,owned_update,ecs_get,1,10,8,8.680000
aalair,"Apple M3",8,"Darwin 27.0.0 arm64","Apple LLVM 21.0.0 (clang-2100.3.34.2)"," -O3 -DNDEBUG -DPITO_ECS_OWNED_DELETE_ATOMIC=1",8,100000,pito,owned_update,ecs_get,1,10,9,8.681000
aalair,"Apple M3",8,"Darwin 27.0.0 arm64","Apple LLVM 21.0.0 (clang-2100.3.34.2)"," -O3 -DNDEBUG -DPITO_ECS_OWNED_DELETE_ATOMIC=1",8,100000,pito,owned_update,ecs_get,1,10,10,8.686000
aalair,"Apple M3",8,"Darwin 27.0.0 arm64","Apple LLVM 21.0.0 (clang-2100.3.34.2)"," -O3 -DNDEBUG -DPITO_ECS_OWNED_DELETE_ATOMIC=1",8,100000,pito,owned_update,ecs_get,1,50,1,24.602000
aalair,"Apple M3",8,"Darwin 27.0.0 arm64","Apple LLVM 21.0.0 (clang-2100.3.34.2)"," -O3 -DNDEBUG -DPITO_ECS_OWNED_DELETE_ATOMIC=1",8,100000,pito,owned_update,ecs_get,1,50,2,24.613000
aalair,"Apple M3",8,"Darwin 27.0.0 arm64","Apple LLVM 21.0.0 (clang-2100.3.34.2)"," -O3 -DNDEBUG -DPITO_ECS_OWNED_DELETE_ATOMIC=1",8,100000,pito,owned_update,ecs_get,1,50,3,24.616000
aalair,"Apple M3",8,"Darwin 27.0.0 arm64","Apple LLVM 21.0.0 (clang-2100.3.34.2)"," -O3 -DNDEBUG -DPITO_ECS_OWNED_DELETE_ATOMIC=1",8,100000,pito,owned_update,ecs_get,1,50,4,24.630000
aalair,"Apple M3",8,"Darwin 27.0.0 arm64","Apple LLVM 21.0.0 (clang-2100.3.34.2)"," -O3 -DNDEBUG -DPITO_ECS_OWNED_DELETE_ATOMIC=1",8,100000,pito,owned_update,ecs_get,1,50,5,24.647000
aalair,"Apple M3",8,"Darwin 27.0.0 arm64","Apple LLVM 21.0.0 (clang-2100.3.34.2)"," -O3 -DNDEBUG -DPITO_ECS_OWNED_DELETE_ATOMIC=1",8,100000,pito,owned_update,ecs_get,1,50,6,24.659000
aalair,"Apple M3",8,"Darwin 27.0.0 arm64","Apple LLVM 21.0.0 (clang-2100.3.34.2)"," -O3 -DNDEBUG -DPITO_ECS_OWNED_DELETE_ATOMIC=1",8,100000,pito,owned_update,ecs_get,1,50,7,24.868000
aalair,"Apple M3",8,"Darwin 27.0.0 arm64","Apple LLVM 21.0.0 (clang-2100.3.34.2)"," -O3 -DNDEBUG -DPITO_ECS_OWNED_DELETE_ATOMIC=1",8,100000,pito,owned_update,ecs_get,1,50,8,24.603000
aalair,"Apple M3",8,"Darwin 27.0.0 arm64","Apple LLVM 21.0.0 (clang-2100.3.34.2)"," -O3 -DNDEBUG -DPITO_ECS_OWNED_DELETE_ATOMIC=1",8,100000,pito,owned_update,ecs_get,1,50,9,24.596000
aalair,"Apple M3",8,"Darwin 27.0.0 arm64","Apple LLVM 21.0.0 (clang-2100.3.34.2)"," -O3 -DNDEBUG -DPITO_ECS_OWNED_DELETE_ATOMIC=1",8,100000,pito,owned_update,ecs_get,1,50,10,24.646000
aalair,"Apple M3",8,"Darwin 27.0.0 arm64","Apple LLVM 21.0.0 (clang-2100.3.34.2)"," -O3 -DNDEBUG -DPITO_ECS_OWNED_DELETE_ATOMIC=1",8,100000,pito,owned_update,ecs_get,1,500,1,355.971000
aalair,"Apple M3",8,"Darwin 27.0.0 arm64","Apple LLVM 21.0.0 (clang-2100.3.34.2)"," -O3 -DNDEBUG -DPITO_ECS_OWNED_DELETE_ATOMIC=1",8,100000,pito,owned_update,ecs_get,1,500,2,356.127000
aalair,"Apple M3",8,"Darwin 27.0.0 arm64","Apple LLVM 21.0.0 (clang-2100.3.34.2)"," -O3 -DNDEBUG -DPITO_ECS_OWNED_DELETE_ATOMIC=1",8,100000,pito,owned_update,ecs_get,1,500,3,356.066000
aalair,"Apple M3",8,"Darwin 27.0.0 arm64","Apple LLVM 21.0.0 (clang-2100.3.34.2)"," -O3 -DNDEBUG -DPITO_ECS_OWNED_DELETE_ATOMIC=1",8,100000,pito,owned_update,ecs_get,1,500,4,356.446000
aalair,"Apple M3",8,"Darwin 27.0.0 arm64","Apple LLVM 21.0.0 (clang-2100.3.34.2)"," -O3 -DNDEBUG -DPITO_ECS_OWNED_DELETE_ATOMIC=1",8,100000,pito,owned_update,ecs_get,1,500,5,356.362000
aalair,"Apple M3",8,"Darwin 27.0.0 arm64","Apple LLVM 21.0.0 (clang-2100.3.34.2)"," -O3 -DNDEBUG -DPITO_ECS_OWNED_DELETE_ATOMIC=1",8,100000,pito,owned_update,ecs_get,1,500,6,356.172000
aalair,"Apple M3",8,"Darwin 27.0.0 arm64","Apple LLVM 21.0.0 (clang-2100.3.34.2)"," -O3 -DNDEBUG -DPITO_ECS_OWNED_DELETE_ATOMIC=1",8,100000,pito,owned_update,ecs_get,1,500,7,356.190000
aalair,"Apple M3",8,"Darwin 27.0.0 arm64","Apple LLVM 21.0.0 (clang-2100.3.34.2)"," -O3 -DNDEBUG -DPITO_ECS_OWNED_DELETE_ATOMIC=1",8,100000,pito,owned_update,ecs_get,1,500,8,356.304000
aalair,"Apple M3",8,"Darwin 27.0.0 arm64","Apple LLVM 21.0.0 (clang-2100.3.34.2)"," -O3 -DNDEBUG -DPITO_ECS_OWNED_DELETE_ATOMIC=1",8,100000,pito,owned_update,ecs_get,1,500,9,357.634000
aalair,"Apple M3",8,"Darwin 27.0.0 arm64","Apple LLVM 21.0.0 (clang-2100.3.34.2)"," -O3 -DNDEBUG -DPITO_ECS_OWNED_DELETE_ATOMIC=1",8,100000,pito,owned_update,ecs_get,1,500,10,356.209000
aalair,"Apple M3",8,"Darwin 27.0.0 arm64","Apple LLVM 21.0.0 (clang-2100.3.34.2)"," -O3 -DNDEBUG -DPITO_ECS_OWNED_DELETE_ATOMIC=1",8,100000,pito,owned_update,ecs_get,2,0,1,3.376000
aalair,"Apple M3",8,"Darwin 27.0.0 arm64","Apple LLVM 21.0.0 (clang-2100.3.34.2)"," -O3 -DNDEBUG -DPITO_ECS_OWNED_DELETE_ATOMIC=1",8,100000,pito,owned_update,ecs_get,2,0,2,3.378000
aalair,"Apple M3",8,"Darwin 27.0.0 arm64","Apple LLVM 21.0.0 (clang-2100.3.34.2)"," -O3 -DNDEBUG -DPITO_ECS_OWNED_DELETE_ATOMIC=1",8,100000,pito,owned_update,ecs_get,2,0,3,3.375000
aalair,"Apple M3",8,"Darwin 27.0.0 arm64","Apple LLVM 21.0.0 (clang-2100.3.34.2)"," -O3 -DNDEBUG -DPITO_ECS_OWNED_DELETE_ATOMIC=1",8,100000,pito,owned_update,ecs_get,2,0,4,3.372000
aalair,"Apple M3",8,"Darwin 27.0.0 arm64","Apple LLVM 21.0.0 (clang-2100.3.34.2)"," -O3 -DNDEBUG -DPITO_ECS_OWNED_DELETE_ATOMIC=1",8,100000,pito,owned_update,ecs_get,2,0,5,3.388000
aalair,"Apple M3",8,"Darwin 27.0.0 arm64","Apple LLVM 21.0.0 (clang-2100.3.34.2)"," -O3 -DNDEBUG -DPITO_ECS_OWNED_DELETE_ATOMIC=1",8,100000,pito,owned_update,ecs_get,2,0,6,3.374000
aalair,"Apple M3",8,"Darwin 27.0.0 arm64","Apple LLVM 21.0.0 (clang-2100.3.34.2)"," -O3 -DNDEBUG -DPITO_ECS_OWNED_DELETE_ATOMIC=1",8,100000,pito,owned_update,ecs_get,2,0,7,3.377000
aalair,"Apple M3",8,"Darwin 27.0.0 arm64","Apple LLVM 21.0.0 (clang-2100.3.34.2)"," -O3 -DNDEBUG -DPITO_ECS_OWNED_DELETE_ATOMIC=1",8,100000,pito,owned_update,ecs_get,2,0,8,3.370000
aalair,"Apple M3",8,"Darwin 27.0.0 arm64","Apple LLVM 21.0.0 (clang-2100.3.34.2)"," -O3 -DNDEBUG -DPITO_ECS_OWNED_DELETE_ATOMIC=1",8,100000,pito,owned_update,ecs_get,2,0,9,3.369000
aalair,"Apple M3",8,"Darwin 27.0.0 arm64","Apple LLVM 21.0.0 (clang-2100.3.34.2)"," -O3 -DNDEBUG -DPITO_ECS_OWNED_DELETE_ATOMIC=1",8,100000,pito,owned_update,ecs_get,2,0,10,3.367000
aalair,"Apple M3",8,"Darwin 27.0.0 arm64","Apple LLVM 21.0.0 (clang-2100.3.34.2)"," -O3 -DNDEBUG -DPITO_ECS_OWNED_DELETE_ATOMIC=1",8,100000,pito,owned_update,ecs_get,2,10,1,4.787000
aalair,"Apple M3",8,"Darwin 27.0.0 arm64","Apple LLVM 21.0.0 (clang-2100.3.34.2)"," -O3 -DNDEBUG -DPITO_ECS_OWNED_DELETE_ATOMIC=1",8,100000,pito,owned_update,ecs_get,2,10,2,4.790000
aalair,"Apple M3",8,"Darwin 27.0.0 arm64","Apple LLVM 21.0.0 (clang-2100.3.34.2)"," -O3 -DNDEBUG -DPITO_ECS_OWNED_DELETE_ATOMIC=1",8,100000,pito,owned_update,ecs_get,2,10,3,4.806000
aalair,"Apple M3",8,"Darwin 27.0.0 arm64","Apple LLVM 21.0.0 (clang-2100.3.34.2)"," -O3 -DNDEBUG -DPITO_ECS_OWNED_DELETE_ATOMIC=1",8,100000,pito,owned_update,ecs_get,2,10,4,4.415000
aalair,"Apple M3",8,"Darwin 27.0.0 arm64","Apple LLVM 21.0.0 (clang-2100.3.34.2)"," -O3 -DNDEBUG -DPITO_ECS_OWNED_DELETE_ATOMIC=1",8,100000,pito,owned_update,ecs_get,2,10,5,4.415000
aalair,"Apple M3",8,"Darwin 27.0.0 arm64","Apple LLVM 21.0.0 (clang-2100.3.34.2)"," -O3 -DNDEBUG -DPITO_ECS_OWNED_DELETE_ATOMIC=1",8,100000,pito,owned_update,ecs_get,2,10,6,4.412000
aalair,"Apple M3",8,"Darwin 27.0.0 arm64","Apple LLVM 21.0.0 (clang-2100.3.34.2)"," -O3 -DNDEBUG -DPITO_ECS_OWNED_DELETE_ATOMIC=1",8,100000,pito,owned_update,ecs_get,2,10,7,4.424000
aalair,"Apple M3",8,"Darwin 27.0.0 arm64","Apple LLVM 21.0.0 (clang-2100.3.34.2)"," -O3 -DNDEBUG -DPITO_ECS_OWNED_DELETE_ATOMIC=1",8,100000,pito,owned_update,ecs_get,2,10,8,4.439000
aalair,"Apple M3",8,"Darwin 27.0.0 arm64","Apple LLVM 21.0.0 (clang-2100.3.34.2)"," -O3 -DNDEBUG -DPITO_ECS_OWNED_DELETE_ATOMIC=1",8,100000,pito,owned_update,ecs_get,2,10,9,4.415000
aalair,"Apple M3",8,"Darwin 27.0.0 arm64","Apple LLVM 21.0.0 (clang-2100.3.34.2)"," -O3 -DNDEBUG -DPITO_ECS_OWNED_DELETE_ATOMIC=1",8,100000,pito,owned_update,ecs_get,2,10,10,4.435000
aalair,"Apple M3",8,"Darwin 27.0.0 arm64","Apple LLVM 21.0.0 (clang-2100.3.34.2)"," -O3 -DNDEBUG -DPITO_ECS_OWNED_DELETE_ATOMIC=1",8,100000,pito,owned_update,ecs_get,2,10,11,4.415000
aalair,"Apple M3",8,"Darwin 27.0.0 arm64","Apple LLVM 21.0.0 (clang-2100.3.34.2)"," -O3 -DNDEBUG -DPITO_ECS_OWNED_DELETE_ATOMIC=1",8,100000,pito,owned_update,ecs_get,2,10,12,4.415000
aalair,"Apple M3",8,"Darwin 27.0.0 arm64","Apple LLVM 21.0.0 (clang-2100.3.34.2)"," -O3 -DNDEBUG -DPITO_ECS_OWNED_DELETE_ATOMIC=1",8,100000,pito,owned_update,ecs_get,2,10,13,4.453000
aalair,"Apple M3",8,"Darwin 27.0.0 arm64","Apple LLVM 21.0.0 (clang-2100.3.34.2)"," -O3 -DNDEBUG -DPITO_ECS_OWNED_DELETE_ATOMIC=1",8,100000,pito,owned_update,ecs_get,2,10,14,4.415000
aalair,"Apple M3",8,"Darwin 27.0.0 arm64","Apple LLVM 21.0.0 (clang-2100.3.34.2)"," -O3 -DNDEBUG -DPITO_ECS_OWNED_DELETE_ATOMIC=1",8,100000,pito,owned_update,ecs_get,2,10,15,4.414000
aalair,"Apple M3",8,"Darwin 27.0.0 arm64","Apple LLVM 21.0.0 (clang-2100.3.34.2)"," -O3 -DNDEBUG -DPITO_ECS_OWNED_DELETE_ATOMIC=1",8,100000,pito,owned_update,ecs_get,2,10,16,4.416000
aalair,"Apple M3",8,"Darwin 27.0.0 arm64","Apple LLVM 21.0.0 (clang-2100.3.34.2)"," -O3 -DNDEBUG -DPITO_ECS_OWNED_DELETE_ATOMIC=1",8,100000,pito,owned_update,ecs_get,2,50,1,12.725000
aalair,"Apple M3",8,"Darwin 27.0.0 arm64","Apple LLVM 21.0.0 (clang-2100.3.34.2)"," -O3 -DNDEBUG -DPITO_ECS_OWNED_DELETE_ATOMIC=1",8,100000,pito,owned_update,ecs_get,2,50,2,12.718000
aalair,"Apple M3",8,"Darwin 27.0.0 arm64","Apple LLVM 21.0.0 (clang-2100.3.34.2)"," -O3 -DNDEBUG -DPITO_ECS_OWNED_DELETE_ATOMIC=1",8,100000,pito,owned_update,ecs_get,2,50,3,12.690000
aalair,"Apple M3",8,"Darwin 27.0.0 arm64","Apple LLVM 21.0.0 (clang-2100.3.34.2)"," -O3 -DNDEBUG -DPITO_ECS_OWNED_DELETE_ATOMIC=1",8,100000,pito,owned_update,ecs_get,2,50,4,12.727000
aalair,"Apple M3",8,"Darwin 27.0.0 arm64","Apple LLVM 21.0.0 (clang-2100.3.34.2)"," -O3 -DNDEBUG -DPITO_ECS_OWNED_DELETE_ATOMIC=1",8,100000,pito,owned_update,ecs_get,2,50,5,12.666000
aalair,"Apple M3",8,"Darwin 27.0.0 arm64","Apple LLVM 21.0.0 (clang-2100.3.34.2)"," -O3 -DNDEBUG -DPITO_ECS_OWNED_DELETE_ATOMIC=1",8,100000,pito,owned_update,ecs_get,2,50,6,12.726000
aalair,"Apple M3",8,"Darwin 27.0.0 arm64","Apple LLVM 21.0.0 (clang-2100.3.34.2)"," -O3 -DNDEBUG -DPITO_ECS_OWNED_DELETE_ATOMIC=1",8,100000,pito,owned_update,ecs_get,2,50,7,12.681000
aalair,"Apple M3",8,"Darwin 27.0.0 arm64","Apple LLVM 21.0.0 (clang-2100.3.34.2)"," -O3 -DNDEBUG -DPITO_ECS_OWNED_DELETE_ATOMIC=1",8,100000,pito,owned_update,ecs_get,2,50,8,12.697000
aalair,"Apple M3",8,"Darwin 27.0.0 arm64","Apple LLVM 21.0.0 (clang-2100.3.34.2)"," -O3 -DNDEBUG -DPITO_ECS_OWNED_DELETE_ATOMIC=1",8,100000,pito,owned_update,ecs_get,2,50,9,12.729000
aalair,"Apple M3",8,"Darwin 27.0.0 arm64","Apple LLVM 21.0.0 (clang-2100.3.34.2)"," -O3 -DNDEBUG -DPITO_ECS_OWNED_DELETE_ATOMIC=1",8,100000,pito,owned_update,ecs_get,2,50,10,12.774000
aalair,"Apple M3",8,"Darwin 27.0.0 arm64","Apple LLVM 21.0.0 (clang-2100.3.34.2)"," -O3 -DNDEBUG -DPITO_ECS_OWNED_DELETE_ATOMIC=1",8,100000,pito,owned_update,ecs_get,2,500,1,182.573000
aalair,"Apple M3",8,"Darwin 27.0.0 arm64","Apple LLVM 21.0.0 (clang-2100.3.34.2)"," -O3 -DNDEBUG -DPITO_ECS_OWNED_DELETE_ATOMIC=1",8,100000,pito,owned_update,ecs_get,2,500,2,182.609000
aalair,"Apple M3",8,"Darwin 27.0.0 arm64","Apple LLVM 21.0.0 (clang-2100.3.34.2)"," -O3 -DNDEBUG -DPITO_ECS_OWNED_DELETE_ATOMIC=1",8,100000,pito,owned_update,ecs_get,2,500,3,182.578000
aalair,"Apple M3",8,"Darwin 27.0.0 arm64","Apple LLVM 21.0.0 (clang-2100.3.34.2)"," -O3 -DNDEBUG -DPITO_ECS_OWNED_DELETE_ATOMIC=1",8,100000,pito,owned_update,ecs_get,2,500,4,182.754000
aalair,"Apple M3",8,"Darwin 27.0.0 arm64","Apple LLVM 21.0.0 (clang-2100.3.34.2)"," -O3 -DNDEBUG -DPITO_ECS_OWNED_DELETE_ATOMIC=1",8,100000,pito,owned_update,ecs_get,2,500,5,182.700000
aalair,"Apple M3",8,"Darwin 27.0.0 arm64","Apple LLVM 21.0.0 (clang-2100.3.34.2)"," -O3 -DNDEBUG -DPITO_ECS_OWNED_DELETE_ATOMIC=1",8,100000,pito,owned_update,ecs_get,2,500,6,183.541000
aalair,"Apple M3",8,"Darwin 27.0.0 arm64","Apple LLVM 21.0.0 (clang-2100.3.34.2)"," -O3 -DNDEBUG -DPITO_ECS_OWNED_DELETE_ATOMIC=1",8,100000,pito,owned_update,ecs_get,2,500,7,182.501000
aalair,"Apple M3",8,"Darwin 27.0.0 arm64","Apple LLVM 21.0.0 (clang-2100.3.34.2)"," -O3 -DNDEBUG -DPITO_ECS_OWNED_DELETE_ATOMIC=1",8,100000,pito,owned_update,ecs_get,2,500,8,182.751000
aalair,"Apple M3",8,"Darwin 27.0.0 arm64","Apple LLVM 21.0.0 (clang-2100.3.34.2)"," -O3 -DNDEBUG -DPITO_ECS_OWNED_DELETE_ATOMIC=1",8,100000,pito,owned_update,ecs_get,2,500,9,182.569000
aalair,"Apple M3",8,"Darwin 27.0.0 arm64","Apple LLVM 21.0.0 (clang-2100.3.34.2)"," -O3 -DNDEBUG -DPITO_ECS_OWNED_DELETE_ATOMIC=1",8,100000,pito,owned_update,ecs_get,2,500,10,182.561000
aalair,"Apple M3",8,"Darwin 27.0.0 arm64","Apple LLVM 21.0.0 (clang-2100.3.34.2)"," -O3 -DNDEBUG -DPITO_ECS_OWNED_DELETE_ATOMIC=1",8,100000,pito,owned_update,ecs_get,4,0,1,1.717000
aalair,"Apple M3",8,"Darwin 27.0.0 arm64","Apple LLVM 21.0.0 (clang-2100.3.34.2)"," -O3 -DNDEBUG -DPITO_ECS_OWNED_DELETE_ATOMIC=1",8,100000,pito,owned_update,ecs_get,4,0,2,1.724000
aalair,"Apple M3",8,"Darwin 27.0.0 arm64","Apple LLVM 21.0.0 (clang-2100.3.34.2)"," -O3 -DNDEBUG -DPITO_ECS_OWNED_DELETE_ATOMIC=1",8,100000,pito,owned_update,ecs_get,4,0,3,1.728000
aalair,"Apple M3",8,"Darwin 27.0.0 arm64","Apple LLVM 21.0.0 (clang-2100.3.34.2)"," -O3 -DNDEBUG -DPITO_ECS_OWNED_DELETE_ATOMIC=1",8,100000,pito,owned_update,ecs_get,4,0,4,1.730000
aalair,"Apple M3",8,"Darwin 27.0.0 arm64","Apple LLVM 21.0.0 (clang-2100.3.34.2)"," -O3 -DNDEBUG -DPITO_ECS_OWNED_DELETE_ATOMIC=1",8,100000,pito,owned_update,ecs_get,4,0,5,1.728000
aalair,"Apple M3",8,"Darwin 27.0.0 arm64","Apple LLVM 21.0.0 (clang-2100.3.34.2)"," -O3 -DNDEBUG -DPITO_ECS_OWNED_DELETE_ATOMIC=1",8,100000,pito,owned_update,ecs_get,4,0,6,1.725000
aalair,"Apple M3",8,"Darwin 27.0.0 arm64","Apple LLVM 21.0.0 (clang-2100.3.34.2)"," -O3 -DNDEBUG -DPITO_ECS_OWNED_DELETE_ATOMIC=1",8,100000,pito,owned_update,ecs_get,4,0,7,1.727000
aalair,"Apple M3",8,"Darwin 27.0.0 arm64","Apple LLVM 21.0.0 (clang-2100.3.34.2)"," -O3 -DNDEBUG -DPITO_ECS_OWNED_DELETE_ATOMIC=1",8,100000,pito,owned_update,ecs_get,4,0,8,1.727000
aalair,"Apple M3",8,"Darwin 27.0.0 arm64","Apple LLVM 21.0.0 (clang-2100.3.34.2)"," -O3 -DNDEBUG -DPITO_ECS_OWNED_DELETE_ATOMIC=1",8,100000,pito,owned_update,ecs_get,4,0,9,1.726000
aalair,"Apple M3",8,"Darwin 27.0.0 arm64","Apple LLVM 21.0.0 (clang-2100.3.34.2)"," -O3 -DNDEBUG -DPITO_ECS_OWNED_DELETE_ATOMIC=1",8,100000,pito,owned_update,ecs_get,4,0,10,1.722000
aalair,"Apple M3",8,"Darwin 27.0.0 arm64","Apple LLVM 21.0.0 (clang-2100.3.34.2)"," -O3 -DNDEBUG -DPITO_ECS_OWNED_DELETE_ATOMIC=1",8,100000,pito,owned_update,ecs_get,4,10,1,2.532000
aalair,"Apple M3",8,"Darwin 27.0.0 arm64","Apple LLVM 21.0.0 (clang-2100.3.34.2)"," -O3 -DNDEBUG -DPITO_ECS_OWNED_DELETE_ATOMIC=1",8,100000,pito,owned_update,ecs_get,4,10,2,2.481000
aalair,"Apple M3",8,"Darwin 27.0.0 arm64","Apple LLVM 21.0.0 (clang-2100.3.34.2)"," -O3 -DNDEBUG -DPITO_ECS_OWNED_DELETE_ATOMIC=1",8,100000,pito,owned_update,ecs_get,4,10,3,2.474000
aalair,"Apple M3",8,"Darwin 27.0.0 arm64","Apple LLVM 21.0.0 (clang-2100.3.34.2)"," -O3 -DNDEBUG -DPITO_ECS_OWNED_DELETE_ATOMIC=1",8,100000,pito,owned_update,ecs_get,4,10,4,2.527000
aalair,"Apple M3",8,"Darwin 27.0.0 arm64","Apple LLVM 21.0.0 (clang-2100.3.34.2)"," -O3 -DNDEBUG -DPITO_ECS_OWNED_DELETE_ATOMIC=1",8,100000,pito,owned_update,ecs_get,4,10,5,2.538000
aalair,"Apple M3",8,"Darwin 27.0.0 arm64","Apple LLVM 21.0.0 (clang-2100.3.34.2)"," -O3 -DNDEBUG -DPITO_ECS_OWNED_DELETE_ATOMIC=1",8,100000,pito,owned_update,ecs_get,4,10,6,2.474000
aalair,"Apple M3",8,"Darwin 27.0.0 arm64","Apple LLVM 21.0.0 (clang-2100.3.34.2)"," -O3 -DNDEBUG -DPITO_ECS_OWNED_DELETE_ATOMIC=1",8,100000,pito,owned_update,ecs_get,4,10,7,2.531000
aalair,"Apple M3",8,"Darwin 27.0.0 arm64","Apple LLVM 21.0.0 (clang-2100.3.34.2)"," -O3 -DNDEBUG -DPITO_ECS_OWNED_DELETE_ATOMIC=1",8,100000,pito,owned_update,ecs_get,4,10,8,2.474000
aalair,"Apple M3",8,"Darwin 27.0.0 arm64","Apple LLVM 21.0.0 (clang-2100.3.34.2)"," -O3 -DNDEBUG -DPITO_ECS_OWNED_DELETE_ATOMIC=1",8,100000,pito,owned_update,ecs_get,4,10,9,2.479000
aalair,"Apple M3",8,"Darwin 27.0.0 arm64","Apple LLVM 21.0.0 (clang-2100.3.34.2)"," -O3 -DNDEBUG -DPITO_ECS_OWNED_DELETE_ATOMIC=1",8,100000,pito,owned_update,ecs_get,4,10,10,2.528000
aalair,"Apple M3",8,"Darwin 27.0.0 arm64","Apple LLVM 21.0.0 (clang-2100.3.34.2)"," -O3 -DNDEBUG -DPITO_ECS_OWNED_DELETE_ATOMIC=1",8,100000,pito,owned_update,ecs_get,4,50,1,6.859000
aalair,"Apple M3",8,"Darwin 27.0.0 arm64","Apple LLVM 21.0.0 (clang-2100.3.34.2)"," -O3 -DNDEBUG -DPITO_ECS_OWNED_DELETE_ATOMIC=1",8,100000,pito,owned_update,ecs_get,4,50,2,6.843000
aalair,"Apple M3",8,"Darwin 27.0.0 arm64","Apple LLVM 21.0.0 (clang-2100.3.34.2)"," -O3 -DNDEBUG -DPITO_ECS_OWNED_DELETE_ATOMIC=1",8,100000,pito,owned_update,ecs_get,4,50,3,6.855000
aalair,"Apple M3",8,"Darwin 27.0.0 arm64","Apple LLVM 21.0.0 (clang-2100.3.34.2)"," -O3 -DNDEBUG -DPITO_ECS_OWNED_DELETE_ATOMIC=1",8,100000,pito,owned_update,ecs_get,4,50,4,6.858000
aalair,"Apple M3",8,"Darwin 27.0.0 arm64","Apple LLVM 21.0.0 (clang-2100.3.34.2)"," -O3 -DNDEBUG -DPITO_ECS_OWNED_DELETE_ATOMIC=1",8,100000,pito,owned_update,ecs_get,4,50,5,6.864000
aalair,"Apple M3",8,"Darwin 27.0.0 arm64","Apple LLVM 21.0.0 (clang-2100.3.34.2)"," -O3 -DNDEBUG -DPITO_ECS_OWNED_DELETE_ATOMIC=1",8,100000,pito,owned_update,ecs_get,4,50,6,6.870000
aalair,"Apple M3",8,"Darwin 27.0.0 arm64","Apple LLVM 21.0.0 (clang-2100.3.34.2)"," -O3 -DNDEBUG -DPITO_ECS_OWNED_DELETE_ATOMIC=1",8,100000,pito,owned_update,ecs_get,4,50,7,6.856000
aalair,"Apple M3",8,"Darwin 27.0.0 arm64","Apple LLVM 21.0.0 (clang-2100.3.34.2)"," -O3 -DNDEBUG -DPITO_ECS_OWNED_DELETE_ATOMIC=1",8,100000,pito,owned_update,ecs_get,4,50,8,6.858000
aalair,"Apple M3",8,"Darwin 27.0.0 arm64","Apple LLVM 21.0.0 (clang-2100.3.34.2)"," -O3 -DNDEBUG -DPITO_ECS_OWNED_DELETE_ATOMIC=1",8,100000,pito,owned_update,ecs_get,4,50,9,6.858000
aalair,"Apple M3",8,"Darwin 27.0.0 arm64","Apple LLVM 21.0.0 (clang-2100.3.34.2)"," -O3 -DNDEBUG -DPITO_ECS_OWNED_DELETE_ATOMIC=1",8,100000,pito,owned_update,ecs_get,4,50,10,6.857000
aalair,"Apple M3",8,"Darwin 27.0.0 arm64","Apple LLVM 21.0.0 (clang-2100.3.34.2)"," -O3 -DNDEBUG -DPITO_ECS_OWNED_DELETE_ATOMIC=1",8,100000,pito,owned_update,ecs_get,4,500,1,99.279000
aalair,"Apple M3",8,"Darwin 27.0.0 arm64","Apple LLVM 21.0.0 (clang-2100.3.34.2)"," -O3 -DNDEBUG -DPITO_ECS_OWNED_DELETE_ATOMIC=1",8,100000,pito,owned_update,ecs_get,4,500,2,99.264000
aalair,"Apple M3",8,"Darwin 27.0.0 arm64","Apple LLVM 21.0.0 (clang-2100.3.34.2)"," -O3 -DNDEBUG -DPITO_ECS_OWNED_DELETE_ATOMIC=1",8,100000,pito,owned_update,ecs_get,4,500,3,99.312000
aalair,"Apple M3",8,"Darwin 27.0.0 arm64","Apple LLVM 21.0.0 (clang-2100.3.34.2)"," -O3 -DNDEBUG -DPITO_ECS_OWNED_DELETE_ATOMIC=1",8,100000,pito,owned_update,ecs_get,4,500,4,99.273000
aalair,"Apple M3",8,"Darwin 27.0.0 arm64","Apple LLVM 21.0.0 (clang-2100.3.34.2)"," -O3 -DNDEBUG -DPITO_ECS_OWNED_DELETE_ATOMIC=1",8,100000,pito,owned_update,ecs_get,4,500,5,99.367000
aalair,"Apple M3",8,"Darwin 27.0.0 arm64","Apple LLVM 21.0.0 (clang-2100.3.34.2)"," -O3 -DNDEBUG -DPITO_ECS_OWNED_DELETE_ATOMIC=1",8,100000,pito,owned_update,ecs_get,4,500,6,100.718000
aalair,"Apple M3",8,"Darwin 27.0.0 arm64","Apple LLVM 21.0.0 (clang-2100.3.34.2)"," -O3 -DNDEBUG -DPITO_ECS_OWNED_DELETE_ATOMIC=1",8,100000,pito,owned_update,ecs_get,4,500,7,99.316000
aalair,"Apple M3",8,"Darwin 27.0.0 arm64","Apple LLVM 21.0.0 (clang-2100.3.34.2)"," -O3 -DNDEBUG -DPITO_ECS_OWNED_DELETE_ATOMIC=1",8,100000,pito,owned_update,ecs_get,4,500,8,101.308000
aalair,"Apple M3",8,"Darwin 27.0.0 arm64","Apple LLVM 21.0.0 (clang-2100.3.34.2)"," -O3 -DNDEBUG -DPITO_ECS_OWNED_DELETE_ATOMIC=1",8,100000,pito,owned_update,ecs_get,4,500,9,99.956000
aalair,"Apple M3",8,"Darwin 27.0.0 arm64","Apple LLVM 21.0.0 (clang-2100.3.34.2)"," -O3 -DNDEBUG -DPITO_ECS_OWNED_DELETE_ATOMIC=1",8,100000,pito,owned_update,ecs_get,4,500,10,99.305000
aalair,"Apple M3",8,"Darwin 27.0.0 arm64","Apple LLVM 21.0.0 (clang-2100.3.34.2)"," -O3 -DNDEBUG -DPITO_ECS_OWNED_DELETE_ATOMIC=1",8,100000,pito,owned_update,ecs_get,8,0,1,2.377000
aalair,"Apple M3",8,"Darwin 27.0.0 arm64","Apple LLVM 21.0.0 (clang-2100.3.34.2)"," -O3 -DNDEBUG -DPITO_ECS_OWNED_DELETE_ATOMIC=1",8,100000,pito,owned_update,ecs_get,8,0,2,2.086000
aalair,"Apple M3",8,"Darwin 27.0.0 arm64","Apple LLVM 21.0.0 (clang-2100.3.34.2)"," -O3 -DNDEBUG -DPITO_ECS_OWNED_DELETE_ATOMIC=1",8,100000,pito,owned_update,ecs_get,8,0,3,2.023000
aalair,"Apple M3",8,"Darwin 27.0.0 arm64","Apple LLVM 21.0.0 (clang-2100.3.34.2)"," -O3 -DNDEBUG -DPITO_ECS_OWNED_DELETE_ATOMIC=1",8,100000,pito,owned_update,ecs_get,8,0,4,1.840000
aalair,"Apple M3",8,"Darwin 27.0.0 arm64","Apple LLVM 21.0.0 (clang-2100.3.34.2)"," -O3 -DNDEBUG -DPITO_ECS_OWNED_DELETE_ATOMIC=1",8,100000,pito,owned_update,ecs_get,8,0,5,2.020000
aalair,"Apple M3",8,"Darwin 27.0.0 arm64","Apple LLVM 21.0.0 (clang-2100.3.34.2)"," -O3 -DNDEBUG -DPITO_ECS_OWNED_DELETE_ATOMIC=1",8,100000,pito,owned_update,ecs_get,8,0,6,2.108000
aalair,"Apple M3",8,"Darwin 27.0.0 arm64","Apple LLVM 21.0.0 (clang-2100.3.34.2)"," -O3 -DNDEBUG -DPITO_ECS_OWNED_DELETE_ATOMIC=1",8,100000,pito,owned_update,ecs_get,8,0,7,1.792000
aalair,"Apple M3",8,"Darwin 27.0.0 arm64","Apple LLVM 21.0.0 (clang-2100.3.34.2)"," -O3 -DNDEBUG -DPITO_ECS_OWNED_DELETE_ATOMIC=1",8,100000,pito,owned_update,ecs_get,8,0,8,1.892000
aalair,"Apple M3",8,"Darwin 27.0.0 arm64","Apple LLVM 21.0.0 (clang-2100.3.34.2)"," -O3 -DNDEBUG -DPITO_ECS_OWNED_DELETE_ATOMIC=1",8,100000,pito,owned_update,ecs_get,8,0,9,2.021000
aalair,"Apple M3",8,"Darwin 27.0.0 arm64","Apple LLVM 21.0.0 (clang-2100.3.34.2)"," -O3 -DNDEBUG -DPITO_ECS_OWNED_DELETE_ATOMIC=1",8,100000,pito,owned_update,ecs_get,8,0,10,1.845000
aalair,"Apple M3",8,"Darwin 27.0.0 arm64","Apple LLVM 21.0.0 (clang-2100.3.34.2)"," -O3 -DNDEBUG -DPITO_ECS_OWNED_DELETE_ATOMIC=1",8,100000,pito,owned_update,ecs_get,8,0,11,2.493000
aalair,"Apple M3",8,"Darwin 27.0.0 arm64","Apple LLVM 21.0.0 (clang-2100.3.34.2)"," -O3 -DNDEBUG -DPITO_ECS_OWNED_DELETE_ATOMIC=1",8,100000,pito,owned_update,ecs_get,8,0,12,3.119000
aalair,"Apple M3",8,"Darwin 27.0.0 arm64","Apple LLVM 21.0.0 (clang-2100.3.34.2)"," -O3 -DNDEBUG -DPITO_ECS_OWNED_DELETE_ATOMIC=1",8,100000,pito,owned_update,ecs_get,8,0,13,2.077000
aalair,"Apple M3",8,"Darwin 27.0.0 arm64","Apple LLVM 21.0.0 (clang-2100.3.34.2)"," -O3 -DNDEBUG -DPITO_ECS_OWNED_DELETE_ATOMIC=1",8,100000,pito,owned_update,ecs_get,8,0,14,1.874000
aalair,"Apple M3",8,"Darwin 27.0.0 arm64","Apple LLVM 21.0.0 (clang-2100.3.34.2)"," -O3 -DNDEBUG -DPITO_ECS_OWNED_DELETE_ATOMIC=1",8,100000,pito,owned_update,ecs_get,8,0,15,2.016000
aalair,"Apple M3",8,"Darwin 27.0.0 arm64","Apple LLVM 21.0.0 (clang-2100.3.34.2)"," -O3 -DNDEBUG -DPITO_ECS_OWNED_DELETE_ATOMIC=1",8,100000,pito,owned_update,ecs_get,8,0,16,2.010000
aalair,"Apple M3",8,"Darwin 27.0.0 arm64","Apple LLVM 21.0.0 (clang-2100.3.34.2)"," -O3 -DNDEBUG -DPITO_ECS_OWNED_DELETE_ATOMIC=1",8,100000,pito,owned_update,ecs_get,8,0,17,2.032000
aalair,"Apple M3",8,"Darwin 27.0.0 arm64","Apple LLVM 21.0.0 (clang-2100.3.34.2)"," -O3 -DNDEBUG -DPITO_ECS_OWNED_DELETE_ATOMIC=1",8,100000,pito,owned_update,ecs_get,8,0,18,2.005000
aalair,"Apple M3",8,"Darwin 27.0.0 arm64","Apple LLVM 21.0.0 (clang-2100.3.34.2)"," -O3 -DNDEBUG -DPITO_ECS_OWNED_DELETE_ATOMIC=1",8,100000,pito,owned_update,ecs_get,8,0,19,2.038000
aalair,"Apple M3",8,"Darwin 27.0.0 arm64","Apple LLVM 21.0.0 (clang-2100.3.34.2)"," -O3 -DNDEBUG -DPITO_ECS_OWNED_DELETE_ATOMIC=1",8,100000,pito,owned_update,ecs_get,8,0,20,1.844000
aalair,"Apple M3",8,"Darwin 27.0.0 arm64","Apple LLVM 21.0.0 (clang-2100.3.34.2)"," -O3 -DNDEBUG -DPITO_ECS_OWNED_DELETE_ATOMIC=1",8,100000,pito,owned_update,ecs_get,8,0,21,2.027000
aalair,"Apple M3",8,"Darwin 27.0.0 arm64","Apple LLVM 21.0.0 (clang-2100.3.34.2)"," -O3 -DNDEBUG -DPITO_ECS_OWNED_DELETE_ATOMIC=1",8,100000,pito,owned_update,ecs_get,8,0,22,2.328000
aalair,"Apple M3",8,"Darwin 27.0.0 arm64","Apple LLVM 21.0.0 (clang-2100.3.34.2)"," -O3 -DNDEBUG -DPITO_ECS_OWNED_DELETE_ATOMIC=1",8,100000,pito,owned_update,ecs_get,8,0,23,1.793000
aalair,"Apple M3",8,"Darwin 27.0.0 arm64","Apple LLVM 21.0.0 (clang-2100.3.34.2)"," -O3 -DNDEBUG -DPITO_ECS_OWNED_DELETE_ATOMIC=1",8,100000,pito,owned_update,ecs_get,8,0,24,2.018000
aalair,"Apple M3",8,"Darwin 27.0.0 arm64","Apple LLVM 21.0.0 (clang-2100.3.34.2)"," -O3 -DNDEBUG -DPITO_ECS_OWNED_DELETE_ATOMIC=1",8,100000,pito,owned_update,ecs_get,8,0,25,2.336000
aalair,"Apple M3",8,"Darwin 27.0.0 arm64","Apple LLVM 21.0.0 (clang-2100.3.34.2)"," -O3 -DNDEBUG -DPITO_ECS_OWNED_DELETE_ATOMIC=1",8,100000,pito,owned_update,ecs_get,8,0,26,2.110000
aalair,"Apple M3",8,"Darwin 27.0.0 arm64","Apple LLVM 21.0.0 (clang-2100.3.34.2)"," -O3 -DNDEBUG -DPITO_ECS_OWNED_DELETE_ATOMIC=1",8,100000,pito,owned_update,ecs_get,8,10,1,3.455000
aalair,"Apple M3",8,"Darwin 27.0.0 arm64","Apple LLVM 21.0.0 (clang-2100.3.34.2)"," -O3 -DNDEBUG -DPITO_ECS_OWNED_DELETE_ATOMIC=1",8,100000,pito,owned_update,ecs_get,8,10,2,2.541000
aalair,"Apple M3",8,"Darwin 27.0.0 arm64","Apple LLVM 21.0.0 (clang-2100.3.34.2)"," -O3 -DNDEBUG -DPITO_ECS_OWNED_DELETE_ATOMIC=1",8,100000,pito,owned_update,ecs_get,8,10,3,2.369000
aalair,"Apple M3",8,"Darwin 27.0.0 arm64","Apple LLVM 21.0.0 (clang-2100.3.34.2)"," -O3 -DNDEBUG -DPITO_ECS_OWNED_DELETE_ATOMIC=1",8,100000,pito,owned_update,ecs_get,8,10,4,2.690000
aalair,"Apple M3",8,"Darwin 27.0.0 arm64","Apple LLVM 21.0.0 (clang-2100.3.34.2)"," -O3 -DNDEBUG -DPITO_ECS_OWNED_DELETE_ATOMIC=1",8,100000,pito,owned_update,ecs_get,8,10,5,2.592000
aalair,"Apple M3",8,"Darwin 27.0.0 arm64","Apple LLVM 21.0.0 (clang-2100.3.34.2)"," -O3 -DNDEBUG -DPITO_ECS_OWNED_DELETE_ATOMIC=1",8,100000,pito,owned_update,ecs_get,8,10,6,2.645000
aalair,"Apple M3",8,"Darwin 27.0.0 arm64","Apple LLVM 21.0.0 (clang-2100.3.34.2)"," -O3 -DNDEBUG -DPITO_ECS_OWNED_DELETE_ATOMIC=1",8,100000,pito,owned_update,ecs_get,8,10,7,2.599000
aalair,"Apple M3",8,"Darwin 27.0.0 arm64","Apple LLVM 21.0.0 (clang-2100.3.34.2)"," -O3 -DNDEBUG -DPITO_ECS_OWNED_DELETE_ATOMIC=1",8,100000,pito,owned_update,ecs_get,8,10,8,2.605000
aalair,"Apple M3",8,"Darwin 27.0.0 arm64","Apple LLVM 21.0.0 (clang-2100.3.34.2)"," -O3 -DNDEBUG -DPITO_ECS_OWNED_DELETE_ATOMIC=1",8,100000,pito,owned_update,ecs_get,8,10,9,2.657000
aalair,"Apple M3",8,"Darwin 27.0.0 arm64","Apple LLVM 21.0.0 (clang-2100.3.34.2)"," -O3 -DNDEBUG -DPITO_ECS_OWNED_DELETE_ATOMIC=1",8,100000,pito,owned_update,ecs_get,8,10,10,2.636000
aalair,"Apple M3",8,"Darwin 27.0.0 arm64","Apple LLVM 21.0.0 (clang-2100.3.34.2)"," -O3 -DNDEBUG -DPITO_ECS_OWNED_DELETE_ATOMIC=1",8,100000,pito,owned_update,ecs_get,8,10,11,2.362000
aalair,"Apple M3",8,"Darwin 27.0.0 arm64","Apple LLVM 21.0.0 (clang-2100.3.34.2)"," -O3 -DNDEBUG -DPITO_ECS_OWNED_DELETE_ATOMIC=1",8,100000,pito,owned_update,ecs_get,8,10,12,4.056000
aalair,"Apple M3",8,"Darwin 27.0.0 arm64","Apple LLVM 21.0.0 (clang-2100.3.34.2)"," -O3 -DNDEBUG -DPITO_ECS_OWNED_DELETE_ATOMIC=1",8,100000,pito,owned_update,ecs_get,8,10,13,2.814000
aalair,"Apple M3",8,"Darwin 27.0.0 arm64","Apple LLVM 21.0.0 (clang-2100.3.34.2)"," -O3 -DNDEBUG -DPITO_ECS_OWNED_DELETE_ATOMIC=1",8,100000,pito,owned_update,ecs_get,8,10,14,2.393000
aalair,"Apple M3",8,"Darwin 27.0.0 arm64","Apple LLVM 21.0.0 (clang-2100.3.34.2)"," -O3 -DNDEBUG -DPITO_ECS_OWNED_DELETE_ATOMIC=1",8,100000,pito,owned_update,ecs_get,8,10,15,2.626000
aalair,"Apple M3",8,"Darwin 27.0.0 arm64","Apple LLVM 21.0.0 (clang-2100.3.34.2)"," -O3 -DNDEBUG -DPITO_ECS_OWNED_DELETE_ATOMIC=1",8,100000,pito,owned_update,ecs_get,8,10,16,2.575000
aalair,"Apple M3",8,"Darwin 27.0.0 arm64","Apple LLVM 21.0.0 (clang-2100.3.34.2)"," -O3 -DNDEBUG -DPITO_ECS_OWNED_DELETE_ATOMIC=1",8,100000,pito,owned_update,ecs_get,8,50,1,7.132000
aalair,"Apple M3",8,"Darwin 27.0.0 arm64","Apple LLVM 21.0.0 (clang-2100.3.34.2)"," -O3 -DNDEBUG -DPITO_ECS_OWNED_DELETE_ATOMIC=1",8,100000,pito,owned_update,ecs_get,8,50,2,6.523000
aalair,"Apple M3",8,"Darwin 27.0.0 arm64","Apple LLVM 21.0.0 (clang-2100.3.34.2)"," -O3 -DNDEBUG -DPITO_ECS_OWNED_DELETE_ATOMIC=1",8,100000,pito,owned_update,ecs_get,8,50,3,7.160000
aalair,"Apple M3",8,"Darwin 27.0.0 arm64","Apple LLVM 21.0.0 (clang-2100.3.34.2)"," -O3 -DNDEBUG -DPITO_ECS_OWNED_DELETE_ATOMIC=1",8,100000,pito,owned_update,ecs_get,8,50,4,7.765000
aalair,"Apple M3",8,"Darwin 27.0.0 arm64","Apple LLVM 21.0.0 (clang-2100.3.34.2)"," -O3 -DNDEBUG -DPITO_ECS_OWNED_DELETE_ATOMIC=1",8,100000,pito,owned_update,ecs_get,8,50,5,7.039000
aalair,"Apple M3",8,"Darwin 27.0.0 arm64","Apple LLVM 21.0.0 (clang-2100.3.34.2)"," -O3 -DNDEBUG -DPITO_ECS_OWNED_DELETE_ATOMIC=1",8,100000,pito,owned_update,ecs_get,8,50,6,7.110000
aalair,"Apple M3",8,"Darwin 27.0.0 arm64","Apple LLVM 21.0.0 (clang-2100.3.34.2)"," -O3 -DNDEBUG -DPITO_ECS_OWNED_DELETE_ATOMIC=1",8,100000,pito,owned_update,ecs_get,8,50,7,6.472000
aalair,"Apple M3",8,"Darwin 27.0.0 arm64","Apple LLVM 21.0.0 (clang-2100.3.34.2)"," -O3 -DNDEBUG -DPITO_ECS_OWNED_DELETE_ATOMIC=1",8,100000,pito,owned_update,ecs_get,8,50,8,7.972000
aalair,"Apple M3",8,"Darwin 27.0.0 arm64","Apple LLVM 21.0.0 (clang-2100.3.34.2)"," -O3 -DNDEBUG -DPITO_ECS_OWNED_DELETE_ATOMIC=1",8,100000,pito,owned_update,ecs_get,8,50,9,7.135000
aalair,"Apple M3",8,"Darwin 27.0.0 arm64","Apple LLVM 21.0.0 (clang-2100.3.34.2)"," -O3 -DNDEBUG -DPITO_ECS_OWNED_DELETE_ATOMIC=1",8,100000,pito,owned_update,ecs_get,8,50,10,7.079000
aalair,"Apple M3",8,"Darwin 27.0.0 arm64","Apple LLVM 21.0.0 (clang-2100.3.34.2)"," -O3 -DNDEBUG -DPITO_ECS_OWNED_DELETE_ATOMIC=1",8,100000,pito,owned_update,ecs_get,8,50,11,8.703000
aalair,"Apple M3",8,"Darwin 27.0.0 arm64","Apple LLVM 21.0.0 (clang-2100.3.34.2)"," -O3 -DNDEBUG -DPITO_ECS_OWNED_DELETE_ATOMIC=1",8,100000,pito,owned_update,ecs_get,8,50,12,7.382000
aalair,"Apple M3",8,"Darwin 27.0.0 arm64","Apple LLVM 21.0.0 (clang-2100.3.34.2)"," -O3 -DNDEBUG -DPITO_ECS_OWNED_DELETE_ATOMIC=1",8,100000,pito,owned_update,ecs_get,8,50,13,8.216000
aalair,"Apple M3",8,"Darwin 27.0.0 arm64","Apple LLVM 21.0.0 (clang-2100.3.34.2)"," -O3 -DNDEBUG -DPITO_ECS_OWNED_DELETE_ATOMIC=1",8,100000,pito,owned_update,ecs_get,8,50,14,8.984000
aalair,"Apple M3",8,"Darwin 27.0.0 arm64","Apple LLVM 21.0.0 (clang-2100.3.34.2)"," -O3 -DNDEBUG -DPITO_ECS_OWNED_DELETE_ATOMIC=1",8,100000,pito,owned_update,ecs_get,8,50,15,8.723000
aalair,"Apple M3",8,"Darwin 27.0.0 arm64","Apple LLVM 21.0.0 (clang-2100.3.34.2)"," -O3 -DNDEBUG -DPITO_ECS_OWNED_DELETE_ATOMIC=1",8,100000,pito,owned_update,ecs_get,8,50,16,6.682000
aalair,"Apple M3",8,"Darwin 27.0.0 arm64","Apple LLVM 21.0.0 (clang-2100.3.34.2)"," -O3 -DNDEBUG -DPITO_ECS_OWNED_DELETE_ATOMIC=1",8,100000,pito,owned_update,ecs_get,8,50,17,6.640000
aalair,"Apple M3",8,"Darwin 27.0.0 arm64","Apple LLVM 21.0.0 (clang-2100.3.34.2)"," -O3 -DNDEBUG -DPITO_ECS_OWNED_DELETE_ATOMIC=1",8,100000,pito,owned_update,ecs_get,8,50,18,7.239000
aalair,"Apple M3",8,"Darwin 27.0.0 arm64","Apple LLVM 21.0.0 (clang-2100.3.34.2)"," -O3 -DNDEBUG -DPITO_ECS_OWNED_DELETE_ATOMIC=1",8,100000,pito,owned_update,ecs_get,8,50,19,7.106000
aalair,"Apple M3",8,"Darwin 27.0.0 arm64","Apple LLVM 21.0.0 (clang-2100.3.34.2)"," -O3 -DNDEBUG -DPITO_ECS_OWNED_DELETE_ATOMIC=1",8,100000,pito,owned_update,ecs_get,8,50,20,7.059000
aalair,"Apple M3",8,"Darwin 27.0.0 arm64","Apple LLVM 21.0.0 (clang-2100.3.34.2)"," -O3 -DNDEBUG -DPITO_ECS_OWNED_DELETE_ATOMIC=1",8,100000,pito,owned_update,ecs_get,8,50,21,7.999000
aalair,"Apple M3",8,"Darwin 27.0.0 arm64","Apple LLVM 21.0.0 (clang-2100.3.34.2)"," -O3 -DNDEBUG -DPITO_ECS_OWNED_DELETE_ATOMIC=1",8,100000,pito,owned_update,ecs_get,8,50,22,6.515000
aalair,"Apple M3",8,"Darwin 27.0.0 arm64","Apple LLVM 21.0.0 (clang-2100.3.34.2)"," -O3 -DNDEBUG -DPITO_ECS_OWNED_DELETE_ATOMIC=1",8,100000,pito,owned_update,ecs_get,8,50,23,10.643000
aalair,"Apple M3",8,"Darwin 27.0.0 arm64","Apple LLVM 21.0.0 (clang-2100.3.34.2)"," -O3 -DNDEBUG -DPITO_ECS_OWNED_DELETE_ATOMIC=1",8,100000,pito,owned_update,ecs_get,8,50,24,8.741000
aalair,"Apple M3",8,"Darwin 27.0.0 arm64","Apple LLVM 21.0.0 (clang-2100.3.34.2)"," -O3 -DNDEBUG -DPITO_ECS_OWNED_DELETE_ATOMIC=1",8,100000,pito,owned_update,ecs_get,8,50,25,7.112000
aalair,"Apple M3",8,"Darwin 27.0.0 arm64","Apple LLVM 21.0.0 (clang-2100.3.34.2)"," -O3 -DNDEBUG -DPITO_ECS_OWNED_DELETE_ATOMIC=1",8,100000,pito,owned_update,ecs_get,8,50,26,7.383000
aalair,"Apple M3",8,"Darwin 27.0.0 arm64","Apple LLVM 21.0.0 (clang-2100.3.34.2)"," -O3 -DNDEBUG -DPITO_ECS_OWNED_DELETE_ATOMIC=1",8,100000,pito,owned_update,ecs_get,8,50,27,8.000000
aalair,"Apple M3",8,"Darwin 27.0.0 arm64","Apple LLVM 21.0.0 (clang-2100.3.34.2)"," -O3 -DNDEBUG -DPITO_ECS_OWNED_DELETE_ATOMIC=1",8,100000,pito,owned_update,ecs_get,8,50,28,7.975000
aalair,"Apple M3",8,"Darwin 27.0.0 arm64","Apple LLVM 21.0.0 (clang-2100.3.34.2)"," -O3 -DNDEBUG -DPITO_ECS_OWNED_DELETE_ATOMIC=1",8,100000,pito,owned_update,ecs_get,8,50,29,9.293000
aalair,"Apple M3",8,"Darwin 27.0.0 arm64","Apple LLVM 21.0.0 (clang-2100.3.34.2)"," -O3 -DNDEBUG -DPITO_ECS_OWNED_DELETE_ATOMIC=1",8,100000,pito,owned_update,ecs_get,8,50,30,7.863000
aalair,"Apple M3",8,"Darwin 27.0.0 arm64","Apple LLVM 21.0.0 (clang-2100.3.34.2)"," -O3 -DNDEBUG -DPITO_ECS_OWNED_DELETE_ATOMIC=1",8,100000,pito,owned_update,ecs_get,8,50,31,7.089000
aalair,"Apple M3",8,"Darwin 27.0.0 arm64","Apple LLVM 21.0.0 (clang-2100.3.34.2)"," -O3 -DNDEBUG -DPITO_ECS_OWNED_DELETE_ATOMIC=1",8,100000,pito,owned_update,ecs_get,8,50,32,6.501000
aalair,"Apple M3",8,"Darwin 27.0.0 arm64","Apple LLVM 21.0.0 (clang-2100.3.34.2)"," -O3 -DNDEBUG -DPITO_ECS_OWNED_DELETE_ATOMIC=1",8,100000,pito,owned_update,ecs_get,8,50,33,8.863000
aalair,"Apple M3",8,"Darwin 27.0.0 arm64","Apple LLVM 21.0.0 (clang-2100.3.34.2)"," -O3 -DNDEBUG -DPITO_ECS_OWNED_DELETE_ATOMIC=1",8,100000,pito,owned_update,ecs_get,8,50,34,9.053000
aalair,"Apple M3",8,"Darwin 27.0.0 arm64","Apple LLVM 21.0.0 (clang-2100.3.34.2)"," -O3 -DNDEBUG -DPITO_ECS_OWNED_DELETE_ATOMIC=1",8,100000,pito,owned_update,ecs_get,8,50,35,7.805000
aalair,"Apple M3",8,"Darwin 27.0.0 arm64","Apple LLVM 21.0.0 (clang-2100.3.34.2)"," -O3 -DNDEBUG -DPITO_ECS_OWNED_DELETE_ATOMIC=1",8,100000,pito,owned_update,ecs_get,8,50,36,6.704000
aalair,"Apple M3",8,"Darwin 27.0.0 arm64","Apple LLVM 21.0.0 (clang-2100.3.34.2)"," -O3 -DNDEBUG -DPITO_ECS_OWNED_DELETE_ATOMIC=1",8,100000,pito,owned_update,ecs_get,8,50,37,6.492000
aalair,"Apple M3",8,"Darwin 27.0.0 arm64","Apple LLVM 21.0.0 (clang-2100.3.34.2)"," -O3 -DNDEBUG -DPITO_ECS_OWNED_DELETE_ATOMIC=1",8,100000,pito,owned_update,ecs_get,8,50,38,8.297000
aalair,"Apple M3",8,"Darwin 27.0.0 arm64","Apple LLVM 21.0.0 (clang-2100.3.34.2)"," -O3 -DNDEBUG -DPITO_ECS_OWNED_DELETE_ATOMIC=1",8,100000,pito,owned_update,ecs_get,8,50,39,7.068000
aalair,"Apple M3",8,"Darwin 27.0.0 arm64","Apple LLVM 21.0.0 (clang-2100.3.34.2)"," -O3 -DNDEBUG -DPITO_ECS_OWNED_DELETE_ATOMIC=1",8,100000,pito,owned_update,ecs_get,8,50,40,8.707000
aalair,"Apple M3",8,"Darwin 27.0.0 arm64","Apple LLVM 21.0.0 (clang-2100.3.34.2)"," -O3 -DNDEBUG -DPITO_ECS_OWNED_DELETE_ATOMIC=1",8,100000,pito,owned_update,ecs_get,8,50,41,7.418000
aalair,"Apple M3",8,"Darwin 27.0.0 arm64","Apple LLVM 21.0.0 (clang-2100.3.34.2)"," -O3 -DNDEBUG -DPITO_ECS_OWNED_DELETE_ATOMIC=1",8,100000,pito,owned_update,ecs_get,8,50,42,7.710000
aalair,"Apple M3",8,"Darwin 27.0.0 arm64","Apple LLVM 21.0.0 (clang-2100.3.34.2)"," -O3 -DNDEBUG -DPITO_ECS_OWNED_DELETE_ATOMIC=1",8,100000,pito,owned_update,ecs_get,8,50,43,7.114000
aalair,"Apple M3",8,"Darwin 27.0.0 arm64","Apple LLVM 21.0.0 (clang-2100.3.34.2)"," -O3 -DNDEBUG -DPITO_ECS_OWNED_DELETE_ATOMIC=1",8,100000,pito,owned_update,ecs_get,8,50,44,7.443000
aalair,"Apple M3",8,"Darwin 27.0.0 arm64","Apple LLVM 21.0.0 (clang-2100.3.34.2)"," -O3 -DNDEBUG -DPITO_ECS_OWNED_DELETE_ATOMIC=1",8,100000,pito,owned_update,ecs_get,8,50,45,7.142000
aalair,"Apple M3",8,"Darwin 27.0.0 arm64","Apple LLVM 21.0.0 (clang-2100.3.34.2)"," -O3 -DNDEBUG -DPITO_ECS_OWNED_DELETE_ATOMIC=1",8,100000,pito,owned_update,ecs_get,8,50,46,6.489000
aalair,"Apple M3",8,"Darwin 27.0.0 arm64","Apple LLVM 21.0.0 (clang-2100.3.34.2)"," -O3 -DNDEBUG -DPITO_ECS_OWNED_DELETE_ATOMIC=1",8,100000,pito,owned_update,ecs_get,8,50,47,7.123000
aalair,"Apple M3",8,"Darwin 27.0.0 arm64","Apple LLVM 21.0.0 (clang-2100.3.34.2)"," -O3 -DNDEBUG -DPITO_ECS_OWNED_DELETE_ATOMIC=1",8,100000,pito,owned_update,ecs_get,8,50,48,8.047000
aalair,"Apple M3",8,"Darwin 27.0.0 arm64","Apple LLVM 21.0.0 (clang-2100.3.34.2)"," -O3 -DNDEBUG -DPITO_ECS_OWNED_DELETE_ATOMIC=1",8,100000,pito,owned_update,ecs_get,8,50,49,7.332000
aalair,"Apple M3",8,"Darwin 27.0.0 arm64","Apple LLVM 21.0.0 (clang-2100.3.34.2)"," -O3 -DNDEBUG -DPITO_ECS_OWNED_DELETE_ATOMIC=1",8,100000,pito,owned_update,ecs_get,8,50,50,7.097000
aalair,"Apple M3",8,"Darwin 27.0.0 arm64","Apple LLVM 21.0.0 (clang-2100.3.34.2)"," -O3 -DNDEBUG -DPITO_ECS_OWNED_DELETE_ATOMIC=1",8,100000,pito,owned_update,ecs_get,8,50,51,7.212000
aalair,"Apple M3",8,"Darwin 27.0.0 arm64","Apple LLVM 21.0.0 (clang-2100.3.34.2)"," -O3 -DNDEBUG -DPITO_ECS_OWNED_DELETE_ATOMIC=1",8,100000,pito,owned_update,ecs_get,8,50,52,8.802000
aalair,"Apple M3",8,"Darwin 27.0.0 arm64","Apple LLVM 21.0.0 (clang-2100.3.34.2)"," -O3 -DNDEBUG -DPITO_ECS_OWNED_DELETE_ATOMIC=1",8,100000,pito,owned_update,ecs_get,8,50,53,8.108000
aalair,"Apple M3",8,"Darwin 27.0.0 arm64","Apple LLVM 21.0.0 (clang-2100.3.34.2)"," -O3 -DNDEBUG -DPITO_ECS_OWNED_DELETE_ATOMIC=1",8,100000,pito,owned_update,ecs_get,8,50,54,10.678000
aalair,"Apple M3",8,"Darwin 27.0.0 arm64","Apple LLVM 21.0.0 (clang-2100.3.34.2)"," -O3 -DNDEBUG -DPITO_ECS_OWNED_DELETE_ATOMIC=1",8,100000,pito,owned_update,ecs_get,8,50,55,7.415000
aalair,"Apple M3",8,"Darwin 27.0.0 arm64","Apple LLVM 21.0.0 (clang-2100.3.34.2)"," -O3 -DNDEBUG -DPITO_ECS_OWNED_DELETE_ATOMIC=1",8,100000,pito,owned_update,ecs_get,8,50,56,7.857000
aalair,"Apple M3",8,"Darwin 27.0.0 arm64","Apple LLVM 21.0.0 (clang-2100.3.34.2)"," -O3 -DNDEBUG -DPITO_ECS_OWNED_DELETE_ATOMIC=1",8,100000,pito,owned_update,ecs_get,8,50,57,12.067000
aalair,"Apple M3",8,"Darwin 27.0.0 arm64","Apple LLVM 21.0.0 (clang-2100.3.34.2)"," -O3 -DNDEBUG -DPITO_ECS_OWNED_DELETE_ATOMIC=1",8,100000,pito,owned_update,ecs_get,8,50,58,6.522000
aalair,"Apple M3",8,"Darwin 27.0.0 arm64","Apple LLVM 21.0.0 (clang-2100.3.34.2)"," -O3 -DNDEBUG -DPITO_ECS_OWNED_DELETE_ATOMIC=1",8,100000,pito,owned_update,ecs_get,8,50,59,7.132000
aalair,"Apple M3",8,"Darwin 27.0.0 arm64","Apple LLVM 21.0.0 (clang-2100.3.34.2)"," -O3 -DNDEBUG -DPITO_ECS_OWNED_DELETE_ATOMIC=1",8,100000,pito,owned_update,ecs_get,8,50,60,7.100000
aalair,"Apple M3",8,"Darwin 27.0.0 arm64","Apple LLVM 21.0.0 (clang-2100.3.34.2)"," -O3 -DNDEBUG -DPITO_ECS_OWNED_DELETE_ATOMIC=1",8,100000,pito,owned_update,ecs_get,8,50,61,6.435000
aalair,"Apple M3",8,"Darwin 27.0.0 arm64","Apple LLVM 21.0.0 (clang-2100.3.34.2)"," -O3 -DNDEBUG -DPITO_ECS_OWNED_DELETE_ATOMIC=1",8,100000,pito,owned_update,ecs_get,8,50,62,9.075000
aalair,"Apple M3",8,"Darwin 27.0.0 arm64","Apple LLVM 21.0.0 (clang-2100.3.34.2)"," -O3 -DNDEBUG -DPITO_ECS_OWNED_DELETE_ATOMIC=1",8,100000,pito,owned_update,ecs_get,8,50,63,6.861000
aalair,"Apple M3",8,"Darwin 27.0.0 arm64","Apple LLVM 21.0.0 (clang-2100.3.34.2)"," -O3 -DNDEBUG -DPITO_ECS_OWNED_DELETE_ATOMIC=1",8,100000,pito,owned_update,ecs_get,8,50,64,7.859000
aalair,"Apple M3",8,"Darwin 27.0.0 arm64","Apple LLVM 21.0.0 (clang-2100.3.34.2)"," -O3 -DNDEBUG -DPITO_ECS_OWNED_DELETE_ATOMIC=1",8,100000,pito,owned_update,ecs_get,8,50,65,7.121000
aalair,"Apple M3",8,"Darwin 27.0.0 arm64","Apple LLVM 21.0.0 (clang-2100.3.34.2)"," -O3 -DNDEBUG -DPITO_ECS_OWNED_DELETE_ATOMIC=1",8,100000,pito,owned_update,ecs_get,8,50,66,8.198000
aalair,"Apple M3",8,"Darwin 27.0.0 arm64","Apple LLVM 21.0.0 (clang-2100.3.34.2)"," -O3 -DNDEBUG -DPITO_ECS_OWNED_DELETE_ATOMIC=1",8,100000,pito,owned_update,ecs_get,8,50,67,6.547000
aalair,"Apple M3",8,"Darwin 27.0.0 arm64","Apple LLVM 21.0.0 (clang-2100.3.34.2)"," -O3 -DNDEBUG -DPITO_ECS_OWNED_DELETE_ATOMIC=1",8,100000,pito,owned_update,ecs_get,8,50,68,7.536000
aalair,"Apple M3",8,"Darwin 27.0.0 arm64","Apple LLVM 21.0.0 (clang-2100.3.34.2)"," -O3 -DNDEBUG -DPITO_ECS_OWNED_DELETE_ATOMIC=1",8,100000,pito,owned_update,ecs_get,8,50,69,9.344000
aalair,"Apple M3",8,"Darwin 27.0.0 arm64","Apple LLVM 21.0.0 (clang-2100.3.34.2)"," -O3 -DNDEBUG -DPITO_ECS_OWNED_DELETE_ATOMIC=1",8,100000,pito,owned_update,ecs_get,8,50,70,7.101000
aalair,"Apple M3",8,"Darwin 27.0.0 arm64","Apple LLVM 21.0.0 (clang-2100.3.34.2)"," -O3 -DNDEBUG -DPITO_ECS_OWNED_DELETE_ATOMIC=1",8,100000,pito,owned_update,ecs_get,8,50,71,7.122000
aalair,"Apple M3",8,"Darwin 27.0.0 arm64","Apple LLVM 21.0.0 (clang-2100.3.34.2)"," -O3 -DNDEBUG -DPITO_ECS_OWNED_DELETE_ATOMIC=1",8,100000,pito,owned_update,ecs_get,8,50,72,7.358000
aalair,"Apple M3",8,"Darwin 27.0.0 arm64","Apple LLVM 21.0.0 (clang-2100.3.34.2)"," -O3 -DNDEBUG -DPITO_ECS_OWNED_DELETE_ATOMIC=1",8,100000,pito,owned_update,ecs_get,8,50,73,7.394000
aalair,"Apple M3",8,"Darwin 27.0.0 arm64","Apple LLVM 21.0.0 (clang-2100.3.34.2)"," -O3 -DNDEBUG -DPITO_ECS_OWNED_DELETE_ATOMIC=1",8,100000,pito,owned_update,ecs_get,8,50,74,7.651000
aalair,"Apple M3",8,"Darwin 27.0.0 arm64","Apple LLVM 21.0.0 (clang-2100.3.34.2)"," -O3 -DNDEBUG -DPITO_ECS_OWNED_DELETE_ATOMIC=1",8,100000,pito,owned_update,ecs_get,8,50,75,7.661000
aalair,"Apple M3",8,"Darwin 27.0.0 arm64","Apple LLVM 21.0.0 (clang-2100.3.34.2)"," -O3 -DNDEBUG -DPITO_ECS_OWNED_DELETE_ATOMIC=1",8,100000,pito,owned_update,ecs_get,8,500,1,66.420000
aalair,"Apple M3",8,"Darwin 27.0.0 arm64","Apple LLVM 21.0.0 (clang-2100.3.34.2)"," -O3 -DNDEBUG -DPITO_ECS_OWNED_DELETE_ATOMIC=1",8,100000,pito,owned_update,ecs_get,8,500,2,63.972000
aalair,"Apple M3",8,"Darwin 27.0.0 arm64","Apple LLVM 21.0.0 (clang-2100.3.34.2)"," -O3 -DNDEBUG -DPITO_ECS_OWNED_DELETE_ATOMIC=1",8,100000,pito,owned_update,ecs_get,8,500,3,65.341000
aalair,"Apple M3",8,"Darwin 27.0.0 arm64","Apple LLVM 21.0.0 (clang-2100.3.34.2)"," -O3 -DNDEBUG -DPITO_ECS_OWNED_DELETE_ATOMIC=1",8,100000,pito,owned_update,ecs_get,8,500,4,63.756000
aalair,"Apple M3",8,"Darwin 27.0.0 arm64","Apple LLVM 21.0.0 (clang-2100.3.34.2)"," -O3 -DNDEBUG -DPITO_ECS_OWNED_DELETE_ATOMIC=1",8,100000,pito,owned_update,ecs_get,8,500,5,64.137000
aalair,"Apple M3",8,"Darwin 27.0.0 arm64","Apple LLVM 21.0.0 (clang-2100.3.34.2)"," -O3 -DNDEBUG -DPITO_ECS_OWNED_DELETE_ATOMIC=1",8,100000,pito,owned_update,ecs_get,8,500,6,63.519000
aalair,"Apple M3",8,"Darwin 27.0.0 arm64","Apple LLVM 21.0.0 (clang-2100.3.34.2)"," -O3 -DNDEBUG -DPITO_ECS_OWNED_DELETE_ATOMIC=1",8,100000,pito,owned_update,ecs_get,8,500,7,66.937000
aalair,"Apple M3",8,"Darwin 27.0.0 arm64","Apple LLVM 21.0.0 (clang-2100.3.34.2)"," -O3 -DNDEBUG -DPITO_ECS_OWNED_DELETE_ATOMIC=1",8,100000,pito,owned_update,ecs_get,8,500,8,65.803000
aalair,"Apple M3",8,"Darwin 27.0.0 arm64","Apple LLVM 21.0.0 (clang-2100.3.34.2)"," -O3 -DNDEBUG -DPITO_ECS_OWNED_DELETE_ATOMIC=1",8,100000,pito,owned_update,ecs_get,8,500,9,66.561000
aalair,"Apple M3",8,"Darwin 27.0.0 arm64","Apple LLVM 21.0.0 (clang-2100.3.34.2)"," -O3 -DNDEBUG -DPITO_ECS_OWNED_DELETE_ATOMIC=1",8,100000,pito,owned_update,ecs_get,8,500,10,63.229000
aalair,"Apple M3",8,"Darwin 27.0.0 arm64","Apple LLVM 21.0.0 (clang-2100.3.34.2)"," -O3 -DNDEBUG -DPITO_ECS_OWNED_DELETE_ATOMIC=1",8,100000,pito,owned_update,ecs_get_raw,1,0,1,0.355000
aalair,"Apple M3",8,"Darwin 27.0.0 arm64","Apple LLVM 21.0.0 (clang-2100.3.34.2)"," -O3 -DNDEBUG -DPITO_ECS_OWNED_DELETE_ATOMIC=1",8,100000,pito,owned_update,ecs_get_raw,1,0,2,0.351000
aalair,"Apple M3",8,"Darwin 27.0.0 arm64","Apple LLVM 21.0.0 (clang-2100.3.34.2)"," -O3 -DNDEBUG -DPITO_ECS_OWNED_DELETE_ATOMIC=1",8,100000,pito,owned_update,ecs_get_raw,1,0,3,0.343000
aalair,"Apple M3",8,"Darwin 27.0.0 arm64","Apple LLVM 21.0.0 (clang-2100.3.34.2)"," -O3 -DNDEBUG -DPITO_ECS_OWNED_DELETE_ATOMIC=1",8,100000,pito,owned_update,ecs_get_raw,1,0,4,0.361000
aalair,"Apple M3",8,"Darwin 27.0.0 arm64","Apple LLVM 21.0.0 (clang-2100.3.34.2)"," -O3 -DNDEBUG -DPITO_ECS_OWNED_DELETE_ATOMIC=1",8,100000,pito,owned_update,ecs_get_raw,1,0,5,0.348000
aalair,"Apple M3",8,"Darwin 27.0.0 arm64","Apple LLVM 21.0.0 (clang-2100.3.34.2)"," -O3 -DNDEBUG -DPITO_ECS_OWNED_DELETE_ATOMIC=1",8,100000,pito,owned_update,ecs_get_raw,1,0,6,0.346000
aalair,"Apple M3",8,"Darwin 27.0.0 arm64","Apple LLVM 21.0.0 (clang-2100.3.34.2)"," -O3 -DNDEBUG -DPITO_ECS_OWNED_DELETE_ATOMIC=1",8,100000,pito,owned_update,ecs_get_raw,1,0,7,0.347000
aalair,"Apple M3",8,"Darwin 27.0.0 arm64","Apple LLVM 21.0.0 (clang-2100.3.34.2)"," -O3 -DNDEBUG -DPITO_ECS_OWNED_DELETE_ATOMIC=1",8,100000,pito,owned_update,ecs_get_raw,1,0,8,0.348000
aalair,"Apple M3",8,"Darwin 27.0.0 arm64","Apple LLVM 21.0.0 (clang-2100.3.34.2)"," -O3 -DNDEBUG -DPITO_ECS_OWNED_DELETE_ATOMIC=1",8,100000,pito,owned_update,ecs_get_raw,1,0,9,0.358000
aalair,"Apple M3",8,"Darwin 27.0.0 arm64","Apple LLVM 21.0.0 (clang-2100.3.34.2)"," -O3 -DNDEBUG -DPITO_ECS_OWNED_DELETE_ATOMIC=1",8,100000,pito,owned_update,ecs_get_raw,1,0,10,0.352000
aalair,"Apple M3",8,"Darwin 27.0.0 arm64","Apple LLVM 21.0.0 (clang-2100.3.34.2)"," -O3 -DNDEBUG -DPITO_ECS_OWNED_DELETE_ATOMIC=1",8,100000,pito,owned_update,ecs_get_raw,1,10,1,2.760000
aalair,"Apple M3",8,"Darwin 27.0.0 arm64","Apple LLVM 21.0.0 (clang-2100.3.34.2)"," -O3 -DNDEBUG -DPITO_ECS_OWNED_DELETE_ATOMIC=1",8,100000,pito,owned_update,ecs_get_raw,1,10,2,2.553000
aalair,"Apple M3",8,"Darwin 27.0.0 arm64","Apple LLVM 21.0.0 (clang-2100.3.34.2)"," -O3 -DNDEBUG -DPITO_ECS_OWNED_DELETE_ATOMIC=1",8,100000,pito,owned_update,ecs_get_raw,1,10,3,2.554000
aalair,"Apple M3",8,"Darwin 27.0.0 arm64","Apple LLVM 21.0.0 (clang-2100.3.34.2)"," -O3 -DNDEBUG -DPITO_ECS_OWNED_DELETE_ATOMIC=1",8,100000,pito,owned_update,ecs_get_raw,1,10,4,2.599000
aalair,"Apple M3",8,"Darwin 27.0.0 arm64","Apple LLVM 21.0.0 (clang-2100.3.34.2)"," -O3 -DNDEBUG -DPITO_ECS_OWNED_DELETE_ATOMIC=1",8,100000,pito,owned_update,ecs_get_raw,1,10,5,2.553000
aalair,"Apple M3",8,"Darwin 27.0.0 arm64","Apple LLVM 21.0.0 (clang-2100.3.34.2)"," -O3 -DNDEBUG -DPITO_ECS_OWNED_DELETE_ATOMIC=1",8,100000,pito,owned_update,ecs_get_raw,1,10,6,2.766000
aalair,"Apple M3",8,"Darwin 27.0.0 arm64","Apple LLVM 21.0.0 (clang-2100.3.34.2)"," -O3 -DNDEBUG -DPITO_ECS_OWNED_DELETE_ATOMIC=1",8,100000,pito,owned_update,ecs_get_raw,1,10,7,2.766000
aalair,"Apple M3",8,"Darwin 27.0.0 arm64","Apple LLVM 21.0.0 (clang-2100.3.34.2)"," -O3 -DNDEBUG -DPITO_ECS_OWNED_DELETE_ATOMIC=1",8,100000,pito,owned_update,ecs_get_raw,1,10,8,2.769000
aalair,"Apple M3",8,"Darwin 27.0.0 arm64","Apple LLVM 21.0.0 (clang-2100.3.34.2)"," -O3 -DNDEBUG -DPITO_ECS_OWNED_DELETE_ATOMIC=1",8,100000,pito,owned_update,ecs_get_raw,1,10,9,2.777000
aalair,"Apple M3",8,"Darwin 27.0.0 arm64","Apple LLVM 21.0.0 (clang-2100.3.34.2)"," -O3 -DNDEBUG -DPITO_ECS_OWNED_DELETE_ATOMIC=1",8,100000,pito,owned_update,ecs_get_raw,1,10,10,2.870000
aalair,"Apple M3",8,"Darwin 27.0.0 arm64","Apple LLVM 21.0.0 (clang-2100.3.34.2)"," -O3 -DNDEBUG -DPITO_ECS_OWNED_DELETE_ATOMIC=1",8,100000,pito,owned_update,ecs_get_raw,1,10,11,2.759000
aalair,"Apple M3",8,"Darwin 27.0.0 arm64","Apple LLVM 21.0.0 (clang-2100.3.34.2)"," -O3 -DNDEBUG -DPITO_ECS_OWNED_DELETE_ATOMIC=1",8,100000,pito,owned_update,ecs_get_raw,1,10,12,2.775000
aalair,"Apple M3",8,"Darwin 27.0.0 arm64","Apple LLVM 21.0.0 (clang-2100.3.34.2)"," -O3 -DNDEBUG -DPITO_ECS_OWNED_DELETE_ATOMIC=1",8,100000,pito,owned_update,ecs_get_raw,1,10,13,2.761000
aalair,"Apple M3",8,"Darwin 27.0.0 arm64","Apple LLVM 21.0.0 (clang-2100.3.34.2)"," -O3 -DNDEBUG -DPITO_ECS_OWNED_DELETE_ATOMIC=1",8,100000,pito,owned_update,ecs_get_raw,1,10,14,2.770000
aalair,"Apple M3",8,"Darwin 27.0.0 arm64","Apple LLVM 21.0.0 (clang-2100.3.34.2)"," -O3 -DNDEBUG -DPITO_ECS_OWNED_DELETE_ATOMIC=1",8,100000,pito,owned_update,ecs_get_raw,1,10,15,2.763000
aalair,"Apple M3",8,"Darwin 27.0.0 arm64","Apple LLVM 21.0.0 (clang-2100.3.34.2)"," -O3 -DNDEBUG -DPITO_ECS_OWNED_DELETE_ATOMIC=1",8,100000,pito,owned_update,ecs_get_raw,1,10,16,2.771000
aalair,"Apple M3",8,"Darwin 27.0.0 arm64","Apple LLVM 21.0.0 (clang-2100.3.34.2)"," -O3 -DNDEBUG -DPITO_ECS_OWNED_DELETE_ATOMIC=1",8,100000,pito,owned_update,ecs_get_raw,1,10,17,2.766000
aalair,"Apple M3",8,"Darwin 27.0.0 arm64","Apple LLVM 21.0.0 (clang-2100.3.34.2)"," -O3 -DNDEBUG -DPITO_ECS_OWNED_DELETE_ATOMIC=1",8,100000,pito,owned_update,ecs_get_raw,1,10,18,2.763000
aalair,"Apple M3",8,"Darwin 27.0.0 arm64","Apple LLVM 21.0.0 (clang-2100.3.34.2)"," -O3 -DNDEBUG -DPITO_ECS_OWNED_DELETE_ATOMIC=1",8,100000,pito,owned_update,ecs_get_raw,1,10,19,2.780000
aalair,"Apple M3",8,"Darwin 27.0.0 arm64","Apple LLVM 21.0.0 (clang-2100.3.34.2)"," -O3 -DNDEBUG -DPITO_ECS_OWNED_DELETE_ATOMIC=1",8,100000,pito,owned_update,ecs_get_raw,1,50,1,16.121000
aalair,"Apple M3",8,"Darwin 27.0.0 arm64","Apple LLVM 21.0.0 (clang-2100.3.34.2)"," -O3 -DNDEBUG -DPITO_ECS_OWNED_DELETE_ATOMIC=1",8,100000,pito,owned_update,ecs_get_raw,1,50,2,17.512000
aalair,"Apple M3",8,"Darwin 27.0.0 arm64","Apple LLVM 21.0.0 (clang-2100.3.34.2)"," -O3 -DNDEBUG -DPITO_ECS_OWNED_DELETE_ATOMIC=1",8,100000,pito,owned_update,ecs_get_raw,1,50,3,15.677000
aalair,"Apple M3",8,"Darwin 27.0.0 arm64","Apple LLVM 21.0.0 (clang-2100.3.34.2)"," -O3 -DNDEBUG -DPITO_ECS_OWNED_DELETE_ATOMIC=1",8,100000,pito,owned_update,ecs_get_raw,1,50,4,16.567000
aalair,"Apple M3",8,"Darwin 27.0.0 arm64","Apple LLVM 21.0.0 (clang-2100.3.34.2)"," -O3 -DNDEBUG -DPITO_ECS_OWNED_DELETE_ATOMIC=1",8,100000,pito,owned_update,ecs_get_raw,1,50,5,15.962000
aalair,"Apple M3",8,"Darwin 27.0.0 arm64","Apple LLVM 21.0.0 (clang-2100.3.34.2)"," -O3 -DNDEBUG -DPITO_ECS_OWNED_DELETE_ATOMIC=1",8,100000,pito,owned_update,ecs_get_raw,1,50,6,15.874000
aalair,"Apple M3",8,"Darwin 27.0.0 arm64","Apple LLVM 21.0.0 (clang-2100.3.34.2)"," -O3 -DNDEBUG -DPITO_ECS_OWNED_DELETE_ATOMIC=1",8,100000,pito,owned_update,ecs_get_raw,1,50,7,15.815000
aalair,"Apple M3",8,"Darwin 27.0.0 arm64","Apple LLVM 21.0.0 (clang-2100.3.34.2)"," -O3 -DNDEBUG -DPITO_ECS_OWNED_DELETE_ATOMIC=1",8,100000,pito,owned_update,ecs_get_raw,1,50,8,16.703000
aalair,"Apple M3",8,"Darwin 27.0.0 arm64","Apple LLVM 21.0.0 (clang-2100.3.34.2)"," -O3 -DNDEBUG -DPITO_ECS_OWNED_DELETE_ATOMIC=1",8,100000,pito,owned_update,ecs_get_raw,1,50,9,15.831000
aalair,"Apple M3",8,"Darwin 27.0.0 arm64","Apple LLVM 21.0.0 (clang-2100.3.34.2)"," -O3 -DNDEBUG -DPITO_ECS_OWNED_DELETE_ATOMIC=1",8,100000,pito,owned_update,ecs_get_raw,1,50,10,15.763000
aalair,"Apple M3",8,"Darwin 27.0.0 arm64","Apple LLVM 21.0.0 (clang-2100.3.34.2)"," -O3 -DNDEBUG -DPITO_ECS_OWNED_DELETE_ATOMIC=1",8,100000,pito,owned_update,ecs_get_raw,1,50,11,15.813000
aalair,"Apple M3",8,"Darwin 27.0.0 arm64","Apple LLVM 21.0.0 (clang-2100.3.34.2)"," -O3 -DNDEBUG -DPITO_ECS_OWNED_DELETE_ATOMIC=1",8,100000,pito,owned_update,ecs_get_raw,1,50,12,15.814000
aalair,"Apple M3",8,"Darwin 27.0.0 arm64","Apple LLVM 21.0.0 (clang-2100.3.34.2)"," -O3 -DNDEBUG -DPITO_ECS_OWNED_DELETE_ATOMIC=1",8,100000,pito,owned_update,ecs_get_raw,1,50,13,15.821000
aalair,"Apple M3",8,"Darwin 27.0.0 arm64","Apple LLVM 21.0.0 (clang-2100.3.34.2)"," -O3 -DNDEBUG -DPITO_ECS_OWNED_DELETE_ATOMIC=1",8,100000,pito,owned_update,ecs_get_raw,1,50,14,15.822000
aalair,"Apple M3",8,"Darwin 27.0.0 arm64","Apple LLVM 21.0.0 (clang-2100.3.34.2)"," -O3 -DNDEBUG -DPITO_ECS_OWNED_DELETE_ATOMIC=1",8,100000,pito,owned_update,ecs_get_raw,1,500,1,338.670000
aalair,"Apple M3",8,"Darwin 27.0.0 arm64","Apple LLVM 21.0.0 (clang-2100.3.34.2)"," -O3 -DNDEBUG -DPITO_ECS_OWNED_DELETE_ATOMIC=1",8,100000,pito,owned_update,ecs_get_raw,1,500,2,338.878000
aalair,"Apple M3",8,"Darwin 27.0.0 arm64","Apple LLVM 21.0.0 (clang-2100.3.34.2)"," -O3 -DNDEBUG -DPITO_ECS_OWNED_DELETE_ATOMIC=1",8,100000,pito,owned_update,ecs_get_raw,1,500,3,338.909000
aalair,"Apple M3",8,"Darwin 27.0.0 arm64","Apple LLVM 21.0.0 (clang-2100.3.34.2)"," -O3 -DNDEBUG -DPITO_ECS_OWNED_DELETE_ATOMIC=1",8,100000,pito,owned_update,ecs_get_raw,1,500,4,338.705000
aalair,"Apple M3",8,"Darwin 27.0.0 arm64","Apple LLVM 21.0.0 (clang-2100.3.34.2)"," -O3 -DNDEBUG -DPITO_ECS_OWNED_DELETE_ATOMIC=1",8,100000,pito,owned_update,ecs_get_raw,1,500,5,338.779000
aalair,"Apple M3",8,"Darwin 27.0.0 arm64","Apple LLVM 21.0.0 (clang-2100.3.34.2)"," -O3 -DNDEBUG -DPITO_ECS_OWNED_DELETE_ATOMIC=1",8,100000,pito,owned_update,ecs_get_raw,1,500,6,339.852000
aalair,"Apple M3",8,"Darwin 27.0.0 arm64","Apple LLVM 21.0.0 (clang-2100.3.34.2)"," -O3 -DNDEBUG -DPITO_ECS_OWNED_DELETE_ATOMIC=1",8,100000,pito,owned_update,ecs_get_raw,1,500,7,338.755000
aalair,"Apple M3",8,"Darwin 27.0.0 arm64","Apple LLVM 21.0.0 (clang-2100.3.34.2)"," -O3 -DNDEBUG -DPITO_ECS_OWNED_DELETE_ATOMIC=1",8,100000,pito,owned_update,ecs_get_raw,1,500,8,339.096000
aalair,"Apple M3",8,"Darwin 27.0.0 arm64","Apple LLVM 21.0.0 (clang-2100.3.34.2)"," -O3 -DNDEBUG -DPITO_ECS_OWNED_DELETE_ATOMIC=1",8,100000,pito,owned_update,ecs_get_raw,1,500,9,339.352000
aalair,"Apple M3",8,"Darwin 27.0.0 arm64","Apple LLVM 21.0.0 (clang-2100.3.34.2)"," -O3 -DNDEBUG -DPITO_ECS_OWNED_DELETE_ATOMIC=1",8,100000,pito,owned_update,ecs_get_raw,1,500,10,339.559000
aalair,"Apple M3",8,"Darwin 27.0.0 arm64","Apple LLVM 21.0.0 (clang-2100.3.34.2)"," -O3 -DNDEBUG -DPITO_ECS_OWNED_DELETE_ATOMIC=1",8,100000,pito,owned_update,ecs_get_raw,2,0,1,0.202000
aalair,"Apple M3",8,"Darwin 27.0.0 arm64","Apple LLVM 21.0.0 (clang-2100.3.34.2)"," -O3 -DNDEBUG -DPITO_ECS_OWNED_DELETE_ATOMIC=1",8,100000,pito,owned_update,ecs_get_raw,2,0,2,0.204000
aalair,"Apple M3",8,"Darwin 27.0.0 arm64","Apple LLVM 21.0.0 (clang-2100.3.34.2)"," -O3 -DNDEBUG -DPITO_ECS_OWNED_DELETE_ATOMIC=1",8,100000,pito,owned_update,ecs_get_raw,2,0,3,0.204000
aalair,"Apple M3",8,"Darwin 27.0.0 arm64","Apple LLVM 21.0.0 (clang-2100.3.34.2)"," -O3 -DNDEBUG -DPITO_ECS_OWNED_DELETE_ATOMIC=1",8,100000,pito,owned_update,ecs_get_raw,2,0,4,0.206000
aalair,"Apple M3",8,"Darwin 27.0.0 arm64","Apple LLVM 21.0.0 (clang-2100.3.34.2)"," -O3 -DNDEBUG -DPITO_ECS_OWNED_DELETE_ATOMIC=1",8,100000,pito,owned_update,ecs_get_raw,2,0,5,0.191000
aalair,"Apple M3",8,"Darwin 27.0.0 arm64","Apple LLVM 21.0.0 (clang-2100.3.34.2)"," -O3 -DNDEBUG -DPITO_ECS_OWNED_DELETE_ATOMIC=1",8,100000,pito,owned_update,ecs_get_raw,2,0,6,0.199000
aalair,"Apple M3",8,"Darwin 27.0.0 arm64","Apple LLVM 21.0.0 (clang-2100.3.34.2)"," -O3 -DNDEBUG -DPITO_ECS_OWNED_DELETE_ATOMIC=1",8,100000,pito,owned_update,ecs_get_raw,2,0,7,0.203000
aalair,"Apple M3",8,"Darwin 27.0.0 arm64","Apple LLVM 21.0.0 (clang-2100.3.34.2)"," -O3 -DNDEBUG -DPITO_ECS_OWNED_DELETE_ATOMIC=1",8,100000,pito,owned_update,ecs_get_raw,2,0,8,0.195000
aalair,"Apple M3",8,"Darwin 27.0.0 arm64","Apple LLVM 21.0.0 (clang-2100.3.34.2)"," -O3 -DNDEBUG -DPITO_ECS_OWNED_DELETE_ATOMIC=1",8,100000,pito,owned_update,ecs_get_raw,2,0,9,0.201000
aalair,"Apple M3",8,"Darwin 27.0.0 arm64","Apple LLVM 21.0.0 (clang-2100.3.34.2)"," -O3 -DNDEBUG -DPITO_ECS_OWNED_DELETE_ATOMIC=1",8,100000,pito,owned_update,ecs_get_raw,2,0,10,0.200000
aalair,"Apple M3",8,"Darwin 27.0.0 arm64","Apple LLVM 21.0.0 (clang-2100.3.34.2)"," -O3 -DNDEBUG -DPITO_ECS_OWNED_DELETE_ATOMIC=1",8,100000,pito,owned_update,ecs_get_raw,2,0,11,0.210000
aalair,"Apple M3",8,"Darwin 27.0.0 arm64","Apple LLVM 21.0.0 (clang-2100.3.34.2)"," -O3 -DNDEBUG -DPITO_ECS_OWNED_DELETE_ATOMIC=1",8,100000,pito,owned_update,ecs_get_raw,2,10,1,1.488000
aalair,"Apple M3",8,"Darwin 27.0.0 arm64","Apple LLVM 21.0.0 (clang-2100.3.34.2)"," -O3 -DNDEBUG -DPITO_ECS_OWNED_DELETE_ATOMIC=1",8,100000,pito,owned_update,ecs_get_raw,2,10,2,1.382000
aalair,"Apple M3",8,"Darwin 27.0.0 arm64","Apple LLVM 21.0.0 (clang-2100.3.34.2)"," -O3 -DNDEBUG -DPITO_ECS_OWNED_DELETE_ATOMIC=1",8,100000,pito,owned_update,ecs_get_raw,2,10,3,1.407000
aalair,"Apple M3",8,"Darwin 27.0.0 arm64","Apple LLVM 21.0.0 (clang-2100.3.34.2)"," -O3 -DNDEBUG -DPITO_ECS_OWNED_DELETE_ATOMIC=1",8,100000,pito,owned_update,ecs_get_raw,2,10,4,1.390000
aalair,"Apple M3",8,"Darwin 27.0.0 arm64","Apple LLVM 21.0.0 (clang-2100.3.34.2)"," -O3 -DNDEBUG -DPITO_ECS_OWNED_DELETE_ATOMIC=1",8,100000,pito,owned_update,ecs_get_raw,2,10,5,1.656000
aalair,"Apple M3",8,"Darwin 27.0.0 arm64","Apple LLVM 21.0.0 (clang-2100.3.34.2)"," -O3 -DNDEBUG -DPITO_ECS_OWNED_DELETE_ATOMIC=1",8,100000,pito,owned_update,ecs_get_raw,2,10,6,1.416000
aalair,"Apple M3",8,"Darwin 27.0.0 arm64","Apple LLVM 21.0.0 (clang-2100.3.34.2)"," -O3 -DNDEBUG -DPITO_ECS_OWNED_DELETE_ATOMIC=1",8,100000,pito,owned_update,ecs_get_raw,2,10,7,1.414000
aalair,"Apple M3",8,"Darwin 27.0.0 arm64","Apple LLVM 21.0.0 (clang-2100.3.34.2)"," -O3 -DNDEBUG -DPITO_ECS_OWNED_DELETE_ATOMIC=1",8,100000,pito,owned_update,ecs_get_raw,2,10,8,1.531000
aalair,"Apple M3",8,"Darwin 27.0.0 arm64","Apple LLVM 21.0.0 (clang-2100.3.34.2)"," -O3 -DNDEBUG -DPITO_ECS_OWNED_DELETE_ATOMIC=1",8,100000,pito,owned_update,ecs_get_raw,2,10,9,1.402000
aalair,"Apple M3",8,"Darwin 27.0.0 arm64","Apple LLVM 21.0.0 (clang-2100.3.34.2)"," -O3 -DNDEBUG -DPITO_ECS_OWNED_DELETE_ATOMIC=1",8,100000,pito,owned_update,ecs_get_raw,2,10,10,1.405000
aalair,"Apple M3",8,"Darwin 27.0.0 arm64","Apple LLVM 21.0.0 (clang-2100.3.34.2)"," -O3 -DNDEBUG -DPITO_ECS_OWNED_DELETE_ATOMIC=1",8,100000,pito,owned_update,ecs_get_raw,2,10,11,1.405000
aalair,"Apple M3",8,"Darwin 27.0.0 arm64","Apple LLVM 21.0.0 (clang-2100.3.34.2)"," -O3 -DNDEBUG -DPITO_ECS_OWNED_DELETE_ATOMIC=1",8,100000,pito,owned_update,ecs_get_raw,2,10,12,1.408000
aalair,"Apple M3",8,"Darwin 27.0.0 arm64","Apple LLVM 21.0.0 (clang-2100.3.34.2)"," -O3 -DNDEBUG -DPITO_ECS_OWNED_DELETE_ATOMIC=1",8,100000,pito,owned_update,ecs_get_raw,2,10,13,1.406000
aalair,"Apple M3",8,"Darwin 27.0.0 arm64","Apple LLVM 21.0.0 (clang-2100.3.34.2)"," -O3 -DNDEBUG -DPITO_ECS_OWNED_DELETE_ATOMIC=1",8,100000,pito,owned_update,ecs_get_raw,2,10,14,2.209000
aalair,"Apple M3",8,"Darwin 27.0.0 arm64","Apple LLVM 21.0.0 (clang-2100.3.34.2)"," -O3 -DNDEBUG -DPITO_ECS_OWNED_DELETE_ATOMIC=1",8,100000,pito,owned_update,ecs_get_raw,2,10,15,1.428000
aalair,"Apple M3",8,"Darwin 27.0.0 arm64","Apple LLVM 21.0.0 (clang-2100.3.34.2)"," -O3 -DNDEBUG -DPITO_ECS_OWNED_DELETE_ATOMIC=1",8,100000,pito,owned_update,ecs_get_raw,2,10,16,1.439000
aalair,"Apple M3",8,"Darwin 27.0.0 arm64","Apple LLVM 21.0.0 (clang-2100.3.34.2)"," -O3 -DNDEBUG -DPITO_ECS_OWNED_DELETE_ATOMIC=1",8,100000,pito,owned_update,ecs_get_raw,2,10,17,1.404000
aalair,"Apple M3",8,"Darwin 27.0.0 arm64","Apple LLVM 21.0.0 (clang-2100.3.34.2)"," -O3 -DNDEBUG -DPITO_ECS_OWNED_DELETE_ATOMIC=1",8,100000,pito,owned_update,ecs_get_raw,2,10,18,1.403000
aalair,"Apple M3",8,"Darwin 27.0.0 arm64","Apple LLVM 21.0.0 (clang-2100.3.34.2)"," -O3 -DNDEBUG -DPITO_ECS_OWNED_DELETE_ATOMIC=1",8,100000,pito,owned_update,ecs_get_raw,2,10,19,1.406000
aalair,"Apple M3",8,"Darwin 27.0.0 arm64","Apple LLVM 21.0.0 (clang-2100.3.34.2)"," -O3 -DNDEBUG -DPITO_ECS_OWNED_DELETE_ATOMIC=1",8,100000,pito,owned_update,ecs_get_raw,2,50,1,8.273000
aalair,"Apple M3",8,"Darwin 27.0.0 arm64","Apple LLVM 21.0.0 (clang-2100.3.34.2)"," -O3 -DNDEBUG -DPITO_ECS_OWNED_DELETE_ATOMIC=1",8,100000,pito,owned_update,ecs_get_raw,2,50,2,8.257000
aalair,"Apple M3",8,"Darwin 27.0.0 arm64","Apple LLVM 21.0.0 (clang-2100.3.34.2)"," -O3 -DNDEBUG -DPITO_ECS_OWNED_DELETE_ATOMIC=1",8,100000,pito,owned_update,ecs_get_raw,2,50,3,8.230000
aalair,"Apple M3",8,"Darwin 27.0.0 arm64","Apple LLVM 21.0.0 (clang-2100.3.34.2)"," -O3 -DNDEBUG -DPITO_ECS_OWNED_DELETE_ATOMIC=1",8,100000,pito,owned_update,ecs_get_raw,2,50,4,8.044000
aalair,"Apple M3",8,"Darwin 27.0.0 arm64","Apple LLVM 21.0.0 (clang-2100.3.34.2)"," -O3 -DNDEBUG -DPITO_ECS_OWNED_DELETE_ATOMIC=1",8,100000,pito,owned_update,ecs_get_raw,2,50,5,8.053000
aalair,"Apple M3",8,"Darwin 27.0.0 arm64","Apple LLVM 21.0.0 (clang-2100.3.34.2)"," -O3 -DNDEBUG -DPITO_ECS_OWNED_DELETE_ATOMIC=1",8,100000,pito,owned_update,ecs_get_raw,2,50,6,8.192000
aalair,"Apple M3",8,"Darwin 27.0.0 arm64","Apple LLVM 21.0.0 (clang-2100.3.34.2)"," -O3 -DNDEBUG -DPITO_ECS_OWNED_DELETE_ATOMIC=1",8,100000,pito,owned_update,ecs_get_raw,2,50,7,8.190000
aalair,"Apple M3",8,"Darwin 27.0.0 arm64","Apple LLVM 21.0.0 (clang-2100.3.34.2)"," -O3 -DNDEBUG -DPITO_ECS_OWNED_DELETE_ATOMIC=1",8,100000,pito,owned_update,ecs_get_raw,2,50,8,8.213000
aalair,"Apple M3",8,"Darwin 27.0.0 arm64","Apple LLVM 21.0.0 (clang-2100.3.34.2)"," -O3 -DNDEBUG -DPITO_ECS_OWNED_DELETE_ATOMIC=1",8,100000,pito,owned_update,ecs_get_raw,2,50,9,8.218000
aalair,"Apple M3",8,"Darwin 27.0.0 arm64","Apple LLVM 21.0.0 (clang-2100.3.34.2)"," -O3 -DNDEBUG -DPITO_ECS_OWNED_DELETE_ATOMIC=1",8,100000,pito,owned_update,ecs_get_raw,2,50,10,8.152000
aalair,"Apple M3",8,"Darwin 27.0.0 arm64","Apple LLVM 21.0.0 (clang-2100.3.34.2)"," -O3 -DNDEBUG -DPITO_ECS_OWNED_DELETE_ATOMIC=1",8,100000,pito,owned_update,ecs_get_raw,2,500,1,173.991000
aalair,"Apple M3",8,"Darwin 27.0.0 arm64","Apple LLVM 21.0.0 (clang-2100.3.34.2)"," -O3 -DNDEBUG -DPITO_ECS_OWNED_DELETE_ATOMIC=1",8,100000,pito,owned_update,ecs_get_raw,2,500,2,173.458000
aalair,"Apple M3",8,"Darwin 27.0.0 arm64","Apple LLVM 21.0.0 (clang-2100.3.34.2)"," -O3 -DNDEBUG -DPITO_ECS_OWNED_DELETE_ATOMIC=1",8,100000,pito,owned_update,ecs_get_raw,2,500,3,173.527000
aalair,"Apple M3",8,"Darwin 27.0.0 arm64","Apple LLVM 21.0.0 (clang-2100.3.34.2)"," -O3 -DNDEBUG -DPITO_ECS_OWNED_DELETE_ATOMIC=1",8,100000,pito,owned_update,ecs_get_raw,2,500,4,173.545000
aalair,"Apple M3",8,"Darwin 27.0.0 arm64","Apple LLVM 21.0.0 (clang-2100.3.34.2)"," -O3 -DNDEBUG -DPITO_ECS_OWNED_DELETE_ATOMIC=1",8,100000,pito,owned_update,ecs_get_raw,2,500,5,175.482000
aalair,"Apple M3",8,"Darwin 27.0.0 arm64","Apple LLVM 21.0.0 (clang-2100.3.34.2)"," -O3 -DNDEBUG -DPITO_ECS_OWNED_DELETE_ATOMIC=1",8,100000,pito,owned_update,ecs_get_raw,2,500,6,173.357000
aalair,"Apple M3",8,"Darwin 27.0.0 arm64","Apple LLVM 21.0.0 (clang-2100.3.34.2)"," -O3 -DNDEBUG -DPITO_ECS_OWNED_DELETE_ATOMIC=1",8,100000,pito,owned_update,ecs_get_raw,2,500,7,173.424000
aalair,"Apple M3",8,"Darwin 27.0.0 arm64","Apple LLVM 21.0.0 (clang-2100.3.34.2)"," -O3 -DNDEBUG -DPITO_ECS_OWNED_DELETE_ATOMIC=1",8,100000,pito,owned_update,ecs_get_raw,2,500,8,173.673000
aalair,"Apple M3",8,"Darwin 27.0.0 arm64","Apple LLVM 21.0.0 (clang-2100.3.34.2)"," -O3 -DNDEBUG -DPITO_ECS_OWNED_DELETE_ATOMIC=1",8,100000,pito,owned_update,ecs_get_raw,2,500,9,174.336000
aalair,"Apple M3",8,"Darwin 27.0.0 arm64","Apple LLVM 21.0.0 (clang-2100.3.34.2)"," -O3 -DNDEBUG -DPITO_ECS_OWNED_DELETE_ATOMIC=1",8,100000,pito,owned_update,ecs_get_raw,2,500,10,173.448000
aalair,"Apple M3",8,"Darwin 27.0.0 arm64","Apple LLVM 21.0.0 (clang-2100.3.34.2)"," -O3 -DNDEBUG -DPITO_ECS_OWNED_DELETE_ATOMIC=1",8,100000,pito,owned_update,ecs_get_raw,4,0,1,0.131000
aalair,"Apple M3",8,"Darwin 27.0.0 arm64","Apple LLVM 21.0.0 (clang-2100.3.34.2)"," -O3 -DNDEBUG -DPITO_ECS_OWNED_DELETE_ATOMIC=1",8,100000,pito,owned_update,ecs_get_raw,4,0,2,0.133000
aalair,"Apple M3",8,"Darwin 27.0.0 arm64","Apple LLVM 21.0.0 (clang-2100.3.34.2)"," -O3 -DNDEBUG -DPITO_ECS_OWNED_DELETE_ATOMIC=1",8,100000,pito,owned_update,ecs_get_raw,4,0,3,0.122000
aalair,"Apple M3",8,"Darwin 27.0.0 arm64","Apple LLVM 21.0.0 (clang-2100.3.34.2)"," -O3 -DNDEBUG -DPITO_ECS_OWNED_DELETE_ATOMIC=1",8,100000,pito,owned_update,ecs_get_raw,4,0,4,0.135000
aalair,"Apple M3",8,"Darwin 27.0.0 arm64","Apple LLVM 21.0.0 (clang-2100.3.34.2)"," -O3 -DNDEBUG -DPITO_ECS_OWNED_DELETE_ATOMIC=1",8,100000,pito,owned_update,ecs_get_raw,4,0,5,0.146000
aalair,"Apple M3",8,"Darwin 27.0.0 arm64","Apple LLVM 21.0.0 (clang-2100.3.34.2)"," -O3 -DNDEBUG -DPITO_ECS_OWNED_DELETE_ATOMIC=1",8,100000,pito,owned_update,ecs_get_raw,4,0,6,0.151000
aalair,"Apple M3",8,"Darwin 27.0.0 arm64","Apple LLVM 21.0.0 (clang-2100.3.34.2)"," -O3 -DNDEBUG -DPITO_ECS_OWNED_DELETE_ATOMIC=1",8,100000,pito,owned_update,ecs_get_raw,4,0,7,0.137000
aalair,"Apple M3",8,"Darwin 27.0.0 arm64","Apple LLVM 21.0.0 (clang-2100.3.34.2)"," -O3 -DNDEBUG -DPITO_ECS_OWNED_DELETE_ATOMIC=1",8,100000,pito,owned_update,ecs_get_raw,4,0,8,0.139000
aalair,"Apple M3",8,"Darwin 27.0.0 arm64","Apple LLVM 21.0.0 (clang-2100.3.34.2)"," -O3 -DNDEBUG -DPITO_ECS_OWNED_DELETE_ATOMIC=1",8,100000,pito,owned_update,ecs_get_raw,4,0,9,0.126000
aalair,"Apple M3",8,"Darwin 27.0.0 arm64","Apple LLVM 21.0.0 (clang-2100.3.34.2)"," -O3 -DNDEBUG -DPITO_ECS_OWNED_DELETE_ATOMIC=1",8,100000,pito,owned_update,ecs_get_raw,4,0,10,0.136000
aalair,"Apple M3",8,"Darwin 27.0.0 arm64","Apple LLVM 21.0.0 (clang-2100.3.34.2)"," -O3 -DNDEBUG -DPITO_ECS_OWNED_DELETE_ATOMIC=1",8,100000,pito,owned_update,ecs_get_raw,4,0,11,0.143000
aalair,"Apple M3",8,"Darwin 27.0.0 arm64","Apple LLVM 21.0.0 (clang-2100.3.34.2)"," -O3 -DNDEBUG -DPITO_ECS_OWNED_DELETE_ATOMIC=1",8,100000,pito,owned_update,ecs_get_raw,4,0,12,0.140000
aalair,"Apple M3",8,"Darwin 27.0.0 arm64","Apple LLVM 21.0.0 (clang-2100.3.34.2)"," -O3 -DNDEBUG -DPITO_ECS_OWNED_DELETE_ATOMIC=1",8,100000,pito,owned_update,ecs_get_raw,4,0,13,0.144000
aalair,"Apple M3",8,"Darwin 27.0.0 arm64","Apple LLVM 21.0.0 (clang-2100.3.34.2)"," -O3 -DNDEBUG -DPITO_ECS_OWNED_DELETE_ATOMIC=1",8,100000,pito,owned_update,ecs_get_raw,4,0,14,0.146000
aalair,"Apple M3",8,"Darwin 27.0.0 arm64","Apple LLVM 21.0.0 (clang-2100.3.34.2)"," -O3 -DNDEBUG -DPITO_ECS_OWNED_DELETE_ATOMIC=1",8,100000,pito,owned_update,ecs_get_raw,4,0,15,0.157000
aalair,"Apple M3",8,"Darwin 27.0.0 arm64","Apple LLVM 21.0.0 (clang-2100.3.34.2)"," -O3 -DNDEBUG -DPITO_ECS_OWNED_DELETE_ATOMIC=1",8,100000,pito,owned_update,ecs_get_raw,4,0,16,0.126000
aalair,"Apple M3",8,"Darwin 27.0.0 arm64","Apple LLVM 21.0.0 (clang-2100.3.34.2)"," -O3 -DNDEBUG -DPITO_ECS_OWNED_DELETE_ATOMIC=1",8,100000,pito,owned_update,ecs_get_raw,4,0,17,0.140000
aalair,"Apple M3",8,"Darwin 27.0.0 arm64","Apple LLVM 21.0.0 (clang-2100.3.34.2)"," -O3 -DNDEBUG -DPITO_ECS_OWNED_DELETE_ATOMIC=1",8,100000,pito,owned_update,ecs_get_raw,4,0,18,0.136000
aalair,"Apple M3",8,"Darwin 27.0.0 arm64","Apple LLVM 21.0.0 (clang-2100.3.34.2)"," -O3 -DNDEBUG -DPITO_ECS_OWNED_DELETE_ATOMIC=1",8,100000,pito,owned_update,ecs_get_raw,4,0,19,0.138000
aalair,"Apple M3",8,"Darwin 27.0.0 arm64","Apple LLVM 21.0.0 (clang-2100.3.34.2)"," -O3 -DNDEBUG -DPITO_ECS_OWNED_DELETE_ATOMIC=1",8,100000,pito,owned_update,ecs_get_raw,4,10,1,0.725000
aalair,"Apple M3",8,"Darwin 27.0.0 arm64","Apple LLVM 21.0.0 (clang-2100.3.34.2)"," -O3 -DNDEBUG -DPITO_ECS_OWNED_DELETE_ATOMIC=1",8,100000,pito,owned_update,ecs_get_raw,4,10,2,0.725000
aalair,"Apple M3",8,"Darwin 27.0.0 arm64","Apple LLVM 21.0.0 (clang-2100.3.34.2)"," -O3 -DNDEBUG -DPITO_ECS_OWNED_DELETE_ATOMIC=1",8,100000,pito,owned_update,ecs_get_raw,4,10,3,0.721000
aalair,"Apple M3",8,"Darwin 27.0.0 arm64","Apple LLVM 21.0.0 (clang-2100.3.34.2)"," -O3 -DNDEBUG -DPITO_ECS_OWNED_DELETE_ATOMIC=1",8,100000,pito,owned_update,ecs_get_raw,4,10,4,0.721000
aalair,"Apple M3",8,"Darwin 27.0.0 arm64","Apple LLVM 21.0.0 (clang-2100.3.34.2)"," -O3 -DNDEBUG -DPITO_ECS_OWNED_DELETE_ATOMIC=1",8,100000,pito,owned_update,ecs_get_raw,4,10,5,0.724000
aalair,"Apple M3",8,"Darwin 27.0.0 arm64","Apple LLVM 21.0.0 (clang-2100.3.34.2)"," -O3 -DNDEBUG -DPITO_ECS_OWNED_DELETE_ATOMIC=1",8,100000,pito,owned_update,ecs_get_raw,4,10,6,0.723000
aalair,"Apple M3",8,"Darwin 27.0.0 arm64","Apple LLVM 21.0.0 (clang-2100.3.34.2)"," -O3 -DNDEBUG -DPITO_ECS_OWNED_DELETE_ATOMIC=1",8,100000,pito,owned_update,ecs_get_raw,4,10,7,0.728000
aalair,"Apple M3",8,"Darwin 27.0.0 arm64","Apple LLVM 21.0.0 (clang-2100.3.34.2)"," -O3 -DNDEBUG -DPITO_ECS_OWNED_DELETE_ATOMIC=1",8,100000,pito,owned_update,ecs_get_raw,4,10,8,0.839000
aalair,"Apple M3",8,"Darwin 27.0.0 arm64","Apple LLVM 21.0.0 (clang-2100.3.34.2)"," -O3 -DNDEBUG -DPITO_ECS_OWNED_DELETE_ATOMIC=1",8,100000,pito,owned_update,ecs_get_raw,4,10,9,0.722000
aalair,"Apple M3",8,"Darwin 27.0.0 arm64","Apple LLVM 21.0.0 (clang-2100.3.34.2)"," -O3 -DNDEBUG -DPITO_ECS_OWNED_DELETE_ATOMIC=1",8,100000,pito,owned_update,ecs_get_raw,4,10,10,0.721000
aalair,"Apple M3",8,"Darwin 27.0.0 arm64","Apple LLVM 21.0.0 (clang-2100.3.34.2)"," -O3 -DNDEBUG -DPITO_ECS_OWNED_DELETE_ATOMIC=1",8,100000,pito,owned_update,ecs_get_raw,4,10,11,0.723000
aalair,"Apple M3",8,"Darwin 27.0.0 arm64","Apple LLVM 21.0.0 (clang-2100.3.34.2)"," -O3 -DNDEBUG -DPITO_ECS_OWNED_DELETE_ATOMIC=1",8,100000,pito,owned_update,ecs_get_raw,4,50,1,4.332000
aalair,"Apple M3",8,"Darwin 27.0.0 arm64","Apple LLVM 21.0.0 (clang-2100.3.34.2)"," -O3 -DNDEBUG -DPITO_ECS_OWNED_DELETE_ATOMIC=1",8,100000,pito,owned_update,ecs_get_raw,4,50,2,4.335000
aalair,"Apple M3",8,"Darwin 27.0.0 arm64","Apple LLVM 21.0.0 (clang-2100.3.34.2)"," -O3 -DNDEBUG -DPITO_ECS_OWNED_DELETE_ATOMIC=1",8,100000,pito,owned_update,ecs_get_raw,4,50,3,4.335000
aalair,"Apple M3",8,"Darwin 27.0.0 arm64","Apple LLVM 21.0.0 (clang-2100.3.34.2)"," -O3 -DNDEBUG -DPITO_ECS_OWNED_DELETE_ATOMIC=1",8,100000,pito,owned_update,ecs_get_raw,4,50,4,4.332000
aalair,"Apple M3",8,"Darwin 27.0.0 arm64","Apple LLVM 21.0.0 (clang-2100.3.34.2)"," -O3 -DNDEBUG -DPITO_ECS_OWNED_DELETE_ATOMIC=1",8,100000,pito,owned_update,ecs_get_raw,4,50,5,4.335000
aalair,"Apple M3",8,"Darwin 27.0.0 arm64","Apple LLVM 21.0.0 (clang-2100.3.34.2)"," -O3 -DNDEBUG -DPITO_ECS_OWNED_DELETE_ATOMIC=1",8,100000,pito,owned_update,ecs_get_raw,4,50,6,4.337000
aalair,"Apple M3",8,"Darwin 27.0.0 arm64","Apple LLVM 21.0.0 (clang-2100.3.34.2)"," -O3 -DNDEBUG -DPITO_ECS_OWNED_DELETE_ATOMIC=1",8,100000,pito,owned_update,ecs_get_raw,4,50,7,4.351000
aalair,"Apple M3",8,"Darwin 27.0.0 arm64","Apple LLVM 21.0.0 (clang-2100.3.34.2)"," -O3 -DNDEBUG -DPITO_ECS_OWNED_DELETE_ATOMIC=1",8,100000,pito,owned_update,ecs_get_raw,4,50,8,4.374000
aalair,"Apple M3",8,"Darwin 27.0.0 arm64","Apple LLVM 21.0.0 (clang-2100.3.34.2)"," -O3 -DNDEBUG -DPITO_ECS_OWNED_DELETE_ATOMIC=1",8,100000,pito,owned_update,ecs_get_raw,4,50,9,4.543000
aalair,"Apple M3",8,"Darwin 27.0.0 arm64","Apple LLVM 21.0.0 (clang-2100.3.34.2)"," -O3 -DNDEBUG -DPITO_ECS_OWNED_DELETE_ATOMIC=1",8,100000,pito,owned_update,ecs_get_raw,4,50,10,4.343000
aalair,"Apple M3",8,"Darwin 27.0.0 arm64","Apple LLVM 21.0.0 (clang-2100.3.34.2)"," -O3 -DNDEBUG -DPITO_ECS_OWNED_DELETE_ATOMIC=1",8,100000,pito,owned_update,ecs_get_raw,4,500,1,94.420000
aalair,"Apple M3",8,"Darwin 27.0.0 arm64","Apple LLVM 21.0.0 (clang-2100.3.34.2)"," -O3 -DNDEBUG -DPITO_ECS_OWNED_DELETE_ATOMIC=1",8,100000,pito,owned_update,ecs_get_raw,4,500,2,94.382000
aalair,"Apple M3",8,"Darwin 27.0.0 arm64","Apple LLVM 21.0.0 (clang-2100.3.34.2)"," -O3 -DNDEBUG -DPITO_ECS_OWNED_DELETE_ATOMIC=1",8,100000,pito,owned_update,ecs_get_raw,4,500,3,94.550000
aalair,"Apple M3",8,"Darwin 27.0.0 arm64","Apple LLVM 21.0.0 (clang-2100.3.34.2)"," -O3 -DNDEBUG -DPITO_ECS_OWNED_DELETE_ATOMIC=1",8,100000,pito,owned_update,ecs_get_raw,4,500,4,94.366000
aalair,"Apple M3",8,"Darwin 27.0.0 arm64","Apple LLVM 21.0.0 (clang-2100.3.34.2)"," -O3 -DNDEBUG -DPITO_ECS_OWNED_DELETE_ATOMIC=1",8,100000,pito,owned_update,ecs_get_raw,4,500,5,94.363000
aalair,"Apple M3",8,"Darwin 27.0.0 arm64","Apple LLVM 21.0.0 (clang-2100.3.34.2)"," -O3 -DNDEBUG -DPITO_ECS_OWNED_DELETE_ATOMIC=1",8,100000,pito,owned_update,ecs_get_raw,4,500,6,94.362000
aalair,"Apple M3",8,"Darwin 27.0.0 arm64","Apple LLVM 21.0.0 (clang-2100.3.34.2)"," -O3 -DNDEBUG -DPITO_ECS_OWNED_DELETE_ATOMIC=1",8,100000,pito,owned_update,ecs_get_raw,4,500,7,94.384000
aalair,"Apple M3",8,"Darwin 27.0.0 arm64","Apple LLVM 21.0.0 (clang-2100.3.34.2)"," -O3 -DNDEBUG -DPITO_ECS_OWNED_DELETE_ATOMIC=1",8,100000,pito,owned_update,ecs_get_raw,4,500,8,94.319000
aalair,"Apple M3",8,"Darwin 27.0.0 arm64","Apple LLVM 21.0.0 (clang-2100.3.34.2)"," -O3 -DNDEBUG -DPITO_ECS_OWNED_DELETE_ATOMIC=1",8,100000,pito,owned_update,ecs_get_raw,4,500,9,94.385000
aalair,"Apple M3",8,"Darwin 27.0.0 arm64","Apple LLVM 21.0.0 (clang-2100.3.34.2)"," -O3 -DNDEBUG -DPITO_ECS_OWNED_DELETE_ATOMIC=1",8,100000,pito,owned_update,ecs_get_raw,4,500,10,94.357000
aalair,"Apple M3",8,"Darwin 27.0.0 arm64","Apple LLVM 21.0.0 (clang-2100.3.34.2)"," -O3 -DNDEBUG -DPITO_ECS_OWNED_DELETE_ATOMIC=1",8,100000,pito,owned_update,ecs_get_raw,8,0,1,0.154000
aalair,"Apple M3",8,"Darwin 27.0.0 arm64","Apple LLVM 21.0.0 (clang-2100.3.34.2)"," -O3 -DNDEBUG -DPITO_ECS_OWNED_DELETE_ATOMIC=1",8,100000,pito,owned_update,ecs_get_raw,8,0,2,0.164000
aalair,"Apple M3",8,"Darwin 27.0.0 arm64","Apple LLVM 21.0.0 (clang-2100.3.34.2)"," -O3 -DNDEBUG -DPITO_ECS_OWNED_DELETE_ATOMIC=1",8,100000,pito,owned_update,ecs_get_raw,8,0,3,0.157000
aalair,"Apple M3",8,"Darwin 27.0.0 arm64","Apple LLVM 21.0.0 (clang-2100.3.34.2)"," -O3 -DNDEBUG -DPITO_ECS_OWNED_DELETE_ATOMIC=1",8,100000,pito,owned_update,ecs_get_raw,8,0,4,0.184000
aalair,"Apple M3",8,"Darwin 27.0.0 arm64","Apple LLVM 21.0.0 (clang-2100.3.34.2)"," -O3 -DNDEBUG -DPITO_ECS_OWNED_DELETE_ATOMIC=1",8,100000,pito,owned_update,ecs_get_raw,8,0,5,0.217000
aalair,"Apple M3",8,"Darwin 27.0.0 arm64","Apple LLVM 21.0.0 (clang-2100.3.34.2)"," -O3 -DNDEBUG -DPITO_ECS_OWNED_DELETE_ATOMIC=1",8,100000,pito,owned_update,ecs_get_raw,8,0,6,0.151000
aalair,"Apple M3",8,"Darwin 27.0.0 arm64","Apple LLVM 21.0.0 (clang-2100.3.34.2)"," -O3 -DNDEBUG -DPITO_ECS_OWNED_DELETE_ATOMIC=1",8,100000,pito,owned_update,ecs_get_raw,8,0,7,0.160000
aalair,"Apple M3",8,"Darwin 27.0.0 arm64","Apple LLVM 21.0.0 (clang-2100.3.34.2)"," -O3 -DNDEBUG -DPITO_ECS_OWNED_DELETE_ATOMIC=1",8,100000,pito,owned_update,ecs_get_raw,8,0,8,0.159000
aalair,"Apple M3",8,"Darwin 27.0.0 arm64","Apple LLVM 21.0.0 (clang-2100.3.34.2)"," -O3 -DNDEBUG -DPITO_ECS_OWNED_DELETE_ATOMIC=1",8,100000,pito,owned_update,ecs_get_raw,8,0,9,0.163000
aalair,"Apple M3",8,"Darwin 27.0.0 arm64","Apple LLVM 21.0.0 (clang-2100.3.34.2)"," -O3 -DNDEBUG -DPITO_ECS_OWNED_DELETE_ATOMIC=1",8,100000,pito,owned_update,ecs_get_raw,8,0,10,0.168000
aalair,"Apple M3",8,"Darwin 27.0.0 arm64","Apple LLVM 21.0.0 (clang-2100.3.34.2)"," -O3 -DNDEBUG -DPITO_ECS_OWNED_DELETE_ATOMIC=1",8,100000,pito,owned_update,ecs_get_raw,8,0,11,0.163000
aalair,"Apple M3",8,"Darwin 27.0.0 arm64","Apple LLVM 21.0.0 (clang-2100.3.34.2)"," -O3 -DNDEBUG -DPITO_ECS_OWNED_DELETE_ATOMIC=1",8,100000,pito,owned_update,ecs_get_raw,8,0,12,0.171000
aalair,"Apple M3",8,"Darwin 27.0.0 arm64","Apple LLVM 21.0.0 (clang-2100.3.34.2)"," -O3 -DNDEBUG -DPITO_ECS_OWNED_DELETE_ATOMIC=1",8,100000,pito,owned_update,ecs_get_raw,8,0,13,0.153000
aalair,"Apple M3",8,"Darwin 27.0.0 arm64","Apple LLVM 21.0.0 (clang-2100.3.34.2)"," -O3 -DNDEBUG -DPITO_ECS_OWNED_DELETE_ATOMIC=1",8,100000,pito,owned_update,ecs_get_raw,8,0,14,0.153000
aalair,"Apple M3",8,"Darwin 27.0.0 arm64","Apple LLVM 21.0.0 (clang-2100.3.34.2)"," -O3 -DNDEBUG -DPITO_ECS_OWNED_DELETE_ATOMIC=1",8,100000,pito,owned_update,ecs_get_raw,8,0,15,0.160000
aalair,"Apple M3",8,"Darwin 27.0.0 arm64","Apple LLVM 21.0.0 (clang-2100.3.34.2)"," -O3 -DNDEBUG -DPITO_ECS_OWNED_DELETE_ATOMIC=1",8,100000,pito,owned_update,ecs_get_raw,8,0,16,0.167000
aalair,"Apple M3",8,"Darwin 27.0.0 arm64","Apple LLVM 21.0.0 (clang-2100.3.34.2)"," -O3 -DNDEBUG -DPITO_ECS_OWNED_DELETE_ATOMIC=1",8,100000,pito,owned_update,ecs_get_raw,8,10,1,0.565000
aalair,"Apple M3",8,"Darwin 27.0.0 arm64","Apple LLVM 21.0.0 (clang-2100.3.34.2)"," -O3 -DNDEBUG -DPITO_ECS_OWNED_DELETE_ATOMIC=1",8,100000,pito,owned_update,ecs_get_raw,8,10,2,0.559000
aalair,"Apple M3",8,"Darwin 27.0.0 arm64","Apple LLVM 21.0.0 (clang-2100.3.34.2)"," -O3 -DNDEBUG -DPITO_ECS_OWNED_DELETE_ATOMIC=1",8,100000,pito,owned_update,ecs_get_raw,8,10,3,0.535000
aalair,"Apple M3",8,"Darwin 27.0.0 arm64","Apple LLVM 21.0.0 (clang-2100.3.34.2)"," -O3 -DNDEBUG -DPITO_ECS_OWNED_DELETE_ATOMIC=1",8,100000,pito,owned_update,ecs_get_raw,8,10,4,0.537000
aalair,"Apple M3",8,"Darwin 27.0.0 arm64","Apple LLVM 21.0.0 (clang-2100.3.34.2)"," -O3 -DNDEBUG -DPITO_ECS_OWNED_DELETE_ATOMIC=1",8,100000,pito,owned_update,ecs_get_raw,8,10,5,0.542000
aalair,"Apple M3",8,"Darwin 27.0.0 arm64","Apple LLVM 21.0.0 (clang-2100.3.34.2)"," -O3 -DNDEBUG -DPITO_ECS_OWNED_DELETE_ATOMIC=1",8,100000,pito,owned_update,ecs_get_raw,8,10,6,0.712000
aalair,"Apple M3",8,"Darwin 27.0.0 arm64","Apple LLVM 21.0.0 (clang-2100.3.34.2)"," -O3 -DNDEBUG -DPITO_ECS_OWNED_DELETE_ATOMIC=1",8,100000,pito,owned_update,ecs_get_raw,8,10,7,0.546000
aalair,"Apple M3",8,"Darwin 27.0.0 arm64","Apple LLVM 21.0.0 (clang-2100.3.34.2)"," -O3 -DNDEBUG -DPITO_ECS_OWNED_DELETE_ATOMIC=1",8,100000,pito,owned_update,ecs_get_raw,8,10,8,0.555000
aalair,"Apple M3",8,"Darwin 27.0.0 arm64","Apple LLVM 21.0.0 (clang-2100.3.34.2)"," -O3 -DNDEBUG -DPITO_ECS_OWNED_DELETE_ATOMIC=1",8,100000,pito,owned_update,ecs_get_raw,8,10,9,0.541000
aalair,"Apple M3",8,"Darwin 27.0.0 arm64","Apple LLVM 21.0.0 (clang-2100.3.34.2)"," -O3 -DNDEBUG -DPITO_ECS_OWNED_DELETE_ATOMIC=1",8,100000,pito,owned_update,ecs_get_raw,8,10,10,0.547000
aalair,"Apple M3",8,"Darwin 27.0.0 arm64","Apple LLVM 21.0.0 (clang-2100.3.34.2)"," -O3 -DNDEBUG -DPITO_ECS_OWNED_DELETE_ATOMIC=1",8,100000,pito,owned_update,ecs_get_raw,8,10,11,0.562000
aalair,"Apple M3",8,"Darwin 27.0.0 arm64","Apple LLVM 21.0.0 (clang-2100.3.34.2)"," -O3 -DNDEBUG -DPITO_ECS_OWNED_DELETE_ATOMIC=1",8,100000,pito,owned_update,ecs_get_raw,8,50,1,3.760000
aalair,"Apple M3",8,"Darwin 27.0.0 arm64","Apple LLVM 21.0.0 (clang-2100.3.34.2)"," -O3 -DNDEBUG -DPITO_ECS_OWNED_DELETE_ATOMIC=1",8,100000,pito,owned_update,ecs_get_raw,8,50,2,4.067000
aalair,"Apple M3",8,"Darwin 27.0.0 arm64","Apple LLVM 21.0.0 (clang-2100.3.34.2)"," -O3 -DNDEBUG -DPITO_ECS_OWNED_DELETE_ATOMIC=1",8,100000,pito,owned_update,ecs_get_raw,8,50,3,3.781000
aalair,"Apple M3",8,"Darwin 27.0.0 arm64","Apple LLVM 21.0.0 (clang-2100.3.34.2)"," -O3 -DNDEBUG -DPITO_ECS_OWNED_DELETE_ATOMIC=1",8,100000,pito,owned_update,ecs_get_raw,8,50,4,3.780000
aalair,"Apple M3",8,"Darwin 27.0.0 arm64","Apple LLVM 21.0.0 (clang-2100.3.34.2)"," -O3 -DNDEBUG -DPITO_ECS_OWNED_DELETE_ATOMIC=1",8,100000,pito,owned_update,ecs_get_raw,8,50,5,3.775000
aalair,"Apple M3",8,"Darwin 27.0.0 arm64","Apple LLVM 21.0.0 (clang-2100.3.34.2)"," -O3 -DNDEBUG -DPITO_ECS_OWNED_DELETE_ATOMIC=1",8,100000,pito,owned_update,ecs_get_raw,8,50,6,3.587000
aalair,"Apple M3",8,"Darwin 27.0.0 arm64","Apple LLVM 21.0.0 (clang-2100.3.34.2)"," -O3 -DNDEBUG -DPITO_ECS_OWNED_DELETE_ATOMIC=1",8,100000,pito,owned_update,ecs_get_raw,8,50,7,3.797000
aalair,"Apple M3",8,"Darwin 27.0.0 arm64","Apple LLVM 21.0.0 (clang-2100.3.34.2)"," -O3 -DNDEBUG -DPITO_ECS_OWNED_DELETE_ATOMIC=1",8,100000,pito,owned_update,ecs_get_raw,8,50,8,3.778000
aalair,"Apple M3",8,"Darwin 27.0.0 arm64","Apple LLVM 21.0.0 (clang-2100.3.34.2)"," -O3 -DNDEBUG -DPITO_ECS_OWNED_DELETE_ATOMIC=1",8,100000,pito,owned_update,ecs_get_raw,8,50,9,3.810000
aalair,"Apple M3",8,"Darwin 27.0.0 arm64","Apple LLVM 21.0.0 (clang-2100.3.34.2)"," -O3 -DNDEBUG -DPITO_ECS_OWNED_DELETE_ATOMIC=1",8,100000,pito,owned_update,ecs_get_raw,8,50,10,3.931000
aalair,"Apple M3",8,"Darwin 27.0.0 arm64","Apple LLVM 21.0.0 (clang-2100.3.34.2)"," -O3 -DNDEBUG -DPITO_ECS_OWNED_DELETE_ATOMIC=1",8,100000,pito,owned_update,ecs_get_raw,8,50,11,3.791000
aalair,"Apple M3",8,"Darwin 27.0.0 arm64","Apple LLVM 21.0.0 (clang-2100.3.34.2)"," -O3 -DNDEBUG -DPITO_ECS_OWNED_DELETE_ATOMIC=1",8,100000,pito,owned_update,ecs_get_raw,8,500,1,60.338000
aalair,"Apple M3",8,"Darwin 27.0.0 arm64","Apple LLVM 21.0.0 (clang-2100.3.34.2)"," -O3 -DNDEBUG -DPITO_ECS_OWNED_DELETE_ATOMIC=1",8,100000,pito,owned_update,ecs_get_raw,8,500,2,62.393000
aalair,"Apple M3",8,"Darwin 27.0.0 arm64","Apple LLVM 21.0.0 (clang-2100.3.34.2)"," -O3 -DNDEBUG -DPITO_ECS_OWNED_DELETE_ATOMIC=1",8,100000,pito,owned_update,ecs_get_raw,8,500,3,60.161000
aalair,"Apple M3",8,"Darwin 27.0.0 arm64","Apple LLVM 21.0.0 (clang-2100.3.34.2)"," -O3 -DNDEBUG -DPITO_ECS_OWNED_DELETE_ATOMIC=1",8,100000,pito,owned_update,ecs_get_raw,8,500,4,60.212000
aalair,"Apple M3",8,"Darwin 27.0.0 arm64","Apple LLVM 21.0.0 (clang-2100.3.34.2)"," -O3 -DNDEBUG -DPITO_ECS_OWNED_DELETE_ATOMIC=1",8,100000,pito,owned_update,ecs_get_raw,8,500,5,59.106000
aalair,"Apple M3",8,"Darwin 27.0.0 arm64","Apple LLVM 21.0.0 (clang-2100.3.34.2)"," -O3 -DNDEBUG -DPITO_ECS_OWNED_DELETE_ATOMIC=1",8,100000,pito,owned_update,ecs_get_raw,8,500,6,60.304000
aalair,"Apple M3",8,"Darwin 27.0.0 arm64","Apple LLVM 21.0.0 (clang-2100.3.34.2)"," -O3 -DNDEBUG -DPITO_ECS_OWNED_DELETE_ATOMIC=1",8,100000,pito,owned_update,ecs_get_raw,8,500,7,63.145000
aalair,"Apple M3",8,"Darwin 27.0.0 arm64","Apple LLVM 21.0.0 (clang-2100.3.34.2)"," -O3 -DNDEBUG -DPITO_ECS_OWNED_DELETE_ATOMIC=1",8,100000,pito,owned_update,ecs_get_raw,8,500,8,79.985000
aalair,"Apple M3",8,"Darwin 27.0.0 arm64","Apple LLVM 21.0.0 (clang-2100.3.34.2)"," -O3 -DNDEBUG -DPITO_ECS_OWNED_DELETE_ATOMIC=1",8,100000,pito,owned_update,ecs_get_raw,8,500,9,60.800000
aalair,"Apple M3",8,"Darwin 27.0.0 arm64","Apple LLVM 21.0.0 (clang-2100.3.34.2)"," -O3 -DNDEBUG -DPITO_ECS_OWNED_DELETE_ATOMIC=1",8,100000,pito,owned_update,ecs_get_raw,8,500,10,57.624000
aalair,"Apple M3",8,"Darwin 27.0.0 arm64","Apple LLVM 21.0.0 (clang-2100.3.34.2)"," -O3 -DNDEBUG -DPITO_ECS_OWNED_DELETE_ATOMIC=1",8,100000,pito,owned_update,ecs_get_raw,8,500,11,59.791000
aalair,"Apple M3",8,"Darwin 27.0.0 arm64","Apple LLVM 21.0.0 (clang-2100.3.34.2)"," -O3 -DNDEBUG",8,100000,pico,owned_insert,,1,0,1,10.331000
aalair,"Apple M3",8,"Darwin 27.0.0 arm64","Apple LLVM 21.0.0 (clang-2100.3.34.2)"," -O3 -DNDEBUG",8,100000,pico,owned_insert,,1,0,2,10.083000
aalair,"Apple M3",8,"Darwin 27.0.0 arm64","Apple LLVM 21.0.0 (clang-2100.3.34.2)"," -O3 -DNDEBUG",8,100000,pico,owned_insert,,1,0,3,10.046000
aalair,"Apple M3",8,"Darwin 27.0.0 arm64","Apple LLVM 21.0.0 (clang-2100.3.34.2)"," -O3 -DNDEBUG",8,100000,pico,owned_insert,,1,0,4,10.056000
aalair,"Apple M3",8,"Darwin 27.0.0 arm64","Apple LLVM 21.0.0 (clang-2100.3.34.2)"," -O3 -DNDEBUG",8,100000,pico,owned_insert,,1,0,5,10.056000
aalair,"Apple M3",8,"Darwin 27.0.0 arm64","Apple LLVM 21.0.0 (clang-2100.3.34.2)"," -O3 -DNDEBUG",8,100000,pico,owned_insert,,1,0,6,10.002000
aalair,"Apple M3",8,"Darwin 27.0.0 arm64","Apple LLVM 21.0.0 (clang-2100.3.34.2)"," -O3 -DNDEBUG",8,100000,pico,owned_insert,,1,0,7,9.988000
aalair,"Apple M3",8,"Darwin 27.0.0 arm64","Apple LLVM 21.0.0 (clang-2100.3.34.2)"," -O3 -DNDEBUG",8,100000,pico,owned_insert,,1,0,8,10.046000
aalair,"Apple M3",8,"Darwin 27.0.0 arm64","Apple LLVM 21.0.0 (clang-2100.3.34.2)"," -O3 -DNDEBUG",8,100000,pico,owned_insert,,1,0,9,9.985000
aalair,"Apple M3",8,"Darwin 27.0.0 arm64","Apple LLVM 21.0.0 (clang-2100.3.34.2)"," -O3 -DNDEBUG",8,100000,pico,owned_insert,,1,0,10,10.050000
aalair,"Apple M3",8,"Darwin 27.0.0 arm64","Apple LLVM 21.0.0 (clang-2100.3.34.2)"," -O3 -DNDEBUG",8,100000,pico,owned_insert,,1,10,1,14.229000
aalair,"Apple M3",8,"Darwin 27.0.0 arm64","Apple LLVM 21.0.0 (clang-2100.3.34.2)"," -O3 -DNDEBUG",8,100000,pico,owned_insert,,1,10,2,14.013000
aalair,"Apple M3",8,"Darwin 27.0.0 arm64","Apple LLVM 21.0.0 (clang-2100.3.34.2)"," -O3 -DNDEBUG",8,100000,pico,owned_insert,,1,10,3,12.997000
aalair,"Apple M3",8,"Darwin 27.0.0 arm64","Apple LLVM 21.0.0 (clang-2100.3.34.2)"," -O3 -DNDEBUG",8,100000,pico,owned_insert,,1,10,4,14.151000
aalair,"Apple M3",8,"Darwin 27.0.0 arm64","Apple LLVM 21.0.0 (clang-2100.3.34.2)"," -O3 -DNDEBUG",8,100000,pico,owned_insert,,1,10,5,12.907000
aalair,"Apple M3",8,"Darwin 27.0.0 arm64","Apple LLVM 21.0.0 (clang-2100.3.34.2)"," -O3 -DNDEBUG",8,100000,pico,owned_insert,,1,10,6,13.072000
aalair,"Apple M3",8,"Darwin 27.0.0 arm64","Apple LLVM 21.0.0 (clang-2100.3.34.2)"," -O3 -DNDEBUG",8,100000,pico,owned_insert,,1,10,7,12.903000
aalair,"Apple M3",8,"Darwin 27.0.0 arm64","Apple LLVM 21.0.0 (clang-2100.3.34.2)"," -O3 -DNDEBUG",8,100000,pico,owned_insert,,1,10,8,12.945000
aalair,"Apple M3",8,"Darwin 27.0.0 arm64","Apple LLVM 21.0.0 (clang-2100.3.34.2)"," -O3 -DNDEBUG",8,100000,pico,owned_insert,,1,10,9,14.244000
aalair,"Apple M3",8,"Darwin 27.0.0 arm64","Apple LLVM 21.0.0 (clang-2100.3.34.2)"," -O3 -DNDEBUG",8,100000,pico,owned_insert,,1,10,10,14.296000
aalair,"Apple M3",8,"Darwin 27.0.0 arm64","Apple LLVM 21.0.0 (clang-2100.3.34.2)"," -O3 -DNDEBUG",8,100000,pico,owned_insert,,1,10,11,14.228000
aalair,"Apple M3",8,"Darwin 27.0.0 arm64","Apple LLVM 21.0.0 (clang-2100.3.34.2)"," -O3 -DNDEBUG",8,100000,pico,owned_insert,,1,10,12,12.873000
aalair,"Apple M3",8,"Darwin 27.0.0 arm64","Apple LLVM 21.0.0 (clang-2100.3.34.2)"," -O3 -DNDEBUG",8,100000,pico,owned_insert,,1,10,13,12.890000
aalair,"Apple M3",8,"Darwin 27.0.0 arm64","Apple LLVM 21.0.0 (clang-2100.3.34.2)"," -O3 -DNDEBUG",8,100000,pico,owned_insert,,1,10,14,14.301000
aalair,"Apple M3",8,"Darwin 27.0.0 arm64","Apple LLVM 21.0.0 (clang-2100.3.34.2)"," -O3 -DNDEBUG",8,100000,pico,owned_insert,,1,10,15,12.969000
aalair,"Apple M3",8,"Darwin 27.0.0 arm64","Apple LLVM 21.0.0 (clang-2100.3.34.2)"," -O3 -DNDEBUG",8,100000,pico,owned_insert,,1,10,16,12.995000
aalair,"Apple M3",8,"Darwin 27.0.0 arm64","Apple LLVM 21.0.0 (clang-2100.3.34.2)"," -O3 -DNDEBUG",8,100000,pico,owned_insert,,1,10,17,14.313000
aalair,"Apple M3",8,"Darwin 27.0.0 arm64","Apple LLVM 21.0.0 (clang-2100.3.34.2)"," -O3 -DNDEBUG",8,100000,pico,owned_insert,,1,10,18,14.285000
aalair,"Apple M3",8,"Darwin 27.0.0 arm64","Apple LLVM 21.0.0 (clang-2100.3.34.2)"," -O3 -DNDEBUG",8,100000,pico,owned_insert,,1,10,19,12.880000
aalair,"Apple M3",8,"Darwin 27.0.0 arm64","Apple LLVM 21.0.0 (clang-2100.3.34.2)"," -O3 -DNDEBUG",8,100000,pico,owned_insert,,1,10,20,14.186000
aalair,"Apple M3",8,"Darwin 27.0.0 arm64","Apple LLVM 21.0.0 (clang-2100.3.34.2)"," -O3 -DNDEBUG",8,100000,pico,owned_insert,,1,10,21,12.941000
aalair,"Apple M3",8,"Darwin 27.0.0 arm64","Apple LLVM 21.0.0 (clang-2100.3.34.2)"," -O3 -DNDEBUG",8,100000,pico,owned_insert,,1,10,22,13.000000
aalair,"Apple M3",8,"Darwin 27.0.0 arm64","Apple LLVM 21.0.0 (clang-2100.3.34.2)"," -O3 -DNDEBUG",8,100000,pico,owned_insert,,1,10,23,14.096000
aalair,"Apple M3",8,"Darwin 27.0.0 arm64","Apple LLVM 21.0.0 (clang-2100.3.34.2)"," -O3 -DNDEBUG",8,100000,pico,owned_insert,,1,10,24,12.917000
aalair,"Apple M3",8,"Darwin 27.0.0 arm64","Apple LLVM 21.0.0 (clang-2100.3.34.2)"," -O3 -DNDEBUG",8,100000,pico,owned_insert,,1,10,25,12.870000
aalair,"Apple M3",8,"Darwin 27.0.0 arm64","Apple LLVM 21.0.0 (clang-2100.3.34.2)"," -O3 -DNDEBUG",8,100000,pico,owned_insert,,1,10,26,12.877000
aalair,"Apple M3",8,"Darwin 27.0.0 arm64","Apple LLVM 21.0.0 (clang-2100.3.34.2)"," -O3 -DNDEBUG",8,100000,pico,owned_insert,,1,10,27,12.941000
aalair,"Apple M3",8,"Darwin 27.0.0 arm64","Apple LLVM 21.0.0 (clang-2100.3.34.2)"," -O3 -DNDEBUG",8,100000,pico,owned_insert,,1,10,28,12.882000
aalair,"Apple M3",8,"Darwin 27.0.0 arm64","Apple LLVM 21.0.0 (clang-2100.3.34.2)"," -O3 -DNDEBUG",8,100000,pico,owned_insert,,1,10,29,13.019000
aalair,"Apple M3",8,"Darwin 27.0.0 arm64","Apple LLVM 21.0.0 (clang-2100.3.34.2)"," -O3 -DNDEBUG",8,100000,pico,owned_insert,,1,10,30,13.065000
aalair,"Apple M3",8,"Darwin 27.0.0 arm64","Apple LLVM 21.0.0 (clang-2100.3.34.2)"," -O3 -DNDEBUG",8,100000,pico,owned_insert,,1,10,31,13.026000
aalair,"Apple M3",8,"Darwin 27.0.0 arm64","Apple LLVM 21.0.0 (clang-2100.3.34.2)"," -O3 -DNDEBUG",8,100000,pico,owned_insert,,1,10,32,12.969000
aalair,"Apple M3",8,"Darwin 27.0.0 arm64","Apple LLVM 21.0.0 (clang-2100.3.34.2)"," -O3 -DNDEBUG",8,100000,pico,owned_insert,,1,10,33,12.889000
aalair,"Apple M3",8,"Darwin 27.0.0 arm64","Apple LLVM 21.0.0 (clang-2100.3.34.2)"," -O3 -DNDEBUG",8,100000,pico,owned_insert,,1,10,34,13.069000
aalair,"Apple M3",8,"Darwin 27.0.0 arm64","Apple LLVM 21.0.0 (clang-2100.3.34.2)"," -O3 -DNDEBUG",8,100000,pico,owned_insert,,1,10,35,12.964000
aalair,"Apple M3",8,"Darwin 27.0.0 arm64","Apple LLVM 21.0.0 (clang-2100.3.34.2)"," -O3 -DNDEBUG",8,100000,pico,owned_insert,,1,10,36,12.873000
aalair,"Apple M3",8,"Darwin 27.0.0 arm64","Apple LLVM 21.0.0 (clang-2100.3.34.2)"," -O3 -DNDEBUG",8,100000,pico,owned_insert,,1,50,1,25.156000
aalair,"Apple M3",8,"Darwin 27.0.0 arm64","Apple LLVM 21.0.0 (clang-2100.3.34.2)"," -O3 -DNDEBUG",8,100000,pico,owned_insert,,1,50,2,25.203000
aalair,"Apple M3",8,"Darwin 27.0.0 arm64","Apple LLVM 21.0.0 (clang-2100.3.34.2)"," -O3 -DNDEBUG",8,100000,pico,owned_insert,,1,50,3,25.148000
aalair,"Apple M3",8,"Darwin 27.0.0 arm64","Apple LLVM 21.0.0 (clang-2100.3.34.2)"," -O3 -DNDEBUG",8,100000,pico,owned_insert,,1,50,4,25.035000
aalair,"Apple M3",8,"Darwin 27.0.0 arm64","Apple LLVM 21.0.0 (clang-2100.3.34.2)"," -O3 -DNDEBUG",8,100000,pico,owned_insert,,1,50,5,25.113000
aalair,"Apple M3",8,"Darwin 27.0.0 arm64","Apple LLVM 21.0.0 (clang-2100.3.34.2)"," -O3 -DNDEBUG",8,100000,pico,owned_insert,,1,50,6,25.199000
aalair,"Apple M3",8,"Darwin 27.0.0 arm64","Apple LLVM 21.0.0 (clang-2100.3.34.2)"," -O3 -DNDEBUG",8,100000,pico,owned_insert,,1,50,7,25.106000
aalair,"Apple M3",8,"Darwin 27.0.0 arm64","Apple LLVM 21.0.0 (clang-2100.3.34.2)"," -O3 -DNDEBUG",8,100000,pico,owned_insert,,1,50,8,25.152000
aalair,"Apple M3",8,"Darwin 27.0.0 arm64","Apple LLVM 21.0.0 (clang-2100.3.34.2)"," -O3 -DNDEBUG",8,100000,pico,owned_insert,,1,50,9,25.011000
aalair,"Apple M3",8,"Darwin 27.0.0 arm64","Apple LLVM 21.0.0 (clang-2100.3.34.2)"," -O3 -DNDEBUG",8,100000,pico,owned_insert,,1,50,10,25.075000
aalair,"Apple M3",8,"Darwin 27.0.0 arm64","Apple LLVM 21.0.0 (clang-2100.3.34.2)"," -O3 -DNDEBUG",8,100000,pico,owned_insert,,1,500,1,405.332000
aalair,"Apple M3",8,"Darwin 27.0.0 arm64","Apple LLVM 21.0.0 (clang-2100.3.34.2)"," -O3 -DNDEBUG",8,100000,pico,owned_insert,,1,500,2,404.318000
aalair,"Apple M3",8,"Darwin 27.0.0 arm64","Apple LLVM 21.0.0 (clang-2100.3.34.2)"," -O3 -DNDEBUG",8,100000,pico,owned_insert,,1,500,3,405.195000
aalair,"Apple M3",8,"Darwin 27.0.0 arm64","Apple LLVM 21.0.0 (clang-2100.3.34.2)"," -O3 -DNDEBUG",8,100000,pico,owned_insert,,1,500,4,404.153000
aalair,"Apple M3",8,"Darwin 27.0.0 arm64","Apple LLVM 21.0.0 (clang-2100.3.34.2)"," -O3 -DNDEBUG",8,100000,pico,owned_insert,,1,500,5,404.581000
aalair,"Apple M3",8,"Darwin 27.0.0 arm64","Apple LLVM 21.0.0 (clang-2100.3.34.2)"," -O3 -DNDEBUG",8,100000,pico,owned_insert,,1,500,6,404.770000
aalair,"Apple M3",8,"Darwin 27.0.0 arm64","Apple LLVM 21.0.0 (clang-2100.3.34.2)"," -O3 -DNDEBUG",8,100000,pico,owned_insert,,1,500,7,406.383000
aalair,"Apple M3",8,"Darwin 27.0.0 arm64","Apple LLVM 21.0.0 (clang-2100.3.34.2)"," -O3 -DNDEBUG",8,100000,pico,owned_insert,,1,500,8,407.349000
aalair,"Apple M3",8,"Darwin 27.0.0 arm64","Apple LLVM 21.0.0 (clang-2100.3.34.2)"," -O3 -DNDEBUG",8,100000,pico,owned_insert,,1,500,9,407.456000
aalair,"Apple M3",8,"Darwin 27.0.0 arm64","Apple LLVM 21.0.0 (clang-2100.3.34.2)"," -O3 -DNDEBUG",8,100000,pico,owned_insert,,1,500,10,406.519000
aalair,"Apple M3",8,"Darwin 27.0.0 arm64","Apple LLVM 21.0.0 (clang-2100.3.34.2)"," -O3 -DNDEBUG",8,100000,flecs,owned_insert,,1,0,1,23.797000
aalair,"Apple M3",8,"Darwin 27.0.0 arm64","Apple LLVM 21.0.0 (clang-2100.3.34.2)"," -O3 -DNDEBUG",8,100000,flecs,owned_insert,,1,0,2,23.813000
aalair,"Apple M3",8,"Darwin 27.0.0 arm64","Apple LLVM 21.0.0 (clang-2100.3.34.2)"," -O3 -DNDEBUG",8,100000,flecs,owned_insert,,1,0,3,23.710000
aalair,"Apple M3",8,"Darwin 27.0.0 arm64","Apple LLVM 21.0.0 (clang-2100.3.34.2)"," -O3 -DNDEBUG",8,100000,flecs,owned_insert,,1,0,4,24.273000
aalair,"Apple M3",8,"Darwin 27.0.0 arm64","Apple LLVM 21.0.0 (clang-2100.3.34.2)"," -O3 -DNDEBUG",8,100000,flecs,owned_insert,,1,0,5,23.367000
aalair,"Apple M3",8,"Darwin 27.0.0 arm64","Apple LLVM 21.0.0 (clang-2100.3.34.2)"," -O3 -DNDEBUG",8,100000,flecs,owned_insert,,1,0,6,23.263000
aalair,"Apple M3",8,"Darwin 27.0.0 arm64","Apple LLVM 21.0.0 (clang-2100.3.34.2)"," -O3 -DNDEBUG",8,100000,flecs,owned_insert,,1,0,7,23.213000
aalair,"Apple M3",8,"Darwin 27.0.0 arm64","Apple LLVM 21.0.0 (clang-2100.3.34.2)"," -O3 -DNDEBUG",8,100000,flecs,owned_insert,,1,0,8,23.265000
aalair,"Apple M3",8,"Darwin 27.0.0 arm64","Apple LLVM 21.0.0 (clang-2100.3.34.2)"," -O3 -DNDEBUG",8,100000,flecs,owned_insert,,1,0,9,23.274000
aalair,"Apple M3",8,"Darwin 27.0.0 arm64","Apple LLVM 21.0.0 (clang-2100.3.34.2)"," -O3 -DNDEBUG",8,100000,flecs,owned_insert,,1,0,10,23.592000
aalair,"Apple M3",8,"Darwin 27.0.0 arm64","Apple LLVM 21.0.0 (clang-2100.3.34.2)"," -O3 -DNDEBUG",8,100000,flecs,owned_insert,,1,10,1,25.728000
aalair,"Apple M3",8,"Darwin 27.0.0 arm64","Apple LLVM 21.0.0 (clang-2100.3.34.2)"," -O3 -DNDEBUG",8,100000,flecs,owned_insert,,1,10,2,25.698000
aalair,"Apple M3",8,"Darwin 27.0.0 arm64","Apple LLVM 21.0.0 (clang-2100.3.34.2)"," -O3 -DNDEBUG",8,100000,flecs,owned_insert,,1,10,3,24.864000
aalair,"Apple M3",8,"Darwin 27.0.0 arm64","Apple LLVM 21.0.0 (clang-2100.3.34.2)"," -O3 -DNDEBUG",8,100000,flecs,owned_insert,,1,10,4,25.625000
aalair,"Apple M3",8,"Darwin 27.0.0 arm64","Apple LLVM 21.0.0 (clang-2100.3.34.2)"," -O3 -DNDEBUG",8,100000,flecs,owned_insert,,1,10,5,25.177000
aalair,"Apple M3",8,"Darwin 27.0.0 arm64","Apple LLVM 21.0.0 (clang-2100.3.34.2)"," -O3 -DNDEBUG",8,100000,flecs,owned_insert,,1,10,6,25.208000
aalair,"Apple M3",8,"Darwin 27.0.0 arm64","Apple LLVM 21.0.0 (clang-2100.3.34.2)"," -O3 -DNDEBUG",8,100000,flecs,owned_insert,,1,10,7,25.184000
aalair,"Apple M3",8,"Darwin 27.0.0 arm64","Apple LLVM 21.0.0 (clang-2100.3.34.2)"," -O3 -DNDEBUG",8,100000,flecs,owned_insert,,1,10,8,25.020000
aalair,"Apple M3",8,"Darwin 27.0.0 arm64","Apple LLVM 21.0.0 (clang-2100.3.34.2)"," -O3 -DNDEBUG",8,100000,flecs,owned_insert,,1,10,9,25.207000
aalair,"Apple M3",8,"Darwin 27.0.0 arm64","Apple LLVM 21.0.0 (clang-2100.3.34.2)"," -O3 -DNDEBUG",8,100000,flecs,owned_insert,,1,10,10,24.844000
aalair,"Apple M3",8,"Darwin 27.0.0 arm64","Apple LLVM 21.0.0 (clang-2100.3.34.2)"," -O3 -DNDEBUG",8,100000,flecs,owned_insert,,1,50,1,40.993000
aalair,"Apple M3",8,"Darwin 27.0.0 arm64","Apple LLVM 21.0.0 (clang-2100.3.34.2)"," -O3 -DNDEBUG",8,100000,flecs,owned_insert,,1,50,2,41.085000
aalair,"Apple M3",8,"Darwin 27.0.0 arm64","Apple LLVM 21.0.0 (clang-2100.3.34.2)"," -O3 -DNDEBUG",8,100000,flecs,owned_insert,,1,50,3,40.996000
aalair,"Apple M3",8,"Darwin 27.0.0 arm64","Apple LLVM 21.0.0 (clang-2100.3.34.2)"," -O3 -DNDEBUG",8,100000,flecs,owned_insert,,1,50,4,40.969000
aalair,"Apple M3",8,"Darwin 27.0.0 arm64","Apple LLVM 21.0.0 (clang-2100.3.34.2)"," -O3 -DNDEBUG",8,100000,flecs,owned_insert,,1,50,5,40.972000
aalair,"Apple M3",8,"Darwin 27.0.0 arm64","Apple LLVM 21.0.0 (clang-2100.3.34.2)"," -O3 -DNDEBUG",8,100000,flecs,owned_insert,,1,50,6,41.253000
aalair,"Apple M3",8,"Darwin 27.0.0 arm64","Apple LLVM 21.0.0 (clang-2100.3.34.2)"," -O3 -DNDEBUG",8,100000,flecs,owned_insert,,1,50,7,42.373000
aalair,"Apple M3",8,"Darwin 27.0.0 arm64","Apple LLVM 21.0.0 (clang-2100.3.34.2)"," -O3 -DNDEBUG",8,100000,flecs,owned_insert,,1,50,8,41.402000
aalair,"Apple M3",8,"Darwin 27.0.0 arm64","Apple LLVM 21.0.0 (clang-2100.3.34.2)"," -O3 -DNDEBUG",8,100000,flecs,owned_insert,,1,50,9,41.347000
aalair,"Apple M3",8,"Darwin 27.0.0 arm64","Apple LLVM 21.0.0 (clang-2100.3.34.2)"," -O3 -DNDEBUG",8,100000,flecs,owned_insert,,1,50,10,41.235000
aalair,"Apple M3",8,"Darwin 27.0.0 arm64","Apple LLVM 21.0.0 (clang-2100.3.34.2)"," -O3 -DNDEBUG",8,100000,flecs,owned_insert,,1,500,1,376.003000
aalair,"Apple M3",8,"Darwin 27.0.0 arm64","Apple LLVM 21.0.0 (clang-2100.3.34.2)"," -O3 -DNDEBUG",8,100000,flecs,owned_insert,,1,500,2,377.167000
aalair,"Apple M3",8,"Darwin 27.0.0 arm64","Apple LLVM 21.0.0 (clang-2100.3.34.2)"," -O3 -DNDEBUG",8,100000,flecs,owned_insert,,1,500,3,376.039000
aalair,"Apple M3",8,"Darwin 27.0.0 arm64","Apple LLVM 21.0.0 (clang-2100.3.34.2)"," -O3 -DNDEBUG",8,100000,flecs,owned_insert,,1,500,4,376.510000
aalair,"Apple M3",8,"Darwin 27.0.0 arm64","Apple LLVM 21.0.0 (clang-2100.3.34.2)"," -O3 -DNDEBUG",8,100000,flecs,owned_insert,,1,500,5,376.145000
aalair,"Apple M3",8,"Darwin 27.0.0 arm64","Apple LLVM 21.0.0 (clang-2100.3.34.2)"," -O3 -DNDEBUG",8,100000,flecs,owned_insert,,1,500,6,375.732000
aalair,"Apple M3",8,"Darwin 27.0.0 arm64","Apple LLVM 21.0.0 (clang-2100.3.34.2)"," -O3 -DNDEBUG",8,100000,flecs,owned_insert,,1,500,7,375.832000
aalair,"Apple M3",8,"Darwin 27.0.0 arm64","Apple LLVM 21.0.0 (clang-2100.3.34.2)"," -O3 -DNDEBUG",8,100000,flecs,owned_insert,,1,500,8,375.578000
aalair,"Apple M3",8,"Darwin 27.0.0 arm64","Apple LLVM 21.0.0 (clang-2100.3.34.2)"," -O3 -DNDEBUG",8,100000,flecs,owned_insert,,1,500,9,375.968000
aalair,"Apple M3",8,"Darwin 27.0.0 arm64","Apple LLVM 21.0.0 (clang-2100.3.34.2)"," -O3 -DNDEBUG",8,100000,flecs,owned_insert,,1,500,10,376.398000
aalair,"Apple M3",8,"Darwin 27.0.0 arm64","Apple LLVM 21.0.0 (clang-2100.3.34.2)"," -O3 -DNDEBUG",8,100000,flecs,owned_insert,,2,0,1,20.274000
aalair,"Apple M3",8,"Darwin 27.0.0 arm64","Apple LLVM 21.0.0 (clang-2100.3.34.2)"," -O3 -DNDEBUG",8,100000,flecs,owned_insert,,2,0,2,20.416000
aalair,"Apple M3",8,"Darwin 27.0.0 arm64","Apple LLVM 21.0.0 (clang-2100.3.34.2)"," -O3 -DNDEBUG",8,100000,flecs,owned_insert,,2,0,3,20.545000
aalair,"Apple M3",8,"Darwin 27.0.0 arm64","Apple LLVM 21.0.0 (clang-2100.3.34.2)"," -O3 -DNDEBUG",8,100000,flecs,owned_insert,,2,0,4,20.451000
aalair,"Apple M3",8,"Darwin 27.0.0 arm64","Apple LLVM 21.0.0 (clang-2100.3.34.2)"," -O3 -DNDEBUG",8,100000,flecs,owned_insert,,2,0,5,20.408000
aalair,"Apple M3",8,"Darwin 27.0.0 arm64","Apple LLVM 21.0.0 (clang-2100.3.34.2)"," -O3 -DNDEBUG",8,100000,flecs,owned_insert,,2,0,6,20.456000
aalair,"Apple M3",8,"Darwin 27.0.0 arm64","Apple LLVM 21.0.0 (clang-2100.3.34.2)"," -O3 -DNDEBUG",8,100000,flecs,owned_insert,,2,0,7,20.412000
aalair,"Apple M3",8,"Darwin 27.0.0 arm64","Apple LLVM 21.0.0 (clang-2100.3.34.2)"," -O3 -DNDEBUG",8,100000,flecs,owned_insert,,2,0,8,20.379000
aalair,"Apple M3",8,"Darwin 27.0.0 arm64","Apple LLVM 21.0.0 (clang-2100.3.34.2)"," -O3 -DNDEBUG",8,100000,flecs,owned_insert,,2,0,9,20.444000
aalair,"Apple M3",8,"Darwin 27.0.0 arm64","Apple LLVM 21.0.0 (clang-2100.3.34.2)"," -O3 -DNDEBUG",8,100000,flecs,owned_insert,,2,0,10,20.368000
aalair,"Apple M3",8,"Darwin 27.0.0 arm64","Apple LLVM 21.0.0 (clang-2100.3.34.2)"," -O3 -DNDEBUG",8,100000,flecs,owned_insert,,2,10,1,21.494000
aalair,"Apple M3",8,"Darwin 27.0.0 arm64","Apple LLVM 21.0.0 (clang-2100.3.34.2)"," -O3 -DNDEBUG",8,100000,flecs,owned_insert,,2,10,2,21.614000
aalair,"Apple M3",8,"Darwin 27.0.0 arm64","Apple LLVM 21.0.0 (clang-2100.3.34.2)"," -O3 -DNDEBUG",8,100000,flecs,owned_insert,,2,10,3,21.174000
aalair,"Apple M3",8,"Darwin 27.0.0 arm64","Apple LLVM 21.0.0 (clang-2100.3.34.2)"," -O3 -DNDEBUG",8,100000,flecs,owned_insert,,2,10,4,21.308000
aalair,"Apple M3",8,"Darwin 27.0.0 arm64","Apple LLVM 21.0.0 (clang-2100.3.34.2)"," -O3 -DNDEBUG",8,100000,flecs,owned_insert,,2,10,5,21.334000
aalair,"Apple M3",8,"Darwin 27.0.0 arm64","Apple LLVM 21.0.0 (clang-2100.3.34.2)"," -O3 -DNDEBUG",8,100000,flecs,owned_insert,,2,10,6,21.381000
aalair,"Apple M3",8,"Darwin 27.0.0 arm64","Apple LLVM 21.0.0 (clang-2100.3.34.2)"," -O3 -DNDEBUG",8,100000,flecs,owned_insert,,2,10,7,21.155000
aalair,"Apple M3",8,"Darwin 27.0.0 arm64","Apple LLVM 21.0.0 (clang-2100.3.34.2)"," -O3 -DNDEBUG",8,100000,flecs,owned_insert,,2,10,8,21.620000
aalair,"Apple M3",8,"Darwin 27.0.0 arm64","Apple LLVM 21.0.0 (clang-2100.3.34.2)"," -O3 -DNDEBUG",8,100000,flecs,owned_insert,,2,10,9,21.358000
aalair,"Apple M3",8,"Darwin 27.0.0 arm64","Apple LLVM 21.0.0 (clang-2100.3.34.2)"," -O3 -DNDEBUG",8,100000,flecs,owned_insert,,2,10,10,21.268000
aalair,"Apple M3",8,"Darwin 27.0.0 arm64","Apple LLVM 21.0.0 (clang-2100.3.34.2)"," -O3 -DNDEBUG",8,100000,flecs,owned_insert,,2,50,1,29.689000
aalair,"Apple M3",8,"Darwin 27.0.0 arm64","Apple LLVM 21.0.0 (clang-2100.3.34.2)"," -O3 -DNDEBUG",8,100000,flecs,owned_insert,,2,50,2,29.870000
aalair,"Apple M3",8,"Darwin 27.0.0 arm64","Apple LLVM 21.0.0 (clang-2100.3.34.2)"," -O3 -DNDEBUG",8,100000,flecs,owned_insert,,2,50,3,29.879000
aalair,"Apple M3",8,"Darwin 27.0.0 arm64","Apple LLVM 21.0.0 (clang-2100.3.34.2)"," -O3 -DNDEBUG",8,100000,flecs,owned_insert,,2,50,4,29.939000
aalair,"Apple M3",8,"Darwin 27.0.0 arm64","Apple LLVM 21.0.0 (clang-2100.3.34.2)"," -O3 -DNDEBUG",8,100000,flecs,owned_insert,,2,50,5,29.759000
aalair,"Apple M3",8,"Darwin 27.0.0 arm64","Apple LLVM 21.0.0 (clang-2100.3.34.2)"," -O3 -DNDEBUG",8,100000,flecs,owned_insert,,2,50,6,29.771000
aalair,"Apple M3",8,"Darwin 27.0.0 arm64","Apple LLVM 21.0.0 (clang-2100.3.34.2)"," -O3 -DNDEBUG",8,100000,flecs,owned_insert,,2,50,7,29.919000
aalair,"Apple M3",8,"Darwin 27.0.0 arm64","Apple LLVM 21.0.0 (clang-2100.3.34.2)"," -O3 -DNDEBUG",8,100000,flecs,owned_insert,,2,50,8,29.786000
aalair,"Apple M3",8,"Darwin 27.0.0 arm64","Apple LLVM 21.0.0 (clang-2100.3.34.2)"," -O3 -DNDEBUG",8,100000,flecs,owned_insert,,2,50,9,29.702000
aalair,"Apple M3",8,"Darwin 27.0.0 arm64","Apple LLVM 21.0.0 (clang-2100.3.34.2)"," -O3 -DNDEBUG",8,100000,flecs,owned_insert,,2,50,10,29.772000
aalair,"Apple M3",8,"Darwin 27.0.0 arm64","Apple LLVM 21.0.0 (clang-2100.3.34.2)"," -O3 -DNDEBUG",8,100000,flecs,owned_insert,,2,500,1,204.263000
aalair,"Apple M3",8,"Darwin 27.0.0 arm64","Apple LLVM 21.0.0 (clang-2100.3.34.2)"," -O3 -DNDEBUG",8,100000,flecs,owned_insert,,2,500,2,203.982000
aalair,"Apple M3",8,"Darwin 27.0.0 arm64","Apple LLVM 21.0.0 (clang-2100.3.34.2)"," -O3 -DNDEBUG",8,100000,flecs,owned_insert,,2,500,3,205.438000
aalair,"Apple M3",8,"Darwin 27.0.0 arm64","Apple LLVM 21.0.0 (clang-2100.3.34.2)"," -O3 -DNDEBUG",8,100000,flecs,owned_insert,,2,500,4,204.289000
aalair,"Apple M3",8,"Darwin 27.0.0 arm64","Apple LLVM 21.0.0 (clang-2100.3.34.2)"," -O3 -DNDEBUG",8,100000,flecs,owned_insert,,2,500,5,204.381000
aalair,"Apple M3",8,"Darwin 27.0.0 arm64","Apple LLVM 21.0.0 (clang-2100.3.34.2)"," -O3 -DNDEBUG",8,100000,flecs,owned_insert,,2,500,6,204.233000
aalair,"Apple M3",8,"Darwin 27.0.0 arm64","Apple LLVM 21.0.0 (clang-2100.3.34.2)"," -O3 -DNDEBUG",8,100000,flecs,owned_insert,,2,500,7,204.349000
aalair,"Apple M3",8,"Darwin 27.0.0 arm64","Apple LLVM 21.0.0 (clang-2100.3.34.2)"," -O3 -DNDEBUG",8,100000,flecs,owned_insert,,2,500,8,204.153000
aalair,"Apple M3",8,"Darwin 27.0.0 arm64","Apple LLVM 21.0.0 (clang-2100.3.34.2)"," -O3 -DNDEBUG",8,100000,flecs,owned_insert,,2,500,9,204.327000
aalair,"Apple M3",8,"Darwin 27.0.0 arm64","Apple LLVM 21.0.0 (clang-2100.3.34.2)"," -O3 -DNDEBUG",8,100000,flecs,owned_insert,,2,500,10,204.227000
aalair,"Apple M3",8,"Darwin 27.0.0 arm64","Apple LLVM 21.0.0 (clang-2100.3.34.2)"," -O3 -DNDEBUG",8,100000,flecs,owned_insert,,4,0,1,17.165000
aalair,"Apple M3",8,"Darwin 27.0.0 arm64","Apple LLVM 21.0.0 (clang-2100.3.34.2)"," -O3 -DNDEBUG",8,100000,flecs,owned_insert,,4,0,2,17.002000
aalair,"Apple M3",8,"Darwin 27.0.0 arm64","Apple LLVM 21.0.0 (clang-2100.3.34.2)"," -O3 -DNDEBUG",8,100000,flecs,owned_insert,,4,0,3,17.187000
aalair,"Apple M3",8,"Darwin 27.0.0 arm64","Apple LLVM 21.0.0 (clang-2100.3.34.2)"," -O3 -DNDEBUG",8,100000,flecs,owned_insert,,4,0,4,17.496000
aalair,"Apple M3",8,"Darwin 27.0.0 arm64","Apple LLVM 21.0.0 (clang-2100.3.34.2)"," -O3 -DNDEBUG",8,100000,flecs,owned_insert,,4,0,5,17.629000
aalair,"Apple M3",8,"Darwin 27.0.0 arm64","Apple LLVM 21.0.0 (clang-2100.3.34.2)"," -O3 -DNDEBUG",8,100000,flecs,owned_insert,,4,0,6,17.386000
aalair,"Apple M3",8,"Darwin 27.0.0 arm64","Apple LLVM 21.0.0 (clang-2100.3.34.2)"," -O3 -DNDEBUG",8,100000,flecs,owned_insert,,4,0,7,17.587000
aalair,"Apple M3",8,"Darwin 27.0.0 arm64","Apple LLVM 21.0.0 (clang-2100.3.34.2)"," -O3 -DNDEBUG",8,100000,flecs,owned_insert,,4,0,8,17.613000
aalair,"Apple M3",8,"Darwin 27.0.0 arm64","Apple LLVM 21.0.0 (clang-2100.3.34.2)"," -O3 -DNDEBUG",8,100000,flecs,owned_insert,,4,0,9,17.529000
aalair,"Apple M3",8,"Darwin 27.0.0 arm64","Apple LLVM 21.0.0 (clang-2100.3.34.2)"," -O3 -DNDEBUG",8,100000,flecs,owned_insert,,4,0,10,17.286000
aalair,"Apple M3",8,"Darwin 27.0.0 arm64","Apple LLVM 21.0.0 (clang-2100.3.34.2)"," -O3 -DNDEBUG",8,100000,flecs,owned_insert,,4,10,1,17.592000
aalair,"Apple M3",8,"Darwin 27.0.0 arm64","Apple LLVM 21.0.0 (clang-2100.3.34.2)"," -O3 -DNDEBUG",8,100000,flecs,owned_insert,,4,10,2,17.949000
aalair,"Apple M3",8,"Darwin 27.0.0 arm64","Apple LLVM 21.0.0 (clang-2100.3.34.2)"," -O3 -DNDEBUG",8,100000,flecs,owned_insert,,4,10,3,18.013000
aalair,"Apple M3",8,"Darwin 27.0.0 arm64","Apple LLVM 21.0.0 (clang-2100.3.34.2)"," -O3 -DNDEBUG",8,100000,flecs,owned_insert,,4,10,4,17.893000
aalair,"Apple M3",8,"Darwin 27.0.0 arm64","Apple LLVM 21.0.0 (clang-2100.3.34.2)"," -O3 -DNDEBUG",8,100000,flecs,owned_insert,,4,10,5,17.945000
aalair,"Apple M3",8,"Darwin 27.0.0 arm64","Apple LLVM 21.0.0 (clang-2100.3.34.2)"," -O3 -DNDEBUG",8,100000,flecs,owned_insert,,4,10,6,17.751000
aalair,"Apple M3",8,"Darwin 27.0.0 arm64","Apple LLVM 21.0.0 (clang-2100.3.34.2)"," -O3 -DNDEBUG",8,100000,flecs,owned_insert,,4,10,7,17.669000
aalair,"Apple M3",8,"Darwin 27.0.0 arm64","Apple LLVM 21.0.0 (clang-2100.3.34.2)"," -O3 -DNDEBUG",8,100000,flecs,owned_insert,,4,10,8,17.838000
aalair,"Apple M3",8,"Darwin 27.0.0 arm64","Apple LLVM 21.0.0 (clang-2100.3.34.2)"," -O3 -DNDEBUG",8,100000,flecs,owned_insert,,4,10,9,17.825000
aalair,"Apple M3",8,"Darwin 27.0.0 arm64","Apple LLVM 21.0.0 (clang-2100.3.34.2)"," -O3 -DNDEBUG",8,100000,flecs,owned_insert,,4,10,10,17.722000
aalair,"Apple M3",8,"Darwin 27.0.0 arm64","Apple LLVM 21.0.0 (clang-2100.3.34.2)"," -O3 -DNDEBUG",8,100000,flecs,owned_insert,,4,50,1,22.251000
aalair,"Apple M3",8,"Darwin 27.0.0 arm64","Apple LLVM 21.0.0 (clang-2100.3.34.2)"," -O3 -DNDEBUG",8,100000,flecs,owned_insert,,4,50,2,22.510000
aalair,"Apple M3",8,"Darwin 27.0.0 arm64","Apple LLVM 21.0.0 (clang-2100.3.34.2)"," -O3 -DNDEBUG",8,100000,flecs,owned_insert,,4,50,3,22.127000
aalair,"Apple M3",8,"Darwin 27.0.0 arm64","Apple LLVM 21.0.0 (clang-2100.3.34.2)"," -O3 -DNDEBUG",8,100000,flecs,owned_insert,,4,50,4,22.249000
aalair,"Apple M3",8,"Darwin 27.0.0 arm64","Apple LLVM 21.0.0 (clang-2100.3.34.2)"," -O3 -DNDEBUG",8,100000,flecs,owned_insert,,4,50,5,22.629000
aalair,"Apple M3",8,"Darwin 27.0.0 arm64","Apple LLVM 21.0.0 (clang-2100.3.34.2)"," -O3 -DNDEBUG",8,100000,flecs,owned_insert,,4,50,6,21.990000
aalair,"Apple M3",8,"Darwin 27.0.0 arm64","Apple LLVM 21.0.0 (clang-2100.3.34.2)"," -O3 -DNDEBUG",8,100000,flecs,owned_insert,,4,50,7,22.354000
aalair,"Apple M3",8,"Darwin 27.0.0 arm64","Apple LLVM 21.0.0 (clang-2100.3.34.2)"," -O3 -DNDEBUG",8,100000,flecs,owned_insert,,4,50,8,22.035000
aalair,"Apple M3",8,"Darwin 27.0.0 arm64","Apple LLVM 21.0.0 (clang-2100.3.34.2)"," -O3 -DNDEBUG",8,100000,flecs,owned_insert,,4,50,9,22.047000
aalair,"Apple M3",8,"Darwin 27.0.0 arm64","Apple LLVM 21.0.0 (clang-2100.3.34.2)"," -O3 -DNDEBUG",8,100000,flecs,owned_insert,,4,50,10,22.163000
aalair,"Apple M3",8,"Darwin 27.0.0 arm64","Apple LLVM 21.0.0 (clang-2100.3.34.2)"," -O3 -DNDEBUG",8,100000,flecs,owned_insert,,4,500,1,117.576000
aalair,"Apple M3",8,"Darwin 27.0.0 arm64","Apple LLVM 21.0.0 (clang-2100.3.34.2)"," -O3 -DNDEBUG",8,100000,flecs,owned_insert,,4,500,2,117.873000
aalair,"Apple M3",8,"Darwin 27.0.0 arm64","Apple LLVM 21.0.0 (clang-2100.3.34.2)"," -O3 -DNDEBUG",8,100000,flecs,owned_insert,,4,500,3,119.058000
aalair,"Apple M3",8,"Darwin 27.0.0 arm64","Apple LLVM 21.0.0 (clang-2100.3.34.2)"," -O3 -DNDEBUG",8,100000,flecs,owned_insert,,4,500,4,117.451000
aalair,"Apple M3",8,"Darwin 27.0.0 arm64","Apple LLVM 21.0.0 (clang-2100.3.34.2)"," -O3 -DNDEBUG",8,100000,flecs,owned_insert,,4,500,5,118.005000
aalair,"Apple M3",8,"Darwin 27.0.0 arm64","Apple LLVM 21.0.0 (clang-2100.3.34.2)"," -O3 -DNDEBUG",8,100000,flecs,owned_insert,,4,500,6,117.579000
aalair,"Apple M3",8,"Darwin 27.0.0 arm64","Apple LLVM 21.0.0 (clang-2100.3.34.2)"," -O3 -DNDEBUG",8,100000,flecs,owned_insert,,4,500,7,117.171000
aalair,"Apple M3",8,"Darwin 27.0.0 arm64","Apple LLVM 21.0.0 (clang-2100.3.34.2)"," -O3 -DNDEBUG",8,100000,flecs,owned_insert,,4,500,8,117.101000
aalair,"Apple M3",8,"Darwin 27.0.0 arm64","Apple LLVM 21.0.0 (clang-2100.3.34.2)"," -O3 -DNDEBUG",8,100000,flecs,owned_insert,,4,500,9,117.514000
aalair,"Apple M3",8,"Darwin 27.0.0 arm64","Apple LLVM 21.0.0 (clang-2100.3.34.2)"," -O3 -DNDEBUG",8,100000,flecs,owned_insert,,4,500,10,117.550000
aalair,"Apple M3",8,"Darwin 27.0.0 arm64","Apple LLVM 21.0.0 (clang-2100.3.34.2)"," -O3 -DNDEBUG",8,100000,flecs,owned_insert,,8,0,1,16.630000
aalair,"Apple M3",8,"Darwin 27.0.0 arm64","Apple LLVM 21.0.0 (clang-2100.3.34.2)"," -O3 -DNDEBUG",8,100000,flecs,owned_insert,,8,0,2,16.766000
aalair,"Apple M3",8,"Darwin 27.0.0 arm64","Apple LLVM 21.0.0 (clang-2100.3.34.2)"," -O3 -DNDEBUG",8,100000,flecs,owned_insert,,8,0,3,16.896000
aalair,"Apple M3",8,"Darwin 27.0.0 arm64","Apple LLVM 21.0.0 (clang-2100.3.34.2)"," -O3 -DNDEBUG",8,100000,flecs,owned_insert,,8,0,4,16.906000
aalair,"Apple M3",8,"Darwin 27.0.0 arm64","Apple LLVM 21.0.0 (clang-2100.3.34.2)"," -O3 -DNDEBUG",8,100000,flecs,owned_insert,,8,0,5,17.125000
aalair,"Apple M3",8,"Darwin 27.0.0 arm64","Apple LLVM 21.0.0 (clang-2100.3.34.2)"," -O3 -DNDEBUG",8,100000,flecs,owned_insert,,8,0,6,16.749000
aalair,"Apple M3",8,"Darwin 27.0.0 arm64","Apple LLVM 21.0.0 (clang-2100.3.34.2)"," -O3 -DNDEBUG",8,100000,flecs,owned_insert,,8,0,7,17.014000
aalair,"Apple M3",8,"Darwin 27.0.0 arm64","Apple LLVM 21.0.0 (clang-2100.3.34.2)"," -O3 -DNDEBUG",8,100000,flecs,owned_insert,,8,0,8,17.021000
aalair,"Apple M3",8,"Darwin 27.0.0 arm64","Apple LLVM 21.0.0 (clang-2100.3.34.2)"," -O3 -DNDEBUG",8,100000,flecs,owned_insert,,8,0,9,17.120000
aalair,"Apple M3",8,"Darwin 27.0.0 arm64","Apple LLVM 21.0.0 (clang-2100.3.34.2)"," -O3 -DNDEBUG",8,100000,flecs,owned_insert,,8,0,10,16.649000
aalair,"Apple M3",8,"Darwin 27.0.0 arm64","Apple LLVM 21.0.0 (clang-2100.3.34.2)"," -O3 -DNDEBUG",8,100000,flecs,owned_insert,,8,10,1,17.756000
aalair,"Apple M3",8,"Darwin 27.0.0 arm64","Apple LLVM 21.0.0 (clang-2100.3.34.2)"," -O3 -DNDEBUG",8,100000,flecs,owned_insert,,8,10,2,17.443000
aalair,"Apple M3",8,"Darwin 27.0.0 arm64","Apple LLVM 21.0.0 (clang-2100.3.34.2)"," -O3 -DNDEBUG",8,100000,flecs,owned_insert,,8,10,3,17.140000
aalair,"Apple M3",8,"Darwin 27.0.0 arm64","Apple LLVM 21.0.0 (clang-2100.3.34.2)"," -O3 -DNDEBUG",8,100000,flecs,owned_insert,,8,10,4,17.277000
aalair,"Apple M3",8,"Darwin 27.0.0 arm64","Apple LLVM 21.0.0 (clang-2100.3.34.2)"," -O3 -DNDEBUG",8,100000,flecs,owned_insert,,8,10,5,17.639000
aalair,"Apple M3",8,"Darwin 27.0.0 arm64","Apple LLVM 21.0.0 (clang-2100.3.34.2)"," -O3 -DNDEBUG",8,100000,flecs,owned_insert,,8,10,6,16.981000
aalair,"Apple M3",8,"Darwin 27.0.0 arm64","Apple LLVM 21.0.0 (clang-2100.3.34.2)"," -O3 -DNDEBUG",8,100000,flecs,owned_insert,,8,10,7,16.973000
aalair,"Apple M3",8,"Darwin 27.0.0 arm64","Apple LLVM 21.0.0 (clang-2100.3.34.2)"," -O3 -DNDEBUG",8,100000,flecs,owned_insert,,8,10,8,17.040000
aalair,"Apple M3",8,"Darwin 27.0.0 arm64","Apple LLVM 21.0.0 (clang-2100.3.34.2)"," -O3 -DNDEBUG",8,100000,flecs,owned_insert,,8,10,9,17.478000
aalair,"Apple M3",8,"Darwin 27.0.0 arm64","Apple LLVM 21.0.0 (clang-2100.3.34.2)"," -O3 -DNDEBUG",8,100000,flecs,owned_insert,,8,10,10,17.603000
aalair,"Apple M3",8,"Darwin 27.0.0 arm64","Apple LLVM 21.0.0 (clang-2100.3.34.2)"," -O3 -DNDEBUG",8,100000,flecs,owned_insert,,8,50,1,21.419000
aalair,"Apple M3",8,"Darwin 27.0.0 arm64","Apple LLVM 21.0.0 (clang-2100.3.34.2)"," -O3 -DNDEBUG",8,100000,flecs,owned_insert,,8,50,2,20.453000
aalair,"Apple M3",8,"Darwin 27.0.0 arm64","Apple LLVM 21.0.0 (clang-2100.3.34.2)"," -O3 -DNDEBUG",8,100000,flecs,owned_insert,,8,50,3,21.103000
aalair,"Apple M3",8,"Darwin 27.0.0 arm64","Apple LLVM 21.0.0 (clang-2100.3.34.2)"," -O3 -DNDEBUG",8,100000,flecs,owned_insert,,8,50,4,21.410000
aalair,"Apple M3",8,"Darwin 27.0.0 arm64","Apple LLVM 21.0.0 (clang-2100.3.34.2)"," -O3 -DNDEBUG",8,100000,flecs,owned_insert,,8,50,5,20.479000
aalair,"Apple M3",8,"Darwin 27.0.0 arm64","Apple LLVM 21.0.0 (clang-2100.3.34.2)"," -O3 -DNDEBUG",8,100000,flecs,owned_insert,,8,50,6,21.280000
aalair,"Apple M3",8,"Darwin 27.0.0 arm64","Apple LLVM 21.0.0 (clang-2100.3.34.2)"," -O3 -DNDEBUG",8,100000,flecs,owned_insert,,8,50,7,20.844000
aalair,"Apple M3",8,"Darwin 27.0.0 arm64","Apple LLVM 21.0.0 (clang-2100.3.34.2)"," -O3 -DNDEBUG",8,100000,flecs,owned_insert,,8,50,8,20.649000
aalair,"Apple M3",8,"Darwin 27.0.0 arm64","Apple LLVM 21.0.0 (clang-2100.3.34.2)"," -O3 -DNDEBUG",8,100000,flecs,owned_insert,,8,50,9,20.883000
aalair,"Apple M3",8,"Darwin 27.0.0 arm64","Apple LLVM 21.0.0 (clang-2100.3.34.2)"," -O3 -DNDEBUG",8,100000,flecs,owned_insert,,8,50,10,20.991000
aalair,"Apple M3",8,"Darwin 27.0.0 arm64","Apple LLVM 21.0.0 (clang-2100.3.34.2)"," -O3 -DNDEBUG",8,100000,flecs,owned_insert,,8,500,1,92.338000
aalair,"Apple M3",8,"Darwin 27.0.0 arm64","Apple LLVM 21.0.0 (clang-2100.3.34.2)"," -O3 -DNDEBUG",8,100000,flecs,owned_insert,,8,500,2,80.240000
aalair,"Apple M3",8,"Darwin 27.0.0 arm64","Apple LLVM 21.0.0 (clang-2100.3.34.2)"," -O3 -DNDEBUG",8,100000,flecs,owned_insert,,8,500,3,81.263000
aalair,"Apple M3",8,"Darwin 27.0.0 arm64","Apple LLVM 21.0.0 (clang-2100.3.34.2)"," -O3 -DNDEBUG",8,100000,flecs,owned_insert,,8,500,4,80.965000
aalair,"Apple M3",8,"Darwin 27.0.0 arm64","Apple LLVM 21.0.0 (clang-2100.3.34.2)"," -O3 -DNDEBUG",8,100000,flecs,owned_insert,,8,500,5,80.349000
aalair,"Apple M3",8,"Darwin 27.0.0 arm64","Apple LLVM 21.0.0 (clang-2100.3.34.2)"," -O3 -DNDEBUG",8,100000,flecs,owned_insert,,8,500,6,83.641000
aalair,"Apple M3",8,"Darwin 27.0.0 arm64","Apple LLVM 21.0.0 (clang-2100.3.34.2)"," -O3 -DNDEBUG",8,100000,flecs,owned_insert,,8,500,7,78.970000
aalair,"Apple M3",8,"Darwin 27.0.0 arm64","Apple LLVM 21.0.0 (clang-2100.3.34.2)"," -O3 -DNDEBUG",8,100000,flecs,owned_insert,,8,500,8,80.517000
aalair,"Apple M3",8,"Darwin 27.0.0 arm64","Apple LLVM 21.0.0 (clang-2100.3.34.2)"," -O3 -DNDEBUG",8,100000,flecs,owned_insert,,8,500,9,80.970000
aalair,"Apple M3",8,"Darwin 27.0.0 arm64","Apple LLVM 21.0.0 (clang-2100.3.34.2)"," -O3 -DNDEBUG",8,100000,flecs,owned_insert,,8,500,10,89.012000
aalair,"Apple M3",8,"Darwin 27.0.0 arm64","Apple LLVM 21.0.0 (clang-2100.3.34.2)"," -O3 -DNDEBUG",8,100000,flecs,owned_insert,,8,500,11,108.568000
aalair,"Apple M3",8,"Darwin 27.0.0 arm64","Apple LLVM 21.0.0 (clang-2100.3.34.2)"," -O3 -DNDEBUG",8,100000,flecs,owned_insert,,8,500,12,82.140000
aalair,"Apple M3",8,"Darwin 27.0.0 arm64","Apple LLVM 21.0.0 (clang-2100.3.34.2)"," -O3 -DNDEBUG",8,100000,flecs,owned_insert,,8,500,13,84.313000
aalair,"Apple M3",8,"Darwin 27.0.0 arm64","Apple LLVM 21.0.0 (clang-2100.3.34.2)"," -O3 -DNDEBUG",8,100000,flecs,owned_insert,,8,500,14,96.871000
aalair,"Apple M3",8,"Darwin 27.0.0 arm64","Apple LLVM 21.0.0 (clang-2100.3.34.2)"," -O3 -DNDEBUG",8,100000,flecs,owned_insert,,8,500,15,77.618000
aalair,"Apple M3",8,"Darwin 27.0.0 arm64","Apple LLVM 21.0.0 (clang-2100.3.34.2)"," -O3 -DNDEBUG",8,100000,flecs,owned_insert,,8,500,16,78.488000
aalair,"Apple M3",8,"Darwin 27.0.0 arm64","Apple LLVM 21.0.0 (clang-2100.3.34.2)"," -O3 -DNDEBUG",8,100000,flecs,owned_insert,,8,500,17,79.475000
aalair,"Apple M3",8,"Darwin 27.0.0 arm64","Apple LLVM 21.0.0 (clang-2100.3.34.2)"," -O3 -DNDEBUG",8,100000,flecs,owned_insert,,8,500,18,79.996000
aalair,"Apple M3",8,"Darwin 27.0.0 arm64","Apple LLVM 21.0.0 (clang-2100.3.34.2)"," -O3 -DNDEBUG",8,100000,flecs,owned_insert,,8,500,19,81.912000
aalair,"Apple M3",8,"Darwin 27.0.0 arm64","Apple LLVM 21.0.0 (clang-2100.3.34.2)"," -O3 -DNDEBUG",8,100000,pito,owned_insert,ecs_insert_owned,1,0,1,26.003000
aalair,"Apple M3",8,"Darwin 27.0.0 arm64","Apple LLVM 21.0.0 (clang-2100.3.34.2)"," -O3 -DNDEBUG",8,100000,pito,owned_insert,ecs_insert_owned,1,0,2,25.571000
aalair,"Apple M3",8,"Darwin 27.0.0 arm64","Apple LLVM 21.0.0 (clang-2100.3.34.2)"," -O3 -DNDEBUG",8,100000,pito,owned_insert,ecs_insert_owned,1,0,3,25.242000
aalair,"Apple M3",8,"Darwin 27.0.0 arm64","Apple LLVM 21.0.0 (clang-2100.3.34.2)"," -O3 -DNDEBUG",8,100000,pito,owned_insert,ecs_insert_owned,1,0,4,25.376000
aalair,"Apple M3",8,"Darwin 27.0.0 arm64","Apple LLVM 21.0.0 (clang-2100.3.34.2)"," -O3 -DNDEBUG",8,100000,pito,owned_insert,ecs_insert_owned,1,0,5,25.300000
aalair,"Apple M3",8,"Darwin 27.0.0 arm64","Apple LLVM 21.0.0 (clang-2100.3.34.2)"," -O3 -DNDEBUG",8,100000,pito,owned_insert,ecs_insert_owned,1,0,6,25.315000
aalair,"Apple M3",8,"Darwin 27.0.0 arm64","Apple LLVM 21.0.0 (clang-2100.3.34.2)"," -O3 -DNDEBUG",8,100000,pito,owned_insert,ecs_insert_owned,1,0,7,25.393000
aalair,"Apple M3",8,"Darwin 27.0.0 arm64","Apple LLVM 21.0.0 (clang-2100.3.34.2)"," -O3 -DNDEBUG",8,100000,pito,owned_insert,ecs_insert_owned,1,0,8,25.356000
aalair,"Apple M3",8,"Darwin 27.0.0 arm64","Apple LLVM 21.0.0 (clang-2100.3.34.2)"," -O3 -DNDEBUG",8,100000,pito,owned_insert,ecs_insert_owned,1,0,9,25.458000
aalair,"Apple M3",8,"Darwin 27.0.0 arm64","Apple LLVM 21.0.0 (clang-2100.3.34.2)"," -O3 -DNDEBUG",8,100000,pito,owned_insert,ecs_insert_owned,1,0,10,25.192000
aalair,"Apple M3",8,"Darwin 27.0.0 arm64","Apple LLVM 21.0.0 (clang-2100.3.34.2)"," -O3 -DNDEBUG",8,100000,pito,owned_insert,ecs_insert_owned,1,10,1,27.944000
aalair,"Apple M3",8,"Darwin 27.0.0 arm64","Apple LLVM 21.0.0 (clang-2100.3.34.2)"," -O3 -DNDEBUG",8,100000,pito,owned_insert,ecs_insert_owned,1,10,2,27.552000
aalair,"Apple M3",8,"Darwin 27.0.0 arm64","Apple LLVM 21.0.0 (clang-2100.3.34.2)"," -O3 -DNDEBUG",8,100000,pito,owned_insert,ecs_insert_owned,1,10,3,27.476000
aalair,"Apple M3",8,"Darwin 27.0.0 arm64","Apple LLVM 21.0.0 (clang-2100.3.34.2)"," -O3 -DNDEBUG",8,100000,pito,owned_insert,ecs_insert_owned,1,10,4,27.469000
aalair,"Apple M3",8,"Darwin 27.0.0 arm64","Apple LLVM 21.0.0 (clang-2100.3.34.2)"," -O3 -DNDEBUG",8,100000,pito,owned_insert,ecs_insert_owned,1,10,5,27.473000
aalair,"Apple M3",8,"Darwin 27.0.0 arm64","Apple LLVM 21.0.0 (clang-2100.3.34.2)"," -O3 -DNDEBUG",8,100000,pito,owned_insert,ecs_insert_owned,1,10,6,27.718000
aalair,"Apple M3",8,"Darwin 27.0.0 arm64","Apple LLVM 21.0.0 (clang-2100.3.34.2)"," -O3 -DNDEBUG",8,100000,pito,owned_insert,ecs_insert_owned,1,10,7,27.429000
aalair,"Apple M3",8,"Darwin 27.0.0 arm64","Apple LLVM 21.0.0 (clang-2100.3.34.2)"," -O3 -DNDEBUG",8,100000,pito,owned_insert,ecs_insert_owned,1,10,8,27.425000
aalair,"Apple M3",8,"Darwin 27.0.0 arm64","Apple LLVM 21.0.0 (clang-2100.3.34.2)"," -O3 -DNDEBUG",8,100000,pito,owned_insert,ecs_insert_owned,1,10,9,27.397000
aalair,"Apple M3",8,"Darwin 27.0.0 arm64","Apple LLVM 21.0.0 (clang-2100.3.34.2)"," -O3 -DNDEBUG",8,100000,pito,owned_insert,ecs_insert_owned,1,10,10,27.668000
aalair,"Apple M3",8,"Darwin 27.0.0 arm64","Apple LLVM 21.0.0 (clang-2100.3.34.2)"," -O3 -DNDEBUG",8,100000,pito,owned_insert,ecs_insert_owned,1,50,1,49.937000
aalair,"Apple M3",8,"Darwin 27.0.0 arm64","Apple LLVM 21.0.0 (clang-2100.3.34.2)"," -O3 -DNDEBUG",8,100000,pito,owned_insert,ecs_insert_owned,1,50,2,49.911000
aalair,"Apple M3",8,"Darwin 27.0.0 arm64","Apple LLVM 21.0.0 (clang-2100.3.34.2)"," -O3 -DNDEBUG",8,100000,pito,owned_insert,ecs_insert_owned,1,50,3,50.032000
aalair,"Apple M3",8,"Darwin 27.0.0 arm64","Apple LLVM 21.0.0 (clang-2100.3.34.2)"," -O3 -DNDEBUG",8,100000,pito,owned_insert,ecs_insert_owned,1,50,4,49.851000
aalair,"Apple M3",8,"Darwin 27.0.0 arm64","Apple LLVM 21.0.0 (clang-2100.3.34.2)"," -O3 -DNDEBUG",8,100000,pito,owned_insert,ecs_insert_owned,1,50,5,49.608000
aalair,"Apple M3",8,"Darwin 27.0.0 arm64","Apple LLVM 21.0.0 (clang-2100.3.34.2)"," -O3 -DNDEBUG",8,100000,pito,owned_insert,ecs_insert_owned,1,50,6,49.523000
aalair,"Apple M3",8,"Darwin 27.0.0 arm64","Apple LLVM 21.0.0 (clang-2100.3.34.2)"," -O3 -DNDEBUG",8,100000,pito,owned_insert,ecs_insert_owned,1,50,7,49.585000
aalair,"Apple M3",8,"Darwin 27.0.0 arm64","Apple LLVM 21.0.0 (clang-2100.3.34.2)"," -O3 -DNDEBUG",8,100000,pito,owned_insert,ecs_insert_owned,1,50,8,49.504000
aalair,"Apple M3",8,"Darwin 27.0.0 arm64","Apple LLVM 21.0.0 (clang-2100.3.34.2)"," -O3 -DNDEBUG",8,100000,pito,owned_insert,ecs_insert_owned,1,50,9,49.572000
aalair,"Apple M3",8,"Darwin 27.0.0 arm64","Apple LLVM 21.0.0 (clang-2100.3.34.2)"," -O3 -DNDEBUG",8,100000,pito,owned_insert,ecs_insert_owned,1,50,10,49.483000
aalair,"Apple M3",8,"Darwin 27.0.0 arm64","Apple LLVM 21.0.0 (clang-2100.3.34.2)"," -O3 -DNDEBUG",8,100000,pito,owned_insert,ecs_insert_owned,1,500,1,405.774000
aalair,"Apple M3",8,"Darwin 27.0.0 arm64","Apple LLVM 21.0.0 (clang-2100.3.34.2)"," -O3 -DNDEBUG",8,100000,pito,owned_insert,ecs_insert_owned,1,500,2,404.152000
aalair,"Apple M3",8,"Darwin 27.0.0 arm64","Apple LLVM 21.0.0 (clang-2100.3.34.2)"," -O3 -DNDEBUG",8,100000,pito,owned_insert,ecs_insert_owned,1,500,3,403.824000
aalair,"Apple M3",8,"Darwin 27.0.0 arm64","Apple LLVM 21.0.0 (clang-2100.3.34.2)"," -O3 -DNDEBUG",8,100000,pito,owned_insert,ecs_insert_owned,1,500,4,407.096000
aalair,"Apple M3",8,"Darwin 27.0.0 arm64","Apple LLVM 21.0.0 (clang-2100.3.34.2)"," -O3 -DNDEBUG",8,100000,pito,owned_insert,ecs_insert_owned,1,500,5,406.714000
aalair,"Apple M3",8,"Darwin 27.0.0 arm64","Apple LLVM 21.0.0 (clang-2100.3.34.2)"," -O3 -DNDEBUG",8,100000,pito,owned_insert,ecs_insert_owned,1,500,6,406.124000
aalair,"Apple M3",8,"Darwin 27.0.0 arm64","Apple LLVM 21.0.0 (clang-2100.3.34.2)"," -O3 -DNDEBUG",8,100000,pito,owned_insert,ecs_insert_owned,1,500,7,404.256000
aalair,"Apple M3",8,"Darwin 27.0.0 arm64","Apple LLVM 21.0.0 (clang-2100.3.34.2)"," -O3 -DNDEBUG",8,100000,pito,owned_insert,ecs_insert_owned,1,500,8,403.904000
aalair,"Apple M3",8,"Darwin 27.0.0 arm64","Apple LLVM 21.0.0 (clang-2100.3.34.2)"," -O3 -DNDEBUG",8,100000,pito,owned_insert,ecs_insert_owned,1,500,9,403.817000
aalair,"Apple M3",8,"Darwin 27.0.0 arm64","Apple LLVM 21.0.0 (clang-2100.3.34.2)"," -O3 -DNDEBUG",8,100000,pito,owned_insert,ecs_insert_owned,1,500,10,404.717000
aalair,"Apple M3",8,"Darwin 27.0.0 arm64","Apple LLVM 21.0.0 (clang-2100.3.34.2)"," -O3 -DNDEBUG",8,100000,pito,owned_insert,ecs_insert_owned,2,0,1,34.511000
aalair,"Apple M3",8,"Darwin 27.0.0 arm64","Apple LLVM 21.0.0 (clang-2100.3.34.2)"," -O3 -DNDEBUG",8,100000,pito,owned_insert,ecs_insert_owned,2,0,2,35.120000
aalair,"Apple M3",8,"Darwin 27.0.0 arm64","Apple LLVM 21.0.0 (clang-2100.3.34.2)"," -O3 -DNDEBUG",8,100000,pito,owned_insert,ecs_insert_owned,2,0,3,39.814000
aalair,"Apple M3",8,"Darwin 27.0.0 arm64","Apple LLVM 21.0.0 (clang-2100.3.34.2)"," -O3 -DNDEBUG",8,100000,pito,owned_insert,ecs_insert_owned,2,0,4,34.758000
aalair,"Apple M3",8,"Darwin 27.0.0 arm64","Apple LLVM 21.0.0 (clang-2100.3.34.2)"," -O3 -DNDEBUG",8,100000,pito,owned_insert,ecs_insert_owned,2,0,5,38.055000
aalair,"Apple M3",8,"Darwin 27.0.0 arm64","Apple LLVM 21.0.0 (clang-2100.3.34.2)"," -O3 -DNDEBUG",8,100000,pito,owned_insert,ecs_insert_owned,2,0,6,39.708000
aalair,"Apple M3",8,"Darwin 27.0.0 arm64","Apple LLVM 21.0.0 (clang-2100.3.34.2)"," -O3 -DNDEBUG",8,100000,pito,owned_insert,ecs_insert_owned,2,0,7,39.528000
aalair,"Apple M3",8,"Darwin 27.0.0 arm64","Apple LLVM 21.0.0 (clang-2100.3.34.2)"," -O3 -DNDEBUG",8,100000,pito,owned_insert,ecs_insert_owned,2,0,8,40.138000
aalair,"Apple M3",8,"Darwin 27.0.0 arm64","Apple LLVM 21.0.0 (clang-2100.3.34.2)"," -O3 -DNDEBUG",8,100000,pito,owned_insert,ecs_insert_owned,2,0,9,37.342000
aalair,"Apple M3",8,"Darwin 27.0.0 arm64","Apple LLVM 21.0.0 (clang-2100.3.34.2)"," -O3 -DNDEBUG",8,100000,pito,owned_insert,ecs_insert_owned,2,0,10,35.076000
aalair,"Apple M3",8,"Darwin 27.0.0 arm64","Apple LLVM 21.0.0 (clang-2100.3.34.2)"," -O3 -DNDEBUG",8,100000,pito,owned_insert,ecs_insert_owned,2,0,11,35.302000
aalair,"Apple M3",8,"Darwin 27.0.0 arm64","Apple LLVM 21.0.0 (clang-2100.3.34.2)"," -O3 -DNDEBUG",8,100000,pito,owned_insert,ecs_insert_owned,2,0,12,35.320000
aalair,"Apple M3",8,"Darwin 27.0.0 arm64","Apple LLVM 21.0.0 (clang-2100.3.34.2)"," -O3 -DNDEBUG",8,100000,pito,owned_insert,ecs_insert_owned,2,0,13,35.313000
aalair,"Apple M3",8,"Darwin 27.0.0 arm64","Apple LLVM 21.0.0 (clang-2100.3.34.2)"," -O3 -DNDEBUG",8,100000,pito,owned_insert,ecs_insert_owned,2,0,14,35.234000
aalair,"Apple M3",8,"Darwin 27.0.0 arm64","Apple LLVM 21.0.0 (clang-2100.3.34.2)"," -O3 -DNDEBUG",8,100000,pito,owned_insert,ecs_insert_owned,2,0,15,35.257000
aalair,"Apple M3",8,"Darwin 27.0.0 arm64","Apple LLVM 21.0.0 (clang-2100.3.34.2)"," -O3 -DNDEBUG",8,100000,pito,owned_insert,ecs_insert_owned,2,0,16,35.340000
aalair,"Apple M3",8,"Darwin 27.0.0 arm64","Apple LLVM 21.0.0 (clang-2100.3.34.2)"," -O3 -DNDEBUG",8,100000,pito,owned_insert,ecs_insert_owned,2,0,17,35.179000
aalair,"Apple M3",8,"Darwin 27.0.0 arm64","Apple LLVM 21.0.0 (clang-2100.3.34.2)"," -O3 -DNDEBUG",8,100000,pito,owned_insert,ecs_insert_owned,2,0,18,35.249000
aalair,"Apple M3",8,"Darwin 27.0.0 arm64","Apple LLVM 21.0.0 (clang-2100.3.34.2)"," -O3 -DNDEBUG",8,100000,pito,owned_insert,ecs_insert_owned,2,0,19,35.237000
aalair,"Apple M3",8,"Darwin 27.0.0 arm64","Apple LLVM 21.0.0 (clang-2100.3.34.2)"," -O3 -DNDEBUG",8,100000,pito,owned_insert,ecs_insert_owned,2,0,20,35.226000
aalair,"Apple M3",8,"Darwin 27.0.0 arm64","Apple LLVM 21.0.0 (clang-2100.3.34.2)"," -O3 -DNDEBUG",8,100000,pito,owned_insert,ecs_insert_owned,2,0,21,35.308000
aalair,"Apple M3",8,"Darwin 27.0.0 arm64","Apple LLVM 21.0.0 (clang-2100.3.34.2)"," -O3 -DNDEBUG",8,100000,pito,owned_insert,ecs_insert_owned,2,0,22,35.354000
aalair,"Apple M3",8,"Darwin 27.0.0 arm64","Apple LLVM 21.0.0 (clang-2100.3.34.2)"," -O3 -DNDEBUG",8,100000,pito,owned_insert,ecs_insert_owned,2,0,23,35.952000
aalair,"Apple M3",8,"Darwin 27.0.0 arm64","Apple LLVM 21.0.0 (clang-2100.3.34.2)"," -O3 -DNDEBUG",8,100000,pito,owned_insert,ecs_insert_owned,2,0,24,35.302000
aalair,"Apple M3",8,"Darwin 27.0.0 arm64","Apple LLVM 21.0.0 (clang-2100.3.34.2)"," -O3 -DNDEBUG",8,100000,pito,owned_insert,ecs_insert_owned,2,10,1,35.289000
aalair,"Apple M3",8,"Darwin 27.0.0 arm64","Apple LLVM 21.0.0 (clang-2100.3.34.2)"," -O3 -DNDEBUG",8,100000,pito,owned_insert,ecs_insert_owned,2,10,2,35.483000
aalair,"Apple M3",8,"Darwin 27.0.0 arm64","Apple LLVM 21.0.0 (clang-2100.3.34.2)"," -O3 -DNDEBUG",8,100000,pito,owned_insert,ecs_insert_owned,2,10,3,35.548000
aalair,"Apple M3",8,"Darwin 27.0.0 arm64","Apple LLVM 21.0.0 (clang-2100.3.34.2)"," -O3 -DNDEBUG",8,100000,pito,owned_insert,ecs_insert_owned,2,10,4,35.902000
aalair,"Apple M3",8,"Darwin 27.0.0 arm64","Apple LLVM 21.0.0 (clang-2100.3.34.2)"," -O3 -DNDEBUG",8,100000,pito,owned_insert,ecs_insert_owned,2,10,5,37.637000
aalair,"Apple M3",8,"Darwin 27.0.0 arm64","Apple LLVM 21.0.0 (clang-2100.3.34.2)"," -O3 -DNDEBUG",8,100000,pito,owned_insert,ecs_insert_owned,2,10,6,35.846000
aalair,"Apple M3",8,"Darwin 27.0.0 arm64","Apple LLVM 21.0.0 (clang-2100.3.34.2)"," -O3 -DNDEBUG",8,100000,pito,owned_insert,ecs_insert_owned,2,10,7,36.260000
aalair,"Apple M3",8,"Darwin 27.0.0 arm64","Apple LLVM 21.0.0 (clang-2100.3.34.2)"," -O3 -DNDEBUG",8,100000,pito,owned_insert,ecs_insert_owned,2,10,8,36.001000
aalair,"Apple M3",8,"Darwin 27.0.0 arm64","Apple LLVM 21.0.0 (clang-2100.3.34.2)"," -O3 -DNDEBUG",8,100000,pito,owned_insert,ecs_insert_owned,2,10,9,35.696000
aalair,"Apple M3",8,"Darwin 27.0.0 arm64","Apple LLVM 21.0.0 (clang-2100.3.34.2)"," -O3 -DNDEBUG",8,100000,pito,owned_insert,ecs_insert_owned,2,10,10,36.036000
aalair,"Apple M3",8,"Darwin 27.0.0 arm64","Apple LLVM 21.0.0 (clang-2100.3.34.2)"," -O3 -DNDEBUG",8,100000,pito,owned_insert,ecs_insert_owned,2,50,1,39.478000
aalair,"Apple M3",8,"Darwin 27.0.0 arm64","Apple LLVM 21.0.0 (clang-2100.3.34.2)"," -O3 -DNDEBUG",8,100000,pito,owned_insert,ecs_insert_owned,2,50,2,39.439000
aalair,"Apple M3",8,"Darwin 27.0.0 arm64","Apple LLVM 21.0.0 (clang-2100.3.34.2)"," -O3 -DNDEBUG",8,100000,pito,owned_insert,ecs_insert_owned,2,50,3,39.300000
aalair,"Apple M3",8,"Darwin 27.0.0 arm64","Apple LLVM 21.0.0 (clang-2100.3.34.2)"," -O3 -DNDEBUG",8,100000,pito,owned_insert,ecs_insert_owned,2,50,4,39.145000
aalair,"Apple M3",8,"Darwin 27.0.0 arm64","Apple LLVM 21.0.0 (clang-2100.3.34.2)"," -O3 -DNDEBUG",8,100000,pito,owned_insert,ecs_insert_owned,2,50,5,38.871000
aalair,"Apple M3",8,"Darwin 27.0.0 arm64","Apple LLVM 21.0.0 (clang-2100.3.34.2)"," -O3 -DNDEBUG",8,100000,pito,owned_insert,ecs_insert_owned,2,50,6,39.535000
aalair,"Apple M3",8,"Darwin 27.0.0 arm64","Apple LLVM 21.0.0 (clang-2100.3.34.2)"," -O3 -DNDEBUG",8,100000,pito,owned_insert,ecs_insert_owned,2,50,7,39.387000
aalair,"Apple M3",8,"Darwin 27.0.0 arm64","Apple LLVM 21.0.0 (clang-2100.3.34.2)"," -O3 -DNDEBUG",8,100000,pito,owned_insert,ecs_insert_owned,2,50,8,39.508000
aalair,"Apple M3",8,"Darwin 27.0.0 arm64","Apple LLVM 21.0.0 (clang-2100.3.34.2)"," -O3 -DNDEBUG",8,100000,pito,owned_insert,ecs_insert_owned,2,50,9,39.480000
aalair,"Apple M3",8,"Darwin 27.0.0 arm64","Apple LLVM 21.0.0 (clang-2100.3.34.2)"," -O3 -DNDEBUG",8,100000,pito,owned_insert,ecs_insert_owned,2,50,10,39.357000
aalair,"Apple M3",8,"Darwin 27.0.0 arm64","Apple LLVM 21.0.0 (clang-2100.3.34.2)"," -O3 -DNDEBUG",8,100000,pito,owned_insert,ecs_insert_owned,2,500,1,207.052000
aalair,"Apple M3",8,"Darwin 27.0.0 arm64","Apple LLVM 21.0.0 (clang-2100.3.34.2)"," -O3 -DNDEBUG",8,100000,pito,owned_insert,ecs_insert_owned,2,500,2,206.990000
aalair,"Apple M3",8,"Darwin 27.0.0 arm64","Apple LLVM 21.0.0 (clang-2100.3.34.2)"," -O3 -DNDEBUG",8,100000,pito,owned_insert,ecs_insert_owned,2,500,3,207.184000
aalair,"Apple M3",8,"Darwin 27.0.0 arm64","Apple LLVM 21.0.0 (clang-2100.3.34.2)"," -O3 -DNDEBUG",8,100000,pito,owned_insert,ecs_insert_owned,2,500,4,208.480000
aalair,"Apple M3",8,"Darwin 27.0.0 arm64","Apple LLVM 21.0.0 (clang-2100.3.34.2)"," -O3 -DNDEBUG",8,100000,pito,owned_insert,ecs_insert_owned,2,500,5,208.498000
aalair,"Apple M3",8,"Darwin 27.0.0 arm64","Apple LLVM 21.0.0 (clang-2100.3.34.2)"," -O3 -DNDEBUG",8,100000,pito,owned_insert,ecs_insert_owned,2,500,6,208.586000
aalair,"Apple M3",8,"Darwin 27.0.0 arm64","Apple LLVM 21.0.0 (clang-2100.3.34.2)"," -O3 -DNDEBUG",8,100000,pito,owned_insert,ecs_insert_owned,2,500,7,208.417000
aalair,"Apple M3",8,"Darwin 27.0.0 arm64","Apple LLVM 21.0.0 (clang-2100.3.34.2)"," -O3 -DNDEBUG",8,100000,pito,owned_insert,ecs_insert_owned,2,500,8,208.436000
aalair,"Apple M3",8,"Darwin 27.0.0 arm64","Apple LLVM 21.0.0 (clang-2100.3.34.2)"," -O3 -DNDEBUG",8,100000,pito,owned_insert,ecs_insert_owned,2,500,9,207.701000
aalair,"Apple M3",8,"Darwin 27.0.0 arm64","Apple LLVM 21.0.0 (clang-2100.3.34.2)"," -O3 -DNDEBUG",8,100000,pito,owned_insert,ecs_insert_owned,2,500,10,208.582000
aalair,"Apple M3",8,"Darwin 27.0.0 arm64","Apple LLVM 21.0.0 (clang-2100.3.34.2)"," -O3 -DNDEBUG",8,100000,pito,owned_insert,ecs_insert_owned,4,0,1,64.112000
aalair,"Apple M3",8,"Darwin 27.0.0 arm64","Apple LLVM 21.0.0 (clang-2100.3.34.2)"," -O3 -DNDEBUG",8,100000,pito,owned_insert,ecs_insert_owned,4,0,2,63.227000
aalair,"Apple M3",8,"Darwin 27.0.0 arm64","Apple LLVM 21.0.0 (clang-2100.3.34.2)"," -O3 -DNDEBUG",8,100000,pito,owned_insert,ecs_insert_owned,4,0,3,62.957000
aalair,"Apple M3",8,"Darwin 27.0.0 arm64","Apple LLVM 21.0.0 (clang-2100.3.34.2)"," -O3 -DNDEBUG",8,100000,pito,owned_insert,ecs_insert_owned,4,0,4,63.177000
aalair,"Apple M3",8,"Darwin 27.0.0 arm64","Apple LLVM 21.0.0 (clang-2100.3.34.2)"," -O3 -DNDEBUG",8,100000,pito,owned_insert,ecs_insert_owned,4,0,5,63.540000
aalair,"Apple M3",8,"Darwin 27.0.0 arm64","Apple LLVM 21.0.0 (clang-2100.3.34.2)"," -O3 -DNDEBUG",8,100000,pito,owned_insert,ecs_insert_owned,4,0,6,63.344000
aalair,"Apple M3",8,"Darwin 27.0.0 arm64","Apple LLVM 21.0.0 (clang-2100.3.34.2)"," -O3 -DNDEBUG",8,100000,pito,owned_insert,ecs_insert_owned,4,0,7,64.016000
aalair,"Apple M3",8,"Darwin 27.0.0 arm64","Apple LLVM 21.0.0 (clang-2100.3.34.2)"," -O3 -DNDEBUG",8,100000,pito,owned_insert,ecs_insert_owned,4,0,8,62.894000
aalair,"Apple M3",8,"Darwin 27.0.0 arm64","Apple LLVM 21.0.0 (clang-2100.3.34.2)"," -O3 -DNDEBUG",8,100000,pito,owned_insert,ecs_insert_owned,4,0,9,62.959000
aalair,"Apple M3",8,"Darwin 27.0.0 arm64","Apple LLVM 21.0.0 (clang-2100.3.34.2)"," -O3 -DNDEBUG",8,100000,pito,owned_insert,ecs_insert_owned,4,0,10,63.074000
aalair,"Apple M3",8,"Darwin 27.0.0 arm64","Apple LLVM 21.0.0 (clang-2100.3.34.2)"," -O3 -DNDEBUG",8,100000,pito,owned_insert,ecs_insert_owned,4,10,1,66.302000
aalair,"Apple M3",8,"Darwin 27.0.0 arm64","Apple LLVM 21.0.0 (clang-2100.3.34.2)"," -O3 -DNDEBUG",8,100000,pito,owned_insert,ecs_insert_owned,4,10,2,66.152000
aalair,"Apple M3",8,"Darwin 27.0.0 arm64","Apple LLVM 21.0.0 (clang-2100.3.34.2)"," -O3 -DNDEBUG",8,100000,pito,owned_insert,ecs_insert_owned,4,10,3,65.918000
aalair,"Apple M3",8,"Darwin 27.0.0 arm64","Apple LLVM 21.0.0 (clang-2100.3.34.2)"," -O3 -DNDEBUG",8,100000,pito,owned_insert,ecs_insert_owned,4,10,4,66.144000
aalair,"Apple M3",8,"Darwin 27.0.0 arm64","Apple LLVM 21.0.0 (clang-2100.3.34.2)"," -O3 -DNDEBUG",8,100000,pito,owned_insert,ecs_insert_owned,4,10,5,65.929000
aalair,"Apple M3",8,"Darwin 27.0.0 arm64","Apple LLVM 21.0.0 (clang-2100.3.34.2)"," -O3 -DNDEBUG",8,100000,pito,owned_insert,ecs_insert_owned,4,10,6,65.844000
aalair,"Apple M3",8,"Darwin 27.0.0 arm64","Apple LLVM 21.0.0 (clang-2100.3.34.2)"," -O3 -DNDEBUG",8,100000,pito,owned_insert,ecs_insert_owned,4,10,7,65.764000
aalair,"Apple M3",8,"Darwin 27.0.0 arm64","Apple LLVM 21.0.0 (clang-2100.3.34.2)"," -O3 -DNDEBUG",8,100000,pito,owned_insert,ecs_insert_owned,4,10,8,66.271000
aalair,"Apple M3",8,"Darwin 27.0.0 arm64","Apple LLVM 21.0.0 (clang-2100.3.34.2)"," -O3 -DNDEBUG",8,100000,pito,owned_insert,ecs_insert_owned,4,10,9,65.527000
aalair,"Apple M3",8,"Darwin 27.0.0 arm64","Apple LLVM 21.0.0 (clang-2100.3.34.2)"," -O3 -DNDEBUG",8,100000,pito,owned_insert,ecs_insert_owned,4,10,10,65.795000
aalair,"Apple M3",8,"Darwin 27.0.0 arm64","Apple LLVM 21.0.0 (clang-2100.3.34.2)"," -O3 -DNDEBUG",8,100000,pito,owned_insert,ecs_insert_owned,4,50,1,81.746000
aalair,"Apple M3",8,"Darwin 27.0.0 arm64","Apple LLVM 21.0.0 (clang-2100.3.34.2)"," -O3 -DNDEBUG",8,100000,pito,owned_insert,ecs_insert_owned,4,50,2,81.665000
aalair,"Apple M3",8,"Darwin 27.0.0 arm64","Apple LLVM 21.0.0 (clang-2100.3.34.2)"," -O3 -DNDEBUG",8,100000,pito,owned_insert,ecs_insert_owned,4,50,3,81.603000
aalair,"Apple M3",8,"Darwin 27.0.0 arm64","Apple LLVM 21.0.0 (clang-2100.3.34.2)"," -O3 -DNDEBUG",8,100000,pito,owned_insert,ecs_insert_owned,4,50,4,81.538000
aalair,"Apple M3",8,"Darwin 27.0.0 arm64","Apple LLVM 21.0.0 (clang-2100.3.34.2)"," -O3 -DNDEBUG",8,100000,pito,owned_insert,ecs_insert_owned,4,50,5,81.333000
aalair,"Apple M3",8,"Darwin 27.0.0 arm64","Apple LLVM 21.0.0 (clang-2100.3.34.2)"," -O3 -DNDEBUG",8,100000,pito,owned_insert,ecs_insert_owned,4,50,6,81.148000
aalair,"Apple M3",8,"Darwin 27.0.0 arm64","Apple LLVM 21.0.0 (clang-2100.3.34.2)"," -O3 -DNDEBUG",8,100000,pito,owned_insert,ecs_insert_owned,4,50,7,81.065000
aalair,"Apple M3",8,"Darwin 27.0.0 arm64","Apple LLVM 21.0.0 (clang-2100.3.34.2)"," -O3 -DNDEBUG",8,100000,pito,owned_insert,ecs_insert_owned,4,50,8,83.306000
aalair,"Apple M3",8,"Darwin 27.0.0 arm64","Apple LLVM 21.0.0 (clang-2100.3.34.2)"," -O3 -DNDEBUG",8,100000,pito,owned_insert,ecs_insert_owned,4,50,9,81.537000
aalair,"Apple M3",8,"Darwin 27.0.0 arm64","Apple LLVM 21.0.0 (clang-2100.3.34.2)"," -O3 -DNDEBUG",8,100000,pito,owned_insert,ecs_insert_owned,4,50,10,81.205000
aalair,"Apple M3",8,"Darwin 27.0.0 arm64","Apple LLVM 21.0.0 (clang-2100.3.34.2)"," -O3 -DNDEBUG",8,100000,pito,owned_insert,ecs_insert_owned,4,500,1,114.036000
aalair,"Apple M3",8,"Darwin 27.0.0 arm64","Apple LLVM 21.0.0 (clang-2100.3.34.2)"," -O3 -DNDEBUG",8,100000,pito,owned_insert,ecs_insert_owned,4,500,2,112.794000
aalair,"Apple M3",8,"Darwin 27.0.0 arm64","Apple LLVM 21.0.0 (clang-2100.3.34.2)"," -O3 -DNDEBUG",8,100000,pito,owned_insert,ecs_insert_owned,4,500,3,112.790000
aalair,"Apple M3",8,"Darwin 27.0.0 arm64","Apple LLVM 21.0.0 (clang-2100.3.34.2)"," -O3 -DNDEBUG",8,100000,pito,owned_insert,ecs_insert_owned,4,500,4,112.747000
aalair,"Apple M3",8,"Darwin 27.0.0 arm64","Apple LLVM 21.0.0 (clang-2100.3.34.2)"," -O3 -DNDEBUG",8,100000,pito,owned_insert,ecs_insert_owned,4,500,5,113.307000
aalair,"Apple M3",8,"Darwin 27.0.0 arm64","Apple LLVM 21.0.0 (clang-2100.3.34.2)"," -O3 -DNDEBUG",8,100000,pito,owned_insert,ecs_insert_owned,4,500,6,113.349000
aalair,"Apple M3",8,"Darwin 27.0.0 arm64","Apple LLVM 21.0.0 (clang-2100.3.34.2)"," -O3 -DNDEBUG",8,100000,pito,owned_insert,ecs_insert_owned,4,500,7,112.926000
aalair,"Apple M3",8,"Darwin 27.0.0 arm64","Apple LLVM 21.0.0 (clang-2100.3.34.2)"," -O3 -DNDEBUG",8,100000,pito,owned_insert,ecs_insert_owned,4,500,8,112.832000
aalair,"Apple M3",8,"Darwin 27.0.0 arm64","Apple LLVM 21.0.0 (clang-2100.3.34.2)"," -O3 -DNDEBUG",8,100000,pito,owned_insert,ecs_insert_owned,4,500,9,112.838000
aalair,"Apple M3",8,"Darwin 27.0.0 arm64","Apple LLVM 21.0.0 (clang-2100.3.34.2)"," -O3 -DNDEBUG",8,100000,pito,owned_insert,ecs_insert_owned,4,500,10,112.890000
aalair,"Apple M3",8,"Darwin 27.0.0 arm64","Apple LLVM 21.0.0 (clang-2100.3.34.2)"," -O3 -DNDEBUG",8,100000,pito,owned_insert,ecs_insert_owned,8,0,1,100.794000
aalair,"Apple M3",8,"Darwin 27.0.0 arm64","Apple LLVM 21.0.0 (clang-2100.3.34.2)"," -O3 -DNDEBUG",8,100000,pito,owned_insert,ecs_insert_owned,8,0,2,100.229000
aalair,"Apple M3",8,"Darwin 27.0.0 arm64","Apple LLVM 21.0.0 (clang-2100.3.34.2)"," -O3 -DNDEBUG",8,100000,pito,owned_insert,ecs_insert_owned,8,0,3,99.463000
aalair,"Apple M3",8,"Darwin 27.0.0 arm64","Apple LLVM 21.0.0 (clang-2100.3.34.2)"," -O3 -DNDEBUG",8,100000,pito,owned_insert,ecs_insert_owned,8,0,4,98.875000
aalair,"Apple M3",8,"Darwin 27.0.0 arm64","Apple LLVM 21.0.0 (clang-2100.3.34.2)"," -O3 -DNDEBUG",8,100000,pito,owned_insert,ecs_insert_owned,8,0,5,99.349000
aalair,"Apple M3",8,"Darwin 27.0.0 arm64","Apple LLVM 21.0.0 (clang-2100.3.34.2)"," -O3 -DNDEBUG",8,100000,pito,owned_insert,ecs_insert_owned,8,0,6,99.669000
aalair,"Apple M3",8,"Darwin 27.0.0 arm64","Apple LLVM 21.0.0 (clang-2100.3.34.2)"," -O3 -DNDEBUG",8,100000,pito,owned_insert,ecs_insert_owned,8,0,7,99.853000
aalair,"Apple M3",8,"Darwin 27.0.0 arm64","Apple LLVM 21.0.0 (clang-2100.3.34.2)"," -O3 -DNDEBUG",8,100000,pito,owned_insert,ecs_insert_owned,8,0,8,100.647000
aalair,"Apple M3",8,"Darwin 27.0.0 arm64","Apple LLVM 21.0.0 (clang-2100.3.34.2)"," -O3 -DNDEBUG",8,100000,pito,owned_insert,ecs_insert_owned,8,0,9,99.751000
aalair,"Apple M3",8,"Darwin 27.0.0 arm64","Apple LLVM 21.0.0 (clang-2100.3.34.2)"," -O3 -DNDEBUG",8,100000,pito,owned_insert,ecs_insert_owned,8,0,10,98.363000
aalair,"Apple M3",8,"Darwin 27.0.0 arm64","Apple LLVM 21.0.0 (clang-2100.3.34.2)"," -O3 -DNDEBUG",8,100000,pito,owned_insert,ecs_insert_owned,8,10,1,104.875000
aalair,"Apple M3",8,"Darwin 27.0.0 arm64","Apple LLVM 21.0.0 (clang-2100.3.34.2)"," -O3 -DNDEBUG",8,100000,pito,owned_insert,ecs_insert_owned,8,10,2,106.596000
aalair,"Apple M3",8,"Darwin 27.0.0 arm64","Apple LLVM 21.0.0 (clang-2100.3.34.2)"," -O3 -DNDEBUG",8,100000,pito,owned_insert,ecs_insert_owned,8,10,3,106.079000
aalair,"Apple M3",8,"Darwin 27.0.0 arm64","Apple LLVM 21.0.0 (clang-2100.3.34.2)"," -O3 -DNDEBUG",8,100000,pito,owned_insert,ecs_insert_owned,8,10,4,105.297000
aalair,"Apple M3",8,"Darwin 27.0.0 arm64","Apple LLVM 21.0.0 (clang-2100.3.34.2)"," -O3 -DNDEBUG",8,100000,pito,owned_insert,ecs_insert_owned,8,10,5,104.865000
aalair,"Apple M3",8,"Darwin 27.0.0 arm64","Apple LLVM 21.0.0 (clang-2100.3.34.2)"," -O3 -DNDEBUG",8,100000,pito,owned_insert,ecs_insert_owned,8,10,6,105.286000
aalair,"Apple M3",8,"Darwin 27.0.0 arm64","Apple LLVM 21.0.0 (clang-2100.3.34.2)"," -O3 -DNDEBUG",8,100000,pito,owned_insert,ecs_insert_owned,8,10,7,105.806000
aalair,"Apple M3",8,"Darwin 27.0.0 arm64","Apple LLVM 21.0.0 (clang-2100.3.34.2)"," -O3 -DNDEBUG",8,100000,pito,owned_insert,ecs_insert_owned,8,10,8,106.020000
aalair,"Apple M3",8,"Darwin 27.0.0 arm64","Apple LLVM 21.0.0 (clang-2100.3.34.2)"," -O3 -DNDEBUG",8,100000,pito,owned_insert,ecs_insert_owned,8,10,9,104.795000
aalair,"Apple M3",8,"Darwin 27.0.0 arm64","Apple LLVM 21.0.0 (clang-2100.3.34.2)"," -O3 -DNDEBUG",8,100000,pito,owned_insert,ecs_insert_owned,8,10,10,106.891000
aalair,"Apple M3",8,"Darwin 27.0.0 arm64","Apple LLVM 21.0.0 (clang-2100.3.34.2)"," -O3 -DNDEBUG",8,100000,pito,owned_insert,ecs_insert_owned,8,50,1,142.228000
aalair,"Apple M3",8,"Darwin 27.0.0 arm64","Apple LLVM 21.0.0 (clang-2100.3.34.2)"," -O3 -DNDEBUG",8,100000,pito,owned_insert,ecs_insert_owned,8,50,2,141.168000
aalair,"Apple M3",8,"Darwin 27.0.0 arm64","Apple LLVM 21.0.0 (clang-2100.3.34.2)"," -O3 -DNDEBUG",8,100000,pito,owned_insert,ecs_insert_owned,8,50,3,140.640000
aalair,"Apple M3",8,"Darwin 27.0.0 arm64","Apple LLVM 21.0.0 (clang-2100.3.34.2)"," -O3 -DNDEBUG",8,100000,pito,owned_insert,ecs_insert_owned,8,50,4,141.704000
aalair,"Apple M3",8,"Darwin 27.0.0 arm64","Apple LLVM 21.0.0 (clang-2100.3.34.2)"," -O3 -DNDEBUG",8,100000,pito,owned_insert,ecs_insert_owned,8,50,5,142.393000
aalair,"Apple M3",8,"Darwin 27.0.0 arm64","Apple LLVM 21.0.0 (clang-2100.3.34.2)"," -O3 -DNDEBUG",8,100000,pito,owned_insert,ecs_insert_owned,8,50,6,141.320000
aalair,"Apple M3",8,"Darwin 27.0.0 arm64","Apple LLVM 21.0.0 (clang-2100.3.34.2)"," -O3 -DNDEBUG",8,100000,pito,owned_insert,ecs_insert_owned,8,50,7,142.371000
aalair,"Apple M3",8,"Darwin 27.0.0 arm64","Apple LLVM 21.0.0 (clang-2100.3.34.2)"," -O3 -DNDEBUG",8,100000,pito,owned_insert,ecs_insert_owned,8,50,8,136.891000
aalair,"Apple M3",8,"Darwin 27.0.0 arm64","Apple LLVM 21.0.0 (clang-2100.3.34.2)"," -O3 -DNDEBUG",8,100000,pito,owned_insert,ecs_insert_owned,8,50,9,141.082000
aalair,"Apple M3",8,"Darwin 27.0.0 arm64","Apple LLVM 21.0.0 (clang-2100.3.34.2)"," -O3 -DNDEBUG",8,100000,pito,owned_insert,ecs_insert_owned,8,50,10,140.605000
aalair,"Apple M3",8,"Darwin 27.0.0 arm64","Apple LLVM 21.0.0 (clang-2100.3.34.2)"," -O3 -DNDEBUG",8,100000,pito,owned_insert,ecs_insert_owned,8,500,1,197.281000
aalair,"Apple M3",8,"Darwin 27.0.0 arm64","Apple LLVM 21.0.0 (clang-2100.3.34.2)"," -O3 -DNDEBUG",8,100000,pito,owned_insert,ecs_insert_owned,8,500,2,197.470000
aalair,"Apple M3",8,"Darwin 27.0.0 arm64","Apple LLVM 21.0.0 (clang-2100.3.34.2)"," -O3 -DNDEBUG",8,100000,pito,owned_insert,ecs_insert_owned,8,500,3,198.884000
aalair,"Apple M3",8,"Darwin 27.0.0 arm64","Apple LLVM 21.0.0 (clang-2100.3.34.2)"," -O3 -DNDEBUG",8,100000,pito,owned_insert,ecs_insert_owned,8,500,4,198.156000
aalair,"Apple M3",8,"Darwin 27.0.0 arm64","Apple LLVM 21.0.0 (clang-2100.3.34.2)"," -O3 -DNDEBUG",8,100000,pito,owned_insert,ecs_insert_owned,8,500,5,203.291000
aalair,"Apple M3",8,"Darwin 27.0.0 arm64","Apple LLVM 21.0.0 (clang-2100.3.34.2)"," -O3 -DNDEBUG",8,100000,pito,owned_insert,ecs_insert_owned,8,500,6,198.408000
aalair,"Apple M3",8,"Darwin 27.0.0 arm64","Apple LLVM 21.0.0 (clang-2100.3.34.2)"," -O3 -DNDEBUG",8,100000,pito,owned_insert,ecs_insert_owned,8,500,7,203.210000
aalair,"Apple M3",8,"Darwin 27.0.0 arm64","Apple LLVM 21.0.0 (clang-2100.3.34.2)"," -O3 -DNDEBUG",8,100000,pito,owned_insert,ecs_insert_owned,8,500,8,197.979000
aalair,"Apple M3",8,"Darwin 27.0.0 arm64","Apple LLVM 21.0.0 (clang-2100.3.34.2)"," -O3 -DNDEBUG",8,100000,pito,owned_insert,ecs_insert_owned,8,500,9,197.260000
aalair,"Apple M3",8,"Darwin 27.0.0 arm64","Apple LLVM 21.0.0 (clang-2100.3.34.2)"," -O3 -DNDEBUG",8,100000,pito,owned_insert,ecs_insert_owned,8,500,10,203.375000
aalair,"Apple M3",8,"Darwin 27.0.0 arm64","Apple LLVM 21.0.0 (clang-2100.3.34.2)"," -O3 -DNDEBUG",8,100000,pito,owned_insert,ecs_insert_owned + join,1,0,1,29.074000
aalair,"Apple M3",8,"Darwin 27.0.0 arm64","Apple LLVM 21.0.0 (clang-2100.3.34.2)"," -O3 -DNDEBUG",8,100000,pito,owned_insert,ecs_insert_owned + join,1,0,2,29.017000
aalair,"Apple M3",8,"Darwin 27.0.0 arm64","Apple LLVM 21.0.0 (clang-2100.3.34.2)"," -O3 -DNDEBUG",8,100000,pito,owned_insert,ecs_insert_owned + join,1,0,3,28.924000
aalair,"Apple M3",8,"Darwin 27.0.0 arm64","Apple LLVM 21.0.0 (clang-2100.3.34.2)"," -O3 -DNDEBUG",8,100000,pito,owned_insert,ecs_insert_owned + join,1,0,4,28.928000
aalair,"Apple M3",8,"Darwin 27.0.0 arm64","Apple LLVM 21.0.0 (clang-2100.3.34.2)"," -O3 -DNDEBUG",8,100000,pito,owned_insert,ecs_insert_owned + join,1,0,5,28.973000
aalair,"Apple M3",8,"Darwin 27.0.0 arm64","Apple LLVM 21.0.0 (clang-2100.3.34.2)"," -O3 -DNDEBUG",8,100000,pito,owned_insert,ecs_insert_owned + join,1,0,6,28.990000
aalair,"Apple M3",8,"Darwin 27.0.0 arm64","Apple LLVM 21.0.0 (clang-2100.3.34.2)"," -O3 -DNDEBUG",8,100000,pito,owned_insert,ecs_insert_owned + join,1,0,7,28.911000
aalair,"Apple M3",8,"Darwin 27.0.0 arm64","Apple LLVM 21.0.0 (clang-2100.3.34.2)"," -O3 -DNDEBUG",8,100000,pito,owned_insert,ecs_insert_owned + join,1,0,8,29.033000
aalair,"Apple M3",8,"Darwin 27.0.0 arm64","Apple LLVM 21.0.0 (clang-2100.3.34.2)"," -O3 -DNDEBUG",8,100000,pito,owned_insert,ecs_insert_owned + join,1,0,9,28.952000
aalair,"Apple M3",8,"Darwin 27.0.0 arm64","Apple LLVM 21.0.0 (clang-2100.3.34.2)"," -O3 -DNDEBUG",8,100000,pito,owned_insert,ecs_insert_owned + join,1,0,10,28.981000
aalair,"Apple M3",8,"Darwin 27.0.0 arm64","Apple LLVM 21.0.0 (clang-2100.3.34.2)"," -O3 -DNDEBUG",8,100000,pito,owned_insert,ecs_insert_owned + join,1,10,1,31.298000
aalair,"Apple M3",8,"Darwin 27.0.0 arm64","Apple LLVM 21.0.0 (clang-2100.3.34.2)"," -O3 -DNDEBUG",8,100000,pito,owned_insert,ecs_insert_owned + join,1,10,2,31.400000
aalair,"Apple M3",8,"Darwin 27.0.0 arm64","Apple LLVM 21.0.0 (clang-2100.3.34.2)"," -O3 -DNDEBUG",8,100000,pito,owned_insert,ecs_insert_owned + join,1,10,3,31.417000
aalair,"Apple M3",8,"Darwin 27.0.0 arm64","Apple LLVM 21.0.0 (clang-2100.3.34.2)"," -O3 -DNDEBUG",8,100000,pito,owned_insert,ecs_insert_owned + join,1,10,4,31.361000
aalair,"Apple M3",8,"Darwin 27.0.0 arm64","Apple LLVM 21.0.0 (clang-2100.3.34.2)"," -O3 -DNDEBUG",8,100000,pito,owned_insert,ecs_insert_owned + join,1,10,5,31.351000
aalair,"Apple M3",8,"Darwin 27.0.0 arm64","Apple LLVM 21.0.0 (clang-2100.3.34.2)"," -O3 -DNDEBUG",8,100000,pito,owned_insert,ecs_insert_owned + join,1,10,6,31.349000
aalair,"Apple M3",8,"Darwin 27.0.0 arm64","Apple LLVM 21.0.0 (clang-2100.3.34.2)"," -O3 -DNDEBUG",8,100000,pito,owned_insert,ecs_insert_owned + join,1,10,7,31.509000
aalair,"Apple M3",8,"Darwin 27.0.0 arm64","Apple LLVM 21.0.0 (clang-2100.3.34.2)"," -O3 -DNDEBUG",8,100000,pito,owned_insert,ecs_insert_owned + join,1,10,8,31.228000
aalair,"Apple M3",8,"Darwin 27.0.0 arm64","Apple LLVM 21.0.0 (clang-2100.3.34.2)"," -O3 -DNDEBUG",8,100000,pito,owned_insert,ecs_insert_owned + join,1,10,9,31.390000
aalair,"Apple M3",8,"Darwin 27.0.0 arm64","Apple LLVM 21.0.0 (clang-2100.3.34.2)"," -O3 -DNDEBUG",8,100000,pito,owned_insert,ecs_insert_owned + join,1,10,10,31.129000
aalair,"Apple M3",8,"Darwin 27.0.0 arm64","Apple LLVM 21.0.0 (clang-2100.3.34.2)"," -O3 -DNDEBUG",8,100000,pito,owned_insert,ecs_insert_owned + join,1,50,1,54.577000
aalair,"Apple M3",8,"Darwin 27.0.0 arm64","Apple LLVM 21.0.0 (clang-2100.3.34.2)"," -O3 -DNDEBUG",8,100000,pito,owned_insert,ecs_insert_owned + join,1,50,2,54.639000
aalair,"Apple M3",8,"Darwin 27.0.0 arm64","Apple LLVM 21.0.0 (clang-2100.3.34.2)"," -O3 -DNDEBUG",8,100000,pito,owned_insert,ecs_insert_owned + join,1,50,3,54.524000
aalair,"Apple M3",8,"Darwin 27.0.0 arm64","Apple LLVM 21.0.0 (clang-2100.3.34.2)"," -O3 -DNDEBUG",8,100000,pito,owned_insert,ecs_insert_owned + join,1,50,4,54.633000
aalair,"Apple M3",8,"Darwin 27.0.0 arm64","Apple LLVM 21.0.0 (clang-2100.3.34.2)"," -O3 -DNDEBUG",8,100000,pito,owned_insert,ecs_insert_owned + join,1,50,5,55.488000
aalair,"Apple M3",8,"Darwin 27.0.0 arm64","Apple LLVM 21.0.0 (clang-2100.3.34.2)"," -O3 -DNDEBUG",8,100000,pito,owned_insert,ecs_insert_owned + join,1,50,6,54.413000
aalair,"Apple M3",8,"Darwin 27.0.0 arm64","Apple LLVM 21.0.0 (clang-2100.3.34.2)"," -O3 -DNDEBUG",8,100000,pito,owned_insert,ecs_insert_owned + join,1,50,7,54.542000
aalair,"Apple M3",8,"Darwin 27.0.0 arm64","Apple LLVM 21.0.0 (clang-2100.3.34.2)"," -O3 -DNDEBUG",8,100000,pito,owned_insert,ecs_insert_owned + join,1,50,8,54.393000
aalair,"Apple M3",8,"Darwin 27.0.0 arm64","Apple LLVM 21.0.0 (clang-2100.3.34.2)"," -O3 -DNDEBUG",8,100000,pito,owned_insert,ecs_insert_owned + join,1,50,9,54.356000
aalair,"Apple M3",8,"Darwin 27.0.0 arm64","Apple LLVM 21.0.0 (clang-2100.3.34.2)"," -O3 -DNDEBUG",8,100000,pito,owned_insert,ecs_insert_owned + join,1,50,10,54.518000
aalair,"Apple M3",8,"Darwin 27.0.0 arm64","Apple LLVM 21.0.0 (clang-2100.3.34.2)"," -O3 -DNDEBUG",8,100000,pito,owned_insert,ecs_insert_owned + join,1,500,1,408.046000
aalair,"Apple M3",8,"Darwin 27.0.0 arm64","Apple LLVM 21.0.0 (clang-2100.3.34.2)"," -O3 -DNDEBUG",8,100000,pito,owned_insert,ecs_insert_owned + join,1,500,2,409.476000
aalair,"Apple M3",8,"Darwin 27.0.0 arm64","Apple LLVM 21.0.0 (clang-2100.3.34.2)"," -O3 -DNDEBUG",8,100000,pito,owned_insert,ecs_insert_owned + join,1,500,3,411.956000
aalair,"Apple M3",8,"Darwin 27.0.0 arm64","Apple LLVM 21.0.0 (clang-2100.3.34.2)"," -O3 -DNDEBUG",8,100000,pito,owned_insert,ecs_insert_owned + join,1,500,4,411.704000
aalair,"Apple M3",8,"Darwin 27.0.0 arm64","Apple LLVM 21.0.0 (clang-2100.3.34.2)"," -O3 -DNDEBUG",8,100000,pito,owned_insert,ecs_insert_owned + join,1,500,5,409.929000
aalair,"Apple M3",8,"Darwin 27.0.0 arm64","Apple LLVM 21.0.0 (clang-2100.3.34.2)"," -O3 -DNDEBUG",8,100000,pito,owned_insert,ecs_insert_owned + join,1,500,6,408.526000
aalair,"Apple M3",8,"Darwin 27.0.0 arm64","Apple LLVM 21.0.0 (clang-2100.3.34.2)"," -O3 -DNDEBUG",8,100000,pito,owned_insert,ecs_insert_owned + join,1,500,7,408.743000
aalair,"Apple M3",8,"Darwin 27.0.0 arm64","Apple LLVM 21.0.0 (clang-2100.3.34.2)"," -O3 -DNDEBUG",8,100000,pito,owned_insert,ecs_insert_owned + join,1,500,8,409.609000
aalair,"Apple M3",8,"Darwin 27.0.0 arm64","Apple LLVM 21.0.0 (clang-2100.3.34.2)"," -O3 -DNDEBUG",8,100000,pito,owned_insert,ecs_insert_owned + join,1,500,9,408.488000
aalair,"Apple M3",8,"Darwin 27.0.0 arm64","Apple LLVM 21.0.0 (clang-2100.3.34.2)"," -O3 -DNDEBUG",8,100000,pito,owned_insert,ecs_insert_owned + join,1,500,10,408.252000
aalair,"Apple M3",8,"Darwin 27.0.0 arm64","Apple LLVM 21.0.0 (clang-2100.3.34.2)"," -O3 -DNDEBUG",8,100000,pito,owned_insert,ecs_insert_owned + join,2,0,1,38.645000
aalair,"Apple M3",8,"Darwin 27.0.0 arm64","Apple LLVM 21.0.0 (clang-2100.3.34.2)"," -O3 -DNDEBUG",8,100000,pito,owned_insert,ecs_insert_owned + join,2,0,2,40.679000
aalair,"Apple M3",8,"Darwin 27.0.0 arm64","Apple LLVM 21.0.0 (clang-2100.3.34.2)"," -O3 -DNDEBUG",8,100000,pito,owned_insert,ecs_insert_owned + join,2,0,3,39.244000
aalair,"Apple M3",8,"Darwin 27.0.0 arm64","Apple LLVM 21.0.0 (clang-2100.3.34.2)"," -O3 -DNDEBUG",8,100000,pito,owned_insert,ecs_insert_owned + join,2,0,4,39.312000
aalair,"Apple M3",8,"Darwin 27.0.0 arm64","Apple LLVM 21.0.0 (clang-2100.3.34.2)"," -O3 -DNDEBUG",8,100000,pito,owned_insert,ecs_insert_owned + join,2,0,5,41.161000
aalair,"Apple M3",8,"Darwin 27.0.0 arm64","Apple LLVM 21.0.0 (clang-2100.3.34.2)"," -O3 -DNDEBUG",8,100000,pito,owned_insert,ecs_insert_owned + join,2,0,6,43.878000
aalair,"Apple M3",8,"Darwin 27.0.0 arm64","Apple LLVM 21.0.0 (clang-2100.3.34.2)"," -O3 -DNDEBUG",8,100000,pito,owned_insert,ecs_insert_owned + join,2,0,7,42.432000
aalair,"Apple M3",8,"Darwin 27.0.0 arm64","Apple LLVM 21.0.0 (clang-2100.3.34.2)"," -O3 -DNDEBUG",8,100000,pito,owned_insert,ecs_insert_owned + join,2,0,8,42.893000
aalair,"Apple M3",8,"Darwin 27.0.0 arm64","Apple LLVM 21.0.0 (clang-2100.3.34.2)"," -O3 -DNDEBUG",8,100000,pito,owned_insert,ecs_insert_owned + join,2,0,9,42.231000
aalair,"Apple M3",8,"Darwin 27.0.0 arm64","Apple LLVM 21.0.0 (clang-2100.3.34.2)"," -O3 -DNDEBUG",8,100000,pito,owned_insert,ecs_insert_owned + join,2,0,10,42.281000
aalair,"Apple M3",8,"Darwin 27.0.0 arm64","Apple LLVM 21.0.0 (clang-2100.3.34.2)"," -O3 -DNDEBUG",8,100000,pito,owned_insert,ecs_insert_owned + join,2,0,11,42.588000
aalair,"Apple M3",8,"Darwin 27.0.0 arm64","Apple LLVM 21.0.0 (clang-2100.3.34.2)"," -O3 -DNDEBUG",8,100000,pito,owned_insert,ecs_insert_owned + join,2,0,12,42.698000
aalair,"Apple M3",8,"Darwin 27.0.0 arm64","Apple LLVM 21.0.0 (clang-2100.3.34.2)"," -O3 -DNDEBUG",8,100000,pito,owned_insert,ecs_insert_owned + join,2,0,13,42.600000
aalair,"Apple M3",8,"Darwin 27.0.0 arm64","Apple LLVM 21.0.0 (clang-2100.3.34.2)"," -O3 -DNDEBUG",8,100000,pito,owned_insert,ecs_insert_owned + join,2,0,14,42.630000
aalair,"Apple M3",8,"Darwin 27.0.0 arm64","Apple LLVM 21.0.0 (clang-2100.3.34.2)"," -O3 -DNDEBUG",8,100000,pito,owned_insert,ecs_insert_owned + join,2,0,15,43.148000
aalair,"Apple M3",8,"Darwin 27.0.0 arm64","Apple LLVM 21.0.0 (clang-2100.3.34.2)"," -O3 -DNDEBUG",8,100000,pito,owned_insert,ecs_insert_owned + join,2,0,16,42.654000
aalair,"Apple M3",8,"Darwin 27.0.0 arm64","Apple LLVM 21.0.0 (clang-2100.3.34.2)"," -O3 -DNDEBUG",8,100000,pito,owned_insert,ecs_insert_owned + join,2,10,1,42.179000
aalair,"Apple M3",8,"Darwin 27.0.0 arm64","Apple LLVM 21.0.0 (clang-2100.3.34.2)"," -O3 -DNDEBUG",8,100000,pito,owned_insert,ecs_insert_owned + join,2,10,2,42.184000
aalair,"Apple M3",8,"Darwin 27.0.0 arm64","Apple LLVM 21.0.0 (clang-2100.3.34.2)"," -O3 -DNDEBUG",8,100000,pito,owned_insert,ecs_insert_owned + join,2,10,3,41.486000
aalair,"Apple M3",8,"Darwin 27.0.0 arm64","Apple LLVM 21.0.0 (clang-2100.3.34.2)"," -O3 -DNDEBUG",8,100000,pito,owned_insert,ecs_insert_owned + join,2,10,4,38.976000
aalair,"Apple M3",8,"Darwin 27.0.0 arm64","Apple LLVM 21.0.0 (clang-2100.3.34.2)"," -O3 -DNDEBUG",8,100000,pito,owned_insert,ecs_insert_owned + join,2,10,5,40.324000
aalair,"Apple M3",8,"Darwin 27.0.0 arm64","Apple LLVM 21.0.0 (clang-2100.3.34.2)"," -O3 -DNDEBUG",8,100000,pito,owned_insert,ecs_insert_owned + join,2,10,6,40.279000
aalair,"Apple M3",8,"Darwin 27.0.0 arm64","Apple LLVM 21.0.0 (clang-2100.3.34.2)"," -O3 -DNDEBUG",8,100000,pito,owned_insert,ecs_insert_owned + join,2,10,7,42.041000
aalair,"Apple M3",8,"Darwin 27.0.0 arm64","Apple LLVM 21.0.0 (clang-2100.3.34.2)"," -O3 -DNDEBUG",8,100000,pito,owned_insert,ecs_insert_owned + join,2,10,8,41.744000
aalair,"Apple M3",8,"Darwin 27.0.0 arm64","Apple LLVM 21.0.0 (clang-2100.3.34.2)"," -O3 -DNDEBUG",8,100000,pito,owned_insert,ecs_insert_owned + join,2,10,9,42.073000
aalair,"Apple M3",8,"Darwin 27.0.0 arm64","Apple LLVM 21.0.0 (clang-2100.3.34.2)"," -O3 -DNDEBUG",8,100000,pito,owned_insert,ecs_insert_owned + join,2,10,10,42.254000
aalair,"Apple M3",8,"Darwin 27.0.0 arm64","Apple LLVM 21.0.0 (clang-2100.3.34.2)"," -O3 -DNDEBUG",8,100000,pito,owned_insert,ecs_insert_owned + join,2,10,11,57.506000
aalair,"Apple M3",8,"Darwin 27.0.0 arm64","Apple LLVM 21.0.0 (clang-2100.3.34.2)"," -O3 -DNDEBUG",8,100000,pito,owned_insert,ecs_insert_owned + join,2,50,1,47.128000
aalair,"Apple M3",8,"Darwin 27.0.0 arm64","Apple LLVM 21.0.0 (clang-2100.3.34.2)"," -O3 -DNDEBUG",8,100000,pito,owned_insert,ecs_insert_owned + join,2,50,2,47.337000
aalair,"Apple M3",8,"Darwin 27.0.0 arm64","Apple LLVM 21.0.0 (clang-2100.3.34.2)"," -O3 -DNDEBUG",8,100000,pito,owned_insert,ecs_insert_owned + join,2,50,3,47.079000
aalair,"Apple M3",8,"Darwin 27.0.0 arm64","Apple LLVM 21.0.0 (clang-2100.3.34.2)"," -O3 -DNDEBUG",8,100000,pito,owned_insert,ecs_insert_owned + join,2,50,4,47.040000
aalair,"Apple M3",8,"Darwin 27.0.0 arm64","Apple LLVM 21.0.0 (clang-2100.3.34.2)"," -O3 -DNDEBUG",8,100000,pito,owned_insert,ecs_insert_owned + join,2,50,5,47.038000
aalair,"Apple M3",8,"Darwin 27.0.0 arm64","Apple LLVM 21.0.0 (clang-2100.3.34.2)"," -O3 -DNDEBUG",8,100000,pito,owned_insert,ecs_insert_owned + join,2,50,6,47.063000
aalair,"Apple M3",8,"Darwin 27.0.0 arm64","Apple LLVM 21.0.0 (clang-2100.3.34.2)"," -O3 -DNDEBUG",8,100000,pito,owned_insert,ecs_insert_owned + join,2,50,7,47.048000
aalair,"Apple M3",8,"Darwin 27.0.0 arm64","Apple LLVM 21.0.0 (clang-2100.3.34.2)"," -O3 -DNDEBUG",8,100000,pito,owned_insert,ecs_insert_owned + join,2,50,8,47.094000
aalair,"Apple M3",8,"Darwin 27.0.0 arm64","Apple LLVM 21.0.0 (clang-2100.3.34.2)"," -O3 -DNDEBUG",8,100000,pito,owned_insert,ecs_insert_owned + join,2,50,9,47.063000
aalair,"Apple M3",8,"Darwin 27.0.0 arm64","Apple LLVM 21.0.0 (clang-2100.3.34.2)"," -O3 -DNDEBUG",8,100000,pito,owned_insert,ecs_insert_owned + join,2,50,10,47.037000
aalair,"Apple M3",8,"Darwin 27.0.0 arm64","Apple LLVM 21.0.0 (clang-2100.3.34.2)"," -O3 -DNDEBUG",8,100000,pito,owned_insert,ecs_insert_owned + join,2,500,1,210.724000
aalair,"Apple M3",8,"Darwin 27.0.0 arm64","Apple LLVM 21.0.0 (clang-2100.3.34.2)"," -O3 -DNDEBUG",8,100000,pito,owned_insert,ecs_insert_owned + join,2,500,2,210.276000
aalair,"Apple M3",8,"Darwin 27.0.0 arm64","Apple LLVM 21.0.0 (clang-2100.3.34.2)"," -O3 -DNDEBUG",8,100000,pito,owned_insert,ecs_insert_owned + join,2,500,3,209.966000
aalair,"Apple M3",8,"Darwin 27.0.0 arm64","Apple LLVM 21.0.0 (clang-2100.3.34.2)"," -O3 -DNDEBUG",8,100000,pito,owned_insert,ecs_insert_owned + join,2,500,4,210.194000
aalair,"Apple M3",8,"Darwin 27.0.0 arm64","Apple LLVM 21.0.0 (clang-2100.3.34.2)"," -O3 -DNDEBUG",8,100000,pito,owned_insert,ecs_insert_owned + join,2,500,5,209.904000
aalair,"Apple M3",8,"Darwin 27.0.0 arm64","Apple LLVM 21.0.0 (clang-2100.3.34.2)"," -O3 -DNDEBUG",8,100000,pito,owned_insert,ecs_insert_owned + join,2,500,6,211.884000
aalair,"Apple M3",8,"Darwin 27.0.0 arm64","Apple LLVM 21.0.0 (clang-2100.3.34.2)"," -O3 -DNDEBUG",8,100000,pito,owned_insert,ecs_insert_owned + join,2,500,7,209.995000
aalair,"Apple M3",8,"Darwin 27.0.0 arm64","Apple LLVM 21.0.0 (clang-2100.3.34.2)"," -O3 -DNDEBUG",8,100000,pito,owned_insert,ecs_insert_owned + join,2,500,8,209.812000
aalair,"Apple M3",8,"Darwin 27.0.0 arm64","Apple LLVM 21.0.0 (clang-2100.3.34.2)"," -O3 -DNDEBUG",8,100000,pito,owned_insert,ecs_insert_owned + join,2,500,9,210.109000
aalair,"Apple M3",8,"Darwin 27.0.0 arm64","Apple LLVM 21.0.0 (clang-2100.3.34.2)"," -O3 -DNDEBUG",8,100000,pito,owned_insert,ecs_insert_owned + join,2,500,10,210.912000
aalair,"Apple M3",8,"Darwin 27.0.0 arm64","Apple LLVM 21.0.0 (clang-2100.3.34.2)"," -O3 -DNDEBUG",8,100000,pito,owned_insert,ecs_insert_owned + join,4,0,1,70.206000
aalair,"Apple M3",8,"Darwin 27.0.0 arm64","Apple LLVM 21.0.0 (clang-2100.3.34.2)"," -O3 -DNDEBUG",8,100000,pito,owned_insert,ecs_insert_owned + join,4,0,2,69.632000
aalair,"Apple M3",8,"Darwin 27.0.0 arm64","Apple LLVM 21.0.0 (clang-2100.3.34.2)"," -O3 -DNDEBUG",8,100000,pito,owned_insert,ecs_insert_owned + join,4,0,3,69.951000
aalair,"Apple M3",8,"Darwin 27.0.0 arm64","Apple LLVM 21.0.0 (clang-2100.3.34.2)"," -O3 -DNDEBUG",8,100000,pito,owned_insert,ecs_insert_owned + join,4,0,4,69.931000
aalair,"Apple M3",8,"Darwin 27.0.0 arm64","Apple LLVM 21.0.0 (clang-2100.3.34.2)"," -O3 -DNDEBUG",8,100000,pito,owned_insert,ecs_insert_owned + join,4,0,5,70.078000
aalair,"Apple M3",8,"Darwin 27.0.0 arm64","Apple LLVM 21.0.0 (clang-2100.3.34.2)"," -O3 -DNDEBUG",8,100000,pito,owned_insert,ecs_insert_owned + join,4,0,6,70.404000
aalair,"Apple M3",8,"Darwin 27.0.0 arm64","Apple LLVM 21.0.0 (clang-2100.3.34.2)"," -O3 -DNDEBUG",8,100000,pito,owned_insert,ecs_insert_owned + join,4,0,7,70.326000
aalair,"Apple M3",8,"Darwin 27.0.0 arm64","Apple LLVM 21.0.0 (clang-2100.3.34.2)"," -O3 -DNDEBUG",8,100000,pito,owned_insert,ecs_insert_owned + join,4,0,8,69.780000
aalair,"Apple M3",8,"Darwin 27.0.0 arm64","Apple LLVM 21.0.0 (clang-2100.3.34.2)"," -O3 -DNDEBUG",8,100000,pito,owned_insert,ecs_insert_owned + join,4,0,9,70.111000
aalair,"Apple M3",8,"Darwin 27.0.0 arm64","Apple LLVM 21.0.0 (clang-2100.3.34.2)"," -O3 -DNDEBUG",8,100000,pito,owned_insert,ecs_insert_owned + join,4,0,10,70.367000
aalair,"Apple M3",8,"Darwin 27.0.0 arm64","Apple LLVM 21.0.0 (clang-2100.3.34.2)"," -O3 -DNDEBUG",8,100000,pito,owned_insert,ecs_insert_owned + join,4,10,1,70.738000
aalair,"Apple M3",8,"Darwin 27.0.0 arm64","Apple LLVM 21.0.0 (clang-2100.3.34.2)"," -O3 -DNDEBUG",8,100000,pito,owned_insert,ecs_insert_owned + join,4,10,2,70.987000
aalair,"Apple M3",8,"Darwin 27.0.0 arm64","Apple LLVM 21.0.0 (clang-2100.3.34.2)"," -O3 -DNDEBUG",8,100000,pito,owned_insert,ecs_insert_owned + join,4,10,3,70.391000
aalair,"Apple M3",8,"Darwin 27.0.0 arm64","Apple LLVM 21.0.0 (clang-2100.3.34.2)"," -O3 -DNDEBUG",8,100000,pito,owned_insert,ecs_insert_owned + join,4,10,4,70.891000
aalair,"Apple M3",8,"Darwin 27.0.0 arm64","Apple LLVM 21.0.0 (clang-2100.3.34.2)"," -O3 -DNDEBUG",8,100000,pito,owned_insert,ecs_insert_owned + join,4,10,5,71.178000
aalair,"Apple M3",8,"Darwin 27.0.0 arm64","Apple LLVM 21.0.0 (clang-2100.3.34.2)"," -O3 -DNDEBUG",8,100000,pito,owned_insert,ecs_insert_owned + join,4,10,6,71.114000
aalair,"Apple M3",8,"Darwin 27.0.0 arm64","Apple LLVM 21.0.0 (clang-2100.3.34.2)"," -O3 -DNDEBUG",8,100000,pito,owned_insert,ecs_insert_owned + join,4,10,7,70.471000
aalair,"Apple M3",8,"Darwin 27.0.0 arm64","Apple LLVM 21.0.0 (clang-2100.3.34.2)"," -O3 -DNDEBUG",8,100000,pito,owned_insert,ecs_insert_owned + join,4,10,8,70.873000
aalair,"Apple M3",8,"Darwin 27.0.0 arm64","Apple LLVM 21.0.0 (clang-2100.3.34.2)"," -O3 -DNDEBUG",8,100000,pito,owned_insert,ecs_insert_owned + join,4,10,9,70.819000
aalair,"Apple M3",8,"Darwin 27.0.0 arm64","Apple LLVM 21.0.0 (clang-2100.3.34.2)"," -O3 -DNDEBUG",8,100000,pito,owned_insert,ecs_insert_owned + join,4,10,10,71.843000
aalair,"Apple M3",8,"Darwin 27.0.0 arm64","Apple LLVM 21.0.0 (clang-2100.3.34.2)"," -O3 -DNDEBUG",8,100000,pito,owned_insert,ecs_insert_owned + join,4,50,1,78.024000
aalair,"Apple M3",8,"Darwin 27.0.0 arm64","Apple LLVM 21.0.0 (clang-2100.3.34.2)"," -O3 -DNDEBUG",8,100000,pito,owned_insert,ecs_insert_owned + join,4,50,2,77.828000
aalair,"Apple M3",8,"Darwin 27.0.0 arm64","Apple LLVM 21.0.0 (clang-2100.3.34.2)"," -O3 -DNDEBUG",8,100000,pito,owned_insert,ecs_insert_owned + join,4,50,3,77.937000
aalair,"Apple M3",8,"Darwin 27.0.0 arm64","Apple LLVM 21.0.0 (clang-2100.3.34.2)"," -O3 -DNDEBUG",8,100000,pito,owned_insert,ecs_insert_owned + join,4,50,4,78.529000
aalair,"Apple M3",8,"Darwin 27.0.0 arm64","Apple LLVM 21.0.0 (clang-2100.3.34.2)"," -O3 -DNDEBUG",8,100000,pito,owned_insert,ecs_insert_owned + join,4,50,5,77.788000
aalair,"Apple M3",8,"Darwin 27.0.0 arm64","Apple LLVM 21.0.0 (clang-2100.3.34.2)"," -O3 -DNDEBUG",8,100000,pito,owned_insert,ecs_insert_owned + join,4,50,6,78.875000
aalair,"Apple M3",8,"Darwin 27.0.0 arm64","Apple LLVM 21.0.0 (clang-2100.3.34.2)"," -O3 -DNDEBUG",8,100000,pito,owned_insert,ecs_insert_owned + join,4,50,7,78.258000
aalair,"Apple M3",8,"Darwin 27.0.0 arm64","Apple LLVM 21.0.0 (clang-2100.3.34.2)"," -O3 -DNDEBUG",8,100000,pito,owned_insert,ecs_insert_owned + join,4,50,8,78.712000
aalair,"Apple M3",8,"Darwin 27.0.0 arm64","Apple LLVM 21.0.0 (clang-2100.3.34.2)"," -O3 -DNDEBUG",8,100000,pito,owned_insert,ecs_insert_owned + join,4,50,9,78.417000
aalair,"Apple M3",8,"Darwin 27.0.0 arm64","Apple LLVM 21.0.0 (clang-2100.3.34.2)"," -O3 -DNDEBUG",8,100000,pito,owned_insert,ecs_insert_owned + join,4,50,10,78.865000
aalair,"Apple M3",8,"Darwin 27.0.0 arm64","Apple LLVM 21.0.0 (clang-2100.3.34.2)"," -O3 -DNDEBUG",8,100000,pito,owned_insert,ecs_insert_owned + join,4,500,1,114.955000
aalair,"Apple M3",8,"Darwin 27.0.0 arm64","Apple LLVM 21.0.0 (clang-2100.3.34.2)"," -O3 -DNDEBUG",8,100000,pito,owned_insert,ecs_insert_owned + join,4,500,2,115.004000
aalair,"Apple M3",8,"Darwin 27.0.0 arm64","Apple LLVM 21.0.0 (clang-2100.3.34.2)"," -O3 -DNDEBUG",8,100000,pito,owned_insert,ecs_insert_owned + join,4,500,3,114.946000
aalair,"Apple M3",8,"Darwin 27.0.0 arm64","Apple LLVM 21.0.0 (clang-2100.3.34.2)"," -O3 -DNDEBUG",8,100000,pito,owned_insert,ecs_insert_owned + join,4,500,4,115.726000
aalair,"Apple M3",8,"Darwin 27.0.0 arm64","Apple LLVM 21.0.0 (clang-2100.3.34.2)"," -O3 -DNDEBUG",8,100000,pito,owned_insert,ecs_insert_owned + join,4,500,5,115.027000
aalair,"Apple M3",8,"Darwin 27.0.0 arm64","Apple LLVM 21.0.0 (clang-2100.3.34.2)"," -O3 -DNDEBUG",8,100000,pito,owned_insert,ecs_insert_owned + join,4,500,6,119.086000
aalair,"Apple M3",8,"Darwin 27.0.0 arm64","Apple LLVM 21.0.0 (clang-2100.3.34.2)"," -O3 -DNDEBUG",8,100000,pito,owned_insert,ecs_insert_owned + join,4,500,7,114.934000
aalair,"Apple M3",8,"Darwin 27.0.0 arm64","Apple LLVM 21.0.0 (clang-2100.3.34.2)"," -O3 -DNDEBUG",8,100000,pito,owned_insert,ecs_insert_owned + join,4,500,8,115.510000
aalair,"Apple M3",8,"Darwin 27.0.0 arm64","Apple LLVM 21.0.0 (clang-2100.3.34.2)"," -O3 -DNDEBUG",8,100000,pito,owned_insert,ecs_insert_owned + join,4,500,9,114.975000
aalair,"Apple M3",8,"Darwin 27.0.0 arm64","Apple LLVM 21.0.0 (clang-2100.3.34.2)"," -O3 -DNDEBUG",8,100000,pito,owned_insert,ecs_insert_owned + join,4,500,10,115.048000
aalair,"Apple M3",8,"Darwin 27.0.0 arm64","Apple LLVM 21.0.0 (clang-2100.3.34.2)"," -O3 -DNDEBUG",8,100000,pito,owned_insert,ecs_insert_owned + join,8,0,1,114.620000
aalair,"Apple M3",8,"Darwin 27.0.0 arm64","Apple LLVM 21.0.0 (clang-2100.3.34.2)"," -O3 -DNDEBUG",8,100000,pito,owned_insert,ecs_insert_owned + join,8,0,2,114.078000
aalair,"Apple M3",8,"Darwin 27.0.0 arm64","Apple LLVM 21.0.0 (clang-2100.3.34.2)"," -O3 -DNDEBUG",8,100000,pito,owned_insert,ecs_insert_owned + join,8,0,3,112.528000
aalair,"Apple M3",8,"Darwin 27.0.0 arm64","Apple LLVM 21.0.0 (clang-2100.3.34.2)"," -O3 -DNDEBUG",8,100000,pito,owned_insert,ecs_insert_owned + join,8,0,4,112.416000
aalair,"Apple M3",8,"Darwin 27.0.0 arm64","Apple LLVM 21.0.0 (clang-2100.3.34.2)"," -O3 -DNDEBUG",8,100000,pito,owned_insert,ecs_insert_owned + join,8,0,5,113.120000
aalair,"Apple M3",8,"Darwin 27.0.0 arm64","Apple LLVM 21.0.0 (clang-2100.3.34.2)"," -O3 -DNDEBUG",8,100000,pito,owned_insert,ecs_insert_owned + join,8,0,6,112.960000
aalair,"Apple M3",8,"Darwin 27.0.0 arm64","Apple LLVM 21.0.0 (clang-2100.3.34.2)"," -O3 -DNDEBUG",8,100000,pito,owned_insert,ecs_insert_owned + join,8,0,7,113.464000
aalair,"Apple M3",8,"Darwin 27.0.0 arm64","Apple LLVM 21.0.0 (clang-2100.3.34.2)"," -O3 -DNDEBUG",8,100000,pito,owned_insert,ecs_insert_owned + join,8,0,8,112.920000
aalair,"Apple M3",8,"Darwin 27.0.0 arm64","Apple LLVM 21.0.0 (clang-2100.3.34.2)"," -O3 -DNDEBUG",8,100000,pito,owned_insert,ecs_insert_owned + join,8,0,9,112.949000
aalair,"Apple M3",8,"Darwin 27.0.0 arm64","Apple LLVM 21.0.0 (clang-2100.3.34.2)"," -O3 -DNDEBUG",8,100000,pito,owned_insert,ecs_insert_owned + join,8,0,10,114.100000
aalair,"Apple M3",8,"Darwin 27.0.0 arm64","Apple LLVM 21.0.0 (clang-2100.3.34.2)"," -O3 -DNDEBUG",8,100000,pito,owned_insert,ecs_insert_owned + join,8,10,1,117.138000
aalair,"Apple M3",8,"Darwin 27.0.0 arm64","Apple LLVM 21.0.0 (clang-2100.3.34.2)"," -O3 -DNDEBUG",8,100000,pito,owned_insert,ecs_insert_owned + join,8,10,2,117.234000
aalair,"Apple M3",8,"Darwin 27.0.0 arm64","Apple LLVM 21.0.0 (clang-2100.3.34.2)"," -O3 -DNDEBUG",8,100000,pito,owned_insert,ecs_insert_owned + join,8,10,3,117.740000
aalair,"Apple M3",8,"Darwin 27.0.0 arm64","Apple LLVM 21.0.0 (clang-2100.3.34.2)"," -O3 -DNDEBUG",8,100000,pito,owned_insert,ecs_insert_owned + join,8,10,4,117.261000
aalair,"Apple M3",8,"Darwin 27.0.0 arm64","Apple LLVM 21.0.0 (clang-2100.3.34.2)"," -O3 -DNDEBUG",8,100000,pito,owned_insert,ecs_insert_owned + join,8,10,5,118.325000
aalair,"Apple M3",8,"Darwin 27.0.0 arm64","Apple LLVM 21.0.0 (clang-2100.3.34.2)"," -O3 -DNDEBUG",8,100000,pito,owned_insert,ecs_insert_owned + join,8,10,6,116.752000
aalair,"Apple M3",8,"Darwin 27.0.0 arm64","Apple LLVM 21.0.0 (clang-2100.3.34.2)"," -O3 -DNDEBUG",8,100000,pito,owned_insert,ecs_insert_owned + join,8,10,7,116.412000
aalair,"Apple M3",8,"Darwin 27.0.0 arm64","Apple LLVM 21.0.0 (clang-2100.3.34.2)"," -O3 -DNDEBUG",8,100000,pito,owned_insert,ecs_insert_owned + join,8,10,8,116.383000
aalair,"Apple M3",8,"Darwin 27.0.0 arm64","Apple LLVM 21.0.0 (clang-2100.3.34.2)"," -O3 -DNDEBUG",8,100000,pito,owned_insert,ecs_insert_owned + join,8,10,9,116.804000
aalair,"Apple M3",8,"Darwin 27.0.0 arm64","Apple LLVM 21.0.0 (clang-2100.3.34.2)"," -O3 -DNDEBUG",8,100000,pito,owned_insert,ecs_insert_owned + join,8,10,10,117.074000
aalair,"Apple M3",8,"Darwin 27.0.0 arm64","Apple LLVM 21.0.0 (clang-2100.3.34.2)"," -O3 -DNDEBUG",8,100000,pito,owned_insert,ecs_insert_owned + join,8,50,1,141.517000
aalair,"Apple M3",8,"Darwin 27.0.0 arm64","Apple LLVM 21.0.0 (clang-2100.3.34.2)"," -O3 -DNDEBUG",8,100000,pito,owned_insert,ecs_insert_owned + join,8,50,2,142.851000
aalair,"Apple M3",8,"Darwin 27.0.0 arm64","Apple LLVM 21.0.0 (clang-2100.3.34.2)"," -O3 -DNDEBUG",8,100000,pito,owned_insert,ecs_insert_owned + join,8,50,3,141.993000
aalair,"Apple M3",8,"Darwin 27.0.0 arm64","Apple LLVM 21.0.0 (clang-2100.3.34.2)"," -O3 -DNDEBUG",8,100000,pito,owned_insert,ecs_insert_owned + join,8,50,4,141.568000
aalair,"Apple M3",8,"Darwin 27.0.0 arm64","Apple LLVM 21.0.0 (clang-2100.3.34.2)"," -O3 -DNDEBUG",8,100000,pito,owned_insert,ecs_insert_owned + join,8,50,5,141.698000
aalair,"Apple M3",8,"Darwin 27.0.0 arm64","Apple LLVM 21.0.0 (clang-2100.3.34.2)"," -O3 -DNDEBUG",8,100000,pito,owned_insert,ecs_insert_owned + join,8,50,6,141.395000
aalair,"Apple M3",8,"Darwin 27.0.0 arm64","Apple LLVM 21.0.0 (clang-2100.3.34.2)"," -O3 -DNDEBUG",8,100000,pito,owned_insert,ecs_insert_owned + join,8,50,7,145.698000
aalair,"Apple M3",8,"Darwin 27.0.0 arm64","Apple LLVM 21.0.0 (clang-2100.3.34.2)"," -O3 -DNDEBUG",8,100000,pito,owned_insert,ecs_insert_owned + join,8,50,8,140.987000
aalair,"Apple M3",8,"Darwin 27.0.0 arm64","Apple LLVM 21.0.0 (clang-2100.3.34.2)"," -O3 -DNDEBUG",8,100000,pito,owned_insert,ecs_insert_owned + join,8,50,9,139.751000
aalair,"Apple M3",8,"Darwin 27.0.0 arm64","Apple LLVM 21.0.0 (clang-2100.3.34.2)"," -O3 -DNDEBUG",8,100000,pito,owned_insert,ecs_insert_owned + join,8,50,10,144.142000
aalair,"Apple M3",8,"Darwin 27.0.0 arm64","Apple LLVM 21.0.0 (clang-2100.3.34.2)"," -O3 -DNDEBUG",8,100000,pito,owned_insert,ecs_insert_owned + join,8,500,1,227.272000
aalair,"Apple M3",8,"Darwin 27.0.0 arm64","Apple LLVM 21.0.0 (clang-2100.3.34.2)"," -O3 -DNDEBUG",8,100000,pito,owned_insert,ecs_insert_owned + join,8,500,2,222.606000
aalair,"Apple M3",8,"Darwin 27.0.0 arm64","Apple LLVM 21.0.0 (clang-2100.3.34.2)"," -O3 -DNDEBUG",8,100000,pito,owned_insert,ecs_insert_owned + join,8,500,3,222.973000
aalair,"Apple M3",8,"Darwin 27.0.0 arm64","Apple LLVM 21.0.0 (clang-2100.3.34.2)"," -O3 -DNDEBUG",8,100000,pito,owned_insert,ecs_insert_owned + join,8,500,4,225.855000
aalair,"Apple M3",8,"Darwin 27.0.0 arm64","Apple LLVM 21.0.0 (clang-2100.3.34.2)"," -O3 -DNDEBUG",8,100000,pito,owned_insert,ecs_insert_owned + join,8,500,5,225.856000
aalair,"Apple M3",8,"Darwin 27.0.0 arm64","Apple LLVM 21.0.0 (clang-2100.3.34.2)"," -O3 -DNDEBUG",8,100000,pito,owned_insert,ecs_insert_owned + join,8,500,6,224.688000
aalair,"Apple M3",8,"Darwin 27.0.0 arm64","Apple LLVM 21.0.0 (clang-2100.3.34.2)"," -O3 -DNDEBUG",8,100000,pito,owned_insert,ecs_insert_owned + join,8,500,7,221.058000
aalair,"Apple M3",8,"Darwin 27.0.0 arm64","Apple LLVM 21.0.0 (clang-2100.3.34.2)"," -O3 -DNDEBUG",8,100000,pito,owned_insert,ecs_insert_owned + join,8,500,8,224.418000
aalair,"Apple M3",8,"Darwin 27.0.0 arm64","Apple LLVM 21.0.0 (clang-2100.3.34.2)"," -O3 -DNDEBUG",8,100000,pito,owned_insert,ecs_insert_owned + join,8,500,9,224.031000
aalair,"Apple M3",8,"Darwin 27.0.0 arm64","Apple LLVM 21.0.0 (clang-2100.3.34.2)"," -O3 -DNDEBUG",8,100000,pito,owned_insert,ecs_insert_owned + join,8,500,10,223.673000
aalair,"Apple M3",8,"Darwin 27.0.0 arm64","Apple LLVM 21.0.0 (clang-2100.3.34.2)"," -O3 -DNDEBUG -DPITO_ECS_OWNED_DELETE_ATOMIC=1",8,100000,pito,owned_insert,ecs_insert_owned,1,0,1,19.075000
aalair,"Apple M3",8,"Darwin 27.0.0 arm64","Apple LLVM 21.0.0 (clang-2100.3.34.2)"," -O3 -DNDEBUG -DPITO_ECS_OWNED_DELETE_ATOMIC=1",8,100000,pito,owned_insert,ecs_insert_owned,1,0,2,19.104000
aalair,"Apple M3",8,"Darwin 27.0.0 arm64","Apple LLVM 21.0.0 (clang-2100.3.34.2)"," -O3 -DNDEBUG -DPITO_ECS_OWNED_DELETE_ATOMIC=1",8,100000,pito,owned_insert,ecs_insert_owned,1,0,3,19.011000
aalair,"Apple M3",8,"Darwin 27.0.0 arm64","Apple LLVM 21.0.0 (clang-2100.3.34.2)"," -O3 -DNDEBUG -DPITO_ECS_OWNED_DELETE_ATOMIC=1",8,100000,pito,owned_insert,ecs_insert_owned,1,0,4,19.076000
aalair,"Apple M3",8,"Darwin 27.0.0 arm64","Apple LLVM 21.0.0 (clang-2100.3.34.2)"," -O3 -DNDEBUG -DPITO_ECS_OWNED_DELETE_ATOMIC=1",8,100000,pito,owned_insert,ecs_insert_owned,1,0,5,19.039000
aalair,"Apple M3",8,"Darwin 27.0.0 arm64","Apple LLVM 21.0.0 (clang-2100.3.34.2)"," -O3 -DNDEBUG -DPITO_ECS_OWNED_DELETE_ATOMIC=1",8,100000,pito,owned_insert,ecs_insert_owned,1,0,6,18.999000
aalair,"Apple M3",8,"Darwin 27.0.0 arm64","Apple LLVM 21.0.0 (clang-2100.3.34.2)"," -O3 -DNDEBUG -DPITO_ECS_OWNED_DELETE_ATOMIC=1",8,100000,pito,owned_insert,ecs_insert_owned,1,0,7,19.024000
aalair,"Apple M3",8,"Darwin 27.0.0 arm64","Apple LLVM 21.0.0 (clang-2100.3.34.2)"," -O3 -DNDEBUG -DPITO_ECS_OWNED_DELETE_ATOMIC=1",8,100000,pito,owned_insert,ecs_insert_owned,1,0,8,19.025000
aalair,"Apple M3",8,"Darwin 27.0.0 arm64","Apple LLVM 21.0.0 (clang-2100.3.34.2)"," -O3 -DNDEBUG -DPITO_ECS_OWNED_DELETE_ATOMIC=1",8,100000,pito,owned_insert,ecs_insert_owned,1,0,9,18.976000
aalair,"Apple M3",8,"Darwin 27.0.0 arm64","Apple LLVM 21.0.0 (clang-2100.3.34.2)"," -O3 -DNDEBUG -DPITO_ECS_OWNED_DELETE_ATOMIC=1",8,100000,pito,owned_insert,ecs_insert_owned,1,0,10,18.999000
aalair,"Apple M3",8,"Darwin 27.0.0 arm64","Apple LLVM 21.0.0 (clang-2100.3.34.2)"," -O3 -DNDEBUG -DPITO_ECS_OWNED_DELETE_ATOMIC=1",8,100000,pito,owned_insert,ecs_insert_owned,1,10,1,21.373000
aalair,"Apple M3",8,"Darwin 27.0.0 arm64","Apple LLVM 21.0.0 (clang-2100.3.34.2)"," -O3 -DNDEBUG -DPITO_ECS_OWNED_DELETE_ATOMIC=1",8,100000,pito,owned_insert,ecs_insert_owned,1,10,2,21.328000
aalair,"Apple M3",8,"Darwin 27.0.0 arm64","Apple LLVM 21.0.0 (clang-2100.3.34.2)"," -O3 -DNDEBUG -DPITO_ECS_OWNED_DELETE_ATOMIC=1",8,100000,pito,owned_insert,ecs_insert_owned,1,10,3,21.434000
aalair,"Apple M3",8,"Darwin 27.0.0 arm64","Apple LLVM 21.0.0 (clang-2100.3.34.2)"," -O3 -DNDEBUG -DPITO_ECS_OWNED_DELETE_ATOMIC=1",8,100000,pito,owned_insert,ecs_insert_owned,1,10,4,21.350000
aalair,"Apple M3",8,"Darwin 27.0.0 arm64","Apple LLVM 21.0.0 (clang-2100.3.34.2)"," -O3 -DNDEBUG -DPITO_ECS_OWNED_DELETE_ATOMIC=1",8,100000,pito,owned_insert,ecs_insert_owned,1,10,5,21.319000
aalair,"Apple M3",8,"Darwin 27.0.0 arm64","Apple LLVM 21.0.0 (clang-2100.3.34.2)"," -O3 -DNDEBUG -DPITO_ECS_OWNED_DELETE_ATOMIC=1",8,100000,pito,owned_insert,ecs_insert_owned,1,10,6,21.329000
aalair,"Apple M3",8,"Darwin 27.0.0 arm64","Apple LLVM 21.0.0 (clang-2100.3.34.2)"," -O3 -DNDEBUG -DPITO_ECS_OWNED_DELETE_ATOMIC=1",8,100000,pito,owned_insert,ecs_insert_owned,1,10,7,21.332000
aalair,"Apple M3",8,"Darwin 27.0.0 arm64","Apple LLVM 21.0.0 (clang-2100.3.34.2)"," -O3 -DNDEBUG -DPITO_ECS_OWNED_DELETE_ATOMIC=1",8,100000,pito,owned_insert,ecs_insert_owned,1,10,8,21.271000
aalair,"Apple M3",8,"Darwin 27.0.0 arm64","Apple LLVM 21.0.0 (clang-2100.3.34.2)"," -O3 -DNDEBUG -DPITO_ECS_OWNED_DELETE_ATOMIC=1",8,100000,pito,owned_insert,ecs_insert_owned,1,10,9,21.292000
aalair,"Apple M3",8,"Darwin 27.0.0 arm64","Apple LLVM 21.0.0 (clang-2100.3.34.2)"," -O3 -DNDEBUG -DPITO_ECS_OWNED_DELETE_ATOMIC=1",8,100000,pito,owned_insert,ecs_insert_owned,1,10,10,22.003000
aalair,"Apple M3",8,"Darwin 27.0.0 arm64","Apple LLVM 21.0.0 (clang-2100.3.34.2)"," -O3 -DNDEBUG -DPITO_ECS_OWNED_DELETE_ATOMIC=1",8,100000,pito,owned_insert,ecs_insert_owned,1,50,1,45.863000
aalair,"Apple M3",8,"Darwin 27.0.0 arm64","Apple LLVM 21.0.0 (clang-2100.3.34.2)"," -O3 -DNDEBUG -DPITO_ECS_OWNED_DELETE_ATOMIC=1",8,100000,pito,owned_insert,ecs_insert_owned,1,50,2,46.320000
aalair,"Apple M3",8,"Darwin 27.0.0 arm64","Apple LLVM 21.0.0 (clang-2100.3.34.2)"," -O3 -DNDEBUG -DPITO_ECS_OWNED_DELETE_ATOMIC=1",8,100000,pito,owned_insert,ecs_insert_owned,1,50,3,45.387000
aalair,"Apple M3",8,"Darwin 27.0.0 arm64","Apple LLVM 21.0.0 (clang-2100.3.34.2)"," -O3 -DNDEBUG -DPITO_ECS_OWNED_DELETE_ATOMIC=1",8,100000,pito,owned_insert,ecs_insert_owned,1,50,4,45.285000
aalair,"Apple M3",8,"Darwin 27.0.0 arm64","Apple LLVM 21.0.0 (clang-2100.3.34.2)"," -O3 -DNDEBUG -DPITO_ECS_OWNED_DELETE_ATOMIC=1",8,100000,pito,owned_insert,ecs_insert_owned,1,50,5,45.096000
aalair,"Apple M3",8,"Darwin 27.0.0 arm64","Apple LLVM 21.0.0 (clang-2100.3.34.2)"," -O3 -DNDEBUG -DPITO_ECS_OWNED_DELETE_ATOMIC=1",8,100000,pito,owned_insert,ecs_insert_owned,1,50,6,46.218000
aalair,"Apple M3",8,"Darwin 27.0.0 arm64","Apple LLVM 21.0.0 (clang-2100.3.34.2)"," -O3 -DNDEBUG -DPITO_ECS_OWNED_DELETE_ATOMIC=1",8,100000,pito,owned_insert,ecs_insert_owned,1,50,7,44.784000
aalair,"Apple M3",8,"Darwin 27.0.0 arm64","Apple LLVM 21.0.0 (clang-2100.3.34.2)"," -O3 -DNDEBUG -DPITO_ECS_OWNED_DELETE_ATOMIC=1",8,100000,pito,owned_insert,ecs_insert_owned,1,50,8,44.235000
aalair,"Apple M3",8,"Darwin 27.0.0 arm64","Apple LLVM 21.0.0 (clang-2100.3.34.2)"," -O3 -DNDEBUG -DPITO_ECS_OWNED_DELETE_ATOMIC=1",8,100000,pito,owned_insert,ecs_insert_owned,1,50,9,43.592000
aalair,"Apple M3",8,"Darwin 27.0.0 arm64","Apple LLVM 21.0.0 (clang-2100.3.34.2)"," -O3 -DNDEBUG -DPITO_ECS_OWNED_DELETE_ATOMIC=1",8,100000,pito,owned_insert,ecs_insert_owned,1,50,10,44.429000
aalair,"Apple M3",8,"Darwin 27.0.0 arm64","Apple LLVM 21.0.0 (clang-2100.3.34.2)"," -O3 -DNDEBUG -DPITO_ECS_OWNED_DELETE_ATOMIC=1",8,100000,pito,owned_insert,ecs_insert_owned,1,500,1,396.211000
aalair,"Apple M3",8,"Darwin 27.0.0 arm64","Apple LLVM 21.0.0 (clang-2100.3.34.2)"," -O3 -DNDEBUG -DPITO_ECS_OWNED_DELETE_ATOMIC=1",8,100000,pito,owned_insert,ecs_insert_owned,1,500,2,394.594000
aalair,"Apple M3",8,"Darwin 27.0.0 arm64","Apple LLVM 21.0.0 (clang-2100.3.34.2)"," -O3 -DNDEBUG -DPITO_ECS_OWNED_DELETE_ATOMIC=1",8,100000,pito,owned_insert,ecs_insert_owned,1,500,3,395.092000
aalair,"Apple M3",8,"Darwin 27.0.0 arm64","Apple LLVM 21.0.0 (clang-2100.3.34.2)"," -O3 -DNDEBUG -DPITO_ECS_OWNED_DELETE_ATOMIC=1",8,100000,pito,owned_insert,ecs_insert_owned,1,500,4,394.646000
aalair,"Apple M3",8,"Darwin 27.0.0 arm64","Apple LLVM 21.0.0 (clang-2100.3.34.2)"," -O3 -DNDEBUG -DPITO_ECS_OWNED_DELETE_ATOMIC=1",8,100000,pito,owned_insert,ecs_insert_owned,1,500,5,394.720000
aalair,"Apple M3",8,"Darwin 27.0.0 arm64","Apple LLVM 21.0.0 (clang-2100.3.34.2)"," -O3 -DNDEBUG -DPITO_ECS_OWNED_DELETE_ATOMIC=1",8,100000,pito,owned_insert,ecs_insert_owned,1,500,6,395.340000
aalair,"Apple M3",8,"Darwin 27.0.0 arm64","Apple LLVM 21.0.0 (clang-2100.3.34.2)"," -O3 -DNDEBUG -DPITO_ECS_OWNED_DELETE_ATOMIC=1",8,100000,pito,owned_insert,ecs_insert_owned,1,500,7,394.596000
aalair,"Apple M3",8,"Darwin 27.0.0 arm64","Apple LLVM 21.0.0 (clang-2100.3.34.2)"," -O3 -DNDEBUG -DPITO_ECS_OWNED_DELETE_ATOMIC=1",8,100000,pito,owned_insert,ecs_insert_owned,1,500,8,394.768000
aalair,"Apple M3",8,"Darwin 27.0.0 arm64","Apple LLVM 21.0.0 (clang-2100.3.34.2)"," -O3 -DNDEBUG -DPITO_ECS_OWNED_DELETE_ATOMIC=1",8,100000,pito,owned_insert,ecs_insert_owned,1,500,9,394.569000
aalair,"Apple M3",8,"Darwin 27.0.0 arm64","Apple LLVM 21.0.0 (clang-2100.3.34.2)"," -O3 -DNDEBUG -DPITO_ECS_OWNED_DELETE_ATOMIC=1",8,100000,pito,owned_insert,ecs_insert_owned,1,500,10,394.483000
aalair,"Apple M3",8,"Darwin 27.0.0 arm64","Apple LLVM 21.0.0 (clang-2100.3.34.2)"," -O3 -DNDEBUG -DPITO_ECS_OWNED_DELETE_ATOMIC=1",8,100000,pito,owned_insert,ecs_insert_owned,2,0,1,10.132000
aalair,"Apple M3",8,"Darwin 27.0.0 arm64","Apple LLVM 21.0.0 (clang-2100.3.34.2)"," -O3 -DNDEBUG -DPITO_ECS_OWNED_DELETE_ATOMIC=1",8,100000,pito,owned_insert,ecs_insert_owned,2,0,2,10.171000
aalair,"Apple M3",8,"Darwin 27.0.0 arm64","Apple LLVM 21.0.0 (clang-2100.3.34.2)"," -O3 -DNDEBUG -DPITO_ECS_OWNED_DELETE_ATOMIC=1",8,100000,pito,owned_insert,ecs_insert_owned,2,0,3,10.086000
aalair,"Apple M3",8,"Darwin 27.0.0 arm64","Apple LLVM 21.0.0 (clang-2100.3.34.2)"," -O3 -DNDEBUG -DPITO_ECS_OWNED_DELETE_ATOMIC=1",8,100000,pito,owned_insert,ecs_insert_owned,2,0,4,10.132000
aalair,"Apple M3",8,"Darwin 27.0.0 arm64","Apple LLVM 21.0.0 (clang-2100.3.34.2)"," -O3 -DNDEBUG -DPITO_ECS_OWNED_DELETE_ATOMIC=1",8,100000,pito,owned_insert,ecs_insert_owned,2,0,5,10.058000
aalair,"Apple M3",8,"Darwin 27.0.0 arm64","Apple LLVM 21.0.0 (clang-2100.3.34.2)"," -O3 -DNDEBUG -DPITO_ECS_OWNED_DELETE_ATOMIC=1",8,100000,pito,owned_insert,ecs_insert_owned,2,0,6,10.486000
aalair,"Apple M3",8,"Darwin 27.0.0 arm64","Apple LLVM 21.0.0 (clang-2100.3.34.2)"," -O3 -DNDEBUG -DPITO_ECS_OWNED_DELETE_ATOMIC=1",8,100000,pito,owned_insert,ecs_insert_owned,2,0,7,10.104000
aalair,"Apple M3",8,"Darwin 27.0.0 arm64","Apple LLVM 21.0.0 (clang-2100.3.34.2)"," -O3 -DNDEBUG -DPITO_ECS_OWNED_DELETE_ATOMIC=1",8,100000,pito,owned_insert,ecs_insert_owned,2,0,8,10.125000
aalair,"Apple M3",8,"Darwin 27.0.0 arm64","Apple LLVM 21.0.0 (clang-2100.3.34.2)"," -O3 -DNDEBUG -DPITO_ECS_OWNED_DELETE_ATOMIC=1",8,100000,pito,owned_insert,ecs_insert_owned,2,0,9,10.080000
aalair,"Apple M3",8,"Darwin 27.0.0 arm64","Apple LLVM 21.0.0 (clang-2100.3.34.2)"," -O3 -DNDEBUG -DPITO_ECS_OWNED_DELETE_ATOMIC=1",8,100000,pito,owned_insert,ecs_insert_owned,2,0,10,10.389000
aalair,"Apple M3",8,"Darwin 27.0.0 arm64","Apple LLVM 21.0.0 (clang-2100.3.34.2)"," -O3 -DNDEBUG -DPITO_ECS_OWNED_DELETE_ATOMIC=1",8,100000,pito,owned_insert,ecs_insert_owned,2,10,1,11.463000
aalair,"Apple M3",8,"Darwin 27.0.0 arm64","Apple LLVM 21.0.0 (clang-2100.3.34.2)"," -O3 -DNDEBUG -DPITO_ECS_OWNED_DELETE_ATOMIC=1",8,100000,pito,owned_insert,ecs_insert_owned,2,10,2,11.373000
aalair,"Apple M3",8,"Darwin 27.0.0 arm64","Apple LLVM 21.0.0 (clang-2100.3.34.2)"," -O3 -DNDEBUG -DPITO_ECS_OWNED_DELETE_ATOMIC=1",8,100000,pito,owned_insert,ecs_insert_owned,2,10,3,11.391000
aalair,"Apple M3",8,"Darwin 27.0.0 arm64","Apple LLVM 21.0.0 (clang-2100.3.34.2)"," -O3 -DNDEBUG -DPITO_ECS_OWNED_DELETE_ATOMIC=1",8,100000,pito,owned_insert,ecs_insert_owned,2,10,4,11.300000
aalair,"Apple M3",8,"Darwin 27.0.0 arm64","Apple LLVM 21.0.0 (clang-2100.3.34.2)"," -O3 -DNDEBUG -DPITO_ECS_OWNED_DELETE_ATOMIC=1",8,100000,pito,owned_insert,ecs_insert_owned,2,10,5,11.104000
aalair,"Apple M3",8,"Darwin 27.0.0 arm64","Apple LLVM 21.0.0 (clang-2100.3.34.2)"," -O3 -DNDEBUG -DPITO_ECS_OWNED_DELETE_ATOMIC=1",8,100000,pito,owned_insert,ecs_insert_owned,2,10,6,11.078000
aalair,"Apple M3",8,"Darwin 27.0.0 arm64","Apple LLVM 21.0.0 (clang-2100.3.34.2)"," -O3 -DNDEBUG -DPITO_ECS_OWNED_DELETE_ATOMIC=1",8,100000,pito,owned_insert,ecs_insert_owned,2,10,7,11.173000
aalair,"Apple M3",8,"Darwin 27.0.0 arm64","Apple LLVM 21.0.0 (clang-2100.3.34.2)"," -O3 -DNDEBUG -DPITO_ECS_OWNED_DELETE_ATOMIC=1",8,100000,pito,owned_insert,ecs_insert_owned,2,10,8,11.132000
aalair,"Apple M3",8,"Darwin 27.0.0 arm64","Apple LLVM 21.0.0 (clang-2100.3.34.2)"," -O3 -DNDEBUG -DPITO_ECS_OWNED_DELETE_ATOMIC=1",8,100000,pito,owned_insert,ecs_insert_owned,2,10,9,11.277000
aalair,"Apple M3",8,"Darwin 27.0.0 arm64","Apple LLVM 21.0.0 (clang-2100.3.34.2)"," -O3 -DNDEBUG -DPITO_ECS_OWNED_DELETE_ATOMIC=1",8,100000,pito,owned_insert,ecs_insert_owned,2,10,10,11.043000
aalair,"Apple M3",8,"Darwin 27.0.0 arm64","Apple LLVM 21.0.0 (clang-2100.3.34.2)"," -O3 -DNDEBUG -DPITO_ECS_OWNED_DELETE_ATOMIC=1",8,100000,pito,owned_insert,ecs_insert_owned,2,50,1,22.963000
aalair,"Apple M3",8,"Darwin 27.0.0 arm64","Apple LLVM 21.0.0 (clang-2100.3.34.2)"," -O3 -DNDEBUG -DPITO_ECS_OWNED_DELETE_ATOMIC=1",8,100000,pito,owned_insert,ecs_insert_owned,2,50,2,23.679000
aalair,"Apple M3",8,"Darwin 27.0.0 arm64","Apple LLVM 21.0.0 (clang-2100.3.34.2)"," -O3 -DNDEBUG -DPITO_ECS_OWNED_DELETE_ATOMIC=1",8,100000,pito,owned_insert,ecs_insert_owned,2,50,3,23.520000
aalair,"Apple M3",8,"Darwin 27.0.0 arm64","Apple LLVM 21.0.0 (clang-2100.3.34.2)"," -O3 -DNDEBUG -DPITO_ECS_OWNED_DELETE_ATOMIC=1",8,100000,pito,owned_insert,ecs_insert_owned,2,50,4,23.139000
aalair,"Apple M3",8,"Darwin 27.0.0 arm64","Apple LLVM 21.0.0 (clang-2100.3.34.2)"," -O3 -DNDEBUG -DPITO_ECS_OWNED_DELETE_ATOMIC=1",8,100000,pito,owned_insert,ecs_insert_owned,2,50,5,22.914000
aalair,"Apple M3",8,"Darwin 27.0.0 arm64","Apple LLVM 21.0.0 (clang-2100.3.34.2)"," -O3 -DNDEBUG -DPITO_ECS_OWNED_DELETE_ATOMIC=1",8,100000,pito,owned_insert,ecs_insert_owned,2,50,6,23.257000
aalair,"Apple M3",8,"Darwin 27.0.0 arm64","Apple LLVM 21.0.0 (clang-2100.3.34.2)"," -O3 -DNDEBUG -DPITO_ECS_OWNED_DELETE_ATOMIC=1",8,100000,pito,owned_insert,ecs_insert_owned,2,50,7,23.827000
aalair,"Apple M3",8,"Darwin 27.0.0 arm64","Apple LLVM 21.0.0 (clang-2100.3.34.2)"," -O3 -DNDEBUG -DPITO_ECS_OWNED_DELETE_ATOMIC=1",8,100000,pito,owned_insert,ecs_insert_owned,2,50,8,23.503000
aalair,"Apple M3",8,"Darwin 27.0.0 arm64","Apple LLVM 21.0.0 (clang-2100.3.34.2)"," -O3 -DNDEBUG -DPITO_ECS_OWNED_DELETE_ATOMIC=1",8,100000,pito,owned_insert,ecs_insert_owned,2,50,9,23.519000
aalair,"Apple M3",8,"Darwin 27.0.0 arm64","Apple LLVM 21.0.0 (clang-2100.3.34.2)"," -O3 -DNDEBUG -DPITO_ECS_OWNED_DELETE_ATOMIC=1",8,100000,pito,owned_insert,ecs_insert_owned,2,50,10,23.385000
aalair,"Apple M3",8,"Darwin 27.0.0 arm64","Apple LLVM 21.0.0 (clang-2100.3.34.2)"," -O3 -DNDEBUG -DPITO_ECS_OWNED_DELETE_ATOMIC=1",8,100000,pito,owned_insert,ecs_insert_owned,2,500,1,202.544000
aalair,"Apple M3",8,"Darwin 27.0.0 arm64","Apple LLVM 21.0.0 (clang-2100.3.34.2)"," -O3 -DNDEBUG -DPITO_ECS_OWNED_DELETE_ATOMIC=1",8,100000,pito,owned_insert,ecs_insert_owned,2,500,2,209.572000
aalair,"Apple M3",8,"Darwin 27.0.0 arm64","Apple LLVM 21.0.0 (clang-2100.3.34.2)"," -O3 -DNDEBUG -DPITO_ECS_OWNED_DELETE_ATOMIC=1",8,100000,pito,owned_insert,ecs_insert_owned,2,500,3,202.169000
aalair,"Apple M3",8,"Darwin 27.0.0 arm64","Apple LLVM 21.0.0 (clang-2100.3.34.2)"," -O3 -DNDEBUG -DPITO_ECS_OWNED_DELETE_ATOMIC=1",8,100000,pito,owned_insert,ecs_insert_owned,2,500,4,203.225000
aalair,"Apple M3",8,"Darwin 27.0.0 arm64","Apple LLVM 21.0.0 (clang-2100.3.34.2)"," -O3 -DNDEBUG -DPITO_ECS_OWNED_DELETE_ATOMIC=1",8,100000,pito,owned_insert,ecs_insert_owned,2,500,5,202.136000
aalair,"Apple M3",8,"Darwin 27.0.0 arm64","Apple LLVM 21.0.0 (clang-2100.3.34.2)"," -O3 -DNDEBUG -DPITO_ECS_OWNED_DELETE_ATOMIC=1",8,100000,pito,owned_insert,ecs_insert_owned,2,500,6,202.639000
aalair,"Apple M3",8,"Darwin 27.0.0 arm64","Apple LLVM 21.0.0 (clang-2100.3.34.2)"," -O3 -DNDEBUG -DPITO_ECS_OWNED_DELETE_ATOMIC=1",8,100000,pito,owned_insert,ecs_insert_owned,2,500,7,202.293000
aalair,"Apple M3",8,"Darwin 27.0.0 arm64","Apple LLVM 21.0.0 (clang-2100.3.34.2)"," -O3 -DNDEBUG -DPITO_ECS_OWNED_DELETE_ATOMIC=1",8,100000,pito,owned_insert,ecs_insert_owned,2,500,8,202.090000
aalair,"Apple M3",8,"Darwin 27.0.0 arm64","Apple LLVM 21.0.0 (clang-2100.3.34.2)"," -O3 -DNDEBUG -DPITO_ECS_OWNED_DELETE_ATOMIC=1",8,100000,pito,owned_insert,ecs_insert_owned,2,500,9,202.483000
aalair,"Apple M3",8,"Darwin 27.0.0 arm64","Apple LLVM 21.0.0 (clang-2100.3.34.2)"," -O3 -DNDEBUG -DPITO_ECS_OWNED_DELETE_ATOMIC=1",8,100000,pito,owned_insert,ecs_insert_owned,2,500,10,202.286000
aalair,"Apple M3",8,"Darwin 27.0.0 arm64","Apple LLVM 21.0.0 (clang-2100.3.34.2)"," -O3 -DNDEBUG -DPITO_ECS_OWNED_DELETE_ATOMIC=1",8,100000,pito,owned_insert,ecs_insert_owned,4,0,1,5.873000
aalair,"Apple M3",8,"Darwin 27.0.0 arm64","Apple LLVM 21.0.0 (clang-2100.3.34.2)"," -O3 -DNDEBUG -DPITO_ECS_OWNED_DELETE_ATOMIC=1",8,100000,pito,owned_insert,ecs_insert_owned,4,0,2,5.851000
aalair,"Apple M3",8,"Darwin 27.0.0 arm64","Apple LLVM 21.0.0 (clang-2100.3.34.2)"," -O3 -DNDEBUG -DPITO_ECS_OWNED_DELETE_ATOMIC=1",8,100000,pito,owned_insert,ecs_insert_owned,4,0,3,5.869000
aalair,"Apple M3",8,"Darwin 27.0.0 arm64","Apple LLVM 21.0.0 (clang-2100.3.34.2)"," -O3 -DNDEBUG -DPITO_ECS_OWNED_DELETE_ATOMIC=1",8,100000,pito,owned_insert,ecs_insert_owned,4,0,4,5.641000
aalair,"Apple M3",8,"Darwin 27.0.0 arm64","Apple LLVM 21.0.0 (clang-2100.3.34.2)"," -O3 -DNDEBUG -DPITO_ECS_OWNED_DELETE_ATOMIC=1",8,100000,pito,owned_insert,ecs_insert_owned,4,0,5,5.390000
aalair,"Apple M3",8,"Darwin 27.0.0 arm64","Apple LLVM 21.0.0 (clang-2100.3.34.2)"," -O3 -DNDEBUG -DPITO_ECS_OWNED_DELETE_ATOMIC=1",8,100000,pito,owned_insert,ecs_insert_owned,4,0,6,5.570000
aalair,"Apple M3",8,"Darwin 27.0.0 arm64","Apple LLVM 21.0.0 (clang-2100.3.34.2)"," -O3 -DNDEBUG -DPITO_ECS_OWNED_DELETE_ATOMIC=1",8,100000,pito,owned_insert,ecs_insert_owned,4,0,7,5.389000
aalair,"Apple M3",8,"Darwin 27.0.0 arm64","Apple LLVM 21.0.0 (clang-2100.3.34.2)"," -O3 -DNDEBUG -DPITO_ECS_OWNED_DELETE_ATOMIC=1",8,100000,pito,owned_insert,ecs_insert_owned,4,0,8,5.538000
aalair,"Apple M3",8,"Darwin 27.0.0 arm64","Apple LLVM 21.0.0 (clang-2100.3.34.2)"," -O3 -DNDEBUG -DPITO_ECS_OWNED_DELETE_ATOMIC=1",8,100000,pito,owned_insert,ecs_insert_owned,4,0,9,5.440000
aalair,"Apple M3",8,"Darwin 27.0.0 arm64","Apple LLVM 21.0.0 (clang-2100.3.34.2)"," -O3 -DNDEBUG -DPITO_ECS_OWNED_DELETE_ATOMIC=1",8,100000,pito,owned_insert,ecs_insert_owned,4,0,10,5.663000
aalair,"Apple M3",8,"Darwin 27.0.0 arm64","Apple LLVM 21.0.0 (clang-2100.3.34.2)"," -O3 -DNDEBUG -DPITO_ECS_OWNED_DELETE_ATOMIC=1",8,100000,pito,owned_insert,ecs_insert_owned,4,10,1,6.631000
aalair,"Apple M3",8,"Darwin 27.0.0 arm64","Apple LLVM 21.0.0 (clang-2100.3.34.2)"," -O3 -DNDEBUG -DPITO_ECS_OWNED_DELETE_ATOMIC=1",8,100000,pito,owned_insert,ecs_insert_owned,4,10,2,6.492000
aalair,"Apple M3",8,"Darwin 27.0.0 arm64","Apple LLVM 21.0.0 (clang-2100.3.34.2)"," -O3 -DNDEBUG -DPITO_ECS_OWNED_DELETE_ATOMIC=1",8,100000,pito,owned_insert,ecs_insert_owned,4,10,3,6.324000
aalair,"Apple M3",8,"Darwin 27.0.0 arm64","Apple LLVM 21.0.0 (clang-2100.3.34.2)"," -O3 -DNDEBUG -DPITO_ECS_OWNED_DELETE_ATOMIC=1",8,100000,pito,owned_insert,ecs_insert_owned,4,10,4,6.223000
aalair,"Apple M3",8,"Darwin 27.0.0 arm64","Apple LLVM 21.0.0 (clang-2100.3.34.2)"," -O3 -DNDEBUG -DPITO_ECS_OWNED_DELETE_ATOMIC=1",8,100000,pito,owned_insert,ecs_insert_owned,4,10,5,6.575000
aalair,"Apple M3",8,"Darwin 27.0.0 arm64","Apple LLVM 21.0.0 (clang-2100.3.34.2)"," -O3 -DNDEBUG -DPITO_ECS_OWNED_DELETE_ATOMIC=1",8,100000,pito,owned_insert,ecs_insert_owned,4,10,6,6.252000
aalair,"Apple M3",8,"Darwin 27.0.0 arm64","Apple LLVM 21.0.0 (clang-2100.3.34.2)"," -O3 -DNDEBUG -DPITO_ECS_OWNED_DELETE_ATOMIC=1",8,100000,pito,owned_insert,ecs_insert_owned,4,10,7,6.478000
aalair,"Apple M3",8,"Darwin 27.0.0 arm64","Apple LLVM 21.0.0 (clang-2100.3.34.2)"," -O3 -DNDEBUG -DPITO_ECS_OWNED_DELETE_ATOMIC=1",8,100000,pito,owned_insert,ecs_insert_owned,4,10,8,6.242000
aalair,"Apple M3",8,"Darwin 27.0.0 arm64","Apple LLVM 21.0.0 (clang-2100.3.34.2)"," -O3 -DNDEBUG -DPITO_ECS_OWNED_DELETE_ATOMIC=1",8,100000,pito,owned_insert,ecs_insert_owned,4,10,9,6.594000
aalair,"Apple M3",8,"Darwin 27.0.0 arm64","Apple LLVM 21.0.0 (clang-2100.3.34.2)"," -O3 -DNDEBUG -DPITO_ECS_OWNED_DELETE_ATOMIC=1",8,100000,pito,owned_insert,ecs_insert_owned,4,10,10,6.010000
aalair,"Apple M3",8,"Darwin 27.0.0 arm64","Apple LLVM 21.0.0 (clang-2100.3.34.2)"," -O3 -DNDEBUG -DPITO_ECS_OWNED_DELETE_ATOMIC=1",8,100000,pito,owned_insert,ecs_insert_owned,4,10,11,6.251000
aalair,"Apple M3",8,"Darwin 27.0.0 arm64","Apple LLVM 21.0.0 (clang-2100.3.34.2)"," -O3 -DNDEBUG -DPITO_ECS_OWNED_DELETE_ATOMIC=1",8,100000,pito,owned_insert,ecs_insert_owned,4,50,1,12.487000
aalair,"Apple M3",8,"Darwin 27.0.0 arm64","Apple LLVM 21.0.0 (clang-2100.3.34.2)"," -O3 -DNDEBUG -DPITO_ECS_OWNED_DELETE_ATOMIC=1",8,100000,pito,owned_insert,ecs_insert_owned,4,50,2,12.753000
aalair,"Apple M3",8,"Darwin 27.0.0 arm64","Apple LLVM 21.0.0 (clang-2100.3.34.2)"," -O3 -DNDEBUG -DPITO_ECS_OWNED_DELETE_ATOMIC=1",8,100000,pito,owned_insert,ecs_insert_owned,4,50,3,12.142000
aalair,"Apple M3",8,"Darwin 27.0.0 arm64","Apple LLVM 21.0.0 (clang-2100.3.34.2)"," -O3 -DNDEBUG -DPITO_ECS_OWNED_DELETE_ATOMIC=1",8,100000,pito,owned_insert,ecs_insert_owned,4,50,4,12.279000
aalair,"Apple M3",8,"Darwin 27.0.0 arm64","Apple LLVM 21.0.0 (clang-2100.3.34.2)"," -O3 -DNDEBUG -DPITO_ECS_OWNED_DELETE_ATOMIC=1",8,100000,pito,owned_insert,ecs_insert_owned,4,50,5,12.459000
aalair,"Apple M3",8,"Darwin 27.0.0 arm64","Apple LLVM 21.0.0 (clang-2100.3.34.2)"," -O3 -DNDEBUG -DPITO_ECS_OWNED_DELETE_ATOMIC=1",8,100000,pito,owned_insert,ecs_insert_owned,4,50,6,12.394000
aalair,"Apple M3",8,"Darwin 27.0.0 arm64","Apple LLVM 21.0.0 (clang-2100.3.34.2)"," -O3 -DNDEBUG -DPITO_ECS_OWNED_DELETE_ATOMIC=1",8,100000,pito,owned_insert,ecs_insert_owned,4,50,7,12.424000
aalair,"Apple M3",8,"Darwin 27.0.0 arm64","Apple LLVM 21.0.0 (clang-2100.3.34.2)"," -O3 -DNDEBUG -DPITO_ECS_OWNED_DELETE_ATOMIC=1",8,100000,pito,owned_insert,ecs_insert_owned,4,50,8,11.953000
aalair,"Apple M3",8,"Darwin 27.0.0 arm64","Apple LLVM 21.0.0 (clang-2100.3.34.2)"," -O3 -DNDEBUG -DPITO_ECS_OWNED_DELETE_ATOMIC=1",8,100000,pito,owned_insert,ecs_insert_owned,4,50,9,11.892000
aalair,"Apple M3",8,"Darwin 27.0.0 arm64","Apple LLVM 21.0.0 (clang-2100.3.34.2)"," -O3 -DNDEBUG -DPITO_ECS_OWNED_DELETE_ATOMIC=1",8,100000,pito,owned_insert,ecs_insert_owned,4,50,10,11.908000
aalair,"Apple M3",8,"Darwin 27.0.0 arm64","Apple LLVM 21.0.0 (clang-2100.3.34.2)"," -O3 -DNDEBUG -DPITO_ECS_OWNED_DELETE_ATOMIC=1",8,100000,pito,owned_insert,ecs_insert_owned,4,500,1,110.320000
aalair,"Apple M3",8,"Darwin 27.0.0 arm64","Apple LLVM 21.0.0 (clang-2100.3.34.2)"," -O3 -DNDEBUG -DPITO_ECS_OWNED_DELETE_ATOMIC=1",8,100000,pito,owned_insert,ecs_insert_owned,4,500,2,109.993000
aalair,"Apple M3",8,"Darwin 27.0.0 arm64","Apple LLVM 21.0.0 (clang-2100.3.34.2)"," -O3 -DNDEBUG -DPITO_ECS_OWNED_DELETE_ATOMIC=1",8,100000,pito,owned_insert,ecs_insert_owned,4,500,3,109.961000
aalair,"Apple M3",8,"Darwin 27.0.0 arm64","Apple LLVM 21.0.0 (clang-2100.3.34.2)"," -O3 -DNDEBUG -DPITO_ECS_OWNED_DELETE_ATOMIC=1",8,100000,pito,owned_insert,ecs_insert_owned,4,500,4,109.973000
aalair,"Apple M3",8,"Darwin 27.0.0 arm64","Apple LLVM 21.0.0 (clang-2100.3.34.2)"," -O3 -DNDEBUG -DPITO_ECS_OWNED_DELETE_ATOMIC=1",8,100000,pito,owned_insert,ecs_insert_owned,4,500,5,110.000000
aalair,"Apple M3",8,"Darwin 27.0.0 arm64","Apple LLVM 21.0.0 (clang-2100.3.34.2)"," -O3 -DNDEBUG -DPITO_ECS_OWNED_DELETE_ATOMIC=1",8,100000,pito,owned_insert,ecs_insert_owned,4,500,6,110.422000
aalair,"Apple M3",8,"Darwin 27.0.0 arm64","Apple LLVM 21.0.0 (clang-2100.3.34.2)"," -O3 -DNDEBUG -DPITO_ECS_OWNED_DELETE_ATOMIC=1",8,100000,pito,owned_insert,ecs_insert_owned,4,500,7,109.955000
aalair,"Apple M3",8,"Darwin 27.0.0 arm64","Apple LLVM 21.0.0 (clang-2100.3.34.2)"," -O3 -DNDEBUG -DPITO_ECS_OWNED_DELETE_ATOMIC=1",8,100000,pito,owned_insert,ecs_insert_owned,4,500,8,109.966000
aalair,"Apple M3",8,"Darwin 27.0.0 arm64","Apple LLVM 21.0.0 (clang-2100.3.34.2)"," -O3 -DNDEBUG -DPITO_ECS_OWNED_DELETE_ATOMIC=1",8,100000,pito,owned_insert,ecs_insert_owned,4,500,9,109.998000
aalair,"Apple M3",8,"Darwin 27.0.0 arm64","Apple LLVM 21.0.0 (clang-2100.3.34.2)"," -O3 -DNDEBUG -DPITO_ECS_OWNED_DELETE_ATOMIC=1",8,100000,pito,owned_insert,ecs_insert_owned,4,500,10,110.332000
aalair,"Apple M3",8,"Darwin 27.0.0 arm64","Apple LLVM 21.0.0 (clang-2100.3.34.2)"," -O3 -DNDEBUG -DPITO_ECS_OWNED_DELETE_ATOMIC=1",8,100000,pito,owned_insert,ecs_insert_owned,8,0,1,5.221000
aalair,"Apple M3",8,"Darwin 27.0.0 arm64","Apple LLVM 21.0.0 (clang-2100.3.34.2)"," -O3 -DNDEBUG -DPITO_ECS_OWNED_DELETE_ATOMIC=1",8,100000,pito,owned_insert,ecs_insert_owned,8,0,2,5.360000
aalair,"Apple M3",8,"Darwin 27.0.0 arm64","Apple LLVM 21.0.0 (clang-2100.3.34.2)"," -O3 -DNDEBUG -DPITO_ECS_OWNED_DELETE_ATOMIC=1",8,100000,pito,owned_insert,ecs_insert_owned,8,0,3,10.008000
aalair,"Apple M3",8,"Darwin 27.0.0 arm64","Apple LLVM 21.0.0 (clang-2100.3.34.2)"," -O3 -DNDEBUG -DPITO_ECS_OWNED_DELETE_ATOMIC=1",8,100000,pito,owned_insert,ecs_insert_owned,8,0,4,5.431000
aalair,"Apple M3",8,"Darwin 27.0.0 arm64","Apple LLVM 21.0.0 (clang-2100.3.34.2)"," -O3 -DNDEBUG -DPITO_ECS_OWNED_DELETE_ATOMIC=1",8,100000,pito,owned_insert,ecs_insert_owned,8,0,5,5.361000
aalair,"Apple M3",8,"Darwin 27.0.0 arm64","Apple LLVM 21.0.0 (clang-2100.3.34.2)"," -O3 -DNDEBUG -DPITO_ECS_OWNED_DELETE_ATOMIC=1",8,100000,pito,owned_insert,ecs_insert_owned,8,0,6,5.692000
aalair,"Apple M3",8,"Darwin 27.0.0 arm64","Apple LLVM 21.0.0 (clang-2100.3.34.2)"," -O3 -DNDEBUG -DPITO_ECS_OWNED_DELETE_ATOMIC=1",8,100000,pito,owned_insert,ecs_insert_owned,8,0,7,14.103000
aalair,"Apple M3",8,"Darwin 27.0.0 arm64","Apple LLVM 21.0.0 (clang-2100.3.34.2)"," -O3 -DNDEBUG -DPITO_ECS_OWNED_DELETE_ATOMIC=1",8,100000,pito,owned_insert,ecs_insert_owned,8,0,8,5.275000
aalair,"Apple M3",8,"Darwin 27.0.0 arm64","Apple LLVM 21.0.0 (clang-2100.3.34.2)"," -O3 -DNDEBUG -DPITO_ECS_OWNED_DELETE_ATOMIC=1",8,100000,pito,owned_insert,ecs_insert_owned,8,0,9,5.322000
aalair,"Apple M3",8,"Darwin 27.0.0 arm64","Apple LLVM 21.0.0 (clang-2100.3.34.2)"," -O3 -DNDEBUG -DPITO_ECS_OWNED_DELETE_ATOMIC=1",8,100000,pito,owned_insert,ecs_insert_owned,8,0,10,8.918000
aalair,"Apple M3",8,"Darwin 27.0.0 arm64","Apple LLVM 21.0.0 (clang-2100.3.34.2)"," -O3 -DNDEBUG -DPITO_ECS_OWNED_DELETE_ATOMIC=1",8,100000,pito,owned_insert,ecs_insert_owned,8,0,11,5.455000
aalair,"Apple M3",8,"Darwin 27.0.0 arm64","Apple LLVM 21.0.0 (clang-2100.3.34.2)"," -O3 -DNDEBUG -DPITO_ECS_OWNED_DELETE_ATOMIC=1",8,100000,pito,owned_insert,ecs_insert_owned,8,0,12,5.690000
aalair,"Apple M3",8,"Darwin 27.0.0 arm64","Apple LLVM 21.0.0 (clang-2100.3.34.2)"," -O3 -DNDEBUG -DPITO_ECS_OWNED_DELETE_ATOMIC=1",8,100000,pito,owned_insert,ecs_insert_owned,8,0,13,5.470000
aalair,"Apple M3",8,"Darwin 27.0.0 arm64","Apple LLVM 21.0.0 (clang-2100.3.34.2)"," -O3 -DNDEBUG -DPITO_ECS_OWNED_DELETE_ATOMIC=1",8,100000,pito,owned_insert,ecs_insert_owned,8,0,14,5.424000
aalair,"Apple M3",8,"Darwin 27.0.0 arm64","Apple LLVM 21.0.0 (clang-2100.3.34.2)"," -O3 -DNDEBUG -DPITO_ECS_OWNED_DELETE_ATOMIC=1",8,100000,pito,owned_insert,ecs_insert_owned,8,0,15,5.191000
aalair,"Apple M3",8,"Darwin 27.0.0 arm64","Apple LLVM 21.0.0 (clang-2100.3.34.2)"," -O3 -DNDEBUG -DPITO_ECS_OWNED_DELETE_ATOMIC=1",8,100000,pito,owned_insert,ecs_insert_owned,8,0,16,5.030000
aalair,"Apple M3",8,"Darwin 27.0.0 arm64","Apple LLVM 21.0.0 (clang-2100.3.34.2)"," -O3 -DNDEBUG -DPITO_ECS_OWNED_DELETE_ATOMIC=1",8,100000,pito,owned_insert,ecs_insert_owned,8,10,1,5.922000
aalair,"Apple M3",8,"Darwin 27.0.0 arm64","Apple LLVM 21.0.0 (clang-2100.3.34.2)"," -O3 -DNDEBUG -DPITO_ECS_OWNED_DELETE_ATOMIC=1",8,100000,pito,owned_insert,ecs_insert_owned,8,10,2,6.158000
aalair,"Apple M3",8,"Darwin 27.0.0 arm64","Apple LLVM 21.0.0 (clang-2100.3.34.2)"," -O3 -DNDEBUG -DPITO_ECS_OWNED_DELETE_ATOMIC=1",8,100000,pito,owned_insert,ecs_insert_owned,8,10,3,5.672000
aalair,"Apple M3",8,"Darwin 27.0.0 arm64","Apple LLVM 21.0.0 (clang-2100.3.34.2)"," -O3 -DNDEBUG -DPITO_ECS_OWNED_DELETE_ATOMIC=1",8,100000,pito,owned_insert,ecs_insert_owned,8,10,4,6.229000
aalair,"Apple M3",8,"Darwin 27.0.0 arm64","Apple LLVM 21.0.0 (clang-2100.3.34.2)"," -O3 -DNDEBUG -DPITO_ECS_OWNED_DELETE_ATOMIC=1",8,100000,pito,owned_insert,ecs_insert_owned,8,10,5,5.950000
aalair,"Apple M3",8,"Darwin 27.0.0 arm64","Apple LLVM 21.0.0 (clang-2100.3.34.2)"," -O3 -DNDEBUG -DPITO_ECS_OWNED_DELETE_ATOMIC=1",8,100000,pito,owned_insert,ecs_insert_owned,8,10,6,5.613000
aalair,"Apple M3",8,"Darwin 27.0.0 arm64","Apple LLVM 21.0.0 (clang-2100.3.34.2)"," -O3 -DNDEBUG -DPITO_ECS_OWNED_DELETE_ATOMIC=1",8,100000,pito,owned_insert,ecs_insert_owned,8,10,7,9.563000
aalair,"Apple M3",8,"Darwin 27.0.0 arm64","Apple LLVM 21.0.0 (clang-2100.3.34.2)"," -O3 -DNDEBUG -DPITO_ECS_OWNED_DELETE_ATOMIC=1",8,100000,pito,owned_insert,ecs_insert_owned,8,10,8,7.865000
aalair,"Apple M3",8,"Darwin 27.0.0 arm64","Apple LLVM 21.0.0 (clang-2100.3.34.2)"," -O3 -DNDEBUG -DPITO_ECS_OWNED_DELETE_ATOMIC=1",8,100000,pito,owned_insert,ecs_insert_owned,8,10,9,5.587000
aalair,"Apple M3",8,"Darwin 27.0.0 arm64","Apple LLVM 21.0.0 (clang-2100.3.34.2)"," -O3 -DNDEBUG -DPITO_ECS_OWNED_DELETE_ATOMIC=1",8,100000,pito,owned_insert,ecs_insert_owned,8,10,10,5.588000
aalair,"Apple M3",8,"Darwin 27.0.0 arm64","Apple LLVM 21.0.0 (clang-2100.3.34.2)"," -O3 -DNDEBUG -DPITO_ECS_OWNED_DELETE_ATOMIC=1",8,100000,pito,owned_insert,ecs_insert_owned,8,10,11,5.690000
aalair,"Apple M3",8,"Darwin 27.0.0 arm64","Apple LLVM 21.0.0 (clang-2100.3.34.2)"," -O3 -DNDEBUG -DPITO_ECS_OWNED_DELETE_ATOMIC=1",8,100000,pito,owned_insert,ecs_insert_owned,8,10,12,13.171000
aalair,"Apple M3",8,"Darwin 27.0.0 arm64","Apple LLVM 21.0.0 (clang-2100.3.34.2)"," -O3 -DNDEBUG -DPITO_ECS_OWNED_DELETE_ATOMIC=1",8,100000,pito,owned_insert,ecs_insert_owned,8,10,13,5.745000
aalair,"Apple M3",8,"Darwin 27.0.0 arm64","Apple LLVM 21.0.0 (clang-2100.3.34.2)"," -O3 -DNDEBUG -DPITO_ECS_OWNED_DELETE_ATOMIC=1",8,100000,pito,owned_insert,ecs_insert_owned,8,10,14,5.950000
aalair,"Apple M3",8,"Darwin 27.0.0 arm64","Apple LLVM 21.0.0 (clang-2100.3.34.2)"," -O3 -DNDEBUG -DPITO_ECS_OWNED_DELETE_ATOMIC=1",8,100000,pito,owned_insert,ecs_insert_owned,8,10,15,5.727000
aalair,"Apple M3",8,"Darwin 27.0.0 arm64","Apple LLVM 21.0.0 (clang-2100.3.34.2)"," -O3 -DNDEBUG -DPITO_ECS_OWNED_DELETE_ATOMIC=1",8,100000,pito,owned_insert,ecs_insert_owned,8,10,16,5.921000
aalair,"Apple M3",8,"Darwin 27.0.0 arm64","Apple LLVM 21.0.0 (clang-2100.3.34.2)"," -O3 -DNDEBUG -DPITO_ECS_OWNED_DELETE_ATOMIC=1",8,100000,pito,owned_insert,ecs_insert_owned,8,10,17,5.959000
aalair,"Apple M3",8,"Darwin 27.0.0 arm64","Apple LLVM 21.0.0 (clang-2100.3.34.2)"," -O3 -DNDEBUG -DPITO_ECS_OWNED_DELETE_ATOMIC=1",8,100000,pito,owned_insert,ecs_insert_owned,8,10,18,5.789000
aalair,"Apple M3",8,"Darwin 27.0.0 arm64","Apple LLVM 21.0.0 (clang-2100.3.34.2)"," -O3 -DNDEBUG -DPITO_ECS_OWNED_DELETE_ATOMIC=1",8,100000,pito,owned_insert,ecs_insert_owned,8,10,19,5.685000
aalair,"Apple M3",8,"Darwin 27.0.0 arm64","Apple LLVM 21.0.0 (clang-2100.3.34.2)"," -O3 -DNDEBUG -DPITO_ECS_OWNED_DELETE_ATOMIC=1",8,100000,pito,owned_insert,ecs_insert_owned,8,50,1,10.500000
aalair,"Apple M3",8,"Darwin 27.0.0 arm64","Apple LLVM 21.0.0 (clang-2100.3.34.2)"," -O3 -DNDEBUG -DPITO_ECS_OWNED_DELETE_ATOMIC=1",8,100000,pito,owned_insert,ecs_insert_owned,8,50,2,11.591000
aalair,"Apple M3",8,"Darwin 27.0.0 arm64","Apple LLVM 21.0.0 (clang-2100.3.34.2)"," -O3 -DNDEBUG -DPITO_ECS_OWNED_DELETE_ATOMIC=1",8,100000,pito,owned_insert,ecs_insert_owned,8,50,3,11.661000
aalair,"Apple M3",8,"Darwin 27.0.0 arm64","Apple LLVM 21.0.0 (clang-2100.3.34.2)"," -O3 -DNDEBUG -DPITO_ECS_OWNED_DELETE_ATOMIC=1",8,100000,pito,owned_insert,ecs_insert_owned,8,50,4,11.061000
aalair,"Apple M3",8,"Darwin 27.0.0 arm64","Apple LLVM 21.0.0 (clang-2100.3.34.2)"," -O3 -DNDEBUG -DPITO_ECS_OWNED_DELETE_ATOMIC=1",8,100000,pito,owned_insert,ecs_insert_owned,8,50,5,11.271000
aalair,"Apple M3",8,"Darwin 27.0.0 arm64","Apple LLVM 21.0.0 (clang-2100.3.34.2)"," -O3 -DNDEBUG -DPITO_ECS_OWNED_DELETE_ATOMIC=1",8,100000,pito,owned_insert,ecs_insert_owned,8,50,6,11.394000
aalair,"Apple M3",8,"Darwin 27.0.0 arm64","Apple LLVM 21.0.0 (clang-2100.3.34.2)"," -O3 -DNDEBUG -DPITO_ECS_OWNED_DELETE_ATOMIC=1",8,100000,pito,owned_insert,ecs_insert_owned,8,50,7,11.620000
aalair,"Apple M3",8,"Darwin 27.0.0 arm64","Apple LLVM 21.0.0 (clang-2100.3.34.2)"," -O3 -DNDEBUG -DPITO_ECS_OWNED_DELETE_ATOMIC=1",8,100000,pito,owned_insert,ecs_insert_owned,8,50,8,12.605000
aalair,"Apple M3",8,"Darwin 27.0.0 arm64","Apple LLVM 21.0.0 (clang-2100.3.34.2)"," -O3 -DNDEBUG -DPITO_ECS_OWNED_DELETE_ATOMIC=1",8,100000,pito,owned_insert,ecs_insert_owned,8,50,9,11.684000
aalair,"Apple M3",8,"Darwin 27.0.0 arm64","Apple LLVM 21.0.0 (clang-2100.3.34.2)"," -O3 -DNDEBUG -DPITO_ECS_OWNED_DELETE_ATOMIC=1",8,100000,pito,owned_insert,ecs_insert_owned,8,50,10,15.430000
aalair,"Apple M3",8,"Darwin 27.0.0 arm64","Apple LLVM 21.0.0 (clang-2100.3.34.2)"," -O3 -DNDEBUG -DPITO_ECS_OWNED_DELETE_ATOMIC=1",8,100000,pito,owned_insert,ecs_insert_owned,8,50,11,12.544000
aalair,"Apple M3",8,"Darwin 27.0.0 arm64","Apple LLVM 21.0.0 (clang-2100.3.34.2)"," -O3 -DNDEBUG -DPITO_ECS_OWNED_DELETE_ATOMIC=1",8,100000,pito,owned_insert,ecs_insert_owned,8,50,12,11.640000
aalair,"Apple M3",8,"Darwin 27.0.0 arm64","Apple LLVM 21.0.0 (clang-2100.3.34.2)"," -O3 -DNDEBUG -DPITO_ECS_OWNED_DELETE_ATOMIC=1",8,100000,pito,owned_insert,ecs_insert_owned,8,50,13,11.334000
aalair,"Apple M3",8,"Darwin 27.0.0 arm64","Apple LLVM 21.0.0 (clang-2100.3.34.2)"," -O3 -DNDEBUG -DPITO_ECS_OWNED_DELETE_ATOMIC=1",8,100000,pito,owned_insert,ecs_insert_owned,8,50,14,11.221000
aalair,"Apple M3",8,"Darwin 27.0.0 arm64","Apple LLVM 21.0.0 (clang-2100.3.34.2)"," -O3 -DNDEBUG -DPITO_ECS_OWNED_DELETE_ATOMIC=1",8,100000,pito,owned_insert,ecs_insert_owned,8,50,15,11.784000
aalair,"Apple M3",8,"Darwin 27.0.0 arm64","Apple LLVM 21.0.0 (clang-2100.3.34.2)"," -O3 -DNDEBUG -DPITO_ECS_OWNED_DELETE_ATOMIC=1",8,100000,pito,owned_insert,ecs_insert_owned,8,50,16,14.982000
aalair,"Apple M3",8,"Darwin 27.0.0 arm64","Apple LLVM 21.0.0 (clang-2100.3.34.2)"," -O3 -DNDEBUG -DPITO_ECS_OWNED_DELETE_ATOMIC=1",8,100000,pito,owned_insert,ecs_insert_owned,8,50,17,11.231000
aalair,"Apple M3",8,"Darwin 27.0.0 arm64","Apple LLVM 21.0.0 (clang-2100.3.34.2)"," -O3 -DNDEBUG -DPITO_ECS_OWNED_DELETE_ATOMIC=1",8,100000,pito,owned_insert,ecs_insert_owned,8,50,18,11.929000
aalair,"Apple M3",8,"Darwin 27.0.0 arm64","Apple LLVM 21.0.0 (clang-2100.3.34.2)"," -O3 -DNDEBUG -DPITO_ECS_OWNED_DELETE_ATOMIC=1",8,100000,pito,owned_insert,ecs_insert_owned,8,50,19,9.064000
aalair,"Apple M3",8,"Darwin 27.0.0 arm64","Apple LLVM 21.0.0 (clang-2100.3.34.2)"," -O3 -DNDEBUG -DPITO_ECS_OWNED_DELETE_ATOMIC=1",8,100000,pito,owned_insert,ecs_insert_owned,8,500,1,70.792000
aalair,"Apple M3",8,"Darwin 27.0.0 arm64","Apple LLVM 21.0.0 (clang-2100.3.34.2)"," -O3 -DNDEBUG -DPITO_ECS_OWNED_DELETE_ATOMIC=1",8,100000,pito,owned_insert,ecs_insert_owned,8,500,2,68.379000
aalair,"Apple M3",8,"Darwin 27.0.0 arm64","Apple LLVM 21.0.0 (clang-2100.3.34.2)"," -O3 -DNDEBUG -DPITO_ECS_OWNED_DELETE_ATOMIC=1",8,100000,pito,owned_insert,ecs_insert_owned,8,500,3,69.202000
aalair,"Apple M3",8,"Darwin 27.0.0 arm64","Apple LLVM 21.0.0 (clang-2100.3.34.2)"," -O3 -DNDEBUG -DPITO_ECS_OWNED_DELETE_ATOMIC=1",8,100000,pito,owned_insert,ecs_insert_owned,8,500,4,69.500000
aalair,"Apple M3",8,"Darwin 27.0.0 arm64","Apple LLVM 21.0.0 (clang-2100.3.34.2)"," -O3 -DNDEBUG -DPITO_ECS_OWNED_DELETE_ATOMIC=1",8,100000,pito,owned_insert,ecs_insert_owned,8,500,5,69.911000
aalair,"Apple M3",8,"Darwin 27.0.0 arm64","Apple LLVM 21.0.0 (clang-2100.3.34.2)"," -O3 -DNDEBUG -DPITO_ECS_OWNED_DELETE_ATOMIC=1",8,100000,pito,owned_insert,ecs_insert_owned,8,500,6,70.289000
aalair,"Apple M3",8,"Darwin 27.0.0 arm64","Apple LLVM 21.0.0 (clang-2100.3.34.2)"," -O3 -DNDEBUG -DPITO_ECS_OWNED_DELETE_ATOMIC=1",8,100000,pito,owned_insert,ecs_insert_owned,8,500,7,69.879000
aalair,"Apple M3",8,"Darwin 27.0.0 arm64","Apple LLVM 21.0.0 (clang-2100.3.34.2)"," -O3 -DNDEBUG -DPITO_ECS_OWNED_DELETE_ATOMIC=1",8,100000,pito,owned_insert,ecs_insert_owned,8,500,8,77.076000
aalair,"Apple M3",8,"Darwin 27.0.0 arm64","Apple LLVM 21.0.0 (clang-2100.3.34.2)"," -O3 -DNDEBUG -DPITO_ECS_OWNED_DELETE_ATOMIC=1",8,100000,pito,owned_insert,ecs_insert_owned,8,500,9,77.088000
aalair,"Apple M3",8,"Darwin 27.0.0 arm64","Apple LLVM 21.0.0 (clang-2100.3.34.2)"," -O3 -DNDEBUG -DPITO_ECS_OWNED_DELETE_ATOMIC=1",8,100000,pito,owned_insert,ecs_insert_owned,8,500,10,70.237000
aalair,"Apple M3",8,"Darwin 27.0.0 arm64","Apple LLVM 21.0.0 (clang-2100.3.34.2)"," -O3 -DNDEBUG -DPITO_ECS_OWNED_DELETE_ATOMIC=1",8,100000,pito,owned_insert,ecs_insert_owned,8,500,11,74.804000
aalair,"Apple M3",8,"Darwin 27.0.0 arm64","Apple LLVM 21.0.0 (clang-2100.3.34.2)"," -O3 -DNDEBUG -DPITO_ECS_OWNED_DELETE_ATOMIC=1",8,100000,pito,owned_insert,ecs_insert_owned,8,500,12,72.212000
aalair,"Apple M3",8,"Darwin 27.0.0 arm64","Apple LLVM 21.0.0 (clang-2100.3.34.2)"," -O3 -DNDEBUG -DPITO_ECS_OWNED_DELETE_ATOMIC=1",8,100000,pito,owned_insert,ecs_insert_owned,8,500,13,72.377000
aalair,"Apple M3",8,"Darwin 27.0.0 arm64","Apple LLVM 21.0.0 (clang-2100.3.34.2)"," -O3 -DNDEBUG -DPITO_ECS_OWNED_DELETE_ATOMIC=1",8,100000,pito,owned_insert,ecs_insert_owned,8,500,14,71.177000
aalair,"Apple M3",8,"Darwin 27.0.0 arm64","Apple LLVM 21.0.0 (clang-2100.3.34.2)"," -O3 -DNDEBUG -DPITO_ECS_OWNED_DELETE_ATOMIC=1",8,100000,pito,owned_insert,ecs_insert_owned,8,500,15,75.692000
aalair,"Apple M3",8,"Darwin 27.0.0 arm64","Apple LLVM 21.0.0 (clang-2100.3.34.2)"," -O3 -DNDEBUG -DPITO_ECS_OWNED_DELETE_ATOMIC=1",8,100000,pito,owned_insert,ecs_insert_owned,8,500,16,76.711000
aalair,"Apple M3",8,"Darwin 27.0.0 arm64","Apple LLVM 21.0.0 (clang-2100.3.34.2)"," -O3 -DNDEBUG -DPITO_ECS_OWNED_DELETE_ATOMIC=1",8,100000,pito,owned_insert,ecs_insert_owned,8,500,17,69.102000
aalair,"Apple M3",8,"Darwin 27.0.0 arm64","Apple LLVM 21.0.0 (clang-2100.3.34.2)"," -O3 -DNDEBUG -DPITO_ECS_OWNED_DELETE_ATOMIC=1",8,100000,pito,owned_insert,ecs_insert_owned,8,500,18,70.906000
aalair,"Apple M3",8,"Darwin 27.0.0 arm64","Apple LLVM 21.0.0 (clang-2100.3.34.2)"," -O3 -DNDEBUG -DPITO_ECS_OWNED_DELETE_ATOMIC=1",8,100000,pito,owned_insert,ecs_insert_owned,8,500,19,69.963000
aalair,"Apple M3",8,"Darwin 27.0.0 arm64","Apple LLVM 21.0.0 (clang-2100.3.34.2)"," -O3 -DNDEBUG -DPITO_ECS_OWNED_DELETE_ATOMIC=1",8,100000,pito,owned_insert,ecs_insert_owned,8,500,20,72.032000
aalair,"Apple M3",8,"Darwin 27.0.0 arm64","Apple LLVM 21.0.0 (clang-2100.3.34.2)"," -O3 -DNDEBUG -DPITO_ECS_OWNED_DELETE_ATOMIC=1",8,100000,pito,owned_insert,ecs_insert_owned,8,500,21,76.447000
aalair,"Apple M3",8,"Darwin 27.0.0 arm64","Apple LLVM 21.0.0 (clang-2100.3.34.2)"," -O3 -DNDEBUG -DPITO_ECS_OWNED_DELETE_ATOMIC=1",8,100000,pito,owned_insert,ecs_insert_owned,8,500,22,71.473000
aalair,"Apple M3",8,"Darwin 27.0.0 arm64","Apple LLVM 21.0.0 (clang-2100.3.34.2)"," -O3 -DNDEBUG -DPITO_ECS_OWNED_DELETE_ATOMIC=1",8,100000,pito,owned_insert,ecs_insert_owned,8,500,23,158.574000
aalair,"Apple M3",8,"Darwin 27.0.0 arm64","Apple LLVM 21.0.0 (clang-2100.3.34.2)"," -O3 -DNDEBUG -DPITO_ECS_OWNED_DELETE_ATOMIC=1",8,100000,pito,owned_insert,ecs_insert_owned,8,500,24,115.984000
aalair,"Apple M3",8,"Darwin 27.0.0 arm64","Apple LLVM 21.0.0 (clang-2100.3.34.2)"," -O3 -DNDEBUG -DPITO_ECS_OWNED_DELETE_ATOMIC=1",8,100000,pito,owned_insert,ecs_insert_owned,8,500,25,72.023000
aalair,"Apple M3",8,"Darwin 27.0.0 arm64","Apple LLVM 21.0.0 (clang-2100.3.34.2)"," -O3 -DNDEBUG -DPITO_ECS_OWNED_DELETE_ATOMIC=1",8,100000,pito,owned_insert,ecs_insert_owned,8,500,26,71.383000
aalair,"Apple M3",8,"Darwin 27.0.0 arm64","Apple LLVM 21.0.0 (clang-2100.3.34.2)"," -O3 -DNDEBUG -DPITO_ECS_OWNED_DELETE_ATOMIC=1",8,100000,pito,owned_insert,ecs_insert_owned + join,1,0,1,22.874000
aalair,"Apple M3",8,"Darwin 27.0.0 arm64","Apple LLVM 21.0.0 (clang-2100.3.34.2)"," -O3 -DNDEBUG -DPITO_ECS_OWNED_DELETE_ATOMIC=1",8,100000,pito,owned_insert,ecs_insert_owned + join,1,0,2,22.838000
aalair,"Apple M3",8,"Darwin 27.0.0 arm64","Apple LLVM 21.0.0 (clang-2100.3.34.2)"," -O3 -DNDEBUG -DPITO_ECS_OWNED_DELETE_ATOMIC=1",8,100000,pito,owned_insert,ecs_insert_owned + join,1,0,3,22.835000
aalair,"Apple M3",8,"Darwin 27.0.0 arm64","Apple LLVM 21.0.0 (clang-2100.3.34.2)"," -O3 -DNDEBUG -DPITO_ECS_OWNED_DELETE_ATOMIC=1",8,100000,pito,owned_insert,ecs_insert_owned + join,1,0,4,22.821000
aalair,"Apple M3",8,"Darwin 27.0.0 arm64","Apple LLVM 21.0.0 (clang-2100.3.34.2)"," -O3 -DNDEBUG -DPITO_ECS_OWNED_DELETE_ATOMIC=1",8,100000,pito,owned_insert,ecs_insert_owned + join,1,0,5,22.791000
aalair,"Apple M3",8,"Darwin 27.0.0 arm64","Apple LLVM 21.0.0 (clang-2100.3.34.2)"," -O3 -DNDEBUG -DPITO_ECS_OWNED_DELETE_ATOMIC=1",8,100000,pito,owned_insert,ecs_insert_owned + join,1,0,6,22.793000
aalair,"Apple M3",8,"Darwin 27.0.0 arm64","Apple LLVM 21.0.0 (clang-2100.3.34.2)"," -O3 -DNDEBUG -DPITO_ECS_OWNED_DELETE_ATOMIC=1",8,100000,pito,owned_insert,ecs_insert_owned + join,1,0,7,22.722000
aalair,"Apple M3",8,"Darwin 27.0.0 arm64","Apple LLVM 21.0.0 (clang-2100.3.34.2)"," -O3 -DNDEBUG -DPITO_ECS_OWNED_DELETE_ATOMIC=1",8,100000,pito,owned_insert,ecs_insert_owned + join,1,0,8,22.588000
aalair,"Apple M3",8,"Darwin 27.0.0 arm64","Apple LLVM 21.0.0 (clang-2100.3.34.2)"," -O3 -DNDEBUG -DPITO_ECS_OWNED_DELETE_ATOMIC=1",8,100000,pito,owned_insert,ecs_insert_owned + join,1,0,9,22.601000
aalair,"Apple M3",8,"Darwin 27.0.0 arm64","Apple LLVM 21.0.0 (clang-2100.3.34.2)"," -O3 -DNDEBUG -DPITO_ECS_OWNED_DELETE_ATOMIC=1",8,100000,pito,owned_insert,ecs_insert_owned + join,1,0,10,22.753000
aalair,"Apple M3",8,"Darwin 27.0.0 arm64","Apple LLVM 21.0.0 (clang-2100.3.34.2)"," -O3 -DNDEBUG -DPITO_ECS_OWNED_DELETE_ATOMIC=1",8,100000,pito,owned_insert,ecs_insert_owned + join,1,10,1,25.397000
aalair,"Apple M3",8,"Darwin 27.0.0 arm64","Apple LLVM 21.0.0 (clang-2100.3.34.2)"," -O3 -DNDEBUG -DPITO_ECS_OWNED_DELETE_ATOMIC=1",8,100000,pito,owned_insert,ecs_insert_owned + join,1,10,2,25.338000
aalair,"Apple M3",8,"Darwin 27.0.0 arm64","Apple LLVM 21.0.0 (clang-2100.3.34.2)"," -O3 -DNDEBUG -DPITO_ECS_OWNED_DELETE_ATOMIC=1",8,100000,pito,owned_insert,ecs_insert_owned + join,1,10,3,25.269000
aalair,"Apple M3",8,"Darwin 27.0.0 arm64","Apple LLVM 21.0.0 (clang-2100.3.34.2)"," -O3 -DNDEBUG -DPITO_ECS_OWNED_DELETE_ATOMIC=1",8,100000,pito,owned_insert,ecs_insert_owned + join,1,10,4,25.174000
aalair,"Apple M3",8,"Darwin 27.0.0 arm64","Apple LLVM 21.0.0 (clang-2100.3.34.2)"," -O3 -DNDEBUG -DPITO_ECS_OWNED_DELETE_ATOMIC=1",8,100000,pito,owned_insert,ecs_insert_owned + join,1,10,5,25.298000
aalair,"Apple M3",8,"Darwin 27.0.0 arm64","Apple LLVM 21.0.0 (clang-2100.3.34.2)"," -O3 -DNDEBUG -DPITO_ECS_OWNED_DELETE_ATOMIC=1",8,100000,pito,owned_insert,ecs_insert_owned + join,1,10,6,25.247000
aalair,"Apple M3",8,"Darwin 27.0.0 arm64","Apple LLVM 21.0.0 (clang-2100.3.34.2)"," -O3 -DNDEBUG -DPITO_ECS_OWNED_DELETE_ATOMIC=1",8,100000,pito,owned_insert,ecs_insert_owned + join,1,10,7,25.486000
aalair,"Apple M3",8,"Darwin 27.0.0 arm64","Apple LLVM 21.0.0 (clang-2100.3.34.2)"," -O3 -DNDEBUG -DPITO_ECS_OWNED_DELETE_ATOMIC=1",8,100000,pito,owned_insert,ecs_insert_owned + join,1,10,8,25.270000
aalair,"Apple M3",8,"Darwin 27.0.0 arm64","Apple LLVM 21.0.0 (clang-2100.3.34.2)"," -O3 -DNDEBUG -DPITO_ECS_OWNED_DELETE_ATOMIC=1",8,100000,pito,owned_insert,ecs_insert_owned + join,1,10,9,25.289000
aalair,"Apple M3",8,"Darwin 27.0.0 arm64","Apple LLVM 21.0.0 (clang-2100.3.34.2)"," -O3 -DNDEBUG -DPITO_ECS_OWNED_DELETE_ATOMIC=1",8,100000,pito,owned_insert,ecs_insert_owned + join,1,10,10,25.227000
aalair,"Apple M3",8,"Darwin 27.0.0 arm64","Apple LLVM 21.0.0 (clang-2100.3.34.2)"," -O3 -DNDEBUG -DPITO_ECS_OWNED_DELETE_ATOMIC=1",8,100000,pito,owned_insert,ecs_insert_owned + join,1,50,1,50.311000
aalair,"Apple M3",8,"Darwin 27.0.0 arm64","Apple LLVM 21.0.0 (clang-2100.3.34.2)"," -O3 -DNDEBUG -DPITO_ECS_OWNED_DELETE_ATOMIC=1",8,100000,pito,owned_insert,ecs_insert_owned + join,1,50,2,50.588000
aalair,"Apple M3",8,"Darwin 27.0.0 arm64","Apple LLVM 21.0.0 (clang-2100.3.34.2)"," -O3 -DNDEBUG -DPITO_ECS_OWNED_DELETE_ATOMIC=1",8,100000,pito,owned_insert,ecs_insert_owned + join,1,50,3,50.955000
aalair,"Apple M3",8,"Darwin 27.0.0 arm64","Apple LLVM 21.0.0 (clang-2100.3.34.2)"," -O3 -DNDEBUG -DPITO_ECS_OWNED_DELETE_ATOMIC=1",8,100000,pito,owned_insert,ecs_insert_owned + join,1,50,4,50.574000
aalair,"Apple M3",8,"Darwin 27.0.0 arm64","Apple LLVM 21.0.0 (clang-2100.3.34.2)"," -O3 -DNDEBUG -DPITO_ECS_OWNED_DELETE_ATOMIC=1",8,100000,pito,owned_insert,ecs_insert_owned + join,1,50,5,50.655000
aalair,"Apple M3",8,"Darwin 27.0.0 arm64","Apple LLVM 21.0.0 (clang-2100.3.34.2)"," -O3 -DNDEBUG -DPITO_ECS_OWNED_DELETE_ATOMIC=1",8,100000,pito,owned_insert,ecs_insert_owned + join,1,50,6,50.342000
aalair,"Apple M3",8,"Darwin 27.0.0 arm64","Apple LLVM 21.0.0 (clang-2100.3.34.2)"," -O3 -DNDEBUG -DPITO_ECS_OWNED_DELETE_ATOMIC=1",8,100000,pito,owned_insert,ecs_insert_owned + join,1,50,7,50.715000
aalair,"Apple M3",8,"Darwin 27.0.0 arm64","Apple LLVM 21.0.0 (clang-2100.3.34.2)"," -O3 -DNDEBUG -DPITO_ECS_OWNED_DELETE_ATOMIC=1",8,100000,pito,owned_insert,ecs_insert_owned + join,1,50,8,50.440000
aalair,"Apple M3",8,"Darwin 27.0.0 arm64","Apple LLVM 21.0.0 (clang-2100.3.34.2)"," -O3 -DNDEBUG -DPITO_ECS_OWNED_DELETE_ATOMIC=1",8,100000,pito,owned_insert,ecs_insert_owned + join,1,50,9,50.521000
aalair,"Apple M3",8,"Darwin 27.0.0 arm64","Apple LLVM 21.0.0 (clang-2100.3.34.2)"," -O3 -DNDEBUG -DPITO_ECS_OWNED_DELETE_ATOMIC=1",8,100000,pito,owned_insert,ecs_insert_owned + join,1,50,10,50.359000
aalair,"Apple M3",8,"Darwin 27.0.0 arm64","Apple LLVM 21.0.0 (clang-2100.3.34.2)"," -O3 -DNDEBUG -DPITO_ECS_OWNED_DELETE_ATOMIC=1",8,100000,pito,owned_insert,ecs_insert_owned + join,1,500,1,405.471000
aalair,"Apple M3",8,"Darwin 27.0.0 arm64","Apple LLVM 21.0.0 (clang-2100.3.34.2)"," -O3 -DNDEBUG -DPITO_ECS_OWNED_DELETE_ATOMIC=1",8,100000,pito,owned_insert,ecs_insert_owned + join,1,500,2,404.856000
aalair,"Apple M3",8,"Darwin 27.0.0 arm64","Apple LLVM 21.0.0 (clang-2100.3.34.2)"," -O3 -DNDEBUG -DPITO_ECS_OWNED_DELETE_ATOMIC=1",8,100000,pito,owned_insert,ecs_insert_owned + join,1,500,3,403.953000
aalair,"Apple M3",8,"Darwin 27.0.0 arm64","Apple LLVM 21.0.0 (clang-2100.3.34.2)"," -O3 -DNDEBUG -DPITO_ECS_OWNED_DELETE_ATOMIC=1",8,100000,pito,owned_insert,ecs_insert_owned + join,1,500,4,404.455000
aalair,"Apple M3",8,"Darwin 27.0.0 arm64","Apple LLVM 21.0.0 (clang-2100.3.34.2)"," -O3 -DNDEBUG -DPITO_ECS_OWNED_DELETE_ATOMIC=1",8,100000,pito,owned_insert,ecs_insert_owned + join,1,500,5,403.903000
aalair,"Apple M3",8,"Darwin 27.0.0 arm64","Apple LLVM 21.0.0 (clang-2100.3.34.2)"," -O3 -DNDEBUG -DPITO_ECS_OWNED_DELETE_ATOMIC=1",8,100000,pito,owned_insert,ecs_insert_owned + join,1,500,6,403.817000
aalair,"Apple M3",8,"Darwin 27.0.0 arm64","Apple LLVM 21.0.0 (clang-2100.3.34.2)"," -O3 -DNDEBUG -DPITO_ECS_OWNED_DELETE_ATOMIC=1",8,100000,pito,owned_insert,ecs_insert_owned + join,1,500,7,404.403000
aalair,"Apple M3",8,"Darwin 27.0.0 arm64","Apple LLVM 21.0.0 (clang-2100.3.34.2)"," -O3 -DNDEBUG -DPITO_ECS_OWNED_DELETE_ATOMIC=1",8,100000,pito,owned_insert,ecs_insert_owned + join,1,500,8,403.550000
aalair,"Apple M3",8,"Darwin 27.0.0 arm64","Apple LLVM 21.0.0 (clang-2100.3.34.2)"," -O3 -DNDEBUG -DPITO_ECS_OWNED_DELETE_ATOMIC=1",8,100000,pito,owned_insert,ecs_insert_owned + join,1,500,9,403.605000
aalair,"Apple M3",8,"Darwin 27.0.0 arm64","Apple LLVM 21.0.0 (clang-2100.3.34.2)"," -O3 -DNDEBUG -DPITO_ECS_OWNED_DELETE_ATOMIC=1",8,100000,pito,owned_insert,ecs_insert_owned + join,1,500,10,403.768000
aalair,"Apple M3",8,"Darwin 27.0.0 arm64","Apple LLVM 21.0.0 (clang-2100.3.34.2)"," -O3 -DNDEBUG -DPITO_ECS_OWNED_DELETE_ATOMIC=1",8,100000,pito,owned_insert,ecs_insert_owned + join,2,0,1,29.899000
aalair,"Apple M3",8,"Darwin 27.0.0 arm64","Apple LLVM 21.0.0 (clang-2100.3.34.2)"," -O3 -DNDEBUG -DPITO_ECS_OWNED_DELETE_ATOMIC=1",8,100000,pito,owned_insert,ecs_insert_owned + join,2,0,2,30.556000
aalair,"Apple M3",8,"Darwin 27.0.0 arm64","Apple LLVM 21.0.0 (clang-2100.3.34.2)"," -O3 -DNDEBUG -DPITO_ECS_OWNED_DELETE_ATOMIC=1",8,100000,pito,owned_insert,ecs_insert_owned + join,2,0,3,30.607000
aalair,"Apple M3",8,"Darwin 27.0.0 arm64","Apple LLVM 21.0.0 (clang-2100.3.34.2)"," -O3 -DNDEBUG -DPITO_ECS_OWNED_DELETE_ATOMIC=1",8,100000,pito,owned_insert,ecs_insert_owned + join,2,0,4,30.225000
aalair,"Apple M3",8,"Darwin 27.0.0 arm64","Apple LLVM 21.0.0 (clang-2100.3.34.2)"," -O3 -DNDEBUG -DPITO_ECS_OWNED_DELETE_ATOMIC=1",8,100000,pito,owned_insert,ecs_insert_owned + join,2,0,5,29.551000
aalair,"Apple M3",8,"Darwin 27.0.0 arm64","Apple LLVM 21.0.0 (clang-2100.3.34.2)"," -O3 -DNDEBUG -DPITO_ECS_OWNED_DELETE_ATOMIC=1",8,100000,pito,owned_insert,ecs_insert_owned + join,2,0,6,29.564000
aalair,"Apple M3",8,"Darwin 27.0.0 arm64","Apple LLVM 21.0.0 (clang-2100.3.34.2)"," -O3 -DNDEBUG -DPITO_ECS_OWNED_DELETE_ATOMIC=1",8,100000,pito,owned_insert,ecs_insert_owned + join,2,0,7,29.563000
aalair,"Apple M3",8,"Darwin 27.0.0 arm64","Apple LLVM 21.0.0 (clang-2100.3.34.2)"," -O3 -DNDEBUG -DPITO_ECS_OWNED_DELETE_ATOMIC=1",8,100000,pito,owned_insert,ecs_insert_owned + join,2,0,8,29.627000
aalair,"Apple M3",8,"Darwin 27.0.0 arm64","Apple LLVM 21.0.0 (clang-2100.3.34.2)"," -O3 -DNDEBUG -DPITO_ECS_OWNED_DELETE_ATOMIC=1",8,100000,pito,owned_insert,ecs_insert_owned + join,2,0,9,29.533000
aalair,"Apple M3",8,"Darwin 27.0.0 arm64","Apple LLVM 21.0.0 (clang-2100.3.34.2)"," -O3 -DNDEBUG -DPITO_ECS_OWNED_DELETE_ATOMIC=1",8,100000,pito,owned_insert,ecs_insert_owned + join,2,0,10,29.612000
aalair,"Apple M3",8,"Darwin 27.0.0 arm64","Apple LLVM 21.0.0 (clang-2100.3.34.2)"," -O3 -DNDEBUG -DPITO_ECS_OWNED_DELETE_ATOMIC=1",8,100000,pito,owned_insert,ecs_insert_owned + join,2,10,1,26.140000
aalair,"Apple M3",8,"Darwin 27.0.0 arm64","Apple LLVM 21.0.0 (clang-2100.3.34.2)"," -O3 -DNDEBUG -DPITO_ECS_OWNED_DELETE_ATOMIC=1",8,100000,pito,owned_insert,ecs_insert_owned + join,2,10,2,26.282000
aalair,"Apple M3",8,"Darwin 27.0.0 arm64","Apple LLVM 21.0.0 (clang-2100.3.34.2)"," -O3 -DNDEBUG -DPITO_ECS_OWNED_DELETE_ATOMIC=1",8,100000,pito,owned_insert,ecs_insert_owned + join,2,10,3,26.502000
aalair,"Apple M3",8,"Darwin 27.0.0 arm64","Apple LLVM 21.0.0 (clang-2100.3.34.2)"," -O3 -DNDEBUG -DPITO_ECS_OWNED_DELETE_ATOMIC=1",8,100000,pito,owned_insert,ecs_insert_owned + join,2,10,4,26.089000
aalair,"Apple M3",8,"Darwin 27.0.0 arm64","Apple LLVM 21.0.0 (clang-2100.3.34.2)"," -O3 -DNDEBUG -DPITO_ECS_OWNED_DELETE_ATOMIC=1",8,100000,pito,owned_insert,ecs_insert_owned + join,2,10,5,26.057000
aalair,"Apple M3",8,"Darwin 27.0.0 arm64","Apple LLVM 21.0.0 (clang-2100.3.34.2)"," -O3 -DNDEBUG -DPITO_ECS_OWNED_DELETE_ATOMIC=1",8,100000,pito,owned_insert,ecs_insert_owned + join,2,10,6,26.182000
aalair,"Apple M3",8,"Darwin 27.0.0 arm64","Apple LLVM 21.0.0 (clang-2100.3.34.2)"," -O3 -DNDEBUG -DPITO_ECS_OWNED_DELETE_ATOMIC=1",8,100000,pito,owned_insert,ecs_insert_owned + join,2,10,7,26.514000
aalair,"Apple M3",8,"Darwin 27.0.0 arm64","Apple LLVM 21.0.0 (clang-2100.3.34.2)"," -O3 -DNDEBUG -DPITO_ECS_OWNED_DELETE_ATOMIC=1",8,100000,pito,owned_insert,ecs_insert_owned + join,2,10,8,26.024000
aalair,"Apple M3",8,"Darwin 27.0.0 arm64","Apple LLVM 21.0.0 (clang-2100.3.34.2)"," -O3 -DNDEBUG -DPITO_ECS_OWNED_DELETE_ATOMIC=1",8,100000,pito,owned_insert,ecs_insert_owned + join,2,10,9,26.174000
aalair,"Apple M3",8,"Darwin 27.0.0 arm64","Apple LLVM 21.0.0 (clang-2100.3.34.2)"," -O3 -DNDEBUG -DPITO_ECS_OWNED_DELETE_ATOMIC=1",8,100000,pito,owned_insert,ecs_insert_owned + join,2,10,10,26.072000
aalair,"Apple M3",8,"Darwin 27.0.0 arm64","Apple LLVM 21.0.0 (clang-2100.3.34.2)"," -O3 -DNDEBUG -DPITO_ECS_OWNED_DELETE_ATOMIC=1",8,100000,pito,owned_insert,ecs_insert_owned + join,2,50,1,29.730000
aalair,"Apple M3",8,"Darwin 27.0.0 arm64","Apple LLVM 21.0.0 (clang-2100.3.34.2)"," -O3 -DNDEBUG -DPITO_ECS_OWNED_DELETE_ATOMIC=1",8,100000,pito,owned_insert,ecs_insert_owned + join,2,50,2,29.874000
aalair,"Apple M3",8,"Darwin 27.0.0 arm64","Apple LLVM 21.0.0 (clang-2100.3.34.2)"," -O3 -DNDEBUG -DPITO_ECS_OWNED_DELETE_ATOMIC=1",8,100000,pito,owned_insert,ecs_insert_owned + join,2,50,3,29.958000
aalair,"Apple M3",8,"Darwin 27.0.0 arm64","Apple LLVM 21.0.0 (clang-2100.3.34.2)"," -O3 -DNDEBUG -DPITO_ECS_OWNED_DELETE_ATOMIC=1",8,100000,pito,owned_insert,ecs_insert_owned + join,2,50,4,29.811000
aalair,"Apple M3",8,"Darwin 27.0.0 arm64","Apple LLVM 21.0.0 (clang-2100.3.34.2)"," -O3 -DNDEBUG -DPITO_ECS_OWNED_DELETE_ATOMIC=1",8,100000,pito,owned_insert,ecs_insert_owned + join,2,50,5,29.647000
aalair,"Apple M3",8,"Darwin 27.0.0 arm64","Apple LLVM 21.0.0 (clang-2100.3.34.2)"," -O3 -DNDEBUG -DPITO_ECS_OWNED_DELETE_ATOMIC=1",8,100000,pito,owned_insert,ecs_insert_owned + join,2,50,6,29.435000
aalair,"Apple M3",8,"Darwin 27.0.0 arm64","Apple LLVM 21.0.0 (clang-2100.3.34.2)"," -O3 -DNDEBUG -DPITO_ECS_OWNED_DELETE_ATOMIC=1",8,100000,pito,owned_insert,ecs_insert_owned + join,2,50,7,29.791000
aalair,"Apple M3",8,"Darwin 27.0.0 arm64","Apple LLVM 21.0.0 (clang-2100.3.34.2)"," -O3 -DNDEBUG -DPITO_ECS_OWNED_DELETE_ATOMIC=1",8,100000,pito,owned_insert,ecs_insert_owned + join,2,50,8,29.472000
aalair,"Apple M3",8,"Darwin 27.0.0 arm64","Apple LLVM 21.0.0 (clang-2100.3.34.2)"," -O3 -DNDEBUG -DPITO_ECS_OWNED_DELETE_ATOMIC=1",8,100000,pito,owned_insert,ecs_insert_owned + join,2,50,9,29.566000
aalair,"Apple M3",8,"Darwin 27.0.0 arm64","Apple LLVM 21.0.0 (clang-2100.3.34.2)"," -O3 -DNDEBUG -DPITO_ECS_OWNED_DELETE_ATOMIC=1",8,100000,pito,owned_insert,ecs_insert_owned + join,2,50,10,29.696000
aalair,"Apple M3",8,"Darwin 27.0.0 arm64","Apple LLVM 21.0.0 (clang-2100.3.34.2)"," -O3 -DNDEBUG -DPITO_ECS_OWNED_DELETE_ATOMIC=1",8,100000,pito,owned_insert,ecs_insert_owned + join,2,500,1,208.823000
aalair,"Apple M3",8,"Darwin 27.0.0 arm64","Apple LLVM 21.0.0 (clang-2100.3.34.2)"," -O3 -DNDEBUG -DPITO_ECS_OWNED_DELETE_ATOMIC=1",8,100000,pito,owned_insert,ecs_insert_owned + join,2,500,2,208.170000
aalair,"Apple M3",8,"Darwin 27.0.0 arm64","Apple LLVM 21.0.0 (clang-2100.3.34.2)"," -O3 -DNDEBUG -DPITO_ECS_OWNED_DELETE_ATOMIC=1",8,100000,pito,owned_insert,ecs_insert_owned + join,2,500,3,207.774000
aalair,"Apple M3",8,"Darwin 27.0.0 arm64","Apple LLVM 21.0.0 (clang-2100.3.34.2)"," -O3 -DNDEBUG -DPITO_ECS_OWNED_DELETE_ATOMIC=1",8,100000,pito,owned_insert,ecs_insert_owned + join,2,500,4,208.529000
aalair,"Apple M3",8,"Darwin 27.0.0 arm64","Apple LLVM 21.0.0 (clang-2100.3.34.2)"," -O3 -DNDEBUG -DPITO_ECS_OWNED_DELETE_ATOMIC=1",8,100000,pito,owned_insert,ecs_insert_owned + join,2,500,5,208.426000
aalair,"Apple M3",8,"Darwin 27.0.0 arm64","Apple LLVM 21.0.0 (clang-2100.3.34.2)"," -O3 -DNDEBUG -DPITO_ECS_OWNED_DELETE_ATOMIC=1",8,100000,pito,owned_insert,ecs_insert_owned + join,2,500,6,207.932000
aalair,"Apple M3",8,"Darwin 27.0.0 arm64","Apple LLVM 21.0.0 (clang-2100.3.34.2)"," -O3 -DNDEBUG -DPITO_ECS_OWNED_DELETE_ATOMIC=1",8,100000,pito,owned_insert,ecs_insert_owned + join,2,500,7,207.920000
aalair,"Apple M3",8,"Darwin 27.0.0 arm64","Apple LLVM 21.0.0 (clang-2100.3.34.2)"," -O3 -DNDEBUG -DPITO_ECS_OWNED_DELETE_ATOMIC=1",8,100000,pito,owned_insert,ecs_insert_owned + join,2,500,8,208.264000
aalair,"Apple M3",8,"Darwin 27.0.0 arm64","Apple LLVM 21.0.0 (clang-2100.3.34.2)"," -O3 -DNDEBUG -DPITO_ECS_OWNED_DELETE_ATOMIC=1",8,100000,pito,owned_insert,ecs_insert_owned + join,2,500,9,208.055000
aalair,"Apple M3",8,"Darwin 27.0.0 arm64","Apple LLVM 21.0.0 (clang-2100.3.34.2)"," -O3 -DNDEBUG -DPITO_ECS_OWNED_DELETE_ATOMIC=1",8,100000,pito,owned_insert,ecs_insert_owned + join,2,500,10,207.895000
aalair,"Apple M3",8,"Darwin 27.0.0 arm64","Apple LLVM 21.0.0 (clang-2100.3.34.2)"," -O3 -DNDEBUG -DPITO_ECS_OWNED_DELETE_ATOMIC=1",8,100000,pito,owned_insert,ecs_insert_owned + join,4,0,1,30.703000
aalair,"Apple M3",8,"Darwin 27.0.0 arm64","Apple LLVM 21.0.0 (clang-2100.3.34.2)"," -O3 -DNDEBUG -DPITO_ECS_OWNED_DELETE_ATOMIC=1",8,100000,pito,owned_insert,ecs_insert_owned + join,4,0,2,30.657000
aalair,"Apple M3",8,"Darwin 27.0.0 arm64","Apple LLVM 21.0.0 (clang-2100.3.34.2)"," -O3 -DNDEBUG -DPITO_ECS_OWNED_DELETE_ATOMIC=1",8,100000,pito,owned_insert,ecs_insert_owned + join,4,0,3,30.702000
aalair,"Apple M3",8,"Darwin 27.0.0 arm64","Apple LLVM 21.0.0 (clang-2100.3.34.2)"," -O3 -DNDEBUG -DPITO_ECS_OWNED_DELETE_ATOMIC=1",8,100000,pito,owned_insert,ecs_insert_owned + join,4,0,4,30.672000
aalair,"Apple M3",8,"Darwin 27.0.0 arm64","Apple LLVM 21.0.0 (clang-2100.3.34.2)"," -O3 -DNDEBUG -DPITO_ECS_OWNED_DELETE_ATOMIC=1",8,100000,pito,owned_insert,ecs_insert_owned + join,4,0,5,30.657000
aalair,"Apple M3",8,"Darwin 27.0.0 arm64","Apple LLVM 21.0.0 (clang-2100.3.34.2)"," -O3 -DNDEBUG -DPITO_ECS_OWNED_DELETE_ATOMIC=1",8,100000,pito,owned_insert,ecs_insert_owned + join,4,0,6,30.690000
aalair,"Apple M3",8,"Darwin 27.0.0 arm64","Apple LLVM 21.0.0 (clang-2100.3.34.2)"," -O3 -DNDEBUG -DPITO_ECS_OWNED_DELETE_ATOMIC=1",8,100000,pito,owned_insert,ecs_insert_owned + join,4,0,7,30.657000
aalair,"Apple M3",8,"Darwin 27.0.0 arm64","Apple LLVM 21.0.0 (clang-2100.3.34.2)"," -O3 -DNDEBUG -DPITO_ECS_OWNED_DELETE_ATOMIC=1",8,100000,pito,owned_insert,ecs_insert_owned + join,4,0,8,30.669000
aalair,"Apple M3",8,"Darwin 27.0.0 arm64","Apple LLVM 21.0.0 (clang-2100.3.34.2)"," -O3 -DNDEBUG -DPITO_ECS_OWNED_DELETE_ATOMIC=1",8,100000,pito,owned_insert,ecs_insert_owned + join,4,0,9,30.705000
aalair,"Apple M3",8,"Darwin 27.0.0 arm64","Apple LLVM 21.0.0 (clang-2100.3.34.2)"," -O3 -DNDEBUG -DPITO_ECS_OWNED_DELETE_ATOMIC=1",8,100000,pito,owned_insert,ecs_insert_owned + join,4,0,10,30.713000
aalair,"Apple M3",8,"Darwin 27.0.0 arm64","Apple LLVM 21.0.0 (clang-2100.3.34.2)"," -O3 -DNDEBUG -DPITO_ECS_OWNED_DELETE_ATOMIC=1",8,100000,pito,owned_insert,ecs_insert_owned + join,4,10,1,30.371000
aalair,"Apple M3",8,"Darwin 27.0.0 arm64","Apple LLVM 21.0.0 (clang-2100.3.34.2)"," -O3 -DNDEBUG -DPITO_ECS_OWNED_DELETE_ATOMIC=1",8,100000,pito,owned_insert,ecs_insert_owned + join,4,10,2,30.765000
aalair,"Apple M3",8,"Darwin 27.0.0 arm64","Apple LLVM 21.0.0 (clang-2100.3.34.2)"," -O3 -DNDEBUG -DPITO_ECS_OWNED_DELETE_ATOMIC=1",8,100000,pito,owned_insert,ecs_insert_owned + join,4,10,3,30.408000
aalair,"Apple M3",8,"Darwin 27.0.0 arm64","Apple LLVM 21.0.0 (clang-2100.3.34.2)"," -O3 -DNDEBUG -DPITO_ECS_OWNED_DELETE_ATOMIC=1",8,100000,pito,owned_insert,ecs_insert_owned + join,4,10,4,30.419000
aalair,"Apple M3",8,"Darwin 27.0.0 arm64","Apple LLVM 21.0.0 (clang-2100.3.34.2)"," -O3 -DNDEBUG -DPITO_ECS_OWNED_DELETE_ATOMIC=1",8,100000,pito,owned_insert,ecs_insert_owned + join,4,10,5,30.515000
aalair,"Apple M3",8,"Darwin 27.0.0 arm64","Apple LLVM 21.0.0 (clang-2100.3.34.2)"," -O3 -DNDEBUG -DPITO_ECS_OWNED_DELETE_ATOMIC=1",8,100000,pito,owned_insert,ecs_insert_owned + join,4,10,6,30.439000
aalair,"Apple M3",8,"Darwin 27.0.0 arm64","Apple LLVM 21.0.0 (clang-2100.3.34.2)"," -O3 -DNDEBUG -DPITO_ECS_OWNED_DELETE_ATOMIC=1",8,100000,pito,owned_insert,ecs_insert_owned + join,4,10,7,30.487000
aalair,"Apple M3",8,"Darwin 27.0.0 arm64","Apple LLVM 21.0.0 (clang-2100.3.34.2)"," -O3 -DNDEBUG -DPITO_ECS_OWNED_DELETE_ATOMIC=1",8,100000,pito,owned_insert,ecs_insert_owned + join,4,10,8,30.328000
aalair,"Apple M3",8,"Darwin 27.0.0 arm64","Apple LLVM 21.0.0 (clang-2100.3.34.2)"," -O3 -DNDEBUG -DPITO_ECS_OWNED_DELETE_ATOMIC=1",8,100000,pito,owned_insert,ecs_insert_owned + join,4,10,9,30.400000
aalair,"Apple M3",8,"Darwin 27.0.0 arm64","Apple LLVM 21.0.0 (clang-2100.3.34.2)"," -O3 -DNDEBUG -DPITO_ECS_OWNED_DELETE_ATOMIC=1",8,100000,pito,owned_insert,ecs_insert_owned + join,4,10,10,30.466000
aalair,"Apple M3",8,"Darwin 27.0.0 arm64","Apple LLVM 21.0.0 (clang-2100.3.34.2)"," -O3 -DNDEBUG -DPITO_ECS_OWNED_DELETE_ATOMIC=1",8,100000,pito,owned_insert,ecs_insert_owned + join,4,50,1,30.640000
aalair,"Apple M3",8,"Darwin 27.0.0 arm64","Apple LLVM 21.0.0 (clang-2100.3.34.2)"," -O3 -DNDEBUG -DPITO_ECS_OWNED_DELETE_ATOMIC=1",8,100000,pito,owned_insert,ecs_insert_owned + join,4,50,2,30.867000
aalair,"Apple M3",8,"Darwin 27.0.0 arm64","Apple LLVM 21.0.0 (clang-2100.3.34.2)"," -O3 -DNDEBUG -DPITO_ECS_OWNED_DELETE_ATOMIC=1",8,100000,pito,owned_insert,ecs_insert_owned + join,4,50,3,30.363000
aalair,"Apple M3",8,"Darwin 27.0.0 arm64","Apple LLVM 21.0.0 (clang-2100.3.34.2)"," -O3 -DNDEBUG -DPITO_ECS_OWNED_DELETE_ATOMIC=1",8,100000,pito,owned_insert,ecs_insert_owned + join,4,50,4,30.267000
aalair,"Apple M3",8,"Darwin 27.0.0 arm64","Apple LLVM 21.0.0 (clang-2100.3.34.2)"," -O3 -DNDEBUG -DPITO_ECS_OWNED_DELETE_ATOMIC=1",8,100000,pito,owned_insert,ecs_insert_owned + join,4,50,5,30.382000
aalair,"Apple M3",8,"Darwin 27.0.0 arm64","Apple LLVM 21.0.0 (clang-2100.3.34.2)"," -O3 -DNDEBUG -DPITO_ECS_OWNED_DELETE_ATOMIC=1",8,100000,pito,owned_insert,ecs_insert_owned + join,4,50,6,30.348000
aalair,"Apple M3",8,"Darwin 27.0.0 arm64","Apple LLVM 21.0.0 (clang-2100.3.34.2)"," -O3 -DNDEBUG -DPITO_ECS_OWNED_DELETE_ATOMIC=1",8,100000,pito,owned_insert,ecs_insert_owned + join,4,50,7,30.224000
aalair,"Apple M3",8,"Darwin 27.0.0 arm64","Apple LLVM 21.0.0 (clang-2100.3.34.2)"," -O3 -DNDEBUG -DPITO_ECS_OWNED_DELETE_ATOMIC=1",8,100000,pito,owned_insert,ecs_insert_owned + join,4,50,8,30.321000
aalair,"Apple M3",8,"Darwin 27.0.0 arm64","Apple LLVM 21.0.0 (clang-2100.3.34.2)"," -O3 -DNDEBUG -DPITO_ECS_OWNED_DELETE_ATOMIC=1",8,100000,pito,owned_insert,ecs_insert_owned + join,4,50,9,30.372000
aalair,"Apple M3",8,"Darwin 27.0.0 arm64","Apple LLVM 21.0.0 (clang-2100.3.34.2)"," -O3 -DNDEBUG -DPITO_ECS_OWNED_DELETE_ATOMIC=1",8,100000,pito,owned_insert,ecs_insert_owned + join,4,50,10,30.232000
aalair,"Apple M3",8,"Darwin 27.0.0 arm64","Apple LLVM 21.0.0 (clang-2100.3.34.2)"," -O3 -DNDEBUG -DPITO_ECS_OWNED_DELETE_ATOMIC=1",8,100000,pito,owned_insert,ecs_insert_owned + join,4,500,1,114.314000
aalair,"Apple M3",8,"Darwin 27.0.0 arm64","Apple LLVM 21.0.0 (clang-2100.3.34.2)"," -O3 -DNDEBUG -DPITO_ECS_OWNED_DELETE_ATOMIC=1",8,100000,pito,owned_insert,ecs_insert_owned + join,4,500,2,113.777000
aalair,"Apple M3",8,"Darwin 27.0.0 arm64","Apple LLVM 21.0.0 (clang-2100.3.34.2)"," -O3 -DNDEBUG -DPITO_ECS_OWNED_DELETE_ATOMIC=1",8,100000,pito,owned_insert,ecs_insert_owned + join,4,500,3,113.800000
aalair,"Apple M3",8,"Darwin 27.0.0 arm64","Apple LLVM 21.0.0 (clang-2100.3.34.2)"," -O3 -DNDEBUG -DPITO_ECS_OWNED_DELETE_ATOMIC=1",8,100000,pito,owned_insert,ecs_insert_owned + join,4,500,4,113.748000
aalair,"Apple M3",8,"Darwin 27.0.0 arm64","Apple LLVM 21.0.0 (clang-2100.3.34.2)"," -O3 -DNDEBUG -DPITO_ECS_OWNED_DELETE_ATOMIC=1",8,100000,pito,owned_insert,ecs_insert_owned + join,4,500,5,113.826000
aalair,"Apple M3",8,"Darwin 27.0.0 arm64","Apple LLVM 21.0.0 (clang-2100.3.34.2)"," -O3 -DNDEBUG -DPITO_ECS_OWNED_DELETE_ATOMIC=1",8,100000,pito,owned_insert,ecs_insert_owned + join,4,500,6,114.283000
aalair,"Apple M3",8,"Darwin 27.0.0 arm64","Apple LLVM 21.0.0 (clang-2100.3.34.2)"," -O3 -DNDEBUG -DPITO_ECS_OWNED_DELETE_ATOMIC=1",8,100000,pito,owned_insert,ecs_insert_owned + join,4,500,7,113.800000
aalair,"Apple M3",8,"Darwin 27.0.0 arm64","Apple LLVM 21.0.0 (clang-2100.3.34.2)"," -O3 -DNDEBUG -DPITO_ECS_OWNED_DELETE_ATOMIC=1",8,100000,pito,owned_insert,ecs_insert_owned + join,4,500,8,114.494000
aalair,"Apple M3",8,"Darwin 27.0.0 arm64","Apple LLVM 21.0.0 (clang-2100.3.34.2)"," -O3 -DNDEBUG -DPITO_ECS_OWNED_DELETE_ATOMIC=1",8,100000,pito,owned_insert,ecs_insert_owned + join,4,500,9,113.971000
aalair,"Apple M3",8,"Darwin 27.0.0 arm64","Apple LLVM 21.0.0 (clang-2100.3.34.2)"," -O3 -DNDEBUG -DPITO_ECS_OWNED_DELETE_ATOMIC=1",8,100000,pito,owned_insert,ecs_insert_owned + join,4,500,10,114.203000
aalair,"Apple M3",8,"Darwin 27.0.0 arm64","Apple LLVM 21.0.0 (clang-2100.3.34.2)"," -O3 -DNDEBUG -DPITO_ECS_OWNED_DELETE_ATOMIC=1",8,100000,pito,owned_insert,ecs_insert_owned + join,8,0,1,47.568000
aalair,"Apple M3",8,"Darwin 27.0.0 arm64","Apple LLVM 21.0.0 (clang-2100.3.34.2)"," -O3 -DNDEBUG -DPITO_ECS_OWNED_DELETE_ATOMIC=1",8,100000,pito,owned_insert,ecs_insert_owned + join,8,0,2,48.121000
aalair,"Apple M3",8,"Darwin 27.0.0 arm64","Apple LLVM 21.0.0 (clang-2100.3.34.2)"," -O3 -DNDEBUG -DPITO_ECS_OWNED_DELETE_ATOMIC=1",8,100000,pito,owned_insert,ecs_insert_owned + join,8,0,3,47.630000
aalair,"Apple M3",8,"Darwin 27.0.0 arm64","Apple LLVM 21.0.0 (clang-2100.3.34.2)"," -O3 -DNDEBUG -DPITO_ECS_OWNED_DELETE_ATOMIC=1",8,100000,pito,owned_insert,ecs_insert_owned + join,8,0,4,50.080000
aalair,"Apple M3",8,"Darwin 27.0.0 arm64","Apple LLVM 21.0.0 (clang-2100.3.34.2)"," -O3 -DNDEBUG -DPITO_ECS_OWNED_DELETE_ATOMIC=1",8,100000,pito,owned_insert,ecs_insert_owned + join,8,0,5,48.257000
aalair,"Apple M3",8,"Darwin 27.0.0 arm64","Apple LLVM 21.0.0 (clang-2100.3.34.2)"," -O3 -DNDEBUG -DPITO_ECS_OWNED_DELETE_ATOMIC=1",8,100000,pito,owned_insert,ecs_insert_owned + join,8,0,6,47.968000
aalair,"Apple M3",8,"Darwin 27.0.0 arm64","Apple LLVM 21.0.0 (clang-2100.3.34.2)"," -O3 -DNDEBUG -DPITO_ECS_OWNED_DELETE_ATOMIC=1",8,100000,pito,owned_insert,ecs_insert_owned + join,8,0,7,47.742000
aalair,"Apple M3",8,"Darwin 27.0.0 arm64","Apple LLVM 21.0.0 (clang-2100.3.34.2)"," -O3 -DNDEBUG -DPITO_ECS_OWNED_DELETE_ATOMIC=1",8,100000,pito,owned_insert,ecs_insert_owned + join,8,0,8,47.391000
aalair,"Apple M3",8,"Darwin 27.0.0 arm64","Apple LLVM 21.0.0 (clang-2100.3.34.2)"," -O3 -DNDEBUG -DPITO_ECS_OWNED_DELETE_ATOMIC=1",8,100000,pito,owned_insert,ecs_insert_owned + join,8,0,9,48.140000
aalair,"Apple M3",8,"Darwin 27.0.0 arm64","Apple LLVM 21.0.0 (clang-2100.3.34.2)"," -O3 -DNDEBUG -DPITO_ECS_OWNED_DELETE_ATOMIC=1",8,100000,pito,owned_insert,ecs_insert_owned + join,8,0,10,47.646000
aalair,"Apple M3",8,"Darwin 27.0.0 arm64","Apple LLVM 21.0.0 (clang-2100.3.34.2)"," -O3 -DNDEBUG -DPITO_ECS_OWNED_DELETE_ATOMIC=1",8,100000,pito,owned_insert,ecs_insert_owned + join,8,10,1,47.016000
aalair,"Apple M3",8,"Darwin 27.0.0 arm64","Apple LLVM 21.0.0 (clang-2100.3.34.2)"," -O3 -DNDEBUG -DPITO_ECS_OWNED_DELETE_ATOMIC=1",8,100000,pito,owned_insert,ecs_insert_owned + join,8,10,2,47.275000
aalair,"Apple M3",8,"Darwin 27.0.0 arm64","Apple LLVM 21.0.0 (clang-2100.3.34.2)"," -O3 -DNDEBUG -DPITO_ECS_OWNED_DELETE_ATOMIC=1",8,100000,pito,owned_insert,ecs_insert_owned + join,8,10,3,47.575000
aalair,"Apple M3",8,"Darwin 27.0.0 arm64","Apple LLVM 21.0.0 (clang-2100.3.34.2)"," -O3 -DNDEBUG -DPITO_ECS_OWNED_DELETE_ATOMIC=1",8,100000,pito,owned_insert,ecs_insert_owned + join,8,10,4,49.321000
aalair,"Apple M3",8,"Darwin 27.0.0 arm64","Apple LLVM 21.0.0 (clang-2100.3.34.2)"," -O3 -DNDEBUG -DPITO_ECS_OWNED_DELETE_ATOMIC=1",8,100000,pito,owned_insert,ecs_insert_owned + join,8,10,5,47.772000
aalair,"Apple M3",8,"Darwin 27.0.0 arm64","Apple LLVM 21.0.0 (clang-2100.3.34.2)"," -O3 -DNDEBUG -DPITO_ECS_OWNED_DELETE_ATOMIC=1",8,100000,pito,owned_insert,ecs_insert_owned + join,8,10,6,47.831000
aalair,"Apple M3",8,"Darwin 27.0.0 arm64","Apple LLVM 21.0.0 (clang-2100.3.34.2)"," -O3 -DNDEBUG -DPITO_ECS_OWNED_DELETE_ATOMIC=1",8,100000,pito,owned_insert,ecs_insert_owned + join,8,10,7,48.105000
aalair,"Apple M3",8,"Darwin 27.0.0 arm64","Apple LLVM 21.0.0 (clang-2100.3.34.2)"," -O3 -DNDEBUG -DPITO_ECS_OWNED_DELETE_ATOMIC=1",8,100000,pito,owned_insert,ecs_insert_owned + join,8,10,8,47.150000
aalair,"Apple M3",8,"Darwin 27.0.0 arm64","Apple LLVM 21.0.0 (clang-2100.3.34.2)"," -O3 -DNDEBUG -DPITO_ECS_OWNED_DELETE_ATOMIC=1",8,100000,pito,owned_insert,ecs_insert_owned + join,8,10,9,48.013000
aalair,"Apple M3",8,"Darwin 27.0.0 arm64","Apple LLVM 21.0.0 (clang-2100.3.34.2)"," -O3 -DNDEBUG -DPITO_ECS_OWNED_DELETE_ATOMIC=1",8,100000,pito,owned_insert,ecs_insert_owned + join,8,10,10,47.106000
aalair,"Apple M3",8,"Darwin 27.0.0 arm64","Apple LLVM 21.0.0 (clang-2100.3.34.2)"," -O3 -DNDEBUG -DPITO_ECS_OWNED_DELETE_ATOMIC=1",8,100000,pito,owned_insert,ecs_insert_owned + join,8,50,1,45.838000
aalair,"Apple M3",8,"Darwin 27.0.0 arm64","Apple LLVM 21.0.0 (clang-2100.3.34.2)"," -O3 -DNDEBUG -DPITO_ECS_OWNED_DELETE_ATOMIC=1",8,100000,pito,owned_insert,ecs_insert_owned + join,8,50,2,46.552000
aalair,"Apple M3",8,"Darwin 27.0.0 arm64","Apple LLVM 21.0.0 (clang-2100.3.34.2)"," -O3 -DNDEBUG -DPITO_ECS_OWNED_DELETE_ATOMIC=1",8,100000,pito,owned_insert,ecs_insert_owned + join,8,50,3,46.018000
aalair,"Apple M3",8,"Darwin 27.0.0 arm64","Apple LLVM 21.0.0 (clang-2100.3.34.2)"," -O3 -DNDEBUG -DPITO_ECS_OWNED_DELETE_ATOMIC=1",8,100000,pito,owned_insert,ecs_insert_owned + join,8,50,4,46.673000
aalair,"Apple M3",8,"Darwin 27.0.0 arm64","Apple LLVM 21.0.0 (clang-2100.3.34.2)"," -O3 -DNDEBUG -DPITO_ECS_OWNED_DELETE_ATOMIC=1",8,100000,pito,owned_insert,ecs_insert_owned + join,8,50,5,46.489000
aalair,"Apple M3",8,"Darwin 27.0.0 arm64","Apple LLVM 21.0.0 (clang-2100.3.34.2)"," -O3 -DNDEBUG -DPITO_ECS_OWNED_DELETE_ATOMIC=1",8,100000,pito,owned_insert,ecs_insert_owned + join,8,50,6,46.199000
aalair,"Apple M3",8,"Darwin 27.0.0 arm64","Apple LLVM 21.0.0 (clang-2100.3.34.2)"," -O3 -DNDEBUG -DPITO_ECS_OWNED_DELETE_ATOMIC=1",8,100000,pito,owned_insert,ecs_insert_owned + join,8,50,7,46.537000
aalair,"Apple M3",8,"Darwin 27.0.0 arm64","Apple LLVM 21.0.0 (clang-2100.3.34.2)"," -O3 -DNDEBUG -DPITO_ECS_OWNED_DELETE_ATOMIC=1",8,100000,pito,owned_insert,ecs_insert_owned + join,8,50,8,46.203000
aalair,"Apple M3",8,"Darwin 27.0.0 arm64","Apple LLVM 21.0.0 (clang-2100.3.34.2)"," -O3 -DNDEBUG -DPITO_ECS_OWNED_DELETE_ATOMIC=1",8,100000,pito,owned_insert,ecs_insert_owned + join,8,50,9,46.352000
aalair,"Apple M3",8,"Darwin 27.0.0 arm64","Apple LLVM 21.0.0 (clang-2100.3.34.2)"," -O3 -DNDEBUG -DPITO_ECS_OWNED_DELETE_ATOMIC=1",8,100000,pito,owned_insert,ecs_insert_owned + join,8,50,10,45.949000
aalair,"Apple M3",8,"Darwin 27.0.0 arm64","Apple LLVM 21.0.0 (clang-2100.3.34.2)"," -O3 -DNDEBUG -DPITO_ECS_OWNED_DELETE_ATOMIC=1",8,100000,pito,owned_insert,ecs_insert_owned + join,8,500,1,86.455000
aalair,"Apple M3",8,"Darwin 27.0.0 arm64","Apple LLVM 21.0.0 (clang-2100.3.34.2)"," -O3 -DNDEBUG -DPITO_ECS_OWNED_DELETE_ATOMIC=1",8,100000,pito,owned_insert,ecs_insert_owned + join,8,500,2,85.237000
aalair,"Apple M3",8,"Darwin 27.0.0 arm64","Apple LLVM 21.0.0 (clang-2100.3.34.2)"," -O3 -DNDEBUG -DPITO_ECS_OWNED_DELETE_ATOMIC=1",8,100000,pito,owned_insert,ecs_insert_owned + join,8,500,3,86.722000
aalair,"Apple M3",8,"Darwin 27.0.0 arm64","Apple LLVM 21.0.0 (clang-2100.3.34.2)"," -O3 -DNDEBUG -DPITO_ECS_OWNED_DELETE_ATOMIC=1",8,100000,pito,owned_insert,ecs_insert_owned + join,8,500,4,89.009000
aalair,"Apple M3",8,"Darwin 27.0.0 arm64","Apple LLVM 21.0.0 (clang-2100.3.34.2)"," -O3 -DNDEBUG -DPITO_ECS_OWNED_DELETE_ATOMIC=1",8,100000,pito,owned_insert,ecs_insert_owned + join,8,500,5,86.718000
aalair,"Apple M3",8,"Darwin 27.0.0 arm64","Apple LLVM 21.0.0 (clang-2100.3.34.2)"," -O3 -DNDEBUG -DPITO_ECS_OWNED_DELETE_ATOMIC=1",8,100000,pito,owned_insert,ecs_insert_owned + join,8,500,6,86.057000
aalair,"Apple M3",8,"Darwin 27.0.0 arm64","Apple LLVM 21.0.0 (clang-2100.3.34.2)"," -O3 -DNDEBUG -DPITO_ECS_OWNED_DELETE_ATOMIC=1",8,100000,pito,owned_insert,ecs_insert_owned + join,8,500,7,85.262000
aalair,"Apple M3",8,"Darwin 27.0.0 arm64","Apple LLVM 21.0.0 (clang-2100.3.34.2)"," -O3 -DNDEBUG -DPITO_ECS_OWNED_DELETE_ATOMIC=1",8,100000,pito,owned_insert,ecs_insert_owned + join,8,500,8,85.748000
aalair,"Apple M3",8,"Darwin 27.0.0 arm64","Apple LLVM 21.0.0 (clang-2100.3.34.2)"," -O3 -DNDEBUG -DPITO_ECS_OWNED_DELETE_ATOMIC=1",8,100000,pito,owned_insert,ecs_insert_owned + join,8,500,9,86.261000
aalair,"Apple M3",8,"Darwin 27.0.0 arm64","Apple LLVM 21.0.0 (clang-2100.3.34.2)"," -O3 -DNDEBUG -DPITO_ECS_OWNED_DELETE_ATOMIC=1",8,100000,pito,owned_insert,ecs_insert_owned + join,8,500,10,85.413000
aalair,"Apple M3",8,"Darwin 27.0.0 arm64","Apple LLVM 21.0.0 (clang-2100.3.34.2)"," -O3 -DNDEBUG",8,100000,pico,owned_delete,,1,0,1,7.052000
aalair,"Apple M3",8,"Darwin 27.0.0 arm64","Apple LLVM 21.0.0 (clang-2100.3.34.2)"," -O3 -DNDEBUG",8,100000,pico,owned_delete,,1,0,2,6.931000
aalair,"Apple M3",8,"Darwin 27.0.0 arm64","Apple LLVM 21.0.0 (clang-2100.3.34.2)"," -O3 -DNDEBUG",8,100000,pico,owned_delete,,1,0,3,6.880000
aalair,"Apple M3",8,"Darwin 27.0.0 arm64","Apple LLVM 21.0.0 (clang-2100.3.34.2)"," -O3 -DNDEBUG",8,100000,pico,owned_delete,,1,0,4,6.899000
aalair,"Apple M3",8,"Darwin 27.0.0 arm64","Apple LLVM 21.0.0 (clang-2100.3.34.2)"," -O3 -DNDEBUG",8,100000,pico,owned_delete,,1,0,5,6.881000
aalair,"Apple M3",8,"Darwin 27.0.0 arm64","Apple LLVM 21.0.0 (clang-2100.3.34.2)"," -O3 -DNDEBUG",8,100000,pico,owned_delete,,1,0,6,6.965000
aalair,"Apple M3",8,"Darwin 27.0.0 arm64","Apple LLVM 21.0.0 (clang-2100.3.34.2)"," -O3 -DNDEBUG",8,100000,pico,owned_delete,,1,0,7,6.883000
aalair,"Apple M3",8,"Darwin 27.0.0 arm64","Apple LLVM 21.0.0 (clang-2100.3.34.2)"," -O3 -DNDEBUG",8,100000,pico,owned_delete,,1,0,8,6.864000
aalair,"Apple M3",8,"Darwin 27.0.0 arm64","Apple LLVM 21.0.0 (clang-2100.3.34.2)"," -O3 -DNDEBUG",8,100000,pico,owned_delete,,1,0,9,6.835000
aalair,"Apple M3",8,"Darwin 27.0.0 arm64","Apple LLVM 21.0.0 (clang-2100.3.34.2)"," -O3 -DNDEBUG",8,100000,pico,owned_delete,,1,0,10,6.833000
aalair,"Apple M3",8,"Darwin 27.0.0 arm64","Apple LLVM 21.0.0 (clang-2100.3.34.2)"," -O3 -DNDEBUG",8,100000,pico,owned_delete,,1,10,1,8.189000
aalair,"Apple M3",8,"Darwin 27.0.0 arm64","Apple LLVM 21.0.0 (clang-2100.3.34.2)"," -O3 -DNDEBUG",8,100000,pico,owned_delete,,1,10,2,8.171000
aalair,"Apple M3",8,"Darwin 27.0.0 arm64","Apple LLVM 21.0.0 (clang-2100.3.34.2)"," -O3 -DNDEBUG",8,100000,pico,owned_delete,,1,10,3,8.174000
aalair,"Apple M3",8,"Darwin 27.0.0 arm64","Apple LLVM 21.0.0 (clang-2100.3.34.2)"," -O3 -DNDEBUG",8,100000,pico,owned_delete,,1,10,4,8.384000
aalair,"Apple M3",8,"Darwin 27.0.0 arm64","Apple LLVM 21.0.0 (clang-2100.3.34.2)"," -O3 -DNDEBUG",8,100000,pico,owned_delete,,1,10,5,8.364000
aalair,"Apple M3",8,"Darwin 27.0.0 arm64","Apple LLVM 21.0.0 (clang-2100.3.34.2)"," -O3 -DNDEBUG",8,100000,pico,owned_delete,,1,10,6,8.359000
aalair,"Apple M3",8,"Darwin 27.0.0 arm64","Apple LLVM 21.0.0 (clang-2100.3.34.2)"," -O3 -DNDEBUG",8,100000,pico,owned_delete,,1,10,7,8.338000
aalair,"Apple M3",8,"Darwin 27.0.0 arm64","Apple LLVM 21.0.0 (clang-2100.3.34.2)"," -O3 -DNDEBUG",8,100000,pico,owned_delete,,1,10,8,8.408000
aalair,"Apple M3",8,"Darwin 27.0.0 arm64","Apple LLVM 21.0.0 (clang-2100.3.34.2)"," -O3 -DNDEBUG",8,100000,pico,owned_delete,,1,10,9,8.296000
aalair,"Apple M3",8,"Darwin 27.0.0 arm64","Apple LLVM 21.0.0 (clang-2100.3.34.2)"," -O3 -DNDEBUG",8,100000,pico,owned_delete,,1,10,10,8.276000
aalair,"Apple M3",8,"Darwin 27.0.0 arm64","Apple LLVM 21.0.0 (clang-2100.3.34.2)"," -O3 -DNDEBUG",8,100000,pico,owned_delete,,1,50,1,22.960000
aalair,"Apple M3",8,"Darwin 27.0.0 arm64","Apple LLVM 21.0.0 (clang-2100.3.34.2)"," -O3 -DNDEBUG",8,100000,pico,owned_delete,,1,50,2,22.401000
aalair,"Apple M3",8,"Darwin 27.0.0 arm64","Apple LLVM 21.0.0 (clang-2100.3.34.2)"," -O3 -DNDEBUG",8,100000,pico,owned_delete,,1,50,3,22.365000
aalair,"Apple M3",8,"Darwin 27.0.0 arm64","Apple LLVM 21.0.0 (clang-2100.3.34.2)"," -O3 -DNDEBUG",8,100000,pico,owned_delete,,1,50,4,22.311000
aalair,"Apple M3",8,"Darwin 27.0.0 arm64","Apple LLVM 21.0.0 (clang-2100.3.34.2)"," -O3 -DNDEBUG",8,100000,pico,owned_delete,,1,50,5,22.303000
aalair,"Apple M3",8,"Darwin 27.0.0 arm64","Apple LLVM 21.0.0 (clang-2100.3.34.2)"," -O3 -DNDEBUG",8,100000,pico,owned_delete,,1,50,6,22.321000
aalair,"Apple M3",8,"Darwin 27.0.0 arm64","Apple LLVM 21.0.0 (clang-2100.3.34.2)"," -O3 -DNDEBUG",8,100000,pico,owned_delete,,1,50,7,22.289000
aalair,"Apple M3",8,"Darwin 27.0.0 arm64","Apple LLVM 21.0.0 (clang-2100.3.34.2)"," -O3 -DNDEBUG",8,100000,pico,owned_delete,,1,50,8,22.301000
aalair,"Apple M3",8,"Darwin 27.0.0 arm64","Apple LLVM 21.0.0 (clang-2100.3.34.2)"," -O3 -DNDEBUG",8,100000,pico,owned_delete,,1,50,9,22.295000
aalair,"Apple M3",8,"Darwin 27.0.0 arm64","Apple LLVM 21.0.0 (clang-2100.3.34.2)"," -O3 -DNDEBUG",8,100000,pico,owned_delete,,1,50,10,22.286000
aalair,"Apple M3",8,"Darwin 27.0.0 arm64","Apple LLVM 21.0.0 (clang-2100.3.34.2)"," -O3 -DNDEBUG",8,100000,pico,owned_delete,,1,500,1,343.683000
aalair,"Apple M3",8,"Darwin 27.0.0 arm64","Apple LLVM 21.0.0 (clang-2100.3.34.2)"," -O3 -DNDEBUG",8,100000,pico,owned_delete,,1,500,2,343.861000
aalair,"Apple M3",8,"Darwin 27.0.0 arm64","Apple LLVM 21.0.0 (clang-2100.3.34.2)"," -O3 -DNDEBUG",8,100000,pico,owned_delete,,1,500,3,343.855000
aalair,"Apple M3",8,"Darwin 27.0.0 arm64","Apple LLVM 21.0.0 (clang-2100.3.34.2)"," -O3 -DNDEBUG",8,100000,pico,owned_delete,,1,500,4,344.403000
aalair,"Apple M3",8,"Darwin 27.0.0 arm64","Apple LLVM 21.0.0 (clang-2100.3.34.2)"," -O3 -DNDEBUG",8,100000,pico,owned_delete,,1,500,5,343.679000
aalair,"Apple M3",8,"Darwin 27.0.0 arm64","Apple LLVM 21.0.0 (clang-2100.3.34.2)"," -O3 -DNDEBUG",8,100000,pico,owned_delete,,1,500,6,343.510000
aalair,"Apple M3",8,"Darwin 27.0.0 arm64","Apple LLVM 21.0.0 (clang-2100.3.34.2)"," -O3 -DNDEBUG",8,100000,pico,owned_delete,,1,500,7,343.809000
aalair,"Apple M3",8,"Darwin 27.0.0 arm64","Apple LLVM 21.0.0 (clang-2100.3.34.2)"," -O3 -DNDEBUG",8,100000,pico,owned_delete,,1,500,8,344.074000
aalair,"Apple M3",8,"Darwin 27.0.0 arm64","Apple LLVM 21.0.0 (clang-2100.3.34.2)"," -O3 -DNDEBUG",8,100000,pico,owned_delete,,1,500,9,343.604000
aalair,"Apple M3",8,"Darwin 27.0.0 arm64","Apple LLVM 21.0.0 (clang-2100.3.34.2)"," -O3 -DNDEBUG",8,100000,pico,owned_delete,,1,500,10,344.436000
aalair,"Apple M3",8,"Darwin 27.0.0 arm64","Apple LLVM 21.0.0 (clang-2100.3.34.2)"," -O3 -DNDEBUG",8,100000,flecs,owned_delete,,1,0,1,15.457000
aalair,"Apple M3",8,"Darwin 27.0.0 arm64","Apple LLVM 21.0.0 (clang-2100.3.34.2)"," -O3 -DNDEBUG",8,100000,flecs,owned_delete,,1,0,2,15.321000
aalair,"Apple M3",8,"Darwin 27.0.0 arm64","Apple LLVM 21.0.0 (clang-2100.3.34.2)"," -O3 -DNDEBUG",8,100000,flecs,owned_delete,,1,0,3,15.242000
aalair,"Apple M3",8,"Darwin 27.0.0 arm64","Apple LLVM 21.0.0 (clang-2100.3.34.2)"," -O3 -DNDEBUG",8,100000,flecs,owned_delete,,1,0,4,15.274000
aalair,"Apple M3",8,"Darwin 27.0.0 arm64","Apple LLVM 21.0.0 (clang-2100.3.34.2)"," -O3 -DNDEBUG",8,100000,flecs,owned_delete,,1,0,5,15.272000
aalair,"Apple M3",8,"Darwin 27.0.0 arm64","Apple LLVM 21.0.0 (clang-2100.3.34.2)"," -O3 -DNDEBUG",8,100000,flecs,owned_delete,,1,0,6,15.336000
aalair,"Apple M3",8,"Darwin 27.0.0 arm64","Apple LLVM 21.0.0 (clang-2100.3.34.2)"," -O3 -DNDEBUG",8,100000,flecs,owned_delete,,1,0,7,15.361000
aalair,"Apple M3",8,"Darwin 27.0.0 arm64","Apple LLVM 21.0.0 (clang-2100.3.34.2)"," -O3 -DNDEBUG",8,100000,flecs,owned_delete,,1,0,8,15.012000
aalair,"Apple M3",8,"Darwin 27.0.0 arm64","Apple LLVM 21.0.0 (clang-2100.3.34.2)"," -O3 -DNDEBUG",8,100000,flecs,owned_delete,,1,0,9,14.933000
aalair,"Apple M3",8,"Darwin 27.0.0 arm64","Apple LLVM 21.0.0 (clang-2100.3.34.2)"," -O3 -DNDEBUG",8,100000,flecs,owned_delete,,1,0,10,14.962000
aalair,"Apple M3",8,"Darwin 27.0.0 arm64","Apple LLVM 21.0.0 (clang-2100.3.34.2)"," -O3 -DNDEBUG",8,100000,flecs,owned_delete,,1,10,1,16.020000
aalair,"Apple M3",8,"Darwin 27.0.0 arm64","Apple LLVM 21.0.0 (clang-2100.3.34.2)"," -O3 -DNDEBUG",8,100000,flecs,owned_delete,,1,10,2,16.113000
aalair,"Apple M3",8,"Darwin 27.0.0 arm64","Apple LLVM 21.0.0 (clang-2100.3.34.2)"," -O3 -DNDEBUG",8,100000,flecs,owned_delete,,1,10,3,16.480000
aalair,"Apple M3",8,"Darwin 27.0.0 arm64","Apple LLVM 21.0.0 (clang-2100.3.34.2)"," -O3 -DNDEBUG",8,100000,flecs,owned_delete,,1,10,4,16.164000
aalair,"Apple M3",8,"Darwin 27.0.0 arm64","Apple LLVM 21.0.0 (clang-2100.3.34.2)"," -O3 -DNDEBUG",8,100000,flecs,owned_delete,,1,10,5,16.492000
aalair,"Apple M3",8,"Darwin 27.0.0 arm64","Apple LLVM 21.0.0 (clang-2100.3.34.2)"," -O3 -DNDEBUG",8,100000,flecs,owned_delete,,1,10,6,16.497000
aalair,"Apple M3",8,"Darwin 27.0.0 arm64","Apple LLVM 21.0.0 (clang-2100.3.34.2)"," -O3 -DNDEBUG",8,100000,flecs,owned_delete,,1,10,7,16.509000
aalair,"Apple M3",8,"Darwin 27.0.0 arm64","Apple LLVM 21.0.0 (clang-2100.3.34.2)"," -O3 -DNDEBUG",8,100000,flecs,owned_delete,,1,10,8,16.428000
aalair,"Apple M3",8,"Darwin 27.0.0 arm64","Apple LLVM 21.0.0 (clang-2100.3.34.2)"," -O3 -DNDEBUG",8,100000,flecs,owned_delete,,1,10,9,16.490000
aalair,"Apple M3",8,"Darwin 27.0.0 arm64","Apple LLVM 21.0.0 (clang-2100.3.34.2)"," -O3 -DNDEBUG",8,100000,flecs,owned_delete,,1,10,10,16.809000
aalair,"Apple M3",8,"Darwin 27.0.0 arm64","Apple LLVM 21.0.0 (clang-2100.3.34.2)"," -O3 -DNDEBUG",8,100000,flecs,owned_delete,,1,50,1,31.228000
aalair,"Apple M3",8,"Darwin 27.0.0 arm64","Apple LLVM 21.0.0 (clang-2100.3.34.2)"," -O3 -DNDEBUG",8,100000,flecs,owned_delete,,1,50,2,31.234000
aalair,"Apple M3",8,"Darwin 27.0.0 arm64","Apple LLVM 21.0.0 (clang-2100.3.34.2)"," -O3 -DNDEBUG",8,100000,flecs,owned_delete,,1,50,3,31.212000
aalair,"Apple M3",8,"Darwin 27.0.0 arm64","Apple LLVM 21.0.0 (clang-2100.3.34.2)"," -O3 -DNDEBUG",8,100000,flecs,owned_delete,,1,50,4,31.194000
aalair,"Apple M3",8,"Darwin 27.0.0 arm64","Apple LLVM 21.0.0 (clang-2100.3.34.2)"," -O3 -DNDEBUG",8,100000,flecs,owned_delete,,1,50,5,31.248000
aalair,"Apple M3",8,"Darwin 27.0.0 arm64","Apple LLVM 21.0.0 (clang-2100.3.34.2)"," -O3 -DNDEBUG",8,100000,flecs,owned_delete,,1,50,6,31.250000
aalair,"Apple M3",8,"Darwin 27.0.0 arm64","Apple LLVM 21.0.0 (clang-2100.3.34.2)"," -O3 -DNDEBUG",8,100000,flecs,owned_delete,,1,50,7,31.188000
aalair,"Apple M3",8,"Darwin 27.0.0 arm64","Apple LLVM 21.0.0 (clang-2100.3.34.2)"," -O3 -DNDEBUG",8,100000,flecs,owned_delete,,1,50,8,31.291000
aalair,"Apple M3",8,"Darwin 27.0.0 arm64","Apple LLVM 21.0.0 (clang-2100.3.34.2)"," -O3 -DNDEBUG",8,100000,flecs,owned_delete,,1,50,9,31.260000
aalair,"Apple M3",8,"Darwin 27.0.0 arm64","Apple LLVM 21.0.0 (clang-2100.3.34.2)"," -O3 -DNDEBUG",8,100000,flecs,owned_delete,,1,50,10,31.214000
aalair,"Apple M3",8,"Darwin 27.0.0 arm64","Apple LLVM 21.0.0 (clang-2100.3.34.2)"," -O3 -DNDEBUG",8,100000,flecs,owned_delete,,1,500,1,356.650000
aalair,"Apple M3",8,"Darwin 27.0.0 arm64","Apple LLVM 21.0.0 (clang-2100.3.34.2)"," -O3 -DNDEBUG",8,100000,flecs,owned_delete,,1,500,2,357.395000
aalair,"Apple M3",8,"Darwin 27.0.0 arm64","Apple LLVM 21.0.0 (clang-2100.3.34.2)"," -O3 -DNDEBUG",8,100000,flecs,owned_delete,,1,500,3,356.916000
aalair,"Apple M3",8,"Darwin 27.0.0 arm64","Apple LLVM 21.0.0 (clang-2100.3.34.2)"," -O3 -DNDEBUG",8,100000,flecs,owned_delete,,1,500,4,356.955000
aalair,"Apple M3",8,"Darwin 27.0.0 arm64","Apple LLVM 21.0.0 (clang-2100.3.34.2)"," -O3 -DNDEBUG",8,100000,flecs,owned_delete,,1,500,5,356.954000
aalair,"Apple M3",8,"Darwin 27.0.0 arm64","Apple LLVM 21.0.0 (clang-2100.3.34.2)"," -O3 -DNDEBUG",8,100000,flecs,owned_delete,,1,500,6,356.738000
aalair,"Apple M3",8,"Darwin 27.0.0 arm64","Apple LLVM 21.0.0 (clang-2100.3.34.2)"," -O3 -DNDEBUG",8,100000,flecs,owned_delete,,1,500,7,356.809000
aalair,"Apple M3",8,"Darwin 27.0.0 arm64","Apple LLVM 21.0.0 (clang-2100.3.34.2)"," -O3 -DNDEBUG",8,100000,flecs,owned_delete,,1,500,8,356.909000
aalair,"Apple M3",8,"Darwin 27.0.0 arm64","Apple LLVM 21.0.0 (clang-2100.3.34.2)"," -O3 -DNDEBUG",8,100000,flecs,owned_delete,,1,500,9,356.733000
aalair,"Apple M3",8,"Darwin 27.0.0 arm64","Apple LLVM 21.0.0 (clang-2100.3.34.2)"," -O3 -DNDEBUG",8,100000,flecs,owned_delete,,1,500,10,357.051000
aalair,"Apple M3",8,"Darwin 27.0.0 arm64","Apple LLVM 21.0.0 (clang-2100.3.34.2)"," -O3 -DNDEBUG",8,100000,flecs,owned_delete,,2,0,1,12.375000
aalair,"Apple M3",8,"Darwin 27.0.0 arm64","Apple LLVM 21.0.0 (clang-2100.3.34.2)"," -O3 -DNDEBUG",8,100000,flecs,owned_delete,,2,0,2,12.300000
aalair,"Apple M3",8,"Darwin 27.0.0 arm64","Apple LLVM 21.0.0 (clang-2100.3.34.2)"," -O3 -DNDEBUG",8,100000,flecs,owned_delete,,2,0,3,12.239000
aalair,"Apple M3",8,"Darwin 27.0.0 arm64","Apple LLVM 21.0.0 (clang-2100.3.34.2)"," -O3 -DNDEBUG",8,100000,flecs,owned_delete,,2,0,4,12.216000
aalair,"Apple M3",8,"Darwin 27.0.0 arm64","Apple LLVM 21.0.0 (clang-2100.3.34.2)"," -O3 -DNDEBUG",8,100000,flecs,owned_delete,,2,0,5,12.401000
aalair,"Apple M3",8,"Darwin 27.0.0 arm64","Apple LLVM 21.0.0 (clang-2100.3.34.2)"," -O3 -DNDEBUG",8,100000,flecs,owned_delete,,2,0,6,12.464000
aalair,"Apple M3",8,"Darwin 27.0.0 arm64","Apple LLVM 21.0.0 (clang-2100.3.34.2)"," -O3 -DNDEBUG",8,100000,flecs,owned_delete,,2,0,7,12.165000
aalair,"Apple M3",8,"Darwin 27.0.0 arm64","Apple LLVM 21.0.0 (clang-2100.3.34.2)"," -O3 -DNDEBUG",8,100000,flecs,owned_delete,,2,0,8,12.210000
aalair,"Apple M3",8,"Darwin 27.0.0 arm64","Apple LLVM 21.0.0 (clang-2100.3.34.2)"," -O3 -DNDEBUG",8,100000,flecs,owned_delete,,2,0,9,12.237000
aalair,"Apple M3",8,"Darwin 27.0.0 arm64","Apple LLVM 21.0.0 (clang-2100.3.34.2)"," -O3 -DNDEBUG",8,100000,flecs,owned_delete,,2,0,10,12.222000
aalair,"Apple M3",8,"Darwin 27.0.0 arm64","Apple LLVM 21.0.0 (clang-2100.3.34.2)"," -O3 -DNDEBUG",8,100000,flecs,owned_delete,,2,10,1,12.859000
aalair,"Apple M3",8,"Darwin 27.0.0 arm64","Apple LLVM 21.0.0 (clang-2100.3.34.2)"," -O3 -DNDEBUG",8,100000,flecs,owned_delete,,2,10,2,12.981000
aalair,"Apple M3",8,"Darwin 27.0.0 arm64","Apple LLVM 21.0.0 (clang-2100.3.34.2)"," -O3 -DNDEBUG",8,100000,flecs,owned_delete,,2,10,3,13.007000
aalair,"Apple M3",8,"Darwin 27.0.0 arm64","Apple LLVM 21.0.0 (clang-2100.3.34.2)"," -O3 -DNDEBUG",8,100000,flecs,owned_delete,,2,10,4,13.022000
aalair,"Apple M3",8,"Darwin 27.0.0 arm64","Apple LLVM 21.0.0 (clang-2100.3.34.2)"," -O3 -DNDEBUG",8,100000,flecs,owned_delete,,2,10,5,12.995000
aalair,"Apple M3",8,"Darwin 27.0.0 arm64","Apple LLVM 21.0.0 (clang-2100.3.34.2)"," -O3 -DNDEBUG",8,100000,flecs,owned_delete,,2,10,6,12.983000
aalair,"Apple M3",8,"Darwin 27.0.0 arm64","Apple LLVM 21.0.0 (clang-2100.3.34.2)"," -O3 -DNDEBUG",8,100000,flecs,owned_delete,,2,10,7,12.964000
aalair,"Apple M3",8,"Darwin 27.0.0 arm64","Apple LLVM 21.0.0 (clang-2100.3.34.2)"," -O3 -DNDEBUG",8,100000,flecs,owned_delete,,2,10,8,13.011000
aalair,"Apple M3",8,"Darwin 27.0.0 arm64","Apple LLVM 21.0.0 (clang-2100.3.34.2)"," -O3 -DNDEBUG",8,100000,flecs,owned_delete,,2,10,9,12.973000
aalair,"Apple M3",8,"Darwin 27.0.0 arm64","Apple LLVM 21.0.0 (clang-2100.3.34.2)"," -O3 -DNDEBUG",8,100000,flecs,owned_delete,,2,10,10,12.988000
aalair,"Apple M3",8,"Darwin 27.0.0 arm64","Apple LLVM 21.0.0 (clang-2100.3.34.2)"," -O3 -DNDEBUG",8,100000,flecs,owned_delete,,2,50,1,20.482000
aalair,"Apple M3",8,"Darwin 27.0.0 arm64","Apple LLVM 21.0.0 (clang-2100.3.34.2)"," -O3 -DNDEBUG",8,100000,flecs,owned_delete,,2,50,2,20.441000
aalair,"Apple M3",8,"Darwin 27.0.0 arm64","Apple LLVM 21.0.0 (clang-2100.3.34.2)"," -O3 -DNDEBUG",8,100000,flecs,owned_delete,,2,50,3,20.475000
aalair,"Apple M3",8,"Darwin 27.0.0 arm64","Apple LLVM 21.0.0 (clang-2100.3.34.2)"," -O3 -DNDEBUG",8,100000,flecs,owned_delete,,2,50,4,20.489000
aalair,"Apple M3",8,"Darwin 27.0.0 arm64","Apple LLVM 21.0.0 (clang-2100.3.34.2)"," -O3 -DNDEBUG",8,100000,flecs,owned_delete,,2,50,5,20.489000
aalair,"Apple M3",8,"Darwin 27.0.0 arm64","Apple LLVM 21.0.0 (clang-2100.3.34.2)"," -O3 -DNDEBUG",8,100000,flecs,owned_delete,,2,50,6,20.521000
aalair,"Apple M3",8,"Darwin 27.0.0 arm64","Apple LLVM 21.0.0 (clang-2100.3.34.2)"," -O3 -DNDEBUG",8,100000,flecs,owned_delete,,2,50,7,20.966000
aalair,"Apple M3",8,"Darwin 27.0.0 arm64","Apple LLVM 21.0.0 (clang-2100.3.34.2)"," -O3 -DNDEBUG",8,100000,flecs,owned_delete,,2,50,8,20.098000
aalair,"Apple M3",8,"Darwin 27.0.0 arm64","Apple LLVM 21.0.0 (clang-2100.3.34.2)"," -O3 -DNDEBUG",8,100000,flecs,owned_delete,,2,50,9,20.412000
aalair,"Apple M3",8,"Darwin 27.0.0 arm64","Apple LLVM 21.0.0 (clang-2100.3.34.2)"," -O3 -DNDEBUG",8,100000,flecs,owned_delete,,2,50,10,20.514000
aalair,"Apple M3",8,"Darwin 27.0.0 arm64","Apple LLVM 21.0.0 (clang-2100.3.34.2)"," -O3 -DNDEBUG",8,100000,flecs,owned_delete,,2,500,1,187.160000
aalair,"Apple M3",8,"Darwin 27.0.0 arm64","Apple LLVM 21.0.0 (clang-2100.3.34.2)"," -O3 -DNDEBUG",8,100000,flecs,owned_delete,,2,500,2,188.849000
aalair,"Apple M3",8,"Darwin 27.0.0 arm64","Apple LLVM 21.0.0 (clang-2100.3.34.2)"," -O3 -DNDEBUG",8,100000,flecs,owned_delete,,2,500,3,187.685000
aalair,"Apple M3",8,"Darwin 27.0.0 arm64","Apple LLVM 21.0.0 (clang-2100.3.34.2)"," -O3 -DNDEBUG",8,100000,flecs,owned_delete,,2,500,4,187.089000
aalair,"Apple M3",8,"Darwin 27.0.0 arm64","Apple LLVM 21.0.0 (clang-2100.3.34.2)"," -O3 -DNDEBUG",8,100000,flecs,owned_delete,,2,500,5,187.571000
aalair,"Apple M3",8,"Darwin 27.0.0 arm64","Apple LLVM 21.0.0 (clang-2100.3.34.2)"," -O3 -DNDEBUG",8,100000,flecs,owned_delete,,2,500,6,187.601000
aalair,"Apple M3",8,"Darwin 27.0.0 arm64","Apple LLVM 21.0.0 (clang-2100.3.34.2)"," -O3 -DNDEBUG",8,100000,flecs,owned_delete,,2,500,7,187.591000
aalair,"Apple M3",8,"Darwin 27.0.0 arm64","Apple LLVM 21.0.0 (clang-2100.3.34.2)"," -O3 -DNDEBUG",8,100000,flecs,owned_delete,,2,500,8,187.441000
aalair,"Apple M3",8,"Darwin 27.0.0 arm64","Apple LLVM 21.0.0 (clang-2100.3.34.2)"," -O3 -DNDEBUG",8,100000,flecs,owned_delete,,2,500,9,193.364000
aalair,"Apple M3",8,"Darwin 27.0.0 arm64","Apple LLVM 21.0.0 (clang-2100.3.34.2)"," -O3 -DNDEBUG",8,100000,flecs,owned_delete,,2,500,10,187.736000
aalair,"Apple M3",8,"Darwin 27.0.0 arm64","Apple LLVM 21.0.0 (clang-2100.3.34.2)"," -O3 -DNDEBUG",8,100000,flecs,owned_delete,,4,0,1,11.367000
aalair,"Apple M3",8,"Darwin 27.0.0 arm64","Apple LLVM 21.0.0 (clang-2100.3.34.2)"," -O3 -DNDEBUG",8,100000,flecs,owned_delete,,4,0,2,11.794000
aalair,"Apple M3",8,"Darwin 27.0.0 arm64","Apple LLVM 21.0.0 (clang-2100.3.34.2)"," -O3 -DNDEBUG",8,100000,flecs,owned_delete,,4,0,3,11.514000
aalair,"Apple M3",8,"Darwin 27.0.0 arm64","Apple LLVM 21.0.0 (clang-2100.3.34.2)"," -O3 -DNDEBUG",8,100000,flecs,owned_delete,,4,0,4,11.642000
aalair,"Apple M3",8,"Darwin 27.0.0 arm64","Apple LLVM 21.0.0 (clang-2100.3.34.2)"," -O3 -DNDEBUG",8,100000,flecs,owned_delete,,4,0,5,11.405000
aalair,"Apple M3",8,"Darwin 27.0.0 arm64","Apple LLVM 21.0.0 (clang-2100.3.34.2)"," -O3 -DNDEBUG",8,100000,flecs,owned_delete,,4,0,6,11.714000
aalair,"Apple M3",8,"Darwin 27.0.0 arm64","Apple LLVM 21.0.0 (clang-2100.3.34.2)"," -O3 -DNDEBUG",8,100000,flecs,owned_delete,,4,0,7,11.710000
aalair,"Apple M3",8,"Darwin 27.0.0 arm64","Apple LLVM 21.0.0 (clang-2100.3.34.2)"," -O3 -DNDEBUG",8,100000,flecs,owned_delete,,4,0,8,11.813000
aalair,"Apple M3",8,"Darwin 27.0.0 arm64","Apple LLVM 21.0.0 (clang-2100.3.34.2)"," -O3 -DNDEBUG",8,100000,flecs,owned_delete,,4,0,9,11.615000
aalair,"Apple M3",8,"Darwin 27.0.0 arm64","Apple LLVM 21.0.0 (clang-2100.3.34.2)"," -O3 -DNDEBUG",8,100000,flecs,owned_delete,,4,0,10,11.632000
aalair,"Apple M3",8,"Darwin 27.0.0 arm64","Apple LLVM 21.0.0 (clang-2100.3.34.2)"," -O3 -DNDEBUG",8,100000,flecs,owned_delete,,4,10,1,11.728000
aalair,"Apple M3",8,"Darwin 27.0.0 arm64","Apple LLVM 21.0.0 (clang-2100.3.34.2)"," -O3 -DNDEBUG",8,100000,flecs,owned_delete,,4,10,2,11.786000
aalair,"Apple M3",8,"Darwin 27.0.0 arm64","Apple LLVM 21.0.0 (clang-2100.3.34.2)"," -O3 -DNDEBUG",8,100000,flecs,owned_delete,,4,10,3,11.765000
aalair,"Apple M3",8,"Darwin 27.0.0 arm64","Apple LLVM 21.0.0 (clang-2100.3.34.2)"," -O3 -DNDEBUG",8,100000,flecs,owned_delete,,4,10,4,11.863000
aalair,"Apple M3",8,"Darwin 27.0.0 arm64","Apple LLVM 21.0.0 (clang-2100.3.34.2)"," -O3 -DNDEBUG",8,100000,flecs,owned_delete,,4,10,5,11.316000
aalair,"Apple M3",8,"Darwin 27.0.0 arm64","Apple LLVM 21.0.0 (clang-2100.3.34.2)"," -O3 -DNDEBUG",8,100000,flecs,owned_delete,,4,10,6,11.859000
aalair,"Apple M3",8,"Darwin 27.0.0 arm64","Apple LLVM 21.0.0 (clang-2100.3.34.2)"," -O3 -DNDEBUG",8,100000,flecs,owned_delete,,4,10,7,11.524000
aalair,"Apple M3",8,"Darwin 27.0.0 arm64","Apple LLVM 21.0.0 (clang-2100.3.34.2)"," -O3 -DNDEBUG",8,100000,flecs,owned_delete,,4,10,8,11.769000
aalair,"Apple M3",8,"Darwin 27.0.0 arm64","Apple LLVM 21.0.0 (clang-2100.3.34.2)"," -O3 -DNDEBUG",8,100000,flecs,owned_delete,,4,10,9,11.389000
aalair,"Apple M3",8,"Darwin 27.0.0 arm64","Apple LLVM 21.0.0 (clang-2100.3.34.2)"," -O3 -DNDEBUG",8,100000,flecs,owned_delete,,4,10,10,11.489000
aalair,"Apple M3",8,"Darwin 27.0.0 arm64","Apple LLVM 21.0.0 (clang-2100.3.34.2)"," -O3 -DNDEBUG",8,100000,flecs,owned_delete,,4,50,1,15.040000
aalair,"Apple M3",8,"Darwin 27.0.0 arm64","Apple LLVM 21.0.0 (clang-2100.3.34.2)"," -O3 -DNDEBUG",8,100000,flecs,owned_delete,,4,50,2,15.166000
aalair,"Apple M3",8,"Darwin 27.0.0 arm64","Apple LLVM 21.0.0 (clang-2100.3.34.2)"," -O3 -DNDEBUG",8,100000,flecs,owned_delete,,4,50,3,15.072000
aalair,"Apple M3",8,"Darwin 27.0.0 arm64","Apple LLVM 21.0.0 (clang-2100.3.34.2)"," -O3 -DNDEBUG",8,100000,flecs,owned_delete,,4,50,4,15.058000
aalair,"Apple M3",8,"Darwin 27.0.0 arm64","Apple LLVM 21.0.0 (clang-2100.3.34.2)"," -O3 -DNDEBUG",8,100000,flecs,owned_delete,,4,50,5,15.190000
aalair,"Apple M3",8,"Darwin 27.0.0 arm64","Apple LLVM 21.0.0 (clang-2100.3.34.2)"," -O3 -DNDEBUG",8,100000,flecs,owned_delete,,4,50,6,14.984000
aalair,"Apple M3",8,"Darwin 27.0.0 arm64","Apple LLVM 21.0.0 (clang-2100.3.34.2)"," -O3 -DNDEBUG",8,100000,flecs,owned_delete,,4,50,7,15.408000
aalair,"Apple M3",8,"Darwin 27.0.0 arm64","Apple LLVM 21.0.0 (clang-2100.3.34.2)"," -O3 -DNDEBUG",8,100000,flecs,owned_delete,,4,50,8,15.320000
aalair,"Apple M3",8,"Darwin 27.0.0 arm64","Apple LLVM 21.0.0 (clang-2100.3.34.2)"," -O3 -DNDEBUG",8,100000,flecs,owned_delete,,4,50,9,14.947000
aalair,"Apple M3",8,"Darwin 27.0.0 arm64","Apple LLVM 21.0.0 (clang-2100.3.34.2)"," -O3 -DNDEBUG",8,100000,flecs,owned_delete,,4,50,10,15.032000
aalair,"Apple M3",8,"Darwin 27.0.0 arm64","Apple LLVM 21.0.0 (clang-2100.3.34.2)"," -O3 -DNDEBUG",8,100000,flecs,owned_delete,,4,500,1,105.662000
aalair,"Apple M3",8,"Darwin 27.0.0 arm64","Apple LLVM 21.0.0 (clang-2100.3.34.2)"," -O3 -DNDEBUG",8,100000,flecs,owned_delete,,4,500,2,106.201000
aalair,"Apple M3",8,"Darwin 27.0.0 arm64","Apple LLVM 21.0.0 (clang-2100.3.34.2)"," -O3 -DNDEBUG",8,100000,flecs,owned_delete,,4,500,3,105.896000
aalair,"Apple M3",8,"Darwin 27.0.0 arm64","Apple LLVM 21.0.0 (clang-2100.3.34.2)"," -O3 -DNDEBUG",8,100000,flecs,owned_delete,,4,500,4,106.700000
aalair,"Apple M3",8,"Darwin 27.0.0 arm64","Apple LLVM 21.0.0 (clang-2100.3.34.2)"," -O3 -DNDEBUG",8,100000,flecs,owned_delete,,4,500,5,118.623000
aalair,"Apple M3",8,"Darwin 27.0.0 arm64","Apple LLVM 21.0.0 (clang-2100.3.34.2)"," -O3 -DNDEBUG",8,100000,flecs,owned_delete,,4,500,6,112.109000
aalair,"Apple M3",8,"Darwin 27.0.0 arm64","Apple LLVM 21.0.0 (clang-2100.3.34.2)"," -O3 -DNDEBUG",8,100000,flecs,owned_delete,,4,500,7,105.773000
aalair,"Apple M3",8,"Darwin 27.0.0 arm64","Apple LLVM 21.0.0 (clang-2100.3.34.2)"," -O3 -DNDEBUG",8,100000,flecs,owned_delete,,4,500,8,105.935000
aalair,"Apple M3",8,"Darwin 27.0.0 arm64","Apple LLVM 21.0.0 (clang-2100.3.34.2)"," -O3 -DNDEBUG",8,100000,flecs,owned_delete,,4,500,9,105.894000
aalair,"Apple M3",8,"Darwin 27.0.0 arm64","Apple LLVM 21.0.0 (clang-2100.3.34.2)"," -O3 -DNDEBUG",8,100000,flecs,owned_delete,,4,500,10,106.169000
aalair,"Apple M3",8,"Darwin 27.0.0 arm64","Apple LLVM 21.0.0 (clang-2100.3.34.2)"," -O3 -DNDEBUG",8,100000,flecs,owned_delete,,4,500,11,106.203000
aalair,"Apple M3",8,"Darwin 27.0.0 arm64","Apple LLVM 21.0.0 (clang-2100.3.34.2)"," -O3 -DNDEBUG",8,100000,flecs,owned_delete,,4,500,12,106.275000
aalair,"Apple M3",8,"Darwin 27.0.0 arm64","Apple LLVM 21.0.0 (clang-2100.3.34.2)"," -O3 -DNDEBUG",8,100000,flecs,owned_delete,,4,500,13,106.149000
aalair,"Apple M3",8,"Darwin 27.0.0 arm64","Apple LLVM 21.0.0 (clang-2100.3.34.2)"," -O3 -DNDEBUG",8,100000,flecs,owned_delete,,4,500,14,105.776000
aalair,"Apple M3",8,"Darwin 27.0.0 arm64","Apple LLVM 21.0.0 (clang-2100.3.34.2)"," -O3 -DNDEBUG",8,100000,flecs,owned_delete,,8,0,1,11.652000
aalair,"Apple M3",8,"Darwin 27.0.0 arm64","Apple LLVM 21.0.0 (clang-2100.3.34.2)"," -O3 -DNDEBUG",8,100000,flecs,owned_delete,,8,0,2,11.721000
aalair,"Apple M3",8,"Darwin 27.0.0 arm64","Apple LLVM 21.0.0 (clang-2100.3.34.2)"," -O3 -DNDEBUG",8,100000,flecs,owned_delete,,8,0,3,11.100000
aalair,"Apple M3",8,"Darwin 27.0.0 arm64","Apple LLVM 21.0.0 (clang-2100.3.34.2)"," -O3 -DNDEBUG",8,100000,flecs,owned_delete,,8,0,4,11.564000
aalair,"Apple M3",8,"Darwin 27.0.0 arm64","Apple LLVM 21.0.0 (clang-2100.3.34.2)"," -O3 -DNDEBUG",8,100000,flecs,owned_delete,,8,0,5,10.974000
aalair,"Apple M3",8,"Darwin 27.0.0 arm64","Apple LLVM 21.0.0 (clang-2100.3.34.2)"," -O3 -DNDEBUG",8,100000,flecs,owned_delete,,8,0,6,10.981000
aalair,"Apple M3",8,"Darwin 27.0.0 arm64","Apple LLVM 21.0.0 (clang-2100.3.34.2)"," -O3 -DNDEBUG",8,100000,flecs,owned_delete,,8,0,7,11.050000
aalair,"Apple M3",8,"Darwin 27.0.0 arm64","Apple LLVM 21.0.0 (clang-2100.3.34.2)"," -O3 -DNDEBUG",8,100000,flecs,owned_delete,,8,0,8,11.248000
aalair,"Apple M3",8,"Darwin 27.0.0 arm64","Apple LLVM 21.0.0 (clang-2100.3.34.2)"," -O3 -DNDEBUG",8,100000,flecs,owned_delete,,8,0,9,11.716000
aalair,"Apple M3",8,"Darwin 27.0.0 arm64","Apple LLVM 21.0.0 (clang-2100.3.34.2)"," -O3 -DNDEBUG",8,100000,flecs,owned_delete,,8,0,10,11.007000
aalair,"Apple M3",8,"Darwin 27.0.0 arm64","Apple LLVM 21.0.0 (clang-2100.3.34.2)"," -O3 -DNDEBUG",8,100000,flecs,owned_delete,,8,10,1,11.361000
aalair,"Apple M3",8,"Darwin 27.0.0 arm64","Apple LLVM 21.0.0 (clang-2100.3.34.2)"," -O3 -DNDEBUG",8,100000,flecs,owned_delete,,8,10,2,11.133000
aalair,"Apple M3",8,"Darwin 27.0.0 arm64","Apple LLVM 21.0.0 (clang-2100.3.34.2)"," -O3 -DNDEBUG",8,100000,flecs,owned_delete,,8,10,3,11.217000
aalair,"Apple M3",8,"Darwin 27.0.0 arm64","Apple LLVM 21.0.0 (clang-2100.3.34.2)"," -O3 -DNDEBUG",8,100000,flecs,owned_delete,,8,10,4,11.229000
aalair,"Apple M3",8,"Darwin 27.0.0 arm64","Apple LLVM 21.0.0 (clang-2100.3.34.2)"," -O3 -DNDEBUG",8,100000,flecs,owned_delete,,8,10,5,11.255000
aalair,"Apple M3",8,"Darwin 27.0.0 arm64","Apple LLVM 21.0.0 (clang-2100.3.34.2)"," -O3 -DNDEBUG",8,100000,flecs,owned_delete,,8,10,6,11.684000
aalair,"Apple M3",8,"Darwin 27.0.0 arm64","Apple LLVM 21.0.0 (clang-2100.3.34.2)"," -O3 -DNDEBUG",8,100000,flecs,owned_delete,,8,10,7,11.238000
aalair,"Apple M3",8,"Darwin 27.0.0 arm64","Apple LLVM 21.0.0 (clang-2100.3.34.2)"," -O3 -DNDEBUG",8,100000,flecs,owned_delete,,8,10,8,11.618000
aalair,"Apple M3",8,"Darwin 27.0.0 arm64","Apple LLVM 21.0.0 (clang-2100.3.34.2)"," -O3 -DNDEBUG",8,100000,flecs,owned_delete,,8,10,9,11.868000
aalair,"Apple M3",8,"Darwin 27.0.0 arm64","Apple LLVM 21.0.0 (clang-2100.3.34.2)"," -O3 -DNDEBUG",8,100000,flecs,owned_delete,,8,10,10,11.251000
aalair,"Apple M3",8,"Darwin 27.0.0 arm64","Apple LLVM 21.0.0 (clang-2100.3.34.2)"," -O3 -DNDEBUG",8,100000,flecs,owned_delete,,8,10,11,11.516000
aalair,"Apple M3",8,"Darwin 27.0.0 arm64","Apple LLVM 21.0.0 (clang-2100.3.34.2)"," -O3 -DNDEBUG",8,100000,flecs,owned_delete,,8,50,1,13.584000
aalair,"Apple M3",8,"Darwin 27.0.0 arm64","Apple LLVM 21.0.0 (clang-2100.3.34.2)"," -O3 -DNDEBUG",8,100000,flecs,owned_delete,,8,50,2,14.024000
aalair,"Apple M3",8,"Darwin 27.0.0 arm64","Apple LLVM 21.0.0 (clang-2100.3.34.2)"," -O3 -DNDEBUG",8,100000,flecs,owned_delete,,8,50,3,14.059000
aalair,"Apple M3",8,"Darwin 27.0.0 arm64","Apple LLVM 21.0.0 (clang-2100.3.34.2)"," -O3 -DNDEBUG",8,100000,flecs,owned_delete,,8,50,4,13.812000
aalair,"Apple M3",8,"Darwin 27.0.0 arm64","Apple LLVM 21.0.0 (clang-2100.3.34.2)"," -O3 -DNDEBUG",8,100000,flecs,owned_delete,,8,50,5,13.770000
aalair,"Apple M3",8,"Darwin 27.0.0 arm64","Apple LLVM 21.0.0 (clang-2100.3.34.2)"," -O3 -DNDEBUG",8,100000,flecs,owned_delete,,8,50,6,13.930000
aalair,"Apple M3",8,"Darwin 27.0.0 arm64","Apple LLVM 21.0.0 (clang-2100.3.34.2)"," -O3 -DNDEBUG",8,100000,flecs,owned_delete,,8,50,7,14.187000
aalair,"Apple M3",8,"Darwin 27.0.0 arm64","Apple LLVM 21.0.0 (clang-2100.3.34.2)"," -O3 -DNDEBUG",8,100000,flecs,owned_delete,,8,50,8,13.893000
aalair,"Apple M3",8,"Darwin 27.0.0 arm64","Apple LLVM 21.0.0 (clang-2100.3.34.2)"," -O3 -DNDEBUG",8,100000,flecs,owned_delete,,8,50,9,13.684000
aalair,"Apple M3",8,"Darwin 27.0.0 arm64","Apple LLVM 21.0.0 (clang-2100.3.34.2)"," -O3 -DNDEBUG",8,100000,flecs,owned_delete,,8,50,10,13.577000
aalair,"Apple M3",8,"Darwin 27.0.0 arm64","Apple LLVM 21.0.0 (clang-2100.3.34.2)"," -O3 -DNDEBUG",8,100000,flecs,owned_delete,,8,500,1,69.904000
aalair,"Apple M3",8,"Darwin 27.0.0 arm64","Apple LLVM 21.0.0 (clang-2100.3.34.2)"," -O3 -DNDEBUG",8,100000,flecs,owned_delete,,8,500,2,70.175000
aalair,"Apple M3",8,"Darwin 27.0.0 arm64","Apple LLVM 21.0.0 (clang-2100.3.34.2)"," -O3 -DNDEBUG",8,100000,flecs,owned_delete,,8,500,3,68.734000
aalair,"Apple M3",8,"Darwin 27.0.0 arm64","Apple LLVM 21.0.0 (clang-2100.3.34.2)"," -O3 -DNDEBUG",8,100000,flecs,owned_delete,,8,500,4,74.583000
aalair,"Apple M3",8,"Darwin 27.0.0 arm64","Apple LLVM 21.0.0 (clang-2100.3.34.2)"," -O3 -DNDEBUG",8,100000,flecs,owned_delete,,8,500,5,69.670000
aalair,"Apple M3",8,"Darwin 27.0.0 arm64","Apple LLVM 21.0.0 (clang-2100.3.34.2)"," -O3 -DNDEBUG",8,100000,flecs,owned_delete,,8,500,6,69.069000
aalair,"Apple M3",8,"Darwin 27.0.0 arm64","Apple LLVM 21.0.0 (clang-2100.3.34.2)"," -O3 -DNDEBUG",8,100000,flecs,owned_delete,,8,500,7,71.945000
aalair,"Apple M3",8,"Darwin 27.0.0 arm64","Apple LLVM 21.0.0 (clang-2100.3.34.2)"," -O3 -DNDEBUG",8,100000,flecs,owned_delete,,8,500,8,71.233000
aalair,"Apple M3",8,"Darwin 27.0.0 arm64","Apple LLVM 21.0.0 (clang-2100.3.34.2)"," -O3 -DNDEBUG",8,100000,flecs,owned_delete,,8,500,9,80.775000
aalair,"Apple M3",8,"Darwin 27.0.0 arm64","Apple LLVM 21.0.0 (clang-2100.3.34.2)"," -O3 -DNDEBUG",8,100000,flecs,owned_delete,,8,500,10,70.546000
aalair,"Apple M3",8,"Darwin 27.0.0 arm64","Apple LLVM 21.0.0 (clang-2100.3.34.2)"," -O3 -DNDEBUG",8,100000,flecs,owned_delete,,8,500,11,69.671000
aalair,"Apple M3",8,"Darwin 27.0.0 arm64","Apple LLVM 21.0.0 (clang-2100.3.34.2)"," -O3 -DNDEBUG",8,100000,flecs,owned_delete,,8,500,12,69.700000
aalair,"Apple M3",8,"Darwin 27.0.0 arm64","Apple LLVM 21.0.0 (clang-2100.3.34.2)"," -O3 -DNDEBUG",8,100000,flecs,owned_delete,,8,500,13,72.157000
aalair,"Apple M3",8,"Darwin 27.0.0 arm64","Apple LLVM 21.0.0 (clang-2100.3.34.2)"," -O3 -DNDEBUG",8,100000,flecs,owned_delete,,8,500,14,68.618000
aalair,"Apple M3",8,"Darwin 27.0.0 arm64","Apple LLVM 21.0.0 (clang-2100.3.34.2)"," -O3 -DNDEBUG",8,100000,pito,owned_delete,ecs_remove_owned,1,0,1,17.025000
aalair,"Apple M3",8,"Darwin 27.0.0 arm64","Apple LLVM 21.0.0 (clang-2100.3.34.2)"," -O3 -DNDEBUG",8,100000,pito,owned_delete,ecs_remove_owned,1,0,2,17.192000
aalair,"Apple M3",8,"Darwin 27.0.0 arm64","Apple LLVM 21.0.0 (clang-2100.3.34.2)"," -O3 -DNDEBUG",8,100000,pito,owned_delete,ecs_remove_owned,1,0,3,17.027000
aalair,"Apple M3",8,"Darwin 27.0.0 arm64","Apple LLVM 21.0.0 (clang-2100.3.34.2)"," -O3 -DNDEBUG",8,100000,pito,owned_delete,ecs_remove_owned,1,0,4,17.011000
aalair,"Apple M3",8,"Darwin 27.0.0 arm64","Apple LLVM 21.0.0 (clang-2100.3.34.2)"," -O3 -DNDEBUG",8,100000,pito,owned_delete,ecs_remove_owned,1,0,5,17.246000
aalair,"Apple M3",8,"Darwin 27.0.0 arm64","Apple LLVM 21.0.0 (clang-2100.3.34.2)"," -O3 -DNDEBUG",8,100000,pito,owned_delete,ecs_remove_owned,1,0,6,17.000000
aalair,"Apple M3",8,"Darwin 27.0.0 arm64","Apple LLVM 21.0.0 (clang-2100.3.34.2)"," -O3 -DNDEBUG",8,100000,pito,owned_delete,ecs_remove_owned,1,0,7,17.247000
aalair,"Apple M3",8,"Darwin 27.0.0 arm64","Apple LLVM 21.0.0 (clang-2100.3.34.2)"," -O3 -DNDEBUG",8,100000,pito,owned_delete,ecs_remove_owned,1,0,8,16.935000
aalair,"Apple M3",8,"Darwin 27.0.0 arm64","Apple LLVM 21.0.0 (clang-2100.3.34.2)"," -O3 -DNDEBUG",8,100000,pito,owned_delete,ecs_remove_owned,1,0,9,17.256000
aalair,"Apple M3",8,"Darwin 27.0.0 arm64","Apple LLVM 21.0.0 (clang-2100.3.34.2)"," -O3 -DNDEBUG",8,100000,pito,owned_delete,ecs_remove_owned,1,0,10,17.194000
aalair,"Apple M3",8,"Darwin 27.0.0 arm64","Apple LLVM 21.0.0 (clang-2100.3.34.2)"," -O3 -DNDEBUG",8,100000,pito,owned_delete,ecs_remove_owned,1,10,1,19.537000
aalair,"Apple M3",8,"Darwin 27.0.0 arm64","Apple LLVM 21.0.0 (clang-2100.3.34.2)"," -O3 -DNDEBUG",8,100000,pito,owned_delete,ecs_remove_owned,1,10,2,19.393000
aalair,"Apple M3",8,"Darwin 27.0.0 arm64","Apple LLVM 21.0.0 (clang-2100.3.34.2)"," -O3 -DNDEBUG",8,100000,pito,owned_delete,ecs_remove_owned,1,10,3,19.390000
aalair,"Apple M3",8,"Darwin 27.0.0 arm64","Apple LLVM 21.0.0 (clang-2100.3.34.2)"," -O3 -DNDEBUG",8,100000,pito,owned_delete,ecs_remove_owned,1,10,4,19.380000
aalair,"Apple M3",8,"Darwin 27.0.0 arm64","Apple LLVM 21.0.0 (clang-2100.3.34.2)"," -O3 -DNDEBUG",8,100000,pito,owned_delete,ecs_remove_owned,1,10,5,19.281000
aalair,"Apple M3",8,"Darwin 27.0.0 arm64","Apple LLVM 21.0.0 (clang-2100.3.34.2)"," -O3 -DNDEBUG",8,100000,pito,owned_delete,ecs_remove_owned,1,10,6,19.303000
aalair,"Apple M3",8,"Darwin 27.0.0 arm64","Apple LLVM 21.0.0 (clang-2100.3.34.2)"," -O3 -DNDEBUG",8,100000,pito,owned_delete,ecs_remove_owned,1,10,7,19.314000
aalair,"Apple M3",8,"Darwin 27.0.0 arm64","Apple LLVM 21.0.0 (clang-2100.3.34.2)"," -O3 -DNDEBUG",8,100000,pito,owned_delete,ecs_remove_owned,1,10,8,19.317000
aalair,"Apple M3",8,"Darwin 27.0.0 arm64","Apple LLVM 21.0.0 (clang-2100.3.34.2)"," -O3 -DNDEBUG",8,100000,pito,owned_delete,ecs_remove_owned,1,10,9,19.332000
aalair,"Apple M3",8,"Darwin 27.0.0 arm64","Apple LLVM 21.0.0 (clang-2100.3.34.2)"," -O3 -DNDEBUG",8,100000,pito,owned_delete,ecs_remove_owned,1,10,10,19.199000
aalair,"Apple M3",8,"Darwin 27.0.0 arm64","Apple LLVM 21.0.0 (clang-2100.3.34.2)"," -O3 -DNDEBUG",8,100000,pito,owned_delete,ecs_remove_owned,1,50,1,35.514000
aalair,"Apple M3",8,"Darwin 27.0.0 arm64","Apple LLVM 21.0.0 (clang-2100.3.34.2)"," -O3 -DNDEBUG",8,100000,pito,owned_delete,ecs_remove_owned,1,50,2,35.503000
aalair,"Apple M3",8,"Darwin 27.0.0 arm64","Apple LLVM 21.0.0 (clang-2100.3.34.2)"," -O3 -DNDEBUG",8,100000,pito,owned_delete,ecs_remove_owned,1,50,3,35.547000
aalair,"Apple M3",8,"Darwin 27.0.0 arm64","Apple LLVM 21.0.0 (clang-2100.3.34.2)"," -O3 -DNDEBUG",8,100000,pito,owned_delete,ecs_remove_owned,1,50,4,35.526000
aalair,"Apple M3",8,"Darwin 27.0.0 arm64","Apple LLVM 21.0.0 (clang-2100.3.34.2)"," -O3 -DNDEBUG",8,100000,pito,owned_delete,ecs_remove_owned,1,50,5,35.798000
aalair,"Apple M3",8,"Darwin 27.0.0 arm64","Apple LLVM 21.0.0 (clang-2100.3.34.2)"," -O3 -DNDEBUG",8,100000,pito,owned_delete,ecs_remove_owned,1,50,6,35.532000
aalair,"Apple M3",8,"Darwin 27.0.0 arm64","Apple LLVM 21.0.0 (clang-2100.3.34.2)"," -O3 -DNDEBUG",8,100000,pito,owned_delete,ecs_remove_owned,1,50,7,35.481000
aalair,"Apple M3",8,"Darwin 27.0.0 arm64","Apple LLVM 21.0.0 (clang-2100.3.34.2)"," -O3 -DNDEBUG",8,100000,pito,owned_delete,ecs_remove_owned,1,50,8,35.515000
aalair,"Apple M3",8,"Darwin 27.0.0 arm64","Apple LLVM 21.0.0 (clang-2100.3.34.2)"," -O3 -DNDEBUG",8,100000,pito,owned_delete,ecs_remove_owned,1,50,9,35.555000
aalair,"Apple M3",8,"Darwin 27.0.0 arm64","Apple LLVM 21.0.0 (clang-2100.3.34.2)"," -O3 -DNDEBUG",8,100000,pito,owned_delete,ecs_remove_owned,1,50,10,35.563000
aalair,"Apple M3",8,"Darwin 27.0.0 arm64","Apple LLVM 21.0.0 (clang-2100.3.34.2)"," -O3 -DNDEBUG",8,100000,pito,owned_delete,ecs_remove_owned,1,500,1,387.106000
aalair,"Apple M3",8,"Darwin 27.0.0 arm64","Apple LLVM 21.0.0 (clang-2100.3.34.2)"," -O3 -DNDEBUG",8,100000,pito,owned_delete,ecs_remove_owned,1,500,2,387.016000
aalair,"Apple M3",8,"Darwin 27.0.0 arm64","Apple LLVM 21.0.0 (clang-2100.3.34.2)"," -O3 -DNDEBUG",8,100000,pito,owned_delete,ecs_remove_owned,1,500,3,388.374000
aalair,"Apple M3",8,"Darwin 27.0.0 arm64","Apple LLVM 21.0.0 (clang-2100.3.34.2)"," -O3 -DNDEBUG",8,100000,pito,owned_delete,ecs_remove_owned,1,500,4,387.190000
aalair,"Apple M3",8,"Darwin 27.0.0 arm64","Apple LLVM 21.0.0 (clang-2100.3.34.2)"," -O3 -DNDEBUG",8,100000,pito,owned_delete,ecs_remove_owned,1,500,5,386.942000
aalair,"Apple M3",8,"Darwin 27.0.0 arm64","Apple LLVM 21.0.0 (clang-2100.3.34.2)"," -O3 -DNDEBUG",8,100000,pito,owned_delete,ecs_remove_owned,1,500,6,386.910000
aalair,"Apple M3",8,"Darwin 27.0.0 arm64","Apple LLVM 21.0.0 (clang-2100.3.34.2)"," -O3 -DNDEBUG",8,100000,pito,owned_delete,ecs_remove_owned,1,500,7,387.533000
aalair,"Apple M3",8,"Darwin 27.0.0 arm64","Apple LLVM 21.0.0 (clang-2100.3.34.2)"," -O3 -DNDEBUG",8,100000,pito,owned_delete,ecs_remove_owned,1,500,8,389.115000
aalair,"Apple M3",8,"Darwin 27.0.0 arm64","Apple LLVM 21.0.0 (clang-2100.3.34.2)"," -O3 -DNDEBUG",8,100000,pito,owned_delete,ecs_remove_owned,1,500,9,387.075000
aalair,"Apple M3",8,"Darwin 27.0.0 arm64","Apple LLVM 21.0.0 (clang-2100.3.34.2)"," -O3 -DNDEBUG",8,100000,pito,owned_delete,ecs_remove_owned,1,500,10,387.220000
aalair,"Apple M3",8,"Darwin 27.0.0 arm64","Apple LLVM 21.0.0 (clang-2100.3.34.2)"," -O3 -DNDEBUG",8,100000,pito,owned_delete,ecs_remove_owned,2,0,1,23.059000
aalair,"Apple M3",8,"Darwin 27.0.0 arm64","Apple LLVM 21.0.0 (clang-2100.3.34.2)"," -O3 -DNDEBUG",8,100000,pito,owned_delete,ecs_remove_owned,2,0,2,22.869000
aalair,"Apple M3",8,"Darwin 27.0.0 arm64","Apple LLVM 21.0.0 (clang-2100.3.34.2)"," -O3 -DNDEBUG",8,100000,pito,owned_delete,ecs_remove_owned,2,0,3,22.692000
aalair,"Apple M3",8,"Darwin 27.0.0 arm64","Apple LLVM 21.0.0 (clang-2100.3.34.2)"," -O3 -DNDEBUG",8,100000,pito,owned_delete,ecs_remove_owned,2,0,4,24.978000
aalair,"Apple M3",8,"Darwin 27.0.0 arm64","Apple LLVM 21.0.0 (clang-2100.3.34.2)"," -O3 -DNDEBUG",8,100000,pito,owned_delete,ecs_remove_owned,2,0,5,23.443000
aalair,"Apple M3",8,"Darwin 27.0.0 arm64","Apple LLVM 21.0.0 (clang-2100.3.34.2)"," -O3 -DNDEBUG",8,100000,pito,owned_delete,ecs_remove_owned,2,0,6,23.496000
aalair,"Apple M3",8,"Darwin 27.0.0 arm64","Apple LLVM 21.0.0 (clang-2100.3.34.2)"," -O3 -DNDEBUG",8,100000,pito,owned_delete,ecs_remove_owned,2,0,7,24.039000
aalair,"Apple M3",8,"Darwin 27.0.0 arm64","Apple LLVM 21.0.0 (clang-2100.3.34.2)"," -O3 -DNDEBUG",8,100000,pito,owned_delete,ecs_remove_owned,2,0,8,23.717000
aalair,"Apple M3",8,"Darwin 27.0.0 arm64","Apple LLVM 21.0.0 (clang-2100.3.34.2)"," -O3 -DNDEBUG",8,100000,pito,owned_delete,ecs_remove_owned,2,0,9,22.870000
aalair,"Apple M3",8,"Darwin 27.0.0 arm64","Apple LLVM 21.0.0 (clang-2100.3.34.2)"," -O3 -DNDEBUG",8,100000,pito,owned_delete,ecs_remove_owned,2,0,10,25.818000
aalair,"Apple M3",8,"Darwin 27.0.0 arm64","Apple LLVM 21.0.0 (clang-2100.3.34.2)"," -O3 -DNDEBUG",8,100000,pito,owned_delete,ecs_remove_owned,2,0,11,29.036000
aalair,"Apple M3",8,"Darwin 27.0.0 arm64","Apple LLVM 21.0.0 (clang-2100.3.34.2)"," -O3 -DNDEBUG",8,100000,pito,owned_delete,ecs_remove_owned,2,0,12,24.496000
aalair,"Apple M3",8,"Darwin 27.0.0 arm64","Apple LLVM 21.0.0 (clang-2100.3.34.2)"," -O3 -DNDEBUG",8,100000,pito,owned_delete,ecs_remove_owned,2,0,13,23.151000
aalair,"Apple M3",8,"Darwin 27.0.0 arm64","Apple LLVM 21.0.0 (clang-2100.3.34.2)"," -O3 -DNDEBUG",8,100000,pito,owned_delete,ecs_remove_owned,2,0,14,22.683000
aalair,"Apple M3",8,"Darwin 27.0.0 arm64","Apple LLVM 21.0.0 (clang-2100.3.34.2)"," -O3 -DNDEBUG",8,100000,pito,owned_delete,ecs_remove_owned,2,0,15,26.628000
aalair,"Apple M3",8,"Darwin 27.0.0 arm64","Apple LLVM 21.0.0 (clang-2100.3.34.2)"," -O3 -DNDEBUG",8,100000,pito,owned_delete,ecs_remove_owned,2,0,16,23.163000
aalair,"Apple M3",8,"Darwin 27.0.0 arm64","Apple LLVM 21.0.0 (clang-2100.3.34.2)"," -O3 -DNDEBUG",8,100000,pito,owned_delete,ecs_remove_owned,2,0,17,27.978000
aalair,"Apple M3",8,"Darwin 27.0.0 arm64","Apple LLVM 21.0.0 (clang-2100.3.34.2)"," -O3 -DNDEBUG",8,100000,pito,owned_delete,ecs_remove_owned,2,0,18,25.585000
aalair,"Apple M3",8,"Darwin 27.0.0 arm64","Apple LLVM 21.0.0 (clang-2100.3.34.2)"," -O3 -DNDEBUG",8,100000,pito,owned_delete,ecs_remove_owned,2,0,19,25.322000
aalair,"Apple M3",8,"Darwin 27.0.0 arm64","Apple LLVM 21.0.0 (clang-2100.3.34.2)"," -O3 -DNDEBUG",8,100000,pito,owned_delete,ecs_remove_owned,2,0,20,23.936000
aalair,"Apple M3",8,"Darwin 27.0.0 arm64","Apple LLVM 21.0.0 (clang-2100.3.34.2)"," -O3 -DNDEBUG",8,100000,pito,owned_delete,ecs_remove_owned,2,0,21,23.479000
aalair,"Apple M3",8,"Darwin 27.0.0 arm64","Apple LLVM 21.0.0 (clang-2100.3.34.2)"," -O3 -DNDEBUG",8,100000,pito,owned_delete,ecs_remove_owned,2,0,22,23.010000
aalair,"Apple M3",8,"Darwin 27.0.0 arm64","Apple LLVM 21.0.0 (clang-2100.3.34.2)"," -O3 -DNDEBUG",8,100000,pito,owned_delete,ecs_remove_owned,2,0,23,23.343000
aalair,"Apple M3",8,"Darwin 27.0.0 arm64","Apple LLVM 21.0.0 (clang-2100.3.34.2)"," -O3 -DNDEBUG",8,100000,pito,owned_delete,ecs_remove_owned,2,0,24,22.434000
aalair,"Apple M3",8,"Darwin 27.0.0 arm64","Apple LLVM 21.0.0 (clang-2100.3.34.2)"," -O3 -DNDEBUG",8,100000,pito,owned_delete,ecs_remove_owned,2,0,25,24.200000
aalair,"Apple M3",8,"Darwin 27.0.0 arm64","Apple LLVM 21.0.0 (clang-2100.3.34.2)"," -O3 -DNDEBUG",8,100000,pito,owned_delete,ecs_remove_owned,2,0,26,23.631000
aalair,"Apple M3",8,"Darwin 27.0.0 arm64","Apple LLVM 21.0.0 (clang-2100.3.34.2)"," -O3 -DNDEBUG",8,100000,pito,owned_delete,ecs_remove_owned,2,10,1,26.678000
aalair,"Apple M3",8,"Darwin 27.0.0 arm64","Apple LLVM 21.0.0 (clang-2100.3.34.2)"," -O3 -DNDEBUG",8,100000,pito,owned_delete,ecs_remove_owned,2,10,2,26.288000
aalair,"Apple M3",8,"Darwin 27.0.0 arm64","Apple LLVM 21.0.0 (clang-2100.3.34.2)"," -O3 -DNDEBUG",8,100000,pito,owned_delete,ecs_remove_owned,2,10,3,26.642000
aalair,"Apple M3",8,"Darwin 27.0.0 arm64","Apple LLVM 21.0.0 (clang-2100.3.34.2)"," -O3 -DNDEBUG",8,100000,pito,owned_delete,ecs_remove_owned,2,10,4,26.365000
aalair,"Apple M3",8,"Darwin 27.0.0 arm64","Apple LLVM 21.0.0 (clang-2100.3.34.2)"," -O3 -DNDEBUG",8,100000,pito,owned_delete,ecs_remove_owned,2,10,5,26.155000
aalair,"Apple M3",8,"Darwin 27.0.0 arm64","Apple LLVM 21.0.0 (clang-2100.3.34.2)"," -O3 -DNDEBUG",8,100000,pito,owned_delete,ecs_remove_owned,2,10,6,27.449000
aalair,"Apple M3",8,"Darwin 27.0.0 arm64","Apple LLVM 21.0.0 (clang-2100.3.34.2)"," -O3 -DNDEBUG",8,100000,pito,owned_delete,ecs_remove_owned,2,10,7,26.496000
aalair,"Apple M3",8,"Darwin 27.0.0 arm64","Apple LLVM 21.0.0 (clang-2100.3.34.2)"," -O3 -DNDEBUG",8,100000,pito,owned_delete,ecs_remove_owned,2,10,8,26.087000
aalair,"Apple M3",8,"Darwin 27.0.0 arm64","Apple LLVM 21.0.0 (clang-2100.3.34.2)"," -O3 -DNDEBUG",8,100000,pito,owned_delete,ecs_remove_owned,2,10,9,26.079000
aalair,"Apple M3",8,"Darwin 27.0.0 arm64","Apple LLVM 21.0.0 (clang-2100.3.34.2)"," -O3 -DNDEBUG",8,100000,pito,owned_delete,ecs_remove_owned,2,10,10,25.620000
aalair,"Apple M3",8,"Darwin 27.0.0 arm64","Apple LLVM 21.0.0 (clang-2100.3.34.2)"," -O3 -DNDEBUG",8,100000,pito,owned_delete,ecs_remove_owned,2,50,1,41.508000
aalair,"Apple M3",8,"Darwin 27.0.0 arm64","Apple LLVM 21.0.0 (clang-2100.3.34.2)"," -O3 -DNDEBUG",8,100000,pito,owned_delete,ecs_remove_owned,2,50,2,39.731000
aalair,"Apple M3",8,"Darwin 27.0.0 arm64","Apple LLVM 21.0.0 (clang-2100.3.34.2)"," -O3 -DNDEBUG",8,100000,pito,owned_delete,ecs_remove_owned,2,50,3,40.148000
aalair,"Apple M3",8,"Darwin 27.0.0 arm64","Apple LLVM 21.0.0 (clang-2100.3.34.2)"," -O3 -DNDEBUG",8,100000,pito,owned_delete,ecs_remove_owned,2,50,4,40.223000
aalair,"Apple M3",8,"Darwin 27.0.0 arm64","Apple LLVM 21.0.0 (clang-2100.3.34.2)"," -O3 -DNDEBUG",8,100000,pito,owned_delete,ecs_remove_owned,2,50,5,40.410000
aalair,"Apple M3",8,"Darwin 27.0.0 arm64","Apple LLVM 21.0.0 (clang-2100.3.34.2)"," -O3 -DNDEBUG",8,100000,pito,owned_delete,ecs_remove_owned,2,50,6,40.232000
aalair,"Apple M3",8,"Darwin 27.0.0 arm64","Apple LLVM 21.0.0 (clang-2100.3.34.2)"," -O3 -DNDEBUG",8,100000,pito,owned_delete,ecs_remove_owned,2,50,7,41.281000
aalair,"Apple M3",8,"Darwin 27.0.0 arm64","Apple LLVM 21.0.0 (clang-2100.3.34.2)"," -O3 -DNDEBUG",8,100000,pito,owned_delete,ecs_remove_owned,2,50,8,43.469000
aalair,"Apple M3",8,"Darwin 27.0.0 arm64","Apple LLVM 21.0.0 (clang-2100.3.34.2)"," -O3 -DNDEBUG",8,100000,pito,owned_delete,ecs_remove_owned,2,50,9,41.570000
aalair,"Apple M3",8,"Darwin 27.0.0 arm64","Apple LLVM 21.0.0 (clang-2100.3.34.2)"," -O3 -DNDEBUG",8,100000,pito,owned_delete,ecs_remove_owned,2,50,10,41.454000
aalair,"Apple M3",8,"Darwin 27.0.0 arm64","Apple LLVM 21.0.0 (clang-2100.3.34.2)"," -O3 -DNDEBUG",8,100000,pito,owned_delete,ecs_remove_owned,2,50,11,40.749000
aalair,"Apple M3",8,"Darwin 27.0.0 arm64","Apple LLVM 21.0.0 (clang-2100.3.34.2)"," -O3 -DNDEBUG",8,100000,pito,owned_delete,ecs_remove_owned,2,500,1,200.224000
aalair,"Apple M3",8,"Darwin 27.0.0 arm64","Apple LLVM 21.0.0 (clang-2100.3.34.2)"," -O3 -DNDEBUG",8,100000,pito,owned_delete,ecs_remove_owned,2,500,2,200.884000
aalair,"Apple M3",8,"Darwin 27.0.0 arm64","Apple LLVM 21.0.0 (clang-2100.3.34.2)"," -O3 -DNDEBUG",8,100000,pito,owned_delete,ecs_remove_owned,2,500,3,200.914000
aalair,"Apple M3",8,"Darwin 27.0.0 arm64","Apple LLVM 21.0.0 (clang-2100.3.34.2)"," -O3 -DNDEBUG",8,100000,pito,owned_delete,ecs_remove_owned,2,500,4,201.207000
aalair,"Apple M3",8,"Darwin 27.0.0 arm64","Apple LLVM 21.0.0 (clang-2100.3.34.2)"," -O3 -DNDEBUG",8,100000,pito,owned_delete,ecs_remove_owned,2,500,5,201.983000
aalair,"Apple M3",8,"Darwin 27.0.0 arm64","Apple LLVM 21.0.0 (clang-2100.3.34.2)"," -O3 -DNDEBUG",8,100000,pito,owned_delete,ecs_remove_owned,2,500,6,201.622000
aalair,"Apple M3",8,"Darwin 27.0.0 arm64","Apple LLVM 21.0.0 (clang-2100.3.34.2)"," -O3 -DNDEBUG",8,100000,pito,owned_delete,ecs_remove_owned,2,500,7,200.252000
aalair,"Apple M3",8,"Darwin 27.0.0 arm64","Apple LLVM 21.0.0 (clang-2100.3.34.2)"," -O3 -DNDEBUG",8,100000,pito,owned_delete,ecs_remove_owned,2,500,8,201.044000
aalair,"Apple M3",8,"Darwin 27.0.0 arm64","Apple LLVM 21.0.0 (clang-2100.3.34.2)"," -O3 -DNDEBUG",8,100000,pito,owned_delete,ecs_remove_owned,2,500,9,199.913000
aalair,"Apple M3",8,"Darwin 27.0.0 arm64","Apple LLVM 21.0.0 (clang-2100.3.34.2)"," -O3 -DNDEBUG",8,100000,pito,owned_delete,ecs_remove_owned,2,500,10,199.880000
aalair,"Apple M3",8,"Darwin 27.0.0 arm64","Apple LLVM 21.0.0 (clang-2100.3.34.2)"," -O3 -DNDEBUG",8,100000,pito,owned_delete,ecs_remove_owned,4,0,1,43.204000
aalair,"Apple M3",8,"Darwin 27.0.0 arm64","Apple LLVM 21.0.0 (clang-2100.3.34.2)"," -O3 -DNDEBUG",8,100000,pito,owned_delete,ecs_remove_owned,4,0,2,42.502000
aalair,"Apple M3",8,"Darwin 27.0.0 arm64","Apple LLVM 21.0.0 (clang-2100.3.34.2)"," -O3 -DNDEBUG",8,100000,pito,owned_delete,ecs_remove_owned,4,0,3,42.439000
aalair,"Apple M3",8,"Darwin 27.0.0 arm64","Apple LLVM 21.0.0 (clang-2100.3.34.2)"," -O3 -DNDEBUG",8,100000,pito,owned_delete,ecs_remove_owned,4,0,4,43.373000
aalair,"Apple M3",8,"Darwin 27.0.0 arm64","Apple LLVM 21.0.0 (clang-2100.3.34.2)"," -O3 -DNDEBUG",8,100000,pito,owned_delete,ecs_remove_owned,4,0,5,42.636000
aalair,"Apple M3",8,"Darwin 27.0.0 arm64","Apple LLVM 21.0.0 (clang-2100.3.34.2)"," -O3 -DNDEBUG",8,100000,pito,owned_delete,ecs_remove_owned,4,0,6,42.596000
aalair,"Apple M3",8,"Darwin 27.0.0 arm64","Apple LLVM 21.0.0 (clang-2100.3.34.2)"," -O3 -DNDEBUG",8,100000,pito,owned_delete,ecs_remove_owned,4,0,7,42.098000
aalair,"Apple M3",8,"Darwin 27.0.0 arm64","Apple LLVM 21.0.0 (clang-2100.3.34.2)"," -O3 -DNDEBUG",8,100000,pito,owned_delete,ecs_remove_owned,4,0,8,42.404000
aalair,"Apple M3",8,"Darwin 27.0.0 arm64","Apple LLVM 21.0.0 (clang-2100.3.34.2)"," -O3 -DNDEBUG",8,100000,pito,owned_delete,ecs_remove_owned,4,0,9,42.357000
aalair,"Apple M3",8,"Darwin 27.0.0 arm64","Apple LLVM 21.0.0 (clang-2100.3.34.2)"," -O3 -DNDEBUG",8,100000,pito,owned_delete,ecs_remove_owned,4,0,10,42.227000
aalair,"Apple M3",8,"Darwin 27.0.0 arm64","Apple LLVM 21.0.0 (clang-2100.3.34.2)"," -O3 -DNDEBUG",8,100000,pito,owned_delete,ecs_remove_owned,4,10,1,48.846000
aalair,"Apple M3",8,"Darwin 27.0.0 arm64","Apple LLVM 21.0.0 (clang-2100.3.34.2)"," -O3 -DNDEBUG",8,100000,pito,owned_delete,ecs_remove_owned,4,10,2,47.843000
aalair,"Apple M3",8,"Darwin 27.0.0 arm64","Apple LLVM 21.0.0 (clang-2100.3.34.2)"," -O3 -DNDEBUG",8,100000,pito,owned_delete,ecs_remove_owned,4,10,3,48.604000
aalair,"Apple M3",8,"Darwin 27.0.0 arm64","Apple LLVM 21.0.0 (clang-2100.3.34.2)"," -O3 -DNDEBUG",8,100000,pito,owned_delete,ecs_remove_owned,4,10,4,48.504000
aalair,"Apple M3",8,"Darwin 27.0.0 arm64","Apple LLVM 21.0.0 (clang-2100.3.34.2)"," -O3 -DNDEBUG",8,100000,pito,owned_delete,ecs_remove_owned,4,10,5,48.391000
aalair,"Apple M3",8,"Darwin 27.0.0 arm64","Apple LLVM 21.0.0 (clang-2100.3.34.2)"," -O3 -DNDEBUG",8,100000,pito,owned_delete,ecs_remove_owned,4,10,6,49.409000
aalair,"Apple M3",8,"Darwin 27.0.0 arm64","Apple LLVM 21.0.0 (clang-2100.3.34.2)"," -O3 -DNDEBUG",8,100000,pito,owned_delete,ecs_remove_owned,4,10,7,49.147000
aalair,"Apple M3",8,"Darwin 27.0.0 arm64","Apple LLVM 21.0.0 (clang-2100.3.34.2)"," -O3 -DNDEBUG",8,100000,pito,owned_delete,ecs_remove_owned,4,10,8,48.841000
aalair,"Apple M3",8,"Darwin 27.0.0 arm64","Apple LLVM 21.0.0 (clang-2100.3.34.2)"," -O3 -DNDEBUG",8,100000,pito,owned_delete,ecs_remove_owned,4,10,9,49.028000
aalair,"Apple M3",8,"Darwin 27.0.0 arm64","Apple LLVM 21.0.0 (clang-2100.3.34.2)"," -O3 -DNDEBUG",8,100000,pito,owned_delete,ecs_remove_owned,4,10,10,50.228000
aalair,"Apple M3",8,"Darwin 27.0.0 arm64","Apple LLVM 21.0.0 (clang-2100.3.34.2)"," -O3 -DNDEBUG",8,100000,pito,owned_delete,ecs_remove_owned,4,50,1,77.104000
aalair,"Apple M3",8,"Darwin 27.0.0 arm64","Apple LLVM 21.0.0 (clang-2100.3.34.2)"," -O3 -DNDEBUG",8,100000,pito,owned_delete,ecs_remove_owned,4,50,2,76.233000
aalair,"Apple M3",8,"Darwin 27.0.0 arm64","Apple LLVM 21.0.0 (clang-2100.3.34.2)"," -O3 -DNDEBUG",8,100000,pito,owned_delete,ecs_remove_owned,4,50,3,76.277000
aalair,"Apple M3",8,"Darwin 27.0.0 arm64","Apple LLVM 21.0.0 (clang-2100.3.34.2)"," -O3 -DNDEBUG",8,100000,pito,owned_delete,ecs_remove_owned,4,50,4,76.409000
aalair,"Apple M3",8,"Darwin 27.0.0 arm64","Apple LLVM 21.0.0 (clang-2100.3.34.2)"," -O3 -DNDEBUG",8,100000,pito,owned_delete,ecs_remove_owned,4,50,5,75.950000
aalair,"Apple M3",8,"Darwin 27.0.0 arm64","Apple LLVM 21.0.0 (clang-2100.3.34.2)"," -O3 -DNDEBUG",8,100000,pito,owned_delete,ecs_remove_owned,4,50,6,75.898000
aalair,"Apple M3",8,"Darwin 27.0.0 arm64","Apple LLVM 21.0.0 (clang-2100.3.34.2)"," -O3 -DNDEBUG",8,100000,pito,owned_delete,ecs_remove_owned,4,50,7,76.319000
aalair,"Apple M3",8,"Darwin 27.0.0 arm64","Apple LLVM 21.0.0 (clang-2100.3.34.2)"," -O3 -DNDEBUG",8,100000,pito,owned_delete,ecs_remove_owned,4,50,8,76.769000
aalair,"Apple M3",8,"Darwin 27.0.0 arm64","Apple LLVM 21.0.0 (clang-2100.3.34.2)"," -O3 -DNDEBUG",8,100000,pito,owned_delete,ecs_remove_owned,4,50,9,76.560000
aalair,"Apple M3",8,"Darwin 27.0.0 arm64","Apple LLVM 21.0.0 (clang-2100.3.34.2)"," -O3 -DNDEBUG",8,100000,pito,owned_delete,ecs_remove_owned,4,50,10,76.248000
aalair,"Apple M3",8,"Darwin 27.0.0 arm64","Apple LLVM 21.0.0 (clang-2100.3.34.2)"," -O3 -DNDEBUG",8,100000,pito,owned_delete,ecs_remove_owned,4,500,1,112.565000
aalair,"Apple M3",8,"Darwin 27.0.0 arm64","Apple LLVM 21.0.0 (clang-2100.3.34.2)"," -O3 -DNDEBUG",8,100000,pito,owned_delete,ecs_remove_owned,4,500,2,110.679000
aalair,"Apple M3",8,"Darwin 27.0.0 arm64","Apple LLVM 21.0.0 (clang-2100.3.34.2)"," -O3 -DNDEBUG",8,100000,pito,owned_delete,ecs_remove_owned,4,500,3,110.722000
aalair,"Apple M3",8,"Darwin 27.0.0 arm64","Apple LLVM 21.0.0 (clang-2100.3.34.2)"," -O3 -DNDEBUG",8,100000,pito,owned_delete,ecs_remove_owned,4,500,4,110.084000
aalair,"Apple M3",8,"Darwin 27.0.0 arm64","Apple LLVM 21.0.0 (clang-2100.3.34.2)"," -O3 -DNDEBUG",8,100000,pito,owned_delete,ecs_remove_owned,4,500,5,110.070000
aalair,"Apple M3",8,"Darwin 27.0.0 arm64","Apple LLVM 21.0.0 (clang-2100.3.34.2)"," -O3 -DNDEBUG",8,100000,pito,owned_delete,ecs_remove_owned,4,500,6,109.913000
aalair,"Apple M3",8,"Darwin 27.0.0 arm64","Apple LLVM 21.0.0 (clang-2100.3.34.2)"," -O3 -DNDEBUG",8,100000,pito,owned_delete,ecs_remove_owned,4,500,7,110.058000
aalair,"Apple M3",8,"Darwin 27.0.0 arm64","Apple LLVM 21.0.0 (clang-2100.3.34.2)"," -O3 -DNDEBUG",8,100000,pito,owned_delete,ecs_remove_owned,4,500,8,110.005000
aalair,"Apple M3",8,"Darwin 27.0.0 arm64","Apple LLVM 21.0.0 (clang-2100.3.34.2)"," -O3 -DNDEBUG",8,100000,pito,owned_delete,ecs_remove_owned,4,500,9,110.070000
aalair,"Apple M3",8,"Darwin 27.0.0 arm64","Apple LLVM 21.0.0 (clang-2100.3.34.2)"," -O3 -DNDEBUG",8,100000,pito,owned_delete,ecs_remove_owned,4,500,10,111.011000
aalair,"Apple M3",8,"Darwin 27.0.0 arm64","Apple LLVM 21.0.0 (clang-2100.3.34.2)"," -O3 -DNDEBUG",8,100000,pito,owned_delete,ecs_remove_owned,8,0,1,67.966000
aalair,"Apple M3",8,"Darwin 27.0.0 arm64","Apple LLVM 21.0.0 (clang-2100.3.34.2)"," -O3 -DNDEBUG",8,100000,pito,owned_delete,ecs_remove_owned,8,0,2,68.339000
aalair,"Apple M3",8,"Darwin 27.0.0 arm64","Apple LLVM 21.0.0 (clang-2100.3.34.2)"," -O3 -DNDEBUG",8,100000,pito,owned_delete,ecs_remove_owned,8,0,3,68.680000
aalair,"Apple M3",8,"Darwin 27.0.0 arm64","Apple LLVM 21.0.0 (clang-2100.3.34.2)"," -O3 -DNDEBUG",8,100000,pito,owned_delete,ecs_remove_owned,8,0,4,69.164000
aalair,"Apple M3",8,"Darwin 27.0.0 arm64","Apple LLVM 21.0.0 (clang-2100.3.34.2)"," -O3 -DNDEBUG",8,100000,pito,owned_delete,ecs_remove_owned,8,0,5,67.906000
aalair,"Apple M3",8,"Darwin 27.0.0 arm64","Apple LLVM 21.0.0 (clang-2100.3.34.2)"," -O3 -DNDEBUG",8,100000,pito,owned_delete,ecs_remove_owned,8,0,6,68.815000
aalair,"Apple M3",8,"Darwin 27.0.0 arm64","Apple LLVM 21.0.0 (clang-2100.3.34.2)"," -O3 -DNDEBUG",8,100000,pito,owned_delete,ecs_remove_owned,8,0,7,67.844000
aalair,"Apple M3",8,"Darwin 27.0.0 arm64","Apple LLVM 21.0.0 (clang-2100.3.34.2)"," -O3 -DNDEBUG",8,100000,pito,owned_delete,ecs_remove_owned,8,0,8,67.388000
aalair,"Apple M3",8,"Darwin 27.0.0 arm64","Apple LLVM 21.0.0 (clang-2100.3.34.2)"," -O3 -DNDEBUG",8,100000,pito,owned_delete,ecs_remove_owned,8,0,9,68.909000
aalair,"Apple M3",8,"Darwin 27.0.0 arm64","Apple LLVM 21.0.0 (clang-2100.3.34.2)"," -O3 -DNDEBUG",8,100000,pito,owned_delete,ecs_remove_owned,8,0,10,67.857000
aalair,"Apple M3",8,"Darwin 27.0.0 arm64","Apple LLVM 21.0.0 (clang-2100.3.34.2)"," -O3 -DNDEBUG",8,100000,pito,owned_delete,ecs_remove_owned,8,10,1,76.838000
aalair,"Apple M3",8,"Darwin 27.0.0 arm64","Apple LLVM 21.0.0 (clang-2100.3.34.2)"," -O3 -DNDEBUG",8,100000,pito,owned_delete,ecs_remove_owned,8,10,2,76.993000
aalair,"Apple M3",8,"Darwin 27.0.0 arm64","Apple LLVM 21.0.0 (clang-2100.3.34.2)"," -O3 -DNDEBUG",8,100000,pito,owned_delete,ecs_remove_owned,8,10,3,78.157000
aalair,"Apple M3",8,"Darwin 27.0.0 arm64","Apple LLVM 21.0.0 (clang-2100.3.34.2)"," -O3 -DNDEBUG",8,100000,pito,owned_delete,ecs_remove_owned,8,10,4,78.839000
aalair,"Apple M3",8,"Darwin 27.0.0 arm64","Apple LLVM 21.0.0 (clang-2100.3.34.2)"," -O3 -DNDEBUG",8,100000,pito,owned_delete,ecs_remove_owned,8,10,5,78.438000
aalair,"Apple M3",8,"Darwin 27.0.0 arm64","Apple LLVM 21.0.0 (clang-2100.3.34.2)"," -O3 -DNDEBUG",8,100000,pito,owned_delete,ecs_remove_owned,8,10,6,76.351000
aalair,"Apple M3",8,"Darwin 27.0.0 arm64","Apple LLVM 21.0.0 (clang-2100.3.34.2)"," -O3 -DNDEBUG",8,100000,pito,owned_delete,ecs_remove_owned,8,10,7,77.921000
aalair,"Apple M3",8,"Darwin 27.0.0 arm64","Apple LLVM 21.0.0 (clang-2100.3.34.2)"," -O3 -DNDEBUG",8,100000,pito,owned_delete,ecs_remove_owned,8,10,8,76.674000
aalair,"Apple M3",8,"Darwin 27.0.0 arm64","Apple LLVM 21.0.0 (clang-2100.3.34.2)"," -O3 -DNDEBUG",8,100000,pito,owned_delete,ecs_remove_owned,8,10,9,77.362000
aalair,"Apple M3",8,"Darwin 27.0.0 arm64","Apple LLVM 21.0.0 (clang-2100.3.34.2)"," -O3 -DNDEBUG",8,100000,pito,owned_delete,ecs_remove_owned,8,10,10,76.308000
aalair,"Apple M3",8,"Darwin 27.0.0 arm64","Apple LLVM 21.0.0 (clang-2100.3.34.2)"," -O3 -DNDEBUG",8,100000,pito,owned_delete,ecs_remove_owned,8,50,1,127.340000
aalair,"Apple M3",8,"Darwin 27.0.0 arm64","Apple LLVM 21.0.0 (clang-2100.3.34.2)"," -O3 -DNDEBUG",8,100000,pito,owned_delete,ecs_remove_owned,8,50,2,129.843000
aalair,"Apple M3",8,"Darwin 27.0.0 arm64","Apple LLVM 21.0.0 (clang-2100.3.34.2)"," -O3 -DNDEBUG",8,100000,pito,owned_delete,ecs_remove_owned,8,50,3,129.475000
aalair,"Apple M3",8,"Darwin 27.0.0 arm64","Apple LLVM 21.0.0 (clang-2100.3.34.2)"," -O3 -DNDEBUG",8,100000,pito,owned_delete,ecs_remove_owned,8,50,4,128.999000
aalair,"Apple M3",8,"Darwin 27.0.0 arm64","Apple LLVM 21.0.0 (clang-2100.3.34.2)"," -O3 -DNDEBUG",8,100000,pito,owned_delete,ecs_remove_owned,8,50,5,130.105000
aalair,"Apple M3",8,"Darwin 27.0.0 arm64","Apple LLVM 21.0.0 (clang-2100.3.34.2)"," -O3 -DNDEBUG",8,100000,pito,owned_delete,ecs_remove_owned,8,50,6,130.832000
aalair,"Apple M3",8,"Darwin 27.0.0 arm64","Apple LLVM 21.0.0 (clang-2100.3.34.2)"," -O3 -DNDEBUG",8,100000,pito,owned_delete,ecs_remove_owned,8,50,7,128.690000
aalair,"Apple M3",8,"Darwin 27.0.0 arm64","Apple LLVM 21.0.0 (clang-2100.3.34.2)"," -O3 -DNDEBUG",8,100000,pito,owned_delete,ecs_remove_owned,8,50,8,127.475000
aalair,"Apple M3",8,"Darwin 27.0.0 arm64","Apple LLVM 21.0.0 (clang-2100.3.34.2)"," -O3 -DNDEBUG",8,100000,pito,owned_delete,ecs_remove_owned,8,50,9,129.978000
aalair,"Apple M3",8,"Darwin 27.0.0 arm64","Apple LLVM 21.0.0 (clang-2100.3.34.2)"," -O3 -DNDEBUG",8,100000,pito,owned_delete,ecs_remove_owned,8,50,10,128.390000
aalair,"Apple M3",8,"Darwin 27.0.0 arm64","Apple LLVM 21.0.0 (clang-2100.3.34.2)"," -O3 -DNDEBUG",8,100000,pito,owned_delete,ecs_remove_owned,8,500,1,242.223000
aalair,"Apple M3",8,"Darwin 27.0.0 arm64","Apple LLVM 21.0.0 (clang-2100.3.34.2)"," -O3 -DNDEBUG",8,100000,pito,owned_delete,ecs_remove_owned,8,500,2,241.070000
aalair,"Apple M3",8,"Darwin 27.0.0 arm64","Apple LLVM 21.0.0 (clang-2100.3.34.2)"," -O3 -DNDEBUG",8,100000,pito,owned_delete,ecs_remove_owned,8,500,3,239.649000
aalair,"Apple M3",8,"Darwin 27.0.0 arm64","Apple LLVM 21.0.0 (clang-2100.3.34.2)"," -O3 -DNDEBUG",8,100000,pito,owned_delete,ecs_remove_owned,8,500,4,242.883000
aalair,"Apple M3",8,"Darwin 27.0.0 arm64","Apple LLVM 21.0.0 (clang-2100.3.34.2)"," -O3 -DNDEBUG",8,100000,pito,owned_delete,ecs_remove_owned,8,500,5,240.184000
aalair,"Apple M3",8,"Darwin 27.0.0 arm64","Apple LLVM 21.0.0 (clang-2100.3.34.2)"," -O3 -DNDEBUG",8,100000,pito,owned_delete,ecs_remove_owned,8,500,6,236.709000
aalair,"Apple M3",8,"Darwin 27.0.0 arm64","Apple LLVM 21.0.0 (clang-2100.3.34.2)"," -O3 -DNDEBUG",8,100000,pito,owned_delete,ecs_remove_owned,8,500,7,240.276000
aalair,"Apple M3",8,"Darwin 27.0.0 arm64","Apple LLVM 21.0.0 (clang-2100.3.34.2)"," -O3 -DNDEBUG",8,100000,pito,owned_delete,ecs_remove_owned,8,500,8,240.941000
aalair,"Apple M3",8,"Darwin 27.0.0 arm64","Apple LLVM 21.0.0 (clang-2100.3.34.2)"," -O3 -DNDEBUG",8,100000,pito,owned_delete,ecs_remove_owned,8,500,9,239.858000
aalair,"Apple M3",8,"Darwin 27.0.0 arm64","Apple LLVM 21.0.0 (clang-2100.3.34.2)"," -O3 -DNDEBUG",8,100000,pito,owned_delete,ecs_remove_owned,8,500,10,242.467000
aalair,"Apple M3",8,"Darwin 27.0.0 arm64","Apple LLVM 21.0.0 (clang-2100.3.34.2)"," -O3 -DNDEBUG",8,100000,pito,owned_delete,ecs_remove_owned + join,1,0,1,20.549000
aalair,"Apple M3",8,"Darwin 27.0.0 arm64","Apple LLVM 21.0.0 (clang-2100.3.34.2)"," -O3 -DNDEBUG",8,100000,pito,owned_delete,ecs_remove_owned + join,1,0,2,20.550000
aalair,"Apple M3",8,"Darwin 27.0.0 arm64","Apple LLVM 21.0.0 (clang-2100.3.34.2)"," -O3 -DNDEBUG",8,100000,pito,owned_delete,ecs_remove_owned + join,1,0,3,20.548000
aalair,"Apple M3",8,"Darwin 27.0.0 arm64","Apple LLVM 21.0.0 (clang-2100.3.34.2)"," -O3 -DNDEBUG",8,100000,pito,owned_delete,ecs_remove_owned + join,1,0,4,20.558000
aalair,"Apple M3",8,"Darwin 27.0.0 arm64","Apple LLVM 21.0.0 (clang-2100.3.34.2)"," -O3 -DNDEBUG",8,100000,pito,owned_delete,ecs_remove_owned + join,1,0,5,20.517000
aalair,"Apple M3",8,"Darwin 27.0.0 arm64","Apple LLVM 21.0.0 (clang-2100.3.34.2)"," -O3 -DNDEBUG",8,100000,pito,owned_delete,ecs_remove_owned + join,1,0,6,20.513000
aalair,"Apple M3",8,"Darwin 27.0.0 arm64","Apple LLVM 21.0.0 (clang-2100.3.34.2)"," -O3 -DNDEBUG",8,100000,pito,owned_delete,ecs_remove_owned + join,1,0,7,20.510000
aalair,"Apple M3",8,"Darwin 27.0.0 arm64","Apple LLVM 21.0.0 (clang-2100.3.34.2)"," -O3 -DNDEBUG",8,100000,pito,owned_delete,ecs_remove_owned + join,1,0,8,20.529000
aalair,"Apple M3",8,"Darwin 27.0.0 arm64","Apple LLVM 21.0.0 (clang-2100.3.34.2)"," -O3 -DNDEBUG",8,100000,pito,owned_delete,ecs_remove_owned + join,1,0,9,20.525000
aalair,"Apple M3",8,"Darwin 27.0.0 arm64","Apple LLVM 21.0.0 (clang-2100.3.34.2)"," -O3 -DNDEBUG",8,100000,pito,owned_delete,ecs_remove_owned + join,1,0,10,20.502000
aalair,"Apple M3",8,"Darwin 27.0.0 arm64","Apple LLVM 21.0.0 (clang-2100.3.34.2)"," -O3 -DNDEBUG",8,100000,pito,owned_delete,ecs_remove_owned + join,1,10,1,23.217000
aalair,"Apple M3",8,"Darwin 27.0.0 arm64","Apple LLVM 21.0.0 (clang-2100.3.34.2)"," -O3 -DNDEBUG",8,100000,pito,owned_delete,ecs_remove_owned + join,1,10,2,22.998000
aalair,"Apple M3",8,"Darwin 27.0.0 arm64","Apple LLVM 21.0.0 (clang-2100.3.34.2)"," -O3 -DNDEBUG",8,100000,pito,owned_delete,ecs_remove_owned + join,1,10,3,23.213000
aalair,"Apple M3",8,"Darwin 27.0.0 arm64","Apple LLVM 21.0.0 (clang-2100.3.34.2)"," -O3 -DNDEBUG",8,100000,pito,owned_delete,ecs_remove_owned + join,1,10,4,23.126000
aalair,"Apple M3",8,"Darwin 27.0.0 arm64","Apple LLVM 21.0.0 (clang-2100.3.34.2)"," -O3 -DNDEBUG",8,100000,pito,owned_delete,ecs_remove_owned + join,1,10,5,23.018000
aalair,"Apple M3",8,"Darwin 27.0.0 arm64","Apple LLVM 21.0.0 (clang-2100.3.34.2)"," -O3 -DNDEBUG",8,100000,pito,owned_delete,ecs_remove_owned + join,1,10,6,23.035000
aalair,"Apple M3",8,"Darwin 27.0.0 arm64","Apple LLVM 21.0.0 (clang-2100.3.34.2)"," -O3 -DNDEBUG",8,100000,pito,owned_delete,ecs_remove_owned + join,1,10,7,23.035000
aalair,"Apple M3",8,"Darwin 27.0.0 arm64","Apple LLVM 21.0.0 (clang-2100.3.34.2)"," -O3 -DNDEBUG",8,100000,pito,owned_delete,ecs_remove_owned + join,1,10,8,22.975000
aalair,"Apple M3",8,"Darwin 27.0.0 arm64","Apple LLVM 21.0.0 (clang-2100.3.34.2)"," -O3 -DNDEBUG",8,100000,pito,owned_delete,ecs_remove_owned + join,1,10,9,23.056000
aalair,"Apple M3",8,"Darwin 27.0.0 arm64","Apple LLVM 21.0.0 (clang-2100.3.34.2)"," -O3 -DNDEBUG",8,100000,pito,owned_delete,ecs_remove_owned + join,1,10,10,23.079000
aalair,"Apple M3",8,"Darwin 27.0.0 arm64","Apple LLVM 21.0.0 (clang-2100.3.34.2)"," -O3 -DNDEBUG",8,100000,pito,owned_delete,ecs_remove_owned + join,1,50,1,44.099000
aalair,"Apple M3",8,"Darwin 27.0.0 arm64","Apple LLVM 21.0.0 (clang-2100.3.34.2)"," -O3 -DNDEBUG",8,100000,pito,owned_delete,ecs_remove_owned + join,1,50,2,43.205000
aalair,"Apple M3",8,"Darwin 27.0.0 arm64","Apple LLVM 21.0.0 (clang-2100.3.34.2)"," -O3 -DNDEBUG",8,100000,pito,owned_delete,ecs_remove_owned + join,1,50,3,41.794000
aalair,"Apple M3",8,"Darwin 27.0.0 arm64","Apple LLVM 21.0.0 (clang-2100.3.34.2)"," -O3 -DNDEBUG",8,100000,pito,owned_delete,ecs_remove_owned + join,1,50,4,41.780000
aalair,"Apple M3",8,"Darwin 27.0.0 arm64","Apple LLVM 21.0.0 (clang-2100.3.34.2)"," -O3 -DNDEBUG",8,100000,pito,owned_delete,ecs_remove_owned + join,1,50,5,41.818000
aalair,"Apple M3",8,"Darwin 27.0.0 arm64","Apple LLVM 21.0.0 (clang-2100.3.34.2)"," -O3 -DNDEBUG",8,100000,pito,owned_delete,ecs_remove_owned + join,1,50,6,41.917000
aalair,"Apple M3",8,"Darwin 27.0.0 arm64","Apple LLVM 21.0.0 (clang-2100.3.34.2)"," -O3 -DNDEBUG",8,100000,pito,owned_delete,ecs_remove_owned + join,1,50,7,42.274000
aalair,"Apple M3",8,"Darwin 27.0.0 arm64","Apple LLVM 21.0.0 (clang-2100.3.34.2)"," -O3 -DNDEBUG",8,100000,pito,owned_delete,ecs_remove_owned + join,1,50,8,41.790000
aalair,"Apple M3",8,"Darwin 27.0.0 arm64","Apple LLVM 21.0.0 (clang-2100.3.34.2)"," -O3 -DNDEBUG",8,100000,pito,owned_delete,ecs_remove_owned + join,1,50,9,42.293000
aalair,"Apple M3",8,"Darwin 27.0.0 arm64","Apple LLVM 21.0.0 (clang-2100.3.34.2)"," -O3 -DNDEBUG",8,100000,pito,owned_delete,ecs_remove_owned + join,1,50,10,44.177000
aalair,"Apple M3",8,"Darwin 27.0.0 arm64","Apple LLVM 21.0.0 (clang-2100.3.34.2)"," -O3 -DNDEBUG",8,100000,pito,owned_delete,ecs_remove_owned + join,1,500,1,404.266000
aalair,"Apple M3",8,"Darwin 27.0.0 arm64","Apple LLVM 21.0.0 (clang-2100.3.34.2)"," -O3 -DNDEBUG",8,100000,pito,owned_delete,ecs_remove_owned + join,1,500,2,403.955000
aalair,"Apple M3",8,"Darwin 27.0.0 arm64","Apple LLVM 21.0.0 (clang-2100.3.34.2)"," -O3 -DNDEBUG",8,100000,pito,owned_delete,ecs_remove_owned + join,1,500,3,403.901000
aalair,"Apple M3",8,"Darwin 27.0.0 arm64","Apple LLVM 21.0.0 (clang-2100.3.34.2)"," -O3 -DNDEBUG",8,100000,pito,owned_delete,ecs_remove_owned + join,1,500,4,404.240000
aalair,"Apple M3",8,"Darwin 27.0.0 arm64","Apple LLVM 21.0.0 (clang-2100.3.34.2)"," -O3 -DNDEBUG",8,100000,pito,owned_delete,ecs_remove_owned + join,1,500,5,404.029000
aalair,"Apple M3",8,"Darwin 27.0.0 arm64","Apple LLVM 21.0.0 (clang-2100.3.34.2)"," -O3 -DNDEBUG",8,100000,pito,owned_delete,ecs_remove_owned + join,1,500,6,403.780000
aalair,"Apple M3",8,"Darwin 27.0.0 arm64","Apple LLVM 21.0.0 (clang-2100.3.34.2)"," -O3 -DNDEBUG",8,100000,pito,owned_delete,ecs_remove_owned + join,1,500,7,403.765000
aalair,"Apple M3",8,"Darwin 27.0.0 arm64","Apple LLVM 21.0.0 (clang-2100.3.34.2)"," -O3 -DNDEBUG",8,100000,pito,owned_delete,ecs_remove_owned + join,1,500,8,403.830000
aalair,"Apple M3",8,"Darwin 27.0.0 arm64","Apple LLVM 21.0.0 (clang-2100.3.34.2)"," -O3 -DNDEBUG",8,100000,pito,owned_delete,ecs_remove_owned + join,1,500,9,403.668000
aalair,"Apple M3",8,"Darwin 27.0.0 arm64","Apple LLVM 21.0.0 (clang-2100.3.34.2)"," -O3 -DNDEBUG",8,100000,pito,owned_delete,ecs_remove_owned + join,1,500,10,403.445000
aalair,"Apple M3",8,"Darwin 27.0.0 arm64","Apple LLVM 21.0.0 (clang-2100.3.34.2)"," -O3 -DNDEBUG",8,100000,pito,owned_delete,ecs_remove_owned + join,2,0,1,37.347000
aalair,"Apple M3",8,"Darwin 27.0.0 arm64","Apple LLVM 21.0.0 (clang-2100.3.34.2)"," -O3 -DNDEBUG",8,100000,pito,owned_delete,ecs_remove_owned + join,2,0,2,38.158000
aalair,"Apple M3",8,"Darwin 27.0.0 arm64","Apple LLVM 21.0.0 (clang-2100.3.34.2)"," -O3 -DNDEBUG",8,100000,pito,owned_delete,ecs_remove_owned + join,2,0,3,38.132000
aalair,"Apple M3",8,"Darwin 27.0.0 arm64","Apple LLVM 21.0.0 (clang-2100.3.34.2)"," -O3 -DNDEBUG",8,100000,pito,owned_delete,ecs_remove_owned + join,2,0,4,38.187000
aalair,"Apple M3",8,"Darwin 27.0.0 arm64","Apple LLVM 21.0.0 (clang-2100.3.34.2)"," -O3 -DNDEBUG",8,100000,pito,owned_delete,ecs_remove_owned + join,2,0,5,37.591000
aalair,"Apple M3",8,"Darwin 27.0.0 arm64","Apple LLVM 21.0.0 (clang-2100.3.34.2)"," -O3 -DNDEBUG",8,100000,pito,owned_delete,ecs_remove_owned + join,2,0,6,37.260000
aalair,"Apple M3",8,"Darwin 27.0.0 arm64","Apple LLVM 21.0.0 (clang-2100.3.34.2)"," -O3 -DNDEBUG",8,100000,pito,owned_delete,ecs_remove_owned + join,2,0,7,37.332000
aalair,"Apple M3",8,"Darwin 27.0.0 arm64","Apple LLVM 21.0.0 (clang-2100.3.34.2)"," -O3 -DNDEBUG",8,100000,pito,owned_delete,ecs_remove_owned + join,2,0,8,38.389000
aalair,"Apple M3",8,"Darwin 27.0.0 arm64","Apple LLVM 21.0.0 (clang-2100.3.34.2)"," -O3 -DNDEBUG",8,100000,pito,owned_delete,ecs_remove_owned + join,2,0,9,37.819000
aalair,"Apple M3",8,"Darwin 27.0.0 arm64","Apple LLVM 21.0.0 (clang-2100.3.34.2)"," -O3 -DNDEBUG",8,100000,pito,owned_delete,ecs_remove_owned + join,2,0,10,37.272000
aalair,"Apple M3",8,"Darwin 27.0.0 arm64","Apple LLVM 21.0.0 (clang-2100.3.34.2)"," -O3 -DNDEBUG",8,100000,pito,owned_delete,ecs_remove_owned + join,2,10,1,51.884000
aalair,"Apple M3",8,"Darwin 27.0.0 arm64","Apple LLVM 21.0.0 (clang-2100.3.34.2)"," -O3 -DNDEBUG",8,100000,pito,owned_delete,ecs_remove_owned + join,2,10,2,51.961000
aalair,"Apple M3",8,"Darwin 27.0.0 arm64","Apple LLVM 21.0.0 (clang-2100.3.34.2)"," -O3 -DNDEBUG",8,100000,pito,owned_delete,ecs_remove_owned + join,2,10,3,52.015000
aalair,"Apple M3",8,"Darwin 27.0.0 arm64","Apple LLVM 21.0.0 (clang-2100.3.34.2)"," -O3 -DNDEBUG",8,100000,pito,owned_delete,ecs_remove_owned + join,2,10,4,52.129000
aalair,"Apple M3",8,"Darwin 27.0.0 arm64","Apple LLVM 21.0.0 (clang-2100.3.34.2)"," -O3 -DNDEBUG",8,100000,pito,owned_delete,ecs_remove_owned + join,2,10,5,52.011000
aalair,"Apple M3",8,"Darwin 27.0.0 arm64","Apple LLVM 21.0.0 (clang-2100.3.34.2)"," -O3 -DNDEBUG",8,100000,pito,owned_delete,ecs_remove_owned + join,2,10,6,51.943000
aalair,"Apple M3",8,"Darwin 27.0.0 arm64","Apple LLVM 21.0.0 (clang-2100.3.34.2)"," -O3 -DNDEBUG",8,100000,pito,owned_delete,ecs_remove_owned + join,2,10,7,51.894000
aalair,"Apple M3",8,"Darwin 27.0.0 arm64","Apple LLVM 21.0.0 (clang-2100.3.34.2)"," -O3 -DNDEBUG",8,100000,pito,owned_delete,ecs_remove_owned + join,2,10,8,51.992000
aalair,"Apple M3",8,"Darwin 27.0.0 arm64","Apple LLVM 21.0.0 (clang-2100.3.34.2)"," -O3 -DNDEBUG",8,100000,pito,owned_delete,ecs_remove_owned + join,2,10,9,51.096000
aalair,"Apple M3",8,"Darwin 27.0.0 arm64","Apple LLVM 21.0.0 (clang-2100.3.34.2)"," -O3 -DNDEBUG",8,100000,pito,owned_delete,ecs_remove_owned + join,2,10,10,48.315000
aalair,"Apple M3",8,"Darwin 27.0.0 arm64","Apple LLVM 21.0.0 (clang-2100.3.34.2)"," -O3 -DNDEBUG",8,100000,pito,owned_delete,ecs_remove_owned + join,2,10,11,49.130000
aalair,"Apple M3",8,"Darwin 27.0.0 arm64","Apple LLVM 21.0.0 (clang-2100.3.34.2)"," -O3 -DNDEBUG",8,100000,pito,owned_delete,ecs_remove_owned + join,2,10,12,51.594000
aalair,"Apple M3",8,"Darwin 27.0.0 arm64","Apple LLVM 21.0.0 (clang-2100.3.34.2)"," -O3 -DNDEBUG",8,100000,pito,owned_delete,ecs_remove_owned + join,2,10,13,51.615000
aalair,"Apple M3",8,"Darwin 27.0.0 arm64","Apple LLVM 21.0.0 (clang-2100.3.34.2)"," -O3 -DNDEBUG",8,100000,pito,owned_delete,ecs_remove_owned + join,2,10,14,51.577000
aalair,"Apple M3",8,"Darwin 27.0.0 arm64","Apple LLVM 21.0.0 (clang-2100.3.34.2)"," -O3 -DNDEBUG",8,100000,pito,owned_delete,ecs_remove_owned + join,2,50,1,44.254000
aalair,"Apple M3",8,"Darwin 27.0.0 arm64","Apple LLVM 21.0.0 (clang-2100.3.34.2)"," -O3 -DNDEBUG",8,100000,pito,owned_delete,ecs_remove_owned + join,2,50,2,44.400000
aalair,"Apple M3",8,"Darwin 27.0.0 arm64","Apple LLVM 21.0.0 (clang-2100.3.34.2)"," -O3 -DNDEBUG",8,100000,pito,owned_delete,ecs_remove_owned + join,2,50,3,44.316000
aalair,"Apple M3",8,"Darwin 27.0.0 arm64","Apple LLVM 21.0.0 (clang-2100.3.34.2)"," -O3 -DNDEBUG",8,100000,pito,owned_delete,ecs_remove_owned + join,2,50,4,44.264000
aalair,"Apple M3",8,"Darwin 27.0.0 arm64","Apple LLVM 21.0.0 (clang-2100.3.34.2)"," -O3 -DNDEBUG",8,100000,pito,owned_delete,ecs_remove_owned + join,2,50,5,44.234000
aalair,"Apple M3",8,"Darwin 27.0.0 arm64","Apple LLVM 21.0.0 (clang-2100.3.34.2)"," -O3 -DNDEBUG",8,100000,pito,owned_delete,ecs_remove_owned + join,2,50,6,44.239000
aalair,"Apple M3",8,"Darwin 27.0.0 arm64","Apple LLVM 21.0.0 (clang-2100.3.34.2)"," -O3 -DNDEBUG",8,100000,pito,owned_delete,ecs_remove_owned + join,2,50,7,44.611000
aalair,"Apple M3",8,"Darwin 27.0.0 arm64","Apple LLVM 21.0.0 (clang-2100.3.34.2)"," -O3 -DNDEBUG",8,100000,pito,owned_delete,ecs_remove_owned + join,2,50,8,44.448000
aalair,"Apple M3",8,"Darwin 27.0.0 arm64","Apple LLVM 21.0.0 (clang-2100.3.34.2)"," -O3 -DNDEBUG",8,100000,pito,owned_delete,ecs_remove_owned + join,2,50,9,44.596000
aalair,"Apple M3",8,"Darwin 27.0.0 arm64","Apple LLVM 21.0.0 (clang-2100.3.34.2)"," -O3 -DNDEBUG",8,100000,pito,owned_delete,ecs_remove_owned + join,2,50,10,43.330000
aalair,"Apple M3",8,"Darwin 27.0.0 arm64","Apple LLVM 21.0.0 (clang-2100.3.34.2)"," -O3 -DNDEBUG",8,100000,pito,owned_delete,ecs_remove_owned + join,2,500,1,208.769000
aalair,"Apple M3",8,"Darwin 27.0.0 arm64","Apple LLVM 21.0.0 (clang-2100.3.34.2)"," -O3 -DNDEBUG",8,100000,pito,owned_delete,ecs_remove_owned + join,2,500,2,208.714000
aalair,"Apple M3",8,"Darwin 27.0.0 arm64","Apple LLVM 21.0.0 (clang-2100.3.34.2)"," -O3 -DNDEBUG",8,100000,pito,owned_delete,ecs_remove_owned + join,2,500,3,208.845000
aalair,"Apple M3",8,"Darwin 27.0.0 arm64","Apple LLVM 21.0.0 (clang-2100.3.34.2)"," -O3 -DNDEBUG",8,100000,pito,owned_delete,ecs_remove_owned + join,2,500,4,208.414000
aalair,"Apple M3",8,"Darwin 27.0.0 arm64","Apple LLVM 21.0.0 (clang-2100.3.34.2)"," -O3 -DNDEBUG",8,100000,pito,owned_delete,ecs_remove_owned + join,2,500,5,209.630000
aalair,"Apple M3",8,"Darwin 27.0.0 arm64","Apple LLVM 21.0.0 (clang-2100.3.34.2)"," -O3 -DNDEBUG",8,100000,pito,owned_delete,ecs_remove_owned + join,2,500,6,209.850000
aalair,"Apple M3",8,"Darwin 27.0.0 arm64","Apple LLVM 21.0.0 (clang-2100.3.34.2)"," -O3 -DNDEBUG",8,100000,pito,owned_delete,ecs_remove_owned + join,2,500,7,209.057000
aalair,"Apple M3",8,"Darwin 27.0.0 arm64","Apple LLVM 21.0.0 (clang-2100.3.34.2)"," -O3 -DNDEBUG",8,100000,pito,owned_delete,ecs_remove_owned + join,2,500,8,254.067000
aalair,"Apple M3",8,"Darwin 27.0.0 arm64","Apple LLVM 21.0.0 (clang-2100.3.34.2)"," -O3 -DNDEBUG",8,100000,pito,owned_delete,ecs_remove_owned + join,2,500,9,211.921000
aalair,"Apple M3",8,"Darwin 27.0.0 arm64","Apple LLVM 21.0.0 (clang-2100.3.34.2)"," -O3 -DNDEBUG",8,100000,pito,owned_delete,ecs_remove_owned + join,2,500,10,208.883000
aalair,"Apple M3",8,"Darwin 27.0.0 arm64","Apple LLVM 21.0.0 (clang-2100.3.34.2)"," -O3 -DNDEBUG",8,100000,pito,owned_delete,ecs_remove_owned + join,2,500,11,209.366000
aalair,"Apple M3",8,"Darwin 27.0.0 arm64","Apple LLVM 21.0.0 (clang-2100.3.34.2)"," -O3 -DNDEBUG",8,100000,pito,owned_delete,ecs_remove_owned + join,4,0,1,71.342000
aalair,"Apple M3",8,"Darwin 27.0.0 arm64","Apple LLVM 21.0.0 (clang-2100.3.34.2)"," -O3 -DNDEBUG",8,100000,pito,owned_delete,ecs_remove_owned + join,4,0,2,70.394000
aalair,"Apple M3",8,"Darwin 27.0.0 arm64","Apple LLVM 21.0.0 (clang-2100.3.34.2)"," -O3 -DNDEBUG",8,100000,pito,owned_delete,ecs_remove_owned + join,4,0,3,71.610000
aalair,"Apple M3",8,"Darwin 27.0.0 arm64","Apple LLVM 21.0.0 (clang-2100.3.34.2)"," -O3 -DNDEBUG",8,100000,pito,owned_delete,ecs_remove_owned + join,4,0,4,71.265000
aalair,"Apple M3",8,"Darwin 27.0.0 arm64","Apple LLVM 21.0.0 (clang-2100.3.34.2)"," -O3 -DNDEBUG",8,100000,pito,owned_delete,ecs_remove_owned + join,4,0,5,71.608000
aalair,"Apple M3",8,"Darwin 27.0.0 arm64","Apple LLVM 21.0.0 (clang-2100.3.34.2)"," -O3 -DNDEBUG",8,100000,pito,owned_delete,ecs_remove_owned + join,4,0,6,71.690000
aalair,"Apple M3",8,"Darwin 27.0.0 arm64","Apple LLVM 21.0.0 (clang-2100.3.34.2)"," -O3 -DNDEBUG",8,100000,pito,owned_delete,ecs_remove_owned + join,4,0,7,70.388000
aalair,"Apple M3",8,"Darwin 27.0.0 arm64","Apple LLVM 21.0.0 (clang-2100.3.34.2)"," -O3 -DNDEBUG",8,100000,pito,owned_delete,ecs_remove_owned + join,4,0,8,70.071000
aalair,"Apple M3",8,"Darwin 27.0.0 arm64","Apple LLVM 21.0.0 (clang-2100.3.34.2)"," -O3 -DNDEBUG",8,100000,pito,owned_delete,ecs_remove_owned + join,4,0,9,70.901000
aalair,"Apple M3",8,"Darwin 27.0.0 arm64","Apple LLVM 21.0.0 (clang-2100.3.34.2)"," -O3 -DNDEBUG",8,100000,pito,owned_delete,ecs_remove_owned + join,4,0,10,72.359000
aalair,"Apple M3",8,"Darwin 27.0.0 arm64","Apple LLVM 21.0.0 (clang-2100.3.34.2)"," -O3 -DNDEBUG",8,100000,pito,owned_delete,ecs_remove_owned + join,4,10,1,77.662000
aalair,"Apple M3",8,"Darwin 27.0.0 arm64","Apple LLVM 21.0.0 (clang-2100.3.34.2)"," -O3 -DNDEBUG",8,100000,pito,owned_delete,ecs_remove_owned + join,4,10,2,76.966000
aalair,"Apple M3",8,"Darwin 27.0.0 arm64","Apple LLVM 21.0.0 (clang-2100.3.34.2)"," -O3 -DNDEBUG",8,100000,pito,owned_delete,ecs_remove_owned + join,4,10,3,79.807000
aalair,"Apple M3",8,"Darwin 27.0.0 arm64","Apple LLVM 21.0.0 (clang-2100.3.34.2)"," -O3 -DNDEBUG",8,100000,pito,owned_delete,ecs_remove_owned + join,4,10,4,76.148000
aalair,"Apple M3",8,"Darwin 27.0.0 arm64","Apple LLVM 21.0.0 (clang-2100.3.34.2)"," -O3 -DNDEBUG",8,100000,pito,owned_delete,ecs_remove_owned + join,4,10,5,78.823000
aalair,"Apple M3",8,"Darwin 27.0.0 arm64","Apple LLVM 21.0.0 (clang-2100.3.34.2)"," -O3 -DNDEBUG",8,100000,pito,owned_delete,ecs_remove_owned + join,4,10,6,80.503000
aalair,"Apple M3",8,"Darwin 27.0.0 arm64","Apple LLVM 21.0.0 (clang-2100.3.34.2)"," -O3 -DNDEBUG",8,100000,pito,owned_delete,ecs_remove_owned + join,4,10,7,78.560000
aalair,"Apple M3",8,"Darwin 27.0.0 arm64","Apple LLVM 21.0.0 (clang-2100.3.34.2)"," -O3 -DNDEBUG",8,100000,pito,owned_delete,ecs_remove_owned + join,4,10,8,77.963000
aalair,"Apple M3",8,"Darwin 27.0.0 arm64","Apple LLVM 21.0.0 (clang-2100.3.34.2)"," -O3 -DNDEBUG",8,100000,pito,owned_delete,ecs_remove_owned + join,4,10,9,78.053000
aalair,"Apple M3",8,"Darwin 27.0.0 arm64","Apple LLVM 21.0.0 (clang-2100.3.34.2)"," -O3 -DNDEBUG",8,100000,pito,owned_delete,ecs_remove_owned + join,4,10,10,78.462000
aalair,"Apple M3",8,"Darwin 27.0.0 arm64","Apple LLVM 21.0.0 (clang-2100.3.34.2)"," -O3 -DNDEBUG",8,100000,pito,owned_delete,ecs_remove_owned + join,4,50,1,75.126000
aalair,"Apple M3",8,"Darwin 27.0.0 arm64","Apple LLVM 21.0.0 (clang-2100.3.34.2)"," -O3 -DNDEBUG",8,100000,pito,owned_delete,ecs_remove_owned + join,4,50,2,74.520000
aalair,"Apple M3",8,"Darwin 27.0.0 arm64","Apple LLVM 21.0.0 (clang-2100.3.34.2)"," -O3 -DNDEBUG",8,100000,pito,owned_delete,ecs_remove_owned + join,4,50,3,74.862000
aalair,"Apple M3",8,"Darwin 27.0.0 arm64","Apple LLVM 21.0.0 (clang-2100.3.34.2)"," -O3 -DNDEBUG",8,100000,pito,owned_delete,ecs_remove_owned + join,4,50,4,75.140000
aalair,"Apple M3",8,"Darwin 27.0.0 arm64","Apple LLVM 21.0.0 (clang-2100.3.34.2)"," -O3 -DNDEBUG",8,100000,pito,owned_delete,ecs_remove_owned + join,4,50,5,76.838000
aalair,"Apple M3",8,"Darwin 27.0.0 arm64","Apple LLVM 21.0.0 (clang-2100.3.34.2)"," -O3 -DNDEBUG",8,100000,pito,owned_delete,ecs_remove_owned + join,4,50,6,74.945000
aalair,"Apple M3",8,"Darwin 27.0.0 arm64","Apple LLVM 21.0.0 (clang-2100.3.34.2)"," -O3 -DNDEBUG",8,100000,pito,owned_delete,ecs_remove_owned + join,4,50,7,74.787000
aalair,"Apple M3",8,"Darwin 27.0.0 arm64","Apple LLVM 21.0.0 (clang-2100.3.34.2)"," -O3 -DNDEBUG",8,100000,pito,owned_delete,ecs_remove_owned + join,4,50,8,74.688000
aalair,"Apple M3",8,"Darwin 27.0.0 arm64","Apple LLVM 21.0.0 (clang-2100.3.34.2)"," -O3 -DNDEBUG",8,100000,pito,owned_delete,ecs_remove_owned + join,4,50,9,75.506000
aalair,"Apple M3",8,"Darwin 27.0.0 arm64","Apple LLVM 21.0.0 (clang-2100.3.34.2)"," -O3 -DNDEBUG",8,100000,pito,owned_delete,ecs_remove_owned + join,4,50,10,75.483000
aalair,"Apple M3",8,"Darwin 27.0.0 arm64","Apple LLVM 21.0.0 (clang-2100.3.34.2)"," -O3 -DNDEBUG",8,100000,pito,owned_delete,ecs_remove_owned + join,4,500,1,114.846000
aalair,"Apple M3",8,"Darwin 27.0.0 arm64","Apple LLVM 21.0.0 (clang-2100.3.34.2)"," -O3 -DNDEBUG",8,100000,pito,owned_delete,ecs_remove_owned + join,4,500,2,114.942000
aalair,"Apple M3",8,"Darwin 27.0.0 arm64","Apple LLVM 21.0.0 (clang-2100.3.34.2)"," -O3 -DNDEBUG",8,100000,pito,owned_delete,ecs_remove_owned + join,4,500,3,114.991000
aalair,"Apple M3",8,"Darwin 27.0.0 arm64","Apple LLVM 21.0.0 (clang-2100.3.34.2)"," -O3 -DNDEBUG",8,100000,pito,owned_delete,ecs_remove_owned + join,4,500,4,114.752000
aalair,"Apple M3",8,"Darwin 27.0.0 arm64","Apple LLVM 21.0.0 (clang-2100.3.34.2)"," -O3 -DNDEBUG",8,100000,pito,owned_delete,ecs_remove_owned + join,4,500,5,122.631000
aalair,"Apple M3",8,"Darwin 27.0.0 arm64","Apple LLVM 21.0.0 (clang-2100.3.34.2)"," -O3 -DNDEBUG",8,100000,pito,owned_delete,ecs_remove_owned + join,4,500,6,114.949000
aalair,"Apple M3",8,"Darwin 27.0.0 arm64","Apple LLVM 21.0.0 (clang-2100.3.34.2)"," -O3 -DNDEBUG",8,100000,pito,owned_delete,ecs_remove_owned + join,4,500,7,114.664000
aalair,"Apple M3",8,"Darwin 27.0.0 arm64","Apple LLVM 21.0.0 (clang-2100.3.34.2)"," -O3 -DNDEBUG",8,100000,pito,owned_delete,ecs_remove_owned + join,4,500,8,115.306000
aalair,"Apple M3",8,"Darwin 27.0.0 arm64","Apple LLVM 21.0.0 (clang-2100.3.34.2)"," -O3 -DNDEBUG",8,100000,pito,owned_delete,ecs_remove_owned + join,4,500,9,114.593000
aalair,"Apple M3",8,"Darwin 27.0.0 arm64","Apple LLVM 21.0.0 (clang-2100.3.34.2)"," -O3 -DNDEBUG",8,100000,pito,owned_delete,ecs_remove_owned + join,4,500,10,114.601000
aalair,"Apple M3",8,"Darwin 27.0.0 arm64","Apple LLVM 21.0.0 (clang-2100.3.34.2)"," -O3 -DNDEBUG",8,100000,pito,owned_delete,ecs_remove_owned + join,4,500,11,114.634000
aalair,"Apple M3",8,"Darwin 27.0.0 arm64","Apple LLVM 21.0.0 (clang-2100.3.34.2)"," -O3 -DNDEBUG",8,100000,pito,owned_delete,ecs_remove_owned + join,8,0,1,91.186000
aalair,"Apple M3",8,"Darwin 27.0.0 arm64","Apple LLVM 21.0.0 (clang-2100.3.34.2)"," -O3 -DNDEBUG",8,100000,pito,owned_delete,ecs_remove_owned + join,8,0,2,90.762000
aalair,"Apple M3",8,"Darwin 27.0.0 arm64","Apple LLVM 21.0.0 (clang-2100.3.34.2)"," -O3 -DNDEBUG",8,100000,pito,owned_delete,ecs_remove_owned + join,8,0,3,91.081000
aalair,"Apple M3",8,"Darwin 27.0.0 arm64","Apple LLVM 21.0.0 (clang-2100.3.34.2)"," -O3 -DNDEBUG",8,100000,pito,owned_delete,ecs_remove_owned + join,8,0,4,91.450000
aalair,"Apple M3",8,"Darwin 27.0.0 arm64","Apple LLVM 21.0.0 (clang-2100.3.34.2)"," -O3 -DNDEBUG",8,100000,pito,owned_delete,ecs_remove_owned + join,8,0,5,91.226000
aalair,"Apple M3",8,"Darwin 27.0.0 arm64","Apple LLVM 21.0.0 (clang-2100.3.34.2)"," -O3 -DNDEBUG",8,100000,pito,owned_delete,ecs_remove_owned + join,8,0,6,92.664000
aalair,"Apple M3",8,"Darwin 27.0.0 arm64","Apple LLVM 21.0.0 (clang-2100.3.34.2)"," -O3 -DNDEBUG",8,100000,pito,owned_delete,ecs_remove_owned + join,8,0,7,92.715000
aalair,"Apple M3",8,"Darwin 27.0.0 arm64","Apple LLVM 21.0.0 (clang-2100.3.34.2)"," -O3 -DNDEBUG",8,100000,pito,owned_delete,ecs_remove_owned + join,8,0,8,92.359000
aalair,"Apple M3",8,"Darwin 27.0.0 arm64","Apple LLVM 21.0.0 (clang-2100.3.34.2)"," -O3 -DNDEBUG",8,100000,pito,owned_delete,ecs_remove_owned + join,8,0,9,80.877000
aalair,"Apple M3",8,"Darwin 27.0.0 arm64","Apple LLVM 21.0.0 (clang-2100.3.34.2)"," -O3 -DNDEBUG",8,100000,pito,owned_delete,ecs_remove_owned + join,8,0,10,90.658000
aalair,"Apple M3",8,"Darwin 27.0.0 arm64","Apple LLVM 21.0.0 (clang-2100.3.34.2)"," -O3 -DNDEBUG",8,100000,pito,owned_delete,ecs_remove_owned + join,8,0,11,90.754000
aalair,"Apple M3",8,"Darwin 27.0.0 arm64","Apple LLVM 21.0.0 (clang-2100.3.34.2)"," -O3 -DNDEBUG",8,100000,pito,owned_delete,ecs_remove_owned + join,8,10,1,100.692000
aalair,"Apple M3",8,"Darwin 27.0.0 arm64","Apple LLVM 21.0.0 (clang-2100.3.34.2)"," -O3 -DNDEBUG",8,100000,pito,owned_delete,ecs_remove_owned + join,8,10,2,100.613000
aalair,"Apple M3",8,"Darwin 27.0.0 arm64","Apple LLVM 21.0.0 (clang-2100.3.34.2)"," -O3 -DNDEBUG",8,100000,pito,owned_delete,ecs_remove_owned + join,8,10,3,99.733000
aalair,"Apple M3",8,"Darwin 27.0.0 arm64","Apple LLVM 21.0.0 (clang-2100.3.34.2)"," -O3 -DNDEBUG",8,100000,pito,owned_delete,ecs_remove_owned + join,8,10,4,100.077000
aalair,"Apple M3",8,"Darwin 27.0.0 arm64","Apple LLVM 21.0.0 (clang-2100.3.34.2)"," -O3 -DNDEBUG",8,100000,pito,owned_delete,ecs_remove_owned + join,8,10,5,100.694000
aalair,"Apple M3",8,"Darwin 27.0.0 arm64","Apple LLVM 21.0.0 (clang-2100.3.34.2)"," -O3 -DNDEBUG",8,100000,pito,owned_delete,ecs_remove_owned + join,8,10,6,98.803000
aalair,"Apple M3",8,"Darwin 27.0.0 arm64","Apple LLVM 21.0.0 (clang-2100.3.34.2)"," -O3 -DNDEBUG",8,100000,pito,owned_delete,ecs_remove_owned + join,8,10,7,98.667000
aalair,"Apple M3",8,"Darwin 27.0.0 arm64","Apple LLVM 21.0.0 (clang-2100.3.34.2)"," -O3 -DNDEBUG",8,100000,pito,owned_delete,ecs_remove_owned + join,8,10,8,99.231000
aalair,"Apple M3",8,"Darwin 27.0.0 arm64","Apple LLVM 21.0.0 (clang-2100.3.34.2)"," -O3 -DNDEBUG",8,100000,pito,owned_delete,ecs_remove_owned + join,8,10,9,96.309000
aalair,"Apple M3",8,"Darwin 27.0.0 arm64","Apple LLVM 21.0.0 (clang-2100.3.34.2)"," -O3 -DNDEBUG",8,100000,pito,owned_delete,ecs_remove_owned + join,8,10,10,99.742000
aalair,"Apple M3",8,"Darwin 27.0.0 arm64","Apple LLVM 21.0.0 (clang-2100.3.34.2)"," -O3 -DNDEBUG",8,100000,pito,owned_delete,ecs_remove_owned + join,8,50,1,138.321000
aalair,"Apple M3",8,"Darwin 27.0.0 arm64","Apple LLVM 21.0.0 (clang-2100.3.34.2)"," -O3 -DNDEBUG",8,100000,pito,owned_delete,ecs_remove_owned + join,8,50,2,138.780000
aalair,"Apple M3",8,"Darwin 27.0.0 arm64","Apple LLVM 21.0.0 (clang-2100.3.34.2)"," -O3 -DNDEBUG",8,100000,pito,owned_delete,ecs_remove_owned + join,8,50,3,138.084000
aalair,"Apple M3",8,"Darwin 27.0.0 arm64","Apple LLVM 21.0.0 (clang-2100.3.34.2)"," -O3 -DNDEBUG",8,100000,pito,owned_delete,ecs_remove_owned + join,8,50,4,139.265000
aalair,"Apple M3",8,"Darwin 27.0.0 arm64","Apple LLVM 21.0.0 (clang-2100.3.34.2)"," -O3 -DNDEBUG",8,100000,pito,owned_delete,ecs_remove_owned + join,8,50,5,140.158000
aalair,"Apple M3",8,"Darwin 27.0.0 arm64","Apple LLVM 21.0.0 (clang-2100.3.34.2)"," -O3 -DNDEBUG",8,100000,pito,owned_delete,ecs_remove_owned + join,8,50,6,142.061000
aalair,"Apple M3",8,"Darwin 27.0.0 arm64","Apple LLVM 21.0.0 (clang-2100.3.34.2)"," -O3 -DNDEBUG",8,100000,pito,owned_delete,ecs_remove_owned + join,8,50,7,140.042000
aalair,"Apple M3",8,"Darwin 27.0.0 arm64","Apple LLVM 21.0.0 (clang-2100.3.34.2)"," -O3 -DNDEBUG",8,100000,pito,owned_delete,ecs_remove_owned + join,8,50,8,141.489000
aalair,"Apple M3",8,"Darwin 27.0.0 arm64","Apple LLVM 21.0.0 (clang-2100.3.34.2)"," -O3 -DNDEBUG",8,100000,pito,owned_delete,ecs_remove_owned + join,8,50,9,140.497000
aalair,"Apple M3",8,"Darwin 27.0.0 arm64","Apple LLVM 21.0.0 (clang-2100.3.34.2)"," -O3 -DNDEBUG",8,100000,pito,owned_delete,ecs_remove_owned + join,8,50,10,139.125000
aalair,"Apple M3",8,"Darwin 27.0.0 arm64","Apple LLVM 21.0.0 (clang-2100.3.34.2)"," -O3 -DNDEBUG",8,100000,pito,owned_delete,ecs_remove_owned + join,8,500,1,265.904000
aalair,"Apple M3",8,"Darwin 27.0.0 arm64","Apple LLVM 21.0.0 (clang-2100.3.34.2)"," -O3 -DNDEBUG",8,100000,pito,owned_delete,ecs_remove_owned + join,8,500,2,266.298000
aalair,"Apple M3",8,"Darwin 27.0.0 arm64","Apple LLVM 21.0.0 (clang-2100.3.34.2)"," -O3 -DNDEBUG",8,100000,pito,owned_delete,ecs_remove_owned + join,8,500,3,264.212000
aalair,"Apple M3",8,"Darwin 27.0.0 arm64","Apple LLVM 21.0.0 (clang-2100.3.34.2)"," -O3 -DNDEBUG",8,100000,pito,owned_delete,ecs_remove_owned + join,8,500,4,268.237000
aalair,"Apple M3",8,"Darwin 27.0.0 arm64","Apple LLVM 21.0.0 (clang-2100.3.34.2)"," -O3 -DNDEBUG",8,100000,pito,owned_delete,ecs_remove_owned + join,8,500,5,265.507000
aalair,"Apple M3",8,"Darwin 27.0.0 arm64","Apple LLVM 21.0.0 (clang-2100.3.34.2)"," -O3 -DNDEBUG",8,100000,pito,owned_delete,ecs_remove_owned + join,8,500,6,262.910000
aalair,"Apple M3",8,"Darwin 27.0.0 arm64","Apple LLVM 21.0.0 (clang-2100.3.34.2)"," -O3 -DNDEBUG",8,100000,pito,owned_delete,ecs_remove_owned + join,8,500,7,266.033000
aalair,"Apple M3",8,"Darwin 27.0.0 arm64","Apple LLVM 21.0.0 (clang-2100.3.34.2)"," -O3 -DNDEBUG",8,100000,pito,owned_delete,ecs_remove_owned + join,8,500,8,266.254000
aalair,"Apple M3",8,"Darwin 27.0.0 arm64","Apple LLVM 21.0.0 (clang-2100.3.34.2)"," -O3 -DNDEBUG",8,100000,pito,owned_delete,ecs_remove_owned + join,8,500,9,263.327000
aalair,"Apple M3",8,"Darwin 27.0.0 arm64","Apple LLVM 21.0.0 (clang-2100.3.34.2)"," -O3 -DNDEBUG",8,100000,pito,owned_delete,ecs_remove_owned + join,8,500,10,269.965000
aalair,"Apple M3",8,"Darwin 27.0.0 arm64","Apple LLVM 21.0.0 (clang-2100.3.34.2)"," -O3 -DNDEBUG -DPITO_ECS_OWNED_DELETE_ATOMIC=1",8,100000,pito,owned_delete,ecs_remove_owned,1,0,1,11.126000
aalair,"Apple M3",8,"Darwin 27.0.0 arm64","Apple LLVM 21.0.0 (clang-2100.3.34.2)"," -O3 -DNDEBUG -DPITO_ECS_OWNED_DELETE_ATOMIC=1",8,100000,pito,owned_delete,ecs_remove_owned,1,0,2,11.190000
aalair,"Apple M3",8,"Darwin 27.0.0 arm64","Apple LLVM 21.0.0 (clang-2100.3.34.2)"," -O3 -DNDEBUG -DPITO_ECS_OWNED_DELETE_ATOMIC=1",8,100000,pito,owned_delete,ecs_remove_owned,1,0,3,11.152000
aalair,"Apple M3",8,"Darwin 27.0.0 arm64","Apple LLVM 21.0.0 (clang-2100.3.34.2)"," -O3 -DNDEBUG -DPITO_ECS_OWNED_DELETE_ATOMIC=1",8,100000,pito,owned_delete,ecs_remove_owned,1,0,4,11.327000
aalair,"Apple M3",8,"Darwin 27.0.0 arm64","Apple LLVM 21.0.0 (clang-2100.3.34.2)"," -O3 -DNDEBUG -DPITO_ECS_OWNED_DELETE_ATOMIC=1",8,100000,pito,owned_delete,ecs_remove_owned,1,0,5,11.362000
aalair,"Apple M3",8,"Darwin 27.0.0 arm64","Apple LLVM 21.0.0 (clang-2100.3.34.2)"," -O3 -DNDEBUG -DPITO_ECS_OWNED_DELETE_ATOMIC=1",8,100000,pito,owned_delete,ecs_remove_owned,1,0,6,11.411000
aalair,"Apple M3",8,"Darwin 27.0.0 arm64","Apple LLVM 21.0.0 (clang-2100.3.34.2)"," -O3 -DNDEBUG -DPITO_ECS_OWNED_DELETE_ATOMIC=1",8,100000,pito,owned_delete,ecs_remove_owned,1,0,7,11.321000
aalair,"Apple M3",8,"Darwin 27.0.0 arm64","Apple LLVM 21.0.0 (clang-2100.3.34.2)"," -O3 -DNDEBUG -DPITO_ECS_OWNED_DELETE_ATOMIC=1",8,100000,pito,owned_delete,ecs_remove_owned,1,0,8,11.137000
aalair,"Apple M3",8,"Darwin 27.0.0 arm64","Apple LLVM 21.0.0 (clang-2100.3.34.2)"," -O3 -DNDEBUG -DPITO_ECS_OWNED_DELETE_ATOMIC=1",8,100000,pito,owned_delete,ecs_remove_owned,1,0,9,11.231000
aalair,"Apple M3",8,"Darwin 27.0.0 arm64","Apple LLVM 21.0.0 (clang-2100.3.34.2)"," -O3 -DNDEBUG -DPITO_ECS_OWNED_DELETE_ATOMIC=1",8,100000,pito,owned_delete,ecs_remove_owned,1,0,10,11.376000
aalair,"Apple M3",8,"Darwin 27.0.0 arm64","Apple LLVM 21.0.0 (clang-2100.3.34.2)"," -O3 -DNDEBUG -DPITO_ECS_OWNED_DELETE_ATOMIC=1",8,100000,pito,owned_delete,ecs_remove_owned,1,10,1,13.309000
aalair,"Apple M3",8,"Darwin 27.0.0 arm64","Apple LLVM 21.0.0 (clang-2100.3.34.2)"," -O3 -DNDEBUG -DPITO_ECS_OWNED_DELETE_ATOMIC=1",8,100000,pito,owned_delete,ecs_remove_owned,1,10,2,13.343000
aalair,"Apple M3",8,"Darwin 27.0.0 arm64","Apple LLVM 21.0.0 (clang-2100.3.34.2)"," -O3 -DNDEBUG -DPITO_ECS_OWNED_DELETE_ATOMIC=1",8,100000,pito,owned_delete,ecs_remove_owned,1,10,3,13.620000
aalair,"Apple M3",8,"Darwin 27.0.0 arm64","Apple LLVM 21.0.0 (clang-2100.3.34.2)"," -O3 -DNDEBUG -DPITO_ECS_OWNED_DELETE_ATOMIC=1",8,100000,pito,owned_delete,ecs_remove_owned,1,10,4,13.470000
aalair,"Apple M3",8,"Darwin 27.0.0 arm64","Apple LLVM 21.0.0 (clang-2100.3.34.2)"," -O3 -DNDEBUG -DPITO_ECS_OWNED_DELETE_ATOMIC=1",8,100000,pito,owned_delete,ecs_remove_owned,1,10,5,13.536000
aalair,"Apple M3",8,"Darwin 27.0.0 arm64","Apple LLVM 21.0.0 (clang-2100.3.34.2)"," -O3 -DNDEBUG -DPITO_ECS_OWNED_DELETE_ATOMIC=1",8,100000,pito,owned_delete,ecs_remove_owned,1,10,6,13.315000
aalair,"Apple M3",8,"Darwin 27.0.0 arm64","Apple LLVM 21.0.0 (clang-2100.3.34.2)"," -O3 -DNDEBUG -DPITO_ECS_OWNED_DELETE_ATOMIC=1",8,100000,pito,owned_delete,ecs_remove_owned,1,10,7,13.416000
aalair,"Apple M3",8,"Darwin 27.0.0 arm64","Apple LLVM 21.0.0 (clang-2100.3.34.2)"," -O3 -DNDEBUG -DPITO_ECS_OWNED_DELETE_ATOMIC=1",8,100000,pito,owned_delete,ecs_remove_owned,1,10,8,13.333000
aalair,"Apple M3",8,"Darwin 27.0.0 arm64","Apple LLVM 21.0.0 (clang-2100.3.34.2)"," -O3 -DNDEBUG -DPITO_ECS_OWNED_DELETE_ATOMIC=1",8,100000,pito,owned_delete,ecs_remove_owned,1,10,9,13.318000
aalair,"Apple M3",8,"Darwin 27.0.0 arm64","Apple LLVM 21.0.0 (clang-2100.3.34.2)"," -O3 -DNDEBUG -DPITO_ECS_OWNED_DELETE_ATOMIC=1",8,100000,pito,owned_delete,ecs_remove_owned,1,10,10,13.338000
aalair,"Apple M3",8,"Darwin 27.0.0 arm64","Apple LLVM 21.0.0 (clang-2100.3.34.2)"," -O3 -DNDEBUG -DPITO_ECS_OWNED_DELETE_ATOMIC=1",8,100000,pito,owned_delete,ecs_remove_owned,1,50,1,30.433000
aalair,"Apple M3",8,"Darwin 27.0.0 arm64","Apple LLVM 21.0.0 (clang-2100.3.34.2)"," -O3 -DNDEBUG -DPITO_ECS_OWNED_DELETE_ATOMIC=1",8,100000,pito,owned_delete,ecs_remove_owned,1,50,2,30.430000
aalair,"Apple M3",8,"Darwin 27.0.0 arm64","Apple LLVM 21.0.0 (clang-2100.3.34.2)"," -O3 -DNDEBUG -DPITO_ECS_OWNED_DELETE_ATOMIC=1",8,100000,pito,owned_delete,ecs_remove_owned,1,50,3,30.442000
aalair,"Apple M3",8,"Darwin 27.0.0 arm64","Apple LLVM 21.0.0 (clang-2100.3.34.2)"," -O3 -DNDEBUG -DPITO_ECS_OWNED_DELETE_ATOMIC=1",8,100000,pito,owned_delete,ecs_remove_owned,1,50,4,30.456000
aalair,"Apple M3",8,"Darwin 27.0.0 arm64","Apple LLVM 21.0.0 (clang-2100.3.34.2)"," -O3 -DNDEBUG -DPITO_ECS_OWNED_DELETE_ATOMIC=1",8,100000,pito,owned_delete,ecs_remove_owned,1,50,5,30.436000
aalair,"Apple M3",8,"Darwin 27.0.0 arm64","Apple LLVM 21.0.0 (clang-2100.3.34.2)"," -O3 -DNDEBUG -DPITO_ECS_OWNED_DELETE_ATOMIC=1",8,100000,pito,owned_delete,ecs_remove_owned,1,50,6,30.448000
aalair,"Apple M3",8,"Darwin 27.0.0 arm64","Apple LLVM 21.0.0 (clang-2100.3.34.2)"," -O3 -DNDEBUG -DPITO_ECS_OWNED_DELETE_ATOMIC=1",8,100000,pito,owned_delete,ecs_remove_owned,1,50,7,30.393000
aalair,"Apple M3",8,"Darwin 27.0.0 arm64","Apple LLVM 21.0.0 (clang-2100.3.34.2)"," -O3 -DNDEBUG -DPITO_ECS_OWNED_DELETE_ATOMIC=1",8,100000,pito,owned_delete,ecs_remove_owned,1,50,8,30.396000
aalair,"Apple M3",8,"Darwin 27.0.0 arm64","Apple LLVM 21.0.0 (clang-2100.3.34.2)"," -O3 -DNDEBUG -DPITO_ECS_OWNED_DELETE_ATOMIC=1",8,100000,pito,owned_delete,ecs_remove_owned,1,50,9,30.405000
aalair,"Apple M3",8,"Darwin 27.0.0 arm64","Apple LLVM 21.0.0 (clang-2100.3.34.2)"," -O3 -DNDEBUG -DPITO_ECS_OWNED_DELETE_ATOMIC=1",8,100000,pito,owned_delete,ecs_remove_owned,1,50,10,30.409000
aalair,"Apple M3",8,"Darwin 27.0.0 arm64","Apple LLVM 21.0.0 (clang-2100.3.34.2)"," -O3 -DNDEBUG -DPITO_ECS_OWNED_DELETE_ATOMIC=1",8,100000,pito,owned_delete,ecs_remove_owned,1,500,1,367.962000
aalair,"Apple M3",8,"Darwin 27.0.0 arm64","Apple LLVM 21.0.0 (clang-2100.3.34.2)"," -O3 -DNDEBUG -DPITO_ECS_OWNED_DELETE_ATOMIC=1",8,100000,pito,owned_delete,ecs_remove_owned,1,500,2,367.815000
aalair,"Apple M3",8,"Darwin 27.0.0 arm64","Apple LLVM 21.0.0 (clang-2100.3.34.2)"," -O3 -DNDEBUG -DPITO_ECS_OWNED_DELETE_ATOMIC=1",8,100000,pito,owned_delete,ecs_remove_owned,1,500,3,368.965000
aalair,"Apple M3",8,"Darwin 27.0.0 arm64","Apple LLVM 21.0.0 (clang-2100.3.34.2)"," -O3 -DNDEBUG -DPITO_ECS_OWNED_DELETE_ATOMIC=1",8,100000,pito,owned_delete,ecs_remove_owned,1,500,4,367.480000
aalair,"Apple M3",8,"Darwin 27.0.0 arm64","Apple LLVM 21.0.0 (clang-2100.3.34.2)"," -O3 -DNDEBUG -DPITO_ECS_OWNED_DELETE_ATOMIC=1",8,100000,pito,owned_delete,ecs_remove_owned,1,500,5,368.006000
aalair,"Apple M3",8,"Darwin 27.0.0 arm64","Apple LLVM 21.0.0 (clang-2100.3.34.2)"," -O3 -DNDEBUG -DPITO_ECS_OWNED_DELETE_ATOMIC=1",8,100000,pito,owned_delete,ecs_remove_owned,1,500,6,367.357000
aalair,"Apple M3",8,"Darwin 27.0.0 arm64","Apple LLVM 21.0.0 (clang-2100.3.34.2)"," -O3 -DNDEBUG -DPITO_ECS_OWNED_DELETE_ATOMIC=1",8,100000,pito,owned_delete,ecs_remove_owned,1,500,7,367.585000
aalair,"Apple M3",8,"Darwin 27.0.0 arm64","Apple LLVM 21.0.0 (clang-2100.3.34.2)"," -O3 -DNDEBUG -DPITO_ECS_OWNED_DELETE_ATOMIC=1",8,100000,pito,owned_delete,ecs_remove_owned,1,500,8,367.404000
aalair,"Apple M3",8,"Darwin 27.0.0 arm64","Apple LLVM 21.0.0 (clang-2100.3.34.2)"," -O3 -DNDEBUG -DPITO_ECS_OWNED_DELETE_ATOMIC=1",8,100000,pito,owned_delete,ecs_remove_owned,1,500,9,367.399000
aalair,"Apple M3",8,"Darwin 27.0.0 arm64","Apple LLVM 21.0.0 (clang-2100.3.34.2)"," -O3 -DNDEBUG -DPITO_ECS_OWNED_DELETE_ATOMIC=1",8,100000,pito,owned_delete,ecs_remove_owned,1,500,10,367.524000
aalair,"Apple M3",8,"Darwin 27.0.0 arm64","Apple LLVM 21.0.0 (clang-2100.3.34.2)"," -O3 -DNDEBUG -DPITO_ECS_OWNED_DELETE_ATOMIC=1",8,100000,pito,owned_delete,ecs_remove_owned,2,0,1,6.086000
aalair,"Apple M3",8,"Darwin 27.0.0 arm64","Apple LLVM 21.0.0 (clang-2100.3.34.2)"," -O3 -DNDEBUG -DPITO_ECS_OWNED_DELETE_ATOMIC=1",8,100000,pito,owned_delete,ecs_remove_owned,2,0,2,5.970000
aalair,"Apple M3",8,"Darwin 27.0.0 arm64","Apple LLVM 21.0.0 (clang-2100.3.34.2)"," -O3 -DNDEBUG -DPITO_ECS_OWNED_DELETE_ATOMIC=1",8,100000,pito,owned_delete,ecs_remove_owned,2,0,3,5.865000
aalair,"Apple M3",8,"Darwin 27.0.0 arm64","Apple LLVM 21.0.0 (clang-2100.3.34.2)"," -O3 -DNDEBUG -DPITO_ECS_OWNED_DELETE_ATOMIC=1",8,100000,pito,owned_delete,ecs_remove_owned,2,0,4,5.849000
aalair,"Apple M3",8,"Darwin 27.0.0 arm64","Apple LLVM 21.0.0 (clang-2100.3.34.2)"," -O3 -DNDEBUG -DPITO_ECS_OWNED_DELETE_ATOMIC=1",8,100000,pito,owned_delete,ecs_remove_owned,2,0,5,6.448000
aalair,"Apple M3",8,"Darwin 27.0.0 arm64","Apple LLVM 21.0.0 (clang-2100.3.34.2)"," -O3 -DNDEBUG -DPITO_ECS_OWNED_DELETE_ATOMIC=1",8,100000,pito,owned_delete,ecs_remove_owned,2,0,6,6.147000
aalair,"Apple M3",8,"Darwin 27.0.0 arm64","Apple LLVM 21.0.0 (clang-2100.3.34.2)"," -O3 -DNDEBUG -DPITO_ECS_OWNED_DELETE_ATOMIC=1",8,100000,pito,owned_delete,ecs_remove_owned,2,0,7,6.109000
aalair,"Apple M3",8,"Darwin 27.0.0 arm64","Apple LLVM 21.0.0 (clang-2100.3.34.2)"," -O3 -DNDEBUG -DPITO_ECS_OWNED_DELETE_ATOMIC=1",8,100000,pito,owned_delete,ecs_remove_owned,2,0,8,6.186000
aalair,"Apple M3",8,"Darwin 27.0.0 arm64","Apple LLVM 21.0.0 (clang-2100.3.34.2)"," -O3 -DNDEBUG -DPITO_ECS_OWNED_DELETE_ATOMIC=1",8,100000,pito,owned_delete,ecs_remove_owned,2,0,9,6.532000
aalair,"Apple M3",8,"Darwin 27.0.0 arm64","Apple LLVM 21.0.0 (clang-2100.3.34.2)"," -O3 -DNDEBUG -DPITO_ECS_OWNED_DELETE_ATOMIC=1",8,100000,pito,owned_delete,ecs_remove_owned,2,0,10,6.354000
aalair,"Apple M3",8,"Darwin 27.0.0 arm64","Apple LLVM 21.0.0 (clang-2100.3.34.2)"," -O3 -DNDEBUG -DPITO_ECS_OWNED_DELETE_ATOMIC=1",8,100000,pito,owned_delete,ecs_remove_owned,2,0,11,6.265000
aalair,"Apple M3",8,"Darwin 27.0.0 arm64","Apple LLVM 21.0.0 (clang-2100.3.34.2)"," -O3 -DNDEBUG -DPITO_ECS_OWNED_DELETE_ATOMIC=1",8,100000,pito,owned_delete,ecs_remove_owned,2,10,1,6.927000
aalair,"Apple M3",8,"Darwin 27.0.0 arm64","Apple LLVM 21.0.0 (clang-2100.3.34.2)"," -O3 -DNDEBUG -DPITO_ECS_OWNED_DELETE_ATOMIC=1",8,100000,pito,owned_delete,ecs_remove_owned,2,10,2,6.948000
aalair,"Apple M3",8,"Darwin 27.0.0 arm64","Apple LLVM 21.0.0 (clang-2100.3.34.2)"," -O3 -DNDEBUG -DPITO_ECS_OWNED_DELETE_ATOMIC=1",8,100000,pito,owned_delete,ecs_remove_owned,2,10,3,6.984000
aalair,"Apple M3",8,"Darwin 27.0.0 arm64","Apple LLVM 21.0.0 (clang-2100.3.34.2)"," -O3 -DNDEBUG -DPITO_ECS_OWNED_DELETE_ATOMIC=1",8,100000,pito,owned_delete,ecs_remove_owned,2,10,4,7.245000
aalair,"Apple M3",8,"Darwin 27.0.0 arm64","Apple LLVM 21.0.0 (clang-2100.3.34.2)"," -O3 -DNDEBUG -DPITO_ECS_OWNED_DELETE_ATOMIC=1",8,100000,pito,owned_delete,ecs_remove_owned,2,10,5,7.339000
aalair,"Apple M3",8,"Darwin 27.0.0 arm64","Apple LLVM 21.0.0 (clang-2100.3.34.2)"," -O3 -DNDEBUG -DPITO_ECS_OWNED_DELETE_ATOMIC=1",8,100000,pito,owned_delete,ecs_remove_owned,2,10,6,7.275000
aalair,"Apple M3",8,"Darwin 27.0.0 arm64","Apple LLVM 21.0.0 (clang-2100.3.34.2)"," -O3 -DNDEBUG -DPITO_ECS_OWNED_DELETE_ATOMIC=1",8,100000,pito,owned_delete,ecs_remove_owned,2,10,7,7.284000
aalair,"Apple M3",8,"Darwin 27.0.0 arm64","Apple LLVM 21.0.0 (clang-2100.3.34.2)"," -O3 -DNDEBUG -DPITO_ECS_OWNED_DELETE_ATOMIC=1",8,100000,pito,owned_delete,ecs_remove_owned,2,10,8,7.181000
aalair,"Apple M3",8,"Darwin 27.0.0 arm64","Apple LLVM 21.0.0 (clang-2100.3.34.2)"," -O3 -DNDEBUG -DPITO_ECS_OWNED_DELETE_ATOMIC=1",8,100000,pito,owned_delete,ecs_remove_owned,2,10,9,6.969000
aalair,"Apple M3",8,"Darwin 27.0.0 arm64","Apple LLVM 21.0.0 (clang-2100.3.34.2)"," -O3 -DNDEBUG -DPITO_ECS_OWNED_DELETE_ATOMIC=1",8,100000,pito,owned_delete,ecs_remove_owned,2,10,10,6.958000
aalair,"Apple M3",8,"Darwin 27.0.0 arm64","Apple LLVM 21.0.0 (clang-2100.3.34.2)"," -O3 -DNDEBUG -DPITO_ECS_OWNED_DELETE_ATOMIC=1",8,100000,pito,owned_delete,ecs_remove_owned,2,50,1,16.151000
aalair,"Apple M3",8,"Darwin 27.0.0 arm64","Apple LLVM 21.0.0 (clang-2100.3.34.2)"," -O3 -DNDEBUG -DPITO_ECS_OWNED_DELETE_ATOMIC=1",8,100000,pito,owned_delete,ecs_remove_owned,2,50,2,15.784000
aalair,"Apple M3",8,"Darwin 27.0.0 arm64","Apple LLVM 21.0.0 (clang-2100.3.34.2)"," -O3 -DNDEBUG -DPITO_ECS_OWNED_DELETE_ATOMIC=1",8,100000,pito,owned_delete,ecs_remove_owned,2,50,3,16.108000
aalair,"Apple M3",8,"Darwin 27.0.0 arm64","Apple LLVM 21.0.0 (clang-2100.3.34.2)"," -O3 -DNDEBUG -DPITO_ECS_OWNED_DELETE_ATOMIC=1",8,100000,pito,owned_delete,ecs_remove_owned,2,50,4,16.024000
aalair,"Apple M3",8,"Darwin 27.0.0 arm64","Apple LLVM 21.0.0 (clang-2100.3.34.2)"," -O3 -DNDEBUG -DPITO_ECS_OWNED_DELETE_ATOMIC=1",8,100000,pito,owned_delete,ecs_remove_owned,2,50,5,15.707000
aalair,"Apple M3",8,"Darwin 27.0.0 arm64","Apple LLVM 21.0.0 (clang-2100.3.34.2)"," -O3 -DNDEBUG -DPITO_ECS_OWNED_DELETE_ATOMIC=1",8,100000,pito,owned_delete,ecs_remove_owned,2,50,6,15.941000
aalair,"Apple M3",8,"Darwin 27.0.0 arm64","Apple LLVM 21.0.0 (clang-2100.3.34.2)"," -O3 -DNDEBUG -DPITO_ECS_OWNED_DELETE_ATOMIC=1",8,100000,pito,owned_delete,ecs_remove_owned,2,50,7,16.119000
aalair,"Apple M3",8,"Darwin 27.0.0 arm64","Apple LLVM 21.0.0 (clang-2100.3.34.2)"," -O3 -DNDEBUG -DPITO_ECS_OWNED_DELETE_ATOMIC=1",8,100000,pito,owned_delete,ecs_remove_owned,2,50,8,16.183000
aalair,"Apple M3",8,"Darwin 27.0.0 arm64","Apple LLVM 21.0.0 (clang-2100.3.34.2)"," -O3 -DNDEBUG -DPITO_ECS_OWNED_DELETE_ATOMIC=1",8,100000,pito,owned_delete,ecs_remove_owned,2,50,9,16.085000
aalair,"Apple M3",8,"Darwin 27.0.0 arm64","Apple LLVM 21.0.0 (clang-2100.3.34.2)"," -O3 -DNDEBUG -DPITO_ECS_OWNED_DELETE_ATOMIC=1",8,100000,pito,owned_delete,ecs_remove_owned,2,50,10,15.705000
aalair,"Apple M3",8,"Darwin 27.0.0 arm64","Apple LLVM 21.0.0 (clang-2100.3.34.2)"," -O3 -DNDEBUG -DPITO_ECS_OWNED_DELETE_ATOMIC=1",8,100000,pito,owned_delete,ecs_remove_owned,2,500,1,189.993000
aalair,"Apple M3",8,"Darwin 27.0.0 arm64","Apple LLVM 21.0.0 (clang-2100.3.34.2)"," -O3 -DNDEBUG -DPITO_ECS_OWNED_DELETE_ATOMIC=1",8,100000,pito,owned_delete,ecs_remove_owned,2,500,2,190.128000
aalair,"Apple M3",8,"Darwin 27.0.0 arm64","Apple LLVM 21.0.0 (clang-2100.3.34.2)"," -O3 -DNDEBUG -DPITO_ECS_OWNED_DELETE_ATOMIC=1",8,100000,pito,owned_delete,ecs_remove_owned,2,500,3,190.285000
aalair,"Apple M3",8,"Darwin 27.0.0 arm64","Apple LLVM 21.0.0 (clang-2100.3.34.2)"," -O3 -DNDEBUG -DPITO_ECS_OWNED_DELETE_ATOMIC=1",8,100000,pito,owned_delete,ecs_remove_owned,2,500,4,189.942000
aalair,"Apple M3",8,"Darwin 27.0.0 arm64","Apple LLVM 21.0.0 (clang-2100.3.34.2)"," -O3 -DNDEBUG -DPITO_ECS_OWNED_DELETE_ATOMIC=1",8,100000,pito,owned_delete,ecs_remove_owned,2,500,5,190.492000
aalair,"Apple M3",8,"Darwin 27.0.0 arm64","Apple LLVM 21.0.0 (clang-2100.3.34.2)"," -O3 -DNDEBUG -DPITO_ECS_OWNED_DELETE_ATOMIC=1",8,100000,pito,owned_delete,ecs_remove_owned,2,500,6,191.090000
aalair,"Apple M3",8,"Darwin 27.0.0 arm64","Apple LLVM 21.0.0 (clang-2100.3.34.2)"," -O3 -DNDEBUG -DPITO_ECS_OWNED_DELETE_ATOMIC=1",8,100000,pito,owned_delete,ecs_remove_owned,2,500,7,190.367000
aalair,"Apple M3",8,"Darwin 27.0.0 arm64","Apple LLVM 21.0.0 (clang-2100.3.34.2)"," -O3 -DNDEBUG -DPITO_ECS_OWNED_DELETE_ATOMIC=1",8,100000,pito,owned_delete,ecs_remove_owned,2,500,8,190.229000
aalair,"Apple M3",8,"Darwin 27.0.0 arm64","Apple LLVM 21.0.0 (clang-2100.3.34.2)"," -O3 -DNDEBUG -DPITO_ECS_OWNED_DELETE_ATOMIC=1",8,100000,pito,owned_delete,ecs_remove_owned,2,500,9,189.947000
aalair,"Apple M3",8,"Darwin 27.0.0 arm64","Apple LLVM 21.0.0 (clang-2100.3.34.2)"," -O3 -DNDEBUG -DPITO_ECS_OWNED_DELETE_ATOMIC=1",8,100000,pito,owned_delete,ecs_remove_owned,2,500,10,190.418000
aalair,"Apple M3",8,"Darwin 27.0.0 arm64","Apple LLVM 21.0.0 (clang-2100.3.34.2)"," -O3 -DNDEBUG -DPITO_ECS_OWNED_DELETE_ATOMIC=1",8,100000,pito,owned_delete,ecs_remove_owned,4,0,1,3.538000
aalair,"Apple M3",8,"Darwin 27.0.0 arm64","Apple LLVM 21.0.0 (clang-2100.3.34.2)"," -O3 -DNDEBUG -DPITO_ECS_OWNED_DELETE_ATOMIC=1",8,100000,pito,owned_delete,ecs_remove_owned,4,0,2,3.255000
aalair,"Apple M3",8,"Darwin 27.0.0 arm64","Apple LLVM 21.0.0 (clang-2100.3.34.2)"," -O3 -DNDEBUG -DPITO_ECS_OWNED_DELETE_ATOMIC=1",8,100000,pito,owned_delete,ecs_remove_owned,4,0,3,3.388000
aalair,"Apple M3",8,"Darwin 27.0.0 arm64","Apple LLVM 21.0.0 (clang-2100.3.34.2)"," -O3 -DNDEBUG -DPITO_ECS_OWNED_DELETE_ATOMIC=1",8,100000,pito,owned_delete,ecs_remove_owned,4,0,4,3.221000
aalair,"Apple M3",8,"Darwin 27.0.0 arm64","Apple LLVM 21.0.0 (clang-2100.3.34.2)"," -O3 -DNDEBUG -DPITO_ECS_OWNED_DELETE_ATOMIC=1",8,100000,pito,owned_delete,ecs_remove_owned,4,0,5,3.290000
aalair,"Apple M3",8,"Darwin 27.0.0 arm64","Apple LLVM 21.0.0 (clang-2100.3.34.2)"," -O3 -DNDEBUG -DPITO_ECS_OWNED_DELETE_ATOMIC=1",8,100000,pito,owned_delete,ecs_remove_owned,4,0,6,3.314000
aalair,"Apple M3",8,"Darwin 27.0.0 arm64","Apple LLVM 21.0.0 (clang-2100.3.34.2)"," -O3 -DNDEBUG -DPITO_ECS_OWNED_DELETE_ATOMIC=1",8,100000,pito,owned_delete,ecs_remove_owned,4,0,7,3.487000
aalair,"Apple M3",8,"Darwin 27.0.0 arm64","Apple LLVM 21.0.0 (clang-2100.3.34.2)"," -O3 -DNDEBUG -DPITO_ECS_OWNED_DELETE_ATOMIC=1",8,100000,pito,owned_delete,ecs_remove_owned,4,0,8,3.292000
aalair,"Apple M3",8,"Darwin 27.0.0 arm64","Apple LLVM 21.0.0 (clang-2100.3.34.2)"," -O3 -DNDEBUG -DPITO_ECS_OWNED_DELETE_ATOMIC=1",8,100000,pito,owned_delete,ecs_remove_owned,4,0,9,3.469000
aalair,"Apple M3",8,"Darwin 27.0.0 arm64","Apple LLVM 21.0.0 (clang-2100.3.34.2)"," -O3 -DNDEBUG -DPITO_ECS_OWNED_DELETE_ATOMIC=1",8,100000,pito,owned_delete,ecs_remove_owned,4,0,10,3.361000
aalair,"Apple M3",8,"Darwin 27.0.0 arm64","Apple LLVM 21.0.0 (clang-2100.3.34.2)"," -O3 -DNDEBUG -DPITO_ECS_OWNED_DELETE_ATOMIC=1",8,100000,pito,owned_delete,ecs_remove_owned,4,0,11,3.480000
aalair,"Apple M3",8,"Darwin 27.0.0 arm64","Apple LLVM 21.0.0 (clang-2100.3.34.2)"," -O3 -DNDEBUG -DPITO_ECS_OWNED_DELETE_ATOMIC=1",8,100000,pito,owned_delete,ecs_remove_owned,4,10,1,4.451000
aalair,"Apple M3",8,"Darwin 27.0.0 arm64","Apple LLVM 21.0.0 (clang-2100.3.34.2)"," -O3 -DNDEBUG -DPITO_ECS_OWNED_DELETE_ATOMIC=1",8,100000,pito,owned_delete,ecs_remove_owned,4,10,2,4.023000
aalair,"Apple M3",8,"Darwin 27.0.0 arm64","Apple LLVM 21.0.0 (clang-2100.3.34.2)"," -O3 -DNDEBUG -DPITO_ECS_OWNED_DELETE_ATOMIC=1",8,100000,pito,owned_delete,ecs_remove_owned,4,10,3,4.327000
aalair,"Apple M3",8,"Darwin 27.0.0 arm64","Apple LLVM 21.0.0 (clang-2100.3.34.2)"," -O3 -DNDEBUG -DPITO_ECS_OWNED_DELETE_ATOMIC=1",8,100000,pito,owned_delete,ecs_remove_owned,4,10,4,4.421000
aalair,"Apple M3",8,"Darwin 27.0.0 arm64","Apple LLVM 21.0.0 (clang-2100.3.34.2)"," -O3 -DNDEBUG -DPITO_ECS_OWNED_DELETE_ATOMIC=1",8,100000,pito,owned_delete,ecs_remove_owned,4,10,5,4.331000
aalair,"Apple M3",8,"Darwin 27.0.0 arm64","Apple LLVM 21.0.0 (clang-2100.3.34.2)"," -O3 -DNDEBUG -DPITO_ECS_OWNED_DELETE_ATOMIC=1",8,100000,pito,owned_delete,ecs_remove_owned,4,10,6,4.084000
aalair,"Apple M3",8,"Darwin 27.0.0 arm64","Apple LLVM 21.0.0 (clang-2100.3.34.2)"," -O3 -DNDEBUG -DPITO_ECS_OWNED_DELETE_ATOMIC=1",8,100000,pito,owned_delete,ecs_remove_owned,4,10,7,4.380000
aalair,"Apple M3",8,"Darwin 27.0.0 arm64","Apple LLVM 21.0.0 (clang-2100.3.34.2)"," -O3 -DNDEBUG -DPITO_ECS_OWNED_DELETE_ATOMIC=1",8,100000,pito,owned_delete,ecs_remove_owned,4,10,8,4.163000
aalair,"Apple M3",8,"Darwin 27.0.0 arm64","Apple LLVM 21.0.0 (clang-2100.3.34.2)"," -O3 -DNDEBUG -DPITO_ECS_OWNED_DELETE_ATOMIC=1",8,100000,pito,owned_delete,ecs_remove_owned,4,10,9,4.140000
aalair,"Apple M3",8,"Darwin 27.0.0 arm64","Apple LLVM 21.0.0 (clang-2100.3.34.2)"," -O3 -DNDEBUG -DPITO_ECS_OWNED_DELETE_ATOMIC=1",8,100000,pito,owned_delete,ecs_remove_owned,4,10,10,4.152000
aalair,"Apple M3",8,"Darwin 27.0.0 arm64","Apple LLVM 21.0.0 (clang-2100.3.34.2)"," -O3 -DNDEBUG -DPITO_ECS_OWNED_DELETE_ATOMIC=1",8,100000,pito,owned_delete,ecs_remove_owned,4,10,11,4.225000
aalair,"Apple M3",8,"Darwin 27.0.0 arm64","Apple LLVM 21.0.0 (clang-2100.3.34.2)"," -O3 -DNDEBUG -DPITO_ECS_OWNED_DELETE_ATOMIC=1",8,100000,pito,owned_delete,ecs_remove_owned,4,50,1,8.604000
aalair,"Apple M3",8,"Darwin 27.0.0 arm64","Apple LLVM 21.0.0 (clang-2100.3.34.2)"," -O3 -DNDEBUG -DPITO_ECS_OWNED_DELETE_ATOMIC=1",8,100000,pito,owned_delete,ecs_remove_owned,4,50,2,8.648000
aalair,"Apple M3",8,"Darwin 27.0.0 arm64","Apple LLVM 21.0.0 (clang-2100.3.34.2)"," -O3 -DNDEBUG -DPITO_ECS_OWNED_DELETE_ATOMIC=1",8,100000,pito,owned_delete,ecs_remove_owned,4,50,3,9.020000
aalair,"Apple M3",8,"Darwin 27.0.0 arm64","Apple LLVM 21.0.0 (clang-2100.3.34.2)"," -O3 -DNDEBUG -DPITO_ECS_OWNED_DELETE_ATOMIC=1",8,100000,pito,owned_delete,ecs_remove_owned,4,50,4,8.889000
aalair,"Apple M3",8,"Darwin 27.0.0 arm64","Apple LLVM 21.0.0 (clang-2100.3.34.2)"," -O3 -DNDEBUG -DPITO_ECS_OWNED_DELETE_ATOMIC=1",8,100000,pito,owned_delete,ecs_remove_owned,4,50,5,9.064000
aalair,"Apple M3",8,"Darwin 27.0.0 arm64","Apple LLVM 21.0.0 (clang-2100.3.34.2)"," -O3 -DNDEBUG -DPITO_ECS_OWNED_DELETE_ATOMIC=1",8,100000,pito,owned_delete,ecs_remove_owned,4,50,6,8.603000
aalair,"Apple M3",8,"Darwin 27.0.0 arm64","Apple LLVM 21.0.0 (clang-2100.3.34.2)"," -O3 -DNDEBUG -DPITO_ECS_OWNED_DELETE_ATOMIC=1",8,100000,pito,owned_delete,ecs_remove_owned,4,50,7,9.025000
aalair,"Apple M3",8,"Darwin 27.0.0 arm64","Apple LLVM 21.0.0 (clang-2100.3.34.2)"," -O3 -DNDEBUG -DPITO_ECS_OWNED_DELETE_ATOMIC=1",8,100000,pito,owned_delete,ecs_remove_owned,4,50,8,8.975000
aalair,"Apple M3",8,"Darwin 27.0.0 arm64","Apple LLVM 21.0.0 (clang-2100.3.34.2)"," -O3 -DNDEBUG -DPITO_ECS_OWNED_DELETE_ATOMIC=1",8,100000,pito,owned_delete,ecs_remove_owned,4,50,9,9.033000
aalair,"Apple M3",8,"Darwin 27.0.0 arm64","Apple LLVM 21.0.0 (clang-2100.3.34.2)"," -O3 -DNDEBUG -DPITO_ECS_OWNED_DELETE_ATOMIC=1",8,100000,pito,owned_delete,ecs_remove_owned,4,50,10,8.999000
aalair,"Apple M3",8,"Darwin 27.0.0 arm64","Apple LLVM 21.0.0 (clang-2100.3.34.2)"," -O3 -DNDEBUG -DPITO_ECS_OWNED_DELETE_ATOMIC=1",8,100000,pito,owned_delete,ecs_remove_owned,4,500,1,104.092000
aalair,"Apple M3",8,"Darwin 27.0.0 arm64","Apple LLVM 21.0.0 (clang-2100.3.34.2)"," -O3 -DNDEBUG -DPITO_ECS_OWNED_DELETE_ATOMIC=1",8,100000,pito,owned_delete,ecs_remove_owned,4,500,2,103.978000
aalair,"Apple M3",8,"Darwin 27.0.0 arm64","Apple LLVM 21.0.0 (clang-2100.3.34.2)"," -O3 -DNDEBUG -DPITO_ECS_OWNED_DELETE_ATOMIC=1",8,100000,pito,owned_delete,ecs_remove_owned,4,500,3,103.815000
aalair,"Apple M3",8,"Darwin 27.0.0 arm64","Apple LLVM 21.0.0 (clang-2100.3.34.2)"," -O3 -DNDEBUG -DPITO_ECS_OWNED_DELETE_ATOMIC=1",8,100000,pito,owned_delete,ecs_remove_owned,4,500,4,103.527000
aalair,"Apple M3",8,"Darwin 27.0.0 arm64","Apple LLVM 21.0.0 (clang-2100.3.34.2)"," -O3 -DNDEBUG -DPITO_ECS_OWNED_DELETE_ATOMIC=1",8,100000,pito,owned_delete,ecs_remove_owned,4,500,5,103.904000
aalair,"Apple M3",8,"Darwin 27.0.0 arm64","Apple LLVM 21.0.0 (clang-2100.3.34.2)"," -O3 -DNDEBUG -DPITO_ECS_OWNED_DELETE_ATOMIC=1",8,100000,pito,owned_delete,ecs_remove_owned,4,500,6,103.927000
aalair,"Apple M3",8,"Darwin 27.0.0 arm64","Apple LLVM 21.0.0 (clang-2100.3.34.2)"," -O3 -DNDEBUG -DPITO_ECS_OWNED_DELETE_ATOMIC=1",8,100000,pito,owned_delete,ecs_remove_owned,4,500,7,105.048000
aalair,"Apple M3",8,"Darwin 27.0.0 arm64","Apple LLVM 21.0.0 (clang-2100.3.34.2)"," -O3 -DNDEBUG -DPITO_ECS_OWNED_DELETE_ATOMIC=1",8,100000,pito,owned_delete,ecs_remove_owned,4,500,8,103.711000
aalair,"Apple M3",8,"Darwin 27.0.0 arm64","Apple LLVM 21.0.0 (clang-2100.3.34.2)"," -O3 -DNDEBUG -DPITO_ECS_OWNED_DELETE_ATOMIC=1",8,100000,pito,owned_delete,ecs_remove_owned,4,500,9,103.907000
aalair,"Apple M3",8,"Darwin 27.0.0 arm64","Apple LLVM 21.0.0 (clang-2100.3.34.2)"," -O3 -DNDEBUG -DPITO_ECS_OWNED_DELETE_ATOMIC=1",8,100000,pito,owned_delete,ecs_remove_owned,4,500,10,103.786000
aalair,"Apple M3",8,"Darwin 27.0.0 arm64","Apple LLVM 21.0.0 (clang-2100.3.34.2)"," -O3 -DNDEBUG -DPITO_ECS_OWNED_DELETE_ATOMIC=1",8,100000,pito,owned_delete,ecs_remove_owned,8,0,1,3.283000
aalair,"Apple M3",8,"Darwin 27.0.0 arm64","Apple LLVM 21.0.0 (clang-2100.3.34.2)"," -O3 -DNDEBUG -DPITO_ECS_OWNED_DELETE_ATOMIC=1",8,100000,pito,owned_delete,ecs_remove_owned,8,0,2,3.182000
aalair,"Apple M3",8,"Darwin 27.0.0 arm64","Apple LLVM 21.0.0 (clang-2100.3.34.2)"," -O3 -DNDEBUG -DPITO_ECS_OWNED_DELETE_ATOMIC=1",8,100000,pito,owned_delete,ecs_remove_owned,8,0,3,3.285000
aalair,"Apple M3",8,"Darwin 27.0.0 arm64","Apple LLVM 21.0.0 (clang-2100.3.34.2)"," -O3 -DNDEBUG -DPITO_ECS_OWNED_DELETE_ATOMIC=1",8,100000,pito,owned_delete,ecs_remove_owned,8,0,4,3.634000
aalair,"Apple M3",8,"Darwin 27.0.0 arm64","Apple LLVM 21.0.0 (clang-2100.3.34.2)"," -O3 -DNDEBUG -DPITO_ECS_OWNED_DELETE_ATOMIC=1",8,100000,pito,owned_delete,ecs_remove_owned,8,0,5,3.151000
aalair,"Apple M3",8,"Darwin 27.0.0 arm64","Apple LLVM 21.0.0 (clang-2100.3.34.2)"," -O3 -DNDEBUG -DPITO_ECS_OWNED_DELETE_ATOMIC=1",8,100000,pito,owned_delete,ecs_remove_owned,8,0,6,3.230000
aalair,"Apple M3",8,"Darwin 27.0.0 arm64","Apple LLVM 21.0.0 (clang-2100.3.34.2)"," -O3 -DNDEBUG -DPITO_ECS_OWNED_DELETE_ATOMIC=1",8,100000,pito,owned_delete,ecs_remove_owned,8,0,7,3.205000
aalair,"Apple M3",8,"Darwin 27.0.0 arm64","Apple LLVM 21.0.0 (clang-2100.3.34.2)"," -O3 -DNDEBUG -DPITO_ECS_OWNED_DELETE_ATOMIC=1",8,100000,pito,owned_delete,ecs_remove_owned,8,0,8,3.178000
aalair,"Apple M3",8,"Darwin 27.0.0 arm64","Apple LLVM 21.0.0 (clang-2100.3.34.2)"," -O3 -DNDEBUG -DPITO_ECS_OWNED_DELETE_ATOMIC=1",8,100000,pito,owned_delete,ecs_remove_owned,8,0,9,3.429000
aalair,"Apple M3",8,"Darwin 27.0.0 arm64","Apple LLVM 21.0.0 (clang-2100.3.34.2)"," -O3 -DNDEBUG -DPITO_ECS_OWNED_DELETE_ATOMIC=1",8,100000,pito,owned_delete,ecs_remove_owned,8,0,10,3.201000
aalair,"Apple M3",8,"Darwin 27.0.0 arm64","Apple LLVM 21.0.0 (clang-2100.3.34.2)"," -O3 -DNDEBUG -DPITO_ECS_OWNED_DELETE_ATOMIC=1",8,100000,pito,owned_delete,ecs_remove_owned,8,0,11,3.215000
aalair,"Apple M3",8,"Darwin 27.0.0 arm64","Apple LLVM 21.0.0 (clang-2100.3.34.2)"," -O3 -DNDEBUG -DPITO_ECS_OWNED_DELETE_ATOMIC=1",8,100000,pito,owned_delete,ecs_remove_owned,8,0,12,3.979000
aalair,"Apple M3",8,"Darwin 27.0.0 arm64","Apple LLVM 21.0.0 (clang-2100.3.34.2)"," -O3 -DNDEBUG -DPITO_ECS_OWNED_DELETE_ATOMIC=1",8,100000,pito,owned_delete,ecs_remove_owned,8,0,13,3.431000
aalair,"Apple M3",8,"Darwin 27.0.0 arm64","Apple LLVM 21.0.0 (clang-2100.3.34.2)"," -O3 -DNDEBUG -DPITO_ECS_OWNED_DELETE_ATOMIC=1",8,100000,pito,owned_delete,ecs_remove_owned,8,0,14,3.254000
aalair,"Apple M3",8,"Darwin 27.0.0 arm64","Apple LLVM 21.0.0 (clang-2100.3.34.2)"," -O3 -DNDEBUG -DPITO_ECS_OWNED_DELETE_ATOMIC=1",8,100000,pito,owned_delete,ecs_remove_owned,8,0,15,3.653000
aalair,"Apple M3",8,"Darwin 27.0.0 arm64","Apple LLVM 21.0.0 (clang-2100.3.34.2)"," -O3 -DNDEBUG -DPITO_ECS_OWNED_DELETE_ATOMIC=1",8,100000,pito,owned_delete,ecs_remove_owned,8,0,16,3.914000
aalair,"Apple M3",8,"Darwin 27.0.0 arm64","Apple LLVM 21.0.0 (clang-2100.3.34.2)"," -O3 -DNDEBUG -DPITO_ECS_OWNED_DELETE_ATOMIC=1",8,100000,pito,owned_delete,ecs_remove_owned,8,0,17,3.379000
aalair,"Apple M3",8,"Darwin 27.0.0 arm64","Apple LLVM 21.0.0 (clang-2100.3.34.2)"," -O3 -DNDEBUG -DPITO_ECS_OWNED_DELETE_ATOMIC=1",8,100000,pito,owned_delete,ecs_remove_owned,8,0,18,3.158000
aalair,"Apple M3",8,"Darwin 27.0.0 arm64","Apple LLVM 21.0.0 (clang-2100.3.34.2)"," -O3 -DNDEBUG -DPITO_ECS_OWNED_DELETE_ATOMIC=1",8,100000,pito,owned_delete,ecs_remove_owned,8,0,19,3.443000
aalair,"Apple M3",8,"Darwin 27.0.0 arm64","Apple LLVM 21.0.0 (clang-2100.3.34.2)"," -O3 -DNDEBUG -DPITO_ECS_OWNED_DELETE_ATOMIC=1",8,100000,pito,owned_delete,ecs_remove_owned,8,10,1,4.128000
aalair,"Apple M3",8,"Darwin 27.0.0 arm64","Apple LLVM 21.0.0 (clang-2100.3.34.2)"," -O3 -DNDEBUG -DPITO_ECS_OWNED_DELETE_ATOMIC=1",8,100000,pito,owned_delete,ecs_remove_owned,8,10,2,3.682000
aalair,"Apple M3",8,"Darwin 27.0.0 arm64","Apple LLVM 21.0.0 (clang-2100.3.34.2)"," -O3 -DNDEBUG -DPITO_ECS_OWNED_DELETE_ATOMIC=1",8,100000,pito,owned_delete,ecs_remove_owned,8,10,3,4.335000
aalair,"Apple M3",8,"Darwin 27.0.0 arm64","Apple LLVM 21.0.0 (clang-2100.3.34.2)"," -O3 -DNDEBUG -DPITO_ECS_OWNED_DELETE_ATOMIC=1",8,100000,pito,owned_delete,ecs_remove_owned,8,10,4,4.513000
aalair,"Apple M3",8,"Darwin 27.0.0 arm64","Apple LLVM 21.0.0 (clang-2100.3.34.2)"," -O3 -DNDEBUG -DPITO_ECS_OWNED_DELETE_ATOMIC=1",8,100000,pito,owned_delete,ecs_remove_owned,8,10,5,4.218000
aalair,"Apple M3",8,"Darwin 27.0.0 arm64","Apple LLVM 21.0.0 (clang-2100.3.34.2)"," -O3 -DNDEBUG -DPITO_ECS_OWNED_DELETE_ATOMIC=1",8,100000,pito,owned_delete,ecs_remove_owned,8,10,6,4.823000
aalair,"Apple M3",8,"Darwin 27.0.0 arm64","Apple LLVM 21.0.0 (clang-2100.3.34.2)"," -O3 -DNDEBUG -DPITO_ECS_OWNED_DELETE_ATOMIC=1",8,100000,pito,owned_delete,ecs_remove_owned,8,10,7,4.431000
aalair,"Apple M3",8,"Darwin 27.0.0 arm64","Apple LLVM 21.0.0 (clang-2100.3.34.2)"," -O3 -DNDEBUG -DPITO_ECS_OWNED_DELETE_ATOMIC=1",8,100000,pito,owned_delete,ecs_remove_owned,8,10,8,4.368000
aalair,"Apple M3",8,"Darwin 27.0.0 arm64","Apple LLVM 21.0.0 (clang-2100.3.34.2)"," -O3 -DNDEBUG -DPITO_ECS_OWNED_DELETE_ATOMIC=1",8,100000,pito,owned_delete,ecs_remove_owned,8,10,9,4.338000
aalair,"Apple M3",8,"Darwin 27.0.0 arm64","Apple LLVM 21.0.0 (clang-2100.3.34.2)"," -O3 -DNDEBUG -DPITO_ECS_OWNED_DELETE_ATOMIC=1",8,100000,pito,owned_delete,ecs_remove_owned,8,10,10,4.108000
aalair,"Apple M3",8,"Darwin 27.0.0 arm64","Apple LLVM 21.0.0 (clang-2100.3.34.2)"," -O3 -DNDEBUG -DPITO_ECS_OWNED_DELETE_ATOMIC=1",8,100000,pito,owned_delete,ecs_remove_owned,8,10,11,4.060000
aalair,"Apple M3",8,"Darwin 27.0.0 arm64","Apple LLVM 21.0.0 (clang-2100.3.34.2)"," -O3 -DNDEBUG -DPITO_ECS_OWNED_DELETE_ATOMIC=1",8,100000,pito,owned_delete,ecs_remove_owned,8,10,12,4.127000
aalair,"Apple M3",8,"Darwin 27.0.0 arm64","Apple LLVM 21.0.0 (clang-2100.3.34.2)"," -O3 -DNDEBUG -DPITO_ECS_OWNED_DELETE_ATOMIC=1",8,100000,pito,owned_delete,ecs_remove_owned,8,10,13,4.348000
aalair,"Apple M3",8,"Darwin 27.0.0 arm64","Apple LLVM 21.0.0 (clang-2100.3.34.2)"," -O3 -DNDEBUG -DPITO_ECS_OWNED_DELETE_ATOMIC=1",8,100000,pito,owned_delete,ecs_remove_owned,8,10,14,4.045000
aalair,"Apple M3",8,"Darwin 27.0.0 arm64","Apple LLVM 21.0.0 (clang-2100.3.34.2)"," -O3 -DNDEBUG -DPITO_ECS_OWNED_DELETE_ATOMIC=1",8,100000,pito,owned_delete,ecs_remove_owned,8,10,15,4.199000
aalair,"Apple M3",8,"Darwin 27.0.0 arm64","Apple LLVM 21.0.0 (clang-2100.3.34.2)"," -O3 -DNDEBUG -DPITO_ECS_OWNED_DELETE_ATOMIC=1",8,100000,pito,owned_delete,ecs_remove_owned,8,10,16,4.274000
aalair,"Apple M3",8,"Darwin 27.0.0 arm64","Apple LLVM 21.0.0 (clang-2100.3.34.2)"," -O3 -DNDEBUG -DPITO_ECS_OWNED_DELETE_ATOMIC=1",8,100000,pito,owned_delete,ecs_remove_owned,8,50,1,8.835000
aalair,"Apple M3",8,"Darwin 27.0.0 arm64","Apple LLVM 21.0.0 (clang-2100.3.34.2)"," -O3 -DNDEBUG -DPITO_ECS_OWNED_DELETE_ATOMIC=1",8,100000,pito,owned_delete,ecs_remove_owned,8,50,2,13.096000
aalair,"Apple M3",8,"Darwin 27.0.0 arm64","Apple LLVM 21.0.0 (clang-2100.3.34.2)"," -O3 -DNDEBUG -DPITO_ECS_OWNED_DELETE_ATOMIC=1",8,100000,pito,owned_delete,ecs_remove_owned,8,50,3,8.733000
aalair,"Apple M3",8,"Darwin 27.0.0 arm64","Apple LLVM 21.0.0 (clang-2100.3.34.2)"," -O3 -DNDEBUG -DPITO_ECS_OWNED_DELETE_ATOMIC=1",8,100000,pito,owned_delete,ecs_remove_owned,8,50,4,9.194000
aalair,"Apple M3",8,"Darwin 27.0.0 arm64","Apple LLVM 21.0.0 (clang-2100.3.34.2)"," -O3 -DNDEBUG -DPITO_ECS_OWNED_DELETE_ATOMIC=1",8,100000,pito,owned_delete,ecs_remove_owned,8,50,5,8.759000
aalair,"Apple M3",8,"Darwin 27.0.0 arm64","Apple LLVM 21.0.0 (clang-2100.3.34.2)"," -O3 -DNDEBUG -DPITO_ECS_OWNED_DELETE_ATOMIC=1",8,100000,pito,owned_delete,ecs_remove_owned,8,50,6,8.915000
aalair,"Apple M3",8,"Darwin 27.0.0 arm64","Apple LLVM 21.0.0 (clang-2100.3.34.2)"," -O3 -DNDEBUG -DPITO_ECS_OWNED_DELETE_ATOMIC=1",8,100000,pito,owned_delete,ecs_remove_owned,8,50,7,8.850000
aalair,"Apple M3",8,"Darwin 27.0.0 arm64","Apple LLVM 21.0.0 (clang-2100.3.34.2)"," -O3 -DNDEBUG -DPITO_ECS_OWNED_DELETE_ATOMIC=1",8,100000,pito,owned_delete,ecs_remove_owned,8,50,8,12.752000
aalair,"Apple M3",8,"Darwin 27.0.0 arm64","Apple LLVM 21.0.0 (clang-2100.3.34.2)"," -O3 -DNDEBUG -DPITO_ECS_OWNED_DELETE_ATOMIC=1",8,100000,pito,owned_delete,ecs_remove_owned,8,50,9,8.889000
aalair,"Apple M3",8,"Darwin 27.0.0 arm64","Apple LLVM 21.0.0 (clang-2100.3.34.2)"," -O3 -DNDEBUG -DPITO_ECS_OWNED_DELETE_ATOMIC=1",8,100000,pito,owned_delete,ecs_remove_owned,8,50,10,11.440000
aalair,"Apple M3",8,"Darwin 27.0.0 arm64","Apple LLVM 21.0.0 (clang-2100.3.34.2)"," -O3 -DNDEBUG -DPITO_ECS_OWNED_DELETE_ATOMIC=1",8,100000,pito,owned_delete,ecs_remove_owned,8,50,11,8.748000
aalair,"Apple M3",8,"Darwin 27.0.0 arm64","Apple LLVM 21.0.0 (clang-2100.3.34.2)"," -O3 -DNDEBUG -DPITO_ECS_OWNED_DELETE_ATOMIC=1",8,100000,pito,owned_delete,ecs_remove_owned,8,50,12,9.229000
aalair,"Apple M3",8,"Darwin 27.0.0 arm64","Apple LLVM 21.0.0 (clang-2100.3.34.2)"," -O3 -DNDEBUG -DPITO_ECS_OWNED_DELETE_ATOMIC=1",8,100000,pito,owned_delete,ecs_remove_owned,8,50,13,8.777000
aalair,"Apple M3",8,"Darwin 27.0.0 arm64","Apple LLVM 21.0.0 (clang-2100.3.34.2)"," -O3 -DNDEBUG -DPITO_ECS_OWNED_DELETE_ATOMIC=1",8,100000,pito,owned_delete,ecs_remove_owned,8,50,14,13.658000
aalair,"Apple M3",8,"Darwin 27.0.0 arm64","Apple LLVM 21.0.0 (clang-2100.3.34.2)"," -O3 -DNDEBUG -DPITO_ECS_OWNED_DELETE_ATOMIC=1",8,100000,pito,owned_delete,ecs_remove_owned,8,50,15,9.037000
aalair,"Apple M3",8,"Darwin 27.0.0 arm64","Apple LLVM 21.0.0 (clang-2100.3.34.2)"," -O3 -DNDEBUG -DPITO_ECS_OWNED_DELETE_ATOMIC=1",8,100000,pito,owned_delete,ecs_remove_owned,8,50,16,8.827000
aalair,"Apple M3",8,"Darwin 27.0.0 arm64","Apple LLVM 21.0.0 (clang-2100.3.34.2)"," -O3 -DNDEBUG -DPITO_ECS_OWNED_DELETE_ATOMIC=1",8,100000,pito,owned_delete,ecs_remove_owned,8,50,17,8.917000
aalair,"Apple M3",8,"Darwin 27.0.0 arm64","Apple LLVM 21.0.0 (clang-2100.3.34.2)"," -O3 -DNDEBUG -DPITO_ECS_OWNED_DELETE_ATOMIC=1",8,100000,pito,owned_delete,ecs_remove_owned,8,50,18,9.132000
aalair,"Apple M3",8,"Darwin 27.0.0 arm64","Apple LLVM 21.0.0 (clang-2100.3.34.2)"," -O3 -DNDEBUG -DPITO_ECS_OWNED_DELETE_ATOMIC=1",8,100000,pito,owned_delete,ecs_remove_owned,8,50,19,8.769000
aalair,"Apple M3",8,"Darwin 27.0.0 arm64","Apple LLVM 21.0.0 (clang-2100.3.34.2)"," -O3 -DNDEBUG -DPITO_ECS_OWNED_DELETE_ATOMIC=1",8,100000,pito,owned_delete,ecs_remove_owned,8,500,1,66.488000
aalair,"Apple M3",8,"Darwin 27.0.0 arm64","Apple LLVM 21.0.0 (clang-2100.3.34.2)"," -O3 -DNDEBUG -DPITO_ECS_OWNED_DELETE_ATOMIC=1",8,100000,pito,owned_delete,ecs_remove_owned,8,500,2,68.369000
aalair,"Apple M3",8,"Darwin 27.0.0 arm64","Apple LLVM 21.0.0 (clang-2100.3.34.2)"," -O3 -DNDEBUG -DPITO_ECS_OWNED_DELETE_ATOMIC=1",8,100000,pito,owned_delete,ecs_remove_owned,8,500,3,91.409000
aalair,"Apple M3",8,"Darwin 27.0.0 arm64","Apple LLVM 21.0.0 (clang-2100.3.34.2)"," -O3 -DNDEBUG -DPITO_ECS_OWNED_DELETE_ATOMIC=1",8,100000,pito,owned_delete,ecs_remove_owned,8,500,4,67.061000
aalair,"Apple M3",8,"Darwin 27.0.0 arm64","Apple LLVM 21.0.0 (clang-2100.3.34.2)"," -O3 -DNDEBUG -DPITO_ECS_OWNED_DELETE_ATOMIC=1",8,100000,pito,owned_delete,ecs_remove_owned,8,500,5,67.091000
aalair,"Apple M3",8,"Darwin 27.0.0 arm64","Apple LLVM 21.0.0 (clang-2100.3.34.2)"," -O3 -DNDEBUG -DPITO_ECS_OWNED_DELETE_ATOMIC=1",8,100000,pito,owned_delete,ecs_remove_owned,8,500,6,67.313000
aalair,"Apple M3",8,"Darwin 27.0.0 arm64","Apple LLVM 21.0.0 (clang-2100.3.34.2)"," -O3 -DNDEBUG -DPITO_ECS_OWNED_DELETE_ATOMIC=1",8,100000,pito,owned_delete,ecs_remove_owned,8,500,7,70.293000
aalair,"Apple M3",8,"Darwin 27.0.0 arm64","Apple LLVM 21.0.0 (clang-2100.3.34.2)"," -O3 -DNDEBUG -DPITO_ECS_OWNED_DELETE_ATOMIC=1",8,100000,pito,owned_delete,ecs_remove_owned,8,500,8,67.914000
aalair,"Apple M3",8,"Darwin 27.0.0 arm64","Apple LLVM 21.0.0 (clang-2100.3.34.2)"," -O3 -DNDEBUG -DPITO_ECS_OWNED_DELETE_ATOMIC=1",8,100000,pito,owned_delete,ecs_remove_owned,8,500,9,67.183000
aalair,"Apple M3",8,"Darwin 27.0.0 arm64","Apple LLVM 21.0.0 (clang-2100.3.34.2)"," -O3 -DNDEBUG -DPITO_ECS_OWNED_DELETE_ATOMIC=1",8,100000,pito,owned_delete,ecs_remove_owned,8,500,10,73.189000
aalair,"Apple M3",8,"Darwin 27.0.0 arm64","Apple LLVM 21.0.0 (clang-2100.3.34.2)"," -O3 -DNDEBUG -DPITO_ECS_OWNED_DELETE_ATOMIC=1",8,100000,pito,owned_delete,ecs_remove_owned,8,500,11,72.240000
aalair,"Apple M3",8,"Darwin 27.0.0 arm64","Apple LLVM 21.0.0 (clang-2100.3.34.2)"," -O3 -DNDEBUG -DPITO_ECS_OWNED_DELETE_ATOMIC=1",8,100000,pito,owned_delete,ecs_remove_owned,8,500,12,70.646000
aalair,"Apple M3",8,"Darwin 27.0.0 arm64","Apple LLVM 21.0.0 (clang-2100.3.34.2)"," -O3 -DNDEBUG -DPITO_ECS_OWNED_DELETE_ATOMIC=1",8,100000,pito,owned_delete,ecs_remove_owned,8,500,13,68.780000
aalair,"Apple M3",8,"Darwin 27.0.0 arm64","Apple LLVM 21.0.0 (clang-2100.3.34.2)"," -O3 -DNDEBUG -DPITO_ECS_OWNED_DELETE_ATOMIC=1",8,100000,pito,owned_delete,ecs_remove_owned,8,500,14,64.120000
aalair,"Apple M3",8,"Darwin 27.0.0 arm64","Apple LLVM 21.0.0 (clang-2100.3.34.2)"," -O3 -DNDEBUG -DPITO_ECS_OWNED_DELETE_ATOMIC=1",8,100000,pito,owned_delete,ecs_remove_owned,8,500,15,66.875000
aalair,"Apple M3",8,"Darwin 27.0.0 arm64","Apple LLVM 21.0.0 (clang-2100.3.34.2)"," -O3 -DNDEBUG -DPITO_ECS_OWNED_DELETE_ATOMIC=1",8,100000,pito,owned_delete,ecs_remove_owned,8,500,16,67.812000
aalair,"Apple M3",8,"Darwin 27.0.0 arm64","Apple LLVM 21.0.0 (clang-2100.3.34.2)"," -O3 -DNDEBUG -DPITO_ECS_OWNED_DELETE_ATOMIC=1",8,100000,pito,owned_delete,ecs_remove_owned + join,1,0,1,14.680000
aalair,"Apple M3",8,"Darwin 27.0.0 arm64","Apple LLVM 21.0.0 (clang-2100.3.34.2)"," -O3 -DNDEBUG -DPITO_ECS_OWNED_DELETE_ATOMIC=1",8,100000,pito,owned_delete,ecs_remove_owned + join,1,0,2,15.011000
aalair,"Apple M3",8,"Darwin 27.0.0 arm64","Apple LLVM 21.0.0 (clang-2100.3.34.2)"," -O3 -DNDEBUG -DPITO_ECS_OWNED_DELETE_ATOMIC=1",8,100000,pito,owned_delete,ecs_remove_owned + join,1,0,3,14.759000
aalair,"Apple M3",8,"Darwin 27.0.0 arm64","Apple LLVM 21.0.0 (clang-2100.3.34.2)"," -O3 -DNDEBUG -DPITO_ECS_OWNED_DELETE_ATOMIC=1",8,100000,pito,owned_delete,ecs_remove_owned + join,1,0,4,14.738000
aalair,"Apple M3",8,"Darwin 27.0.0 arm64","Apple LLVM 21.0.0 (clang-2100.3.34.2)"," -O3 -DNDEBUG -DPITO_ECS_OWNED_DELETE_ATOMIC=1",8,100000,pito,owned_delete,ecs_remove_owned + join,1,0,5,14.741000
aalair,"Apple M3",8,"Darwin 27.0.0 arm64","Apple LLVM 21.0.0 (clang-2100.3.34.2)"," -O3 -DNDEBUG -DPITO_ECS_OWNED_DELETE_ATOMIC=1",8,100000,pito,owned_delete,ecs_remove_owned + join,1,0,6,14.722000
aalair,"Apple M3",8,"Darwin 27.0.0 arm64","Apple LLVM 21.0.0 (clang-2100.3.34.2)"," -O3 -DNDEBUG -DPITO_ECS_OWNED_DELETE_ATOMIC=1",8,100000,pito,owned_delete,ecs_remove_owned + join,1,0,7,14.763000
aalair,"Apple M3",8,"Darwin 27.0.0 arm64","Apple LLVM 21.0.0 (clang-2100.3.34.2)"," -O3 -DNDEBUG -DPITO_ECS_OWNED_DELETE_ATOMIC=1",8,100000,pito,owned_delete,ecs_remove_owned + join,1,0,8,14.747000
aalair,"Apple M3",8,"Darwin 27.0.0 arm64","Apple LLVM 21.0.0 (clang-2100.3.34.2)"," -O3 -DNDEBUG -DPITO_ECS_OWNED_DELETE_ATOMIC=1",8,100000,pito,owned_delete,ecs_remove_owned + join,1,0,9,14.707000
aalair,"Apple M3",8,"Darwin 27.0.0 arm64","Apple LLVM 21.0.0 (clang-2100.3.34.2)"," -O3 -DNDEBUG -DPITO_ECS_OWNED_DELETE_ATOMIC=1",8,100000,pito,owned_delete,ecs_remove_owned + join,1,0,10,14.693000
aalair,"Apple M3",8,"Darwin 27.0.0 arm64","Apple LLVM 21.0.0 (clang-2100.3.34.2)"," -O3 -DNDEBUG -DPITO_ECS_OWNED_DELETE_ATOMIC=1",8,100000,pito,owned_delete,ecs_remove_owned + join,1,10,1,18.125000
aalair,"Apple M3",8,"Darwin 27.0.0 arm64","Apple LLVM 21.0.0 (clang-2100.3.34.2)"," -O3 -DNDEBUG -DPITO_ECS_OWNED_DELETE_ATOMIC=1",8,100000,pito,owned_delete,ecs_remove_owned + join,1,10,2,17.641000
aalair,"Apple M3",8,"Darwin 27.0.0 arm64","Apple LLVM 21.0.0 (clang-2100.3.34.2)"," -O3 -DNDEBUG -DPITO_ECS_OWNED_DELETE_ATOMIC=1",8,100000,pito,owned_delete,ecs_remove_owned + join,1,10,3,17.346000
aalair,"Apple M3",8,"Darwin 27.0.0 arm64","Apple LLVM 21.0.0 (clang-2100.3.34.2)"," -O3 -DNDEBUG -DPITO_ECS_OWNED_DELETE_ATOMIC=1",8,100000,pito,owned_delete,ecs_remove_owned + join,1,10,4,17.088000
aalair,"Apple M3",8,"Darwin 27.0.0 arm64","Apple LLVM 21.0.0 (clang-2100.3.34.2)"," -O3 -DNDEBUG -DPITO_ECS_OWNED_DELETE_ATOMIC=1",8,100000,pito,owned_delete,ecs_remove_owned + join,1,10,5,17.142000
aalair,"Apple M3",8,"Darwin 27.0.0 arm64","Apple LLVM 21.0.0 (clang-2100.3.34.2)"," -O3 -DNDEBUG -DPITO_ECS_OWNED_DELETE_ATOMIC=1",8,100000,pito,owned_delete,ecs_remove_owned + join,1,10,6,17.296000
aalair,"Apple M3",8,"Darwin 27.0.0 arm64","Apple LLVM 21.0.0 (clang-2100.3.34.2)"," -O3 -DNDEBUG -DPITO_ECS_OWNED_DELETE_ATOMIC=1",8,100000,pito,owned_delete,ecs_remove_owned + join,1,10,7,17.080000
aalair,"Apple M3",8,"Darwin 27.0.0 arm64","Apple LLVM 21.0.0 (clang-2100.3.34.2)"," -O3 -DNDEBUG -DPITO_ECS_OWNED_DELETE_ATOMIC=1",8,100000,pito,owned_delete,ecs_remove_owned + join,1,10,8,17.100000
aalair,"Apple M3",8,"Darwin 27.0.0 arm64","Apple LLVM 21.0.0 (clang-2100.3.34.2)"," -O3 -DNDEBUG -DPITO_ECS_OWNED_DELETE_ATOMIC=1",8,100000,pito,owned_delete,ecs_remove_owned + join,1,10,9,17.143000
aalair,"Apple M3",8,"Darwin 27.0.0 arm64","Apple LLVM 21.0.0 (clang-2100.3.34.2)"," -O3 -DNDEBUG -DPITO_ECS_OWNED_DELETE_ATOMIC=1",8,100000,pito,owned_delete,ecs_remove_owned + join,1,10,10,17.142000
aalair,"Apple M3",8,"Darwin 27.0.0 arm64","Apple LLVM 21.0.0 (clang-2100.3.34.2)"," -O3 -DNDEBUG -DPITO_ECS_OWNED_DELETE_ATOMIC=1",8,100000,pito,owned_delete,ecs_remove_owned + join,1,10,11,16.963000
aalair,"Apple M3",8,"Darwin 27.0.0 arm64","Apple LLVM 21.0.0 (clang-2100.3.34.2)"," -O3 -DNDEBUG -DPITO_ECS_OWNED_DELETE_ATOMIC=1",8,100000,pito,owned_delete,ecs_remove_owned + join,1,50,1,34.066000
aalair,"Apple M3",8,"Darwin 27.0.0 arm64","Apple LLVM 21.0.0 (clang-2100.3.34.2)"," -O3 -DNDEBUG -DPITO_ECS_OWNED_DELETE_ATOMIC=1",8,100000,pito,owned_delete,ecs_remove_owned + join,1,50,2,34.076000
aalair,"Apple M3",8,"Darwin 27.0.0 arm64","Apple LLVM 21.0.0 (clang-2100.3.34.2)"," -O3 -DNDEBUG -DPITO_ECS_OWNED_DELETE_ATOMIC=1",8,100000,pito,owned_delete,ecs_remove_owned + join,1,50,3,34.065000
aalair,"Apple M3",8,"Darwin 27.0.0 arm64","Apple LLVM 21.0.0 (clang-2100.3.34.2)"," -O3 -DNDEBUG -DPITO_ECS_OWNED_DELETE_ATOMIC=1",8,100000,pito,owned_delete,ecs_remove_owned + join,1,50,4,34.073000
aalair,"Apple M3",8,"Darwin 27.0.0 arm64","Apple LLVM 21.0.0 (clang-2100.3.34.2)"," -O3 -DNDEBUG -DPITO_ECS_OWNED_DELETE_ATOMIC=1",8,100000,pito,owned_delete,ecs_remove_owned + join,1,50,5,34.047000
aalair,"Apple M3",8,"Darwin 27.0.0 arm64","Apple LLVM 21.0.0 (clang-2100.3.34.2)"," -O3 -DNDEBUG -DPITO_ECS_OWNED_DELETE_ATOMIC=1",8,100000,pito,owned_delete,ecs_remove_owned + join,1,50,6,34.081000
aalair,"Apple M3",8,"Darwin 27.0.0 arm64","Apple LLVM 21.0.0 (clang-2100.3.34.2)"," -O3 -DNDEBUG -DPITO_ECS_OWNED_DELETE_ATOMIC=1",8,100000,pito,owned_delete,ecs_remove_owned + join,1,50,7,33.321000
aalair,"Apple M3",8,"Darwin 27.0.0 arm64","Apple LLVM 21.0.0 (clang-2100.3.34.2)"," -O3 -DNDEBUG -DPITO_ECS_OWNED_DELETE_ATOMIC=1",8,100000,pito,owned_delete,ecs_remove_owned + join,1,50,8,34.080000
aalair,"Apple M3",8,"Darwin 27.0.0 arm64","Apple LLVM 21.0.0 (clang-2100.3.34.2)"," -O3 -DNDEBUG -DPITO_ECS_OWNED_DELETE_ATOMIC=1",8,100000,pito,owned_delete,ecs_remove_owned + join,1,50,9,34.037000
aalair,"Apple M3",8,"Darwin 27.0.0 arm64","Apple LLVM 21.0.0 (clang-2100.3.34.2)"," -O3 -DNDEBUG -DPITO_ECS_OWNED_DELETE_ATOMIC=1",8,100000,pito,owned_delete,ecs_remove_owned + join,1,50,10,34.087000
aalair,"Apple M3",8,"Darwin 27.0.0 arm64","Apple LLVM 21.0.0 (clang-2100.3.34.2)"," -O3 -DNDEBUG -DPITO_ECS_OWNED_DELETE_ATOMIC=1",8,100000,pito,owned_delete,ecs_remove_owned + join,1,500,1,375.240000
aalair,"Apple M3",8,"Darwin 27.0.0 arm64","Apple LLVM 21.0.0 (clang-2100.3.34.2)"," -O3 -DNDEBUG -DPITO_ECS_OWNED_DELETE_ATOMIC=1",8,100000,pito,owned_delete,ecs_remove_owned + join,1,500,2,375.160000
aalair,"Apple M3",8,"Darwin 27.0.0 arm64","Apple LLVM 21.0.0 (clang-2100.3.34.2)"," -O3 -DNDEBUG -DPITO_ECS_OWNED_DELETE_ATOMIC=1",8,100000,pito,owned_delete,ecs_remove_owned + join,1,500,3,375.927000
aalair,"Apple M3",8,"Darwin 27.0.0 arm64","Apple LLVM 21.0.0 (clang-2100.3.34.2)"," -O3 -DNDEBUG -DPITO_ECS_OWNED_DELETE_ATOMIC=1",8,100000,pito,owned_delete,ecs_remove_owned + join,1,500,4,375.194000
aalair,"Apple M3",8,"Darwin 27.0.0 arm64","Apple LLVM 21.0.0 (clang-2100.3.34.2)"," -O3 -DNDEBUG -DPITO_ECS_OWNED_DELETE_ATOMIC=1",8,100000,pito,owned_delete,ecs_remove_owned + join,1,500,5,375.200000
aalair,"Apple M3",8,"Darwin 27.0.0 arm64","Apple LLVM 21.0.0 (clang-2100.3.34.2)"," -O3 -DNDEBUG -DPITO_ECS_OWNED_DELETE_ATOMIC=1",8,100000,pito,owned_delete,ecs_remove_owned + join,1,500,6,374.811000
aalair,"Apple M3",8,"Darwin 27.0.0 arm64","Apple LLVM 21.0.0 (clang-2100.3.34.2)"," -O3 -DNDEBUG -DPITO_ECS_OWNED_DELETE_ATOMIC=1",8,100000,pito,owned_delete,ecs_remove_owned + join,1,500,7,376.446000
aalair,"Apple M3",8,"Darwin 27.0.0 arm64","Apple LLVM 21.0.0 (clang-2100.3.34.2)"," -O3 -DNDEBUG -DPITO_ECS_OWNED_DELETE_ATOMIC=1",8,100000,pito,owned_delete,ecs_remove_owned + join,1,500,8,375.533000
aalair,"Apple M3",8,"Darwin 27.0.0 arm64","Apple LLVM 21.0.0 (clang-2100.3.34.2)"," -O3 -DNDEBUG -DPITO_ECS_OWNED_DELETE_ATOMIC=1",8,100000,pito,owned_delete,ecs_remove_owned + join,1,500,9,375.009000
aalair,"Apple M3",8,"Darwin 27.0.0 arm64","Apple LLVM 21.0.0 (clang-2100.3.34.2)"," -O3 -DNDEBUG -DPITO_ECS_OWNED_DELETE_ATOMIC=1",8,100000,pito,owned_delete,ecs_remove_owned + join,1,500,10,375.083000
aalair,"Apple M3",8,"Darwin 27.0.0 arm64","Apple LLVM 21.0.0 (clang-2100.3.34.2)"," -O3 -DNDEBUG -DPITO_ECS_OWNED_DELETE_ATOMIC=1",8,100000,pito,owned_delete,ecs_remove_owned + join,2,0,1,25.020000
aalair,"Apple M3",8,"Darwin 27.0.0 arm64","Apple LLVM 21.0.0 (clang-2100.3.34.2)"," -O3 -DNDEBUG -DPITO_ECS_OWNED_DELETE_ATOMIC=1",8,100000,pito,owned_delete,ecs_remove_owned + join,2,0,2,24.456000
aalair,"Apple M3",8,"Darwin 27.0.0 arm64","Apple LLVM 21.0.0 (clang-2100.3.34.2)"," -O3 -DNDEBUG -DPITO_ECS_OWNED_DELETE_ATOMIC=1",8,100000,pito,owned_delete,ecs_remove_owned + join,2,0,3,24.415000
aalair,"Apple M3",8,"Darwin 27.0.0 arm64","Apple LLVM 21.0.0 (clang-2100.3.34.2)"," -O3 -DNDEBUG -DPITO_ECS_OWNED_DELETE_ATOMIC=1",8,100000,pito,owned_delete,ecs_remove_owned + join,2,0,4,24.410000
aalair,"Apple M3",8,"Darwin 27.0.0 arm64","Apple LLVM 21.0.0 (clang-2100.3.34.2)"," -O3 -DNDEBUG -DPITO_ECS_OWNED_DELETE_ATOMIC=1",8,100000,pito,owned_delete,ecs_remove_owned + join,2,0,5,24.375000
aalair,"Apple M3",8,"Darwin 27.0.0 arm64","Apple LLVM 21.0.0 (clang-2100.3.34.2)"," -O3 -DNDEBUG -DPITO_ECS_OWNED_DELETE_ATOMIC=1",8,100000,pito,owned_delete,ecs_remove_owned + join,2,0,6,26.151000
aalair,"Apple M3",8,"Darwin 27.0.0 arm64","Apple LLVM 21.0.0 (clang-2100.3.34.2)"," -O3 -DNDEBUG -DPITO_ECS_OWNED_DELETE_ATOMIC=1",8,100000,pito,owned_delete,ecs_remove_owned + join,2,0,7,25.018000
aalair,"Apple M3",8,"Darwin 27.0.0 arm64","Apple LLVM 21.0.0 (clang-2100.3.34.2)"," -O3 -DNDEBUG -DPITO_ECS_OWNED_DELETE_ATOMIC=1",8,100000,pito,owned_delete,ecs_remove_owned + join,2,0,8,24.945000
aalair,"Apple M3",8,"Darwin 27.0.0 arm64","Apple LLVM 21.0.0 (clang-2100.3.34.2)"," -O3 -DNDEBUG -DPITO_ECS_OWNED_DELETE_ATOMIC=1",8,100000,pito,owned_delete,ecs_remove_owned + join,2,0,9,25.084000
aalair,"Apple M3",8,"Darwin 27.0.0 arm64","Apple LLVM 21.0.0 (clang-2100.3.34.2)"," -O3 -DNDEBUG -DPITO_ECS_OWNED_DELETE_ATOMIC=1",8,100000,pito,owned_delete,ecs_remove_owned + join,2,0,10,24.964000
aalair,"Apple M3",8,"Darwin 27.0.0 arm64","Apple LLVM 21.0.0 (clang-2100.3.34.2)"," -O3 -DNDEBUG -DPITO_ECS_OWNED_DELETE_ATOMIC=1",8,100000,pito,owned_delete,ecs_remove_owned + join,2,10,1,27.457000
aalair,"Apple M3",8,"Darwin 27.0.0 arm64","Apple LLVM 21.0.0 (clang-2100.3.34.2)"," -O3 -DNDEBUG -DPITO_ECS_OWNED_DELETE_ATOMIC=1",8,100000,pito,owned_delete,ecs_remove_owned + join,2,10,2,27.440000
aalair,"Apple M3",8,"Darwin 27.0.0 arm64","Apple LLVM 21.0.0 (clang-2100.3.34.2)"," -O3 -DNDEBUG -DPITO_ECS_OWNED_DELETE_ATOMIC=1",8,100000,pito,owned_delete,ecs_remove_owned + join,2,10,3,27.425000
aalair,"Apple M3",8,"Darwin 27.0.0 arm64","Apple LLVM 21.0.0 (clang-2100.3.34.2)"," -O3 -DNDEBUG -DPITO_ECS_OWNED_DELETE_ATOMIC=1",8,100000,pito,owned_delete,ecs_remove_owned + join,2,10,4,27.582000
aalair,"Apple M3",8,"Darwin 27.0.0 arm64","Apple LLVM 21.0.0 (clang-2100.3.34.2)"," -O3 -DNDEBUG -DPITO_ECS_OWNED_DELETE_ATOMIC=1",8,100000,pito,owned_delete,ecs_remove_owned + join,2,10,5,28.576000
aalair,"Apple M3",8,"Darwin 27.0.0 arm64","Apple LLVM 21.0.0 (clang-2100.3.34.2)"," -O3 -DNDEBUG -DPITO_ECS_OWNED_DELETE_ATOMIC=1",8,100000,pito,owned_delete,ecs_remove_owned + join,2,10,6,28.467000
aalair,"Apple M3",8,"Darwin 27.0.0 arm64","Apple LLVM 21.0.0 (clang-2100.3.34.2)"," -O3 -DNDEBUG -DPITO_ECS_OWNED_DELETE_ATOMIC=1",8,100000,pito,owned_delete,ecs_remove_owned + join,2,10,7,28.459000
aalair,"Apple M3",8,"Darwin 27.0.0 arm64","Apple LLVM 21.0.0 (clang-2100.3.34.2)"," -O3 -DNDEBUG -DPITO_ECS_OWNED_DELETE_ATOMIC=1",8,100000,pito,owned_delete,ecs_remove_owned + join,2,10,8,28.467000
aalair,"Apple M3",8,"Darwin 27.0.0 arm64","Apple LLVM 21.0.0 (clang-2100.3.34.2)"," -O3 -DNDEBUG -DPITO_ECS_OWNED_DELETE_ATOMIC=1",8,100000,pito,owned_delete,ecs_remove_owned + join,2,10,9,28.462000
aalair,"Apple M3",8,"Darwin 27.0.0 arm64","Apple LLVM 21.0.0 (clang-2100.3.34.2)"," -O3 -DNDEBUG -DPITO_ECS_OWNED_DELETE_ATOMIC=1",8,100000,pito,owned_delete,ecs_remove_owned + join,2,10,10,28.404000
aalair,"Apple M3",8,"Darwin 27.0.0 arm64","Apple LLVM 21.0.0 (clang-2100.3.34.2)"," -O3 -DNDEBUG -DPITO_ECS_OWNED_DELETE_ATOMIC=1",8,100000,pito,owned_delete,ecs_remove_owned + join,2,50,1,30.874000
aalair,"Apple M3",8,"Darwin 27.0.0 arm64","Apple LLVM 21.0.0 (clang-2100.3.34.2)"," -O3 -DNDEBUG -DPITO_ECS_OWNED_DELETE_ATOMIC=1",8,100000,pito,owned_delete,ecs_remove_owned + join,2,50,2,31.071000
aalair,"Apple M3",8,"Darwin 27.0.0 arm64","Apple LLVM 21.0.0 (clang-2100.3.34.2)"," -O3 -DNDEBUG -DPITO_ECS_OWNED_DELETE_ATOMIC=1",8,100000,pito,owned_delete,ecs_remove_owned + join,2,50,3,30.878000
aalair,"Apple M3",8,"Darwin 27.0.0 arm64","Apple LLVM 21.0.0 (clang-2100.3.34.2)"," -O3 -DNDEBUG -DPITO_ECS_OWNED_DELETE_ATOMIC=1",8,100000,pito,owned_delete,ecs_remove_owned + join,2,50,4,30.937000
aalair,"Apple M3",8,"Darwin 27.0.0 arm64","Apple LLVM 21.0.0 (clang-2100.3.34.2)"," -O3 -DNDEBUG -DPITO_ECS_OWNED_DELETE_ATOMIC=1",8,100000,pito,owned_delete,ecs_remove_owned + join,2,50,5,31.116000
aalair,"Apple M3",8,"Darwin 27.0.0 arm64","Apple LLVM 21.0.0 (clang-2100.3.34.2)"," -O3 -DNDEBUG -DPITO_ECS_OWNED_DELETE_ATOMIC=1",8,100000,pito,owned_delete,ecs_remove_owned + join,2,50,6,30.867000
aalair,"Apple M3",8,"Darwin 27.0.0 arm64","Apple LLVM 21.0.0 (clang-2100.3.34.2)"," -O3 -DNDEBUG -DPITO_ECS_OWNED_DELETE_ATOMIC=1",8,100000,pito,owned_delete,ecs_remove_owned + join,2,50,7,31.024000
aalair,"Apple M3",8,"Darwin 27.0.0 arm64","Apple LLVM 21.0.0 (clang-2100.3.34.2)"," -O3 -DNDEBUG -DPITO_ECS_OWNED_DELETE_ATOMIC=1",8,100000,pito,owned_delete,ecs_remove_owned + join,2,50,8,30.835000
aalair,"Apple M3",8,"Darwin 27.0.0 arm64","Apple LLVM 21.0.0 (clang-2100.3.34.2)"," -O3 -DNDEBUG -DPITO_ECS_OWNED_DELETE_ATOMIC=1",8,100000,pito,owned_delete,ecs_remove_owned + join,2,50,9,31.051000
aalair,"Apple M3",8,"Darwin 27.0.0 arm64","Apple LLVM 21.0.0 (clang-2100.3.34.2)"," -O3 -DNDEBUG -DPITO_ECS_OWNED_DELETE_ATOMIC=1",8,100000,pito,owned_delete,ecs_remove_owned + join,2,50,10,31.012000
aalair,"Apple M3",8,"Darwin 27.0.0 arm64","Apple LLVM 21.0.0 (clang-2100.3.34.2)"," -O3 -DNDEBUG -DPITO_ECS_OWNED_DELETE_ATOMIC=1",8,100000,pito,owned_delete,ecs_remove_owned + join,2,500,1,198.396000
aalair,"Apple M3",8,"Darwin 27.0.0 arm64","Apple LLVM 21.0.0 (clang-2100.3.34.2)"," -O3 -DNDEBUG -DPITO_ECS_OWNED_DELETE_ATOMIC=1",8,100000,pito,owned_delete,ecs_remove_owned + join,2,500,2,198.580000
aalair,"Apple M3",8,"Darwin 27.0.0 arm64","Apple LLVM 21.0.0 (clang-2100.3.34.2)"," -O3 -DNDEBUG -DPITO_ECS_OWNED_DELETE_ATOMIC=1",8,100000,pito,owned_delete,ecs_remove_owned + join,2,500,3,198.306000
aalair,"Apple M3",8,"Darwin 27.0.0 arm64","Apple LLVM 21.0.0 (clang-2100.3.34.2)"," -O3 -DNDEBUG -DPITO_ECS_OWNED_DELETE_ATOMIC=1",8,100000,pito,owned_delete,ecs_remove_owned + join,2,500,4,209.761000
aalair,"Apple M3",8,"Darwin 27.0.0 arm64","Apple LLVM 21.0.0 (clang-2100.3.34.2)"," -O3 -DNDEBUG -DPITO_ECS_OWNED_DELETE_ATOMIC=1",8,100000,pito,owned_delete,ecs_remove_owned + join,2,500,5,199.542000
aalair,"Apple M3",8,"Darwin 27.0.0 arm64","Apple LLVM 21.0.0 (clang-2100.3.34.2)"," -O3 -DNDEBUG -DPITO_ECS_OWNED_DELETE_ATOMIC=1",8,100000,pito,owned_delete,ecs_remove_owned + join,2,500,6,202.112000
aalair,"Apple M3",8,"Darwin 27.0.0 arm64","Apple LLVM 21.0.0 (clang-2100.3.34.2)"," -O3 -DNDEBUG -DPITO_ECS_OWNED_DELETE_ATOMIC=1",8,100000,pito,owned_delete,ecs_remove_owned + join,2,500,7,199.592000
aalair,"Apple M3",8,"Darwin 27.0.0 arm64","Apple LLVM 21.0.0 (clang-2100.3.34.2)"," -O3 -DNDEBUG -DPITO_ECS_OWNED_DELETE_ATOMIC=1",8,100000,pito,owned_delete,ecs_remove_owned + join,2,500,8,197.956000
aalair,"Apple M3",8,"Darwin 27.0.0 arm64","Apple LLVM 21.0.0 (clang-2100.3.34.2)"," -O3 -DNDEBUG -DPITO_ECS_OWNED_DELETE_ATOMIC=1",8,100000,pito,owned_delete,ecs_remove_owned + join,2,500,9,197.970000
aalair,"Apple M3",8,"Darwin 27.0.0 arm64","Apple LLVM 21.0.0 (clang-2100.3.34.2)"," -O3 -DNDEBUG -DPITO_ECS_OWNED_DELETE_ATOMIC=1",8,100000,pito,owned_delete,ecs_remove_owned + join,2,500,10,198.093000
aalair,"Apple M3",8,"Darwin 27.0.0 arm64","Apple LLVM 21.0.0 (clang-2100.3.34.2)"," -O3 -DNDEBUG -DPITO_ECS_OWNED_DELETE_ATOMIC=1",8,100000,pito,owned_delete,ecs_remove_owned + join,2,500,11,198.301000
aalair,"Apple M3",8,"Darwin 27.0.0 arm64","Apple LLVM 21.0.0 (clang-2100.3.34.2)"," -O3 -DNDEBUG -DPITO_ECS_OWNED_DELETE_ATOMIC=1",8,100000,pito,owned_delete,ecs_remove_owned + join,4,0,1,26.967000
aalair,"Apple M3",8,"Darwin 27.0.0 arm64","Apple LLVM 21.0.0 (clang-2100.3.34.2)"," -O3 -DNDEBUG -DPITO_ECS_OWNED_DELETE_ATOMIC=1",8,100000,pito,owned_delete,ecs_remove_owned + join,4,0,2,26.946000
aalair,"Apple M3",8,"Darwin 27.0.0 arm64","Apple LLVM 21.0.0 (clang-2100.3.34.2)"," -O3 -DNDEBUG -DPITO_ECS_OWNED_DELETE_ATOMIC=1",8,100000,pito,owned_delete,ecs_remove_owned + join,4,0,3,26.915000
aalair,"Apple M3",8,"Darwin 27.0.0 arm64","Apple LLVM 21.0.0 (clang-2100.3.34.2)"," -O3 -DNDEBUG -DPITO_ECS_OWNED_DELETE_ATOMIC=1",8,100000,pito,owned_delete,ecs_remove_owned + join,4,0,4,27.139000
aalair,"Apple M3",8,"Darwin 27.0.0 arm64","Apple LLVM 21.0.0 (clang-2100.3.34.2)"," -O3 -DNDEBUG -DPITO_ECS_OWNED_DELETE_ATOMIC=1",8,100000,pito,owned_delete,ecs_remove_owned + join,4,0,5,27.110000
aalair,"Apple M3",8,"Darwin 27.0.0 arm64","Apple LLVM 21.0.0 (clang-2100.3.34.2)"," -O3 -DNDEBUG -DPITO_ECS_OWNED_DELETE_ATOMIC=1",8,100000,pito,owned_delete,ecs_remove_owned + join,4,0,6,26.945000
aalair,"Apple M3",8,"Darwin 27.0.0 arm64","Apple LLVM 21.0.0 (clang-2100.3.34.2)"," -O3 -DNDEBUG -DPITO_ECS_OWNED_DELETE_ATOMIC=1",8,100000,pito,owned_delete,ecs_remove_owned + join,4,0,7,27.116000
aalair,"Apple M3",8,"Darwin 27.0.0 arm64","Apple LLVM 21.0.0 (clang-2100.3.34.2)"," -O3 -DNDEBUG -DPITO_ECS_OWNED_DELETE_ATOMIC=1",8,100000,pito,owned_delete,ecs_remove_owned + join,4,0,8,27.078000
aalair,"Apple M3",8,"Darwin 27.0.0 arm64","Apple LLVM 21.0.0 (clang-2100.3.34.2)"," -O3 -DNDEBUG -DPITO_ECS_OWNED_DELETE_ATOMIC=1",8,100000,pito,owned_delete,ecs_remove_owned + join,4,0,9,27.002000
aalair,"Apple M3",8,"Darwin 27.0.0 arm64","Apple LLVM 21.0.0 (clang-2100.3.34.2)"," -O3 -DNDEBUG -DPITO_ECS_OWNED_DELETE_ATOMIC=1",8,100000,pito,owned_delete,ecs_remove_owned + join,4,0,10,29.159000
aalair,"Apple M3",8,"Darwin 27.0.0 arm64","Apple LLVM 21.0.0 (clang-2100.3.34.2)"," -O3 -DNDEBUG -DPITO_ECS_OWNED_DELETE_ATOMIC=1",8,100000,pito,owned_delete,ecs_remove_owned + join,4,0,11,27.313000
aalair,"Apple M3",8,"Darwin 27.0.0 arm64","Apple LLVM 21.0.0 (clang-2100.3.34.2)"," -O3 -DNDEBUG -DPITO_ECS_OWNED_DELETE_ATOMIC=1",8,100000,pito,owned_delete,ecs_remove_owned + join,4,10,1,29.991000
aalair,"Apple M3",8,"Darwin 27.0.0 arm64","Apple LLVM 21.0.0 (clang-2100.3.34.2)"," -O3 -DNDEBUG -DPITO_ECS_OWNED_DELETE_ATOMIC=1",8,100000,pito,owned_delete,ecs_remove_owned + join,4,10,2,30.230000
aalair,"Apple M3",8,"Darwin 27.0.0 arm64","Apple LLVM 21.0.0 (clang-2100.3.34.2)"," -O3 -DNDEBUG -DPITO_ECS_OWNED_DELETE_ATOMIC=1",8,100000,pito,owned_delete,ecs_remove_owned + join,4,10,3,30.377000
aalair,"Apple M3",8,"Darwin 27.0.0 arm64","Apple LLVM 21.0.0 (clang-2100.3.34.2)"," -O3 -DNDEBUG -DPITO_ECS_OWNED_DELETE_ATOMIC=1",8,100000,pito,owned_delete,ecs_remove_owned + join,4,10,4,30.143000
aalair,"Apple M3",8,"Darwin 27.0.0 arm64","Apple LLVM 21.0.0 (clang-2100.3.34.2)"," -O3 -DNDEBUG -DPITO_ECS_OWNED_DELETE_ATOMIC=1",8,100000,pito,owned_delete,ecs_remove_owned + join,4,10,5,29.771000
aalair,"Apple M3",8,"Darwin 27.0.0 arm64","Apple LLVM 21.0.0 (clang-2100.3.34.2)"," -O3 -DNDEBUG -DPITO_ECS_OWNED_DELETE_ATOMIC=1",8,100000,pito,owned_delete,ecs_remove_owned + join,4,10,6,29.987000
aalair,"Apple M3",8,"Darwin 27.0.0 arm64","Apple LLVM 21.0.0 (clang-2100.3.34.2)"," -O3 -DNDEBUG -DPITO_ECS_OWNED_DELETE_ATOMIC=1",8,100000,pito,owned_delete,ecs_remove_owned + join,4,10,7,30.008000
aalair,"Apple M3",8,"Darwin 27.0.0 arm64","Apple LLVM 21.0.0 (clang-2100.3.34.2)"," -O3 -DNDEBUG -DPITO_ECS_OWNED_DELETE_ATOMIC=1",8,100000,pito,owned_delete,ecs_remove_owned + join,4,10,8,29.979000
aalair,"Apple M3",8,"Darwin 27.0.0 arm64","Apple LLVM 21.0.0 (clang-2100.3.34.2)"," -O3 -DNDEBUG -DPITO_ECS_OWNED_DELETE_ATOMIC=1",8,100000,pito,owned_delete,ecs_remove_owned + join,4,10,9,30.225000
aalair,"Apple M3",8,"Darwin 27.0.0 arm64","Apple LLVM 21.0.0 (clang-2100.3.34.2)"," -O3 -DNDEBUG -DPITO_ECS_OWNED_DELETE_ATOMIC=1",8,100000,pito,owned_delete,ecs_remove_owned + join,4,10,10,30.271000
aalair,"Apple M3",8,"Darwin 27.0.0 arm64","Apple LLVM 21.0.0 (clang-2100.3.34.2)"," -O3 -DNDEBUG -DPITO_ECS_OWNED_DELETE_ATOMIC=1",8,100000,pito,owned_delete,ecs_remove_owned + join,4,50,1,30.680000
aalair,"Apple M3",8,"Darwin 27.0.0 arm64","Apple LLVM 21.0.0 (clang-2100.3.34.2)"," -O3 -DNDEBUG -DPITO_ECS_OWNED_DELETE_ATOMIC=1",8,100000,pito,owned_delete,ecs_remove_owned + join,4,50,2,30.698000
aalair,"Apple M3",8,"Darwin 27.0.0 arm64","Apple LLVM 21.0.0 (clang-2100.3.34.2)"," -O3 -DNDEBUG -DPITO_ECS_OWNED_DELETE_ATOMIC=1",8,100000,pito,owned_delete,ecs_remove_owned + join,4,50,3,30.652000
aalair,"Apple M3",8,"Darwin 27.0.0 arm64","Apple LLVM 21.0.0 (clang-2100.3.34.2)"," -O3 -DNDEBUG -DPITO_ECS_OWNED_DELETE_ATOMIC=1",8,100000,pito,owned_delete,ecs_remove_owned + join,4,50,4,30.779000
aalair,"Apple M3",8,"Darwin 27.0.0 arm64","Apple LLVM 21.0.0 (clang-2100.3.34.2)"," -O3 -DNDEBUG -DPITO_ECS_OWNED_DELETE_ATOMIC=1",8,100000,pito,owned_delete,ecs_remove_owned + join,4,50,5,30.647000
aalair,"Apple M3",8,"Darwin 27.0.0 arm64","Apple LLVM 21.0.0 (clang-2100.3.34.2)"," -O3 -DNDEBUG -DPITO_ECS_OWNED_DELETE_ATOMIC=1",8,100000,pito,owned_delete,ecs_remove_owned + join,4,50,6,30.641000
aalair,"Apple M3",8,"Darwin 27.0.0 arm64","Apple LLVM 21.0.0 (clang-2100.3.34.2)"," -O3 -DNDEBUG -DPITO_ECS_OWNED_DELETE_ATOMIC=1",8,100000,pito,owned_delete,ecs_remove_owned + join,4,50,7,30.723000
aalair,"Apple M3",8,"Darwin 27.0.0 arm64","Apple LLVM 21.0.0 (clang-2100.3.34.2)"," -O3 -DNDEBUG -DPITO_ECS_OWNED_DELETE_ATOMIC=1",8,100000,pito,owned_delete,ecs_remove_owned + join,4,50,8,30.733000
aalair,"Apple M3",8,"Darwin 27.0.0 arm64","Apple LLVM 21.0.0 (clang-2100.3.34.2)"," -O3 -DNDEBUG -DPITO_ECS_OWNED_DELETE_ATOMIC=1",8,100000,pito,owned_delete,ecs_remove_owned + join,4,50,9,30.632000
aalair,"Apple M3",8,"Darwin 27.0.0 arm64","Apple LLVM 21.0.0 (clang-2100.3.34.2)"," -O3 -DNDEBUG -DPITO_ECS_OWNED_DELETE_ATOMIC=1",8,100000,pito,owned_delete,ecs_remove_owned + join,4,50,10,30.609000
aalair,"Apple M3",8,"Darwin 27.0.0 arm64","Apple LLVM 21.0.0 (clang-2100.3.34.2)"," -O3 -DNDEBUG -DPITO_ECS_OWNED_DELETE_ATOMIC=1",8,100000,pito,owned_delete,ecs_remove_owned + join,4,500,1,115.845000
aalair,"Apple M3",8,"Darwin 27.0.0 arm64","Apple LLVM 21.0.0 (clang-2100.3.34.2)"," -O3 -DNDEBUG -DPITO_ECS_OWNED_DELETE_ATOMIC=1",8,100000,pito,owned_delete,ecs_remove_owned + join,4,500,2,109.616000
aalair,"Apple M3",8,"Darwin 27.0.0 arm64","Apple LLVM 21.0.0 (clang-2100.3.34.2)"," -O3 -DNDEBUG -DPITO_ECS_OWNED_DELETE_ATOMIC=1",8,100000,pito,owned_delete,ecs_remove_owned + join,4,500,3,109.348000
aalair,"Apple M3",8,"Darwin 27.0.0 arm64","Apple LLVM 21.0.0 (clang-2100.3.34.2)"," -O3 -DNDEBUG -DPITO_ECS_OWNED_DELETE_ATOMIC=1",8,100000,pito,owned_delete,ecs_remove_owned + join,4,500,4,109.733000
aalair,"Apple M3",8,"Darwin 27.0.0 arm64","Apple LLVM 21.0.0 (clang-2100.3.34.2)"," -O3 -DNDEBUG -DPITO_ECS_OWNED_DELETE_ATOMIC=1",8,100000,pito,owned_delete,ecs_remove_owned + join,4,500,5,109.733000
aalair,"Apple M3",8,"Darwin 27.0.0 arm64","Apple LLVM 21.0.0 (clang-2100.3.34.2)"," -O3 -DNDEBUG -DPITO_ECS_OWNED_DELETE_ATOMIC=1",8,100000,pito,owned_delete,ecs_remove_owned + join,4,500,6,109.702000
aalair,"Apple M3",8,"Darwin 27.0.0 arm64","Apple LLVM 21.0.0 (clang-2100.3.34.2)"," -O3 -DNDEBUG -DPITO_ECS_OWNED_DELETE_ATOMIC=1",8,100000,pito,owned_delete,ecs_remove_owned + join,4,500,7,109.306000
aalair,"Apple M3",8,"Darwin 27.0.0 arm64","Apple LLVM 21.0.0 (clang-2100.3.34.2)"," -O3 -DNDEBUG -DPITO_ECS_OWNED_DELETE_ATOMIC=1",8,100000,pito,owned_delete,ecs_remove_owned + join,4,500,8,110.193000
aalair,"Apple M3",8,"Darwin 27.0.0 arm64","Apple LLVM 21.0.0 (clang-2100.3.34.2)"," -O3 -DNDEBUG -DPITO_ECS_OWNED_DELETE_ATOMIC=1",8,100000,pito,owned_delete,ecs_remove_owned + join,4,500,9,109.372000
aalair,"Apple M3",8,"Darwin 27.0.0 arm64","Apple LLVM 21.0.0 (clang-2100.3.34.2)"," -O3 -DNDEBUG -DPITO_ECS_OWNED_DELETE_ATOMIC=1",8,100000,pito,owned_delete,ecs_remove_owned + join,4,500,10,109.819000
aalair,"Apple M3",8,"Darwin 27.0.0 arm64","Apple LLVM 21.0.0 (clang-2100.3.34.2)"," -O3 -DNDEBUG -DPITO_ECS_OWNED_DELETE_ATOMIC=1",8,100000,pito,owned_delete,ecs_remove_owned + join,4,500,11,116.228000
aalair,"Apple M3",8,"Darwin 27.0.0 arm64","Apple LLVM 21.0.0 (clang-2100.3.34.2)"," -O3 -DNDEBUG -DPITO_ECS_OWNED_DELETE_ATOMIC=1",8,100000,pito,owned_delete,ecs_remove_owned + join,4,500,12,111.504000
aalair,"Apple M3",8,"Darwin 27.0.0 arm64","Apple LLVM 21.0.0 (clang-2100.3.34.2)"," -O3 -DNDEBUG -DPITO_ECS_OWNED_DELETE_ATOMIC=1",8,100000,pito,owned_delete,ecs_remove_owned + join,4,500,13,139.030000
aalair,"Apple M3",8,"Darwin 27.0.0 arm64","Apple LLVM 21.0.0 (clang-2100.3.34.2)"," -O3 -DNDEBUG -DPITO_ECS_OWNED_DELETE_ATOMIC=1",8,100000,pito,owned_delete,ecs_remove_owned + join,4,500,14,109.997000
aalair,"Apple M3",8,"Darwin 27.0.0 arm64","Apple LLVM 21.0.0 (clang-2100.3.34.2)"," -O3 -DNDEBUG -DPITO_ECS_OWNED_DELETE_ATOMIC=1",8,100000,pito,owned_delete,ecs_remove_owned + join,4,500,15,109.002000
aalair,"Apple M3",8,"Darwin 27.0.0 arm64","Apple LLVM 21.0.0 (clang-2100.3.34.2)"," -O3 -DNDEBUG -DPITO_ECS_OWNED_DELETE_ATOMIC=1",8,100000,pito,owned_delete,ecs_remove_owned + join,4,500,16,109.742000
aalair,"Apple M3",8,"Darwin 27.0.0 arm64","Apple LLVM 21.0.0 (clang-2100.3.34.2)"," -O3 -DNDEBUG -DPITO_ECS_OWNED_DELETE_ATOMIC=1",8,100000,pito,owned_delete,ecs_remove_owned + join,8,0,1,44.688000
aalair,"Apple M3",8,"Darwin 27.0.0 arm64","Apple LLVM 21.0.0 (clang-2100.3.34.2)"," -O3 -DNDEBUG -DPITO_ECS_OWNED_DELETE_ATOMIC=1",8,100000,pito,owned_delete,ecs_remove_owned + join,8,0,2,45.361000
aalair,"Apple M3",8,"Darwin 27.0.0 arm64","Apple LLVM 21.0.0 (clang-2100.3.34.2)"," -O3 -DNDEBUG -DPITO_ECS_OWNED_DELETE_ATOMIC=1",8,100000,pito,owned_delete,ecs_remove_owned + join,8,0,3,45.584000
aalair,"Apple M3",8,"Darwin 27.0.0 arm64","Apple LLVM 21.0.0 (clang-2100.3.34.2)"," -O3 -DNDEBUG -DPITO_ECS_OWNED_DELETE_ATOMIC=1",8,100000,pito,owned_delete,ecs_remove_owned + join,8,0,4,45.124000
aalair,"Apple M3",8,"Darwin 27.0.0 arm64","Apple LLVM 21.0.0 (clang-2100.3.34.2)"," -O3 -DNDEBUG -DPITO_ECS_OWNED_DELETE_ATOMIC=1",8,100000,pito,owned_delete,ecs_remove_owned + join,8,0,5,45.322000
aalair,"Apple M3",8,"Darwin 27.0.0 arm64","Apple LLVM 21.0.0 (clang-2100.3.34.2)"," -O3 -DNDEBUG -DPITO_ECS_OWNED_DELETE_ATOMIC=1",8,100000,pito,owned_delete,ecs_remove_owned + join,8,0,6,45.871000
aalair,"Apple M3",8,"Darwin 27.0.0 arm64","Apple LLVM 21.0.0 (clang-2100.3.34.2)"," -O3 -DNDEBUG -DPITO_ECS_OWNED_DELETE_ATOMIC=1",8,100000,pito,owned_delete,ecs_remove_owned + join,8,0,7,41.485000
aalair,"Apple M3",8,"Darwin 27.0.0 arm64","Apple LLVM 21.0.0 (clang-2100.3.34.2)"," -O3 -DNDEBUG -DPITO_ECS_OWNED_DELETE_ATOMIC=1",8,100000,pito,owned_delete,ecs_remove_owned + join,8,0,8,45.739000
aalair,"Apple M3",8,"Darwin 27.0.0 arm64","Apple LLVM 21.0.0 (clang-2100.3.34.2)"," -O3 -DNDEBUG -DPITO_ECS_OWNED_DELETE_ATOMIC=1",8,100000,pito,owned_delete,ecs_remove_owned + join,8,0,9,45.397000
aalair,"Apple M3",8,"Darwin 27.0.0 arm64","Apple LLVM 21.0.0 (clang-2100.3.34.2)"," -O3 -DNDEBUG -DPITO_ECS_OWNED_DELETE_ATOMIC=1",8,100000,pito,owned_delete,ecs_remove_owned + join,8,0,10,46.412000
aalair,"Apple M3",8,"Darwin 27.0.0 arm64","Apple LLVM 21.0.0 (clang-2100.3.34.2)"," -O3 -DNDEBUG -DPITO_ECS_OWNED_DELETE_ATOMIC=1",8,100000,pito,owned_delete,ecs_remove_owned + join,8,0,11,46.539000
aalair,"Apple M3",8,"Darwin 27.0.0 arm64","Apple LLVM 21.0.0 (clang-2100.3.34.2)"," -O3 -DNDEBUG -DPITO_ECS_OWNED_DELETE_ATOMIC=1",8,100000,pito,owned_delete,ecs_remove_owned + join,8,10,1,45.432000
aalair,"Apple M3",8,"Darwin 27.0.0 arm64","Apple LLVM 21.0.0 (clang-2100.3.34.2)"," -O3 -DNDEBUG -DPITO_ECS_OWNED_DELETE_ATOMIC=1",8,100000,pito,owned_delete,ecs_remove_owned + join,8,10,2,45.825000
aalair,"Apple M3",8,"Darwin 27.0.0 arm64","Apple LLVM 21.0.0 (clang-2100.3.34.2)"," -O3 -DNDEBUG -DPITO_ECS_OWNED_DELETE_ATOMIC=1",8,100000,pito,owned_delete,ecs_remove_owned + join,8,10,3,45.563000
aalair,"Apple M3",8,"Darwin 27.0.0 arm64","Apple LLVM 21.0.0 (clang-2100.3.34.2)"," -O3 -DNDEBUG -DPITO_ECS_OWNED_DELETE_ATOMIC=1",8,100000,pito,owned_delete,ecs_remove_owned + join,8,10,4,45.486000
aalair,"Apple M3",8,"Darwin 27.0.0 arm64","Apple LLVM 21.0.0 (clang-2100.3.34.2)"," -O3 -DNDEBUG -DPITO_ECS_OWNED_DELETE_ATOMIC=1",8,100000,pito,owned_delete,ecs_remove_owned + join,8,10,5,45.436000
aalair,"Apple M3",8,"Darwin 27.0.0 arm64","Apple LLVM 21.0.0 (clang-2100.3.34.2)"," -O3 -DNDEBUG -DPITO_ECS_OWNED_DELETE_ATOMIC=1",8,100000,pito,owned_delete,ecs_remove_owned + join,8,10,6,45.992000
aalair,"Apple M3",8,"Darwin 27.0.0 arm64","Apple LLVM 21.0.0 (clang-2100.3.34.2)"," -O3 -DNDEBUG -DPITO_ECS_OWNED_DELETE_ATOMIC=1",8,100000,pito,owned_delete,ecs_remove_owned + join,8,10,7,45.539000
aalair,"Apple M3",8,"Darwin 27.0.0 arm64","Apple LLVM 21.0.0 (clang-2100.3.34.2)"," -O3 -DNDEBUG -DPITO_ECS_OWNED_DELETE_ATOMIC=1",8,100000,pito,owned_delete,ecs_remove_owned + join,8,10,8,46.269000
aalair,"Apple M3",8,"Darwin 27.0.0 arm64","Apple LLVM 21.0.0 (clang-2100.3.34.2)"," -O3 -DNDEBUG -DPITO_ECS_OWNED_DELETE_ATOMIC=1",8,100000,pito,owned_delete,ecs_remove_owned + join,8,10,9,45.006000
aalair,"Apple M3",8,"Darwin 27.0.0 arm64","Apple LLVM 21.0.0 (clang-2100.3.34.2)"," -O3 -DNDEBUG -DPITO_ECS_OWNED_DELETE_ATOMIC=1",8,100000,pito,owned_delete,ecs_remove_owned + join,8,10,10,45.653000
aalair,"Apple M3",8,"Darwin 27.0.0 arm64","Apple LLVM 21.0.0 (clang-2100.3.34.2)"," -O3 -DNDEBUG -DPITO_ECS_OWNED_DELETE_ATOMIC=1",8,100000,pito,owned_delete,ecs_remove_owned + join,8,50,1,44.769000
aalair,"Apple M3",8,"Darwin 27.0.0 arm64","Apple LLVM 21.0.0 (clang-2100.3.34.2)"," -O3 -DNDEBUG -DPITO_ECS_OWNED_DELETE_ATOMIC=1",8,100000,pito,owned_delete,ecs_remove_owned + join,8,50,2,44.107000
aalair,"Apple M3",8,"Darwin 27.0.0 arm64","Apple LLVM 21.0.0 (clang-2100.3.34.2)"," -O3 -DNDEBUG -DPITO_ECS_OWNED_DELETE_ATOMIC=1",8,100000,pito,owned_delete,ecs_remove_owned + join,8,50,3,44.377000
aalair,"Apple M3",8,"Darwin 27.0.0 arm64","Apple LLVM 21.0.0 (clang-2100.3.34.2)"," -O3 -DNDEBUG -DPITO_ECS_OWNED_DELETE_ATOMIC=1",8,100000,pito,owned_delete,ecs_remove_owned + join,8,50,4,45.176000
aalair,"Apple M3",8,"Darwin 27.0.0 arm64","Apple LLVM 21.0.0 (clang-2100.3.34.2)"," -O3 -DNDEBUG -DPITO_ECS_OWNED_DELETE_ATOMIC=1",8,100000,pito,owned_delete,ecs_remove_owned + join,8,50,5,45.460000
aalair,"Apple M3",8,"Darwin 27.0.0 arm64","Apple LLVM 21.0.0 (clang-2100.3.34.2)"," -O3 -DNDEBUG -DPITO_ECS_OWNED_DELETE_ATOMIC=1",8,100000,pito,owned_delete,ecs_remove_owned + join,8,50,6,44.943000
aalair,"Apple M3",8,"Darwin 27.0.0 arm64","Apple LLVM 21.0.0 (clang-2100.3.34.2)"," -O3 -DNDEBUG -DPITO_ECS_OWNED_DELETE_ATOMIC=1",8,100000,pito,owned_delete,ecs_remove_owned + join,8,50,7,44.959000
aalair,"Apple M3",8,"Darwin 27.0.0 arm64","Apple LLVM 21.0.0 (clang-2100.3.34.2)"," -O3 -DNDEBUG -DPITO_ECS_OWNED_DELETE_ATOMIC=1",8,100000,pito,owned_delete,ecs_remove_owned + join,8,50,8,46.528000
aalair,"Apple M3",8,"Darwin 27.0.0 arm64","Apple LLVM 21.0.0 (clang-2100.3.34.2)"," -O3 -DNDEBUG -DPITO_ECS_OWNED_DELETE_ATOMIC=1",8,100000,pito,owned_delete,ecs_remove_owned + join,8,50,9,44.614000
aalair,"Apple M3",8,"Darwin 27.0.0 arm64","Apple LLVM 21.0.0 (clang-2100.3.34.2)"," -O3 -DNDEBUG -DPITO_ECS_OWNED_DELETE_ATOMIC=1",8,100000,pito,owned_delete,ecs_remove_owned + join,8,50,10,43.838000
aalair,"Apple M3",8,"Darwin 27.0.0 arm64","Apple LLVM 21.0.0 (clang-2100.3.34.2)"," -O3 -DNDEBUG -DPITO_ECS_OWNED_DELETE_ATOMIC=1",8,100000,pito,owned_delete,ecs_remove_owned + join,8,500,1,87.137000
aalair,"Apple M3",8,"Darwin 27.0.0 arm64","Apple LLVM 21.0.0 (clang-2100.3.34.2)"," -O3 -DNDEBUG -DPITO_ECS_OWNED_DELETE_ATOMIC=1",8,100000,pito,owned_delete,ecs_remove_owned + join,8,500,2,85.942000
aalair,"Apple M3",8,"Darwin 27.0.0 arm64","Apple LLVM 21.0.0 (clang-2100.3.34.2)"," -O3 -DNDEBUG -DPITO_ECS_OWNED_DELETE_ATOMIC=1",8,100000,pito,owned_delete,ecs_remove_owned + join,8,500,3,81.238000
aalair,"Apple M3",8,"Darwin 27.0.0 arm64","Apple LLVM 21.0.0 (clang-2100.3.34.2)"," -O3 -DNDEBUG -DPITO_ECS_OWNED_DELETE_ATOMIC=1",8,100000,pito,owned_delete,ecs_remove_owned + join,8,500,4,90.483000
aalair,"Apple M3",8,"Darwin 27.0.0 arm64","Apple LLVM 21.0.0 (clang-2100.3.34.2)"," -O3 -DNDEBUG -DPITO_ECS_OWNED_DELETE_ATOMIC=1",8,100000,pito,owned_delete,ecs_remove_owned + join,8,500,5,95.196000
aalair,"Apple M3",8,"Darwin 27.0.0 arm64","Apple LLVM 21.0.0 (clang-2100.3.34.2)"," -O3 -DNDEBUG -DPITO_ECS_OWNED_DELETE_ATOMIC=1",8,100000,pito,owned_delete,ecs_remove_owned + join,8,500,6,124.069000
aalair,"Apple M3",8,"Darwin 27.0.0 arm64","Apple LLVM 21.0.0 (clang-2100.3.34.2)"," -O3 -DNDEBUG -DPITO_ECS_OWNED_DELETE_ATOMIC=1",8,100000,pito,owned_delete,ecs_remove_owned + join,8,500,7,126.187000
aalair,"Apple M3",8,"Darwin 27.0.0 arm64","Apple LLVM 21.0.0 (clang-2100.3.34.2)"," -O3 -DNDEBUG -DPITO_ECS_OWNED_DELETE_ATOMIC=1",8,100000,pito,owned_delete,ecs_remove_owned + join,8,500,8,171.773000
aalair,"Apple M3",8,"Darwin 27.0.0 arm64","Apple LLVM 21.0.0 (clang-2100.3.34.2)"," -O3 -DNDEBUG -DPITO_ECS_OWNED_DELETE_ATOMIC=1",8,100000,pito,owned_delete,ecs_remove_owned + join,8,500,9,126.584000
aalair,"Apple M3",8,"Darwin 27.0.0 arm64","Apple LLVM 21.0.0 (clang-2100.3.34.2)"," -O3 -DNDEBUG -DPITO_ECS_OWNED_DELETE_ATOMIC=1",8,100000,pito,owned_delete,ecs_remove_owned + join,8,500,10,160.684000
aalair,"Apple M3",8,"Darwin 27.0.0 arm64","Apple LLVM 21.0.0 (clang-2100.3.34.2)"," -O3 -DNDEBUG -DPITO_ECS_OWNED_DELETE_ATOMIC=1",8,100000,pito,owned_delete,ecs_remove_owned + join,8,500,11,243.930000
aalair,"Apple M3",8,"Darwin 27.0.0 arm64","Apple LLVM 21.0.0 (clang-2100.3.34.2)"," -O3 -DNDEBUG -DPITO_ECS_OWNED_DELETE_ATOMIC=1",8,100000,pito,owned_delete,ecs_remove_owned + join,8,500,12,142.348000
aalair,"Apple M3",8,"Darwin 27.0.0 arm64","Apple LLVM 21.0.0 (clang-2100.3.34.2)"," -O3 -DNDEBUG -DPITO_ECS_OWNED_DELETE_ATOMIC=1",8,100000,pito,owned_delete,ecs_remove_owned + join,8,500,13,113.310000
aalair,"Apple M3",8,"Darwin 27.0.0 arm64","Apple LLVM 21.0.0 (clang-2100.3.34.2)"," -O3 -DNDEBUG -DPITO_ECS_OWNED_DELETE_ATOMIC=1",8,100000,pito,owned_delete,ecs_remove_owned + join,8,500,14,91.769000
aalair,"Apple M3",8,"Darwin 27.0.0 arm64","Apple LLVM 21.0.0 (clang-2100.3.34.2)"," -O3 -DNDEBUG -DPITO_ECS_OWNED_DELETE_ATOMIC=1",8,100000,pito,owned_delete,ecs_remove_owned + join,8,500,15,125.150000
aalair,"Apple M3",8,"Darwin 27.0.0 arm64","Apple LLVM 21.0.0 (clang-2100.3.34.2)"," -O3 -DNDEBUG -DPITO_ECS_OWNED_DELETE_ATOMIC=1",8,100000,pito,owned_delete,ecs_remove_owned + join,8,500,16,95.337000
aalair,"Apple M3",8,"Darwin 27.0.0 arm64","Apple LLVM 21.0.0 (clang-2100.3.34.2)"," -O3 -DNDEBUG -DPITO_ECS_OWNED_DELETE_ATOMIC=1",8,100000,pito,owned_delete,ecs_remove_owned + join,8,500,17,108.361000
aalair,"Apple M3",8,"Darwin 27.0.0 arm64","Apple LLVM 21.0.0 (clang-2100.3.34.2)"," -O3 -DNDEBUG -DPITO_ECS_OWNED_DELETE_ATOMIC=1",8,100000,pito,owned_delete,ecs_remove_owned + join,8,500,18,102.364000
aalair,"Apple M3",8,"Darwin 27.0.0 arm64","Apple LLVM 21.0.0 (clang-2100.3.34.2)"," -O3 -DNDEBUG -DPITO_ECS_OWNED_DELETE_ATOMIC=1",8,100000,pito,owned_delete,ecs_remove_owned + join,8,500,19,85.068000
aalair,"Apple M3",8,"Darwin 27.0.0 arm64","Apple LLVM 21.0.0 (clang-2100.3.34.2)"," -O3 -DNDEBUG -DPITO_ECS_OWNED_DELETE_ATOMIC=1",8,100000,pito,owned_delete,ecs_remove_owned + join,8,500,20,88.874000
aalair,"Apple M3",8,"Darwin 27.0.0 arm64","Apple LLVM 21.0.0 (clang-2100.3.34.2)"," -O3 -DNDEBUG -DPITO_ECS_OWNED_DELETE_ATOMIC=1",8,100000,pito,owned_delete,ecs_remove_owned + join,8,500,21,87.905000
aalair,"Apple M3",8,"Darwin 27.0.0 arm64","Apple LLVM 21.0.0 (clang-2100.3.34.2)"," -O3 -DNDEBUG -DPITO_ECS_OWNED_DELETE_ATOMIC=1",8,100000,pito,owned_delete,ecs_remove_owned + join,8,500,22,89.165000
aalair,"Apple M3",8,"Darwin 27.0.0 arm64","Apple LLVM 21.0.0 (clang-2100.3.34.2)"," -O3 -DNDEBUG -DPITO_ECS_OWNED_DELETE_ATOMIC=1",8,100000,pito,owned_delete,ecs_remove_owned + join,8,500,23,88.038000
aalair,"Apple M3",8,"Darwin 27.0.0 arm64","Apple LLVM 21.0.0 (clang-2100.3.34.2)"," -O3 -DNDEBUG -DPITO_ECS_OWNED_DELETE_ATOMIC=1",8,100000,pito,owned_delete,ecs_remove_owned + join,8,500,24,90.973000
aalair,"Apple M3",8,"Darwin 27.0.0 arm64","Apple LLVM 21.0.0 (clang-2100.3.34.2)"," -O3 -DNDEBUG -DPITO_ECS_OWNED_DELETE_ATOMIC=1",8,100000,pito,owned_delete,ecs_remove_owned + join,8,500,25,89.493000
aalair,"Apple M3",8,"Darwin 27.0.0 arm64","Apple LLVM 21.0.0 (clang-2100.3.34.2)"," -O3 -DNDEBUG -DPITO_ECS_OWNED_DELETE_ATOMIC=1",8,100000,pito,owned_delete,ecs_remove_owned + join,8,500,26,90.491000
aalair,"Apple M3",8,"Darwin 27.0.0 arm64","Apple LLVM 21.0.0 (clang-2100.3.34.2)"," -O3 -DNDEBUG -DPITO_ECS_OWNED_DELETE_ATOMIC=1",8,100000,pito,owned_delete,ecs_remove_owned + join,8,500,27,88.756000
aalair,"Apple M3",8,"Darwin 27.0.0 arm64","Apple LLVM 21.0.0 (clang-2100.3.34.2)"," -O3 -DNDEBUG -DPITO_ECS_OWNED_DELETE_ATOMIC=1",8,100000,pito,owned_delete,ecs_remove_owned + join,8,500,28,84.571000
aalair,"Apple M3",8,"Darwin 27.0.0 arm64","Apple LLVM 21.0.0 (clang-2100.3.34.2)"," -O3 -DNDEBUG -DPITO_ECS_OWNED_DELETE_ATOMIC=1",8,100000,pito,owned_delete,ecs_remove_owned + join,8,500,29,84.964000
aalair,"Apple M3",8,"Darwin 27.0.0 arm64","Apple LLVM 21.0.0 (clang-2100.3.34.2)"," -O3 -DNDEBUG -DPITO_ECS_OWNED_DELETE_ATOMIC=1",8,100000,pito,owned_delete,ecs_remove_owned + join,8,500,30,114.700000
aalair,"Apple M3",8,"Darwin 27.0.0 arm64","Apple LLVM 21.0.0 (clang-2100.3.34.2)"," -O3 -DNDEBUG -DPITO_ECS_OWNED_DELETE_ATOMIC=1",8,100000,pito,owned_delete,ecs_remove_owned + join,8,500,31,85.921000
aalair,"Apple M3",8,"Darwin 27.0.0 arm64","Apple LLVM 21.0.0 (clang-2100.3.34.2)"," -O3 -DNDEBUG -DPITO_ECS_OWNED_DELETE_ATOMIC=1",8,100000,pito,owned_delete,ecs_remove_owned + join,8,500,32,81.750000
aalair,"Apple M3",8,"Darwin 27.0.0 arm64","Apple LLVM 21.0.0 (clang-2100.3.34.2)"," -O3 -DNDEBUG -DPITO_ECS_OWNED_DELETE_ATOMIC=1",8,100000,pito,owned_delete,ecs_remove_owned + join,8,500,33,86.690000
aalair,"Apple M3",8,"Darwin 27.0.0 arm64","Apple LLVM 21.0.0 (clang-2100.3.34.2)"," -O3 -DNDEBUG -DPITO_ECS_OWNED_DELETE_ATOMIC=1",8,100000,pito,owned_delete,ecs_remove_owned + join,8,500,34,81.562000
aalair,"Apple M3",8,"Darwin 27.0.0 arm64","Apple LLVM 21.0.0 (clang-2100.3.34.2)"," -O3 -DNDEBUG -DPITO_ECS_OWNED_DELETE_ATOMIC=1",8,100000,pito,owned_delete,ecs_remove_owned + join,8,500,35,80.323000
aalair,"Apple M3",8,"Darwin 27.0.0 arm64","Apple LLVM 21.0.0 (clang-2100.3.34.2)"," -O3 -DNDEBUG -DPITO_ECS_OWNED_DELETE_ATOMIC=1",8,100000,pito,owned_delete,ecs_remove_owned + join,8,500,36,82.155000
aalair,"Apple M3",8,"Darwin 27.0.0 arm64","Apple LLVM 21.0.0 (clang-2100.3.34.2)"," -O3 -DNDEBUG -DPITO_ECS_OWNED_DELETE_ATOMIC=1",8,100000,pito,owned_delete,ecs_remove_owned + join,8,500,37,82.564000
aalair,"Apple M3",8,"Darwin 27.0.0 arm64","Apple LLVM 21.0.0 (clang-2100.3.34.2)"," -O3 -DNDEBUG -DPITO_ECS_OWNED_DELETE_ATOMIC=1",8,100000,pito,owned_delete,ecs_remove_owned + join,8,500,38,93.433000
aalair,"Apple M3",8,"Darwin 27.0.0 arm64","Apple LLVM 21.0.0 (clang-2100.3.34.2)"," -O3 -DNDEBUG -DPITO_ECS_OWNED_DELETE_ATOMIC=1",8,100000,pito,owned_delete,ecs_remove_owned + join,8,500,39,81.913000
aalair,"Apple M3",8,"Darwin 27.0.0 arm64","Apple LLVM 21.0.0 (clang-2100.3.34.2)"," -O3 -DNDEBUG -DPITO_ECS_OWNED_DELETE_ATOMIC=1",8,100000,pito,owned_delete,ecs_remove_owned + join,8,500,40,89.196000
aalair,"Apple M3",8,"Darwin 27.0.0 arm64","Apple LLVM 21.0.0 (clang-2100.3.34.2)"," -O3 -DNDEBUG -DPITO_ECS_OWNED_DELETE_ATOMIC=1",8,100000,pito,owned_delete,ecs_remove_owned + join,8,500,41,102.523000
aalair,"Apple M3",8,"Darwin 27.0.0 arm64","Apple LLVM 21.0.0 (clang-2100.3.34.2)"," -O3 -DNDEBUG -DPITO_ECS_OWNED_DELETE_ATOMIC=1",8,100000,pito,owned_delete,ecs_remove_owned + join,8,500,42,88.609000
aalair,"Apple M3",8,"Darwin 27.0.0 arm64","Apple LLVM 21.0.0 (clang-2100.3.34.2)"," -O3 -DNDEBUG -DPITO_ECS_OWNED_DELETE_ATOMIC=1",8,100000,pito,owned_delete,ecs_remove_owned + join,8,500,43,88.156000
aalair,"Apple M3",8,"Darwin 27.0.0 arm64","Apple LLVM 21.0.0 (clang-2100.3.34.2)"," -O3 -DNDEBUG -DPITO_ECS_OWNED_DELETE_ATOMIC=1",8,100000,pito,owned_delete,ecs_remove_owned + join,8,500,44,100.289000
aalair,"Apple M3",8,"Darwin 27.0.0 arm64","Apple LLVM 21.0.0 (clang-2100.3.34.2)"," -O3 -DNDEBUG -DPITO_ECS_OWNED_DELETE_ATOMIC=1",8,100000,pito,owned_delete,ecs_remove_owned + join,8,500,45,84.389000
aalair,"Apple M3",8,"Darwin 27.0.0 arm64","Apple LLVM 21.0.0 (clang-2100.3.34.2)"," -O3 -DNDEBUG -DPITO_ECS_OWNED_DELETE_ATOMIC=1",8,100000,pito,owned_delete,ecs_remove_owned + join,8,500,46,95.077000
aalair,"Apple M3",8,"Darwin 27.0.0 arm64","Apple LLVM 21.0.0 (clang-2100.3.34.2)"," -O3 -DNDEBUG -DPITO_ECS_OWNED_DELETE_ATOMIC=1",8,100000,pito,owned_delete,ecs_remove_owned + join,8,500,47,85.584000
aalair,"Apple M3",8,"Darwin 27.0.0 arm64","Apple LLVM 21.0.0 (clang-2100.3.34.2)"," -O3 -DNDEBUG -DPITO_ECS_OWNED_DELETE_ATOMIC=1",8,100000,pito,owned_delete,ecs_remove_owned + join,8,500,48,84.820000
aalair,"Apple M3",8,"Darwin 27.0.0 arm64","Apple LLVM 21.0.0 (clang-2100.3.34.2)"," -O3 -DNDEBUG -DPITO_ECS_OWNED_DELETE_ATOMIC=1",8,100000,pito,owned_delete,ecs_remove_owned + join,8,500,49,86.033000
aalair,"Apple M3",8,"Darwin 27.0.0 arm64","Apple LLVM 21.0.0 (clang-2100.3.34.2)"," -O3 -DNDEBUG -DPITO_ECS_OWNED_DELETE_ATOMIC=1",8,100000,pito,owned_delete,ecs_remove_owned + join,8,500,50,89.139000
aalair,"Apple M3",8,"Darwin 27.0.0 arm64","Apple LLVM 21.0.0 (clang-2100.3.34.2)"," -O3 -DNDEBUG",8,100000,pico,owned_initialize,,1,0,1,11.385000
aalair,"Apple M3",8,"Darwin 27.0.0 arm64","Apple LLVM 21.0.0 (clang-2100.3.34.2)"," -O3 -DNDEBUG",8,100000,pico,owned_initialize,,1,0,2,11.278000
aalair,"Apple M3",8,"Darwin 27.0.0 arm64","Apple LLVM 21.0.0 (clang-2100.3.34.2)"," -O3 -DNDEBUG",8,100000,pico,owned_initialize,,1,0,3,11.193000
aalair,"Apple M3",8,"Darwin 27.0.0 arm64","Apple LLVM 21.0.0 (clang-2100.3.34.2)"," -O3 -DNDEBUG",8,100000,pico,owned_initialize,,1,0,4,10.921000
aalair,"Apple M3",8,"Darwin 27.0.0 arm64","Apple LLVM 21.0.0 (clang-2100.3.34.2)"," -O3 -DNDEBUG",8,100000,pico,owned_initialize,,1,0,5,11.219000
aalair,"Apple M3",8,"Darwin 27.0.0 arm64","Apple LLVM 21.0.0 (clang-2100.3.34.2)"," -O3 -DNDEBUG",8,100000,pico,owned_initialize,,1,0,6,11.037000
aalair,"Apple M3",8,"Darwin 27.0.0 arm64","Apple LLVM 21.0.0 (clang-2100.3.34.2)"," -O3 -DNDEBUG",8,100000,pico,owned_initialize,,1,0,7,11.114000
aalair,"Apple M3",8,"Darwin 27.0.0 arm64","Apple LLVM 21.0.0 (clang-2100.3.34.2)"," -O3 -DNDEBUG",8,100000,pico,owned_initialize,,1,0,8,11.116000
aalair,"Apple M3",8,"Darwin 27.0.0 arm64","Apple LLVM 21.0.0 (clang-2100.3.34.2)"," -O3 -DNDEBUG",8,100000,pico,owned_initialize,,1,0,9,11.118000
aalair,"Apple M3",8,"Darwin 27.0.0 arm64","Apple LLVM 21.0.0 (clang-2100.3.34.2)"," -O3 -DNDEBUG",8,100000,pico,owned_initialize,,1,0,10,11.025000
aalair,"Apple M3",8,"Darwin 27.0.0 arm64","Apple LLVM 21.0.0 (clang-2100.3.34.2)"," -O3 -DNDEBUG",8,100000,pico,owned_initialize,,1,10,1,13.113000
aalair,"Apple M3",8,"Darwin 27.0.0 arm64","Apple LLVM 21.0.0 (clang-2100.3.34.2)"," -O3 -DNDEBUG",8,100000,pico,owned_initialize,,1,10,2,13.108000
aalair,"Apple M3",8,"Darwin 27.0.0 arm64","Apple LLVM 21.0.0 (clang-2100.3.34.2)"," -O3 -DNDEBUG",8,100000,pico,owned_initialize,,1,10,3,13.015000
aalair,"Apple M3",8,"Darwin 27.0.0 arm64","Apple LLVM 21.0.0 (clang-2100.3.34.2)"," -O3 -DNDEBUG",8,100000,pico,owned_initialize,,1,10,4,13.048000
aalair,"Apple M3",8,"Darwin 27.0.0 arm64","Apple LLVM 21.0.0 (clang-2100.3.34.2)"," -O3 -DNDEBUG",8,100000,pico,owned_initialize,,1,10,5,12.947000
aalair,"Apple M3",8,"Darwin 27.0.0 arm64","Apple LLVM 21.0.0 (clang-2100.3.34.2)"," -O3 -DNDEBUG",8,100000,pico,owned_initialize,,1,10,6,13.141000
aalair,"Apple M3",8,"Darwin 27.0.0 arm64","Apple LLVM 21.0.0 (clang-2100.3.34.2)"," -O3 -DNDEBUG",8,100000,pico,owned_initialize,,1,10,7,13.027000
aalair,"Apple M3",8,"Darwin 27.0.0 arm64","Apple LLVM 21.0.0 (clang-2100.3.34.2)"," -O3 -DNDEBUG",8,100000,pico,owned_initialize,,1,10,8,13.099000
aalair,"Apple M3",8,"Darwin 27.0.0 arm64","Apple LLVM 21.0.0 (clang-2100.3.34.2)"," -O3 -DNDEBUG",8,100000,pico,owned_initialize,,1,10,9,13.094000
aalair,"Apple M3",8,"Darwin 27.0.0 arm64","Apple LLVM 21.0.0 (clang-2100.3.34.2)"," -O3 -DNDEBUG",8,100000,pico,owned_initialize,,1,10,10,13.135000
aalair,"Apple M3",8,"Darwin 27.0.0 arm64","Apple LLVM 21.0.0 (clang-2100.3.34.2)"," -O3 -DNDEBUG",8,100000,pico,owned_initialize,,1,50,1,26.130000
aalair,"Apple M3",8,"Darwin 27.0.0 arm64","Apple LLVM 21.0.0 (clang-2100.3.34.2)"," -O3 -DNDEBUG",8,100000,pico,owned_initialize,,1,50,2,26.063000
aalair,"Apple M3",8,"Darwin 27.0.0 arm64","Apple LLVM 21.0.0 (clang-2100.3.34.2)"," -O3 -DNDEBUG",8,100000,pico,owned_initialize,,1,50,3,26.364000
aalair,"Apple M3",8,"Darwin 27.0.0 arm64","Apple LLVM 21.0.0 (clang-2100.3.34.2)"," -O3 -DNDEBUG",8,100000,pico,owned_initialize,,1,50,4,26.197000
aalair,"Apple M3",8,"Darwin 27.0.0 arm64","Apple LLVM 21.0.0 (clang-2100.3.34.2)"," -O3 -DNDEBUG",8,100000,pico,owned_initialize,,1,50,5,26.136000
aalair,"Apple M3",8,"Darwin 27.0.0 arm64","Apple LLVM 21.0.0 (clang-2100.3.34.2)"," -O3 -DNDEBUG",8,100000,pico,owned_initialize,,1,50,6,26.005000
aalair,"Apple M3",8,"Darwin 27.0.0 arm64","Apple LLVM 21.0.0 (clang-2100.3.34.2)"," -O3 -DNDEBUG",8,100000,pico,owned_initialize,,1,50,7,26.055000
aalair,"Apple M3",8,"Darwin 27.0.0 arm64","Apple LLVM 21.0.0 (clang-2100.3.34.2)"," -O3 -DNDEBUG",8,100000,pico,owned_initialize,,1,50,8,26.123000
aalair,"Apple M3",8,"Darwin 27.0.0 arm64","Apple LLVM 21.0.0 (clang-2100.3.34.2)"," -O3 -DNDEBUG",8,100000,pico,owned_initialize,,1,50,9,26.149000
aalair,"Apple M3",8,"Darwin 27.0.0 arm64","Apple LLVM 21.0.0 (clang-2100.3.34.2)"," -O3 -DNDEBUG",8,100000,pico,owned_initialize,,1,50,10,26.091000
aalair,"Apple M3",8,"Darwin 27.0.0 arm64","Apple LLVM 21.0.0 (clang-2100.3.34.2)"," -O3 -DNDEBUG",8,100000,pico,owned_initialize,,1,500,1,368.521000
aalair,"Apple M3",8,"Darwin 27.0.0 arm64","Apple LLVM 21.0.0 (clang-2100.3.34.2)"," -O3 -DNDEBUG",8,100000,pico,owned_initialize,,1,500,2,370.510000
aalair,"Apple M3",8,"Darwin 27.0.0 arm64","Apple LLVM 21.0.0 (clang-2100.3.34.2)"," -O3 -DNDEBUG",8,100000,pico,owned_initialize,,1,500,3,352.850000
aalair,"Apple M3",8,"Darwin 27.0.0 arm64","Apple LLVM 21.0.0 (clang-2100.3.34.2)"," -O3 -DNDEBUG",8,100000,pico,owned_initialize,,1,500,4,350.151000
aalair,"Apple M3",8,"Darwin 27.0.0 arm64","Apple LLVM 21.0.0 (clang-2100.3.34.2)"," -O3 -DNDEBUG",8,100000,pico,owned_initialize,,1,500,5,349.238000
aalair,"Apple M3",8,"Darwin 27.0.0 arm64","Apple LLVM 21.0.0 (clang-2100.3.34.2)"," -O3 -DNDEBUG",8,100000,pico,owned_initialize,,1,500,6,348.504000
aalair,"Apple M3",8,"Darwin 27.0.0 arm64","Apple LLVM 21.0.0 (clang-2100.3.34.2)"," -O3 -DNDEBUG",8,100000,pico,owned_initialize,,1,500,7,348.091000
aalair,"Apple M3",8,"Darwin 27.0.0 arm64","Apple LLVM 21.0.0 (clang-2100.3.34.2)"," -O3 -DNDEBUG",8,100000,pico,owned_initialize,,1,500,8,347.887000
aalair,"Apple M3",8,"Darwin 27.0.0 arm64","Apple LLVM 21.0.0 (clang-2100.3.34.2)"," -O3 -DNDEBUG",8,100000,pico,owned_initialize,,1,500,9,347.937000
aalair,"Apple M3",8,"Darwin 27.0.0 arm64","Apple LLVM 21.0.0 (clang-2100.3.34.2)"," -O3 -DNDEBUG",8,100000,pico,owned_initialize,,1,500,10,349.322000
aalair,"Apple M3",8,"Darwin 27.0.0 arm64","Apple LLVM 21.0.0 (clang-2100.3.34.2)"," -O3 -DNDEBUG",8,100000,pico,owned_initialize,,1,500,11,348.405000
aalair,"Apple M3",8,"Darwin 27.0.0 arm64","Apple LLVM 21.0.0 (clang-2100.3.34.2)"," -O3 -DNDEBUG",8,100000,pico,owned_initialize,,1,500,12,348.334000
aalair,"Apple M3",8,"Darwin 27.0.0 arm64","Apple LLVM 21.0.0 (clang-2100.3.34.2)"," -O3 -DNDEBUG",8,100000,pico,owned_initialize,,1,500,13,349.268000
aalair,"Apple M3",8,"Darwin 27.0.0 arm64","Apple LLVM 21.0.0 (clang-2100.3.34.2)"," -O3 -DNDEBUG",8,100000,pico,owned_initialize,,1,500,14,348.031000
aalair,"Apple M3",8,"Darwin 27.0.0 arm64","Apple LLVM 21.0.0 (clang-2100.3.34.2)"," -O3 -DNDEBUG",8,100000,flecs,owned_initialize,,1,0,1,39.317000
aalair,"Apple M3",8,"Darwin 27.0.0 arm64","Apple LLVM 21.0.0 (clang-2100.3.34.2)"," -O3 -DNDEBUG",8,100000,flecs,owned_initialize,,1,0,2,38.986000
aalair,"Apple M3",8,"Darwin 27.0.0 arm64","Apple LLVM 21.0.0 (clang-2100.3.34.2)"," -O3 -DNDEBUG",8,100000,flecs,owned_initialize,,1,0,3,39.173000
aalair,"Apple M3",8,"Darwin 27.0.0 arm64","Apple LLVM 21.0.0 (clang-2100.3.34.2)"," -O3 -DNDEBUG",8,100000,flecs,owned_initialize,,1,0,4,39.054000
aalair,"Apple M3",8,"Darwin 27.0.0 arm64","Apple LLVM 21.0.0 (clang-2100.3.34.2)"," -O3 -DNDEBUG",8,100000,flecs,owned_initialize,,1,0,5,39.127000
aalair,"Apple M3",8,"Darwin 27.0.0 arm64","Apple LLVM 21.0.0 (clang-2100.3.34.2)"," -O3 -DNDEBUG",8,100000,flecs,owned_initialize,,1,0,6,39.054000
aalair,"Apple M3",8,"Darwin 27.0.0 arm64","Apple LLVM 21.0.0 (clang-2100.3.34.2)"," -O3 -DNDEBUG",8,100000,flecs,owned_initialize,,1,0,7,39.105000
aalair,"Apple M3",8,"Darwin 27.0.0 arm64","Apple LLVM 21.0.0 (clang-2100.3.34.2)"," -O3 -DNDEBUG",8,100000,flecs,owned_initialize,,1,0,8,39.517000
aalair,"Apple M3",8,"Darwin 27.0.0 arm64","Apple LLVM 21.0.0 (clang-2100.3.34.2)"," -O3 -DNDEBUG",8,100000,flecs,owned_initialize,,1,0,9,39.311000
aalair,"Apple M3",8,"Darwin 27.0.0 arm64","Apple LLVM 21.0.0 (clang-2100.3.34.2)"," -O3 -DNDEBUG",8,100000,flecs,owned_initialize,,1,0,10,39.062000
aalair,"Apple M3",8,"Darwin 27.0.0 arm64","Apple LLVM 21.0.0 (clang-2100.3.34.2)"," -O3 -DNDEBUG",8,100000,flecs,owned_initialize,,1,10,1,41.192000
aalair,"Apple M3",8,"Darwin 27.0.0 arm64","Apple LLVM 21.0.0 (clang-2100.3.34.2)"," -O3 -DNDEBUG",8,100000,flecs,owned_initialize,,1,10,2,41.816000
aalair,"Apple M3",8,"Darwin 27.0.0 arm64","Apple LLVM 21.0.0 (clang-2100.3.34.2)"," -O3 -DNDEBUG",8,100000,flecs,owned_initialize,,1,10,3,42.445000
aalair,"Apple M3",8,"Darwin 27.0.0 arm64","Apple LLVM 21.0.0 (clang-2100.3.34.2)"," -O3 -DNDEBUG",8,100000,flecs,owned_initialize,,1,10,4,42.371000
aalair,"Apple M3",8,"Darwin 27.0.0 arm64","Apple LLVM 21.0.0 (clang-2100.3.34.2)"," -O3 -DNDEBUG",8,100000,flecs,owned_initialize,,1,10,5,41.831000
aalair,"Apple M3",8,"Darwin 27.0.0 arm64","Apple LLVM 21.0.0 (clang-2100.3.34.2)"," -O3 -DNDEBUG",8,100000,flecs,owned_initialize,,1,10,6,41.943000
aalair,"Apple M3",8,"Darwin 27.0.0 arm64","Apple LLVM 21.0.0 (clang-2100.3.34.2)"," -O3 -DNDEBUG",8,100000,flecs,owned_initialize,,1,10,7,41.512000
aalair,"Apple M3",8,"Darwin 27.0.0 arm64","Apple LLVM 21.0.0 (clang-2100.3.34.2)"," -O3 -DNDEBUG",8,100000,flecs,owned_initialize,,1,10,8,41.739000
aalair,"Apple M3",8,"Darwin 27.0.0 arm64","Apple LLVM 21.0.0 (clang-2100.3.34.2)"," -O3 -DNDEBUG",8,100000,flecs,owned_initialize,,1,10,9,41.614000
aalair,"Apple M3",8,"Darwin 27.0.0 arm64","Apple LLVM 21.0.0 (clang-2100.3.34.2)"," -O3 -DNDEBUG",8,100000,flecs,owned_initialize,,1,10,10,41.579000
aalair,"Apple M3",8,"Darwin 27.0.0 arm64","Apple LLVM 21.0.0 (clang-2100.3.34.2)"," -O3 -DNDEBUG",8,100000,flecs,owned_initialize,,1,50,1,57.837000
aalair,"Apple M3",8,"Darwin 27.0.0 arm64","Apple LLVM 21.0.0 (clang-2100.3.34.2)"," -O3 -DNDEBUG",8,100000,flecs,owned_initialize,,1,50,2,57.691000
aalair,"Apple M3",8,"Darwin 27.0.0 arm64","Apple LLVM 21.0.0 (clang-2100.3.34.2)"," -O3 -DNDEBUG",8,100000,flecs,owned_initialize,,1,50,3,57.710000
aalair,"Apple M3",8,"Darwin 27.0.0 arm64","Apple LLVM 21.0.0 (clang-2100.3.34.2)"," -O3 -DNDEBUG",8,100000,flecs,owned_initialize,,1,50,4,57.639000
aalair,"Apple M3",8,"Darwin 27.0.0 arm64","Apple LLVM 21.0.0 (clang-2100.3.34.2)"," -O3 -DNDEBUG",8,100000,flecs,owned_initialize,,1,50,5,57.630000
aalair,"Apple M3",8,"Darwin 27.0.0 arm64","Apple LLVM 21.0.0 (clang-2100.3.34.2)"," -O3 -DNDEBUG",8,100000,flecs,owned_initialize,,1,50,6,57.762000
aalair,"Apple M3",8,"Darwin 27.0.0 arm64","Apple LLVM 21.0.0 (clang-2100.3.34.2)"," -O3 -DNDEBUG",8,100000,flecs,owned_initialize,,1,50,7,57.732000
aalair,"Apple M3",8,"Darwin 27.0.0 arm64","Apple LLVM 21.0.0 (clang-2100.3.34.2)"," -O3 -DNDEBUG",8,100000,flecs,owned_initialize,,1,50,8,57.887000
aalair,"Apple M3",8,"Darwin 27.0.0 arm64","Apple LLVM 21.0.0 (clang-2100.3.34.2)"," -O3 -DNDEBUG",8,100000,flecs,owned_initialize,,1,50,9,57.771000
aalair,"Apple M3",8,"Darwin 27.0.0 arm64","Apple LLVM 21.0.0 (clang-2100.3.34.2)"," -O3 -DNDEBUG",8,100000,flecs,owned_initialize,,1,50,10,57.723000
aalair,"Apple M3",8,"Darwin 27.0.0 arm64","Apple LLVM 21.0.0 (clang-2100.3.34.2)"," -O3 -DNDEBUG",8,100000,flecs,owned_initialize,,1,500,1,405.509000
aalair,"Apple M3",8,"Darwin 27.0.0 arm64","Apple LLVM 21.0.0 (clang-2100.3.34.2)"," -O3 -DNDEBUG",8,100000,flecs,owned_initialize,,1,500,2,402.393000
aalair,"Apple M3",8,"Darwin 27.0.0 arm64","Apple LLVM 21.0.0 (clang-2100.3.34.2)"," -O3 -DNDEBUG",8,100000,flecs,owned_initialize,,1,500,3,402.866000
aalair,"Apple M3",8,"Darwin 27.0.0 arm64","Apple LLVM 21.0.0 (clang-2100.3.34.2)"," -O3 -DNDEBUG",8,100000,flecs,owned_initialize,,1,500,4,403.576000
aalair,"Apple M3",8,"Darwin 27.0.0 arm64","Apple LLVM 21.0.0 (clang-2100.3.34.2)"," -O3 -DNDEBUG",8,100000,flecs,owned_initialize,,1,500,5,402.233000
aalair,"Apple M3",8,"Darwin 27.0.0 arm64","Apple LLVM 21.0.0 (clang-2100.3.34.2)"," -O3 -DNDEBUG",8,100000,flecs,owned_initialize,,1,500,6,403.010000
aalair,"Apple M3",8,"Darwin 27.0.0 arm64","Apple LLVM 21.0.0 (clang-2100.3.34.2)"," -O3 -DNDEBUG",8,100000,flecs,owned_initialize,,1,500,7,402.322000
aalair,"Apple M3",8,"Darwin 27.0.0 arm64","Apple LLVM 21.0.0 (clang-2100.3.34.2)"," -O3 -DNDEBUG",8,100000,flecs,owned_initialize,,1,500,8,403.819000
aalair,"Apple M3",8,"Darwin 27.0.0 arm64","Apple LLVM 21.0.0 (clang-2100.3.34.2)"," -O3 -DNDEBUG",8,100000,flecs,owned_initialize,,1,500,9,402.375000
aalair,"Apple M3",8,"Darwin 27.0.0 arm64","Apple LLVM 21.0.0 (clang-2100.3.34.2)"," -O3 -DNDEBUG",8,100000,flecs,owned_initialize,,1,500,10,402.048000
aalair,"Apple M3",8,"Darwin 27.0.0 arm64","Apple LLVM 21.0.0 (clang-2100.3.34.2)"," -O3 -DNDEBUG",8,100000,pito,owned_initialize,ecs_create_owned,1,0,1,27.385000
aalair,"Apple M3",8,"Darwin 27.0.0 arm64","Apple LLVM 21.0.0 (clang-2100.3.34.2)"," -O3 -DNDEBUG",8,100000,pito,owned_initialize,ecs_create_owned,1,0,2,27.064000
aalair,"Apple M3",8,"Darwin 27.0.0 arm64","Apple LLVM 21.0.0 (clang-2100.3.34.2)"," -O3 -DNDEBUG",8,100000,pito,owned_initialize,ecs_create_owned,1,0,3,27.389000
aalair,"Apple M3",8,"Darwin 27.0.0 arm64","Apple LLVM 21.0.0 (clang-2100.3.34.2)"," -O3 -DNDEBUG",8,100000,pito,owned_initialize,ecs_create_owned,1,0,4,26.950000
aalair,"Apple M3",8,"Darwin 27.0.0 arm64","Apple LLVM 21.0.0 (clang-2100.3.34.2)"," -O3 -DNDEBUG",8,100000,pito,owned_initialize,ecs_create_owned,1,0,5,26.928000
aalair,"Apple M3",8,"Darwin 27.0.0 arm64","Apple LLVM 21.0.0 (clang-2100.3.34.2)"," -O3 -DNDEBUG",8,100000,pito,owned_initialize,ecs_create_owned,1,0,6,27.141000
aalair,"Apple M3",8,"Darwin 27.0.0 arm64","Apple LLVM 21.0.0 (clang-2100.3.34.2)"," -O3 -DNDEBUG",8,100000,pito,owned_initialize,ecs_create_owned,1,0,7,27.034000
aalair,"Apple M3",8,"Darwin 27.0.0 arm64","Apple LLVM 21.0.0 (clang-2100.3.34.2)"," -O3 -DNDEBUG",8,100000,pito,owned_initialize,ecs_create_owned,1,0,8,27.281000
aalair,"Apple M3",8,"Darwin 27.0.0 arm64","Apple LLVM 21.0.0 (clang-2100.3.34.2)"," -O3 -DNDEBUG",8,100000,pito,owned_initialize,ecs_create_owned,1,0,9,27.103000
aalair,"Apple M3",8,"Darwin 27.0.0 arm64","Apple LLVM 21.0.0 (clang-2100.3.34.2)"," -O3 -DNDEBUG",8,100000,pito,owned_initialize,ecs_create_owned,1,0,10,27.186000
aalair,"Apple M3",8,"Darwin 27.0.0 arm64","Apple LLVM 21.0.0 (clang-2100.3.34.2)"," -O3 -DNDEBUG",8,100000,pito,owned_initialize,ecs_create_owned,1,10,1,29.506000
aalair,"Apple M3",8,"Darwin 27.0.0 arm64","Apple LLVM 21.0.0 (clang-2100.3.34.2)"," -O3 -DNDEBUG",8,100000,pito,owned_initialize,ecs_create_owned,1,10,2,29.412000
aalair,"Apple M3",8,"Darwin 27.0.0 arm64","Apple LLVM 21.0.0 (clang-2100.3.34.2)"," -O3 -DNDEBUG",8,100000,pito,owned_initialize,ecs_create_owned,1,10,3,29.811000
aalair,"Apple M3",8,"Darwin 27.0.0 arm64","Apple LLVM 21.0.0 (clang-2100.3.34.2)"," -O3 -DNDEBUG",8,100000,pito,owned_initialize,ecs_create_owned,1,10,4,30.486000
aalair,"Apple M3",8,"Darwin 27.0.0 arm64","Apple LLVM 21.0.0 (clang-2100.3.34.2)"," -O3 -DNDEBUG",8,100000,pito,owned_initialize,ecs_create_owned,1,10,5,28.921000
aalair,"Apple M3",8,"Darwin 27.0.0 arm64","Apple LLVM 21.0.0 (clang-2100.3.34.2)"," -O3 -DNDEBUG",8,100000,pito,owned_initialize,ecs_create_owned,1,10,6,29.636000
aalair,"Apple M3",8,"Darwin 27.0.0 arm64","Apple LLVM 21.0.0 (clang-2100.3.34.2)"," -O3 -DNDEBUG",8,100000,pito,owned_initialize,ecs_create_owned,1,10,7,29.250000
aalair,"Apple M3",8,"Darwin 27.0.0 arm64","Apple LLVM 21.0.0 (clang-2100.3.34.2)"," -O3 -DNDEBUG",8,100000,pito,owned_initialize,ecs_create_owned,1,10,8,29.306000
aalair,"Apple M3",8,"Darwin 27.0.0 arm64","Apple LLVM 21.0.0 (clang-2100.3.34.2)"," -O3 -DNDEBUG",8,100000,pito,owned_initialize,ecs_create_owned,1,10,9,29.256000
aalair,"Apple M3",8,"Darwin 27.0.0 arm64","Apple LLVM 21.0.0 (clang-2100.3.34.2)"," -O3 -DNDEBUG",8,100000,pito,owned_initialize,ecs_create_owned,1,10,10,29.477000
aalair,"Apple M3",8,"Darwin 27.0.0 arm64","Apple LLVM 21.0.0 (clang-2100.3.34.2)"," -O3 -DNDEBUG",8,100000,pito,owned_initialize,ecs_create_owned,1,50,1,45.881000
aalair,"Apple M3",8,"Darwin 27.0.0 arm64","Apple LLVM 21.0.0 (clang-2100.3.34.2)"," -O3 -DNDEBUG",8,100000,pito,owned_initialize,ecs_create_owned,1,50,2,45.824000
aalair,"Apple M3",8,"Darwin 27.0.0 arm64","Apple LLVM 21.0.0 (clang-2100.3.34.2)"," -O3 -DNDEBUG",8,100000,pito,owned_initialize,ecs_create_owned,1,50,3,45.985000
aalair,"Apple M3",8,"Darwin 27.0.0 arm64","Apple LLVM 21.0.0 (clang-2100.3.34.2)"," -O3 -DNDEBUG",8,100000,pito,owned_initialize,ecs_create_owned,1,50,4,45.808000
aalair,"Apple M3",8,"Darwin 27.0.0 arm64","Apple LLVM 21.0.0 (clang-2100.3.34.2)"," -O3 -DNDEBUG",8,100000,pito,owned_initialize,ecs_create_owned,1,50,5,45.769000
aalair,"Apple M3",8,"Darwin 27.0.0 arm64","Apple LLVM 21.0.0 (clang-2100.3.34.2)"," -O3 -DNDEBUG",8,100000,pito,owned_initialize,ecs_create_owned,1,50,6,46.130000
aalair,"Apple M3",8,"Darwin 27.0.0 arm64","Apple LLVM 21.0.0 (clang-2100.3.34.2)"," -O3 -DNDEBUG",8,100000,pito,owned_initialize,ecs_create_owned,1,50,7,46.006000
aalair,"Apple M3",8,"Darwin 27.0.0 arm64","Apple LLVM 21.0.0 (clang-2100.3.34.2)"," -O3 -DNDEBUG",8,100000,pito,owned_initialize,ecs_create_owned,1,50,8,46.030000
aalair,"Apple M3",8,"Darwin 27.0.0 arm64","Apple LLVM 21.0.0 (clang-2100.3.34.2)"," -O3 -DNDEBUG",8,100000,pito,owned_initialize,ecs_create_owned,1,50,9,46.053000
aalair,"Apple M3",8,"Darwin 27.0.0 arm64","Apple LLVM 21.0.0 (clang-2100.3.34.2)"," -O3 -DNDEBUG",8,100000,pito,owned_initialize,ecs_create_owned,1,50,10,46.115000
aalair,"Apple M3",8,"Darwin 27.0.0 arm64","Apple LLVM 21.0.0 (clang-2100.3.34.2)"," -O3 -DNDEBUG",8,100000,pito,owned_initialize,ecs_create_owned,1,500,1,384.726000
aalair,"Apple M3",8,"Darwin 27.0.0 arm64","Apple LLVM 21.0.0 (clang-2100.3.34.2)"," -O3 -DNDEBUG",8,100000,pito,owned_initialize,ecs_create_owned,1,500,2,383.164000
aalair,"Apple M3",8,"Darwin 27.0.0 arm64","Apple LLVM 21.0.0 (clang-2100.3.34.2)"," -O3 -DNDEBUG",8,100000,pito,owned_initialize,ecs_create_owned,1,500,3,383.241000
aalair,"Apple M3",8,"Darwin 27.0.0 arm64","Apple LLVM 21.0.0 (clang-2100.3.34.2)"," -O3 -DNDEBUG",8,100000,pito,owned_initialize,ecs_create_owned,1,500,4,382.130000
aalair,"Apple M3",8,"Darwin 27.0.0 arm64","Apple LLVM 21.0.0 (clang-2100.3.34.2)"," -O3 -DNDEBUG",8,100000,pito,owned_initialize,ecs_create_owned,1,500,5,382.559000
aalair,"Apple M3",8,"Darwin 27.0.0 arm64","Apple LLVM 21.0.0 (clang-2100.3.34.2)"," -O3 -DNDEBUG",8,100000,pito,owned_initialize,ecs_create_owned,1,500,6,383.024000
aalair,"Apple M3",8,"Darwin 27.0.0 arm64","Apple LLVM 21.0.0 (clang-2100.3.34.2)"," -O3 -DNDEBUG",8,100000,pito,owned_initialize,ecs_create_owned,1,500,7,394.175000
aalair,"Apple M3",8,"Darwin 27.0.0 arm64","Apple LLVM 21.0.0 (clang-2100.3.34.2)"," -O3 -DNDEBUG",8,100000,pito,owned_initialize,ecs_create_owned,1,500,8,397.263000
aalair,"Apple M3",8,"Darwin 27.0.0 arm64","Apple LLVM 21.0.0 (clang-2100.3.34.2)"," -O3 -DNDEBUG",8,100000,pito,owned_initialize,ecs_create_owned,1,500,9,452.346000
aalair,"Apple M3",8,"Darwin 27.0.0 arm64","Apple LLVM 21.0.0 (clang-2100.3.34.2)"," -O3 -DNDEBUG",8,100000,pito,owned_initialize,ecs_create_owned,1,500,10,444.222000
aalair,"Apple M3",8,"Darwin 27.0.0 arm64","Apple LLVM 21.0.0 (clang-2100.3.34.2)"," -O3 -DNDEBUG",8,100000,pito,owned_initialize,ecs_create_owned,1,500,11,466.924000
aalair,"Apple M3",8,"Darwin 27.0.0 arm64","Apple LLVM 21.0.0 (clang-2100.3.34.2)"," -O3 -DNDEBUG",8,100000,pito,owned_initialize,ecs_create_owned,1,500,12,382.694000
aalair,"Apple M3",8,"Darwin 27.0.0 arm64","Apple LLVM 21.0.0 (clang-2100.3.34.2)"," -O3 -DNDEBUG",8,100000,pito,owned_initialize,ecs_create_owned,1,500,13,383.154000
aalair,"Apple M3",8,"Darwin 27.0.0 arm64","Apple LLVM 21.0.0 (clang-2100.3.34.2)"," -O3 -DNDEBUG",8,100000,pito,owned_initialize,ecs_create_owned,1,500,14,382.896000
aalair,"Apple M3",8,"Darwin 27.0.0 arm64","Apple LLVM 21.0.0 (clang-2100.3.34.2)"," -O3 -DNDEBUG",8,100000,pito,owned_initialize,ecs_create_owned,1,500,15,381.848000
aalair,"Apple M3",8,"Darwin 27.0.0 arm64","Apple LLVM 21.0.0 (clang-2100.3.34.2)"," -O3 -DNDEBUG",8,100000,pito,owned_initialize,ecs_create_owned,1,500,16,382.921000
aalair,"Apple M3",8,"Darwin 27.0.0 arm64","Apple LLVM 21.0.0 (clang-2100.3.34.2)"," -O3 -DNDEBUG",8,100000,pito,owned_initialize,ecs_create_owned,2,0,1,41.786000
aalair,"Apple M3",8,"Darwin 27.0.0 arm64","Apple LLVM 21.0.0 (clang-2100.3.34.2)"," -O3 -DNDEBUG",8,100000,pito,owned_initialize,ecs_create_owned,2,0,2,40.655000
aalair,"Apple M3",8,"Darwin 27.0.0 arm64","Apple LLVM 21.0.0 (clang-2100.3.34.2)"," -O3 -DNDEBUG",8,100000,pito,owned_initialize,ecs_create_owned,2,0,3,40.511000
aalair,"Apple M3",8,"Darwin 27.0.0 arm64","Apple LLVM 21.0.0 (clang-2100.3.34.2)"," -O3 -DNDEBUG",8,100000,pito,owned_initialize,ecs_create_owned,2,0,4,40.348000
aalair,"Apple M3",8,"Darwin 27.0.0 arm64","Apple LLVM 21.0.0 (clang-2100.3.34.2)"," -O3 -DNDEBUG",8,100000,pito,owned_initialize,ecs_create_owned,2,0,5,40.291000
aalair,"Apple M3",8,"Darwin 27.0.0 arm64","Apple LLVM 21.0.0 (clang-2100.3.34.2)"," -O3 -DNDEBUG",8,100000,pito,owned_initialize,ecs_create_owned,2,0,6,39.979000
aalair,"Apple M3",8,"Darwin 27.0.0 arm64","Apple LLVM 21.0.0 (clang-2100.3.34.2)"," -O3 -DNDEBUG",8,100000,pito,owned_initialize,ecs_create_owned,2,0,7,40.288000
aalair,"Apple M3",8,"Darwin 27.0.0 arm64","Apple LLVM 21.0.0 (clang-2100.3.34.2)"," -O3 -DNDEBUG",8,100000,pito,owned_initialize,ecs_create_owned,2,0,8,40.171000
aalair,"Apple M3",8,"Darwin 27.0.0 arm64","Apple LLVM 21.0.0 (clang-2100.3.34.2)"," -O3 -DNDEBUG",8,100000,pito,owned_initialize,ecs_create_owned,2,0,9,40.048000
aalair,"Apple M3",8,"Darwin 27.0.0 arm64","Apple LLVM 21.0.0 (clang-2100.3.34.2)"," -O3 -DNDEBUG",8,100000,pito,owned_initialize,ecs_create_owned,2,0,10,40.413000
aalair,"Apple M3",8,"Darwin 27.0.0 arm64","Apple LLVM 21.0.0 (clang-2100.3.34.2)"," -O3 -DNDEBUG",8,100000,pito,owned_initialize,ecs_create_owned,2,10,1,43.048000
aalair,"Apple M3",8,"Darwin 27.0.0 arm64","Apple LLVM 21.0.0 (clang-2100.3.34.2)"," -O3 -DNDEBUG",8,100000,pito,owned_initialize,ecs_create_owned,2,10,2,42.841000
aalair,"Apple M3",8,"Darwin 27.0.0 arm64","Apple LLVM 21.0.0 (clang-2100.3.34.2)"," -O3 -DNDEBUG",8,100000,pito,owned_initialize,ecs_create_owned,2,10,3,44.420000
aalair,"Apple M3",8,"Darwin 27.0.0 arm64","Apple LLVM 21.0.0 (clang-2100.3.34.2)"," -O3 -DNDEBUG",8,100000,pito,owned_initialize,ecs_create_owned,2,10,4,45.699000
aalair,"Apple M3",8,"Darwin 27.0.0 arm64","Apple LLVM 21.0.0 (clang-2100.3.34.2)"," -O3 -DNDEBUG",8,100000,pito,owned_initialize,ecs_create_owned,2,10,5,45.351000
aalair,"Apple M3",8,"Darwin 27.0.0 arm64","Apple LLVM 21.0.0 (clang-2100.3.34.2)"," -O3 -DNDEBUG",8,100000,pito,owned_initialize,ecs_create_owned,2,10,6,45.324000
aalair,"Apple M3",8,"Darwin 27.0.0 arm64","Apple LLVM 21.0.0 (clang-2100.3.34.2)"," -O3 -DNDEBUG",8,100000,pito,owned_initialize,ecs_create_owned,2,10,7,46.298000
aalair,"Apple M3",8,"Darwin 27.0.0 arm64","Apple LLVM 21.0.0 (clang-2100.3.34.2)"," -O3 -DNDEBUG",8,100000,pito,owned_initialize,ecs_create_owned,2,10,8,43.827000
aalair,"Apple M3",8,"Darwin 27.0.0 arm64","Apple LLVM 21.0.0 (clang-2100.3.34.2)"," -O3 -DNDEBUG",8,100000,pito,owned_initialize,ecs_create_owned,2,10,9,46.013000
aalair,"Apple M3",8,"Darwin 27.0.0 arm64","Apple LLVM 21.0.0 (clang-2100.3.34.2)"," -O3 -DNDEBUG",8,100000,pito,owned_initialize,ecs_create_owned,2,10,10,48.207000
aalair,"Apple M3",8,"Darwin 27.0.0 arm64","Apple LLVM 21.0.0 (clang-2100.3.34.2)"," -O3 -DNDEBUG",8,100000,pito,owned_initialize,ecs_create_owned,2,10,11,48.521000
aalair,"Apple M3",8,"Darwin 27.0.0 arm64","Apple LLVM 21.0.0 (clang-2100.3.34.2)"," -O3 -DNDEBUG",8,100000,pito,owned_initialize,ecs_create_owned,2,10,12,56.018000
aalair,"Apple M3",8,"Darwin 27.0.0 arm64","Apple LLVM 21.0.0 (clang-2100.3.34.2)"," -O3 -DNDEBUG",8,100000,pito,owned_initialize,ecs_create_owned,2,10,13,47.239000
aalair,"Apple M3",8,"Darwin 27.0.0 arm64","Apple LLVM 21.0.0 (clang-2100.3.34.2)"," -O3 -DNDEBUG",8,100000,pito,owned_initialize,ecs_create_owned,2,10,14,46.904000
aalair,"Apple M3",8,"Darwin 27.0.0 arm64","Apple LLVM 21.0.0 (clang-2100.3.34.2)"," -O3 -DNDEBUG",8,100000,pito,owned_initialize,ecs_create_owned,2,10,15,47.333000
aalair,"Apple M3",8,"Darwin 27.0.0 arm64","Apple LLVM 21.0.0 (clang-2100.3.34.2)"," -O3 -DNDEBUG",8,100000,pito,owned_initialize,ecs_create_owned,2,50,1,48.630000
aalair,"Apple M3",8,"Darwin 27.0.0 arm64","Apple LLVM 21.0.0 (clang-2100.3.34.2)"," -O3 -DNDEBUG",8,100000,pito,owned_initialize,ecs_create_owned,2,50,2,51.398000
aalair,"Apple M3",8,"Darwin 27.0.0 arm64","Apple LLVM 21.0.0 (clang-2100.3.34.2)"," -O3 -DNDEBUG",8,100000,pito,owned_initialize,ecs_create_owned,2,50,3,49.006000
aalair,"Apple M3",8,"Darwin 27.0.0 arm64","Apple LLVM 21.0.0 (clang-2100.3.34.2)"," -O3 -DNDEBUG",8,100000,pito,owned_initialize,ecs_create_owned,2,50,4,44.899000
aalair,"Apple M3",8,"Darwin 27.0.0 arm64","Apple LLVM 21.0.0 (clang-2100.3.34.2)"," -O3 -DNDEBUG",8,100000,pito,owned_initialize,ecs_create_owned,2,50,5,44.943000
aalair,"Apple M3",8,"Darwin 27.0.0 arm64","Apple LLVM 21.0.0 (clang-2100.3.34.2)"," -O3 -DNDEBUG",8,100000,pito,owned_initialize,ecs_create_owned,2,50,6,45.901000
aalair,"Apple M3",8,"Darwin 27.0.0 arm64","Apple LLVM 21.0.0 (clang-2100.3.34.2)"," -O3 -DNDEBUG",8,100000,pito,owned_initialize,ecs_create_owned,2,50,7,46.034000
aalair,"Apple M3",8,"Darwin 27.0.0 arm64","Apple LLVM 21.0.0 (clang-2100.3.34.2)"," -O3 -DNDEBUG",8,100000,pito,owned_initialize,ecs_create_owned,2,50,8,45.808000
aalair,"Apple M3",8,"Darwin 27.0.0 arm64","Apple LLVM 21.0.0 (clang-2100.3.34.2)"," -O3 -DNDEBUG",8,100000,pito,owned_initialize,ecs_create_owned,2,50,9,43.739000
aalair,"Apple M3",8,"Darwin 27.0.0 arm64","Apple LLVM 21.0.0 (clang-2100.3.34.2)"," -O3 -DNDEBUG",8,100000,pito,owned_initialize,ecs_create_owned,2,50,10,45.535000
aalair,"Apple M3",8,"Darwin 27.0.0 arm64","Apple LLVM 21.0.0 (clang-2100.3.34.2)"," -O3 -DNDEBUG",8,100000,pito,owned_initialize,ecs_create_owned,2,50,11,45.259000
aalair,"Apple M3",8,"Darwin 27.0.0 arm64","Apple LLVM 21.0.0 (clang-2100.3.34.2)"," -O3 -DNDEBUG",8,100000,pito,owned_initialize,ecs_create_owned,2,50,12,41.431000
aalair,"Apple M3",8,"Darwin 27.0.0 arm64","Apple LLVM 21.0.0 (clang-2100.3.34.2)"," -O3 -DNDEBUG",8,100000,pito,owned_initialize,ecs_create_owned,2,50,13,41.552000
aalair,"Apple M3",8,"Darwin 27.0.0 arm64","Apple LLVM 21.0.0 (clang-2100.3.34.2)"," -O3 -DNDEBUG",8,100000,pito,owned_initialize,ecs_create_owned,2,50,14,48.282000
aalair,"Apple M3",8,"Darwin 27.0.0 arm64","Apple LLVM 21.0.0 (clang-2100.3.34.2)"," -O3 -DNDEBUG",8,100000,pito,owned_initialize,ecs_create_owned,2,50,15,45.236000
aalair,"Apple M3",8,"Darwin 27.0.0 arm64","Apple LLVM 21.0.0 (clang-2100.3.34.2)"," -O3 -DNDEBUG",8,100000,pito,owned_initialize,ecs_create_owned,2,50,16,47.096000
aalair,"Apple M3",8,"Darwin 27.0.0 arm64","Apple LLVM 21.0.0 (clang-2100.3.34.2)"," -O3 -DNDEBUG",8,100000,pito,owned_initialize,ecs_create_owned,2,50,17,46.249000
aalair,"Apple M3",8,"Darwin 27.0.0 arm64","Apple LLVM 21.0.0 (clang-2100.3.34.2)"," -O3 -DNDEBUG",8,100000,pito,owned_initialize,ecs_create_owned,2,50,18,44.867000
aalair,"Apple M3",8,"Darwin 27.0.0 arm64","Apple LLVM 21.0.0 (clang-2100.3.34.2)"," -O3 -DNDEBUG",8,100000,pito,owned_initialize,ecs_create_owned,2,50,19,45.667000
aalair,"Apple M3",8,"Darwin 27.0.0 arm64","Apple LLVM 21.0.0 (clang-2100.3.34.2)"," -O3 -DNDEBUG",8,100000,pito,owned_initialize,ecs_create_owned,2,500,1,212.451000
aalair,"Apple M3",8,"Darwin 27.0.0 arm64","Apple LLVM 21.0.0 (clang-2100.3.34.2)"," -O3 -DNDEBUG",8,100000,pito,owned_initialize,ecs_create_owned,2,500,2,211.065000
aalair,"Apple M3",8,"Darwin 27.0.0 arm64","Apple LLVM 21.0.0 (clang-2100.3.34.2)"," -O3 -DNDEBUG",8,100000,pito,owned_initialize,ecs_create_owned,2,500,3,206.040000
aalair,"Apple M3",8,"Darwin 27.0.0 arm64","Apple LLVM 21.0.0 (clang-2100.3.34.2)"," -O3 -DNDEBUG",8,100000,pito,owned_initialize,ecs_create_owned,2,500,4,214.834000
aalair,"Apple M3",8,"Darwin 27.0.0 arm64","Apple LLVM 21.0.0 (clang-2100.3.34.2)"," -O3 -DNDEBUG",8,100000,pito,owned_initialize,ecs_create_owned,2,500,5,217.671000
aalair,"Apple M3",8,"Darwin 27.0.0 arm64","Apple LLVM 21.0.0 (clang-2100.3.34.2)"," -O3 -DNDEBUG",8,100000,pito,owned_initialize,ecs_create_owned,2,500,6,221.004000
aalair,"Apple M3",8,"Darwin 27.0.0 arm64","Apple LLVM 21.0.0 (clang-2100.3.34.2)"," -O3 -DNDEBUG",8,100000,pito,owned_initialize,ecs_create_owned,2,500,7,221.319000
aalair,"Apple M3",8,"Darwin 27.0.0 arm64","Apple LLVM 21.0.0 (clang-2100.3.34.2)"," -O3 -DNDEBUG",8,100000,pito,owned_initialize,ecs_create_owned,2,500,8,238.254000
aalair,"Apple M3",8,"Darwin 27.0.0 arm64","Apple LLVM 21.0.0 (clang-2100.3.34.2)"," -O3 -DNDEBUG",8,100000,pito,owned_initialize,ecs_create_owned,2,500,9,236.326000
aalair,"Apple M3",8,"Darwin 27.0.0 arm64","Apple LLVM 21.0.0 (clang-2100.3.34.2)"," -O3 -DNDEBUG",8,100000,pito,owned_initialize,ecs_create_owned,2,500,10,223.074000
aalair,"Apple M3",8,"Darwin 27.0.0 arm64","Apple LLVM 21.0.0 (clang-2100.3.34.2)"," -O3 -DNDEBUG",8,100000,pito,owned_initialize,ecs_create_owned,2,500,11,222.416000
aalair,"Apple M3",8,"Darwin 27.0.0 arm64","Apple LLVM 21.0.0 (clang-2100.3.34.2)"," -O3 -DNDEBUG",8,100000,pito,owned_initialize,ecs_create_owned,2,500,12,227.601000
aalair,"Apple M3",8,"Darwin 27.0.0 arm64","Apple LLVM 21.0.0 (clang-2100.3.34.2)"," -O3 -DNDEBUG",8,100000,pito,owned_initialize,ecs_create_owned,2,500,13,216.341000
aalair,"Apple M3",8,"Darwin 27.0.0 arm64","Apple LLVM 21.0.0 (clang-2100.3.34.2)"," -O3 -DNDEBUG",8,100000,pito,owned_initialize,ecs_create_owned,2,500,14,207.854000
aalair,"Apple M3",8,"Darwin 27.0.0 arm64","Apple LLVM 21.0.0 (clang-2100.3.34.2)"," -O3 -DNDEBUG",8,100000,pito,owned_initialize,ecs_create_owned,4,0,1,44.911000
aalair,"Apple M3",8,"Darwin 27.0.0 arm64","Apple LLVM 21.0.0 (clang-2100.3.34.2)"," -O3 -DNDEBUG",8,100000,pito,owned_initialize,ecs_create_owned,4,0,2,44.984000
aalair,"Apple M3",8,"Darwin 27.0.0 arm64","Apple LLVM 21.0.0 (clang-2100.3.34.2)"," -O3 -DNDEBUG",8,100000,pito,owned_initialize,ecs_create_owned,4,0,3,47.300000
aalair,"Apple M3",8,"Darwin 27.0.0 arm64","Apple LLVM 21.0.0 (clang-2100.3.34.2)"," -O3 -DNDEBUG",8,100000,pito,owned_initialize,ecs_create_owned,4,0,4,45.730000
aalair,"Apple M3",8,"Darwin 27.0.0 arm64","Apple LLVM 21.0.0 (clang-2100.3.34.2)"," -O3 -DNDEBUG",8,100000,pito,owned_initialize,ecs_create_owned,4,0,5,45.482000
aalair,"Apple M3",8,"Darwin 27.0.0 arm64","Apple LLVM 21.0.0 (clang-2100.3.34.2)"," -O3 -DNDEBUG",8,100000,pito,owned_initialize,ecs_create_owned,4,0,6,44.941000
aalair,"Apple M3",8,"Darwin 27.0.0 arm64","Apple LLVM 21.0.0 (clang-2100.3.34.2)"," -O3 -DNDEBUG",8,100000,pito,owned_initialize,ecs_create_owned,4,0,7,44.822000
aalair,"Apple M3",8,"Darwin 27.0.0 arm64","Apple LLVM 21.0.0 (clang-2100.3.34.2)"," -O3 -DNDEBUG",8,100000,pito,owned_initialize,ecs_create_owned,4,0,8,45.278000
aalair,"Apple M3",8,"Darwin 27.0.0 arm64","Apple LLVM 21.0.0 (clang-2100.3.34.2)"," -O3 -DNDEBUG",8,100000,pito,owned_initialize,ecs_create_owned,4,0,9,45.194000
aalair,"Apple M3",8,"Darwin 27.0.0 arm64","Apple LLVM 21.0.0 (clang-2100.3.34.2)"," -O3 -DNDEBUG",8,100000,pito,owned_initialize,ecs_create_owned,4,0,10,44.954000
aalair,"Apple M3",8,"Darwin 27.0.0 arm64","Apple LLVM 21.0.0 (clang-2100.3.34.2)"," -O3 -DNDEBUG",8,100000,pito,owned_initialize,ecs_create_owned,4,10,1,44.262000
aalair,"Apple M3",8,"Darwin 27.0.0 arm64","Apple LLVM 21.0.0 (clang-2100.3.34.2)"," -O3 -DNDEBUG",8,100000,pito,owned_initialize,ecs_create_owned,4,10,2,44.383000
aalair,"Apple M3",8,"Darwin 27.0.0 arm64","Apple LLVM 21.0.0 (clang-2100.3.34.2)"," -O3 -DNDEBUG",8,100000,pito,owned_initialize,ecs_create_owned,4,10,3,44.108000
aalair,"Apple M3",8,"Darwin 27.0.0 arm64","Apple LLVM 21.0.0 (clang-2100.3.34.2)"," -O3 -DNDEBUG",8,100000,pito,owned_initialize,ecs_create_owned,4,10,4,44.010000
aalair,"Apple M3",8,"Darwin 27.0.0 arm64","Apple LLVM 21.0.0 (clang-2100.3.34.2)"," -O3 -DNDEBUG",8,100000,pito,owned_initialize,ecs_create_owned,4,10,5,44.022000
aalair,"Apple M3",8,"Darwin 27.0.0 arm64","Apple LLVM 21.0.0 (clang-2100.3.34.2)"," -O3 -DNDEBUG",8,100000,pito,owned_initialize,ecs_create_owned,4,10,6,44.081000
aalair,"Apple M3",8,"Darwin 27.0.0 arm64","Apple LLVM 21.0.0 (clang-2100.3.34.2)"," -O3 -DNDEBUG",8,100000,pito,owned_initialize,ecs_create_owned,4,10,7,44.152000
aalair,"Apple M3",8,"Darwin 27.0.0 arm64","Apple LLVM 21.0.0 (clang-2100.3.34.2)"," -O3 -DNDEBUG",8,100000,pito,owned_initialize,ecs_create_owned,4,10,8,44.125000
aalair,"Apple M3",8,"Darwin 27.0.0 arm64","Apple LLVM 21.0.0 (clang-2100.3.34.2)"," -O3 -DNDEBUG",8,100000,pito,owned_initialize,ecs_create_owned,4,10,9,44.299000
aalair,"Apple M3",8,"Darwin 27.0.0 arm64","Apple LLVM 21.0.0 (clang-2100.3.34.2)"," -O3 -DNDEBUG",8,100000,pito,owned_initialize,ecs_create_owned,4,10,10,44.390000
aalair,"Apple M3",8,"Darwin 27.0.0 arm64","Apple LLVM 21.0.0 (clang-2100.3.34.2)"," -O3 -DNDEBUG",8,100000,pito,owned_initialize,ecs_create_owned,4,50,1,45.845000
aalair,"Apple M3",8,"Darwin 27.0.0 arm64","Apple LLVM 21.0.0 (clang-2100.3.34.2)"," -O3 -DNDEBUG",8,100000,pito,owned_initialize,ecs_create_owned,4,50,2,46.252000
aalair,"Apple M3",8,"Darwin 27.0.0 arm64","Apple LLVM 21.0.0 (clang-2100.3.34.2)"," -O3 -DNDEBUG",8,100000,pito,owned_initialize,ecs_create_owned,4,50,3,45.863000
aalair,"Apple M3",8,"Darwin 27.0.0 arm64","Apple LLVM 21.0.0 (clang-2100.3.34.2)"," -O3 -DNDEBUG",8,100000,pito,owned_initialize,ecs_create_owned,4,50,4,46.029000
aalair,"Apple M3",8,"Darwin 27.0.0 arm64","Apple LLVM 21.0.0 (clang-2100.3.34.2)"," -O3 -DNDEBUG",8,100000,pito,owned_initialize,ecs_create_owned,4,50,5,46.162000
aalair,"Apple M3",8,"Darwin 27.0.0 arm64","Apple LLVM 21.0.0 (clang-2100.3.34.2)"," -O3 -DNDEBUG",8,100000,pito,owned_initialize,ecs_create_owned,4,50,6,46.122000
aalair,"Apple M3",8,"Darwin 27.0.0 arm64","Apple LLVM 21.0.0 (clang-2100.3.34.2)"," -O3 -DNDEBUG",8,100000,pito,owned_initialize,ecs_create_owned,4,50,7,46.391000
aalair,"Apple M3",8,"Darwin 27.0.0 arm64","Apple LLVM 21.0.0 (clang-2100.3.34.2)"," -O3 -DNDEBUG",8,100000,pito,owned_initialize,ecs_create_owned,4,50,8,46.096000
aalair,"Apple M3",8,"Darwin 27.0.0 arm64","Apple LLVM 21.0.0 (clang-2100.3.34.2)"," -O3 -DNDEBUG",8,100000,pito,owned_initialize,ecs_create_owned,4,50,9,45.608000
aalair,"Apple M3",8,"Darwin 27.0.0 arm64","Apple LLVM 21.0.0 (clang-2100.3.34.2)"," -O3 -DNDEBUG",8,100000,pito,owned_initialize,ecs_create_owned,4,50,10,45.558000
aalair,"Apple M3",8,"Darwin 27.0.0 arm64","Apple LLVM 21.0.0 (clang-2100.3.34.2)"," -O3 -DNDEBUG",8,100000,pito,owned_initialize,ecs_create_owned,4,500,1,119.658000
aalair,"Apple M3",8,"Darwin 27.0.0 arm64","Apple LLVM 21.0.0 (clang-2100.3.34.2)"," -O3 -DNDEBUG",8,100000,pito,owned_initialize,ecs_create_owned,4,500,2,119.625000
aalair,"Apple M3",8,"Darwin 27.0.0 arm64","Apple LLVM 21.0.0 (clang-2100.3.34.2)"," -O3 -DNDEBUG",8,100000,pito,owned_initialize,ecs_create_owned,4,500,3,119.578000
aalair,"Apple M3",8,"Darwin 27.0.0 arm64","Apple LLVM 21.0.0 (clang-2100.3.34.2)"," -O3 -DNDEBUG",8,100000,pito,owned_initialize,ecs_create_owned,4,500,4,122.784000
aalair,"Apple M3",8,"Darwin 27.0.0 arm64","Apple LLVM 21.0.0 (clang-2100.3.34.2)"," -O3 -DNDEBUG",8,100000,pito,owned_initialize,ecs_create_owned,4,500,5,120.415000
aalair,"Apple M3",8,"Darwin 27.0.0 arm64","Apple LLVM 21.0.0 (clang-2100.3.34.2)"," -O3 -DNDEBUG",8,100000,pito,owned_initialize,ecs_create_owned,4,500,6,120.366000
aalair,"Apple M3",8,"Darwin 27.0.0 arm64","Apple LLVM 21.0.0 (clang-2100.3.34.2)"," -O3 -DNDEBUG",8,100000,pito,owned_initialize,ecs_create_owned,4,500,7,122.120000
aalair,"Apple M3",8,"Darwin 27.0.0 arm64","Apple LLVM 21.0.0 (clang-2100.3.34.2)"," -O3 -DNDEBUG",8,100000,pito,owned_initialize,ecs_create_owned,4,500,8,119.536000
aalair,"Apple M3",8,"Darwin 27.0.0 arm64","Apple LLVM 21.0.0 (clang-2100.3.34.2)"," -O3 -DNDEBUG",8,100000,pito,owned_initialize,ecs_create_owned,4,500,9,119.674000
aalair,"Apple M3",8,"Darwin 27.0.0 arm64","Apple LLVM 21.0.0 (clang-2100.3.34.2)"," -O3 -DNDEBUG",8,100000,pito,owned_initialize,ecs_create_owned,4,500,10,119.505000
aalair,"Apple M3",8,"Darwin 27.0.0 arm64","Apple LLVM 21.0.0 (clang-2100.3.34.2)"," -O3 -DNDEBUG",8,100000,pito,owned_initialize,ecs_create_owned,8,0,1,64.596000
aalair,"Apple M3",8,"Darwin 27.0.0 arm64","Apple LLVM 21.0.0 (clang-2100.3.34.2)"," -O3 -DNDEBUG",8,100000,pito,owned_initialize,ecs_create_owned,8,0,2,62.609000
aalair,"Apple M3",8,"Darwin 27.0.0 arm64","Apple LLVM 21.0.0 (clang-2100.3.34.2)"," -O3 -DNDEBUG",8,100000,pito,owned_initialize,ecs_create_owned,8,0,3,64.117000
aalair,"Apple M3",8,"Darwin 27.0.0 arm64","Apple LLVM 21.0.0 (clang-2100.3.34.2)"," -O3 -DNDEBUG",8,100000,pito,owned_initialize,ecs_create_owned,8,0,4,64.108000
aalair,"Apple M3",8,"Darwin 27.0.0 arm64","Apple LLVM 21.0.0 (clang-2100.3.34.2)"," -O3 -DNDEBUG",8,100000,pito,owned_initialize,ecs_create_owned,8,0,5,64.713000
aalair,"Apple M3",8,"Darwin 27.0.0 arm64","Apple LLVM 21.0.0 (clang-2100.3.34.2)"," -O3 -DNDEBUG",8,100000,pito,owned_initialize,ecs_create_owned,8,0,6,62.405000
aalair,"Apple M3",8,"Darwin 27.0.0 arm64","Apple LLVM 21.0.0 (clang-2100.3.34.2)"," -O3 -DNDEBUG",8,100000,pito,owned_initialize,ecs_create_owned,8,0,7,62.839000
aalair,"Apple M3",8,"Darwin 27.0.0 arm64","Apple LLVM 21.0.0 (clang-2100.3.34.2)"," -O3 -DNDEBUG",8,100000,pito,owned_initialize,ecs_create_owned,8,0,8,62.195000
aalair,"Apple M3",8,"Darwin 27.0.0 arm64","Apple LLVM 21.0.0 (clang-2100.3.34.2)"," -O3 -DNDEBUG",8,100000,pito,owned_initialize,ecs_create_owned,8,0,9,63.516000
aalair,"Apple M3",8,"Darwin 27.0.0 arm64","Apple LLVM 21.0.0 (clang-2100.3.34.2)"," -O3 -DNDEBUG",8,100000,pito,owned_initialize,ecs_create_owned,8,0,10,63.733000
aalair,"Apple M3",8,"Darwin 27.0.0 arm64","Apple LLVM 21.0.0 (clang-2100.3.34.2)"," -O3 -DNDEBUG",8,100000,pito,owned_initialize,ecs_create_owned,8,10,1,63.333000
aalair,"Apple M3",8,"Darwin 27.0.0 arm64","Apple LLVM 21.0.0 (clang-2100.3.34.2)"," -O3 -DNDEBUG",8,100000,pito,owned_initialize,ecs_create_owned,8,10,2,63.470000
aalair,"Apple M3",8,"Darwin 27.0.0 arm64","Apple LLVM 21.0.0 (clang-2100.3.34.2)"," -O3 -DNDEBUG",8,100000,pito,owned_initialize,ecs_create_owned,8,10,3,61.394000
aalair,"Apple M3",8,"Darwin 27.0.0 arm64","Apple LLVM 21.0.0 (clang-2100.3.34.2)"," -O3 -DNDEBUG",8,100000,pito,owned_initialize,ecs_create_owned,8,10,4,62.647000
aalair,"Apple M3",8,"Darwin 27.0.0 arm64","Apple LLVM 21.0.0 (clang-2100.3.34.2)"," -O3 -DNDEBUG",8,100000,pito,owned_initialize,ecs_create_owned,8,10,5,62.505000
aalair,"Apple M3",8,"Darwin 27.0.0 arm64","Apple LLVM 21.0.0 (clang-2100.3.34.2)"," -O3 -DNDEBUG",8,100000,pito,owned_initialize,ecs_create_owned,8,10,6,63.412000
aalair,"Apple M3",8,"Darwin 27.0.0 arm64","Apple LLVM 21.0.0 (clang-2100.3.34.2)"," -O3 -DNDEBUG",8,100000,pito,owned_initialize,ecs_create_owned,8,10,7,61.867000
aalair,"Apple M3",8,"Darwin 27.0.0 arm64","Apple LLVM 21.0.0 (clang-2100.3.34.2)"," -O3 -DNDEBUG",8,100000,pito,owned_initialize,ecs_create_owned,8,10,8,61.457000
aalair,"Apple M3",8,"Darwin 27.0.0 arm64","Apple LLVM 21.0.0 (clang-2100.3.34.2)"," -O3 -DNDEBUG",8,100000,pito,owned_initialize,ecs_create_owned,8,10,9,63.339000
aalair,"Apple M3",8,"Darwin 27.0.0 arm64","Apple LLVM 21.0.0 (clang-2100.3.34.2)"," -O3 -DNDEBUG",8,100000,pito,owned_initialize,ecs_create_owned,8,10,10,62.940000
aalair,"Apple M3",8,"Darwin 27.0.0 arm64","Apple LLVM 21.0.0 (clang-2100.3.34.2)"," -O3 -DNDEBUG",8,100000,pito,owned_initialize,ecs_create_owned,8,50,1,60.336000
aalair,"Apple M3",8,"Darwin 27.0.0 arm64","Apple LLVM 21.0.0 (clang-2100.3.34.2)"," -O3 -DNDEBUG",8,100000,pito,owned_initialize,ecs_create_owned,8,50,2,60.682000
aalair,"Apple M3",8,"Darwin 27.0.0 arm64","Apple LLVM 21.0.0 (clang-2100.3.34.2)"," -O3 -DNDEBUG",8,100000,pito,owned_initialize,ecs_create_owned,8,50,3,64.655000
aalair,"Apple M3",8,"Darwin 27.0.0 arm64","Apple LLVM 21.0.0 (clang-2100.3.34.2)"," -O3 -DNDEBUG",8,100000,pito,owned_initialize,ecs_create_owned,8,50,4,64.435000
aalair,"Apple M3",8,"Darwin 27.0.0 arm64","Apple LLVM 21.0.0 (clang-2100.3.34.2)"," -O3 -DNDEBUG",8,100000,pito,owned_initialize,ecs_create_owned,8,50,5,65.134000
aalair,"Apple M3",8,"Darwin 27.0.0 arm64","Apple LLVM 21.0.0 (clang-2100.3.34.2)"," -O3 -DNDEBUG",8,100000,pito,owned_initialize,ecs_create_owned,8,50,6,64.032000
aalair,"Apple M3",8,"Darwin 27.0.0 arm64","Apple LLVM 21.0.0 (clang-2100.3.34.2)"," -O3 -DNDEBUG",8,100000,pito,owned_initialize,ecs_create_owned,8,50,7,63.440000
aalair,"Apple M3",8,"Darwin 27.0.0 arm64","Apple LLVM 21.0.0 (clang-2100.3.34.2)"," -O3 -DNDEBUG",8,100000,pito,owned_initialize,ecs_create_owned,8,50,8,64.265000
aalair,"Apple M3",8,"Darwin 27.0.0 arm64","Apple LLVM 21.0.0 (clang-2100.3.34.2)"," -O3 -DNDEBUG",8,100000,pito,owned_initialize,ecs_create_owned,8,50,9,64.251000
aalair,"Apple M3",8,"Darwin 27.0.0 arm64","Apple LLVM 21.0.0 (clang-2100.3.34.2)"," -O3 -DNDEBUG",8,100000,pito,owned_initialize,ecs_create_owned,8,50,10,64.170000
aalair,"Apple M3",8,"Darwin 27.0.0 arm64","Apple LLVM 21.0.0 (clang-2100.3.34.2)"," -O3 -DNDEBUG",8,100000,pito,owned_initialize,ecs_create_owned,8,50,11,64.204000
aalair,"Apple M3",8,"Darwin 27.0.0 arm64","Apple LLVM 21.0.0 (clang-2100.3.34.2)"," -O3 -DNDEBUG",8,100000,pito,owned_initialize,ecs_create_owned,8,50,12,64.204000
aalair,"Apple M3",8,"Darwin 27.0.0 arm64","Apple LLVM 21.0.0 (clang-2100.3.34.2)"," -O3 -DNDEBUG",8,100000,pito,owned_initialize,ecs_create_owned,8,50,13,63.737000
aalair,"Apple M3",8,"Darwin 27.0.0 arm64","Apple LLVM 21.0.0 (clang-2100.3.34.2)"," -O3 -DNDEBUG",8,100000,pito,owned_initialize,ecs_create_owned,8,50,14,63.186000
aalair,"Apple M3",8,"Darwin 27.0.0 arm64","Apple LLVM 21.0.0 (clang-2100.3.34.2)"," -O3 -DNDEBUG",8,100000,pito,owned_initialize,ecs_create_owned,8,500,1,96.608000
aalair,"Apple M3",8,"Darwin 27.0.0 arm64","Apple LLVM 21.0.0 (clang-2100.3.34.2)"," -O3 -DNDEBUG",8,100000,pito,owned_initialize,ecs_create_owned,8,500,2,105.667000
aalair,"Apple M3",8,"Darwin 27.0.0 arm64","Apple LLVM 21.0.0 (clang-2100.3.34.2)"," -O3 -DNDEBUG",8,100000,pito,owned_initialize,ecs_create_owned,8,500,3,98.395000
aalair,"Apple M3",8,"Darwin 27.0.0 arm64","Apple LLVM 21.0.0 (clang-2100.3.34.2)"," -O3 -DNDEBUG",8,100000,pito,owned_initialize,ecs_create_owned,8,500,4,98.257000
aalair,"Apple M3",8,"Darwin 27.0.0 arm64","Apple LLVM 21.0.0 (clang-2100.3.34.2)"," -O3 -DNDEBUG",8,100000,pito,owned_initialize,ecs_create_owned,8,500,5,95.979000
aalair,"Apple M3",8,"Darwin 27.0.0 arm64","Apple LLVM 21.0.0 (clang-2100.3.34.2)"," -O3 -DNDEBUG",8,100000,pito,owned_initialize,ecs_create_owned,8,500,6,99.241000
aalair,"Apple M3",8,"Darwin 27.0.0 arm64","Apple LLVM 21.0.0 (clang-2100.3.34.2)"," -O3 -DNDEBUG",8,100000,pito,owned_initialize,ecs_create_owned,8,500,7,100.389000
aalair,"Apple M3",8,"Darwin 27.0.0 arm64","Apple LLVM 21.0.0 (clang-2100.3.34.2)"," -O3 -DNDEBUG",8,100000,pito,owned_initialize,ecs_create_owned,8,500,8,96.429000
aalair,"Apple M3",8,"Darwin 27.0.0 arm64","Apple LLVM 21.0.0 (clang-2100.3.34.2)"," -O3 -DNDEBUG",8,100000,pito,owned_initialize,ecs_create_owned,8,500,9,96.284000
aalair,"Apple M3",8,"Darwin 27.0.0 arm64","Apple LLVM 21.0.0 (clang-2100.3.34.2)"," -O3 -DNDEBUG",8,100000,pito,owned_initialize,ecs_create_owned,8,500,10,111.460000
aalair,"Apple M3",8,"Darwin 27.0.0 arm64","Apple LLVM 21.0.0 (clang-2100.3.34.2)"," -O3 -DNDEBUG",8,100000,pito,owned_initialize,ecs_create_owned,8,500,11,110.396000
aalair,"Apple M3",8,"Darwin 27.0.0 arm64","Apple LLVM 21.0.0 (clang-2100.3.34.2)"," -O3 -DNDEBUG",8,100000,pito,owned_initialize,ecs_create_owned,8,500,12,108.635000
aalair,"Apple M3",8,"Darwin 27.0.0 arm64","Apple LLVM 21.0.0 (clang-2100.3.34.2)"," -O3 -DNDEBUG",8,100000,pito,owned_initialize,ecs_create_owned,8,500,13,104.654000
aalair,"Apple M3",8,"Darwin 27.0.0 arm64","Apple LLVM 21.0.0 (clang-2100.3.34.2)"," -O3 -DNDEBUG",8,100000,pito,owned_initialize,ecs_create_owned,8,500,14,118.448000
aalair,"Apple M3",8,"Darwin 27.0.0 arm64","Apple LLVM 21.0.0 (clang-2100.3.34.2)"," -O3 -DNDEBUG",8,100000,pito,owned_initialize,ecs_create_owned,8,500,15,107.466000
aalair,"Apple M3",8,"Darwin 27.0.0 arm64","Apple LLVM 21.0.0 (clang-2100.3.34.2)"," -O3 -DNDEBUG",8,100000,pito,owned_initialize,ecs_create_owned,8,500,16,104.260000
aalair,"Apple M3",8,"Darwin 27.0.0 arm64","Apple LLVM 21.0.0 (clang-2100.3.34.2)"," -O3 -DNDEBUG",8,100000,pito,owned_initialize,ecs_create_owned,8,500,17,103.371000
aalair,"Apple M3",8,"Darwin 27.0.0 arm64","Apple LLVM 21.0.0 (clang-2100.3.34.2)"," -O3 -DNDEBUG",8,100000,pito,owned_initialize,ecs_create_owned,8,500,18,114.899000
aalair,"Apple M3",8,"Darwin 27.0.0 arm64","Apple LLVM 21.0.0 (clang-2100.3.34.2)"," -O3 -DNDEBUG",8,100000,pito,owned_initialize,ecs_create_owned,8,500,19,105.988000
aalair,"Apple M3",8,"Darwin 27.0.0 arm64","Apple LLVM 21.0.0 (clang-2100.3.34.2)"," -O3 -DNDEBUG",8,100000,pito,owned_initialize,ecs_create_owned,8,500,20,104.047000
aalair,"Apple M3",8,"Darwin 27.0.0 arm64","Apple LLVM 21.0.0 (clang-2100.3.34.2)"," -O3 -DNDEBUG",8,100000,pito,owned_initialize,ecs_create_owned,8,500,21,109.315000
aalair,"Apple M3",8,"Darwin 27.0.0 arm64","Apple LLVM 21.0.0 (clang-2100.3.34.2)"," -O3 -DNDEBUG",8,100000,pito,owned_initialize,ecs_create_owned,8,500,22,116.637000
aalair,"Apple M3",8,"Darwin 27.0.0 arm64","Apple LLVM 21.0.0 (clang-2100.3.34.2)"," -O3 -DNDEBUG",8,100000,pito,owned_initialize,ecs_create_owned,8,500,23,112.962000
aalair,"Apple M3",8,"Darwin 27.0.0 arm64","Apple LLVM 21.0.0 (clang-2100.3.34.2)"," -O3 -DNDEBUG",8,100000,pito,owned_initialize,ecs_create_owned,8,500,24,109.605000
aalair,"Apple M3",8,"Darwin 27.0.0 arm64","Apple LLVM 21.0.0 (clang-2100.3.34.2)"," -O3 -DNDEBUG",8,100000,pito,owned_initialize,ecs_create_owned,8,500,25,118.190000
aalair,"Apple M3",8,"Darwin 27.0.0 arm64","Apple LLVM 21.0.0 (clang-2100.3.34.2)"," -O3 -DNDEBUG",8,100000,pito,owned_initialize,ecs_create_owned,8,500,26,103.771000
aalair,"Apple M3",8,"Darwin 27.0.0 arm64","Apple LLVM 21.0.0 (clang-2100.3.34.2)"," -O3 -DNDEBUG",8,100000,pito,owned_initialize,ecs_create_owned_sharded,1,0,1,27.353000
aalair,"Apple M3",8,"Darwin 27.0.0 arm64","Apple LLVM 21.0.0 (clang-2100.3.34.2)"," -O3 -DNDEBUG",8,100000,pito,owned_initialize,ecs_create_owned_sharded,1,0,2,27.586000
aalair,"Apple M3",8,"Darwin 27.0.0 arm64","Apple LLVM 21.0.0 (clang-2100.3.34.2)"," -O3 -DNDEBUG",8,100000,pito,owned_initialize,ecs_create_owned_sharded,1,0,3,27.476000
aalair,"Apple M3",8,"Darwin 27.0.0 arm64","Apple LLVM 21.0.0 (clang-2100.3.34.2)"," -O3 -DNDEBUG",8,100000,pito,owned_initialize,ecs_create_owned_sharded,1,0,4,27.251000
aalair,"Apple M3",8,"Darwin 27.0.0 arm64","Apple LLVM 21.0.0 (clang-2100.3.34.2)"," -O3 -DNDEBUG",8,100000,pito,owned_initialize,ecs_create_owned_sharded,1,0,5,27.298000
aalair,"Apple M3",8,"Darwin 27.0.0 arm64","Apple LLVM 21.0.0 (clang-2100.3.34.2)"," -O3 -DNDEBUG",8,100000,pito,owned_initialize,ecs_create_owned_sharded,1,0,6,27.464000
aalair,"Apple M3",8,"Darwin 27.0.0 arm64","Apple LLVM 21.0.0 (clang-2100.3.34.2)"," -O3 -DNDEBUG",8,100000,pito,owned_initialize,ecs_create_owned_sharded,1,0,7,27.538000
aalair,"Apple M3",8,"Darwin 27.0.0 arm64","Apple LLVM 21.0.0 (clang-2100.3.34.2)"," -O3 -DNDEBUG",8,100000,pito,owned_initialize,ecs_create_owned_sharded,1,0,8,27.222000
aalair,"Apple M3",8,"Darwin 27.0.0 arm64","Apple LLVM 21.0.0 (clang-2100.3.34.2)"," -O3 -DNDEBUG",8,100000,pito,owned_initialize,ecs_create_owned_sharded,1,0,9,27.371000
aalair,"Apple M3",8,"Darwin 27.0.0 arm64","Apple LLVM 21.0.0 (clang-2100.3.34.2)"," -O3 -DNDEBUG",8,100000,pito,owned_initialize,ecs_create_owned_sharded,1,0,10,27.467000
aalair,"Apple M3",8,"Darwin 27.0.0 arm64","Apple LLVM 21.0.0 (clang-2100.3.34.2)"," -O3 -DNDEBUG",8,100000,pito,owned_initialize,ecs_create_owned_sharded,1,10,1,29.393000
aalair,"Apple M3",8,"Darwin 27.0.0 arm64","Apple LLVM 21.0.0 (clang-2100.3.34.2)"," -O3 -DNDEBUG",8,100000,pito,owned_initialize,ecs_create_owned_sharded,1,10,2,29.736000
aalair,"Apple M3",8,"Darwin 27.0.0 arm64","Apple LLVM 21.0.0 (clang-2100.3.34.2)"," -O3 -DNDEBUG",8,100000,pito,owned_initialize,ecs_create_owned_sharded,1,10,3,29.262000
aalair,"Apple M3",8,"Darwin 27.0.0 arm64","Apple LLVM 21.0.0 (clang-2100.3.34.2)"," -O3 -DNDEBUG",8,100000,pito,owned_initialize,ecs_create_owned_sharded,1,10,4,29.152000
aalair,"Apple M3",8,"Darwin 27.0.0 arm64","Apple LLVM 21.0.0 (clang-2100.3.34.2)"," -O3 -DNDEBUG",8,100000,pito,owned_initialize,ecs_create_owned_sharded,1,10,5,29.323000
aalair,"Apple M3",8,"Darwin 27.0.0 arm64","Apple LLVM 21.0.0 (clang-2100.3.34.2)"," -O3 -DNDEBUG",8,100000,pito,owned_initialize,ecs_create_owned_sharded,1,10,6,29.197000
aalair,"Apple M3",8,"Darwin 27.0.0 arm64","Apple LLVM 21.0.0 (clang-2100.3.34.2)"," -O3 -DNDEBUG",8,100000,pito,owned_initialize,ecs_create_owned_sharded,1,10,7,29.113000
aalair,"Apple M3",8,"Darwin 27.0.0 arm64","Apple LLVM 21.0.0 (clang-2100.3.34.2)"," -O3 -DNDEBUG",8,100000,pito,owned_initialize,ecs_create_owned_sharded,1,10,8,29.422000
aalair,"Apple M3",8,"Darwin 27.0.0 arm64","Apple LLVM 21.0.0 (clang-2100.3.34.2)"," -O3 -DNDEBUG",8,100000,pito,owned_initialize,ecs_create_owned_sharded,1,10,9,29.262000
aalair,"Apple M3",8,"Darwin 27.0.0 arm64","Apple LLVM 21.0.0 (clang-2100.3.34.2)"," -O3 -DNDEBUG",8,100000,pito,owned_initialize,ecs_create_owned_sharded,1,10,10,29.240000
aalair,"Apple M3",8,"Darwin 27.0.0 arm64","Apple LLVM 21.0.0 (clang-2100.3.34.2)"," -O3 -DNDEBUG",8,100000,pito,owned_initialize,ecs_create_owned_sharded,1,50,1,45.955000
aalair,"Apple M3",8,"Darwin 27.0.0 arm64","Apple LLVM 21.0.0 (clang-2100.3.34.2)"," -O3 -DNDEBUG",8,100000,pito,owned_initialize,ecs_create_owned_sharded,1,50,2,45.935000
aalair,"Apple M3",8,"Darwin 27.0.0 arm64","Apple LLVM 21.0.0 (clang-2100.3.34.2)"," -O3 -DNDEBUG",8,100000,pito,owned_initialize,ecs_create_owned_sharded,1,50,3,46.207000
aalair,"Apple M3",8,"Darwin 27.0.0 arm64","Apple LLVM 21.0.0 (clang-2100.3.34.2)"," -O3 -DNDEBUG",8,100000,pito,owned_initialize,ecs_create_owned_sharded,1,50,4,46.621000
aalair,"Apple M3",8,"Darwin 27.0.0 arm64","Apple LLVM 21.0.0 (clang-2100.3.34.2)"," -O3 -DNDEBUG",8,100000,pito,owned_initialize,ecs_create_owned_sharded,1,50,5,48.352000
aalair,"Apple M3",8,"Darwin 27.0.0 arm64","Apple LLVM 21.0.0 (clang-2100.3.34.2)"," -O3 -DNDEBUG",8,100000,pito,owned_initialize,ecs_create_owned_sharded,1,50,6,47.065000
aalair,"Apple M3",8,"Darwin 27.0.0 arm64","Apple LLVM 21.0.0 (clang-2100.3.34.2)"," -O3 -DNDEBUG",8,100000,pito,owned_initialize,ecs_create_owned_sharded,1,50,7,46.357000
aalair,"Apple M3",8,"Darwin 27.0.0 arm64","Apple LLVM 21.0.0 (clang-2100.3.34.2)"," -O3 -DNDEBUG",8,100000,pito,owned_initialize,ecs_create_owned_sharded,1,50,8,46.792000
aalair,"Apple M3",8,"Darwin 27.0.0 arm64","Apple LLVM 21.0.0 (clang-2100.3.34.2)"," -O3 -DNDEBUG",8,100000,pito,owned_initialize,ecs_create_owned_sharded,1,50,9,46.868000
aalair,"Apple M3",8,"Darwin 27.0.0 arm64","Apple LLVM 21.0.0 (clang-2100.3.34.2)"," -O3 -DNDEBUG",8,100000,pito,owned_initialize,ecs_create_owned_sharded,1,50,10,46.749000
aalair,"Apple M3",8,"Darwin 27.0.0 arm64","Apple LLVM 21.0.0 (clang-2100.3.34.2)"," -O3 -DNDEBUG",8,100000,pito,owned_initialize,ecs_create_owned_sharded,1,500,1,392.720000
aalair,"Apple M3",8,"Darwin 27.0.0 arm64","Apple LLVM 21.0.0 (clang-2100.3.34.2)"," -O3 -DNDEBUG",8,100000,pito,owned_initialize,ecs_create_owned_sharded,1,500,2,384.026000
aalair,"Apple M3",8,"Darwin 27.0.0 arm64","Apple LLVM 21.0.0 (clang-2100.3.34.2)"," -O3 -DNDEBUG",8,100000,pito,owned_initialize,ecs_create_owned_sharded,1,500,3,384.771000
aalair,"Apple M3",8,"Darwin 27.0.0 arm64","Apple LLVM 21.0.0 (clang-2100.3.34.2)"," -O3 -DNDEBUG",8,100000,pito,owned_initialize,ecs_create_owned_sharded,1,500,4,383.350000
aalair,"Apple M3",8,"Darwin 27.0.0 arm64","Apple LLVM 21.0.0 (clang-2100.3.34.2)"," -O3 -DNDEBUG",8,100000,pito,owned_initialize,ecs_create_owned_sharded,1,500,5,383.567000
aalair,"Apple M3",8,"Darwin 27.0.0 arm64","Apple LLVM 21.0.0 (clang-2100.3.34.2)"," -O3 -DNDEBUG",8,100000,pito,owned_initialize,ecs_create_owned_sharded,1,500,6,382.465000
aalair,"Apple M3",8,"Darwin 27.0.0 arm64","Apple LLVM 21.0.0 (clang-2100.3.34.2)"," -O3 -DNDEBUG",8,100000,pito,owned_initialize,ecs_create_owned_sharded,1,500,7,382.383000
aalair,"Apple M3",8,"Darwin 27.0.0 arm64","Apple LLVM 21.0.0 (clang-2100.3.34.2)"," -O3 -DNDEBUG",8,100000,pito,owned_initialize,ecs_create_owned_sharded,1,500,8,386.154000
aalair,"Apple M3",8,"Darwin 27.0.0 arm64","Apple LLVM 21.0.0 (clang-2100.3.34.2)"," -O3 -DNDEBUG",8,100000,pito,owned_initialize,ecs_create_owned_sharded,1,500,9,382.666000
aalair,"Apple M3",8,"Darwin 27.0.0 arm64","Apple LLVM 21.0.0 (clang-2100.3.34.2)"," -O3 -DNDEBUG",8,100000,pito,owned_initialize,ecs_create_owned_sharded,1,500,10,383.990000
aalair,"Apple M3",8,"Darwin 27.0.0 arm64","Apple LLVM 21.0.0 (clang-2100.3.34.2)"," -O3 -DNDEBUG",8,100000,pito,owned_initialize,ecs_create_owned_sharded,2,0,1,23.940000
aalair,"Apple M3",8,"Darwin 27.0.0 arm64","Apple LLVM 21.0.0 (clang-2100.3.34.2)"," -O3 -DNDEBUG",8,100000,pito,owned_initialize,ecs_create_owned_sharded,2,0,2,23.804000
aalair,"Apple M3",8,"Darwin 27.0.0 arm64","Apple LLVM 21.0.0 (clang-2100.3.34.2)"," -O3 -DNDEBUG",8,100000,pito,owned_initialize,ecs_create_owned_sharded,2,0,3,23.860000
aalair,"Apple M3",8,"Darwin 27.0.0 arm64","Apple LLVM 21.0.0 (clang-2100.3.34.2)"," -O3 -DNDEBUG",8,100000,pito,owned_initialize,ecs_create_owned_sharded,2,0,4,23.794000
aalair,"Apple M3",8,"Darwin 27.0.0 arm64","Apple LLVM 21.0.0 (clang-2100.3.34.2)"," -O3 -DNDEBUG",8,100000,pito,owned_initialize,ecs_create_owned_sharded,2,0,5,23.765000
aalair,"Apple M3",8,"Darwin 27.0.0 arm64","Apple LLVM 21.0.0 (clang-2100.3.34.2)"," -O3 -DNDEBUG",8,100000,pito,owned_initialize,ecs_create_owned_sharded,2,0,6,23.851000
aalair,"Apple M3",8,"Darwin 27.0.0 arm64","Apple LLVM 21.0.0 (clang-2100.3.34.2)"," -O3 -DNDEBUG",8,100000,pito,owned_initialize,ecs_create_owned_sharded,2,0,7,23.794000
aalair,"Apple M3",8,"Darwin 27.0.0 arm64","Apple LLVM 21.0.0 (clang-2100.3.34.2)"," -O3 -DNDEBUG",8,100000,pito,owned_initialize,ecs_create_owned_sharded,2,0,8,23.318000
aalair,"Apple M3",8,"Darwin 27.0.0 arm64","Apple LLVM 21.0.0 (clang-2100.3.34.2)"," -O3 -DNDEBUG",8,100000,pito,owned_initialize,ecs_create_owned_sharded,2,0,9,23.251000
aalair,"Apple M3",8,"Darwin 27.0.0 arm64","Apple LLVM 21.0.0 (clang-2100.3.34.2)"," -O3 -DNDEBUG",8,100000,pito,owned_initialize,ecs_create_owned_sharded,2,0,10,23.424000
aalair,"Apple M3",8,"Darwin 27.0.0 arm64","Apple LLVM 21.0.0 (clang-2100.3.34.2)"," -O3 -DNDEBUG",8,100000,pito,owned_initialize,ecs_create_owned_sharded,2,10,1,25.091000
aalair,"Apple M3",8,"Darwin 27.0.0 arm64","Apple LLVM 21.0.0 (clang-2100.3.34.2)"," -O3 -DNDEBUG",8,100000,pito,owned_initialize,ecs_create_owned_sharded,2,10,2,25.326000
aalair,"Apple M3",8,"Darwin 27.0.0 arm64","Apple LLVM 21.0.0 (clang-2100.3.34.2)"," -O3 -DNDEBUG",8,100000,pito,owned_initialize,ecs_create_owned_sharded,2,10,3,25.220000
aalair,"Apple M3",8,"Darwin 27.0.0 arm64","Apple LLVM 21.0.0 (clang-2100.3.34.2)"," -O3 -DNDEBUG",8,100000,pito,owned_initialize,ecs_create_owned_sharded,2,10,4,25.074000
aalair,"Apple M3",8,"Darwin 27.0.0 arm64","Apple LLVM 21.0.0 (clang-2100.3.34.2)"," -O3 -DNDEBUG",8,100000,pito,owned_initialize,ecs_create_owned_sharded,2,10,5,24.986000
aalair,"Apple M3",8,"Darwin 27.0.0 arm64","Apple LLVM 21.0.0 (clang-2100.3.34.2)"," -O3 -DNDEBUG",8,100000,pito,owned_initialize,ecs_create_owned_sharded,2,10,6,24.855000
aalair,"Apple M3",8,"Darwin 27.0.0 arm64","Apple LLVM 21.0.0 (clang-2100.3.34.2)"," -O3 -DNDEBUG",8,100000,pito,owned_initialize,ecs_create_owned_sharded,2,10,7,25.119000
aalair,"Apple M3",8,"Darwin 27.0.0 arm64","Apple LLVM 21.0.0 (clang-2100.3.34.2)"," -O3 -DNDEBUG",8,100000,pito,owned_initialize,ecs_create_owned_sharded,2,10,8,25.092000
aalair,"Apple M3",8,"Darwin 27.0.0 arm64","Apple LLVM 21.0.0 (clang-2100.3.34.2)"," -O3 -DNDEBUG",8,100000,pito,owned_initialize,ecs_create_owned_sharded,2,10,9,25.109000
aalair,"Apple M3",8,"Darwin 27.0.0 arm64","Apple LLVM 21.0.0 (clang-2100.3.34.2)"," -O3 -DNDEBUG",8,100000,pito,owned_initialize,ecs_create_owned_sharded,2,10,10,24.705000
aalair,"Apple M3",8,"Darwin 27.0.0 arm64","Apple LLVM 21.0.0 (clang-2100.3.34.2)"," -O3 -DNDEBUG",8,100000,pito,owned_initialize,ecs_create_owned_sharded,2,50,1,32.821000
aalair,"Apple M3",8,"Darwin 27.0.0 arm64","Apple LLVM 21.0.0 (clang-2100.3.34.2)"," -O3 -DNDEBUG",8,100000,pito,owned_initialize,ecs_create_owned_sharded,2,50,2,32.713000
aalair,"Apple M3",8,"Darwin 27.0.0 arm64","Apple LLVM 21.0.0 (clang-2100.3.34.2)"," -O3 -DNDEBUG",8,100000,pito,owned_initialize,ecs_create_owned_sharded,2,50,3,32.841000
aalair,"Apple M3",8,"Darwin 27.0.0 arm64","Apple LLVM 21.0.0 (clang-2100.3.34.2)"," -O3 -DNDEBUG",8,100000,pito,owned_initialize,ecs_create_owned_sharded,2,50,4,32.516000
aalair,"Apple M3",8,"Darwin 27.0.0 arm64","Apple LLVM 21.0.0 (clang-2100.3.34.2)"," -O3 -DNDEBUG",8,100000,pito,owned_initialize,ecs_create_owned_sharded,2,50,5,32.610000
aalair,"Apple M3",8,"Darwin 27.0.0 arm64","Apple LLVM 21.0.0 (clang-2100.3.34.2)"," -O3 -DNDEBUG",8,100000,pito,owned_initialize,ecs_create_owned_sharded,2,50,6,32.451000
aalair,"Apple M3",8,"Darwin 27.0.0 arm64","Apple LLVM 21.0.0 (clang-2100.3.34.2)"," -O3 -DNDEBUG",8,100000,pito,owned_initialize,ecs_create_owned_sharded,2,50,7,32.572000
aalair,"Apple M3",8,"Darwin 27.0.0 arm64","Apple LLVM 21.0.0 (clang-2100.3.34.2)"," -O3 -DNDEBUG",8,100000,pito,owned_initialize,ecs_create_owned_sharded,2,50,8,32.345000
aalair,"Apple M3",8,"Darwin 27.0.0 arm64","Apple LLVM 21.0.0 (clang-2100.3.34.2)"," -O3 -DNDEBUG",8,100000,pito,owned_initialize,ecs_create_owned_sharded,2,50,9,32.685000
aalair,"Apple M3",8,"Darwin 27.0.0 arm64","Apple LLVM 21.0.0 (clang-2100.3.34.2)"," -O3 -DNDEBUG",8,100000,pito,owned_initialize,ecs_create_owned_sharded,2,50,10,32.593000
aalair,"Apple M3",8,"Darwin 27.0.0 arm64","Apple LLVM 21.0.0 (clang-2100.3.34.2)"," -O3 -DNDEBUG",8,100000,pito,owned_initialize,ecs_create_owned_sharded,2,500,1,209.248000
aalair,"Apple M3",8,"Darwin 27.0.0 arm64","Apple LLVM 21.0.0 (clang-2100.3.34.2)"," -O3 -DNDEBUG",8,100000,pito,owned_initialize,ecs_create_owned_sharded,2,500,2,206.263000
aalair,"Apple M3",8,"Darwin 27.0.0 arm64","Apple LLVM 21.0.0 (clang-2100.3.34.2)"," -O3 -DNDEBUG",8,100000,pito,owned_initialize,ecs_create_owned_sharded,2,500,3,210.891000
aalair,"Apple M3",8,"Darwin 27.0.0 arm64","Apple LLVM 21.0.0 (clang-2100.3.34.2)"," -O3 -DNDEBUG",8,100000,pito,owned_initialize,ecs_create_owned_sharded,2,500,4,211.861000
aalair,"Apple M3",8,"Darwin 27.0.0 arm64","Apple LLVM 21.0.0 (clang-2100.3.34.2)"," -O3 -DNDEBUG",8,100000,pito,owned_initialize,ecs_create_owned_sharded,2,500,5,208.607000
aalair,"Apple M3",8,"Darwin 27.0.0 arm64","Apple LLVM 21.0.0 (clang-2100.3.34.2)"," -O3 -DNDEBUG",8,100000,pito,owned_initialize,ecs_create_owned_sharded,2,500,6,208.611000
aalair,"Apple M3",8,"Darwin 27.0.0 arm64","Apple LLVM 21.0.0 (clang-2100.3.34.2)"," -O3 -DNDEBUG",8,100000,pito,owned_initialize,ecs_create_owned_sharded,2,500,7,221.725000
aalair,"Apple M3",8,"Darwin 27.0.0 arm64","Apple LLVM 21.0.0 (clang-2100.3.34.2)"," -O3 -DNDEBUG",8,100000,pito,owned_initialize,ecs_create_owned_sharded,2,500,8,212.573000
aalair,"Apple M3",8,"Darwin 27.0.0 arm64","Apple LLVM 21.0.0 (clang-2100.3.34.2)"," -O3 -DNDEBUG",8,100000,pito,owned_initialize,ecs_create_owned_sharded,2,500,9,210.403000
aalair,"Apple M3",8,"Darwin 27.0.0 arm64","Apple LLVM 21.0.0 (clang-2100.3.34.2)"," -O3 -DNDEBUG",8,100000,pito,owned_initialize,ecs_create_owned_sharded,2,500,10,220.544000
aalair,"Apple M3",8,"Darwin 27.0.0 arm64","Apple LLVM 21.0.0 (clang-2100.3.34.2)"," -O3 -DNDEBUG",8,100000,pito,owned_initialize,ecs_create_owned_sharded,2,500,11,207.123000
aalair,"Apple M3",8,"Darwin 27.0.0 arm64","Apple LLVM 21.0.0 (clang-2100.3.34.2)"," -O3 -DNDEBUG",8,100000,pito,owned_initialize,ecs_create_owned_sharded,4,0,1,24.919000
aalair,"Apple M3",8,"Darwin 27.0.0 arm64","Apple LLVM 21.0.0 (clang-2100.3.34.2)"," -O3 -DNDEBUG",8,100000,pito,owned_initialize,ecs_create_owned_sharded,4,0,2,24.099000
aalair,"Apple M3",8,"Darwin 27.0.0 arm64","Apple LLVM 21.0.0 (clang-2100.3.34.2)"," -O3 -DNDEBUG",8,100000,pito,owned_initialize,ecs_create_owned_sharded,4,0,3,23.836000
aalair,"Apple M3",8,"Darwin 27.0.0 arm64","Apple LLVM 21.0.0 (clang-2100.3.34.2)"," -O3 -DNDEBUG",8,100000,pito,owned_initialize,ecs_create_owned_sharded,4,0,4,23.923000
aalair,"Apple M3",8,"Darwin 27.0.0 arm64","Apple LLVM 21.0.0 (clang-2100.3.34.2)"," -O3 -DNDEBUG",8,100000,pito,owned_initialize,ecs_create_owned_sharded,4,0,5,26.572000
aalair,"Apple M3",8,"Darwin 27.0.0 arm64","Apple LLVM 21.0.0 (clang-2100.3.34.2)"," -O3 -DNDEBUG",8,100000,pito,owned_initialize,ecs_create_owned_sharded,4,0,6,24.100000
aalair,"Apple M3",8,"Darwin 27.0.0 arm64","Apple LLVM 21.0.0 (clang-2100.3.34.2)"," -O3 -DNDEBUG",8,100000,pito,owned_initialize,ecs_create_owned_sharded,4,0,7,24.136000
aalair,"Apple M3",8,"Darwin 27.0.0 arm64","Apple LLVM 21.0.0 (clang-2100.3.34.2)"," -O3 -DNDEBUG",8,100000,pito,owned_initialize,ecs_create_owned_sharded,4,0,8,23.896000
aalair,"Apple M3",8,"Darwin 27.0.0 arm64","Apple LLVM 21.0.0 (clang-2100.3.34.2)"," -O3 -DNDEBUG",8,100000,pito,owned_initialize,ecs_create_owned_sharded,4,0,9,24.083000
aalair,"Apple M3",8,"Darwin 27.0.0 arm64","Apple LLVM 21.0.0 (clang-2100.3.34.2)"," -O3 -DNDEBUG",8,100000,pito,owned_initialize,ecs_create_owned_sharded,4,0,10,23.943000
aalair,"Apple M3",8,"Darwin 27.0.0 arm64","Apple LLVM 21.0.0 (clang-2100.3.34.2)"," -O3 -DNDEBUG",8,100000,pito,owned_initialize,ecs_create_owned_sharded,4,0,11,24.011000
aalair,"Apple M3",8,"Darwin 27.0.0 arm64","Apple LLVM 21.0.0 (clang-2100.3.34.2)"," -O3 -DNDEBUG",8,100000,pito,owned_initialize,ecs_create_owned_sharded,4,10,1,24.739000
aalair,"Apple M3",8,"Darwin 27.0.0 arm64","Apple LLVM 21.0.0 (clang-2100.3.34.2)"," -O3 -DNDEBUG",8,100000,pito,owned_initialize,ecs_create_owned_sharded,4,10,2,25.106000
aalair,"Apple M3",8,"Darwin 27.0.0 arm64","Apple LLVM 21.0.0 (clang-2100.3.34.2)"," -O3 -DNDEBUG",8,100000,pito,owned_initialize,ecs_create_owned_sharded,4,10,3,24.406000
aalair,"Apple M3",8,"Darwin 27.0.0 arm64","Apple LLVM 21.0.0 (clang-2100.3.34.2)"," -O3 -DNDEBUG",8,100000,pito,owned_initialize,ecs_create_owned_sharded,4,10,4,24.531000
aalair,"Apple M3",8,"Darwin 27.0.0 arm64","Apple LLVM 21.0.0 (clang-2100.3.34.2)"," -O3 -DNDEBUG",8,100000,pito,owned_initialize,ecs_create_owned_sharded,4,10,5,24.542000
aalair,"Apple M3",8,"Darwin 27.0.0 arm64","Apple LLVM 21.0.0 (clang-2100.3.34.2)"," -O3 -DNDEBUG",8,100000,pito,owned_initialize,ecs_create_owned_sharded,4,10,6,24.601000
aalair,"Apple M3",8,"Darwin 27.0.0 arm64","Apple LLVM 21.0.0 (clang-2100.3.34.2)"," -O3 -DNDEBUG",8,100000,pito,owned_initialize,ecs_create_owned_sharded,4,10,7,24.676000
aalair,"Apple M3",8,"Darwin 27.0.0 arm64","Apple LLVM 21.0.0 (clang-2100.3.34.2)"," -O3 -DNDEBUG",8,100000,pito,owned_initialize,ecs_create_owned_sharded,4,10,8,24.162000
aalair,"Apple M3",8,"Darwin 27.0.0 arm64","Apple LLVM 21.0.0 (clang-2100.3.34.2)"," -O3 -DNDEBUG",8,100000,pito,owned_initialize,ecs_create_owned_sharded,4,10,9,24.614000
aalair,"Apple M3",8,"Darwin 27.0.0 arm64","Apple LLVM 21.0.0 (clang-2100.3.34.2)"," -O3 -DNDEBUG",8,100000,pito,owned_initialize,ecs_create_owned_sharded,4,10,10,24.634000
aalair,"Apple M3",8,"Darwin 27.0.0 arm64","Apple LLVM 21.0.0 (clang-2100.3.34.2)"," -O3 -DNDEBUG",8,100000,pito,owned_initialize,ecs_create_owned_sharded,4,50,1,27.219000
aalair,"Apple M3",8,"Darwin 27.0.0 arm64","Apple LLVM 21.0.0 (clang-2100.3.34.2)"," -O3 -DNDEBUG",8,100000,pito,owned_initialize,ecs_create_owned_sharded,4,50,2,27.671000
aalair,"Apple M3",8,"Darwin 27.0.0 arm64","Apple LLVM 21.0.0 (clang-2100.3.34.2)"," -O3 -DNDEBUG",8,100000,pito,owned_initialize,ecs_create_owned_sharded,4,50,3,26.825000
aalair,"Apple M3",8,"Darwin 27.0.0 arm64","Apple LLVM 21.0.0 (clang-2100.3.34.2)"," -O3 -DNDEBUG",8,100000,pito,owned_initialize,ecs_create_owned_sharded,4,50,4,27.674000
aalair,"Apple M3",8,"Darwin 27.0.0 arm64","Apple LLVM 21.0.0 (clang-2100.3.34.2)"," -O3 -DNDEBUG",8,100000,pito,owned_initialize,ecs_create_owned_sharded,4,50,5,27.444000
aalair,"Apple M3",8,"Darwin 27.0.0 arm64","Apple LLVM 21.0.0 (clang-2100.3.34.2)"," -O3 -DNDEBUG",8,100000,pito,owned_initialize,ecs_create_owned_sharded,4,50,6,27.568000
aalair,"Apple M3",8,"Darwin 27.0.0 arm64","Apple LLVM 21.0.0 (clang-2100.3.34.2)"," -O3 -DNDEBUG",8,100000,pito,owned_initialize,ecs_create_owned_sharded,4,50,7,27.331000
aalair,"Apple M3",8,"Darwin 27.0.0 arm64","Apple LLVM 21.0.0 (clang-2100.3.34.2)"," -O3 -DNDEBUG",8,100000,pito,owned_initialize,ecs_create_owned_sharded,4,50,8,27.947000
aalair,"Apple M3",8,"Darwin 27.0.0 arm64","Apple LLVM 21.0.0 (clang-2100.3.34.2)"," -O3 -DNDEBUG",8,100000,pito,owned_initialize,ecs_create_owned_sharded,4,50,9,28.987000
aalair,"Apple M3",8,"Darwin 27.0.0 arm64","Apple LLVM 21.0.0 (clang-2100.3.34.2)"," -O3 -DNDEBUG",8,100000,pito,owned_initialize,ecs_create_owned_sharded,4,50,10,28.033000
aalair,"Apple M3",8,"Darwin 27.0.0 arm64","Apple LLVM 21.0.0 (clang-2100.3.34.2)"," -O3 -DNDEBUG",8,100000,pito,owned_initialize,ecs_create_owned_sharded,4,500,1,119.807000
aalair,"Apple M3",8,"Darwin 27.0.0 arm64","Apple LLVM 21.0.0 (clang-2100.3.34.2)"," -O3 -DNDEBUG",8,100000,pito,owned_initialize,ecs_create_owned_sharded,4,500,2,121.490000
aalair,"Apple M3",8,"Darwin 27.0.0 arm64","Apple LLVM 21.0.0 (clang-2100.3.34.2)"," -O3 -DNDEBUG",8,100000,pito,owned_initialize,ecs_create_owned_sharded,4,500,3,121.638000
aalair,"Apple M3",8,"Darwin 27.0.0 arm64","Apple LLVM 21.0.0 (clang-2100.3.34.2)"," -O3 -DNDEBUG",8,100000,pito,owned_initialize,ecs_create_owned_sharded,4,500,4,121.207000
aalair,"Apple M3",8,"Darwin 27.0.0 arm64","Apple LLVM 21.0.0 (clang-2100.3.34.2)"," -O3 -DNDEBUG",8,100000,pito,owned_initialize,ecs_create_owned_sharded,4,500,5,121.022000
aalair,"Apple M3",8,"Darwin 27.0.0 arm64","Apple LLVM 21.0.0 (clang-2100.3.34.2)"," -O3 -DNDEBUG",8,100000,pito,owned_initialize,ecs_create_owned_sharded,4,500,6,120.702000
aalair,"Apple M3",8,"Darwin 27.0.0 arm64","Apple LLVM 21.0.0 (clang-2100.3.34.2)"," -O3 -DNDEBUG",8,100000,pito,owned_initialize,ecs_create_owned_sharded,4,500,7,120.522000
aalair,"Apple M3",8,"Darwin 27.0.0 arm64","Apple LLVM 21.0.0 (clang-2100.3.34.2)"," -O3 -DNDEBUG",8,100000,pito,owned_initialize,ecs_create_owned_sharded,4,500,8,124.382000
aalair,"Apple M3",8,"Darwin 27.0.0 arm64","Apple LLVM 21.0.0 (clang-2100.3.34.2)"," -O3 -DNDEBUG",8,100000,pito,owned_initialize,ecs_create_owned_sharded,4,500,9,119.717000
aalair,"Apple M3",8,"Darwin 27.0.0 arm64","Apple LLVM 21.0.0 (clang-2100.3.34.2)"," -O3 -DNDEBUG",8,100000,pito,owned_initialize,ecs_create_owned_sharded,4,500,10,119.594000
aalair,"Apple M3",8,"Darwin 27.0.0 arm64","Apple LLVM 21.0.0 (clang-2100.3.34.2)"," -O3 -DNDEBUG",8,100000,pito,owned_initialize,ecs_create_owned_sharded,8,0,1,22.290000
aalair,"Apple M3",8,"Darwin 27.0.0 arm64","Apple LLVM 21.0.0 (clang-2100.3.34.2)"," -O3 -DNDEBUG",8,100000,pito,owned_initialize,ecs_create_owned_sharded,8,0,2,22.506000
aalair,"Apple M3",8,"Darwin 27.0.0 arm64","Apple LLVM 21.0.0 (clang-2100.3.34.2)"," -O3 -DNDEBUG",8,100000,pito,owned_initialize,ecs_create_owned_sharded,8,0,3,22.562000
aalair,"Apple M3",8,"Darwin 27.0.0 arm64","Apple LLVM 21.0.0 (clang-2100.3.34.2)"," -O3 -DNDEBUG",8,100000,pito,owned_initialize,ecs_create_owned_sharded,8,0,4,22.766000
aalair,"Apple M3",8,"Darwin 27.0.0 arm64","Apple LLVM 21.0.0 (clang-2100.3.34.2)"," -O3 -DNDEBUG",8,100000,pito,owned_initialize,ecs_create_owned_sharded,8,0,5,22.308000
aalair,"Apple M3",8,"Darwin 27.0.0 arm64","Apple LLVM 21.0.0 (clang-2100.3.34.2)"," -O3 -DNDEBUG",8,100000,pito,owned_initialize,ecs_create_owned_sharded,8,0,6,22.327000
aalair,"Apple M3",8,"Darwin 27.0.0 arm64","Apple LLVM 21.0.0 (clang-2100.3.34.2)"," -O3 -DNDEBUG",8,100000,pito,owned_initialize,ecs_create_owned_sharded,8,0,7,22.466000
aalair,"Apple M3",8,"Darwin 27.0.0 arm64","Apple LLVM 21.0.0 (clang-2100.3.34.2)"," -O3 -DNDEBUG",8,100000,pito,owned_initialize,ecs_create_owned_sharded,8,0,8,23.723000
aalair,"Apple M3",8,"Darwin 27.0.0 arm64","Apple LLVM 21.0.0 (clang-2100.3.34.2)"," -O3 -DNDEBUG",8,100000,pito,owned_initialize,ecs_create_owned_sharded,8,0,9,22.606000
aalair,"Apple M3",8,"Darwin 27.0.0 arm64","Apple LLVM 21.0.0 (clang-2100.3.34.2)"," -O3 -DNDEBUG",8,100000,pito,owned_initialize,ecs_create_owned_sharded,8,0,10,23.532000
aalair,"Apple M3",8,"Darwin 27.0.0 arm64","Apple LLVM 21.0.0 (clang-2100.3.34.2)"," -O3 -DNDEBUG",8,100000,pito,owned_initialize,ecs_create_owned_sharded,8,0,11,22.711000
aalair,"Apple M3",8,"Darwin 27.0.0 arm64","Apple LLVM 21.0.0 (clang-2100.3.34.2)"," -O3 -DNDEBUG",8,100000,pito,owned_initialize,ecs_create_owned_sharded,8,10,1,22.538000
aalair,"Apple M3",8,"Darwin 27.0.0 arm64","Apple LLVM 21.0.0 (clang-2100.3.34.2)"," -O3 -DNDEBUG",8,100000,pito,owned_initialize,ecs_create_owned_sharded,8,10,2,22.752000
aalair,"Apple M3",8,"Darwin 27.0.0 arm64","Apple LLVM 21.0.0 (clang-2100.3.34.2)"," -O3 -DNDEBUG",8,100000,pito,owned_initialize,ecs_create_owned_sharded,8,10,3,26.975000
aalair,"Apple M3",8,"Darwin 27.0.0 arm64","Apple LLVM 21.0.0 (clang-2100.3.34.2)"," -O3 -DNDEBUG",8,100000,pito,owned_initialize,ecs_create_owned_sharded,8,10,4,22.849000
aalair,"Apple M3",8,"Darwin 27.0.0 arm64","Apple LLVM 21.0.0 (clang-2100.3.34.2)"," -O3 -DNDEBUG",8,100000,pito,owned_initialize,ecs_create_owned_sharded,8,10,5,22.322000
aalair,"Apple M3",8,"Darwin 27.0.0 arm64","Apple LLVM 21.0.0 (clang-2100.3.34.2)"," -O3 -DNDEBUG",8,100000,pito,owned_initialize,ecs_create_owned_sharded,8,10,6,22.583000
aalair,"Apple M3",8,"Darwin 27.0.0 arm64","Apple LLVM 21.0.0 (clang-2100.3.34.2)"," -O3 -DNDEBUG",8,100000,pito,owned_initialize,ecs_create_owned_sharded,8,10,7,22.860000
aalair,"Apple M3",8,"Darwin 27.0.0 arm64","Apple LLVM 21.0.0 (clang-2100.3.34.2)"," -O3 -DNDEBUG",8,100000,pito,owned_initialize,ecs_create_owned_sharded,8,10,8,22.446000
aalair,"Apple M3",8,"Darwin 27.0.0 arm64","Apple LLVM 21.0.0 (clang-2100.3.34.2)"," -O3 -DNDEBUG",8,100000,pito,owned_initialize,ecs_create_owned_sharded,8,10,9,22.521000
aalair,"Apple M3",8,"Darwin 27.0.0 arm64","Apple LLVM 21.0.0 (clang-2100.3.34.2)"," -O3 -DNDEBUG",8,100000,pito,owned_initialize,ecs_create_owned_sharded,8,10,10,22.443000
aalair,"Apple M3",8,"Darwin 27.0.0 arm64","Apple LLVM 21.0.0 (clang-2100.3.34.2)"," -O3 -DNDEBUG",8,100000,pito,owned_initialize,ecs_create_owned_sharded,8,10,11,23.242000
aalair,"Apple M3",8,"Darwin 27.0.0 arm64","Apple LLVM 21.0.0 (clang-2100.3.34.2)"," -O3 -DNDEBUG",8,100000,pito,owned_initialize,ecs_create_owned_sharded,8,50,1,26.333000
aalair,"Apple M3",8,"Darwin 27.0.0 arm64","Apple LLVM 21.0.0 (clang-2100.3.34.2)"," -O3 -DNDEBUG",8,100000,pito,owned_initialize,ecs_create_owned_sharded,8,50,2,28.004000
aalair,"Apple M3",8,"Darwin 27.0.0 arm64","Apple LLVM 21.0.0 (clang-2100.3.34.2)"," -O3 -DNDEBUG",8,100000,pito,owned_initialize,ecs_create_owned_sharded,8,50,3,27.123000
aalair,"Apple M3",8,"Darwin 27.0.0 arm64","Apple LLVM 21.0.0 (clang-2100.3.34.2)"," -O3 -DNDEBUG",8,100000,pito,owned_initialize,ecs_create_owned_sharded,8,50,4,26.395000
aalair,"Apple M3",8,"Darwin 27.0.0 arm64","Apple LLVM 21.0.0 (clang-2100.3.34.2)"," -O3 -DNDEBUG",8,100000,pito,owned_initialize,ecs_create_owned_sharded,8,50,5,26.381000
aalair,"Apple M3",8,"Darwin 27.0.0 arm64","Apple LLVM 21.0.0 (clang-2100.3.34.2)"," -O3 -DNDEBUG",8,100000,pito,owned_initialize,ecs_create_owned_sharded,8,50,6,26.333000
aalair,"Apple M3",8,"Darwin 27.0.0 arm64","Apple LLVM 21.0.0 (clang-2100.3.34.2)"," -O3 -DNDEBUG",8,100000,pito,owned_initialize,ecs_create_owned_sharded,8,50,7,26.647000
aalair,"Apple M3",8,"Darwin 27.0.0 arm64","Apple LLVM 21.0.0 (clang-2100.3.34.2)"," -O3 -DNDEBUG",8,100000,pito,owned_initialize,ecs_create_owned_sharded,8,50,8,26.151000
aalair,"Apple M3",8,"Darwin 27.0.0 arm64","Apple LLVM 21.0.0 (clang-2100.3.34.2)"," -O3 -DNDEBUG",8,100000,pito,owned_initialize,ecs_create_owned_sharded,8,50,9,26.299000
aalair,"Apple M3",8,"Darwin 27.0.0 arm64","Apple LLVM 21.0.0 (clang-2100.3.34.2)"," -O3 -DNDEBUG",8,100000,pito,owned_initialize,ecs_create_owned_sharded,8,50,10,26.656000
aalair,"Apple M3",8,"Darwin 27.0.0 arm64","Apple LLVM 21.0.0 (clang-2100.3.34.2)"," -O3 -DNDEBUG",8,100000,pito,owned_initialize,ecs_create_owned_sharded,8,50,11,26.854000
aalair,"Apple M3",8,"Darwin 27.0.0 arm64","Apple LLVM 21.0.0 (clang-2100.3.34.2)"," -O3 -DNDEBUG",8,100000,pito,owned_initialize,ecs_create_owned_sharded,8,500,1,83.942000
aalair,"Apple M3",8,"Darwin 27.0.0 arm64","Apple LLVM 21.0.0 (clang-2100.3.34.2)"," -O3 -DNDEBUG",8,100000,pito,owned_initialize,ecs_create_owned_sharded,8,500,2,82.469000
aalair,"Apple M3",8,"Darwin 27.0.0 arm64","Apple LLVM 21.0.0 (clang-2100.3.34.2)"," -O3 -DNDEBUG",8,100000,pito,owned_initialize,ecs_create_owned_sharded,8,500,3,86.454000
aalair,"Apple M3",8,"Darwin 27.0.0 arm64","Apple LLVM 21.0.0 (clang-2100.3.34.2)"," -O3 -DNDEBUG",8,100000,pito,owned_initialize,ecs_create_owned_sharded,8,500,4,98.238000
aalair,"Apple M3",8,"Darwin 27.0.0 arm64","Apple LLVM 21.0.0 (clang-2100.3.34.2)"," -O3 -DNDEBUG",8,100000,pito,owned_initialize,ecs_create_owned_sharded,8,500,5,85.398000
aalair,"Apple M3",8,"Darwin 27.0.0 arm64","Apple LLVM 21.0.0 (clang-2100.3.34.2)"," -O3 -DNDEBUG",8,100000,pito,owned_initialize,ecs_create_owned_sharded,8,500,6,85.564000
aalair,"Apple M3",8,"Darwin 27.0.0 arm64","Apple LLVM 21.0.0 (clang-2100.3.34.2)"," -O3 -DNDEBUG",8,100000,pito,owned_initialize,ecs_create_owned_sharded,8,500,7,90.648000
aalair,"Apple M3",8,"Darwin 27.0.0 arm64","Apple LLVM 21.0.0 (clang-2100.3.34.2)"," -O3 -DNDEBUG",8,100000,pito,owned_initialize,ecs_create_owned_sharded,8,500,8,86.817000
aalair,"Apple M3",8,"Darwin 27.0.0 arm64","Apple LLVM 21.0.0 (clang-2100.3.34.2)"," -O3 -DNDEBUG",8,100000,pito,owned_initialize,ecs_create_owned_sharded,8,500,9,85.130000
aalair,"Apple M3",8,"Darwin 27.0.0 arm64","Apple LLVM 21.0.0 (clang-2100.3.34.2)"," -O3 -DNDEBUG",8,100000,pito,owned_initialize,ecs_create_owned_sharded,8,500,10,86.073000
aalair,"Apple M3",8,"Darwin 27.0.0 arm64","Apple LLVM 21.0.0 (clang-2100.3.34.2)"," -O3 -DNDEBUG",8,100000,pito,owned_initialize,ecs_create_owned_sharded,8,500,11,83.835000
aalair,"Apple M3",8,"Darwin 27.0.0 arm64","Apple LLVM 21.0.0 (clang-2100.3.34.2)"," -O3 -DNDEBUG",8,100000,pito,owned_initialize,ecs_create_owned_sharded,8,500,12,80.247000
aalair,"Apple M3",8,"Darwin 27.0.0 arm64","Apple LLVM 21.0.0 (clang-2100.3.34.2)"," -O3 -DNDEBUG",8,100000,pito,owned_initialize,ecs_create_owned_sharded,8,500,13,84.550000
aalair,"Apple M3",8,"Darwin 27.0.0 arm64","Apple LLVM 21.0.0 (clang-2100.3.34.2)"," -O3 -DNDEBUG",8,100000,pito,owned_initialize,ecs_create_owned_sharded,8,500,14,85.823000
aalair,"Apple M3",8,"Darwin 27.0.0 arm64","Apple LLVM 21.0.0 (clang-2100.3.34.2)"," -O3 -DNDEBUG -DPITO_ECS_OWNED_DELETE_ATOMIC=1",8,100000,pito,owned_initialize,ecs_create_owned,1,0,1,14.393000
aalair,"Apple M3",8,"Darwin 27.0.0 arm64","Apple LLVM 21.0.0 (clang-2100.3.34.2)"," -O3 -DNDEBUG -DPITO_ECS_OWNED_DELETE_ATOMIC=1",8,100000,pito,owned_initialize,ecs_create_owned,1,0,2,14.493000
aalair,"Apple M3",8,"Darwin 27.0.0 arm64","Apple LLVM 21.0.0 (clang-2100.3.34.2)"," -O3 -DNDEBUG -DPITO_ECS_OWNED_DELETE_ATOMIC=1",8,100000,pito,owned_initialize,ecs_create_owned,1,0,3,14.485000
aalair,"Apple M3",8,"Darwin 27.0.0 arm64","Apple LLVM 21.0.0 (clang-2100.3.34.2)"," -O3 -DNDEBUG -DPITO_ECS_OWNED_DELETE_ATOMIC=1",8,100000,pito,owned_initialize,ecs_create_owned,1,0,4,14.473000
aalair,"Apple M3",8,"Darwin 27.0.0 arm64","Apple LLVM 21.0.0 (clang-2100.3.34.2)"," -O3 -DNDEBUG -DPITO_ECS_OWNED_DELETE_ATOMIC=1",8,100000,pito,owned_initialize,ecs_create_owned,1,0,5,14.471000
aalair,"Apple M3",8,"Darwin 27.0.0 arm64","Apple LLVM 21.0.0 (clang-2100.3.34.2)"," -O3 -DNDEBUG -DPITO_ECS_OWNED_DELETE_ATOMIC=1",8,100000,pito,owned_initialize,ecs_create_owned,1,0,6,14.488000
aalair,"Apple M3",8,"Darwin 27.0.0 arm64","Apple LLVM 21.0.0 (clang-2100.3.34.2)"," -O3 -DNDEBUG -DPITO_ECS_OWNED_DELETE_ATOMIC=1",8,100000,pito,owned_initialize,ecs_create_owned,1,0,7,14.478000
aalair,"Apple M3",8,"Darwin 27.0.0 arm64","Apple LLVM 21.0.0 (clang-2100.3.34.2)"," -O3 -DNDEBUG -DPITO_ECS_OWNED_DELETE_ATOMIC=1",8,100000,pito,owned_initialize,ecs_create_owned,1,0,8,14.477000
aalair,"Apple M3",8,"Darwin 27.0.0 arm64","Apple LLVM 21.0.0 (clang-2100.3.34.2)"," -O3 -DNDEBUG -DPITO_ECS_OWNED_DELETE_ATOMIC=1",8,100000,pito,owned_initialize,ecs_create_owned,1,0,9,14.473000
aalair,"Apple M3",8,"Darwin 27.0.0 arm64","Apple LLVM 21.0.0 (clang-2100.3.34.2)"," -O3 -DNDEBUG -DPITO_ECS_OWNED_DELETE_ATOMIC=1",8,100000,pito,owned_initialize,ecs_create_owned,1,0,10,14.484000
aalair,"Apple M3",8,"Darwin 27.0.0 arm64","Apple LLVM 21.0.0 (clang-2100.3.34.2)"," -O3 -DNDEBUG -DPITO_ECS_OWNED_DELETE_ATOMIC=1",8,100000,pito,owned_initialize,ecs_create_owned,1,10,1,16.788000
aalair,"Apple M3",8,"Darwin 27.0.0 arm64","Apple LLVM 21.0.0 (clang-2100.3.34.2)"," -O3 -DNDEBUG -DPITO_ECS_OWNED_DELETE_ATOMIC=1",8,100000,pito,owned_initialize,ecs_create_owned,1,10,2,16.777000
aalair,"Apple M3",8,"Darwin 27.0.0 arm64","Apple LLVM 21.0.0 (clang-2100.3.34.2)"," -O3 -DNDEBUG -DPITO_ECS_OWNED_DELETE_ATOMIC=1",8,100000,pito,owned_initialize,ecs_create_owned,1,10,3,16.761000
aalair,"Apple M3",8,"Darwin 27.0.0 arm64","Apple LLVM 21.0.0 (clang-2100.3.34.2)"," -O3 -DNDEBUG -DPITO_ECS_OWNED_DELETE_ATOMIC=1",8,100000,pito,owned_initialize,ecs_create_owned,1,10,4,16.764000
aalair,"Apple M3",8,"Darwin 27.0.0 arm64","Apple LLVM 21.0.0 (clang-2100.3.34.2)"," -O3 -DNDEBUG -DPITO_ECS_OWNED_DELETE_ATOMIC=1",8,100000,pito,owned_initialize,ecs_create_owned,1,10,5,16.549000
aalair,"Apple M3",8,"Darwin 27.0.0 arm64","Apple LLVM 21.0.0 (clang-2100.3.34.2)"," -O3 -DNDEBUG -DPITO_ECS_OWNED_DELETE_ATOMIC=1",8,100000,pito,owned_initialize,ecs_create_owned,1,10,6,16.779000
aalair,"Apple M3",8,"Darwin 27.0.0 arm64","Apple LLVM 21.0.0 (clang-2100.3.34.2)"," -O3 -DNDEBUG -DPITO_ECS_OWNED_DELETE_ATOMIC=1",8,100000,pito,owned_initialize,ecs_create_owned,1,10,7,16.727000
aalair,"Apple M3",8,"Darwin 27.0.0 arm64","Apple LLVM 21.0.0 (clang-2100.3.34.2)"," -O3 -DNDEBUG -DPITO_ECS_OWNED_DELETE_ATOMIC=1",8,100000,pito,owned_initialize,ecs_create_owned,1,10,8,16.525000
aalair,"Apple M3",8,"Darwin 27.0.0 arm64","Apple LLVM 21.0.0 (clang-2100.3.34.2)"," -O3 -DNDEBUG -DPITO_ECS_OWNED_DELETE_ATOMIC=1",8,100000,pito,owned_initialize,ecs_create_owned,1,10,9,16.726000
aalair,"Apple M3",8,"Darwin 27.0.0 arm64","Apple LLVM 21.0.0 (clang-2100.3.34.2)"," -O3 -DNDEBUG -DPITO_ECS_OWNED_DELETE_ATOMIC=1",8,100000,pito,owned_initialize,ecs_create_owned,1,10,10,16.577000
aalair,"Apple M3",8,"Darwin 27.0.0 arm64","Apple LLVM 21.0.0 (clang-2100.3.34.2)"," -O3 -DNDEBUG -DPITO_ECS_OWNED_DELETE_ATOMIC=1",8,100000,pito,owned_initialize,ecs_create_owned,1,50,1,33.583000
aalair,"Apple M3",8,"Darwin 27.0.0 arm64","Apple LLVM 21.0.0 (clang-2100.3.34.2)"," -O3 -DNDEBUG -DPITO_ECS_OWNED_DELETE_ATOMIC=1",8,100000,pito,owned_initialize,ecs_create_owned,1,50,2,33.930000
aalair,"Apple M3",8,"Darwin 27.0.0 arm64","Apple LLVM 21.0.0 (clang-2100.3.34.2)"," -O3 -DNDEBUG -DPITO_ECS_OWNED_DELETE_ATOMIC=1",8,100000,pito,owned_initialize,ecs_create_owned,1,50,3,35.195000
aalair,"Apple M3",8,"Darwin 27.0.0 arm64","Apple LLVM 21.0.0 (clang-2100.3.34.2)"," -O3 -DNDEBUG -DPITO_ECS_OWNED_DELETE_ATOMIC=1",8,100000,pito,owned_initialize,ecs_create_owned,1,50,4,36.025000
aalair,"Apple M3",8,"Darwin 27.0.0 arm64","Apple LLVM 21.0.0 (clang-2100.3.34.2)"," -O3 -DNDEBUG -DPITO_ECS_OWNED_DELETE_ATOMIC=1",8,100000,pito,owned_initialize,ecs_create_owned,1,50,5,35.107000
aalair,"Apple M3",8,"Darwin 27.0.0 arm64","Apple LLVM 21.0.0 (clang-2100.3.34.2)"," -O3 -DNDEBUG -DPITO_ECS_OWNED_DELETE_ATOMIC=1",8,100000,pito,owned_initialize,ecs_create_owned,1,50,6,34.288000
aalair,"Apple M3",8,"Darwin 27.0.0 arm64","Apple LLVM 21.0.0 (clang-2100.3.34.2)"," -O3 -DNDEBUG -DPITO_ECS_OWNED_DELETE_ATOMIC=1",8,100000,pito,owned_initialize,ecs_create_owned,1,50,7,34.923000
aalair,"Apple M3",8,"Darwin 27.0.0 arm64","Apple LLVM 21.0.0 (clang-2100.3.34.2)"," -O3 -DNDEBUG -DPITO_ECS_OWNED_DELETE_ATOMIC=1",8,100000,pito,owned_initialize,ecs_create_owned,1,50,8,35.093000
aalair,"Apple M3",8,"Darwin 27.0.0 arm64","Apple LLVM 21.0.0 (clang-2100.3.34.2)"," -O3 -DNDEBUG -DPITO_ECS_OWNED_DELETE_ATOMIC=1",8,100000,pito,owned_initialize,ecs_create_owned,1,50,9,34.982000
aalair,"Apple M3",8,"Darwin 27.0.0 arm64","Apple LLVM 21.0.0 (clang-2100.3.34.2)"," -O3 -DNDEBUG -DPITO_ECS_OWNED_DELETE_ATOMIC=1",8,100000,pito,owned_initialize,ecs_create_owned,1,50,10,38.616000
aalair,"Apple M3",8,"Darwin 27.0.0 arm64","Apple LLVM 21.0.0 (clang-2100.3.34.2)"," -O3 -DNDEBUG -DPITO_ECS_OWNED_DELETE_ATOMIC=1",8,100000,pito,owned_initialize,ecs_create_owned,1,50,11,35.888000
aalair,"Apple M3",8,"Darwin 27.0.0 arm64","Apple LLVM 21.0.0 (clang-2100.3.34.2)"," -O3 -DNDEBUG -DPITO_ECS_OWNED_DELETE_ATOMIC=1",8,100000,pito,owned_initialize,ecs_create_owned,1,500,1,383.933000
aalair,"Apple M3",8,"Darwin 27.0.0 arm64","Apple LLVM 21.0.0 (clang-2100.3.34.2)"," -O3 -DNDEBUG -DPITO_ECS_OWNED_DELETE_ATOMIC=1",8,100000,pito,owned_initialize,ecs_create_owned,1,500,2,370.221000
aalair,"Apple M3",8,"Darwin 27.0.0 arm64","Apple LLVM 21.0.0 (clang-2100.3.34.2)"," -O3 -DNDEBUG -DPITO_ECS_OWNED_DELETE_ATOMIC=1",8,100000,pito,owned_initialize,ecs_create_owned,1,500,3,368.768000
aalair,"Apple M3",8,"Darwin 27.0.0 arm64","Apple LLVM 21.0.0 (clang-2100.3.34.2)"," -O3 -DNDEBUG -DPITO_ECS_OWNED_DELETE_ATOMIC=1",8,100000,pito,owned_initialize,ecs_create_owned,1,500,4,368.202000
aalair,"Apple M3",8,"Darwin 27.0.0 arm64","Apple LLVM 21.0.0 (clang-2100.3.34.2)"," -O3 -DNDEBUG -DPITO_ECS_OWNED_DELETE_ATOMIC=1",8,100000,pito,owned_initialize,ecs_create_owned,1,500,5,371.854000
aalair,"Apple M3",8,"Darwin 27.0.0 arm64","Apple LLVM 21.0.0 (clang-2100.3.34.2)"," -O3 -DNDEBUG -DPITO_ECS_OWNED_DELETE_ATOMIC=1",8,100000,pito,owned_initialize,ecs_create_owned,1,500,6,368.523000
aalair,"Apple M3",8,"Darwin 27.0.0 arm64","Apple LLVM 21.0.0 (clang-2100.3.34.2)"," -O3 -DNDEBUG -DPITO_ECS_OWNED_DELETE_ATOMIC=1",8,100000,pito,owned_initialize,ecs_create_owned,1,500,7,367.877000
aalair,"Apple M3",8,"Darwin 27.0.0 arm64","Apple LLVM 21.0.0 (clang-2100.3.34.2)"," -O3 -DNDEBUG -DPITO_ECS_OWNED_DELETE_ATOMIC=1",8,100000,pito,owned_initialize,ecs_create_owned,1,500,8,368.457000
aalair,"Apple M3",8,"Darwin 27.0.0 arm64","Apple LLVM 21.0.0 (clang-2100.3.34.2)"," -O3 -DNDEBUG -DPITO_ECS_OWNED_DELETE_ATOMIC=1",8,100000,pito,owned_initialize,ecs_create_owned,1,500,9,367.682000
aalair,"Apple M3",8,"Darwin 27.0.0 arm64","Apple LLVM 21.0.0 (clang-2100.3.34.2)"," -O3 -DNDEBUG -DPITO_ECS_OWNED_DELETE_ATOMIC=1",8,100000,pito,owned_initialize,ecs_create_owned,1,500,10,367.404000
aalair,"Apple M3",8,"Darwin 27.0.0 arm64","Apple LLVM 21.0.0 (clang-2100.3.34.2)"," -O3 -DNDEBUG -DPITO_ECS_OWNED_DELETE_ATOMIC=1",8,100000,pito,owned_initialize,ecs_create_owned,2,0,1,27.886000
aalair,"Apple M3",8,"Darwin 27.0.0 arm64","Apple LLVM 21.0.0 (clang-2100.3.34.2)"," -O3 -DNDEBUG -DPITO_ECS_OWNED_DELETE_ATOMIC=1",8,100000,pito,owned_initialize,ecs_create_owned,2,0,2,27.855000
aalair,"Apple M3",8,"Darwin 27.0.0 arm64","Apple LLVM 21.0.0 (clang-2100.3.34.2)"," -O3 -DNDEBUG -DPITO_ECS_OWNED_DELETE_ATOMIC=1",8,100000,pito,owned_initialize,ecs_create_owned,2,0,3,27.890000
aalair,"Apple M3",8,"Darwin 27.0.0 arm64","Apple LLVM 21.0.0 (clang-2100.3.34.2)"," -O3 -DNDEBUG -DPITO_ECS_OWNED_DELETE_ATOMIC=1",8,100000,pito,owned_initialize,ecs_create_owned,2,0,4,28.200000
aalair,"Apple M3",8,"Darwin 27.0.0 arm64","Apple LLVM 21.0.0 (clang-2100.3.34.2)"," -O3 -DNDEBUG -DPITO_ECS_OWNED_DELETE_ATOMIC=1",8,100000,pito,owned_initialize,ecs_create_owned,2,0,5,27.884000
aalair,"Apple M3",8,"Darwin 27.0.0 arm64","Apple LLVM 21.0.0 (clang-2100.3.34.2)"," -O3 -DNDEBUG -DPITO_ECS_OWNED_DELETE_ATOMIC=1",8,100000,pito,owned_initialize,ecs_create_owned,2,0,6,27.988000
aalair,"Apple M3",8,"Darwin 27.0.0 arm64","Apple LLVM 21.0.0 (clang-2100.3.34.2)"," -O3 -DNDEBUG -DPITO_ECS_OWNED_DELETE_ATOMIC=1",8,100000,pito,owned_initialize,ecs_create_owned,2,0,7,27.897000
aalair,"Apple M3",8,"Darwin 27.0.0 arm64","Apple LLVM 21.0.0 (clang-2100.3.34.2)"," -O3 -DNDEBUG -DPITO_ECS_OWNED_DELETE_ATOMIC=1",8,100000,pito,owned_initialize,ecs_create_owned,2,0,8,27.904000
aalair,"Apple M3",8,"Darwin 27.0.0 arm64","Apple LLVM 21.0.0 (clang-2100.3.34.2)"," -O3 -DNDEBUG -DPITO_ECS_OWNED_DELETE_ATOMIC=1",8,100000,pito,owned_initialize,ecs_create_owned,2,0,9,27.888000
aalair,"Apple M3",8,"Darwin 27.0.0 arm64","Apple LLVM 21.0.0 (clang-2100.3.34.2)"," -O3 -DNDEBUG -DPITO_ECS_OWNED_DELETE_ATOMIC=1",8,100000,pito,owned_initialize,ecs_create_owned,2,0,10,27.843000
aalair,"Apple M3",8,"Darwin 27.0.0 arm64","Apple LLVM 21.0.0 (clang-2100.3.34.2)"," -O3 -DNDEBUG -DPITO_ECS_OWNED_DELETE_ATOMIC=1",8,100000,pito,owned_initialize,ecs_create_owned,2,10,1,29.421000
aalair,"Apple M3",8,"Darwin 27.0.0 arm64","Apple LLVM 21.0.0 (clang-2100.3.34.2)"," -O3 -DNDEBUG -DPITO_ECS_OWNED_DELETE_ATOMIC=1",8,100000,pito,owned_initialize,ecs_create_owned,2,10,2,29.452000
aalair,"Apple M3",8,"Darwin 27.0.0 arm64","Apple LLVM 21.0.0 (clang-2100.3.34.2)"," -O3 -DNDEBUG -DPITO_ECS_OWNED_DELETE_ATOMIC=1",8,100000,pito,owned_initialize,ecs_create_owned,2,10,3,29.410000
aalair,"Apple M3",8,"Darwin 27.0.0 arm64","Apple LLVM 21.0.0 (clang-2100.3.34.2)"," -O3 -DNDEBUG -DPITO_ECS_OWNED_DELETE_ATOMIC=1",8,100000,pito,owned_initialize,ecs_create_owned,2,10,4,30.307000
aalair,"Apple M3",8,"Darwin 27.0.0 arm64","Apple LLVM 21.0.0 (clang-2100.3.34.2)"," -O3 -DNDEBUG -DPITO_ECS_OWNED_DELETE_ATOMIC=1",8,100000,pito,owned_initialize,ecs_create_owned,2,10,5,30.874000
aalair,"Apple M3",8,"Darwin 27.0.0 arm64","Apple LLVM 21.0.0 (clang-2100.3.34.2)"," -O3 -DNDEBUG -DPITO_ECS_OWNED_DELETE_ATOMIC=1",8,100000,pito,owned_initialize,ecs_create_owned,2,10,6,30.752000
aalair,"Apple M3",8,"Darwin 27.0.0 arm64","Apple LLVM 21.0.0 (clang-2100.3.34.2)"," -O3 -DNDEBUG -DPITO_ECS_OWNED_DELETE_ATOMIC=1",8,100000,pito,owned_initialize,ecs_create_owned,2,10,7,30.697000
aalair,"Apple M3",8,"Darwin 27.0.0 arm64","Apple LLVM 21.0.0 (clang-2100.3.34.2)"," -O3 -DNDEBUG -DPITO_ECS_OWNED_DELETE_ATOMIC=1",8,100000,pito,owned_initialize,ecs_create_owned,2,10,8,30.779000
aalair,"Apple M3",8,"Darwin 27.0.0 arm64","Apple LLVM 21.0.0 (clang-2100.3.34.2)"," -O3 -DNDEBUG -DPITO_ECS_OWNED_DELETE_ATOMIC=1",8,100000,pito,owned_initialize,ecs_create_owned,2,10,9,30.613000
aalair,"Apple M3",8,"Darwin 27.0.0 arm64","Apple LLVM 21.0.0 (clang-2100.3.34.2)"," -O3 -DNDEBUG -DPITO_ECS_OWNED_DELETE_ATOMIC=1",8,100000,pito,owned_initialize,ecs_create_owned,2,10,10,30.730000
aalair,"Apple M3",8,"Darwin 27.0.0 arm64","Apple LLVM 21.0.0 (clang-2100.3.34.2)"," -O3 -DNDEBUG -DPITO_ECS_OWNED_DELETE_ATOMIC=1",8,100000,pito,owned_initialize,ecs_create_owned,2,50,1,27.983000
aalair,"Apple M3",8,"Darwin 27.0.0 arm64","Apple LLVM 21.0.0 (clang-2100.3.34.2)"," -O3 -DNDEBUG -DPITO_ECS_OWNED_DELETE_ATOMIC=1",8,100000,pito,owned_initialize,ecs_create_owned,2,50,2,27.941000
aalair,"Apple M3",8,"Darwin 27.0.0 arm64","Apple LLVM 21.0.0 (clang-2100.3.34.2)"," -O3 -DNDEBUG -DPITO_ECS_OWNED_DELETE_ATOMIC=1",8,100000,pito,owned_initialize,ecs_create_owned,2,50,3,28.031000
aalair,"Apple M3",8,"Darwin 27.0.0 arm64","Apple LLVM 21.0.0 (clang-2100.3.34.2)"," -O3 -DNDEBUG -DPITO_ECS_OWNED_DELETE_ATOMIC=1",8,100000,pito,owned_initialize,ecs_create_owned,2,50,4,27.928000
aalair,"Apple M3",8,"Darwin 27.0.0 arm64","Apple LLVM 21.0.0 (clang-2100.3.34.2)"," -O3 -DNDEBUG -DPITO_ECS_OWNED_DELETE_ATOMIC=1",8,100000,pito,owned_initialize,ecs_create_owned,2,50,5,27.956000
aalair,"Apple M3",8,"Darwin 27.0.0 arm64","Apple LLVM 21.0.0 (clang-2100.3.34.2)"," -O3 -DNDEBUG -DPITO_ECS_OWNED_DELETE_ATOMIC=1",8,100000,pito,owned_initialize,ecs_create_owned,2,50,6,27.925000
aalair,"Apple M3",8,"Darwin 27.0.0 arm64","Apple LLVM 21.0.0 (clang-2100.3.34.2)"," -O3 -DNDEBUG -DPITO_ECS_OWNED_DELETE_ATOMIC=1",8,100000,pito,owned_initialize,ecs_create_owned,2,50,7,27.967000
aalair,"Apple M3",8,"Darwin 27.0.0 arm64","Apple LLVM 21.0.0 (clang-2100.3.34.2)"," -O3 -DNDEBUG -DPITO_ECS_OWNED_DELETE_ATOMIC=1",8,100000,pito,owned_initialize,ecs_create_owned,2,50,8,27.934000
aalair,"Apple M3",8,"Darwin 27.0.0 arm64","Apple LLVM 21.0.0 (clang-2100.3.34.2)"," -O3 -DNDEBUG -DPITO_ECS_OWNED_DELETE_ATOMIC=1",8,100000,pito,owned_initialize,ecs_create_owned,2,50,9,27.928000
aalair,"Apple M3",8,"Darwin 27.0.0 arm64","Apple LLVM 21.0.0 (clang-2100.3.34.2)"," -O3 -DNDEBUG -DPITO_ECS_OWNED_DELETE_ATOMIC=1",8,100000,pito,owned_initialize,ecs_create_owned,2,50,10,27.943000
aalair,"Apple M3",8,"Darwin 27.0.0 arm64","Apple LLVM 21.0.0 (clang-2100.3.34.2)"," -O3 -DNDEBUG -DPITO_ECS_OWNED_DELETE_ATOMIC=1",8,100000,pito,owned_initialize,ecs_create_owned,2,500,1,192.490000
aalair,"Apple M3",8,"Darwin 27.0.0 arm64","Apple LLVM 21.0.0 (clang-2100.3.34.2)"," -O3 -DNDEBUG -DPITO_ECS_OWNED_DELETE_ATOMIC=1",8,100000,pito,owned_initialize,ecs_create_owned,2,500,2,192.705000
aalair,"Apple M3",8,"Darwin 27.0.0 arm64","Apple LLVM 21.0.0 (clang-2100.3.34.2)"," -O3 -DNDEBUG -DPITO_ECS_OWNED_DELETE_ATOMIC=1",8,100000,pito,owned_initialize,ecs_create_owned,2,500,3,193.142000
aalair,"Apple M3",8,"Darwin 27.0.0 arm64","Apple LLVM 21.0.0 (clang-2100.3.34.2)"," -O3 -DNDEBUG -DPITO_ECS_OWNED_DELETE_ATOMIC=1",8,100000,pito,owned_initialize,ecs_create_owned,2,500,4,192.949000
aalair,"Apple M3",8,"Darwin 27.0.0 arm64","Apple LLVM 21.0.0 (clang-2100.3.34.2)"," -O3 -DNDEBUG -DPITO_ECS_OWNED_DELETE_ATOMIC=1",8,100000,pito,owned_initialize,ecs_create_owned,2,500,5,192.681000
aalair,"Apple M3",8,"Darwin 27.0.0 arm64","Apple LLVM 21.0.0 (clang-2100.3.34.2)"," -O3 -DNDEBUG -DPITO_ECS_OWNED_DELETE_ATOMIC=1",8,100000,pito,owned_initialize,ecs_create_owned,2,500,6,191.492000
aalair,"Apple M3",8,"Darwin 27.0.0 arm64","Apple LLVM 21.0.0 (clang-2100.3.34.2)"," -O3 -DNDEBUG -DPITO_ECS_OWNED_DELETE_ATOMIC=1",8,100000,pito,owned_initialize,ecs_create_owned,2,500,7,191.713000
aalair,"Apple M3",8,"Darwin 27.0.0 arm64","Apple LLVM 21.0.0 (clang-2100.3.34.2)"," -O3 -DNDEBUG -DPITO_ECS_OWNED_DELETE_ATOMIC=1",8,100000,pito,owned_initialize,ecs_create_owned,2,500,8,191.487000
aalair,"Apple M3",8,"Darwin 27.0.0 arm64","Apple LLVM 21.0.0 (clang-2100.3.34.2)"," -O3 -DNDEBUG -DPITO_ECS_OWNED_DELETE_ATOMIC=1",8,100000,pito,owned_initialize,ecs_create_owned,2,500,9,191.454000
aalair,"Apple M3",8,"Darwin 27.0.0 arm64","Apple LLVM 21.0.0 (clang-2100.3.34.2)"," -O3 -DNDEBUG -DPITO_ECS_OWNED_DELETE_ATOMIC=1",8,100000,pito,owned_initialize,ecs_create_owned,2,500,10,191.372000
aalair,"Apple M3",8,"Darwin 27.0.0 arm64","Apple LLVM 21.0.0 (clang-2100.3.34.2)"," -O3 -DNDEBUG -DPITO_ECS_OWNED_DELETE_ATOMIC=1",8,100000,pito,owned_initialize,ecs_create_owned,4,0,1,32.276000
aalair,"Apple M3",8,"Darwin 27.0.0 arm64","Apple LLVM 21.0.0 (clang-2100.3.34.2)"," -O3 -DNDEBUG -DPITO_ECS_OWNED_DELETE_ATOMIC=1",8,100000,pito,owned_initialize,ecs_create_owned,4,0,2,32.312000
aalair,"Apple M3",8,"Darwin 27.0.0 arm64","Apple LLVM 21.0.0 (clang-2100.3.34.2)"," -O3 -DNDEBUG -DPITO_ECS_OWNED_DELETE_ATOMIC=1",8,100000,pito,owned_initialize,ecs_create_owned,4,0,3,32.379000
aalair,"Apple M3",8,"Darwin 27.0.0 arm64","Apple LLVM 21.0.0 (clang-2100.3.34.2)"," -O3 -DNDEBUG -DPITO_ECS_OWNED_DELETE_ATOMIC=1",8,100000,pito,owned_initialize,ecs_create_owned,4,0,4,32.325000
aalair,"Apple M3",8,"Darwin 27.0.0 arm64","Apple LLVM 21.0.0 (clang-2100.3.34.2)"," -O3 -DNDEBUG -DPITO_ECS_OWNED_DELETE_ATOMIC=1",8,100000,pito,owned_initialize,ecs_create_owned,4,0,5,32.381000
aalair,"Apple M3",8,"Darwin 27.0.0 arm64","Apple LLVM 21.0.0 (clang-2100.3.34.2)"," -O3 -DNDEBUG -DPITO_ECS_OWNED_DELETE_ATOMIC=1",8,100000,pito,owned_initialize,ecs_create_owned,4,0,6,32.295000
aalair,"Apple M3",8,"Darwin 27.0.0 arm64","Apple LLVM 21.0.0 (clang-2100.3.34.2)"," -O3 -DNDEBUG -DPITO_ECS_OWNED_DELETE_ATOMIC=1",8,100000,pito,owned_initialize,ecs_create_owned,4,0,7,32.293000
aalair,"Apple M3",8,"Darwin 27.0.0 arm64","Apple LLVM 21.0.0 (clang-2100.3.34.2)"," -O3 -DNDEBUG -DPITO_ECS_OWNED_DELETE_ATOMIC=1",8,100000,pito,owned_initialize,ecs_create_owned,4,0,8,32.243000
aalair,"Apple M3",8,"Darwin 27.0.0 arm64","Apple LLVM 21.0.0 (clang-2100.3.34.2)"," -O3 -DNDEBUG -DPITO_ECS_OWNED_DELETE_ATOMIC=1",8,100000,pito,owned_initialize,ecs_create_owned,4,0,9,32.325000
aalair,"Apple M3",8,"Darwin 27.0.0 arm64","Apple LLVM 21.0.0 (clang-2100.3.34.2)"," -O3 -DNDEBUG -DPITO_ECS_OWNED_DELETE_ATOMIC=1",8,100000,pito,owned_initialize,ecs_create_owned,4,0,10,32.926000
aalair,"Apple M3",8,"Darwin 27.0.0 arm64","Apple LLVM 21.0.0 (clang-2100.3.34.2)"," -O3 -DNDEBUG -DPITO_ECS_OWNED_DELETE_ATOMIC=1",8,100000,pito,owned_initialize,ecs_create_owned,4,10,1,31.418000
aalair,"Apple M3",8,"Darwin 27.0.0 arm64","Apple LLVM 21.0.0 (clang-2100.3.34.2)"," -O3 -DNDEBUG -DPITO_ECS_OWNED_DELETE_ATOMIC=1",8,100000,pito,owned_initialize,ecs_create_owned,4,10,2,31.489000
aalair,"Apple M3",8,"Darwin 27.0.0 arm64","Apple LLVM 21.0.0 (clang-2100.3.34.2)"," -O3 -DNDEBUG -DPITO_ECS_OWNED_DELETE_ATOMIC=1",8,100000,pito,owned_initialize,ecs_create_owned,4,10,3,31.510000
aalair,"Apple M3",8,"Darwin 27.0.0 arm64","Apple LLVM 21.0.0 (clang-2100.3.34.2)"," -O3 -DNDEBUG -DPITO_ECS_OWNED_DELETE_ATOMIC=1",8,100000,pito,owned_initialize,ecs_create_owned,4,10,4,31.547000
aalair,"Apple M3",8,"Darwin 27.0.0 arm64","Apple LLVM 21.0.0 (clang-2100.3.34.2)"," -O3 -DNDEBUG -DPITO_ECS_OWNED_DELETE_ATOMIC=1",8,100000,pito,owned_initialize,ecs_create_owned,4,10,5,31.571000
aalair,"Apple M3",8,"Darwin 27.0.0 arm64","Apple LLVM 21.0.0 (clang-2100.3.34.2)"," -O3 -DNDEBUG -DPITO_ECS_OWNED_DELETE_ATOMIC=1",8,100000,pito,owned_initialize,ecs_create_owned,4,10,6,31.596000
aalair,"Apple M3",8,"Darwin 27.0.0 arm64","Apple LLVM 21.0.0 (clang-2100.3.34.2)"," -O3 -DNDEBUG -DPITO_ECS_OWNED_DELETE_ATOMIC=1",8,100000,pito,owned_initialize,ecs_create_owned,4,10,7,31.480000
aalair,"Apple M3",8,"Darwin 27.0.0 arm64","Apple LLVM 21.0.0 (clang-2100.3.34.2)"," -O3 -DNDEBUG -DPITO_ECS_OWNED_DELETE_ATOMIC=1",8,100000,pito,owned_initialize,ecs_create_owned,4,10,8,31.458000
aalair,"Apple M3",8,"Darwin 27.0.0 arm64","Apple LLVM 21.0.0 (clang-2100.3.34.2)"," -O3 -DNDEBUG -DPITO_ECS_OWNED_DELETE_ATOMIC=1",8,100000,pito,owned_initialize,ecs_create_owned,4,10,9,31.386000
aalair,"Apple M3",8,"Darwin 27.0.0 arm64","Apple LLVM 21.0.0 (clang-2100.3.34.2)"," -O3 -DNDEBUG -DPITO_ECS_OWNED_DELETE_ATOMIC=1",8,100000,pito,owned_initialize,ecs_create_owned,4,10,10,31.450000
aalair,"Apple M3",8,"Darwin 27.0.0 arm64","Apple LLVM 21.0.0 (clang-2100.3.34.2)"," -O3 -DNDEBUG -DPITO_ECS_OWNED_DELETE_ATOMIC=1",8,100000,pito,owned_initialize,ecs_create_owned,4,50,1,33.380000
aalair,"Apple M3",8,"Darwin 27.0.0 arm64","Apple LLVM 21.0.0 (clang-2100.3.34.2)"," -O3 -DNDEBUG -DPITO_ECS_OWNED_DELETE_ATOMIC=1",8,100000,pito,owned_initialize,ecs_create_owned,4,50,2,33.313000
aalair,"Apple M3",8,"Darwin 27.0.0 arm64","Apple LLVM 21.0.0 (clang-2100.3.34.2)"," -O3 -DNDEBUG -DPITO_ECS_OWNED_DELETE_ATOMIC=1",8,100000,pito,owned_initialize,ecs_create_owned,4,50,3,33.613000
aalair,"Apple M3",8,"Darwin 27.0.0 arm64","Apple LLVM 21.0.0 (clang-2100.3.34.2)"," -O3 -DNDEBUG -DPITO_ECS_OWNED_DELETE_ATOMIC=1",8,100000,pito,owned_initialize,ecs_create_owned,4,50,4,44.855000
aalair,"Apple M3",8,"Darwin 27.0.0 arm64","Apple LLVM 21.0.0 (clang-2100.3.34.2)"," -O3 -DNDEBUG -DPITO_ECS_OWNED_DELETE_ATOMIC=1",8,100000,pito,owned_initialize,ecs_create_owned,4,50,5,35.855000
aalair,"Apple M3",8,"Darwin 27.0.0 arm64","Apple LLVM 21.0.0 (clang-2100.3.34.2)"," -O3 -DNDEBUG -DPITO_ECS_OWNED_DELETE_ATOMIC=1",8,100000,pito,owned_initialize,ecs_create_owned,4,50,6,33.853000
aalair,"Apple M3",8,"Darwin 27.0.0 arm64","Apple LLVM 21.0.0 (clang-2100.3.34.2)"," -O3 -DNDEBUG -DPITO_ECS_OWNED_DELETE_ATOMIC=1",8,100000,pito,owned_initialize,ecs_create_owned,4,50,7,33.937000
aalair,"Apple M3",8,"Darwin 27.0.0 arm64","Apple LLVM 21.0.0 (clang-2100.3.34.2)"," -O3 -DNDEBUG -DPITO_ECS_OWNED_DELETE_ATOMIC=1",8,100000,pito,owned_initialize,ecs_create_owned,4,50,8,33.835000
aalair,"Apple M3",8,"Darwin 27.0.0 arm64","Apple LLVM 21.0.0 (clang-2100.3.34.2)"," -O3 -DNDEBUG -DPITO_ECS_OWNED_DELETE_ATOMIC=1",8,100000,pito,owned_initialize,ecs_create_owned,4,50,9,33.755000
aalair,"Apple M3",8,"Darwin 27.0.0 arm64","Apple LLVM 21.0.0 (clang-2100.3.34.2)"," -O3 -DNDEBUG -DPITO_ECS_OWNED_DELETE_ATOMIC=1",8,100000,pito,owned_initialize,ecs_create_owned,4,50,10,34.007000
aalair,"Apple M3",8,"Darwin 27.0.0 arm64","Apple LLVM 21.0.0 (clang-2100.3.34.2)"," -O3 -DNDEBUG -DPITO_ECS_OWNED_DELETE_ATOMIC=1",8,100000,pito,owned_initialize,ecs_create_owned,4,50,11,33.549000
aalair,"Apple M3",8,"Darwin 27.0.0 arm64","Apple LLVM 21.0.0 (clang-2100.3.34.2)"," -O3 -DNDEBUG -DPITO_ECS_OWNED_DELETE_ATOMIC=1",8,100000,pito,owned_initialize,ecs_create_owned,4,50,12,33.885000
aalair,"Apple M3",8,"Darwin 27.0.0 arm64","Apple LLVM 21.0.0 (clang-2100.3.34.2)"," -O3 -DNDEBUG -DPITO_ECS_OWNED_DELETE_ATOMIC=1",8,100000,pito,owned_initialize,ecs_create_owned,4,50,13,33.400000
aalair,"Apple M3",8,"Darwin 27.0.0 arm64","Apple LLVM 21.0.0 (clang-2100.3.34.2)"," -O3 -DNDEBUG -DPITO_ECS_OWNED_DELETE_ATOMIC=1",8,100000,pito,owned_initialize,ecs_create_owned,4,50,14,33.710000
aalair,"Apple M3",8,"Darwin 27.0.0 arm64","Apple LLVM 21.0.0 (clang-2100.3.34.2)"," -O3 -DNDEBUG -DPITO_ECS_OWNED_DELETE_ATOMIC=1",8,100000,pito,owned_initialize,ecs_create_owned,4,500,1,110.979000
aalair,"Apple M3",8,"Darwin 27.0.0 arm64","Apple LLVM 21.0.0 (clang-2100.3.34.2)"," -O3 -DNDEBUG -DPITO_ECS_OWNED_DELETE_ATOMIC=1",8,100000,pito,owned_initialize,ecs_create_owned,4,500,2,107.138000
aalair,"Apple M3",8,"Darwin 27.0.0 arm64","Apple LLVM 21.0.0 (clang-2100.3.34.2)"," -O3 -DNDEBUG -DPITO_ECS_OWNED_DELETE_ATOMIC=1",8,100000,pito,owned_initialize,ecs_create_owned,4,500,3,112.303000
aalair,"Apple M3",8,"Darwin 27.0.0 arm64","Apple LLVM 21.0.0 (clang-2100.3.34.2)"," -O3 -DNDEBUG -DPITO_ECS_OWNED_DELETE_ATOMIC=1",8,100000,pito,owned_initialize,ecs_create_owned,4,500,4,122.916000
aalair,"Apple M3",8,"Darwin 27.0.0 arm64","Apple LLVM 21.0.0 (clang-2100.3.34.2)"," -O3 -DNDEBUG -DPITO_ECS_OWNED_DELETE_ATOMIC=1",8,100000,pito,owned_initialize,ecs_create_owned,4,500,5,107.599000
aalair,"Apple M3",8,"Darwin 27.0.0 arm64","Apple LLVM 21.0.0 (clang-2100.3.34.2)"," -O3 -DNDEBUG -DPITO_ECS_OWNED_DELETE_ATOMIC=1",8,100000,pito,owned_initialize,ecs_create_owned,4,500,6,106.812000
aalair,"Apple M3",8,"Darwin 27.0.0 arm64","Apple LLVM 21.0.0 (clang-2100.3.34.2)"," -O3 -DNDEBUG -DPITO_ECS_OWNED_DELETE_ATOMIC=1",8,100000,pito,owned_initialize,ecs_create_owned,4,500,7,107.338000
aalair,"Apple M3",8,"Darwin 27.0.0 arm64","Apple LLVM 21.0.0 (clang-2100.3.34.2)"," -O3 -DNDEBUG -DPITO_ECS_OWNED_DELETE_ATOMIC=1",8,100000,pito,owned_initialize,ecs_create_owned,4,500,8,107.702000
aalair,"Apple M3",8,"Darwin 27.0.0 arm64","Apple LLVM 21.0.0 (clang-2100.3.34.2)"," -O3 -DNDEBUG -DPITO_ECS_OWNED_DELETE_ATOMIC=1",8,100000,pito,owned_initialize,ecs_create_owned,4,500,9,106.946000
aalair,"Apple M3",8,"Darwin 27.0.0 arm64","Apple LLVM 21.0.0 (clang-2100.3.34.2)"," -O3 -DNDEBUG -DPITO_ECS_OWNED_DELETE_ATOMIC=1",8,100000,pito,owned_initialize,ecs_create_owned,4,500,10,107.204000
aalair,"Apple M3",8,"Darwin 27.0.0 arm64","Apple LLVM 21.0.0 (clang-2100.3.34.2)"," -O3 -DNDEBUG -DPITO_ECS_OWNED_DELETE_ATOMIC=1",8,100000,pito,owned_initialize,ecs_create_owned,4,500,11,106.936000
aalair,"Apple M3",8,"Darwin 27.0.0 arm64","Apple LLVM 21.0.0 (clang-2100.3.34.2)"," -O3 -DNDEBUG -DPITO_ECS_OWNED_DELETE_ATOMIC=1",8,100000,pito,owned_initialize,ecs_create_owned,8,0,1,51.628000
aalair,"Apple M3",8,"Darwin 27.0.0 arm64","Apple LLVM 21.0.0 (clang-2100.3.34.2)"," -O3 -DNDEBUG -DPITO_ECS_OWNED_DELETE_ATOMIC=1",8,100000,pito,owned_initialize,ecs_create_owned,8,0,2,50.390000
aalair,"Apple M3",8,"Darwin 27.0.0 arm64","Apple LLVM 21.0.0 (clang-2100.3.34.2)"," -O3 -DNDEBUG -DPITO_ECS_OWNED_DELETE_ATOMIC=1",8,100000,pito,owned_initialize,ecs_create_owned,8,0,3,52.406000
aalair,"Apple M3",8,"Darwin 27.0.0 arm64","Apple LLVM 21.0.0 (clang-2100.3.34.2)"," -O3 -DNDEBUG -DPITO_ECS_OWNED_DELETE_ATOMIC=1",8,100000,pito,owned_initialize,ecs_create_owned,8,0,4,50.051000
aalair,"Apple M3",8,"Darwin 27.0.0 arm64","Apple LLVM 21.0.0 (clang-2100.3.34.2)"," -O3 -DNDEBUG -DPITO_ECS_OWNED_DELETE_ATOMIC=1",8,100000,pito,owned_initialize,ecs_create_owned,8,0,5,50.388000
aalair,"Apple M3",8,"Darwin 27.0.0 arm64","Apple LLVM 21.0.0 (clang-2100.3.34.2)"," -O3 -DNDEBUG -DPITO_ECS_OWNED_DELETE_ATOMIC=1",8,100000,pito,owned_initialize,ecs_create_owned,8,0,6,51.255000
aalair,"Apple M3",8,"Darwin 27.0.0 arm64","Apple LLVM 21.0.0 (clang-2100.3.34.2)"," -O3 -DNDEBUG -DPITO_ECS_OWNED_DELETE_ATOMIC=1",8,100000,pito,owned_initialize,ecs_create_owned,8,0,7,51.296000
aalair,"Apple M3",8,"Darwin 27.0.0 arm64","Apple LLVM 21.0.0 (clang-2100.3.34.2)"," -O3 -DNDEBUG -DPITO_ECS_OWNED_DELETE_ATOMIC=1",8,100000,pito,owned_initialize,ecs_create_owned,8,0,8,51.580000
aalair,"Apple M3",8,"Darwin 27.0.0 arm64","Apple LLVM 21.0.0 (clang-2100.3.34.2)"," -O3 -DNDEBUG -DPITO_ECS_OWNED_DELETE_ATOMIC=1",8,100000,pito,owned_initialize,ecs_create_owned,8,0,9,51.313000
aalair,"Apple M3",8,"Darwin 27.0.0 arm64","Apple LLVM 21.0.0 (clang-2100.3.34.2)"," -O3 -DNDEBUG -DPITO_ECS_OWNED_DELETE_ATOMIC=1",8,100000,pito,owned_initialize,ecs_create_owned,8,0,10,51.645000
aalair,"Apple M3",8,"Darwin 27.0.0 arm64","Apple LLVM 21.0.0 (clang-2100.3.34.2)"," -O3 -DNDEBUG -DPITO_ECS_OWNED_DELETE_ATOMIC=1",8,100000,pito,owned_initialize,ecs_create_owned,8,10,1,52.060000
aalair,"Apple M3",8,"Darwin 27.0.0 arm64","Apple LLVM 21.0.0 (clang-2100.3.34.2)"," -O3 -DNDEBUG -DPITO_ECS_OWNED_DELETE_ATOMIC=1",8,100000,pito,owned_initialize,ecs_create_owned,8,10,2,51.635000
aalair,"Apple M3",8,"Darwin 27.0.0 arm64","Apple LLVM 21.0.0 (clang-2100.3.34.2)"," -O3 -DNDEBUG -DPITO_ECS_OWNED_DELETE_ATOMIC=1",8,100000,pito,owned_initialize,ecs_create_owned,8,10,3,51.943000
aalair,"Apple M3",8,"Darwin 27.0.0 arm64","Apple LLVM 21.0.0 (clang-2100.3.34.2)"," -O3 -DNDEBUG -DPITO_ECS_OWNED_DELETE_ATOMIC=1",8,100000,pito,owned_initialize,ecs_create_owned,8,10,4,51.909000
aalair,"Apple M3",8,"Darwin 27.0.0 arm64","Apple LLVM 21.0.0 (clang-2100.3.34.2)"," -O3 -DNDEBUG -DPITO_ECS_OWNED_DELETE_ATOMIC=1",8,100000,pito,owned_initialize,ecs_create_owned,8,10,5,50.772000
aalair,"Apple M3",8,"Darwin 27.0.0 arm64","Apple LLVM 21.0.0 (clang-2100.3.34.2)"," -O3 -DNDEBUG -DPITO_ECS_OWNED_DELETE_ATOMIC=1",8,100000,pito,owned_initialize,ecs_create_owned,8,10,6,51.386000
aalair,"Apple M3",8,"Darwin 27.0.0 arm64","Apple LLVM 21.0.0 (clang-2100.3.34.2)"," -O3 -DNDEBUG -DPITO_ECS_OWNED_DELETE_ATOMIC=1",8,100000,pito,owned_initialize,ecs_create_owned,8,10,7,51.600000
aalair,"Apple M3",8,"Darwin 27.0.0 arm64","Apple LLVM 21.0.0 (clang-2100.3.34.2)"," -O3 -DNDEBUG -DPITO_ECS_OWNED_DELETE_ATOMIC=1",8,100000,pito,owned_initialize,ecs_create_owned,8,10,8,50.876000
aalair,"Apple M3",8,"Darwin 27.0.0 arm64","Apple LLVM 21.0.0 (clang-2100.3.34.2)"," -O3 -DNDEBUG -DPITO_ECS_OWNED_DELETE_ATOMIC=1",8,100000,pito,owned_initialize,ecs_create_owned,8,10,9,51.902000
aalair,"Apple M3",8,"Darwin 27.0.0 arm64","Apple LLVM 21.0.0 (clang-2100.3.34.2)"," -O3 -DNDEBUG -DPITO_ECS_OWNED_DELETE_ATOMIC=1",8,100000,pito,owned_initialize,ecs_create_owned,8,10,10,49.956000
aalair,"Apple M3",8,"Darwin 27.0.0 arm64","Apple LLVM 21.0.0 (clang-2100.3.34.2)"," -O3 -DNDEBUG -DPITO_ECS_OWNED_DELETE_ATOMIC=1",8,100000,pito,owned_initialize,ecs_create_owned,8,50,1,51.575000
aalair,"Apple M3",8,"Darwin 27.0.0 arm64","Apple LLVM 21.0.0 (clang-2100.3.34.2)"," -O3 -DNDEBUG -DPITO_ECS_OWNED_DELETE_ATOMIC=1",8,100000,pito,owned_initialize,ecs_create_owned,8,50,2,51.576000
aalair,"Apple M3",8,"Darwin 27.0.0 arm64","Apple LLVM 21.0.0 (clang-2100.3.34.2)"," -O3 -DNDEBUG -DPITO_ECS_OWNED_DELETE_ATOMIC=1",8,100000,pito,owned_initialize,ecs_create_owned,8,50,3,51.674000
aalair,"Apple M3",8,"Darwin 27.0.0 arm64","Apple LLVM 21.0.0 (clang-2100.3.34.2)"," -O3 -DNDEBUG -DPITO_ECS_OWNED_DELETE_ATOMIC=1",8,100000,pito,owned_initialize,ecs_create_owned,8,50,4,51.467000
aalair,"Apple M3",8,"Darwin 27.0.0 arm64","Apple LLVM 21.0.0 (clang-2100.3.34.2)"," -O3 -DNDEBUG -DPITO_ECS_OWNED_DELETE_ATOMIC=1",8,100000,pito,owned_initialize,ecs_create_owned,8,50,5,51.890000
aalair,"Apple M3",8,"Darwin 27.0.0 arm64","Apple LLVM 21.0.0 (clang-2100.3.34.2)"," -O3 -DNDEBUG -DPITO_ECS_OWNED_DELETE_ATOMIC=1",8,100000,pito,owned_initialize,ecs_create_owned,8,50,6,52.620000
aalair,"Apple M3",8,"Darwin 27.0.0 arm64","Apple LLVM 21.0.0 (clang-2100.3.34.2)"," -O3 -DNDEBUG -DPITO_ECS_OWNED_DELETE_ATOMIC=1",8,100000,pito,owned_initialize,ecs_create_owned,8,50,7,52.047000
aalair,"Apple M3",8,"Darwin 27.0.0 arm64","Apple LLVM 21.0.0 (clang-2100.3.34.2)"," -O3 -DNDEBUG -DPITO_ECS_OWNED_DELETE_ATOMIC=1",8,100000,pito,owned_initialize,ecs_create_owned,8,50,8,51.447000
aalair,"Apple M3",8,"Darwin 27.0.0 arm64","Apple LLVM 21.0.0 (clang-2100.3.34.2)"," -O3 -DNDEBUG -DPITO_ECS_OWNED_DELETE_ATOMIC=1",8,100000,pito,owned_initialize,ecs_create_owned,8,50,9,51.220000
aalair,"Apple M3",8,"Darwin 27.0.0 arm64","Apple LLVM 21.0.0 (clang-2100.3.34.2)"," -O3 -DNDEBUG -DPITO_ECS_OWNED_DELETE_ATOMIC=1",8,100000,pito,owned_initialize,ecs_create_owned,8,50,10,52.329000
aalair,"Apple M3",8,"Darwin 27.0.0 arm64","Apple LLVM 21.0.0 (clang-2100.3.34.2)"," -O3 -DNDEBUG -DPITO_ECS_OWNED_DELETE_ATOMIC=1",8,100000,pito,owned_initialize,ecs_create_owned,8,500,1,82.704000
aalair,"Apple M3",8,"Darwin 27.0.0 arm64","Apple LLVM 21.0.0 (clang-2100.3.34.2)"," -O3 -DNDEBUG -DPITO_ECS_OWNED_DELETE_ATOMIC=1",8,100000,pito,owned_initialize,ecs_create_owned,8,500,2,83.755000
aalair,"Apple M3",8,"Darwin 27.0.0 arm64","Apple LLVM 21.0.0 (clang-2100.3.34.2)"," -O3 -DNDEBUG -DPITO_ECS_OWNED_DELETE_ATOMIC=1",8,100000,pito,owned_initialize,ecs_create_owned,8,500,3,85.387000
aalair,"Apple M3",8,"Darwin 27.0.0 arm64","Apple LLVM 21.0.0 (clang-2100.3.34.2)"," -O3 -DNDEBUG -DPITO_ECS_OWNED_DELETE_ATOMIC=1",8,100000,pito,owned_initialize,ecs_create_owned,8,500,4,86.398000
aalair,"Apple M3",8,"Darwin 27.0.0 arm64","Apple LLVM 21.0.0 (clang-2100.3.34.2)"," -O3 -DNDEBUG -DPITO_ECS_OWNED_DELETE_ATOMIC=1",8,100000,pito,owned_initialize,ecs_create_owned,8,500,5,84.119000
aalair,"Apple M3",8,"Darwin 27.0.0 arm64","Apple LLVM 21.0.0 (clang-2100.3.34.2)"," -O3 -DNDEBUG -DPITO_ECS_OWNED_DELETE_ATOMIC=1",8,100000,pito,owned_initialize,ecs_create_owned,8,500,6,82.392000
aalair,"Apple M3",8,"Darwin 27.0.0 arm64","Apple LLVM 21.0.0 (clang-2100.3.34.2)"," -O3 -DNDEBUG -DPITO_ECS_OWNED_DELETE_ATOMIC=1",8,100000,pito,owned_initialize,ecs_create_owned,8,500,7,82.002000
aalair,"Apple M3",8,"Darwin 27.0.0 arm64","Apple LLVM 21.0.0 (clang-2100.3.34.2)"," -O3 -DNDEBUG -DPITO_ECS_OWNED_DELETE_ATOMIC=1",8,100000,pito,owned_initialize,ecs_create_owned,8,500,8,87.160000
aalair,"Apple M3",8,"Darwin 27.0.0 arm64","Apple LLVM 21.0.0 (clang-2100.3.34.2)"," -O3 -DNDEBUG -DPITO_ECS_OWNED_DELETE_ATOMIC=1",8,100000,pito,owned_initialize,ecs_create_owned,8,500,9,83.504000
aalair,"Apple M3",8,"Darwin 27.0.0 arm64","Apple LLVM 21.0.0 (clang-2100.3.34.2)"," -O3 -DNDEBUG -DPITO_ECS_OWNED_DELETE_ATOMIC=1",8,100000,pito,owned_initialize,ecs_create_owned,8,500,10,81.705000
aalair,"Apple M3",8,"Darwin 27.0.0 arm64","Apple LLVM 21.0.0 (clang-2100.3.34.2)"," -O3 -DNDEBUG -DPITO_ECS_OWNED_DELETE_ATOMIC=1",8,100000,pito,owned_initialize,ecs_create_owned_sharded,1,0,1,14.508000
aalair,"Apple M3",8,"Darwin 27.0.0 arm64","Apple LLVM 21.0.0 (clang-2100.3.34.2)"," -O3 -DNDEBUG -DPITO_ECS_OWNED_DELETE_ATOMIC=1",8,100000,pito,owned_initialize,ecs_create_owned_sharded,1,0,2,14.505000
aalair,"Apple M3",8,"Darwin 27.0.0 arm64","Apple LLVM 21.0.0 (clang-2100.3.34.2)"," -O3 -DNDEBUG -DPITO_ECS_OWNED_DELETE_ATOMIC=1",8,100000,pito,owned_initialize,ecs_create_owned_sharded,1,0,3,14.510000
aalair,"Apple M3",8,"Darwin 27.0.0 arm64","Apple LLVM 21.0.0 (clang-2100.3.34.2)"," -O3 -DNDEBUG -DPITO_ECS_OWNED_DELETE_ATOMIC=1",8,100000,pito,owned_initialize,ecs_create_owned_sharded,1,0,4,14.513000
aalair,"Apple M3",8,"Darwin 27.0.0 arm64","Apple LLVM 21.0.0 (clang-2100.3.34.2)"," -O3 -DNDEBUG -DPITO_ECS_OWNED_DELETE_ATOMIC=1",8,100000,pito,owned_initialize,ecs_create_owned_sharded,1,0,5,14.499000
aalair,"Apple M3",8,"Darwin 27.0.0 arm64","Apple LLVM 21.0.0 (clang-2100.3.34.2)"," -O3 -DNDEBUG -DPITO_ECS_OWNED_DELETE_ATOMIC=1",8,100000,pito,owned_initialize,ecs_create_owned_sharded,1,0,6,14.538000
aalair,"Apple M3",8,"Darwin 27.0.0 arm64","Apple LLVM 21.0.0 (clang-2100.3.34.2)"," -O3 -DNDEBUG -DPITO_ECS_OWNED_DELETE_ATOMIC=1",8,100000,pito,owned_initialize,ecs_create_owned_sharded,1,0,7,14.571000
aalair,"Apple M3",8,"Darwin 27.0.0 arm64","Apple LLVM 21.0.0 (clang-2100.3.34.2)"," -O3 -DNDEBUG -DPITO_ECS_OWNED_DELETE_ATOMIC=1",8,100000,pito,owned_initialize,ecs_create_owned_sharded,1,0,8,14.523000
aalair,"Apple M3",8,"Darwin 27.0.0 arm64","Apple LLVM 21.0.0 (clang-2100.3.34.2)"," -O3 -DNDEBUG -DPITO_ECS_OWNED_DELETE_ATOMIC=1",8,100000,pito,owned_initialize,ecs_create_owned_sharded,1,0,9,14.505000
aalair,"Apple M3",8,"Darwin 27.0.0 arm64","Apple LLVM 21.0.0 (clang-2100.3.34.2)"," -O3 -DNDEBUG -DPITO_ECS_OWNED_DELETE_ATOMIC=1",8,100000,pito,owned_initialize,ecs_create_owned_sharded,1,0,10,14.520000
aalair,"Apple M3",8,"Darwin 27.0.0 arm64","Apple LLVM 21.0.0 (clang-2100.3.34.2)"," -O3 -DNDEBUG -DPITO_ECS_OWNED_DELETE_ATOMIC=1",8,100000,pito,owned_initialize,ecs_create_owned_sharded,1,10,1,17.157000
aalair,"Apple M3",8,"Darwin 27.0.0 arm64","Apple LLVM 21.0.0 (clang-2100.3.34.2)"," -O3 -DNDEBUG -DPITO_ECS_OWNED_DELETE_ATOMIC=1",8,100000,pito,owned_initialize,ecs_create_owned_sharded,1,10,2,16.847000
aalair,"Apple M3",8,"Darwin 27.0.0 arm64","Apple LLVM 21.0.0 (clang-2100.3.34.2)"," -O3 -DNDEBUG -DPITO_ECS_OWNED_DELETE_ATOMIC=1",8,100000,pito,owned_initialize,ecs_create_owned_sharded,1,10,3,16.864000
aalair,"Apple M3",8,"Darwin 27.0.0 arm64","Apple LLVM 21.0.0 (clang-2100.3.34.2)"," -O3 -DNDEBUG -DPITO_ECS_OWNED_DELETE_ATOMIC=1",8,100000,pito,owned_initialize,ecs_create_owned_sharded,1,10,4,16.823000
aalair,"Apple M3",8,"Darwin 27.0.0 arm64","Apple LLVM 21.0.0 (clang-2100.3.34.2)"," -O3 -DNDEBUG -DPITO_ECS_OWNED_DELETE_ATOMIC=1",8,100000,pito,owned_initialize,ecs_create_owned_sharded,1,10,5,16.801000
aalair,"Apple M3",8,"Darwin 27.0.0 arm64","Apple LLVM 21.0.0 (clang-2100.3.34.2)"," -O3 -DNDEBUG -DPITO_ECS_OWNED_DELETE_ATOMIC=1",8,100000,pito,owned_initialize,ecs_create_owned_sharded,1,10,6,16.561000
aalair,"Apple M3",8,"Darwin 27.0.0 arm64","Apple LLVM 21.0.0 (clang-2100.3.34.2)"," -O3 -DNDEBUG -DPITO_ECS_OWNED_DELETE_ATOMIC=1",8,100000,pito,owned_initialize,ecs_create_owned_sharded,1,10,7,16.757000
aalair,"Apple M3",8,"Darwin 27.0.0 arm64","Apple LLVM 21.0.0 (clang-2100.3.34.2)"," -O3 -DNDEBUG -DPITO_ECS_OWNED_DELETE_ATOMIC=1",8,100000,pito,owned_initialize,ecs_create_owned_sharded,1,10,8,16.771000
aalair,"Apple M3",8,"Darwin 27.0.0 arm64","Apple LLVM 21.0.0 (clang-2100.3.34.2)"," -O3 -DNDEBUG -DPITO_ECS_OWNED_DELETE_ATOMIC=1",8,100000,pito,owned_initialize,ecs_create_owned_sharded,1,10,9,16.542000
aalair,"Apple M3",8,"Darwin 27.0.0 arm64","Apple LLVM 21.0.0 (clang-2100.3.34.2)"," -O3 -DNDEBUG -DPITO_ECS_OWNED_DELETE_ATOMIC=1",8,100000,pito,owned_initialize,ecs_create_owned_sharded,1,10,10,16.761000
aalair,"Apple M3",8,"Darwin 27.0.0 arm64","Apple LLVM 21.0.0 (clang-2100.3.34.2)"," -O3 -DNDEBUG -DPITO_ECS_OWNED_DELETE_ATOMIC=1",8,100000,pito,owned_initialize,ecs_create_owned_sharded,1,50,1,33.332000
aalair,"Apple M3",8,"Darwin 27.0.0 arm64","Apple LLVM 21.0.0 (clang-2100.3.34.2)"," -O3 -DNDEBUG -DPITO_ECS_OWNED_DELETE_ATOMIC=1",8,100000,pito,owned_initialize,ecs_create_owned_sharded,1,50,2,33.297000
aalair,"Apple M3",8,"Darwin 27.0.0 arm64","Apple LLVM 21.0.0 (clang-2100.3.34.2)"," -O3 -DNDEBUG -DPITO_ECS_OWNED_DELETE_ATOMIC=1",8,100000,pito,owned_initialize,ecs_create_owned_sharded,1,50,3,33.311000
aalair,"Apple M3",8,"Darwin 27.0.0 arm64","Apple LLVM 21.0.0 (clang-2100.3.34.2)"," -O3 -DNDEBUG -DPITO_ECS_OWNED_DELETE_ATOMIC=1",8,100000,pito,owned_initialize,ecs_create_owned_sharded,1,50,4,33.362000
aalair,"Apple M3",8,"Darwin 27.0.0 arm64","Apple LLVM 21.0.0 (clang-2100.3.34.2)"," -O3 -DNDEBUG -DPITO_ECS_OWNED_DELETE_ATOMIC=1",8,100000,pito,owned_initialize,ecs_create_owned_sharded,1,50,5,33.444000
aalair,"Apple M3",8,"Darwin 27.0.0 arm64","Apple LLVM 21.0.0 (clang-2100.3.34.2)"," -O3 -DNDEBUG -DPITO_ECS_OWNED_DELETE_ATOMIC=1",8,100000,pito,owned_initialize,ecs_create_owned_sharded,1,50,6,33.295000
aalair,"Apple M3",8,"Darwin 27.0.0 arm64","Apple LLVM 21.0.0 (clang-2100.3.34.2)"," -O3 -DNDEBUG -DPITO_ECS_OWNED_DELETE_ATOMIC=1",8,100000,pito,owned_initialize,ecs_create_owned_sharded,1,50,7,33.270000
aalair,"Apple M3",8,"Darwin 27.0.0 arm64","Apple LLVM 21.0.0 (clang-2100.3.34.2)"," -O3 -DNDEBUG -DPITO_ECS_OWNED_DELETE_ATOMIC=1",8,100000,pito,owned_initialize,ecs_create_owned_sharded,1,50,8,33.343000
aalair,"Apple M3",8,"Darwin 27.0.0 arm64","Apple LLVM 21.0.0 (clang-2100.3.34.2)"," -O3 -DNDEBUG -DPITO_ECS_OWNED_DELETE_ATOMIC=1",8,100000,pito,owned_initialize,ecs_create_owned_sharded,1,50,9,33.367000
aalair,"Apple M3",8,"Darwin 27.0.0 arm64","Apple LLVM 21.0.0 (clang-2100.3.34.2)"," -O3 -DNDEBUG -DPITO_ECS_OWNED_DELETE_ATOMIC=1",8,100000,pito,owned_initialize,ecs_create_owned_sharded,1,50,10,33.310000
aalair,"Apple M3",8,"Darwin 27.0.0 arm64","Apple LLVM 21.0.0 (clang-2100.3.34.2)"," -O3 -DNDEBUG -DPITO_ECS_OWNED_DELETE_ATOMIC=1",8,100000,pito,owned_initialize,ecs_create_owned_sharded,1,500,1,370.481000
aalair,"Apple M3",8,"Darwin 27.0.0 arm64","Apple LLVM 21.0.0 (clang-2100.3.34.2)"," -O3 -DNDEBUG -DPITO_ECS_OWNED_DELETE_ATOMIC=1",8,100000,pito,owned_initialize,ecs_create_owned_sharded,1,500,2,368.948000
aalair,"Apple M3",8,"Darwin 27.0.0 arm64","Apple LLVM 21.0.0 (clang-2100.3.34.2)"," -O3 -DNDEBUG -DPITO_ECS_OWNED_DELETE_ATOMIC=1",8,100000,pito,owned_initialize,ecs_create_owned_sharded,1,500,3,368.919000
aalair,"Apple M3",8,"Darwin 27.0.0 arm64","Apple LLVM 21.0.0 (clang-2100.3.34.2)"," -O3 -DNDEBUG -DPITO_ECS_OWNED_DELETE_ATOMIC=1",8,100000,pito,owned_initialize,ecs_create_owned_sharded,1,500,4,368.424000
aalair,"Apple M3",8,"Darwin 27.0.0 arm64","Apple LLVM 21.0.0 (clang-2100.3.34.2)"," -O3 -DNDEBUG -DPITO_ECS_OWNED_DELETE_ATOMIC=1",8,100000,pito,owned_initialize,ecs_create_owned_sharded,1,500,5,368.761000
aalair,"Apple M3",8,"Darwin 27.0.0 arm64","Apple LLVM 21.0.0 (clang-2100.3.34.2)"," -O3 -DNDEBUG -DPITO_ECS_OWNED_DELETE_ATOMIC=1",8,100000,pito,owned_initialize,ecs_create_owned_sharded,1,500,6,369.878000
aalair,"Apple M3",8,"Darwin 27.0.0 arm64","Apple LLVM 21.0.0 (clang-2100.3.34.2)"," -O3 -DNDEBUG -DPITO_ECS_OWNED_DELETE_ATOMIC=1",8,100000,pito,owned_initialize,ecs_create_owned_sharded,1,500,7,369.875000
aalair,"Apple M3",8,"Darwin 27.0.0 arm64","Apple LLVM 21.0.0 (clang-2100.3.34.2)"," -O3 -DNDEBUG -DPITO_ECS_OWNED_DELETE_ATOMIC=1",8,100000,pito,owned_initialize,ecs_create_owned_sharded,1,500,8,368.903000
aalair,"Apple M3",8,"Darwin 27.0.0 arm64","Apple LLVM 21.0.0 (clang-2100.3.34.2)"," -O3 -DNDEBUG -DPITO_ECS_OWNED_DELETE_ATOMIC=1",8,100000,pito,owned_initialize,ecs_create_owned_sharded,1,500,9,368.747000
aalair,"Apple M3",8,"Darwin 27.0.0 arm64","Apple LLVM 21.0.0 (clang-2100.3.34.2)"," -O3 -DNDEBUG -DPITO_ECS_OWNED_DELETE_ATOMIC=1",8,100000,pito,owned_initialize,ecs_create_owned_sharded,1,500,10,368.641000
aalair,"Apple M3",8,"Darwin 27.0.0 arm64","Apple LLVM 21.0.0 (clang-2100.3.34.2)"," -O3 -DNDEBUG -DPITO_ECS_OWNED_DELETE_ATOMIC=1",8,100000,pito,owned_initialize,ecs_create_owned_sharded,2,0,1,10.565000
aalair,"Apple M3",8,"Darwin 27.0.0 arm64","Apple LLVM 21.0.0 (clang-2100.3.34.2)"," -O3 -DNDEBUG -DPITO_ECS_OWNED_DELETE_ATOMIC=1",8,100000,pito,owned_initialize,ecs_create_owned_sharded,2,0,2,10.688000
aalair,"Apple M3",8,"Darwin 27.0.0 arm64","Apple LLVM 21.0.0 (clang-2100.3.34.2)"," -O3 -DNDEBUG -DPITO_ECS_OWNED_DELETE_ATOMIC=1",8,100000,pito,owned_initialize,ecs_create_owned_sharded,2,0,3,10.692000
aalair,"Apple M3",8,"Darwin 27.0.0 arm64","Apple LLVM 21.0.0 (clang-2100.3.34.2)"," -O3 -DNDEBUG -DPITO_ECS_OWNED_DELETE_ATOMIC=1",8,100000,pito,owned_initialize,ecs_create_owned_sharded,2,0,4,10.507000
aalair,"Apple M3",8,"Darwin 27.0.0 arm64","Apple LLVM 21.0.0 (clang-2100.3.34.2)"," -O3 -DNDEBUG -DPITO_ECS_OWNED_DELETE_ATOMIC=1",8,100000,pito,owned_initialize,ecs_create_owned_sharded,2,0,5,10.507000
aalair,"Apple M3",8,"Darwin 27.0.0 arm64","Apple LLVM 21.0.0 (clang-2100.3.34.2)"," -O3 -DNDEBUG -DPITO_ECS_OWNED_DELETE_ATOMIC=1",8,100000,pito,owned_initialize,ecs_create_owned_sharded,2,0,6,10.515000
aalair,"Apple M3",8,"Darwin 27.0.0 arm64","Apple LLVM 21.0.0 (clang-2100.3.34.2)"," -O3 -DNDEBUG -DPITO_ECS_OWNED_DELETE_ATOMIC=1",8,100000,pito,owned_initialize,ecs_create_owned_sharded,2,0,7,10.503000
aalair,"Apple M3",8,"Darwin 27.0.0 arm64","Apple LLVM 21.0.0 (clang-2100.3.34.2)"," -O3 -DNDEBUG -DPITO_ECS_OWNED_DELETE_ATOMIC=1",8,100000,pito,owned_initialize,ecs_create_owned_sharded,2,0,8,10.512000
aalair,"Apple M3",8,"Darwin 27.0.0 arm64","Apple LLVM 21.0.0 (clang-2100.3.34.2)"," -O3 -DNDEBUG -DPITO_ECS_OWNED_DELETE_ATOMIC=1",8,100000,pito,owned_initialize,ecs_create_owned_sharded,2,0,9,10.516000
aalair,"Apple M3",8,"Darwin 27.0.0 arm64","Apple LLVM 21.0.0 (clang-2100.3.34.2)"," -O3 -DNDEBUG -DPITO_ECS_OWNED_DELETE_ATOMIC=1",8,100000,pito,owned_initialize,ecs_create_owned_sharded,2,0,10,10.534000
aalair,"Apple M3",8,"Darwin 27.0.0 arm64","Apple LLVM 21.0.0 (clang-2100.3.34.2)"," -O3 -DNDEBUG -DPITO_ECS_OWNED_DELETE_ATOMIC=1",8,100000,pito,owned_initialize,ecs_create_owned_sharded,2,10,1,11.996000
aalair,"Apple M3",8,"Darwin 27.0.0 arm64","Apple LLVM 21.0.0 (clang-2100.3.34.2)"," -O3 -DNDEBUG -DPITO_ECS_OWNED_DELETE_ATOMIC=1",8,100000,pito,owned_initialize,ecs_create_owned_sharded,2,10,2,11.991000
aalair,"Apple M3",8,"Darwin 27.0.0 arm64","Apple LLVM 21.0.0 (clang-2100.3.34.2)"," -O3 -DNDEBUG -DPITO_ECS_OWNED_DELETE_ATOMIC=1",8,100000,pito,owned_initialize,ecs_create_owned_sharded,2,10,3,12.008000
aalair,"Apple M3",8,"Darwin 27.0.0 arm64","Apple LLVM 21.0.0 (clang-2100.3.34.2)"," -O3 -DNDEBUG -DPITO_ECS_OWNED_DELETE_ATOMIC=1",8,100000,pito,owned_initialize,ecs_create_owned_sharded,2,10,4,12.003000
aalair,"Apple M3",8,"Darwin 27.0.0 arm64","Apple LLVM 21.0.0 (clang-2100.3.34.2)"," -O3 -DNDEBUG -DPITO_ECS_OWNED_DELETE_ATOMIC=1",8,100000,pito,owned_initialize,ecs_create_owned_sharded,2,10,5,12.148000
aalair,"Apple M3",8,"Darwin 27.0.0 arm64","Apple LLVM 21.0.0 (clang-2100.3.34.2)"," -O3 -DNDEBUG -DPITO_ECS_OWNED_DELETE_ATOMIC=1",8,100000,pito,owned_initialize,ecs_create_owned_sharded,2,10,6,11.977000
aalair,"Apple M3",8,"Darwin 27.0.0 arm64","Apple LLVM 21.0.0 (clang-2100.3.34.2)"," -O3 -DNDEBUG -DPITO_ECS_OWNED_DELETE_ATOMIC=1",8,100000,pito,owned_initialize,ecs_create_owned_sharded,2,10,7,11.658000
aalair,"Apple M3",8,"Darwin 27.0.0 arm64","Apple LLVM 21.0.0 (clang-2100.3.34.2)"," -O3 -DNDEBUG -DPITO_ECS_OWNED_DELETE_ATOMIC=1",8,100000,pito,owned_initialize,ecs_create_owned_sharded,2,10,8,11.944000
aalair,"Apple M3",8,"Darwin 27.0.0 arm64","Apple LLVM 21.0.0 (clang-2100.3.34.2)"," -O3 -DNDEBUG -DPITO_ECS_OWNED_DELETE_ATOMIC=1",8,100000,pito,owned_initialize,ecs_create_owned_sharded,2,10,9,11.632000
aalair,"Apple M3",8,"Darwin 27.0.0 arm64","Apple LLVM 21.0.0 (clang-2100.3.34.2)"," -O3 -DNDEBUG -DPITO_ECS_OWNED_DELETE_ATOMIC=1",8,100000,pito,owned_initialize,ecs_create_owned_sharded,2,10,10,11.639000
aalair,"Apple M3",8,"Darwin 27.0.0 arm64","Apple LLVM 21.0.0 (clang-2100.3.34.2)"," -O3 -DNDEBUG -DPITO_ECS_OWNED_DELETE_ATOMIC=1",8,100000,pito,owned_initialize,ecs_create_owned_sharded,2,50,1,19.985000
aalair,"Apple M3",8,"Darwin 27.0.0 arm64","Apple LLVM 21.0.0 (clang-2100.3.34.2)"," -O3 -DNDEBUG -DPITO_ECS_OWNED_DELETE_ATOMIC=1",8,100000,pito,owned_initialize,ecs_create_owned_sharded,2,50,2,19.897000
aalair,"Apple M3",8,"Darwin 27.0.0 arm64","Apple LLVM 21.0.0 (clang-2100.3.34.2)"," -O3 -DNDEBUG -DPITO_ECS_OWNED_DELETE_ATOMIC=1",8,100000,pito,owned_initialize,ecs_create_owned_sharded,2,50,3,20.157000
aalair,"Apple M3",8,"Darwin 27.0.0 arm64","Apple LLVM 21.0.0 (clang-2100.3.34.2)"," -O3 -DNDEBUG -DPITO_ECS_OWNED_DELETE_ATOMIC=1",8,100000,pito,owned_initialize,ecs_create_owned_sharded,2,50,4,19.913000
aalair,"Apple M3",8,"Darwin 27.0.0 arm64","Apple LLVM 21.0.0 (clang-2100.3.34.2)"," -O3 -DNDEBUG -DPITO_ECS_OWNED_DELETE_ATOMIC=1",8,100000,pito,owned_initialize,ecs_create_owned_sharded,2,50,5,19.890000
aalair,"Apple M3",8,"Darwin 27.0.0 arm64","Apple LLVM 21.0.0 (clang-2100.3.34.2)"," -O3 -DNDEBUG -DPITO_ECS_OWNED_DELETE_ATOMIC=1",8,100000,pito,owned_initialize,ecs_create_owned_sharded,2,50,6,19.881000
aalair,"Apple M3",8,"Darwin 27.0.0 arm64","Apple LLVM 21.0.0 (clang-2100.3.34.2)"," -O3 -DNDEBUG -DPITO_ECS_OWNED_DELETE_ATOMIC=1",8,100000,pito,owned_initialize,ecs_create_owned_sharded,2,50,7,19.895000
aalair,"Apple M3",8,"Darwin 27.0.0 arm64","Apple LLVM 21.0.0 (clang-2100.3.34.2)"," -O3 -DNDEBUG -DPITO_ECS_OWNED_DELETE_ATOMIC=1",8,100000,pito,owned_initialize,ecs_create_owned_sharded,2,50,8,19.873000
aalair,"Apple M3",8,"Darwin 27.0.0 arm64","Apple LLVM 21.0.0 (clang-2100.3.34.2)"," -O3 -DNDEBUG -DPITO_ECS_OWNED_DELETE_ATOMIC=1",8,100000,pito,owned_initialize,ecs_create_owned_sharded,2,50,9,19.879000
aalair,"Apple M3",8,"Darwin 27.0.0 arm64","Apple LLVM 21.0.0 (clang-2100.3.34.2)"," -O3 -DNDEBUG -DPITO_ECS_OWNED_DELETE_ATOMIC=1",8,100000,pito,owned_initialize,ecs_create_owned_sharded,2,50,10,19.876000
aalair,"Apple M3",8,"Darwin 27.0.0 arm64","Apple LLVM 21.0.0 (clang-2100.3.34.2)"," -O3 -DNDEBUG -DPITO_ECS_OWNED_DELETE_ATOMIC=1",8,100000,pito,owned_initialize,ecs_create_owned_sharded,2,500,1,192.316000
aalair,"Apple M3",8,"Darwin 27.0.0 arm64","Apple LLVM 21.0.0 (clang-2100.3.34.2)"," -O3 -DNDEBUG -DPITO_ECS_OWNED_DELETE_ATOMIC=1",8,100000,pito,owned_initialize,ecs_create_owned_sharded,2,500,2,192.282000
aalair,"Apple M3",8,"Darwin 27.0.0 arm64","Apple LLVM 21.0.0 (clang-2100.3.34.2)"," -O3 -DNDEBUG -DPITO_ECS_OWNED_DELETE_ATOMIC=1",8,100000,pito,owned_initialize,ecs_create_owned_sharded,2,500,3,192.039000
aalair,"Apple M3",8,"Darwin 27.0.0 arm64","Apple LLVM 21.0.0 (clang-2100.3.34.2)"," -O3 -DNDEBUG -DPITO_ECS_OWNED_DELETE_ATOMIC=1",8,100000,pito,owned_initialize,ecs_create_owned_sharded,2,500,4,192.027000
aalair,"Apple M3",8,"Darwin 27.0.0 arm64","Apple LLVM 21.0.0 (clang-2100.3.34.2)"," -O3 -DNDEBUG -DPITO_ECS_OWNED_DELETE_ATOMIC=1",8,100000,pito,owned_initialize,ecs_create_owned_sharded,2,500,5,192.121000
aalair,"Apple M3",8,"Darwin 27.0.0 arm64","Apple LLVM 21.0.0 (clang-2100.3.34.2)"," -O3 -DNDEBUG -DPITO_ECS_OWNED_DELETE_ATOMIC=1",8,100000,pito,owned_initialize,ecs_create_owned_sharded,2,500,6,196.149000
aalair,"Apple M3",8,"Darwin 27.0.0 arm64","Apple LLVM 21.0.0 (clang-2100.3.34.2)"," -O3 -DNDEBUG -DPITO_ECS_OWNED_DELETE_ATOMIC=1",8,100000,pito,owned_initialize,ecs_create_owned_sharded,2,500,7,195.540000
aalair,"Apple M3",8,"Darwin 27.0.0 arm64","Apple LLVM 21.0.0 (clang-2100.3.34.2)"," -O3 -DNDEBUG -DPITO_ECS_OWNED_DELETE_ATOMIC=1",8,100000,pito,owned_initialize,ecs_create_owned_sharded,2,500,8,192.332000
aalair,"Apple M3",8,"Darwin 27.0.0 arm64","Apple LLVM 21.0.0 (clang-2100.3.34.2)"," -O3 -DNDEBUG -DPITO_ECS_OWNED_DELETE_ATOMIC=1",8,100000,pito,owned_initialize,ecs_create_owned_sharded,2,500,9,192.794000
aalair,"Apple M3",8,"Darwin 27.0.0 arm64","Apple LLVM 21.0.0 (clang-2100.3.34.2)"," -O3 -DNDEBUG -DPITO_ECS_OWNED_DELETE_ATOMIC=1",8,100000,pito,owned_initialize,ecs_create_owned_sharded,2,500,10,192.514000
aalair,"Apple M3",8,"Darwin 27.0.0 arm64","Apple LLVM 21.0.0 (clang-2100.3.34.2)"," -O3 -DNDEBUG -DPITO_ECS_OWNED_DELETE_ATOMIC=1",8,100000,pito,owned_initialize,ecs_create_owned_sharded,4,0,1,11.107000
aalair,"Apple M3",8,"Darwin 27.0.0 arm64","Apple LLVM 21.0.0 (clang-2100.3.34.2)"," -O3 -DNDEBUG -DPITO_ECS_OWNED_DELETE_ATOMIC=1",8,100000,pito,owned_initialize,ecs_create_owned_sharded,4,0,2,12.004000
aalair,"Apple M3",8,"Darwin 27.0.0 arm64","Apple LLVM 21.0.0 (clang-2100.3.34.2)"," -O3 -DNDEBUG -DPITO_ECS_OWNED_DELETE_ATOMIC=1",8,100000,pito,owned_initialize,ecs_create_owned_sharded,4,0,3,11.187000
aalair,"Apple M3",8,"Darwin 27.0.0 arm64","Apple LLVM 21.0.0 (clang-2100.3.34.2)"," -O3 -DNDEBUG -DPITO_ECS_OWNED_DELETE_ATOMIC=1",8,100000,pito,owned_initialize,ecs_create_owned_sharded,4,0,4,11.063000
aalair,"Apple M3",8,"Darwin 27.0.0 arm64","Apple LLVM 21.0.0 (clang-2100.3.34.2)"," -O3 -DNDEBUG -DPITO_ECS_OWNED_DELETE_ATOMIC=1",8,100000,pito,owned_initialize,ecs_create_owned_sharded,4,0,5,11.885000
aalair,"Apple M3",8,"Darwin 27.0.0 arm64","Apple LLVM 21.0.0 (clang-2100.3.34.2)"," -O3 -DNDEBUG -DPITO_ECS_OWNED_DELETE_ATOMIC=1",8,100000,pito,owned_initialize,ecs_create_owned_sharded,4,0,6,11.290000
aalair,"Apple M3",8,"Darwin 27.0.0 arm64","Apple LLVM 21.0.0 (clang-2100.3.34.2)"," -O3 -DNDEBUG -DPITO_ECS_OWNED_DELETE_ATOMIC=1",8,100000,pito,owned_initialize,ecs_create_owned_sharded,4,0,7,11.908000
aalair,"Apple M3",8,"Darwin 27.0.0 arm64","Apple LLVM 21.0.0 (clang-2100.3.34.2)"," -O3 -DNDEBUG -DPITO_ECS_OWNED_DELETE_ATOMIC=1",8,100000,pito,owned_initialize,ecs_create_owned_sharded,4,0,8,11.301000
aalair,"Apple M3",8,"Darwin 27.0.0 arm64","Apple LLVM 21.0.0 (clang-2100.3.34.2)"," -O3 -DNDEBUG -DPITO_ECS_OWNED_DELETE_ATOMIC=1",8,100000,pito,owned_initialize,ecs_create_owned_sharded,4,0,9,11.760000
aalair,"Apple M3",8,"Darwin 27.0.0 arm64","Apple LLVM 21.0.0 (clang-2100.3.34.2)"," -O3 -DNDEBUG -DPITO_ECS_OWNED_DELETE_ATOMIC=1",8,100000,pito,owned_initialize,ecs_create_owned_sharded,4,0,10,11.295000
aalair,"Apple M3",8,"Darwin 27.0.0 arm64","Apple LLVM 21.0.0 (clang-2100.3.34.2)"," -O3 -DNDEBUG -DPITO_ECS_OWNED_DELETE_ATOMIC=1",8,100000,pito,owned_initialize,ecs_create_owned_sharded,4,0,11,11.901000
aalair,"Apple M3",8,"Darwin 27.0.0 arm64","Apple LLVM 21.0.0 (clang-2100.3.34.2)"," -O3 -DNDEBUG -DPITO_ECS_OWNED_DELETE_ATOMIC=1",8,100000,pito,owned_initialize,ecs_create_owned_sharded,4,0,12,11.074000
aalair,"Apple M3",8,"Darwin 27.0.0 arm64","Apple LLVM 21.0.0 (clang-2100.3.34.2)"," -O3 -DNDEBUG -DPITO_ECS_OWNED_DELETE_ATOMIC=1",8,100000,pito,owned_initialize,ecs_create_owned_sharded,4,0,13,11.367000
aalair,"Apple M3",8,"Darwin 27.0.0 arm64","Apple LLVM 21.0.0 (clang-2100.3.34.2)"," -O3 -DNDEBUG -DPITO_ECS_OWNED_DELETE_ATOMIC=1",8,100000,pito,owned_initialize,ecs_create_owned_sharded,4,0,14,11.052000
aalair,"Apple M3",8,"Darwin 27.0.0 arm64","Apple LLVM 21.0.0 (clang-2100.3.34.2)"," -O3 -DNDEBUG -DPITO_ECS_OWNED_DELETE_ATOMIC=1",8,100000,pito,owned_initialize,ecs_create_owned_sharded,4,0,15,11.313000
aalair,"Apple M3",8,"Darwin 27.0.0 arm64","Apple LLVM 21.0.0 (clang-2100.3.34.2)"," -O3 -DNDEBUG -DPITO_ECS_OWNED_DELETE_ATOMIC=1",8,100000,pito,owned_initialize,ecs_create_owned_sharded,4,0,16,11.096000
aalair,"Apple M3",8,"Darwin 27.0.0 arm64","Apple LLVM 21.0.0 (clang-2100.3.34.2)"," -O3 -DNDEBUG -DPITO_ECS_OWNED_DELETE_ATOMIC=1",8,100000,pito,owned_initialize,ecs_create_owned_sharded,4,0,17,11.153000
aalair,"Apple M3",8,"Darwin 27.0.0 arm64","Apple LLVM 21.0.0 (clang-2100.3.34.2)"," -O3 -DNDEBUG -DPITO_ECS_OWNED_DELETE_ATOMIC=1",8,100000,pito,owned_initialize,ecs_create_owned_sharded,4,0,18,11.075000
aalair,"Apple M3",8,"Darwin 27.0.0 arm64","Apple LLVM 21.0.0 (clang-2100.3.34.2)"," -O3 -DNDEBUG -DPITO_ECS_OWNED_DELETE_ATOMIC=1",8,100000,pito,owned_initialize,ecs_create_owned_sharded,4,0,19,11.239000
aalair,"Apple M3",8,"Darwin 27.0.0 arm64","Apple LLVM 21.0.0 (clang-2100.3.34.2)"," -O3 -DNDEBUG -DPITO_ECS_OWNED_DELETE_ATOMIC=1",8,100000,pito,owned_initialize,ecs_create_owned_sharded,4,10,1,12.050000
aalair,"Apple M3",8,"Darwin 27.0.0 arm64","Apple LLVM 21.0.0 (clang-2100.3.34.2)"," -O3 -DNDEBUG -DPITO_ECS_OWNED_DELETE_ATOMIC=1",8,100000,pito,owned_initialize,ecs_create_owned_sharded,4,10,2,12.066000
aalair,"Apple M3",8,"Darwin 27.0.0 arm64","Apple LLVM 21.0.0 (clang-2100.3.34.2)"," -O3 -DNDEBUG -DPITO_ECS_OWNED_DELETE_ATOMIC=1",8,100000,pito,owned_initialize,ecs_create_owned_sharded,4,10,3,11.463000
aalair,"Apple M3",8,"Darwin 27.0.0 arm64","Apple LLVM 21.0.0 (clang-2100.3.34.2)"," -O3 -DNDEBUG -DPITO_ECS_OWNED_DELETE_ATOMIC=1",8,100000,pito,owned_initialize,ecs_create_owned_sharded,4,10,4,12.101000
aalair,"Apple M3",8,"Darwin 27.0.0 arm64","Apple LLVM 21.0.0 (clang-2100.3.34.2)"," -O3 -DNDEBUG -DPITO_ECS_OWNED_DELETE_ATOMIC=1",8,100000,pito,owned_initialize,ecs_create_owned_sharded,4,10,5,11.943000
aalair,"Apple M3",8,"Darwin 27.0.0 arm64","Apple LLVM 21.0.0 (clang-2100.3.34.2)"," -O3 -DNDEBUG -DPITO_ECS_OWNED_DELETE_ATOMIC=1",8,100000,pito,owned_initialize,ecs_create_owned_sharded,4,10,6,11.798000
aalair,"Apple M3",8,"Darwin 27.0.0 arm64","Apple LLVM 21.0.0 (clang-2100.3.34.2)"," -O3 -DNDEBUG -DPITO_ECS_OWNED_DELETE_ATOMIC=1",8,100000,pito,owned_initialize,ecs_create_owned_sharded,4,10,7,11.417000
aalair,"Apple M3",8,"Darwin 27.0.0 arm64","Apple LLVM 21.0.0 (clang-2100.3.34.2)"," -O3 -DNDEBUG -DPITO_ECS_OWNED_DELETE_ATOMIC=1",8,100000,pito,owned_initialize,ecs_create_owned_sharded,4,10,8,12.114000
aalair,"Apple M3",8,"Darwin 27.0.0 arm64","Apple LLVM 21.0.0 (clang-2100.3.34.2)"," -O3 -DNDEBUG -DPITO_ECS_OWNED_DELETE_ATOMIC=1",8,100000,pito,owned_initialize,ecs_create_owned_sharded,4,10,9,11.795000
aalair,"Apple M3",8,"Darwin 27.0.0 arm64","Apple LLVM 21.0.0 (clang-2100.3.34.2)"," -O3 -DNDEBUG -DPITO_ECS_OWNED_DELETE_ATOMIC=1",8,100000,pito,owned_initialize,ecs_create_owned_sharded,4,10,10,11.994000
aalair,"Apple M3",8,"Darwin 27.0.0 arm64","Apple LLVM 21.0.0 (clang-2100.3.34.2)"," -O3 -DNDEBUG -DPITO_ECS_OWNED_DELETE_ATOMIC=1",8,100000,pito,owned_initialize,ecs_create_owned_sharded,4,50,1,14.110000
aalair,"Apple M3",8,"Darwin 27.0.0 arm64","Apple LLVM 21.0.0 (clang-2100.3.34.2)"," -O3 -DNDEBUG -DPITO_ECS_OWNED_DELETE_ATOMIC=1",8,100000,pito,owned_initialize,ecs_create_owned_sharded,4,50,2,14.748000
aalair,"Apple M3",8,"Darwin 27.0.0 arm64","Apple LLVM 21.0.0 (clang-2100.3.34.2)"," -O3 -DNDEBUG -DPITO_ECS_OWNED_DELETE_ATOMIC=1",8,100000,pito,owned_initialize,ecs_create_owned_sharded,4,50,3,14.690000
aalair,"Apple M3",8,"Darwin 27.0.0 arm64","Apple LLVM 21.0.0 (clang-2100.3.34.2)"," -O3 -DNDEBUG -DPITO_ECS_OWNED_DELETE_ATOMIC=1",8,100000,pito,owned_initialize,ecs_create_owned_sharded,4,50,4,14.122000
aalair,"Apple M3",8,"Darwin 27.0.0 arm64","Apple LLVM 21.0.0 (clang-2100.3.34.2)"," -O3 -DNDEBUG -DPITO_ECS_OWNED_DELETE_ATOMIC=1",8,100000,pito,owned_initialize,ecs_create_owned_sharded,4,50,5,14.138000
aalair,"Apple M3",8,"Darwin 27.0.0 arm64","Apple LLVM 21.0.0 (clang-2100.3.34.2)"," -O3 -DNDEBUG -DPITO_ECS_OWNED_DELETE_ATOMIC=1",8,100000,pito,owned_initialize,ecs_create_owned_sharded,4,50,6,14.570000
aalair,"Apple M3",8,"Darwin 27.0.0 arm64","Apple LLVM 21.0.0 (clang-2100.3.34.2)"," -O3 -DNDEBUG -DPITO_ECS_OWNED_DELETE_ATOMIC=1",8,100000,pito,owned_initialize,ecs_create_owned_sharded,4,50,7,14.715000
aalair,"Apple M3",8,"Darwin 27.0.0 arm64","Apple LLVM 21.0.0 (clang-2100.3.34.2)"," -O3 -DNDEBUG -DPITO_ECS_OWNED_DELETE_ATOMIC=1",8,100000,pito,owned_initialize,ecs_create_owned_sharded,4,50,8,14.154000
aalair,"Apple M3",8,"Darwin 27.0.0 arm64","Apple LLVM 21.0.0 (clang-2100.3.34.2)"," -O3 -DNDEBUG -DPITO_ECS_OWNED_DELETE_ATOMIC=1",8,100000,pito,owned_initialize,ecs_create_owned_sharded,4,50,9,14.175000
aalair,"Apple M3",8,"Darwin 27.0.0 arm64","Apple LLVM 21.0.0 (clang-2100.3.34.2)"," -O3 -DNDEBUG -DPITO_ECS_OWNED_DELETE_ATOMIC=1",8,100000,pito,owned_initialize,ecs_create_owned_sharded,4,50,10,14.577000
aalair,"Apple M3",8,"Darwin 27.0.0 arm64","Apple LLVM 21.0.0 (clang-2100.3.34.2)"," -O3 -DNDEBUG -DPITO_ECS_OWNED_DELETE_ATOMIC=1",8,100000,pito,owned_initialize,ecs_create_owned_sharded,4,500,1,107.118000
aalair,"Apple M3",8,"Darwin 27.0.0 arm64","Apple LLVM 21.0.0 (clang-2100.3.34.2)"," -O3 -DNDEBUG -DPITO_ECS_OWNED_DELETE_ATOMIC=1",8,100000,pito,owned_initialize,ecs_create_owned_sharded,4,500,2,107.056000
aalair,"Apple M3",8,"Darwin 27.0.0 arm64","Apple LLVM 21.0.0 (clang-2100.3.34.2)"," -O3 -DNDEBUG -DPITO_ECS_OWNED_DELETE_ATOMIC=1",8,100000,pito,owned_initialize,ecs_create_owned_sharded,4,500,3,107.137000
aalair,"Apple M3",8,"Darwin 27.0.0 arm64","Apple LLVM 21.0.0 (clang-2100.3.34.2)"," -O3 -DNDEBUG -DPITO_ECS_OWNED_DELETE_ATOMIC=1",8,100000,pito,owned_initialize,ecs_create_owned_sharded,4,500,4,107.027000
aalair,"Apple M3",8,"Darwin 27.0.0 arm64","Apple LLVM 21.0.0 (clang-2100.3.34.2)"," -O3 -DNDEBUG -DPITO_ECS_OWNED_DELETE_ATOMIC=1",8,100000,pito,owned_initialize,ecs_create_owned_sharded,4,500,5,106.995000
aalair,"Apple M3",8,"Darwin 27.0.0 arm64","Apple LLVM 21.0.0 (clang-2100.3.34.2)"," -O3 -DNDEBUG -DPITO_ECS_OWNED_DELETE_ATOMIC=1",8,100000,pito,owned_initialize,ecs_create_owned_sharded,4,500,6,107.010000
aalair,"Apple M3",8,"Darwin 27.0.0 arm64","Apple LLVM 21.0.0 (clang-2100.3.34.2)"," -O3 -DNDEBUG -DPITO_ECS_OWNED_DELETE_ATOMIC=1",8,100000,pito,owned_initialize,ecs_create_owned_sharded,4,500,7,107.006000
aalair,"Apple M3",8,"Darwin 27.0.0 arm64","Apple LLVM 21.0.0 (clang-2100.3.34.2)"," -O3 -DNDEBUG -DPITO_ECS_OWNED_DELETE_ATOMIC=1",8,100000,pito,owned_initialize,ecs_create_owned_sharded,4,500,8,108.422000
aalair,"Apple M3",8,"Darwin 27.0.0 arm64","Apple LLVM 21.0.0 (clang-2100.3.34.2)"," -O3 -DNDEBUG -DPITO_ECS_OWNED_DELETE_ATOMIC=1",8,100000,pito,owned_initialize,ecs_create_owned_sharded,4,500,9,107.048000
aalair,"Apple M3",8,"Darwin 27.0.0 arm64","Apple LLVM 21.0.0 (clang-2100.3.34.2)"," -O3 -DNDEBUG -DPITO_ECS_OWNED_DELETE_ATOMIC=1",8,100000,pito,owned_initialize,ecs_create_owned_sharded,4,500,10,107.030000
aalair,"Apple M3",8,"Darwin 27.0.0 arm64","Apple LLVM 21.0.0 (clang-2100.3.34.2)"," -O3 -DNDEBUG -DPITO_ECS_OWNED_DELETE_ATOMIC=1",8,100000,pito,owned_initialize,ecs_create_owned_sharded,8,0,1,9.499000
aalair,"Apple M3",8,"Darwin 27.0.0 arm64","Apple LLVM 21.0.0 (clang-2100.3.34.2)"," -O3 -DNDEBUG -DPITO_ECS_OWNED_DELETE_ATOMIC=1",8,100000,pito,owned_initialize,ecs_create_owned_sharded,8,0,2,9.569000
aalair,"Apple M3",8,"Darwin 27.0.0 arm64","Apple LLVM 21.0.0 (clang-2100.3.34.2)"," -O3 -DNDEBUG -DPITO_ECS_OWNED_DELETE_ATOMIC=1",8,100000,pito,owned_initialize,ecs_create_owned_sharded,8,0,3,10.091000
aalair,"Apple M3",8,"Darwin 27.0.0 arm64","Apple LLVM 21.0.0 (clang-2100.3.34.2)"," -O3 -DNDEBUG -DPITO_ECS_OWNED_DELETE_ATOMIC=1",8,100000,pito,owned_initialize,ecs_create_owned_sharded,8,0,4,9.252000
aalair,"Apple M3",8,"Darwin 27.0.0 arm64","Apple LLVM 21.0.0 (clang-2100.3.34.2)"," -O3 -DNDEBUG -DPITO_ECS_OWNED_DELETE_ATOMIC=1",8,100000,pito,owned_initialize,ecs_create_owned_sharded,8,0,5,9.356000
aalair,"Apple M3",8,"Darwin 27.0.0 arm64","Apple LLVM 21.0.0 (clang-2100.3.34.2)"," -O3 -DNDEBUG -DPITO_ECS_OWNED_DELETE_ATOMIC=1",8,100000,pito,owned_initialize,ecs_create_owned_sharded,8,0,6,9.717000
aalair,"Apple M3",8,"Darwin 27.0.0 arm64","Apple LLVM 21.0.0 (clang-2100.3.34.2)"," -O3 -DNDEBUG -DPITO_ECS_OWNED_DELETE_ATOMIC=1",8,100000,pito,owned_initialize,ecs_create_owned_sharded,8,0,7,9.363000
aalair,"Apple M3",8,"Darwin 27.0.0 arm64","Apple LLVM 21.0.0 (clang-2100.3.34.2)"," -O3 -DNDEBUG -DPITO_ECS_OWNED_DELETE_ATOMIC=1",8,100000,pito,owned_initialize,ecs_create_owned_sharded,8,0,8,9.453000
aalair,"Apple M3",8,"Darwin 27.0.0 arm64","Apple LLVM 21.0.0 (clang-2100.3.34.2)"," -O3 -DNDEBUG -DPITO_ECS_OWNED_DELETE_ATOMIC=1",8,100000,pito,owned_initialize,ecs_create_owned_sharded,8,0,9,9.629000
aalair,"Apple M3",8,"Darwin 27.0.0 arm64","Apple LLVM 21.0.0 (clang-2100.3.34.2)"," -O3 -DNDEBUG -DPITO_ECS_OWNED_DELETE_ATOMIC=1",8,100000,pito,owned_initialize,ecs_create_owned_sharded,8,0,10,10.226000
aalair,"Apple M3",8,"Darwin 27.0.0 arm64","Apple LLVM 21.0.0 (clang-2100.3.34.2)"," -O3 -DNDEBUG -DPITO_ECS_OWNED_DELETE_ATOMIC=1",8,100000,pito,owned_initialize,ecs_create_owned_sharded,8,0,11,9.793000
aalair,"Apple M3",8,"Darwin 27.0.0 arm64","Apple LLVM 21.0.0 (clang-2100.3.34.2)"," -O3 -DNDEBUG -DPITO_ECS_OWNED_DELETE_ATOMIC=1",8,100000,pito,owned_initialize,ecs_create_owned_sharded,8,0,12,9.677000
aalair,"Apple M3",8,"Darwin 27.0.0 arm64","Apple LLVM 21.0.0 (clang-2100.3.34.2)"," -O3 -DNDEBUG -DPITO_ECS_OWNED_DELETE_ATOMIC=1",8,100000,pito,owned_initialize,ecs_create_owned_sharded,8,0,13,9.571000
aalair,"Apple M3",8,"Darwin 27.0.0 arm64","Apple LLVM 21.0.0 (clang-2100.3.34.2)"," -O3 -DNDEBUG -DPITO_ECS_OWNED_DELETE_ATOMIC=1",8,100000,pito,owned_initialize,ecs_create_owned_sharded,8,0,14,10.106000
aalair,"Apple M3",8,"Darwin 27.0.0 arm64","Apple LLVM 21.0.0 (clang-2100.3.34.2)"," -O3 -DNDEBUG -DPITO_ECS_OWNED_DELETE_ATOMIC=1",8,100000,pito,owned_initialize,ecs_create_owned_sharded,8,0,15,9.483000
aalair,"Apple M3",8,"Darwin 27.0.0 arm64","Apple LLVM 21.0.0 (clang-2100.3.34.2)"," -O3 -DNDEBUG -DPITO_ECS_OWNED_DELETE_ATOMIC=1",8,100000,pito,owned_initialize,ecs_create_owned_sharded,8,0,16,10.164000
aalair,"Apple M3",8,"Darwin 27.0.0 arm64","Apple LLVM 21.0.0 (clang-2100.3.34.2)"," -O3 -DNDEBUG -DPITO_ECS_OWNED_DELETE_ATOMIC=1",8,100000,pito,owned_initialize,ecs_create_owned_sharded,8,0,17,9.779000
aalair,"Apple M3",8,"Darwin 27.0.0 arm64","Apple LLVM 21.0.0 (clang-2100.3.34.2)"," -O3 -DNDEBUG -DPITO_ECS_OWNED_DELETE_ATOMIC=1",8,100000,pito,owned_initialize,ecs_create_owned_sharded,8,10,1,9.772000
aalair,"Apple M3",8,"Darwin 27.0.0 arm64","Apple LLVM 21.0.0 (clang-2100.3.34.2)"," -O3 -DNDEBUG -DPITO_ECS_OWNED_DELETE_ATOMIC=1",8,100000,pito,owned_initialize,ecs_create_owned_sharded,8,10,2,10.050000
aalair,"Apple M3",8,"Darwin 27.0.0 arm64","Apple LLVM 21.0.0 (clang-2100.3.34.2)"," -O3 -DNDEBUG -DPITO_ECS_OWNED_DELETE_ATOMIC=1",8,100000,pito,owned_initialize,ecs_create_owned_sharded,8,10,3,9.750000
aalair,"Apple M3",8,"Darwin 27.0.0 arm64","Apple LLVM 21.0.0 (clang-2100.3.34.2)"," -O3 -DNDEBUG -DPITO_ECS_OWNED_DELETE_ATOMIC=1",8,100000,pito,owned_initialize,ecs_create_owned_sharded,8,10,4,10.663000
aalair,"Apple M3",8,"Darwin 27.0.0 arm64","Apple LLVM 21.0.0 (clang-2100.3.34.2)"," -O3 -DNDEBUG -DPITO_ECS_OWNED_DELETE_ATOMIC=1",8,100000,pito,owned_initialize,ecs_create_owned_sharded,8,10,5,10.015000
aalair,"Apple M3",8,"Darwin 27.0.0 arm64","Apple LLVM 21.0.0 (clang-2100.3.34.2)"," -O3 -DNDEBUG -DPITO_ECS_OWNED_DELETE_ATOMIC=1",8,100000,pito,owned_initialize,ecs_create_owned_sharded,8,10,6,9.712000
aalair,"Apple M3",8,"Darwin 27.0.0 arm64","Apple LLVM 21.0.0 (clang-2100.3.34.2)"," -O3 -DNDEBUG -DPITO_ECS_OWNED_DELETE_ATOMIC=1",8,100000,pito,owned_initialize,ecs_create_owned_sharded,8,10,7,10.259000
aalair,"Apple M3",8,"Darwin 27.0.0 arm64","Apple LLVM 21.0.0 (clang-2100.3.34.2)"," -O3 -DNDEBUG -DPITO_ECS_OWNED_DELETE_ATOMIC=1",8,100000,pito,owned_initialize,ecs_create_owned_sharded,8,10,8,10.291000
aalair,"Apple M3",8,"Darwin 27.0.0 arm64","Apple LLVM 21.0.0 (clang-2100.3.34.2)"," -O3 -DNDEBUG -DPITO_ECS_OWNED_DELETE_ATOMIC=1",8,100000,pito,owned_initialize,ecs_create_owned_sharded,8,10,9,9.873000
aalair,"Apple M3",8,"Darwin 27.0.0 arm64","Apple LLVM 21.0.0 (clang-2100.3.34.2)"," -O3 -DNDEBUG -DPITO_ECS_OWNED_DELETE_ATOMIC=1",8,100000,pito,owned_initialize,ecs_create_owned_sharded,8,10,10,9.678000
aalair,"Apple M3",8,"Darwin 27.0.0 arm64","Apple LLVM 21.0.0 (clang-2100.3.34.2)"," -O3 -DNDEBUG -DPITO_ECS_OWNED_DELETE_ATOMIC=1",8,100000,pito,owned_initialize,ecs_create_owned_sharded,8,10,11,10.018000
aalair,"Apple M3",8,"Darwin 27.0.0 arm64","Apple LLVM 21.0.0 (clang-2100.3.34.2)"," -O3 -DNDEBUG -DPITO_ECS_OWNED_DELETE_ATOMIC=1",8,100000,pito,owned_initialize,ecs_create_owned_sharded,8,50,1,13.519000
aalair,"Apple M3",8,"Darwin 27.0.0 arm64","Apple LLVM 21.0.0 (clang-2100.3.34.2)"," -O3 -DNDEBUG -DPITO_ECS_OWNED_DELETE_ATOMIC=1",8,100000,pito,owned_initialize,ecs_create_owned_sharded,8,50,2,14.364000
aalair,"Apple M3",8,"Darwin 27.0.0 arm64","Apple LLVM 21.0.0 (clang-2100.3.34.2)"," -O3 -DNDEBUG -DPITO_ECS_OWNED_DELETE_ATOMIC=1",8,100000,pito,owned_initialize,ecs_create_owned_sharded,8,50,3,13.847000
aalair,"Apple M3",8,"Darwin 27.0.0 arm64","Apple LLVM 21.0.0 (clang-2100.3.34.2)"," -O3 -DNDEBUG -DPITO_ECS_OWNED_DELETE_ATOMIC=1",8,100000,pito,owned_initialize,ecs_create_owned_sharded,8,50,4,14.046000
aalair,"Apple M3",8,"Darwin 27.0.0 arm64","Apple LLVM 21.0.0 (clang-2100.3.34.2)"," -O3 -DNDEBUG -DPITO_ECS_OWNED_DELETE_ATOMIC=1",8,100000,pito,owned_initialize,ecs_create_owned_sharded,8,50,5,14.034000
aalair,"Apple M3",8,"Darwin 27.0.0 arm64","Apple LLVM 21.0.0 (clang-2100.3.34.2)"," -O3 -DNDEBUG -DPITO_ECS_OWNED_DELETE_ATOMIC=1",8,100000,pito,owned_initialize,ecs_create_owned_sharded,8,50,6,13.395000
aalair,"Apple M3",8,"Darwin 27.0.0 arm64","Apple LLVM 21.0.0 (clang-2100.3.34.2)"," -O3 -DNDEBUG -DPITO_ECS_OWNED_DELETE_ATOMIC=1",8,100000,pito,owned_initialize,ecs_create_owned_sharded,8,50,7,13.869000
aalair,"Apple M3",8,"Darwin 27.0.0 arm64","Apple LLVM 21.0.0 (clang-2100.3.34.2)"," -O3 -DNDEBUG -DPITO_ECS_OWNED_DELETE_ATOMIC=1",8,100000,pito,owned_initialize,ecs_create_owned_sharded,8,50,8,13.428000
aalair,"Apple M3",8,"Darwin 27.0.0 arm64","Apple LLVM 21.0.0 (clang-2100.3.34.2)"," -O3 -DNDEBUG -DPITO_ECS_OWNED_DELETE_ATOMIC=1",8,100000,pito,owned_initialize,ecs_create_owned_sharded,8,50,9,13.964000
aalair,"Apple M3",8,"Darwin 27.0.0 arm64","Apple LLVM 21.0.0 (clang-2100.3.34.2)"," -O3 -DNDEBUG -DPITO_ECS_OWNED_DELETE_ATOMIC=1",8,100000,pito,owned_initialize,ecs_create_owned_sharded,8,50,10,13.986000
aalair,"Apple M3",8,"Darwin 27.0.0 arm64","Apple LLVM 21.0.0 (clang-2100.3.34.2)"," -O3 -DNDEBUG -DPITO_ECS_OWNED_DELETE_ATOMIC=1",8,100000,pito,owned_initialize,ecs_create_owned_sharded,8,500,1,69.278000
aalair,"Apple M3",8,"Darwin 27.0.0 arm64","Apple LLVM 21.0.0 (clang-2100.3.34.2)"," -O3 -DNDEBUG -DPITO_ECS_OWNED_DELETE_ATOMIC=1",8,100000,pito,owned_initialize,ecs_create_owned_sharded,8,500,2,72.056000
aalair,"Apple M3",8,"Darwin 27.0.0 arm64","Apple LLVM 21.0.0 (clang-2100.3.34.2)"," -O3 -DNDEBUG -DPITO_ECS_OWNED_DELETE_ATOMIC=1",8,100000,pito,owned_initialize,ecs_create_owned_sharded,8,500,3,73.894000
aalair,"Apple M3",8,"Darwin 27.0.0 arm64","Apple LLVM 21.0.0 (clang-2100.3.34.2)"," -O3 -DNDEBUG -DPITO_ECS_OWNED_DELETE_ATOMIC=1",8,100000,pito,owned_initialize,ecs_create_owned_sharded,8,500,4,71.248000
aalair,"Apple M3",8,"Darwin 27.0.0 arm64","Apple LLVM 21.0.0 (clang-2100.3.34.2)"," -O3 -DNDEBUG -DPITO_ECS_OWNED_DELETE_ATOMIC=1",8,100000,pito,owned_initialize,ecs_create_owned_sharded,8,500,5,70.728000
aalair,"Apple M3",8,"Darwin 27.0.0 arm64","Apple LLVM 21.0.0 (clang-2100.3.34.2)"," -O3 -DNDEBUG -DPITO_ECS_OWNED_DELETE_ATOMIC=1",8,100000,pito,owned_initialize,ecs_create_owned_sharded,8,500,6,68.972000
aalair,"Apple M3",8,"Darwin 27.0.0 arm64","Apple LLVM 21.0.0 (clang-2100.3.34.2)"," -O3 -DNDEBUG -DPITO_ECS_OWNED_DELETE_ATOMIC=1",8,100000,pito,owned_initialize,ecs_create_owned_sharded,8,500,7,68.897000
aalair,"Apple M3",8,"Darwin 27.0.0 arm64","Apple LLVM 21.0.0 (clang-2100.3.34.2)"," -O3 -DNDEBUG -DPITO_ECS_OWNED_DELETE_ATOMIC=1",8,100000,pito,owned_initialize,ecs_create_owned_sharded,8,500,8,75.427000
aalair,"Apple M3",8,"Darwin 27.0.0 arm64","Apple LLVM 21.0.0 (clang-2100.3.34.2)"," -O3 -DNDEBUG -DPITO_ECS_OWNED_DELETE_ATOMIC=1",8,100000,pito,owned_initialize,ecs_create_owned_sharded,8,500,9,71.559000
aalair,"Apple M3",8,"Darwin 27.0.0 arm64","Apple LLVM 21.0.0 (clang-2100.3.34.2)"," -O3 -DNDEBUG -DPITO_ECS_OWNED_DELETE_ATOMIC=1",8,100000,pito,owned_initialize,ecs_create_owned_sharded,8,500,10,72.728000
aalair,"Apple M3",8,"Darwin 27.0.0 arm64","Apple LLVM 21.0.0 (clang-2100.3.34.2)"," -O3 -DNDEBUG -DPITO_ECS_OWNED_DELETE_ATOMIC=1",8,100000,pito,owned_initialize,ecs_create_owned_sharded,8,500,11,70.965000
aalair,"Apple M3",8,"Darwin 27.0.0 arm64","Apple LLVM 21.0.0 (clang-2100.3.34.2)"," -O3 -DNDEBUG",8,100000,pico,owned_local,,1,0,1,11.145000
aalair,"Apple M3",8,"Darwin 27.0.0 arm64","Apple LLVM 21.0.0 (clang-2100.3.34.2)"," -O3 -DNDEBUG",8,100000,pico,owned_local,,1,0,2,10.801000
aalair,"Apple M3",8,"Darwin 27.0.0 arm64","Apple LLVM 21.0.0 (clang-2100.3.34.2)"," -O3 -DNDEBUG",8,100000,pico,owned_local,,1,0,3,10.760000
aalair,"Apple M3",8,"Darwin 27.0.0 arm64","Apple LLVM 21.0.0 (clang-2100.3.34.2)"," -O3 -DNDEBUG",8,100000,pico,owned_local,,1,0,4,10.786000
aalair,"Apple M3",8,"Darwin 27.0.0 arm64","Apple LLVM 21.0.0 (clang-2100.3.34.2)"," -O3 -DNDEBUG",8,100000,pico,owned_local,,1,0,5,10.787000
aalair,"Apple M3",8,"Darwin 27.0.0 arm64","Apple LLVM 21.0.0 (clang-2100.3.34.2)"," -O3 -DNDEBUG",8,100000,pico,owned_local,,1,0,6,10.764000
aalair,"Apple M3",8,"Darwin 27.0.0 arm64","Apple LLVM 21.0.0 (clang-2100.3.34.2)"," -O3 -DNDEBUG",8,100000,pico,owned_local,,1,0,7,10.769000
aalair,"Apple M3",8,"Darwin 27.0.0 arm64","Apple LLVM 21.0.0 (clang-2100.3.34.2)"," -O3 -DNDEBUG",8,100000,pico,owned_local,,1,0,8,10.794000
aalair,"Apple M3",8,"Darwin 27.0.0 arm64","Apple LLVM 21.0.0 (clang-2100.3.34.2)"," -O3 -DNDEBUG",8,100000,pico,owned_local,,1,0,9,10.753000
aalair,"Apple M3",8,"Darwin 27.0.0 arm64","Apple LLVM 21.0.0 (clang-2100.3.34.2)"," -O3 -DNDEBUG",8,100000,pico,owned_local,,1,0,10,10.760000
aalair,"Apple M3",8,"Darwin 27.0.0 arm64","Apple LLVM 21.0.0 (clang-2100.3.34.2)"," -O3 -DNDEBUG",8,100000,pico,owned_local,,1,10,1,12.587000
aalair,"Apple M3",8,"Darwin 27.0.0 arm64","Apple LLVM 21.0.0 (clang-2100.3.34.2)"," -O3 -DNDEBUG",8,100000,pico,owned_local,,1,10,2,12.541000
aalair,"Apple M3",8,"Darwin 27.0.0 arm64","Apple LLVM 21.0.0 (clang-2100.3.34.2)"," -O3 -DNDEBUG",8,100000,pico,owned_local,,1,10,3,12.399000
aalair,"Apple M3",8,"Darwin 27.0.0 arm64","Apple LLVM 21.0.0 (clang-2100.3.34.2)"," -O3 -DNDEBUG",8,100000,pico,owned_local,,1,10,4,12.732000
aalair,"Apple M3",8,"Darwin 27.0.0 arm64","Apple LLVM 21.0.0 (clang-2100.3.34.2)"," -O3 -DNDEBUG",8,100000,pico,owned_local,,1,10,5,12.627000
aalair,"Apple M3",8,"Darwin 27.0.0 arm64","Apple LLVM 21.0.0 (clang-2100.3.34.2)"," -O3 -DNDEBUG",8,100000,pico,owned_local,,1,10,6,12.553000
aalair,"Apple M3",8,"Darwin 27.0.0 arm64","Apple LLVM 21.0.0 (clang-2100.3.34.2)"," -O3 -DNDEBUG",8,100000,pico,owned_local,,1,10,7,12.576000
aalair,"Apple M3",8,"Darwin 27.0.0 arm64","Apple LLVM 21.0.0 (clang-2100.3.34.2)"," -O3 -DNDEBUG",8,100000,pico,owned_local,,1,10,8,12.580000
aalair,"Apple M3",8,"Darwin 27.0.0 arm64","Apple LLVM 21.0.0 (clang-2100.3.34.2)"," -O3 -DNDEBUG",8,100000,pico,owned_local,,1,10,9,12.564000
aalair,"Apple M3",8,"Darwin 27.0.0 arm64","Apple LLVM 21.0.0 (clang-2100.3.34.2)"," -O3 -DNDEBUG",8,100000,pico,owned_local,,1,10,10,12.561000
aalair,"Apple M3",8,"Darwin 27.0.0 arm64","Apple LLVM 21.0.0 (clang-2100.3.34.2)"," -O3 -DNDEBUG",8,100000,pico,owned_local,,1,50,1,25.936000
aalair,"Apple M3",8,"Darwin 27.0.0 arm64","Apple LLVM 21.0.0 (clang-2100.3.34.2)"," -O3 -DNDEBUG",8,100000,pico,owned_local,,1,50,2,25.891000
aalair,"Apple M3",8,"Darwin 27.0.0 arm64","Apple LLVM 21.0.0 (clang-2100.3.34.2)"," -O3 -DNDEBUG",8,100000,pico,owned_local,,1,50,3,25.946000
aalair,"Apple M3",8,"Darwin 27.0.0 arm64","Apple LLVM 21.0.0 (clang-2100.3.34.2)"," -O3 -DNDEBUG",8,100000,pico,owned_local,,1,50,4,25.967000
aalair,"Apple M3",8,"Darwin 27.0.0 arm64","Apple LLVM 21.0.0 (clang-2100.3.34.2)"," -O3 -DNDEBUG",8,100000,pico,owned_local,,1,50,5,25.935000
aalair,"Apple M3",8,"Darwin 27.0.0 arm64","Apple LLVM 21.0.0 (clang-2100.3.34.2)"," -O3 -DNDEBUG",8,100000,pico,owned_local,,1,50,6,25.926000
aalair,"Apple M3",8,"Darwin 27.0.0 arm64","Apple LLVM 21.0.0 (clang-2100.3.34.2)"," -O3 -DNDEBUG",8,100000,pico,owned_local,,1,50,7,25.898000
aalair,"Apple M3",8,"Darwin 27.0.0 arm64","Apple LLVM 21.0.0 (clang-2100.3.34.2)"," -O3 -DNDEBUG",8,100000,pico,owned_local,,1,50,8,25.891000
aalair,"Apple M3",8,"Darwin 27.0.0 arm64","Apple LLVM 21.0.0 (clang-2100.3.34.2)"," -O3 -DNDEBUG",8,100000,pico,owned_local,,1,50,9,25.931000
aalair,"Apple M3",8,"Darwin 27.0.0 arm64","Apple LLVM 21.0.0 (clang-2100.3.34.2)"," -O3 -DNDEBUG",8,100000,pico,owned_local,,1,50,10,25.923000
aalair,"Apple M3",8,"Darwin 27.0.0 arm64","Apple LLVM 21.0.0 (clang-2100.3.34.2)"," -O3 -DNDEBUG",8,100000,pico,owned_local,,1,500,1,347.050000
aalair,"Apple M3",8,"Darwin 27.0.0 arm64","Apple LLVM 21.0.0 (clang-2100.3.34.2)"," -O3 -DNDEBUG",8,100000,pico,owned_local,,1,500,2,347.110000
aalair,"Apple M3",8,"Darwin 27.0.0 arm64","Apple LLVM 21.0.0 (clang-2100.3.34.2)"," -O3 -DNDEBUG",8,100000,pico,owned_local,,1,500,3,347.253000
aalair,"Apple M3",8,"Darwin 27.0.0 arm64","Apple LLVM 21.0.0 (clang-2100.3.34.2)"," -O3 -DNDEBUG",8,100000,pico,owned_local,,1,500,4,348.226000
aalair,"Apple M3",8,"Darwin 27.0.0 arm64","Apple LLVM 21.0.0 (clang-2100.3.34.2)"," -O3 -DNDEBUG",8,100000,pico,owned_local,,1,500,5,346.931000
aalair,"Apple M3",8,"Darwin 27.0.0 arm64","Apple LLVM 21.0.0 (clang-2100.3.34.2)"," -O3 -DNDEBUG",8,100000,pico,owned_local,,1,500,6,347.166000
aalair,"Apple M3",8,"Darwin 27.0.0 arm64","Apple LLVM 21.0.0 (clang-2100.3.34.2)"," -O3 -DNDEBUG",8,100000,pico,owned_local,,1,500,7,347.102000
aalair,"Apple M3",8,"Darwin 27.0.0 arm64","Apple LLVM 21.0.0 (clang-2100.3.34.2)"," -O3 -DNDEBUG",8,100000,pico,owned_local,,1,500,8,347.006000
aalair,"Apple M3",8,"Darwin 27.0.0 arm64","Apple LLVM 21.0.0 (clang-2100.3.34.2)"," -O3 -DNDEBUG",8,100000,pico,owned_local,,1,500,9,347.240000
aalair,"Apple M3",8,"Darwin 27.0.0 arm64","Apple LLVM 21.0.0 (clang-2100.3.34.2)"," -O3 -DNDEBUG",8,100000,pico,owned_local,,1,500,10,347.689000
aalair,"Apple M3",8,"Darwin 27.0.0 arm64","Apple LLVM 21.0.0 (clang-2100.3.34.2)"," -O3 -DNDEBUG",8,100000,flecs,owned_local,,1,0,1,41.749000
aalair,"Apple M3",8,"Darwin 27.0.0 arm64","Apple LLVM 21.0.0 (clang-2100.3.34.2)"," -O3 -DNDEBUG",8,100000,flecs,owned_local,,1,0,2,41.946000
aalair,"Apple M3",8,"Darwin 27.0.0 arm64","Apple LLVM 21.0.0 (clang-2100.3.34.2)"," -O3 -DNDEBUG",8,100000,flecs,owned_local,,1,0,3,41.779000
aalair,"Apple M3",8,"Darwin 27.0.0 arm64","Apple LLVM 21.0.0 (clang-2100.3.34.2)"," -O3 -DNDEBUG",8,100000,flecs,owned_local,,1,0,4,41.761000
aalair,"Apple M3",8,"Darwin 27.0.0 arm64","Apple LLVM 21.0.0 (clang-2100.3.34.2)"," -O3 -DNDEBUG",8,100000,flecs,owned_local,,1,0,5,42.116000
aalair,"Apple M3",8,"Darwin 27.0.0 arm64","Apple LLVM 21.0.0 (clang-2100.3.34.2)"," -O3 -DNDEBUG",8,100000,flecs,owned_local,,1,0,6,41.781000
aalair,"Apple M3",8,"Darwin 27.0.0 arm64","Apple LLVM 21.0.0 (clang-2100.3.34.2)"," -O3 -DNDEBUG",8,100000,flecs,owned_local,,1,0,7,41.869000
aalair,"Apple M3",8,"Darwin 27.0.0 arm64","Apple LLVM 21.0.0 (clang-2100.3.34.2)"," -O3 -DNDEBUG",8,100000,flecs,owned_local,,1,0,8,41.855000
aalair,"Apple M3",8,"Darwin 27.0.0 arm64","Apple LLVM 21.0.0 (clang-2100.3.34.2)"," -O3 -DNDEBUG",8,100000,flecs,owned_local,,1,0,9,42.013000
aalair,"Apple M3",8,"Darwin 27.0.0 arm64","Apple LLVM 21.0.0 (clang-2100.3.34.2)"," -O3 -DNDEBUG",8,100000,flecs,owned_local,,1,0,10,41.724000
aalair,"Apple M3",8,"Darwin 27.0.0 arm64","Apple LLVM 21.0.0 (clang-2100.3.34.2)"," -O3 -DNDEBUG",8,100000,flecs,owned_local,,1,10,1,47.118000
aalair,"Apple M3",8,"Darwin 27.0.0 arm64","Apple LLVM 21.0.0 (clang-2100.3.34.2)"," -O3 -DNDEBUG",8,100000,flecs,owned_local,,1,10,2,47.323000
aalair,"Apple M3",8,"Darwin 27.0.0 arm64","Apple LLVM 21.0.0 (clang-2100.3.34.2)"," -O3 -DNDEBUG",8,100000,flecs,owned_local,,1,10,3,47.111000
aalair,"Apple M3",8,"Darwin 27.0.0 arm64","Apple LLVM 21.0.0 (clang-2100.3.34.2)"," -O3 -DNDEBUG",8,100000,flecs,owned_local,,1,10,4,47.041000
aalair,"Apple M3",8,"Darwin 27.0.0 arm64","Apple LLVM 21.0.0 (clang-2100.3.34.2)"," -O3 -DNDEBUG",8,100000,flecs,owned_local,,1,10,5,46.949000
aalair,"Apple M3",8,"Darwin 27.0.0 arm64","Apple LLVM 21.0.0 (clang-2100.3.34.2)"," -O3 -DNDEBUG",8,100000,flecs,owned_local,,1,10,6,47.511000
aalair,"Apple M3",8,"Darwin 27.0.0 arm64","Apple LLVM 21.0.0 (clang-2100.3.34.2)"," -O3 -DNDEBUG",8,100000,flecs,owned_local,,1,10,7,46.842000
aalair,"Apple M3",8,"Darwin 27.0.0 arm64","Apple LLVM 21.0.0 (clang-2100.3.34.2)"," -O3 -DNDEBUG",8,100000,flecs,owned_local,,1,10,8,47.532000
aalair,"Apple M3",8,"Darwin 27.0.0 arm64","Apple LLVM 21.0.0 (clang-2100.3.34.2)"," -O3 -DNDEBUG",8,100000,flecs,owned_local,,1,10,9,47.101000
aalair,"Apple M3",8,"Darwin 27.0.0 arm64","Apple LLVM 21.0.0 (clang-2100.3.34.2)"," -O3 -DNDEBUG",8,100000,flecs,owned_local,,1,10,10,46.824000
aalair,"Apple M3",8,"Darwin 27.0.0 arm64","Apple LLVM 21.0.0 (clang-2100.3.34.2)"," -O3 -DNDEBUG",8,100000,flecs,owned_local,,1,50,1,63.028000
aalair,"Apple M3",8,"Darwin 27.0.0 arm64","Apple LLVM 21.0.0 (clang-2100.3.34.2)"," -O3 -DNDEBUG",8,100000,flecs,owned_local,,1,50,2,63.032000
aalair,"Apple M3",8,"Darwin 27.0.0 arm64","Apple LLVM 21.0.0 (clang-2100.3.34.2)"," -O3 -DNDEBUG",8,100000,flecs,owned_local,,1,50,3,63.026000
aalair,"Apple M3",8,"Darwin 27.0.0 arm64","Apple LLVM 21.0.0 (clang-2100.3.34.2)"," -O3 -DNDEBUG",8,100000,flecs,owned_local,,1,50,4,63.203000
aalair,"Apple M3",8,"Darwin 27.0.0 arm64","Apple LLVM 21.0.0 (clang-2100.3.34.2)"," -O3 -DNDEBUG",8,100000,flecs,owned_local,,1,50,5,62.953000
aalair,"Apple M3",8,"Darwin 27.0.0 arm64","Apple LLVM 21.0.0 (clang-2100.3.34.2)"," -O3 -DNDEBUG",8,100000,flecs,owned_local,,1,50,6,63.293000
aalair,"Apple M3",8,"Darwin 27.0.0 arm64","Apple LLVM 21.0.0 (clang-2100.3.34.2)"," -O3 -DNDEBUG",8,100000,flecs,owned_local,,1,50,7,63.013000
aalair,"Apple M3",8,"Darwin 27.0.0 arm64","Apple LLVM 21.0.0 (clang-2100.3.34.2)"," -O3 -DNDEBUG",8,100000,flecs,owned_local,,1,50,8,63.008000
aalair,"Apple M3",8,"Darwin 27.0.0 arm64","Apple LLVM 21.0.0 (clang-2100.3.34.2)"," -O3 -DNDEBUG",8,100000,flecs,owned_local,,1,50,9,62.985000
aalair,"Apple M3",8,"Darwin 27.0.0 arm64","Apple LLVM 21.0.0 (clang-2100.3.34.2)"," -O3 -DNDEBUG",8,100000,flecs,owned_local,,1,50,10,63.152000
aalair,"Apple M3",8,"Darwin 27.0.0 arm64","Apple LLVM 21.0.0 (clang-2100.3.34.2)"," -O3 -DNDEBUG",8,100000,flecs,owned_local,,1,500,1,410.940000
aalair,"Apple M3",8,"Darwin 27.0.0 arm64","Apple LLVM 21.0.0 (clang-2100.3.34.2)"," -O3 -DNDEBUG",8,100000,flecs,owned_local,,1,500,2,410.926000
aalair,"Apple M3",8,"Darwin 27.0.0 arm64","Apple LLVM 21.0.0 (clang-2100.3.34.2)"," -O3 -DNDEBUG",8,100000,flecs,owned_local,,1,500,3,410.767000
aalair,"Apple M3",8,"Darwin 27.0.0 arm64","Apple LLVM 21.0.0 (clang-2100.3.34.2)"," -O3 -DNDEBUG",8,100000,flecs,owned_local,,1,500,4,410.659000
aalair,"Apple M3",8,"Darwin 27.0.0 arm64","Apple LLVM 21.0.0 (clang-2100.3.34.2)"," -O3 -DNDEBUG",8,100000,flecs,owned_local,,1,500,5,410.639000
aalair,"Apple M3",8,"Darwin 27.0.0 arm64","Apple LLVM 21.0.0 (clang-2100.3.34.2)"," -O3 -DNDEBUG",8,100000,flecs,owned_local,,1,500,6,410.569000
aalair,"Apple M3",8,"Darwin 27.0.0 arm64","Apple LLVM 21.0.0 (clang-2100.3.34.2)"," -O3 -DNDEBUG",8,100000,flecs,owned_local,,1,500,7,410.841000
aalair,"Apple M3",8,"Darwin 27.0.0 arm64","Apple LLVM 21.0.0 (clang-2100.3.34.2)"," -O3 -DNDEBUG",8,100000,flecs,owned_local,,1,500,8,410.912000
aalair,"Apple M3",8,"Darwin 27.0.0 arm64","Apple LLVM 21.0.0 (clang-2100.3.34.2)"," -O3 -DNDEBUG",8,100000,flecs,owned_local,,1,500,9,422.754000
aalair,"Apple M3",8,"Darwin 27.0.0 arm64","Apple LLVM 21.0.0 (clang-2100.3.34.2)"," -O3 -DNDEBUG",8,100000,flecs,owned_local,,1,500,10,410.634000
aalair,"Apple M3",8,"Darwin 27.0.0 arm64","Apple LLVM 21.0.0 (clang-2100.3.34.2)"," -O3 -DNDEBUG",8,100000,pito,owned_local,ecs_sync_owned,1,0,1,26.516000
aalair,"Apple M3",8,"Darwin 27.0.0 arm64","Apple LLVM 21.0.0 (clang-2100.3.34.2)"," -O3 -DNDEBUG",8,100000,pito,owned_local,ecs_sync_owned,1,0,2,26.229000
aalair,"Apple M3",8,"Darwin 27.0.0 arm64","Apple LLVM 21.0.0 (clang-2100.3.34.2)"," -O3 -DNDEBUG",8,100000,pito,owned_local,ecs_sync_owned,1,0,3,26.229000
aalair,"Apple M3",8,"Darwin 27.0.0 arm64","Apple LLVM 21.0.0 (clang-2100.3.34.2)"," -O3 -DNDEBUG",8,100000,pito,owned_local,ecs_sync_owned,1,0,4,26.247000
aalair,"Apple M3",8,"Darwin 27.0.0 arm64","Apple LLVM 21.0.0 (clang-2100.3.34.2)"," -O3 -DNDEBUG",8,100000,pito,owned_local,ecs_sync_owned,1,0,5,26.227000
aalair,"Apple M3",8,"Darwin 27.0.0 arm64","Apple LLVM 21.0.0 (clang-2100.3.34.2)"," -O3 -DNDEBUG",8,100000,pito,owned_local,ecs_sync_owned,1,0,6,26.248000
aalair,"Apple M3",8,"Darwin 27.0.0 arm64","Apple LLVM 21.0.0 (clang-2100.3.34.2)"," -O3 -DNDEBUG",8,100000,pito,owned_local,ecs_sync_owned,1,0,7,26.304000
aalair,"Apple M3",8,"Darwin 27.0.0 arm64","Apple LLVM 21.0.0 (clang-2100.3.34.2)"," -O3 -DNDEBUG",8,100000,pito,owned_local,ecs_sync_owned,1,0,8,26.266000
aalair,"Apple M3",8,"Darwin 27.0.0 arm64","Apple LLVM 21.0.0 (clang-2100.3.34.2)"," -O3 -DNDEBUG",8,100000,pito,owned_local,ecs_sync_owned,1,0,9,26.235000
aalair,"Apple M3",8,"Darwin 27.0.0 arm64","Apple LLVM 21.0.0 (clang-2100.3.34.2)"," -O3 -DNDEBUG",8,100000,pito,owned_local,ecs_sync_owned,1,0,10,26.246000
aalair,"Apple M3",8,"Darwin 27.0.0 arm64","Apple LLVM 21.0.0 (clang-2100.3.34.2)"," -O3 -DNDEBUG",8,100000,pito,owned_local,ecs_sync_owned,1,10,1,28.562000
aalair,"Apple M3",8,"Darwin 27.0.0 arm64","Apple LLVM 21.0.0 (clang-2100.3.34.2)"," -O3 -DNDEBUG",8,100000,pito,owned_local,ecs_sync_owned,1,10,2,28.355000
aalair,"Apple M3",8,"Darwin 27.0.0 arm64","Apple LLVM 21.0.0 (clang-2100.3.34.2)"," -O3 -DNDEBUG",8,100000,pito,owned_local,ecs_sync_owned,1,10,3,28.549000
aalair,"Apple M3",8,"Darwin 27.0.0 arm64","Apple LLVM 21.0.0 (clang-2100.3.34.2)"," -O3 -DNDEBUG",8,100000,pito,owned_local,ecs_sync_owned,1,10,4,28.347000
aalair,"Apple M3",8,"Darwin 27.0.0 arm64","Apple LLVM 21.0.0 (clang-2100.3.34.2)"," -O3 -DNDEBUG",8,100000,pito,owned_local,ecs_sync_owned,1,10,5,28.593000
aalair,"Apple M3",8,"Darwin 27.0.0 arm64","Apple LLVM 21.0.0 (clang-2100.3.34.2)"," -O3 -DNDEBUG",8,100000,pito,owned_local,ecs_sync_owned,1,10,6,28.548000
aalair,"Apple M3",8,"Darwin 27.0.0 arm64","Apple LLVM 21.0.0 (clang-2100.3.34.2)"," -O3 -DNDEBUG",8,100000,pito,owned_local,ecs_sync_owned,1,10,7,28.564000
aalair,"Apple M3",8,"Darwin 27.0.0 arm64","Apple LLVM 21.0.0 (clang-2100.3.34.2)"," -O3 -DNDEBUG",8,100000,pito,owned_local,ecs_sync_owned,1,10,8,28.554000
aalair,"Apple M3",8,"Darwin 27.0.0 arm64","Apple LLVM 21.0.0 (clang-2100.3.34.2)"," -O3 -DNDEBUG",8,100000,pito,owned_local,ecs_sync_owned,1,10,9,28.565000
aalair,"Apple M3",8,"Darwin 27.0.0 arm64","Apple LLVM 21.0.0 (clang-2100.3.34.2)"," -O3 -DNDEBUG",8,100000,pito,owned_local,ecs_sync_owned,1,10,10,28.579000
aalair,"Apple M3",8,"Darwin 27.0.0 arm64","Apple LLVM 21.0.0 (clang-2100.3.34.2)"," -O3 -DNDEBUG",8,100000,pito,owned_local,ecs_sync_owned,1,50,1,42.054000
aalair,"Apple M3",8,"Darwin 27.0.0 arm64","Apple LLVM 21.0.0 (clang-2100.3.34.2)"," -O3 -DNDEBUG",8,100000,pito,owned_local,ecs_sync_owned,1,50,2,42.425000
aalair,"Apple M3",8,"Darwin 27.0.0 arm64","Apple LLVM 21.0.0 (clang-2100.3.34.2)"," -O3 -DNDEBUG",8,100000,pito,owned_local,ecs_sync_owned,1,50,3,42.147000
aalair,"Apple M3",8,"Darwin 27.0.0 arm64","Apple LLVM 21.0.0 (clang-2100.3.34.2)"," -O3 -DNDEBUG",8,100000,pito,owned_local,ecs_sync_owned,1,50,4,42.136000
aalair,"Apple M3",8,"Darwin 27.0.0 arm64","Apple LLVM 21.0.0 (clang-2100.3.34.2)"," -O3 -DNDEBUG",8,100000,pito,owned_local,ecs_sync_owned,1,50,5,41.987000
aalair,"Apple M3",8,"Darwin 27.0.0 arm64","Apple LLVM 21.0.0 (clang-2100.3.34.2)"," -O3 -DNDEBUG",8,100000,pito,owned_local,ecs_sync_owned,1,50,6,41.867000
aalair,"Apple M3",8,"Darwin 27.0.0 arm64","Apple LLVM 21.0.0 (clang-2100.3.34.2)"," -O3 -DNDEBUG",8,100000,pito,owned_local,ecs_sync_owned,1,50,7,41.991000
aalair,"Apple M3",8,"Darwin 27.0.0 arm64","Apple LLVM 21.0.0 (clang-2100.3.34.2)"," -O3 -DNDEBUG",8,100000,pito,owned_local,ecs_sync_owned,1,50,8,41.993000
aalair,"Apple M3",8,"Darwin 27.0.0 arm64","Apple LLVM 21.0.0 (clang-2100.3.34.2)"," -O3 -DNDEBUG",8,100000,pito,owned_local,ecs_sync_owned,1,50,9,41.992000
aalair,"Apple M3",8,"Darwin 27.0.0 arm64","Apple LLVM 21.0.0 (clang-2100.3.34.2)"," -O3 -DNDEBUG",8,100000,pito,owned_local,ecs_sync_owned,1,50,10,41.850000
aalair,"Apple M3",8,"Darwin 27.0.0 arm64","Apple LLVM 21.0.0 (clang-2100.3.34.2)"," -O3 -DNDEBUG",8,100000,pito,owned_local,ecs_sync_owned,1,500,1,366.309000
aalair,"Apple M3",8,"Darwin 27.0.0 arm64","Apple LLVM 21.0.0 (clang-2100.3.34.2)"," -O3 -DNDEBUG",8,100000,pito,owned_local,ecs_sync_owned,1,500,2,366.374000
aalair,"Apple M3",8,"Darwin 27.0.0 arm64","Apple LLVM 21.0.0 (clang-2100.3.34.2)"," -O3 -DNDEBUG",8,100000,pito,owned_local,ecs_sync_owned,1,500,3,366.390000
aalair,"Apple M3",8,"Darwin 27.0.0 arm64","Apple LLVM 21.0.0 (clang-2100.3.34.2)"," -O3 -DNDEBUG",8,100000,pito,owned_local,ecs_sync_owned,1,500,4,366.858000
aalair,"Apple M3",8,"Darwin 27.0.0 arm64","Apple LLVM 21.0.0 (clang-2100.3.34.2)"," -O3 -DNDEBUG",8,100000,pito,owned_local,ecs_sync_owned,1,500,5,366.372000
aalair,"Apple M3",8,"Darwin 27.0.0 arm64","Apple LLVM 21.0.0 (clang-2100.3.34.2)"," -O3 -DNDEBUG",8,100000,pito,owned_local,ecs_sync_owned,1,500,6,366.213000
aalair,"Apple M3",8,"Darwin 27.0.0 arm64","Apple LLVM 21.0.0 (clang-2100.3.34.2)"," -O3 -DNDEBUG",8,100000,pito,owned_local,ecs_sync_owned,1,500,7,366.231000
aalair,"Apple M3",8,"Darwin 27.0.0 arm64","Apple LLVM 21.0.0 (clang-2100.3.34.2)"," -O3 -DNDEBUG",8,100000,pito,owned_local,ecs_sync_owned,1,500,8,366.436000
aalair,"Apple M3",8,"Darwin 27.0.0 arm64","Apple LLVM 21.0.0 (clang-2100.3.34.2)"," -O3 -DNDEBUG",8,100000,pito,owned_local,ecs_sync_owned,1,500,9,366.886000
aalair,"Apple M3",8,"Darwin 27.0.0 arm64","Apple LLVM 21.0.0 (clang-2100.3.34.2)"," -O3 -DNDEBUG",8,100000,pito,owned_local,ecs_sync_owned,1,500,10,366.453000
aalair,"Apple M3",8,"Darwin 27.0.0 arm64","Apple LLVM 21.0.0 (clang-2100.3.34.2)"," -O3 -DNDEBUG",8,100000,pito,owned_local,ecs_sync_owned,2,0,1,25.143000
aalair,"Apple M3",8,"Darwin 27.0.0 arm64","Apple LLVM 21.0.0 (clang-2100.3.34.2)"," -O3 -DNDEBUG",8,100000,pito,owned_local,ecs_sync_owned,2,0,2,25.089000
aalair,"Apple M3",8,"Darwin 27.0.0 arm64","Apple LLVM 21.0.0 (clang-2100.3.34.2)"," -O3 -DNDEBUG",8,100000,pito,owned_local,ecs_sync_owned,2,0,3,25.097000
aalair,"Apple M3",8,"Darwin 27.0.0 arm64","Apple LLVM 21.0.0 (clang-2100.3.34.2)"," -O3 -DNDEBUG",8,100000,pito,owned_local,ecs_sync_owned,2,0,4,25.040000
aalair,"Apple M3",8,"Darwin 27.0.0 arm64","Apple LLVM 21.0.0 (clang-2100.3.34.2)"," -O3 -DNDEBUG",8,100000,pito,owned_local,ecs_sync_owned,2,0,5,25.080000
aalair,"Apple M3",8,"Darwin 27.0.0 arm64","Apple LLVM 21.0.0 (clang-2100.3.34.2)"," -O3 -DNDEBUG",8,100000,pito,owned_local,ecs_sync_owned,2,0,6,25.052000
aalair,"Apple M3",8,"Darwin 27.0.0 arm64","Apple LLVM 21.0.0 (clang-2100.3.34.2)"," -O3 -DNDEBUG",8,100000,pito,owned_local,ecs_sync_owned,2,0,7,25.089000
aalair,"Apple M3",8,"Darwin 27.0.0 arm64","Apple LLVM 21.0.0 (clang-2100.3.34.2)"," -O3 -DNDEBUG",8,100000,pito,owned_local,ecs_sync_owned,2,0,8,25.092000
aalair,"Apple M3",8,"Darwin 27.0.0 arm64","Apple LLVM 21.0.0 (clang-2100.3.34.2)"," -O3 -DNDEBUG",8,100000,pito,owned_local,ecs_sync_owned,2,0,9,25.088000
aalair,"Apple M3",8,"Darwin 27.0.0 arm64","Apple LLVM 21.0.0 (clang-2100.3.34.2)"," -O3 -DNDEBUG",8,100000,pito,owned_local,ecs_sync_owned,2,0,10,25.063000
aalair,"Apple M3",8,"Darwin 27.0.0 arm64","Apple LLVM 21.0.0 (clang-2100.3.34.2)"," -O3 -DNDEBUG",8,100000,pito,owned_local,ecs_sync_owned,2,10,1,26.353000
aalair,"Apple M3",8,"Darwin 27.0.0 arm64","Apple LLVM 21.0.0 (clang-2100.3.34.2)"," -O3 -DNDEBUG",8,100000,pito,owned_local,ecs_sync_owned,2,10,2,26.349000
aalair,"Apple M3",8,"Darwin 27.0.0 arm64","Apple LLVM 21.0.0 (clang-2100.3.34.2)"," -O3 -DNDEBUG",8,100000,pito,owned_local,ecs_sync_owned,2,10,3,26.343000
aalair,"Apple M3",8,"Darwin 27.0.0 arm64","Apple LLVM 21.0.0 (clang-2100.3.34.2)"," -O3 -DNDEBUG",8,100000,pito,owned_local,ecs_sync_owned,2,10,4,26.385000
aalair,"Apple M3",8,"Darwin 27.0.0 arm64","Apple LLVM 21.0.0 (clang-2100.3.34.2)"," -O3 -DNDEBUG",8,100000,pito,owned_local,ecs_sync_owned,2,10,5,26.342000
aalair,"Apple M3",8,"Darwin 27.0.0 arm64","Apple LLVM 21.0.0 (clang-2100.3.34.2)"," -O3 -DNDEBUG",8,100000,pito,owned_local,ecs_sync_owned,2,10,6,26.354000
aalair,"Apple M3",8,"Darwin 27.0.0 arm64","Apple LLVM 21.0.0 (clang-2100.3.34.2)"," -O3 -DNDEBUG",8,100000,pito,owned_local,ecs_sync_owned,2,10,7,26.257000
aalair,"Apple M3",8,"Darwin 27.0.0 arm64","Apple LLVM 21.0.0 (clang-2100.3.34.2)"," -O3 -DNDEBUG",8,100000,pito,owned_local,ecs_sync_owned,2,10,8,26.360000
aalair,"Apple M3",8,"Darwin 27.0.0 arm64","Apple LLVM 21.0.0 (clang-2100.3.34.2)"," -O3 -DNDEBUG",8,100000,pito,owned_local,ecs_sync_owned,2,10,9,26.327000
aalair,"Apple M3",8,"Darwin 27.0.0 arm64","Apple LLVM 21.0.0 (clang-2100.3.34.2)"," -O3 -DNDEBUG",8,100000,pito,owned_local,ecs_sync_owned,2,10,10,26.249000
aalair,"Apple M3",8,"Darwin 27.0.0 arm64","Apple LLVM 21.0.0 (clang-2100.3.34.2)"," -O3 -DNDEBUG",8,100000,pito,owned_local,ecs_sync_owned,2,50,1,33.117000
aalair,"Apple M3",8,"Darwin 27.0.0 arm64","Apple LLVM 21.0.0 (clang-2100.3.34.2)"," -O3 -DNDEBUG",8,100000,pito,owned_local,ecs_sync_owned,2,50,2,33.207000
aalair,"Apple M3",8,"Darwin 27.0.0 arm64","Apple LLVM 21.0.0 (clang-2100.3.34.2)"," -O3 -DNDEBUG",8,100000,pito,owned_local,ecs_sync_owned,2,50,3,33.195000
aalair,"Apple M3",8,"Darwin 27.0.0 arm64","Apple LLVM 21.0.0 (clang-2100.3.34.2)"," -O3 -DNDEBUG",8,100000,pito,owned_local,ecs_sync_owned,2,50,4,33.219000
aalair,"Apple M3",8,"Darwin 27.0.0 arm64","Apple LLVM 21.0.0 (clang-2100.3.34.2)"," -O3 -DNDEBUG",8,100000,pito,owned_local,ecs_sync_owned,2,50,5,33.308000
aalair,"Apple M3",8,"Darwin 27.0.0 arm64","Apple LLVM 21.0.0 (clang-2100.3.34.2)"," -O3 -DNDEBUG",8,100000,pito,owned_local,ecs_sync_owned,2,50,6,33.188000
aalair,"Apple M3",8,"Darwin 27.0.0 arm64","Apple LLVM 21.0.0 (clang-2100.3.34.2)"," -O3 -DNDEBUG",8,100000,pito,owned_local,ecs_sync_owned,2,50,7,33.182000
aalair,"Apple M3",8,"Darwin 27.0.0 arm64","Apple LLVM 21.0.0 (clang-2100.3.34.2)"," -O3 -DNDEBUG",8,100000,pito,owned_local,ecs_sync_owned,2,50,8,33.242000
aalair,"Apple M3",8,"Darwin 27.0.0 arm64","Apple LLVM 21.0.0 (clang-2100.3.34.2)"," -O3 -DNDEBUG",8,100000,pito,owned_local,ecs_sync_owned,2,50,9,33.183000
aalair,"Apple M3",8,"Darwin 27.0.0 arm64","Apple LLVM 21.0.0 (clang-2100.3.34.2)"," -O3 -DNDEBUG",8,100000,pito,owned_local,ecs_sync_owned,2,50,10,33.182000
aalair,"Apple M3",8,"Darwin 27.0.0 arm64","Apple LLVM 21.0.0 (clang-2100.3.34.2)"," -O3 -DNDEBUG",8,100000,pito,owned_local,ecs_sync_owned,2,500,1,199.654000
aalair,"Apple M3",8,"Darwin 27.0.0 arm64","Apple LLVM 21.0.0 (clang-2100.3.34.2)"," -O3 -DNDEBUG",8,100000,pito,owned_local,ecs_sync_owned,2,500,2,199.853000
aalair,"Apple M3",8,"Darwin 27.0.0 arm64","Apple LLVM 21.0.0 (clang-2100.3.34.2)"," -O3 -DNDEBUG",8,100000,pito,owned_local,ecs_sync_owned,2,500,3,199.600000
aalair,"Apple M3",8,"Darwin 27.0.0 arm64","Apple LLVM 21.0.0 (clang-2100.3.34.2)"," -O3 -DNDEBUG",8,100000,pito,owned_local,ecs_sync_owned,2,500,4,199.641000
aalair,"Apple M3",8,"Darwin 27.0.0 arm64","Apple LLVM 21.0.0 (clang-2100.3.34.2)"," -O3 -DNDEBUG",8,100000,pito,owned_local,ecs_sync_owned,2,500,5,199.666000
aalair,"Apple M3",8,"Darwin 27.0.0 arm64","Apple LLVM 21.0.0 (clang-2100.3.34.2)"," -O3 -DNDEBUG",8,100000,pito,owned_local,ecs_sync_owned,2,500,6,199.575000
aalair,"Apple M3",8,"Darwin 27.0.0 arm64","Apple LLVM 21.0.0 (clang-2100.3.34.2)"," -O3 -DNDEBUG",8,100000,pito,owned_local,ecs_sync_owned,2,500,7,199.586000
aalair,"Apple M3",8,"Darwin 27.0.0 arm64","Apple LLVM 21.0.0 (clang-2100.3.34.2)"," -O3 -DNDEBUG",8,100000,pito,owned_local,ecs_sync_owned,2,500,8,201.273000
aalair,"Apple M3",8,"Darwin 27.0.0 arm64","Apple LLVM 21.0.0 (clang-2100.3.34.2)"," -O3 -DNDEBUG",8,100000,pito,owned_local,ecs_sync_owned,2,500,9,199.587000
aalair,"Apple M3",8,"Darwin 27.0.0 arm64","Apple LLVM 21.0.0 (clang-2100.3.34.2)"," -O3 -DNDEBUG",8,100000,pito,owned_local,ecs_sync_owned,2,500,10,199.720000
aalair,"Apple M3",8,"Darwin 27.0.0 arm64","Apple LLVM 21.0.0 (clang-2100.3.34.2)"," -O3 -DNDEBUG",8,100000,pito,owned_local,ecs_sync_owned,4,0,1,24.961000
aalair,"Apple M3",8,"Darwin 27.0.0 arm64","Apple LLVM 21.0.0 (clang-2100.3.34.2)"," -O3 -DNDEBUG",8,100000,pito,owned_local,ecs_sync_owned,4,0,2,24.943000
aalair,"Apple M3",8,"Darwin 27.0.0 arm64","Apple LLVM 21.0.0 (clang-2100.3.34.2)"," -O3 -DNDEBUG",8,100000,pito,owned_local,ecs_sync_owned,4,0,3,24.943000
aalair,"Apple M3",8,"Darwin 27.0.0 arm64","Apple LLVM 21.0.0 (clang-2100.3.34.2)"," -O3 -DNDEBUG",8,100000,pito,owned_local,ecs_sync_owned,4,0,4,24.938000
aalair,"Apple M3",8,"Darwin 27.0.0 arm64","Apple LLVM 21.0.0 (clang-2100.3.34.2)"," -O3 -DNDEBUG",8,100000,pito,owned_local,ecs_sync_owned,4,0,5,24.912000
aalair,"Apple M3",8,"Darwin 27.0.0 arm64","Apple LLVM 21.0.0 (clang-2100.3.34.2)"," -O3 -DNDEBUG",8,100000,pito,owned_local,ecs_sync_owned,4,0,6,24.964000
aalair,"Apple M3",8,"Darwin 27.0.0 arm64","Apple LLVM 21.0.0 (clang-2100.3.34.2)"," -O3 -DNDEBUG",8,100000,pito,owned_local,ecs_sync_owned,4,0,7,24.945000
aalair,"Apple M3",8,"Darwin 27.0.0 arm64","Apple LLVM 21.0.0 (clang-2100.3.34.2)"," -O3 -DNDEBUG",8,100000,pito,owned_local,ecs_sync_owned,4,0,8,24.942000
aalair,"Apple M3",8,"Darwin 27.0.0 arm64","Apple LLVM 21.0.0 (clang-2100.3.34.2)"," -O3 -DNDEBUG",8,100000,pito,owned_local,ecs_sync_owned,4,0,9,24.975000
aalair,"Apple M3",8,"Darwin 27.0.0 arm64","Apple LLVM 21.0.0 (clang-2100.3.34.2)"," -O3 -DNDEBUG",8,100000,pito,owned_local,ecs_sync_owned,4,0,10,24.936000
aalair,"Apple M3",8,"Darwin 27.0.0 arm64","Apple LLVM 21.0.0 (clang-2100.3.34.2)"," -O3 -DNDEBUG",8,100000,pito,owned_local,ecs_sync_owned,4,10,1,25.862000
aalair,"Apple M3",8,"Darwin 27.0.0 arm64","Apple LLVM 21.0.0 (clang-2100.3.34.2)"," -O3 -DNDEBUG",8,100000,pito,owned_local,ecs_sync_owned,4,10,2,26.076000
aalair,"Apple M3",8,"Darwin 27.0.0 arm64","Apple LLVM 21.0.0 (clang-2100.3.34.2)"," -O3 -DNDEBUG",8,100000,pito,owned_local,ecs_sync_owned,4,10,3,27.162000
aalair,"Apple M3",8,"Darwin 27.0.0 arm64","Apple LLVM 21.0.0 (clang-2100.3.34.2)"," -O3 -DNDEBUG",8,100000,pito,owned_local,ecs_sync_owned,4,10,4,25.765000
aalair,"Apple M3",8,"Darwin 27.0.0 arm64","Apple LLVM 21.0.0 (clang-2100.3.34.2)"," -O3 -DNDEBUG",8,100000,pito,owned_local,ecs_sync_owned,4,10,5,25.798000
aalair,"Apple M3",8,"Darwin 27.0.0 arm64","Apple LLVM 21.0.0 (clang-2100.3.34.2)"," -O3 -DNDEBUG",8,100000,pito,owned_local,ecs_sync_owned,4,10,6,25.773000
aalair,"Apple M3",8,"Darwin 27.0.0 arm64","Apple LLVM 21.0.0 (clang-2100.3.34.2)"," -O3 -DNDEBUG",8,100000,pito,owned_local,ecs_sync_owned,4,10,7,25.806000
aalair,"Apple M3",8,"Darwin 27.0.0 arm64","Apple LLVM 21.0.0 (clang-2100.3.34.2)"," -O3 -DNDEBUG",8,100000,pito,owned_local,ecs_sync_owned,4,10,8,25.822000
aalair,"Apple M3",8,"Darwin 27.0.0 arm64","Apple LLVM 21.0.0 (clang-2100.3.34.2)"," -O3 -DNDEBUG",8,100000,pito,owned_local,ecs_sync_owned,4,10,9,25.809000
aalair,"Apple M3",8,"Darwin 27.0.0 arm64","Apple LLVM 21.0.0 (clang-2100.3.34.2)"," -O3 -DNDEBUG",8,100000,pito,owned_local,ecs_sync_owned,4,10,10,25.874000
aalair,"Apple M3",8,"Darwin 27.0.0 arm64","Apple LLVM 21.0.0 (clang-2100.3.34.2)"," -O3 -DNDEBUG",8,100000,pito,owned_local,ecs_sync_owned,4,10,11,25.857000
aalair,"Apple M3",8,"Darwin 27.0.0 arm64","Apple LLVM 21.0.0 (clang-2100.3.34.2)"," -O3 -DNDEBUG",8,100000,pito,owned_local,ecs_sync_owned,4,50,1,29.425000
aalair,"Apple M3",8,"Darwin 27.0.0 arm64","Apple LLVM 21.0.0 (clang-2100.3.34.2)"," -O3 -DNDEBUG",8,100000,pito,owned_local,ecs_sync_owned,4,50,2,29.338000
aalair,"Apple M3",8,"Darwin 27.0.0 arm64","Apple LLVM 21.0.0 (clang-2100.3.34.2)"," -O3 -DNDEBUG",8,100000,pito,owned_local,ecs_sync_owned,4,50,3,29.602000
aalair,"Apple M3",8,"Darwin 27.0.0 arm64","Apple LLVM 21.0.0 (clang-2100.3.34.2)"," -O3 -DNDEBUG",8,100000,pito,owned_local,ecs_sync_owned,4,50,4,29.615000
aalair,"Apple M3",8,"Darwin 27.0.0 arm64","Apple LLVM 21.0.0 (clang-2100.3.34.2)"," -O3 -DNDEBUG",8,100000,pito,owned_local,ecs_sync_owned,4,50,5,29.680000
aalair,"Apple M3",8,"Darwin 27.0.0 arm64","Apple LLVM 21.0.0 (clang-2100.3.34.2)"," -O3 -DNDEBUG",8,100000,pito,owned_local,ecs_sync_owned,4,50,6,29.677000
aalair,"Apple M3",8,"Darwin 27.0.0 arm64","Apple LLVM 21.0.0 (clang-2100.3.34.2)"," -O3 -DNDEBUG",8,100000,pito,owned_local,ecs_sync_owned,4,50,7,29.677000
aalair,"Apple M3",8,"Darwin 27.0.0 arm64","Apple LLVM 21.0.0 (clang-2100.3.34.2)"," -O3 -DNDEBUG",8,100000,pito,owned_local,ecs_sync_owned,4,50,8,29.610000
aalair,"Apple M3",8,"Darwin 27.0.0 arm64","Apple LLVM 21.0.0 (clang-2100.3.34.2)"," -O3 -DNDEBUG",8,100000,pito,owned_local,ecs_sync_owned,4,50,9,29.737000
aalair,"Apple M3",8,"Darwin 27.0.0 arm64","Apple LLVM 21.0.0 (clang-2100.3.34.2)"," -O3 -DNDEBUG",8,100000,pito,owned_local,ecs_sync_owned,4,50,10,32.247000
aalair,"Apple M3",8,"Darwin 27.0.0 arm64","Apple LLVM 21.0.0 (clang-2100.3.34.2)"," -O3 -DNDEBUG",8,100000,pito,owned_local,ecs_sync_owned,4,50,11,29.627000
aalair,"Apple M3",8,"Darwin 27.0.0 arm64","Apple LLVM 21.0.0 (clang-2100.3.34.2)"," -O3 -DNDEBUG",8,100000,pito,owned_local,ecs_sync_owned,4,500,1,119.200000
aalair,"Apple M3",8,"Darwin 27.0.0 arm64","Apple LLVM 21.0.0 (clang-2100.3.34.2)"," -O3 -DNDEBUG",8,100000,pito,owned_local,ecs_sync_owned,4,500,2,119.214000
aalair,"Apple M3",8,"Darwin 27.0.0 arm64","Apple LLVM 21.0.0 (clang-2100.3.34.2)"," -O3 -DNDEBUG",8,100000,pito,owned_local,ecs_sync_owned,4,500,3,119.242000
aalair,"Apple M3",8,"Darwin 27.0.0 arm64","Apple LLVM 21.0.0 (clang-2100.3.34.2)"," -O3 -DNDEBUG",8,100000,pito,owned_local,ecs_sync_owned,4,500,4,119.219000
aalair,"Apple M3",8,"Darwin 27.0.0 arm64","Apple LLVM 21.0.0 (clang-2100.3.34.2)"," -O3 -DNDEBUG",8,100000,pito,owned_local,ecs_sync_owned,4,500,5,119.198000
aalair,"Apple M3",8,"Darwin 27.0.0 arm64","Apple LLVM 21.0.0 (clang-2100.3.34.2)"," -O3 -DNDEBUG",8,100000,pito,owned_local,ecs_sync_owned,4,500,6,119.309000
aalair,"Apple M3",8,"Darwin 27.0.0 arm64","Apple LLVM 21.0.0 (clang-2100.3.34.2)"," -O3 -DNDEBUG",8,100000,pito,owned_local,ecs_sync_owned,4,500,7,119.313000
aalair,"Apple M3",8,"Darwin 27.0.0 arm64","Apple LLVM 21.0.0 (clang-2100.3.34.2)"," -O3 -DNDEBUG",8,100000,pito,owned_local,ecs_sync_owned,4,500,8,119.180000
aalair,"Apple M3",8,"Darwin 27.0.0 arm64","Apple LLVM 21.0.0 (clang-2100.3.34.2)"," -O3 -DNDEBUG",8,100000,pito,owned_local,ecs_sync_owned,4,500,9,119.198000
aalair,"Apple M3",8,"Darwin 27.0.0 arm64","Apple LLVM 21.0.0 (clang-2100.3.34.2)"," -O3 -DNDEBUG",8,100000,pito,owned_local,ecs_sync_owned,4,500,10,119.272000
aalair,"Apple M3",8,"Darwin 27.0.0 arm64","Apple LLVM 21.0.0 (clang-2100.3.34.2)"," -O3 -DNDEBUG",8,100000,pito,owned_local,ecs_sync_owned,8,0,1,25.311000
aalair,"Apple M3",8,"Darwin 27.0.0 arm64","Apple LLVM 21.0.0 (clang-2100.3.34.2)"," -O3 -DNDEBUG",8,100000,pito,owned_local,ecs_sync_owned,8,0,2,24.641000
aalair,"Apple M3",8,"Darwin 27.0.0 arm64","Apple LLVM 21.0.0 (clang-2100.3.34.2)"," -O3 -DNDEBUG",8,100000,pito,owned_local,ecs_sync_owned,8,0,3,24.672000
aalair,"Apple M3",8,"Darwin 27.0.0 arm64","Apple LLVM 21.0.0 (clang-2100.3.34.2)"," -O3 -DNDEBUG",8,100000,pito,owned_local,ecs_sync_owned,8,0,4,24.663000
aalair,"Apple M3",8,"Darwin 27.0.0 arm64","Apple LLVM 21.0.0 (clang-2100.3.34.2)"," -O3 -DNDEBUG",8,100000,pito,owned_local,ecs_sync_owned,8,0,5,24.672000
aalair,"Apple M3",8,"Darwin 27.0.0 arm64","Apple LLVM 21.0.0 (clang-2100.3.34.2)"," -O3 -DNDEBUG",8,100000,pito,owned_local,ecs_sync_owned,8,0,6,24.860000
aalair,"Apple M3",8,"Darwin 27.0.0 arm64","Apple LLVM 21.0.0 (clang-2100.3.34.2)"," -O3 -DNDEBUG",8,100000,pito,owned_local,ecs_sync_owned,8,0,7,24.790000
aalair,"Apple M3",8,"Darwin 27.0.0 arm64","Apple LLVM 21.0.0 (clang-2100.3.34.2)"," -O3 -DNDEBUG",8,100000,pito,owned_local,ecs_sync_owned,8,0,8,24.873000
aalair,"Apple M3",8,"Darwin 27.0.0 arm64","Apple LLVM 21.0.0 (clang-2100.3.34.2)"," -O3 -DNDEBUG",8,100000,pito,owned_local,ecs_sync_owned,8,0,9,24.776000
aalair,"Apple M3",8,"Darwin 27.0.0 arm64","Apple LLVM 21.0.0 (clang-2100.3.34.2)"," -O3 -DNDEBUG",8,100000,pito,owned_local,ecs_sync_owned,8,0,10,24.910000
aalair,"Apple M3",8,"Darwin 27.0.0 arm64","Apple LLVM 21.0.0 (clang-2100.3.34.2)"," -O3 -DNDEBUG",8,100000,pito,owned_local,ecs_sync_owned,8,10,1,25.523000
aalair,"Apple M3",8,"Darwin 27.0.0 arm64","Apple LLVM 21.0.0 (clang-2100.3.34.2)"," -O3 -DNDEBUG",8,100000,pito,owned_local,ecs_sync_owned,8,10,2,25.535000
aalair,"Apple M3",8,"Darwin 27.0.0 arm64","Apple LLVM 21.0.0 (clang-2100.3.34.2)"," -O3 -DNDEBUG",8,100000,pito,owned_local,ecs_sync_owned,8,10,3,25.502000
aalair,"Apple M3",8,"Darwin 27.0.0 arm64","Apple LLVM 21.0.0 (clang-2100.3.34.2)"," -O3 -DNDEBUG",8,100000,pito,owned_local,ecs_sync_owned,8,10,4,25.600000
aalair,"Apple M3",8,"Darwin 27.0.0 arm64","Apple LLVM 21.0.0 (clang-2100.3.34.2)"," -O3 -DNDEBUG",8,100000,pito,owned_local,ecs_sync_owned,8,10,5,25.292000
aalair,"Apple M3",8,"Darwin 27.0.0 arm64","Apple LLVM 21.0.0 (clang-2100.3.34.2)"," -O3 -DNDEBUG",8,100000,pito,owned_local,ecs_sync_owned,8,10,6,25.369000
aalair,"Apple M3",8,"Darwin 27.0.0 arm64","Apple LLVM 21.0.0 (clang-2100.3.34.2)"," -O3 -DNDEBUG",8,100000,pito,owned_local,ecs_sync_owned,8,10,7,25.093000
aalair,"Apple M3",8,"Darwin 27.0.0 arm64","Apple LLVM 21.0.0 (clang-2100.3.34.2)"," -O3 -DNDEBUG",8,100000,pito,owned_local,ecs_sync_owned,8,10,8,25.358000
aalair,"Apple M3",8,"Darwin 27.0.0 arm64","Apple LLVM 21.0.0 (clang-2100.3.34.2)"," -O3 -DNDEBUG",8,100000,pito,owned_local,ecs_sync_owned,8,10,9,25.251000
aalair,"Apple M3",8,"Darwin 27.0.0 arm64","Apple LLVM 21.0.0 (clang-2100.3.34.2)"," -O3 -DNDEBUG",8,100000,pito,owned_local,ecs_sync_owned,8,10,10,25.394000
aalair,"Apple M3",8,"Darwin 27.0.0 arm64","Apple LLVM 21.0.0 (clang-2100.3.34.2)"," -O3 -DNDEBUG",8,100000,pito,owned_local,ecs_sync_owned,8,50,1,28.312000
aalair,"Apple M3",8,"Darwin 27.0.0 arm64","Apple LLVM 21.0.0 (clang-2100.3.34.2)"," -O3 -DNDEBUG",8,100000,pito,owned_local,ecs_sync_owned,8,50,2,28.304000
aalair,"Apple M3",8,"Darwin 27.0.0 arm64","Apple LLVM 21.0.0 (clang-2100.3.34.2)"," -O3 -DNDEBUG",8,100000,pito,owned_local,ecs_sync_owned,8,50,3,28.652000
aalair,"Apple M3",8,"Darwin 27.0.0 arm64","Apple LLVM 21.0.0 (clang-2100.3.34.2)"," -O3 -DNDEBUG",8,100000,pito,owned_local,ecs_sync_owned,8,50,4,28.667000
aalair,"Apple M3",8,"Darwin 27.0.0 arm64","Apple LLVM 21.0.0 (clang-2100.3.34.2)"," -O3 -DNDEBUG",8,100000,pito,owned_local,ecs_sync_owned,8,50,5,28.696000
aalair,"Apple M3",8,"Darwin 27.0.0 arm64","Apple LLVM 21.0.0 (clang-2100.3.34.2)"," -O3 -DNDEBUG",8,100000,pito,owned_local,ecs_sync_owned,8,50,6,28.522000
aalair,"Apple M3",8,"Darwin 27.0.0 arm64","Apple LLVM 21.0.0 (clang-2100.3.34.2)"," -O3 -DNDEBUG",8,100000,pito,owned_local,ecs_sync_owned,8,50,7,28.583000
aalair,"Apple M3",8,"Darwin 27.0.0 arm64","Apple LLVM 21.0.0 (clang-2100.3.34.2)"," -O3 -DNDEBUG",8,100000,pito,owned_local,ecs_sync_owned,8,50,8,28.997000
aalair,"Apple M3",8,"Darwin 27.0.0 arm64","Apple LLVM 21.0.0 (clang-2100.3.34.2)"," -O3 -DNDEBUG",8,100000,pito,owned_local,ecs_sync_owned,8,50,9,28.442000
aalair,"Apple M3",8,"Darwin 27.0.0 arm64","Apple LLVM 21.0.0 (clang-2100.3.34.2)"," -O3 -DNDEBUG",8,100000,pito,owned_local,ecs_sync_owned,8,50,10,28.700000
aalair,"Apple M3",8,"Darwin 27.0.0 arm64","Apple LLVM 21.0.0 (clang-2100.3.34.2)"," -O3 -DNDEBUG",8,100000,pito,owned_local,ecs_sync_owned,8,500,1,83.118000
aalair,"Apple M3",8,"Darwin 27.0.0 arm64","Apple LLVM 21.0.0 (clang-2100.3.34.2)"," -O3 -DNDEBUG",8,100000,pito,owned_local,ecs_sync_owned,8,500,2,82.724000
aalair,"Apple M3",8,"Darwin 27.0.0 arm64","Apple LLVM 21.0.0 (clang-2100.3.34.2)"," -O3 -DNDEBUG",8,100000,pito,owned_local,ecs_sync_owned,8,500,3,83.591000
aalair,"Apple M3",8,"Darwin 27.0.0 arm64","Apple LLVM 21.0.0 (clang-2100.3.34.2)"," -O3 -DNDEBUG",8,100000,pito,owned_local,ecs_sync_owned,8,500,4,82.177000
aalair,"Apple M3",8,"Darwin 27.0.0 arm64","Apple LLVM 21.0.0 (clang-2100.3.34.2)"," -O3 -DNDEBUG",8,100000,pito,owned_local,ecs_sync_owned,8,500,5,82.904000
aalair,"Apple M3",8,"Darwin 27.0.0 arm64","Apple LLVM 21.0.0 (clang-2100.3.34.2)"," -O3 -DNDEBUG",8,100000,pito,owned_local,ecs_sync_owned,8,500,6,83.366000
aalair,"Apple M3",8,"Darwin 27.0.0 arm64","Apple LLVM 21.0.0 (clang-2100.3.34.2)"," -O3 -DNDEBUG",8,100000,pito,owned_local,ecs_sync_owned,8,500,7,84.504000
aalair,"Apple M3",8,"Darwin 27.0.0 arm64","Apple LLVM 21.0.0 (clang-2100.3.34.2)"," -O3 -DNDEBUG",8,100000,pito,owned_local,ecs_sync_owned,8,500,8,83.734000
aalair,"Apple M3",8,"Darwin 27.0.0 arm64","Apple LLVM 21.0.0 (clang-2100.3.34.2)"," -O3 -DNDEBUG",8,100000,pito,owned_local,ecs_sync_owned,8,500,9,83.018000
aalair,"Apple M3",8,"Darwin 27.0.0 arm64","Apple LLVM 21.0.0 (clang-2100.3.34.2)"," -O3 -DNDEBUG",8,100000,pito,owned_local,ecs_sync_owned,8,500,10,84.316000
aalair,"Apple M3",8,"Darwin 27.0.0 arm64","Apple LLVM 21.0.0 (clang-2100.3.34.2)"," -O3 -DNDEBUG",8,100000,pito,owned_local,ecs_create_owned_local,1,0,1,14.376000
aalair,"Apple M3",8,"Darwin 27.0.0 arm64","Apple LLVM 21.0.0 (clang-2100.3.34.2)"," -O3 -DNDEBUG",8,100000,pito,owned_local,ecs_create_owned_local,1,0,2,13.985000
aalair,"Apple M3",8,"Darwin 27.0.0 arm64","Apple LLVM 21.0.0 (clang-2100.3.34.2)"," -O3 -DNDEBUG",8,100000,pito,owned_local,ecs_create_owned_local,1,0,3,13.968000
aalair,"Apple M3",8,"Darwin 27.0.0 arm64","Apple LLVM 21.0.0 (clang-2100.3.34.2)"," -O3 -DNDEBUG",8,100000,pito,owned_local,ecs_create_owned_local,1,0,4,14.000000
aalair,"Apple M3",8,"Darwin 27.0.0 arm64","Apple LLVM 21.0.0 (clang-2100.3.34.2)"," -O3 -DNDEBUG",8,100000,pito,owned_local,ecs_create_owned_local,1,0,5,13.976000
aalair,"Apple M3",8,"Darwin 27.0.0 arm64","Apple LLVM 21.0.0 (clang-2100.3.34.2)"," -O3 -DNDEBUG",8,100000,pito,owned_local,ecs_create_owned_local,1,0,6,13.955000
aalair,"Apple M3",8,"Darwin 27.0.0 arm64","Apple LLVM 21.0.0 (clang-2100.3.34.2)"," -O3 -DNDEBUG",8,100000,pito,owned_local,ecs_create_owned_local,1,0,7,13.997000
aalair,"Apple M3",8,"Darwin 27.0.0 arm64","Apple LLVM 21.0.0 (clang-2100.3.34.2)"," -O3 -DNDEBUG",8,100000,pito,owned_local,ecs_create_owned_local,1,0,8,13.925000
aalair,"Apple M3",8,"Darwin 27.0.0 arm64","Apple LLVM 21.0.0 (clang-2100.3.34.2)"," -O3 -DNDEBUG",8,100000,pito,owned_local,ecs_create_owned_local,1,0,9,13.999000
aalair,"Apple M3",8,"Darwin 27.0.0 arm64","Apple LLVM 21.0.0 (clang-2100.3.34.2)"," -O3 -DNDEBUG",8,100000,pito,owned_local,ecs_create_owned_local,1,0,10,13.965000
aalair,"Apple M3",8,"Darwin 27.0.0 arm64","Apple LLVM 21.0.0 (clang-2100.3.34.2)"," -O3 -DNDEBUG",8,100000,pito,owned_local,ecs_create_owned_local,1,10,1,15.262000
aalair,"Apple M3",8,"Darwin 27.0.0 arm64","Apple LLVM 21.0.0 (clang-2100.3.34.2)"," -O3 -DNDEBUG",8,100000,pito,owned_local,ecs_create_owned_local,1,10,2,14.206000
aalair,"Apple M3",8,"Darwin 27.0.0 arm64","Apple LLVM 21.0.0 (clang-2100.3.34.2)"," -O3 -DNDEBUG",8,100000,pito,owned_local,ecs_create_owned_local,1,10,3,14.184000
aalair,"Apple M3",8,"Darwin 27.0.0 arm64","Apple LLVM 21.0.0 (clang-2100.3.34.2)"," -O3 -DNDEBUG",8,100000,pito,owned_local,ecs_create_owned_local,1,10,4,14.182000
aalair,"Apple M3",8,"Darwin 27.0.0 arm64","Apple LLVM 21.0.0 (clang-2100.3.34.2)"," -O3 -DNDEBUG",8,100000,pito,owned_local,ecs_create_owned_local,1,10,5,14.169000
aalair,"Apple M3",8,"Darwin 27.0.0 arm64","Apple LLVM 21.0.0 (clang-2100.3.34.2)"," -O3 -DNDEBUG",8,100000,pito,owned_local,ecs_create_owned_local,1,10,6,14.157000
aalair,"Apple M3",8,"Darwin 27.0.0 arm64","Apple LLVM 21.0.0 (clang-2100.3.34.2)"," -O3 -DNDEBUG",8,100000,pito,owned_local,ecs_create_owned_local,1,10,7,14.160000
aalair,"Apple M3",8,"Darwin 27.0.0 arm64","Apple LLVM 21.0.0 (clang-2100.3.34.2)"," -O3 -DNDEBUG",8,100000,pito,owned_local,ecs_create_owned_local,1,10,8,14.153000
aalair,"Apple M3",8,"Darwin 27.0.0 arm64","Apple LLVM 21.0.0 (clang-2100.3.34.2)"," -O3 -DNDEBUG",8,100000,pito,owned_local,ecs_create_owned_local,1,10,9,14.180000
aalair,"Apple M3",8,"Darwin 27.0.0 arm64","Apple LLVM 21.0.0 (clang-2100.3.34.2)"," -O3 -DNDEBUG",8,100000,pito,owned_local,ecs_create_owned_local,1,10,10,14.184000
aalair,"Apple M3",8,"Darwin 27.0.0 arm64","Apple LLVM 21.0.0 (clang-2100.3.34.2)"," -O3 -DNDEBUG",8,100000,pito,owned_local,ecs_create_owned_local,1,10,11,14.165000
aalair,"Apple M3",8,"Darwin 27.0.0 arm64","Apple LLVM 21.0.0 (clang-2100.3.34.2)"," -O3 -DNDEBUG",8,100000,pito,owned_local,ecs_create_owned_local,1,50,1,30.872000
aalair,"Apple M3",8,"Darwin 27.0.0 arm64","Apple LLVM 21.0.0 (clang-2100.3.34.2)"," -O3 -DNDEBUG",8,100000,pito,owned_local,ecs_create_owned_local,1,50,2,30.932000
aalair,"Apple M3",8,"Darwin 27.0.0 arm64","Apple LLVM 21.0.0 (clang-2100.3.34.2)"," -O3 -DNDEBUG",8,100000,pito,owned_local,ecs_create_owned_local,1,50,3,30.865000
aalair,"Apple M3",8,"Darwin 27.0.0 arm64","Apple LLVM 21.0.0 (clang-2100.3.34.2)"," -O3 -DNDEBUG",8,100000,pito,owned_local,ecs_create_owned_local,1,50,4,30.866000
aalair,"Apple M3",8,"Darwin 27.0.0 arm64","Apple LLVM 21.0.0 (clang-2100.3.34.2)"," -O3 -DNDEBUG",8,100000,pito,owned_local,ecs_create_owned_local,1,50,5,30.883000
aalair,"Apple M3",8,"Darwin 27.0.0 arm64","Apple LLVM 21.0.0 (clang-2100.3.34.2)"," -O3 -DNDEBUG",8,100000,pito,owned_local,ecs_create_owned_local,1,50,6,30.934000
aalair,"Apple M3",8,"Darwin 27.0.0 arm64","Apple LLVM 21.0.0 (clang-2100.3.34.2)"," -O3 -DNDEBUG",8,100000,pito,owned_local,ecs_create_owned_local,1,50,7,30.841000
aalair,"Apple M3",8,"Darwin 27.0.0 arm64","Apple LLVM 21.0.0 (clang-2100.3.34.2)"," -O3 -DNDEBUG",8,100000,pito,owned_local,ecs_create_owned_local,1,50,8,30.842000
aalair,"Apple M3",8,"Darwin 27.0.0 arm64","Apple LLVM 21.0.0 (clang-2100.3.34.2)"," -O3 -DNDEBUG",8,100000,pito,owned_local,ecs_create_owned_local,1,50,9,30.921000
aalair,"Apple M3",8,"Darwin 27.0.0 arm64","Apple LLVM 21.0.0 (clang-2100.3.34.2)"," -O3 -DNDEBUG",8,100000,pito,owned_local,ecs_create_owned_local,1,50,10,30.855000
aalair,"Apple M3",8,"Darwin 27.0.0 arm64","Apple LLVM 21.0.0 (clang-2100.3.34.2)"," -O3 -DNDEBUG",8,100000,pito,owned_local,ecs_create_owned_local,1,500,1,358.911000
aalair,"Apple M3",8,"Darwin 27.0.0 arm64","Apple LLVM 21.0.0 (clang-2100.3.34.2)"," -O3 -DNDEBUG",8,100000,pito,owned_local,ecs_create_owned_local,1,500,2,359.064000
aalair,"Apple M3",8,"Darwin 27.0.0 arm64","Apple LLVM 21.0.0 (clang-2100.3.34.2)"," -O3 -DNDEBUG",8,100000,pito,owned_local,ecs_create_owned_local,1,500,3,359.099000
aalair,"Apple M3",8,"Darwin 27.0.0 arm64","Apple LLVM 21.0.0 (clang-2100.3.34.2)"," -O3 -DNDEBUG",8,100000,pito,owned_local,ecs_create_owned_local,1,500,4,359.417000
aalair,"Apple M3",8,"Darwin 27.0.0 arm64","Apple LLVM 21.0.0 (clang-2100.3.34.2)"," -O3 -DNDEBUG",8,100000,pito,owned_local,ecs_create_owned_local,1,500,5,358.886000
aalair,"Apple M3",8,"Darwin 27.0.0 arm64","Apple LLVM 21.0.0 (clang-2100.3.34.2)"," -O3 -DNDEBUG",8,100000,pito,owned_local,ecs_create_owned_local,1,500,6,359.021000
aalair,"Apple M3",8,"Darwin 27.0.0 arm64","Apple LLVM 21.0.0 (clang-2100.3.34.2)"," -O3 -DNDEBUG",8,100000,pito,owned_local,ecs_create_owned_local,1,500,7,358.849000
aalair,"Apple M3",8,"Darwin 27.0.0 arm64","Apple LLVM 21.0.0 (clang-2100.3.34.2)"," -O3 -DNDEBUG",8,100000,pito,owned_local,ecs_create_owned_local,1,500,8,358.996000
aalair,"Apple M3",8,"Darwin 27.0.0 arm64","Apple LLVM 21.0.0 (clang-2100.3.34.2)"," -O3 -DNDEBUG",8,100000,pito,owned_local,ecs_create_owned_local,1,500,9,359.487000
aalair,"Apple M3",8,"Darwin 27.0.0 arm64","Apple LLVM 21.0.0 (clang-2100.3.34.2)"," -O3 -DNDEBUG",8,100000,pito,owned_local,ecs_create_owned_local,1,500,10,359.097000
aalair,"Apple M3",8,"Darwin 27.0.0 arm64","Apple LLVM 21.0.0 (clang-2100.3.34.2)"," -O3 -DNDEBUG",8,100000,pito,owned_local,ecs_create_owned_local,2,0,1,9.929000
aalair,"Apple M3",8,"Darwin 27.0.0 arm64","Apple LLVM 21.0.0 (clang-2100.3.34.2)"," -O3 -DNDEBUG",8,100000,pito,owned_local,ecs_create_owned_local,2,0,2,9.951000
aalair,"Apple M3",8,"Darwin 27.0.0 arm64","Apple LLVM 21.0.0 (clang-2100.3.34.2)"," -O3 -DNDEBUG",8,100000,pito,owned_local,ecs_create_owned_local,2,0,3,10.170000
aalair,"Apple M3",8,"Darwin 27.0.0 arm64","Apple LLVM 21.0.0 (clang-2100.3.34.2)"," -O3 -DNDEBUG",8,100000,pito,owned_local,ecs_create_owned_local,2,0,4,10.134000
aalair,"Apple M3",8,"Darwin 27.0.0 arm64","Apple LLVM 21.0.0 (clang-2100.3.34.2)"," -O3 -DNDEBUG",8,100000,pito,owned_local,ecs_create_owned_local,2,0,5,10.207000
aalair,"Apple M3",8,"Darwin 27.0.0 arm64","Apple LLVM 21.0.0 (clang-2100.3.34.2)"," -O3 -DNDEBUG",8,100000,pito,owned_local,ecs_create_owned_local,2,0,6,10.142000
aalair,"Apple M3",8,"Darwin 27.0.0 arm64","Apple LLVM 21.0.0 (clang-2100.3.34.2)"," -O3 -DNDEBUG",8,100000,pito,owned_local,ecs_create_owned_local,2,0,7,10.113000
aalair,"Apple M3",8,"Darwin 27.0.0 arm64","Apple LLVM 21.0.0 (clang-2100.3.34.2)"," -O3 -DNDEBUG",8,100000,pito,owned_local,ecs_create_owned_local,2,0,8,10.118000
aalair,"Apple M3",8,"Darwin 27.0.0 arm64","Apple LLVM 21.0.0 (clang-2100.3.34.2)"," -O3 -DNDEBUG",8,100000,pito,owned_local,ecs_create_owned_local,2,0,9,10.124000
aalair,"Apple M3",8,"Darwin 27.0.0 arm64","Apple LLVM 21.0.0 (clang-2100.3.34.2)"," -O3 -DNDEBUG",8,100000,pito,owned_local,ecs_create_owned_local,2,0,10,10.015000
aalair,"Apple M3",8,"Darwin 27.0.0 arm64","Apple LLVM 21.0.0 (clang-2100.3.34.2)"," -O3 -DNDEBUG",8,100000,pito,owned_local,ecs_create_owned_local,2,10,1,10.948000
aalair,"Apple M3",8,"Darwin 27.0.0 arm64","Apple LLVM 21.0.0 (clang-2100.3.34.2)"," -O3 -DNDEBUG",8,100000,pito,owned_local,ecs_create_owned_local,2,10,2,10.832000
aalair,"Apple M3",8,"Darwin 27.0.0 arm64","Apple LLVM 21.0.0 (clang-2100.3.34.2)"," -O3 -DNDEBUG",8,100000,pito,owned_local,ecs_create_owned_local,2,10,3,10.819000
aalair,"Apple M3",8,"Darwin 27.0.0 arm64","Apple LLVM 21.0.0 (clang-2100.3.34.2)"," -O3 -DNDEBUG",8,100000,pito,owned_local,ecs_create_owned_local,2,10,4,10.824000
aalair,"Apple M3",8,"Darwin 27.0.0 arm64","Apple LLVM 21.0.0 (clang-2100.3.34.2)"," -O3 -DNDEBUG",8,100000,pito,owned_local,ecs_create_owned_local,2,10,5,10.825000
aalair,"Apple M3",8,"Darwin 27.0.0 arm64","Apple LLVM 21.0.0 (clang-2100.3.34.2)"," -O3 -DNDEBUG",8,100000,pito,owned_local,ecs_create_owned_local,2,10,6,10.835000
aalair,"Apple M3",8,"Darwin 27.0.0 arm64","Apple LLVM 21.0.0 (clang-2100.3.34.2)"," -O3 -DNDEBUG",8,100000,pito,owned_local,ecs_create_owned_local,2,10,7,10.897000
aalair,"Apple M3",8,"Darwin 27.0.0 arm64","Apple LLVM 21.0.0 (clang-2100.3.34.2)"," -O3 -DNDEBUG",8,100000,pito,owned_local,ecs_create_owned_local,2,10,8,10.650000
aalair,"Apple M3",8,"Darwin 27.0.0 arm64","Apple LLVM 21.0.0 (clang-2100.3.34.2)"," -O3 -DNDEBUG",8,100000,pito,owned_local,ecs_create_owned_local,2,10,9,10.682000
aalair,"Apple M3",8,"Darwin 27.0.0 arm64","Apple LLVM 21.0.0 (clang-2100.3.34.2)"," -O3 -DNDEBUG",8,100000,pito,owned_local,ecs_create_owned_local,2,10,10,10.707000
aalair,"Apple M3",8,"Darwin 27.0.0 arm64","Apple LLVM 21.0.0 (clang-2100.3.34.2)"," -O3 -DNDEBUG",8,100000,pito,owned_local,ecs_create_owned_local,2,50,1,18.992000
aalair,"Apple M3",8,"Darwin 27.0.0 arm64","Apple LLVM 21.0.0 (clang-2100.3.34.2)"," -O3 -DNDEBUG",8,100000,pito,owned_local,ecs_create_owned_local,2,50,2,18.988000
aalair,"Apple M3",8,"Darwin 27.0.0 arm64","Apple LLVM 21.0.0 (clang-2100.3.34.2)"," -O3 -DNDEBUG",8,100000,pito,owned_local,ecs_create_owned_local,2,50,3,18.965000
aalair,"Apple M3",8,"Darwin 27.0.0 arm64","Apple LLVM 21.0.0 (clang-2100.3.34.2)"," -O3 -DNDEBUG",8,100000,pito,owned_local,ecs_create_owned_local,2,50,4,19.046000
aalair,"Apple M3",8,"Darwin 27.0.0 arm64","Apple LLVM 21.0.0 (clang-2100.3.34.2)"," -O3 -DNDEBUG",8,100000,pito,owned_local,ecs_create_owned_local,2,50,5,18.890000
aalair,"Apple M3",8,"Darwin 27.0.0 arm64","Apple LLVM 21.0.0 (clang-2100.3.34.2)"," -O3 -DNDEBUG",8,100000,pito,owned_local,ecs_create_owned_local,2,50,6,18.788000
aalair,"Apple M3",8,"Darwin 27.0.0 arm64","Apple LLVM 21.0.0 (clang-2100.3.34.2)"," -O3 -DNDEBUG",8,100000,pito,owned_local,ecs_create_owned_local,2,50,7,18.918000
aalair,"Apple M3",8,"Darwin 27.0.0 arm64","Apple LLVM 21.0.0 (clang-2100.3.34.2)"," -O3 -DNDEBUG",8,100000,pito,owned_local,ecs_create_owned_local,2,50,8,18.747000
aalair,"Apple M3",8,"Darwin 27.0.0 arm64","Apple LLVM 21.0.0 (clang-2100.3.34.2)"," -O3 -DNDEBUG",8,100000,pito,owned_local,ecs_create_owned_local,2,50,9,18.932000
aalair,"Apple M3",8,"Darwin 27.0.0 arm64","Apple LLVM 21.0.0 (clang-2100.3.34.2)"," -O3 -DNDEBUG",8,100000,pito,owned_local,ecs_create_owned_local,2,50,10,18.921000
aalair,"Apple M3",8,"Darwin 27.0.0 arm64","Apple LLVM 21.0.0 (clang-2100.3.34.2)"," -O3 -DNDEBUG",8,100000,pito,owned_local,ecs_create_owned_local,2,500,1,187.018000
aalair,"Apple M3",8,"Darwin 27.0.0 arm64","Apple LLVM 21.0.0 (clang-2100.3.34.2)"," -O3 -DNDEBUG",8,100000,pito,owned_local,ecs_create_owned_local,2,500,2,187.086000
aalair,"Apple M3",8,"Darwin 27.0.0 arm64","Apple LLVM 21.0.0 (clang-2100.3.34.2)"," -O3 -DNDEBUG",8,100000,pito,owned_local,ecs_create_owned_local,2,500,3,187.927000
aalair,"Apple M3",8,"Darwin 27.0.0 arm64","Apple LLVM 21.0.0 (clang-2100.3.34.2)"," -O3 -DNDEBUG",8,100000,pito,owned_local,ecs_create_owned_local,2,500,4,187.097000
aalair,"Apple M3",8,"Darwin 27.0.0 arm64","Apple LLVM 21.0.0 (clang-2100.3.34.2)"," -O3 -DNDEBUG",8,100000,pito,owned_local,ecs_create_owned_local,2,500,5,188.101000
aalair,"Apple M3",8,"Darwin 27.0.0 arm64","Apple LLVM 21.0.0 (clang-2100.3.34.2)"," -O3 -DNDEBUG",8,100000,pito,owned_local,ecs_create_owned_local,2,500,6,187.148000
aalair,"Apple M3",8,"Darwin 27.0.0 arm64","Apple LLVM 21.0.0 (clang-2100.3.34.2)"," -O3 -DNDEBUG",8,100000,pito,owned_local,ecs_create_owned_local,2,500,7,187.228000
aalair,"Apple M3",8,"Darwin 27.0.0 arm64","Apple LLVM 21.0.0 (clang-2100.3.34.2)"," -O3 -DNDEBUG",8,100000,pito,owned_local,ecs_create_owned_local,2,500,8,187.168000
aalair,"Apple M3",8,"Darwin 27.0.0 arm64","Apple LLVM 21.0.0 (clang-2100.3.34.2)"," -O3 -DNDEBUG",8,100000,pito,owned_local,ecs_create_owned_local,2,500,9,187.383000
aalair,"Apple M3",8,"Darwin 27.0.0 arm64","Apple LLVM 21.0.0 (clang-2100.3.34.2)"," -O3 -DNDEBUG",8,100000,pito,owned_local,ecs_create_owned_local,2,500,10,187.067000
aalair,"Apple M3",8,"Darwin 27.0.0 arm64","Apple LLVM 21.0.0 (clang-2100.3.34.2)"," -O3 -DNDEBUG",8,100000,pito,owned_local,ecs_create_owned_local,4,0,1,9.051000
aalair,"Apple M3",8,"Darwin 27.0.0 arm64","Apple LLVM 21.0.0 (clang-2100.3.34.2)"," -O3 -DNDEBUG",8,100000,pito,owned_local,ecs_create_owned_local,4,0,2,9.071000
aalair,"Apple M3",8,"Darwin 27.0.0 arm64","Apple LLVM 21.0.0 (clang-2100.3.34.2)"," -O3 -DNDEBUG",8,100000,pito,owned_local,ecs_create_owned_local,4,0,3,9.056000
aalair,"Apple M3",8,"Darwin 27.0.0 arm64","Apple LLVM 21.0.0 (clang-2100.3.34.2)"," -O3 -DNDEBUG",8,100000,pito,owned_local,ecs_create_owned_local,4,0,4,8.975000
aalair,"Apple M3",8,"Darwin 27.0.0 arm64","Apple LLVM 21.0.0 (clang-2100.3.34.2)"," -O3 -DNDEBUG",8,100000,pito,owned_local,ecs_create_owned_local,4,0,5,9.043000
aalair,"Apple M3",8,"Darwin 27.0.0 arm64","Apple LLVM 21.0.0 (clang-2100.3.34.2)"," -O3 -DNDEBUG",8,100000,pito,owned_local,ecs_create_owned_local,4,0,6,8.985000
aalair,"Apple M3",8,"Darwin 27.0.0 arm64","Apple LLVM 21.0.0 (clang-2100.3.34.2)"," -O3 -DNDEBUG",8,100000,pito,owned_local,ecs_create_owned_local,4,0,7,8.993000
aalair,"Apple M3",8,"Darwin 27.0.0 arm64","Apple LLVM 21.0.0 (clang-2100.3.34.2)"," -O3 -DNDEBUG",8,100000,pito,owned_local,ecs_create_owned_local,4,0,8,9.031000
aalair,"Apple M3",8,"Darwin 27.0.0 arm64","Apple LLVM 21.0.0 (clang-2100.3.34.2)"," -O3 -DNDEBUG",8,100000,pito,owned_local,ecs_create_owned_local,4,0,9,9.027000
aalair,"Apple M3",8,"Darwin 27.0.0 arm64","Apple LLVM 21.0.0 (clang-2100.3.34.2)"," -O3 -DNDEBUG",8,100000,pito,owned_local,ecs_create_owned_local,4,0,10,9.027000
aalair,"Apple M3",8,"Darwin 27.0.0 arm64","Apple LLVM 21.0.0 (clang-2100.3.34.2)"," -O3 -DNDEBUG",8,100000,pito,owned_local,ecs_create_owned_local,4,10,1,9.580000
aalair,"Apple M3",8,"Darwin 27.0.0 arm64","Apple LLVM 21.0.0 (clang-2100.3.34.2)"," -O3 -DNDEBUG",8,100000,pito,owned_local,ecs_create_owned_local,4,10,2,9.623000
aalair,"Apple M3",8,"Darwin 27.0.0 arm64","Apple LLVM 21.0.0 (clang-2100.3.34.2)"," -O3 -DNDEBUG",8,100000,pito,owned_local,ecs_create_owned_local,4,10,3,9.561000
aalair,"Apple M3",8,"Darwin 27.0.0 arm64","Apple LLVM 21.0.0 (clang-2100.3.34.2)"," -O3 -DNDEBUG",8,100000,pito,owned_local,ecs_create_owned_local,4,10,4,9.582000
aalair,"Apple M3",8,"Darwin 27.0.0 arm64","Apple LLVM 21.0.0 (clang-2100.3.34.2)"," -O3 -DNDEBUG",8,100000,pito,owned_local,ecs_create_owned_local,4,10,5,9.541000
aalair,"Apple M3",8,"Darwin 27.0.0 arm64","Apple LLVM 21.0.0 (clang-2100.3.34.2)"," -O3 -DNDEBUG",8,100000,pito,owned_local,ecs_create_owned_local,4,10,6,9.651000
aalair,"Apple M3",8,"Darwin 27.0.0 arm64","Apple LLVM 21.0.0 (clang-2100.3.34.2)"," -O3 -DNDEBUG",8,100000,pito,owned_local,ecs_create_owned_local,4,10,7,9.576000
aalair,"Apple M3",8,"Darwin 27.0.0 arm64","Apple LLVM 21.0.0 (clang-2100.3.34.2)"," -O3 -DNDEBUG",8,100000,pito,owned_local,ecs_create_owned_local,4,10,8,9.540000
aalair,"Apple M3",8,"Darwin 27.0.0 arm64","Apple LLVM 21.0.0 (clang-2100.3.34.2)"," -O3 -DNDEBUG",8,100000,pito,owned_local,ecs_create_owned_local,4,10,9,9.557000
aalair,"Apple M3",8,"Darwin 27.0.0 arm64","Apple LLVM 21.0.0 (clang-2100.3.34.2)"," -O3 -DNDEBUG",8,100000,pito,owned_local,ecs_create_owned_local,4,10,10,9.552000
aalair,"Apple M3",8,"Darwin 27.0.0 arm64","Apple LLVM 21.0.0 (clang-2100.3.34.2)"," -O3 -DNDEBUG",8,100000,pito,owned_local,ecs_create_owned_local,4,50,1,13.269000
aalair,"Apple M3",8,"Darwin 27.0.0 arm64","Apple LLVM 21.0.0 (clang-2100.3.34.2)"," -O3 -DNDEBUG",8,100000,pito,owned_local,ecs_create_owned_local,4,50,2,13.312000
aalair,"Apple M3",8,"Darwin 27.0.0 arm64","Apple LLVM 21.0.0 (clang-2100.3.34.2)"," -O3 -DNDEBUG",8,100000,pito,owned_local,ecs_create_owned_local,4,50,3,13.258000
aalair,"Apple M3",8,"Darwin 27.0.0 arm64","Apple LLVM 21.0.0 (clang-2100.3.34.2)"," -O3 -DNDEBUG",8,100000,pito,owned_local,ecs_create_owned_local,4,50,4,13.673000
aalair,"Apple M3",8,"Darwin 27.0.0 arm64","Apple LLVM 21.0.0 (clang-2100.3.34.2)"," -O3 -DNDEBUG",8,100000,pito,owned_local,ecs_create_owned_local,4,50,5,13.667000
aalair,"Apple M3",8,"Darwin 27.0.0 arm64","Apple LLVM 21.0.0 (clang-2100.3.34.2)"," -O3 -DNDEBUG",8,100000,pito,owned_local,ecs_create_owned_local,4,50,6,13.272000
aalair,"Apple M3",8,"Darwin 27.0.0 arm64","Apple LLVM 21.0.0 (clang-2100.3.34.2)"," -O3 -DNDEBUG",8,100000,pito,owned_local,ecs_create_owned_local,4,50,7,13.278000
aalair,"Apple M3",8,"Darwin 27.0.0 arm64","Apple LLVM 21.0.0 (clang-2100.3.34.2)"," -O3 -DNDEBUG",8,100000,pito,owned_local,ecs_create_owned_local,4,50,8,13.271000
aalair,"Apple M3",8,"Darwin 27.0.0 arm64","Apple LLVM 21.0.0 (clang-2100.3.34.2)"," -O3 -DNDEBUG",8,100000,pito,owned_local,ecs_create_owned_local,4,50,9,13.405000
aalair,"Apple M3",8,"Darwin 27.0.0 arm64","Apple LLVM 21.0.0 (clang-2100.3.34.2)"," -O3 -DNDEBUG",8,100000,pito,owned_local,ecs_create_owned_local,4,50,10,13.679000
aalair,"Apple M3",8,"Darwin 27.0.0 arm64","Apple LLVM 21.0.0 (clang-2100.3.34.2)"," -O3 -DNDEBUG",8,100000,pito,owned_local,ecs_create_owned_local,4,500,1,104.757000
aalair,"Apple M3",8,"Darwin 27.0.0 arm64","Apple LLVM 21.0.0 (clang-2100.3.34.2)"," -O3 -DNDEBUG",8,100000,pito,owned_local,ecs_create_owned_local,4,500,2,104.768000
aalair,"Apple M3",8,"Darwin 27.0.0 arm64","Apple LLVM 21.0.0 (clang-2100.3.34.2)"," -O3 -DNDEBUG",8,100000,pito,owned_local,ecs_create_owned_local,4,500,3,104.717000
aalair,"Apple M3",8,"Darwin 27.0.0 arm64","Apple LLVM 21.0.0 (clang-2100.3.34.2)"," -O3 -DNDEBUG",8,100000,pito,owned_local,ecs_create_owned_local,4,500,4,107.691000
aalair,"Apple M3",8,"Darwin 27.0.0 arm64","Apple LLVM 21.0.0 (clang-2100.3.34.2)"," -O3 -DNDEBUG",8,100000,pito,owned_local,ecs_create_owned_local,4,500,5,104.765000
aalair,"Apple M3",8,"Darwin 27.0.0 arm64","Apple LLVM 21.0.0 (clang-2100.3.34.2)"," -O3 -DNDEBUG",8,100000,pito,owned_local,ecs_create_owned_local,4,500,6,104.841000
aalair,"Apple M3",8,"Darwin 27.0.0 arm64","Apple LLVM 21.0.0 (clang-2100.3.34.2)"," -O3 -DNDEBUG",8,100000,pito,owned_local,ecs_create_owned_local,4,500,7,104.799000
aalair,"Apple M3",8,"Darwin 27.0.0 arm64","Apple LLVM 21.0.0 (clang-2100.3.34.2)"," -O3 -DNDEBUG",8,100000,pito,owned_local,ecs_create_owned_local,4,500,8,104.998000
aalair,"Apple M3",8,"Darwin 27.0.0 arm64","Apple LLVM 21.0.0 (clang-2100.3.34.2)"," -O3 -DNDEBUG",8,100000,pito,owned_local,ecs_create_owned_local,4,500,9,104.765000
aalair,"Apple M3",8,"Darwin 27.0.0 arm64","Apple LLVM 21.0.0 (clang-2100.3.34.2)"," -O3 -DNDEBUG",8,100000,pito,owned_local,ecs_create_owned_local,4,500,10,104.786000
aalair,"Apple M3",8,"Darwin 27.0.0 arm64","Apple LLVM 21.0.0 (clang-2100.3.34.2)"," -O3 -DNDEBUG",8,100000,pito,owned_local,ecs_create_owned_local,8,0,1,9.729000
aalair,"Apple M3",8,"Darwin 27.0.0 arm64","Apple LLVM 21.0.0 (clang-2100.3.34.2)"," -O3 -DNDEBUG",8,100000,pito,owned_local,ecs_create_owned_local,8,0,2,9.694000
aalair,"Apple M3",8,"Darwin 27.0.0 arm64","Apple LLVM 21.0.0 (clang-2100.3.34.2)"," -O3 -DNDEBUG",8,100000,pito,owned_local,ecs_create_owned_local,8,0,3,9.503000
aalair,"Apple M3",8,"Darwin 27.0.0 arm64","Apple LLVM 21.0.0 (clang-2100.3.34.2)"," -O3 -DNDEBUG",8,100000,pito,owned_local,ecs_create_owned_local,8,0,4,9.605000
aalair,"Apple M3",8,"Darwin 27.0.0 arm64","Apple LLVM 21.0.0 (clang-2100.3.34.2)"," -O3 -DNDEBUG",8,100000,pito,owned_local,ecs_create_owned_local,8,0,5,9.710000
aalair,"Apple M3",8,"Darwin 27.0.0 arm64","Apple LLVM 21.0.0 (clang-2100.3.34.2)"," -O3 -DNDEBUG",8,100000,pito,owned_local,ecs_create_owned_local,8,0,6,9.474000
aalair,"Apple M3",8,"Darwin 27.0.0 arm64","Apple LLVM 21.0.0 (clang-2100.3.34.2)"," -O3 -DNDEBUG",8,100000,pito,owned_local,ecs_create_owned_local,8,0,7,9.277000
aalair,"Apple M3",8,"Darwin 27.0.0 arm64","Apple LLVM 21.0.0 (clang-2100.3.34.2)"," -O3 -DNDEBUG",8,100000,pito,owned_local,ecs_create_owned_local,8,0,8,9.628000
aalair,"Apple M3",8,"Darwin 27.0.0 arm64","Apple LLVM 21.0.0 (clang-2100.3.34.2)"," -O3 -DNDEBUG",8,100000,pito,owned_local,ecs_create_owned_local,8,0,9,9.194000
aalair,"Apple M3",8,"Darwin 27.0.0 arm64","Apple LLVM 21.0.0 (clang-2100.3.34.2)"," -O3 -DNDEBUG",8,100000,pito,owned_local,ecs_create_owned_local,8,0,10,9.598000
aalair,"Apple M3",8,"Darwin 27.0.0 arm64","Apple LLVM 21.0.0 (clang-2100.3.34.2)"," -O3 -DNDEBUG",8,100000,pito,owned_local,ecs_create_owned_local,8,10,1,9.959000
aalair,"Apple M3",8,"Darwin 27.0.0 arm64","Apple LLVM 21.0.0 (clang-2100.3.34.2)"," -O3 -DNDEBUG",8,100000,pito,owned_local,ecs_create_owned_local,8,10,2,10.000000
aalair,"Apple M3",8,"Darwin 27.0.0 arm64","Apple LLVM 21.0.0 (clang-2100.3.34.2)"," -O3 -DNDEBUG",8,100000,pito,owned_local,ecs_create_owned_local,8,10,3,10.076000
aalair,"Apple M3",8,"Darwin 27.0.0 arm64","Apple LLVM 21.0.0 (clang-2100.3.34.2)"," -O3 -DNDEBUG",8,100000,pito,owned_local,ecs_create_owned_local,8,10,4,9.841000
aalair,"Apple M3",8,"Darwin 27.0.0 arm64","Apple LLVM 21.0.0 (clang-2100.3.34.2)"," -O3 -DNDEBUG",8,100000,pito,owned_local,ecs_create_owned_local,8,10,5,9.070000
aalair,"Apple M3",8,"Darwin 27.0.0 arm64","Apple LLVM 21.0.0 (clang-2100.3.34.2)"," -O3 -DNDEBUG",8,100000,pito,owned_local,ecs_create_owned_local,8,10,6,9.840000
aalair,"Apple M3",8,"Darwin 27.0.0 arm64","Apple LLVM 21.0.0 (clang-2100.3.34.2)"," -O3 -DNDEBUG",8,100000,pito,owned_local,ecs_create_owned_local,8,10,7,9.826000
aalair,"Apple M3",8,"Darwin 27.0.0 arm64","Apple LLVM 21.0.0 (clang-2100.3.34.2)"," -O3 -DNDEBUG",8,100000,pito,owned_local,ecs_create_owned_local,8,10,8,9.909000
aalair,"Apple M3",8,"Darwin 27.0.0 arm64","Apple LLVM 21.0.0 (clang-2100.3.34.2)"," -O3 -DNDEBUG",8,100000,pito,owned_local,ecs_create_owned_local,8,10,9,10.151000
aalair,"Apple M3",8,"Darwin 27.0.0 arm64","Apple LLVM 21.0.0 (clang-2100.3.34.2)"," -O3 -DNDEBUG",8,100000,pito,owned_local,ecs_create_owned_local,8,10,10,9.967000
aalair,"Apple M3",8,"Darwin 27.0.0 arm64","Apple LLVM 21.0.0 (clang-2100.3.34.2)"," -O3 -DNDEBUG",8,100000,pito,owned_local,ecs_create_owned_local,8,10,11,10.135000
aalair,"Apple M3",8,"Darwin 27.0.0 arm64","Apple LLVM 21.0.0 (clang-2100.3.34.2)"," -O3 -DNDEBUG",8,100000,pito,owned_local,ecs_create_owned_local,8,50,1,13.563000
aalair,"Apple M3",8,"Darwin 27.0.0 arm64","Apple LLVM 21.0.0 (clang-2100.3.34.2)"," -O3 -DNDEBUG",8,100000,pito,owned_local,ecs_create_owned_local,8,50,2,13.753000
aalair,"Apple M3",8,"Darwin 27.0.0 arm64","Apple LLVM 21.0.0 (clang-2100.3.34.2)"," -O3 -DNDEBUG",8,100000,pito,owned_local,ecs_create_owned_local,8,50,3,14.003000
aalair,"Apple M3",8,"Darwin 27.0.0 arm64","Apple LLVM 21.0.0 (clang-2100.3.34.2)"," -O3 -DNDEBUG",8,100000,pito,owned_local,ecs_create_owned_local,8,50,4,13.688000
aalair,"Apple M3",8,"Darwin 27.0.0 arm64","Apple LLVM 21.0.0 (clang-2100.3.34.2)"," -O3 -DNDEBUG",8,100000,pito,owned_local,ecs_create_owned_local,8,50,5,13.950000
aalair,"Apple M3",8,"Darwin 27.0.0 arm64","Apple LLVM 21.0.0 (clang-2100.3.34.2)"," -O3 -DNDEBUG",8,100000,pito,owned_local,ecs_create_owned_local,8,50,6,13.272000
aalair,"Apple M3",8,"Darwin 27.0.0 arm64","Apple LLVM 21.0.0 (clang-2100.3.34.2)"," -O3 -DNDEBUG",8,100000,pito,owned_local,ecs_create_owned_local,8,50,7,13.510000
aalair,"Apple M3",8,"Darwin 27.0.0 arm64","Apple LLVM 21.0.0 (clang-2100.3.34.2)"," -O3 -DNDEBUG",8,100000,pito,owned_local,ecs_create_owned_local,8,50,8,13.257000
aalair,"Apple M3",8,"Darwin 27.0.0 arm64","Apple LLVM 21.0.0 (clang-2100.3.34.2)"," -O3 -DNDEBUG",8,100000,pito,owned_local,ecs_create_owned_local,8,50,9,14.036000
aalair,"Apple M3",8,"Darwin 27.0.0 arm64","Apple LLVM 21.0.0 (clang-2100.3.34.2)"," -O3 -DNDEBUG",8,100000,pito,owned_local,ecs_create_owned_local,8,50,10,14.088000
aalair,"Apple M3",8,"Darwin 27.0.0 arm64","Apple LLVM 21.0.0 (clang-2100.3.34.2)"," -O3 -DNDEBUG",8,100000,pito,owned_local,ecs_create_owned_local,8,500,1,67.664000
aalair,"Apple M3",8,"Darwin 27.0.0 arm64","Apple LLVM 21.0.0 (clang-2100.3.34.2)"," -O3 -DNDEBUG",8,100000,pito,owned_local,ecs_create_owned_local,8,500,2,68.596000
aalair,"Apple M3",8,"Darwin 27.0.0 arm64","Apple LLVM 21.0.0 (clang-2100.3.34.2)"," -O3 -DNDEBUG",8,100000,pito,owned_local,ecs_create_owned_local,8,500,3,66.460000
aalair,"Apple M3",8,"Darwin 27.0.0 arm64","Apple LLVM 21.0.0 (clang-2100.3.34.2)"," -O3 -DNDEBUG",8,100000,pito,owned_local,ecs_create_owned_local,8,500,4,68.656000
aalair,"Apple M3",8,"Darwin 27.0.0 arm64","Apple LLVM 21.0.0 (clang-2100.3.34.2)"," -O3 -DNDEBUG",8,100000,pito,owned_local,ecs_create_owned_local,8,500,5,72.085000
aalair,"Apple M3",8,"Darwin 27.0.0 arm64","Apple LLVM 21.0.0 (clang-2100.3.34.2)"," -O3 -DNDEBUG",8,100000,pito,owned_local,ecs_create_owned_local,8,500,6,74.220000
aalair,"Apple M3",8,"Darwin 27.0.0 arm64","Apple LLVM 21.0.0 (clang-2100.3.34.2)"," -O3 -DNDEBUG",8,100000,pito,owned_local,ecs_create_owned_local,8,500,7,74.014000
aalair,"Apple M3",8,"Darwin 27.0.0 arm64","Apple LLVM 21.0.0 (clang-2100.3.34.2)"," -O3 -DNDEBUG",8,100000,pito,owned_local,ecs_create_owned_local,8,500,8,74.433000
aalair,"Apple M3",8,"Darwin 27.0.0 arm64","Apple LLVM 21.0.0 (clang-2100.3.34.2)"," -O3 -DNDEBUG",8,100000,pito,owned_local,ecs_create_owned_local,8,500,9,77.795000
aalair,"Apple M3",8,"Darwin 27.0.0 arm64","Apple LLVM 21.0.0 (clang-2100.3.34.2)"," -O3 -DNDEBUG",8,100000,pito,owned_local,ecs_create_owned_local,8,500,10,69.513000
aalair,"Apple M3",8,"Darwin 27.0.0 arm64","Apple LLVM 21.0.0 (clang-2100.3.34.2)"," -O3 -DNDEBUG",8,100000,pito,owned_local,ecs_create_owned_local,8,500,11,69.982000
aalair,"Apple M3",8,"Darwin 27.0.0 arm64","Apple LLVM 21.0.0 (clang-2100.3.34.2)"," -O3 -DNDEBUG",8,100000,pito,owned_local,ecs_create_owned_local,8,500,12,72.480000
aalair,"Apple M3",8,"Darwin 27.0.0 arm64","Apple LLVM 21.0.0 (clang-2100.3.34.2)"," -O3 -DNDEBUG",8,100000,pito,owned_local,ecs_flush_owned,1,0,1,14.578000
aalair,"Apple M3",8,"Darwin 27.0.0 arm64","Apple LLVM 21.0.0 (clang-2100.3.34.2)"," -O3 -DNDEBUG",8,100000,pito,owned_local,ecs_flush_owned,1,0,2,14.623000
aalair,"Apple M3",8,"Darwin 27.0.0 arm64","Apple LLVM 21.0.0 (clang-2100.3.34.2)"," -O3 -DNDEBUG",8,100000,pito,owned_local,ecs_flush_owned,1,0,3,14.622000
aalair,"Apple M3",8,"Darwin 27.0.0 arm64","Apple LLVM 21.0.0 (clang-2100.3.34.2)"," -O3 -DNDEBUG",8,100000,pito,owned_local,ecs_flush_owned,1,0,4,14.593000
aalair,"Apple M3",8,"Darwin 27.0.0 arm64","Apple LLVM 21.0.0 (clang-2100.3.34.2)"," -O3 -DNDEBUG",8,100000,pito,owned_local,ecs_flush_owned,1,0,5,14.592000
aalair,"Apple M3",8,"Darwin 27.0.0 arm64","Apple LLVM 21.0.0 (clang-2100.3.34.2)"," -O3 -DNDEBUG",8,100000,pito,owned_local,ecs_flush_owned,1,0,6,14.593000
aalair,"Apple M3",8,"Darwin 27.0.0 arm64","Apple LLVM 21.0.0 (clang-2100.3.34.2)"," -O3 -DNDEBUG",8,100000,pito,owned_local,ecs_flush_owned,1,0,7,14.579000
aalair,"Apple M3",8,"Darwin 27.0.0 arm64","Apple LLVM 21.0.0 (clang-2100.3.34.2)"," -O3 -DNDEBUG",8,100000,pito,owned_local,ecs_flush_owned,1,0,8,14.571000
aalair,"Apple M3",8,"Darwin 27.0.0 arm64","Apple LLVM 21.0.0 (clang-2100.3.34.2)"," -O3 -DNDEBUG",8,100000,pito,owned_local,ecs_flush_owned,1,0,9,14.603000
aalair,"Apple M3",8,"Darwin 27.0.0 arm64","Apple LLVM 21.0.0 (clang-2100.3.34.2)"," -O3 -DNDEBUG",8,100000,pito,owned_local,ecs_flush_owned,1,0,10,14.590000
aalair,"Apple M3",8,"Darwin 27.0.0 arm64","Apple LLVM 21.0.0 (clang-2100.3.34.2)"," -O3 -DNDEBUG",8,100000,pito,owned_local,ecs_flush_owned,1,10,1,15.944000
aalair,"Apple M3",8,"Darwin 27.0.0 arm64","Apple LLVM 21.0.0 (clang-2100.3.34.2)"," -O3 -DNDEBUG",8,100000,pito,owned_local,ecs_flush_owned,1,10,2,15.740000
aalair,"Apple M3",8,"Darwin 27.0.0 arm64","Apple LLVM 21.0.0 (clang-2100.3.34.2)"," -O3 -DNDEBUG",8,100000,pito,owned_local,ecs_flush_owned,1,10,3,15.241000
aalair,"Apple M3",8,"Darwin 27.0.0 arm64","Apple LLVM 21.0.0 (clang-2100.3.34.2)"," -O3 -DNDEBUG",8,100000,pito,owned_local,ecs_flush_owned,1,10,4,15.276000
aalair,"Apple M3",8,"Darwin 27.0.0 arm64","Apple LLVM 21.0.0 (clang-2100.3.34.2)"," -O3 -DNDEBUG",8,100000,pito,owned_local,ecs_flush_owned,1,10,5,15.266000
aalair,"Apple M3",8,"Darwin 27.0.0 arm64","Apple LLVM 21.0.0 (clang-2100.3.34.2)"," -O3 -DNDEBUG",8,100000,pito,owned_local,ecs_flush_owned,1,10,6,15.268000
aalair,"Apple M3",8,"Darwin 27.0.0 arm64","Apple LLVM 21.0.0 (clang-2100.3.34.2)"," -O3 -DNDEBUG",8,100000,pito,owned_local,ecs_flush_owned,1,10,7,15.220000
aalair,"Apple M3",8,"Darwin 27.0.0 arm64","Apple LLVM 21.0.0 (clang-2100.3.34.2)"," -O3 -DNDEBUG",8,100000,pito,owned_local,ecs_flush_owned,1,10,8,15.245000
aalair,"Apple M3",8,"Darwin 27.0.0 arm64","Apple LLVM 21.0.0 (clang-2100.3.34.2)"," -O3 -DNDEBUG",8,100000,pito,owned_local,ecs_flush_owned,1,10,9,15.263000
aalair,"Apple M3",8,"Darwin 27.0.0 arm64","Apple LLVM 21.0.0 (clang-2100.3.34.2)"," -O3 -DNDEBUG",8,100000,pito,owned_local,ecs_flush_owned,1,10,10,15.261000
aalair,"Apple M3",8,"Darwin 27.0.0 arm64","Apple LLVM 21.0.0 (clang-2100.3.34.2)"," -O3 -DNDEBUG",8,100000,pito,owned_local,ecs_flush_owned,1,50,1,32.075000
aalair,"Apple M3",8,"Darwin 27.0.0 arm64","Apple LLVM 21.0.0 (clang-2100.3.34.2)"," -O3 -DNDEBUG",8,100000,pito,owned_local,ecs_flush_owned,1,50,2,31.967000
aalair,"Apple M3",8,"Darwin 27.0.0 arm64","Apple LLVM 21.0.0 (clang-2100.3.34.2)"," -O3 -DNDEBUG",8,100000,pito,owned_local,ecs_flush_owned,1,50,3,32.034000
aalair,"Apple M3",8,"Darwin 27.0.0 arm64","Apple LLVM 21.0.0 (clang-2100.3.34.2)"," -O3 -DNDEBUG",8,100000,pito,owned_local,ecs_flush_owned,1,50,4,32.007000
aalair,"Apple M3",8,"Darwin 27.0.0 arm64","Apple LLVM 21.0.0 (clang-2100.3.34.2)"," -O3 -DNDEBUG",8,100000,pito,owned_local,ecs_flush_owned,1,50,5,31.975000
aalair,"Apple M3",8,"Darwin 27.0.0 arm64","Apple LLVM 21.0.0 (clang-2100.3.34.2)"," -O3 -DNDEBUG",8,100000,pito,owned_local,ecs_flush_owned,1,50,6,31.974000
aalair,"Apple M3",8,"Darwin 27.0.0 arm64","Apple LLVM 21.0.0 (clang-2100.3.34.2)"," -O3 -DNDEBUG",8,100000,pito,owned_local,ecs_flush_owned,1,50,7,31.801000
aalair,"Apple M3",8,"Darwin 27.0.0 arm64","Apple LLVM 21.0.0 (clang-2100.3.34.2)"," -O3 -DNDEBUG",8,100000,pito,owned_local,ecs_flush_owned,1,50,8,31.863000
aalair,"Apple M3",8,"Darwin 27.0.0 arm64","Apple LLVM 21.0.0 (clang-2100.3.34.2)"," -O3 -DNDEBUG",8,100000,pito,owned_local,ecs_flush_owned,1,50,9,31.489000
aalair,"Apple M3",8,"Darwin 27.0.0 arm64","Apple LLVM 21.0.0 (clang-2100.3.34.2)"," -O3 -DNDEBUG",8,100000,pito,owned_local,ecs_flush_owned,1,50,10,31.635000
aalair,"Apple M3",8,"Darwin 27.0.0 arm64","Apple LLVM 21.0.0 (clang-2100.3.34.2)"," -O3 -DNDEBUG",8,100000,pito,owned_local,ecs_flush_owned,1,500,1,360.348000
aalair,"Apple M3",8,"Darwin 27.0.0 arm64","Apple LLVM 21.0.0 (clang-2100.3.34.2)"," -O3 -DNDEBUG",8,100000,pito,owned_local,ecs_flush_owned,1,500,2,360.448000
aalair,"Apple M3",8,"Darwin 27.0.0 arm64","Apple LLVM 21.0.0 (clang-2100.3.34.2)"," -O3 -DNDEBUG",8,100000,pito,owned_local,ecs_flush_owned,1,500,3,360.593000
aalair,"Apple M3",8,"Darwin 27.0.0 arm64","Apple LLVM 21.0.0 (clang-2100.3.34.2)"," -O3 -DNDEBUG",8,100000,pito,owned_local,ecs_flush_owned,1,500,4,360.133000
aalair,"Apple M3",8,"Darwin 27.0.0 arm64","Apple LLVM 21.0.0 (clang-2100.3.34.2)"," -O3 -DNDEBUG",8,100000,pito,owned_local,ecs_flush_owned,1,500,5,360.407000
aalair,"Apple M3",8,"Darwin 27.0.0 arm64","Apple LLVM 21.0.0 (clang-2100.3.34.2)"," -O3 -DNDEBUG",8,100000,pito,owned_local,ecs_flush_owned,1,500,6,360.447000
aalair,"Apple M3",8,"Darwin 27.0.0 arm64","Apple LLVM 21.0.0 (clang-2100.3.34.2)"," -O3 -DNDEBUG",8,100000,pito,owned_local,ecs_flush_owned,1,500,7,360.200000
aalair,"Apple M3",8,"Darwin 27.0.0 arm64","Apple LLVM 21.0.0 (clang-2100.3.34.2)"," -O3 -DNDEBUG",8,100000,pito,owned_local,ecs_flush_owned,1,500,8,360.711000
aalair,"Apple M3",8,"Darwin 27.0.0 arm64","Apple LLVM 21.0.0 (clang-2100.3.34.2)"," -O3 -DNDEBUG",8,100000,pito,owned_local,ecs_flush_owned,1,500,9,360.230000
aalair,"Apple M3",8,"Darwin 27.0.0 arm64","Apple LLVM 21.0.0 (clang-2100.3.34.2)"," -O3 -DNDEBUG",8,100000,pito,owned_local,ecs_flush_owned,1,500,10,360.547000
aalair,"Apple M3",8,"Darwin 27.0.0 arm64","Apple LLVM 21.0.0 (clang-2100.3.34.2)"," -O3 -DNDEBUG",8,100000,pito,owned_local,ecs_flush_owned,2,0,1,11.444000
aalair,"Apple M3",8,"Darwin 27.0.0 arm64","Apple LLVM 21.0.0 (clang-2100.3.34.2)"," -O3 -DNDEBUG",8,100000,pito,owned_local,ecs_flush_owned,2,0,2,11.508000
aalair,"Apple M3",8,"Darwin 27.0.0 arm64","Apple LLVM 21.0.0 (clang-2100.3.34.2)"," -O3 -DNDEBUG",8,100000,pito,owned_local,ecs_flush_owned,2,0,3,11.513000
aalair,"Apple M3",8,"Darwin 27.0.0 arm64","Apple LLVM 21.0.0 (clang-2100.3.34.2)"," -O3 -DNDEBUG",8,100000,pito,owned_local,ecs_flush_owned,2,0,4,11.524000
aalair,"Apple M3",8,"Darwin 27.0.0 arm64","Apple LLVM 21.0.0 (clang-2100.3.34.2)"," -O3 -DNDEBUG",8,100000,pito,owned_local,ecs_flush_owned,2,0,5,11.488000
aalair,"Apple M3",8,"Darwin 27.0.0 arm64","Apple LLVM 21.0.0 (clang-2100.3.34.2)"," -O3 -DNDEBUG",8,100000,pito,owned_local,ecs_flush_owned,2,0,6,11.489000
aalair,"Apple M3",8,"Darwin 27.0.0 arm64","Apple LLVM 21.0.0 (clang-2100.3.34.2)"," -O3 -DNDEBUG",8,100000,pito,owned_local,ecs_flush_owned,2,0,7,11.553000
aalair,"Apple M3",8,"Darwin 27.0.0 arm64","Apple LLVM 21.0.0 (clang-2100.3.34.2)"," -O3 -DNDEBUG",8,100000,pito,owned_local,ecs_flush_owned,2,0,8,11.497000
aalair,"Apple M3",8,"Darwin 27.0.0 arm64","Apple LLVM 21.0.0 (clang-2100.3.34.2)"," -O3 -DNDEBUG",8,100000,pito,owned_local,ecs_flush_owned,2,0,9,11.527000
aalair,"Apple M3",8,"Darwin 27.0.0 arm64","Apple LLVM 21.0.0 (clang-2100.3.34.2)"," -O3 -DNDEBUG",8,100000,pito,owned_local,ecs_flush_owned,2,0,10,11.535000
aalair,"Apple M3",8,"Darwin 27.0.0 arm64","Apple LLVM 21.0.0 (clang-2100.3.34.2)"," -O3 -DNDEBUG",8,100000,pito,owned_local,ecs_flush_owned,2,10,1,12.273000
aalair,"Apple M3",8,"Darwin 27.0.0 arm64","Apple LLVM 21.0.0 (clang-2100.3.34.2)"," -O3 -DNDEBUG",8,100000,pito,owned_local,ecs_flush_owned,2,10,2,12.254000
aalair,"Apple M3",8,"Darwin 27.0.0 arm64","Apple LLVM 21.0.0 (clang-2100.3.34.2)"," -O3 -DNDEBUG",8,100000,pito,owned_local,ecs_flush_owned,2,10,3,12.276000
aalair,"Apple M3",8,"Darwin 27.0.0 arm64","Apple LLVM 21.0.0 (clang-2100.3.34.2)"," -O3 -DNDEBUG",8,100000,pito,owned_local,ecs_flush_owned,2,10,4,12.285000
aalair,"Apple M3",8,"Darwin 27.0.0 arm64","Apple LLVM 21.0.0 (clang-2100.3.34.2)"," -O3 -DNDEBUG",8,100000,pito,owned_local,ecs_flush_owned,2,10,5,12.297000
aalair,"Apple M3",8,"Darwin 27.0.0 arm64","Apple LLVM 21.0.0 (clang-2100.3.34.2)"," -O3 -DNDEBUG",8,100000,pito,owned_local,ecs_flush_owned,2,10,6,12.299000
aalair,"Apple M3",8,"Darwin 27.0.0 arm64","Apple LLVM 21.0.0 (clang-2100.3.34.2)"," -O3 -DNDEBUG",8,100000,pito,owned_local,ecs_flush_owned,2,10,7,12.286000
aalair,"Apple M3",8,"Darwin 27.0.0 arm64","Apple LLVM 21.0.0 (clang-2100.3.34.2)"," -O3 -DNDEBUG",8,100000,pito,owned_local,ecs_flush_owned,2,10,8,12.292000
aalair,"Apple M3",8,"Darwin 27.0.0 arm64","Apple LLVM 21.0.0 (clang-2100.3.34.2)"," -O3 -DNDEBUG",8,100000,pito,owned_local,ecs_flush_owned,2,10,9,12.278000
aalair,"Apple M3",8,"Darwin 27.0.0 arm64","Apple LLVM 21.0.0 (clang-2100.3.34.2)"," -O3 -DNDEBUG",8,100000,pito,owned_local,ecs_flush_owned,2,10,10,12.295000
aalair,"Apple M3",8,"Darwin 27.0.0 arm64","Apple LLVM 21.0.0 (clang-2100.3.34.2)"," -O3 -DNDEBUG",8,100000,pito,owned_local,ecs_flush_owned,2,50,1,20.560000
aalair,"Apple M3",8,"Darwin 27.0.0 arm64","Apple LLVM 21.0.0 (clang-2100.3.34.2)"," -O3 -DNDEBUG",8,100000,pito,owned_local,ecs_flush_owned,2,50,2,20.391000
aalair,"Apple M3",8,"Darwin 27.0.0 arm64","Apple LLVM 21.0.0 (clang-2100.3.34.2)"," -O3 -DNDEBUG",8,100000,pito,owned_local,ecs_flush_owned,2,50,3,20.446000
aalair,"Apple M3",8,"Darwin 27.0.0 arm64","Apple LLVM 21.0.0 (clang-2100.3.34.2)"," -O3 -DNDEBUG",8,100000,pito,owned_local,ecs_flush_owned,2,50,4,20.413000
aalair,"Apple M3",8,"Darwin 27.0.0 arm64","Apple LLVM 21.0.0 (clang-2100.3.34.2)"," -O3 -DNDEBUG",8,100000,pito,owned_local,ecs_flush_owned,2,50,5,20.460000
aalair,"Apple M3",8,"Darwin 27.0.0 arm64","Apple LLVM 21.0.0 (clang-2100.3.34.2)"," -O3 -DNDEBUG",8,100000,pito,owned_local,ecs_flush_owned,2,50,6,20.409000
aalair,"Apple M3",8,"Darwin 27.0.0 arm64","Apple LLVM 21.0.0 (clang-2100.3.34.2)"," -O3 -DNDEBUG",8,100000,pito,owned_local,ecs_flush_owned,2,50,7,20.446000
aalair,"Apple M3",8,"Darwin 27.0.0 arm64","Apple LLVM 21.0.0 (clang-2100.3.34.2)"," -O3 -DNDEBUG",8,100000,pito,owned_local,ecs_flush_owned,2,50,8,20.522000
aalair,"Apple M3",8,"Darwin 27.0.0 arm64","Apple LLVM 21.0.0 (clang-2100.3.34.2)"," -O3 -DNDEBUG",8,100000,pito,owned_local,ecs_flush_owned,2,50,9,20.529000
aalair,"Apple M3",8,"Darwin 27.0.0 arm64","Apple LLVM 21.0.0 (clang-2100.3.34.2)"," -O3 -DNDEBUG",8,100000,pito,owned_local,ecs_flush_owned,2,50,10,20.458000
aalair,"Apple M3",8,"Darwin 27.0.0 arm64","Apple LLVM 21.0.0 (clang-2100.3.34.2)"," -O3 -DNDEBUG",8,100000,pito,owned_local,ecs_flush_owned,2,500,1,189.104000
aalair,"Apple M3",8,"Darwin 27.0.0 arm64","Apple LLVM 21.0.0 (clang-2100.3.34.2)"," -O3 -DNDEBUG",8,100000,pito,owned_local,ecs_flush_owned,2,500,2,188.908000
aalair,"Apple M3",8,"Darwin 27.0.0 arm64","Apple LLVM 21.0.0 (clang-2100.3.34.2)"," -O3 -DNDEBUG",8,100000,pito,owned_local,ecs_flush_owned,2,500,3,189.417000
aalair,"Apple M3",8,"Darwin 27.0.0 arm64","Apple LLVM 21.0.0 (clang-2100.3.34.2)"," -O3 -DNDEBUG",8,100000,pito,owned_local,ecs_flush_owned,2,500,4,189.268000
aalair,"Apple M3",8,"Darwin 27.0.0 arm64","Apple LLVM 21.0.0 (clang-2100.3.34.2)"," -O3 -DNDEBUG",8,100000,pito,owned_local,ecs_flush_owned,2,500,5,189.194000
aalair,"Apple M3",8,"Darwin 27.0.0 arm64","Apple LLVM 21.0.0 (clang-2100.3.34.2)"," -O3 -DNDEBUG",8,100000,pito,owned_local,ecs_flush_owned,2,500,6,189.579000
aalair,"Apple M3",8,"Darwin 27.0.0 arm64","Apple LLVM 21.0.0 (clang-2100.3.34.2)"," -O3 -DNDEBUG",8,100000,pito,owned_local,ecs_flush_owned,2,500,7,189.172000
aalair,"Apple M3",8,"Darwin 27.0.0 arm64","Apple LLVM 21.0.0 (clang-2100.3.34.2)"," -O3 -DNDEBUG",8,100000,pito,owned_local,ecs_flush_owned,2,500,8,189.399000
aalair,"Apple M3",8,"Darwin 27.0.0 arm64","Apple LLVM 21.0.0 (clang-2100.3.34.2)"," -O3 -DNDEBUG",8,100000,pito,owned_local,ecs_flush_owned,2,500,9,189.134000
aalair,"Apple M3",8,"Darwin 27.0.0 arm64","Apple LLVM 21.0.0 (clang-2100.3.34.2)"," -O3 -DNDEBUG",8,100000,pito,owned_local,ecs_flush_owned,2,500,10,189.356000
aalair,"Apple M3",8,"Darwin 27.0.0 arm64","Apple LLVM 21.0.0 (clang-2100.3.34.2)"," -O3 -DNDEBUG",8,100000,pito,owned_local,ecs_flush_owned,4,0,1,10.991000
aalair,"Apple M3",8,"Darwin 27.0.0 arm64","Apple LLVM 21.0.0 (clang-2100.3.34.2)"," -O3 -DNDEBUG",8,100000,pito,owned_local,ecs_flush_owned,4,0,2,11.013000
aalair,"Apple M3",8,"Darwin 27.0.0 arm64","Apple LLVM 21.0.0 (clang-2100.3.34.2)"," -O3 -DNDEBUG",8,100000,pito,owned_local,ecs_flush_owned,4,0,3,10.978000
aalair,"Apple M3",8,"Darwin 27.0.0 arm64","Apple LLVM 21.0.0 (clang-2100.3.34.2)"," -O3 -DNDEBUG",8,100000,pito,owned_local,ecs_flush_owned,4,0,4,11.024000
aalair,"Apple M3",8,"Darwin 27.0.0 arm64","Apple LLVM 21.0.0 (clang-2100.3.34.2)"," -O3 -DNDEBUG",8,100000,pito,owned_local,ecs_flush_owned,4,0,5,10.960000
aalair,"Apple M3",8,"Darwin 27.0.0 arm64","Apple LLVM 21.0.0 (clang-2100.3.34.2)"," -O3 -DNDEBUG",8,100000,pito,owned_local,ecs_flush_owned,4,0,6,11.012000
aalair,"Apple M3",8,"Darwin 27.0.0 arm64","Apple LLVM 21.0.0 (clang-2100.3.34.2)"," -O3 -DNDEBUG",8,100000,pito,owned_local,ecs_flush_owned,4,0,7,11.003000
aalair,"Apple M3",8,"Darwin 27.0.0 arm64","Apple LLVM 21.0.0 (clang-2100.3.34.2)"," -O3 -DNDEBUG",8,100000,pito,owned_local,ecs_flush_owned,4,0,8,10.945000
aalair,"Apple M3",8,"Darwin 27.0.0 arm64","Apple LLVM 21.0.0 (clang-2100.3.34.2)"," -O3 -DNDEBUG",8,100000,pito,owned_local,ecs_flush_owned,4,0,9,10.969000
aalair,"Apple M3",8,"Darwin 27.0.0 arm64","Apple LLVM 21.0.0 (clang-2100.3.34.2)"," -O3 -DNDEBUG",8,100000,pito,owned_local,ecs_flush_owned,4,0,10,11.010000
aalair,"Apple M3",8,"Darwin 27.0.0 arm64","Apple LLVM 21.0.0 (clang-2100.3.34.2)"," -O3 -DNDEBUG",8,100000,pito,owned_local,ecs_flush_owned,4,10,1,11.537000
aalair,"Apple M3",8,"Darwin 27.0.0 arm64","Apple LLVM 21.0.0 (clang-2100.3.34.2)"," -O3 -DNDEBUG",8,100000,pito,owned_local,ecs_flush_owned,4,10,2,11.530000
aalair,"Apple M3",8,"Darwin 27.0.0 arm64","Apple LLVM 21.0.0 (clang-2100.3.34.2)"," -O3 -DNDEBUG",8,100000,pito,owned_local,ecs_flush_owned,4,10,3,11.597000
aalair,"Apple M3",8,"Darwin 27.0.0 arm64","Apple LLVM 21.0.0 (clang-2100.3.34.2)"," -O3 -DNDEBUG",8,100000,pito,owned_local,ecs_flush_owned,4,10,4,11.619000
aalair,"Apple M3",8,"Darwin 27.0.0 arm64","Apple LLVM 21.0.0 (clang-2100.3.34.2)"," -O3 -DNDEBUG",8,100000,pito,owned_local,ecs_flush_owned,4,10,5,11.550000
aalair,"Apple M3",8,"Darwin 27.0.0 arm64","Apple LLVM 21.0.0 (clang-2100.3.34.2)"," -O3 -DNDEBUG",8,100000,pito,owned_local,ecs_flush_owned,4,10,6,11.709000
aalair,"Apple M3",8,"Darwin 27.0.0 arm64","Apple LLVM 21.0.0 (clang-2100.3.34.2)"," -O3 -DNDEBUG",8,100000,pito,owned_local,ecs_flush_owned,4,10,7,11.578000
aalair,"Apple M3",8,"Darwin 27.0.0 arm64","Apple LLVM 21.0.0 (clang-2100.3.34.2)"," -O3 -DNDEBUG",8,100000,pito,owned_local,ecs_flush_owned,4,10,8,11.575000
aalair,"Apple M3",8,"Darwin 27.0.0 arm64","Apple LLVM 21.0.0 (clang-2100.3.34.2)"," -O3 -DNDEBUG",8,100000,pito,owned_local,ecs_flush_owned,4,10,9,11.552000
aalair,"Apple M3",8,"Darwin 27.0.0 arm64","Apple LLVM 21.0.0 (clang-2100.3.34.2)"," -O3 -DNDEBUG",8,100000,pito,owned_local,ecs_flush_owned,4,10,10,11.591000
aalair,"Apple M3",8,"Darwin 27.0.0 arm64","Apple LLVM 21.0.0 (clang-2100.3.34.2)"," -O3 -DNDEBUG",8,100000,pito,owned_local,ecs_flush_owned,4,50,1,15.471000
aalair,"Apple M3",8,"Darwin 27.0.0 arm64","Apple LLVM 21.0.0 (clang-2100.3.34.2)"," -O3 -DNDEBUG",8,100000,pito,owned_local,ecs_flush_owned,4,50,2,15.924000
aalair,"Apple M3",8,"Darwin 27.0.0 arm64","Apple LLVM 21.0.0 (clang-2100.3.34.2)"," -O3 -DNDEBUG",8,100000,pito,owned_local,ecs_flush_owned,4,50,3,15.660000
aalair,"Apple M3",8,"Darwin 27.0.0 arm64","Apple LLVM 21.0.0 (clang-2100.3.34.2)"," -O3 -DNDEBUG",8,100000,pito,owned_local,ecs_flush_owned,4,50,4,15.588000
aalair,"Apple M3",8,"Darwin 27.0.0 arm64","Apple LLVM 21.0.0 (clang-2100.3.34.2)"," -O3 -DNDEBUG",8,100000,pito,owned_local,ecs_flush_owned,4,50,5,15.613000
aalair,"Apple M3",8,"Darwin 27.0.0 arm64","Apple LLVM 21.0.0 (clang-2100.3.34.2)"," -O3 -DNDEBUG",8,100000,pito,owned_local,ecs_flush_owned,4,50,6,15.566000
aalair,"Apple M3",8,"Darwin 27.0.0 arm64","Apple LLVM 21.0.0 (clang-2100.3.34.2)"," -O3 -DNDEBUG",8,100000,pito,owned_local,ecs_flush_owned,4,50,7,15.663000
aalair,"Apple M3",8,"Darwin 27.0.0 arm64","Apple LLVM 21.0.0 (clang-2100.3.34.2)"," -O3 -DNDEBUG",8,100000,pito,owned_local,ecs_flush_owned,4,50,8,17.529000
aalair,"Apple M3",8,"Darwin 27.0.0 arm64","Apple LLVM 21.0.0 (clang-2100.3.34.2)"," -O3 -DNDEBUG",8,100000,pito,owned_local,ecs_flush_owned,4,50,9,16.853000
aalair,"Apple M3",8,"Darwin 27.0.0 arm64","Apple LLVM 21.0.0 (clang-2100.3.34.2)"," -O3 -DNDEBUG",8,100000,pito,owned_local,ecs_flush_owned,4,50,10,16.172000
aalair,"Apple M3",8,"Darwin 27.0.0 arm64","Apple LLVM 21.0.0 (clang-2100.3.34.2)"," -O3 -DNDEBUG",8,100000,pito,owned_local,ecs_flush_owned,4,50,11,15.402000
aalair,"Apple M3",8,"Darwin 27.0.0 arm64","Apple LLVM 21.0.0 (clang-2100.3.34.2)"," -O3 -DNDEBUG",8,100000,pito,owned_local,ecs_flush_owned,4,50,12,15.723000
aalair,"Apple M3",8,"Darwin 27.0.0 arm64","Apple LLVM 21.0.0 (clang-2100.3.34.2)"," -O3 -DNDEBUG",8,100000,pito,owned_local,ecs_flush_owned,4,50,13,15.250000
aalair,"Apple M3",8,"Darwin 27.0.0 arm64","Apple LLVM 21.0.0 (clang-2100.3.34.2)"," -O3 -DNDEBUG",8,100000,pito,owned_local,ecs_flush_owned,4,50,14,15.346000
aalair,"Apple M3",8,"Darwin 27.0.0 arm64","Apple LLVM 21.0.0 (clang-2100.3.34.2)"," -O3 -DNDEBUG",8,100000,pito,owned_local,ecs_flush_owned,4,500,1,106.933000
aalair,"Apple M3",8,"Darwin 27.0.0 arm64","Apple LLVM 21.0.0 (clang-2100.3.34.2)"," -O3 -DNDEBUG",8,100000,pito,owned_local,ecs_flush_owned,4,500,2,106.952000
aalair,"Apple M3",8,"Darwin 27.0.0 arm64","Apple LLVM 21.0.0 (clang-2100.3.34.2)"," -O3 -DNDEBUG",8,100000,pito,owned_local,ecs_flush_owned,4,500,3,106.902000
aalair,"Apple M3",8,"Darwin 27.0.0 arm64","Apple LLVM 21.0.0 (clang-2100.3.34.2)"," -O3 -DNDEBUG",8,100000,pito,owned_local,ecs_flush_owned,4,500,4,106.915000
aalair,"Apple M3",8,"Darwin 27.0.0 arm64","Apple LLVM 21.0.0 (clang-2100.3.34.2)"," -O3 -DNDEBUG",8,100000,pito,owned_local,ecs_flush_owned,4,500,5,106.891000
aalair,"Apple M3",8,"Darwin 27.0.0 arm64","Apple LLVM 21.0.0 (clang-2100.3.34.2)"," -O3 -DNDEBUG",8,100000,pito,owned_local,ecs_flush_owned,4,500,6,106.932000
aalair,"Apple M3",8,"Darwin 27.0.0 arm64","Apple LLVM 21.0.0 (clang-2100.3.34.2)"," -O3 -DNDEBUG",8,100000,pito,owned_local,ecs_flush_owned,4,500,7,106.886000
aalair,"Apple M3",8,"Darwin 27.0.0 arm64","Apple LLVM 21.0.0 (clang-2100.3.34.2)"," -O3 -DNDEBUG",8,100000,pito,owned_local,ecs_flush_owned,4,500,8,107.166000
aalair,"Apple M3",8,"Darwin 27.0.0 arm64","Apple LLVM 21.0.0 (clang-2100.3.34.2)"," -O3 -DNDEBUG",8,100000,pito,owned_local,ecs_flush_owned,4,500,9,106.904000
aalair,"Apple M3",8,"Darwin 27.0.0 arm64","Apple LLVM 21.0.0 (clang-2100.3.34.2)"," -O3 -DNDEBUG",8,100000,pito,owned_local,ecs_flush_owned,4,500,10,106.892000
aalair,"Apple M3",8,"Darwin 27.0.0 arm64","Apple LLVM 21.0.0 (clang-2100.3.34.2)"," -O3 -DNDEBUG",8,100000,pito,owned_local,ecs_flush_owned,8,0,1,11.485000
aalair,"Apple M3",8,"Darwin 27.0.0 arm64","Apple LLVM 21.0.0 (clang-2100.3.34.2)"," -O3 -DNDEBUG",8,100000,pito,owned_local,ecs_flush_owned,8,0,2,11.689000
aalair,"Apple M3",8,"Darwin 27.0.0 arm64","Apple LLVM 21.0.0 (clang-2100.3.34.2)"," -O3 -DNDEBUG",8,100000,pito,owned_local,ecs_flush_owned,8,0,3,10.777000
aalair,"Apple M3",8,"Darwin 27.0.0 arm64","Apple LLVM 21.0.0 (clang-2100.3.34.2)"," -O3 -DNDEBUG",8,100000,pito,owned_local,ecs_flush_owned,8,0,4,10.621000
aalair,"Apple M3",8,"Darwin 27.0.0 arm64","Apple LLVM 21.0.0 (clang-2100.3.34.2)"," -O3 -DNDEBUG",8,100000,pito,owned_local,ecs_flush_owned,8,0,5,11.006000
aalair,"Apple M3",8,"Darwin 27.0.0 arm64","Apple LLVM 21.0.0 (clang-2100.3.34.2)"," -O3 -DNDEBUG",8,100000,pito,owned_local,ecs_flush_owned,8,0,6,11.077000
aalair,"Apple M3",8,"Darwin 27.0.0 arm64","Apple LLVM 21.0.0 (clang-2100.3.34.2)"," -O3 -DNDEBUG",8,100000,pito,owned_local,ecs_flush_owned,8,0,7,10.943000
aalair,"Apple M3",8,"Darwin 27.0.0 arm64","Apple LLVM 21.0.0 (clang-2100.3.34.2)"," -O3 -DNDEBUG",8,100000,pito,owned_local,ecs_flush_owned,8,0,8,11.308000
aalair,"Apple M3",8,"Darwin 27.0.0 arm64","Apple LLVM 21.0.0 (clang-2100.3.34.2)"," -O3 -DNDEBUG",8,100000,pito,owned_local,ecs_flush_owned,8,0,9,11.167000
aalair,"Apple M3",8,"Darwin 27.0.0 arm64","Apple LLVM 21.0.0 (clang-2100.3.34.2)"," -O3 -DNDEBUG",8,100000,pito,owned_local,ecs_flush_owned,8,0,10,10.762000
aalair,"Apple M3",8,"Darwin 27.0.0 arm64","Apple LLVM 21.0.0 (clang-2100.3.34.2)"," -O3 -DNDEBUG",8,100000,pito,owned_local,ecs_flush_owned,8,0,11,11.195000
aalair,"Apple M3",8,"Darwin 27.0.0 arm64","Apple LLVM 21.0.0 (clang-2100.3.34.2)"," -O3 -DNDEBUG",8,100000,pito,owned_local,ecs_flush_owned,8,10,1,11.384000
aalair,"Apple M3",8,"Darwin 27.0.0 arm64","Apple LLVM 21.0.0 (clang-2100.3.34.2)"," -O3 -DNDEBUG",8,100000,pito,owned_local,ecs_flush_owned,8,10,2,11.591000
aalair,"Apple M3",8,"Darwin 27.0.0 arm64","Apple LLVM 21.0.0 (clang-2100.3.34.2)"," -O3 -DNDEBUG",8,100000,pito,owned_local,ecs_flush_owned,8,10,3,11.401000
aalair,"Apple M3",8,"Darwin 27.0.0 arm64","Apple LLVM 21.0.0 (clang-2100.3.34.2)"," -O3 -DNDEBUG",8,100000,pito,owned_local,ecs_flush_owned,8,10,4,11.765000
aalair,"Apple M3",8,"Darwin 27.0.0 arm64","Apple LLVM 21.0.0 (clang-2100.3.34.2)"," -O3 -DNDEBUG",8,100000,pito,owned_local,ecs_flush_owned,8,10,5,11.650000
aalair,"Apple M3",8,"Darwin 27.0.0 arm64","Apple LLVM 21.0.0 (clang-2100.3.34.2)"," -O3 -DNDEBUG",8,100000,pito,owned_local,ecs_flush_owned,8,10,6,11.327000
aalair,"Apple M3",8,"Darwin 27.0.0 arm64","Apple LLVM 21.0.0 (clang-2100.3.34.2)"," -O3 -DNDEBUG",8,100000,pito,owned_local,ecs_flush_owned,8,10,7,11.692000
aalair,"Apple M3",8,"Darwin 27.0.0 arm64","Apple LLVM 21.0.0 (clang-2100.3.34.2)"," -O3 -DNDEBUG",8,100000,pito,owned_local,ecs_flush_owned,8,10,8,11.660000
aalair,"Apple M3",8,"Darwin 27.0.0 arm64","Apple LLVM 21.0.0 (clang-2100.3.34.2)"," -O3 -DNDEBUG",8,100000,pito,owned_local,ecs_flush_owned,8,10,9,11.886000
aalair,"Apple M3",8,"Darwin 27.0.0 arm64","Apple LLVM 21.0.0 (clang-2100.3.34.2)"," -O3 -DNDEBUG",8,100000,pito,owned_local,ecs_flush_owned,8,10,10,11.723000
aalair,"Apple M3",8,"Darwin 27.0.0 arm64","Apple LLVM 21.0.0 (clang-2100.3.34.2)"," -O3 -DNDEBUG",8,100000,pito,owned_local,ecs_flush_owned,8,50,1,15.493000
aalair,"Apple M3",8,"Darwin 27.0.0 arm64","Apple LLVM 21.0.0 (clang-2100.3.34.2)"," -O3 -DNDEBUG",8,100000,pito,owned_local,ecs_flush_owned,8,50,2,15.439000
aalair,"Apple M3",8,"Darwin 27.0.0 arm64","Apple LLVM 21.0.0 (clang-2100.3.34.2)"," -O3 -DNDEBUG",8,100000,pito,owned_local,ecs_flush_owned,8,50,3,15.023000
aalair,"Apple M3",8,"Darwin 27.0.0 arm64","Apple LLVM 21.0.0 (clang-2100.3.34.2)"," -O3 -DNDEBUG",8,100000,pito,owned_local,ecs_flush_owned,8,50,4,15.052000
aalair,"Apple M3",8,"Darwin 27.0.0 arm64","Apple LLVM 21.0.0 (clang-2100.3.34.2)"," -O3 -DNDEBUG",8,100000,pito,owned_local,ecs_flush_owned,8,50,5,15.128000
aalair,"Apple M3",8,"Darwin 27.0.0 arm64","Apple LLVM 21.0.0 (clang-2100.3.34.2)"," -O3 -DNDEBUG",8,100000,pito,owned_local,ecs_flush_owned,8,50,6,15.480000
aalair,"Apple M3",8,"Darwin 27.0.0 arm64","Apple LLVM 21.0.0 (clang-2100.3.34.2)"," -O3 -DNDEBUG",8,100000,pito,owned_local,ecs_flush_owned,8,50,7,15.319000
aalair,"Apple M3",8,"Darwin 27.0.0 arm64","Apple LLVM 21.0.0 (clang-2100.3.34.2)"," -O3 -DNDEBUG",8,100000,pito,owned_local,ecs_flush_owned,8,50,8,15.105000
aalair,"Apple M3",8,"Darwin 27.0.0 arm64","Apple LLVM 21.0.0 (clang-2100.3.34.2)"," -O3 -DNDEBUG",8,100000,pito,owned_local,ecs_flush_owned,8,50,9,14.809000
aalair,"Apple M3",8,"Darwin 27.0.0 arm64","Apple LLVM 21.0.0 (clang-2100.3.34.2)"," -O3 -DNDEBUG",8,100000,pito,owned_local,ecs_flush_owned,8,50,10,15.299000
aalair,"Apple M3",8,"Darwin 27.0.0 arm64","Apple LLVM 21.0.0 (clang-2100.3.34.2)"," -O3 -DNDEBUG",8,100000,pito,owned_local,ecs_flush_owned,8,500,1,72.946000
aalair,"Apple M3",8,"Darwin 27.0.0 arm64","Apple LLVM 21.0.0 (clang-2100.3.34.2)"," -O3 -DNDEBUG",8,100000,pito,owned_local,ecs_flush_owned,8,500,2,79.421000
aalair,"Apple M3",8,"Darwin 27.0.0 arm64","Apple LLVM 21.0.0 (clang-2100.3.34.2)"," -O3 -DNDEBUG",8,100000,pito,owned_local,ecs_flush_owned,8,500,3,74.171000
aalair,"Apple M3",8,"Darwin 27.0.0 arm64","Apple LLVM 21.0.0 (clang-2100.3.34.2)"," -O3 -DNDEBUG",8,100000,pito,owned_local,ecs_flush_owned,8,500,4,72.278000
aalair,"Apple M3",8,"Darwin 27.0.0 arm64","Apple LLVM 21.0.0 (clang-2100.3.34.2)"," -O3 -DNDEBUG",8,100000,pito,owned_local,ecs_flush_owned,8,500,5,77.199000
aalair,"Apple M3",8,"Darwin 27.0.0 arm64","Apple LLVM 21.0.0 (clang-2100.3.34.2)"," -O3 -DNDEBUG",8,100000,pito,owned_local,ecs_flush_owned,8,500,6,74.640000
aalair,"Apple M3",8,"Darwin 27.0.0 arm64","Apple LLVM 21.0.0 (clang-2100.3.34.2)"," -O3 -DNDEBUG",8,100000,pito,owned_local,ecs_flush_owned,8,500,7,73.809000
aalair,"Apple M3",8,"Darwin 27.0.0 arm64","Apple LLVM 21.0.0 (clang-2100.3.34.2)"," -O3 -DNDEBUG",8,100000,pito,owned_local,ecs_flush_owned,8,500,8,69.409000
aalair,"Apple M3",8,"Darwin 27.0.0 arm64","Apple LLVM 21.0.0 (clang-2100.3.34.2)"," -O3 -DNDEBUG",8,100000,pito,owned_local,ecs_flush_owned,8,500,9,73.504000
aalair,"Apple M3",8,"Darwin 27.0.0 arm64","Apple LLVM 21.0.0 (clang-2100.3.34.2)"," -O3 -DNDEBUG",8,100000,pito,owned_local,ecs_flush_owned,8,500,10,76.773000
aalair,"Apple M3",8,"Darwin 27.0.0 arm64","Apple LLVM 21.0.0 (clang-2100.3.34.2)"," -O3 -DNDEBUG",8,100000,pito,owned_local,ecs_flush_owned,8,500,11,75.380000
aalair,"Apple M3",8,"Darwin 27.0.0 arm64","Apple LLVM 21.0.0 (clang-2100.3.34.2)"," -O3 -DNDEBUG -DPITO_ECS_OWNED_DELETE_ATOMIC=1",8,100000,pito,owned_local,ecs_sync_owned,1,0,1,14.232000
aalair,"Apple M3",8,"Darwin 27.0.0 arm64","Apple LLVM 21.0.0 (clang-2100.3.34.2)"," -O3 -DNDEBUG -DPITO_ECS_OWNED_DELETE_ATOMIC=1",8,100000,pito,owned_local,ecs_sync_owned,1,0,2,13.874000
aalair,"Apple M3",8,"Darwin 27.0.0 arm64","Apple LLVM 21.0.0 (clang-2100.3.34.2)"," -O3 -DNDEBUG -DPITO_ECS_OWNED_DELETE_ATOMIC=1",8,100000,pito,owned_local,ecs_sync_owned,1,0,3,13.917000
aalair,"Apple M3",8,"Darwin 27.0.0 arm64","Apple LLVM 21.0.0 (clang-2100.3.34.2)"," -O3 -DNDEBUG -DPITO_ECS_OWNED_DELETE_ATOMIC=1",8,100000,pito,owned_local,ecs_sync_owned,1,0,4,13.868000
aalair,"Apple M3",8,"Darwin 27.0.0 arm64","Apple LLVM 21.0.0 (clang-2100.3.34.2)"," -O3 -DNDEBUG -DPITO_ECS_OWNED_DELETE_ATOMIC=1",8,100000,pito,owned_local,ecs_sync_owned,1,0,5,13.894000
aalair,"Apple M3",8,"Darwin 27.0.0 arm64","Apple LLVM 21.0.0 (clang-2100.3.34.2)"," -O3 -DNDEBUG -DPITO_ECS_OWNED_DELETE_ATOMIC=1",8,100000,pito,owned_local,ecs_sync_owned,1,0,6,13.905000
aalair,"Apple M3",8,"Darwin 27.0.0 arm64","Apple LLVM 21.0.0 (clang-2100.3.34.2)"," -O3 -DNDEBUG -DPITO_ECS_OWNED_DELETE_ATOMIC=1",8,100000,pito,owned_local,ecs_sync_owned,1,0,7,13.868000
aalair,"Apple M3",8,"Darwin 27.0.0 arm64","Apple LLVM 21.0.0 (clang-2100.3.34.2)"," -O3 -DNDEBUG -DPITO_ECS_OWNED_DELETE_ATOMIC=1",8,100000,pito,owned_local,ecs_sync_owned,1,0,8,13.899000
aalair,"Apple M3",8,"Darwin 27.0.0 arm64","Apple LLVM 21.0.0 (clang-2100.3.34.2)"," -O3 -DNDEBUG -DPITO_ECS_OWNED_DELETE_ATOMIC=1",8,100000,pito,owned_local,ecs_sync_owned,1,0,9,13.879000
aalair,"Apple M3",8,"Darwin 27.0.0 arm64","Apple LLVM 21.0.0 (clang-2100.3.34.2)"," -O3 -DNDEBUG -DPITO_ECS_OWNED_DELETE_ATOMIC=1",8,100000,pito,owned_local,ecs_sync_owned,1,0,10,14.044000
aalair,"Apple M3",8,"Darwin 27.0.0 arm64","Apple LLVM 21.0.0 (clang-2100.3.34.2)"," -O3 -DNDEBUG -DPITO_ECS_OWNED_DELETE_ATOMIC=1",8,100000,pito,owned_local,ecs_sync_owned,1,10,1,16.226000
aalair,"Apple M3",8,"Darwin 27.0.0 arm64","Apple LLVM 21.0.0 (clang-2100.3.34.2)"," -O3 -DNDEBUG -DPITO_ECS_OWNED_DELETE_ATOMIC=1",8,100000,pito,owned_local,ecs_sync_owned,1,10,2,16.189000
aalair,"Apple M3",8,"Darwin 27.0.0 arm64","Apple LLVM 21.0.0 (clang-2100.3.34.2)"," -O3 -DNDEBUG -DPITO_ECS_OWNED_DELETE_ATOMIC=1",8,100000,pito,owned_local,ecs_sync_owned,1,10,3,16.188000
aalair,"Apple M3",8,"Darwin 27.0.0 arm64","Apple LLVM 21.0.0 (clang-2100.3.34.2)"," -O3 -DNDEBUG -DPITO_ECS_OWNED_DELETE_ATOMIC=1",8,100000,pito,owned_local,ecs_sync_owned,1,10,4,16.197000
aalair,"Apple M3",8,"Darwin 27.0.0 arm64","Apple LLVM 21.0.0 (clang-2100.3.34.2)"," -O3 -DNDEBUG -DPITO_ECS_OWNED_DELETE_ATOMIC=1",8,100000,pito,owned_local,ecs_sync_owned,1,10,5,16.429000
aalair,"Apple M3",8,"Darwin 27.0.0 arm64","Apple LLVM 21.0.0 (clang-2100.3.34.2)"," -O3 -DNDEBUG -DPITO_ECS_OWNED_DELETE_ATOMIC=1",8,100000,pito,owned_local,ecs_sync_owned,1,10,6,18.244000
aalair,"Apple M3",8,"Darwin 27.0.0 arm64","Apple LLVM 21.0.0 (clang-2100.3.34.2)"," -O3 -DNDEBUG -DPITO_ECS_OWNED_DELETE_ATOMIC=1",8,100000,pito,owned_local,ecs_sync_owned,1,10,7,19.455000
aalair,"Apple M3",8,"Darwin 27.0.0 arm64","Apple LLVM 21.0.0 (clang-2100.3.34.2)"," -O3 -DNDEBUG -DPITO_ECS_OWNED_DELETE_ATOMIC=1",8,100000,pito,owned_local,ecs_sync_owned,1,10,8,17.011000
aalair,"Apple M3",8,"Darwin 27.0.0 arm64","Apple LLVM 21.0.0 (clang-2100.3.34.2)"," -O3 -DNDEBUG -DPITO_ECS_OWNED_DELETE_ATOMIC=1",8,100000,pito,owned_local,ecs_sync_owned,1,10,9,16.470000
aalair,"Apple M3",8,"Darwin 27.0.0 arm64","Apple LLVM 21.0.0 (clang-2100.3.34.2)"," -O3 -DNDEBUG -DPITO_ECS_OWNED_DELETE_ATOMIC=1",8,100000,pito,owned_local,ecs_sync_owned,1,10,10,16.536000
aalair,"Apple M3",8,"Darwin 27.0.0 arm64","Apple LLVM 21.0.0 (clang-2100.3.34.2)"," -O3 -DNDEBUG -DPITO_ECS_OWNED_DELETE_ATOMIC=1",8,100000,pito,owned_local,ecs_sync_owned,1,10,11,16.519000
aalair,"Apple M3",8,"Darwin 27.0.0 arm64","Apple LLVM 21.0.0 (clang-2100.3.34.2)"," -O3 -DNDEBUG -DPITO_ECS_OWNED_DELETE_ATOMIC=1",8,100000,pito,owned_local,ecs_sync_owned,1,10,12,16.252000
aalair,"Apple M3",8,"Darwin 27.0.0 arm64","Apple LLVM 21.0.0 (clang-2100.3.34.2)"," -O3 -DNDEBUG -DPITO_ECS_OWNED_DELETE_ATOMIC=1",8,100000,pito,owned_local,ecs_sync_owned,1,10,13,16.414000
aalair,"Apple M3",8,"Darwin 27.0.0 arm64","Apple LLVM 21.0.0 (clang-2100.3.34.2)"," -O3 -DNDEBUG -DPITO_ECS_OWNED_DELETE_ATOMIC=1",8,100000,pito,owned_local,ecs_sync_owned,1,10,14,16.531000
aalair,"Apple M3",8,"Darwin 27.0.0 arm64","Apple LLVM 21.0.0 (clang-2100.3.34.2)"," -O3 -DNDEBUG -DPITO_ECS_OWNED_DELETE_ATOMIC=1",8,100000,pito,owned_local,ecs_sync_owned,1,50,1,29.904000
aalair,"Apple M3",8,"Darwin 27.0.0 arm64","Apple LLVM 21.0.0 (clang-2100.3.34.2)"," -O3 -DNDEBUG -DPITO_ECS_OWNED_DELETE_ATOMIC=1",8,100000,pito,owned_local,ecs_sync_owned,1,50,2,29.924000
aalair,"Apple M3",8,"Darwin 27.0.0 arm64","Apple LLVM 21.0.0 (clang-2100.3.34.2)"," -O3 -DNDEBUG -DPITO_ECS_OWNED_DELETE_ATOMIC=1",8,100000,pito,owned_local,ecs_sync_owned,1,50,3,29.852000
aalair,"Apple M3",8,"Darwin 27.0.0 arm64","Apple LLVM 21.0.0 (clang-2100.3.34.2)"," -O3 -DNDEBUG -DPITO_ECS_OWNED_DELETE_ATOMIC=1",8,100000,pito,owned_local,ecs_sync_owned,1,50,4,29.960000
aalair,"Apple M3",8,"Darwin 27.0.0 arm64","Apple LLVM 21.0.0 (clang-2100.3.34.2)"," -O3 -DNDEBUG -DPITO_ECS_OWNED_DELETE_ATOMIC=1",8,100000,pito,owned_local,ecs_sync_owned,1,50,5,29.880000
aalair,"Apple M3",8,"Darwin 27.0.0 arm64","Apple LLVM 21.0.0 (clang-2100.3.34.2)"," -O3 -DNDEBUG -DPITO_ECS_OWNED_DELETE_ATOMIC=1",8,100000,pito,owned_local,ecs_sync_owned,1,50,6,29.929000
aalair,"Apple M3",8,"Darwin 27.0.0 arm64","Apple LLVM 21.0.0 (clang-2100.3.34.2)"," -O3 -DNDEBUG -DPITO_ECS_OWNED_DELETE_ATOMIC=1",8,100000,pito,owned_local,ecs_sync_owned,1,50,7,29.941000
aalair,"Apple M3",8,"Darwin 27.0.0 arm64","Apple LLVM 21.0.0 (clang-2100.3.34.2)"," -O3 -DNDEBUG -DPITO_ECS_OWNED_DELETE_ATOMIC=1",8,100000,pito,owned_local,ecs_sync_owned,1,50,8,29.936000
aalair,"Apple M3",8,"Darwin 27.0.0 arm64","Apple LLVM 21.0.0 (clang-2100.3.34.2)"," -O3 -DNDEBUG -DPITO_ECS_OWNED_DELETE_ATOMIC=1",8,100000,pito,owned_local,ecs_sync_owned,1,50,9,29.929000
aalair,"Apple M3",8,"Darwin 27.0.0 arm64","Apple LLVM 21.0.0 (clang-2100.3.34.2)"," -O3 -DNDEBUG -DPITO_ECS_OWNED_DELETE_ATOMIC=1",8,100000,pito,owned_local,ecs_sync_owned,1,50,10,29.927000
aalair,"Apple M3",8,"Darwin 27.0.0 arm64","Apple LLVM 21.0.0 (clang-2100.3.34.2)"," -O3 -DNDEBUG -DPITO_ECS_OWNED_DELETE_ATOMIC=1",8,100000,pito,owned_local,ecs_sync_owned,1,500,1,357.164000
aalair,"Apple M3",8,"Darwin 27.0.0 arm64","Apple LLVM 21.0.0 (clang-2100.3.34.2)"," -O3 -DNDEBUG -DPITO_ECS_OWNED_DELETE_ATOMIC=1",8,100000,pito,owned_local,ecs_sync_owned,1,500,2,362.723000
aalair,"Apple M3",8,"Darwin 27.0.0 arm64","Apple LLVM 21.0.0 (clang-2100.3.34.2)"," -O3 -DNDEBUG -DPITO_ECS_OWNED_DELETE_ATOMIC=1",8,100000,pito,owned_local,ecs_sync_owned,1,500,3,356.838000
aalair,"Apple M3",8,"Darwin 27.0.0 arm64","Apple LLVM 21.0.0 (clang-2100.3.34.2)"," -O3 -DNDEBUG -DPITO_ECS_OWNED_DELETE_ATOMIC=1",8,100000,pito,owned_local,ecs_sync_owned,1,500,4,355.555000
aalair,"Apple M3",8,"Darwin 27.0.0 arm64","Apple LLVM 21.0.0 (clang-2100.3.34.2)"," -O3 -DNDEBUG -DPITO_ECS_OWNED_DELETE_ATOMIC=1",8,100000,pito,owned_local,ecs_sync_owned,1,500,5,354.591000
aalair,"Apple M3",8,"Darwin 27.0.0 arm64","Apple LLVM 21.0.0 (clang-2100.3.34.2)"," -O3 -DNDEBUG -DPITO_ECS_OWNED_DELETE_ATOMIC=1",8,100000,pito,owned_local,ecs_sync_owned,1,500,6,354.485000
aalair,"Apple M3",8,"Darwin 27.0.0 arm64","Apple LLVM 21.0.0 (clang-2100.3.34.2)"," -O3 -DNDEBUG -DPITO_ECS_OWNED_DELETE_ATOMIC=1",8,100000,pito,owned_local,ecs_sync_owned,1,500,7,374.562000
aalair,"Apple M3",8,"Darwin 27.0.0 arm64","Apple LLVM 21.0.0 (clang-2100.3.34.2)"," -O3 -DNDEBUG -DPITO_ECS_OWNED_DELETE_ATOMIC=1",8,100000,pito,owned_local,ecs_sync_owned,1,500,8,362.556000
aalair,"Apple M3",8,"Darwin 27.0.0 arm64","Apple LLVM 21.0.0 (clang-2100.3.34.2)"," -O3 -DNDEBUG -DPITO_ECS_OWNED_DELETE_ATOMIC=1",8,100000,pito,owned_local,ecs_sync_owned,1,500,9,355.139000
aalair,"Apple M3",8,"Darwin 27.0.0 arm64","Apple LLVM 21.0.0 (clang-2100.3.34.2)"," -O3 -DNDEBUG -DPITO_ECS_OWNED_DELETE_ATOMIC=1",8,100000,pito,owned_local,ecs_sync_owned,1,500,10,355.996000
aalair,"Apple M3",8,"Darwin 27.0.0 arm64","Apple LLVM 21.0.0 (clang-2100.3.34.2)"," -O3 -DNDEBUG -DPITO_ECS_OWNED_DELETE_ATOMIC=1",8,100000,pito,owned_local,ecs_sync_owned,1,500,11,356.860000
aalair,"Apple M3",8,"Darwin 27.0.0 arm64","Apple LLVM 21.0.0 (clang-2100.3.34.2)"," -O3 -DNDEBUG -DPITO_ECS_OWNED_DELETE_ATOMIC=1",8,100000,pito,owned_local,ecs_sync_owned,2,0,1,13.048000
aalair,"Apple M3",8,"Darwin 27.0.0 arm64","Apple LLVM 21.0.0 (clang-2100.3.34.2)"," -O3 -DNDEBUG -DPITO_ECS_OWNED_DELETE_ATOMIC=1",8,100000,pito,owned_local,ecs_sync_owned,2,0,2,12.819000
aalair,"Apple M3",8,"Darwin 27.0.0 arm64","Apple LLVM 21.0.0 (clang-2100.3.34.2)"," -O3 -DNDEBUG -DPITO_ECS_OWNED_DELETE_ATOMIC=1",8,100000,pito,owned_local,ecs_sync_owned,2,0,3,12.814000
aalair,"Apple M3",8,"Darwin 27.0.0 arm64","Apple LLVM 21.0.0 (clang-2100.3.34.2)"," -O3 -DNDEBUG -DPITO_ECS_OWNED_DELETE_ATOMIC=1",8,100000,pito,owned_local,ecs_sync_owned,2,0,4,12.952000
aalair,"Apple M3",8,"Darwin 27.0.0 arm64","Apple LLVM 21.0.0 (clang-2100.3.34.2)"," -O3 -DNDEBUG -DPITO_ECS_OWNED_DELETE_ATOMIC=1",8,100000,pito,owned_local,ecs_sync_owned,2,0,5,12.775000
aalair,"Apple M3",8,"Darwin 27.0.0 arm64","Apple LLVM 21.0.0 (clang-2100.3.34.2)"," -O3 -DNDEBUG -DPITO_ECS_OWNED_DELETE_ATOMIC=1",8,100000,pito,owned_local,ecs_sync_owned,2,0,6,12.770000
aalair,"Apple M3",8,"Darwin 27.0.0 arm64","Apple LLVM 21.0.0 (clang-2100.3.34.2)"," -O3 -DNDEBUG -DPITO_ECS_OWNED_DELETE_ATOMIC=1",8,100000,pito,owned_local,ecs_sync_owned,2,0,7,12.822000
aalair,"Apple M3",8,"Darwin 27.0.0 arm64","Apple LLVM 21.0.0 (clang-2100.3.34.2)"," -O3 -DNDEBUG -DPITO_ECS_OWNED_DELETE_ATOMIC=1",8,100000,pito,owned_local,ecs_sync_owned,2,0,8,12.770000
aalair,"Apple M3",8,"Darwin 27.0.0 arm64","Apple LLVM 21.0.0 (clang-2100.3.34.2)"," -O3 -DNDEBUG -DPITO_ECS_OWNED_DELETE_ATOMIC=1",8,100000,pito,owned_local,ecs_sync_owned,2,0,9,12.777000
aalair,"Apple M3",8,"Darwin 27.0.0 arm64","Apple LLVM 21.0.0 (clang-2100.3.34.2)"," -O3 -DNDEBUG -DPITO_ECS_OWNED_DELETE_ATOMIC=1",8,100000,pito,owned_local,ecs_sync_owned,2,0,10,12.739000
aalair,"Apple M3",8,"Darwin 27.0.0 arm64","Apple LLVM 21.0.0 (clang-2100.3.34.2)"," -O3 -DNDEBUG -DPITO_ECS_OWNED_DELETE_ATOMIC=1",8,100000,pito,owned_local,ecs_sync_owned,2,10,1,14.057000
aalair,"Apple M3",8,"Darwin 27.0.0 arm64","Apple LLVM 21.0.0 (clang-2100.3.34.2)"," -O3 -DNDEBUG -DPITO_ECS_OWNED_DELETE_ATOMIC=1",8,100000,pito,owned_local,ecs_sync_owned,2,10,2,14.058000
aalair,"Apple M3",8,"Darwin 27.0.0 arm64","Apple LLVM 21.0.0 (clang-2100.3.34.2)"," -O3 -DNDEBUG -DPITO_ECS_OWNED_DELETE_ATOMIC=1",8,100000,pito,owned_local,ecs_sync_owned,2,10,3,13.929000
aalair,"Apple M3",8,"Darwin 27.0.0 arm64","Apple LLVM 21.0.0 (clang-2100.3.34.2)"," -O3 -DNDEBUG -DPITO_ECS_OWNED_DELETE_ATOMIC=1",8,100000,pito,owned_local,ecs_sync_owned,2,10,4,14.171000
aalair,"Apple M3",8,"Darwin 27.0.0 arm64","Apple LLVM 21.0.0 (clang-2100.3.34.2)"," -O3 -DNDEBUG -DPITO_ECS_OWNED_DELETE_ATOMIC=1",8,100000,pito,owned_local,ecs_sync_owned,2,10,5,14.105000
aalair,"Apple M3",8,"Darwin 27.0.0 arm64","Apple LLVM 21.0.0 (clang-2100.3.34.2)"," -O3 -DNDEBUG -DPITO_ECS_OWNED_DELETE_ATOMIC=1",8,100000,pito,owned_local,ecs_sync_owned,2,10,6,14.159000
aalair,"Apple M3",8,"Darwin 27.0.0 arm64","Apple LLVM 21.0.0 (clang-2100.3.34.2)"," -O3 -DNDEBUG -DPITO_ECS_OWNED_DELETE_ATOMIC=1",8,100000,pito,owned_local,ecs_sync_owned,2,10,7,14.051000
aalair,"Apple M3",8,"Darwin 27.0.0 arm64","Apple LLVM 21.0.0 (clang-2100.3.34.2)"," -O3 -DNDEBUG -DPITO_ECS_OWNED_DELETE_ATOMIC=1",8,100000,pito,owned_local,ecs_sync_owned,2,10,8,14.382000
aalair,"Apple M3",8,"Darwin 27.0.0 arm64","Apple LLVM 21.0.0 (clang-2100.3.34.2)"," -O3 -DNDEBUG -DPITO_ECS_OWNED_DELETE_ATOMIC=1",8,100000,pito,owned_local,ecs_sync_owned,2,10,9,14.270000
aalair,"Apple M3",8,"Darwin 27.0.0 arm64","Apple LLVM 21.0.0 (clang-2100.3.34.2)"," -O3 -DNDEBUG -DPITO_ECS_OWNED_DELETE_ATOMIC=1",8,100000,pito,owned_local,ecs_sync_owned,2,10,10,13.823000
aalair,"Apple M3",8,"Darwin 27.0.0 arm64","Apple LLVM 21.0.0 (clang-2100.3.34.2)"," -O3 -DNDEBUG -DPITO_ECS_OWNED_DELETE_ATOMIC=1",8,100000,pito,owned_local,ecs_sync_owned,2,50,1,21.046000
aalair,"Apple M3",8,"Darwin 27.0.0 arm64","Apple LLVM 21.0.0 (clang-2100.3.34.2)"," -O3 -DNDEBUG -DPITO_ECS_OWNED_DELETE_ATOMIC=1",8,100000,pito,owned_local,ecs_sync_owned,2,50,2,20.905000
aalair,"Apple M3",8,"Darwin 27.0.0 arm64","Apple LLVM 21.0.0 (clang-2100.3.34.2)"," -O3 -DNDEBUG -DPITO_ECS_OWNED_DELETE_ATOMIC=1",8,100000,pito,owned_local,ecs_sync_owned,2,50,3,20.982000
aalair,"Apple M3",8,"Darwin 27.0.0 arm64","Apple LLVM 21.0.0 (clang-2100.3.34.2)"," -O3 -DNDEBUG -DPITO_ECS_OWNED_DELETE_ATOMIC=1",8,100000,pito,owned_local,ecs_sync_owned,2,50,4,21.093000
aalair,"Apple M3",8,"Darwin 27.0.0 arm64","Apple LLVM 21.0.0 (clang-2100.3.34.2)"," -O3 -DNDEBUG -DPITO_ECS_OWNED_DELETE_ATOMIC=1",8,100000,pito,owned_local,ecs_sync_owned,2,50,5,21.060000
aalair,"Apple M3",8,"Darwin 27.0.0 arm64","Apple LLVM 21.0.0 (clang-2100.3.34.2)"," -O3 -DNDEBUG -DPITO_ECS_OWNED_DELETE_ATOMIC=1",8,100000,pito,owned_local,ecs_sync_owned,2,50,6,21.040000
aalair,"Apple M3",8,"Darwin 27.0.0 arm64","Apple LLVM 21.0.0 (clang-2100.3.34.2)"," -O3 -DNDEBUG -DPITO_ECS_OWNED_DELETE_ATOMIC=1",8,100000,pito,owned_local,ecs_sync_owned,2,50,7,21.145000
aalair,"Apple M3",8,"Darwin 27.0.0 arm64","Apple LLVM 21.0.0 (clang-2100.3.34.2)"," -O3 -DNDEBUG -DPITO_ECS_OWNED_DELETE_ATOMIC=1",8,100000,pito,owned_local,ecs_sync_owned,2,50,8,20.910000
aalair,"Apple M3",8,"Darwin 27.0.0 arm64","Apple LLVM 21.0.0 (clang-2100.3.34.2)"," -O3 -DNDEBUG -DPITO_ECS_OWNED_DELETE_ATOMIC=1",8,100000,pito,owned_local,ecs_sync_owned,2,50,9,21.043000
aalair,"Apple M3",8,"Darwin 27.0.0 arm64","Apple LLVM 21.0.0 (clang-2100.3.34.2)"," -O3 -DNDEBUG -DPITO_ECS_OWNED_DELETE_ATOMIC=1",8,100000,pito,owned_local,ecs_sync_owned,2,50,10,20.877000
aalair,"Apple M3",8,"Darwin 27.0.0 arm64","Apple LLVM 21.0.0 (clang-2100.3.34.2)"," -O3 -DNDEBUG -DPITO_ECS_OWNED_DELETE_ATOMIC=1",8,100000,pito,owned_local,ecs_sync_owned,2,500,1,202.850000
aalair,"Apple M3",8,"Darwin 27.0.0 arm64","Apple LLVM 21.0.0 (clang-2100.3.34.2)"," -O3 -DNDEBUG -DPITO_ECS_OWNED_DELETE_ATOMIC=1",8,100000,pito,owned_local,ecs_sync_owned,2,500,2,290.392000
aalair,"Apple M3",8,"Darwin 27.0.0 arm64","Apple LLVM 21.0.0 (clang-2100.3.34.2)"," -O3 -DNDEBUG -DPITO_ECS_OWNED_DELETE_ATOMIC=1",8,100000,pito,owned_local,ecs_sync_owned,2,500,3,207.340000
aalair,"Apple M3",8,"Darwin 27.0.0 arm64","Apple LLVM 21.0.0 (clang-2100.3.34.2)"," -O3 -DNDEBUG -DPITO_ECS_OWNED_DELETE_ATOMIC=1",8,100000,pito,owned_local,ecs_sync_owned,2,500,4,213.778000
aalair,"Apple M3",8,"Darwin 27.0.0 arm64","Apple LLVM 21.0.0 (clang-2100.3.34.2)"," -O3 -DNDEBUG -DPITO_ECS_OWNED_DELETE_ATOMIC=1",8,100000,pito,owned_local,ecs_sync_owned,2,500,5,211.551000
aalair,"Apple M3",8,"Darwin 27.0.0 arm64","Apple LLVM 21.0.0 (clang-2100.3.34.2)"," -O3 -DNDEBUG -DPITO_ECS_OWNED_DELETE_ATOMIC=1",8,100000,pito,owned_local,ecs_sync_owned,2,500,6,287.905000
aalair,"Apple M3",8,"Darwin 27.0.0 arm64","Apple LLVM 21.0.0 (clang-2100.3.34.2)"," -O3 -DNDEBUG -DPITO_ECS_OWNED_DELETE_ATOMIC=1",8,100000,pito,owned_local,ecs_sync_owned,2,500,7,228.000000
aalair,"Apple M3",8,"Darwin 27.0.0 arm64","Apple LLVM 21.0.0 (clang-2100.3.34.2)"," -O3 -DNDEBUG -DPITO_ECS_OWNED_DELETE_ATOMIC=1",8,100000,pito,owned_local,ecs_sync_owned,2,500,8,214.491000
aalair,"Apple M3",8,"Darwin 27.0.0 arm64","Apple LLVM 21.0.0 (clang-2100.3.34.2)"," -O3 -DNDEBUG -DPITO_ECS_OWNED_DELETE_ATOMIC=1",8,100000,pito,owned_local,ecs_sync_owned,2,500,9,198.735000
aalair,"Apple M3",8,"Darwin 27.0.0 arm64","Apple LLVM 21.0.0 (clang-2100.3.34.2)"," -O3 -DNDEBUG -DPITO_ECS_OWNED_DELETE_ATOMIC=1",8,100000,pito,owned_local,ecs_sync_owned,2,500,10,193.011000
aalair,"Apple M3",8,"Darwin 27.0.0 arm64","Apple LLVM 21.0.0 (clang-2100.3.34.2)"," -O3 -DNDEBUG -DPITO_ECS_OWNED_DELETE_ATOMIC=1",8,100000,pito,owned_local,ecs_sync_owned,2,500,11,189.679000
aalair,"Apple M3",8,"Darwin 27.0.0 arm64","Apple LLVM 21.0.0 (clang-2100.3.34.2)"," -O3 -DNDEBUG -DPITO_ECS_OWNED_DELETE_ATOMIC=1",8,100000,pito,owned_local,ecs_sync_owned,2,500,12,189.545000
aalair,"Apple M3",8,"Darwin 27.0.0 arm64","Apple LLVM 21.0.0 (clang-2100.3.34.2)"," -O3 -DNDEBUG -DPITO_ECS_OWNED_DELETE_ATOMIC=1",8,100000,pito,owned_local,ecs_sync_owned,2,500,13,189.219000
aalair,"Apple M3",8,"Darwin 27.0.0 arm64","Apple LLVM 21.0.0 (clang-2100.3.34.2)"," -O3 -DNDEBUG -DPITO_ECS_OWNED_DELETE_ATOMIC=1",8,100000,pito,owned_local,ecs_sync_owned,2,500,14,188.680000
aalair,"Apple M3",8,"Darwin 27.0.0 arm64","Apple LLVM 21.0.0 (clang-2100.3.34.2)"," -O3 -DNDEBUG -DPITO_ECS_OWNED_DELETE_ATOMIC=1",8,100000,pito,owned_local,ecs_sync_owned,2,500,15,188.598000
aalair,"Apple M3",8,"Darwin 27.0.0 arm64","Apple LLVM 21.0.0 (clang-2100.3.34.2)"," -O3 -DNDEBUG -DPITO_ECS_OWNED_DELETE_ATOMIC=1",8,100000,pito,owned_local,ecs_sync_owned,2,500,16,188.408000
aalair,"Apple M3",8,"Darwin 27.0.0 arm64","Apple LLVM 21.0.0 (clang-2100.3.34.2)"," -O3 -DNDEBUG -DPITO_ECS_OWNED_DELETE_ATOMIC=1",8,100000,pito,owned_local,ecs_sync_owned,2,500,17,189.238000
aalair,"Apple M3",8,"Darwin 27.0.0 arm64","Apple LLVM 21.0.0 (clang-2100.3.34.2)"," -O3 -DNDEBUG -DPITO_ECS_OWNED_DELETE_ATOMIC=1",8,100000,pito,owned_local,ecs_sync_owned,2,500,18,188.077000
aalair,"Apple M3",8,"Darwin 27.0.0 arm64","Apple LLVM 21.0.0 (clang-2100.3.34.2)"," -O3 -DNDEBUG -DPITO_ECS_OWNED_DELETE_ATOMIC=1",8,100000,pito,owned_local,ecs_sync_owned,2,500,19,188.205000
aalair,"Apple M3",8,"Darwin 27.0.0 arm64","Apple LLVM 21.0.0 (clang-2100.3.34.2)"," -O3 -DNDEBUG -DPITO_ECS_OWNED_DELETE_ATOMIC=1",8,100000,pito,owned_local,ecs_sync_owned,2,500,20,188.083000
aalair,"Apple M3",8,"Darwin 27.0.0 arm64","Apple LLVM 21.0.0 (clang-2100.3.34.2)"," -O3 -DNDEBUG -DPITO_ECS_OWNED_DELETE_ATOMIC=1",8,100000,pito,owned_local,ecs_sync_owned,2,500,21,188.529000
aalair,"Apple M3",8,"Darwin 27.0.0 arm64","Apple LLVM 21.0.0 (clang-2100.3.34.2)"," -O3 -DNDEBUG -DPITO_ECS_OWNED_DELETE_ATOMIC=1",8,100000,pito,owned_local,ecs_sync_owned,2,500,22,187.652000
aalair,"Apple M3",8,"Darwin 27.0.0 arm64","Apple LLVM 21.0.0 (clang-2100.3.34.2)"," -O3 -DNDEBUG -DPITO_ECS_OWNED_DELETE_ATOMIC=1",8,100000,pito,owned_local,ecs_sync_owned,2,500,23,194.326000
aalair,"Apple M3",8,"Darwin 27.0.0 arm64","Apple LLVM 21.0.0 (clang-2100.3.34.2)"," -O3 -DNDEBUG -DPITO_ECS_OWNED_DELETE_ATOMIC=1",8,100000,pito,owned_local,ecs_sync_owned,2,500,24,190.041000
aalair,"Apple M3",8,"Darwin 27.0.0 arm64","Apple LLVM 21.0.0 (clang-2100.3.34.2)"," -O3 -DNDEBUG -DPITO_ECS_OWNED_DELETE_ATOMIC=1",8,100000,pito,owned_local,ecs_sync_owned,2,500,25,194.549000
aalair,"Apple M3",8,"Darwin 27.0.0 arm64","Apple LLVM 21.0.0 (clang-2100.3.34.2)"," -O3 -DNDEBUG -DPITO_ECS_OWNED_DELETE_ATOMIC=1",8,100000,pito,owned_local,ecs_sync_owned,2,500,26,196.026000
aalair,"Apple M3",8,"Darwin 27.0.0 arm64","Apple LLVM 21.0.0 (clang-2100.3.34.2)"," -O3 -DNDEBUG -DPITO_ECS_OWNED_DELETE_ATOMIC=1",8,100000,pito,owned_local,ecs_sync_owned,2,500,27,188.922000
aalair,"Apple M3",8,"Darwin 27.0.0 arm64","Apple LLVM 21.0.0 (clang-2100.3.34.2)"," -O3 -DNDEBUG -DPITO_ECS_OWNED_DELETE_ATOMIC=1",8,100000,pito,owned_local,ecs_sync_owned,2,500,28,187.841000
aalair,"Apple M3",8,"Darwin 27.0.0 arm64","Apple LLVM 21.0.0 (clang-2100.3.34.2)"," -O3 -DNDEBUG -DPITO_ECS_OWNED_DELETE_ATOMIC=1",8,100000,pito,owned_local,ecs_sync_owned,2,500,29,188.094000
aalair,"Apple M3",8,"Darwin 27.0.0 arm64","Apple LLVM 21.0.0 (clang-2100.3.34.2)"," -O3 -DNDEBUG -DPITO_ECS_OWNED_DELETE_ATOMIC=1",8,100000,pito,owned_local,ecs_sync_owned,4,0,1,13.012000
aalair,"Apple M3",8,"Darwin 27.0.0 arm64","Apple LLVM 21.0.0 (clang-2100.3.34.2)"," -O3 -DNDEBUG -DPITO_ECS_OWNED_DELETE_ATOMIC=1",8,100000,pito,owned_local,ecs_sync_owned,4,0,2,12.780000
aalair,"Apple M3",8,"Darwin 27.0.0 arm64","Apple LLVM 21.0.0 (clang-2100.3.34.2)"," -O3 -DNDEBUG -DPITO_ECS_OWNED_DELETE_ATOMIC=1",8,100000,pito,owned_local,ecs_sync_owned,4,0,3,12.591000
aalair,"Apple M3",8,"Darwin 27.0.0 arm64","Apple LLVM 21.0.0 (clang-2100.3.34.2)"," -O3 -DNDEBUG -DPITO_ECS_OWNED_DELETE_ATOMIC=1",8,100000,pito,owned_local,ecs_sync_owned,4,0,4,12.796000
aalair,"Apple M3",8,"Darwin 27.0.0 arm64","Apple LLVM 21.0.0 (clang-2100.3.34.2)"," -O3 -DNDEBUG -DPITO_ECS_OWNED_DELETE_ATOMIC=1",8,100000,pito,owned_local,ecs_sync_owned,4,0,5,12.597000
aalair,"Apple M3",8,"Darwin 27.0.0 arm64","Apple LLVM 21.0.0 (clang-2100.3.34.2)"," -O3 -DNDEBUG -DPITO_ECS_OWNED_DELETE_ATOMIC=1",8,100000,pito,owned_local,ecs_sync_owned,4,0,6,12.665000
aalair,"Apple M3",8,"Darwin 27.0.0 arm64","Apple LLVM 21.0.0 (clang-2100.3.34.2)"," -O3 -DNDEBUG -DPITO_ECS_OWNED_DELETE_ATOMIC=1",8,100000,pito,owned_local,ecs_sync_owned,4,0,7,12.594000
aalair,"Apple M3",8,"Darwin 27.0.0 arm64","Apple LLVM 21.0.0 (clang-2100.3.34.2)"," -O3 -DNDEBUG -DPITO_ECS_OWNED_DELETE_ATOMIC=1",8,100000,pito,owned_local,ecs_sync_owned,4,0,8,12.598000
aalair,"Apple M3",8,"Darwin 27.0.0 arm64","Apple LLVM 21.0.0 (clang-2100.3.34.2)"," -O3 -DNDEBUG -DPITO_ECS_OWNED_DELETE_ATOMIC=1",8,100000,pito,owned_local,ecs_sync_owned,4,0,9,12.582000
aalair,"Apple M3",8,"Darwin 27.0.0 arm64","Apple LLVM 21.0.0 (clang-2100.3.34.2)"," -O3 -DNDEBUG -DPITO_ECS_OWNED_DELETE_ATOMIC=1",8,100000,pito,owned_local,ecs_sync_owned,4,0,10,12.598000
aalair,"Apple M3",8,"Darwin 27.0.0 arm64","Apple LLVM 21.0.0 (clang-2100.3.34.2)"," -O3 -DNDEBUG -DPITO_ECS_OWNED_DELETE_ATOMIC=1",8,100000,pito,owned_local,ecs_sync_owned,4,10,1,13.536000
aalair,"Apple M3",8,"Darwin 27.0.0 arm64","Apple LLVM 21.0.0 (clang-2100.3.34.2)"," -O3 -DNDEBUG -DPITO_ECS_OWNED_DELETE_ATOMIC=1",8,100000,pito,owned_local,ecs_sync_owned,4,10,2,13.561000
aalair,"Apple M3",8,"Darwin 27.0.0 arm64","Apple LLVM 21.0.0 (clang-2100.3.34.2)"," -O3 -DNDEBUG -DPITO_ECS_OWNED_DELETE_ATOMIC=1",8,100000,pito,owned_local,ecs_sync_owned,4,10,3,13.534000
aalair,"Apple M3",8,"Darwin 27.0.0 arm64","Apple LLVM 21.0.0 (clang-2100.3.34.2)"," -O3 -DNDEBUG -DPITO_ECS_OWNED_DELETE_ATOMIC=1",8,100000,pito,owned_local,ecs_sync_owned,4,10,4,13.484000
aalair,"Apple M3",8,"Darwin 27.0.0 arm64","Apple LLVM 21.0.0 (clang-2100.3.34.2)"," -O3 -DNDEBUG -DPITO_ECS_OWNED_DELETE_ATOMIC=1",8,100000,pito,owned_local,ecs_sync_owned,4,10,5,13.616000
aalair,"Apple M3",8,"Darwin 27.0.0 arm64","Apple LLVM 21.0.0 (clang-2100.3.34.2)"," -O3 -DNDEBUG -DPITO_ECS_OWNED_DELETE_ATOMIC=1",8,100000,pito,owned_local,ecs_sync_owned,4,10,6,13.520000
aalair,"Apple M3",8,"Darwin 27.0.0 arm64","Apple LLVM 21.0.0 (clang-2100.3.34.2)"," -O3 -DNDEBUG -DPITO_ECS_OWNED_DELETE_ATOMIC=1",8,100000,pito,owned_local,ecs_sync_owned,4,10,7,13.569000
aalair,"Apple M3",8,"Darwin 27.0.0 arm64","Apple LLVM 21.0.0 (clang-2100.3.34.2)"," -O3 -DNDEBUG -DPITO_ECS_OWNED_DELETE_ATOMIC=1",8,100000,pito,owned_local,ecs_sync_owned,4,10,8,13.554000
aalair,"Apple M3",8,"Darwin 27.0.0 arm64","Apple LLVM 21.0.0 (clang-2100.3.34.2)"," -O3 -DNDEBUG -DPITO_ECS_OWNED_DELETE_ATOMIC=1",8,100000,pito,owned_local,ecs_sync_owned,4,10,9,13.594000
aalair,"Apple M3",8,"Darwin 27.0.0 arm64","Apple LLVM 21.0.0 (clang-2100.3.34.2)"," -O3 -DNDEBUG -DPITO_ECS_OWNED_DELETE_ATOMIC=1",8,100000,pito,owned_local,ecs_sync_owned,4,10,10,13.572000
aalair,"Apple M3",8,"Darwin 27.0.0 arm64","Apple LLVM 21.0.0 (clang-2100.3.34.2)"," -O3 -DNDEBUG -DPITO_ECS_OWNED_DELETE_ATOMIC=1",8,100000,pito,owned_local,ecs_sync_owned,4,50,1,17.041000
aalair,"Apple M3",8,"Darwin 27.0.0 arm64","Apple LLVM 21.0.0 (clang-2100.3.34.2)"," -O3 -DNDEBUG -DPITO_ECS_OWNED_DELETE_ATOMIC=1",8,100000,pito,owned_local,ecs_sync_owned,4,50,2,17.097000
aalair,"Apple M3",8,"Darwin 27.0.0 arm64","Apple LLVM 21.0.0 (clang-2100.3.34.2)"," -O3 -DNDEBUG -DPITO_ECS_OWNED_DELETE_ATOMIC=1",8,100000,pito,owned_local,ecs_sync_owned,4,50,3,17.356000
aalair,"Apple M3",8,"Darwin 27.0.0 arm64","Apple LLVM 21.0.0 (clang-2100.3.34.2)"," -O3 -DNDEBUG -DPITO_ECS_OWNED_DELETE_ATOMIC=1",8,100000,pito,owned_local,ecs_sync_owned,4,50,4,17.085000
aalair,"Apple M3",8,"Darwin 27.0.0 arm64","Apple LLVM 21.0.0 (clang-2100.3.34.2)"," -O3 -DNDEBUG -DPITO_ECS_OWNED_DELETE_ATOMIC=1",8,100000,pito,owned_local,ecs_sync_owned,4,50,5,17.282000
aalair,"Apple M3",8,"Darwin 27.0.0 arm64","Apple LLVM 21.0.0 (clang-2100.3.34.2)"," -O3 -DNDEBUG -DPITO_ECS_OWNED_DELETE_ATOMIC=1",8,100000,pito,owned_local,ecs_sync_owned,4,50,6,17.280000
aalair,"Apple M3",8,"Darwin 27.0.0 arm64","Apple LLVM 21.0.0 (clang-2100.3.34.2)"," -O3 -DNDEBUG -DPITO_ECS_OWNED_DELETE_ATOMIC=1",8,100000,pito,owned_local,ecs_sync_owned,4,50,7,17.366000
aalair,"Apple M3",8,"Darwin 27.0.0 arm64","Apple LLVM 21.0.0 (clang-2100.3.34.2)"," -O3 -DNDEBUG -DPITO_ECS_OWNED_DELETE_ATOMIC=1",8,100000,pito,owned_local,ecs_sync_owned,4,50,8,17.074000
aalair,"Apple M3",8,"Darwin 27.0.0 arm64","Apple LLVM 21.0.0 (clang-2100.3.34.2)"," -O3 -DNDEBUG -DPITO_ECS_OWNED_DELETE_ATOMIC=1",8,100000,pito,owned_local,ecs_sync_owned,4,50,9,17.265000
aalair,"Apple M3",8,"Darwin 27.0.0 arm64","Apple LLVM 21.0.0 (clang-2100.3.34.2)"," -O3 -DNDEBUG -DPITO_ECS_OWNED_DELETE_ATOMIC=1",8,100000,pito,owned_local,ecs_sync_owned,4,50,10,17.264000
aalair,"Apple M3",8,"Darwin 27.0.0 arm64","Apple LLVM 21.0.0 (clang-2100.3.34.2)"," -O3 -DNDEBUG -DPITO_ECS_OWNED_DELETE_ATOMIC=1",8,100000,pito,owned_local,ecs_sync_owned,4,500,1,107.002000
aalair,"Apple M3",8,"Darwin 27.0.0 arm64","Apple LLVM 21.0.0 (clang-2100.3.34.2)"," -O3 -DNDEBUG -DPITO_ECS_OWNED_DELETE_ATOMIC=1",8,100000,pito,owned_local,ecs_sync_owned,4,500,2,106.870000
aalair,"Apple M3",8,"Darwin 27.0.0 arm64","Apple LLVM 21.0.0 (clang-2100.3.34.2)"," -O3 -DNDEBUG -DPITO_ECS_OWNED_DELETE_ATOMIC=1",8,100000,pito,owned_local,ecs_sync_owned,4,500,3,115.173000
aalair,"Apple M3",8,"Darwin 27.0.0 arm64","Apple LLVM 21.0.0 (clang-2100.3.34.2)"," -O3 -DNDEBUG -DPITO_ECS_OWNED_DELETE_ATOMIC=1",8,100000,pito,owned_local,ecs_sync_owned,4,500,4,116.645000
aalair,"Apple M3",8,"Darwin 27.0.0 arm64","Apple LLVM 21.0.0 (clang-2100.3.34.2)"," -O3 -DNDEBUG -DPITO_ECS_OWNED_DELETE_ATOMIC=1",8,100000,pito,owned_local,ecs_sync_owned,4,500,5,106.907000
aalair,"Apple M3",8,"Darwin 27.0.0 arm64","Apple LLVM 21.0.0 (clang-2100.3.34.2)"," -O3 -DNDEBUG -DPITO_ECS_OWNED_DELETE_ATOMIC=1",8,100000,pito,owned_local,ecs_sync_owned,4,500,6,113.755000
aalair,"Apple M3",8,"Darwin 27.0.0 arm64","Apple LLVM 21.0.0 (clang-2100.3.34.2)"," -O3 -DNDEBUG -DPITO_ECS_OWNED_DELETE_ATOMIC=1",8,100000,pito,owned_local,ecs_sync_owned,4,500,7,109.460000
aalair,"Apple M3",8,"Darwin 27.0.0 arm64","Apple LLVM 21.0.0 (clang-2100.3.34.2)"," -O3 -DNDEBUG -DPITO_ECS_OWNED_DELETE_ATOMIC=1",8,100000,pito,owned_local,ecs_sync_owned,4,500,8,107.520000
aalair,"Apple M3",8,"Darwin 27.0.0 arm64","Apple LLVM 21.0.0 (clang-2100.3.34.2)"," -O3 -DNDEBUG -DPITO_ECS_OWNED_DELETE_ATOMIC=1",8,100000,pito,owned_local,ecs_sync_owned,4,500,9,107.481000
aalair,"Apple M3",8,"Darwin 27.0.0 arm64","Apple LLVM 21.0.0 (clang-2100.3.34.2)"," -O3 -DNDEBUG -DPITO_ECS_OWNED_DELETE_ATOMIC=1",8,100000,pito,owned_local,ecs_sync_owned,4,500,10,107.071000
aalair,"Apple M3",8,"Darwin 27.0.0 arm64","Apple LLVM 21.0.0 (clang-2100.3.34.2)"," -O3 -DNDEBUG -DPITO_ECS_OWNED_DELETE_ATOMIC=1",8,100000,pito,owned_local,ecs_sync_owned,4,500,11,107.175000
aalair,"Apple M3",8,"Darwin 27.0.0 arm64","Apple LLVM 21.0.0 (clang-2100.3.34.2)"," -O3 -DNDEBUG -DPITO_ECS_OWNED_DELETE_ATOMIC=1",8,100000,pito,owned_local,ecs_sync_owned,4,500,12,107.201000
aalair,"Apple M3",8,"Darwin 27.0.0 arm64","Apple LLVM 21.0.0 (clang-2100.3.34.2)"," -O3 -DNDEBUG -DPITO_ECS_OWNED_DELETE_ATOMIC=1",8,100000,pito,owned_local,ecs_sync_owned,4,500,13,107.102000
aalair,"Apple M3",8,"Darwin 27.0.0 arm64","Apple LLVM 21.0.0 (clang-2100.3.34.2)"," -O3 -DNDEBUG -DPITO_ECS_OWNED_DELETE_ATOMIC=1",8,100000,pito,owned_local,ecs_sync_owned,4,500,14,107.127000
aalair,"Apple M3",8,"Darwin 27.0.0 arm64","Apple LLVM 21.0.0 (clang-2100.3.34.2)"," -O3 -DNDEBUG -DPITO_ECS_OWNED_DELETE_ATOMIC=1",8,100000,pito,owned_local,ecs_sync_owned,4,500,15,109.955000
aalair,"Apple M3",8,"Darwin 27.0.0 arm64","Apple LLVM 21.0.0 (clang-2100.3.34.2)"," -O3 -DNDEBUG -DPITO_ECS_OWNED_DELETE_ATOMIC=1",8,100000,pito,owned_local,ecs_sync_owned,4,500,16,107.081000
aalair,"Apple M3",8,"Darwin 27.0.0 arm64","Apple LLVM 21.0.0 (clang-2100.3.34.2)"," -O3 -DNDEBUG -DPITO_ECS_OWNED_DELETE_ATOMIC=1",8,100000,pito,owned_local,ecs_sync_owned,8,0,1,12.331000
aalair,"Apple M3",8,"Darwin 27.0.0 arm64","Apple LLVM 21.0.0 (clang-2100.3.34.2)"," -O3 -DNDEBUG -DPITO_ECS_OWNED_DELETE_ATOMIC=1",8,100000,pito,owned_local,ecs_sync_owned,8,0,2,12.551000
aalair,"Apple M3",8,"Darwin 27.0.0 arm64","Apple LLVM 21.0.0 (clang-2100.3.34.2)"," -O3 -DNDEBUG -DPITO_ECS_OWNED_DELETE_ATOMIC=1",8,100000,pito,owned_local,ecs_sync_owned,8,0,3,12.336000
aalair,"Apple M3",8,"Darwin 27.0.0 arm64","Apple LLVM 21.0.0 (clang-2100.3.34.2)"," -O3 -DNDEBUG -DPITO_ECS_OWNED_DELETE_ATOMIC=1",8,100000,pito,owned_local,ecs_sync_owned,8,0,4,12.372000
aalair,"Apple M3",8,"Darwin 27.0.0 arm64","Apple LLVM 21.0.0 (clang-2100.3.34.2)"," -O3 -DNDEBUG -DPITO_ECS_OWNED_DELETE_ATOMIC=1",8,100000,pito,owned_local,ecs_sync_owned,8,0,5,12.349000
aalair,"Apple M3",8,"Darwin 27.0.0 arm64","Apple LLVM 21.0.0 (clang-2100.3.34.2)"," -O3 -DNDEBUG -DPITO_ECS_OWNED_DELETE_ATOMIC=1",8,100000,pito,owned_local,ecs_sync_owned,8,0,6,12.429000
aalair,"Apple M3",8,"Darwin 27.0.0 arm64","Apple LLVM 21.0.0 (clang-2100.3.34.2)"," -O3 -DNDEBUG -DPITO_ECS_OWNED_DELETE_ATOMIC=1",8,100000,pito,owned_local,ecs_sync_owned,8,0,7,12.280000
aalair,"Apple M3",8,"Darwin 27.0.0 arm64","Apple LLVM 21.0.0 (clang-2100.3.34.2)"," -O3 -DNDEBUG -DPITO_ECS_OWNED_DELETE_ATOMIC=1",8,100000,pito,owned_local,ecs_sync_owned,8,0,8,12.528000
aalair,"Apple M3",8,"Darwin 27.0.0 arm64","Apple LLVM 21.0.0 (clang-2100.3.34.2)"," -O3 -DNDEBUG -DPITO_ECS_OWNED_DELETE_ATOMIC=1",8,100000,pito,owned_local,ecs_sync_owned,8,0,9,12.297000
aalair,"Apple M3",8,"Darwin 27.0.0 arm64","Apple LLVM 21.0.0 (clang-2100.3.34.2)"," -O3 -DNDEBUG -DPITO_ECS_OWNED_DELETE_ATOMIC=1",8,100000,pito,owned_local,ecs_sync_owned,8,0,10,12.319000
aalair,"Apple M3",8,"Darwin 27.0.0 arm64","Apple LLVM 21.0.0 (clang-2100.3.34.2)"," -O3 -DNDEBUG -DPITO_ECS_OWNED_DELETE_ATOMIC=1",8,100000,pito,owned_local,ecs_sync_owned,8,10,1,12.952000
aalair,"Apple M3",8,"Darwin 27.0.0 arm64","Apple LLVM 21.0.0 (clang-2100.3.34.2)"," -O3 -DNDEBUG -DPITO_ECS_OWNED_DELETE_ATOMIC=1",8,100000,pito,owned_local,ecs_sync_owned,8,10,2,12.777000
aalair,"Apple M3",8,"Darwin 27.0.0 arm64","Apple LLVM 21.0.0 (clang-2100.3.34.2)"," -O3 -DNDEBUG -DPITO_ECS_OWNED_DELETE_ATOMIC=1",8,100000,pito,owned_local,ecs_sync_owned,8,10,3,12.970000
aalair,"Apple M3",8,"Darwin 27.0.0 arm64","Apple LLVM 21.0.0 (clang-2100.3.34.2)"," -O3 -DNDEBUG -DPITO_ECS_OWNED_DELETE_ATOMIC=1",8,100000,pito,owned_local,ecs_sync_owned,8,10,4,12.774000
aalair,"Apple M3",8,"Darwin 27.0.0 arm64","Apple LLVM 21.0.0 (clang-2100.3.34.2)"," -O3 -DNDEBUG -DPITO_ECS_OWNED_DELETE_ATOMIC=1",8,100000,pito,owned_local,ecs_sync_owned,8,10,5,12.776000
aalair,"Apple M3",8,"Darwin 27.0.0 arm64","Apple LLVM 21.0.0 (clang-2100.3.34.2)"," -O3 -DNDEBUG -DPITO_ECS_OWNED_DELETE_ATOMIC=1",8,100000,pito,owned_local,ecs_sync_owned,8,10,6,13.027000
aalair,"Apple M3",8,"Darwin 27.0.0 arm64","Apple LLVM 21.0.0 (clang-2100.3.34.2)"," -O3 -DNDEBUG -DPITO_ECS_OWNED_DELETE_ATOMIC=1",8,100000,pito,owned_local,ecs_sync_owned,8,10,7,12.743000
aalair,"Apple M3",8,"Darwin 27.0.0 arm64","Apple LLVM 21.0.0 (clang-2100.3.34.2)"," -O3 -DNDEBUG -DPITO_ECS_OWNED_DELETE_ATOMIC=1",8,100000,pito,owned_local,ecs_sync_owned,8,10,8,12.785000
aalair,"Apple M3",8,"Darwin 27.0.0 arm64","Apple LLVM 21.0.0 (clang-2100.3.34.2)"," -O3 -DNDEBUG -DPITO_ECS_OWNED_DELETE_ATOMIC=1",8,100000,pito,owned_local,ecs_sync_owned,8,10,9,13.554000
aalair,"Apple M3",8,"Darwin 27.0.0 arm64","Apple LLVM 21.0.0 (clang-2100.3.34.2)"," -O3 -DNDEBUG -DPITO_ECS_OWNED_DELETE_ATOMIC=1",8,100000,pito,owned_local,ecs_sync_owned,8,10,10,13.063000
aalair,"Apple M3",8,"Darwin 27.0.0 arm64","Apple LLVM 21.0.0 (clang-2100.3.34.2)"," -O3 -DNDEBUG -DPITO_ECS_OWNED_DELETE_ATOMIC=1",8,100000,pito,owned_local,ecs_sync_owned,8,10,11,12.829000
aalair,"Apple M3",8,"Darwin 27.0.0 arm64","Apple LLVM 21.0.0 (clang-2100.3.34.2)"," -O3 -DNDEBUG -DPITO_ECS_OWNED_DELETE_ATOMIC=1",8,100000,pito,owned_local,ecs_sync_owned,8,50,1,15.801000
aalair,"Apple M3",8,"Darwin 27.0.0 arm64","Apple LLVM 21.0.0 (clang-2100.3.34.2)"," -O3 -DNDEBUG -DPITO_ECS_OWNED_DELETE_ATOMIC=1",8,100000,pito,owned_local,ecs_sync_owned,8,50,2,15.703000
aalair,"Apple M3",8,"Darwin 27.0.0 arm64","Apple LLVM 21.0.0 (clang-2100.3.34.2)"," -O3 -DNDEBUG -DPITO_ECS_OWNED_DELETE_ATOMIC=1",8,100000,pito,owned_local,ecs_sync_owned,8,50,3,15.912000
aalair,"Apple M3",8,"Darwin 27.0.0 arm64","Apple LLVM 21.0.0 (clang-2100.3.34.2)"," -O3 -DNDEBUG -DPITO_ECS_OWNED_DELETE_ATOMIC=1",8,100000,pito,owned_local,ecs_sync_owned,8,50,4,15.855000
aalair,"Apple M3",8,"Darwin 27.0.0 arm64","Apple LLVM 21.0.0 (clang-2100.3.34.2)"," -O3 -DNDEBUG -DPITO_ECS_OWNED_DELETE_ATOMIC=1",8,100000,pito,owned_local,ecs_sync_owned,8,50,5,15.772000
aalair,"Apple M3",8,"Darwin 27.0.0 arm64","Apple LLVM 21.0.0 (clang-2100.3.34.2)"," -O3 -DNDEBUG -DPITO_ECS_OWNED_DELETE_ATOMIC=1",8,100000,pito,owned_local,ecs_sync_owned,8,50,6,15.824000
aalair,"Apple M3",8,"Darwin 27.0.0 arm64","Apple LLVM 21.0.0 (clang-2100.3.34.2)"," -O3 -DNDEBUG -DPITO_ECS_OWNED_DELETE_ATOMIC=1",8,100000,pito,owned_local,ecs_sync_owned,8,50,7,15.960000
aalair,"Apple M3",8,"Darwin 27.0.0 arm64","Apple LLVM 21.0.0 (clang-2100.3.34.2)"," -O3 -DNDEBUG -DPITO_ECS_OWNED_DELETE_ATOMIC=1",8,100000,pito,owned_local,ecs_sync_owned,8,50,8,15.949000
aalair,"Apple M3",8,"Darwin 27.0.0 arm64","Apple LLVM 21.0.0 (clang-2100.3.34.2)"," -O3 -DNDEBUG -DPITO_ECS_OWNED_DELETE_ATOMIC=1",8,100000,pito,owned_local,ecs_sync_owned,8,50,9,15.641000
aalair,"Apple M3",8,"Darwin 27.0.0 arm64","Apple LLVM 21.0.0 (clang-2100.3.34.2)"," -O3 -DNDEBUG -DPITO_ECS_OWNED_DELETE_ATOMIC=1",8,100000,pito,owned_local,ecs_sync_owned,8,50,10,17.304000
aalair,"Apple M3",8,"Darwin 27.0.0 arm64","Apple LLVM 21.0.0 (clang-2100.3.34.2)"," -O3 -DNDEBUG -DPITO_ECS_OWNED_DELETE_ATOMIC=1",8,100000,pito,owned_local,ecs_sync_owned,8,50,11,15.631000
aalair,"Apple M3",8,"Darwin 27.0.0 arm64","Apple LLVM 21.0.0 (clang-2100.3.34.2)"," -O3 -DNDEBUG -DPITO_ECS_OWNED_DELETE_ATOMIC=1",8,100000,pito,owned_local,ecs_sync_owned,8,500,1,71.335000
aalair,"Apple M3",8,"Darwin 27.0.0 arm64","Apple LLVM 21.0.0 (clang-2100.3.34.2)"," -O3 -DNDEBUG -DPITO_ECS_OWNED_DELETE_ATOMIC=1",8,100000,pito,owned_local,ecs_sync_owned,8,500,2,69.853000
aalair,"Apple M3",8,"Darwin 27.0.0 arm64","Apple LLVM 21.0.0 (clang-2100.3.34.2)"," -O3 -DNDEBUG -DPITO_ECS_OWNED_DELETE_ATOMIC=1",8,100000,pito,owned_local,ecs_sync_owned,8,500,3,71.301000
aalair,"Apple M3",8,"Darwin 27.0.0 arm64","Apple LLVM 21.0.0 (clang-2100.3.34.2)"," -O3 -DNDEBUG -DPITO_ECS_OWNED_DELETE_ATOMIC=1",8,100000,pito,owned_local,ecs_sync_owned,8,500,4,73.444000
aalair,"Apple M3",8,"Darwin 27.0.0 arm64","Apple LLVM 21.0.0 (clang-2100.3.34.2)"," -O3 -DNDEBUG -DPITO_ECS_OWNED_DELETE_ATOMIC=1",8,100000,pito,owned_local,ecs_sync_owned,8,500,5,72.495000
aalair,"Apple M3",8,"Darwin 27.0.0 arm64","Apple LLVM 21.0.0 (clang-2100.3.34.2)"," -O3 -DNDEBUG -DPITO_ECS_OWNED_DELETE_ATOMIC=1",8,100000,pito,owned_local,ecs_sync_owned,8,500,6,72.951000
aalair,"Apple M3",8,"Darwin 27.0.0 arm64","Apple LLVM 21.0.0 (clang-2100.3.34.2)"," -O3 -DNDEBUG -DPITO_ECS_OWNED_DELETE_ATOMIC=1",8,100000,pito,owned_local,ecs_sync_owned,8,500,7,73.447000
aalair,"Apple M3",8,"Darwin 27.0.0 arm64","Apple LLVM 21.0.0 (clang-2100.3.34.2)"," -O3 -DNDEBUG -DPITO_ECS_OWNED_DELETE_ATOMIC=1",8,100000,pito,owned_local,ecs_sync_owned,8,500,8,76.094000
aalair,"Apple M3",8,"Darwin 27.0.0 arm64","Apple LLVM 21.0.0 (clang-2100.3.34.2)"," -O3 -DNDEBUG -DPITO_ECS_OWNED_DELETE_ATOMIC=1",8,100000,pito,owned_local,ecs_sync_owned,8,500,9,76.439000
aalair,"Apple M3",8,"Darwin 27.0.0 arm64","Apple LLVM 21.0.0 (clang-2100.3.34.2)"," -O3 -DNDEBUG -DPITO_ECS_OWNED_DELETE_ATOMIC=1",8,100000,pito,owned_local,ecs_sync_owned,8,500,10,77.711000
aalair,"Apple M3",8,"Darwin 27.0.0 arm64","Apple LLVM 21.0.0 (clang-2100.3.34.2)"," -O3 -DNDEBUG -DPITO_ECS_OWNED_DELETE_ATOMIC=1",8,100000,pito,owned_local,ecs_sync_owned,8,500,11,73.753000
aalair,"Apple M3",8,"Darwin 27.0.0 arm64","Apple LLVM 21.0.0 (clang-2100.3.34.2)"," -O3 -DNDEBUG -DPITO_ECS_OWNED_DELETE_ATOMIC=1",8,100000,pito,owned_local,ecs_create_owned_local,1,0,1,13.455000
aalair,"Apple M3",8,"Darwin 27.0.0 arm64","Apple LLVM 21.0.0 (clang-2100.3.34.2)"," -O3 -DNDEBUG -DPITO_ECS_OWNED_DELETE_ATOMIC=1",8,100000,pito,owned_local,ecs_create_owned_local,1,0,2,13.473000
aalair,"Apple M3",8,"Darwin 27.0.0 arm64","Apple LLVM 21.0.0 (clang-2100.3.34.2)"," -O3 -DNDEBUG -DPITO_ECS_OWNED_DELETE_ATOMIC=1",8,100000,pito,owned_local,ecs_create_owned_local,1,0,3,13.464000
aalair,"Apple M3",8,"Darwin 27.0.0 arm64","Apple LLVM 21.0.0 (clang-2100.3.34.2)"," -O3 -DNDEBUG -DPITO_ECS_OWNED_DELETE_ATOMIC=1",8,100000,pito,owned_local,ecs_create_owned_local,1,0,4,13.399000
aalair,"Apple M3",8,"Darwin 27.0.0 arm64","Apple LLVM 21.0.0 (clang-2100.3.34.2)"," -O3 -DNDEBUG -DPITO_ECS_OWNED_DELETE_ATOMIC=1",8,100000,pito,owned_local,ecs_create_owned_local,1,0,5,13.426000
aalair,"Apple M3",8,"Darwin 27.0.0 arm64","Apple LLVM 21.0.0 (clang-2100.3.34.2)"," -O3 -DNDEBUG -DPITO_ECS_OWNED_DELETE_ATOMIC=1",8,100000,pito,owned_local,ecs_create_owned_local,1,0,6,13.408000
aalair,"Apple M3",8,"Darwin 27.0.0 arm64","Apple LLVM 21.0.0 (clang-2100.3.34.2)"," -O3 -DNDEBUG -DPITO_ECS_OWNED_DELETE_ATOMIC=1",8,100000,pito,owned_local,ecs_create_owned_local,1,0,7,13.474000
aalair,"Apple M3",8,"Darwin 27.0.0 arm64","Apple LLVM 21.0.0 (clang-2100.3.34.2)"," -O3 -DNDEBUG -DPITO_ECS_OWNED_DELETE_ATOMIC=1",8,100000,pito,owned_local,ecs_create_owned_local,1,0,8,13.454000
aalair,"Apple M3",8,"Darwin 27.0.0 arm64","Apple LLVM 21.0.0 (clang-2100.3.34.2)"," -O3 -DNDEBUG -DPITO_ECS_OWNED_DELETE_ATOMIC=1",8,100000,pito,owned_local,ecs_create_owned_local,1,0,9,13.481000
aalair,"Apple M3",8,"Darwin 27.0.0 arm64","Apple LLVM 21.0.0 (clang-2100.3.34.2)"," -O3 -DNDEBUG -DPITO_ECS_OWNED_DELETE_ATOMIC=1",8,100000,pito,owned_local,ecs_create_owned_local,1,0,10,13.464000
aalair,"Apple M3",8,"Darwin 27.0.0 arm64","Apple LLVM 21.0.0 (clang-2100.3.34.2)"," -O3 -DNDEBUG -DPITO_ECS_OWNED_DELETE_ATOMIC=1",8,100000,pito,owned_local,ecs_create_owned_local,1,10,1,14.706000
aalair,"Apple M3",8,"Darwin 27.0.0 arm64","Apple LLVM 21.0.0 (clang-2100.3.34.2)"," -O3 -DNDEBUG -DPITO_ECS_OWNED_DELETE_ATOMIC=1",8,100000,pito,owned_local,ecs_create_owned_local,1,10,2,14.564000
aalair,"Apple M3",8,"Darwin 27.0.0 arm64","Apple LLVM 21.0.0 (clang-2100.3.34.2)"," -O3 -DNDEBUG -DPITO_ECS_OWNED_DELETE_ATOMIC=1",8,100000,pito,owned_local,ecs_create_owned_local,1,10,3,14.466000
aalair,"Apple M3",8,"Darwin 27.0.0 arm64","Apple LLVM 21.0.0 (clang-2100.3.34.2)"," -O3 -DNDEBUG -DPITO_ECS_OWNED_DELETE_ATOMIC=1",8,100000,pito,owned_local,ecs_create_owned_local,1,10,4,13.820000
aalair,"Apple M3",8,"Darwin 27.0.0 arm64","Apple LLVM 21.0.0 (clang-2100.3.34.2)"," -O3 -DNDEBUG -DPITO_ECS_OWNED_DELETE_ATOMIC=1",8,100000,pito,owned_local,ecs_create_owned_local,1,10,5,13.710000
aalair,"Apple M3",8,"Darwin 27.0.0 arm64","Apple LLVM 21.0.0 (clang-2100.3.34.2)"," -O3 -DNDEBUG -DPITO_ECS_OWNED_DELETE_ATOMIC=1",8,100000,pito,owned_local,ecs_create_owned_local,1,10,6,13.783000
aalair,"Apple M3",8,"Darwin 27.0.0 arm64","Apple LLVM 21.0.0 (clang-2100.3.34.2)"," -O3 -DNDEBUG -DPITO_ECS_OWNED_DELETE_ATOMIC=1",8,100000,pito,owned_local,ecs_create_owned_local,1,10,7,13.726000
aalair,"Apple M3",8,"Darwin 27.0.0 arm64","Apple LLVM 21.0.0 (clang-2100.3.34.2)"," -O3 -DNDEBUG -DPITO_ECS_OWNED_DELETE_ATOMIC=1",8,100000,pito,owned_local,ecs_create_owned_local,1,10,8,13.728000
aalair,"Apple M3",8,"Darwin 27.0.0 arm64","Apple LLVM 21.0.0 (clang-2100.3.34.2)"," -O3 -DNDEBUG -DPITO_ECS_OWNED_DELETE_ATOMIC=1",8,100000,pito,owned_local,ecs_create_owned_local,1,10,9,13.712000
aalair,"Apple M3",8,"Darwin 27.0.0 arm64","Apple LLVM 21.0.0 (clang-2100.3.34.2)"," -O3 -DNDEBUG -DPITO_ECS_OWNED_DELETE_ATOMIC=1",8,100000,pito,owned_local,ecs_create_owned_local,1,10,10,13.723000
aalair,"Apple M3",8,"Darwin 27.0.0 arm64","Apple LLVM 21.0.0 (clang-2100.3.34.2)"," -O3 -DNDEBUG -DPITO_ECS_OWNED_DELETE_ATOMIC=1",8,100000,pito,owned_local,ecs_create_owned_local,1,10,11,13.721000
aalair,"Apple M3",8,"Darwin 27.0.0 arm64","Apple LLVM 21.0.0 (clang-2100.3.34.2)"," -O3 -DNDEBUG -DPITO_ECS_OWNED_DELETE_ATOMIC=1",8,100000,pito,owned_local,ecs_create_owned_local,1,10,12,13.690000
aalair,"Apple M3",8,"Darwin 27.0.0 arm64","Apple LLVM 21.0.0 (clang-2100.3.34.2)"," -O3 -DNDEBUG -DPITO_ECS_OWNED_DELETE_ATOMIC=1",8,100000,pito,owned_local,ecs_create_owned_local,1,10,13,13.787000
aalair,"Apple M3",8,"Darwin 27.0.0 arm64","Apple LLVM 21.0.0 (clang-2100.3.34.2)"," -O3 -DNDEBUG -DPITO_ECS_OWNED_DELETE_ATOMIC=1",8,100000,pito,owned_local,ecs_create_owned_local,1,10,14,13.857000
aalair,"Apple M3",8,"Darwin 27.0.0 arm64","Apple LLVM 21.0.0 (clang-2100.3.34.2)"," -O3 -DNDEBUG -DPITO_ECS_OWNED_DELETE_ATOMIC=1",8,100000,pito,owned_local,ecs_create_owned_local,1,10,15,13.841000
aalair,"Apple M3",8,"Darwin 27.0.0 arm64","Apple LLVM 21.0.0 (clang-2100.3.34.2)"," -O3 -DNDEBUG -DPITO_ECS_OWNED_DELETE_ATOMIC=1",8,100000,pito,owned_local,ecs_create_owned_local,1,50,1,30.589000
aalair,"Apple M3",8,"Darwin 27.0.0 arm64","Apple LLVM 21.0.0 (clang-2100.3.34.2)"," -O3 -DNDEBUG -DPITO_ECS_OWNED_DELETE_ATOMIC=1",8,100000,pito,owned_local,ecs_create_owned_local,1,50,2,30.637000
aalair,"Apple M3",8,"Darwin 27.0.0 arm64","Apple LLVM 21.0.0 (clang-2100.3.34.2)"," -O3 -DNDEBUG -DPITO_ECS_OWNED_DELETE_ATOMIC=1",8,100000,pito,owned_local,ecs_create_owned_local,1,50,3,30.718000
aalair,"Apple M3",8,"Darwin 27.0.0 arm64","Apple LLVM 21.0.0 (clang-2100.3.34.2)"," -O3 -DNDEBUG -DPITO_ECS_OWNED_DELETE_ATOMIC=1",8,100000,pito,owned_local,ecs_create_owned_local,1,50,4,30.727000
aalair,"Apple M3",8,"Darwin 27.0.0 arm64","Apple LLVM 21.0.0 (clang-2100.3.34.2)"," -O3 -DNDEBUG -DPITO_ECS_OWNED_DELETE_ATOMIC=1",8,100000,pito,owned_local,ecs_create_owned_local,1,50,5,30.730000
aalair,"Apple M3",8,"Darwin 27.0.0 arm64","Apple LLVM 21.0.0 (clang-2100.3.34.2)"," -O3 -DNDEBUG -DPITO_ECS_OWNED_DELETE_ATOMIC=1",8,100000,pito,owned_local,ecs_create_owned_local,1,50,6,30.722000
aalair,"Apple M3",8,"Darwin 27.0.0 arm64","Apple LLVM 21.0.0 (clang-2100.3.34.2)"," -O3 -DNDEBUG -DPITO_ECS_OWNED_DELETE_ATOMIC=1",8,100000,pito,owned_local,ecs_create_owned_local,1,50,7,30.765000
aalair,"Apple M3",8,"Darwin 27.0.0 arm64","Apple LLVM 21.0.0 (clang-2100.3.34.2)"," -O3 -DNDEBUG -DPITO_ECS_OWNED_DELETE_ATOMIC=1",8,100000,pito,owned_local,ecs_create_owned_local,1,50,8,30.760000
aalair,"Apple M3",8,"Darwin 27.0.0 arm64","Apple LLVM 21.0.0 (clang-2100.3.34.2)"," -O3 -DNDEBUG -DPITO_ECS_OWNED_DELETE_ATOMIC=1",8,100000,pito,owned_local,ecs_create_owned_local,1,50,9,30.762000
aalair,"Apple M3",8,"Darwin 27.0.0 arm64","Apple LLVM 21.0.0 (clang-2100.3.34.2)"," -O3 -DNDEBUG -DPITO_ECS_OWNED_DELETE_ATOMIC=1",8,100000,pito,owned_local,ecs_create_owned_local,1,50,10,30.756000
aalair,"Apple M3",8,"Darwin 27.0.0 arm64","Apple LLVM 21.0.0 (clang-2100.3.34.2)"," -O3 -DNDEBUG -DPITO_ECS_OWNED_DELETE_ATOMIC=1",8,100000,pito,owned_local,ecs_create_owned_local,1,500,1,359.077000
aalair,"Apple M3",8,"Darwin 27.0.0 arm64","Apple LLVM 21.0.0 (clang-2100.3.34.2)"," -O3 -DNDEBUG -DPITO_ECS_OWNED_DELETE_ATOMIC=1",8,100000,pito,owned_local,ecs_create_owned_local,1,500,2,359.981000
aalair,"Apple M3",8,"Darwin 27.0.0 arm64","Apple LLVM 21.0.0 (clang-2100.3.34.2)"," -O3 -DNDEBUG -DPITO_ECS_OWNED_DELETE_ATOMIC=1",8,100000,pito,owned_local,ecs_create_owned_local,1,500,3,358.845000
aalair,"Apple M3",8,"Darwin 27.0.0 arm64","Apple LLVM 21.0.0 (clang-2100.3.34.2)"," -O3 -DNDEBUG -DPITO_ECS_OWNED_DELETE_ATOMIC=1",8,100000,pito,owned_local,ecs_create_owned_local,1,500,4,428.539000
aalair,"Apple M3",8,"Darwin 27.0.0 arm64","Apple LLVM 21.0.0 (clang-2100.3.34.2)"," -O3 -DNDEBUG -DPITO_ECS_OWNED_DELETE_ATOMIC=1",8,100000,pito,owned_local,ecs_create_owned_local,1,500,5,365.519000
aalair,"Apple M3",8,"Darwin 27.0.0 arm64","Apple LLVM 21.0.0 (clang-2100.3.34.2)"," -O3 -DNDEBUG -DPITO_ECS_OWNED_DELETE_ATOMIC=1",8,100000,pito,owned_local,ecs_create_owned_local,1,500,6,359.484000
aalair,"Apple M3",8,"Darwin 27.0.0 arm64","Apple LLVM 21.0.0 (clang-2100.3.34.2)"," -O3 -DNDEBUG -DPITO_ECS_OWNED_DELETE_ATOMIC=1",8,100000,pito,owned_local,ecs_create_owned_local,1,500,7,359.055000
aalair,"Apple M3",8,"Darwin 27.0.0 arm64","Apple LLVM 21.0.0 (clang-2100.3.34.2)"," -O3 -DNDEBUG -DPITO_ECS_OWNED_DELETE_ATOMIC=1",8,100000,pito,owned_local,ecs_create_owned_local,1,500,8,359.299000
aalair,"Apple M3",8,"Darwin 27.0.0 arm64","Apple LLVM 21.0.0 (clang-2100.3.34.2)"," -O3 -DNDEBUG -DPITO_ECS_OWNED_DELETE_ATOMIC=1",8,100000,pito,owned_local,ecs_create_owned_local,1,500,9,359.071000
aalair,"Apple M3",8,"Darwin 27.0.0 arm64","Apple LLVM 21.0.0 (clang-2100.3.34.2)"," -O3 -DNDEBUG -DPITO_ECS_OWNED_DELETE_ATOMIC=1",8,100000,pito,owned_local,ecs_create_owned_local,1,500,10,360.335000
aalair,"Apple M3",8,"Darwin 27.0.0 arm64","Apple LLVM 21.0.0 (clang-2100.3.34.2)"," -O3 -DNDEBUG -DPITO_ECS_OWNED_DELETE_ATOMIC=1",8,100000,pito,owned_local,ecs_create_owned_local,1,500,11,370.050000
aalair,"Apple M3",8,"Darwin 27.0.0 arm64","Apple LLVM 21.0.0 (clang-2100.3.34.2)"," -O3 -DNDEBUG -DPITO_ECS_OWNED_DELETE_ATOMIC=1",8,100000,pito,owned_local,ecs_create_owned_local,2,0,1,9.792000
aalair,"Apple M3",8,"Darwin 27.0.0 arm64","Apple LLVM 21.0.0 (clang-2100.3.34.2)"," -O3 -DNDEBUG -DPITO_ECS_OWNED_DELETE_ATOMIC=1",8,100000,pito,owned_local,ecs_create_owned_local,2,0,2,9.891000
aalair,"Apple M3",8,"Darwin 27.0.0 arm64","Apple LLVM 21.0.0 (clang-2100.3.34.2)"," -O3 -DNDEBUG -DPITO_ECS_OWNED_DELETE_ATOMIC=1",8,100000,pito,owned_local,ecs_create_owned_local,2,0,3,9.890000
aalair,"Apple M3",8,"Darwin 27.0.0 arm64","Apple LLVM 21.0.0 (clang-2100.3.34.2)"," -O3 -DNDEBUG -DPITO_ECS_OWNED_DELETE_ATOMIC=1",8,100000,pito,owned_local,ecs_create_owned_local,2,0,4,9.875000
aalair,"Apple M3",8,"Darwin 27.0.0 arm64","Apple LLVM 21.0.0 (clang-2100.3.34.2)"," -O3 -DNDEBUG -DPITO_ECS_OWNED_DELETE_ATOMIC=1",8,100000,pito,owned_local,ecs_create_owned_local,2,0,5,9.882000
aalair,"Apple M3",8,"Darwin 27.0.0 arm64","Apple LLVM 21.0.0 (clang-2100.3.34.2)"," -O3 -DNDEBUG -DPITO_ECS_OWNED_DELETE_ATOMIC=1",8,100000,pito,owned_local,ecs_create_owned_local,2,0,6,9.906000
aalair,"Apple M3",8,"Darwin 27.0.0 arm64","Apple LLVM 21.0.0 (clang-2100.3.34.2)"," -O3 -DNDEBUG -DPITO_ECS_OWNED_DELETE_ATOMIC=1",8,100000,pito,owned_local,ecs_create_owned_local,2,0,7,9.830000
aalair,"Apple M3",8,"Darwin 27.0.0 arm64","Apple LLVM 21.0.0 (clang-2100.3.34.2)"," -O3 -DNDEBUG -DPITO_ECS_OWNED_DELETE_ATOMIC=1",8,100000,pito,owned_local,ecs_create_owned_local,2,0,8,9.803000
aalair,"Apple M3",8,"Darwin 27.0.0 arm64","Apple LLVM 21.0.0 (clang-2100.3.34.2)"," -O3 -DNDEBUG -DPITO_ECS_OWNED_DELETE_ATOMIC=1",8,100000,pito,owned_local,ecs_create_owned_local,2,0,9,9.807000
aalair,"Apple M3",8,"Darwin 27.0.0 arm64","Apple LLVM 21.0.0 (clang-2100.3.34.2)"," -O3 -DNDEBUG -DPITO_ECS_OWNED_DELETE_ATOMIC=1",8,100000,pito,owned_local,ecs_create_owned_local,2,0,10,9.829000
aalair,"Apple M3",8,"Darwin 27.0.0 arm64","Apple LLVM 21.0.0 (clang-2100.3.34.2)"," -O3 -DNDEBUG -DPITO_ECS_OWNED_DELETE_ATOMIC=1",8,100000,pito,owned_local,ecs_create_owned_local,2,10,1,10.500000
aalair,"Apple M3",8,"Darwin 27.0.0 arm64","Apple LLVM 21.0.0 (clang-2100.3.34.2)"," -O3 -DNDEBUG -DPITO_ECS_OWNED_DELETE_ATOMIC=1",8,100000,pito,owned_local,ecs_create_owned_local,2,10,2,10.539000
aalair,"Apple M3",8,"Darwin 27.0.0 arm64","Apple LLVM 21.0.0 (clang-2100.3.34.2)"," -O3 -DNDEBUG -DPITO_ECS_OWNED_DELETE_ATOMIC=1",8,100000,pito,owned_local,ecs_create_owned_local,2,10,3,10.479000
aalair,"Apple M3",8,"Darwin 27.0.0 arm64","Apple LLVM 21.0.0 (clang-2100.3.34.2)"," -O3 -DNDEBUG -DPITO_ECS_OWNED_DELETE_ATOMIC=1",8,100000,pito,owned_local,ecs_create_owned_local,2,10,4,10.541000
aalair,"Apple M3",8,"Darwin 27.0.0 arm64","Apple LLVM 21.0.0 (clang-2100.3.34.2)"," -O3 -DNDEBUG -DPITO_ECS_OWNED_DELETE_ATOMIC=1",8,100000,pito,owned_local,ecs_create_owned_local,2,10,5,10.492000
aalair,"Apple M3",8,"Darwin 27.0.0 arm64","Apple LLVM 21.0.0 (clang-2100.3.34.2)"," -O3 -DNDEBUG -DPITO_ECS_OWNED_DELETE_ATOMIC=1",8,100000,pito,owned_local,ecs_create_owned_local,2,10,6,10.538000
aalair,"Apple M3",8,"Darwin 27.0.0 arm64","Apple LLVM 21.0.0 (clang-2100.3.34.2)"," -O3 -DNDEBUG -DPITO_ECS_OWNED_DELETE_ATOMIC=1",8,100000,pito,owned_local,ecs_create_owned_local,2,10,7,10.437000
aalair,"Apple M3",8,"Darwin 27.0.0 arm64","Apple LLVM 21.0.0 (clang-2100.3.34.2)"," -O3 -DNDEBUG -DPITO_ECS_OWNED_DELETE_ATOMIC=1",8,100000,pito,owned_local,ecs_create_owned_local,2,10,8,10.521000
aalair,"Apple M3",8,"Darwin 27.0.0 arm64","Apple LLVM 21.0.0 (clang-2100.3.34.2)"," -O3 -DNDEBUG -DPITO_ECS_OWNED_DELETE_ATOMIC=1",8,100000,pito,owned_local,ecs_create_owned_local,2,10,9,10.557000
aalair,"Apple M3",8,"Darwin 27.0.0 arm64","Apple LLVM 21.0.0 (clang-2100.3.34.2)"," -O3 -DNDEBUG -DPITO_ECS_OWNED_DELETE_ATOMIC=1",8,100000,pito,owned_local,ecs_create_owned_local,2,10,10,10.547000
aalair,"Apple M3",8,"Darwin 27.0.0 arm64","Apple LLVM 21.0.0 (clang-2100.3.34.2)"," -O3 -DNDEBUG -DPITO_ECS_OWNED_DELETE_ATOMIC=1",8,100000,pito,owned_local,ecs_create_owned_local,2,50,1,18.848000
aalair,"Apple M3",8,"Darwin 27.0.0 arm64","Apple LLVM 21.0.0 (clang-2100.3.34.2)"," -O3 -DNDEBUG -DPITO_ECS_OWNED_DELETE_ATOMIC=1",8,100000,pito,owned_local,ecs_create_owned_local,2,50,2,18.853000
aalair,"Apple M3",8,"Darwin 27.0.0 arm64","Apple LLVM 21.0.0 (clang-2100.3.34.2)"," -O3 -DNDEBUG -DPITO_ECS_OWNED_DELETE_ATOMIC=1",8,100000,pito,owned_local,ecs_create_owned_local,2,50,3,18.817000
aalair,"Apple M3",8,"Darwin 27.0.0 arm64","Apple LLVM 21.0.0 (clang-2100.3.34.2)"," -O3 -DNDEBUG -DPITO_ECS_OWNED_DELETE_ATOMIC=1",8,100000,pito,owned_local,ecs_create_owned_local,2,50,4,18.816000
aalair,"Apple M3",8,"Darwin 27.0.0 arm64","Apple LLVM 21.0.0 (clang-2100.3.34.2)"," -O3 -DNDEBUG -DPITO_ECS_OWNED_DELETE_ATOMIC=1",8,100000,pito,owned_local,ecs_create_owned_local,2,50,5,18.846000
aalair,"Apple M3",8,"Darwin 27.0.0 arm64","Apple LLVM 21.0.0 (clang-2100.3.34.2)"," -O3 -DNDEBUG -DPITO_ECS_OWNED_DELETE_ATOMIC=1",8,100000,pito,owned_local,ecs_create_owned_local,2,50,6,18.891000
aalair,"Apple M3",8,"Darwin 27.0.0 arm64","Apple LLVM 21.0.0 (clang-2100.3.34.2)"," -O3 -DNDEBUG -DPITO_ECS_OWNED_DELETE_ATOMIC=1",8,100000,pito,owned_local,ecs_create_owned_local,2,50,7,18.935000
aalair,"Apple M3",8,"Darwin 27.0.0 arm64","Apple LLVM 21.0.0 (clang-2100.3.34.2)"," -O3 -DNDEBUG -DPITO_ECS_OWNED_DELETE_ATOMIC=1",8,100000,pito,owned_local,ecs_create_owned_local,2,50,8,18.842000
aalair,"Apple M3",8,"Darwin 27.0.0 arm64","Apple LLVM 21.0.0 (clang-2100.3.34.2)"," -O3 -DNDEBUG -DPITO_ECS_OWNED_DELETE_ATOMIC=1",8,100000,pito,owned_local,ecs_create_owned_local,2,50,9,18.823000
aalair,"Apple M3",8,"Darwin 27.0.0 arm64","Apple LLVM 21.0.0 (clang-2100.3.34.2)"," -O3 -DNDEBUG -DPITO_ECS_OWNED_DELETE_ATOMIC=1",8,100000,pito,owned_local,ecs_create_owned_local,2,50,10,19.233000
aalair,"Apple M3",8,"Darwin 27.0.0 arm64","Apple LLVM 21.0.0 (clang-2100.3.34.2)"," -O3 -DNDEBUG -DPITO_ECS_OWNED_DELETE_ATOMIC=1",8,100000,pito,owned_local,ecs_create_owned_local,2,500,1,190.635000
aalair,"Apple M3",8,"Darwin 27.0.0 arm64","Apple LLVM 21.0.0 (clang-2100.3.34.2)"," -O3 -DNDEBUG -DPITO_ECS_OWNED_DELETE_ATOMIC=1",8,100000,pito,owned_local,ecs_create_owned_local,2,500,2,188.494000
aalair,"Apple M3",8,"Darwin 27.0.0 arm64","Apple LLVM 21.0.0 (clang-2100.3.34.2)"," -O3 -DNDEBUG -DPITO_ECS_OWNED_DELETE_ATOMIC=1",8,100000,pito,owned_local,ecs_create_owned_local,2,500,3,187.326000
aalair,"Apple M3",8,"Darwin 27.0.0 arm64","Apple LLVM 21.0.0 (clang-2100.3.34.2)"," -O3 -DNDEBUG -DPITO_ECS_OWNED_DELETE_ATOMIC=1",8,100000,pito,owned_local,ecs_create_owned_local,2,500,4,187.345000
aalair,"Apple M3",8,"Darwin 27.0.0 arm64","Apple LLVM 21.0.0 (clang-2100.3.34.2)"," -O3 -DNDEBUG -DPITO_ECS_OWNED_DELETE_ATOMIC=1",8,100000,pito,owned_local,ecs_create_owned_local,2,500,5,187.302000
aalair,"Apple M3",8,"Darwin 27.0.0 arm64","Apple LLVM 21.0.0 (clang-2100.3.34.2)"," -O3 -DNDEBUG -DPITO_ECS_OWNED_DELETE_ATOMIC=1",8,100000,pito,owned_local,ecs_create_owned_local,2,500,6,187.258000
aalair,"Apple M3",8,"Darwin 27.0.0 arm64","Apple LLVM 21.0.0 (clang-2100.3.34.2)"," -O3 -DNDEBUG -DPITO_ECS_OWNED_DELETE_ATOMIC=1",8,100000,pito,owned_local,ecs_create_owned_local,2,500,7,188.611000
aalair,"Apple M3",8,"Darwin 27.0.0 arm64","Apple LLVM 21.0.0 (clang-2100.3.34.2)"," -O3 -DNDEBUG -DPITO_ECS_OWNED_DELETE_ATOMIC=1",8,100000,pito,owned_local,ecs_create_owned_local,2,500,8,187.341000
aalair,"Apple M3",8,"Darwin 27.0.0 arm64","Apple LLVM 21.0.0 (clang-2100.3.34.2)"," -O3 -DNDEBUG -DPITO_ECS_OWNED_DELETE_ATOMIC=1",8,100000,pito,owned_local,ecs_create_owned_local,2,500,9,187.633000
aalair,"Apple M3",8,"Darwin 27.0.0 arm64","Apple LLVM 21.0.0 (clang-2100.3.34.2)"," -O3 -DNDEBUG -DPITO_ECS_OWNED_DELETE_ATOMIC=1",8,100000,pito,owned_local,ecs_create_owned_local,2,500,10,188.224000
aalair,"Apple M3",8,"Darwin 27.0.0 arm64","Apple LLVM 21.0.0 (clang-2100.3.34.2)"," -O3 -DNDEBUG -DPITO_ECS_OWNED_DELETE_ATOMIC=1",8,100000,pito,owned_local,ecs_create_owned_local,4,0,1,9.307000
aalair,"Apple M3",8,"Darwin 27.0.0 arm64","Apple LLVM 21.0.0 (clang-2100.3.34.2)"," -O3 -DNDEBUG -DPITO_ECS_OWNED_DELETE_ATOMIC=1",8,100000,pito,owned_local,ecs_create_owned_local,4,0,2,9.247000
aalair,"Apple M3",8,"Darwin 27.0.0 arm64","Apple LLVM 21.0.0 (clang-2100.3.34.2)"," -O3 -DNDEBUG -DPITO_ECS_OWNED_DELETE_ATOMIC=1",8,100000,pito,owned_local,ecs_create_owned_local,4,0,3,9.242000
aalair,"Apple M3",8,"Darwin 27.0.0 arm64","Apple LLVM 21.0.0 (clang-2100.3.34.2)"," -O3 -DNDEBUG -DPITO_ECS_OWNED_DELETE_ATOMIC=1",8,100000,pito,owned_local,ecs_create_owned_local,4,0,4,9.314000
aalair,"Apple M3",8,"Darwin 27.0.0 arm64","Apple LLVM 21.0.0 (clang-2100.3.34.2)"," -O3 -DNDEBUG -DPITO_ECS_OWNED_DELETE_ATOMIC=1",8,100000,pito,owned_local,ecs_create_owned_local,4,0,5,9.269000
aalair,"Apple M3",8,"Darwin 27.0.0 arm64","Apple LLVM 21.0.0 (clang-2100.3.34.2)"," -O3 -DNDEBUG -DPITO_ECS_OWNED_DELETE_ATOMIC=1",8,100000,pito,owned_local,ecs_create_owned_local,4,0,6,9.240000
aalair,"Apple M3",8,"Darwin 27.0.0 arm64","Apple LLVM 21.0.0 (clang-2100.3.34.2)"," -O3 -DNDEBUG -DPITO_ECS_OWNED_DELETE_ATOMIC=1",8,100000,pito,owned_local,ecs_create_owned_local,4,0,7,9.282000
aalair,"Apple M3",8,"Darwin 27.0.0 arm64","Apple LLVM 21.0.0 (clang-2100.3.34.2)"," -O3 -DNDEBUG -DPITO_ECS_OWNED_DELETE_ATOMIC=1",8,100000,pito,owned_local,ecs_create_owned_local,4,0,8,9.276000
aalair,"Apple M3",8,"Darwin 27.0.0 arm64","Apple LLVM 21.0.0 (clang-2100.3.34.2)"," -O3 -DNDEBUG -DPITO_ECS_OWNED_DELETE_ATOMIC=1",8,100000,pito,owned_local,ecs_create_owned_local,4,0,9,9.313000
aalair,"Apple M3",8,"Darwin 27.0.0 arm64","Apple LLVM 21.0.0 (clang-2100.3.34.2)"," -O3 -DNDEBUG -DPITO_ECS_OWNED_DELETE_ATOMIC=1",8,100000,pito,owned_local,ecs_create_owned_local,4,0,10,9.292000
aalair,"Apple M3",8,"Darwin 27.0.0 arm64","Apple LLVM 21.0.0 (clang-2100.3.34.2)"," -O3 -DNDEBUG -DPITO_ECS_OWNED_DELETE_ATOMIC=1",8,100000,pito,owned_local,ecs_create_owned_local,4,10,1,9.935000
aalair,"Apple M3",8,"Darwin 27.0.0 arm64","Apple LLVM 21.0.0 (clang-2100.3.34.2)"," -O3 -DNDEBUG -DPITO_ECS_OWNED_DELETE_ATOMIC=1",8,100000,pito,owned_local,ecs_create_owned_local,4,10,2,9.849000
aalair,"Apple M3",8,"Darwin 27.0.0 arm64","Apple LLVM 21.0.0 (clang-2100.3.34.2)"," -O3 -DNDEBUG -DPITO_ECS_OWNED_DELETE_ATOMIC=1",8,100000,pito,owned_local,ecs_create_owned_local,4,10,3,10.007000
aalair,"Apple M3",8,"Darwin 27.0.0 arm64","Apple LLVM 21.0.0 (clang-2100.3.34.2)"," -O3 -DNDEBUG -DPITO_ECS_OWNED_DELETE_ATOMIC=1",8,100000,pito,owned_local,ecs_create_owned_local,4,10,4,9.930000
aalair,"Apple M3",8,"Darwin 27.0.0 arm64","Apple LLVM 21.0.0 (clang-2100.3.34.2)"," -O3 -DNDEBUG -DPITO_ECS_OWNED_DELETE_ATOMIC=1",8,100000,pito,owned_local,ecs_create_owned_local,4,10,5,9.900000
aalair,"Apple M3",8,"Darwin 27.0.0 arm64","Apple LLVM 21.0.0 (clang-2100.3.34.2)"," -O3 -DNDEBUG -DPITO_ECS_OWNED_DELETE_ATOMIC=1",8,100000,pito,owned_local,ecs_create_owned_local,4,10,6,9.894000
aalair,"Apple M3",8,"Darwin 27.0.0 arm64","Apple LLVM 21.0.0 (clang-2100.3.34.2)"," -O3 -DNDEBUG -DPITO_ECS_OWNED_DELETE_ATOMIC=1",8,100000,pito,owned_local,ecs_create_owned_local,4,10,7,9.925000
aalair,"Apple M3",8,"Darwin 27.0.0 arm64","Apple LLVM 21.0.0 (clang-2100.3.34.2)"," -O3 -DNDEBUG -DPITO_ECS_OWNED_DELETE_ATOMIC=1",8,100000,pito,owned_local,ecs_create_owned_local,4,10,8,9.843000
aalair,"Apple M3",8,"Darwin 27.0.0 arm64","Apple LLVM 21.0.0 (clang-2100.3.34.2)"," -O3 -DNDEBUG -DPITO_ECS_OWNED_DELETE_ATOMIC=1",8,100000,pito,owned_local,ecs_create_owned_local,4,10,9,10.012000
aalair,"Apple M3",8,"Darwin 27.0.0 arm64","Apple LLVM 21.0.0 (clang-2100.3.34.2)"," -O3 -DNDEBUG -DPITO_ECS_OWNED_DELETE_ATOMIC=1",8,100000,pito,owned_local,ecs_create_owned_local,4,10,10,9.905000
aalair,"Apple M3",8,"Darwin 27.0.0 arm64","Apple LLVM 21.0.0 (clang-2100.3.34.2)"," -O3 -DNDEBUG -DPITO_ECS_OWNED_DELETE_ATOMIC=1",8,100000,pito,owned_local,ecs_create_owned_local,4,50,1,14.448000
aalair,"Apple M3",8,"Darwin 27.0.0 arm64","Apple LLVM 21.0.0 (clang-2100.3.34.2)"," -O3 -DNDEBUG -DPITO_ECS_OWNED_DELETE_ATOMIC=1",8,100000,pito,owned_local,ecs_create_owned_local,4,50,2,15.680000
aalair,"Apple M3",8,"Darwin 27.0.0 arm64","Apple LLVM 21.0.0 (clang-2100.3.34.2)"," -O3 -DNDEBUG -DPITO_ECS_OWNED_DELETE_ATOMIC=1",8,100000,pito,owned_local,ecs_create_owned_local,4,50,3,14.382000
aalair,"Apple M3",8,"Darwin 27.0.0 arm64","Apple LLVM 21.0.0 (clang-2100.3.34.2)"," -O3 -DNDEBUG -DPITO_ECS_OWNED_DELETE_ATOMIC=1",8,100000,pito,owned_local,ecs_create_owned_local,4,50,4,14.382000
aalair,"Apple M3",8,"Darwin 27.0.0 arm64","Apple LLVM 21.0.0 (clang-2100.3.34.2)"," -O3 -DNDEBUG -DPITO_ECS_OWNED_DELETE_ATOMIC=1",8,100000,pito,owned_local,ecs_create_owned_local,4,50,5,14.418000
aalair,"Apple M3",8,"Darwin 27.0.0 arm64","Apple LLVM 21.0.0 (clang-2100.3.34.2)"," -O3 -DNDEBUG -DPITO_ECS_OWNED_DELETE_ATOMIC=1",8,100000,pito,owned_local,ecs_create_owned_local,4,50,6,14.440000
aalair,"Apple M3",8,"Darwin 27.0.0 arm64","Apple LLVM 21.0.0 (clang-2100.3.34.2)"," -O3 -DNDEBUG -DPITO_ECS_OWNED_DELETE_ATOMIC=1",8,100000,pito,owned_local,ecs_create_owned_local,4,50,7,14.365000
aalair,"Apple M3",8,"Darwin 27.0.0 arm64","Apple LLVM 21.0.0 (clang-2100.3.34.2)"," -O3 -DNDEBUG -DPITO_ECS_OWNED_DELETE_ATOMIC=1",8,100000,pito,owned_local,ecs_create_owned_local,4,50,8,14.407000
aalair,"Apple M3",8,"Darwin 27.0.0 arm64","Apple LLVM 21.0.0 (clang-2100.3.34.2)"," -O3 -DNDEBUG -DPITO_ECS_OWNED_DELETE_ATOMIC=1",8,100000,pito,owned_local,ecs_create_owned_local,4,50,9,14.390000
aalair,"Apple M3",8,"Darwin 27.0.0 arm64","Apple LLVM 21.0.0 (clang-2100.3.34.2)"," -O3 -DNDEBUG -DPITO_ECS_OWNED_DELETE_ATOMIC=1",8,100000,pito,owned_local,ecs_create_owned_local,4,50,10,14.417000
aalair,"Apple M3",8,"Darwin 27.0.0 arm64","Apple LLVM 21.0.0 (clang-2100.3.34.2)"," -O3 -DNDEBUG -DPITO_ECS_OWNED_DELETE_ATOMIC=1",8,100000,pito,owned_local,ecs_create_owned_local,4,50,11,14.374000
aalair,"Apple M3",8,"Darwin 27.0.0 arm64","Apple LLVM 21.0.0 (clang-2100.3.34.2)"," -O3 -DNDEBUG -DPITO_ECS_OWNED_DELETE_ATOMIC=1",8,100000,pito,owned_local,ecs_create_owned_local,4,500,1,104.752000
aalair,"Apple M3",8,"Darwin 27.0.0 arm64","Apple LLVM 21.0.0 (clang-2100.3.34.2)"," -O3 -DNDEBUG -DPITO_ECS_OWNED_DELETE_ATOMIC=1",8,100000,pito,owned_local,ecs_create_owned_local,4,500,2,104.706000
aalair,"Apple M3",8,"Darwin 27.0.0 arm64","Apple LLVM 21.0.0 (clang-2100.3.34.2)"," -O3 -DNDEBUG -DPITO_ECS_OWNED_DELETE_ATOMIC=1",8,100000,pito,owned_local,ecs_create_owned_local,4,500,3,104.694000
aalair,"Apple M3",8,"Darwin 27.0.0 arm64","Apple LLVM 21.0.0 (clang-2100.3.34.2)"," -O3 -DNDEBUG -DPITO_ECS_OWNED_DELETE_ATOMIC=1",8,100000,pito,owned_local,ecs_create_owned_local,4,500,4,105.757000
aalair,"Apple M3",8,"Darwin 27.0.0 arm64","Apple LLVM 21.0.0 (clang-2100.3.34.2)"," -O3 -DNDEBUG -DPITO_ECS_OWNED_DELETE_ATOMIC=1",8,100000,pito,owned_local,ecs_create_owned_local,4,500,5,106.136000
aalair,"Apple M3",8,"Darwin 27.0.0 arm64","Apple LLVM 21.0.0 (clang-2100.3.34.2)"," -O3 -DNDEBUG -DPITO_ECS_OWNED_DELETE_ATOMIC=1",8,100000,pito,owned_local,ecs_create_owned_local,4,500,6,104.734000
aalair,"Apple M3",8,"Darwin 27.0.0 arm64","Apple LLVM 21.0.0 (clang-2100.3.34.2)"," -O3 -DNDEBUG -DPITO_ECS_OWNED_DELETE_ATOMIC=1",8,100000,pito,owned_local,ecs_create_owned_local,4,500,7,105.752000
aalair,"Apple M3",8,"Darwin 27.0.0 arm64","Apple LLVM 21.0.0 (clang-2100.3.34.2)"," -O3 -DNDEBUG -DPITO_ECS_OWNED_DELETE_ATOMIC=1",8,100000,pito,owned_local,ecs_create_owned_local,4,500,8,105.260000
aalair,"Apple M3",8,"Darwin 27.0.0 arm64","Apple LLVM 21.0.0 (clang-2100.3.34.2)"," -O3 -DNDEBUG -DPITO_ECS_OWNED_DELETE_ATOMIC=1",8,100000,pito,owned_local,ecs_create_owned_local,4,500,9,104.629000
aalair,"Apple M3",8,"Darwin 27.0.0 arm64","Apple LLVM 21.0.0 (clang-2100.3.34.2)"," -O3 -DNDEBUG -DPITO_ECS_OWNED_DELETE_ATOMIC=1",8,100000,pito,owned_local,ecs_create_owned_local,4,500,10,104.967000
aalair,"Apple M3",8,"Darwin 27.0.0 arm64","Apple LLVM 21.0.0 (clang-2100.3.34.2)"," -O3 -DNDEBUG -DPITO_ECS_OWNED_DELETE_ATOMIC=1",8,100000,pito,owned_local,ecs_create_owned_local,8,0,1,8.768000
aalair,"Apple M3",8,"Darwin 27.0.0 arm64","Apple LLVM 21.0.0 (clang-2100.3.34.2)"," -O3 -DNDEBUG -DPITO_ECS_OWNED_DELETE_ATOMIC=1",8,100000,pito,owned_local,ecs_create_owned_local,8,0,2,8.878000
aalair,"Apple M3",8,"Darwin 27.0.0 arm64","Apple LLVM 21.0.0 (clang-2100.3.34.2)"," -O3 -DNDEBUG -DPITO_ECS_OWNED_DELETE_ATOMIC=1",8,100000,pito,owned_local,ecs_create_owned_local,8,0,3,8.809000
aalair,"Apple M3",8,"Darwin 27.0.0 arm64","Apple LLVM 21.0.0 (clang-2100.3.34.2)"," -O3 -DNDEBUG -DPITO_ECS_OWNED_DELETE_ATOMIC=1",8,100000,pito,owned_local,ecs_create_owned_local,8,0,4,8.751000
aalair,"Apple M3",8,"Darwin 27.0.0 arm64","Apple LLVM 21.0.0 (clang-2100.3.34.2)"," -O3 -DNDEBUG -DPITO_ECS_OWNED_DELETE_ATOMIC=1",8,100000,pito,owned_local,ecs_create_owned_local,8,0,5,8.921000
aalair,"Apple M3",8,"Darwin 27.0.0 arm64","Apple LLVM 21.0.0 (clang-2100.3.34.2)"," -O3 -DNDEBUG -DPITO_ECS_OWNED_DELETE_ATOMIC=1",8,100000,pito,owned_local,ecs_create_owned_local,8,0,6,8.906000
aalair,"Apple M3",8,"Darwin 27.0.0 arm64","Apple LLVM 21.0.0 (clang-2100.3.34.2)"," -O3 -DNDEBUG -DPITO_ECS_OWNED_DELETE_ATOMIC=1",8,100000,pito,owned_local,ecs_create_owned_local,8,0,7,8.865000
aalair,"Apple M3",8,"Darwin 27.0.0 arm64","Apple LLVM 21.0.0 (clang-2100.3.34.2)"," -O3 -DNDEBUG -DPITO_ECS_OWNED_DELETE_ATOMIC=1",8,100000,pito,owned_local,ecs_create_owned_local,8,0,8,9.220000
aalair,"Apple M3",8,"Darwin 27.0.0 arm64","Apple LLVM 21.0.0 (clang-2100.3.34.2)"," -O3 -DNDEBUG -DPITO_ECS_OWNED_DELETE_ATOMIC=1",8,100000,pito,owned_local,ecs_create_owned_local,8,0,9,9.059000
aalair,"Apple M3",8,"Darwin 27.0.0 arm64","Apple LLVM 21.0.0 (clang-2100.3.34.2)"," -O3 -DNDEBUG -DPITO_ECS_OWNED_DELETE_ATOMIC=1",8,100000,pito,owned_local,ecs_create_owned_local,8,0,10,9.219000
aalair,"Apple M3",8,"Darwin 27.0.0 arm64","Apple LLVM 21.0.0 (clang-2100.3.34.2)"," -O3 -DNDEBUG -DPITO_ECS_OWNED_DELETE_ATOMIC=1",8,100000,pito,owned_local,ecs_create_owned_local,8,10,1,9.338000
aalair,"Apple M3",8,"Darwin 27.0.0 arm64","Apple LLVM 21.0.0 (clang-2100.3.34.2)"," -O3 -DNDEBUG -DPITO_ECS_OWNED_DELETE_ATOMIC=1",8,100000,pito,owned_local,ecs_create_owned_local,8,10,2,9.565000
aalair,"Apple M3",8,"Darwin 27.0.0 arm64","Apple LLVM 21.0.0 (clang-2100.3.34.2)"," -O3 -DNDEBUG -DPITO_ECS_OWNED_DELETE_ATOMIC=1",8,100000,pito,owned_local,ecs_create_owned_local,8,10,3,10.277000
aalair,"Apple M3",8,"Darwin 27.0.0 arm64","Apple LLVM 21.0.0 (clang-2100.3.34.2)"," -O3 -DNDEBUG -DPITO_ECS_OWNED_DELETE_ATOMIC=1",8,100000,pito,owned_local,ecs_create_owned_local,8,10,4,9.862000
aalair,"Apple M3",8,"Darwin 27.0.0 arm64","Apple LLVM 21.0.0 (clang-2100.3.34.2)"," -O3 -DNDEBUG -DPITO_ECS_OWNED_DELETE_ATOMIC=1",8,100000,pito,owned_local,ecs_create_owned_local,8,10,5,9.350000
aalair,"Apple M3",8,"Darwin 27.0.0 arm64","Apple LLVM 21.0.0 (clang-2100.3.34.2)"," -O3 -DNDEBUG -DPITO_ECS_OWNED_DELETE_ATOMIC=1",8,100000,pito,owned_local,ecs_create_owned_local,8,10,6,10.313000
aalair,"Apple M3",8,"Darwin 27.0.0 arm64","Apple LLVM 21.0.0 (clang-2100.3.34.2)"," -O3 -DNDEBUG -DPITO_ECS_OWNED_DELETE_ATOMIC=1",8,100000,pito,owned_local,ecs_create_owned_local,8,10,7,9.420000
aalair,"Apple M3",8,"Darwin 27.0.0 arm64","Apple LLVM 21.0.0 (clang-2100.3.34.2)"," -O3 -DNDEBUG -DPITO_ECS_OWNED_DELETE_ATOMIC=1",8,100000,pito,owned_local,ecs_create_owned_local,8,10,8,9.512000
aalair,"Apple M3",8,"Darwin 27.0.0 arm64","Apple LLVM 21.0.0 (clang-2100.3.34.2)"," -O3 -DNDEBUG -DPITO_ECS_OWNED_DELETE_ATOMIC=1",8,100000,pito,owned_local,ecs_create_owned_local,8,10,9,9.790000
aalair,"Apple M3",8,"Darwin 27.0.0 arm64","Apple LLVM 21.0.0 (clang-2100.3.34.2)"," -O3 -DNDEBUG -DPITO_ECS_OWNED_DELETE_ATOMIC=1",8,100000,pito,owned_local,ecs_create_owned_local,8,10,10,9.104000
aalair,"Apple M3",8,"Darwin 27.0.0 arm64","Apple LLVM 21.0.0 (clang-2100.3.34.2)"," -O3 -DNDEBUG -DPITO_ECS_OWNED_DELETE_ATOMIC=1",8,100000,pito,owned_local,ecs_create_owned_local,8,10,11,9.366000
aalair,"Apple M3",8,"Darwin 27.0.0 arm64","Apple LLVM 21.0.0 (clang-2100.3.34.2)"," -O3 -DNDEBUG -DPITO_ECS_OWNED_DELETE_ATOMIC=1",8,100000,pito,owned_local,ecs_create_owned_local,8,10,12,9.413000
aalair,"Apple M3",8,"Darwin 27.0.0 arm64","Apple LLVM 21.0.0 (clang-2100.3.34.2)"," -O3 -DNDEBUG -DPITO_ECS_OWNED_DELETE_ATOMIC=1",8,100000,pito,owned_local,ecs_create_owned_local,8,10,13,9.286000
aalair,"Apple M3",8,"Darwin 27.0.0 arm64","Apple LLVM 21.0.0 (clang-2100.3.34.2)"," -O3 -DNDEBUG -DPITO_ECS_OWNED_DELETE_ATOMIC=1",8,100000,pito,owned_local,ecs_create_owned_local,8,10,14,9.444000
aalair,"Apple M3",8,"Darwin 27.0.0 arm64","Apple LLVM 21.0.0 (clang-2100.3.34.2)"," -O3 -DNDEBUG -DPITO_ECS_OWNED_DELETE_ATOMIC=1",8,100000,pito,owned_local,ecs_create_owned_local,8,50,1,13.720000
aalair,"Apple M3",8,"Darwin 27.0.0 arm64","Apple LLVM 21.0.0 (clang-2100.3.34.2)"," -O3 -DNDEBUG -DPITO_ECS_OWNED_DELETE_ATOMIC=1",8,100000,pito,owned_local,ecs_create_owned_local,8,50,2,13.720000
aalair,"Apple M3",8,"Darwin 27.0.0 arm64","Apple LLVM 21.0.0 (clang-2100.3.34.2)"," -O3 -DNDEBUG -DPITO_ECS_OWNED_DELETE_ATOMIC=1",8,100000,pito,owned_local,ecs_create_owned_local,8,50,3,13.477000
aalair,"Apple M3",8,"Darwin 27.0.0 arm64","Apple LLVM 21.0.0 (clang-2100.3.34.2)"," -O3 -DNDEBUG -DPITO_ECS_OWNED_DELETE_ATOMIC=1",8,100000,pito,owned_local,ecs_create_owned_local,8,50,4,13.150000
aalair,"Apple M3",8,"Darwin 27.0.0 arm64","Apple LLVM 21.0.0 (clang-2100.3.34.2)"," -O3 -DNDEBUG -DPITO_ECS_OWNED_DELETE_ATOMIC=1",8,100000,pito,owned_local,ecs_create_owned_local,8,50,5,13.281000
aalair,"Apple M3",8,"Darwin 27.0.0 arm64","Apple LLVM 21.0.0 (clang-2100.3.34.2)"," -O3 -DNDEBUG -DPITO_ECS_OWNED_DELETE_ATOMIC=1",8,100000,pito,owned_local,ecs_create_owned_local,8,50,6,13.420000
aalair,"Apple M3",8,"Darwin 27.0.0 arm64","Apple LLVM 21.0.0 (clang-2100.3.34.2)"," -O3 -DNDEBUG -DPITO_ECS_OWNED_DELETE_ATOMIC=1",8,100000,pito,owned_local,ecs_create_owned_local,8,50,7,13.237000
aalair,"Apple M3",8,"Darwin 27.0.0 arm64","Apple LLVM 21.0.0 (clang-2100.3.34.2)"," -O3 -DNDEBUG -DPITO_ECS_OWNED_DELETE_ATOMIC=1",8,100000,pito,owned_local,ecs_create_owned_local,8,50,8,13.290000
aalair,"Apple M3",8,"Darwin 27.0.0 arm64","Apple LLVM 21.0.0 (clang-2100.3.34.2)"," -O3 -DNDEBUG -DPITO_ECS_OWNED_DELETE_ATOMIC=1",8,100000,pito,owned_local,ecs_create_owned_local,8,50,9,13.113000
aalair,"Apple M3",8,"Darwin 27.0.0 arm64","Apple LLVM 21.0.0 (clang-2100.3.34.2)"," -O3 -DNDEBUG -DPITO_ECS_OWNED_DELETE_ATOMIC=1",8,100000,pito,owned_local,ecs_create_owned_local,8,50,10,12.961000
aalair,"Apple M3",8,"Darwin 27.0.0 arm64","Apple LLVM 21.0.0 (clang-2100.3.34.2)"," -O3 -DNDEBUG -DPITO_ECS_OWNED_DELETE_ATOMIC=1",8,100000,pito,owned_local,ecs_create_owned_local,8,500,1,70.599000
aalair,"Apple M3",8,"Darwin 27.0.0 arm64","Apple LLVM 21.0.0 (clang-2100.3.34.2)"," -O3 -DNDEBUG -DPITO_ECS_OWNED_DELETE_ATOMIC=1",8,100000,pito,owned_local,ecs_create_owned_local,8,500,2,70.352000
aalair,"Apple M3",8,"Darwin 27.0.0 arm64","Apple LLVM 21.0.0 (clang-2100.3.34.2)"," -O3 -DNDEBUG -DPITO_ECS_OWNED_DELETE_ATOMIC=1",8,100000,pito,owned_local,ecs_create_owned_local,8,500,3,68.342000
aalair,"Apple M3",8,"Darwin 27.0.0 arm64","Apple LLVM 21.0.0 (clang-2100.3.34.2)"," -O3 -DNDEBUG -DPITO_ECS_OWNED_DELETE_ATOMIC=1",8,100000,pito,owned_local,ecs_create_owned_local,8,500,4,73.247000
aalair,"Apple M3",8,"Darwin 27.0.0 arm64","Apple LLVM 21.0.0 (clang-2100.3.34.2)"," -O3 -DNDEBUG -DPITO_ECS_OWNED_DELETE_ATOMIC=1",8,100000,pito,owned_local,ecs_create_owned_local,8,500,5,72.412000
aalair,"Apple M3",8,"Darwin 27.0.0 arm64","Apple LLVM 21.0.0 (clang-2100.3.34.2)"," -O3 -DNDEBUG -DPITO_ECS_OWNED_DELETE_ATOMIC=1",8,100000,pito,owned_local,ecs_create_owned_local,8,500,6,72.626000
aalair,"Apple M3",8,"Darwin 27.0.0 arm64","Apple LLVM 21.0.0 (clang-2100.3.34.2)"," -O3 -DNDEBUG -DPITO_ECS_OWNED_DELETE_ATOMIC=1",8,100000,pito,owned_local,ecs_create_owned_local,8,500,7,78.464000
aalair,"Apple M3",8,"Darwin 27.0.0 arm64","Apple LLVM 21.0.0 (clang-2100.3.34.2)"," -O3 -DNDEBUG -DPITO_ECS_OWNED_DELETE_ATOMIC=1",8,100000,pito,owned_local,ecs_create_owned_local,8,500,8,70.241000
aalair,"Apple M3",8,"Darwin 27.0.0 arm64","Apple LLVM 21.0.0 (clang-2100.3.34.2)"," -O3 -DNDEBUG -DPITO_ECS_OWNED_DELETE_ATOMIC=1",8,100000,pito,owned_local,ecs_create_owned_local,8,500,9,79.054000
aalair,"Apple M3",8,"Darwin 27.0.0 arm64","Apple LLVM 21.0.0 (clang-2100.3.34.2)"," -O3 -DNDEBUG -DPITO_ECS_OWNED_DELETE_ATOMIC=1",8,100000,pito,owned_local,ecs_create_owned_local,8,500,10,71.894000
aalair,"Apple M3",8,"Darwin 27.0.0 arm64","Apple LLVM 21.0.0 (clang-2100.3.34.2)"," -O3 -DNDEBUG -DPITO_ECS_OWNED_DELETE_ATOMIC=1",8,100000,pito,owned_local,ecs_create_owned_local,8,500,11,70.232000
aalair,"Apple M3",8,"Darwin 27.0.0 arm64","Apple LLVM 21.0.0 (clang-2100.3.34.2)"," -O3 -DNDEBUG -DPITO_ECS_OWNED_DELETE_ATOMIC=1",8,100000,pito,owned_local,ecs_create_owned_local,8,500,12,74.846000
aalair,"Apple M3",8,"Darwin 27.0.0 arm64","Apple LLVM 21.0.0 (clang-2100.3.34.2)"," -O3 -DNDEBUG -DPITO_ECS_OWNED_DELETE_ATOMIC=1",8,100000,pito,owned_local,ecs_create_owned_local,8,500,13,72.524000
aalair,"Apple M3",8,"Darwin 27.0.0 arm64","Apple LLVM 21.0.0 (clang-2100.3.34.2)"," -O3 -DNDEBUG -DPITO_ECS_OWNED_DELETE_ATOMIC=1",8,100000,pito,owned_local,ecs_create_owned_local,8,500,14,71.384000
aalair,"Apple M3",8,"Darwin 27.0.0 arm64","Apple LLVM 21.0.0 (clang-2100.3.34.2)"," -O3 -DNDEBUG -DPITO_ECS_OWNED_DELETE_ATOMIC=1",8,100000,pito,owned_local,ecs_flush_owned,1,0,1,14.687000
aalair,"Apple M3",8,"Darwin 27.0.0 arm64","Apple LLVM 21.0.0 (clang-2100.3.34.2)"," -O3 -DNDEBUG -DPITO_ECS_OWNED_DELETE_ATOMIC=1",8,100000,pito,owned_local,ecs_flush_owned,1,0,2,14.726000
aalair,"Apple M3",8,"Darwin 27.0.0 arm64","Apple LLVM 21.0.0 (clang-2100.3.34.2)"," -O3 -DNDEBUG -DPITO_ECS_OWNED_DELETE_ATOMIC=1",8,100000,pito,owned_local,ecs_flush_owned,1,0,3,14.685000
aalair,"Apple M3",8,"Darwin 27.0.0 arm64","Apple LLVM 21.0.0 (clang-2100.3.34.2)"," -O3 -DNDEBUG -DPITO_ECS_OWNED_DELETE_ATOMIC=1",8,100000,pito,owned_local,ecs_flush_owned,1,0,4,14.635000
aalair,"Apple M3",8,"Darwin 27.0.0 arm64","Apple LLVM 21.0.0 (clang-2100.3.34.2)"," -O3 -DNDEBUG -DPITO_ECS_OWNED_DELETE_ATOMIC=1",8,100000,pito,owned_local,ecs_flush_owned,1,0,5,14.594000
aalair,"Apple M3",8,"Darwin 27.0.0 arm64","Apple LLVM 21.0.0 (clang-2100.3.34.2)"," -O3 -DNDEBUG -DPITO_ECS_OWNED_DELETE_ATOMIC=1",8,100000,pito,owned_local,ecs_flush_owned,1,0,6,14.811000
aalair,"Apple M3",8,"Darwin 27.0.0 arm64","Apple LLVM 21.0.0 (clang-2100.3.34.2)"," -O3 -DNDEBUG -DPITO_ECS_OWNED_DELETE_ATOMIC=1",8,100000,pito,owned_local,ecs_flush_owned,1,0,7,14.684000
aalair,"Apple M3",8,"Darwin 27.0.0 arm64","Apple LLVM 21.0.0 (clang-2100.3.34.2)"," -O3 -DNDEBUG -DPITO_ECS_OWNED_DELETE_ATOMIC=1",8,100000,pito,owned_local,ecs_flush_owned,1,0,8,14.629000
aalair,"Apple M3",8,"Darwin 27.0.0 arm64","Apple LLVM 21.0.0 (clang-2100.3.34.2)"," -O3 -DNDEBUG -DPITO_ECS_OWNED_DELETE_ATOMIC=1",8,100000,pito,owned_local,ecs_flush_owned,1,0,9,14.651000
aalair,"Apple M3",8,"Darwin 27.0.0 arm64","Apple LLVM 21.0.0 (clang-2100.3.34.2)"," -O3 -DNDEBUG -DPITO_ECS_OWNED_DELETE_ATOMIC=1",8,100000,pito,owned_local,ecs_flush_owned,1,0,10,14.661000
aalair,"Apple M3",8,"Darwin 27.0.0 arm64","Apple LLVM 21.0.0 (clang-2100.3.34.2)"," -O3 -DNDEBUG -DPITO_ECS_OWNED_DELETE_ATOMIC=1",8,100000,pito,owned_local,ecs_flush_owned,1,10,1,15.390000
aalair,"Apple M3",8,"Darwin 27.0.0 arm64","Apple LLVM 21.0.0 (clang-2100.3.34.2)"," -O3 -DNDEBUG -DPITO_ECS_OWNED_DELETE_ATOMIC=1",8,100000,pito,owned_local,ecs_flush_owned,1,10,2,15.412000
aalair,"Apple M3",8,"Darwin 27.0.0 arm64","Apple LLVM 21.0.0 (clang-2100.3.34.2)"," -O3 -DNDEBUG -DPITO_ECS_OWNED_DELETE_ATOMIC=1",8,100000,pito,owned_local,ecs_flush_owned,1,10,3,15.352000
aalair,"Apple M3",8,"Darwin 27.0.0 arm64","Apple LLVM 21.0.0 (clang-2100.3.34.2)"," -O3 -DNDEBUG -DPITO_ECS_OWNED_DELETE_ATOMIC=1",8,100000,pito,owned_local,ecs_flush_owned,1,10,4,15.559000
aalair,"Apple M3",8,"Darwin 27.0.0 arm64","Apple LLVM 21.0.0 (clang-2100.3.34.2)"," -O3 -DNDEBUG -DPITO_ECS_OWNED_DELETE_ATOMIC=1",8,100000,pito,owned_local,ecs_flush_owned,1,10,5,15.393000
aalair,"Apple M3",8,"Darwin 27.0.0 arm64","Apple LLVM 21.0.0 (clang-2100.3.34.2)"," -O3 -DNDEBUG -DPITO_ECS_OWNED_DELETE_ATOMIC=1",8,100000,pito,owned_local,ecs_flush_owned,1,10,6,15.366000
aalair,"Apple M3",8,"Darwin 27.0.0 arm64","Apple LLVM 21.0.0 (clang-2100.3.34.2)"," -O3 -DNDEBUG -DPITO_ECS_OWNED_DELETE_ATOMIC=1",8,100000,pito,owned_local,ecs_flush_owned,1,10,7,15.380000
aalair,"Apple M3",8,"Darwin 27.0.0 arm64","Apple LLVM 21.0.0 (clang-2100.3.34.2)"," -O3 -DNDEBUG -DPITO_ECS_OWNED_DELETE_ATOMIC=1",8,100000,pito,owned_local,ecs_flush_owned,1,10,8,15.347000
aalair,"Apple M3",8,"Darwin 27.0.0 arm64","Apple LLVM 21.0.0 (clang-2100.3.34.2)"," -O3 -DNDEBUG -DPITO_ECS_OWNED_DELETE_ATOMIC=1",8,100000,pito,owned_local,ecs_flush_owned,1,10,9,15.445000
aalair,"Apple M3",8,"Darwin 27.0.0 arm64","Apple LLVM 21.0.0 (clang-2100.3.34.2)"," -O3 -DNDEBUG -DPITO_ECS_OWNED_DELETE_ATOMIC=1",8,100000,pito,owned_local,ecs_flush_owned,1,10,10,15.375000
aalair,"Apple M3",8,"Darwin 27.0.0 arm64","Apple LLVM 21.0.0 (clang-2100.3.34.2)"," -O3 -DNDEBUG -DPITO_ECS_OWNED_DELETE_ATOMIC=1",8,100000,pito,owned_local,ecs_flush_owned,1,50,1,31.804000
aalair,"Apple M3",8,"Darwin 27.0.0 arm64","Apple LLVM 21.0.0 (clang-2100.3.34.2)"," -O3 -DNDEBUG -DPITO_ECS_OWNED_DELETE_ATOMIC=1",8,100000,pito,owned_local,ecs_flush_owned,1,50,2,31.873000
aalair,"Apple M3",8,"Darwin 27.0.0 arm64","Apple LLVM 21.0.0 (clang-2100.3.34.2)"," -O3 -DNDEBUG -DPITO_ECS_OWNED_DELETE_ATOMIC=1",8,100000,pito,owned_local,ecs_flush_owned,1,50,3,31.806000
aalair,"Apple M3",8,"Darwin 27.0.0 arm64","Apple LLVM 21.0.0 (clang-2100.3.34.2)"," -O3 -DNDEBUG -DPITO_ECS_OWNED_DELETE_ATOMIC=1",8,100000,pito,owned_local,ecs_flush_owned,1,50,4,31.835000
aalair,"Apple M3",8,"Darwin 27.0.0 arm64","Apple LLVM 21.0.0 (clang-2100.3.34.2)"," -O3 -DNDEBUG -DPITO_ECS_OWNED_DELETE_ATOMIC=1",8,100000,pito,owned_local,ecs_flush_owned,1,50,5,31.781000
aalair,"Apple M3",8,"Darwin 27.0.0 arm64","Apple LLVM 21.0.0 (clang-2100.3.34.2)"," -O3 -DNDEBUG -DPITO_ECS_OWNED_DELETE_ATOMIC=1",8,100000,pito,owned_local,ecs_flush_owned,1,50,6,31.799000
aalair,"Apple M3",8,"Darwin 27.0.0 arm64","Apple LLVM 21.0.0 (clang-2100.3.34.2)"," -O3 -DNDEBUG -DPITO_ECS_OWNED_DELETE_ATOMIC=1",8,100000,pito,owned_local,ecs_flush_owned,1,50,7,31.815000
aalair,"Apple M3",8,"Darwin 27.0.0 arm64","Apple LLVM 21.0.0 (clang-2100.3.34.2)"," -O3 -DNDEBUG -DPITO_ECS_OWNED_DELETE_ATOMIC=1",8,100000,pito,owned_local,ecs_flush_owned,1,50,8,31.856000
aalair,"Apple M3",8,"Darwin 27.0.0 arm64","Apple LLVM 21.0.0 (clang-2100.3.34.2)"," -O3 -DNDEBUG -DPITO_ECS_OWNED_DELETE_ATOMIC=1",8,100000,pito,owned_local,ecs_flush_owned,1,50,9,31.784000
aalair,"Apple M3",8,"Darwin 27.0.0 arm64","Apple LLVM 21.0.0 (clang-2100.3.34.2)"," -O3 -DNDEBUG -DPITO_ECS_OWNED_DELETE_ATOMIC=1",8,100000,pito,owned_local,ecs_flush_owned,1,50,10,32.813000
aalair,"Apple M3",8,"Darwin 27.0.0 arm64","Apple LLVM 21.0.0 (clang-2100.3.34.2)"," -O3 -DNDEBUG -DPITO_ECS_OWNED_DELETE_ATOMIC=1",8,100000,pito,owned_local,ecs_flush_owned,1,500,1,360.248000
aalair,"Apple M3",8,"Darwin 27.0.0 arm64","Apple LLVM 21.0.0 (clang-2100.3.34.2)"," -O3 -DNDEBUG -DPITO_ECS_OWNED_DELETE_ATOMIC=1",8,100000,pito,owned_local,ecs_flush_owned,1,500,2,360.532000
aalair,"Apple M3",8,"Darwin 27.0.0 arm64","Apple LLVM 21.0.0 (clang-2100.3.34.2)"," -O3 -DNDEBUG -DPITO_ECS_OWNED_DELETE_ATOMIC=1",8,100000,pito,owned_local,ecs_flush_owned,1,500,3,360.831000
aalair,"Apple M3",8,"Darwin 27.0.0 arm64","Apple LLVM 21.0.0 (clang-2100.3.34.2)"," -O3 -DNDEBUG -DPITO_ECS_OWNED_DELETE_ATOMIC=1",8,100000,pito,owned_local,ecs_flush_owned,1,500,4,360.496000
aalair,"Apple M3",8,"Darwin 27.0.0 arm64","Apple LLVM 21.0.0 (clang-2100.3.34.2)"," -O3 -DNDEBUG -DPITO_ECS_OWNED_DELETE_ATOMIC=1",8,100000,pito,owned_local,ecs_flush_owned,1,500,5,361.111000
aalair,"Apple M3",8,"Darwin 27.0.0 arm64","Apple LLVM 21.0.0 (clang-2100.3.34.2)"," -O3 -DNDEBUG -DPITO_ECS_OWNED_DELETE_ATOMIC=1",8,100000,pito,owned_local,ecs_flush_owned,1,500,6,360.418000
aalair,"Apple M3",8,"Darwin 27.0.0 arm64","Apple LLVM 21.0.0 (clang-2100.3.34.2)"," -O3 -DNDEBUG -DPITO_ECS_OWNED_DELETE_ATOMIC=1",8,100000,pito,owned_local,ecs_flush_owned,1,500,7,360.537000
aalair,"Apple M3",8,"Darwin 27.0.0 arm64","Apple LLVM 21.0.0 (clang-2100.3.34.2)"," -O3 -DNDEBUG -DPITO_ECS_OWNED_DELETE_ATOMIC=1",8,100000,pito,owned_local,ecs_flush_owned,1,500,8,360.499000
aalair,"Apple M3",8,"Darwin 27.0.0 arm64","Apple LLVM 21.0.0 (clang-2100.3.34.2)"," -O3 -DNDEBUG -DPITO_ECS_OWNED_DELETE_ATOMIC=1",8,100000,pito,owned_local,ecs_flush_owned,1,500,9,360.357000
aalair,"Apple M3",8,"Darwin 27.0.0 arm64","Apple LLVM 21.0.0 (clang-2100.3.34.2)"," -O3 -DNDEBUG -DPITO_ECS_OWNED_DELETE_ATOMIC=1",8,100000,pito,owned_local,ecs_flush_owned,1,500,10,360.519000
aalair,"Apple M3",8,"Darwin 27.0.0 arm64","Apple LLVM 21.0.0 (clang-2100.3.34.2)"," -O3 -DNDEBUG -DPITO_ECS_OWNED_DELETE_ATOMIC=1",8,100000,pito,owned_local,ecs_flush_owned,2,0,1,11.328000
aalair,"Apple M3",8,"Darwin 27.0.0 arm64","Apple LLVM 21.0.0 (clang-2100.3.34.2)"," -O3 -DNDEBUG -DPITO_ECS_OWNED_DELETE_ATOMIC=1",8,100000,pito,owned_local,ecs_flush_owned,2,0,2,11.402000
aalair,"Apple M3",8,"Darwin 27.0.0 arm64","Apple LLVM 21.0.0 (clang-2100.3.34.2)"," -O3 -DNDEBUG -DPITO_ECS_OWNED_DELETE_ATOMIC=1",8,100000,pito,owned_local,ecs_flush_owned,2,0,3,11.361000
aalair,"Apple M3",8,"Darwin 27.0.0 arm64","Apple LLVM 21.0.0 (clang-2100.3.34.2)"," -O3 -DNDEBUG -DPITO_ECS_OWNED_DELETE_ATOMIC=1",8,100000,pito,owned_local,ecs_flush_owned,2,0,4,11.361000
aalair,"Apple M3",8,"Darwin 27.0.0 arm64","Apple LLVM 21.0.0 (clang-2100.3.34.2)"," -O3 -DNDEBUG -DPITO_ECS_OWNED_DELETE_ATOMIC=1",8,100000,pito,owned_local,ecs_flush_owned,2,0,5,11.353000
aalair,"Apple M3",8,"Darwin 27.0.0 arm64","Apple LLVM 21.0.0 (clang-2100.3.34.2)"," -O3 -DNDEBUG -DPITO_ECS_OWNED_DELETE_ATOMIC=1",8,100000,pito,owned_local,ecs_flush_owned,2,0,6,11.313000
aalair,"Apple M3",8,"Darwin 27.0.0 arm64","Apple LLVM 21.0.0 (clang-2100.3.34.2)"," -O3 -DNDEBUG -DPITO_ECS_OWNED_DELETE_ATOMIC=1",8,100000,pito,owned_local,ecs_flush_owned,2,0,7,11.308000
aalair,"Apple M3",8,"Darwin 27.0.0 arm64","Apple LLVM 21.0.0 (clang-2100.3.34.2)"," -O3 -DNDEBUG -DPITO_ECS_OWNED_DELETE_ATOMIC=1",8,100000,pito,owned_local,ecs_flush_owned,2,0,8,11.316000
aalair,"Apple M3",8,"Darwin 27.0.0 arm64","Apple LLVM 21.0.0 (clang-2100.3.34.2)"," -O3 -DNDEBUG -DPITO_ECS_OWNED_DELETE_ATOMIC=1",8,100000,pito,owned_local,ecs_flush_owned,2,0,9,11.357000
aalair,"Apple M3",8,"Darwin 27.0.0 arm64","Apple LLVM 21.0.0 (clang-2100.3.34.2)"," -O3 -DNDEBUG -DPITO_ECS_OWNED_DELETE_ATOMIC=1",8,100000,pito,owned_local,ecs_flush_owned,2,0,10,11.315000
aalair,"Apple M3",8,"Darwin 27.0.0 arm64","Apple LLVM 21.0.0 (clang-2100.3.34.2)"," -O3 -DNDEBUG -DPITO_ECS_OWNED_DELETE_ATOMIC=1",8,100000,pito,owned_local,ecs_flush_owned,2,10,1,12.033000
aalair,"Apple M3",8,"Darwin 27.0.0 arm64","Apple LLVM 21.0.0 (clang-2100.3.34.2)"," -O3 -DNDEBUG -DPITO_ECS_OWNED_DELETE_ATOMIC=1",8,100000,pito,owned_local,ecs_flush_owned,2,10,2,12.049000
aalair,"Apple M3",8,"Darwin 27.0.0 arm64","Apple LLVM 21.0.0 (clang-2100.3.34.2)"," -O3 -DNDEBUG -DPITO_ECS_OWNED_DELETE_ATOMIC=1",8,100000,pito,owned_local,ecs_flush_owned,2,10,3,11.990000
aalair,"Apple M3",8,"Darwin 27.0.0 arm64","Apple LLVM 21.0.0 (clang-2100.3.34.2)"," -O3 -DNDEBUG -DPITO_ECS_OWNED_DELETE_ATOMIC=1",8,100000,pito,owned_local,ecs_flush_owned,2,10,4,12.076000
aalair,"Apple M3",8,"Darwin 27.0.0 arm64","Apple LLVM 21.0.0 (clang-2100.3.34.2)"," -O3 -DNDEBUG -DPITO_ECS_OWNED_DELETE_ATOMIC=1",8,100000,pito,owned_local,ecs_flush_owned,2,10,5,11.973000
aalair,"Apple M3",8,"Darwin 27.0.0 arm64","Apple LLVM 21.0.0 (clang-2100.3.34.2)"," -O3 -DNDEBUG -DPITO_ECS_OWNED_DELETE_ATOMIC=1",8,100000,pito,owned_local,ecs_flush_owned,2,10,6,12.159000
aalair,"Apple M3",8,"Darwin 27.0.0 arm64","Apple LLVM 21.0.0 (clang-2100.3.34.2)"," -O3 -DNDEBUG -DPITO_ECS_OWNED_DELETE_ATOMIC=1",8,100000,pito,owned_local,ecs_flush_owned,2,10,7,12.111000
aalair,"Apple M3",8,"Darwin 27.0.0 arm64","Apple LLVM 21.0.0 (clang-2100.3.34.2)"," -O3 -DNDEBUG -DPITO_ECS_OWNED_DELETE_ATOMIC=1",8,100000,pito,owned_local,ecs_flush_owned,2,10,8,12.168000
aalair,"Apple M3",8,"Darwin 27.0.0 arm64","Apple LLVM 21.0.0 (clang-2100.3.34.2)"," -O3 -DNDEBUG -DPITO_ECS_OWNED_DELETE_ATOMIC=1",8,100000,pito,owned_local,ecs_flush_owned,2,10,9,12.099000
aalair,"Apple M3",8,"Darwin 27.0.0 arm64","Apple LLVM 21.0.0 (clang-2100.3.34.2)"," -O3 -DNDEBUG -DPITO_ECS_OWNED_DELETE_ATOMIC=1",8,100000,pito,owned_local,ecs_flush_owned,2,10,10,12.077000
aalair,"Apple M3",8,"Darwin 27.0.0 arm64","Apple LLVM 21.0.0 (clang-2100.3.34.2)"," -O3 -DNDEBUG -DPITO_ECS_OWNED_DELETE_ATOMIC=1",8,100000,pito,owned_local,ecs_flush_owned,2,50,1,20.472000
aalair,"Apple M3",8,"Darwin 27.0.0 arm64","Apple LLVM 21.0.0 (clang-2100.3.34.2)"," -O3 -DNDEBUG -DPITO_ECS_OWNED_DELETE_ATOMIC=1",8,100000,pito,owned_local,ecs_flush_owned,2,50,2,20.473000
aalair,"Apple M3",8,"Darwin 27.0.0 arm64","Apple LLVM 21.0.0 (clang-2100.3.34.2)"," -O3 -DNDEBUG -DPITO_ECS_OWNED_DELETE_ATOMIC=1",8,100000,pito,owned_local,ecs_flush_owned,2,50,3,20.464000
aalair,"Apple M3",8,"Darwin 27.0.0 arm64","Apple LLVM 21.0.0 (clang-2100.3.34.2)"," -O3 -DNDEBUG -DPITO_ECS_OWNED_DELETE_ATOMIC=1",8,100000,pito,owned_local,ecs_flush_owned,2,50,4,20.409000
aalair,"Apple M3",8,"Darwin 27.0.0 arm64","Apple LLVM 21.0.0 (clang-2100.3.34.2)"," -O3 -DNDEBUG -DPITO_ECS_OWNED_DELETE_ATOMIC=1",8,100000,pito,owned_local,ecs_flush_owned,2,50,5,20.423000
aalair,"Apple M3",8,"Darwin 27.0.0 arm64","Apple LLVM 21.0.0 (clang-2100.3.34.2)"," -O3 -DNDEBUG -DPITO_ECS_OWNED_DELETE_ATOMIC=1",8,100000,pito,owned_local,ecs_flush_owned,2,50,6,20.415000
aalair,"Apple M3",8,"Darwin 27.0.0 arm64","Apple LLVM 21.0.0 (clang-2100.3.34.2)"," -O3 -DNDEBUG -DPITO_ECS_OWNED_DELETE_ATOMIC=1",8,100000,pito,owned_local,ecs_flush_owned,2,50,7,20.416000
aalair,"Apple M3",8,"Darwin 27.0.0 arm64","Apple LLVM 21.0.0 (clang-2100.3.34.2)"," -O3 -DNDEBUG -DPITO_ECS_OWNED_DELETE_ATOMIC=1",8,100000,pito,owned_local,ecs_flush_owned,2,50,8,20.398000
aalair,"Apple M3",8,"Darwin 27.0.0 arm64","Apple LLVM 21.0.0 (clang-2100.3.34.2)"," -O3 -DNDEBUG -DPITO_ECS_OWNED_DELETE_ATOMIC=1",8,100000,pito,owned_local,ecs_flush_owned,2,50,9,20.483000
aalair,"Apple M3",8,"Darwin 27.0.0 arm64","Apple LLVM 21.0.0 (clang-2100.3.34.2)"," -O3 -DNDEBUG -DPITO_ECS_OWNED_DELETE_ATOMIC=1",8,100000,pito,owned_local,ecs_flush_owned,2,50,10,20.479000
aalair,"Apple M3",8,"Darwin 27.0.0 arm64","Apple LLVM 21.0.0 (clang-2100.3.34.2)"," -O3 -DNDEBUG -DPITO_ECS_OWNED_DELETE_ATOMIC=1",8,100000,pito,owned_local,ecs_flush_owned,2,500,1,189.104000
aalair,"Apple M3",8,"Darwin 27.0.0 arm64","Apple LLVM 21.0.0 (clang-2100.3.34.2)"," -O3 -DNDEBUG -DPITO_ECS_OWNED_DELETE_ATOMIC=1",8,100000,pito,owned_local,ecs_flush_owned,2,500,2,189.101000
aalair,"Apple M3",8,"Darwin 27.0.0 arm64","Apple LLVM 21.0.0 (clang-2100.3.34.2)"," -O3 -DNDEBUG -DPITO_ECS_OWNED_DELETE_ATOMIC=1",8,100000,pito,owned_local,ecs_flush_owned,2,500,3,189.216000
aalair,"Apple M3",8,"Darwin 27.0.0 arm64","Apple LLVM 21.0.0 (clang-2100.3.34.2)"," -O3 -DNDEBUG -DPITO_ECS_OWNED_DELETE_ATOMIC=1",8,100000,pito,owned_local,ecs_flush_owned,2,500,4,189.124000
aalair,"Apple M3",8,"Darwin 27.0.0 arm64","Apple LLVM 21.0.0 (clang-2100.3.34.2)"," -O3 -DNDEBUG -DPITO_ECS_OWNED_DELETE_ATOMIC=1",8,100000,pito,owned_local,ecs_flush_owned,2,500,5,189.098000
aalair,"Apple M3",8,"Darwin 27.0.0 arm64","Apple LLVM 21.0.0 (clang-2100.3.34.2)"," -O3 -DNDEBUG -DPITO_ECS_OWNED_DELETE_ATOMIC=1",8,100000,pito,owned_local,ecs_flush_owned,2,500,6,189.148000
aalair,"Apple M3",8,"Darwin 27.0.0 arm64","Apple LLVM 21.0.0 (clang-2100.3.34.2)"," -O3 -DNDEBUG -DPITO_ECS_OWNED_DELETE_ATOMIC=1",8,100000,pito,owned_local,ecs_flush_owned,2,500,7,189.613000
aalair,"Apple M3",8,"Darwin 27.0.0 arm64","Apple LLVM 21.0.0 (clang-2100.3.34.2)"," -O3 -DNDEBUG -DPITO_ECS_OWNED_DELETE_ATOMIC=1",8,100000,pito,owned_local,ecs_flush_owned,2,500,8,190.276000
aalair,"Apple M3",8,"Darwin 27.0.0 arm64","Apple LLVM 21.0.0 (clang-2100.3.34.2)"," -O3 -DNDEBUG -DPITO_ECS_OWNED_DELETE_ATOMIC=1",8,100000,pito,owned_local,ecs_flush_owned,2,500,9,189.297000
aalair,"Apple M3",8,"Darwin 27.0.0 arm64","Apple LLVM 21.0.0 (clang-2100.3.34.2)"," -O3 -DNDEBUG -DPITO_ECS_OWNED_DELETE_ATOMIC=1",8,100000,pito,owned_local,ecs_flush_owned,2,500,10,189.017000
aalair,"Apple M3",8,"Darwin 27.0.0 arm64","Apple LLVM 21.0.0 (clang-2100.3.34.2)"," -O3 -DNDEBUG -DPITO_ECS_OWNED_DELETE_ATOMIC=1",8,100000,pito,owned_local,ecs_flush_owned,4,0,1,10.801000
aalair,"Apple M3",8,"Darwin 27.0.0 arm64","Apple LLVM 21.0.0 (clang-2100.3.34.2)"," -O3 -DNDEBUG -DPITO_ECS_OWNED_DELETE_ATOMIC=1",8,100000,pito,owned_local,ecs_flush_owned,4,0,2,10.841000
aalair,"Apple M3",8,"Darwin 27.0.0 arm64","Apple LLVM 21.0.0 (clang-2100.3.34.2)"," -O3 -DNDEBUG -DPITO_ECS_OWNED_DELETE_ATOMIC=1",8,100000,pito,owned_local,ecs_flush_owned,4,0,3,10.944000
aalair,"Apple M3",8,"Darwin 27.0.0 arm64","Apple LLVM 21.0.0 (clang-2100.3.34.2)"," -O3 -DNDEBUG -DPITO_ECS_OWNED_DELETE_ATOMIC=1",8,100000,pito,owned_local,ecs_flush_owned,4,0,4,10.874000
aalair,"Apple M3",8,"Darwin 27.0.0 arm64","Apple LLVM 21.0.0 (clang-2100.3.34.2)"," -O3 -DNDEBUG -DPITO_ECS_OWNED_DELETE_ATOMIC=1",8,100000,pito,owned_local,ecs_flush_owned,4,0,5,11.143000
aalair,"Apple M3",8,"Darwin 27.0.0 arm64","Apple LLVM 21.0.0 (clang-2100.3.34.2)"," -O3 -DNDEBUG -DPITO_ECS_OWNED_DELETE_ATOMIC=1",8,100000,pito,owned_local,ecs_flush_owned,4,0,6,10.847000
aalair,"Apple M3",8,"Darwin 27.0.0 arm64","Apple LLVM 21.0.0 (clang-2100.3.34.2)"," -O3 -DNDEBUG -DPITO_ECS_OWNED_DELETE_ATOMIC=1",8,100000,pito,owned_local,ecs_flush_owned,4,0,7,10.913000
aalair,"Apple M3",8,"Darwin 27.0.0 arm64","Apple LLVM 21.0.0 (clang-2100.3.34.2)"," -O3 -DNDEBUG -DPITO_ECS_OWNED_DELETE_ATOMIC=1",8,100000,pito,owned_local,ecs_flush_owned,4,0,8,10.927000
aalair,"Apple M3",8,"Darwin 27.0.0 arm64","Apple LLVM 21.0.0 (clang-2100.3.34.2)"," -O3 -DNDEBUG -DPITO_ECS_OWNED_DELETE_ATOMIC=1",8,100000,pito,owned_local,ecs_flush_owned,4,0,9,10.959000
aalair,"Apple M3",8,"Darwin 27.0.0 arm64","Apple LLVM 21.0.0 (clang-2100.3.34.2)"," -O3 -DNDEBUG -DPITO_ECS_OWNED_DELETE_ATOMIC=1",8,100000,pito,owned_local,ecs_flush_owned,4,0,10,11.098000
aalair,"Apple M3",8,"Darwin 27.0.0 arm64","Apple LLVM 21.0.0 (clang-2100.3.34.2)"," -O3 -DNDEBUG -DPITO_ECS_OWNED_DELETE_ATOMIC=1",8,100000,pito,owned_local,ecs_flush_owned,4,10,1,11.547000
aalair,"Apple M3",8,"Darwin 27.0.0 arm64","Apple LLVM 21.0.0 (clang-2100.3.34.2)"," -O3 -DNDEBUG -DPITO_ECS_OWNED_DELETE_ATOMIC=1",8,100000,pito,owned_local,ecs_flush_owned,4,10,2,11.499000
aalair,"Apple M3",8,"Darwin 27.0.0 arm64","Apple LLVM 21.0.0 (clang-2100.3.34.2)"," -O3 -DNDEBUG -DPITO_ECS_OWNED_DELETE_ATOMIC=1",8,100000,pito,owned_local,ecs_flush_owned,4,10,3,11.609000
aalair,"Apple M3",8,"Darwin 27.0.0 arm64","Apple LLVM 21.0.0 (clang-2100.3.34.2)"," -O3 -DNDEBUG -DPITO_ECS_OWNED_DELETE_ATOMIC=1",8,100000,pito,owned_local,ecs_flush_owned,4,10,4,11.523000
aalair,"Apple M3",8,"Darwin 27.0.0 arm64","Apple LLVM 21.0.0 (clang-2100.3.34.2)"," -O3 -DNDEBUG -DPITO_ECS_OWNED_DELETE_ATOMIC=1",8,100000,pito,owned_local,ecs_flush_owned,4,10,5,11.366000
aalair,"Apple M3",8,"Darwin 27.0.0 arm64","Apple LLVM 21.0.0 (clang-2100.3.34.2)"," -O3 -DNDEBUG -DPITO_ECS_OWNED_DELETE_ATOMIC=1",8,100000,pito,owned_local,ecs_flush_owned,4,10,6,11.638000
aalair,"Apple M3",8,"Darwin 27.0.0 arm64","Apple LLVM 21.0.0 (clang-2100.3.34.2)"," -O3 -DNDEBUG -DPITO_ECS_OWNED_DELETE_ATOMIC=1",8,100000,pito,owned_local,ecs_flush_owned,4,10,7,11.667000
aalair,"Apple M3",8,"Darwin 27.0.0 arm64","Apple LLVM 21.0.0 (clang-2100.3.34.2)"," -O3 -DNDEBUG -DPITO_ECS_OWNED_DELETE_ATOMIC=1",8,100000,pito,owned_local,ecs_flush_owned,4,10,8,11.791000
aalair,"Apple M3",8,"Darwin 27.0.0 arm64","Apple LLVM 21.0.0 (clang-2100.3.34.2)"," -O3 -DNDEBUG -DPITO_ECS_OWNED_DELETE_ATOMIC=1",8,100000,pito,owned_local,ecs_flush_owned,4,10,9,11.390000
aalair,"Apple M3",8,"Darwin 27.0.0 arm64","Apple LLVM 21.0.0 (clang-2100.3.34.2)"," -O3 -DNDEBUG -DPITO_ECS_OWNED_DELETE_ATOMIC=1",8,100000,pito,owned_local,ecs_flush_owned,4,10,10,11.636000
aalair,"Apple M3",8,"Darwin 27.0.0 arm64","Apple LLVM 21.0.0 (clang-2100.3.34.2)"," -O3 -DNDEBUG -DPITO_ECS_OWNED_DELETE_ATOMIC=1",8,100000,pito,owned_local,ecs_flush_owned,4,50,1,15.629000
aalair,"Apple M3",8,"Darwin 27.0.0 arm64","Apple LLVM 21.0.0 (clang-2100.3.34.2)"," -O3 -DNDEBUG -DPITO_ECS_OWNED_DELETE_ATOMIC=1",8,100000,pito,owned_local,ecs_flush_owned,4,50,2,17.187000
aalair,"Apple M3",8,"Darwin 27.0.0 arm64","Apple LLVM 21.0.0 (clang-2100.3.34.2)"," -O3 -DNDEBUG -DPITO_ECS_OWNED_DELETE_ATOMIC=1",8,100000,pito,owned_local,ecs_flush_owned,4,50,3,15.842000
aalair,"Apple M3",8,"Darwin 27.0.0 arm64","Apple LLVM 21.0.0 (clang-2100.3.34.2)"," -O3 -DNDEBUG -DPITO_ECS_OWNED_DELETE_ATOMIC=1",8,100000,pito,owned_local,ecs_flush_owned,4,50,4,17.065000
aalair,"Apple M3",8,"Darwin 27.0.0 arm64","Apple LLVM 21.0.0 (clang-2100.3.34.2)"," -O3 -DNDEBUG -DPITO_ECS_OWNED_DELETE_ATOMIC=1",8,100000,pito,owned_local,ecs_flush_owned,4,50,5,15.636000
aalair,"Apple M3",8,"Darwin 27.0.0 arm64","Apple LLVM 21.0.0 (clang-2100.3.34.2)"," -O3 -DNDEBUG -DPITO_ECS_OWNED_DELETE_ATOMIC=1",8,100000,pito,owned_local,ecs_flush_owned,4,50,6,15.614000
aalair,"Apple M3",8,"Darwin 27.0.0 arm64","Apple LLVM 21.0.0 (clang-2100.3.34.2)"," -O3 -DNDEBUG -DPITO_ECS_OWNED_DELETE_ATOMIC=1",8,100000,pito,owned_local,ecs_flush_owned,4,50,7,15.838000
aalair,"Apple M3",8,"Darwin 27.0.0 arm64","Apple LLVM 21.0.0 (clang-2100.3.34.2)"," -O3 -DNDEBUG -DPITO_ECS_OWNED_DELETE_ATOMIC=1",8,100000,pito,owned_local,ecs_flush_owned,4,50,8,15.646000
aalair,"Apple M3",8,"Darwin 27.0.0 arm64","Apple LLVM 21.0.0 (clang-2100.3.34.2)"," -O3 -DNDEBUG -DPITO_ECS_OWNED_DELETE_ATOMIC=1",8,100000,pito,owned_local,ecs_flush_owned,4,50,9,15.625000
aalair,"Apple M3",8,"Darwin 27.0.0 arm64","Apple LLVM 21.0.0 (clang-2100.3.34.2)"," -O3 -DNDEBUG -DPITO_ECS_OWNED_DELETE_ATOMIC=1",8,100000,pito,owned_local,ecs_flush_owned,4,50,10,15.635000
aalair,"Apple M3",8,"Darwin 27.0.0 arm64","Apple LLVM 21.0.0 (clang-2100.3.34.2)"," -O3 -DNDEBUG -DPITO_ECS_OWNED_DELETE_ATOMIC=1",8,100000,pito,owned_local,ecs_flush_owned,4,50,11,15.812000
aalair,"Apple M3",8,"Darwin 27.0.0 arm64","Apple LLVM 21.0.0 (clang-2100.3.34.2)"," -O3 -DNDEBUG -DPITO_ECS_OWNED_DELETE_ATOMIC=1",8,100000,pito,owned_local,ecs_flush_owned,4,50,12,15.682000
aalair,"Apple M3",8,"Darwin 27.0.0 arm64","Apple LLVM 21.0.0 (clang-2100.3.34.2)"," -O3 -DNDEBUG -DPITO_ECS_OWNED_DELETE_ATOMIC=1",8,100000,pito,owned_local,ecs_flush_owned,4,50,13,15.631000
aalair,"Apple M3",8,"Darwin 27.0.0 arm64","Apple LLVM 21.0.0 (clang-2100.3.34.2)"," -O3 -DNDEBUG -DPITO_ECS_OWNED_DELETE_ATOMIC=1",8,100000,pito,owned_local,ecs_flush_owned,4,50,14,15.729000
aalair,"Apple M3",8,"Darwin 27.0.0 arm64","Apple LLVM 21.0.0 (clang-2100.3.34.2)"," -O3 -DNDEBUG -DPITO_ECS_OWNED_DELETE_ATOMIC=1",8,100000,pito,owned_local,ecs_flush_owned,4,500,1,106.588000
aalair,"Apple M3",8,"Darwin 27.0.0 arm64","Apple LLVM 21.0.0 (clang-2100.3.34.2)"," -O3 -DNDEBUG -DPITO_ECS_OWNED_DELETE_ATOMIC=1",8,100000,pito,owned_local,ecs_flush_owned,4,500,2,106.651000
aalair,"Apple M3",8,"Darwin 27.0.0 arm64","Apple LLVM 21.0.0 (clang-2100.3.34.2)"," -O3 -DNDEBUG -DPITO_ECS_OWNED_DELETE_ATOMIC=1",8,100000,pito,owned_local,ecs_flush_owned,4,500,3,106.677000
aalair,"Apple M3",8,"Darwin 27.0.0 arm64","Apple LLVM 21.0.0 (clang-2100.3.34.2)"," -O3 -DNDEBUG -DPITO_ECS_OWNED_DELETE_ATOMIC=1",8,100000,pito,owned_local,ecs_flush_owned,4,500,4,106.673000
aalair,"Apple M3",8,"Darwin 27.0.0 arm64","Apple LLVM 21.0.0 (clang-2100.3.34.2)"," -O3 -DNDEBUG -DPITO_ECS_OWNED_DELETE_ATOMIC=1",8,100000,pito,owned_local,ecs_flush_owned,4,500,5,106.807000
aalair,"Apple M3",8,"Darwin 27.0.0 arm64","Apple LLVM 21.0.0 (clang-2100.3.34.2)"," -O3 -DNDEBUG -DPITO_ECS_OWNED_DELETE_ATOMIC=1",8,100000,pito,owned_local,ecs_flush_owned,4,500,6,106.727000
aalair,"Apple M3",8,"Darwin 27.0.0 arm64","Apple LLVM 21.0.0 (clang-2100.3.34.2)"," -O3 -DNDEBUG -DPITO_ECS_OWNED_DELETE_ATOMIC=1",8,100000,pito,owned_local,ecs_flush_owned,4,500,7,107.293000
aalair,"Apple M3",8,"Darwin 27.0.0 arm64","Apple LLVM 21.0.0 (clang-2100.3.34.2)"," -O3 -DNDEBUG -DPITO_ECS_OWNED_DELETE_ATOMIC=1",8,100000,pito,owned_local,ecs_flush_owned,4,500,8,106.752000
aalair,"Apple M3",8,"Darwin 27.0.0 arm64","Apple LLVM 21.0.0 (clang-2100.3.34.2)"," -O3 -DNDEBUG -DPITO_ECS_OWNED_DELETE_ATOMIC=1",8,100000,pito,owned_local,ecs_flush_owned,4,500,9,107.287000
aalair,"Apple M3",8,"Darwin 27.0.0 arm64","Apple LLVM 21.0.0 (clang-2100.3.34.2)"," -O3 -DNDEBUG -DPITO_ECS_OWNED_DELETE_ATOMIC=1",8,100000,pito,owned_local,ecs_flush_owned,4,500,10,106.752000
aalair,"Apple M3",8,"Darwin 27.0.0 arm64","Apple LLVM 21.0.0 (clang-2100.3.34.2)"," -O3 -DNDEBUG -DPITO_ECS_OWNED_DELETE_ATOMIC=1",8,100000,pito,owned_local,ecs_flush_owned,8,0,1,10.633000
aalair,"Apple M3",8,"Darwin 27.0.0 arm64","Apple LLVM 21.0.0 (clang-2100.3.34.2)"," -O3 -DNDEBUG -DPITO_ECS_OWNED_DELETE_ATOMIC=1",8,100000,pito,owned_local,ecs_flush_owned,8,0,2,10.279000
aalair,"Apple M3",8,"Darwin 27.0.0 arm64","Apple LLVM 21.0.0 (clang-2100.3.34.2)"," -O3 -DNDEBUG -DPITO_ECS_OWNED_DELETE_ATOMIC=1",8,100000,pito,owned_local,ecs_flush_owned,8,0,3,10.919000
aalair,"Apple M3",8,"Darwin 27.0.0 arm64","Apple LLVM 21.0.0 (clang-2100.3.34.2)"," -O3 -DNDEBUG -DPITO_ECS_OWNED_DELETE_ATOMIC=1",8,100000,pito,owned_local,ecs_flush_owned,8,0,4,10.597000
aalair,"Apple M3",8,"Darwin 27.0.0 arm64","Apple LLVM 21.0.0 (clang-2100.3.34.2)"," -O3 -DNDEBUG -DPITO_ECS_OWNED_DELETE_ATOMIC=1",8,100000,pito,owned_local,ecs_flush_owned,8,0,5,10.616000
aalair,"Apple M3",8,"Darwin 27.0.0 arm64","Apple LLVM 21.0.0 (clang-2100.3.34.2)"," -O3 -DNDEBUG -DPITO_ECS_OWNED_DELETE_ATOMIC=1",8,100000,pito,owned_local,ecs_flush_owned,8,0,6,11.243000
aalair,"Apple M3",8,"Darwin 27.0.0 arm64","Apple LLVM 21.0.0 (clang-2100.3.34.2)"," -O3 -DNDEBUG -DPITO_ECS_OWNED_DELETE_ATOMIC=1",8,100000,pito,owned_local,ecs_flush_owned,8,0,7,10.634000
aalair,"Apple M3",8,"Darwin 27.0.0 arm64","Apple LLVM 21.0.0 (clang-2100.3.34.2)"," -O3 -DNDEBUG -DPITO_ECS_OWNED_DELETE_ATOMIC=1",8,100000,pito,owned_local,ecs_flush_owned,8,0,8,10.678000
aalair,"Apple M3",8,"Darwin 27.0.0 arm64","Apple LLVM 21.0.0 (clang-2100.3.34.2)"," -O3 -DNDEBUG -DPITO_ECS_OWNED_DELETE_ATOMIC=1",8,100000,pito,owned_local,ecs_flush_owned,8,0,9,10.547000
aalair,"Apple M3",8,"Darwin 27.0.0 arm64","Apple LLVM 21.0.0 (clang-2100.3.34.2)"," -O3 -DNDEBUG -DPITO_ECS_OWNED_DELETE_ATOMIC=1",8,100000,pito,owned_local,ecs_flush_owned,8,0,10,10.643000
aalair,"Apple M3",8,"Darwin 27.0.0 arm64","Apple LLVM 21.0.0 (clang-2100.3.34.2)"," -O3 -DNDEBUG -DPITO_ECS_OWNED_DELETE_ATOMIC=1",8,100000,pito,owned_local,ecs_flush_owned,8,0,11,10.598000
aalair,"Apple M3",8,"Darwin 27.0.0 arm64","Apple LLVM 21.0.0 (clang-2100.3.34.2)"," -O3 -DNDEBUG -DPITO_ECS_OWNED_DELETE_ATOMIC=1",8,100000,pito,owned_local,ecs_flush_owned,8,10,1,11.171000
aalair,"Apple M3",8,"Darwin 27.0.0 arm64","Apple LLVM 21.0.0 (clang-2100.3.34.2)"," -O3 -DNDEBUG -DPITO_ECS_OWNED_DELETE_ATOMIC=1",8,100000,pito,owned_local,ecs_flush_owned,8,10,2,11.167000
aalair,"Apple M3",8,"Darwin 27.0.0 arm64","Apple LLVM 21.0.0 (clang-2100.3.34.2)"," -O3 -DNDEBUG -DPITO_ECS_OWNED_DELETE_ATOMIC=1",8,100000,pito,owned_local,ecs_flush_owned,8,10,3,11.188000
aalair,"Apple M3",8,"Darwin 27.0.0 arm64","Apple LLVM 21.0.0 (clang-2100.3.34.2)"," -O3 -DNDEBUG -DPITO_ECS_OWNED_DELETE_ATOMIC=1",8,100000,pito,owned_local,ecs_flush_owned,8,10,4,11.275000
aalair,"Apple M3",8,"Darwin 27.0.0 arm64","Apple LLVM 21.0.0 (clang-2100.3.34.2)"," -O3 -DNDEBUG -DPITO_ECS_OWNED_DELETE_ATOMIC=1",8,100000,pito,owned_local,ecs_flush_owned,8,10,5,11.288000
aalair,"Apple M3",8,"Darwin 27.0.0 arm64","Apple LLVM 21.0.0 (clang-2100.3.34.2)"," -O3 -DNDEBUG -DPITO_ECS_OWNED_DELETE_ATOMIC=1",8,100000,pito,owned_local,ecs_flush_owned,8,10,6,11.080000
aalair,"Apple M3",8,"Darwin 27.0.0 arm64","Apple LLVM 21.0.0 (clang-2100.3.34.2)"," -O3 -DNDEBUG -DPITO_ECS_OWNED_DELETE_ATOMIC=1",8,100000,pito,owned_local,ecs_flush_owned,8,10,7,11.243000
aalair,"Apple M3",8,"Darwin 27.0.0 arm64","Apple LLVM 21.0.0 (clang-2100.3.34.2)"," -O3 -DNDEBUG -DPITO_ECS_OWNED_DELETE_ATOMIC=1",8,100000,pito,owned_local,ecs_flush_owned,8,10,8,11.179000
aalair,"Apple M3",8,"Darwin 27.0.0 arm64","Apple LLVM 21.0.0 (clang-2100.3.34.2)"," -O3 -DNDEBUG -DPITO_ECS_OWNED_DELETE_ATOMIC=1",8,100000,pito,owned_local,ecs_flush_owned,8,10,9,11.011000
aalair,"Apple M3",8,"Darwin 27.0.0 arm64","Apple LLVM 21.0.0 (clang-2100.3.34.2)"," -O3 -DNDEBUG -DPITO_ECS_OWNED_DELETE_ATOMIC=1",8,100000,pito,owned_local,ecs_flush_owned,8,10,10,11.080000
aalair,"Apple M3",8,"Darwin 27.0.0 arm64","Apple LLVM 21.0.0 (clang-2100.3.34.2)"," -O3 -DNDEBUG -DPITO_ECS_OWNED_DELETE_ATOMIC=1",8,100000,pito,owned_local,ecs_flush_owned,8,50,1,14.864000
aalair,"Apple M3",8,"Darwin 27.0.0 arm64","Apple LLVM 21.0.0 (clang-2100.3.34.2)"," -O3 -DNDEBUG -DPITO_ECS_OWNED_DELETE_ATOMIC=1",8,100000,pito,owned_local,ecs_flush_owned,8,50,2,15.032000
aalair,"Apple M3",8,"Darwin 27.0.0 arm64","Apple LLVM 21.0.0 (clang-2100.3.34.2)"," -O3 -DNDEBUG -DPITO_ECS_OWNED_DELETE_ATOMIC=1",8,100000,pito,owned_local,ecs_flush_owned,8,50,3,15.107000
aalair,"Apple M3",8,"Darwin 27.0.0 arm64","Apple LLVM 21.0.0 (clang-2100.3.34.2)"," -O3 -DNDEBUG -DPITO_ECS_OWNED_DELETE_ATOMIC=1",8,100000,pito,owned_local,ecs_flush_owned,8,50,4,15.679000
aalair,"Apple M3",8,"Darwin 27.0.0 arm64","Apple LLVM 21.0.0 (clang-2100.3.34.2)"," -O3 -DNDEBUG -DPITO_ECS_OWNED_DELETE_ATOMIC=1",8,100000,pito,owned_local,ecs_flush_owned,8,50,5,15.776000
aalair,"Apple M3",8,"Darwin 27.0.0 arm64","Apple LLVM 21.0.0 (clang-2100.3.34.2)"," -O3 -DNDEBUG -DPITO_ECS_OWNED_DELETE_ATOMIC=1",8,100000,pito,owned_local,ecs_flush_owned,8,50,6,15.133000
aalair,"Apple M3",8,"Darwin 27.0.0 arm64","Apple LLVM 21.0.0 (clang-2100.3.34.2)"," -O3 -DNDEBUG -DPITO_ECS_OWNED_DELETE_ATOMIC=1",8,100000,pito,owned_local,ecs_flush_owned,8,50,7,15.258000
aalair,"Apple M3",8,"Darwin 27.0.0 arm64","Apple LLVM 21.0.0 (clang-2100.3.34.2)"," -O3 -DNDEBUG -DPITO_ECS_OWNED_DELETE_ATOMIC=1",8,100000,pito,owned_local,ecs_flush_owned,8,50,8,14.552000
aalair,"Apple M3",8,"Darwin 27.0.0 arm64","Apple LLVM 21.0.0 (clang-2100.3.34.2)"," -O3 -DNDEBUG -DPITO_ECS_OWNED_DELETE_ATOMIC=1",8,100000,pito,owned_local,ecs_flush_owned,8,50,9,14.577000
aalair,"Apple M3",8,"Darwin 27.0.0 arm64","Apple LLVM 21.0.0 (clang-2100.3.34.2)"," -O3 -DNDEBUG -DPITO_ECS_OWNED_DELETE_ATOMIC=1",8,100000,pito,owned_local,ecs_flush_owned,8,50,10,14.853000
aalair,"Apple M3",8,"Darwin 27.0.0 arm64","Apple LLVM 21.0.0 (clang-2100.3.34.2)"," -O3 -DNDEBUG -DPITO_ECS_OWNED_DELETE_ATOMIC=1",8,100000,pito,owned_local,ecs_flush_owned,8,500,1,71.120000
aalair,"Apple M3",8,"Darwin 27.0.0 arm64","Apple LLVM 21.0.0 (clang-2100.3.34.2)"," -O3 -DNDEBUG -DPITO_ECS_OWNED_DELETE_ATOMIC=1",8,100000,pito,owned_local,ecs_flush_owned,8,500,2,69.798000
aalair,"Apple M3",8,"Darwin 27.0.0 arm64","Apple LLVM 21.0.0 (clang-2100.3.34.2)"," -O3 -DNDEBUG -DPITO_ECS_OWNED_DELETE_ATOMIC=1",8,100000,pito,owned_local,ecs_flush_owned,8,500,3,70.852000
aalair,"Apple M3",8,"Darwin 27.0.0 arm64","Apple LLVM 21.0.0 (clang-2100.3.34.2)"," -O3 -DNDEBUG -DPITO_ECS_OWNED_DELETE_ATOMIC=1",8,100000,pito,owned_local,ecs_flush_owned,8,500,4,69.484000
aalair,"Apple M3",8,"Darwin 27.0.0 arm64","Apple LLVM 21.0.0 (clang-2100.3.34.2)"," -O3 -DNDEBUG -DPITO_ECS_OWNED_DELETE_ATOMIC=1",8,100000,pito,owned_local,ecs_flush_owned,8,500,5,70.822000
aalair,"Apple M3",8,"Darwin 27.0.0 arm64","Apple LLVM 21.0.0 (clang-2100.3.34.2)"," -O3 -DNDEBUG -DPITO_ECS_OWNED_DELETE_ATOMIC=1",8,100000,pito,owned_local,ecs_flush_owned,8,500,6,74.538000
aalair,"Apple M3",8,"Darwin 27.0.0 arm64","Apple LLVM 21.0.0 (clang-2100.3.34.2)"," -O3 -DNDEBUG -DPITO_ECS_OWNED_DELETE_ATOMIC=1",8,100000,pito,owned_local,ecs_flush_owned,8,500,7,81.708000
aalair,"Apple M3",8,"Darwin 27.0.0 arm64","Apple LLVM 21.0.0 (clang-2100.3.34.2)"," -O3 -DNDEBUG -DPITO_ECS_OWNED_DELETE_ATOMIC=1",8,100000,pito,owned_local,ecs_flush_owned,8,500,8,73.737000
aalair,"Apple M3",8,"Darwin 27.0.0 arm64","Apple LLVM 21.0.0 (clang-2100.3.34.2)"," -O3 -DNDEBUG -DPITO_ECS_OWNED_DELETE_ATOMIC=1",8,100000,pito,owned_local,ecs_flush_owned,8,500,9,73.754000
aalair,"Apple M3",8,"Darwin 27.0.0 arm64","Apple LLVM 21.0.0 (clang-2100.3.34.2)"," -O3 -DNDEBUG -DPITO_ECS_OWNED_DELETE_ATOMIC=1",8,100000,pito,owned_local,ecs_flush_owned,8,500,10,76.913000
aalair,"Apple M3",8,"Darwin 27.0.0 arm64","Apple LLVM 21.0.0 (clang-2100.3.34.2)"," -O3 -DNDEBUG -DPITO_ECS_OWNED_DELETE_ATOMIC=1",8,100000,pito,owned_local,ecs_flush_owned,8,500,11,72.600000
aalair,"Apple M3",8,"Darwin 27.0.0 arm64","Apple LLVM 21.0.0 (clang-2100.3.34.2)"," -O3 -DNDEBUG -DPITO_ECS_OWNED_DELETE_ATOMIC=1",8,100000,pito,owned_local,ecs_flush_owned,8,500,12,81.820000
aalair,"Apple M3",8,"Darwin 27.0.0 arm64","Apple LLVM 21.0.0 (clang-2100.3.34.2)"," -O3 -DNDEBUG -DPITO_ECS_OWNED_DELETE_ATOMIC=1",8,100000,pito,owned_local,ecs_flush_owned,8,500,13,88.063000
aalair,"Apple M3",8,"Darwin 27.0.0 arm64","Apple LLVM 21.0.0 (clang-2100.3.34.2)"," -O3 -DNDEBUG -DPITO_ECS_OWNED_DELETE_ATOMIC=1",8,100000,pito,owned_local,ecs_flush_owned,8,500,14,80.732000
aalair,"Apple M3",8,"Darwin 27.0.0 arm64","Apple LLVM 21.0.0 (clang-2100.3.34.2)"," -O3 -DNDEBUG -DPITO_ECS_OWNED_DELETE_ATOMIC=1",8,100000,pito,owned_local,ecs_flush_owned,8,500,15,69.353000
aalair,"Apple M3",8,"Darwin 27.0.0 arm64","Apple LLVM 21.0.0 (clang-2100.3.34.2)"," -O3 -DNDEBUG -DPITO_ECS_OWNED_DELETE_ATOMIC=1",8,100000,pito,owned_local,ecs_flush_owned,8,500,16,80.212000
aalair,"Apple M3",8,"Darwin 27.0.0 arm64","Apple LLVM 21.0.0 (clang-2100.3.34.2)"," -O3 -DNDEBUG -DPITO_ECS_OWNED_DELETE_ATOMIC=1",8,100000,pito,owned_local,ecs_flush_owned,8,500,17,69.507000
aalair,"Apple M3",8,"Darwin 27.0.0 arm64","Apple LLVM 21.0.0 (clang-2100.3.34.2)"," -O3 -DNDEBUG -DPITO_ECS_OWNED_DELETE_ATOMIC=1",8,100000,pito,owned_local,ecs_flush_owned,8,500,18,71.018000
aalair,"Apple M3",8,"Darwin 27.0.0 arm64","Apple LLVM 21.0.0 (clang-2100.3.34.2)"," -O3 -DNDEBUG -DPITO_ECS_OWNED_DELETE_ATOMIC=1",8,100000,pito,owned_local,ecs_flush_owned,8,500,19,71.807000
aalair,"Apple M3",8,"Darwin 27.0.0 arm64","Apple LLVM 21.0.0 (clang-2100.3.34.2)"," -O3 -DNDEBUG -DPITO_ECS_OWNED_DELETE_ATOMIC=1",8,100000,pito,owned_local,ecs_flush_owned,8,500,20,70.523000
aalair,"Apple M3",8,"Darwin 27.0.0 arm64","Apple LLVM 21.0.0 (clang-2100.3.34.2)"," -O3 -DNDEBUG -DPITO_ECS_OWNED_DELETE_ATOMIC=1",8,100000,pito,owned_local,ecs_flush_owned,8,500,21,69.680000
aalair,"Apple M3",8,"Darwin 27.0.0 arm64","Apple LLVM 21.0.0 (clang-2100.3.34.2)"," -O3 -DNDEBUG -DPITO_ECS_OWNED_DELETE_ATOMIC=1",8,100000,pito,owned_local,ecs_flush_owned,8,500,22,74.349000
aalair,"Apple M3",8,"Darwin 27.0.0 arm64","Apple LLVM 21.0.0 (clang-2100.3.34.2)"," -O3 -DNDEBUG -DPITO_ECS_OWNED_DELETE_ATOMIC=1",8,100000,pito,owned_local,ecs_flush_owned,8,500,23,71.647000
aalair,"Apple M3",8,"Darwin 27.0.0 arm64","Apple LLVM 21.0.0 (clang-2100.3.34.2)"," -O3 -DNDEBUG -DPITO_ECS_OWNED_DELETE_ATOMIC=1",8,100000,pito,owned_local,ecs_flush_owned,8,500,24,70.376000
