host,cpu,hardware_threads,os,compiler,flags,systems,entities,lib,bench,variant,threads,work_iterations,run,ms
aalair,"Apple M3",8,"Darwin 27.0.0 arm64","Apple LLVM 21.0.0 (clang-2100.3.34.2)"," -O3 -DNDEBUG",8,100000,pico,owned_update,,1,0,1,0.454000
aalair,"Apple M3",8,"Darwin 27.0.0 arm64","Apple LLVM 21.0.0 (clang-2100.3.34.2)"," -O3 -DNDEBUG",8,100000,pico,owned_update,,1,0,2,0.509000
aalair,"Apple M3",8,"Darwin 27.0.0 arm64","Apple LLVM 21.0.0 (clang-2100.3.34.2)"," -O3 -DNDEBUG",8,100000,pico,owned_update,,1,0,3,0.452000
aalair,"Apple M3",8,"Darwin 27.0.0 arm64","Apple LLVM 21.0.0 (clang-2100.3.34.2)"," -O3 -DNDEBUG",8,100000,pico,owned_update,,1,0,4,0.478000
aalair,"Apple M3",8,"Darwin 27.0.0 arm64","Apple LLVM 21.0.0 (clang-2100.3.34.2)"," -O3 -DNDEBUG",8,100000,pico,owned_update,,1,0,5,0.456000
aalair,"Apple M3",8,"Darwin 27.0.0 arm64","Apple LLVM 21.0.0 (clang-2100.3.34.2)"," -O3 -DNDEBUG",8,100000,pico,owned_update,,1,0,6,0.512000
aalair,"Apple M3",8,"Darwin 27.0.0 arm64","Apple LLVM 21.0.0 (clang-2100.3.34.2)"," -O3 -DNDEBUG",8,100000,pico,owned_update,,1,0,7,0.459000
aalair,"Apple M3",8,"Darwin 27.0.0 arm64","Apple LLVM 21.0.0 (clang-2100.3.34.2)"," -O3 -DNDEBUG",8,100000,pico,owned_update,,1,0,8,0.501000
aalair,"Apple M3",8,"Darwin 27.0.0 arm64","Apple LLVM 21.0.0 (clang-2100.3.34.2)"," -O3 -DNDEBUG",8,100000,pico,owned_update,,1,0,9,0.462000
aalair,"Apple M3",8,"Darwin 27.0.0 arm64","Apple LLVM 21.0.0 (clang-2100.3.34.2)"," -O3 -DNDEBUG",8,100000,pico,owned_update,,1,0,10,0.483000
aalair,"Apple M3",8,"Darwin 27.0.0 arm64","Apple LLVM 21.0.0 (clang-2100.3.34.2)"," -O3 -DNDEBUG",8,100000,pico,owned_update,,1,0,11,0.487000
aalair,"Apple M3",8,"Darwin 27.0.0 arm64","Apple LLVM 21.0.0 (clang-2100.3.34.2)"," -O3 -DNDEBUG",8,100000,pico,owned_update,,1,0,12,0.486000
aalair,"Apple M3",8,"Darwin 27.0.0 arm64","Apple LLVM 21.0.0 (clang-2100.3.34.2)"," -O3 -DNDEBUG",8,100000,pico,owned_update,,1,0,13,0.480000
aalair,"Apple M3",8,"Darwin 27.0.0 arm64","Apple LLVM 21.0.0 (clang-2100.3.34.2)"," -O3 -DNDEBUG",8,100000,pico,owned_update,,1,0,14,0.491000
aalair,"Apple M3",8,"Darwin 27.0.0 arm64","Apple LLVM 21.0.0 (clang-2100.3.34.2)"," -O3 -DNDEBUG",8,100000,pico,owned_update,,1,0,15,0.460000
aalair,"Apple M3",8,"Darwin 27.0.0 arm64","Apple LLVM 21.0.0 (clang-2100.3.34.2)"," -O3 -DNDEBUG",8,100000,pico,owned_update,,1,10,1,2.837000
aalair,"Apple M3",8,"Darwin 27.0.0 arm64","Apple LLVM 21.0.0 (clang-2100.3.34.2)"," -O3 -DNDEBUG",8,100000,pico,owned_update,,1,10,2,2.614000
aalair,"Apple M3",8,"Darwin 27.0.0 arm64","Apple LLVM 21.0.0 (clang-2100.3.34.2)"," -O3 -DNDEBUG",8,100000,pico,owned_update,,1,10,3,2.674000
aalair,"Apple M3",8,"Darwin 27.0.0 arm64","Apple LLVM 21.0.0 (clang-2100.3.34.2)"," -O3 -DNDEBUG",8,100000,pico,owned_update,,1,10,4,2.608000
aalair,"Apple M3",8,"Darwin 27.0.0 arm64","Apple LLVM 21.0.0 (clang-2100.3.34.2)"," -O3 -DNDEBUG",8,100000,pico,owned_update,,1,10,5,2.778000
aalair,"Apple M3",8,"Darwin 27.0.0 arm64","Apple LLVM 21.0.0 (clang-2100.3.34.2)"," -O3 -DNDEBUG",8,100000,pico,owned_update,,1,10,6,2.810000
aalair,"Apple M3",8,"Darwin 27.0.0 arm64","Apple LLVM 21.0.0 (clang-2100.3.34.2)"," -O3 -DNDEBUG",8,100000,pico,owned_update,,1,10,7,2.731000
aalair,"Apple M3",8,"Darwin 27.0.0 arm64","Apple LLVM 21.0.0 (clang-2100.3.34.2)"," -O3 -DNDEBUG",8,100000,pico,owned_update,,1,10,8,2.626000
aalair,"Apple M3",8,"Darwin 27.0.0 arm64","Apple LLVM 21.0.0 (clang-2100.3.34.2)"," -O3 -DNDEBUG",8,100000,pico,owned_update,,1,10,9,2.681000
aalair,"Apple M3",8,"Darwin 27.0.0 arm64","Apple LLVM 21.0.0 (clang-2100.3.34.2)"," -O3 -DNDEBUG",8,100000,pico,owned_update,,1,10,10,2.854000
aalair,"Apple M3",8,"Darwin 27.0.0 arm64","Apple LLVM 21.0.0 (clang-2100.3.34.2)"," -O3 -DNDEBUG",8,100000,pico,owned_update,,1,10,11,2.405000
aalair,"Apple M3",8,"Darwin 27.0.0 arm64","Apple LLVM 21.0.0 (clang-2100.3.34.2)"," -O3 -DNDEBUG",8,100000,pico,owned_update,,1,10,12,2.417000
aalair,"Apple M3",8,"Darwin 27.0.0 arm64","Apple LLVM 21.0.0 (clang-2100.3.34.2)"," -O3 -DNDEBUG",8,100000,pico,owned_update,,1,10,13,2.603000
aalair,"Apple M3",8,"Darwin 27.0.0 arm64","Apple LLVM 21.0.0 (clang-2100.3.34.2)"," -O3 -DNDEBUG",8,100000,pico,owned_update,,1,10,14,2.589000
aalair,"Apple M3",8,"Darwin 27.0.0 arm64","Apple LLVM 21.0.0 (clang-2100.3.34.2)"," -O3 -DNDEBUG",8,100000,pico,owned_update,,1,10,15,2.745000
aalair,"Apple M3",8,"Darwin 27.0.0 arm64","Apple LLVM 21.0.0 (clang-2100.3.34.2)"," -O3 -DNDEBUG",8,100000,pico,owned_update,,1,10,16,2.637000
aalair,"Apple M3",8,"Darwin 27.0.0 arm64","Apple LLVM 21.0.0 (clang-2100.3.34.2)"," -O3 -DNDEBUG",8,100000,pico,owned_update,,1,500,1,343.906000
aalair,"Apple M3",8,"Darwin 27.0.0 arm64","Apple LLVM 21.0.0 (clang-2100.3.34.2)"," -O3 -DNDEBUG",8,100000,pico,owned_update,,1,500,2,338.501000
aalair,"Apple M3",8,"Darwin 27.0.0 arm64","Apple LLVM 21.0.0 (clang-2100.3.34.2)"," -O3 -DNDEBUG",8,100000,pico,owned_update,,1,500,3,348.173000
aalair,"Apple M3",8,"Darwin 27.0.0 arm64","Apple LLVM 21.0.0 (clang-2100.3.34.2)"," -O3 -DNDEBUG",8,100000,pico,owned_update,,1,500,4,338.747000
aalair,"Apple M3",8,"Darwin 27.0.0 arm64","Apple LLVM 21.0.0 (clang-2100.3.34.2)"," -O3 -DNDEBUG",8,100000,pico,owned_update,,1,500,5,338.581000
aalair,"Apple M3",8,"Darwin 27.0.0 arm64","Apple LLVM 21.0.0 (clang-2100.3.34.2)"," -O3 -DNDEBUG",8,100000,pico,owned_update,,1,500,6,338.770000
aalair,"Apple M3",8,"Darwin 27.0.0 arm64","Apple LLVM 21.0.0 (clang-2100.3.34.2)"," -O3 -DNDEBUG",8,100000,pico,owned_update,,1,500,7,338.733000
aalair,"Apple M3",8,"Darwin 27.0.0 arm64","Apple LLVM 21.0.0 (clang-2100.3.34.2)"," -O3 -DNDEBUG",8,100000,pico,owned_update,,1,500,8,346.120000
aalair,"Apple M3",8,"Darwin 27.0.0 arm64","Apple LLVM 21.0.0 (clang-2100.3.34.2)"," -O3 -DNDEBUG",8,100000,pico,owned_update,,1,500,9,341.196000
aalair,"Apple M3",8,"Darwin 27.0.0 arm64","Apple LLVM 21.0.0 (clang-2100.3.34.2)"," -O3 -DNDEBUG",8,100000,pico,owned_update,,1,500,10,361.089000
aalair,"Apple M3",8,"Darwin 27.0.0 arm64","Apple LLVM 21.0.0 (clang-2100.3.34.2)"," -O3 -DNDEBUG",8,100000,pico,owned_update,,1,500,11,338.613000
aalair,"Apple M3",8,"Darwin 27.0.0 arm64","Apple LLVM 21.0.0 (clang-2100.3.34.2)"," -O3 -DNDEBUG",8,100000,flecs,owned_update,,1,0,1,0.224000
aalair,"Apple M3",8,"Darwin 27.0.0 arm64","Apple LLVM 21.0.0 (clang-2100.3.34.2)"," -O3 -DNDEBUG",8,100000,flecs,owned_update,,1,0,2,0.164000
aalair,"Apple M3",8,"Darwin 27.0.0 arm64","Apple LLVM 21.0.0 (clang-2100.3.34.2)"," -O3 -DNDEBUG",8,100000,flecs,owned_update,,1,0,3,0.181000
aalair,"Apple M3",8,"Darwin 27.0.0 arm64","Apple LLVM 21.0.0 (clang-2100.3.34.2)"," -O3 -DNDEBUG",8,100000,flecs,owned_update,,1,0,4,0.180000
aalair,"Apple M3",8,"Darwin 27.0.0 arm64","Apple LLVM 21.0.0 (clang-2100.3.34.2)"," -O3 -DNDEBUG",8,100000,flecs,owned_update,,1,0,5,0.180000
aalair,"Apple M3",8,"Darwin 27.0.0 arm64","Apple LLVM 21.0.0 (clang-2100.3.34.2)"," -O3 -DNDEBUG",8,100000,flecs,owned_update,,1,0,6,0.162000
aalair,"Apple M3",8,"Darwin 27.0.0 arm64","Apple LLVM 21.0.0 (clang-2100.3.34.2)"," -O3 -DNDEBUG",8,100000,flecs,owned_update,,1,0,7,0.148000
aalair,"Apple M3",8,"Darwin 27.0.0 arm64","Apple LLVM 21.0.0 (clang-2100.3.34.2)"," -O3 -DNDEBUG",8,100000,flecs,owned_update,,1,0,8,0.150000
aalair,"Apple M3",8,"Darwin 27.0.0 arm64","Apple LLVM 21.0.0 (clang-2100.3.34.2)"," -O3 -DNDEBUG",8,100000,flecs,owned_update,,1,0,9,0.141000
aalair,"Apple M3",8,"Darwin 27.0.0 arm64","Apple LLVM 21.0.0 (clang-2100.3.34.2)"," -O3 -DNDEBUG",8,100000,flecs,owned_update,,1,0,10,0.142000
aalair,"Apple M3",8,"Darwin 27.0.0 arm64","Apple LLVM 21.0.0 (clang-2100.3.34.2)"," -O3 -DNDEBUG",8,100000,flecs,owned_update,,1,0,11,0.140000
aalair,"Apple M3",8,"Darwin 27.0.0 arm64","Apple LLVM 21.0.0 (clang-2100.3.34.2)"," -O3 -DNDEBUG",8,100000,flecs,owned_update,,1,0,12,0.134000
aalair,"Apple M3",8,"Darwin 27.0.0 arm64","Apple LLVM 21.0.0 (clang-2100.3.34.2)"," -O3 -DNDEBUG",8,100000,flecs,owned_update,,1,0,13,0.127000
aalair,"Apple M3",8,"Darwin 27.0.0 arm64","Apple LLVM 21.0.0 (clang-2100.3.34.2)"," -O3 -DNDEBUG",8,100000,flecs,owned_update,,1,0,14,0.132000
aalair,"Apple M3",8,"Darwin 27.0.0 arm64","Apple LLVM 21.0.0 (clang-2100.3.34.2)"," -O3 -DNDEBUG",8,100000,flecs,owned_update,,1,0,15,0.124000
aalair,"Apple M3",8,"Darwin 27.0.0 arm64","Apple LLVM 21.0.0 (clang-2100.3.34.2)"," -O3 -DNDEBUG",8,100000,flecs,owned_update,,1,0,16,0.121000
aalair,"Apple M3",8,"Darwin 27.0.0 arm64","Apple LLVM 21.0.0 (clang-2100.3.34.2)"," -O3 -DNDEBUG",8,100000,flecs,owned_update,,1,0,17,0.128000
aalair,"Apple M3",8,"Darwin 27.0.0 arm64","Apple LLVM 21.0.0 (clang-2100.3.34.2)"," -O3 -DNDEBUG",8,100000,flecs,owned_update,,1,0,18,0.124000
aalair,"Apple M3",8,"Darwin 27.0.0 arm64","Apple LLVM 21.0.0 (clang-2100.3.34.2)"," -O3 -DNDEBUG",8,100000,flecs,owned_update,,1,0,19,0.126000
aalair,"Apple M3",8,"Darwin 27.0.0 arm64","Apple LLVM 21.0.0 (clang-2100.3.34.2)"," -O3 -DNDEBUG",8,100000,flecs,owned_update,,1,0,20,0.199000
aalair,"Apple M3",8,"Darwin 27.0.0 arm64","Apple LLVM 21.0.0 (clang-2100.3.34.2)"," -O3 -DNDEBUG",8,100000,flecs,owned_update,,1,0,21,0.124000
aalair,"Apple M3",8,"Darwin 27.0.0 arm64","Apple LLVM 21.0.0 (clang-2100.3.34.2)"," -O3 -DNDEBUG",8,100000,flecs,owned_update,,1,0,22,0.115000
aalair,"Apple M3",8,"Darwin 27.0.0 arm64","Apple LLVM 21.0.0 (clang-2100.3.34.2)"," -O3 -DNDEBUG",8,100000,flecs,owned_update,,1,0,23,0.118000
aalair,"Apple M3",8,"Darwin 27.0.0 arm64","Apple LLVM 21.0.0 (clang-2100.3.34.2)"," -O3 -DNDEBUG",8,100000,flecs,owned_update,,1,0,24,0.115000
aalair,"Apple M3",8,"Darwin 27.0.0 arm64","Apple LLVM 21.0.0 (clang-2100.3.34.2)"," -O3 -DNDEBUG",8,100000,flecs,owned_update,,1,0,25,0.110000
aalair,"Apple M3",8,"Darwin 27.0.0 arm64","Apple LLVM 21.0.0 (clang-2100.3.34.2)"," -O3 -DNDEBUG",8,100000,flecs,owned_update,,1,0,26,0.108000
aalair,"Apple M3",8,"Darwin 27.0.0 arm64","Apple LLVM 21.0.0 (clang-2100.3.34.2)"," -O3 -DNDEBUG",8,100000,flecs,owned_update,,1,0,27,0.111000
aalair,"Apple M3",8,"Darwin 27.0.0 arm64","Apple LLVM 21.0.0 (clang-2100.3.34.2)"," -O3 -DNDEBUG",8,100000,flecs,owned_update,,1,0,28,0.107000
aalair,"Apple M3",8,"Darwin 27.0.0 arm64","Apple LLVM 21.0.0 (clang-2100.3.34.2)"," -O3 -DNDEBUG",8,100000,flecs,owned_update,,1,0,29,0.106000
aalair,"Apple M3",8,"Darwin 27.0.0 arm64","Apple LLVM 21.0.0 (clang-2100.3.34.2)"," -O3 -DNDEBUG",8,100000,flecs,owned_update,,1,0,30,0.121000
aalair,"Apple M3",8,"Darwin 27.0.0 arm64","Apple LLVM 21.0.0 (clang-2100.3.34.2)"," -O3 -DNDEBUG",8,100000,flecs,owned_update,,1,0,31,0.126000
aalair,"Apple M3",8,"Darwin 27.0.0 arm64","Apple LLVM 21.0.0 (clang-2100.3.34.2)"," -O3 -DNDEBUG",8,100000,flecs,owned_update,,1,0,32,0.136000
aalair,"Apple M3",8,"Darwin 27.0.0 arm64","Apple LLVM 21.0.0 (clang-2100.3.34.2)"," -O3 -DNDEBUG",8,100000,flecs,owned_update,,1,0,33,0.143000
aalair,"Apple M3",8,"Darwin 27.0.0 arm64","Apple LLVM 21.0.0 (clang-2100.3.34.2)"," -O3 -DNDEBUG",8,100000,flecs,owned_update,,1,0,34,0.173000
aalair,"Apple M3",8,"Darwin 27.0.0 arm64","Apple LLVM 21.0.0 (clang-2100.3.34.2)"," -O3 -DNDEBUG",8,100000,flecs,owned_update,,1,0,35,0.147000
aalair,"Apple M3",8,"Darwin 27.0.0 arm64","Apple LLVM 21.0.0 (clang-2100.3.34.2)"," -O3 -DNDEBUG",8,100000,flecs,owned_update,,1,0,36,0.144000
aalair,"Apple M3",8,"Darwin 27.0.0 arm64","Apple LLVM 21.0.0 (clang-2100.3.34.2)"," -O3 -DNDEBUG",8,100000,flecs,owned_update,,1,0,37,0.147000
aalair,"Apple M3",8,"Darwin 27.0.0 arm64","Apple LLVM 21.0.0 (clang-2100.3.34.2)"," -O3 -DNDEBUG",8,100000,flecs,owned_update,,1,0,38,0.291000
aalair,"Apple M3",8,"Darwin 27.0.0 arm64","Apple LLVM 21.0.0 (clang-2100.3.34.2)"," -O3 -DNDEBUG",8,100000,flecs,owned_update,,1,0,39,0.157000
aalair,"Apple M3",8,"Darwin 27.0.0 arm64","Apple LLVM 21.0.0 (clang-2100.3.34.2)"," -O3 -DNDEBUG",8,100000,flecs,owned_update,,1,0,40,0.227000
aalair,"Apple M3",8,"Darwin 27.0.0 arm64","Apple LLVM 21.0.0 (clang-2100.3.34.2)"," -O3 -DNDEBUG",8,100000,flecs,owned_update,,1,0,41,0.139000
aalair,"Apple M3",8,"Darwin 27.0.0 arm64","Apple LLVM 21.0.0 (clang-2100.3.34.2)"," -O3 -DNDEBUG",8,100000,flecs,owned_update,,1,0,42,0.136000
aalair,"Apple M3",8,"Darwin 27.0.0 arm64","Apple LLVM 21.0.0 (clang-2100.3.34.2)"," -O3 -DNDEBUG",8,100000,flecs,owned_update,,1,0,43,0.145000
aalair,"Apple M3",8,"Darwin 27.0.0 arm64","Apple LLVM 21.0.0 (clang-2100.3.34.2)"," -O3 -DNDEBUG",8,100000,flecs,owned_update,,1,0,44,0.114000
aalair,"Apple M3",8,"Darwin 27.0.0 arm64","Apple LLVM 21.0.0 (clang-2100.3.34.2)"," -O3 -DNDEBUG",8,100000,flecs,owned_update,,1,0,45,0.113000
aalair,"Apple M3",8,"Darwin 27.0.0 arm64","Apple LLVM 21.0.0 (clang-2100.3.34.2)"," -O3 -DNDEBUG",8,100000,flecs,owned_update,,1,0,46,0.112000
aalair,"Apple M3",8,"Darwin 27.0.0 arm64","Apple LLVM 21.0.0 (clang-2100.3.34.2)"," -O3 -DNDEBUG",8,100000,flecs,owned_update,,1,0,47,0.125000
aalair,"Apple M3",8,"Darwin 27.0.0 arm64","Apple LLVM 21.0.0 (clang-2100.3.34.2)"," -O3 -DNDEBUG",8,100000,flecs,owned_update,,1,0,48,0.113000
aalair,"Apple M3",8,"Darwin 27.0.0 arm64","Apple LLVM 21.0.0 (clang-2100.3.34.2)"," -O3 -DNDEBUG",8,100000,flecs,owned_update,,1,0,49,0.110000
aalair,"Apple M3",8,"Darwin 27.0.0 arm64","Apple LLVM 21.0.0 (clang-2100.3.34.2)"," -O3 -DNDEBUG",8,100000,flecs,owned_update,,1,0,50,0.108000
aalair,"Apple M3",8,"Darwin 27.0.0 arm64","Apple LLVM 21.0.0 (clang-2100.3.34.2)"," -O3 -DNDEBUG",8,100000,flecs,owned_update,,1,0,51,0.111000
aalair,"Apple M3",8,"Darwin 27.0.0 arm64","Apple LLVM 21.0.0 (clang-2100.3.34.2)"," -O3 -DNDEBUG",8,100000,flecs,owned_update,,1,0,52,0.111000
aalair,"Apple M3",8,"Darwin 27.0.0 arm64","Apple LLVM 21.0.0 (clang-2100.3.34.2)"," -O3 -DNDEBUG",8,100000,flecs,owned_update,,1,0,53,0.112000
aalair,"Apple M3",8,"Darwin 27.0.0 arm64","Apple LLVM 21.0.0 (clang-2100.3.34.2)"," -O3 -DNDEBUG",8,100000,flecs,owned_update,,1,0,54,0.123000
aalair,"Apple M3",8,"Darwin 27.0.0 arm64","Apple LLVM 21.0.0 (clang-2100.3.34.2)"," -O3 -DNDEBUG",8,100000,flecs,owned_update,,1,0,55,0.118000
aalair,"Apple M3",8,"Darwin 27.0.0 arm64","Apple LLVM 21.0.0 (clang-2100.3.34.2)"," -O3 -DNDEBUG",8,100000,flecs,owned_update,,1,0,56,0.112000
aalair,"Apple M3",8,"Darwin 27.0.0 arm64","Apple LLVM 21.0.0 (clang-2100.3.34.2)"," -O3 -DNDEBUG",8,100000,flecs,owned_update,,1,0,57,0.110000
aalair,"Apple M3",8,"Darwin 27.0.0 arm64","Apple LLVM 21.0.0 (clang-2100.3.34.2)"," -O3 -DNDEBUG",8,100000,flecs,owned_update,,1,0,58,0.116000
aalair,"Apple M3",8,"Darwin 27.0.0 arm64","Apple LLVM 21.0.0 (clang-2100.3.34.2)"," -O3 -DNDEBUG",8,100000,flecs,owned_update,,1,0,59,0.108000
aalair,"Apple M3",8,"Darwin 27.0.0 arm64","Apple LLVM 21.0.0 (clang-2100.3.34.2)"," -O3 -DNDEBUG",8,100000,flecs,owned_update,,1,0,60,0.105000
aalair,"Apple M3",8,"Darwin 27.0.0 arm64","Apple LLVM 21.0.0 (clang-2100.3.34.2)"," -O3 -DNDEBUG",8,100000,flecs,owned_update,,1,0,61,0.100000
aalair,"Apple M3",8,"Darwin 27.0.0 arm64","Apple LLVM 21.0.0 (clang-2100.3.34.2)"," -O3 -DNDEBUG",8,100000,flecs,owned_update,,1,0,62,0.104000
aalair,"Apple M3",8,"Darwin 27.0.0 arm64","Apple LLVM 21.0.0 (clang-2100.3.34.2)"," -O3 -DNDEBUG",8,100000,flecs,owned_update,,1,0,63,0.103000
aalair,"Apple M3",8,"Darwin 27.0.0 arm64","Apple LLVM 21.0.0 (clang-2100.3.34.2)"," -O3 -DNDEBUG",8,100000,flecs,owned_update,,1,0,64,0.105000
aalair,"Apple M3",8,"Darwin 27.0.0 arm64","Apple LLVM 21.0.0 (clang-2100.3.34.2)"," -O3 -DNDEBUG",8,100000,flecs,owned_update,,1,0,65,0.104000
aalair,"Apple M3",8,"Darwin 27.0.0 arm64","Apple LLVM 21.0.0 (clang-2100.3.34.2)"," -O3 -DNDEBUG",8,100000,flecs,owned_update,,1,0,66,0.104000
aalair,"Apple M3",8,"Darwin 27.0.0 arm64","Apple LLVM 21.0.0 (clang-2100.3.34.2)"," -O3 -DNDEBUG",8,100000,flecs,owned_update,,1,0,67,0.095000
aalair,"Apple M3",8,"Darwin 27.0.0 arm64","Apple LLVM 21.0.0 (clang-2100.3.34.2)"," -O3 -DNDEBUG",8,100000,flecs,owned_update,,1,0,68,0.098000
aalair,"Apple M3",8,"Darwin 27.0.0 arm64","Apple LLVM 21.0.0 (clang-2100.3.34.2)"," -O3 -DNDEBUG",8,100000,flecs,owned_update,,1,0,69,0.096000
aalair,"Apple M3",8,"Darwin 27.0.0 arm64","Apple LLVM 21.0.0 (clang-2100.3.34.2)"," -O3 -DNDEBUG",8,100000,flecs,owned_update,,1,0,70,0.105000
aalair,"Apple M3",8,"Darwin 27.0.0 arm64","Apple LLVM 21.0.0 (clang-2100.3.34.2)"," -O3 -DNDEBUG",8,100000,flecs,owned_update,,1,0,71,0.096000
aalair,"Apple M3",8,"Darwin 27.0.0 arm64","Apple LLVM 21.0.0 (clang-2100.3.34.2)"," -O3 -DNDEBUG",8,100000,flecs,owned_update,,1,0,72,0.102000
aalair,"Apple M3",8,"Darwin 27.0.0 arm64","Apple LLVM 21.0.0 (clang-2100.3.34.2)"," -O3 -DNDEBUG",8,100000,flecs,owned_update,,1,0,73,0.102000
aalair,"Apple M3",8,"Darwin 27.0.0 arm64","Apple LLVM 21.0.0 (clang-2100.3.34.2)"," -O3 -DNDEBUG",8,100000,flecs,owned_update,,1,0,74,0.103000
aalair,"Apple M3",8,"Darwin 27.0.0 arm64","Apple LLVM 21.0.0 (clang-2100.3.34.2)"," -O3 -DNDEBUG",8,100000,flecs,owned_update,,1,0,75,0.104000
aalair,"Apple M3",8,"Darwin 27.0.0 arm64","Apple LLVM 21.0.0 (clang-2100.3.34.2)"," -O3 -DNDEBUG",8,100000,flecs,owned_update,,1,0,76,0.103000
aalair,"Apple M3",8,"Darwin 27.0.0 arm64","Apple LLVM 21.0.0 (clang-2100.3.34.2)"," -O3 -DNDEBUG",8,100000,flecs,owned_update,,1,0,77,0.104000
aalair,"Apple M3",8,"Darwin 27.0.0 arm64","Apple LLVM 21.0.0 (clang-2100.3.34.2)"," -O3 -DNDEBUG",8,100000,flecs,owned_update,,1,0,78,0.105000
aalair,"Apple M3",8,"Darwin 27.0.0 arm64","Apple LLVM 21.0.0 (clang-2100.3.34.2)"," -O3 -DNDEBUG",8,100000,flecs,owned_update,,1,0,79,0.103000
aalair,"Apple M3",8,"Darwin 27.0.0 arm64","Apple LLVM 21.0.0 (clang-2100.3.34.2)"," -O3 -DNDEBUG",8,100000,flecs,owned_update,,1,0,80,0.103000
aalair,"Apple M3",8,"Darwin 27.0.0 arm64","Apple LLVM 21.0.0 (clang-2100.3.34.2)"," -O3 -DNDEBUG",8,100000,flecs,owned_update,,1,0,81,0.097000
aalair,"Apple M3",8,"Darwin 27.0.0 arm64","Apple LLVM 21.0.0 (clang-2100.3.34.2)"," -O3 -DNDEBUG",8,100000,flecs,owned_update,,1,0,82,0.097000
aalair,"Apple M3",8,"Darwin 27.0.0 arm64","Apple LLVM 21.0.0 (clang-2100.3.34.2)"," -O3 -DNDEBUG",8,100000,flecs,owned_update,,1,0,83,0.097000
aalair,"Apple M3",8,"Darwin 27.0.0 arm64","Apple LLVM 21.0.0 (clang-2100.3.34.2)"," -O3 -DNDEBUG",8,100000,flecs,owned_update,,1,0,84,0.104000
aalair,"Apple M3",8,"Darwin 27.0.0 arm64","Apple LLVM 21.0.0 (clang-2100.3.34.2)"," -O3 -DNDEBUG",8,100000,flecs,owned_update,,1,0,85,0.104000
aalair,"Apple M3",8,"Darwin 27.0.0 arm64","Apple LLVM 21.0.0 (clang-2100.3.34.2)"," -O3 -DNDEBUG",8,100000,flecs,owned_update,,1,0,86,0.104000
aalair,"Apple M3",8,"Darwin 27.0.0 arm64","Apple LLVM 21.0.0 (clang-2100.3.34.2)"," -O3 -DNDEBUG",8,100000,flecs,owned_update,,1,0,87,0.105000
aalair,"Apple M3",8,"Darwin 27.0.0 arm64","Apple LLVM 21.0.0 (clang-2100.3.34.2)"," -O3 -DNDEBUG",8,100000,flecs,owned_update,,1,0,88,0.104000
aalair,"Apple M3",8,"Darwin 27.0.0 arm64","Apple LLVM 21.0.0 (clang-2100.3.34.2)"," -O3 -DNDEBUG",8,100000,flecs,owned_update,,1,0,89,0.105000
aalair,"Apple M3",8,"Darwin 27.0.0 arm64","Apple LLVM 21.0.0 (clang-2100.3.34.2)"," -O3 -DNDEBUG",8,100000,flecs,owned_update,,1,0,90,0.104000
aalair,"Apple M3",8,"Darwin 27.0.0 arm64","Apple LLVM 21.0.0 (clang-2100.3.34.2)"," -O3 -DNDEBUG",8,100000,flecs,owned_update,,1,0,91,0.105000
aalair,"Apple M3",8,"Darwin 27.0.0 arm64","Apple LLVM 21.0.0 (clang-2100.3.34.2)"," -O3 -DNDEBUG",8,100000,flecs,owned_update,,1,0,92,0.104000
aalair,"Apple M3",8,"Darwin 27.0.0 arm64","Apple LLVM 21.0.0 (clang-2100.3.34.2)"," -O3 -DNDEBUG",8,100000,flecs,owned_update,,1,0,93,0.103000
aalair,"Apple M3",8,"Darwin 27.0.0 arm64","Apple LLVM 21.0.0 (clang-2100.3.34.2)"," -O3 -DNDEBUG",8,100000,flecs,owned_update,,1,0,94,0.104000
aalair,"Apple M3",8,"Darwin 27.0.0 arm64","Apple LLVM 21.0.0 (clang-2100.3.34.2)"," -O3 -DNDEBUG",8,100000,flecs,owned_update,,1,0,95,0.116000
aalair,"Apple M3",8,"Darwin 27.0.0 arm64","Apple LLVM 21.0.0 (clang-2100.3.34.2)"," -O3 -DNDEBUG",8,100000,flecs,owned_update,,1,0,96,0.106000
aalair,"Apple M3",8,"Darwin 27.0.0 arm64","Apple LLVM 21.0.0 (clang-2100.3.34.2)"," -O3 -DNDEBUG",8,100000,flecs,owned_update,,1,0,97,0.103000
aalair,"Apple M3",8,"Darwin 27.0.0 arm64","Apple LLVM 21.0.0 (clang-2100.3.34.2)"," -O3 -DNDEBUG",8,100000,flecs,owned_update,,1,0,98,0.104000
aalair,"Apple M3",8,"Darwin 27.0.0 arm64","Apple LLVM 21.0.0 (clang-2100.3.34.2)"," -O3 -DNDEBUG",8,100000,flecs,owned_update,,1,0,99,0.106000
aalair,"Apple M3",8,"Darwin 27.0.0 arm64","Apple LLVM 21.0.0 (clang-2100.3.34.2)"," -O3 -DNDEBUG",8,100000,flecs,owned_update,,1,0,100,0.106000
aalair,"Apple M3",8,"Darwin 27.0.0 arm64","Apple LLVM 21.0.0 (clang-2100.3.34.2)"," -O3 -DNDEBUG",8,100000,flecs,owned_update,,1,10,1,2.569000
aalair,"Apple M3",8,"Darwin 27.0.0 arm64","Apple LLVM 21.0.0 (clang-2100.3.34.2)"," -O3 -DNDEBUG",8,100000,flecs,owned_update,,1,10,2,2.574000
aalair,"Apple M3",8,"Darwin 27.0.0 arm64","Apple LLVM 21.0.0 (clang-2100.3.34.2)"," -O3 -DNDEBUG",8,100000,flecs,owned_update,,1,10,3,2.654000
aalair,"Apple M3",8,"Darwin 27.0.0 arm64","Apple LLVM 21.0.0 (clang-2100.3.34.2)"," -O3 -DNDEBUG",8,100000,flecs,owned_update,,1,10,4,2.578000
aalair,"Apple M3",8,"Darwin 27.0.0 arm64","Apple LLVM 21.0.0 (clang-2100.3.34.2)"," -O3 -DNDEBUG",8,100000,flecs,owned_update,,1,10,5,2.373000
aalair,"Apple M3",8,"Darwin 27.0.0 arm64","Apple LLVM 21.0.0 (clang-2100.3.34.2)"," -O3 -DNDEBUG",8,100000,flecs,owned_update,,1,10,6,2.569000
aalair,"Apple M3",8,"Darwin 27.0.0 arm64","Apple LLVM 21.0.0 (clang-2100.3.34.2)"," -O3 -DNDEBUG",8,100000,flecs,owned_update,,1,10,7,2.667000
aalair,"Apple M3",8,"Darwin 27.0.0 arm64","Apple LLVM 21.0.0 (clang-2100.3.34.2)"," -O3 -DNDEBUG",8,100000,flecs,owned_update,,1,10,8,2.572000
aalair,"Apple M3",8,"Darwin 27.0.0 arm64","Apple LLVM 21.0.0 (clang-2100.3.34.2)"," -O3 -DNDEBUG",8,100000,flecs,owned_update,,1,10,9,2.593000
aalair,"Apple M3",8,"Darwin 27.0.0 arm64","Apple LLVM 21.0.0 (clang-2100.3.34.2)"," -O3 -DNDEBUG",8,100000,flecs,owned_update,,1,10,10,2.593000
aalair,"Apple M3",8,"Darwin 27.0.0 arm64","Apple LLVM 21.0.0 (clang-2100.3.34.2)"," -O3 -DNDEBUG",8,100000,flecs,owned_update,,1,10,11,2.590000
aalair,"Apple M3",8,"Darwin 27.0.0 arm64","Apple LLVM 21.0.0 (clang-2100.3.34.2)"," -O3 -DNDEBUG",8,100000,flecs,owned_update,,1,500,1,347.920000
aalair,"Apple M3",8,"Darwin 27.0.0 arm64","Apple LLVM 21.0.0 (clang-2100.3.34.2)"," -O3 -DNDEBUG",8,100000,flecs,owned_update,,1,500,2,340.539000
aalair,"Apple M3",8,"Darwin 27.0.0 arm64","Apple LLVM 21.0.0 (clang-2100.3.34.2)"," -O3 -DNDEBUG",8,100000,flecs,owned_update,,1,500,3,340.152000
aalair,"Apple M3",8,"Darwin 27.0.0 arm64","Apple LLVM 21.0.0 (clang-2100.3.34.2)"," -O3 -DNDEBUG",8,100000,flecs,owned_update,,1,500,4,340.217000
aalair,"Apple M3",8,"Darwin 27.0.0 arm64","Apple LLVM 21.0.0 (clang-2100.3.34.2)"," -O3 -DNDEBUG",8,100000,flecs,owned_update,,1,500,5,340.146000
aalair,"Apple M3",8,"Darwin 27.0.0 arm64","Apple LLVM 21.0.0 (clang-2100.3.34.2)"," -O3 -DNDEBUG",8,100000,flecs,owned_update,,1,500,6,340.086000
aalair,"Apple M3",8,"Darwin 27.0.0 arm64","Apple LLVM 21.0.0 (clang-2100.3.34.2)"," -O3 -DNDEBUG",8,100000,flecs,owned_update,,1,500,7,340.461000
aalair,"Apple M3",8,"Darwin 27.0.0 arm64","Apple LLVM 21.0.0 (clang-2100.3.34.2)"," -O3 -DNDEBUG",8,100000,flecs,owned_update,,1,500,8,340.019000
aalair,"Apple M3",8,"Darwin 27.0.0 arm64","Apple LLVM 21.0.0 (clang-2100.3.34.2)"," -O3 -DNDEBUG",8,100000,flecs,owned_update,,1,500,9,347.007000
aalair,"Apple M3",8,"Darwin 27.0.0 arm64","Apple LLVM 21.0.0 (clang-2100.3.34.2)"," -O3 -DNDEBUG",8,100000,flecs,owned_update,,1,500,10,341.367000
aalair,"Apple M3",8,"Darwin 27.0.0 arm64","Apple LLVM 21.0.0 (clang-2100.3.34.2)"," -O3 -DNDEBUG",8,100000,flecs,owned_update,,2,0,1,0.137000
aalair,"Apple M3",8,"Darwin 27.0.0 arm64","Apple LLVM 21.0.0 (clang-2100.3.34.2)"," -O3 -DNDEBUG",8,100000,flecs,owned_update,,2,0,2,0.083000
aalair,"Apple M3",8,"Darwin 27.0.0 arm64","Apple LLVM 21.0.0 (clang-2100.3.34.2)"," -O3 -DNDEBUG",8,100000,flecs,owned_update,,2,0,3,0.084000
aalair,"Apple M3",8,"Darwin 27.0.0 arm64","Apple LLVM 21.0.0 (clang-2100.3.34.2)"," -O3 -DNDEBUG",8,100000,flecs,owned_update,,2,0,4,0.085000
aalair,"Apple M3",8,"Darwin 27.0.0 arm64","Apple LLVM 21.0.0 (clang-2100.3.34.2)"," -O3 -DNDEBUG",8,100000,flecs,owned_update,,2,0,5,0.074000
aalair,"Apple M3",8,"Darwin 27.0.0 arm64","Apple LLVM 21.0.0 (clang-2100.3.34.2)"," -O3 -DNDEBUG",8,100000,flecs,owned_update,,2,0,6,0.072000
aalair,"Apple M3",8,"Darwin 27.0.0 arm64","Apple LLVM 21.0.0 (clang-2100.3.34.2)"," -O3 -DNDEBUG",8,100000,flecs,owned_update,,2,0,7,0.064000
aalair,"Apple M3",8,"Darwin 27.0.0 arm64","Apple LLVM 21.0.0 (clang-2100.3.34.2)"," -O3 -DNDEBUG",8,100000,flecs,owned_update,,2,0,8,0.062000
aalair,"Apple M3",8,"Darwin 27.0.0 arm64","Apple LLVM 21.0.0 (clang-2100.3.34.2)"," -O3 -DNDEBUG",8,100000,flecs,owned_update,,2,0,9,0.069000
aalair,"Apple M3",8,"Darwin 27.0.0 arm64","Apple LLVM 21.0.0 (clang-2100.3.34.2)"," -O3 -DNDEBUG",8,100000,flecs,owned_update,,2,0,10,0.063000
aalair,"Apple M3",8,"Darwin 27.0.0 arm64","Apple LLVM 21.0.0 (clang-2100.3.34.2)"," -O3 -DNDEBUG",8,100000,flecs,owned_update,,2,0,11,0.064000
aalair,"Apple M3",8,"Darwin 27.0.0 arm64","Apple LLVM 21.0.0 (clang-2100.3.34.2)"," -O3 -DNDEBUG",8,100000,flecs,owned_update,,2,0,12,0.061000
aalair,"Apple M3",8,"Darwin 27.0.0 arm64","Apple LLVM 21.0.0 (clang-2100.3.34.2)"," -O3 -DNDEBUG",8,100000,flecs,owned_update,,2,0,13,0.062000
aalair,"Apple M3",8,"Darwin 27.0.0 arm64","Apple LLVM 21.0.0 (clang-2100.3.34.2)"," -O3 -DNDEBUG",8,100000,flecs,owned_update,,2,0,14,0.062000
aalair,"Apple M3",8,"Darwin 27.0.0 arm64","Apple LLVM 21.0.0 (clang-2100.3.34.2)"," -O3 -DNDEBUG",8,100000,flecs,owned_update,,2,0,15,0.065000
aalair,"Apple M3",8,"Darwin 27.0.0 arm64","Apple LLVM 21.0.0 (clang-2100.3.34.2)"," -O3 -DNDEBUG",8,100000,flecs,owned_update,,2,0,16,0.061000
aalair,"Apple M3",8,"Darwin 27.0.0 arm64","Apple LLVM 21.0.0 (clang-2100.3.34.2)"," -O3 -DNDEBUG",8,100000,flecs,owned_update,,2,0,17,0.063000
aalair,"Apple M3",8,"Darwin 27.0.0 arm64","Apple LLVM 21.0.0 (clang-2100.3.34.2)"," -O3 -DNDEBUG",8,100000,flecs,owned_update,,2,0,18,0.061000
aalair,"Apple M3",8,"Darwin 27.0.0 arm64","Apple LLVM 21.0.0 (clang-2100.3.34.2)"," -O3 -DNDEBUG",8,100000,flecs,owned_update,,2,0,19,0.059000
aalair,"Apple M3",8,"Darwin 27.0.0 arm64","Apple LLVM 21.0.0 (clang-2100.3.34.2)"," -O3 -DNDEBUG",8,100000,flecs,owned_update,,2,0,20,0.059000
aalair,"Apple M3",8,"Darwin 27.0.0 arm64","Apple LLVM 21.0.0 (clang-2100.3.34.2)"," -O3 -DNDEBUG",8,100000,flecs,owned_update,,2,0,21,0.065000
aalair,"Apple M3",8,"Darwin 27.0.0 arm64","Apple LLVM 21.0.0 (clang-2100.3.34.2)"," -O3 -DNDEBUG",8,100000,flecs,owned_update,,2,0,22,0.060000
aalair,"Apple M3",8,"Darwin 27.0.0 arm64","Apple LLVM 21.0.0 (clang-2100.3.34.2)"," -O3 -DNDEBUG",8,100000,flecs,owned_update,,2,0,23,0.068000
aalair,"Apple M3",8,"Darwin 27.0.0 arm64","Apple LLVM 21.0.0 (clang-2100.3.34.2)"," -O3 -DNDEBUG",8,100000,flecs,owned_update,,2,0,24,0.067000
aalair,"Apple M3",8,"Darwin 27.0.0 arm64","Apple LLVM 21.0.0 (clang-2100.3.34.2)"," -O3 -DNDEBUG",8,100000,flecs,owned_update,,2,0,25,0.065000
aalair,"Apple M3",8,"Darwin 27.0.0 arm64","Apple LLVM 21.0.0 (clang-2100.3.34.2)"," -O3 -DNDEBUG",8,100000,flecs,owned_update,,2,0,26,0.062000
aalair,"Apple M3",8,"Darwin 27.0.0 arm64","Apple LLVM 21.0.0 (clang-2100.3.34.2)"," -O3 -DNDEBUG",8,100000,flecs,owned_update,,2,0,27,0.061000
aalair,"Apple M3",8,"Darwin 27.0.0 arm64","Apple LLVM 21.0.0 (clang-2100.3.34.2)"," -O3 -DNDEBUG",8,100000,flecs,owned_update,,2,0,28,0.066000
aalair,"Apple M3",8,"Darwin 27.0.0 arm64","Apple LLVM 21.0.0 (clang-2100.3.34.2)"," -O3 -DNDEBUG",8,100000,flecs,owned_update,,2,0,29,0.059000
aalair,"Apple M3",8,"Darwin 27.0.0 arm64","Apple LLVM 21.0.0 (clang-2100.3.34.2)"," -O3 -DNDEBUG",8,100000,flecs,owned_update,,2,10,1,1.352000
aalair,"Apple M3",8,"Darwin 27.0.0 arm64","Apple LLVM 21.0.0 (clang-2100.3.34.2)"," -O3 -DNDEBUG",8,100000,flecs,owned_update,,2,10,2,1.366000
aalair,"Apple M3",8,"Darwin 27.0.0 arm64","Apple LLVM 21.0.0 (clang-2100.3.34.2)"," -O3 -DNDEBUG",8,100000,flecs,owned_update,,2,10,3,1.358000
aalair,"Apple M3",8,"Darwin 27.0.0 arm64","Apple LLVM 21.0.0 (clang-2100.3.34.2)"," -O3 -DNDEBUG",8,100000,flecs,owned_update,,2,10,4,1.352000
aalair,"Apple M3",8,"Darwin 27.0.0 arm64","Apple LLVM 21.0.0 (clang-2100.3.34.2)"," -O3 -DNDEBUG",8,100000,flecs,owned_update,,2,10,5,1.345000
aalair,"Apple M3",8,"Darwin 27.0.0 arm64","Apple LLVM 21.0.0 (clang-2100.3.34.2)"," -O3 -DNDEBUG",8,100000,flecs,owned_update,,2,10,6,1.323000
aalair,"Apple M3",8,"Darwin 27.0.0 arm64","Apple LLVM 21.0.0 (clang-2100.3.34.2)"," -O3 -DNDEBUG",8,100000,flecs,owned_update,,2,10,7,1.337000
aalair,"Apple M3",8,"Darwin 27.0.0 arm64","Apple LLVM 21.0.0 (clang-2100.3.34.2)"," -O3 -DNDEBUG",8,100000,flecs,owned_update,,2,10,8,1.318000
aalair,"Apple M3",8,"Darwin 27.0.0 arm64","Apple LLVM 21.0.0 (clang-2100.3.34.2)"," -O3 -DNDEBUG",8,100000,flecs,owned_update,,2,10,9,1.267000
aalair,"Apple M3",8,"Darwin 27.0.0 arm64","Apple LLVM 21.0.0 (clang-2100.3.34.2)"," -O3 -DNDEBUG",8,100000,flecs,owned_update,,2,10,10,1.351000
aalair,"Apple M3",8,"Darwin 27.0.0 arm64","Apple LLVM 21.0.0 (clang-2100.3.34.2)"," -O3 -DNDEBUG",8,100000,flecs,owned_update,,2,10,11,1.322000
aalair,"Apple M3",8,"Darwin 27.0.0 arm64","Apple LLVM 21.0.0 (clang-2100.3.34.2)"," -O3 -DNDEBUG",8,100000,flecs,owned_update,,2,500,1,174.370000
aalair,"Apple M3",8,"Darwin 27.0.0 arm64","Apple LLVM 21.0.0 (clang-2100.3.34.2)"," -O3 -DNDEBUG",8,100000,flecs,owned_update,,2,500,2,174.454000
aalair,"Apple M3",8,"Darwin 27.0.0 arm64","Apple LLVM 21.0.0 (clang-2100.3.34.2)"," -O3 -DNDEBUG",8,100000,flecs,owned_update,,2,500,3,174.126000
aalair,"Apple M3",8,"Darwin 27.0.0 arm64","Apple LLVM 21.0.0 (clang-2100.3.34.2)"," -O3 -DNDEBUG",8,100000,flecs,owned_update,,2,500,4,174.135000
aalair,"Apple M3",8,"Darwin 27.0.0 arm64","Apple LLVM 21.0.0 (clang-2100.3.34.2)"," -O3 -DNDEBUG",8,100000,flecs,owned_update,,2,500,5,174.021000
aalair,"Apple M3",8,"Darwin 27.0.0 arm64","Apple LLVM 21.0.0 (clang-2100.3.34.2)"," -O3 -DNDEBUG",8,100000,flecs,owned_update,,2,500,6,174.425000
aalair,"Apple M3",8,"Darwin 27.0.0 arm64","Apple LLVM 21.0.0 (clang-2100.3.34.2)"," -O3 -DNDEBUG",8,100000,flecs,owned_update,,2,500,7,174.110000
aalair,"Apple M3",8,"Darwin 27.0.0 arm64","Apple LLVM 21.0.0 (clang-2100.3.34.2)"," -O3 -DNDEBUG",8,100000,flecs,owned_update,,2,500,8,174.168000
aalair,"Apple M3",8,"Darwin 27.0.0 arm64","Apple LLVM 21.0.0 (clang-2100.3.34.2)"," -O3 -DNDEBUG",8,100000,flecs,owned_update,,2,500,9,174.197000
aalair,"Apple M3",8,"Darwin 27.0.0 arm64","Apple LLVM 21.0.0 (clang-2100.3.34.2)"," -O3 -DNDEBUG",8,100000,flecs,owned_update,,2,500,10,174.116000
aalair,"Apple M3",8,"Darwin 27.0.0 arm64","Apple LLVM 21.0.0 (clang-2100.3.34.2)"," -O3 -DNDEBUG",8,100000,flecs,owned_update,,4,0,1,0.068000
aalair,"Apple M3",8,"Darwin 27.0.0 arm64","Apple LLVM 21.0.0 (clang-2100.3.34.2)"," -O3 -DNDEBUG",8,100000,flecs,owned_update,,4,0,2,0.055000
aalair,"Apple M3",8,"Darwin 27.0.0 arm64","Apple LLVM 21.0.0 (clang-2100.3.34.2)"," -O3 -DNDEBUG",8,100000,flecs,owned_update,,4,0,3,0.051000
aalair,"Apple M3",8,"Darwin 27.0.0 arm64","Apple LLVM 21.0.0 (clang-2100.3.34.2)"," -O3 -DNDEBUG",8,100000,flecs,owned_update,,4,0,4,0.050000
aalair,"Apple M3",8,"Darwin 27.0.0 arm64","Apple LLVM 21.0.0 (clang-2100.3.34.2)"," -O3 -DNDEBUG",8,100000,flecs,owned_update,,4,0,5,0.048000
aalair,"Apple M3",8,"Darwin 27.0.0 arm64","Apple LLVM 21.0.0 (clang-2100.3.34.2)"," -O3 -DNDEBUG",8,100000,flecs,owned_update,,4,0,6,0.045000
aalair,"Apple M3",8,"Darwin 27.0.0 arm64","Apple LLVM 21.0.0 (clang-2100.3.34.2)"," -O3 -DNDEBUG",8,100000,flecs,owned_update,,4,0,7,0.048000
aalair,"Apple M3",8,"Darwin 27.0.0 arm64","Apple LLVM 21.0.0 (clang-2100.3.34.2)"," -O3 -DNDEBUG",8,100000,flecs,owned_update,,4,0,8,0.045000
aalair,"Apple M3",8,"Darwin 27.0.0 arm64","Apple LLVM 21.0.0 (clang-2100.3.34.2)"," -O3 -DNDEBUG",8,100000,flecs,owned_update,,4,0,9,0.045000
aalair,"Apple M3",8,"Darwin 27.0.0 arm64","Apple LLVM 21.0.0 (clang-2100.3.34.2)"," -O3 -DNDEBUG",8,100000,flecs,owned_update,,4,0,10,0.045000
aalair,"Apple M3",8,"Darwin 27.0.0 arm64","Apple LLVM 21.0.0 (clang-2100.3.34.2)"," -O3 -DNDEBUG",8,100000,flecs,owned_update,,4,0,11,0.046000
aalair,"Apple M3",8,"Darwin 27.0.0 arm64","Apple LLVM 21.0.0 (clang-2100.3.34.2)"," -O3 -DNDEBUG",8,100000,flecs,owned_update,,4,0,12,0.047000
aalair,"Apple M3",8,"Darwin 27.0.0 arm64","Apple LLVM 21.0.0 (clang-2100.3.34.2)"," -O3 -DNDEBUG",8,100000,flecs,owned_update,,4,0,13,0.046000
aalair,"Apple M3",8,"Darwin 27.0.0 arm64","Apple LLVM 21.0.0 (clang-2100.3.34.2)"," -O3 -DNDEBUG",8,100000,flecs,owned_update,,4,0,14,0.044000
aalair,"Apple M3",8,"Darwin 27.0.0 arm64","Apple LLVM 21.0.0 (clang-2100.3.34.2)"," -O3 -DNDEBUG",8,100000,flecs,owned_update,,4,0,15,0.048000
aalair,"Apple M3",8,"Darwin 27.0.0 arm64","Apple LLVM 21.0.0 (clang-2100.3.34.2)"," -O3 -DNDEBUG",8,100000,flecs,owned_update,,4,0,16,0.045000
aalair,"Apple M3",8,"Darwin 27.0.0 arm64","Apple LLVM 21.0.0 (clang-2100.3.34.2)"," -O3 -DNDEBUG",8,100000,flecs,owned_update,,4,0,17,0.045000
aalair,"Apple M3",8,"Darwin 27.0.0 arm64","Apple LLVM 21.0.0 (clang-2100.3.34.2)"," -O3 -DNDEBUG",8,100000,flecs,owned_update,,4,0,18,0.045000
aalair,"Apple M3",8,"Darwin 27.0.0 arm64","Apple LLVM 21.0.0 (clang-2100.3.34.2)"," -O3 -DNDEBUG",8,100000,flecs,owned_update,,4,0,19,0.046000
aalair,"Apple M3",8,"Darwin 27.0.0 arm64","Apple LLVM 21.0.0 (clang-2100.3.34.2)"," -O3 -DNDEBUG",8,100000,flecs,owned_update,,4,10,1,0.783000
aalair,"Apple M3",8,"Darwin 27.0.0 arm64","Apple LLVM 21.0.0 (clang-2100.3.34.2)"," -O3 -DNDEBUG",8,100000,flecs,owned_update,,4,10,2,0.784000
aalair,"Apple M3",8,"Darwin 27.0.0 arm64","Apple LLVM 21.0.0 (clang-2100.3.34.2)"," -O3 -DNDEBUG",8,100000,flecs,owned_update,,4,10,3,0.786000
aalair,"Apple M3",8,"Darwin 27.0.0 arm64","Apple LLVM 21.0.0 (clang-2100.3.34.2)"," -O3 -DNDEBUG",8,100000,flecs,owned_update,,4,10,4,0.786000
aalair,"Apple M3",8,"Darwin 27.0.0 arm64","Apple LLVM 21.0.0 (clang-2100.3.34.2)"," -O3 -DNDEBUG",8,100000,flecs,owned_update,,4,10,5,0.785000
aalair,"Apple M3",8,"Darwin 27.0.0 arm64","Apple LLVM 21.0.0 (clang-2100.3.34.2)"," -O3 -DNDEBUG",8,100000,flecs,owned_update,,4,10,6,0.783000
aalair,"Apple M3",8,"Darwin 27.0.0 arm64","Apple LLVM 21.0.0 (clang-2100.3.34.2)"," -O3 -DNDEBUG",8,100000,flecs,owned_update,,4,10,7,0.784000
aalair,"Apple M3",8,"Darwin 27.0.0 arm64","Apple LLVM 21.0.0 (clang-2100.3.34.2)"," -O3 -DNDEBUG",8,100000,flecs,owned_update,,4,10,8,0.777000
aalair,"Apple M3",8,"Darwin 27.0.0 arm64","Apple LLVM 21.0.0 (clang-2100.3.34.2)"," -O3 -DNDEBUG",8,100000,flecs,owned_update,,4,10,9,0.785000
aalair,"Apple M3",8,"Darwin 27.0.0 arm64","Apple LLVM 21.0.0 (clang-2100.3.34.2)"," -O3 -DNDEBUG",8,100000,flecs,owned_update,,4,10,10,0.784000
aalair,"Apple M3",8,"Darwin 27.0.0 arm64","Apple LLVM 21.0.0 (clang-2100.3.34.2)"," -O3 -DNDEBUG",8,100000,flecs,owned_update,,4,500,1,94.700000
aalair,"Apple M3",8,"Darwin 27.0.0 arm64","Apple LLVM 21.0.0 (clang-2100.3.34.2)"," -O3 -DNDEBUG",8,100000,flecs,owned_update,,4,500,2,95.159000
aalair,"Apple M3",8,"Darwin 27.0.0 arm64","Apple LLVM 21.0.0 (clang-2100.3.34.2)"," -O3 -DNDEBUG",8,100000,flecs,owned_update,,4,500,3,94.693000
aalair,"Apple M3",8,"Darwin 27.0.0 arm64","Apple LLVM 21.0.0 (clang-2100.3.34.2)"," -O3 -DNDEBUG",8,100000,flecs,owned_update,,4,500,4,94.746000
aalair,"Apple M3",8,"Darwin 27.0.0 arm64","Apple LLVM 21.0.0 (clang-2100.3.34.2)"," -O3 -DNDEBUG",8,100000,flecs,owned_update,,4,500,5,95.133000
aalair,"Apple M3",8,"Darwin 27.0.0 arm64","Apple LLVM 21.0.0 (clang-2100.3.34.2)"," -O3 -DNDEBUG",8,100000,flecs,owned_update,,4,500,6,94.694000
aalair,"Apple M3",8,"Darwin 27.0.0 arm64","Apple LLVM 21.0.0 (clang-2100.3.34.2)"," -O3 -DNDEBUG",8,100000,flecs,owned_update,,4,500,7,94.728000
aalair,"Apple M3",8,"Darwin 27.0.0 arm64","Apple LLVM 21.0.0 (clang-2100.3.34.2)"," -O3 -DNDEBUG",8,100000,flecs,owned_update,,4,500,8,94.741000
aalair,"Apple M3",8,"Darwin 27.0.0 arm64","Apple LLVM 21.0.0 (clang-2100.3.34.2)"," -O3 -DNDEBUG",8,100000,flecs,owned_update,,4,500,9,94.727000
aalair,"Apple M3",8,"Darwin 27.0.0 arm64","Apple LLVM 21.0.0 (clang-2100.3.34.2)"," -O3 -DNDEBUG",8,100000,flecs,owned_update,,4,500,10,118.923000
aalair,"Apple M3",8,"Darwin 27.0.0 arm64","Apple LLVM 21.0.0 (clang-2100.3.34.2)"," -O3 -DNDEBUG",8,100000,flecs,owned_update,,4,500,11,94.590000
aalair,"Apple M3",8,"Darwin 27.0.0 arm64","Apple LLVM 21.0.0 (clang-2100.3.34.2)"," -O3 -DNDEBUG",8,100000,flecs,owned_update,,8,0,1,0.075000
aalair,"Apple M3",8,"Darwin 27.0.0 arm64","Apple LLVM 21.0.0 (clang-2100.3.34.2)"," -O3 -DNDEBUG",8,100000,flecs,owned_update,,8,0,2,0.067000
aalair,"Apple M3",8,"Darwin 27.0.0 arm64","Apple LLVM 21.0.0 (clang-2100.3.34.2)"," -O3 -DNDEBUG",8,100000,flecs,owned_update,,8,0,3,0.064000
aalair,"Apple M3",8,"Darwin 27.0.0 arm64","Apple LLVM 21.0.0 (clang-2100.3.34.2)"," -O3 -DNDEBUG",8,100000,flecs,owned_update,,8,0,4,0.090000
aalair,"Apple M3",8,"Darwin 27.0.0 arm64","Apple LLVM 21.0.0 (clang-2100.3.34.2)"," -O3 -DNDEBUG",8,100000,flecs,owned_update,,8,0,5,0.095000
aalair,"Apple M3",8,"Darwin 27.0.0 arm64","Apple LLVM 21.0.0 (clang-2100.3.34.2)"," -O3 -DNDEBUG",8,100000,flecs,owned_update,,8,0,6,0.083000
aalair,"Apple M3",8,"Darwin 27.0.0 arm64","Apple LLVM 21.0.0 (clang-2100.3.34.2)"," -O3 -DNDEBUG",8,100000,flecs,owned_update,,8,0,7,0.068000
aalair,"Apple M3",8,"Darwin 27.0.0 arm64","Apple LLVM 21.0.0 (clang-2100.3.34.2)"," -O3 -DNDEBUG",8,100000,flecs,owned_update,,8,0,8,0.065000
aalair,"Apple M3",8,"Darwin 27.0.0 arm64","Apple LLVM 21.0.0 (clang-2100.3.34.2)"," -O3 -DNDEBUG",8,100000,flecs,owned_update,,8,0,9,0.059000
aalair,"Apple M3",8,"Darwin 27.0.0 arm64","Apple LLVM 21.0.0 (clang-2100.3.34.2)"," -O3 -DNDEBUG",8,100000,flecs,owned_update,,8,0,10,0.060000
aalair,"Apple M3",8,"Darwin 27.0.0 arm64","Apple LLVM 21.0.0 (clang-2100.3.34.2)"," -O3 -DNDEBUG",8,100000,flecs,owned_update,,8,0,11,0.061000
aalair,"Apple M3",8,"Darwin 27.0.0 arm64","Apple LLVM 21.0.0 (clang-2100.3.34.2)"," -O3 -DNDEBUG",8,100000,flecs,owned_update,,8,0,12,0.058000
aalair,"Apple M3",8,"Darwin 27.0.0 arm64","Apple LLVM 21.0.0 (clang-2100.3.34.2)"," -O3 -DNDEBUG",8,100000,flecs,owned_update,,8,0,13,0.054000
aalair,"Apple M3",8,"Darwin 27.0.0 arm64","Apple LLVM 21.0.0 (clang-2100.3.34.2)"," -O3 -DNDEBUG",8,100000,flecs,owned_update,,8,0,14,0.059000
aalair,"Apple M3",8,"Darwin 27.0.0 arm64","Apple LLVM 21.0.0 (clang-2100.3.34.2)"," -O3 -DNDEBUG",8,100000,flecs,owned_update,,8,0,15,0.060000
aalair,"Apple M3",8,"Darwin 27.0.0 arm64","Apple LLVM 21.0.0 (clang-2100.3.34.2)"," -O3 -DNDEBUG",8,100000,flecs,owned_update,,8,0,16,0.058000
aalair,"Apple M3",8,"Darwin 27.0.0 arm64","Apple LLVM 21.0.0 (clang-2100.3.34.2)"," -O3 -DNDEBUG",8,100000,flecs,owned_update,,8,0,17,0.053000
aalair,"Apple M3",8,"Darwin 27.0.0 arm64","Apple LLVM 21.0.0 (clang-2100.3.34.2)"," -O3 -DNDEBUG",8,100000,flecs,owned_update,,8,0,18,0.061000
aalair,"Apple M3",8,"Darwin 27.0.0 arm64","Apple LLVM 21.0.0 (clang-2100.3.34.2)"," -O3 -DNDEBUG",8,100000,flecs,owned_update,,8,0,19,0.058000
aalair,"Apple M3",8,"Darwin 27.0.0 arm64","Apple LLVM 21.0.0 (clang-2100.3.34.2)"," -O3 -DNDEBUG",8,100000,flecs,owned_update,,8,0,20,0.053000
aalair,"Apple M3",8,"Darwin 27.0.0 arm64","Apple LLVM 21.0.0 (clang-2100.3.34.2)"," -O3 -DNDEBUG",8,100000,flecs,owned_update,,8,0,21,0.057000
aalair,"Apple M3",8,"Darwin 27.0.0 arm64","Apple LLVM 21.0.0 (clang-2100.3.34.2)"," -O3 -DNDEBUG",8,100000,flecs,owned_update,,8,0,22,0.064000
aalair,"Apple M3",8,"Darwin 27.0.0 arm64","Apple LLVM 21.0.0 (clang-2100.3.34.2)"," -O3 -DNDEBUG",8,100000,flecs,owned_update,,8,0,23,0.057000
aalair,"Apple M3",8,"Darwin 27.0.0 arm64","Apple LLVM 21.0.0 (clang-2100.3.34.2)"," -O3 -DNDEBUG",8,100000,flecs,owned_update,,8,0,24,0.058000
aalair,"Apple M3",8,"Darwin 27.0.0 arm64","Apple LLVM 21.0.0 (clang-2100.3.34.2)"," -O3 -DNDEBUG",8,100000,flecs,owned_update,,8,0,25,0.061000
aalair,"Apple M3",8,"Darwin 27.0.0 arm64","Apple LLVM 21.0.0 (clang-2100.3.34.2)"," -O3 -DNDEBUG",8,100000,flecs,owned_update,,8,0,26,0.056000
aalair,"Apple M3",8,"Darwin 27.0.0 arm64","Apple LLVM 21.0.0 (clang-2100.3.34.2)"," -O3 -DNDEBUG",8,100000,flecs,owned_update,,8,0,27,0.053000
aalair,"Apple M3",8,"Darwin 27.0.0 arm64","Apple LLVM 21.0.0 (clang-2100.3.34.2)"," -O3 -DNDEBUG",8,100000,flecs,owned_update,,8,0,28,0.052000
aalair,"Apple M3",8,"Darwin 27.0.0 arm64","Apple LLVM 21.0.0 (clang-2100.3.34.2)"," -O3 -DNDEBUG",8,100000,flecs,owned_update,,8,0,29,0.053000
aalair,"Apple M3",8,"Darwin 27.0.0 arm64","Apple LLVM 21.0.0 (clang-2100.3.34.2)"," -O3 -DNDEBUG",8,100000,flecs,owned_update,,8,0,30,0.055000
aalair,"Apple M3",8,"Darwin 27.0.0 arm64","Apple LLVM 21.0.0 (clang-2100.3.34.2)"," -O3 -DNDEBUG",8,100000,flecs,owned_update,,8,0,31,0.055000
aalair,"Apple M3",8,"Darwin 27.0.0 arm64","Apple LLVM 21.0.0 (clang-2100.3.34.2)"," -O3 -DNDEBUG",8,100000,flecs,owned_update,,8,10,1,0.472000
aalair,"Apple M3",8,"Darwin 27.0.0 arm64","Apple LLVM 21.0.0 (clang-2100.3.34.2)"," -O3 -DNDEBUG",8,100000,flecs,owned_update,,8,10,2,0.482000
aalair,"Apple M3",8,"Darwin 27.0.0 arm64","Apple LLVM 21.0.0 (clang-2100.3.34.2)"," -O3 -DNDEBUG",8,100000,flecs,owned_update,,8,10,3,0.479000
aalair,"Apple M3",8,"Darwin 27.0.0 arm64","Apple LLVM 21.0.0 (clang-2100.3.34.2)"," -O3 -DNDEBUG",8,100000,flecs,owned_update,,8,10,4,0.480000
aalair,"Apple M3",8,"Darwin 27.0.0 arm64","Apple LLVM 21.0.0 (clang-2100.3.34.2)"," -O3 -DNDEBUG",8,100000,flecs,owned_update,,8,10,5,0.483000
aalair,"Apple M3",8,"Darwin 27.0.0 arm64","Apple LLVM 21.0.0 (clang-2100.3.34.2)"," -O3 -DNDEBUG",8,100000,flecs,owned_update,,8,10,6,0.631000
aalair,"Apple M3",8,"Darwin 27.0.0 arm64","Apple LLVM 21.0.0 (clang-2100.3.34.2)"," -O3 -DNDEBUG",8,100000,flecs,owned_update,,8,10,7,0.481000
aalair,"Apple M3",8,"Darwin 27.0.0 arm64","Apple LLVM 21.0.0 (clang-2100.3.34.2)"," -O3 -DNDEBUG",8,100000,flecs,owned_update,,8,10,8,0.479000
aalair,"Apple M3",8,"Darwin 27.0.0 arm64","Apple LLVM 21.0.0 (clang-2100.3.34.2)"," -O3 -DNDEBUG",8,100000,flecs,owned_update,,8,10,9,0.471000
aalair,"Apple M3",8,"Darwin 27.0.0 arm64","Apple LLVM 21.0.0 (clang-2100.3.34.2)"," -O3 -DNDEBUG",8,100000,flecs,owned_update,,8,10,10,0.498000
aalair,"Apple M3",8,"Darwin 27.0.0 arm64","Apple LLVM 21.0.0 (clang-2100.3.34.2)"," -O3 -DNDEBUG",8,100000,flecs,owned_update,,8,10,11,0.484000
aalair,"Apple M3",8,"Darwin 27.0.0 arm64","Apple LLVM 21.0.0 (clang-2100.3.34.2)"," -O3 -DNDEBUG",8,100000,flecs,owned_update,,8,500,1,59.302000
aalair,"Apple M3",8,"Darwin 27.0.0 arm64","Apple LLVM 21.0.0 (clang-2100.3.34.2)"," -O3 -DNDEBUG",8,100000,flecs,owned_update,,8,500,2,59.890000
aalair,"Apple M3",8,"Darwin 27.0.0 arm64","Apple LLVM 21.0.0 (clang-2100.3.34.2)"," -O3 -DNDEBUG",8,100000,flecs,owned_update,,8,500,3,61.616000
aalair,"Apple M3",8,"Darwin 27.0.0 arm64","Apple LLVM 21.0.0 (clang-2100.3.34.2)"," -O3 -DNDEBUG",8,100000,flecs,owned_update,,8,500,4,63.201000
aalair,"Apple M3",8,"Darwin 27.0.0 arm64","Apple LLVM 21.0.0 (clang-2100.3.34.2)"," -O3 -DNDEBUG",8,100000,flecs,owned_update,,8,500,5,66.896000
aalair,"Apple M3",8,"Darwin 27.0.0 arm64","Apple LLVM 21.0.0 (clang-2100.3.34.2)"," -O3 -DNDEBUG",8,100000,flecs,owned_update,,8,500,6,97.722000
aalair,"Apple M3",8,"Darwin 27.0.0 arm64","Apple LLVM 21.0.0 (clang-2100.3.34.2)"," -O3 -DNDEBUG",8,100000,flecs,owned_update,,8,500,7,63.458000
aalair,"Apple M3",8,"Darwin 27.0.0 arm64","Apple LLVM 21.0.0 (clang-2100.3.34.2)"," -O3 -DNDEBUG",8,100000,flecs,owned_update,,8,500,8,60.625000
aalair,"Apple M3",8,"Darwin 27.0.0 arm64","Apple LLVM 21.0.0 (clang-2100.3.34.2)"," -O3 -DNDEBUG",8,100000,flecs,owned_update,,8,500,9,61.867000
aalair,"Apple M3",8,"Darwin 27.0.0 arm64","Apple LLVM 21.0.0 (clang-2100.3.34.2)"," -O3 -DNDEBUG",8,100000,flecs,owned_update,,8,500,10,64.968000
aalair,"Apple M3",8,"Darwin 27.0.0 arm64","Apple LLVM 21.0.0 (clang-2100.3.34.2)"," -O3 -DNDEBUG",8,100000,flecs,owned_update,,8,500,11,60.950000
aalair,"Apple M3",8,"Darwin 27.0.0 arm64","Apple LLVM 21.0.0 (clang-2100.3.34.2)"," -O3 -DNDEBUG",8,100000,flecs,owned_update,,8,500,12,64.500000
aalair,"Apple M3",8,"Darwin 27.0.0 arm64","Apple LLVM 21.0.0 (clang-2100.3.34.2)"," -O3 -DNDEBUG",8,100000,flecs,owned_update,,8,500,13,83.849000
aalair,"Apple M3",8,"Darwin 27.0.0 arm64","Apple LLVM 21.0.0 (clang-2100.3.34.2)"," -O3 -DNDEBUG",8,100000,flecs,owned_update,,8,500,14,64.579000
aalair,"Apple M3",8,"Darwin 27.0.0 arm64","Apple LLVM 21.0.0 (clang-2100.3.34.2)"," -O3 -DNDEBUG",8,100000,flecs,owned_update,,8,500,15,65.774000
aalair,"Apple M3",8,"Darwin 27.0.0 arm64","Apple LLVM 21.0.0 (clang-2100.3.34.2)"," -O3 -DNDEBUG",8,100000,flecs,owned_update,,8,500,16,62.345000
aalair,"Apple M3",8,"Darwin 27.0.0 arm64","Apple LLVM 21.0.0 (clang-2100.3.34.2)"," -O3 -DNDEBUG",8,100000,pito,owned_update,ecs_get,1,0,1,6.462000
aalair,"Apple M3",8,"Darwin 27.0.0 arm64","Apple LLVM 21.0.0 (clang-2100.3.34.2)"," -O3 -DNDEBUG",8,100000,pito,owned_update,ecs_get,1,0,2,6.701000
aalair,"Apple M3",8,"Darwin 27.0.0 arm64","Apple LLVM 21.0.0 (clang-2100.3.34.2)"," -O3 -DNDEBUG",8,100000,pito,owned_update,ecs_get,1,0,3,6.211000
aalair,"Apple M3",8,"Darwin 27.0.0 arm64","Apple LLVM 21.0.0 (clang-2100.3.34.2)"," -O3 -DNDEBUG",8,100000,pito,owned_update,ecs_get,1,0,4,6.614000
aalair,"Apple M3",8,"Darwin 27.0.0 arm64","Apple LLVM 21.0.0 (clang-2100.3.34.2)"," -O3 -DNDEBUG",8,100000,pito,owned_update,ecs_get,1,0,5,6.673000
aalair,"Apple M3",8,"Darwin 27.0.0 arm64","Apple LLVM 21.0.0 (clang-2100.3.34.2)"," -O3 -DNDEBUG",8,100000,pito,owned_update,ecs_get,1,0,6,6.682000
aalair,"Apple M3",8,"Darwin 27.0.0 arm64","Apple LLVM 21.0.0 (clang-2100.3.34.2)"," -O3 -DNDEBUG",8,100000,pito,owned_update,ecs_get,1,0,7,6.670000
aalair,"Apple M3",8,"Darwin 27.0.0 arm64","Apple LLVM 21.0.0 (clang-2100.3.34.2)"," -O3 -DNDEBUG",8,100000,pito,owned_update,ecs_get,1,0,8,6.680000
aalair,"Apple M3",8,"Darwin 27.0.0 arm64","Apple LLVM 21.0.0 (clang-2100.3.34.2)"," -O3 -DNDEBUG",8,100000,pito,owned_update,ecs_get,1,0,9,6.669000
aalair,"Apple M3",8,"Darwin 27.0.0 arm64","Apple LLVM 21.0.0 (clang-2100.3.34.2)"," -O3 -DNDEBUG",8,100000,pito,owned_update,ecs_get,1,0,10,6.672000
aalair,"Apple M3",8,"Darwin 27.0.0 arm64","Apple LLVM 21.0.0 (clang-2100.3.34.2)"," -O3 -DNDEBUG",8,100000,pito,owned_update,ecs_get,1,0,11,6.865000
aalair,"Apple M3",8,"Darwin 27.0.0 arm64","Apple LLVM 21.0.0 (clang-2100.3.34.2)"," -O3 -DNDEBUG",8,100000,pito,owned_update,ecs_get,1,10,1,8.485000
aalair,"Apple M3",8,"Darwin 27.0.0 arm64","Apple LLVM 21.0.0 (clang-2100.3.34.2)"," -O3 -DNDEBUG",8,100000,pito,owned_update,ecs_get,1,10,2,8.346000
aalair,"Apple M3",8,"Darwin 27.0.0 arm64","Apple LLVM 21.0.0 (clang-2100.3.34.2)"," -O3 -DNDEBUG",8,100000,pito,owned_update,ecs_get,1,10,3,8.728000
aalair,"Apple M3",8,"Darwin 27.0.0 arm64","Apple LLVM 21.0.0 (clang-2100.3.34.2)"," -O3 -DNDEBUG",8,100000,pito,owned_update,ecs_get,1,10,4,8.717000
aalair,"Apple M3",8,"Darwin 27.0.0 arm64","Apple LLVM 21.0.0 (clang-2100.3.34.2)"," -O3 -DNDEBUG",8,100000,pito,owned_update,ecs_get,1,10,5,8.737000
aalair,"Apple M3",8,"Darwin 27.0.0 arm64","Apple LLVM 21.0.0 (clang-2100.3.34.2)"," -O3 -DNDEBUG",8,100000,pito,owned_update,ecs_get,1,10,6,8.692000
aalair,"Apple M3",8,"Darwin 27.0.0 arm64","Apple LLVM 21.0.0 (clang-2100.3.34.2)"," -O3 -DNDEBUG",8,100000,pito,owned_update,ecs_get,1,10,7,8.704000
aalair,"Apple M3",8,"Darwin 27.0.0 arm64","Apple LLVM 21.0.0 (clang-2100.3.34.2)"," -O3 -DNDEBUG",8,100000,pito,owned_update,ecs_get,1,10,8,8.717000
aalair,"Apple M3",8,"Darwin 27.0.0 arm64","Apple LLVM 21.0.0 (clang-2100.3.34.2)"," -O3 -DNDEBUG",8,100000,pito,owned_update,ecs_get,1,10,9,8.725000
aalair,"Apple M3",8,"Darwin 27.0.0 arm64","Apple LLVM 21.0.0 (clang-2100.3.34.2)"," -O3 -DNDEBUG",8,100000,pito,owned_update,ecs_get,1,10,10,8.698000
aalair,"Apple M3",8,"Darwin 27.0.0 arm64","Apple LLVM 21.0.0 (clang-2100.3.34.2)"," -O3 -DNDEBUG",8,100000,pito,owned_update,ecs_get,1,500,1,356.798000
aalair,"Apple M3",8,"Darwin 27.0.0 arm64","Apple LLVM 21.0.0 (clang-2100.3.34.2)"," -O3 -DNDEBUG",8,100000,pito,owned_update,ecs_get,1,500,2,356.709000
aalair,"Apple M3",8,"Darwin 27.0.0 arm64","Apple LLVM 21.0.0 (clang-2100.3.34.2)"," -O3 -DNDEBUG",8,100000,pito,owned_update,ecs_get,1,500,3,356.970000
aalair,"Apple M3",8,"Darwin 27.0.0 arm64","Apple LLVM 21.0.0 (clang-2100.3.34.2)"," -O3 -DNDEBUG",8,100000,pito,owned_update,ecs_get,1,500,4,356.839000
aalair,"Apple M3",8,"Darwin 27.0.0 arm64","Apple LLVM 21.0.0 (clang-2100.3.34.2)"," -O3 -DNDEBUG",8,100000,pito,owned_update,ecs_get,1,500,5,364.928000
aalair,"Apple M3",8,"Darwin 27.0.0 arm64","Apple LLVM 21.0.0 (clang-2100.3.34.2)"," -O3 -DNDEBUG",8,100000,pito,owned_update,ecs_get,1,500,6,356.893000
aalair,"Apple M3",8,"Darwin 27.0.0 arm64","Apple LLVM 21.0.0 (clang-2100.3.34.2)"," -O3 -DNDEBUG",8,100000,pito,owned_update,ecs_get,1,500,7,361.624000
aalair,"Apple M3",8,"Darwin 27.0.0 arm64","Apple LLVM 21.0.0 (clang-2100.3.34.2)"," -O3 -DNDEBUG",8,100000,pito,owned_update,ecs_get,1,500,8,356.861000
aalair,"Apple M3",8,"Darwin 27.0.0 arm64","Apple LLVM 21.0.0 (clang-2100.3.34.2)"," -O3 -DNDEBUG",8,100000,pito,owned_update,ecs_get,1,500,9,356.759000
aalair,"Apple M3",8,"Darwin 27.0.0 arm64","Apple LLVM 21.0.0 (clang-2100.3.34.2)"," -O3 -DNDEBUG",8,100000,pito,owned_update,ecs_get,1,500,10,356.676000
aalair,"Apple M3",8,"Darwin 27.0.0 arm64","Apple LLVM 21.0.0 (clang-2100.3.34.2)"," -O3 -DNDEBUG",8,100000,pito,owned_update,ecs_get,2,0,1,14.453000
aalair,"Apple M3",8,"Darwin 27.0.0 arm64","Apple LLVM 21.0.0 (clang-2100.3.34.2)"," -O3 -DNDEBUG",8,100000,pito,owned_update,ecs_get,2,0,2,14.767000
aalair,"Apple M3",8,"Darwin 27.0.0 arm64","Apple LLVM 21.0.0 (clang-2100.3.34.2)"," -O3 -DNDEBUG",8,100000,pito,owned_update,ecs_get,2,0,3,14.401000
aalair,"Apple M3",8,"Darwin 27.0.0 arm64","Apple LLVM 21.0.0 (clang-2100.3.34.2)"," -O3 -DNDEBUG",8,100000,pito,owned_update,ecs_get,2,0,4,15.050000
aalair,"Apple M3",8,"Darwin 27.0.0 arm64","Apple LLVM 21.0.0 (clang-2100.3.34.2)"," -O3 -DNDEBUG",8,100000,pito,owned_update,ecs_get,2,0,5,13.045000
aalair,"Apple M3",8,"Darwin 27.0.0 arm64","Apple LLVM 21.0.0 (clang-2100.3.34.2)"," -O3 -DNDEBUG",8,100000,pito,owned_update,ecs_get,2,0,6,14.638000
aalair,"Apple M3",8,"Darwin 27.0.0 arm64","Apple LLVM 21.0.0 (clang-2100.3.34.2)"," -O3 -DNDEBUG",8,100000,pito,owned_update,ecs_get,2,0,7,15.732000
aalair,"Apple M3",8,"Darwin 27.0.0 arm64","Apple LLVM 21.0.0 (clang-2100.3.34.2)"," -O3 -DNDEBUG",8,100000,pito,owned_update,ecs_get,2,0,8,12.995000
aalair,"Apple M3",8,"Darwin 27.0.0 arm64","Apple LLVM 21.0.0 (clang-2100.3.34.2)"," -O3 -DNDEBUG",8,100000,pito,owned_update,ecs_get,2,0,9,13.154000
aalair,"Apple M3",8,"Darwin 27.0.0 arm64","Apple LLVM 21.0.0 (clang-2100.3.34.2)"," -O3 -DNDEBUG",8,100000,pito,owned_update,ecs_get,2,0,10,12.627000
aalair,"Apple M3",8,"Darwin 27.0.0 arm64","Apple LLVM 21.0.0 (clang-2100.3.34.2)"," -O3 -DNDEBUG",8,100000,pito,owned_update,ecs_get,2,0,11,13.472000
aalair,"Apple M3",8,"Darwin 27.0.0 arm64","Apple LLVM 21.0.0 (clang-2100.3.34.2)"," -O3 -DNDEBUG",8,100000,pito,owned_update,ecs_get,2,0,12,13.088000
aalair,"Apple M3",8,"Darwin 27.0.0 arm64","Apple LLVM 21.0.0 (clang-2100.3.34.2)"," -O3 -DNDEBUG",8,100000,pito,owned_update,ecs_get,2,0,13,15.734000
aalair,"Apple M3",8,"Darwin 27.0.0 arm64","Apple LLVM 21.0.0 (clang-2100.3.34.2)"," -O3 -DNDEBUG",8,100000,pito,owned_update,ecs_get,2,0,14,12.976000
aalair,"Apple M3",8,"Darwin 27.0.0 arm64","Apple LLVM 21.0.0 (clang-2100.3.34.2)"," -O3 -DNDEBUG",8,100000,pito,owned_update,ecs_get,2,0,15,13.083000
aalair,"Apple M3",8,"Darwin 27.0.0 arm64","Apple LLVM 21.0.0 (clang-2100.3.34.2)"," -O3 -DNDEBUG",8,100000,pito,owned_update,ecs_get,2,0,16,13.654000
aalair,"Apple M3",8,"Darwin 27.0.0 arm64","Apple LLVM 21.0.0 (clang-2100.3.34.2)"," -O3 -DNDEBUG",8,100000,pito,owned_update,ecs_get,2,0,17,15.686000
aalair,"Apple M3",8,"Darwin 27.0.0 arm64","Apple LLVM 21.0.0 (clang-2100.3.34.2)"," -O3 -DNDEBUG",8,100000,pito,owned_update,ecs_get,2,0,18,15.056000
aalair,"Apple M3",8,"Darwin 27.0.0 arm64","Apple LLVM 21.0.0 (clang-2100.3.34.2)"," -O3 -DNDEBUG",8,100000,pito,owned_update,ecs_get,2,0,19,13.443000
aalair,"Apple M3",8,"Darwin 27.0.0 arm64","Apple LLVM 21.0.0 (clang-2100.3.34.2)"," -O3 -DNDEBUG",8,100000,pito,owned_update,ecs_get,2,0,20,15.372000
aalair,"Apple M3",8,"Darwin 27.0.0 arm64","Apple LLVM 21.0.0 (clang-2100.3.34.2)"," -O3 -DNDEBUG",8,100000,pito,owned_update,ecs_get,2,0,21,16.471000
aalair,"Apple M3",8,"Darwin 27.0.0 arm64","Apple LLVM 21.0.0 (clang-2100.3.34.2)"," -O3 -DNDEBUG",8,100000,pito,owned_update,ecs_get,2,0,22,13.457000
aalair,"Apple M3",8,"Darwin 27.0.0 arm64","Apple LLVM 21.0.0 (clang-2100.3.34.2)"," -O3 -DNDEBUG",8,100000,pito,owned_update,ecs_get,2,0,23,14.540000
aalair,"Apple M3",8,"Darwin 27.0.0 arm64","Apple LLVM 21.0.0 (clang-2100.3.34.2)"," -O3 -DNDEBUG",8,100000,pito,owned_update,ecs_get,2,0,24,14.165000
aalair,"Apple M3",8,"Darwin 27.0.0 arm64","Apple LLVM 21.0.0 (clang-2100.3.34.2)"," -O3 -DNDEBUG",8,100000,pito,owned_update,ecs_get,2,0,25,13.144000
aalair,"Apple M3",8,"Darwin 27.0.0 arm64","Apple LLVM 21.0.0 (clang-2100.3.34.2)"," -O3 -DNDEBUG",8,100000,pito,owned_update,ecs_get,2,0,26,15.629000
aalair,"Apple M3",8,"Darwin 27.0.0 arm64","Apple LLVM 21.0.0 (clang-2100.3.34.2)"," -O3 -DNDEBUG",8,100000,pito,owned_update,ecs_get,2,0,27,14.627000
aalair,"Apple M3",8,"Darwin 27.0.0 arm64","Apple LLVM 21.0.0 (clang-2100.3.34.2)"," -O3 -DNDEBUG",8,100000,pito,owned_update,ecs_get,2,0,28,14.983000
aalair,"Apple M3",8,"Darwin 27.0.0 arm64","Apple LLVM 21.0.0 (clang-2100.3.34.2)"," -O3 -DNDEBUG",8,100000,pito,owned_update,ecs_get,2,0,29,13.399000
aalair,"Apple M3",8,"Darwin 27.0.0 arm64","Apple LLVM 21.0.0 (clang-2100.3.34.2)"," -O3 -DNDEBUG",8,100000,pito,owned_update,ecs_get,2,0,30,14.673000
aalair,"Apple M3",8,"Darwin 27.0.0 arm64","Apple LLVM 21.0.0 (clang-2100.3.34.2)"," -O3 -DNDEBUG",8,100000,pito,owned_update,ecs_get,2,0,31,15.523000
aalair,"Apple M3",8,"Darwin 27.0.0 arm64","Apple LLVM 21.0.0 (clang-2100.3.34.2)"," -O3 -DNDEBUG",8,100000,pito,owned_update,ecs_get,2,0,32,13.345000
aalair,"Apple M3",8,"Darwin 27.0.0 arm64","Apple LLVM 21.0.0 (clang-2100.3.34.2)"," -O3 -DNDEBUG",8,100000,pito,owned_update,ecs_get,2,0,33,15.276000
aalair,"Apple M3",8,"Darwin 27.0.0 arm64","Apple LLVM 21.0.0 (clang-2100.3.34.2)"," -O3 -DNDEBUG",8,100000,pito,owned_update,ecs_get,2,0,34,14.939000
aalair,"Apple M3",8,"Darwin 27.0.0 arm64","Apple LLVM 21.0.0 (clang-2100.3.34.2)"," -O3 -DNDEBUG",8,100000,pito,owned_update,ecs_get,2,0,35,13.110000
aalair,"Apple M3",8,"Darwin 27.0.0 arm64","Apple LLVM 21.0.0 (clang-2100.3.34.2)"," -O3 -DNDEBUG",8,100000,pito,owned_update,ecs_get,2,0,36,26.031000
aalair,"Apple M3",8,"Darwin 27.0.0 arm64","Apple LLVM 21.0.0 (clang-2100.3.34.2)"," -O3 -DNDEBUG",8,100000,pito,owned_update,ecs_get,2,0,37,16.168000
aalair,"Apple M3",8,"Darwin 27.0.0 arm64","Apple LLVM 21.0.0 (clang-2100.3.34.2)"," -O3 -DNDEBUG",8,100000,pito,owned_update,ecs_get,2,0,38,14.219000
aalair,"Apple M3",8,"Darwin 27.0.0 arm64","Apple LLVM 21.0.0 (clang-2100.3.34.2)"," -O3 -DNDEBUG",8,100000,pito,owned_update,ecs_get,2,0,39,15.354000
aalair,"Apple M3",8,"Darwin 27.0.0 arm64","Apple LLVM 21.0.0 (clang-2100.3.34.2)"," -O3 -DNDEBUG",8,100000,pito,owned_update,ecs_get,2,0,40,14.186000
aalair,"Apple M3",8,"Darwin 27.0.0 arm64","Apple LLVM 21.0.0 (clang-2100.3.34.2)"," -O3 -DNDEBUG",8,100000,pito,owned_update,ecs_get,2,0,41,14.718000
aalair,"Apple M3",8,"Darwin 27.0.0 arm64","Apple LLVM 21.0.0 (clang-2100.3.34.2)"," -O3 -DNDEBUG",8,100000,pito,owned_update,ecs_get,2,0,42,14.556000
aalair,"Apple M3",8,"Darwin 27.0.0 arm64","Apple LLVM 21.0.0 (clang-2100.3.34.2)"," -O3 -DNDEBUG",8,100000,pito,owned_update,ecs_get,2,0,43,14.202000
aalair,"Apple M3",8,"Darwin 27.0.0 arm64","Apple LLVM 21.0.0 (clang-2100.3.34.2)"," -O3 -DNDEBUG",8,100000,pito,owned_update,ecs_get,2,0,44,14.398000
aalair,"Apple M3",8,"Darwin 27.0.0 arm64","Apple LLVM 21.0.0 (clang-2100.3.34.2)"," -O3 -DNDEBUG",8,100000,pito,owned_update,ecs_get,2,0,45,14.577000
aalair,"Apple M3",8,"Darwin 27.0.0 arm64","Apple LLVM 21.0.0 (clang-2100.3.34.2)"," -O3 -DNDEBUG",8,100000,pito,owned_update,ecs_get,2,0,46,14.632000
aalair,"Apple M3",8,"Darwin 27.0.0 arm64","Apple LLVM 21.0.0 (clang-2100.3.34.2)"," -O3 -DNDEBUG",8,100000,pito,owned_update,ecs_get,2,10,1,14.566000
aalair,"Apple M3",8,"Darwin 27.0.0 arm64","Apple LLVM 21.0.0 (clang-2100.3.34.2)"," -O3 -DNDEBUG",8,100000,pito,owned_update,ecs_get,2,10,2,15.240000
aalair,"Apple M3",8,"Darwin 27.0.0 arm64","Apple LLVM 21.0.0 (clang-2100.3.34.2)"," -O3 -DNDEBUG",8,100000,pito,owned_update,ecs_get,2,10,3,14.865000
aalair,"Apple M3",8,"Darwin 27.0.0 arm64","Apple LLVM 21.0.0 (clang-2100.3.34.2)"," -O3 -DNDEBUG",8,100000,pito,owned_update,ecs_get,2,10,4,15.959000
aalair,"Apple M3",8,"Darwin 27.0.0 arm64","Apple LLVM 21.0.0 (clang-2100.3.34.2)"," -O3 -DNDEBUG",8,100000,pito,owned_update,ecs_get,2,10,5,14.326000
aalair,"Apple M3",8,"Darwin 27.0.0 arm64","Apple LLVM 21.0.0 (clang-2100.3.34.2)"," -O3 -DNDEBUG",8,100000,pito,owned_update,ecs_get,2,10,6,15.028000
aalair,"Apple M3",8,"Darwin 27.0.0 arm64","Apple LLVM 21.0.0 (clang-2100.3.34.2)"," -O3 -DNDEBUG",8,100000,pito,owned_update,ecs_get,2,10,7,14.434000
aalair,"Apple M3",8,"Darwin 27.0.0 arm64","Apple LLVM 21.0.0 (clang-2100.3.34.2)"," -O3 -DNDEBUG",8,100000,pito,owned_update,ecs_get,2,10,8,15.822000
aalair,"Apple M3",8,"Darwin 27.0.0 arm64","Apple LLVM 21.0.0 (clang-2100.3.34.2)"," -O3 -DNDEBUG",8,100000,pito,owned_update,ecs_get,2,10,9,13.359000
aalair,"Apple M3",8,"Darwin 27.0.0 arm64","Apple LLVM 21.0.0 (clang-2100.3.34.2)"," -O3 -DNDEBUG",8,100000,pito,owned_update,ecs_get,2,10,10,14.187000
aalair,"Apple M3",8,"Darwin 27.0.0 arm64","Apple LLVM 21.0.0 (clang-2100.3.34.2)"," -O3 -DNDEBUG",8,100000,pito,owned_update,ecs_get,2,10,11,15.358000
aalair,"Apple M3",8,"Darwin 27.0.0 arm64","Apple LLVM 21.0.0 (clang-2100.3.34.2)"," -O3 -DNDEBUG",8,100000,pito,owned_update,ecs_get,2,10,12,14.594000
aalair,"Apple M3",8,"Darwin 27.0.0 arm64","Apple LLVM 21.0.0 (clang-2100.3.34.2)"," -O3 -DNDEBUG",8,100000,pito,owned_update,ecs_get,2,10,13,14.359000
aalair,"Apple M3",8,"Darwin 27.0.0 arm64","Apple LLVM 21.0.0 (clang-2100.3.34.2)"," -O3 -DNDEBUG",8,100000,pito,owned_update,ecs_get,2,10,14,14.108000
aalair,"Apple M3",8,"Darwin 27.0.0 arm64","Apple LLVM 21.0.0 (clang-2100.3.34.2)"," -O3 -DNDEBUG",8,100000,pito,owned_update,ecs_get,2,10,15,14.401000
aalair,"Apple M3",8,"Darwin 27.0.0 arm64","Apple LLVM 21.0.0 (clang-2100.3.34.2)"," -O3 -DNDEBUG",8,100000,pito,owned_update,ecs_get,2,10,16,13.492000
aalair,"Apple M3",8,"Darwin 27.0.0 arm64","Apple LLVM 21.0.0 (clang-2100.3.34.2)"," -O3 -DNDEBUG",8,100000,pito,owned_update,ecs_get,2,10,17,16.107000
aalair,"Apple M3",8,"Darwin 27.0.0 arm64","Apple LLVM 21.0.0 (clang-2100.3.34.2)"," -O3 -DNDEBUG",8,100000,pito,owned_update,ecs_get,2,10,18,13.180000
aalair,"Apple M3",8,"Darwin 27.0.0 arm64","Apple LLVM 21.0.0 (clang-2100.3.34.2)"," -O3 -DNDEBUG",8,100000,pito,owned_update,ecs_get,2,10,19,15.676000
aalair,"Apple M3",8,"Darwin 27.0.0 arm64","Apple LLVM 21.0.0 (clang-2100.3.34.2)"," -O3 -DNDEBUG",8,100000,pito,owned_update,ecs_get,2,10,20,15.628000
aalair,"Apple M3",8,"Darwin 27.0.0 arm64","Apple LLVM 21.0.0 (clang-2100.3.34.2)"," -O3 -DNDEBUG",8,100000,pito,owned_update,ecs_get,2,10,21,14.932000
aalair,"Apple M3",8,"Darwin 27.0.0 arm64","Apple LLVM 21.0.0 (clang-2100.3.34.2)"," -O3 -DNDEBUG",8,100000,pito,owned_update,ecs_get,2,10,22,16.002000
aalair,"Apple M3",8,"Darwin 27.0.0 arm64","Apple LLVM 21.0.0 (clang-2100.3.34.2)"," -O3 -DNDEBUG",8,100000,pito,owned_update,ecs_get,2,10,23,15.912000
aalair,"Apple M3",8,"Darwin 27.0.0 arm64","Apple LLVM 21.0.0 (clang-2100.3.34.2)"," -O3 -DNDEBUG",8,100000,pito,owned_update,ecs_get,2,10,24,16.265000
aalair,"Apple M3",8,"Darwin 27.0.0 arm64","Apple LLVM 21.0.0 (clang-2100.3.34.2)"," -O3 -DNDEBUG",8,100000,pito,owned_update,ecs_get,2,10,25,16.064000
aalair,"Apple M3",8,"Darwin 27.0.0 arm64","Apple LLVM 21.0.0 (clang-2100.3.34.2)"," -O3 -DNDEBUG",8,100000,pito,owned_update,ecs_get,2,10,26,15.615000
aalair,"Apple M3",8,"Darwin 27.0.0 arm64","Apple LLVM 21.0.0 (clang-2100.3.34.2)"," -O3 -DNDEBUG",8,100000,pito,owned_update,ecs_get,2,500,1,184.620000
aalair,"Apple M3",8,"Darwin 27.0.0 arm64","Apple LLVM 21.0.0 (clang-2100.3.34.2)"," -O3 -DNDEBUG",8,100000,pito,owned_update,ecs_get,2,500,2,184.888000
aalair,"Apple M3",8,"Darwin 27.0.0 arm64","Apple LLVM 21.0.0 (clang-2100.3.34.2)"," -O3 -DNDEBUG",8,100000,pito,owned_update,ecs_get,2,500,3,184.605000
aalair,"Apple M3",8,"Darwin 27.0.0 arm64","Apple LLVM 21.0.0 (clang-2100.3.34.2)"," -O3 -DNDEBUG",8,100000,pito,owned_update,ecs_get,2,500,4,184.782000
aalair,"Apple M3",8,"Darwin 27.0.0 arm64","Apple LLVM 21.0.0 (clang-2100.3.34.2)"," -O3 -DNDEBUG",8,100000,pito,owned_update,ecs_get,2,500,5,184.844000
aalair,"Apple M3",8,"Darwin 27.0.0 arm64","Apple LLVM 21.0.0 (clang-2100.3.34.2)"," -O3 -DNDEBUG",8,100000,pito,owned_update,ecs_get,2,500,6,184.386000
aalair,"Apple M3",8,"Darwin 27.0.0 arm64","Apple LLVM 21.0.0 (clang-2100.3.34.2)"," -O3 -DNDEBUG",8,100000,pito,owned_update,ecs_get,2,500,7,184.718000
aalair,"Apple M3",8,"Darwin 27.0.0 arm64","Apple LLVM 21.0.0 (clang-2100.3.34.2)"," -O3 -DNDEBUG",8,100000,pito,owned_update,ecs_get,2,500,8,184.893000
aalair,"Apple M3",8,"Darwin 27.0.0 arm64","Apple LLVM 21.0.0 (clang-2100.3.34.2)"," -O3 -DNDEBUG",8,100000,pito,owned_update,ecs_get,2,500,9,184.704000
aalair,"Apple M3",8,"Darwin 27.0.0 arm64","Apple LLVM 21.0.0 (clang-2100.3.34.2)"," -O3 -DNDEBUG",8,100000,pito,owned_update,ecs_get,2,500,10,184.961000
aalair,"Apple M3",8,"Darwin 27.0.0 arm64","Apple LLVM 21.0.0 (clang-2100.3.34.2)"," -O3 -DNDEBUG",8,100000,pito,owned_update,ecs_get,4,0,1,10.021000
aalair,"Apple M3",8,"Darwin 27.0.0 arm64","Apple LLVM 21.0.0 (clang-2100.3.34.2)"," -O3 -DNDEBUG",8,100000,pito,owned_update,ecs_get,4,0,2,9.526000
aalair,"Apple M3",8,"Darwin 27.0.0 arm64","Apple LLVM 21.0.0 (clang-2100.3.34.2)"," -O3 -DNDEBUG",8,100000,pito,owned_update,ecs_get,4,0,3,10.277000
aalair,"Apple M3",8,"Darwin 27.0.0 arm64","Apple LLVM 21.0.0 (clang-2100.3.34.2)"," -O3 -DNDEBUG",8,100000,pito,owned_update,ecs_get,4,0,4,9.604000
aalair,"Apple M3",8,"Darwin 27.0.0 arm64","Apple LLVM 21.0.0 (clang-2100.3.34.2)"," -O3 -DNDEBUG",8,100000,pito,owned_update,ecs_get,4,0,5,9.782000
aalair,"Apple M3",8,"Darwin 27.0.0 arm64","Apple LLVM 21.0.0 (clang-2100.3.34.2)"," -O3 -DNDEBUG",8,100000,pito,owned_update,ecs_get,4,0,6,9.706000
aalair,"Apple M3",8,"Darwin 27.0.0 arm64","Apple LLVM 21.0.0 (clang-2100.3.34.2)"," -O3 -DNDEBUG",8,100000,pito,owned_update,ecs_get,4,0,7,9.425000
aalair,"Apple M3",8,"Darwin 27.0.0 arm64","Apple LLVM 21.0.0 (clang-2100.3.34.2)"," -O3 -DNDEBUG",8,100000,pito,owned_update,ecs_get,4,0,8,10.284000
aalair,"Apple M3",8,"Darwin 27.0.0 arm64","Apple LLVM 21.0.0 (clang-2100.3.34.2)"," -O3 -DNDEBUG",8,100000,pito,owned_update,ecs_get,4,0,9,9.658000
aalair,"Apple M3",8,"Darwin 27.0.0 arm64","Apple LLVM 21.0.0 (clang-2100.3.34.2)"," -O3 -DNDEBUG",8,100000,pito,owned_update,ecs_get,4,0,10,9.877000
aalair,"Apple M3",8,"Darwin 27.0.0 arm64","Apple LLVM 21.0.0 (clang-2100.3.34.2)"," -O3 -DNDEBUG",8,100000,pito,owned_update,ecs_get,4,0,11,9.575000
aalair,"Apple M3",8,"Darwin 27.0.0 arm64","Apple LLVM 21.0.0 (clang-2100.3.34.2)"," -O3 -DNDEBUG",8,100000,pito,owned_update,ecs_get,4,0,12,9.680000
aalair,"Apple M3",8,"Darwin 27.0.0 arm64","Apple LLVM 21.0.0 (clang-2100.3.34.2)"," -O3 -DNDEBUG",8,100000,pito,owned_update,ecs_get,4,0,13,8.946000
aalair,"Apple M3",8,"Darwin 27.0.0 arm64","Apple LLVM 21.0.0 (clang-2100.3.34.2)"," -O3 -DNDEBUG",8,100000,pito,owned_update,ecs_get,4,0,14,9.496000
aalair,"Apple M3",8,"Darwin 27.0.0 arm64","Apple LLVM 21.0.0 (clang-2100.3.34.2)"," -O3 -DNDEBUG",8,100000,pito,owned_update,ecs_get,4,10,1,8.633000
aalair,"Apple M3",8,"Darwin 27.0.0 arm64","Apple LLVM 21.0.0 (clang-2100.3.34.2)"," -O3 -DNDEBUG",8,100000,pito,owned_update,ecs_get,4,10,2,8.175000
aalair,"Apple M3",8,"Darwin 27.0.0 arm64","Apple LLVM 21.0.0 (clang-2100.3.34.2)"," -O3 -DNDEBUG",8,100000,pito,owned_update,ecs_get,4,10,3,8.268000
aalair,"Apple M3",8,"Darwin 27.0.0 arm64","Apple LLVM 21.0.0 (clang-2100.3.34.2)"," -O3 -DNDEBUG",8,100000,pito,owned_update,ecs_get,4,10,4,8.292000
aalair,"Apple M3",8,"Darwin 27.0.0 arm64","Apple LLVM 21.0.0 (clang-2100.3.34.2)"," -O3 -DNDEBUG",8,100000,pito,owned_update,ecs_get,4,10,5,8.807000
aalair,"Apple M3",8,"Darwin 27.0.0 arm64","Apple LLVM 21.0.0 (clang-2100.3.34.2)"," -O3 -DNDEBUG",8,100000,pito,owned_update,ecs_get,4,10,6,8.425000
aalair,"Apple M3",8,"Darwin 27.0.0 arm64","Apple LLVM 21.0.0 (clang-2100.3.34.2)"," -O3 -DNDEBUG",8,100000,pito,owned_update,ecs_get,4,10,7,8.331000
aalair,"Apple M3",8,"Darwin 27.0.0 arm64","Apple LLVM 21.0.0 (clang-2100.3.34.2)"," -O3 -DNDEBUG",8,100000,pito,owned_update,ecs_get,4,10,8,8.298000
aalair,"Apple M3",8,"Darwin 27.0.0 arm64","Apple LLVM 21.0.0 (clang-2100.3.34.2)"," -O3 -DNDEBUG",8,100000,pito,owned_update,ecs_get,4,10,9,8.318000
aalair,"Apple M3",8,"Darwin 27.0.0 arm64","Apple LLVM 21.0.0 (clang-2100.3.34.2)"," -O3 -DNDEBUG",8,100000,pito,owned_update,ecs_get,4,10,10,8.331000
aalair,"Apple M3",8,"Darwin 27.0.0 arm64","Apple LLVM 21.0.0 (clang-2100.3.34.2)"," -O3 -DNDEBUG",8,100000,pito,owned_update,ecs_get,4,10,11,8.412000
aalair,"Apple M3",8,"Darwin 27.0.0 arm64","Apple LLVM 21.0.0 (clang-2100.3.34.2)"," -O3 -DNDEBUG",8,100000,pito,owned_update,ecs_get,4,500,1,102.700000
aalair,"Apple M3",8,"Darwin 27.0.0 arm64","Apple LLVM 21.0.0 (clang-2100.3.34.2)"," -O3 -DNDEBUG",8,100000,pito,owned_update,ecs_get,4,500,2,102.728000
aalair,"Apple M3",8,"Darwin 27.0.0 arm64","Apple LLVM 21.0.0 (clang-2100.3.34.2)"," -O3 -DNDEBUG",8,100000,pito,owned_update,ecs_get,4,500,3,102.809000
aalair,"Apple M3",8,"Darwin 27.0.0 arm64","Apple LLVM 21.0.0 (clang-2100.3.34.2)"," -O3 -DNDEBUG",8,100000,pito,owned_update,ecs_get,4,500,4,102.630000
aalair,"Apple M3",8,"Darwin 27.0.0 arm64","Apple LLVM 21.0.0 (clang-2100.3.34.2)"," -O3 -DNDEBUG",8,100000,pito,owned_update,ecs_get,4,500,5,102.905000
aalair,"Apple M3",8,"Darwin 27.0.0 arm64","Apple LLVM 21.0.0 (clang-2100.3.34.2)"," -O3 -DNDEBUG",8,100000,pito,owned_update,ecs_get,4,500,6,102.826000
aalair,"Apple M3",8,"Darwin 27.0.0 arm64","Apple LLVM 21.0.0 (clang-2100.3.34.2)"," -O3 -DNDEBUG",8,100000,pito,owned_update,ecs_get,4,500,7,102.676000
aalair,"Apple M3",8,"Darwin 27.0.0 arm64","Apple LLVM 21.0.0 (clang-2100.3.34.2)"," -O3 -DNDEBUG",8,100000,pito,owned_update,ecs_get,4,500,8,101.935000
aalair,"Apple M3",8,"Darwin 27.0.0 arm64","Apple LLVM 21.0.0 (clang-2100.3.34.2)"," -O3 -DNDEBUG",8,100000,pito,owned_update,ecs_get,4,500,9,102.032000
aalair,"Apple M3",8,"Darwin 27.0.0 arm64","Apple LLVM 21.0.0 (clang-2100.3.34.2)"," -O3 -DNDEBUG",8,100000,pito,owned_update,ecs_get,4,500,10,101.965000
aalair,"Apple M3",8,"Darwin 27.0.0 arm64","Apple LLVM 21.0.0 (clang-2100.3.34.2)"," -O3 -DNDEBUG",8,100000,pito,owned_update,ecs_get,8,0,1,10.042000
aalair,"Apple M3",8,"Darwin 27.0.0 arm64","Apple LLVM 21.0.0 (clang-2100.3.34.2)"," -O3 -DNDEBUG",8,100000,pito,owned_update,ecs_get,8,0,2,10.054000
aalair,"Apple M3",8,"Darwin 27.0.0 arm64","Apple LLVM 21.0.0 (clang-2100.3.34.2)"," -O3 -DNDEBUG",8,100000,pito,owned_update,ecs_get,8,0,3,11.821000
aalair,"Apple M3",8,"Darwin 27.0.0 arm64","Apple LLVM 21.0.0 (clang-2100.3.34.2)"," -O3 -DNDEBUG",8,100000,pito,owned_update,ecs_get,8,0,4,11.866000
aalair,"Apple M3",8,"Darwin 27.0.0 arm64","Apple LLVM 21.0.0 (clang-2100.3.34.2)"," -O3 -DNDEBUG",8,100000,pito,owned_update,ecs_get,8,0,5,11.333000
aalair,"Apple M3",8,"Darwin 27.0.0 arm64","Apple LLVM 21.0.0 (clang-2100.3.34.2)"," -O3 -DNDEBUG",8,100000,pito,owned_update,ecs_get,8,0,6,11.614000
aalair,"Apple M3",8,"Darwin 27.0.0 arm64","Apple LLVM 21.0.0 (clang-2100.3.34.2)"," -O3 -DNDEBUG",8,100000,pito,owned_update,ecs_get,8,0,7,10.164000
aalair,"Apple M3",8,"Darwin 27.0.0 arm64","Apple LLVM 21.0.0 (clang-2100.3.34.2)"," -O3 -DNDEBUG",8,100000,pito,owned_update,ecs_get,8,0,8,12.266000
aalair,"Apple M3",8,"Darwin 27.0.0 arm64","Apple LLVM 21.0.0 (clang-2100.3.34.2)"," -O3 -DNDEBUG",8,100000,pito,owned_update,ecs_get,8,0,9,12.520000
aalair,"Apple M3",8,"Darwin 27.0.0 arm64","Apple LLVM 21.0.0 (clang-2100.3.34.2)"," -O3 -DNDEBUG",8,100000,pito,owned_update,ecs_get,8,0,10,10.287000
aalair,"Apple M3",8,"Darwin 27.0.0 arm64","Apple LLVM 21.0.0 (clang-2100.3.34.2)"," -O3 -DNDEBUG",8,100000,pito,owned_update,ecs_get,8,0,11,12.166000
aalair,"Apple M3",8,"Darwin 27.0.0 arm64","Apple LLVM 21.0.0 (clang-2100.3.34.2)"," -O3 -DNDEBUG",8,100000,pito,owned_update,ecs_get,8,0,12,10.357000
aalair,"Apple M3",8,"Darwin 27.0.0 arm64","Apple LLVM 21.0.0 (clang-2100.3.34.2)"," -O3 -DNDEBUG",8,100000,pito,owned_update,ecs_get,8,0,13,12.536000
aalair,"Apple M3",8,"Darwin 27.0.0 arm64","Apple LLVM 21.0.0 (clang-2100.3.34.2)"," -O3 -DNDEBUG",8,100000,pito,owned_update,ecs_get,8,0,14,9.861000
aalair,"Apple M3",8,"Darwin 27.0.0 arm64","Apple LLVM 21.0.0 (clang-2100.3.34.2)"," -O3 -DNDEBUG",8,100000,pito,owned_update,ecs_get,8,0,15,13.357000
aalair,"Apple M3",8,"Darwin 27.0.0 arm64","Apple LLVM 21.0.0 (clang-2100.3.34.2)"," -O3 -DNDEBUG",8,100000,pito,owned_update,ecs_get,8,0,16,12.270000
aalair,"Apple M3",8,"Darwin 27.0.0 arm64","Apple LLVM 21.0.0 (clang-2100.3.34.2)"," -O3 -DNDEBUG",8,100000,pito,owned_update,ecs_get,8,0,17,10.258000
aalair,"Apple M3",8,"Darwin 27.0.0 arm64","Apple LLVM 21.0.0 (clang-2100.3.34.2)"," -O3 -DNDEBUG",8,100000,pito,owned_update,ecs_get,8,0,18,15.503000
aalair,"Apple M3",8,"Darwin 27.0.0 arm64","Apple LLVM 21.0.0 (clang-2100.3.34.2)"," -O3 -DNDEBUG",8,100000,pito,owned_update,ecs_get,8,0,19,11.776000
aalair,"Apple M3",8,"Darwin 27.0.0 arm64","Apple LLVM 21.0.0 (clang-2100.3.34.2)"," -O3 -DNDEBUG",8,100000,pito,owned_update,ecs_get,8,0,20,12.640000
aalair,"Apple M3",8,"Darwin 27.0.0 arm64","Apple LLVM 21.0.0 (clang-2100.3.34.2)"," -O3 -DNDEBUG",8,100000,pito,owned_update,ecs_get,8,0,21,10.706000
aalair,"Apple M3",8,"Darwin 27.0.0 arm64","Apple LLVM 21.0.0 (clang-2100.3.34.2)"," -O3 -DNDEBUG",8,100000,pito,owned_update,ecs_get,8,0,22,12.522000
aalair,"Apple M3",8,"Darwin 27.0.0 arm64","Apple LLVM 21.0.0 (clang-2100.3.34.2)"," -O3 -DNDEBUG",8,100000,pito,owned_update,ecs_get,8,0,23,11.567000
aalair,"Apple M3",8,"Darwin 27.0.0 arm64","Apple LLVM 21.0.0 (clang-2100.3.34.2)"," -O3 -DNDEBUG",8,100000,pito,owned_update,ecs_get,8,0,24,9.900000
aalair,"Apple M3",8,"Darwin 27.0.0 arm64","Apple LLVM 21.0.0 (clang-2100.3.34.2)"," -O3 -DNDEBUG",8,100000,pito,owned_update,ecs_get,8,0,25,11.040000
aalair,"Apple M3",8,"Darwin 27.0.0 arm64","Apple LLVM 21.0.0 (clang-2100.3.34.2)"," -O3 -DNDEBUG",8,100000,pito,owned_update,ecs_get,8,0,26,10.293000
aalair,"Apple M3",8,"Darwin 27.0.0 arm64","Apple LLVM 21.0.0 (clang-2100.3.34.2)"," -O3 -DNDEBUG",8,100000,pito,owned_update,ecs_get,8,0,27,11.343000
aalair,"Apple M3",8,"Darwin 27.0.0 arm64","Apple LLVM 21.0.0 (clang-2100.3.34.2)"," -O3 -DNDEBUG",8,100000,pito,owned_update,ecs_get,8,0,28,11.507000
aalair,"Apple M3",8,"Darwin 27.0.0 arm64","Apple LLVM 21.0.0 (clang-2100.3.34.2)"," -O3 -DNDEBUG",8,100000,pito,owned_update,ecs_get,8,0,29,11.324000
aalair,"Apple M3",8,"Darwin 27.0.0 arm64","Apple LLVM 21.0.0 (clang-2100.3.34.2)"," -O3 -DNDEBUG",8,100000,pito,owned_update,ecs_get,8,0,30,11.569000
aalair,"Apple M3",8,"Darwin 27.0.0 arm64","Apple LLVM 21.0.0 (clang-2100.3.34.2)"," -O3 -DNDEBUG",8,100000,pito,owned_update,ecs_get,8,0,31,10.962000
aalair,"Apple M3",8,"Darwin 27.0.0 arm64","Apple LLVM 21.0.0 (clang-2100.3.34.2)"," -O3 -DNDEBUG",8,100000,pito,owned_update,ecs_get,8,0,32,11.497000
aalair,"Apple M3",8,"Darwin 27.0.0 arm64","Apple LLVM 21.0.0 (clang-2100.3.34.2)"," -O3 -DNDEBUG",8,100000,pito,owned_update,ecs_get,8,0,33,10.427000
aalair,"Apple M3",8,"Darwin 27.0.0 arm64","Apple LLVM 21.0.0 (clang-2100.3.34.2)"," -O3 -DNDEBUG",8,100000,pito,owned_update,ecs_get,8,0,34,11.333000
aalair,"Apple M3",8,"Darwin 27.0.0 arm64","Apple LLVM 21.0.0 (clang-2100.3.34.2)"," -O3 -DNDEBUG",8,100000,pito,owned_update,ecs_get,8,0,35,10.492000
aalair,"Apple M3",8,"Darwin 27.0.0 arm64","Apple LLVM 21.0.0 (clang-2100.3.34.2)"," -O3 -DNDEBUG",8,100000,pito,owned_update,ecs_get,8,0,36,14.520000
aalair,"Apple M3",8,"Darwin 27.0.0 arm64","Apple LLVM 21.0.0 (clang-2100.3.34.2)"," -O3 -DNDEBUG",8,100000,pito,owned_update,ecs_get,8,0,37,11.536000
aalair,"Apple M3",8,"Darwin 27.0.0 arm64","Apple LLVM 21.0.0 (clang-2100.3.34.2)"," -O3 -DNDEBUG",8,100000,pito,owned_update,ecs_get,8,0,38,12.442000
aalair,"Apple M3",8,"Darwin 27.0.0 arm64","Apple LLVM 21.0.0 (clang-2100.3.34.2)"," -O3 -DNDEBUG",8,100000,pito,owned_update,ecs_get,8,0,39,9.827000
aalair,"Apple M3",8,"Darwin 27.0.0 arm64","Apple LLVM 21.0.0 (clang-2100.3.34.2)"," -O3 -DNDEBUG",8,100000,pito,owned_update,ecs_get,8,0,40,11.660000
aalair,"Apple M3",8,"Darwin 27.0.0 arm64","Apple LLVM 21.0.0 (clang-2100.3.34.2)"," -O3 -DNDEBUG",8,100000,pito,owned_update,ecs_get,8,0,41,12.540000
aalair,"Apple M3",8,"Darwin 27.0.0 arm64","Apple LLVM 21.0.0 (clang-2100.3.34.2)"," -O3 -DNDEBUG",8,100000,pito,owned_update,ecs_get,8,10,1,10.052000
aalair,"Apple M3",8,"Darwin 27.0.0 arm64","Apple LLVM 21.0.0 (clang-2100.3.34.2)"," -O3 -DNDEBUG",8,100000,pito,owned_update,ecs_get,8,10,2,14.526000
aalair,"Apple M3",8,"Darwin 27.0.0 arm64","Apple LLVM 21.0.0 (clang-2100.3.34.2)"," -O3 -DNDEBUG",8,100000,pito,owned_update,ecs_get,8,10,3,12.803000
aalair,"Apple M3",8,"Darwin 27.0.0 arm64","Apple LLVM 21.0.0 (clang-2100.3.34.2)"," -O3 -DNDEBUG",8,100000,pito,owned_update,ecs_get,8,10,4,10.014000
aalair,"Apple M3",8,"Darwin 27.0.0 arm64","Apple LLVM 21.0.0 (clang-2100.3.34.2)"," -O3 -DNDEBUG",8,100000,pito,owned_update,ecs_get,8,10,5,10.088000
aalair,"Apple M3",8,"Darwin 27.0.0 arm64","Apple LLVM 21.0.0 (clang-2100.3.34.2)"," -O3 -DNDEBUG",8,100000,pito,owned_update,ecs_get,8,10,6,12.841000
aalair,"Apple M3",8,"Darwin 27.0.0 arm64","Apple LLVM 21.0.0 (clang-2100.3.34.2)"," -O3 -DNDEBUG",8,100000,pito,owned_update,ecs_get,8,10,7,11.597000
aalair,"Apple M3",8,"Darwin 27.0.0 arm64","Apple LLVM 21.0.0 (clang-2100.3.34.2)"," -O3 -DNDEBUG",8,100000,pito,owned_update,ecs_get,8,10,8,15.372000
aalair,"Apple M3",8,"Darwin 27.0.0 arm64","Apple LLVM 21.0.0 (clang-2100.3.34.2)"," -O3 -DNDEBUG",8,100000,pito,owned_update,ecs_get,8,10,9,14.034000
aalair,"Apple M3",8,"Darwin 27.0.0 arm64","Apple LLVM 21.0.0 (clang-2100.3.34.2)"," -O3 -DNDEBUG",8,100000,pito,owned_update,ecs_get,8,10,10,13.434000
aalair,"Apple M3",8,"Darwin 27.0.0 arm64","Apple LLVM 21.0.0 (clang-2100.3.34.2)"," -O3 -DNDEBUG",8,100000,pito,owned_update,ecs_get,8,10,11,12.097000
aalair,"Apple M3",8,"Darwin 27.0.0 arm64","Apple LLVM 21.0.0 (clang-2100.3.34.2)"," -O3 -DNDEBUG",8,100000,pito,owned_update,ecs_get,8,10,12,12.205000
aalair,"Apple M3",8,"Darwin 27.0.0 arm64","Apple LLVM 21.0.0 (clang-2100.3.34.2)"," -O3 -DNDEBUG",8,100000,pito,owned_update,ecs_get,8,10,13,11.368000
aalair,"Apple M3",8,"Darwin 27.0.0 arm64","Apple LLVM 21.0.0 (clang-2100.3.34.2)"," -O3 -DNDEBUG",8,100000,pito,owned_update,ecs_get,8,10,14,13.853000
aalair,"Apple M3",8,"Darwin 27.0.0 arm64","Apple LLVM 21.0.0 (clang-2100.3.34.2)"," -O3 -DNDEBUG",8,100000,pito,owned_update,ecs_get,8,10,15,11.313000
aalair,"Apple M3",8,"Darwin 27.0.0 arm64","Apple LLVM 21.0.0 (clang-2100.3.34.2)"," -O3 -DNDEBUG",8,100000,pito,owned_update,ecs_get,8,10,16,12.694000
aalair,"Apple M3",8,"Darwin 27.0.0 arm64","Apple LLVM 21.0.0 (clang-2100.3.34.2)"," -O3 -DNDEBUG",8,100000,pito,owned_update,ecs_get,8,10,17,11.523000
aalair,"Apple M3",8,"Darwin 27.0.0 arm64","Apple LLVM 21.0.0 (clang-2100.3.34.2)"," -O3 -DNDEBUG",8,100000,pito,owned_update,ecs_get,8,10,18,11.277000
aalair,"Apple M3",8,"Darwin 27.0.0 arm64","Apple LLVM 21.0.0 (clang-2100.3.34.2)"," -O3 -DNDEBUG",8,100000,pito,owned_update,ecs_get,8,10,19,12.364000
aalair,"Apple M3",8,"Darwin 27.0.0 arm64","Apple LLVM 21.0.0 (clang-2100.3.34.2)"," -O3 -DNDEBUG",8,100000,pito,owned_update,ecs_get,8,10,20,10.246000
aalair,"Apple M3",8,"Darwin 27.0.0 arm64","Apple LLVM 21.0.0 (clang-2100.3.34.2)"," -O3 -DNDEBUG",8,100000,pito,owned_update,ecs_get,8,10,21,11.329000
aalair,"Apple M3",8,"Darwin 27.0.0 arm64","Apple LLVM 21.0.0 (clang-2100.3.34.2)"," -O3 -DNDEBUG",8,100000,pito,owned_update,ecs_get,8,10,22,12.044000
aalair,"Apple M3",8,"Darwin 27.0.0 arm64","Apple LLVM 21.0.0 (clang-2100.3.34.2)"," -O3 -DNDEBUG",8,100000,pito,owned_update,ecs_get,8,10,23,18.917000
aalair,"Apple M3",8,"Darwin 27.0.0 arm64","Apple LLVM 21.0.0 (clang-2100.3.34.2)"," -O3 -DNDEBUG",8,100000,pito,owned_update,ecs_get,8,10,24,10.004000
aalair,"Apple M3",8,"Darwin 27.0.0 arm64","Apple LLVM 21.0.0 (clang-2100.3.34.2)"," -O3 -DNDEBUG",8,100000,pito,owned_update,ecs_get,8,10,25,10.173000
aalair,"Apple M3",8,"Darwin 27.0.0 arm64","Apple LLVM 21.0.0 (clang-2100.3.34.2)"," -O3 -DNDEBUG",8,100000,pito,owned_update,ecs_get,8,10,26,12.647000
aalair,"Apple M3",8,"Darwin 27.0.0 arm64","Apple LLVM 21.0.0 (clang-2100.3.34.2)"," -O3 -DNDEBUG",8,100000,pito,owned_update,ecs_get,8,10,27,12.203000
aalair,"Apple M3",8,"Darwin 27.0.0 arm64","Apple LLVM 21.0.0 (clang-2100.3.34.2)"," -O3 -DNDEBUG",8,100000,pito,owned_update,ecs_get,8,10,28,12.076000
aalair,"Apple M3",8,"Darwin 27.0.0 arm64","Apple LLVM 21.0.0 (clang-2100.3.34.2)"," -O3 -DNDEBUG",8,100000,pito,owned_update,ecs_get,8,10,29,10.223000
aalair,"Apple M3",8,"Darwin 27.0.0 arm64","Apple LLVM 21.0.0 (clang-2100.3.34.2)"," -O3 -DNDEBUG",8,100000,pito,owned_update,ecs_get,8,10,30,11.125000
aalair,"Apple M3",8,"Darwin 27.0.0 arm64","Apple LLVM 21.0.0 (clang-2100.3.34.2)"," -O3 -DNDEBUG",8,100000,pito,owned_update,ecs_get,8,10,31,13.285000
aalair,"Apple M3",8,"Darwin 27.0.0 arm64","Apple LLVM 21.0.0 (clang-2100.3.34.2)"," -O3 -DNDEBUG",8,100000,pito,owned_update,ecs_get,8,10,32,10.143000
aalair,"Apple M3",8,"Darwin 27.0.0 arm64","Apple LLVM 21.0.0 (clang-2100.3.34.2)"," -O3 -DNDEBUG",8,100000,pito,owned_update,ecs_get,8,10,33,9.939000
aalair,"Apple M3",8,"Darwin 27.0.0 arm64","Apple LLVM 21.0.0 (clang-2100.3.34.2)"," -O3 -DNDEBUG",8,100000,pito,owned_update,ecs_get,8,10,34,12.467000
aalair,"Apple M3",8,"Darwin 27.0.0 arm64","Apple LLVM 21.0.0 (clang-2100.3.34.2)"," -O3 -DNDEBUG",8,100000,pito,owned_update,ecs_get,8,10,35,14.042000
aalair,"Apple M3",8,"Darwin 27.0.0 arm64","Apple LLVM 21.0.0 (clang-2100.3.34.2)"," -O3 -DNDEBUG",8,100000,pito,owned_update,ecs_get,8,10,36,12.390000
aalair,"Apple M3",8,"Darwin 27.0.0 arm64","Apple LLVM 21.0.0 (clang-2100.3.34.2)"," -O3 -DNDEBUG",8,100000,pito,owned_update,ecs_get,8,10,37,10.746000
aalair,"Apple M3",8,"Darwin 27.0.0 arm64","Apple LLVM 21.0.0 (clang-2100.3.34.2)"," -O3 -DNDEBUG",8,100000,pito,owned_update,ecs_get,8,10,38,9.744000
aalair,"Apple M3",8,"Darwin 27.0.0 arm64","Apple LLVM 21.0.0 (clang-2100.3.34.2)"," -O3 -DNDEBUG",8,100000,pito,owned_update,ecs_get,8,10,39,12.666000
aalair,"Apple M3",8,"Darwin 27.0.0 arm64","Apple LLVM 21.0.0 (clang-2100.3.34.2)"," -O3 -DNDEBUG",8,100000,pito,owned_update,ecs_get,8,10,40,10.264000
aalair,"Apple M3",8,"Darwin 27.0.0 arm64","Apple LLVM 21.0.0 (clang-2100.3.34.2)"," -O3 -DNDEBUG",8,100000,pito,owned_update,ecs_get,8,10,41,11.652000
aalair,"Apple M3",8,"Darwin 27.0.0 arm64","Apple LLVM 21.0.0 (clang-2100.3.34.2)"," -O3 -DNDEBUG",8,100000,pito,owned_update,ecs_get,8,10,42,13.839000
aalair,"Apple M3",8,"Darwin 27.0.0 arm64","Apple LLVM 21.0.0 (clang-2100.3.34.2)"," -O3 -DNDEBUG",8,100000,pito,owned_update,ecs_get,8,10,43,10.448000
aalair,"Apple M3",8,"Darwin 27.0.0 arm64","Apple LLVM 21.0.0 (clang-2100.3.34.2)"," -O3 -DNDEBUG",8,100000,pito,owned_update,ecs_get,8,10,44,11.616000
aalair,"Apple M3",8,"Darwin 27.0.0 arm64","Apple LLVM 21.0.0 (clang-2100.3.34.2)"," -O3 -DNDEBUG",8,100000,pito,owned_update,ecs_get,8,10,45,12.156000
aalair,"Apple M3",8,"Darwin 27.0.0 arm64","Apple LLVM 21.0.0 (clang-2100.3.34.2)"," -O3 -DNDEBUG",8,100000,pito,owned_update,ecs_get,8,10,46,10.811000
aalair,"Apple M3",8,"Darwin 27.0.0 arm64","Apple LLVM 21.0.0 (clang-2100.3.34.2)"," -O3 -DNDEBUG",8,100000,pito,owned_update,ecs_get,8,500,1,73.927000
aalair,"Apple M3",8,"Darwin 27.0.0 arm64","Apple LLVM 21.0.0 (clang-2100.3.34.2)"," -O3 -DNDEBUG",8,100000,pito,owned_update,ecs_get,8,500,2,72.811000
aalair,"Apple M3",8,"Darwin 27.0.0 arm64","Apple LLVM 21.0.0 (clang-2100.3.34.2)"," -O3 -DNDEBUG",8,100000,pito,owned_update,ecs_get,8,500,3,77.115000
aalair,"Apple M3",8,"Darwin 27.0.0 arm64","Apple LLVM 21.0.0 (clang-2100.3.34.2)"," -O3 -DNDEBUG",8,100000,pito,owned_update,ecs_get,8,500,4,73.049000
aalair,"Apple M3",8,"Darwin 27.0.0 arm64","Apple LLVM 21.0.0 (clang-2100.3.34.2)"," -O3 -DNDEBUG",8,100000,pito,owned_update,ecs_get,8,500,5,70.059000
aalair,"Apple M3",8,"Darwin 27.0.0 arm64","Apple LLVM 21.0.0 (clang-2100.3.34.2)"," -O3 -DNDEBUG",8,100000,pito,owned_update,ecs_get,8,500,6,76.676000
aalair,"Apple M3",8,"Darwin 27.0.0 arm64","Apple LLVM 21.0.0 (clang-2100.3.34.2)"," -O3 -DNDEBUG",8,100000,pito,owned_update,ecs_get,8,500,7,69.280000
aalair,"Apple M3",8,"Darwin 27.0.0 arm64","Apple LLVM 21.0.0 (clang-2100.3.34.2)"," -O3 -DNDEBUG",8,100000,pito,owned_update,ecs_get,8,500,8,74.750000
aalair,"Apple M3",8,"Darwin 27.0.0 arm64","Apple LLVM 21.0.0 (clang-2100.3.34.2)"," -O3 -DNDEBUG",8,100000,pito,owned_update,ecs_get,8,500,9,76.167000
aalair,"Apple M3",8,"Darwin 27.0.0 arm64","Apple LLVM 21.0.0 (clang-2100.3.34.2)"," -O3 -DNDEBUG",8,100000,pito,owned_update,ecs_get,8,500,10,70.052000
aalair,"Apple M3",8,"Darwin 27.0.0 arm64","Apple LLVM 21.0.0 (clang-2100.3.34.2)"," -O3 -DNDEBUG",8,100000,pito,owned_update,ecs_get,8,500,11,73.488000
aalair,"Apple M3",8,"Darwin 27.0.0 arm64","Apple LLVM 21.0.0 (clang-2100.3.34.2)"," -O3 -DNDEBUG",8,100000,pito,owned_update,ecs_get_raw,1,0,1,0.342000
aalair,"Apple M3",8,"Darwin 27.0.0 arm64","Apple LLVM 21.0.0 (clang-2100.3.34.2)"," -O3 -DNDEBUG",8,100000,pito,owned_update,ecs_get_raw,1,0,2,0.346000
aalair,"Apple M3",8,"Darwin 27.0.0 arm64","Apple LLVM 21.0.0 (clang-2100.3.34.2)"," -O3 -DNDEBUG",8,100000,pito,owned_update,ecs_get_raw,1,0,3,0.341000
aalair,"Apple M3",8,"Darwin 27.0.0 arm64","Apple LLVM 21.0.0 (clang-2100.3.34.2)"," -O3 -DNDEBUG",8,100000,pito,owned_update,ecs_get_raw,1,0,4,0.347000
aalair,"Apple M3",8,"Darwin 27.0.0 arm64","Apple LLVM 21.0.0 (clang-2100.3.34.2)"," -O3 -DNDEBUG",8,100000,pito,owned_update,ecs_get_raw,1,0,5,0.388000
aalair,"Apple M3",8,"Darwin 27.0.0 arm64","Apple LLVM 21.0.0 (clang-2100.3.34.2)"," -O3 -DNDEBUG",8,100000,pito,owned_update,ecs_get_raw,1,0,6,0.349000
aalair,"Apple M3",8,"Darwin 27.0.0 arm64","Apple LLVM 21.0.0 (clang-2100.3.34.2)"," -O3 -DNDEBUG",8,100000,pito,owned_update,ecs_get_raw,1,0,7,0.361000
aalair,"Apple M3",8,"Darwin 27.0.0 arm64","Apple LLVM 21.0.0 (clang-2100.3.34.2)"," -O3 -DNDEBUG",8,100000,pito,owned_update,ecs_get_raw,1,0,8,0.359000
aalair,"Apple M3",8,"Darwin 27.0.0 arm64","Apple LLVM 21.0.0 (clang-2100.3.34.2)"," -O3 -DNDEBUG",8,100000,pito,owned_update,ecs_get_raw,1,0,9,0.343000
aalair,"Apple M3",8,"Darwin 27.0.0 arm64","Apple LLVM 21.0.0 (clang-2100.3.34.2)"," -O3 -DNDEBUG",8,100000,pito,owned_update,ecs_get_raw,1,0,10,0.346000
aalair,"Apple M3",8,"Darwin 27.0.0 arm64","Apple LLVM 21.0.0 (clang-2100.3.34.2)"," -O3 -DNDEBUG",8,100000,pito,owned_update,ecs_get_raw,1,0,11,0.343000
aalair,"Apple M3",8,"Darwin 27.0.0 arm64","Apple LLVM 21.0.0 (clang-2100.3.34.2)"," -O3 -DNDEBUG",8,100000,pito,owned_update,ecs_get_raw,1,10,1,2.971000
aalair,"Apple M3",8,"Darwin 27.0.0 arm64","Apple LLVM 21.0.0 (clang-2100.3.34.2)"," -O3 -DNDEBUG",8,100000,pito,owned_update,ecs_get_raw,1,10,2,2.971000
aalair,"Apple M3",8,"Darwin 27.0.0 arm64","Apple LLVM 21.0.0 (clang-2100.3.34.2)"," -O3 -DNDEBUG",8,100000,pito,owned_update,ecs_get_raw,1,10,3,2.973000
aalair,"Apple M3",8,"Darwin 27.0.0 arm64","Apple LLVM 21.0.0 (clang-2100.3.34.2)"," -O3 -DNDEBUG",8,100000,pito,owned_update,ecs_get_raw,1,10,4,2.973000
aalair,"Apple M3",8,"Darwin 27.0.0 arm64","Apple LLVM 21.0.0 (clang-2100.3.34.2)"," -O3 -DNDEBUG",8,100000,pito,owned_update,ecs_get_raw,1,10,5,2.979000
aalair,"Apple M3",8,"Darwin 27.0.0 arm64","Apple LLVM 21.0.0 (clang-2100.3.34.2)"," -O3 -DNDEBUG",8,100000,pito,owned_update,ecs_get_raw,1,10,6,2.972000
aalair,"Apple M3",8,"Darwin 27.0.0 arm64","Apple LLVM 21.0.0 (clang-2100.3.34.2)"," -O3 -DNDEBUG",8,100000,pito,owned_update,ecs_get_raw,1,10,7,2.982000
aalair,"Apple M3",8,"Darwin 27.0.0 arm64","Apple LLVM 21.0.0 (clang-2100.3.34.2)"," -O3 -DNDEBUG",8,100000,pito,owned_update,ecs_get_raw,1,10,8,2.977000
aalair,"Apple M3",8,"Darwin 27.0.0 arm64","Apple LLVM 21.0.0 (clang-2100.3.34.2)"," -O3 -DNDEBUG",8,100000,pito,owned_update,ecs_get_raw,1,10,9,2.971000
aalair,"Apple M3",8,"Darwin 27.0.0 arm64","Apple LLVM 21.0.0 (clang-2100.3.34.2)"," -O3 -DNDEBUG",8,100000,pito,owned_update,ecs_get_raw,1,10,10,2.972000
aalair,"Apple M3",8,"Darwin 27.0.0 arm64","Apple LLVM 21.0.0 (clang-2100.3.34.2)"," -O3 -DNDEBUG",8,100000,pito,owned_update,ecs_get_raw,1,500,1,339.797000
aalair,"Apple M3",8,"Darwin 27.0.0 arm64","Apple LLVM 21.0.0 (clang-2100.3.34.2)"," -O3 -DNDEBUG",8,100000,pito,owned_update,ecs_get_raw,1,500,2,339.225000
aalair,"Apple M3",8,"Darwin 27.0.0 arm64","Apple LLVM 21.0.0 (clang-2100.3.34.2)"," -O3 -DNDEBUG",8,100000,pito,owned_update,ecs_get_raw,1,500,3,339.120000
aalair,"Apple M3",8,"Darwin 27.0.0 arm64","Apple LLVM 21.0.0 (clang-2100.3.34.2)"," -O3 -DNDEBUG",8,100000,pito,owned_update,ecs_get_raw,1,500,4,339.022000
aalair,"Apple M3",8,"Darwin 27.0.0 arm64","Apple LLVM 21.0.0 (clang-2100.3.34.2)"," -O3 -DNDEBUG",8,100000,pito,owned_update,ecs_get_raw,1,500,5,341.543000
aalair,"Apple M3",8,"Darwin 27.0.0 arm64","Apple LLVM 21.0.0 (clang-2100.3.34.2)"," -O3 -DNDEBUG",8,100000,pito,owned_update,ecs_get_raw,1,500,6,339.392000
aalair,"Apple M3",8,"Darwin 27.0.0 arm64","Apple LLVM 21.0.0 (clang-2100.3.34.2)"," -O3 -DNDEBUG",8,100000,pito,owned_update,ecs_get_raw,1,500,7,339.364000
aalair,"Apple M3",8,"Darwin 27.0.0 arm64","Apple LLVM 21.0.0 (clang-2100.3.34.2)"," -O3 -DNDEBUG",8,100000,pito,owned_update,ecs_get_raw,1,500,8,339.108000
aalair,"Apple M3",8,"Darwin 27.0.0 arm64","Apple LLVM 21.0.0 (clang-2100.3.34.2)"," -O3 -DNDEBUG",8,100000,pito,owned_update,ecs_get_raw,1,500,9,339.170000
aalair,"Apple M3",8,"Darwin 27.0.0 arm64","Apple LLVM 21.0.0 (clang-2100.3.34.2)"," -O3 -DNDEBUG",8,100000,pito,owned_update,ecs_get_raw,1,500,10,339.410000
aalair,"Apple M3",8,"Darwin 27.0.0 arm64","Apple LLVM 21.0.0 (clang-2100.3.34.2)"," -O3 -DNDEBUG",8,100000,pito,owned_update,ecs_get_raw,2,0,1,0.186000
aalair,"Apple M3",8,"Darwin 27.0.0 arm64","Apple LLVM 21.0.0 (clang-2100.3.34.2)"," -O3 -DNDEBUG",8,100000,pito,owned_update,ecs_get_raw,2,0,2,0.189000
aalair,"Apple M3",8,"Darwin 27.0.0 arm64","Apple LLVM 21.0.0 (clang-2100.3.34.2)"," -O3 -DNDEBUG",8,100000,pito,owned_update,ecs_get_raw,2,0,3,0.187000
aalair,"Apple M3",8,"Darwin 27.0.0 arm64","Apple LLVM 21.0.0 (clang-2100.3.34.2)"," -O3 -DNDEBUG",8,100000,pito,owned_update,ecs_get_raw,2,0,4,0.222000
aalair,"Apple M3",8,"Darwin 27.0.0 arm64","Apple LLVM 21.0.0 (clang-2100.3.34.2)"," -O3 -DNDEBUG",8,100000,pito,owned_update,ecs_get_raw,2,0,5,0.185000
aalair,"Apple M3",8,"Darwin 27.0.0 arm64","Apple LLVM 21.0.0 (clang-2100.3.34.2)"," -O3 -DNDEBUG",8,100000,pito,owned_update,ecs_get_raw,2,0,6,0.201000
aalair,"Apple M3",8,"Darwin 27.0.0 arm64","Apple LLVM 21.0.0 (clang-2100.3.34.2)"," -O3 -DNDEBUG",8,100000,pito,owned_update,ecs_get_raw,2,0,7,0.202000
aalair,"Apple M3",8,"Darwin 27.0.0 arm64","Apple LLVM 21.0.0 (clang-2100.3.34.2)"," -O3 -DNDEBUG",8,100000,pito,owned_update,ecs_get_raw,2,0,8,0.222000
aalair,"Apple M3",8,"Darwin 27.0.0 arm64","Apple LLVM 21.0.0 (clang-2100.3.34.2)"," -O3 -DNDEBUG",8,100000,pito,owned_update,ecs_get_raw,2,0,9,0.184000
aalair,"Apple M3",8,"Darwin 27.0.0 arm64","Apple LLVM 21.0.0 (clang-2100.3.34.2)"," -O3 -DNDEBUG",8,100000,pito,owned_update,ecs_get_raw,2,0,10,0.192000
aalair,"Apple M3",8,"Darwin 27.0.0 arm64","Apple LLVM 21.0.0 (clang-2100.3.34.2)"," -O3 -DNDEBUG",8,100000,pito,owned_update,ecs_get_raw,2,0,11,0.197000
aalair,"Apple M3",8,"Darwin 27.0.0 arm64","Apple LLVM 21.0.0 (clang-2100.3.34.2)"," -O3 -DNDEBUG",8,100000,pito,owned_update,ecs_get_raw,2,0,12,0.186000
aalair,"Apple M3",8,"Darwin 27.0.0 arm64","Apple LLVM 21.0.0 (clang-2100.3.34.2)"," -O3 -DNDEBUG",8,100000,pito,owned_update,ecs_get_raw,2,0,13,0.193000
aalair,"Apple M3",8,"Darwin 27.0.0 arm64","Apple LLVM 21.0.0 (clang-2100.3.34.2)"," -O3 -DNDEBUG",8,100000,pito,owned_update,ecs_get_raw,2,0,14,0.194000
aalair,"Apple M3",8,"Darwin 27.0.0 arm64","Apple LLVM 21.0.0 (clang-2100.3.34.2)"," -O3 -DNDEBUG",8,100000,pito,owned_update,ecs_get_raw,2,10,1,1.348000
aalair,"Apple M3",8,"Darwin 27.0.0 arm64","Apple LLVM 21.0.0 (clang-2100.3.34.2)"," -O3 -DNDEBUG",8,100000,pito,owned_update,ecs_get_raw,2,10,2,1.403000
aalair,"Apple M3",8,"Darwin 27.0.0 arm64","Apple LLVM 21.0.0 (clang-2100.3.34.2)"," -O3 -DNDEBUG",8,100000,pito,owned_update,ecs_get_raw,2,10,3,1.405000
aalair,"Apple M3",8,"Darwin 27.0.0 arm64","Apple LLVM 21.0.0 (clang-2100.3.34.2)"," -O3 -DNDEBUG",8,100000,pito,owned_update,ecs_get_raw,2,10,4,1.403000
aalair,"Apple M3",8,"Darwin 27.0.0 arm64","Apple LLVM 21.0.0 (clang-2100.3.34.2)"," -O3 -DNDEBUG",8,100000,pito,owned_update,ecs_get_raw,2,10,5,1.403000
aalair,"Apple M3",8,"Darwin 27.0.0 arm64","Apple LLVM 21.0.0 (clang-2100.3.34.2)"," -O3 -DNDEBUG",8,100000,pito,owned_update,ecs_get_raw,2,10,6,1.404000
aalair,"Apple M3",8,"Darwin 27.0.0 arm64","Apple LLVM 21.0.0 (clang-2100.3.34.2)"," -O3 -DNDEBUG",8,100000,pito,owned_update,ecs_get_raw,2,10,7,1.403000
aalair,"Apple M3",8,"Darwin 27.0.0 arm64","Apple LLVM 21.0.0 (clang-2100.3.34.2)"," -O3 -DNDEBUG",8,100000,pito,owned_update,ecs_get_raw,2,10,8,1.405000
aalair,"Apple M3",8,"Darwin 27.0.0 arm64","Apple LLVM 21.0.0 (clang-2100.3.34.2)"," -O3 -DNDEBUG",8,100000,pito,owned_update,ecs_get_raw,2,10,9,1.403000
aalair,"Apple M3",8,"Darwin 27.0.0 arm64","Apple LLVM 21.0.0 (clang-2100.3.34.2)"," -O3 -DNDEBUG",8,100000,pito,owned_update,ecs_get_raw,2,10,10,1.407000
aalair,"Apple M3",8,"Darwin 27.0.0 arm64","Apple LLVM 21.0.0 (clang-2100.3.34.2)"," -O3 -DNDEBUG",8,100000,pito,owned_update,ecs_get_raw,2,500,1,173.793000
aalair,"Apple M3",8,"Darwin 27.0.0 arm64","Apple LLVM 21.0.0 (clang-2100.3.34.2)"," -O3 -DNDEBUG",8,100000,pito,owned_update,ecs_get_raw,2,500,2,173.936000
aalair,"Apple M3",8,"Darwin 27.0.0 arm64","Apple LLVM 21.0.0 (clang-2100.3.34.2)"," -O3 -DNDEBUG",8,100000,pito,owned_update,ecs_get_raw,2,500,3,173.657000
aalair,"Apple M3",8,"Darwin 27.0.0 arm64","Apple LLVM 21.0.0 (clang-2100.3.34.2)"," -O3 -DNDEBUG",8,100000,pito,owned_update,ecs_get_raw,2,500,4,173.755000
aalair,"Apple M3",8,"Darwin 27.0.0 arm64","Apple LLVM 21.0.0 (clang-2100.3.34.2)"," -O3 -DNDEBUG",8,100000,pito,owned_update,ecs_get_raw,2,500,5,174.010000
aalair,"Apple M3",8,"Darwin 27.0.0 arm64","Apple LLVM 21.0.0 (clang-2100.3.34.2)"," -O3 -DNDEBUG",8,100000,pito,owned_update,ecs_get_raw,2,500,6,173.852000
aalair,"Apple M3",8,"Darwin 27.0.0 arm64","Apple LLVM 21.0.0 (clang-2100.3.34.2)"," -O3 -DNDEBUG",8,100000,pito,owned_update,ecs_get_raw,2,500,7,174.466000
aalair,"Apple M3",8,"Darwin 27.0.0 arm64","Apple LLVM 21.0.0 (clang-2100.3.34.2)"," -O3 -DNDEBUG",8,100000,pito,owned_update,ecs_get_raw,2,500,8,173.949000
aalair,"Apple M3",8,"Darwin 27.0.0 arm64","Apple LLVM 21.0.0 (clang-2100.3.34.2)"," -O3 -DNDEBUG",8,100000,pito,owned_update,ecs_get_raw,2,500,9,173.994000
aalair,"Apple M3",8,"Darwin 27.0.0 arm64","Apple LLVM 21.0.0 (clang-2100.3.34.2)"," -O3 -DNDEBUG",8,100000,pito,owned_update,ecs_get_raw,2,500,10,173.959000
aalair,"Apple M3",8,"Darwin 27.0.0 arm64","Apple LLVM 21.0.0 (clang-2100.3.34.2)"," -O3 -DNDEBUG",8,100000,pito,owned_update,ecs_get_raw,4,0,1,0.126000
aalair,"Apple M3",8,"Darwin 27.0.0 arm64","Apple LLVM 21.0.0 (clang-2100.3.34.2)"," -O3 -DNDEBUG",8,100000,pito,owned_update,ecs_get_raw,4,0,2,0.144000
aalair,"Apple M3",8,"Darwin 27.0.0 arm64","Apple LLVM 21.0.0 (clang-2100.3.34.2)"," -O3 -DNDEBUG",8,100000,pito,owned_update,ecs_get_raw,4,0,3,0.118000
aalair,"Apple M3",8,"Darwin 27.0.0 arm64","Apple LLVM 21.0.0 (clang-2100.3.34.2)"," -O3 -DNDEBUG",8,100000,pito,owned_update,ecs_get_raw,4,0,4,0.125000
aalair,"Apple M3",8,"Darwin 27.0.0 arm64","Apple LLVM 21.0.0 (clang-2100.3.34.2)"," -O3 -DNDEBUG",8,100000,pito,owned_update,ecs_get_raw,4,0,5,0.124000
aalair,"Apple M3",8,"Darwin 27.0.0 arm64","Apple LLVM 21.0.0 (clang-2100.3.34.2)"," -O3 -DNDEBUG",8,100000,pito,owned_update,ecs_get_raw,4,0,6,0.122000
aalair,"Apple M3",8,"Darwin 27.0.0 arm64","Apple LLVM 21.0.0 (clang-2100.3.34.2)"," -O3 -DNDEBUG",8,100000,pito,owned_update,ecs_get_raw,4,0,7,0.148000
aalair,"Apple M3",8,"Darwin 27.0.0 arm64","Apple LLVM 21.0.0 (clang-2100.3.34.2)"," -O3 -DNDEBUG",8,100000,pito,owned_update,ecs_get_raw,4,0,8,0.125000
aalair,"Apple M3",8,"Darwin 27.0.0 arm64","Apple LLVM 21.0.0 (clang-2100.3.34.2)"," -O3 -DNDEBUG",8,100000,pito,owned_update,ecs_get_raw,4,0,9,0.120000
aalair,"Apple M3",8,"Darwin 27.0.0 arm64","Apple LLVM 21.0.0 (clang-2100.3.34.2)"," -O3 -DNDEBUG",8,100000,pito,owned_update,ecs_get_raw,4,0,10,0.127000
aalair,"Apple M3",8,"Darwin 27.0.0 arm64","Apple LLVM 21.0.0 (clang-2100.3.34.2)"," -O3 -DNDEBUG",8,100000,pito,owned_update,ecs_get_raw,4,0,11,0.121000
aalair,"Apple M3",8,"Darwin 27.0.0 arm64","Apple LLVM 21.0.0 (clang-2100.3.34.2)"," -O3 -DNDEBUG",8,100000,pito,owned_update,ecs_get_raw,4,0,12,0.122000
aalair,"Apple M3",8,"Darwin 27.0.0 arm64","Apple LLVM 21.0.0 (clang-2100.3.34.2)"," -O3 -DNDEBUG",8,100000,pito,owned_update,ecs_get_raw,4,0,13,0.128000
aalair,"Apple M3",8,"Darwin 27.0.0 arm64","Apple LLVM 21.0.0 (clang-2100.3.34.2)"," -O3 -DNDEBUG",8,100000,pito,owned_update,ecs_get_raw,4,0,14,0.128000
aalair,"Apple M3",8,"Darwin 27.0.0 arm64","Apple LLVM 21.0.0 (clang-2100.3.34.2)"," -O3 -DNDEBUG",8,100000,pito,owned_update,ecs_get_raw,4,10,1,0.929000
aalair,"Apple M3",8,"Darwin 27.0.0 arm64","Apple LLVM 21.0.0 (clang-2100.3.34.2)"," -O3 -DNDEBUG",8,100000,pito,owned_update,ecs_get_raw,4,10,2,0.721000
aalair,"Apple M3",8,"Darwin 27.0.0 arm64","Apple LLVM 21.0.0 (clang-2100.3.34.2)"," -O3 -DNDEBUG",8,100000,pito,owned_update,ecs_get_raw,4,10,3,0.724000
aalair,"Apple M3",8,"Darwin 27.0.0 arm64","Apple LLVM 21.0.0 (clang-2100.3.34.2)"," -O3 -DNDEBUG",8,100000,pito,owned_update,ecs_get_raw,4,10,4,0.720000
aalair,"Apple M3",8,"Darwin 27.0.0 arm64","Apple LLVM 21.0.0 (clang-2100.3.34.2)"," -O3 -DNDEBUG",8,100000,pito,owned_update,ecs_get_raw,4,10,5,0.722000
aalair,"Apple M3",8,"Darwin 27.0.0 arm64","Apple LLVM 21.0.0 (clang-2100.3.34.2)"," -O3 -DNDEBUG",8,100000,pito,owned_update,ecs_get_raw,4,10,6,0.730000
aalair,"Apple M3",8,"Darwin 27.0.0 arm64","Apple LLVM 21.0.0 (clang-2100.3.34.2)"," -O3 -DNDEBUG",8,100000,pito,owned_update,ecs_get_raw,4,10,7,0.725000
aalair,"Apple M3",8,"Darwin 27.0.0 arm64","Apple LLVM 21.0.0 (clang-2100.3.34.2)"," -O3 -DNDEBUG",8,100000,pito,owned_update,ecs_get_raw,4,10,8,0.720000
aalair,"Apple M3",8,"Darwin 27.0.0 arm64","Apple LLVM 21.0.0 (clang-2100.3.34.2)"," -O3 -DNDEBUG",8,100000,pito,owned_update,ecs_get_raw,4,10,9,0.734000
aalair,"Apple M3",8,"Darwin 27.0.0 arm64","Apple LLVM 21.0.0 (clang-2100.3.34.2)"," -O3 -DNDEBUG",8,100000,pito,owned_update,ecs_get_raw,4,10,10,0.721000
aalair,"Apple M3",8,"Darwin 27.0.0 arm64","Apple LLVM 21.0.0 (clang-2100.3.34.2)"," -O3 -DNDEBUG",8,100000,pito,owned_update,ecs_get_raw,4,10,11,0.723000
aalair,"Apple M3",8,"Darwin 27.0.0 arm64","Apple LLVM 21.0.0 (clang-2100.3.34.2)"," -O3 -DNDEBUG",8,100000,pito,owned_update,ecs_get_raw,4,500,1,94.436000
aalair,"Apple M3",8,"Darwin 27.0.0 arm64","Apple LLVM 21.0.0 (clang-2100.3.34.2)"," -O3 -DNDEBUG",8,100000,pito,owned_update,ecs_get_raw,4,500,2,94.439000
aalair,"Apple M3",8,"Darwin 27.0.0 arm64","Apple LLVM 21.0.0 (clang-2100.3.34.2)"," -O3 -DNDEBUG",8,100000,pito,owned_update,ecs_get_raw,4,500,3,94.730000
aalair,"Apple M3",8,"Darwin 27.0.0 arm64","Apple LLVM 21.0.0 (clang-2100.3.34.2)"," -O3 -DNDEBUG",8,100000,pito,owned_update,ecs_get_raw,4,500,4,94.751000
aalair,"Apple M3",8,"Darwin 27.0.0 arm64","Apple LLVM 21.0.0 (clang-2100.3.34.2)"," -O3 -DNDEBUG",8,100000,pito,owned_update,ecs_get_raw,4,500,5,94.357000
aalair,"Apple M3",8,"Darwin 27.0.0 arm64","Apple LLVM 21.0.0 (clang-2100.3.34.2)"," -O3 -DNDEBUG",8,100000,pito,owned_update,ecs_get_raw,4,500,6,94.370000
aalair,"Apple M3",8,"Darwin 27.0.0 arm64","Apple LLVM 21.0.0 (clang-2100.3.34.2)"," -O3 -DNDEBUG",8,100000,pito,owned_update,ecs_get_raw,4,500,7,94.562000
aalair,"Apple M3",8,"Darwin 27.0.0 arm64","Apple LLVM 21.0.0 (clang-2100.3.34.2)"," -O3 -DNDEBUG",8,100000,pito,owned_update,ecs_get_raw,4,500,8,94.413000
aalair,"Apple M3",8,"Darwin 27.0.0 arm64","Apple LLVM 21.0.0 (clang-2100.3.34.2)"," -O3 -DNDEBUG",8,100000,pito,owned_update,ecs_get_raw,4,500,9,94.379000
aalair,"Apple M3",8,"Darwin 27.0.0 arm64","Apple LLVM 21.0.0 (clang-2100.3.34.2)"," -O3 -DNDEBUG",8,100000,pito,owned_update,ecs_get_raw,4,500,10,94.390000
aalair,"Apple M3",8,"Darwin 27.0.0 arm64","Apple LLVM 21.0.0 (clang-2100.3.34.2)"," -O3 -DNDEBUG",8,100000,pito,owned_update,ecs_get_raw,8,0,1,0.163000
aalair,"Apple M3",8,"Darwin 27.0.0 arm64","Apple LLVM 21.0.0 (clang-2100.3.34.2)"," -O3 -DNDEBUG",8,100000,pito,owned_update,ecs_get_raw,8,0,2,0.150000
aalair,"Apple M3",8,"Darwin 27.0.0 arm64","Apple LLVM 21.0.0 (clang-2100.3.34.2)"," -O3 -DNDEBUG",8,100000,pito,owned_update,ecs_get_raw,8,0,3,0.154000
aalair,"Apple M3",8,"Darwin 27.0.0 arm64","Apple LLVM 21.0.0 (clang-2100.3.34.2)"," -O3 -DNDEBUG",8,100000,pito,owned_update,ecs_get_raw,8,0,4,0.146000
aalair,"Apple M3",8,"Darwin 27.0.0 arm64","Apple LLVM 21.0.0 (clang-2100.3.34.2)"," -O3 -DNDEBUG",8,100000,pito,owned_update,ecs_get_raw,8,0,5,0.148000
aalair,"Apple M3",8,"Darwin 27.0.0 arm64","Apple LLVM 21.0.0 (clang-2100.3.34.2)"," -O3 -DNDEBUG",8,100000,pito,owned_update,ecs_get_raw,8,0,6,0.138000
aalair,"Apple M3",8,"Darwin 27.0.0 arm64","Apple LLVM 21.0.0 (clang-2100.3.34.2)"," -O3 -DNDEBUG",8,100000,pito,owned_update,ecs_get_raw,8,0,7,0.156000
aalair,"Apple M3",8,"Darwin 27.0.0 arm64","Apple LLVM 21.0.0 (clang-2100.3.34.2)"," -O3 -DNDEBUG",8,100000,pito,owned_update,ecs_get_raw,8,0,8,0.147000
aalair,"Apple M3",8,"Darwin 27.0.0 arm64","Apple LLVM 21.0.0 (clang-2100.3.34.2)"," -O3 -DNDEBUG",8,100000,pito,owned_update,ecs_get_raw,8,0,9,0.164000
aalair,"Apple M3",8,"Darwin 27.0.0 arm64","Apple LLVM 21.0.0 (clang-2100.3.34.2)"," -O3 -DNDEBUG",8,100000,pito,owned_update,ecs_get_raw,8,0,10,0.141000
aalair,"Apple M3",8,"Darwin 27.0.0 arm64","Apple LLVM 21.0.0 (clang-2100.3.34.2)"," -O3 -DNDEBUG",8,100000,pito,owned_update,ecs_get_raw,8,0,11,0.150000
aalair,"Apple M3",8,"Darwin 27.0.0 arm64","Apple LLVM 21.0.0 (clang-2100.3.34.2)"," -O3 -DNDEBUG",8,100000,pito,owned_update,ecs_get_raw,8,0,12,0.143000
aalair,"Apple M3",8,"Darwin 27.0.0 arm64","Apple LLVM 21.0.0 (clang-2100.3.34.2)"," -O3 -DNDEBUG",8,100000,pito,owned_update,ecs_get_raw,8,0,13,0.149000
aalair,"Apple M3",8,"Darwin 27.0.0 arm64","Apple LLVM 21.0.0 (clang-2100.3.34.2)"," -O3 -DNDEBUG",8,100000,pito,owned_update,ecs_get_raw,8,0,14,0.153000
aalair,"Apple M3",8,"Darwin 27.0.0 arm64","Apple LLVM 21.0.0 (clang-2100.3.34.2)"," -O3 -DNDEBUG",8,100000,pito,owned_update,ecs_get_raw,8,10,1,0.546000
aalair,"Apple M3",8,"Darwin 27.0.0 arm64","Apple LLVM 21.0.0 (clang-2100.3.34.2)"," -O3 -DNDEBUG",8,100000,pito,owned_update,ecs_get_raw,8,10,2,0.585000
aalair,"Apple M3",8,"Darwin 27.0.0 arm64","Apple LLVM 21.0.0 (clang-2100.3.34.2)"," -O3 -DNDEBUG",8,100000,pito,owned_update,ecs_get_raw,8,10,3,0.553000
aalair,"Apple M3",8,"Darwin 27.0.0 arm64","Apple LLVM 21.0.0 (clang-2100.3.34.2)"," -O3 -DNDEBUG",8,100000,pito,owned_update,ecs_get_raw,8,10,4,0.635000
aalair,"Apple M3",8,"Darwin 27.0.0 arm64","Apple LLVM 21.0.0 (clang-2100.3.34.2)"," -O3 -DNDEBUG",8,100000,pito,owned_update,ecs_get_raw,8,10,5,0.695000
aalair,"Apple M3",8,"Darwin 27.0.0 arm64","Apple LLVM 21.0.0 (clang-2100.3.34.2)"," -O3 -DNDEBUG",8,100000,pito,owned_update,ecs_get_raw,8,10,6,0.701000
aalair,"Apple M3",8,"Darwin 27.0.0 arm64","Apple LLVM 21.0.0 (clang-2100.3.34.2)"," -O3 -DNDEBUG",8,100000,pito,owned_update,ecs_get_raw,8,10,7,0.558000
aalair,"Apple M3",8,"Darwin 27.0.0 arm64","Apple LLVM 21.0.0 (clang-2100.3.34.2)"," -O3 -DNDEBUG",8,100000,pito,owned_update,ecs_get_raw,8,10,8,0.552000
aalair,"Apple M3",8,"Darwin 27.0.0 arm64","Apple LLVM 21.0.0 (clang-2100.3.34.2)"," -O3 -DNDEBUG",8,100000,pito,owned_update,ecs_get_raw,8,10,9,0.615000
aalair,"Apple M3",8,"Darwin 27.0.0 arm64","Apple LLVM 21.0.0 (clang-2100.3.34.2)"," -O3 -DNDEBUG",8,100000,pito,owned_update,ecs_get_raw,8,10,10,0.537000
aalair,"Apple M3",8,"Darwin 27.0.0 arm64","Apple LLVM 21.0.0 (clang-2100.3.34.2)"," -O3 -DNDEBUG",8,100000,pito,owned_update,ecs_get_raw,8,10,11,0.550000
aalair,"Apple M3",8,"Darwin 27.0.0 arm64","Apple LLVM 21.0.0 (clang-2100.3.34.2)"," -O3 -DNDEBUG",8,100000,pito,owned_update,ecs_get_raw,8,10,12,0.560000
aalair,"Apple M3",8,"Darwin 27.0.0 arm64","Apple LLVM 21.0.0 (clang-2100.3.34.2)"," -O3 -DNDEBUG",8,100000,pito,owned_update,ecs_get_raw,8,10,13,0.563000
aalair,"Apple M3",8,"Darwin 27.0.0 arm64","Apple LLVM 21.0.0 (clang-2100.3.34.2)"," -O3 -DNDEBUG",8,100000,pito,owned_update,ecs_get_raw,8,10,14,0.548000
aalair,"Apple M3",8,"Darwin 27.0.0 arm64","Apple LLVM 21.0.0 (clang-2100.3.34.2)"," -O3 -DNDEBUG",8,100000,pito,owned_update,ecs_get_raw,8,10,15,0.556000
aalair,"Apple M3",8,"Darwin 27.0.0 arm64","Apple LLVM 21.0.0 (clang-2100.3.34.2)"," -O3 -DNDEBUG",8,100000,pito,owned_update,ecs_get_raw,8,10,16,0.733000
aalair,"Apple M3",8,"Darwin 27.0.0 arm64","Apple LLVM 21.0.0 (clang-2100.3.34.2)"," -O3 -DNDEBUG",8,100000,pito,owned_update,ecs_get_raw,8,10,17,0.561000
aalair,"Apple M3",8,"Darwin 27.0.0 arm64","Apple LLVM 21.0.0 (clang-2100.3.34.2)"," -O3 -DNDEBUG",8,100000,pito,owned_update,ecs_get_raw,8,10,18,0.555000
aalair,"Apple M3",8,"Darwin 27.0.0 arm64","Apple LLVM 21.0.0 (clang-2100.3.34.2)"," -O3 -DNDEBUG",8,100000,pito,owned_update,ecs_get_raw,8,10,19,0.560000
aalair,"Apple M3",8,"Darwin 27.0.0 arm64","Apple LLVM 21.0.0 (clang-2100.3.34.2)"," -O3 -DNDEBUG",8,100000,pito,owned_update,ecs_get_raw,8,10,20,0.564000
aalair,"Apple M3",8,"Darwin 27.0.0 arm64","Apple LLVM 21.0.0 (clang-2100.3.34.2)"," -O3 -DNDEBUG",8,100000,pito,owned_update,ecs_get_raw,8,10,21,0.565000
aalair,"Apple M3",8,"Darwin 27.0.0 arm64","Apple LLVM 21.0.0 (clang-2100.3.34.2)"," -O3 -DNDEBUG",8,100000,pito,owned_update,ecs_get_raw,8,500,1,61.489000
aalair,"Apple M3",8,"Darwin 27.0.0 arm64","Apple LLVM 21.0.0 (clang-2100.3.34.2)"," -O3 -DNDEBUG",8,100000,pito,owned_update,ecs_get_raw,8,500,2,59.406000
aalair,"Apple M3",8,"Darwin 27.0.0 arm64","Apple LLVM 21.0.0 (clang-2100.3.34.2)"," -O3 -DNDEBUG",8,100000,pito,owned_update,ecs_get_raw,8,500,3,64.916000
aalair,"Apple M3",8,"Darwin 27.0.0 arm64","Apple LLVM 21.0.0 (clang-2100.3.34.2)"," -O3 -DNDEBUG",8,100000,pito,owned_update,ecs_get_raw,8,500,4,60.824000
aalair,"Apple M3",8,"Darwin 27.0.0 arm64","Apple LLVM 21.0.0 (clang-2100.3.34.2)"," -O3 -DNDEBUG",8,100000,pito,owned_update,ecs_get_raw,8,500,5,61.254000
aalair,"Apple M3",8,"Darwin 27.0.0 arm64","Apple LLVM 21.0.0 (clang-2100.3.34.2)"," -O3 -DNDEBUG",8,100000,pito,owned_update,ecs_get_raw,8,500,6,58.388000
aalair,"Apple M3",8,"Darwin 27.0.0 arm64","Apple LLVM 21.0.0 (clang-2100.3.34.2)"," -O3 -DNDEBUG",8,100000,pito,owned_update,ecs_get_raw,8,500,7,59.116000
aalair,"Apple M3",8,"Darwin 27.0.0 arm64","Apple LLVM 21.0.0 (clang-2100.3.34.2)"," -O3 -DNDEBUG",8,100000,pito,owned_update,ecs_get_raw,8,500,8,61.613000
aalair,"Apple M3",8,"Darwin 27.0.0 arm64","Apple LLVM 21.0.0 (clang-2100.3.34.2)"," -O3 -DNDEBUG",8,100000,pito,owned_update,ecs_get_raw,8,500,9,58.801000
aalair,"Apple M3",8,"Darwin 27.0.0 arm64","Apple LLVM 21.0.0 (clang-2100.3.34.2)"," -O3 -DNDEBUG",8,100000,pito,owned_update,ecs_get_raw,8,500,10,62.151000
aalair,"Apple M3",8,"Darwin 27.0.0 arm64","Apple LLVM 21.0.0 (clang-2100.3.34.2)"," -O3 -DNDEBUG",8,100000,pito,owned_update,ecs_get_raw,8,500,11,59.783000
aalair,"Apple M3",8,"Darwin 27.0.0 arm64","Apple LLVM 21.0.0 (clang-2100.3.34.2)"," -O3 -DNDEBUG -DPITO_ECS_OWNED_DELETE_ATOMIC=1",8,100000,pito,owned_update,ecs_get,1,0,1,6.603000
aalair,"Apple M3",8,"Darwin 27.0.0 arm64","Apple LLVM 21.0.0 (clang-2100.3.34.2)"," -O3 -DNDEBUG -DPITO_ECS_OWNED_DELETE_ATOMIC=1",8,100000,pito,owned_update,ecs_get,1,0,2,6.675000
aalair,"Apple M3",8,"Darwin 27.0.0 arm64","Apple LLVM 21.0.0 (clang-2100.3.34.2)"," -O3 -DNDEBUG -DPITO_ECS_OWNED_DELETE_ATOMIC=1",8,100000,pito,owned_update,ecs_get,1,0,3,6.608000
aalair,"Apple M3",8,"Darwin 27.0.0 arm64","Apple LLVM 21.0.0 (clang-2100.3.34.2)"," -O3 -DNDEBUG -DPITO_ECS_OWNED_DELETE_ATOMIC=1",8,100000,pito,owned_update,ecs_get,1,0,4,6.623000
aalair,"Apple M3",8,"Darwin 27.0.0 arm64","Apple LLVM 21.0.0 (clang-2100.3.34.2)"," -O3 -DNDEBUG -DPITO_ECS_OWNED_DELETE_ATOMIC=1",8,100000,pito,owned_update,ecs_get,1,0,5,6.601000
aalair,"Apple M3",8,"Darwin 27.0.0 arm64","Apple LLVM 21.0.0 (clang-2100.3.34.2)"," -O3 -DNDEBUG -DPITO_ECS_OWNED_DELETE_ATOMIC=1",8,100000,pito,owned_update,ecs_get,1,0,6,6.607000
aalair,"Apple M3",8,"Darwin 27.0.0 arm64","Apple LLVM 21.0.0 (clang-2100.3.34.2)"," -O3 -DNDEBUG -DPITO_ECS_OWNED_DELETE_ATOMIC=1",8,100000,pito,owned_update,ecs_get,1,0,7,6.585000
aalair,"Apple M3",8,"Darwin 27.0.0 arm64","Apple LLVM 21.0.0 (clang-2100.3.34.2)"," -O3 -DNDEBUG -DPITO_ECS_OWNED_DELETE_ATOMIC=1",8,100000,pito,owned_update,ecs_get,1,0,8,6.592000
aalair,"Apple M3",8,"Darwin 27.0.0 arm64","Apple LLVM 21.0.0 (clang-2100.3.34.2)"," -O3 -DNDEBUG -DPITO_ECS_OWNED_DELETE_ATOMIC=1",8,100000,pito,owned_update,ecs_get,1,0,9,6.694000
aalair,"Apple M3",8,"Darwin 27.0.0 arm64","Apple LLVM 21.0.0 (clang-2100.3.34.2)"," -O3 -DNDEBUG -DPITO_ECS_OWNED_DELETE_ATOMIC=1",8,100000,pito,owned_update,ecs_get,1,0,10,6.623000
aalair,"Apple M3",8,"Darwin 27.0.0 arm64","Apple LLVM 21.0.0 (clang-2100.3.34.2)"," -O3 -DNDEBUG -DPITO_ECS_OWNED_DELETE_ATOMIC=1",8,100000,pito,owned_update,ecs_get,1,10,1,8.921000
aalair,"Apple M3",8,"Darwin 27.0.0 arm64","Apple LLVM 21.0.0 (clang-2100.3.34.2)"," -O3 -DNDEBUG -DPITO_ECS_OWNED_DELETE_ATOMIC=1",8,100000,pito,owned_update,ecs_get,1,10,2,8.695000
aalair,"Apple M3",8,"Darwin 27.0.0 arm64","Apple LLVM 21.0.0 (clang-2100.3.34.2)"," -O3 -DNDEBUG -DPITO_ECS_OWNED_DELETE_ATOMIC=1",8,100000,pito,owned_update,ecs_get,1,10,3,8.695000
aalair,"Apple M3",8,"Darwin 27.0.0 arm64","Apple LLVM 21.0.0 (clang-2100.3.34.2)"," -O3 -DNDEBUG -DPITO_ECS_OWNED_DELETE_ATOMIC=1",8,100000,pito,owned_update,ecs_get,1,10,4,8.697000
aalair,"Apple M3",8,"Darwin 27.0.0 arm64","Apple LLVM 21.0.0 (clang-2100.3.34.2)"," -O3 -DNDEBUG -DPITO_ECS_OWNED_DELETE_ATOMIC=1",8,100000,pito,owned_update,ecs_get,1,10,5,8.900000
aalair,"Apple M3",8,"Darwin 27.0.0 arm64","Apple LLVM 21.0.0 (clang-2100.3.34.2)"," -O3 -DNDEBUG -DPITO_ECS_OWNED_DELETE_ATOMIC=1",8,100000,pito,owned_update,ecs_get,1,10,6,8.934000
aalair,"Apple M3",8,"Darwin 27.0.0 arm64","Apple LLVM 21.0.0 (clang-2100.3.34.2)"," -O3 -DNDEBUG -DPITO_ECS_OWNED_DELETE_ATOMIC=1",8,100000,pito,owned_update,ecs_get,1,10,7,8.687000
aalair,"Apple M3",8,"Darwin 27.0.0 arm64","Apple LLVM 21.0.0 (clang-2100.3.34.2)"," -O3 -DNDEBUG -DPITO_ECS_OWNED_DELETE_ATOMIC=1",8,100000,pito,owned_update,ecs_get,1,10,8,9.068000
aalair,"Apple M3",8,"Darwin 27.0.0 arm64","Apple LLVM 21.0.0 (clang-2100.3.34.2)"," -O3 -DNDEBUG -DPITO_ECS_OWNED_DELETE_ATOMIC=1",8,100000,pito,owned_update,ecs_get,1,10,9,8.725000
aalair,"Apple M3",8,"Darwin 27.0.0 arm64","Apple LLVM 21.0.0 (clang-2100.3.34.2)"," -O3 -DNDEBUG -DPITO_ECS_OWNED_DELETE_ATOMIC=1",8,100000,pito,owned_update,ecs_get,1,10,10,8.698000
aalair,"Apple M3",8,"Darwin 27.0.0 arm64","Apple LLVM 21.0.0 (clang-2100.3.34.2)"," -O3 -DNDEBUG -DPITO_ECS_OWNED_DELETE_ATOMIC=1",8,100000,pito,owned_update,ecs_get,1,500,1,356.537000
aalair,"Apple M3",8,"Darwin 27.0.0 arm64","Apple LLVM 21.0.0 (clang-2100.3.34.2)"," -O3 -DNDEBUG -DPITO_ECS_OWNED_DELETE_ATOMIC=1",8,100000,pito,owned_update,ecs_get,1,500,2,356.431000
aalair,"Apple M3",8,"Darwin 27.0.0 arm64","Apple LLVM 21.0.0 (clang-2100.3.34.2)"," -O3 -DNDEBUG -DPITO_ECS_OWNED_DELETE_ATOMIC=1",8,100000,pito,owned_update,ecs_get,1,500,3,356.632000
aalair,"Apple M3",8,"Darwin 27.0.0 arm64","Apple LLVM 21.0.0 (clang-2100.3.34.2)"," -O3 -DNDEBUG -DPITO_ECS_OWNED_DELETE_ATOMIC=1",8,100000,pito,owned_update,ecs_get,1,500,4,357.549000
aalair,"Apple M3",8,"Darwin 27.0.0 arm64","Apple LLVM 21.0.0 (clang-2100.3.34.2)"," -O3 -DNDEBUG -DPITO_ECS_OWNED_DELETE_ATOMIC=1",8,100000,pito,owned_update,ecs_get,1,500,5,356.584000
aalair,"Apple M3",8,"Darwin 27.0.0 arm64","Apple LLVM 21.0.0 (clang-2100.3.34.2)"," -O3 -DNDEBUG -DPITO_ECS_OWNED_DELETE_ATOMIC=1",8,100000,pito,owned_update,ecs_get,1,500,6,356.663000
aalair,"Apple M3",8,"Darwin 27.0.0 arm64","Apple LLVM 21.0.0 (clang-2100.3.34.2)"," -O3 -DNDEBUG -DPITO_ECS_OWNED_DELETE_ATOMIC=1",8,100000,pito,owned_update,ecs_get,1,500,7,356.892000
aalair,"Apple M3",8,"Darwin 27.0.0 arm64","Apple LLVM 21.0.0 (clang-2100.3.34.2)"," -O3 -DNDEBUG -DPITO_ECS_OWNED_DELETE_ATOMIC=1",8,100000,pito,owned_update,ecs_get,1,500,8,356.424000
aalair,"Apple M3",8,"Darwin 27.0.0 arm64","Apple LLVM 21.0.0 (clang-2100.3.34.2)"," -O3 -DNDEBUG -DPITO_ECS_OWNED_DELETE_ATOMIC=1",8,100000,pito,owned_update,ecs_get,1,500,9,357.920000
aalair,"Apple M3",8,"Darwin 27.0.0 arm64","Apple LLVM 21.0.0 (clang-2100.3.34.2)"," -O3 -DNDEBUG -DPITO_ECS_OWNED_DELETE_ATOMIC=1",8,100000,pito,owned_update,ecs_get,1,500,10,356.764000
aalair,"Apple M3",8,"Darwin 27.0.0 arm64","Apple LLVM 21.0.0 (clang-2100.3.34.2)"," -O3 -DNDEBUG -DPITO_ECS_OWNED_DELETE_ATOMIC=1",8,100000,pito,owned_update,ecs_get,2,0,1,12.462000
aalair,"Apple M3",8,"Darwin 27.0.0 arm64","Apple LLVM 21.0.0 (clang-2100.3.34.2)"," -O3 -DNDEBUG -DPITO_ECS_OWNED_DELETE_ATOMIC=1",8,100000,pito,owned_update,ecs_get,2,0,2,12.864000
aalair,"Apple M3",8,"Darwin 27.0.0 arm64","Apple LLVM 21.0.0 (clang-2100.3.34.2)"," -O3 -DNDEBUG -DPITO_ECS_OWNED_DELETE_ATOMIC=1",8,100000,pito,owned_update,ecs_get,2,0,3,13.125000
aalair,"Apple M3",8,"Darwin 27.0.0 arm64","Apple LLVM 21.0.0 (clang-2100.3.34.2)"," -O3 -DNDEBUG -DPITO_ECS_OWNED_DELETE_ATOMIC=1",8,100000,pito,owned_update,ecs_get,2,0,4,14.823000
aalair,"Apple M3",8,"Darwin 27.0.0 arm64","Apple LLVM 21.0.0 (clang-2100.3.34.2)"," -O3 -DNDEBUG -DPITO_ECS_OWNED_DELETE_ATOMIC=1",8,100000,pito,owned_update,ecs_get,2,0,5,14.852000
aalair,"Apple M3",8,"Darwin 27.0.0 arm64","Apple LLVM 21.0.0 (clang-2100.3.34.2)"," -O3 -DNDEBUG -DPITO_ECS_OWNED_DELETE_ATOMIC=1",8,100000,pito,owned_update,ecs_get,2,0,6,14.740000
aalair,"Apple M3",8,"Darwin 27.0.0 arm64","Apple LLVM 21.0.0 (clang-2100.3.34.2)"," -O3 -DNDEBUG -DPITO_ECS_OWNED_DELETE_ATOMIC=1",8,100000,pito,owned_update,ecs_get,2,0,7,14.047000
aalair,"Apple M3",8,"Darwin 27.0.0 arm64","Apple LLVM 21.0.0 (clang-2100.3.34.2)"," -O3 -DNDEBUG -DPITO_ECS_OWNED_DELETE_ATOMIC=1",8,100000,pito,owned_update,ecs_get,2,0,8,14.721000
aalair,"Apple M3",8,"Darwin 27.0.0 arm64","Apple LLVM 21.0.0 (clang-2100.3.34.2)"," -O3 -DNDEBUG -DPITO_ECS_OWNED_DELETE_ATOMIC=1",8,100000,pito,owned_update,ecs_get,2,0,9,13.026000
aalair,"Apple M3",8,"Darwin 27.0.0 arm64","Apple LLVM 21.0.0 (clang-2100.3.34.2)"," -O3 -DNDEBUG -DPITO_ECS_OWNED_DELETE_ATOMIC=1",8,100000,pito,owned_update,ecs_get,2,0,10,15.603000
aalair,"Apple M3",8,"Darwin 27.0.0 arm64","Apple LLVM 21.0.0 (clang-2100.3.34.2)"," -O3 -DNDEBUG -DPITO_ECS_OWNED_DELETE_ATOMIC=1",8,100000,pito,owned_update,ecs_get,2,0,11,15.586000
aalair,"Apple M3",8,"Darwin 27.0.0 arm64","Apple LLVM 21.0.0 (clang-2100.3.34.2)"," -O3 -DNDEBUG -DPITO_ECS_OWNED_DELETE_ATOMIC=1",8,100000,pito,owned_update,ecs_get,2,0,12,16.199000
aalair,"Apple M3",8,"Darwin 27.0.0 arm64","Apple LLVM 21.0.0 (clang-2100.3.34.2)"," -O3 -DNDEBUG -DPITO_ECS_OWNED_DELETE_ATOMIC=1",8,100000,pito,owned_update,ecs_get,2,0,13,14.931000
aalair,"Apple M3",8,"Darwin 27.0.0 arm64","Apple LLVM 21.0.0 (clang-2100.3.34.2)"," -O3 -DNDEBUG -DPITO_ECS_OWNED_DELETE_ATOMIC=1",8,100000,pito,owned_update,ecs_get,2,0,14,15.191000
aalair,"Apple M3",8,"Darwin 27.0.0 arm64","Apple LLVM 21.0.0 (clang-2100.3.34.2)"," -O3 -DNDEBUG -DPITO_ECS_OWNED_DELETE_ATOMIC=1",8,100000,pito,owned_update,ecs_get,2,0,15,16.120000
aalair,"Apple M3",8,"Darwin 27.0.0 arm64","Apple LLVM 21.0.0 (clang-2100.3.34.2)"," -O3 -DNDEBUG -DPITO_ECS_OWNED_DELETE_ATOMIC=1",8,100000,pito,owned_update,ecs_get,2,0,16,14.902000
aalair,"Apple M3",8,"Darwin 27.0.0 arm64","Apple LLVM 21.0.0 (clang-2100.3.34.2)"," -O3 -DNDEBUG -DPITO_ECS_OWNED_DELETE_ATOMIC=1",8,100000,pito,owned_update,ecs_get,2,0,17,17.615000
aalair,"Apple M3",8,"Darwin 27.0.0 arm64","Apple LLVM 21.0.0 (clang-2100.3.34.2)"," -O3 -DNDEBUG -DPITO_ECS_OWNED_DELETE_ATOMIC=1",8,100000,pito,owned_update,ecs_get,2,0,18,16.946000
aalair,"Apple M3",8,"Darwin 27.0.0 arm64","Apple LLVM 21.0.0 (clang-2100.3.34.2)"," -O3 -DNDEBUG -DPITO_ECS_OWNED_DELETE_ATOMIC=1",8,100000,pito,owned_update,ecs_get,2,0,19,14.458000
aalair,"Apple M3",8,"Darwin 27.0.0 arm64","Apple LLVM 21.0.0 (clang-2100.3.34.2)"," -O3 -DNDEBUG -DPITO_ECS_OWNED_DELETE_ATOMIC=1",8,100000,pito,owned_update,ecs_get,2,0,20,16.914000
aalair,"Apple M3",8,"Darwin 27.0.0 arm64","Apple LLVM 21.0.0 (clang-2100.3.34.2)"," -O3 -DNDEBUG -DPITO_ECS_OWNED_DELETE_ATOMIC=1",8,100000,pito,owned_update,ecs_get,2,0,21,16.483000
aalair,"Apple M3",8,"Darwin 27.0.0 arm64","Apple LLVM 21.0.0 (clang-2100.3.34.2)"," -O3 -DNDEBUG -DPITO_ECS_OWNED_DELETE_ATOMIC=1",8,100000,pito,owned_update,ecs_get,2,0,22,15.324000
aalair,"Apple M3",8,"Darwin 27.0.0 arm64","Apple LLVM 21.0.0 (clang-2100.3.34.2)"," -O3 -DNDEBUG -DPITO_ECS_OWNED_DELETE_ATOMIC=1",8,100000,pito,owned_update,ecs_get,2,0,23,14.877000
aalair,"Apple M3",8,"Darwin 27.0.0 arm64","Apple LLVM 21.0.0 (clang-2100.3.34.2)"," -O3 -DNDEBUG -DPITO_ECS_OWNED_DELETE_ATOMIC=1",8,100000,pito,owned_update,ecs_get,2,0,24,14.233000
aalair,"Apple M3",8,"Darwin 27.0.0 arm64","Apple LLVM 21.0.0 (clang-2100.3.34.2)"," -O3 -DNDEBUG -DPITO_ECS_OWNED_DELETE_ATOMIC=1",8,100000,pito,owned_update,ecs_get,2,10,1,16.731000
aalair,"Apple M3",8,"Darwin 27.0.0 arm64","Apple LLVM 21.0.0 (clang-2100.3.34.2)"," -O3 -DNDEBUG -DPITO_ECS_OWNED_DELETE_ATOMIC=1",8,100000,pito,owned_update,ecs_get,2,10,2,16.548000
aalair,"Apple M3",8,"Darwin 27.0.0 arm64","Apple LLVM 21.0.0 (clang-2100.3.34.2)"," -O3 -DNDEBUG -DPITO_ECS_OWNED_DELETE_ATOMIC=1",8,100000,pito,owned_update,ecs_get,2,10,3,16.880000
aalair,"Apple M3",8,"Darwin 27.0.0 arm64","Apple LLVM 21.0.0 (clang-2100.3.34.2)"," -O3 -DNDEBUG -DPITO_ECS_OWNED_DELETE_ATOMIC=1",8,100000,pito,owned_update,ecs_get,2,10,4,16.931000
aalair,"Apple M3",8,"Darwin 27.0.0 arm64","Apple LLVM 21.0.0 (clang-2100.3.34.2)"," -O3 -DNDEBUG -DPITO_ECS_OWNED_DELETE_ATOMIC=1",8,100000,pito,owned_update,ecs_get,2,10,5,17.192000
aalair,"Apple M3",8,"Darwin 27.0.0 arm64","Apple LLVM 21.0.0 (clang-2100.3.34.2)"," -O3 -DNDEBUG -DPITO_ECS_OWNED_DELETE_ATOMIC=1",8,100000,pito,owned_update,ecs_get,2,10,6,17.296000
aalair,"Apple M3",8,"Darwin 27.0.0 arm64","Apple LLVM 21.0.0 (clang-2100.3.34.2)"," -O3 -DNDEBUG -DPITO_ECS_OWNED_DELETE_ATOMIC=1",8,100000,pito,owned_update,ecs_get,2,10,7,16.397000
aalair,"Apple M3",8,"Darwin 27.0.0 arm64","Apple LLVM 21.0.0 (clang-2100.3.34.2)"," -O3 -DNDEBUG -DPITO_ECS_OWNED_DELETE_ATOMIC=1",8,100000,pito,owned_update,ecs_get,2,10,8,16.723000
aalair,"Apple M3",8,"Darwin 27.0.0 arm64","Apple LLVM 21.0.0 (clang-2100.3.34.2)"," -O3 -DNDEBUG -DPITO_ECS_OWNED_DELETE_ATOMIC=1",8,100000,pito,owned_update,ecs_get,2,10,9,16.561000
aalair,"Apple M3",8,"Darwin 27.0.0 arm64","Apple LLVM 21.0.0 (clang-2100.3.34.2)"," -O3 -DNDEBUG -DPITO_ECS_OWNED_DELETE_ATOMIC=1",8,100000,pito,owned_update,ecs_get,2,10,10,16.351000
aalair,"Apple M3",8,"Darwin 27.0.0 arm64","Apple LLVM 21.0.0 (clang-2100.3.34.2)"," -O3 -DNDEBUG -DPITO_ECS_OWNED_DELETE_ATOMIC=1",8,100000,pito,owned_update,ecs_get,2,500,1,184.674000
aalair,"Apple M3",8,"Darwin 27.0.0 arm64","Apple LLVM 21.0.0 (clang-2100.3.34.2)"," -O3 -DNDEBUG -DPITO_ECS_OWNED_DELETE_ATOMIC=1",8,100000,pito,owned_update,ecs_get,2,500,2,185.437000
aalair,"Apple M3",8,"Darwin 27.0.0 arm64","Apple LLVM 21.0.0 (clang-2100.3.34.2)"," -O3 -DNDEBUG -DPITO_ECS_OWNED_DELETE_ATOMIC=1",8,100000,pito,owned_update,ecs_get,2,500,3,184.720000
aalair,"Apple M3",8,"Darwin 27.0.0 arm64","Apple LLVM 21.0.0 (clang-2100.3.34.2)"," -O3 -DNDEBUG -DPITO_ECS_OWNED_DELETE_ATOMIC=1",8,100000,pito,owned_update,ecs_get,2,500,4,184.377000
aalair,"Apple M3",8,"Darwin 27.0.0 arm64","Apple LLVM 21.0.0 (clang-2100.3.34.2)"," -O3 -DNDEBUG -DPITO_ECS_OWNED_DELETE_ATOMIC=1",8,100000,pito,owned_update,ecs_get,2,500,5,184.697000
aalair,"Apple M3",8,"Darwin 27.0.0 arm64","Apple LLVM 21.0.0 (clang-2100.3.34.2)"," -O3 -DNDEBUG -DPITO_ECS_OWNED_DELETE_ATOMIC=1",8,100000,pito,owned_update,ecs_get,2,500,6,184.491000
aalair,"Apple M3",8,"Darwin 27.0.0 arm64","Apple LLVM 21.0.0 (clang-2100.3.34.2)"," -O3 -DNDEBUG -DPITO_ECS_OWNED_DELETE_ATOMIC=1",8,100000,pito,owned_update,ecs_get,2,500,7,185.505000
aalair,"Apple M3",8,"Darwin 27.0.0 arm64","Apple LLVM 21.0.0 (clang-2100.3.34.2)"," -O3 -DNDEBUG -DPITO_ECS_OWNED_DELETE_ATOMIC=1",8,100000,pito,owned_update,ecs_get,2,500,8,184.458000
aalair,"Apple M3",8,"Darwin 27.0.0 arm64","Apple LLVM 21.0.0 (clang-2100.3.34.2)"," -O3 -DNDEBUG -DPITO_ECS_OWNED_DELETE_ATOMIC=1",8,100000,pito,owned_update,ecs_get,2,500,9,197.217000
aalair,"Apple M3",8,"Darwin 27.0.0 arm64","Apple LLVM 21.0.0 (clang-2100.3.34.2)"," -O3 -DNDEBUG -DPITO_ECS_OWNED_DELETE_ATOMIC=1",8,100000,pito,owned_update,ecs_get,2,500,10,200.078000
aalair,"Apple M3",8,"Darwin 27.0.0 arm64","Apple LLVM 21.0.0 (clang-2100.3.34.2)"," -O3 -DNDEBUG -DPITO_ECS_OWNED_DELETE_ATOMIC=1",8,100000,pito,owned_update,ecs_get,2,500,11,198.503000
aalair,"Apple M3",8,"Darwin 27.0.0 arm64","Apple LLVM 21.0.0 (clang-2100.3.34.2)"," -O3 -DNDEBUG -DPITO_ECS_OWNED_DELETE_ATOMIC=1",8,100000,pito,owned_update,ecs_get,2,500,12,184.450000
aalair,"Apple M3",8,"Darwin 27.0.0 arm64","Apple LLVM 21.0.0 (clang-2100.3.34.2)"," -O3 -DNDEBUG -DPITO_ECS_OWNED_DELETE_ATOMIC=1",8,100000,pito,owned_update,ecs_get,2,500,13,184.861000
aalair,"Apple M3",8,"Darwin 27.0.0 arm64","Apple LLVM 21.0.0 (clang-2100.3.34.2)"," -O3 -DNDEBUG -DPITO_ECS_OWNED_DELETE_ATOMIC=1",8,100000,pito,owned_update,ecs_get,2,500,14,185.433000
aalair,"Apple M3",8,"Darwin 27.0.0 arm64","Apple LLVM 21.0.0 (clang-2100.3.34.2)"," -O3 -DNDEBUG -DPITO_ECS_OWNED_DELETE_ATOMIC=1",8,100000,pito,owned_update,ecs_get,2,500,15,184.451000
aalair,"Apple M3",8,"Darwin 27.0.0 arm64","Apple LLVM 21.0.0 (clang-2100.3.34.2)"," -O3 -DNDEBUG -DPITO_ECS_OWNED_DELETE_ATOMIC=1",8,100000,pito,owned_update,ecs_get,2,500,16,184.507000
aalair,"Apple M3",8,"Darwin 27.0.0 arm64","Apple LLVM 21.0.0 (clang-2100.3.34.2)"," -O3 -DNDEBUG -DPITO_ECS_OWNED_DELETE_ATOMIC=1",8,100000,pito,owned_update,ecs_get,4,0,1,10.057000
aalair,"Apple M3",8,"Darwin 27.0.0 arm64","Apple LLVM 21.0.0 (clang-2100.3.34.2)"," -O3 -DNDEBUG -DPITO_ECS_OWNED_DELETE_ATOMIC=1",8,100000,pito,owned_update,ecs_get,4,0,2,9.741000
aalair,"Apple M3",8,"Darwin 27.0.0 arm64","Apple LLVM 21.0.0 (clang-2100.3.34.2)"," -O3 -DNDEBUG -DPITO_ECS_OWNED_DELETE_ATOMIC=1",8,100000,pito,owned_update,ecs_get,4,0,3,9.931000
aalair,"Apple M3",8,"Darwin 27.0.0 arm64","Apple LLVM 21.0.0 (clang-2100.3.34.2)"," -O3 -DNDEBUG -DPITO_ECS_OWNED_DELETE_ATOMIC=1",8,100000,pito,owned_update,ecs_get,4,0,4,9.685000
aalair,"Apple M3",8,"Darwin 27.0.0 arm64","Apple LLVM 21.0.0 (clang-2100.3.34.2)"," -O3 -DNDEBUG -DPITO_ECS_OWNED_DELETE_ATOMIC=1",8,100000,pito,owned_update,ecs_get,4,0,5,10.146000
aalair,"Apple M3",8,"Darwin 27.0.0 arm64","Apple LLVM 21.0.0 (clang-2100.3.34.2)"," -O3 -DNDEBUG -DPITO_ECS_OWNED_DELETE_ATOMIC=1",8,100000,pito,owned_update,ecs_get,4,0,6,9.063000
aalair,"Apple M3",8,"Darwin 27.0.0 arm64","Apple LLVM 21.0.0 (clang-2100.3.34.2)"," -O3 -DNDEBUG -DPITO_ECS_OWNED_DELETE_ATOMIC=1",8,100000,pito,owned_update,ecs_get,4,0,7,9.769000
aalair,"Apple M3",8,"Darwin 27.0.0 arm64","Apple LLVM 21.0.0 (clang-2100.3.34.2)"," -O3 -DNDEBUG -DPITO_ECS_OWNED_DELETE_ATOMIC=1",8,100000,pito,owned_update,ecs_get,4,0,8,10.221000
aalair,"Apple M3",8,"Darwin 27.0.0 arm64","Apple LLVM 21.0.0 (clang-2100.3.34.2)"," -O3 -DNDEBUG -DPITO_ECS_OWNED_DELETE_ATOMIC=1",8,100000,pito,owned_update,ecs_get,4,0,9,10.069000
aalair,"Apple M3",8,"Darwin 27.0.0 arm64","Apple LLVM 21.0.0 (clang-2100.3.34.2)"," -O3 -DNDEBUG -DPITO_ECS_OWNED_DELETE_ATOMIC=1",8,100000,pito,owned_update,ecs_get,4,0,10,9.823000
aalair,"Apple M3",8,"Darwin 27.0.0 arm64","Apple LLVM 21.0.0 (clang-2100.3.34.2)"," -O3 -DNDEBUG -DPITO_ECS_OWNED_DELETE_ATOMIC=1",8,100000,pito,owned_update,ecs_get,4,0,11,9.828000
aalair,"Apple M3",8,"Darwin 27.0.0 arm64","Apple LLVM 21.0.0 (clang-2100.3.34.2)"," -O3 -DNDEBUG -DPITO_ECS_OWNED_DELETE_ATOMIC=1",8,100000,pito,owned_update,ecs_get,4,10,1,8.790000
aalair,"Apple M3",8,"Darwin 27.0.0 arm64","Apple LLVM 21.0.0 (clang-2100.3.34.2)"," -O3 -DNDEBUG -DPITO_ECS_OWNED_DELETE_ATOMIC=1",8,100000,pito,owned_update,ecs_get,4,10,2,9.084000
aalair,"Apple M3",8,"Darwin 27.0.0 arm64","Apple LLVM 21.0.0 (clang-2100.3.34.2)"," -O3 -DNDEBUG -DPITO_ECS_OWNED_DELETE_ATOMIC=1",8,100000,pito,owned_update,ecs_get,4,10,3,8.508000
aalair,"Apple M3",8,"Darwin 27.0.0 arm64","Apple LLVM 21.0.0 (clang-2100.3.34.2)"," -O3 -DNDEBUG -DPITO_ECS_OWNED_DELETE_ATOMIC=1",8,100000,pito,owned_update,ecs_get,4,10,4,8.313000
aalair,"Apple M3",8,"Darwin 27.0.0 arm64","Apple LLVM 21.0.0 (clang-2100.3.34.2)"," -O3 -DNDEBUG -DPITO_ECS_OWNED_DELETE_ATOMIC=1",8,100000,pito,owned_update,ecs_get,4,10,5,8.766000
aalair,"Apple M3",8,"Darwin 27.0.0 arm64","Apple LLVM 21.0.0 (clang-2100.3.34.2)"," -O3 -DNDEBUG -DPITO_ECS_OWNED_DELETE_ATOMIC=1",8,100000,pito,owned_update,ecs_get,4,10,6,9.182000
aalair,"Apple M3",8,"Darwin 27.0.0 arm64","Apple LLVM 21.0.0 (clang-2100.3.34.2)"," -O3 -DNDEBUG -DPITO_ECS_OWNED_DELETE_ATOMIC=1",8,100000,pito,owned_update,ecs_get,4,10,7,8.479000
aalair,"Apple M3",8,"Darwin 27.0.0 arm64","Apple LLVM 21.0.0 (clang-2100.3.34.2)"," -O3 -DNDEBUG -DPITO_ECS_OWNED_DELETE_ATOMIC=1",8,100000,pito,owned_update,ecs_get,4,10,8,8.500000
aalair,"Apple M3",8,"Darwin 27.0.0 arm64","Apple LLVM 21.0.0 (clang-2100.3.34.2)"," -O3 -DNDEBUG -DPITO_ECS_OWNED_DELETE_ATOMIC=1",8,100000,pito,owned_update,ecs_get,4,10,9,9.384000
aalair,"Apple M3",8,"Darwin 27.0.0 arm64","Apple LLVM 21.0.0 (clang-2100.3.34.2)"," -O3 -DNDEBUG -DPITO_ECS_OWNED_DELETE_ATOMIC=1",8,100000,pito,owned_update,ecs_get,4,10,10,8.770000
aalair,"Apple M3",8,"Darwin 27.0.0 arm64","Apple LLVM 21.0.0 (clang-2100.3.34.2)"," -O3 -DNDEBUG -DPITO_ECS_OWNED_DELETE_ATOMIC=1",8,100000,pito,owned_update,ecs_get,4,10,11,8.256000
aalair,"Apple M3",8,"Darwin 27.0.0 arm64","Apple LLVM 21.0.0 (clang-2100.3.34.2)"," -O3 -DNDEBUG -DPITO_ECS_OWNED_DELETE_ATOMIC=1",8,100000,pito,owned_update,ecs_get,4,10,12,8.957000
aalair,"Apple M3",8,"Darwin 27.0.0 arm64","Apple LLVM 21.0.0 (clang-2100.3.34.2)"," -O3 -DNDEBUG -DPITO_ECS_OWNED_DELETE_ATOMIC=1",8,100000,pito,owned_update,ecs_get,4,10,13,8.467000
aalair,"Apple M3",8,"Darwin 27.0.0 arm64","Apple LLVM 21.0.0 (clang-2100.3.34.2)"," -O3 -DNDEBUG -DPITO_ECS_OWNED_DELETE_ATOMIC=1",8,100000,pito,owned_update,ecs_get,4,10,14,8.208000
aalair,"Apple M3",8,"Darwin 27.0.0 arm64","Apple LLVM 21.0.0 (clang-2100.3.34.2)"," -O3 -DNDEBUG -DPITO_ECS_OWNED_DELETE_ATOMIC=1",8,100000,pito,owned_update,ecs_get,4,10,15,8.526000
aalair,"Apple M3",8,"Darwin 27.0.0 arm64","Apple LLVM 21.0.0 (clang-2100.3.34.2)"," -O3 -DNDEBUG -DPITO_ECS_OWNED_DELETE_ATOMIC=1",8,100000,pito,owned_update,ecs_get,4,10,16,8.435000
aalair,"Apple M3",8,"Darwin 27.0.0 arm64","Apple LLVM 21.0.0 (clang-2100.3.34.2)"," -O3 -DNDEBUG -DPITO_ECS_OWNED_DELETE_ATOMIC=1",8,100000,pito,owned_update,ecs_get,4,10,17,10.637000
aalair,"Apple M3",8,"Darwin 27.0.0 arm64","Apple LLVM 21.0.0 (clang-2100.3.34.2)"," -O3 -DNDEBUG -DPITO_ECS_OWNED_DELETE_ATOMIC=1",8,100000,pito,owned_update,ecs_get,4,10,18,8.555000
aalair,"Apple M3",8,"Darwin 27.0.0 arm64","Apple LLVM 21.0.0 (clang-2100.3.34.2)"," -O3 -DNDEBUG -DPITO_ECS_OWNED_DELETE_ATOMIC=1",8,100000,pito,owned_update,ecs_get,4,10,19,9.865000
aalair,"Apple M3",8,"Darwin 27.0.0 arm64","Apple LLVM 21.0.0 (clang-2100.3.34.2)"," -O3 -DNDEBUG -DPITO_ECS_OWNED_DELETE_ATOMIC=1",8,100000,pito,owned_update,ecs_get,4,10,20,10.856000
aalair,"Apple M3",8,"Darwin 27.0.0 arm64","Apple LLVM 21.0.0 (clang-2100.3.34.2)"," -O3 -DNDEBUG -DPITO_ECS_OWNED_DELETE_ATOMIC=1",8,100000,pito,owned_update,ecs_get,4,10,21,10.670000
aalair,"Apple M3",8,"Darwin 27.0.0 arm64","Apple LLVM 21.0.0 (clang-2100.3.34.2)"," -O3 -DNDEBUG -DPITO_ECS_OWNED_DELETE_ATOMIC=1",8,100000,pito,owned_update,ecs_get,4,500,1,101.913000
aalair,"Apple M3",8,"Darwin 27.0.0 arm64","Apple LLVM 21.0.0 (clang-2100.3.34.2)"," -O3 -DNDEBUG -DPITO_ECS_OWNED_DELETE_ATOMIC=1",8,100000,pito,owned_update,ecs_get,4,500,2,103.451000
aalair,"Apple M3",8,"Darwin 27.0.0 arm64","Apple LLVM 21.0.0 (clang-2100.3.34.2)"," -O3 -DNDEBUG -DPITO_ECS_OWNED_DELETE_ATOMIC=1",8,100000,pito,owned_update,ecs_get,4,500,3,101.949000
aalair,"Apple M3",8,"Darwin 27.0.0 arm64","Apple LLVM 21.0.0 (clang-2100.3.34.2)"," -O3 -DNDEBUG -DPITO_ECS_OWNED_DELETE_ATOMIC=1",8,100000,pito,owned_update,ecs_get,4,500,4,101.896000
aalair,"Apple M3",8,"Darwin 27.0.0 arm64","Apple LLVM 21.0.0 (clang-2100.3.34.2)"," -O3 -DNDEBUG -DPITO_ECS_OWNED_DELETE_ATOMIC=1",8,100000,pito,owned_update,ecs_get,4,500,5,101.908000
aalair,"Apple M3",8,"Darwin 27.0.0 arm64","Apple LLVM 21.0.0 (clang-2100.3.34.2)"," -O3 -DNDEBUG -DPITO_ECS_OWNED_DELETE_ATOMIC=1",8,100000,pito,owned_update,ecs_get,4,500,6,102.837000
aalair,"Apple M3",8,"Darwin 27.0.0 arm64","Apple LLVM 21.0.0 (clang-2100.3.34.2)"," -O3 -DNDEBUG -DPITO_ECS_OWNED_DELETE_ATOMIC=1",8,100000,pito,owned_update,ecs_get,4,500,7,102.017000
aalair,"Apple M3",8,"Darwin 27.0.0 arm64","Apple LLVM 21.0.0 (clang-2100.3.34.2)"," -O3 -DNDEBUG -DPITO_ECS_OWNED_DELETE_ATOMIC=1",8,100000,pito,owned_update,ecs_get,4,500,8,102.024000
aalair,"Apple M3",8,"Darwin 27.0.0 arm64","Apple LLVM 21.0.0 (clang-2100.3.34.2)"," -O3 -DNDEBUG -DPITO_ECS_OWNED_DELETE_ATOMIC=1",8,100000,pito,owned_update,ecs_get,4,500,9,102.055000
aalair,"Apple M3",8,"Darwin 27.0.0 arm64","Apple LLVM 21.0.0 (clang-2100.3.34.2)"," -O3 -DNDEBUG -DPITO_ECS_OWNED_DELETE_ATOMIC=1",8,100000,pito,owned_update,ecs_get,4,500,10,102.215000
aalair,"Apple M3",8,"Darwin 27.0.0 arm64","Apple LLVM 21.0.0 (clang-2100.3.34.2)"," -O3 -DNDEBUG -DPITO_ECS_OWNED_DELETE_ATOMIC=1",8,100000,pito,owned_update,ecs_get,8,0,1,10.221000
aalair,"Apple M3",8,"Darwin 27.0.0 arm64","Apple LLVM 21.0.0 (clang-2100.3.34.2)"," -O3 -DNDEBUG -DPITO_ECS_OWNED_DELETE_ATOMIC=1",8,100000,pito,owned_update,ecs_get,8,0,2,8.845000
aalair,"Apple M3",8,"Darwin 27.0.0 arm64","Apple LLVM 21.0.0 (clang-2100.3.34.2)"," -O3 -DNDEBUG -DPITO_ECS_OWNED_DELETE_ATOMIC=1",8,100000,pito,owned_update,ecs_get,8,0,3,10.264000
aalair,"Apple M3",8,"Darwin 27.0.0 arm64","Apple LLVM 21.0.0 (clang-2100.3.34.2)"," -O3 -DNDEBUG -DPITO_ECS_OWNED_DELETE_ATOMIC=1",8,100000,pito,owned_update,ecs_get,8,0,4,11.483000
aalair,"Apple M3",8,"Darwin 27.0.0 arm64","Apple LLVM 21.0.0 (clang-2100.3.34.2)"," -O3 -DNDEBUG -DPITO_ECS_OWNED_DELETE_ATOMIC=1",8,100000,pito,owned_update,ecs_get,8,0,5,9.889000
aalair,"Apple M3",8,"Darwin 27.0.0 arm64","Apple LLVM 21.0.0 (clang-2100.3.34.2)"," -O3 -DNDEBUG -DPITO_ECS_OWNED_DELETE_ATOMIC=1",8,100000,pito,owned_update,ecs_get,8,0,6,8.351000
aalair,"Apple M3",8,"Darwin 27.0.0 arm64","Apple LLVM 21.0.0 (clang-2100.3.34.2)"," -O3 -DNDEBUG -DPITO_ECS_OWNED_DELETE_ATOMIC=1",8,100000,pito,owned_update,ecs_get,8,0,7,14.786000
aalair,"Apple M3",8,"Darwin 27.0.0 arm64","Apple LLVM 21.0.0 (clang-2100.3.34.2)"," -O3 -DNDEBUG -DPITO_ECS_OWNED_DELETE_ATOMIC=1",8,100000,pito,owned_update,ecs_get,8,0,8,13.004000
aalair,"Apple M3",8,"Darwin 27.0.0 arm64","Apple LLVM 21.0.0 (clang-2100.3.34.2)"," -O3 -DNDEBUG -DPITO_ECS_OWNED_DELETE_ATOMIC=1",8,100000,pito,owned_update,ecs_get,8,0,9,11.675000
aalair,"Apple M3",8,"Darwin 27.0.0 arm64","Apple LLVM 21.0.0 (clang-2100.3.34.2)"," -O3 -DNDEBUG -DPITO_ECS_OWNED_DELETE_ATOMIC=1",8,100000,pito,owned_update,ecs_get,8,0,10,13.867000
aalair,"Apple M3",8,"Darwin 27.0.0 arm64","Apple LLVM 21.0.0 (clang-2100.3.34.2)"," -O3 -DNDEBUG -DPITO_ECS_OWNED_DELETE_ATOMIC=1",8,100000,pito,owned_update,ecs_get,8,0,11,10.003000
aalair,"Apple M3",8,"Darwin 27.0.0 arm64","Apple LLVM 21.0.0 (clang-2100.3.34.2)"," -O3 -DNDEBUG -DPITO_ECS_OWNED_DELETE_ATOMIC=1",8,100000,pito,owned_update,ecs_get,8,0,12,10.631000
aalair,"Apple M3",8,"Darwin 27.0.0 arm64","Apple LLVM 21.0.0 (clang-2100.3.34.2)"," -O3 -DNDEBUG -DPITO_ECS_OWNED_DELETE_ATOMIC=1",8,100000,pito,owned_update,ecs_get,8,0,13,13.329000
aalair,"Apple M3",8,"Darwin 27.0.0 arm64","Apple LLVM 21.0.0 (clang-2100.3.34.2)"," -O3 -DNDEBUG -DPITO_ECS_OWNED_DELETE_ATOMIC=1",8,100000,pito,owned_update,ecs_get,8,0,14,11.344000
aalair,"Apple M3",8,"Darwin 27.0.0 arm64","Apple LLVM 21.0.0 (clang-2100.3.34.2)"," -O3 -DNDEBUG -DPITO_ECS_OWNED_DELETE_ATOMIC=1",8,100000,pito,owned_update,ecs_get,8,0,15,10.069000
aalair,"Apple M3",8,"Darwin 27.0.0 arm64","Apple LLVM 21.0.0 (clang-2100.3.34.2)"," -O3 -DNDEBUG -DPITO_ECS_OWNED_DELETE_ATOMIC=1",8,100000,pito,owned_update,ecs_get,8,0,16,9.824000
aalair,"Apple M3",8,"Darwin 27.0.0 arm64","Apple LLVM 21.0.0 (clang-2100.3.34.2)"," -O3 -DNDEBUG -DPITO_ECS_OWNED_DELETE_ATOMIC=1",8,100000,pito,owned_update,ecs_get,8,0,17,13.408000
aalair,"Apple M3",8,"Darwin 27.0.0 arm64","Apple LLVM 21.0.0 (clang-2100.3.34.2)"," -O3 -DNDEBUG -DPITO_ECS_OWNED_DELETE_ATOMIC=1",8,100000,pito,owned_update,ecs_get,8,0,18,12.185000
aalair,"Apple M3",8,"Darwin 27.0.0 arm64","Apple LLVM 21.0.0 (clang-2100.3.34.2)"," -O3 -DNDEBUG -DPITO_ECS_OWNED_DELETE_ATOMIC=1",8,100000,pito,owned_update,ecs_get,8,0,19,11.616000
aalair,"Apple M3",8,"Darwin 27.0.0 arm64","Apple LLVM 21.0.0 (clang-2100.3.34.2)"," -O3 -DNDEBUG -DPITO_ECS_OWNED_DELETE_ATOMIC=1",8,100000,pito,owned_update,ecs_get,8,0,20,9.048000
aalair,"Apple M3",8,"Darwin 27.0.0 arm64","Apple LLVM 21.0.0 (clang-2100.3.34.2)"," -O3 -DNDEBUG -DPITO_ECS_OWNED_DELETE_ATOMIC=1",8,100000,pito,owned_update,ecs_get,8,0,21,12.220000
aalair,"Apple M3",8,"Darwin 27.0.0 arm64","Apple LLVM 21.0.0 (clang-2100.3.34.2)"," -O3 -DNDEBUG -DPITO_ECS_OWNED_DELETE_ATOMIC=1",8,100000,pito,owned_update,ecs_get,8,0,22,13.208000
aalair,"Apple M3",8,"Darwin 27.0.0 arm64","Apple LLVM 21.0.0 (clang-2100.3.34.2)"," -O3 -DNDEBUG -DPITO_ECS_OWNED_DELETE_ATOMIC=1",8,100000,pito,owned_update,ecs_get,8,0,23,13.109000
aalair,"Apple M3",8,"Darwin 27.0.0 arm64","Apple LLVM 21.0.0 (clang-2100.3.34.2)"," -O3 -DNDEBUG -DPITO_ECS_OWNED_DELETE_ATOMIC=1",8,100000,pito,owned_update,ecs_get,8,0,24,9.246000
aalair,"Apple M3",8,"Darwin 27.0.0 arm64","Apple LLVM 21.0.0 (clang-2100.3.34.2)"," -O3 -DNDEBUG -DPITO_ECS_OWNED_DELETE_ATOMIC=1",8,100000,pito,owned_update,ecs_get,8,0,25,11.495000
aalair,"Apple M3",8,"Darwin 27.0.0 arm64","Apple LLVM 21.0.0 (clang-2100.3.34.2)"," -O3 -DNDEBUG -DPITO_ECS_OWNED_DELETE_ATOMIC=1",8,100000,pito,owned_update,ecs_get,8,0,26,10.095000
aalair,"Apple M3",8,"Darwin 27.0.0 arm64","Apple LLVM 21.0.0 (clang-2100.3.34.2)"," -O3 -DNDEBUG -DPITO_ECS_OWNED_DELETE_ATOMIC=1",8,100000,pito,owned_update,ecs_get,8,0,27,10.036000
aalair,"Apple M3",8,"Darwin 27.0.0 arm64","Apple LLVM 21.0.0 (clang-2100.3.34.2)"," -O3 -DNDEBUG -DPITO_ECS_OWNED_DELETE_ATOMIC=1",8,100000,pito,owned_update,ecs_get,8,0,28,11.658000
aalair,"Apple M3",8,"Darwin 27.0.0 arm64","Apple LLVM 21.0.0 (clang-2100.3.34.2)"," -O3 -DNDEBUG -DPITO_ECS_OWNED_DELETE_ATOMIC=1",8,100000,pito,owned_update,ecs_get,8,0,29,12.048000
aalair,"Apple M3",8,"Darwin 27.0.0 arm64","Apple LLVM 21.0.0 (clang-2100.3.34.2)"," -O3 -DNDEBUG -DPITO_ECS_OWNED_DELETE_ATOMIC=1",8,100000,pito,owned_update,ecs_get,8,0,30,9.582000
aalair,"Apple M3",8,"Darwin 27.0.0 arm64","Apple LLVM 21.0.0 (clang-2100.3.34.2)"," -O3 -DNDEBUG -DPITO_ECS_OWNED_DELETE_ATOMIC=1",8,100000,pito,owned_update,ecs_get,8,0,31,12.450000
aalair,"Apple M3",8,"Darwin 27.0.0 arm64","Apple LLVM 21.0.0 (clang-2100.3.34.2)"," -O3 -DNDEBUG -DPITO_ECS_OWNED_DELETE_ATOMIC=1",8,100000,pito,owned_update,ecs_get,8,0,32,11.784000
aalair,"Apple M3",8,"Darwin 27.0.0 arm64","Apple LLVM 21.0.0 (clang-2100.3.34.2)"," -O3 -DNDEBUG -DPITO_ECS_OWNED_DELETE_ATOMIC=1",8,100000,pito,owned_update,ecs_get,8,0,33,9.951000
aalair,"Apple M3",8,"Darwin 27.0.0 arm64","Apple LLVM 21.0.0 (clang-2100.3.34.2)"," -O3 -DNDEBUG -DPITO_ECS_OWNED_DELETE_ATOMIC=1",8,100000,pito,owned_update,ecs_get,8,0,34,12.360000
aalair,"Apple M3",8,"Darwin 27.0.0 arm64","Apple LLVM 21.0.0 (clang-2100.3.34.2)"," -O3 -DNDEBUG -DPITO_ECS_OWNED_DELETE_ATOMIC=1",8,100000,pito,owned_update,ecs_get,8,0,35,14.168000
aalair,"Apple M3",8,"Darwin 27.0.0 arm64","Apple LLVM 21.0.0 (clang-2100.3.34.2)"," -O3 -DNDEBUG -DPITO_ECS_OWNED_DELETE_ATOMIC=1",8,100000,pito,owned_update,ecs_get,8,0,36,9.571000
aalair,"Apple M3",8,"Darwin 27.0.0 arm64","Apple LLVM 21.0.0 (clang-2100.3.34.2)"," -O3 -DNDEBUG -DPITO_ECS_OWNED_DELETE_ATOMIC=1",8,100000,pito,owned_update,ecs_get,8,0,37,10.036000
aalair,"Apple M3",8,"Darwin 27.0.0 arm64","Apple LLVM 21.0.0 (clang-2100.3.34.2)"," -O3 -DNDEBUG -DPITO_ECS_OWNED_DELETE_ATOMIC=1",8,100000,pito,owned_update,ecs_get,8,0,38,11.580000
aalair,"Apple M3",8,"Darwin 27.0.0 arm64","Apple LLVM 21.0.0 (clang-2100.3.34.2)"," -O3 -DNDEBUG -DPITO_ECS_OWNED_DELETE_ATOMIC=1",8,100000,pito,owned_update,ecs_get,8,0,39,12.725000
aalair,"Apple M3",8,"Darwin 27.0.0 arm64","Apple LLVM 21.0.0 (clang-2100.3.34.2)"," -O3 -DNDEBUG -DPITO_ECS_OWNED_DELETE_ATOMIC=1",8,100000,pito,owned_update,ecs_get,8,0,40,12.750000
aalair,"Apple M3",8,"Darwin 27.0.0 arm64","Apple LLVM 21.0.0 (clang-2100.3.34.2)"," -O3 -DNDEBUG -DPITO_ECS_OWNED_DELETE_ATOMIC=1",8,100000,pito,owned_update,ecs_get,8,0,41,10.154000
aalair,"Apple M3",8,"Darwin 27.0.0 arm64","Apple LLVM 21.0.0 (clang-2100.3.34.2)"," -O3 -DNDEBUG -DPITO_ECS_OWNED_DELETE_ATOMIC=1",8,100000,pito,owned_update,ecs_get,8,0,42,11.028000
aalair,"Apple M3",8,"Darwin 27.0.0 arm64","Apple LLVM 21.0.0 (clang-2100.3.34.2)"," -O3 -DNDEBUG -DPITO_ECS_OWNED_DELETE_ATOMIC=1",8,100000,pito,owned_update,ecs_get,8,0,43,11.655000
aalair,"Apple M3",8,"Darwin 27.0.0 arm64","Apple LLVM 21.0.0 (clang-2100.3.34.2)"," -O3 -DNDEBUG -DPITO_ECS_OWNED_DELETE_ATOMIC=1",8,100000,pito,owned_update,ecs_get,8,0,44,9.592000
aalair,"Apple M3",8,"Darwin 27.0.0 arm64","Apple LLVM 21.0.0 (clang-2100.3.34.2)"," -O3 -DNDEBUG -DPITO_ECS_OWNED_DELETE_ATOMIC=1",8,100000,pito,owned_update,ecs_get,8,0,45,12.311000
aalair,"Apple M3",8,"Darwin 27.0.0 arm64","Apple LLVM 21.0.0 (clang-2100.3.34.2)"," -O3 -DNDEBUG -DPITO_ECS_OWNED_DELETE_ATOMIC=1",8,100000,pito,owned_update,ecs_get,8,0,46,12.730000
aalair,"Apple M3",8,"Darwin 27.0.0 arm64","Apple LLVM 21.0.0 (clang-2100.3.34.2)"," -O3 -DNDEBUG -DPITO_ECS_OWNED_DELETE_ATOMIC=1",8,100000,pito,owned_update,ecs_get,8,0,47,9.979000
aalair,"Apple M3",8,"Darwin 27.0.0 arm64","Apple LLVM 21.0.0 (clang-2100.3.34.2)"," -O3 -DNDEBUG -DPITO_ECS_OWNED_DELETE_ATOMIC=1",8,100000,pito,owned_update,ecs_get,8,0,48,10.967000
aalair,"Apple M3",8,"Darwin 27.0.0 arm64","Apple LLVM 21.0.0 (clang-2100.3.34.2)"," -O3 -DNDEBUG -DPITO_ECS_OWNED_DELETE_ATOMIC=1",8,100000,pito,owned_update,ecs_get,8,0,49,12.504000
aalair,"Apple M3",8,"Darwin 27.0.0 arm64","Apple LLVM 21.0.0 (clang-2100.3.34.2)"," -O3 -DNDEBUG -DPITO_ECS_OWNED_DELETE_ATOMIC=1",8,100000,pito,owned_update,ecs_get,8,0,50,13.548000
aalair,"Apple M3",8,"Darwin 27.0.0 arm64","Apple LLVM 21.0.0 (clang-2100.3.34.2)"," -O3 -DNDEBUG -DPITO_ECS_OWNED_DELETE_ATOMIC=1",8,100000,pito,owned_update,ecs_get,8,0,51,10.863000
aalair,"Apple M3",8,"Darwin 27.0.0 arm64","Apple LLVM 21.0.0 (clang-2100.3.34.2)"," -O3 -DNDEBUG -DPITO_ECS_OWNED_DELETE_ATOMIC=1",8,100000,pito,owned_update,ecs_get,8,0,52,12.424000
aalair,"Apple M3",8,"Darwin 27.0.0 arm64","Apple LLVM 21.0.0 (clang-2100.3.34.2)"," -O3 -DNDEBUG -DPITO_ECS_OWNED_DELETE_ATOMIC=1",8,100000,pito,owned_update,ecs_get,8,0,53,12.556000
aalair,"Apple M3",8,"Darwin 27.0.0 arm64","Apple LLVM 21.0.0 (clang-2100.3.34.2)"," -O3 -DNDEBUG -DPITO_ECS_OWNED_DELETE_ATOMIC=1",8,100000,pito,owned_update,ecs_get,8,0,54,9.654000
aalair,"Apple M3",8,"Darwin 27.0.0 arm64","Apple LLVM 21.0.0 (clang-2100.3.34.2)"," -O3 -DNDEBUG -DPITO_ECS_OWNED_DELETE_ATOMIC=1",8,100000,pito,owned_update,ecs_get,8,0,55,9.491000
aalair,"Apple M3",8,"Darwin 27.0.0 arm64","Apple LLVM 21.0.0 (clang-2100.3.34.2)"," -O3 -DNDEBUG -DPITO_ECS_OWNED_DELETE_ATOMIC=1",8,100000,pito,owned_update,ecs_get,8,0,56,12.603000
aalair,"Apple M3",8,"Darwin 27.0.0 arm64","Apple LLVM 21.0.0 (clang-2100.3.34.2)"," -O3 -DNDEBUG -DPITO_ECS_OWNED_DELETE_ATOMIC=1",8,100000,pito,owned_update,ecs_get,8,0,57,10.975000
aalair,"Apple M3",8,"Darwin 27.0.0 arm64","Apple LLVM 21.0.0 (clang-2100.3.34.2)"," -O3 -DNDEBUG -DPITO_ECS_OWNED_DELETE_ATOMIC=1",8,100000,pito,owned_update,ecs_get,8,0,58,12.307000
aalair,"Apple M3",8,"Darwin 27.0.0 arm64","Apple LLVM 21.0.0 (clang-2100.3.34.2)"," -O3 -DNDEBUG -DPITO_ECS_OWNED_DELETE_ATOMIC=1",8,100000,pito,owned_update,ecs_get,8,0,59,11.818000
aalair,"Apple M3",8,"Darwin 27.0.0 arm64","Apple LLVM 21.0.0 (clang-2100.3.34.2)"," -O3 -DNDEBUG -DPITO_ECS_OWNED_DELETE_ATOMIC=1",8,100000,pito,owned_update,ecs_get,8,0,60,11.276000
aalair,"Apple M3",8,"Darwin 27.0.0 arm64","Apple LLVM 21.0.0 (clang-2100.3.34.2)"," -O3 -DNDEBUG -DPITO_ECS_OWNED_DELETE_ATOMIC=1",8,100000,pito,owned_update,ecs_get,8,0,61,12.520000
aalair,"Apple M3",8,"Darwin 27.0.0 arm64","Apple LLVM 21.0.0 (clang-2100.3.34.2)"," -O3 -DNDEBUG -DPITO_ECS_OWNED_DELETE_ATOMIC=1",8,100000,pito,owned_update,ecs_get,8,0,62,10.517000
aalair,"Apple M3",8,"Darwin 27.0.0 arm64","Apple LLVM 21.0.0 (clang-2100.3.34.2)"," -O3 -DNDEBUG -DPITO_ECS_OWNED_DELETE_ATOMIC=1",8,100000,pito,owned_update,ecs_get,8,0,63,12.238000
aalair,"Apple M3",8,"Darwin 27.0.0 arm64","Apple LLVM 21.0.0 (clang-2100.3.34.2)"," -O3 -DNDEBUG -DPITO_ECS_OWNED_DELETE_ATOMIC=1",8,100000,pito,owned_update,ecs_get,8,0,64,13.551000
aalair,"Apple M3",8,"Darwin 27.0.0 arm64","Apple LLVM 21.0.0 (clang-2100.3.34.2)"," -O3 -DNDEBUG -DPITO_ECS_OWNED_DELETE_ATOMIC=1",8,100000,pito,owned_update,ecs_get,8,0,65,10.050000
aalair,"Apple M3",8,"Darwin 27.0.0 arm64","Apple LLVM 21.0.0 (clang-2100.3.34.2)"," -O3 -DNDEBUG -DPITO_ECS_OWNED_DELETE_ATOMIC=1",8,100000,pito,owned_update,ecs_get,8,0,66,10.218000
aalair,"Apple M3",8,"Darwin 27.0.0 arm64","Apple LLVM 21.0.0 (clang-2100.3.34.2)"," -O3 -DNDEBUG -DPITO_ECS_OWNED_DELETE_ATOMIC=1",8,100000,pito,owned_update,ecs_get,8,0,67,11.210000
aalair,"Apple M3",8,"Darwin 27.0.0 arm64","Apple LLVM 21.0.0 (clang-2100.3.34.2)"," -O3 -DNDEBUG -DPITO_ECS_OWNED_DELETE_ATOMIC=1",8,100000,pito,owned_update,ecs_get,8,0,68,10.791000
aalair,"Apple M3",8,"Darwin 27.0.0 arm64","Apple LLVM 21.0.0 (clang-2100.3.34.2)"," -O3 -DNDEBUG -DPITO_ECS_OWNED_DELETE_ATOMIC=1",8,100000,pito,owned_update,ecs_get,8,0,69,8.705000
aalair,"Apple M3",8,"Darwin 27.0.0 arm64","Apple LLVM 21.0.0 (clang-2100.3.34.2)"," -O3 -DNDEBUG -DPITO_ECS_OWNED_DELETE_ATOMIC=1",8,100000,pito,owned_update,ecs_get,8,0,70,10.046000
aalair,"Apple M3",8,"Darwin 27.0.0 arm64","Apple LLVM 21.0.0 (clang-2100.3.34.2)"," -O3 -DNDEBUG -DPITO_ECS_OWNED_DELETE_ATOMIC=1",8,100000,pito,owned_update,ecs_get,8,0,71,10.309000
aalair,"Apple M3",8,"Darwin 27.0.0 arm64","Apple LLVM 21.0.0 (clang-2100.3.34.2)"," -O3 -DNDEBUG -DPITO_ECS_OWNED_DELETE_ATOMIC=1",8,100000,pito,owned_update,ecs_get,8,0,72,11.368000
aalair,"Apple M3",8,"Darwin 27.0.0 arm64","Apple LLVM 21.0.0 (clang-2100.3.34.2)"," -O3 -DNDEBUG -DPITO_ECS_OWNED_DELETE_ATOMIC=1",8,100000,pito,owned_update,ecs_get,8,0,73,10.399000
aalair,"Apple M3",8,"Darwin 27.0.0 arm64","Apple LLVM 21.0.0 (clang-2100.3.34.2)"," -O3 -DNDEBUG -DPITO_ECS_OWNED_DELETE_ATOMIC=1",8,100000,pito,owned_update,ecs_get,8,0,74,14.191000
aalair,"Apple M3",8,"Darwin 27.0.0 arm64","Apple LLVM 21.0.0 (clang-2100.3.34.2)"," -O3 -DNDEBUG -DPITO_ECS_OWNED_DELETE_ATOMIC=1",8,100000,pito,owned_update,ecs_get,8,0,75,12.799000
aalair,"Apple M3",8,"Darwin 27.0.0 arm64","Apple LLVM 21.0.0 (clang-2100.3.34.2)"," -O3 -DNDEBUG -DPITO_ECS_OWNED_DELETE_ATOMIC=1",8,100000,pito,owned_update,ecs_get,8,0,76,10.705000
aalair,"Apple M3",8,"Darwin 27.0.0 arm64","Apple LLVM 21.0.0 (clang-2100.3.34.2)"," -O3 -DNDEBUG -DPITO_ECS_OWNED_DELETE_ATOMIC=1",8,100000,pito,owned_update,ecs_get,8,0,77,10.280000
aalair,"Apple M3",8,"Darwin 27.0.0 arm64","Apple LLVM 21.0.0 (clang-2100.3.34.2)"," -O3 -DNDEBUG -DPITO_ECS_OWNED_DELETE_ATOMIC=1",8,100000,pito,owned_update,ecs_get,8,0,78,12.977000
aalair,"Apple M3",8,"Darwin 27.0.0 arm64","Apple LLVM 21.0.0 (clang-2100.3.34.2)"," -O3 -DNDEBUG -DPITO_ECS_OWNED_DELETE_ATOMIC=1",8,100000,pito,owned_update,ecs_get,8,0,79,9.821000
aalair,"Apple M3",8,"Darwin 27.0.0 arm64","Apple LLVM 21.0.0 (clang-2100.3.34.2)"," -O3 -DNDEBUG -DPITO_ECS_OWNED_DELETE_ATOMIC=1",8,100000,pito,owned_update,ecs_get,8,0,80,9.716000
aalair,"Apple M3",8,"Darwin 27.0.0 arm64","Apple LLVM 21.0.0 (clang-2100.3.34.2)"," -O3 -DNDEBUG -DPITO_ECS_OWNED_DELETE_ATOMIC=1",8,100000,pito,owned_update,ecs_get,8,0,81,17.278000
aalair,"Apple M3",8,"Darwin 27.0.0 arm64","Apple LLVM 21.0.0 (clang-2100.3.34.2)"," -O3 -DNDEBUG -DPITO_ECS_OWNED_DELETE_ATOMIC=1",8,100000,pito,owned_update,ecs_get,8,0,82,14.863000
aalair,"Apple M3",8,"Darwin 27.0.0 arm64","Apple LLVM 21.0.0 (clang-2100.3.34.2)"," -O3 -DNDEBUG -DPITO_ECS_OWNED_DELETE_ATOMIC=1",8,100000,pito,owned_update,ecs_get,8,0,83,10.318000
aalair,"Apple M3",8,"Darwin 27.0.0 arm64","Apple LLVM 21.0.0 (clang-2100.3.34.2)"," -O3 -DNDEBUG -DPITO_ECS_OWNED_DELETE_ATOMIC=1",8,100000,pito,owned_update,ecs_get,8,0,84,12.813000
aalair,"Apple M3",8,"Darwin 27.0.0 arm64","Apple LLVM 21.0.0 (clang-2100.3.34.2)"," -O3 -DNDEBUG -DPITO_ECS_OWNED_DELETE_ATOMIC=1",8,100000,pito,owned_update,ecs_get,8,0,85,13.252000
aalair,"Apple M3",8,"Darwin 27.0.0 arm64","Apple LLVM 21.0.0 (clang-2100.3.34.2)"," -O3 -DNDEBUG -DPITO_ECS_OWNED_DELETE_ATOMIC=1",8,100000,pito,owned_update,ecs_get,8,0,86,11.421000
aalair,"Apple M3",8,"Darwin 27.0.0 arm64","Apple LLVM 21.0.0 (clang-2100.3.34.2)"," -O3 -DNDEBUG -DPITO_ECS_OWNED_DELETE_ATOMIC=1",8,100000,pito,owned_update,ecs_get,8,0,87,11.008000
aalair,"Apple M3",8,"Darwin 27.0.0 arm64","Apple LLVM 21.0.0 (clang-2100.3.34.2)"," -O3 -DNDEBUG -DPITO_ECS_OWNED_DELETE_ATOMIC=1",8,100000,pito,owned_update,ecs_get,8,0,88,12.414000
aalair,"Apple M3",8,"Darwin 27.0.0 arm64","Apple LLVM 21.0.0 (clang-2100.3.34.2)"," -O3 -DNDEBUG -DPITO_ECS_OWNED_DELETE_ATOMIC=1",8,100000,pito,owned_update,ecs_get,8,0,89,9.911000
aalair,"Apple M3",8,"Darwin 27.0.0 arm64","Apple LLVM 21.0.0 (clang-2100.3.34.2)"," -O3 -DNDEBUG -DPITO_ECS_OWNED_DELETE_ATOMIC=1",8,100000,pito,owned_update,ecs_get,8,0,90,10.162000
aalair,"Apple M3",8,"Darwin 27.0.0 arm64","Apple LLVM 21.0.0 (clang-2100.3.34.2)"," -O3 -DNDEBUG -DPITO_ECS_OWNED_DELETE_ATOMIC=1",8,100000,pito,owned_update,ecs_get,8,0,91,10.400000
aalair,"Apple M3",8,"Darwin 27.0.0 arm64","Apple LLVM 21.0.0 (clang-2100.3.34.2)"," -O3 -DNDEBUG -DPITO_ECS_OWNED_DELETE_ATOMIC=1",8,100000,pito,owned_update,ecs_get,8,0,92,10.779000
aalair,"Apple M3",8,"Darwin 27.0.0 arm64","Apple LLVM 21.0.0 (clang-2100.3.34.2)"," -O3 -DNDEBUG -DPITO_ECS_OWNED_DELETE_ATOMIC=1",8,100000,pito,owned_update,ecs_get,8,0,93,12.370000
aalair,"Apple M3",8,"Darwin 27.0.0 arm64","Apple LLVM 21.0.0 (clang-2100.3.34.2)"," -O3 -DNDEBUG -DPITO_ECS_OWNED_DELETE_ATOMIC=1",8,100000,pito,owned_update,ecs_get,8,0,94,12.184000
aalair,"Apple M3",8,"Darwin 27.0.0 arm64","Apple LLVM 21.0.0 (clang-2100.3.34.2)"," -O3 -DNDEBUG -DPITO_ECS_OWNED_DELETE_ATOMIC=1",8,100000,pito,owned_update,ecs_get,8,0,95,10.701000
aalair,"Apple M3",8,"Darwin 27.0.0 arm64","Apple LLVM 21.0.0 (clang-2100.3.34.2)"," -O3 -DNDEBUG -DPITO_ECS_OWNED_DELETE_ATOMIC=1",8,100000,pito,owned_update,ecs_get,8,0,96,12.311000
aalair,"Apple M3",8,"Darwin 27.0.0 arm64","Apple LLVM 21.0.0 (clang-2100.3.34.2)"," -O3 -DNDEBUG -DPITO_ECS_OWNED_DELETE_ATOMIC=1",8,100000,pito,owned_update,ecs_get,8,0,97,11.326000
aalair,"Apple M3",8,"Darwin 27.0.0 arm64","Apple LLVM 21.0.0 (clang-2100.3.34.2)"," -O3 -DNDEBUG -DPITO_ECS_OWNED_DELETE_ATOMIC=1",8,100000,pito,owned_update,ecs_get,8,0,98,10.317000
aalair,"Apple M3",8,"Darwin 27.0.0 arm64","Apple LLVM 21.0.0 (clang-2100.3.34.2)"," -O3 -DNDEBUG -DPITO_ECS_OWNED_DELETE_ATOMIC=1",8,100000,pito,owned_update,ecs_get,8,0,99,14.012000
aalair,"Apple M3",8,"Darwin 27.0.0 arm64","Apple LLVM 21.0.0 (clang-2100.3.34.2)"," -O3 -DNDEBUG -DPITO_ECS_OWNED_DELETE_ATOMIC=1",8,100000,pito,owned_update,ecs_get,8,0,100,9.605000
aalair,"Apple M3",8,"Darwin 27.0.0 arm64","Apple LLVM 21.0.0 (clang-2100.3.34.2)"," -O3 -DNDEBUG -DPITO_ECS_OWNED_DELETE_ATOMIC=1",8,100000,pito,owned_update,ecs_get,8,10,1,10.057000
aalair,"Apple M3",8,"Darwin 27.0.0 arm64","Apple LLVM 21.0.0 (clang-2100.3.34.2)"," -O3 -DNDEBUG -DPITO_ECS_OWNED_DELETE_ATOMIC=1",8,100000,pito,owned_update,ecs_get,8,10,2,13.456000
aalair,"Apple M3",8,"Darwin 27.0.0 arm64","Apple LLVM 21.0.0 (clang-2100.3.34.2)"," -O3 -DNDEBUG -DPITO_ECS_OWNED_DELETE_ATOMIC=1",8,100000,pito,owned_update,ecs_get,8,10,3,12.104000
aalair,"Apple M3",8,"Darwin 27.0.0 arm64","Apple LLVM 21.0.0 (clang-2100.3.34.2)"," -O3 -DNDEBUG -DPITO_ECS_OWNED_DELETE_ATOMIC=1",8,100000,pito,owned_update,ecs_get,8,10,4,13.187000
aalair,"Apple M3",8,"Darwin 27.0.0 arm64","Apple LLVM 21.0.0 (clang-2100.3.34.2)"," -O3 -DNDEBUG -DPITO_ECS_OWNED_DELETE_ATOMIC=1",8,100000,pito,owned_update,ecs_get,8,10,5,9.909000
aalair,"Apple M3",8,"Darwin 27.0.0 arm64","Apple LLVM 21.0.0 (clang-2100.3.34.2)"," -O3 -DNDEBUG -DPITO_ECS_OWNED_DELETE_ATOMIC=1",8,100000,pito,owned_update,ecs_get,8,10,6,9.818000
aalair,"Apple M3",8,"Darwin 27.0.0 arm64","Apple LLVM 21.0.0 (clang-2100.3.34.2)"," -O3 -DNDEBUG -DPITO_ECS_OWNED_DELETE_ATOMIC=1",8,100000,pito,owned_update,ecs_get,8,10,7,13.573000
aalair,"Apple M3",8,"Darwin 27.0.0 arm64","Apple LLVM 21.0.0 (clang-2100.3.34.2)"," -O3 -DNDEBUG -DPITO_ECS_OWNED_DELETE_ATOMIC=1",8,100000,pito,owned_update,ecs_get,8,10,8,10.183000
aalair,"Apple M3",8,"Darwin 27.0.0 arm64","Apple LLVM 21.0.0 (clang-2100.3.34.2)"," -O3 -DNDEBUG -DPITO_ECS_OWNED_DELETE_ATOMIC=1",8,100000,pito,owned_update,ecs_get,8,10,9,10.199000
aalair,"Apple M3",8,"Darwin 27.0.0 arm64","Apple LLVM 21.0.0 (clang-2100.3.34.2)"," -O3 -DNDEBUG -DPITO_ECS_OWNED_DELETE_ATOMIC=1",8,100000,pito,owned_update,ecs_get,8,10,10,10.166000
aalair,"Apple M3",8,"Darwin 27.0.0 arm64","Apple LLVM 21.0.0 (clang-2100.3.34.2)"," -O3 -DNDEBUG -DPITO_ECS_OWNED_DELETE_ATOMIC=1",8,100000,pito,owned_update,ecs_get,8,10,11,12.169000
aalair,"Apple M3",8,"Darwin 27.0.0 arm64","Apple LLVM 21.0.0 (clang-2100.3.34.2)"," -O3 -DNDEBUG -DPITO_ECS_OWNED_DELETE_ATOMIC=1",8,100000,pito,owned_update,ecs_get,8,10,12,11.518000
aalair,"Apple M3",8,"Darwin 27.0.0 arm64","Apple LLVM 21.0.0 (clang-2100.3.34.2)"," -O3 -DNDEBUG -DPITO_ECS_OWNED_DELETE_ATOMIC=1",8,100000,pito,owned_update,ecs_get,8,10,13,10.320000
aalair,"Apple M3",8,"Darwin 27.0.0 arm64","Apple LLVM 21.0.0 (clang-2100.3.34.2)"," -O3 -DNDEBUG -DPITO_ECS_OWNED_DELETE_ATOMIC=1",8,100000,pito,owned_update,ecs_get,8,10,14,11.558000
aalair,"Apple M3",8,"Darwin 27.0.0 arm64","Apple LLVM 21.0.0 (clang-2100.3.34.2)"," -O3 -DNDEBUG -DPITO_ECS_OWNED_DELETE_ATOMIC=1",8,100000,pito,owned_update,ecs_get,8,10,15,10.168000
aalair,"Apple M3",8,"Darwin 27.0.0 arm64","Apple LLVM 21.0.0 (clang-2100.3.34.2)"," -O3 -DNDEBUG -DPITO_ECS_OWNED_DELETE_ATOMIC=1",8,100000,pito,owned_update,ecs_get,8,10,16,11.636000
aalair,"Apple M3",8,"Darwin 27.0.0 arm64","Apple LLVM 21.0.0 (clang-2100.3.34.2)"," -O3 -DNDEBUG -DPITO_ECS_OWNED_DELETE_ATOMIC=1",8,100000,pito,owned_update,ecs_get,8,10,17,10.280000
aalair,"Apple M3",8,"Darwin 27.0.0 arm64","Apple LLVM 21.0.0 (clang-2100.3.34.2)"," -O3 -DNDEBUG -DPITO_ECS_OWNED_DELETE_ATOMIC=1",8,100000,pito,owned_update,ecs_get,8,10,18,12.328000
aalair,"Apple M3",8,"Darwin 27.0.0 arm64","Apple LLVM 21.0.0 (clang-2100.3.34.2)"," -O3 -DNDEBUG -DPITO_ECS_OWNED_DELETE_ATOMIC=1",8,100000,pito,owned_update,ecs_get,8,10,19,13.632000
aalair,"Apple M3",8,"Darwin 27.0.0 arm64","Apple LLVM 21.0.0 (clang-2100.3.34.2)"," -O3 -DNDEBUG -DPITO_ECS_OWNED_DELETE_ATOMIC=1",8,100000,pito,owned_update,ecs_get,8,10,20,10.294000
aalair,"Apple M3",8,"Darwin 27.0.0 arm64","Apple LLVM 21.0.0 (clang-2100.3.34.2)"," -O3 -DNDEBUG -DPITO_ECS_OWNED_DELETE_ATOMIC=1",8,100000,pito,owned_update,ecs_get,8,10,21,10.018000
aalair,"Apple M3",8,"Darwin 27.0.0 arm64","Apple LLVM 21.0.0 (clang-2100.3.34.2)"," -O3 -DNDEBUG -DPITO_ECS_OWNED_DELETE_ATOMIC=1",8,100000,pito,owned_update,ecs_get,8,10,22,13.256000
aalair,"Apple M3",8,"Darwin 27.0.0 arm64","Apple LLVM 21.0.0 (clang-2100.3.34.2)"," -O3 -DNDEBUG -DPITO_ECS_OWNED_DELETE_ATOMIC=1",8,100000,pito,owned_update,ecs_get,8,10,23,14.493000
aalair,"Apple M3",8,"Darwin 27.0.0 arm64","Apple LLVM 21.0.0 (clang-2100.3.34.2)"," -O3 -DNDEBUG -DPITO_ECS_OWNED_DELETE_ATOMIC=1",8,100000,pito,owned_update,ecs_get,8,10,24,12.566000
aalair,"Apple M3",8,"Darwin 27.0.0 arm64","Apple LLVM 21.0.0 (clang-2100.3.34.2)"," -O3 -DNDEBUG -DPITO_ECS_OWNED_DELETE_ATOMIC=1",8,100000,pito,owned_update,ecs_get,8,10,25,14.184000
aalair,"Apple M3",8,"Darwin 27.0.0 arm64","Apple LLVM 21.0.0 (clang-2100.3.34.2)"," -O3 -DNDEBUG -DPITO_ECS_OWNED_DELETE_ATOMIC=1",8,100000,pito,owned_update,ecs_get,8,10,26,13.304000
aalair,"Apple M3",8,"Darwin 27.0.0 arm64","Apple LLVM 21.0.0 (clang-2100.3.34.2)"," -O3 -DNDEBUG -DPITO_ECS_OWNED_DELETE_ATOMIC=1",8,100000,pito,owned_update,ecs_get,8,10,27,10.220000
aalair,"Apple M3",8,"Darwin 27.0.0 arm64","Apple LLVM 21.0.0 (clang-2100.3.34.2)"," -O3 -DNDEBUG -DPITO_ECS_OWNED_DELETE_ATOMIC=1",8,100000,pito,owned_update,ecs_get,8,10,28,12.585000
aalair,"Apple M3",8,"Darwin 27.0.0 arm64","Apple LLVM 21.0.0 (clang-2100.3.34.2)"," -O3 -DNDEBUG -DPITO_ECS_OWNED_DELETE_ATOMIC=1",8,100000,pito,owned_update,ecs_get,8,10,29,10.031000
aalair,"Apple M3",8,"Darwin 27.0.0 arm64","Apple LLVM 21.0.0 (clang-2100.3.34.2)"," -O3 -DNDEBUG -DPITO_ECS_OWNED_DELETE_ATOMIC=1",8,100000,pito,owned_update,ecs_get,8,10,30,14.841000
aalair,"Apple M3",8,"Darwin 27.0.0 arm64","Apple LLVM 21.0.0 (clang-2100.3.34.2)"," -O3 -DNDEBUG -DPITO_ECS_OWNED_DELETE_ATOMIC=1",8,100000,pito,owned_update,ecs_get,8,10,31,9.653000
aalair,"Apple M3",8,"Darwin 27.0.0 arm64","Apple LLVM 21.0.0 (clang-2100.3.34.2)"," -O3 -DNDEBUG -DPITO_ECS_OWNED_DELETE_ATOMIC=1",8,100000,pito,owned_update,ecs_get,8,10,32,9.858000
aalair,"Apple M3",8,"Darwin 27.0.0 arm64","Apple LLVM 21.0.0 (clang-2100.3.34.2)"," -O3 -DNDEBUG -DPITO_ECS_OWNED_DELETE_ATOMIC=1",8,100000,pito,owned_update,ecs_get,8,10,33,10.308000
aalair,"Apple M3",8,"Darwin 27.0.0 arm64","Apple LLVM 21.0.0 (clang-2100.3.34.2)"," -O3 -DNDEBUG -DPITO_ECS_OWNED_DELETE_ATOMIC=1",8,100000,pito,owned_update,ecs_get,8,10,34,10.115000
aalair,"Apple M3",8,"Darwin 27.0.0 arm64","Apple LLVM 21.0.0 (clang-2100.3.34.2)"," -O3 -DNDEBUG -DPITO_ECS_OWNED_DELETE_ATOMIC=1",8,100000,pito,owned_update,ecs_get,8,10,35,11.803000
aalair,"Apple M3",8,"Darwin 27.0.0 arm64","Apple LLVM 21.0.0 (clang-2100.3.34.2)"," -O3 -DNDEBUG -DPITO_ECS_OWNED_DELETE_ATOMIC=1",8,100000,pito,owned_update,ecs_get,8,10,36,11.704000
aalair,"Apple M3",8,"Darwin 27.0.0 arm64","Apple LLVM 21.0.0 (clang-2100.3.34.2)"," -O3 -DNDEBUG -DPITO_ECS_OWNED_DELETE_ATOMIC=1",8,100000,pito,owned_update,ecs_get,8,10,37,12.128000
aalair,"Apple M3",8,"Darwin 27.0.0 arm64","Apple LLVM 21.0.0 (clang-2100.3.34.2)"," -O3 -DNDEBUG -DPITO_ECS_OWNED_DELETE_ATOMIC=1",8,100000,pito,owned_update,ecs_get,8,10,38,11.710000
aalair,"Apple M3",8,"Darwin 27.0.0 arm64","Apple LLVM 21.0.0 (clang-2100.3.34.2)"," -O3 -DNDEBUG -DPITO_ECS_OWNED_DELETE_ATOMIC=1",8,100000,pito,owned_update,ecs_get,8,10,39,12.751000
aalair,"Apple M3",8,"Darwin 27.0.0 arm64","Apple LLVM 21.0.0 (clang-2100.3.34.2)"," -O3 -DNDEBUG -DPITO_ECS_OWNED_DELETE_ATOMIC=1",8,100000,pito,owned_update,ecs_get,8,10,40,17.146000
aalair,"Apple M3",8,"Darwin 27.0.0 arm64","Apple LLVM 21.0.0 (clang-2100.3.34.2)"," -O3 -DNDEBUG -DPITO_ECS_OWNED_DELETE_ATOMIC=1",8,100000,pito,owned_update,ecs_get,8,10,41,12.310000
aalair,"Apple M3",8,"Darwin 27.0.0 arm64","Apple LLVM 21.0.0 (clang-2100.3.34.2)"," -O3 -DNDEBUG -DPITO_ECS_OWNED_DELETE_ATOMIC=1",8,100000,pito,owned_update,ecs_get,8,10,42,11.700000
aalair,"Apple M3",8,"Darwin 27.0.0 arm64","Apple LLVM 21.0.0 (clang-2100.3.34.2)"," -O3 -DNDEBUG -DPITO_ECS_OWNED_DELETE_ATOMIC=1",8,100000,pito,owned_update,ecs_get,8,10,43,10.917000
aalair,"Apple M3",8,"Darwin 27.0.0 arm64","Apple LLVM 21.0.0 (clang-2100.3.34.2)"," -O3 -DNDEBUG -DPITO_ECS_OWNED_DELETE_ATOMIC=1",8,100000,pito,owned_update,ecs_get,8,10,44,11.503000
aalair,"Apple M3",8,"Darwin 27.0.0 arm64","Apple LLVM 21.0.0 (clang-2100.3.34.2)"," -O3 -DNDEBUG -DPITO_ECS_OWNED_DELETE_ATOMIC=1",8,100000,pito,owned_update,ecs_get,8,10,45,11.519000
aalair,"Apple M3",8,"Darwin 27.0.0 arm64","Apple LLVM 21.0.0 (clang-2100.3.34.2)"," -O3 -DNDEBUG -DPITO_ECS_OWNED_DELETE_ATOMIC=1",8,100000,pito,owned_update,ecs_get,8,10,46,15.991000
aalair,"Apple M3",8,"Darwin 27.0.0 arm64","Apple LLVM 21.0.0 (clang-2100.3.34.2)"," -O3 -DNDEBUG -DPITO_ECS_OWNED_DELETE_ATOMIC=1",8,100000,pito,owned_update,ecs_get,8,10,47,9.878000
aalair,"Apple M3",8,"Darwin 27.0.0 arm64","Apple LLVM 21.0.0 (clang-2100.3.34.2)"," -O3 -DNDEBUG -DPITO_ECS_OWNED_DELETE_ATOMIC=1",8,100000,pito,owned_update,ecs_get,8,10,48,10.264000
aalair,"Apple M3",8,"Darwin 27.0.0 arm64","Apple LLVM 21.0.0 (clang-2100.3.34.2)"," -O3 -DNDEBUG -DPITO_ECS_OWNED_DELETE_ATOMIC=1",8,100000,pito,owned_update,ecs_get,8,10,49,17.376000
aalair,"Apple M3",8,"Darwin 27.0.0 arm64","Apple LLVM 21.0.0 (clang-2100.3.34.2)"," -O3 -DNDEBUG -DPITO_ECS_OWNED_DELETE_ATOMIC=1",8,100000,pito,owned_update,ecs_get,8,10,50,10.437000
aalair,"Apple M3",8,"Darwin 27.0.0 arm64","Apple LLVM 21.0.0 (clang-2100.3.34.2)"," -O3 -DNDEBUG -DPITO_ECS_OWNED_DELETE_ATOMIC=1",8,100000,pito,owned_update,ecs_get,8,10,51,12.285000
aalair,"Apple M3",8,"Darwin 27.0.0 arm64","Apple LLVM 21.0.0 (clang-2100.3.34.2)"," -O3 -DNDEBUG -DPITO_ECS_OWNED_DELETE_ATOMIC=1",8,100000,pito,owned_update,ecs_get,8,10,52,10.480000
aalair,"Apple M3",8,"Darwin 27.0.0 arm64","Apple LLVM 21.0.0 (clang-2100.3.34.2)"," -O3 -DNDEBUG -DPITO_ECS_OWNED_DELETE_ATOMIC=1",8,100000,pito,owned_update,ecs_get,8,10,53,10.178000
aalair,"Apple M3",8,"Darwin 27.0.0 arm64","Apple LLVM 21.0.0 (clang-2100.3.34.2)"," -O3 -DNDEBUG -DPITO_ECS_OWNED_DELETE_ATOMIC=1",8,100000,pito,owned_update,ecs_get,8,10,54,13.563000
aalair,"Apple M3",8,"Darwin 27.0.0 arm64","Apple LLVM 21.0.0 (clang-2100.3.34.2)"," -O3 -DNDEBUG -DPITO_ECS_OWNED_DELETE_ATOMIC=1",8,100000,pito,owned_update,ecs_get,8,10,55,10.227000
aalair,"Apple M3",8,"Darwin 27.0.0 arm64","Apple LLVM 21.0.0 (clang-2100.3.34.2)"," -O3 -DNDEBUG -DPITO_ECS_OWNED_DELETE_ATOMIC=1",8,100000,pito,owned_update,ecs_get,8,10,56,11.926000
aalair,"Apple M3",8,"Darwin 27.0.0 arm64","Apple LLVM 21.0.0 (clang-2100.3.34.2)"," -O3 -DNDEBUG -DPITO_ECS_OWNED_DELETE_ATOMIC=1",8,100000,pito,owned_update,ecs_get,8,10,57,11.855000
aalair,"Apple M3",8,"Darwin 27.0.0 arm64","Apple LLVM 21.0.0 (clang-2100.3.34.2)"," -O3 -DNDEBUG -DPITO_ECS_OWNED_DELETE_ATOMIC=1",8,100000,pito,owned_update,ecs_get,8,10,58,10.276000
aalair,"Apple M3",8,"Darwin 27.0.0 arm64","Apple LLVM 21.0.0 (clang-2100.3.34.2)"," -O3 -DNDEBUG -DPITO_ECS_OWNED_DELETE_ATOMIC=1",8,100000,pito,owned_update,ecs_get,8,10,59,11.518000
aalair,"Apple M3",8,"Darwin 27.0.0 arm64","Apple LLVM 21.0.0 (clang-2100.3.34.2)"," -O3 -DNDEBUG -DPITO_ECS_OWNED_DELETE_ATOMIC=1",8,100000,pito,owned_update,ecs_get,8,10,60,13.812000
aalair,"Apple M3",8,"Darwin 27.0.0 arm64","Apple LLVM 21.0.0 (clang-2100.3.34.2)"," -O3 -DNDEBUG -DPITO_ECS_OWNED_DELETE_ATOMIC=1",8,100000,pito,owned_update,ecs_get,8,10,61,10.234000
aalair,"Apple M3",8,"Darwin 27.0.0 arm64","Apple LLVM 21.0.0 (clang-2100.3.34.2)"," -O3 -DNDEBUG -DPITO_ECS_OWNED_DELETE_ATOMIC=1",8,100000,pito,owned_update,ecs_get,8,10,62,12.466000
aalair,"Apple M3",8,"Darwin 27.0.0 arm64","Apple LLVM 21.0.0 (clang-2100.3.34.2)"," -O3 -DNDEBUG -DPITO_ECS_OWNED_DELETE_ATOMIC=1",8,100000,pito,owned_update,ecs_get,8,10,63,10.392000
aalair,"Apple M3",8,"Darwin 27.0.0 arm64","Apple LLVM 21.0.0 (clang-2100.3.34.2)"," -O3 -DNDEBUG -DPITO_ECS_OWNED_DELETE_ATOMIC=1",8,100000,pito,owned_update,ecs_get,8,10,64,15.084000
aalair,"Apple M3",8,"Darwin 27.0.0 arm64","Apple LLVM 21.0.0 (clang-2100.3.34.2)"," -O3 -DNDEBUG -DPITO_ECS_OWNED_DELETE_ATOMIC=1",8,100000,pito,owned_update,ecs_get,8,10,65,18.271000
aalair,"Apple M3",8,"Darwin 27.0.0 arm64","Apple LLVM 21.0.0 (clang-2100.3.34.2)"," -O3 -DNDEBUG -DPITO_ECS_OWNED_DELETE_ATOMIC=1",8,100000,pito,owned_update,ecs_get,8,10,66,12.780000
aalair,"Apple M3",8,"Darwin 27.0.0 arm64","Apple LLVM 21.0.0 (clang-2100.3.34.2)"," -O3 -DNDEBUG -DPITO_ECS_OWNED_DELETE_ATOMIC=1",8,100000,pito,owned_update,ecs_get,8,10,67,12.008000
aalair,"Apple M3",8,"Darwin 27.0.0 arm64","Apple LLVM 21.0.0 (clang-2100.3.34.2)"," -O3 -DNDEBUG -DPITO_ECS_OWNED_DELETE_ATOMIC=1",8,100000,pito,owned_update,ecs_get,8,10,68,10.308000
aalair,"Apple M3",8,"Darwin 27.0.0 arm64","Apple LLVM 21.0.0 (clang-2100.3.34.2)"," -O3 -DNDEBUG -DPITO_ECS_OWNED_DELETE_ATOMIC=1",8,100000,pito,owned_update,ecs_get,8,10,69,11.727000
aalair,"Apple M3",8,"Darwin 27.0.0 arm64","Apple LLVM 21.0.0 (clang-2100.3.34.2)"," -O3 -DNDEBUG -DPITO_ECS_OWNED_DELETE_ATOMIC=1",8,100000,pito,owned_update,ecs_get,8,10,70,10.075000
aalair,"Apple M3",8,"Darwin 27.0.0 arm64","Apple LLVM 21.0.0 (clang-2100.3.34.2)"," -O3 -DNDEBUG -DPITO_ECS_OWNED_DELETE_ATOMIC=1",8,100000,pito,owned_update,ecs_get,8,10,71,10.690000
aalair,"Apple M3",8,"Darwin 27.0.0 arm64","Apple LLVM 21.0.0 (clang-2100.3.34.2)"," -O3 -DNDEBUG -DPITO_ECS_OWNED_DELETE_ATOMIC=1",8,100000,pito,owned_update,ecs_get,8,10,72,10.732000
aalair,"Apple M3",8,"Darwin 27.0.0 arm64","Apple LLVM 21.0.0 (clang-2100.3.34.2)"," -O3 -DNDEBUG -DPITO_ECS_OWNED_DELETE_ATOMIC=1",8,100000,pito,owned_update,ecs_get,8,10,73,12.232000
aalair,"Apple M3",8,"Darwin 27.0.0 arm64","Apple LLVM 21.0.0 (clang-2100.3.34.2)"," -O3 -DNDEBUG -DPITO_ECS_OWNED_DELETE_ATOMIC=1",8,100000,pito,owned_update,ecs_get,8,10,74,11.816000
aalair,"Apple M3",8,"Darwin 27.0.0 arm64","Apple LLVM 21.0.0 (clang-2100.3.34.2)"," -O3 -DNDEBUG -DPITO_ECS_OWNED_DELETE_ATOMIC=1",8,100000,pito,owned_update,ecs_get,8,10,75,15.226000
aalair,"Apple M3",8,"Darwin 27.0.0 arm64","Apple LLVM 21.0.0 (clang-2100.3.34.2)"," -O3 -DNDEBUG -DPITO_ECS_OWNED_DELETE_ATOMIC=1",8,100000,pito,owned_update,ecs_get,8,10,76,10.196000
aalair,"Apple M3",8,"Darwin 27.0.0 arm64","Apple LLVM 21.0.0 (clang-2100.3.34.2)"," -O3 -DNDEBUG -DPITO_ECS_OWNED_DELETE_ATOMIC=1",8,100000,pito,owned_update,ecs_get,8,10,77,13.738000
aalair,"Apple M3",8,"Darwin 27.0.0 arm64","Apple LLVM 21.0.0 (clang-2100.3.34.2)"," -O3 -DNDEBUG -DPITO_ECS_OWNED_DELETE_ATOMIC=1",8,100000,pito,owned_update,ecs_get,8,10,78,12.425000
aalair,"Apple M3",8,"Darwin 27.0.0 arm64","Apple LLVM 21.0.0 (clang-2100.3.34.2)"," -O3 -DNDEBUG -DPITO_ECS_OWNED_DELETE_ATOMIC=1",8,100000,pito,owned_update,ecs_get,8,10,79,10.820000
aalair,"Apple M3",8,"Darwin 27.0.0 arm64","Apple LLVM 21.0.0 (clang-2100.3.34.2)"," -O3 -DNDEBUG -DPITO_ECS_OWNED_DELETE_ATOMIC=1",8,100000,pito,owned_update,ecs_get,8,10,80,11.795000
aalair,"Apple M3",8,"Darwin 27.0.0 arm64","Apple LLVM 21.0.0 (clang-2100.3.34.2)"," -O3 -DNDEBUG -DPITO_ECS_OWNED_DELETE_ATOMIC=1",8,100000,pito,owned_update,ecs_get,8,10,81,10.226000
aalair,"Apple M3",8,"Darwin 27.0.0 arm64","Apple LLVM 21.0.0 (clang-2100.3.34.2)"," -O3 -DNDEBUG -DPITO_ECS_OWNED_DELETE_ATOMIC=1",8,100000,pito,owned_update,ecs_get,8,10,82,12.231000
aalair,"Apple M3",8,"Darwin 27.0.0 arm64","Apple LLVM 21.0.0 (clang-2100.3.34.2)"," -O3 -DNDEBUG -DPITO_ECS_OWNED_DELETE_ATOMIC=1",8,100000,pito,owned_update,ecs_get,8,10,83,13.345000
aalair,"Apple M3",8,"Darwin 27.0.0 arm64","Apple LLVM 21.0.0 (clang-2100.3.34.2)"," -O3 -DNDEBUG -DPITO_ECS_OWNED_DELETE_ATOMIC=1",8,100000,pito,owned_update,ecs_get,8,10,84,9.946000
aalair,"Apple M3",8,"Darwin 27.0.0 arm64","Apple LLVM 21.0.0 (clang-2100.3.34.2)"," -O3 -DNDEBUG -DPITO_ECS_OWNED_DELETE_ATOMIC=1",8,100000,pito,owned_update,ecs_get,8,10,85,10.446000
aalair,"Apple M3",8,"Darwin 27.0.0 arm64","Apple LLVM 21.0.0 (clang-2100.3.34.2)"," -O3 -DNDEBUG -DPITO_ECS_OWNED_DELETE_ATOMIC=1",8,100000,pito,owned_update,ecs_get,8,10,86,10.932000
aalair,"Apple M3",8,"Darwin 27.0.0 arm64","Apple LLVM 21.0.0 (clang-2100.3.34.2)"," -O3 -DNDEBUG -DPITO_ECS_OWNED_DELETE_ATOMIC=1",8,100000,pito,owned_update,ecs_get,8,10,87,10.218000
aalair,"Apple M3",8,"Darwin 27.0.0 arm64","Apple LLVM 21.0.0 (clang-2100.3.34.2)"," -O3 -DNDEBUG -DPITO_ECS_OWNED_DELETE_ATOMIC=1",8,100000,pito,owned_update,ecs_get,8,10,88,9.766000
aalair,"Apple M3",8,"Darwin 27.0.0 arm64","Apple LLVM 21.0.0 (clang-2100.3.34.2)"," -O3 -DNDEBUG -DPITO_ECS_OWNED_DELETE_ATOMIC=1",8,100000,pito,owned_update,ecs_get,8,10,89,11.324000
aalair,"Apple M3",8,"Darwin 27.0.0 arm64","Apple LLVM 21.0.0 (clang-2100.3.34.2)"," -O3 -DNDEBUG -DPITO_ECS_OWNED_DELETE_ATOMIC=1",8,100000,pito,owned_update,ecs_get,8,10,90,13.820000
aalair,"Apple M3",8,"Darwin 27.0.0 arm64","Apple LLVM 21.0.0 (clang-2100.3.34.2)"," -O3 -DNDEBUG -DPITO_ECS_OWNED_DELETE_ATOMIC=1",8,100000,pito,owned_update,ecs_get,8,10,91,9.946000
aalair,"Apple M3",8,"Darwin 27.0.0 arm64","Apple LLVM 21.0.0 (clang-2100.3.34.2)"," -O3 -DNDEBUG -DPITO_ECS_OWNED_DELETE_ATOMIC=1",8,100000,pito,owned_update,ecs_get,8,10,92,10.285000
aalair,"Apple M3",8,"Darwin 27.0.0 arm64","Apple LLVM 21.0.0 (clang-2100.3.34.2)"," -O3 -DNDEBUG -DPITO_ECS_OWNED_DELETE_ATOMIC=1",8,100000,pito,owned_update,ecs_get,8,10,93,12.958000
aalair,"Apple M3",8,"Darwin 27.0.0 arm64","Apple LLVM 21.0.0 (clang-2100.3.34.2)"," -O3 -DNDEBUG -DPITO_ECS_OWNED_DELETE_ATOMIC=1",8,100000,pito,owned_update,ecs_get,8,10,94,12.525000
aalair,"Apple M3",8,"Darwin 27.0.0 arm64","Apple LLVM 21.0.0 (clang-2100.3.34.2)"," -O3 -DNDEBUG -DPITO_ECS_OWNED_DELETE_ATOMIC=1",8,100000,pito,owned_update,ecs_get,8,10,95,10.051000
aalair,"Apple M3",8,"Darwin 27.0.0 arm64","Apple LLVM 21.0.0 (clang-2100.3.34.2)"," -O3 -DNDEBUG -DPITO_ECS_OWNED_DELETE_ATOMIC=1",8,100000,pito,owned_update,ecs_get,8,10,96,12.193000
aalair,"Apple M3",8,"Darwin 27.0.0 arm64","Apple LLVM 21.0.0 (clang-2100.3.34.2)"," -O3 -DNDEBUG -DPITO_ECS_OWNED_DELETE_ATOMIC=1",8,100000,pito,owned_update,ecs_get,8,10,97,11.651000
aalair,"Apple M3",8,"Darwin 27.0.0 arm64","Apple LLVM 21.0.0 (clang-2100.3.34.2)"," -O3 -DNDEBUG -DPITO_ECS_OWNED_DELETE_ATOMIC=1",8,100000,pito,owned_update,ecs_get,8,10,98,9.812000
aalair,"Apple M3",8,"Darwin 27.0.0 arm64","Apple LLVM 21.0.0 (clang-2100.3.34.2)"," -O3 -DNDEBUG -DPITO_ECS_OWNED_DELETE_ATOMIC=1",8,100000,pito,owned_update,ecs_get,8,10,99,13.598000
aalair,"Apple M3",8,"Darwin 27.0.0 arm64","Apple LLVM 21.0.0 (clang-2100.3.34.2)"," -O3 -DNDEBUG -DPITO_ECS_OWNED_DELETE_ATOMIC=1",8,100000,pito,owned_update,ecs_get,8,10,100,11.440000
aalair,"Apple M3",8,"Darwin 27.0.0 arm64","Apple LLVM 21.0.0 (clang-2100.3.34.2)"," -O3 -DNDEBUG -DPITO_ECS_OWNED_DELETE_ATOMIC=1",8,100000,pito,owned_update,ecs_get,8,500,1,74.363000
aalair,"Apple M3",8,"Darwin 27.0.0 arm64","Apple LLVM 21.0.0 (clang-2100.3.34.2)"," -O3 -DNDEBUG -DPITO_ECS_OWNED_DELETE_ATOMIC=1",8,100000,pito,owned_update,ecs_get,8,500,2,74.793000
aalair,"Apple M3",8,"Darwin 27.0.0 arm64","Apple LLVM 21.0.0 (clang-2100.3.34.2)"," -O3 -DNDEBUG -DPITO_ECS_OWNED_DELETE_ATOMIC=1",8,100000,pito,owned_update,ecs_get,8,500,3,77.339000
aalair,"Apple M3",8,"Darwin 27.0.0 arm64","Apple LLVM 21.0.0 (clang-2100.3.34.2)"," -O3 -DNDEBUG -DPITO_ECS_OWNED_DELETE_ATOMIC=1",8,100000,pito,owned_update,ecs_get,8,500,4,75.893000
aalair,"Apple M3",8,"Darwin 27.0.0 arm64","Apple LLVM 21.0.0 (clang-2100.3.34.2)"," -O3 -DNDEBUG -DPITO_ECS_OWNED_DELETE_ATOMIC=1",8,100000,pito,owned_update,ecs_get,8,500,5,70.711000
aalair,"Apple M3",8,"Darwin 27.0.0 arm64","Apple LLVM 21.0.0 (clang-2100.3.34.2)"," -O3 -DNDEBUG -DPITO_ECS_OWNED_DELETE_ATOMIC=1",8,100000,pito,owned_update,ecs_get,8,500,6,73.995000
aalair,"Apple M3",8,"Darwin 27.0.0 arm64","Apple LLVM 21.0.0 (clang-2100.3.34.2)"," -O3 -DNDEBUG -DPITO_ECS_OWNED_DELETE_ATOMIC=1",8,100000,pito,owned_update,ecs_get,8,500,7,70.523000
aalair,"Apple M3",8,"Darwin 27.0.0 arm64","Apple LLVM 21.0.0 (clang-2100.3.34.2)"," -O3 -DNDEBUG -DPITO_ECS_OWNED_DELETE_ATOMIC=1",8,100000,pito,owned_update,ecs_get,8,500,8,72.475000
aalair,"Apple M3",8,"Darwin 27.0.0 arm64","Apple LLVM 21.0.0 (clang-2100.3.34.2)"," -O3 -DNDEBUG -DPITO_ECS_OWNED_DELETE_ATOMIC=1",8,100000,pito,owned_update,ecs_get,8,500,9,68.194000
aalair,"Apple M3",8,"Darwin 27.0.0 arm64","Apple LLVM 21.0.0 (clang-2100.3.34.2)"," -O3 -DNDEBUG -DPITO_ECS_OWNED_DELETE_ATOMIC=1",8,100000,pito,owned_update,ecs_get,8,500,10,72.906000
aalair,"Apple M3",8,"Darwin 27.0.0 arm64","Apple LLVM 21.0.0 (clang-2100.3.34.2)"," -O3 -DNDEBUG -DPITO_ECS_OWNED_DELETE_ATOMIC=1",8,100000,pito,owned_update,ecs_get,8,500,11,73.294000
aalair,"Apple M3",8,"Darwin 27.0.0 arm64","Apple LLVM 21.0.0 (clang-2100.3.34.2)"," -O3 -DNDEBUG -DPITO_ECS_OWNED_DELETE_ATOMIC=1",8,100000,pito,owned_update,ecs_get_raw,1,0,1,0.359000
aalair,"Apple M3",8,"Darwin 27.0.0 arm64","Apple LLVM 21.0.0 (clang-2100.3.34.2)"," -O3 -DNDEBUG -DPITO_ECS_OWNED_DELETE_ATOMIC=1",8,100000,pito,owned_update,ecs_get_raw,1,0,2,0.353000
aalair,"Apple M3",8,"Darwin 27.0.0 arm64","Apple LLVM 21.0.0 (clang-2100.3.34.2)"," -O3 -DNDEBUG -DPITO_ECS_OWNED_DELETE_ATOMIC=1",8,100000,pito,owned_update,ecs_get_raw,1,0,3,0.350000
aalair,"Apple M3",8,"Darwin 27.0.0 arm64","Apple LLVM 21.0.0 (clang-2100.3.34.2)"," -O3 -DNDEBUG -DPITO_ECS_OWNED_DELETE_ATOMIC=1",8,100000,pito,owned_update,ecs_get_raw,1,0,4,0.362000
aalair,"Apple M3",8,"Darwin 27.0.0 arm64","Apple LLVM 21.0.0 (clang-2100.3.34.2)"," -O3 -DNDEBUG -DPITO_ECS_OWNED_DELETE_ATOMIC=1",8,100000,pito,owned_update,ecs_get_raw,1,0,5,0.363000
aalair,"Apple M3",8,"Darwin 27.0.0 arm64","Apple LLVM 21.0.0 (clang-2100.3.34.2)"," -O3 -DNDEBUG -DPITO_ECS_OWNED_DELETE_ATOMIC=1",8,100000,pito,owned_update,ecs_get_raw,1,0,6,0.370000
aalair,"Apple M3",8,"Darwin 27.0.0 arm64","Apple LLVM 21.0.0 (clang-2100.3.34.2)"," -O3 -DNDEBUG -DPITO_ECS_OWNED_DELETE_ATOMIC=1",8,100000,pito,owned_update,ecs_get_raw,1,0,7,0.373000
aalair,"Apple M3",8,"Darwin 27.0.0 arm64","Apple LLVM 21.0.0 (clang-2100.3.34.2)"," -O3 -DNDEBUG -DPITO_ECS_OWNED_DELETE_ATOMIC=1",8,100000,pito,owned_update,ecs_get_raw,1,0,8,0.371000
aalair,"Apple M3",8,"Darwin 27.0.0 arm64","Apple LLVM 21.0.0 (clang-2100.3.34.2)"," -O3 -DNDEBUG -DPITO_ECS_OWNED_DELETE_ATOMIC=1",8,100000,pito,owned_update,ecs_get_raw,1,0,9,0.360000
aalair,"Apple M3",8,"Darwin 27.0.0 arm64","Apple LLVM 21.0.0 (clang-2100.3.34.2)"," -O3 -DNDEBUG -DPITO_ECS_OWNED_DELETE_ATOMIC=1",8,100000,pito,owned_update,ecs_get_raw,1,0,10,0.366000
aalair,"Apple M3",8,"Darwin 27.0.0 arm64","Apple LLVM 21.0.0 (clang-2100.3.34.2)"," -O3 -DNDEBUG -DPITO_ECS_OWNED_DELETE_ATOMIC=1",8,100000,pito,owned_update,ecs_get_raw,1,10,1,2.766000
aalair,"Apple M3",8,"Darwin 27.0.0 arm64","Apple LLVM 21.0.0 (clang-2100.3.34.2)"," -O3 -DNDEBUG -DPITO_ECS_OWNED_DELETE_ATOMIC=1",8,100000,pito,owned_update,ecs_get_raw,1,10,2,2.693000
aalair,"Apple M3",8,"Darwin 27.0.0 arm64","Apple LLVM 21.0.0 (clang-2100.3.34.2)"," -O3 -DNDEBUG -DPITO_ECS_OWNED_DELETE_ATOMIC=1",8,100000,pito,owned_update,ecs_get_raw,1,10,3,2.549000
aalair,"Apple M3",8,"Darwin 27.0.0 arm64","Apple LLVM 21.0.0 (clang-2100.3.34.2)"," -O3 -DNDEBUG -DPITO_ECS_OWNED_DELETE_ATOMIC=1",8,100000,pito,owned_update,ecs_get_raw,1,10,4,2.552000
aalair,"Apple M3",8,"Darwin 27.0.0 arm64","Apple LLVM 21.0.0 (clang-2100.3.34.2)"," -O3 -DNDEBUG -DPITO_ECS_OWNED_DELETE_ATOMIC=1",8,100000,pito,owned_update,ecs_get_raw,1,10,5,2.560000
aalair,"Apple M3",8,"Darwin 27.0.0 arm64","Apple LLVM 21.0.0 (clang-2100.3.34.2)"," -O3 -DNDEBUG -DPITO_ECS_OWNED_DELETE_ATOMIC=1",8,100000,pito,owned_update,ecs_get_raw,1,10,6,2.568000
aalair,"Apple M3",8,"Darwin 27.0.0 arm64","Apple LLVM 21.0.0 (clang-2100.3.34.2)"," -O3 -DNDEBUG -DPITO_ECS_OWNED_DELETE_ATOMIC=1",8,100000,pito,owned_update,ecs_get_raw,1,10,7,2.553000
aalair,"Apple M3",8,"Darwin 27.0.0 arm64","Apple LLVM 21.0.0 (clang-2100.3.34.2)"," -O3 -DNDEBUG -DPITO_ECS_OWNED_DELETE_ATOMIC=1",8,100000,pito,owned_update,ecs_get_raw,1,10,8,2.556000
aalair,"Apple M3",8,"Darwin 27.0.0 arm64","Apple LLVM 21.0.0 (clang-2100.3.34.2)"," -O3 -DNDEBUG -DPITO_ECS_OWNED_DELETE_ATOMIC=1",8,100000,pito,owned_update,ecs_get_raw,1,10,9,2.554000
aalair,"Apple M3",8,"Darwin 27.0.0 arm64","Apple LLVM 21.0.0 (clang-2100.3.34.2)"," -O3 -DNDEBUG -DPITO_ECS_OWNED_DELETE_ATOMIC=1",8,100000,pito,owned_update,ecs_get_raw,1,10,10,2.567000
aalair,"Apple M3",8,"Darwin 27.0.0 arm64","Apple LLVM 21.0.0 (clang-2100.3.34.2)"," -O3 -DNDEBUG -DPITO_ECS_OWNED_DELETE_ATOMIC=1",8,100000,pito,owned_update,ecs_get_raw,1,10,11,2.552000
aalair,"Apple M3",8,"Darwin 27.0.0 arm64","Apple LLVM 21.0.0 (clang-2100.3.34.2)"," -O3 -DNDEBUG -DPITO_ECS_OWNED_DELETE_ATOMIC=1",8,100000,pito,owned_update,ecs_get_raw,1,10,12,2.554000
aalair,"Apple M3",8,"Darwin 27.0.0 arm64","Apple LLVM 21.0.0 (clang-2100.3.34.2)"," -O3 -DNDEBUG -DPITO_ECS_OWNED_DELETE_ATOMIC=1",8,100000,pito,owned_update,ecs_get_raw,1,10,13,2.563000
aalair,"Apple M3",8,"Darwin 27.0.0 arm64","Apple LLVM 21.0.0 (clang-2100.3.34.2)"," -O3 -DNDEBUG -DPITO_ECS_OWNED_DELETE_ATOMIC=1",8,100000,pito,owned_update,ecs_get_raw,1,10,14,2.561000
aalair,"Apple M3",8,"Darwin 27.0.0 arm64","Apple LLVM 21.0.0 (clang-2100.3.34.2)"," -O3 -DNDEBUG -DPITO_ECS_OWNED_DELETE_ATOMIC=1",8,100000,pito,owned_update,ecs_get_raw,1,500,1,339.143000
aalair,"Apple M3",8,"Darwin 27.0.0 arm64","Apple LLVM 21.0.0 (clang-2100.3.34.2)"," -O3 -DNDEBUG -DPITO_ECS_OWNED_DELETE_ATOMIC=1",8,100000,pito,owned_update,ecs_get_raw,1,500,2,338.897000
aalair,"Apple M3",8,"Darwin 27.0.0 arm64","Apple LLVM 21.0.0 (clang-2100.3.34.2)"," -O3 -DNDEBUG -DPITO_ECS_OWNED_DELETE_ATOMIC=1",8,100000,pito,owned_update,ecs_get_raw,1,500,3,339.092000
aalair,"Apple M3",8,"Darwin 27.0.0 arm64","Apple LLVM 21.0.0 (clang-2100.3.34.2)"," -O3 -DNDEBUG -DPITO_ECS_OWNED_DELETE_ATOMIC=1",8,100000,pito,owned_update,ecs_get_raw,1,500,4,339.006000
aalair,"Apple M3",8,"Darwin 27.0.0 arm64","Apple LLVM 21.0.0 (clang-2100.3.34.2)"," -O3 -DNDEBUG -DPITO_ECS_OWNED_DELETE_ATOMIC=1",8,100000,pito,owned_update,ecs_get_raw,1,500,5,339.101000
aalair,"Apple M3",8,"Darwin 27.0.0 arm64","Apple LLVM 21.0.0 (clang-2100.3.34.2)"," -O3 -DNDEBUG -DPITO_ECS_OWNED_DELETE_ATOMIC=1",8,100000,pito,owned_update,ecs_get_raw,1,500,6,341.768000
aalair,"Apple M3",8,"Darwin 27.0.0 arm64","Apple LLVM 21.0.0 (clang-2100.3.34.2)"," -O3 -DNDEBUG -DPITO_ECS_OWNED_DELETE_ATOMIC=1",8,100000,pito,owned_update,ecs_get_raw,1,500,7,339.030000
aalair,"Apple M3",8,"Darwin 27.0.0 arm64","Apple LLVM 21.0.0 (clang-2100.3.34.2)"," -O3 -DNDEBUG -DPITO_ECS_OWNED_DELETE_ATOMIC=1",8,100000,pito,owned_update,ecs_get_raw,1,500,8,338.934000
aalair,"Apple M3",8,"Darwin 27.0.0 arm64","Apple LLVM 21.0.0 (clang-2100.3.34.2)"," -O3 -DNDEBUG -DPITO_ECS_OWNED_DELETE_ATOMIC=1",8,100000,pito,owned_update,ecs_get_raw,1,500,9,339.087000
aalair,"Apple M3",8,"Darwin 27.0.0 arm64","Apple LLVM 21.0.0 (clang-2100.3.34.2)"," -O3 -DNDEBUG -DPITO_ECS_OWNED_DELETE_ATOMIC=1",8,100000,pito,owned_update,ecs_get_raw,1,500,10,339.764000
aalair,"Apple M3",8,"Darwin 27.0.0 arm64","Apple LLVM 21.0.0 (clang-2100.3.34.2)"," -O3 -DNDEBUG -DPITO_ECS_OWNED_DELETE_ATOMIC=1",8,100000,pito,owned_update,ecs_get_raw,2,0,1,0.197000
aalair,"Apple M3",8,"Darwin 27.0.0 arm64","Apple LLVM 21.0.0 (clang-2100.3.34.2)"," -O3 -DNDEBUG -DPITO_ECS_OWNED_DELETE_ATOMIC=1",8,100000,pito,owned_update,ecs_get_raw,2,0,2,0.200000
aalair,"Apple M3",8,"Darwin 27.0.0 arm64","Apple LLVM 21.0.0 (clang-2100.3.34.2)"," -O3 -DNDEBUG -DPITO_ECS_OWNED_DELETE_ATOMIC=1",8,100000,pito,owned_update,ecs_get_raw,2,0,3,0.213000
aalair,"Apple M3",8,"Darwin 27.0.0 arm64","Apple LLVM 21.0.0 (clang-2100.3.34.2)"," -O3 -DNDEBUG -DPITO_ECS_OWNED_DELETE_ATOMIC=1",8,100000,pito,owned_update,ecs_get_raw,2,0,4,0.215000
aalair,"Apple M3",8,"Darwin 27.0.0 arm64","Apple LLVM 21.0.0 (clang-2100.3.34.2)"," -O3 -DNDEBUG -DPITO_ECS_OWNED_DELETE_ATOMIC=1",8,100000,pito,owned_update,ecs_get_raw,2,0,5,0.213000
aalair,"Apple M3",8,"Darwin 27.0.0 arm64","Apple LLVM 21.0.0 (clang-2100.3.34.2)"," -O3 -DNDEBUG -DPITO_ECS_OWNED_DELETE_ATOMIC=1",8,100000,pito,owned_update,ecs_get_raw,2,0,6,0.198000
aalair,"Apple M3",8,"Darwin 27.0.0 arm64","Apple LLVM 21.0.0 (clang-2100.3.34.2)"," -O3 -DNDEBUG -DPITO_ECS_OWNED_DELETE_ATOMIC=1",8,100000,pito,owned_update,ecs_get_raw,2,0,7,0.205000
aalair,"Apple M3",8,"Darwin 27.0.0 arm64","Apple LLVM 21.0.0 (clang-2100.3.34.2)"," -O3 -DNDEBUG -DPITO_ECS_OWNED_DELETE_ATOMIC=1",8,100000,pito,owned_update,ecs_get_raw,2,0,8,0.210000
aalair,"Apple M3",8,"Darwin 27.0.0 arm64","Apple LLVM 21.0.0 (clang-2100.3.34.2)"," -O3 -DNDEBUG -DPITO_ECS_OWNED_DELETE_ATOMIC=1",8,100000,pito,owned_update,ecs_get_raw,2,0,9,0.209000
aalair,"Apple M3",8,"Darwin 27.0.0 arm64","Apple LLVM 21.0.0 (clang-2100.3.34.2)"," -O3 -DNDEBUG -DPITO_ECS_OWNED_DELETE_ATOMIC=1",8,100000,pito,owned_update,ecs_get_raw,2,0,10,0.207000
aalair,"Apple M3",8,"Darwin 27.0.0 arm64","Apple LLVM 21.0.0 (clang-2100.3.34.2)"," -O3 -DNDEBUG -DPITO_ECS_OWNED_DELETE_ATOMIC=1",8,100000,pito,owned_update,ecs_get_raw,2,0,11,0.207000
aalair,"Apple M3",8,"Darwin 27.0.0 arm64","Apple LLVM 21.0.0 (clang-2100.3.34.2)"," -O3 -DNDEBUG -DPITO_ECS_OWNED_DELETE_ATOMIC=1",8,100000,pito,owned_update,ecs_get_raw,2,10,1,1.366000
aalair,"Apple M3",8,"Darwin 27.0.0 arm64","Apple LLVM 21.0.0 (clang-2100.3.34.2)"," -O3 -DNDEBUG -DPITO_ECS_OWNED_DELETE_ATOMIC=1",8,100000,pito,owned_update,ecs_get_raw,2,10,2,1.402000
aalair,"Apple M3",8,"Darwin 27.0.0 arm64","Apple LLVM 21.0.0 (clang-2100.3.34.2)"," -O3 -DNDEBUG -DPITO_ECS_OWNED_DELETE_ATOMIC=1",8,100000,pito,owned_update,ecs_get_raw,2,10,3,1.410000
aalair,"Apple M3",8,"Darwin 27.0.0 arm64","Apple LLVM 21.0.0 (clang-2100.3.34.2)"," -O3 -DNDEBUG -DPITO_ECS_OWNED_DELETE_ATOMIC=1",8,100000,pito,owned_update,ecs_get_raw,2,10,4,1.408000
aalair,"Apple M3",8,"Darwin 27.0.0 arm64","Apple LLVM 21.0.0 (clang-2100.3.34.2)"," -O3 -DNDEBUG -DPITO_ECS_OWNED_DELETE_ATOMIC=1",8,100000,pito,owned_update,ecs_get_raw,2,10,5,1.305000
aalair,"Apple M3",8,"Darwin 27.0.0 arm64","Apple LLVM 21.0.0 (clang-2100.3.34.2)"," -O3 -DNDEBUG -DPITO_ECS_OWNED_DELETE_ATOMIC=1",8,100000,pito,owned_update,ecs_get_raw,2,10,6,1.300000
aalair,"Apple M3",8,"Darwin 27.0.0 arm64","Apple LLVM 21.0.0 (clang-2100.3.34.2)"," -O3 -DNDEBUG -DPITO_ECS_OWNED_DELETE_ATOMIC=1",8,100000,pito,owned_update,ecs_get_raw,2,10,7,1.405000
aalair,"Apple M3",8,"Darwin 27.0.0 arm64","Apple LLVM 21.0.0 (clang-2100.3.34.2)"," -O3 -DNDEBUG -DPITO_ECS_OWNED_DELETE_ATOMIC=1",8,100000,pito,owned_update,ecs_get_raw,2,10,8,1.307000
aalair,"Apple M3",8,"Darwin 27.0.0 arm64","Apple LLVM 21.0.0 (clang-2100.3.34.2)"," -O3 -DNDEBUG -DPITO_ECS_OWNED_DELETE_ATOMIC=1",8,100000,pito,owned_update,ecs_get_raw,2,10,9,1.303000
aalair,"Apple M3",8,"Darwin 27.0.0 arm64","Apple LLVM 21.0.0 (clang-2100.3.34.2)"," -O3 -DNDEBUG -DPITO_ECS_OWNED_DELETE_ATOMIC=1",8,100000,pito,owned_update,ecs_get_raw,2,10,10,1.403000
aalair,"Apple M3",8,"Darwin 27.0.0 arm64","Apple LLVM 21.0.0 (clang-2100.3.34.2)"," -O3 -DNDEBUG -DPITO_ECS_OWNED_DELETE_ATOMIC=1",8,100000,pito,owned_update,ecs_get_raw,2,10,11,1.403000
aalair,"Apple M3",8,"Darwin 27.0.0 arm64","Apple LLVM 21.0.0 (clang-2100.3.34.2)"," -O3 -DNDEBUG -DPITO_ECS_OWNED_DELETE_ATOMIC=1",8,100000,pito,owned_update,ecs_get_raw,2,10,12,1.406000
aalair,"Apple M3",8,"Darwin 27.0.0 arm64","Apple LLVM 21.0.0 (clang-2100.3.34.2)"," -O3 -DNDEBUG -DPITO_ECS_OWNED_DELETE_ATOMIC=1",8,100000,pito,owned_update,ecs_get_raw,2,10,13,1.301000
aalair,"Apple M3",8,"Darwin 27.0.0 arm64","Apple LLVM 21.0.0 (clang-2100.3.34.2)"," -O3 -DNDEBUG -DPITO_ECS_OWNED_DELETE_ATOMIC=1",8,100000,pito,owned_update,ecs_get_raw,2,10,14,1.406000
aalair,"Apple M3",8,"Darwin 27.0.0 arm64","Apple LLVM 21.0.0 (clang-2100.3.34.2)"," -O3 -DNDEBUG -DPITO_ECS_OWNED_DELETE_ATOMIC=1",8,100000,pito,owned_update,ecs_get_raw,2,10,15,1.299000
aalair,"Apple M3",8,"Darwin 27.0.0 arm64","Apple LLVM 21.0.0 (clang-2100.3.34.2)"," -O3 -DNDEBUG -DPITO_ECS_OWNED_DELETE_ATOMIC=1",8,100000,pito,owned_update,ecs_get_raw,2,10,16,1.300000
aalair,"Apple M3",8,"Darwin 27.0.0 arm64","Apple LLVM 21.0.0 (clang-2100.3.34.2)"," -O3 -DNDEBUG -DPITO_ECS_OWNED_DELETE_ATOMIC=1",8,100000,pito,owned_update,ecs_get_raw,2,10,17,1.324000
aalair,"Apple M3",8,"Darwin 27.0.0 arm64","Apple LLVM 21.0.0 (clang-2100.3.34.2)"," -O3 -DNDEBUG -DPITO_ECS_OWNED_DELETE_ATOMIC=1",8,100000,pito,owned_update,ecs_get_raw,2,500,1,173.770000
aalair,"Apple M3",8,"Darwin 27.0.0 arm64","Apple LLVM 21.0.0 (clang-2100.3.34.2)"," -O3 -DNDEBUG -DPITO_ECS_OWNED_DELETE_ATOMIC=1",8,100000,pito,owned_update,ecs_get_raw,2,500,2,173.593000
aalair,"Apple M3",8,"Darwin 27.0.0 arm64","Apple LLVM 21.0.0 (clang-2100.3.34.2)"," -O3 -DNDEBUG -DPITO_ECS_OWNED_DELETE_ATOMIC=1",8,100000,pito,owned_update,ecs_get_raw,2,500,3,173.819000
aalair,"Apple M3",8,"Darwin 27.0.0 arm64","Apple LLVM 21.0.0 (clang-2100.3.34.2)"," -O3 -DNDEBUG -DPITO_ECS_OWNED_DELETE_ATOMIC=1",8,100000,pito,owned_update,ecs_get_raw,2,500,4,174.343000
aalair,"Apple M3",8,"Darwin 27.0.0 arm64","Apple LLVM 21.0.0 (clang-2100.3.34.2)"," -O3 -DNDEBUG -DPITO_ECS_OWNED_DELETE_ATOMIC=1",8,100000,pito,owned_update,ecs_get_raw,2,500,5,173.724000
aalair,"Apple M3",8,"Darwin 27.0.0 arm64","Apple LLVM 21.0.0 (clang-2100.3.34.2)"," -O3 -DNDEBUG -DPITO_ECS_OWNED_DELETE_ATOMIC=1",8,100000,pito,owned_update,ecs_get_raw,2,500,6,174.157000
aalair,"Apple M3",8,"Darwin 27.0.0 arm64","Apple LLVM 21.0.0 (clang-2100.3.34.2)"," -O3 -DNDEBUG -DPITO_ECS_OWNED_DELETE_ATOMIC=1",8,100000,pito,owned_update,ecs_get_raw,2,500,7,173.976000
aalair,"Apple M3",8,"Darwin 27.0.0 arm64","Apple LLVM 21.0.0 (clang-2100.3.34.2)"," -O3 -DNDEBUG -DPITO_ECS_OWNED_DELETE_ATOMIC=1",8,100000,pito,owned_update,ecs_get_raw,2,500,8,173.619000
aalair,"Apple M3",8,"Darwin 27.0.0 arm64","Apple LLVM 21.0.0 (clang-2100.3.34.2)"," -O3 -DNDEBUG -DPITO_ECS_OWNED_DELETE_ATOMIC=1",8,100000,pito,owned_update,ecs_get_raw,2,500,9,173.687000
aalair,"Apple M3",8,"Darwin 27.0.0 arm64","Apple LLVM 21.0.0 (clang-2100.3.34.2)"," -O3 -DNDEBUG -DPITO_ECS_OWNED_DELETE_ATOMIC=1",8,100000,pito,owned_update,ecs_get_raw,2,500,10,173.618000
aalair,"Apple M3",8,"Darwin 27.0.0 arm64","Apple LLVM 21.0.0 (clang-2100.3.34.2)"," -O3 -DNDEBUG -DPITO_ECS_OWNED_DELETE_ATOMIC=1",8,100000,pito,owned_update,ecs_get_raw,4,0,1,0.128000
aalair,"Apple M3",8,"Darwin 27.0.0 arm64","Apple LLVM 21.0.0 (clang-2100.3.34.2)"," -O3 -DNDEBUG -DPITO_ECS_OWNED_DELETE_ATOMIC=1",8,100000,pito,owned_update,ecs_get_raw,4,0,2,0.133000
aalair,"Apple M3",8,"Darwin 27.0.0 arm64","Apple LLVM 21.0.0 (clang-2100.3.34.2)"," -O3 -DNDEBUG -DPITO_ECS_OWNED_DELETE_ATOMIC=1",8,100000,pito,owned_update,ecs_get_raw,4,0,3,0.128000
aalair,"Apple M3",8,"Darwin 27.0.0 arm64","Apple LLVM 21.0.0 (clang-2100.3.34.2)"," -O3 -DNDEBUG -DPITO_ECS_OWNED_DELETE_ATOMIC=1",8,100000,pito,owned_update,ecs_get_raw,4,0,4,0.131000
aalair,"Apple M3",8,"Darwin 27.0.0 arm64","Apple LLVM 21.0.0 (clang-2100.3.34.2)"," -O3 -DNDEBUG -DPITO_ECS_OWNED_DELETE_ATOMIC=1",8,100000,pito,owned_update,ecs_get_raw,4,0,5,0.130000
aalair,"Apple M3",8,"Darwin 27.0.0 arm64","Apple LLVM 21.0.0 (clang-2100.3.34.2)"," -O3 -DNDEBUG -DPITO_ECS_OWNED_DELETE_ATOMIC=1",8,100000,pito,owned_update,ecs_get_raw,4,0,6,0.129000
aalair,"Apple M3",8,"Darwin 27.0.0 arm64","Apple LLVM 21.0.0 (clang-2100.3.34.2)"," -O3 -DNDEBUG -DPITO_ECS_OWNED_DELETE_ATOMIC=1",8,100000,pito,owned_update,ecs_get_raw,4,0,7,0.138000
aalair,"Apple M3",8,"Darwin 27.0.0 arm64","Apple LLVM 21.0.0 (clang-2100.3.34.2)"," -O3 -DNDEBUG -DPITO_ECS_OWNED_DELETE_ATOMIC=1",8,100000,pito,owned_update,ecs_get_raw,4,0,8,0.128000
aalair,"Apple M3",8,"Darwin 27.0.0 arm64","Apple LLVM 21.0.0 (clang-2100.3.34.2)"," -O3 -DNDEBUG -DPITO_ECS_OWNED_DELETE_ATOMIC=1",8,100000,pito,owned_update,ecs_get_raw,4,0,9,0.144000
aalair,"Apple M3",8,"Darwin 27.0.0 arm64","Apple LLVM 21.0.0 (clang-2100.3.34.2)"," -O3 -DNDEBUG -DPITO_ECS_OWNED_DELETE_ATOMIC=1",8,100000,pito,owned_update,ecs_get_raw,4,0,10,0.133000
aalair,"Apple M3",8,"Darwin 27.0.0 arm64","Apple LLVM 21.0.0 (clang-2100.3.34.2)"," -O3 -DNDEBUG -DPITO_ECS_OWNED_DELETE_ATOMIC=1",8,100000,pito,owned_update,ecs_get_raw,4,0,11,0.143000
aalair,"Apple M3",8,"Darwin 27.0.0 arm64","Apple LLVM 21.0.0 (clang-2100.3.34.2)"," -O3 -DNDEBUG -DPITO_ECS_OWNED_DELETE_ATOMIC=1",8,100000,pito,owned_update,ecs_get_raw,4,0,12,0.132000
aalair,"Apple M3",8,"Darwin 27.0.0 arm64","Apple LLVM 21.0.0 (clang-2100.3.34.2)"," -O3 -DNDEBUG -DPITO_ECS_OWNED_DELETE_ATOMIC=1",8,100000,pito,owned_update,ecs_get_raw,4,0,13,0.127000
aalair,"Apple M3",8,"Darwin 27.0.0 arm64","Apple LLVM 21.0.0 (clang-2100.3.34.2)"," -O3 -DNDEBUG -DPITO_ECS_OWNED_DELETE_ATOMIC=1",8,100000,pito,owned_update,ecs_get_raw,4,0,14,0.133000
aalair,"Apple M3",8,"Darwin 27.0.0 arm64","Apple LLVM 21.0.0 (clang-2100.3.34.2)"," -O3 -DNDEBUG -DPITO_ECS_OWNED_DELETE_ATOMIC=1",8,100000,pito,owned_update,ecs_get_raw,4,10,1,0.720000
aalair,"Apple M3",8,"Darwin 27.0.0 arm64","Apple LLVM 21.0.0 (clang-2100.3.34.2)"," -O3 -DNDEBUG -DPITO_ECS_OWNED_DELETE_ATOMIC=1",8,100000,pito,owned_update,ecs_get_raw,4,10,2,0.721000
aalair,"Apple M3",8,"Darwin 27.0.0 arm64","Apple LLVM 21.0.0 (clang-2100.3.34.2)"," -O3 -DNDEBUG -DPITO_ECS_OWNED_DELETE_ATOMIC=1",8,100000,pito,owned_update,ecs_get_raw,4,10,3,0.722000
aalair,"Apple M3",8,"Darwin 27.0.0 arm64","Apple LLVM 21.0.0 (clang-2100.3.34.2)"," -O3 -DNDEBUG -DPITO_ECS_OWNED_DELETE_ATOMIC=1",8,100000,pito,owned_update,ecs_get_raw,4,10,4,0.720000
aalair,"Apple M3",8,"Darwin 27.0.0 arm64","Apple LLVM 21.0.0 (clang-2100.3.34.2)"," -O3 -DNDEBUG -DPITO_ECS_OWNED_DELETE_ATOMIC=1",8,100000,pito,owned_update,ecs_get_raw,4,10,5,0.724000
aalair,"Apple M3",8,"Darwin 27.0.0 arm64","Apple LLVM 21.0.0 (clang-2100.3.34.2)"," -O3 -DNDEBUG -DPITO_ECS_OWNED_DELETE_ATOMIC=1",8,100000,pito,owned_update,ecs_get_raw,4,10,6,0.723000
aalair,"Apple M3",8,"Darwin 27.0.0 arm64","Apple LLVM 21.0.0 (clang-2100.3.34.2)"," -O3 -DNDEBUG -DPITO_ECS_OWNED_DELETE_ATOMIC=1",8,100000,pito,owned_update,ecs_get_raw,4,10,7,0.669000
aalair,"Apple M3",8,"Darwin 27.0.0 arm64","Apple LLVM 21.0.0 (clang-2100.3.34.2)"," -O3 -DNDEBUG -DPITO_ECS_OWNED_DELETE_ATOMIC=1",8,100000,pito,owned_update,ecs_get_raw,4,10,8,0.721000
aalair,"Apple M3",8,"Darwin 27.0.0 arm64","Apple LLVM 21.0.0 (clang-2100.3.34.2)"," -O3 -DNDEBUG -DPITO_ECS_OWNED_DELETE_ATOMIC=1",8,100000,pito,owned_update,ecs_get_raw,4,10,9,0.721000
aalair,"Apple M3",8,"Darwin 27.0.0 arm64","Apple LLVM 21.0.0 (clang-2100.3.34.2)"," -O3 -DNDEBUG -DPITO_ECS_OWNED_DELETE_ATOMIC=1",8,100000,pito,owned_update,ecs_get_raw,4,10,10,0.721000
aalair,"Apple M3",8,"Darwin 27.0.0 arm64","Apple LLVM 21.0.0 (clang-2100.3.34.2)"," -O3 -DNDEBUG -DPITO_ECS_OWNED_DELETE_ATOMIC=1",8,100000,pito,owned_update,ecs_get_raw,4,10,11,0.720000
aalair,"Apple M3",8,"Darwin 27.0.0 arm64","Apple LLVM 21.0.0 (clang-2100.3.34.2)"," -O3 -DNDEBUG -DPITO_ECS_OWNED_DELETE_ATOMIC=1",8,100000,pito,owned_update,ecs_get_raw,4,500,1,94.356000
aalair,"Apple M3",8,"Darwin 27.0.0 arm64","Apple LLVM 21.0.0 (clang-2100.3.34.2)"," -O3 -DNDEBUG -DPITO_ECS_OWNED_DELETE_ATOMIC=1",8,100000,pito,owned_update,ecs_get_raw,4,500,2,94.783000
aalair,"Apple M3",8,"Darwin 27.0.0 arm64","Apple LLVM 21.0.0 (clang-2100.3.34.2)"," -O3 -DNDEBUG -DPITO_ECS_OWNED_DELETE_ATOMIC=1",8,100000,pito,owned_update,ecs_get_raw,4,500,3,94.331000
aalair,"Apple M3",8,"Darwin 27.0.0 arm64","Apple LLVM 21.0.0 (clang-2100.3.34.2)"," -O3 -DNDEBUG -DPITO_ECS_OWNED_DELETE_ATOMIC=1",8,100000,pito,owned_update,ecs_get_raw,4,500,4,94.367000
aalair,"Apple M3",8,"Darwin 27.0.0 arm64","Apple LLVM 21.0.0 (clang-2100.3.34.2)"," -O3 -DNDEBUG -DPITO_ECS_OWNED_DELETE_ATOMIC=1",8,100000,pito,owned_update,ecs_get_raw,4,500,5,94.752000
aalair,"Apple M3",8,"Darwin 27.0.0 arm64","Apple LLVM 21.0.0 (clang-2100.3.34.2)"," -O3 -DNDEBUG -DPITO_ECS_OWNED_DELETE_ATOMIC=1",8,100000,pito,owned_update,ecs_get_raw,4,500,6,94.337000
aalair,"Apple M3",8,"Darwin 27.0.0 arm64","Apple LLVM 21.0.0 (clang-2100.3.34.2)"," -O3 -DNDEBUG -DPITO_ECS_OWNED_DELETE_ATOMIC=1",8,100000,pito,owned_update,ecs_get_raw,4,500,7,94.497000
aalair,"Apple M3",8,"Darwin 27.0.0 arm64","Apple LLVM 21.0.0 (clang-2100.3.34.2)"," -O3 -DNDEBUG -DPITO_ECS_OWNED_DELETE_ATOMIC=1",8,100000,pito,owned_update,ecs_get_raw,4,500,8,94.339000
aalair,"Apple M3",8,"Darwin 27.0.0 arm64","Apple LLVM 21.0.0 (clang-2100.3.34.2)"," -O3 -DNDEBUG -DPITO_ECS_OWNED_DELETE_ATOMIC=1",8,100000,pito,owned_update,ecs_get_raw,4,500,9,94.497000
aalair,"Apple M3",8,"Darwin 27.0.0 arm64","Apple LLVM 21.0.0 (clang-2100.3.34.2)"," -O3 -DNDEBUG -DPITO_ECS_OWNED_DELETE_ATOMIC=1",8,100000,pito,owned_update,ecs_get_raw,4,500,10,94.347000
aalair,"Apple M3",8,"Darwin 27.0.0 arm64","Apple LLVM 21.0.0 (clang-2100.3.34.2)"," -O3 -DNDEBUG -DPITO_ECS_OWNED_DELETE_ATOMIC=1",8,100000,pito,owned_update,ecs_get_raw,8,0,1,0.158000
aalair,"Apple M3",8,"Darwin 27.0.0 arm64","Apple LLVM 21.0.0 (clang-2100.3.34.2)"," -O3 -DNDEBUG -DPITO_ECS_OWNED_DELETE_ATOMIC=1",8,100000,pito,owned_update,ecs_get_raw,8,0,2,0.150000
aalair,"Apple M3",8,"Darwin 27.0.0 arm64","Apple LLVM 21.0.0 (clang-2100.3.34.2)"," -O3 -DNDEBUG -DPITO_ECS_OWNED_DELETE_ATOMIC=1",8,100000,pito,owned_update,ecs_get_raw,8,0,3,0.145000
aalair,"Apple M3",8,"Darwin 27.0.0 arm64","Apple LLVM 21.0.0 (clang-2100.3.34.2)"," -O3 -DNDEBUG -DPITO_ECS_OWNED_DELETE_ATOMIC=1",8,100000,pito,owned_update,ecs_get_raw,8,0,4,0.144000
aalair,"Apple M3",8,"Darwin 27.0.0 arm64","Apple LLVM 21.0.0 (clang-2100.3.34.2)"," -O3 -DNDEBUG -DPITO_ECS_OWNED_DELETE_ATOMIC=1",8,100000,pito,owned_update,ecs_get_raw,8,0,5,0.146000
aalair,"Apple M3",8,"Darwin 27.0.0 arm64","Apple LLVM 21.0.0 (clang-2100.3.34.2)"," -O3 -DNDEBUG -DPITO_ECS_OWNED_DELETE_ATOMIC=1",8,100000,pito,owned_update,ecs_get_raw,8,0,6,0.145000
aalair,"Apple M3",8,"Darwin 27.0.0 arm64","Apple LLVM 21.0.0 (clang-2100.3.34.2)"," -O3 -DNDEBUG -DPITO_ECS_OWNED_DELETE_ATOMIC=1",8,100000,pito,owned_update,ecs_get_raw,8,0,7,0.163000
aalair,"Apple M3",8,"Darwin 27.0.0 arm64","Apple LLVM 21.0.0 (clang-2100.3.34.2)"," -O3 -DNDEBUG -DPITO_ECS_OWNED_DELETE_ATOMIC=1",8,100000,pito,owned_update,ecs_get_raw,8,0,8,0.153000
aalair,"Apple M3",8,"Darwin 27.0.0 arm64","Apple LLVM 21.0.0 (clang-2100.3.34.2)"," -O3 -DNDEBUG -DPITO_ECS_OWNED_DELETE_ATOMIC=1",8,100000,pito,owned_update,ecs_get_raw,8,0,9,0.156000
aalair,"Apple M3",8,"Darwin 27.0.0 arm64","Apple LLVM 21.0.0 (clang-2100.3.34.2)"," -O3 -DNDEBUG -DPITO_ECS_OWNED_DELETE_ATOMIC=1",8,100000,pito,owned_update,ecs_get_raw,8,0,10,0.147000
aalair,"Apple M3",8,"Darwin 27.0.0 arm64","Apple LLVM 21.0.0 (clang-2100.3.34.2)"," -O3 -DNDEBUG -DPITO_ECS_OWNED_DELETE_ATOMIC=1",8,100000,pito,owned_update,ecs_get_raw,8,0,11,0.151000
aalair,"Apple M3",8,"Darwin 27.0.0 arm64","Apple LLVM 21.0.0 (clang-2100.3.34.2)"," -O3 -DNDEBUG -DPITO_ECS_OWNED_DELETE_ATOMIC=1",8,100000,pito,owned_update,ecs_get_raw,8,0,12,0.147000
aalair,"Apple M3",8,"Darwin 27.0.0 arm64","Apple LLVM 21.0.0 (clang-2100.3.34.2)"," -O3 -DNDEBUG -DPITO_ECS_OWNED_DELETE_ATOMIC=1",8,100000,pito,owned_update,ecs_get_raw,8,0,13,0.154000
aalair,"Apple M3",8,"Darwin 27.0.0 arm64","Apple LLVM 21.0.0 (clang-2100.3.34.2)"," -O3 -DNDEBUG -DPITO_ECS_OWNED_DELETE_ATOMIC=1",8,100000,pito,owned_update,ecs_get_raw,8,0,14,0.151000
aalair,"Apple M3",8,"Darwin 27.0.0 arm64","Apple LLVM 21.0.0 (clang-2100.3.34.2)"," -O3 -DNDEBUG -DPITO_ECS_OWNED_DELETE_ATOMIC=1",8,100000,pito,owned_update,ecs_get_raw,8,10,1,0.537000
aalair,"Apple M3",8,"Darwin 27.0.0 arm64","Apple LLVM 21.0.0 (clang-2100.3.34.2)"," -O3 -DNDEBUG -DPITO_ECS_OWNED_DELETE_ATOMIC=1",8,100000,pito,owned_update,ecs_get_raw,8,10,2,0.545000
aalair,"Apple M3",8,"Darwin 27.0.0 arm64","Apple LLVM 21.0.0 (clang-2100.3.34.2)"," -O3 -DNDEBUG -DPITO_ECS_OWNED_DELETE_ATOMIC=1",8,100000,pito,owned_update,ecs_get_raw,8,10,3,0.573000
aalair,"Apple M3",8,"Darwin 27.0.0 arm64","Apple LLVM 21.0.0 (clang-2100.3.34.2)"," -O3 -DNDEBUG -DPITO_ECS_OWNED_DELETE_ATOMIC=1",8,100000,pito,owned_update,ecs_get_raw,8,10,4,0.634000
aalair,"Apple M3",8,"Darwin 27.0.0 arm64","Apple LLVM 21.0.0 (clang-2100.3.34.2)"," -O3 -DNDEBUG -DPITO_ECS_OWNED_DELETE_ATOMIC=1",8,100000,pito,owned_update,ecs_get_raw,8,10,5,0.553000
aalair,"Apple M3",8,"Darwin 27.0.0 arm64","Apple LLVM 21.0.0 (clang-2100.3.34.2)"," -O3 -DNDEBUG -DPITO_ECS_OWNED_DELETE_ATOMIC=1",8,100000,pito,owned_update,ecs_get_raw,8,10,6,0.532000
aalair,"Apple M3",8,"Darwin 27.0.0 arm64","Apple LLVM 21.0.0 (clang-2100.3.34.2)"," -O3 -DNDEBUG -DPITO_ECS_OWNED_DELETE_ATOMIC=1",8,100000,pito,owned_update,ecs_get_raw,8,10,7,0.549000
aalair,"Apple M3",8,"Darwin 27.0.0 arm64","Apple LLVM 21.0.0 (clang-2100.3.34.2)"," -O3 -DNDEBUG -DPITO_ECS_OWNED_DELETE_ATOMIC=1",8,100000,pito,owned_update,ecs_get_raw,8,10,8,0.534000
aalair,"Apple M3",8,"Darwin 27.0.0 arm64","Apple LLVM 21.0.0 (clang-2100.3.34.2)"," -O3 -DNDEBUG -DPITO_ECS_OWNED_DELETE_ATOMIC=1",8,100000,pito,owned_update,ecs_get_raw,8,10,9,0.540000
aalair,"Apple M3",8,"Darwin 27.0.0 arm64","Apple LLVM 21.0.0 (clang-2100.3.34.2)"," -O3 -DNDEBUG -DPITO_ECS_OWNED_DELETE_ATOMIC=1",8,100000,pito,owned_update,ecs_get_raw,8,10,10,0.545000
aalair,"Apple M3",8,"Darwin 27.0.0 arm64","Apple LLVM 21.0.0 (clang-2100.3.34.2)"," -O3 -DNDEBUG -DPITO_ECS_OWNED_DELETE_ATOMIC=1",8,100000,pito,owned_update,ecs_get_raw,8,10,11,0.547000
aalair,"Apple M3",8,"Darwin 27.0.0 arm64","Apple LLVM 21.0.0 (clang-2100.3.34.2)"," -O3 -DNDEBUG -DPITO_ECS_OWNED_DELETE_ATOMIC=1",8,100000,pito,owned_update,ecs_get_raw,8,10,12,0.564000
aalair,"Apple M3",8,"Darwin 27.0.0 arm64","Apple LLVM 21.0.0 (clang-2100.3.34.2)"," -O3 -DNDEBUG -DPITO_ECS_OWNED_DELETE_ATOMIC=1",8,100000,pito,owned_update,ecs_get_raw,8,500,1,64.545000
aalair,"Apple M3",8,"Darwin 27.0.0 arm64","Apple LLVM 21.0.0 (clang-2100.3.34.2)"," -O3 -DNDEBUG -DPITO_ECS_OWNED_DELETE_ATOMIC=1",8,100000,pito,owned_update,ecs_get_raw,8,500,2,58.811000
aalair,"Apple M3",8,"Darwin 27.0.0 arm64","Apple LLVM 21.0.0 (clang-2100.3.34.2)"," -O3 -DNDEBUG -DPITO_ECS_OWNED_DELETE_ATOMIC=1",8,100000,pito,owned_update,ecs_get_raw,8,500,3,58.464000
aalair,"Apple M3",8,"Darwin 27.0.0 arm64","Apple LLVM 21.0.0 (clang-2100.3.34.2)"," -O3 -DNDEBUG -DPITO_ECS_OWNED_DELETE_ATOMIC=1",8,100000,pito,owned_update,ecs_get_raw,8,500,4,57.435000
aalair,"Apple M3",8,"Darwin 27.0.0 arm64","Apple LLVM 21.0.0 (clang-2100.3.34.2)"," -O3 -DNDEBUG -DPITO_ECS_OWNED_DELETE_ATOMIC=1",8,100000,pito,owned_update,ecs_get_raw,8,500,5,65.436000
aalair,"Apple M3",8,"Darwin 27.0.0 arm64","Apple LLVM 21.0.0 (clang-2100.3.34.2)"," -O3 -DNDEBUG -DPITO_ECS_OWNED_DELETE_ATOMIC=1",8,100000,pito,owned_update,ecs_get_raw,8,500,6,63.501000
aalair,"Apple M3",8,"Darwin 27.0.0 arm64","Apple LLVM 21.0.0 (clang-2100.3.34.2)"," -O3 -DNDEBUG -DPITO_ECS_OWNED_DELETE_ATOMIC=1",8,100000,pito,owned_update,ecs_get_raw,8,500,7,59.028000
aalair,"Apple M3",8,"Darwin 27.0.0 arm64","Apple LLVM 21.0.0 (clang-2100.3.34.2)"," -O3 -DNDEBUG -DPITO_ECS_OWNED_DELETE_ATOMIC=1",8,100000,pito,owned_update,ecs_get_raw,8,500,8,61.610000
aalair,"Apple M3",8,"Darwin 27.0.0 arm64","Apple LLVM 21.0.0 (clang-2100.3.34.2)"," -O3 -DNDEBUG -DPITO_ECS_OWNED_DELETE_ATOMIC=1",8,100000,pito,owned_update,ecs_get_raw,8,500,9,59.577000
aalair,"Apple M3",8,"Darwin 27.0.0 arm64","Apple LLVM 21.0.0 (clang-2100.3.34.2)"," -O3 -DNDEBUG -DPITO_ECS_OWNED_DELETE_ATOMIC=1",8,100000,pito,owned_update,ecs_get_raw,8,500,10,59.300000
aalair,"Apple M3",8,"Darwin 27.0.0 arm64","Apple LLVM 21.0.0 (clang-2100.3.34.2)"," -O3 -DNDEBUG -DPITO_ECS_OWNED_DELETE_ATOMIC=1",8,100000,pito,owned_update,ecs_get_raw,8,500,11,62.180000
aalair,"Apple M3",8,"Darwin 27.0.0 arm64","Apple LLVM 21.0.0 (clang-2100.3.34.2)"," -O3 -DNDEBUG -DPITO_ECS_OWNED_DELETE_ATOMIC=1",8,100000,pito,owned_update,ecs_get_raw,8,500,12,61.932000
aalair,"Apple M3",8,"Darwin 27.0.0 arm64","Apple LLVM 21.0.0 (clang-2100.3.34.2)"," -O3 -DNDEBUG -DPITO_ECS_OWNED_DELETE_ATOMIC=1",8,100000,pito,owned_update,ecs_get_raw,8,500,13,60.361000
aalair,"Apple M3",8,"Darwin 27.0.0 arm64","Apple LLVM 21.0.0 (clang-2100.3.34.2)"," -O3 -DNDEBUG -DPITO_ECS_OWNED_DELETE_ATOMIC=1",8,100000,pito,owned_update,ecs_get_raw,8,500,14,59.241000
aalair,"Apple M3",8,"Darwin 27.0.0 arm64","Apple LLVM 21.0.0 (clang-2100.3.34.2)"," -O3 -DNDEBUG -DPITO_ECS_OWNED_DELETE_ATOMIC=1",8,100000,pito,owned_update,ecs_get_raw,8,500,15,62.649000
aalair,"Apple M3",8,"Darwin 27.0.0 arm64","Apple LLVM 21.0.0 (clang-2100.3.34.2)"," -O3 -DNDEBUG -DPITO_ECS_OWNED_DELETE_ATOMIC=1",8,100000,pito,owned_update,ecs_get_raw,8,500,16,59.146000
aalair,"Apple M3",8,"Darwin 27.0.0 arm64","Apple LLVM 21.0.0 (clang-2100.3.34.2)"," -O3 -DNDEBUG",8,100000,pico,owned_insert,,1,0,1,10.826000
aalair,"Apple M3",8,"Darwin 27.0.0 arm64","Apple LLVM 21.0.0 (clang-2100.3.34.2)"," -O3 -DNDEBUG",8,100000,pico,owned_insert,,1,0,2,9.973000
aalair,"Apple M3",8,"Darwin 27.0.0 arm64","Apple LLVM 21.0.0 (clang-2100.3.34.2)"," -O3 -DNDEBUG",8,100000,pico,owned_insert,,1,0,3,9.942000
aalair,"Apple M3",8,"Darwin 27.0.0 arm64","Apple LLVM 21.0.0 (clang-2100.3.34.2)"," -O3 -DNDEBUG",8,100000,pico,owned_insert,,1,0,4,9.970000
aalair,"Apple M3",8,"Darwin 27.0.0 arm64","Apple LLVM 21.0.0 (clang-2100.3.34.2)"," -O3 -DNDEBUG",8,100000,pico,owned_insert,,1,0,5,9.970000
aalair,"Apple M3",8,"Darwin 27.0.0 arm64","Apple LLVM 21.0.0 (clang-2100.3.34.2)"," -O3 -DNDEBUG",8,100000,pico,owned_insert,,1,0,6,9.965000
aalair,"Apple M3",8,"Darwin 27.0.0 arm64","Apple LLVM 21.0.0 (clang-2100.3.34.2)"," -O3 -DNDEBUG",8,100000,pico,owned_insert,,1,0,7,9.989000
aalair,"Apple M3",8,"Darwin 27.0.0 arm64","Apple LLVM 21.0.0 (clang-2100.3.34.2)"," -O3 -DNDEBUG",8,100000,pico,owned_insert,,1,0,8,9.945000
aalair,"Apple M3",8,"Darwin 27.0.0 arm64","Apple LLVM 21.0.0 (clang-2100.3.34.2)"," -O3 -DNDEBUG",8,100000,pico,owned_insert,,1,0,9,10.014000
aalair,"Apple M3",8,"Darwin 27.0.0 arm64","Apple LLVM 21.0.0 (clang-2100.3.34.2)"," -O3 -DNDEBUG",8,100000,pico,owned_insert,,1,0,10,9.912000
aalair,"Apple M3",8,"Darwin 27.0.0 arm64","Apple LLVM 21.0.0 (clang-2100.3.34.2)"," -O3 -DNDEBUG",8,100000,pico,owned_insert,,1,0,11,9.987000
aalair,"Apple M3",8,"Darwin 27.0.0 arm64","Apple LLVM 21.0.0 (clang-2100.3.34.2)"," -O3 -DNDEBUG",8,100000,pico,owned_insert,,1,10,1,12.416000
aalair,"Apple M3",8,"Darwin 27.0.0 arm64","Apple LLVM 21.0.0 (clang-2100.3.34.2)"," -O3 -DNDEBUG",8,100000,pico,owned_insert,,1,10,2,12.673000
aalair,"Apple M3",8,"Darwin 27.0.0 arm64","Apple LLVM 21.0.0 (clang-2100.3.34.2)"," -O3 -DNDEBUG",8,100000,pico,owned_insert,,1,10,3,12.572000
aalair,"Apple M3",8,"Darwin 27.0.0 arm64","Apple LLVM 21.0.0 (clang-2100.3.34.2)"," -O3 -DNDEBUG",8,100000,pico,owned_insert,,1,10,4,12.729000
aalair,"Apple M3",8,"Darwin 27.0.0 arm64","Apple LLVM 21.0.0 (clang-2100.3.34.2)"," -O3 -DNDEBUG",8,100000,pico,owned_insert,,1,10,5,12.424000
aalair,"Apple M3",8,"Darwin 27.0.0 arm64","Apple LLVM 21.0.0 (clang-2100.3.34.2)"," -O3 -DNDEBUG",8,100000,pico,owned_insert,,1,10,6,12.606000
aalair,"Apple M3",8,"Darwin 27.0.0 arm64","Apple LLVM 21.0.0 (clang-2100.3.34.2)"," -O3 -DNDEBUG",8,100000,pico,owned_insert,,1,10,7,12.619000
aalair,"Apple M3",8,"Darwin 27.0.0 arm64","Apple LLVM 21.0.0 (clang-2100.3.34.2)"," -O3 -DNDEBUG",8,100000,pico,owned_insert,,1,10,8,12.652000
aalair,"Apple M3",8,"Darwin 27.0.0 arm64","Apple LLVM 21.0.0 (clang-2100.3.34.2)"," -O3 -DNDEBUG",8,100000,pico,owned_insert,,1,10,9,12.644000
aalair,"Apple M3",8,"Darwin 27.0.0 arm64","Apple LLVM 21.0.0 (clang-2100.3.34.2)"," -O3 -DNDEBUG",8,100000,pico,owned_insert,,1,10,10,12.557000
aalair,"Apple M3",8,"Darwin 27.0.0 arm64","Apple LLVM 21.0.0 (clang-2100.3.34.2)"," -O3 -DNDEBUG",8,100000,pico,owned_insert,,1,500,1,404.598000
aalair,"Apple M3",8,"Darwin 27.0.0 arm64","Apple LLVM 21.0.0 (clang-2100.3.34.2)"," -O3 -DNDEBUG",8,100000,pico,owned_insert,,1,500,2,403.015000
aalair,"Apple M3",8,"Darwin 27.0.0 arm64","Apple LLVM 21.0.0 (clang-2100.3.34.2)"," -O3 -DNDEBUG",8,100000,pico,owned_insert,,1,500,3,402.635000
aalair,"Apple M3",8,"Darwin 27.0.0 arm64","Apple LLVM 21.0.0 (clang-2100.3.34.2)"," -O3 -DNDEBUG",8,100000,pico,owned_insert,,1,500,4,404.653000
aalair,"Apple M3",8,"Darwin 27.0.0 arm64","Apple LLVM 21.0.0 (clang-2100.3.34.2)"," -O3 -DNDEBUG",8,100000,pico,owned_insert,,1,500,5,409.208000
aalair,"Apple M3",8,"Darwin 27.0.0 arm64","Apple LLVM 21.0.0 (clang-2100.3.34.2)"," -O3 -DNDEBUG",8,100000,pico,owned_insert,,1,500,6,406.028000
aalair,"Apple M3",8,"Darwin 27.0.0 arm64","Apple LLVM 21.0.0 (clang-2100.3.34.2)"," -O3 -DNDEBUG",8,100000,pico,owned_insert,,1,500,7,404.594000
aalair,"Apple M3",8,"Darwin 27.0.0 arm64","Apple LLVM 21.0.0 (clang-2100.3.34.2)"," -O3 -DNDEBUG",8,100000,pico,owned_insert,,1,500,8,409.739000
aalair,"Apple M3",8,"Darwin 27.0.0 arm64","Apple LLVM 21.0.0 (clang-2100.3.34.2)"," -O3 -DNDEBUG",8,100000,pico,owned_insert,,1,500,9,402.763000
aalair,"Apple M3",8,"Darwin 27.0.0 arm64","Apple LLVM 21.0.0 (clang-2100.3.34.2)"," -O3 -DNDEBUG",8,100000,pico,owned_insert,,1,500,10,404.423000
aalair,"Apple M3",8,"Darwin 27.0.0 arm64","Apple LLVM 21.0.0 (clang-2100.3.34.2)"," -O3 -DNDEBUG",8,100000,flecs,owned_insert,,1,0,1,26.968000
aalair,"Apple M3",8,"Darwin 27.0.0 arm64","Apple LLVM 21.0.0 (clang-2100.3.34.2)"," -O3 -DNDEBUG",8,100000,flecs,owned_insert,,1,0,2,25.630000
aalair,"Apple M3",8,"Darwin 27.0.0 arm64","Apple LLVM 21.0.0 (clang-2100.3.34.2)"," -O3 -DNDEBUG",8,100000,flecs,owned_insert,,1,0,3,25.963000
aalair,"Apple M3",8,"Darwin 27.0.0 arm64","Apple LLVM 21.0.0 (clang-2100.3.34.2)"," -O3 -DNDEBUG",8,100000,flecs,owned_insert,,1,0,4,25.462000
aalair,"Apple M3",8,"Darwin 27.0.0 arm64","Apple LLVM 21.0.0 (clang-2100.3.34.2)"," -O3 -DNDEBUG",8,100000,flecs,owned_insert,,1,0,5,25.404000
aalair,"Apple M3",8,"Darwin 27.0.0 arm64","Apple LLVM 21.0.0 (clang-2100.3.34.2)"," -O3 -DNDEBUG",8,100000,flecs,owned_insert,,1,0,6,25.480000
aalair,"Apple M3",8,"Darwin 27.0.0 arm64","Apple LLVM 21.0.0 (clang-2100.3.34.2)"," -O3 -DNDEBUG",8,100000,flecs,owned_insert,,1,0,7,23.463000
aalair,"Apple M3",8,"Darwin 27.0.0 arm64","Apple LLVM 21.0.0 (clang-2100.3.34.2)"," -O3 -DNDEBUG",8,100000,flecs,owned_insert,,1,0,8,23.116000
aalair,"Apple M3",8,"Darwin 27.0.0 arm64","Apple LLVM 21.0.0 (clang-2100.3.34.2)"," -O3 -DNDEBUG",8,100000,flecs,owned_insert,,1,0,9,23.427000
aalair,"Apple M3",8,"Darwin 27.0.0 arm64","Apple LLVM 21.0.0 (clang-2100.3.34.2)"," -O3 -DNDEBUG",8,100000,flecs,owned_insert,,1,0,10,23.586000
aalair,"Apple M3",8,"Darwin 27.0.0 arm64","Apple LLVM 21.0.0 (clang-2100.3.34.2)"," -O3 -DNDEBUG",8,100000,flecs,owned_insert,,1,0,11,23.594000
aalair,"Apple M3",8,"Darwin 27.0.0 arm64","Apple LLVM 21.0.0 (clang-2100.3.34.2)"," -O3 -DNDEBUG",8,100000,flecs,owned_insert,,1,0,12,23.405000
aalair,"Apple M3",8,"Darwin 27.0.0 arm64","Apple LLVM 21.0.0 (clang-2100.3.34.2)"," -O3 -DNDEBUG",8,100000,flecs,owned_insert,,1,0,13,23.739000
aalair,"Apple M3",8,"Darwin 27.0.0 arm64","Apple LLVM 21.0.0 (clang-2100.3.34.2)"," -O3 -DNDEBUG",8,100000,flecs,owned_insert,,1,0,14,23.912000
aalair,"Apple M3",8,"Darwin 27.0.0 arm64","Apple LLVM 21.0.0 (clang-2100.3.34.2)"," -O3 -DNDEBUG",8,100000,flecs,owned_insert,,1,0,15,23.778000
aalair,"Apple M3",8,"Darwin 27.0.0 arm64","Apple LLVM 21.0.0 (clang-2100.3.34.2)"," -O3 -DNDEBUG",8,100000,flecs,owned_insert,,1,0,16,23.932000
aalair,"Apple M3",8,"Darwin 27.0.0 arm64","Apple LLVM 21.0.0 (clang-2100.3.34.2)"," -O3 -DNDEBUG",8,100000,flecs,owned_insert,,1,0,17,23.938000
aalair,"Apple M3",8,"Darwin 27.0.0 arm64","Apple LLVM 21.0.0 (clang-2100.3.34.2)"," -O3 -DNDEBUG",8,100000,flecs,owned_insert,,1,0,18,23.761000
aalair,"Apple M3",8,"Darwin 27.0.0 arm64","Apple LLVM 21.0.0 (clang-2100.3.34.2)"," -O3 -DNDEBUG",8,100000,flecs,owned_insert,,1,0,19,23.540000
aalair,"Apple M3",8,"Darwin 27.0.0 arm64","Apple LLVM 21.0.0 (clang-2100.3.34.2)"," -O3 -DNDEBUG",8,100000,flecs,owned_insert,,1,0,20,23.390000
aalair,"Apple M3",8,"Darwin 27.0.0 arm64","Apple LLVM 21.0.0 (clang-2100.3.34.2)"," -O3 -DNDEBUG",8,100000,flecs,owned_insert,,1,0,21,23.295000
aalair,"Apple M3",8,"Darwin 27.0.0 arm64","Apple LLVM 21.0.0 (clang-2100.3.34.2)"," -O3 -DNDEBUG",8,100000,flecs,owned_insert,,1,0,22,23.265000
aalair,"Apple M3",8,"Darwin 27.0.0 arm64","Apple LLVM 21.0.0 (clang-2100.3.34.2)"," -O3 -DNDEBUG",8,100000,flecs,owned_insert,,1,0,23,23.303000
aalair,"Apple M3",8,"Darwin 27.0.0 arm64","Apple LLVM 21.0.0 (clang-2100.3.34.2)"," -O3 -DNDEBUG",8,100000,flecs,owned_insert,,1,0,24,23.297000
aalair,"Apple M3",8,"Darwin 27.0.0 arm64","Apple LLVM 21.0.0 (clang-2100.3.34.2)"," -O3 -DNDEBUG",8,100000,flecs,owned_insert,,1,10,1,25.525000
aalair,"Apple M3",8,"Darwin 27.0.0 arm64","Apple LLVM 21.0.0 (clang-2100.3.34.2)"," -O3 -DNDEBUG",8,100000,flecs,owned_insert,,1,10,2,26.342000
aalair,"Apple M3",8,"Darwin 27.0.0 arm64","Apple LLVM 21.0.0 (clang-2100.3.34.2)"," -O3 -DNDEBUG",8,100000,flecs,owned_insert,,1,10,3,25.881000
aalair,"Apple M3",8,"Darwin 27.0.0 arm64","Apple LLVM 21.0.0 (clang-2100.3.34.2)"," -O3 -DNDEBUG",8,100000,flecs,owned_insert,,1,10,4,26.102000
aalair,"Apple M3",8,"Darwin 27.0.0 arm64","Apple LLVM 21.0.0 (clang-2100.3.34.2)"," -O3 -DNDEBUG",8,100000,flecs,owned_insert,,1,10,5,27.020000
aalair,"Apple M3",8,"Darwin 27.0.0 arm64","Apple LLVM 21.0.0 (clang-2100.3.34.2)"," -O3 -DNDEBUG",8,100000,flecs,owned_insert,,1,10,6,26.774000
aalair,"Apple M3",8,"Darwin 27.0.0 arm64","Apple LLVM 21.0.0 (clang-2100.3.34.2)"," -O3 -DNDEBUG",8,100000,flecs,owned_insert,,1,10,7,26.415000
aalair,"Apple M3",8,"Darwin 27.0.0 arm64","Apple LLVM 21.0.0 (clang-2100.3.34.2)"," -O3 -DNDEBUG",8,100000,flecs,owned_insert,,1,10,8,25.203000
aalair,"Apple M3",8,"Darwin 27.0.0 arm64","Apple LLVM 21.0.0 (clang-2100.3.34.2)"," -O3 -DNDEBUG",8,100000,flecs,owned_insert,,1,10,9,26.515000
aalair,"Apple M3",8,"Darwin 27.0.0 arm64","Apple LLVM 21.0.0 (clang-2100.3.34.2)"," -O3 -DNDEBUG",8,100000,flecs,owned_insert,,1,10,10,25.474000
aalair,"Apple M3",8,"Darwin 27.0.0 arm64","Apple LLVM 21.0.0 (clang-2100.3.34.2)"," -O3 -DNDEBUG",8,100000,flecs,owned_insert,,1,500,1,376.200000
aalair,"Apple M3",8,"Darwin 27.0.0 arm64","Apple LLVM 21.0.0 (clang-2100.3.34.2)"," -O3 -DNDEBUG",8,100000,flecs,owned_insert,,1,500,2,376.349000
aalair,"Apple M3",8,"Darwin 27.0.0 arm64","Apple LLVM 21.0.0 (clang-2100.3.34.2)"," -O3 -DNDEBUG",8,100000,flecs,owned_insert,,1,500,3,376.116000
aalair,"Apple M3",8,"Darwin 27.0.0 arm64","Apple LLVM 21.0.0 (clang-2100.3.34.2)"," -O3 -DNDEBUG",8,100000,flecs,owned_insert,,1,500,4,375.910000
aalair,"Apple M3",8,"Darwin 27.0.0 arm64","Apple LLVM 21.0.0 (clang-2100.3.34.2)"," -O3 -DNDEBUG",8,100000,flecs,owned_insert,,1,500,5,391.186000
aalair,"Apple M3",8,"Darwin 27.0.0 arm64","Apple LLVM 21.0.0 (clang-2100.3.34.2)"," -O3 -DNDEBUG",8,100000,flecs,owned_insert,,1,500,6,375.714000
aalair,"Apple M3",8,"Darwin 27.0.0 arm64","Apple LLVM 21.0.0 (clang-2100.3.34.2)"," -O3 -DNDEBUG",8,100000,flecs,owned_insert,,1,500,7,384.132000
aalair,"Apple M3",8,"Darwin 27.0.0 arm64","Apple LLVM 21.0.0 (clang-2100.3.34.2)"," -O3 -DNDEBUG",8,100000,flecs,owned_insert,,1,500,8,376.013000
aalair,"Apple M3",8,"Darwin 27.0.0 arm64","Apple LLVM 21.0.0 (clang-2100.3.34.2)"," -O3 -DNDEBUG",8,100000,flecs,owned_insert,,1,500,9,375.790000
aalair,"Apple M3",8,"Darwin 27.0.0 arm64","Apple LLVM 21.0.0 (clang-2100.3.34.2)"," -O3 -DNDEBUG",8,100000,flecs,owned_insert,,1,500,10,376.488000
aalair,"Apple M3",8,"Darwin 27.0.0 arm64","Apple LLVM 21.0.0 (clang-2100.3.34.2)"," -O3 -DNDEBUG",8,100000,flecs,owned_insert,,2,0,1,20.204000
aalair,"Apple M3",8,"Darwin 27.0.0 arm64","Apple LLVM 21.0.0 (clang-2100.3.34.2)"," -O3 -DNDEBUG",8,100000,flecs,owned_insert,,2,0,2,19.895000
aalair,"Apple M3",8,"Darwin 27.0.0 arm64","Apple LLVM 21.0.0 (clang-2100.3.34.2)"," -O3 -DNDEBUG",8,100000,flecs,owned_insert,,2,0,3,20.830000
aalair,"Apple M3",8,"Darwin 27.0.0 arm64","Apple LLVM 21.0.0 (clang-2100.3.34.2)"," -O3 -DNDEBUG",8,100000,flecs,owned_insert,,2,0,4,20.457000
aalair,"Apple M3",8,"Darwin 27.0.0 arm64","Apple LLVM 21.0.0 (clang-2100.3.34.2)"," -O3 -DNDEBUG",8,100000,flecs,owned_insert,,2,0,5,20.195000
aalair,"Apple M3",8,"Darwin 27.0.0 arm64","Apple LLVM 21.0.0 (clang-2100.3.34.2)"," -O3 -DNDEBUG",8,100000,flecs,owned_insert,,2,0,6,20.034000
aalair,"Apple M3",8,"Darwin 27.0.0 arm64","Apple LLVM 21.0.0 (clang-2100.3.34.2)"," -O3 -DNDEBUG",8,100000,flecs,owned_insert,,2,0,7,20.240000
aalair,"Apple M3",8,"Darwin 27.0.0 arm64","Apple LLVM 21.0.0 (clang-2100.3.34.2)"," -O3 -DNDEBUG",8,100000,flecs,owned_insert,,2,0,8,20.030000
aalair,"Apple M3",8,"Darwin 27.0.0 arm64","Apple LLVM 21.0.0 (clang-2100.3.34.2)"," -O3 -DNDEBUG",8,100000,flecs,owned_insert,,2,0,9,20.194000
aalair,"Apple M3",8,"Darwin 27.0.0 arm64","Apple LLVM 21.0.0 (clang-2100.3.34.2)"," -O3 -DNDEBUG",8,100000,flecs,owned_insert,,2,0,10,20.058000
aalair,"Apple M3",8,"Darwin 27.0.0 arm64","Apple LLVM 21.0.0 (clang-2100.3.34.2)"," -O3 -DNDEBUG",8,100000,flecs,owned_insert,,2,10,1,21.242000
aalair,"Apple M3",8,"Darwin 27.0.0 arm64","Apple LLVM 21.0.0 (clang-2100.3.34.2)"," -O3 -DNDEBUG",8,100000,flecs,owned_insert,,2,10,2,21.219000
aalair,"Apple M3",8,"Darwin 27.0.0 arm64","Apple LLVM 21.0.0 (clang-2100.3.34.2)"," -O3 -DNDEBUG",8,100000,flecs,owned_insert,,2,10,3,21.234000
aalair,"Apple M3",8,"Darwin 27.0.0 arm64","Apple LLVM 21.0.0 (clang-2100.3.34.2)"," -O3 -DNDEBUG",8,100000,flecs,owned_insert,,2,10,4,21.241000
aalair,"Apple M3",8,"Darwin 27.0.0 arm64","Apple LLVM 21.0.0 (clang-2100.3.34.2)"," -O3 -DNDEBUG",8,100000,flecs,owned_insert,,2,10,5,21.186000
aalair,"Apple M3",8,"Darwin 27.0.0 arm64","Apple LLVM 21.0.0 (clang-2100.3.34.2)"," -O3 -DNDEBUG",8,100000,flecs,owned_insert,,2,10,6,20.957000
aalair,"Apple M3",8,"Darwin 27.0.0 arm64","Apple LLVM 21.0.0 (clang-2100.3.34.2)"," -O3 -DNDEBUG",8,100000,flecs,owned_insert,,2,10,7,21.075000
aalair,"Apple M3",8,"Darwin 27.0.0 arm64","Apple LLVM 21.0.0 (clang-2100.3.34.2)"," -O3 -DNDEBUG",8,100000,flecs,owned_insert,,2,10,8,20.925000
aalair,"Apple M3",8,"Darwin 27.0.0 arm64","Apple LLVM 21.0.0 (clang-2100.3.34.2)"," -O3 -DNDEBUG",8,100000,flecs,owned_insert,,2,10,9,21.222000
aalair,"Apple M3",8,"Darwin 27.0.0 arm64","Apple LLVM 21.0.0 (clang-2100.3.34.2)"," -O3 -DNDEBUG",8,100000,flecs,owned_insert,,2,10,10,21.017000
aalair,"Apple M3",8,"Darwin 27.0.0 arm64","Apple LLVM 21.0.0 (clang-2100.3.34.2)"," -O3 -DNDEBUG",8,100000,flecs,owned_insert,,2,500,1,204.290000
aalair,"Apple M3",8,"Darwin 27.0.0 arm64","Apple LLVM 21.0.0 (clang-2100.3.34.2)"," -O3 -DNDEBUG",8,100000,flecs,owned_insert,,2,500,2,204.092000
aalair,"Apple M3",8,"Darwin 27.0.0 arm64","Apple LLVM 21.0.0 (clang-2100.3.34.2)"," -O3 -DNDEBUG",8,100000,flecs,owned_insert,,2,500,3,204.225000
aalair,"Apple M3",8,"Darwin 27.0.0 arm64","Apple LLVM 21.0.0 (clang-2100.3.34.2)"," -O3 -DNDEBUG",8,100000,flecs,owned_insert,,2,500,4,204.218000
aalair,"Apple M3",8,"Darwin 27.0.0 arm64","Apple LLVM 21.0.0 (clang-2100.3.34.2)"," -O3 -DNDEBUG",8,100000,flecs,owned_insert,,2,500,5,204.176000
aalair,"Apple M3",8,"Darwin 27.0.0 arm64","Apple LLVM 21.0.0 (clang-2100.3.34.2)"," -O3 -DNDEBUG",8,100000,flecs,owned_insert,,2,500,6,204.096000
aalair,"Apple M3",8,"Darwin 27.0.0 arm64","Apple LLVM 21.0.0 (clang-2100.3.34.2)"," -O3 -DNDEBUG",8,100000,flecs,owned_insert,,2,500,7,204.245000
aalair,"Apple M3",8,"Darwin 27.0.0 arm64","Apple LLVM 21.0.0 (clang-2100.3.34.2)"," -O3 -DNDEBUG",8,100000,flecs,owned_insert,,2,500,8,204.444000
aalair,"Apple M3",8,"Darwin 27.0.0 arm64","Apple LLVM 21.0.0 (clang-2100.3.34.2)"," -O3 -DNDEBUG",8,100000,flecs,owned_insert,,2,500,9,204.001000
aalair,"Apple M3",8,"Darwin 27.0.0 arm64","Apple LLVM 21.0.0 (clang-2100.3.34.2)"," -O3 -DNDEBUG",8,100000,flecs,owned_insert,,2,500,10,204.241000
aalair,"Apple M3",8,"Darwin 27.0.0 arm64","Apple LLVM 21.0.0 (clang-2100.3.34.2)"," -O3 -DNDEBUG",8,100000,flecs,owned_insert,,4,0,1,16.906000
aalair,"Apple M3",8,"Darwin 27.0.0 arm64","Apple LLVM 21.0.0 (clang-2100.3.34.2)"," -O3 -DNDEBUG",8,100000,flecs,owned_insert,,4,0,2,16.801000
aalair,"Apple M3",8,"Darwin 27.0.0 arm64","Apple LLVM 21.0.0 (clang-2100.3.34.2)"," -O3 -DNDEBUG",8,100000,flecs,owned_insert,,4,0,3,16.808000
aalair,"Apple M3",8,"Darwin 27.0.0 arm64","Apple LLVM 21.0.0 (clang-2100.3.34.2)"," -O3 -DNDEBUG",8,100000,flecs,owned_insert,,4,0,4,17.072000
aalair,"Apple M3",8,"Darwin 27.0.0 arm64","Apple LLVM 21.0.0 (clang-2100.3.34.2)"," -O3 -DNDEBUG",8,100000,flecs,owned_insert,,4,0,5,16.757000
aalair,"Apple M3",8,"Darwin 27.0.0 arm64","Apple LLVM 21.0.0 (clang-2100.3.34.2)"," -O3 -DNDEBUG",8,100000,flecs,owned_insert,,4,0,6,16.738000
aalair,"Apple M3",8,"Darwin 27.0.0 arm64","Apple LLVM 21.0.0 (clang-2100.3.34.2)"," -O3 -DNDEBUG",8,100000,flecs,owned_insert,,4,0,7,17.052000
aalair,"Apple M3",8,"Darwin 27.0.0 arm64","Apple LLVM 21.0.0 (clang-2100.3.34.2)"," -O3 -DNDEBUG",8,100000,flecs,owned_insert,,4,0,8,16.786000
aalair,"Apple M3",8,"Darwin 27.0.0 arm64","Apple LLVM 21.0.0 (clang-2100.3.34.2)"," -O3 -DNDEBUG",8,100000,flecs,owned_insert,,4,0,9,17.015000
aalair,"Apple M3",8,"Darwin 27.0.0 arm64","Apple LLVM 21.0.0 (clang-2100.3.34.2)"," -O3 -DNDEBUG",8,100000,flecs,owned_insert,,4,0,10,16.779000
aalair,"Apple M3",8,"Darwin 27.0.0 arm64","Apple LLVM 21.0.0 (clang-2100.3.34.2)"," -O3 -DNDEBUG",8,100000,flecs,owned_insert,,4,10,1,17.501000
aalair,"Apple M3",8,"Darwin 27.0.0 arm64","Apple LLVM 21.0.0 (clang-2100.3.34.2)"," -O3 -DNDEBUG",8,100000,flecs,owned_insert,,4,10,2,17.620000
aalair,"Apple M3",8,"Darwin 27.0.0 arm64","Apple LLVM 21.0.0 (clang-2100.3.34.2)"," -O3 -DNDEBUG",8,100000,flecs,owned_insert,,4,10,3,17.883000
aalair,"Apple M3",8,"Darwin 27.0.0 arm64","Apple LLVM 21.0.0 (clang-2100.3.34.2)"," -O3 -DNDEBUG",8,100000,flecs,owned_insert,,4,10,4,17.776000
aalair,"Apple M3",8,"Darwin 27.0.0 arm64","Apple LLVM 21.0.0 (clang-2100.3.34.2)"," -O3 -DNDEBUG",8,100000,flecs,owned_insert,,4,10,5,17.480000
aalair,"Apple M3",8,"Darwin 27.0.0 arm64","Apple LLVM 21.0.0 (clang-2100.3.34.2)"," -O3 -DNDEBUG",8,100000,flecs,owned_insert,,4,10,6,17.543000
aalair,"Apple M3",8,"Darwin 27.0.0 arm64","Apple LLVM 21.0.0 (clang-2100.3.34.2)"," -O3 -DNDEBUG",8,100000,flecs,owned_insert,,4,10,7,17.545000
aalair,"Apple M3",8,"Darwin 27.0.0 arm64","Apple LLVM 21.0.0 (clang-2100.3.34.2)"," -O3 -DNDEBUG",8,100000,flecs,owned_insert,,4,10,8,17.554000
aalair,"Apple M3",8,"Darwin 27.0.0 arm64","Apple LLVM 21.0.0 (clang-2100.3.34.2)"," -O3 -DNDEBUG",8,100000,flecs,owned_insert,,4,10,9,17.485000
aalair,"Apple M3",8,"Darwin 27.0.0 arm64","Apple LLVM 21.0.0 (clang-2100.3.34.2)"," -O3 -DNDEBUG",8,100000,flecs,owned_insert,,4,10,10,17.528000
aalair,"Apple M3",8,"Darwin 27.0.0 arm64","Apple LLVM 21.0.0 (clang-2100.3.34.2)"," -O3 -DNDEBUG",8,100000,flecs,owned_insert,,4,500,1,116.861000
aalair,"Apple M3",8,"Darwin 27.0.0 arm64","Apple LLVM 21.0.0 (clang-2100.3.34.2)"," -O3 -DNDEBUG",8,100000,flecs,owned_insert,,4,500,2,117.154000
aalair,"Apple M3",8,"Darwin 27.0.0 arm64","Apple LLVM 21.0.0 (clang-2100.3.34.2)"," -O3 -DNDEBUG",8,100000,flecs,owned_insert,,4,500,3,117.037000
aalair,"Apple M3",8,"Darwin 27.0.0 arm64","Apple LLVM 21.0.0 (clang-2100.3.34.2)"," -O3 -DNDEBUG",8,100000,flecs,owned_insert,,4,500,4,117.252000
aalair,"Apple M3",8,"Darwin 27.0.0 arm64","Apple LLVM 21.0.0 (clang-2100.3.34.2)"," -O3 -DNDEBUG",8,100000,flecs,owned_insert,,4,500,5,116.944000
aalair,"Apple M3",8,"Darwin 27.0.0 arm64","Apple LLVM 21.0.0 (clang-2100.3.34.2)"," -O3 -DNDEBUG",8,100000,flecs,owned_insert,,4,500,6,116.959000
aalair,"Apple M3",8,"Darwin 27.0.0 arm64","Apple LLVM 21.0.0 (clang-2100.3.34.2)"," -O3 -DNDEBUG",8,100000,flecs,owned_insert,,4,500,7,116.965000
aalair,"Apple M3",8,"Darwin 27.0.0 arm64","Apple LLVM 21.0.0 (clang-2100.3.34.2)"," -O3 -DNDEBUG",8,100000,flecs,owned_insert,,4,500,8,117.228000
aalair,"Apple M3",8,"Darwin 27.0.0 arm64","Apple LLVM 21.0.0 (clang-2100.3.34.2)"," -O3 -DNDEBUG",8,100000,flecs,owned_insert,,4,500,9,116.864000
aalair,"Apple M3",8,"Darwin 27.0.0 arm64","Apple LLVM 21.0.0 (clang-2100.3.34.2)"," -O3 -DNDEBUG",8,100000,flecs,owned_insert,,4,500,10,117.440000
aalair,"Apple M3",8,"Darwin 27.0.0 arm64","Apple LLVM 21.0.0 (clang-2100.3.34.2)"," -O3 -DNDEBUG",8,100000,flecs,owned_insert,,8,0,1,16.329000
aalair,"Apple M3",8,"Darwin 27.0.0 arm64","Apple LLVM 21.0.0 (clang-2100.3.34.2)"," -O3 -DNDEBUG",8,100000,flecs,owned_insert,,8,0,2,16.690000
aalair,"Apple M3",8,"Darwin 27.0.0 arm64","Apple LLVM 21.0.0 (clang-2100.3.34.2)"," -O3 -DNDEBUG",8,100000,flecs,owned_insert,,8,0,3,16.333000
aalair,"Apple M3",8,"Darwin 27.0.0 arm64","Apple LLVM 21.0.0 (clang-2100.3.34.2)"," -O3 -DNDEBUG",8,100000,flecs,owned_insert,,8,0,4,16.411000
aalair,"Apple M3",8,"Darwin 27.0.0 arm64","Apple LLVM 21.0.0 (clang-2100.3.34.2)"," -O3 -DNDEBUG",8,100000,flecs,owned_insert,,8,0,5,16.413000
aalair,"Apple M3",8,"Darwin 27.0.0 arm64","Apple LLVM 21.0.0 (clang-2100.3.34.2)"," -O3 -DNDEBUG",8,100000,flecs,owned_insert,,8,0,6,16.433000
aalair,"Apple M3",8,"Darwin 27.0.0 arm64","Apple LLVM 21.0.0 (clang-2100.3.34.2)"," -O3 -DNDEBUG",8,100000,flecs,owned_insert,,8,0,7,16.170000
aalair,"Apple M3",8,"Darwin 27.0.0 arm64","Apple LLVM 21.0.0 (clang-2100.3.34.2)"," -O3 -DNDEBUG",8,100000,flecs,owned_insert,,8,0,8,16.273000
aalair,"Apple M3",8,"Darwin 27.0.0 arm64","Apple LLVM 21.0.0 (clang-2100.3.34.2)"," -O3 -DNDEBUG",8,100000,flecs,owned_insert,,8,0,9,16.571000
aalair,"Apple M3",8,"Darwin 27.0.0 arm64","Apple LLVM 21.0.0 (clang-2100.3.34.2)"," -O3 -DNDEBUG",8,100000,flecs,owned_insert,,8,0,10,16.359000
aalair,"Apple M3",8,"Darwin 27.0.0 arm64","Apple LLVM 21.0.0 (clang-2100.3.34.2)"," -O3 -DNDEBUG",8,100000,flecs,owned_insert,,8,10,1,16.562000
aalair,"Apple M3",8,"Darwin 27.0.0 arm64","Apple LLVM 21.0.0 (clang-2100.3.34.2)"," -O3 -DNDEBUG",8,100000,flecs,owned_insert,,8,10,2,16.664000
aalair,"Apple M3",8,"Darwin 27.0.0 arm64","Apple LLVM 21.0.0 (clang-2100.3.34.2)"," -O3 -DNDEBUG",8,100000,flecs,owned_insert,,8,10,3,16.799000
aalair,"Apple M3",8,"Darwin 27.0.0 arm64","Apple LLVM 21.0.0 (clang-2100.3.34.2)"," -O3 -DNDEBUG",8,100000,flecs,owned_insert,,8,10,4,16.752000
aalair,"Apple M3",8,"Darwin 27.0.0 arm64","Apple LLVM 21.0.0 (clang-2100.3.34.2)"," -O3 -DNDEBUG",8,100000,flecs,owned_insert,,8,10,5,17.152000
aalair,"Apple M3",8,"Darwin 27.0.0 arm64","Apple LLVM 21.0.0 (clang-2100.3.34.2)"," -O3 -DNDEBUG",8,100000,flecs,owned_insert,,8,10,6,16.636000
aalair,"Apple M3",8,"Darwin 27.0.0 arm64","Apple LLVM 21.0.0 (clang-2100.3.34.2)"," -O3 -DNDEBUG",8,100000,flecs,owned_insert,,8,10,7,16.439000
aalair,"Apple M3",8,"Darwin 27.0.0 arm64","Apple LLVM 21.0.0 (clang-2100.3.34.2)"," -O3 -DNDEBUG",8,100000,flecs,owned_insert,,8,10,8,16.641000
aalair,"Apple M3",8,"Darwin 27.0.0 arm64","Apple LLVM 21.0.0 (clang-2100.3.34.2)"," -O3 -DNDEBUG",8,100000,flecs,owned_insert,,8,10,9,16.798000
aalair,"Apple M3",8,"Darwin 27.0.0 arm64","Apple LLVM 21.0.0 (clang-2100.3.34.2)"," -O3 -DNDEBUG",8,100000,flecs,owned_insert,,8,10,10,16.871000
aalair,"Apple M3",8,"Darwin 27.0.0 arm64","Apple LLVM 21.0.0 (clang-2100.3.34.2)"," -O3 -DNDEBUG",8,100000,flecs,owned_insert,,8,500,1,79.217000
aalair,"Apple M3",8,"Darwin 27.0.0 arm64","Apple LLVM 21.0.0 (clang-2100.3.34.2)"," -O3 -DNDEBUG",8,100000,flecs,owned_insert,,8,500,2,77.977000
aalair,"Apple M3",8,"Darwin 27.0.0 arm64","Apple LLVM 21.0.0 (clang-2100.3.34.2)"," -O3 -DNDEBUG",8,100000,flecs,owned_insert,,8,500,3,78.353000
aalair,"Apple M3",8,"Darwin 27.0.0 arm64","Apple LLVM 21.0.0 (clang-2100.3.34.2)"," -O3 -DNDEBUG",8,100000,flecs,owned_insert,,8,500,4,78.230000
aalair,"Apple M3",8,"Darwin 27.0.0 arm64","Apple LLVM 21.0.0 (clang-2100.3.34.2)"," -O3 -DNDEBUG",8,100000,flecs,owned_insert,,8,500,5,80.581000
aalair,"Apple M3",8,"Darwin 27.0.0 arm64","Apple LLVM 21.0.0 (clang-2100.3.34.2)"," -O3 -DNDEBUG",8,100000,flecs,owned_insert,,8,500,6,78.566000
aalair,"Apple M3",8,"Darwin 27.0.0 arm64","Apple LLVM 21.0.0 (clang-2100.3.34.2)"," -O3 -DNDEBUG",8,100000,flecs,owned_insert,,8,500,7,81.257000
aalair,"Apple M3",8,"Darwin 27.0.0 arm64","Apple LLVM 21.0.0 (clang-2100.3.34.2)"," -O3 -DNDEBUG",8,100000,flecs,owned_insert,,8,500,8,79.393000
aalair,"Apple M3",8,"Darwin 27.0.0 arm64","Apple LLVM 21.0.0 (clang-2100.3.34.2)"," -O3 -DNDEBUG",8,100000,flecs,owned_insert,,8,500,9,76.898000
aalair,"Apple M3",8,"Darwin 27.0.0 arm64","Apple LLVM 21.0.0 (clang-2100.3.34.2)"," -O3 -DNDEBUG",8,100000,flecs,owned_insert,,8,500,10,78.583000
aalair,"Apple M3",8,"Darwin 27.0.0 arm64","Apple LLVM 21.0.0 (clang-2100.3.34.2)"," -O3 -DNDEBUG",8,100000,pito,owned_insert,ecs_insert_owned,1,0,1,25.413000
aalair,"Apple M3",8,"Darwin 27.0.0 arm64","Apple LLVM 21.0.0 (clang-2100.3.34.2)"," -O3 -DNDEBUG",8,100000,pito,owned_insert,ecs_insert_owned,1,0,2,25.590000
aalair,"Apple M3",8,"Darwin 27.0.0 arm64","Apple LLVM 21.0.0 (clang-2100.3.34.2)"," -O3 -DNDEBUG",8,100000,pito,owned_insert,ecs_insert_owned,1,0,3,25.911000
aalair,"Apple M3",8,"Darwin 27.0.0 arm64","Apple LLVM 21.0.0 (clang-2100.3.34.2)"," -O3 -DNDEBUG",8,100000,pito,owned_insert,ecs_insert_owned,1,0,4,25.223000
aalair,"Apple M3",8,"Darwin 27.0.0 arm64","Apple LLVM 21.0.0 (clang-2100.3.34.2)"," -O3 -DNDEBUG",8,100000,pito,owned_insert,ecs_insert_owned,1,0,5,25.398000
aalair,"Apple M3",8,"Darwin 27.0.0 arm64","Apple LLVM 21.0.0 (clang-2100.3.34.2)"," -O3 -DNDEBUG",8,100000,pito,owned_insert,ecs_insert_owned,1,0,6,25.079000
aalair,"Apple M3",8,"Darwin 27.0.0 arm64","Apple LLVM 21.0.0 (clang-2100.3.34.2)"," -O3 -DNDEBUG",8,100000,pito,owned_insert,ecs_insert_owned,1,0,7,25.125000
aalair,"Apple M3",8,"Darwin 27.0.0 arm64","Apple LLVM 21.0.0 (clang-2100.3.34.2)"," -O3 -DNDEBUG",8,100000,pito,owned_insert,ecs_insert_owned,1,0,8,25.086000
aalair,"Apple M3",8,"Darwin 27.0.0 arm64","Apple LLVM 21.0.0 (clang-2100.3.34.2)"," -O3 -DNDEBUG",8,100000,pito,owned_insert,ecs_insert_owned,1,0,9,25.180000
aalair,"Apple M3",8,"Darwin 27.0.0 arm64","Apple LLVM 21.0.0 (clang-2100.3.34.2)"," -O3 -DNDEBUG",8,100000,pito,owned_insert,ecs_insert_owned,1,0,10,25.158000
aalair,"Apple M3",8,"Darwin 27.0.0 arm64","Apple LLVM 21.0.0 (clang-2100.3.34.2)"," -O3 -DNDEBUG",8,100000,pito,owned_insert,ecs_insert_owned,1,10,1,28.883000
aalair,"Apple M3",8,"Darwin 27.0.0 arm64","Apple LLVM 21.0.0 (clang-2100.3.34.2)"," -O3 -DNDEBUG",8,100000,pito,owned_insert,ecs_insert_owned,1,10,2,29.038000
aalair,"Apple M3",8,"Darwin 27.0.0 arm64","Apple LLVM 21.0.0 (clang-2100.3.34.2)"," -O3 -DNDEBUG",8,100000,pito,owned_insert,ecs_insert_owned,1,10,3,27.947000
aalair,"Apple M3",8,"Darwin 27.0.0 arm64","Apple LLVM 21.0.0 (clang-2100.3.34.2)"," -O3 -DNDEBUG",8,100000,pito,owned_insert,ecs_insert_owned,1,10,4,27.834000
aalair,"Apple M3",8,"Darwin 27.0.0 arm64","Apple LLVM 21.0.0 (clang-2100.3.34.2)"," -O3 -DNDEBUG",8,100000,pito,owned_insert,ecs_insert_owned,1,10,5,27.726000
aalair,"Apple M3",8,"Darwin 27.0.0 arm64","Apple LLVM 21.0.0 (clang-2100.3.34.2)"," -O3 -DNDEBUG",8,100000,pito,owned_insert,ecs_insert_owned,1,10,6,28.077000
aalair,"Apple M3",8,"Darwin 27.0.0 arm64","Apple LLVM 21.0.0 (clang-2100.3.34.2)"," -O3 -DNDEBUG",8,100000,pito,owned_insert,ecs_insert_owned,1,10,7,28.042000
aalair,"Apple M3",8,"Darwin 27.0.0 arm64","Apple LLVM 21.0.0 (clang-2100.3.34.2)"," -O3 -DNDEBUG",8,100000,pito,owned_insert,ecs_insert_owned,1,10,8,27.763000
aalair,"Apple M3",8,"Darwin 27.0.0 arm64","Apple LLVM 21.0.0 (clang-2100.3.34.2)"," -O3 -DNDEBUG",8,100000,pito,owned_insert,ecs_insert_owned,1,10,9,27.770000
aalair,"Apple M3",8,"Darwin 27.0.0 arm64","Apple LLVM 21.0.0 (clang-2100.3.34.2)"," -O3 -DNDEBUG",8,100000,pito,owned_insert,ecs_insert_owned,1,10,10,27.739000
aalair,"Apple M3",8,"Darwin 27.0.0 arm64","Apple LLVM 21.0.0 (clang-2100.3.34.2)"," -O3 -DNDEBUG",8,100000,pito,owned_insert,ecs_insert_owned,1,500,1,404.337000
aalair,"Apple M3",8,"Darwin 27.0.0 arm64","Apple LLVM 21.0.0 (clang-2100.3.34.2)"," -O3 -DNDEBUG",8,100000,pito,owned_insert,ecs_insert_owned,1,500,2,407.189000
aalair,"Apple M3",8,"Darwin 27.0.0 arm64","Apple LLVM 21.0.0 (clang-2100.3.34.2)"," -O3 -DNDEBUG",8,100000,pito,owned_insert,ecs_insert_owned,1,500,3,404.394000
aalair,"Apple M3",8,"Darwin 27.0.0 arm64","Apple LLVM 21.0.0 (clang-2100.3.34.2)"," -O3 -DNDEBUG",8,100000,pito,owned_insert,ecs_insert_owned,1,500,4,404.247000
aalair,"Apple M3",8,"Darwin 27.0.0 arm64","Apple LLVM 21.0.0 (clang-2100.3.34.2)"," -O3 -DNDEBUG",8,100000,pito,owned_insert,ecs_insert_owned,1,500,5,404.038000
aalair,"Apple M3",8,"Darwin 27.0.0 arm64","Apple LLVM 21.0.0 (clang-2100.3.34.2)"," -O3 -DNDEBUG",8,100000,pito,owned_insert,ecs_insert_owned,1,500,6,411.313000
aalair,"Apple M3",8,"Darwin 27.0.0 arm64","Apple LLVM 21.0.0 (clang-2100.3.34.2)"," -O3 -DNDEBUG",8,100000,pito,owned_insert,ecs_insert_owned,1,500,7,404.496000
aalair,"Apple M3",8,"Darwin 27.0.0 arm64","Apple LLVM 21.0.0 (clang-2100.3.34.2)"," -O3 -DNDEBUG",8,100000,pito,owned_insert,ecs_insert_owned,1,500,8,404.442000
aalair,"Apple M3",8,"Darwin 27.0.0 arm64","Apple LLVM 21.0.0 (clang-2100.3.34.2)"," -O3 -DNDEBUG",8,100000,pito,owned_insert,ecs_insert_owned,1,500,9,404.255000
aalair,"Apple M3",8,"Darwin 27.0.0 arm64","Apple LLVM 21.0.0 (clang-2100.3.34.2)"," -O3 -DNDEBUG",8,100000,pito,owned_insert,ecs_insert_owned,1,500,10,404.230000
aalair,"Apple M3",8,"Darwin 27.0.0 arm64","Apple LLVM 21.0.0 (clang-2100.3.34.2)"," -O3 -DNDEBUG",8,100000,pito,owned_insert,ecs_insert_owned,2,0,1,54.997000
aalair,"Apple M3",8,"Darwin 27.0.0 arm64","Apple LLVM 21.0.0 (clang-2100.3.34.2)"," -O3 -DNDEBUG",8,100000,pito,owned_insert,ecs_insert_owned,2,0,2,51.925000
aalair,"Apple M3",8,"Darwin 27.0.0 arm64","Apple LLVM 21.0.0 (clang-2100.3.34.2)"," -O3 -DNDEBUG",8,100000,pito,owned_insert,ecs_insert_owned,2,0,3,53.371000
aalair,"Apple M3",8,"Darwin 27.0.0 arm64","Apple LLVM 21.0.0 (clang-2100.3.34.2)"," -O3 -DNDEBUG",8,100000,pito,owned_insert,ecs_insert_owned,2,0,4,57.756000
aalair,"Apple M3",8,"Darwin 27.0.0 arm64","Apple LLVM 21.0.0 (clang-2100.3.34.2)"," -O3 -DNDEBUG",8,100000,pito,owned_insert,ecs_insert_owned,2,0,5,53.074000
aalair,"Apple M3",8,"Darwin 27.0.0 arm64","Apple LLVM 21.0.0 (clang-2100.3.34.2)"," -O3 -DNDEBUG",8,100000,pito,owned_insert,ecs_insert_owned,2,0,6,59.708000
aalair,"Apple M3",8,"Darwin 27.0.0 arm64","Apple LLVM 21.0.0 (clang-2100.3.34.2)"," -O3 -DNDEBUG",8,100000,pito,owned_insert,ecs_insert_owned,2,0,7,58.282000
aalair,"Apple M3",8,"Darwin 27.0.0 arm64","Apple LLVM 21.0.0 (clang-2100.3.34.2)"," -O3 -DNDEBUG",8,100000,pito,owned_insert,ecs_insert_owned,2,0,8,52.418000
aalair,"Apple M3",8,"Darwin 27.0.0 arm64","Apple LLVM 21.0.0 (clang-2100.3.34.2)"," -O3 -DNDEBUG",8,100000,pito,owned_insert,ecs_insert_owned,2,0,9,61.180000
aalair,"Apple M3",8,"Darwin 27.0.0 arm64","Apple LLVM 21.0.0 (clang-2100.3.34.2)"," -O3 -DNDEBUG",8,100000,pito,owned_insert,ecs_insert_owned,2,0,10,64.212000
aalair,"Apple M3",8,"Darwin 27.0.0 arm64","Apple LLVM 21.0.0 (clang-2100.3.34.2)"," -O3 -DNDEBUG",8,100000,pito,owned_insert,ecs_insert_owned,2,0,11,64.993000
aalair,"Apple M3",8,"Darwin 27.0.0 arm64","Apple LLVM 21.0.0 (clang-2100.3.34.2)"," -O3 -DNDEBUG",8,100000,pito,owned_insert,ecs_insert_owned,2,0,12,71.908000
aalair,"Apple M3",8,"Darwin 27.0.0 arm64","Apple LLVM 21.0.0 (clang-2100.3.34.2)"," -O3 -DNDEBUG",8,100000,pito,owned_insert,ecs_insert_owned,2,0,13,64.886000
aalair,"Apple M3",8,"Darwin 27.0.0 arm64","Apple LLVM 21.0.0 (clang-2100.3.34.2)"," -O3 -DNDEBUG",8,100000,pito,owned_insert,ecs_insert_owned,2,0,14,52.788000
aalair,"Apple M3",8,"Darwin 27.0.0 arm64","Apple LLVM 21.0.0 (clang-2100.3.34.2)"," -O3 -DNDEBUG",8,100000,pito,owned_insert,ecs_insert_owned,2,0,15,65.145000
aalair,"Apple M3",8,"Darwin 27.0.0 arm64","Apple LLVM 21.0.0 (clang-2100.3.34.2)"," -O3 -DNDEBUG",8,100000,pito,owned_insert,ecs_insert_owned,2,0,16,57.612000
aalair,"Apple M3",8,"Darwin 27.0.0 arm64","Apple LLVM 21.0.0 (clang-2100.3.34.2)"," -O3 -DNDEBUG",8,100000,pito,owned_insert,ecs_insert_owned,2,0,17,59.778000
aalair,"Apple M3",8,"Darwin 27.0.0 arm64","Apple LLVM 21.0.0 (clang-2100.3.34.2)"," -O3 -DNDEBUG",8,100000,pito,owned_insert,ecs_insert_owned,2,0,18,59.851000
aalair,"Apple M3",8,"Darwin 27.0.0 arm64","Apple LLVM 21.0.0 (clang-2100.3.34.2)"," -O3 -DNDEBUG",8,100000,pito,owned_insert,ecs_insert_owned,2,0,19,52.818000
aalair,"Apple M3",8,"Darwin 27.0.0 arm64","Apple LLVM 21.0.0 (clang-2100.3.34.2)"," -O3 -DNDEBUG",8,100000,pito,owned_insert,ecs_insert_owned,2,0,20,52.885000
aalair,"Apple M3",8,"Darwin 27.0.0 arm64","Apple LLVM 21.0.0 (clang-2100.3.34.2)"," -O3 -DNDEBUG",8,100000,pito,owned_insert,ecs_insert_owned,2,0,21,52.871000
aalair,"Apple M3",8,"Darwin 27.0.0 arm64","Apple LLVM 21.0.0 (clang-2100.3.34.2)"," -O3 -DNDEBUG",8,100000,pito,owned_insert,ecs_insert_owned,2,0,22,52.894000
aalair,"Apple M3",8,"Darwin 27.0.0 arm64","Apple LLVM 21.0.0 (clang-2100.3.34.2)"," -O3 -DNDEBUG",8,100000,pito,owned_insert,ecs_insert_owned,2,0,23,57.526000
aalair,"Apple M3",8,"Darwin 27.0.0 arm64","Apple LLVM 21.0.0 (clang-2100.3.34.2)"," -O3 -DNDEBUG",8,100000,pito,owned_insert,ecs_insert_owned,2,0,24,54.570000
aalair,"Apple M3",8,"Darwin 27.0.0 arm64","Apple LLVM 21.0.0 (clang-2100.3.34.2)"," -O3 -DNDEBUG",8,100000,pito,owned_insert,ecs_insert_owned,2,0,25,59.009000
aalair,"Apple M3",8,"Darwin 27.0.0 arm64","Apple LLVM 21.0.0 (clang-2100.3.34.2)"," -O3 -DNDEBUG",8,100000,pito,owned_insert,ecs_insert_owned,2,0,26,61.735000
aalair,"Apple M3",8,"Darwin 27.0.0 arm64","Apple LLVM 21.0.0 (clang-2100.3.34.2)"," -O3 -DNDEBUG",8,100000,pito,owned_insert,ecs_insert_owned,2,0,27,52.519000
aalair,"Apple M3",8,"Darwin 27.0.0 arm64","Apple LLVM 21.0.0 (clang-2100.3.34.2)"," -O3 -DNDEBUG",8,100000,pito,owned_insert,ecs_insert_owned,2,0,28,53.001000
aalair,"Apple M3",8,"Darwin 27.0.0 arm64","Apple LLVM 21.0.0 (clang-2100.3.34.2)"," -O3 -DNDEBUG",8,100000,pito,owned_insert,ecs_insert_owned,2,0,29,66.986000
aalair,"Apple M3",8,"Darwin 27.0.0 arm64","Apple LLVM 21.0.0 (clang-2100.3.34.2)"," -O3 -DNDEBUG",8,100000,pito,owned_insert,ecs_insert_owned,2,0,30,63.786000
aalair,"Apple M3",8,"Darwin 27.0.0 arm64","Apple LLVM 21.0.0 (clang-2100.3.34.2)"," -O3 -DNDEBUG",8,100000,pito,owned_insert,ecs_insert_owned,2,0,31,54.534000
aalair,"Apple M3",8,"Darwin 27.0.0 arm64","Apple LLVM 21.0.0 (clang-2100.3.34.2)"," -O3 -DNDEBUG",8,100000,pito,owned_insert,ecs_insert_owned,2,0,32,52.701000
aalair,"Apple M3",8,"Darwin 27.0.0 arm64","Apple LLVM 21.0.0 (clang-2100.3.34.2)"," -O3 -DNDEBUG",8,100000,pito,owned_insert,ecs_insert_owned,2,0,33,54.067000
aalair,"Apple M3",8,"Darwin 27.0.0 arm64","Apple LLVM 21.0.0 (clang-2100.3.34.2)"," -O3 -DNDEBUG",8,100000,pito,owned_insert,ecs_insert_owned,2,0,34,67.966000
aalair,"Apple M3",8,"Darwin 27.0.0 arm64","Apple LLVM 21.0.0 (clang-2100.3.34.2)"," -O3 -DNDEBUG",8,100000,pito,owned_insert,ecs_insert_owned,2,0,35,63.492000
aalair,"Apple M3",8,"Darwin 27.0.0 arm64","Apple LLVM 21.0.0 (clang-2100.3.34.2)"," -O3 -DNDEBUG",8,100000,pito,owned_insert,ecs_insert_owned,2,0,36,52.718000
aalair,"Apple M3",8,"Darwin 27.0.0 arm64","Apple LLVM 21.0.0 (clang-2100.3.34.2)"," -O3 -DNDEBUG",8,100000,pito,owned_insert,ecs_insert_owned,2,0,37,52.928000
aalair,"Apple M3",8,"Darwin 27.0.0 arm64","Apple LLVM 21.0.0 (clang-2100.3.34.2)"," -O3 -DNDEBUG",8,100000,pito,owned_insert,ecs_insert_owned,2,0,38,52.837000
aalair,"Apple M3",8,"Darwin 27.0.0 arm64","Apple LLVM 21.0.0 (clang-2100.3.34.2)"," -O3 -DNDEBUG",8,100000,pito,owned_insert,ecs_insert_owned,2,0,39,57.394000
aalair,"Apple M3",8,"Darwin 27.0.0 arm64","Apple LLVM 21.0.0 (clang-2100.3.34.2)"," -O3 -DNDEBUG",8,100000,pito,owned_insert,ecs_insert_owned,2,0,40,52.496000
aalair,"Apple M3",8,"Darwin 27.0.0 arm64","Apple LLVM 21.0.0 (clang-2100.3.34.2)"," -O3 -DNDEBUG",8,100000,pito,owned_insert,ecs_insert_owned,2,0,41,55.554000
aalair,"Apple M3",8,"Darwin 27.0.0 arm64","Apple LLVM 21.0.0 (clang-2100.3.34.2)"," -O3 -DNDEBUG",8,100000,pito,owned_insert,ecs_insert_owned,2,0,42,63.344000
aalair,"Apple M3",8,"Darwin 27.0.0 arm64","Apple LLVM 21.0.0 (clang-2100.3.34.2)"," -O3 -DNDEBUG",8,100000,pito,owned_insert,ecs_insert_owned,2,0,43,52.800000
aalair,"Apple M3",8,"Darwin 27.0.0 arm64","Apple LLVM 21.0.0 (clang-2100.3.34.2)"," -O3 -DNDEBUG",8,100000,pito,owned_insert,ecs_insert_owned,2,0,44,52.845000
aalair,"Apple M3",8,"Darwin 27.0.0 arm64","Apple LLVM 21.0.0 (clang-2100.3.34.2)"," -O3 -DNDEBUG",8,100000,pito,owned_insert,ecs_insert_owned,2,0,45,52.594000
aalair,"Apple M3",8,"Darwin 27.0.0 arm64","Apple LLVM 21.0.0 (clang-2100.3.34.2)"," -O3 -DNDEBUG",8,100000,pito,owned_insert,ecs_insert_owned,2,0,46,63.675000
aalair,"Apple M3",8,"Darwin 27.0.0 arm64","Apple LLVM 21.0.0 (clang-2100.3.34.2)"," -O3 -DNDEBUG",8,100000,pito,owned_insert,ecs_insert_owned,2,0,47,79.371000
aalair,"Apple M3",8,"Darwin 27.0.0 arm64","Apple LLVM 21.0.0 (clang-2100.3.34.2)"," -O3 -DNDEBUG",8,100000,pito,owned_insert,ecs_insert_owned,2,0,48,64.783000
aalair,"Apple M3",8,"Darwin 27.0.0 arm64","Apple LLVM 21.0.0 (clang-2100.3.34.2)"," -O3 -DNDEBUG",8,100000,pito,owned_insert,ecs_insert_owned,2,0,49,52.435000
aalair,"Apple M3",8,"Darwin 27.0.0 arm64","Apple LLVM 21.0.0 (clang-2100.3.34.2)"," -O3 -DNDEBUG",8,100000,pito,owned_insert,ecs_insert_owned,2,0,50,52.878000
aalair,"Apple M3",8,"Darwin 27.0.0 arm64","Apple LLVM 21.0.0 (clang-2100.3.34.2)"," -O3 -DNDEBUG",8,100000,pito,owned_insert,ecs_insert_owned,2,0,51,52.713000
aalair,"Apple M3",8,"Darwin 27.0.0 arm64","Apple LLVM 21.0.0 (clang-2100.3.34.2)"," -O3 -DNDEBUG",8,100000,pito,owned_insert,ecs_insert_owned,2,0,52,65.655000
aalair,"Apple M3",8,"Darwin 27.0.0 arm64","Apple LLVM 21.0.0 (clang-2100.3.34.2)"," -O3 -DNDEBUG",8,100000,pito,owned_insert,ecs_insert_owned,2,0,53,53.001000
aalair,"Apple M3",8,"Darwin 27.0.0 arm64","Apple LLVM 21.0.0 (clang-2100.3.34.2)"," -O3 -DNDEBUG",8,100000,pito,owned_insert,ecs_insert_owned,2,0,54,53.379000
aalair,"Apple M3",8,"Darwin 27.0.0 arm64","Apple LLVM 21.0.0 (clang-2100.3.34.2)"," -O3 -DNDEBUG",8,100000,pito,owned_insert,ecs_insert_owned,2,0,55,52.971000
aalair,"Apple M3",8,"Darwin 27.0.0 arm64","Apple LLVM 21.0.0 (clang-2100.3.34.2)"," -O3 -DNDEBUG",8,100000,pito,owned_insert,ecs_insert_owned,2,0,56,58.042000
aalair,"Apple M3",8,"Darwin 27.0.0 arm64","Apple LLVM 21.0.0 (clang-2100.3.34.2)"," -O3 -DNDEBUG",8,100000,pito,owned_insert,ecs_insert_owned,2,0,57,57.396000
aalair,"Apple M3",8,"Darwin 27.0.0 arm64","Apple LLVM 21.0.0 (clang-2100.3.34.2)"," -O3 -DNDEBUG",8,100000,pito,owned_insert,ecs_insert_owned,2,0,58,61.911000
aalair,"Apple M3",8,"Darwin 27.0.0 arm64","Apple LLVM 21.0.0 (clang-2100.3.34.2)"," -O3 -DNDEBUG",8,100000,pito,owned_insert,ecs_insert_owned,2,0,59,52.709000
aalair,"Apple M3",8,"Darwin 27.0.0 arm64","Apple LLVM 21.0.0 (clang-2100.3.34.2)"," -O3 -DNDEBUG",8,100000,pito,owned_insert,ecs_insert_owned,2,0,60,52.868000
aalair,"Apple M3",8,"Darwin 27.0.0 arm64","Apple LLVM 21.0.0 (clang-2100.3.34.2)"," -O3 -DNDEBUG",8,100000,pito,owned_insert,ecs_insert_owned,2,0,61,52.547000
aalair,"Apple M3",8,"Darwin 27.0.0 arm64","Apple LLVM 21.0.0 (clang-2100.3.34.2)"," -O3 -DNDEBUG",8,100000,pito,owned_insert,ecs_insert_owned,2,0,62,52.855000
aalair,"Apple M3",8,"Darwin 27.0.0 arm64","Apple LLVM 21.0.0 (clang-2100.3.34.2)"," -O3 -DNDEBUG",8,100000,pito,owned_insert,ecs_insert_owned,2,0,63,52.545000
aalair,"Apple M3",8,"Darwin 27.0.0 arm64","Apple LLVM 21.0.0 (clang-2100.3.34.2)"," -O3 -DNDEBUG",8,100000,pito,owned_insert,ecs_insert_owned,2,0,64,67.528000
aalair,"Apple M3",8,"Darwin 27.0.0 arm64","Apple LLVM 21.0.0 (clang-2100.3.34.2)"," -O3 -DNDEBUG",8,100000,pito,owned_insert,ecs_insert_owned,2,0,65,68.490000
aalair,"Apple M3",8,"Darwin 27.0.0 arm64","Apple LLVM 21.0.0 (clang-2100.3.34.2)"," -O3 -DNDEBUG",8,100000,pito,owned_insert,ecs_insert_owned,2,0,66,60.521000
aalair,"Apple M3",8,"Darwin 27.0.0 arm64","Apple LLVM 21.0.0 (clang-2100.3.34.2)"," -O3 -DNDEBUG",8,100000,pito,owned_insert,ecs_insert_owned,2,0,67,64.363000
aalair,"Apple M3",8,"Darwin 27.0.0 arm64","Apple LLVM 21.0.0 (clang-2100.3.34.2)"," -O3 -DNDEBUG",8,100000,pito,owned_insert,ecs_insert_owned,2,0,68,52.790000
aalair,"Apple M3",8,"Darwin 27.0.0 arm64","Apple LLVM 21.0.0 (clang-2100.3.34.2)"," -O3 -DNDEBUG",8,100000,pito,owned_insert,ecs_insert_owned,2,0,69,63.142000
aalair,"Apple M3",8,"Darwin 27.0.0 arm64","Apple LLVM 21.0.0 (clang-2100.3.34.2)"," -O3 -DNDEBUG",8,100000,pito,owned_insert,ecs_insert_owned,2,0,70,52.687000
aalair,"Apple M3",8,"Darwin 27.0.0 arm64","Apple LLVM 21.0.0 (clang-2100.3.34.2)"," -O3 -DNDEBUG",8,100000,pito,owned_insert,ecs_insert_owned,2,0,71,52.691000
aalair,"Apple M3",8,"Darwin 27.0.0 arm64","Apple LLVM 21.0.0 (clang-2100.3.34.2)"," -O3 -DNDEBUG",8,100000,pito,owned_insert,ecs_insert_owned,2,0,72,53.417000
aalair,"Apple M3",8,"Darwin 27.0.0 arm64","Apple LLVM 21.0.0 (clang-2100.3.34.2)"," -O3 -DNDEBUG",8,100000,pito,owned_insert,ecs_insert_owned,2,0,73,52.652000
aalair,"Apple M3",8,"Darwin 27.0.0 arm64","Apple LLVM 21.0.0 (clang-2100.3.34.2)"," -O3 -DNDEBUG",8,100000,pito,owned_insert,ecs_insert_owned,2,0,74,52.727000
aalair,"Apple M3",8,"Darwin 27.0.0 arm64","Apple LLVM 21.0.0 (clang-2100.3.34.2)"," -O3 -DNDEBUG",8,100000,pito,owned_insert,ecs_insert_owned,2,0,75,68.002000
aalair,"Apple M3",8,"Darwin 27.0.0 arm64","Apple LLVM 21.0.0 (clang-2100.3.34.2)"," -O3 -DNDEBUG",8,100000,pito,owned_insert,ecs_insert_owned,2,0,76,68.808000
aalair,"Apple M3",8,"Darwin 27.0.0 arm64","Apple LLVM 21.0.0 (clang-2100.3.34.2)"," -O3 -DNDEBUG",8,100000,pito,owned_insert,ecs_insert_owned,2,0,77,63.745000
aalair,"Apple M3",8,"Darwin 27.0.0 arm64","Apple LLVM 21.0.0 (clang-2100.3.34.2)"," -O3 -DNDEBUG",8,100000,pito,owned_insert,ecs_insert_owned,2,0,78,52.556000
aalair,"Apple M3",8,"Darwin 27.0.0 arm64","Apple LLVM 21.0.0 (clang-2100.3.34.2)"," -O3 -DNDEBUG",8,100000,pito,owned_insert,ecs_insert_owned,2,0,79,52.555000
aalair,"Apple M3",8,"Darwin 27.0.0 arm64","Apple LLVM 21.0.0 (clang-2100.3.34.2)"," -O3 -DNDEBUG",8,100000,pito,owned_insert,ecs_insert_owned,2,0,80,56.536000
aalair,"Apple M3",8,"Darwin 27.0.0 arm64","Apple LLVM 21.0.0 (clang-2100.3.34.2)"," -O3 -DNDEBUG",8,100000,pito,owned_insert,ecs_insert_owned,2,0,81,62.206000
aalair,"Apple M3",8,"Darwin 27.0.0 arm64","Apple LLVM 21.0.0 (clang-2100.3.34.2)"," -O3 -DNDEBUG",8,100000,pito,owned_insert,ecs_insert_owned,2,0,82,57.391000
aalair,"Apple M3",8,"Darwin 27.0.0 arm64","Apple LLVM 21.0.0 (clang-2100.3.34.2)"," -O3 -DNDEBUG",8,100000,pito,owned_insert,ecs_insert_owned,2,0,83,78.106000
aalair,"Apple M3",8,"Darwin 27.0.0 arm64","Apple LLVM 21.0.0 (clang-2100.3.34.2)"," -O3 -DNDEBUG",8,100000,pito,owned_insert,ecs_insert_owned,2,0,84,60.599000
aalair,"Apple M3",8,"Darwin 27.0.0 arm64","Apple LLVM 21.0.0 (clang-2100.3.34.2)"," -O3 -DNDEBUG",8,100000,pito,owned_insert,ecs_insert_owned,2,0,85,68.741000
aalair,"Apple M3",8,"Darwin 27.0.0 arm64","Apple LLVM 21.0.0 (clang-2100.3.34.2)"," -O3 -DNDEBUG",8,100000,pito,owned_insert,ecs_insert_owned,2,0,86,65.565000
aalair,"Apple M3",8,"Darwin 27.0.0 arm64","Apple LLVM 21.0.0 (clang-2100.3.34.2)"," -O3 -DNDEBUG",8,100000,pito,owned_insert,ecs_insert_owned,2,0,87,56.352000
aalair,"Apple M3",8,"Darwin 27.0.0 arm64","Apple LLVM 21.0.0 (clang-2100.3.34.2)"," -O3 -DNDEBUG",8,100000,pito,owned_insert,ecs_insert_owned,2,0,88,53.875000
aalair,"Apple M3",8,"Darwin 27.0.0 arm64","Apple LLVM 21.0.0 (clang-2100.3.34.2)"," -O3 -DNDEBUG",8,100000,pito,owned_insert,ecs_insert_owned,2,0,89,58.857000
aalair,"Apple M3",8,"Darwin 27.0.0 arm64","Apple LLVM 21.0.0 (clang-2100.3.34.2)"," -O3 -DNDEBUG",8,100000,pito,owned_insert,ecs_insert_owned,2,0,90,62.754000
aalair,"Apple M3",8,"Darwin 27.0.0 arm64","Apple LLVM 21.0.0 (clang-2100.3.34.2)"," -O3 -DNDEBUG",8,100000,pito,owned_insert,ecs_insert_owned,2,0,91,63.070000
aalair,"Apple M3",8,"Darwin 27.0.0 arm64","Apple LLVM 21.0.0 (clang-2100.3.34.2)"," -O3 -DNDEBUG",8,100000,pito,owned_insert,ecs_insert_owned,2,0,92,74.253000
aalair,"Apple M3",8,"Darwin 27.0.0 arm64","Apple LLVM 21.0.0 (clang-2100.3.34.2)"," -O3 -DNDEBUG",8,100000,pito,owned_insert,ecs_insert_owned,2,0,93,57.849000
aalair,"Apple M3",8,"Darwin 27.0.0 arm64","Apple LLVM 21.0.0 (clang-2100.3.34.2)"," -O3 -DNDEBUG",8,100000,pito,owned_insert,ecs_insert_owned,2,0,94,59.295000
aalair,"Apple M3",8,"Darwin 27.0.0 arm64","Apple LLVM 21.0.0 (clang-2100.3.34.2)"," -O3 -DNDEBUG",8,100000,pito,owned_insert,ecs_insert_owned,2,0,95,69.522000
aalair,"Apple M3",8,"Darwin 27.0.0 arm64","Apple LLVM 21.0.0 (clang-2100.3.34.2)"," -O3 -DNDEBUG",8,100000,pito,owned_insert,ecs_insert_owned,2,0,96,69.195000
aalair,"Apple M3",8,"Darwin 27.0.0 arm64","Apple LLVM 21.0.0 (clang-2100.3.34.2)"," -O3 -DNDEBUG",8,100000,pito,owned_insert,ecs_insert_owned,2,0,97,68.804000
aalair,"Apple M3",8,"Darwin 27.0.0 arm64","Apple LLVM 21.0.0 (clang-2100.3.34.2)"," -O3 -DNDEBUG",8,100000,pito,owned_insert,ecs_insert_owned,2,0,98,69.233000
aalair,"Apple M3",8,"Darwin 27.0.0 arm64","Apple LLVM 21.0.0 (clang-2100.3.34.2)"," -O3 -DNDEBUG",8,100000,pito,owned_insert,ecs_insert_owned,2,0,99,53.112000
aalair,"Apple M3",8,"Darwin 27.0.0 arm64","Apple LLVM 21.0.0 (clang-2100.3.34.2)"," -O3 -DNDEBUG",8,100000,pito,owned_insert,ecs_insert_owned,2,0,100,56.214000
aalair,"Apple M3",8,"Darwin 27.0.0 arm64","Apple LLVM 21.0.0 (clang-2100.3.34.2)"," -O3 -DNDEBUG",8,100000,pito,owned_insert,ecs_insert_owned,2,10,1,69.104000
aalair,"Apple M3",8,"Darwin 27.0.0 arm64","Apple LLVM 21.0.0 (clang-2100.3.34.2)"," -O3 -DNDEBUG",8,100000,pito,owned_insert,ecs_insert_owned,2,10,2,70.117000
aalair,"Apple M3",8,"Darwin 27.0.0 arm64","Apple LLVM 21.0.0 (clang-2100.3.34.2)"," -O3 -DNDEBUG",8,100000,pito,owned_insert,ecs_insert_owned,2,10,3,75.580000
aalair,"Apple M3",8,"Darwin 27.0.0 arm64","Apple LLVM 21.0.0 (clang-2100.3.34.2)"," -O3 -DNDEBUG",8,100000,pito,owned_insert,ecs_insert_owned,2,10,4,72.078000
aalair,"Apple M3",8,"Darwin 27.0.0 arm64","Apple LLVM 21.0.0 (clang-2100.3.34.2)"," -O3 -DNDEBUG",8,100000,pito,owned_insert,ecs_insert_owned,2,10,5,60.042000
aalair,"Apple M3",8,"Darwin 27.0.0 arm64","Apple LLVM 21.0.0 (clang-2100.3.34.2)"," -O3 -DNDEBUG",8,100000,pito,owned_insert,ecs_insert_owned,2,10,6,63.560000
aalair,"Apple M3",8,"Darwin 27.0.0 arm64","Apple LLVM 21.0.0 (clang-2100.3.34.2)"," -O3 -DNDEBUG",8,100000,pito,owned_insert,ecs_insert_owned,2,10,7,66.551000
aalair,"Apple M3",8,"Darwin 27.0.0 arm64","Apple LLVM 21.0.0 (clang-2100.3.34.2)"," -O3 -DNDEBUG",8,100000,pito,owned_insert,ecs_insert_owned,2,10,8,67.825000
aalair,"Apple M3",8,"Darwin 27.0.0 arm64","Apple LLVM 21.0.0 (clang-2100.3.34.2)"," -O3 -DNDEBUG",8,100000,pito,owned_insert,ecs_insert_owned,2,10,9,58.314000
aalair,"Apple M3",8,"Darwin 27.0.0 arm64","Apple LLVM 21.0.0 (clang-2100.3.34.2)"," -O3 -DNDEBUG",8,100000,pito,owned_insert,ecs_insert_owned,2,10,10,68.591000
aalair,"Apple M3",8,"Darwin 27.0.0 arm64","Apple LLVM 21.0.0 (clang-2100.3.34.2)"," -O3 -DNDEBUG",8,100000,pito,owned_insert,ecs_insert_owned,2,10,11,70.830000
aalair,"Apple M3",8,"Darwin 27.0.0 arm64","Apple LLVM 21.0.0 (clang-2100.3.34.2)"," -O3 -DNDEBUG",8,100000,pito,owned_insert,ecs_insert_owned,2,10,12,69.135000
aalair,"Apple M3",8,"Darwin 27.0.0 arm64","Apple LLVM 21.0.0 (clang-2100.3.34.2)"," -O3 -DNDEBUG",8,100000,pito,owned_insert,ecs_insert_owned,2,10,13,72.111000
aalair,"Apple M3",8,"Darwin 27.0.0 arm64","Apple LLVM 21.0.0 (clang-2100.3.34.2)"," -O3 -DNDEBUG",8,100000,pito,owned_insert,ecs_insert_owned,2,10,14,74.620000
aalair,"Apple M3",8,"Darwin 27.0.0 arm64","Apple LLVM 21.0.0 (clang-2100.3.34.2)"," -O3 -DNDEBUG",8,100000,pito,owned_insert,ecs_insert_owned,2,10,15,56.075000
aalair,"Apple M3",8,"Darwin 27.0.0 arm64","Apple LLVM 21.0.0 (clang-2100.3.34.2)"," -O3 -DNDEBUG",8,100000,pito,owned_insert,ecs_insert_owned,2,10,16,69.542000
aalair,"Apple M3",8,"Darwin 27.0.0 arm64","Apple LLVM 21.0.0 (clang-2100.3.34.2)"," -O3 -DNDEBUG",8,100000,pito,owned_insert,ecs_insert_owned,2,10,17,71.108000
aalair,"Apple M3",8,"Darwin 27.0.0 arm64","Apple LLVM 21.0.0 (clang-2100.3.34.2)"," -O3 -DNDEBUG",8,100000,pito,owned_insert,ecs_insert_owned,2,10,18,71.787000
aalair,"Apple M3",8,"Darwin 27.0.0 arm64","Apple LLVM 21.0.0 (clang-2100.3.34.2)"," -O3 -DNDEBUG",8,100000,pito,owned_insert,ecs_insert_owned,2,10,19,63.684000
aalair,"Apple M3",8,"Darwin 27.0.0 arm64","Apple LLVM 21.0.0 (clang-2100.3.34.2)"," -O3 -DNDEBUG",8,100000,pito,owned_insert,ecs_insert_owned,2,10,20,63.478000
aalair,"Apple M3",8,"Darwin 27.0.0 arm64","Apple LLVM 21.0.0 (clang-2100.3.34.2)"," -O3 -DNDEBUG",8,100000,pito,owned_insert,ecs_insert_owned,2,10,21,63.127000
aalair,"Apple M3",8,"Darwin 27.0.0 arm64","Apple LLVM 21.0.0 (clang-2100.3.34.2)"," -O3 -DNDEBUG",8,100000,pito,owned_insert,ecs_insert_owned,2,10,22,55.941000
aalair,"Apple M3",8,"Darwin 27.0.0 arm64","Apple LLVM 21.0.0 (clang-2100.3.34.2)"," -O3 -DNDEBUG",8,100000,pito,owned_insert,ecs_insert_owned,2,10,23,65.433000
aalair,"Apple M3",8,"Darwin 27.0.0 arm64","Apple LLVM 21.0.0 (clang-2100.3.34.2)"," -O3 -DNDEBUG",8,100000,pito,owned_insert,ecs_insert_owned,2,10,24,65.781000
aalair,"Apple M3",8,"Darwin 27.0.0 arm64","Apple LLVM 21.0.0 (clang-2100.3.34.2)"," -O3 -DNDEBUG",8,100000,pito,owned_insert,ecs_insert_owned,2,10,25,63.488000
aalair,"Apple M3",8,"Darwin 27.0.0 arm64","Apple LLVM 21.0.0 (clang-2100.3.34.2)"," -O3 -DNDEBUG",8,100000,pito,owned_insert,ecs_insert_owned,2,10,26,66.225000
aalair,"Apple M3",8,"Darwin 27.0.0 arm64","Apple LLVM 21.0.0 (clang-2100.3.34.2)"," -O3 -DNDEBUG",8,100000,pito,owned_insert,ecs_insert_owned,2,10,27,64.982000
aalair,"Apple M3",8,"Darwin 27.0.0 arm64","Apple LLVM 21.0.0 (clang-2100.3.34.2)"," -O3 -DNDEBUG",8,100000,pito,owned_insert,ecs_insert_owned,2,10,28,56.066000
aalair,"Apple M3",8,"Darwin 27.0.0 arm64","Apple LLVM 21.0.0 (clang-2100.3.34.2)"," -O3 -DNDEBUG",8,100000,pito,owned_insert,ecs_insert_owned,2,10,29,55.027000
aalair,"Apple M3",8,"Darwin 27.0.0 arm64","Apple LLVM 21.0.0 (clang-2100.3.34.2)"," -O3 -DNDEBUG",8,100000,pito,owned_insert,ecs_insert_owned,2,10,30,67.534000
aalair,"Apple M3",8,"Darwin 27.0.0 arm64","Apple LLVM 21.0.0 (clang-2100.3.34.2)"," -O3 -DNDEBUG",8,100000,pito,owned_insert,ecs_insert_owned,2,500,1,209.131000
aalair,"Apple M3",8,"Darwin 27.0.0 arm64","Apple LLVM 21.0.0 (clang-2100.3.34.2)"," -O3 -DNDEBUG",8,100000,pito,owned_insert,ecs_insert_owned,2,500,2,209.462000
aalair,"Apple M3",8,"Darwin 27.0.0 arm64","Apple LLVM 21.0.0 (clang-2100.3.34.2)"," -O3 -DNDEBUG",8,100000,pito,owned_insert,ecs_insert_owned,2,500,3,209.399000
aalair,"Apple M3",8,"Darwin 27.0.0 arm64","Apple LLVM 21.0.0 (clang-2100.3.34.2)"," -O3 -DNDEBUG",8,100000,pito,owned_insert,ecs_insert_owned,2,500,4,211.358000
aalair,"Apple M3",8,"Darwin 27.0.0 arm64","Apple LLVM 21.0.0 (clang-2100.3.34.2)"," -O3 -DNDEBUG",8,100000,pito,owned_insert,ecs_insert_owned,2,500,5,209.658000
aalair,"Apple M3",8,"Darwin 27.0.0 arm64","Apple LLVM 21.0.0 (clang-2100.3.34.2)"," -O3 -DNDEBUG",8,100000,pito,owned_insert,ecs_insert_owned,2,500,6,209.686000
aalair,"Apple M3",8,"Darwin 27.0.0 arm64","Apple LLVM 21.0.0 (clang-2100.3.34.2)"," -O3 -DNDEBUG",8,100000,pito,owned_insert,ecs_insert_owned,2,500,7,207.584000
aalair,"Apple M3",8,"Darwin 27.0.0 arm64","Apple LLVM 21.0.0 (clang-2100.3.34.2)"," -O3 -DNDEBUG",8,100000,pito,owned_insert,ecs_insert_owned,2,500,8,208.245000
aalair,"Apple M3",8,"Darwin 27.0.0 arm64","Apple LLVM 21.0.0 (clang-2100.3.34.2)"," -O3 -DNDEBUG",8,100000,pito,owned_insert,ecs_insert_owned,2,500,9,209.573000
aalair,"Apple M3",8,"Darwin 27.0.0 arm64","Apple LLVM 21.0.0 (clang-2100.3.34.2)"," -O3 -DNDEBUG",8,100000,pito,owned_insert,ecs_insert_owned,2,500,10,210.025000
aalair,"Apple M3",8,"Darwin 27.0.0 arm64","Apple LLVM 21.0.0 (clang-2100.3.34.2)"," -O3 -DNDEBUG",8,100000,pito,owned_insert,ecs_insert_owned,4,0,1,90.559000
aalair,"Apple M3",8,"Darwin 27.0.0 arm64","Apple LLVM 21.0.0 (clang-2100.3.34.2)"," -O3 -DNDEBUG",8,100000,pito,owned_insert,ecs_insert_owned,4,0,2,92.056000
aalair,"Apple M3",8,"Darwin 27.0.0 arm64","Apple LLVM 21.0.0 (clang-2100.3.34.2)"," -O3 -DNDEBUG",8,100000,pito,owned_insert,ecs_insert_owned,4,0,3,92.178000
aalair,"Apple M3",8,"Darwin 27.0.0 arm64","Apple LLVM 21.0.0 (clang-2100.3.34.2)"," -O3 -DNDEBUG",8,100000,pito,owned_insert,ecs_insert_owned,4,0,4,92.358000
aalair,"Apple M3",8,"Darwin 27.0.0 arm64","Apple LLVM 21.0.0 (clang-2100.3.34.2)"," -O3 -DNDEBUG",8,100000,pito,owned_insert,ecs_insert_owned,4,0,5,91.405000
aalair,"Apple M3",8,"Darwin 27.0.0 arm64","Apple LLVM 21.0.0 (clang-2100.3.34.2)"," -O3 -DNDEBUG",8,100000,pito,owned_insert,ecs_insert_owned,4,0,6,90.933000
aalair,"Apple M3",8,"Darwin 27.0.0 arm64","Apple LLVM 21.0.0 (clang-2100.3.34.2)"," -O3 -DNDEBUG",8,100000,pito,owned_insert,ecs_insert_owned,4,0,7,90.720000
aalair,"Apple M3",8,"Darwin 27.0.0 arm64","Apple LLVM 21.0.0 (clang-2100.3.34.2)"," -O3 -DNDEBUG",8,100000,pito,owned_insert,ecs_insert_owned,4,0,8,91.212000
aalair,"Apple M3",8,"Darwin 27.0.0 arm64","Apple LLVM 21.0.0 (clang-2100.3.34.2)"," -O3 -DNDEBUG",8,100000,pito,owned_insert,ecs_insert_owned,4,0,9,91.045000
aalair,"Apple M3",8,"Darwin 27.0.0 arm64","Apple LLVM 21.0.0 (clang-2100.3.34.2)"," -O3 -DNDEBUG",8,100000,pito,owned_insert,ecs_insert_owned,4,0,10,90.617000
aalair,"Apple M3",8,"Darwin 27.0.0 arm64","Apple LLVM 21.0.0 (clang-2100.3.34.2)"," -O3 -DNDEBUG",8,100000,pito,owned_insert,ecs_insert_owned,4,10,1,96.468000
aalair,"Apple M3",8,"Darwin 27.0.0 arm64","Apple LLVM 21.0.0 (clang-2100.3.34.2)"," -O3 -DNDEBUG",8,100000,pito,owned_insert,ecs_insert_owned,4,10,2,95.660000
aalair,"Apple M3",8,"Darwin 27.0.0 arm64","Apple LLVM 21.0.0 (clang-2100.3.34.2)"," -O3 -DNDEBUG",8,100000,pito,owned_insert,ecs_insert_owned,4,10,3,95.168000
aalair,"Apple M3",8,"Darwin 27.0.0 arm64","Apple LLVM 21.0.0 (clang-2100.3.34.2)"," -O3 -DNDEBUG",8,100000,pito,owned_insert,ecs_insert_owned,4,10,4,96.663000
aalair,"Apple M3",8,"Darwin 27.0.0 arm64","Apple LLVM 21.0.0 (clang-2100.3.34.2)"," -O3 -DNDEBUG",8,100000,pito,owned_insert,ecs_insert_owned,4,10,5,96.040000
aalair,"Apple M3",8,"Darwin 27.0.0 arm64","Apple LLVM 21.0.0 (clang-2100.3.34.2)"," -O3 -DNDEBUG",8,100000,pito,owned_insert,ecs_insert_owned,4,10,6,96.311000
aalair,"Apple M3",8,"Darwin 27.0.0 arm64","Apple LLVM 21.0.0 (clang-2100.3.34.2)"," -O3 -DNDEBUG",8,100000,pito,owned_insert,ecs_insert_owned,4,10,7,96.532000
aalair,"Apple M3",8,"Darwin 27.0.0 arm64","Apple LLVM 21.0.0 (clang-2100.3.34.2)"," -O3 -DNDEBUG",8,100000,pito,owned_insert,ecs_insert_owned,4,10,8,95.613000
aalair,"Apple M3",8,"Darwin 27.0.0 arm64","Apple LLVM 21.0.0 (clang-2100.3.34.2)"," -O3 -DNDEBUG",8,100000,pito,owned_insert,ecs_insert_owned,4,10,9,95.387000
aalair,"Apple M3",8,"Darwin 27.0.0 arm64","Apple LLVM 21.0.0 (clang-2100.3.34.2)"," -O3 -DNDEBUG",8,100000,pito,owned_insert,ecs_insert_owned,4,10,10,95.671000
aalair,"Apple M3",8,"Darwin 27.0.0 arm64","Apple LLVM 21.0.0 (clang-2100.3.34.2)"," -O3 -DNDEBUG",8,100000,pito,owned_insert,ecs_insert_owned,4,500,1,116.322000
aalair,"Apple M3",8,"Darwin 27.0.0 arm64","Apple LLVM 21.0.0 (clang-2100.3.34.2)"," -O3 -DNDEBUG",8,100000,pito,owned_insert,ecs_insert_owned,4,500,2,112.807000
aalair,"Apple M3",8,"Darwin 27.0.0 arm64","Apple LLVM 21.0.0 (clang-2100.3.34.2)"," -O3 -DNDEBUG",8,100000,pito,owned_insert,ecs_insert_owned,4,500,3,112.792000
aalair,"Apple M3",8,"Darwin 27.0.0 arm64","Apple LLVM 21.0.0 (clang-2100.3.34.2)"," -O3 -DNDEBUG",8,100000,pito,owned_insert,ecs_insert_owned,4,500,4,114.893000
aalair,"Apple M3",8,"Darwin 27.0.0 arm64","Apple LLVM 21.0.0 (clang-2100.3.34.2)"," -O3 -DNDEBUG",8,100000,pito,owned_insert,ecs_insert_owned,4,500,5,112.792000
aalair,"Apple M3",8,"Darwin 27.0.0 arm64","Apple LLVM 21.0.0 (clang-2100.3.34.2)"," -O3 -DNDEBUG",8,100000,pito,owned_insert,ecs_insert_owned,4,500,6,113.181000
aalair,"Apple M3",8,"Darwin 27.0.0 arm64","Apple LLVM 21.0.0 (clang-2100.3.34.2)"," -O3 -DNDEBUG",8,100000,pito,owned_insert,ecs_insert_owned,4,500,7,112.818000
aalair,"Apple M3",8,"Darwin 27.0.0 arm64","Apple LLVM 21.0.0 (clang-2100.3.34.2)"," -O3 -DNDEBUG",8,100000,pito,owned_insert,ecs_insert_owned,4,500,8,112.673000
aalair,"Apple M3",8,"Darwin 27.0.0 arm64","Apple LLVM 21.0.0 (clang-2100.3.34.2)"," -O3 -DNDEBUG",8,100000,pito,owned_insert,ecs_insert_owned,4,500,9,112.724000
aalair,"Apple M3",8,"Darwin 27.0.0 arm64","Apple LLVM 21.0.0 (clang-2100.3.34.2)"," -O3 -DNDEBUG",8,100000,pito,owned_insert,ecs_insert_owned,4,500,10,113.883000
aalair,"Apple M3",8,"Darwin 27.0.0 arm64","Apple LLVM 21.0.0 (clang-2100.3.34.2)"," -O3 -DNDEBUG",8,100000,pito,owned_insert,ecs_insert_owned,8,0,1,110.061000
aalair,"Apple M3",8,"Darwin 27.0.0 arm64","Apple LLVM 21.0.0 (clang-2100.3.34.2)"," -O3 -DNDEBUG",8,100000,pito,owned_insert,ecs_insert_owned,8,0,2,110.595000
aalair,"Apple M3",8,"Darwin 27.0.0 arm64","Apple LLVM 21.0.0 (clang-2100.3.34.2)"," -O3 -DNDEBUG",8,100000,pito,owned_insert,ecs_insert_owned,8,0,3,111.274000
aalair,"Apple M3",8,"Darwin 27.0.0 arm64","Apple LLVM 21.0.0 (clang-2100.3.34.2)"," -O3 -DNDEBUG",8,100000,pito,owned_insert,ecs_insert_owned,8,0,4,109.049000
aalair,"Apple M3",8,"Darwin 27.0.0 arm64","Apple LLVM 21.0.0 (clang-2100.3.34.2)"," -O3 -DNDEBUG",8,100000,pito,owned_insert,ecs_insert_owned,8,0,5,110.173000
aalair,"Apple M3",8,"Darwin 27.0.0 arm64","Apple LLVM 21.0.0 (clang-2100.3.34.2)"," -O3 -DNDEBUG",8,100000,pito,owned_insert,ecs_insert_owned,8,0,6,109.870000
aalair,"Apple M3",8,"Darwin 27.0.0 arm64","Apple LLVM 21.0.0 (clang-2100.3.34.2)"," -O3 -DNDEBUG",8,100000,pito,owned_insert,ecs_insert_owned,8,0,7,110.656000
aalair,"Apple M3",8,"Darwin 27.0.0 arm64","Apple LLVM 21.0.0 (clang-2100.3.34.2)"," -O3 -DNDEBUG",8,100000,pito,owned_insert,ecs_insert_owned,8,0,8,109.777000
aalair,"Apple M3",8,"Darwin 27.0.0 arm64","Apple LLVM 21.0.0 (clang-2100.3.34.2)"," -O3 -DNDEBUG",8,100000,pito,owned_insert,ecs_insert_owned,8,0,9,110.608000
aalair,"Apple M3",8,"Darwin 27.0.0 arm64","Apple LLVM 21.0.0 (clang-2100.3.34.2)"," -O3 -DNDEBUG",8,100000,pito,owned_insert,ecs_insert_owned,8,0,10,111.015000
aalair,"Apple M3",8,"Darwin 27.0.0 arm64","Apple LLVM 21.0.0 (clang-2100.3.34.2)"," -O3 -DNDEBUG",8,100000,pito,owned_insert,ecs_insert_owned,8,10,1,115.742000
aalair,"Apple M3",8,"Darwin 27.0.0 arm64","Apple LLVM 21.0.0 (clang-2100.3.34.2)"," -O3 -DNDEBUG",8,100000,pito,owned_insert,ecs_insert_owned,8,10,2,115.080000
aalair,"Apple M3",8,"Darwin 27.0.0 arm64","Apple LLVM 21.0.0 (clang-2100.3.34.2)"," -O3 -DNDEBUG",8,100000,pito,owned_insert,ecs_insert_owned,8,10,3,114.663000
aalair,"Apple M3",8,"Darwin 27.0.0 arm64","Apple LLVM 21.0.0 (clang-2100.3.34.2)"," -O3 -DNDEBUG",8,100000,pito,owned_insert,ecs_insert_owned,8,10,4,115.131000
aalair,"Apple M3",8,"Darwin 27.0.0 arm64","Apple LLVM 21.0.0 (clang-2100.3.34.2)"," -O3 -DNDEBUG",8,100000,pito,owned_insert,ecs_insert_owned,8,10,5,115.951000
aalair,"Apple M3",8,"Darwin 27.0.0 arm64","Apple LLVM 21.0.0 (clang-2100.3.34.2)"," -O3 -DNDEBUG",8,100000,pito,owned_insert,ecs_insert_owned,8,10,6,114.393000
aalair,"Apple M3",8,"Darwin 27.0.0 arm64","Apple LLVM 21.0.0 (clang-2100.3.34.2)"," -O3 -DNDEBUG",8,100000,pito,owned_insert,ecs_insert_owned,8,10,7,116.297000
aalair,"Apple M3",8,"Darwin 27.0.0 arm64","Apple LLVM 21.0.0 (clang-2100.3.34.2)"," -O3 -DNDEBUG",8,100000,pito,owned_insert,ecs_insert_owned,8,10,8,115.854000
aalair,"Apple M3",8,"Darwin 27.0.0 arm64","Apple LLVM 21.0.0 (clang-2100.3.34.2)"," -O3 -DNDEBUG",8,100000,pito,owned_insert,ecs_insert_owned,8,10,9,116.698000
aalair,"Apple M3",8,"Darwin 27.0.0 arm64","Apple LLVM 21.0.0 (clang-2100.3.34.2)"," -O3 -DNDEBUG",8,100000,pito,owned_insert,ecs_insert_owned,8,10,10,115.472000
aalair,"Apple M3",8,"Darwin 27.0.0 arm64","Apple LLVM 21.0.0 (clang-2100.3.34.2)"," -O3 -DNDEBUG",8,100000,pito,owned_insert,ecs_insert_owned,8,500,1,303.552000
aalair,"Apple M3",8,"Darwin 27.0.0 arm64","Apple LLVM 21.0.0 (clang-2100.3.34.2)"," -O3 -DNDEBUG",8,100000,pito,owned_insert,ecs_insert_owned,8,500,2,342.665000
aalair,"Apple M3",8,"Darwin 27.0.0 arm64","Apple LLVM 21.0.0 (clang-2100.3.34.2)"," -O3 -DNDEBUG",8,100000,pito,owned_insert,ecs_insert_owned,8,500,3,348.573000
aalair,"Apple M3",8,"Darwin 27.0.0 arm64","Apple LLVM 21.0.0 (clang-2100.3.34.2)"," -O3 -DNDEBUG",8,100000,pito,owned_insert,ecs_insert_owned,8,500,4,342.189000
aalair,"Apple M3",8,"Darwin 27.0.0 arm64","Apple LLVM 21.0.0 (clang-2100.3.34.2)"," -O3 -DNDEBUG",8,100000,pito,owned_insert,ecs_insert_owned,8,500,5,347.816000
aalair,"Apple M3",8,"Darwin 27.0.0 arm64","Apple LLVM 21.0.0 (clang-2100.3.34.2)"," -O3 -DNDEBUG",8,100000,pito,owned_insert,ecs_insert_owned,8,500,6,349.005000
aalair,"Apple M3",8,"Darwin 27.0.0 arm64","Apple LLVM 21.0.0 (clang-2100.3.34.2)"," -O3 -DNDEBUG",8,100000,pito,owned_insert,ecs_insert_owned,8,500,7,359.415000
aalair,"Apple M3",8,"Darwin 27.0.0 arm64","Apple LLVM 21.0.0 (clang-2100.3.34.2)"," -O3 -DNDEBUG",8,100000,pito,owned_insert,ecs_insert_owned,8,500,8,342.440000
aalair,"Apple M3",8,"Darwin 27.0.0 arm64","Apple LLVM 21.0.0 (clang-2100.3.34.2)"," -O3 -DNDEBUG",8,100000,pito,owned_insert,ecs_insert_owned,8,500,9,361.713000
aalair,"Apple M3",8,"Darwin 27.0.0 arm64","Apple LLVM 21.0.0 (clang-2100.3.34.2)"," -O3 -DNDEBUG",8,100000,pito,owned_insert,ecs_insert_owned,8,500,10,339.503000
aalair,"Apple M3",8,"Darwin 27.0.0 arm64","Apple LLVM 21.0.0 (clang-2100.3.34.2)"," -O3 -DNDEBUG",8,100000,pito,owned_insert,ecs_insert_owned,8,500,11,345.203000
aalair,"Apple M3",8,"Darwin 27.0.0 arm64","Apple LLVM 21.0.0 (clang-2100.3.34.2)"," -O3 -DNDEBUG -DPITO_ECS_OWNED_DELETE_ATOMIC=1",8,100000,pito,owned_insert,ecs_insert_owned,1,0,1,19.124000
aalair,"Apple M3",8,"Darwin 27.0.0 arm64","Apple LLVM 21.0.0 (clang-2100.3.34.2)"," -O3 -DNDEBUG -DPITO_ECS_OWNED_DELETE_ATOMIC=1",8,100000,pito,owned_insert,ecs_insert_owned,1,0,2,19.057000
aalair,"Apple M3",8,"Darwin 27.0.0 arm64","Apple LLVM 21.0.0 (clang-2100.3.34.2)"," -O3 -DNDEBUG -DPITO_ECS_OWNED_DELETE_ATOMIC=1",8,100000,pito,owned_insert,ecs_insert_owned,1,0,3,19.057000
aalair,"Apple M3",8,"Darwin 27.0.0 arm64","Apple LLVM 21.0.0 (clang-2100.3.34.2)"," -O3 -DNDEBUG -DPITO_ECS_OWNED_DELETE_ATOMIC=1",8,100000,pito,owned_insert,ecs_insert_owned,1,0,4,19.003000
aalair,"Apple M3",8,"Darwin 27.0.0 arm64","Apple LLVM 21.0.0 (clang-2100.3.34.2)"," -O3 -DNDEBUG -DPITO_ECS_OWNED_DELETE_ATOMIC=1",8,100000,pito,owned_insert,ecs_insert_owned,1,0,5,19.086000
aalair,"Apple M3",8,"Darwin 27.0.0 arm64","Apple LLVM 21.0.0 (clang-2100.3.34.2)"," -O3 -DNDEBUG -DPITO_ECS_OWNED_DELETE_ATOMIC=1",8,100000,pito,owned_insert,ecs_insert_owned,1,0,6,19.263000
aalair,"Apple M3",8,"Darwin 27.0.0 arm64","Apple LLVM 21.0.0 (clang-2100.3.34.2)"," -O3 -DNDEBUG -DPITO_ECS_OWNED_DELETE_ATOMIC=1",8,100000,pito,owned_insert,ecs_insert_owned,1,0,7,19.005000
aalair,"Apple M3",8,"Darwin 27.0.0 arm64","Apple LLVM 21.0.0 (clang-2100.3.34.2)"," -O3 -DNDEBUG -DPITO_ECS_OWNED_DELETE_ATOMIC=1",8,100000,pito,owned_insert,ecs_insert_owned,1,0,8,18.992000
aalair,"Apple M3",8,"Darwin 27.0.0 arm64","Apple LLVM 21.0.0 (clang-2100.3.34.2)"," -O3 -DNDEBUG -DPITO_ECS_OWNED_DELETE_ATOMIC=1",8,100000,pito,owned_insert,ecs_insert_owned,1,0,9,18.990000
aalair,"Apple M3",8,"Darwin 27.0.0 arm64","Apple LLVM 21.0.0 (clang-2100.3.34.2)"," -O3 -DNDEBUG -DPITO_ECS_OWNED_DELETE_ATOMIC=1",8,100000,pito,owned_insert,ecs_insert_owned,1,0,10,19.012000
aalair,"Apple M3",8,"Darwin 27.0.0 arm64","Apple LLVM 21.0.0 (clang-2100.3.34.2)"," -O3 -DNDEBUG -DPITO_ECS_OWNED_DELETE_ATOMIC=1",8,100000,pito,owned_insert,ecs_insert_owned,1,10,1,21.524000
aalair,"Apple M3",8,"Darwin 27.0.0 arm64","Apple LLVM 21.0.0 (clang-2100.3.34.2)"," -O3 -DNDEBUG -DPITO_ECS_OWNED_DELETE_ATOMIC=1",8,100000,pito,owned_insert,ecs_insert_owned,1,10,2,21.555000
aalair,"Apple M3",8,"Darwin 27.0.0 arm64","Apple LLVM 21.0.0 (clang-2100.3.34.2)"," -O3 -DNDEBUG -DPITO_ECS_OWNED_DELETE_ATOMIC=1",8,100000,pito,owned_insert,ecs_insert_owned,1,10,3,21.481000
aalair,"Apple M3",8,"Darwin 27.0.0 arm64","Apple LLVM 21.0.0 (clang-2100.3.34.2)"," -O3 -DNDEBUG -DPITO_ECS_OWNED_DELETE_ATOMIC=1",8,100000,pito,owned_insert,ecs_insert_owned,1,10,4,21.512000
aalair,"Apple M3",8,"Darwin 27.0.0 arm64","Apple LLVM 21.0.0 (clang-2100.3.34.2)"," -O3 -DNDEBUG -DPITO_ECS_OWNED_DELETE_ATOMIC=1",8,100000,pito,owned_insert,ecs_insert_owned,1,10,5,21.476000
aalair,"Apple M3",8,"Darwin 27.0.0 arm64","Apple LLVM 21.0.0 (clang-2100.3.34.2)"," -O3 -DNDEBUG -DPITO_ECS_OWNED_DELETE_ATOMIC=1",8,100000,pito,owned_insert,ecs_insert_owned,1,10,6,21.431000
aalair,"Apple M3",8,"Darwin 27.0.0 arm64","Apple LLVM 21.0.0 (clang-2100.3.34.2)"," -O3 -DNDEBUG -DPITO_ECS_OWNED_DELETE_ATOMIC=1",8,100000,pito,owned_insert,ecs_insert_owned,1,10,7,21.424000
aalair,"Apple M3",8,"Darwin 27.0.0 arm64","Apple LLVM 21.0.0 (clang-2100.3.34.2)"," -O3 -DNDEBUG -DPITO_ECS_OWNED_DELETE_ATOMIC=1",8,100000,pito,owned_insert,ecs_insert_owned,1,10,8,21.388000
aalair,"Apple M3",8,"Darwin 27.0.0 arm64","Apple LLVM 21.0.0 (clang-2100.3.34.2)"," -O3 -DNDEBUG -DPITO_ECS_OWNED_DELETE_ATOMIC=1",8,100000,pito,owned_insert,ecs_insert_owned,1,10,9,21.355000
aalair,"Apple M3",8,"Darwin 27.0.0 arm64","Apple LLVM 21.0.0 (clang-2100.3.34.2)"," -O3 -DNDEBUG -DPITO_ECS_OWNED_DELETE_ATOMIC=1",8,100000,pito,owned_insert,ecs_insert_owned,1,10,10,21.498000
aalair,"Apple M3",8,"Darwin 27.0.0 arm64","Apple LLVM 21.0.0 (clang-2100.3.34.2)"," -O3 -DNDEBUG -DPITO_ECS_OWNED_DELETE_ATOMIC=1",8,100000,pito,owned_insert,ecs_insert_owned,1,500,1,395.371000
aalair,"Apple M3",8,"Darwin 27.0.0 arm64","Apple LLVM 21.0.0 (clang-2100.3.34.2)"," -O3 -DNDEBUG -DPITO_ECS_OWNED_DELETE_ATOMIC=1",8,100000,pito,owned_insert,ecs_insert_owned,1,500,2,395.350000
aalair,"Apple M3",8,"Darwin 27.0.0 arm64","Apple LLVM 21.0.0 (clang-2100.3.34.2)"," -O3 -DNDEBUG -DPITO_ECS_OWNED_DELETE_ATOMIC=1",8,100000,pito,owned_insert,ecs_insert_owned,1,500,3,398.760000
aalair,"Apple M3",8,"Darwin 27.0.0 arm64","Apple LLVM 21.0.0 (clang-2100.3.34.2)"," -O3 -DNDEBUG -DPITO_ECS_OWNED_DELETE_ATOMIC=1",8,100000,pito,owned_insert,ecs_insert_owned,1,500,4,395.123000
aalair,"Apple M3",8,"Darwin 27.0.0 arm64","Apple LLVM 21.0.0 (clang-2100.3.34.2)"," -O3 -DNDEBUG -DPITO_ECS_OWNED_DELETE_ATOMIC=1",8,100000,pito,owned_insert,ecs_insert_owned,1,500,5,396.757000
aalair,"Apple M3",8,"Darwin 27.0.0 arm64","Apple LLVM 21.0.0 (clang-2100.3.34.2)"," -O3 -DNDEBUG -DPITO_ECS_OWNED_DELETE_ATOMIC=1",8,100000,pito,owned_insert,ecs_insert_owned,1,500,6,396.958000
aalair,"Apple M3",8,"Darwin 27.0.0 arm64","Apple LLVM 21.0.0 (clang-2100.3.34.2)"," -O3 -DNDEBUG -DPITO_ECS_OWNED_DELETE_ATOMIC=1",8,100000,pito,owned_insert,ecs_insert_owned,1,500,7,395.793000
aalair,"Apple M3",8,"Darwin 27.0.0 arm64","Apple LLVM 21.0.0 (clang-2100.3.34.2)"," -O3 -DNDEBUG -DPITO_ECS_OWNED_DELETE_ATOMIC=1",8,100000,pito,owned_insert,ecs_insert_owned,1,500,8,394.853000
aalair,"Apple M3",8,"Darwin 27.0.0 arm64","Apple LLVM 21.0.0 (clang-2100.3.34.2)"," -O3 -DNDEBUG -DPITO_ECS_OWNED_DELETE_ATOMIC=1",8,100000,pito,owned_insert,ecs_insert_owned,1,500,9,395.060000
aalair,"Apple M3",8,"Darwin 27.0.0 arm64","Apple LLVM 21.0.0 (clang-2100.3.34.2)"," -O3 -DNDEBUG -DPITO_ECS_OWNED_DELETE_ATOMIC=1",8,100000,pito,owned_insert,ecs_insert_owned,1,500,10,394.884000
aalair,"Apple M3",8,"Darwin 27.0.0 arm64","Apple LLVM 21.0.0 (clang-2100.3.34.2)"," -O3 -DNDEBUG -DPITO_ECS_OWNED_DELETE_ATOMIC=1",8,100000,pito,owned_insert,ecs_insert_owned,2,0,1,17.744000
aalair,"Apple M3",8,"Darwin 27.0.0 arm64","Apple LLVM 21.0.0 (clang-2100.3.34.2)"," -O3 -DNDEBUG -DPITO_ECS_OWNED_DELETE_ATOMIC=1",8,100000,pito,owned_insert,ecs_insert_owned,2,0,2,17.890000
aalair,"Apple M3",8,"Darwin 27.0.0 arm64","Apple LLVM 21.0.0 (clang-2100.3.34.2)"," -O3 -DNDEBUG -DPITO_ECS_OWNED_DELETE_ATOMIC=1",8,100000,pito,owned_insert,ecs_insert_owned,2,0,3,17.979000
aalair,"Apple M3",8,"Darwin 27.0.0 arm64","Apple LLVM 21.0.0 (clang-2100.3.34.2)"," -O3 -DNDEBUG -DPITO_ECS_OWNED_DELETE_ATOMIC=1",8,100000,pito,owned_insert,ecs_insert_owned,2,0,4,17.929000
aalair,"Apple M3",8,"Darwin 27.0.0 arm64","Apple LLVM 21.0.0 (clang-2100.3.34.2)"," -O3 -DNDEBUG -DPITO_ECS_OWNED_DELETE_ATOMIC=1",8,100000,pito,owned_insert,ecs_insert_owned,2,0,5,18.404000
aalair,"Apple M3",8,"Darwin 27.0.0 arm64","Apple LLVM 21.0.0 (clang-2100.3.34.2)"," -O3 -DNDEBUG -DPITO_ECS_OWNED_DELETE_ATOMIC=1",8,100000,pito,owned_insert,ecs_insert_owned,2,0,6,18.075000
aalair,"Apple M3",8,"Darwin 27.0.0 arm64","Apple LLVM 21.0.0 (clang-2100.3.34.2)"," -O3 -DNDEBUG -DPITO_ECS_OWNED_DELETE_ATOMIC=1",8,100000,pito,owned_insert,ecs_insert_owned,2,0,7,17.665000
aalair,"Apple M3",8,"Darwin 27.0.0 arm64","Apple LLVM 21.0.0 (clang-2100.3.34.2)"," -O3 -DNDEBUG -DPITO_ECS_OWNED_DELETE_ATOMIC=1",8,100000,pito,owned_insert,ecs_insert_owned,2,0,8,18.389000
aalair,"Apple M3",8,"Darwin 27.0.0 arm64","Apple LLVM 21.0.0 (clang-2100.3.34.2)"," -O3 -DNDEBUG -DPITO_ECS_OWNED_DELETE_ATOMIC=1",8,100000,pito,owned_insert,ecs_insert_owned,2,0,9,17.876000
aalair,"Apple M3",8,"Darwin 27.0.0 arm64","Apple LLVM 21.0.0 (clang-2100.3.34.2)"," -O3 -DNDEBUG -DPITO_ECS_OWNED_DELETE_ATOMIC=1",8,100000,pito,owned_insert,ecs_insert_owned,2,0,10,17.374000
aalair,"Apple M3",8,"Darwin 27.0.0 arm64","Apple LLVM 21.0.0 (clang-2100.3.34.2)"," -O3 -DNDEBUG -DPITO_ECS_OWNED_DELETE_ATOMIC=1",8,100000,pito,owned_insert,ecs_insert_owned,2,10,1,19.917000
aalair,"Apple M3",8,"Darwin 27.0.0 arm64","Apple LLVM 21.0.0 (clang-2100.3.34.2)"," -O3 -DNDEBUG -DPITO_ECS_OWNED_DELETE_ATOMIC=1",8,100000,pito,owned_insert,ecs_insert_owned,2,10,2,24.435000
aalair,"Apple M3",8,"Darwin 27.0.0 arm64","Apple LLVM 21.0.0 (clang-2100.3.34.2)"," -O3 -DNDEBUG -DPITO_ECS_OWNED_DELETE_ATOMIC=1",8,100000,pito,owned_insert,ecs_insert_owned,2,10,3,25.390000
aalair,"Apple M3",8,"Darwin 27.0.0 arm64","Apple LLVM 21.0.0 (clang-2100.3.34.2)"," -O3 -DNDEBUG -DPITO_ECS_OWNED_DELETE_ATOMIC=1",8,100000,pito,owned_insert,ecs_insert_owned,2,10,4,29.109000
aalair,"Apple M3",8,"Darwin 27.0.0 arm64","Apple LLVM 21.0.0 (clang-2100.3.34.2)"," -O3 -DNDEBUG -DPITO_ECS_OWNED_DELETE_ATOMIC=1",8,100000,pito,owned_insert,ecs_insert_owned,2,10,5,25.600000
aalair,"Apple M3",8,"Darwin 27.0.0 arm64","Apple LLVM 21.0.0 (clang-2100.3.34.2)"," -O3 -DNDEBUG -DPITO_ECS_OWNED_DELETE_ATOMIC=1",8,100000,pito,owned_insert,ecs_insert_owned,2,10,6,27.749000
aalair,"Apple M3",8,"Darwin 27.0.0 arm64","Apple LLVM 21.0.0 (clang-2100.3.34.2)"," -O3 -DNDEBUG -DPITO_ECS_OWNED_DELETE_ATOMIC=1",8,100000,pito,owned_insert,ecs_insert_owned,2,10,7,25.705000
aalair,"Apple M3",8,"Darwin 27.0.0 arm64","Apple LLVM 21.0.0 (clang-2100.3.34.2)"," -O3 -DNDEBUG -DPITO_ECS_OWNED_DELETE_ATOMIC=1",8,100000,pito,owned_insert,ecs_insert_owned,2,10,8,25.776000
aalair,"Apple M3",8,"Darwin 27.0.0 arm64","Apple LLVM 21.0.0 (clang-2100.3.34.2)"," -O3 -DNDEBUG -DPITO_ECS_OWNED_DELETE_ATOMIC=1",8,100000,pito,owned_insert,ecs_insert_owned,2,10,9,25.010000
aalair,"Apple M3",8,"Darwin 27.0.0 arm64","Apple LLVM 21.0.0 (clang-2100.3.34.2)"," -O3 -DNDEBUG -DPITO_ECS_OWNED_DELETE_ATOMIC=1",8,100000,pito,owned_insert,ecs_insert_owned,2,10,10,25.398000
aalair,"Apple M3",8,"Darwin 27.0.0 arm64","Apple LLVM 21.0.0 (clang-2100.3.34.2)"," -O3 -DNDEBUG -DPITO_ECS_OWNED_DELETE_ATOMIC=1",8,100000,pito,owned_insert,ecs_insert_owned,2,10,11,26.478000
aalair,"Apple M3",8,"Darwin 27.0.0 arm64","Apple LLVM 21.0.0 (clang-2100.3.34.2)"," -O3 -DNDEBUG -DPITO_ECS_OWNED_DELETE_ATOMIC=1",8,100000,pito,owned_insert,ecs_insert_owned,2,10,12,23.621000
aalair,"Apple M3",8,"Darwin 27.0.0 arm64","Apple LLVM 21.0.0 (clang-2100.3.34.2)"," -O3 -DNDEBUG -DPITO_ECS_OWNED_DELETE_ATOMIC=1",8,100000,pito,owned_insert,ecs_insert_owned,2,10,13,19.088000
aalair,"Apple M3",8,"Darwin 27.0.0 arm64","Apple LLVM 21.0.0 (clang-2100.3.34.2)"," -O3 -DNDEBUG -DPITO_ECS_OWNED_DELETE_ATOMIC=1",8,100000,pito,owned_insert,ecs_insert_owned,2,10,14,18.983000
aalair,"Apple M3",8,"Darwin 27.0.0 arm64","Apple LLVM 21.0.0 (clang-2100.3.34.2)"," -O3 -DNDEBUG -DPITO_ECS_OWNED_DELETE_ATOMIC=1",8,100000,pito,owned_insert,ecs_insert_owned,2,10,15,18.672000
aalair,"Apple M3",8,"Darwin 27.0.0 arm64","Apple LLVM 21.0.0 (clang-2100.3.34.2)"," -O3 -DNDEBUG -DPITO_ECS_OWNED_DELETE_ATOMIC=1",8,100000,pito,owned_insert,ecs_insert_owned,2,10,16,18.914000
aalair,"Apple M3",8,"Darwin 27.0.0 arm64","Apple LLVM 21.0.0 (clang-2100.3.34.2)"," -O3 -DNDEBUG -DPITO_ECS_OWNED_DELETE_ATOMIC=1",8,100000,pito,owned_insert,ecs_insert_owned,2,10,17,18.872000
aalair,"Apple M3",8,"Darwin 27.0.0 arm64","Apple LLVM 21.0.0 (clang-2100.3.34.2)"," -O3 -DNDEBUG -DPITO_ECS_OWNED_DELETE_ATOMIC=1",8,100000,pito,owned_insert,ecs_insert_owned,2,10,18,19.827000
aalair,"Apple M3",8,"Darwin 27.0.0 arm64","Apple LLVM 21.0.0 (clang-2100.3.34.2)"," -O3 -DNDEBUG -DPITO_ECS_OWNED_DELETE_ATOMIC=1",8,100000,pito,owned_insert,ecs_insert_owned,2,10,19,19.723000
aalair,"Apple M3",8,"Darwin 27.0.0 arm64","Apple LLVM 21.0.0 (clang-2100.3.34.2)"," -O3 -DNDEBUG -DPITO_ECS_OWNED_DELETE_ATOMIC=1",8,100000,pito,owned_insert,ecs_insert_owned,2,10,20,19.055000
aalair,"Apple M3",8,"Darwin 27.0.0 arm64","Apple LLVM 21.0.0 (clang-2100.3.34.2)"," -O3 -DNDEBUG -DPITO_ECS_OWNED_DELETE_ATOMIC=1",8,100000,pito,owned_insert,ecs_insert_owned,2,10,21,18.632000
aalair,"Apple M3",8,"Darwin 27.0.0 arm64","Apple LLVM 21.0.0 (clang-2100.3.34.2)"," -O3 -DNDEBUG -DPITO_ECS_OWNED_DELETE_ATOMIC=1",8,100000,pito,owned_insert,ecs_insert_owned,2,10,22,19.294000
aalair,"Apple M3",8,"Darwin 27.0.0 arm64","Apple LLVM 21.0.0 (clang-2100.3.34.2)"," -O3 -DNDEBUG -DPITO_ECS_OWNED_DELETE_ATOMIC=1",8,100000,pito,owned_insert,ecs_insert_owned,2,10,23,18.868000
aalair,"Apple M3",8,"Darwin 27.0.0 arm64","Apple LLVM 21.0.0 (clang-2100.3.34.2)"," -O3 -DNDEBUG -DPITO_ECS_OWNED_DELETE_ATOMIC=1",8,100000,pito,owned_insert,ecs_insert_owned,2,10,24,19.629000
aalair,"Apple M3",8,"Darwin 27.0.0 arm64","Apple LLVM 21.0.0 (clang-2100.3.34.2)"," -O3 -DNDEBUG -DPITO_ECS_OWNED_DELETE_ATOMIC=1",8,100000,pito,owned_insert,ecs_insert_owned,2,10,25,19.780000
aalair,"Apple M3",8,"Darwin 27.0.0 arm64","Apple LLVM 21.0.0 (clang-2100.3.34.2)"," -O3 -DNDEBUG -DPITO_ECS_OWNED_DELETE_ATOMIC=1",8,100000,pito,owned_insert,ecs_insert_owned,2,10,26,18.615000
aalair,"Apple M3",8,"Darwin 27.0.0 arm64","Apple LLVM 21.0.0 (clang-2100.3.34.2)"," -O3 -DNDEBUG -DPITO_ECS_OWNED_DELETE_ATOMIC=1",8,100000,pito,owned_insert,ecs_insert_owned,2,10,27,18.374000
aalair,"Apple M3",8,"Darwin 27.0.0 arm64","Apple LLVM 21.0.0 (clang-2100.3.34.2)"," -O3 -DNDEBUG -DPITO_ECS_OWNED_DELETE_ATOMIC=1",8,100000,pito,owned_insert,ecs_insert_owned,2,10,28,19.051000
aalair,"Apple M3",8,"Darwin 27.0.0 arm64","Apple LLVM 21.0.0 (clang-2100.3.34.2)"," -O3 -DNDEBUG -DPITO_ECS_OWNED_DELETE_ATOMIC=1",8,100000,pito,owned_insert,ecs_insert_owned,2,10,29,18.940000
aalair,"Apple M3",8,"Darwin 27.0.0 arm64","Apple LLVM 21.0.0 (clang-2100.3.34.2)"," -O3 -DNDEBUG -DPITO_ECS_OWNED_DELETE_ATOMIC=1",8,100000,pito,owned_insert,ecs_insert_owned,2,10,30,25.311000
aalair,"Apple M3",8,"Darwin 27.0.0 arm64","Apple LLVM 21.0.0 (clang-2100.3.34.2)"," -O3 -DNDEBUG -DPITO_ECS_OWNED_DELETE_ATOMIC=1",8,100000,pito,owned_insert,ecs_insert_owned,2,10,31,25.351000
aalair,"Apple M3",8,"Darwin 27.0.0 arm64","Apple LLVM 21.0.0 (clang-2100.3.34.2)"," -O3 -DNDEBUG -DPITO_ECS_OWNED_DELETE_ATOMIC=1",8,100000,pito,owned_insert,ecs_insert_owned,2,10,32,25.067000
aalair,"Apple M3",8,"Darwin 27.0.0 arm64","Apple LLVM 21.0.0 (clang-2100.3.34.2)"," -O3 -DNDEBUG -DPITO_ECS_OWNED_DELETE_ATOMIC=1",8,100000,pito,owned_insert,ecs_insert_owned,2,10,33,25.805000
aalair,"Apple M3",8,"Darwin 27.0.0 arm64","Apple LLVM 21.0.0 (clang-2100.3.34.2)"," -O3 -DNDEBUG -DPITO_ECS_OWNED_DELETE_ATOMIC=1",8,100000,pito,owned_insert,ecs_insert_owned,2,10,34,27.192000
aalair,"Apple M3",8,"Darwin 27.0.0 arm64","Apple LLVM 21.0.0 (clang-2100.3.34.2)"," -O3 -DNDEBUG -DPITO_ECS_OWNED_DELETE_ATOMIC=1",8,100000,pito,owned_insert,ecs_insert_owned,2,10,35,26.408000
aalair,"Apple M3",8,"Darwin 27.0.0 arm64","Apple LLVM 21.0.0 (clang-2100.3.34.2)"," -O3 -DNDEBUG -DPITO_ECS_OWNED_DELETE_ATOMIC=1",8,100000,pito,owned_insert,ecs_insert_owned,2,10,36,26.126000
aalair,"Apple M3",8,"Darwin 27.0.0 arm64","Apple LLVM 21.0.0 (clang-2100.3.34.2)"," -O3 -DNDEBUG -DPITO_ECS_OWNED_DELETE_ATOMIC=1",8,100000,pito,owned_insert,ecs_insert_owned,2,10,37,25.148000
aalair,"Apple M3",8,"Darwin 27.0.0 arm64","Apple LLVM 21.0.0 (clang-2100.3.34.2)"," -O3 -DNDEBUG -DPITO_ECS_OWNED_DELETE_ATOMIC=1",8,100000,pito,owned_insert,ecs_insert_owned,2,10,38,25.335000
aalair,"Apple M3",8,"Darwin 27.0.0 arm64","Apple LLVM 21.0.0 (clang-2100.3.34.2)"," -O3 -DNDEBUG -DPITO_ECS_OWNED_DELETE_ATOMIC=1",8,100000,pito,owned_insert,ecs_insert_owned,2,10,39,25.064000
aalair,"Apple M3",8,"Darwin 27.0.0 arm64","Apple LLVM 21.0.0 (clang-2100.3.34.2)"," -O3 -DNDEBUG -DPITO_ECS_OWNED_DELETE_ATOMIC=1",8,100000,pito,owned_insert,ecs_insert_owned,2,10,40,26.505000
aalair,"Apple M3",8,"Darwin 27.0.0 arm64","Apple LLVM 21.0.0 (clang-2100.3.34.2)"," -O3 -DNDEBUG -DPITO_ECS_OWNED_DELETE_ATOMIC=1",8,100000,pito,owned_insert,ecs_insert_owned,2,10,41,27.039000
aalair,"Apple M3",8,"Darwin 27.0.0 arm64","Apple LLVM 21.0.0 (clang-2100.3.34.2)"," -O3 -DNDEBUG -DPITO_ECS_OWNED_DELETE_ATOMIC=1",8,100000,pito,owned_insert,ecs_insert_owned,2,10,42,26.198000
aalair,"Apple M3",8,"Darwin 27.0.0 arm64","Apple LLVM 21.0.0 (clang-2100.3.34.2)"," -O3 -DNDEBUG -DPITO_ECS_OWNED_DELETE_ATOMIC=1",8,100000,pito,owned_insert,ecs_insert_owned,2,10,43,23.308000
aalair,"Apple M3",8,"Darwin 27.0.0 arm64","Apple LLVM 21.0.0 (clang-2100.3.34.2)"," -O3 -DNDEBUG -DPITO_ECS_OWNED_DELETE_ATOMIC=1",8,100000,pito,owned_insert,ecs_insert_owned,2,10,44,26.266000
aalair,"Apple M3",8,"Darwin 27.0.0 arm64","Apple LLVM 21.0.0 (clang-2100.3.34.2)"," -O3 -DNDEBUG -DPITO_ECS_OWNED_DELETE_ATOMIC=1",8,100000,pito,owned_insert,ecs_insert_owned,2,10,45,23.547000
aalair,"Apple M3",8,"Darwin 27.0.0 arm64","Apple LLVM 21.0.0 (clang-2100.3.34.2)"," -O3 -DNDEBUG -DPITO_ECS_OWNED_DELETE_ATOMIC=1",8,100000,pito,owned_insert,ecs_insert_owned,2,10,46,25.679000
aalair,"Apple M3",8,"Darwin 27.0.0 arm64","Apple LLVM 21.0.0 (clang-2100.3.34.2)"," -O3 -DNDEBUG -DPITO_ECS_OWNED_DELETE_ATOMIC=1",8,100000,pito,owned_insert,ecs_insert_owned,2,10,47,26.822000
aalair,"Apple M3",8,"Darwin 27.0.0 arm64","Apple LLVM 21.0.0 (clang-2100.3.34.2)"," -O3 -DNDEBUG -DPITO_ECS_OWNED_DELETE_ATOMIC=1",8,100000,pito,owned_insert,ecs_insert_owned,2,10,48,26.350000
aalair,"Apple M3",8,"Darwin 27.0.0 arm64","Apple LLVM 21.0.0 (clang-2100.3.34.2)"," -O3 -DNDEBUG -DPITO_ECS_OWNED_DELETE_ATOMIC=1",8,100000,pito,owned_insert,ecs_insert_owned,2,10,49,25.822000
aalair,"Apple M3",8,"Darwin 27.0.0 arm64","Apple LLVM 21.0.0 (clang-2100.3.34.2)"," -O3 -DNDEBUG -DPITO_ECS_OWNED_DELETE_ATOMIC=1",8,100000,pito,owned_insert,ecs_insert_owned,2,10,50,24.738000
aalair,"Apple M3",8,"Darwin 27.0.0 arm64","Apple LLVM 21.0.0 (clang-2100.3.34.2)"," -O3 -DNDEBUG -DPITO_ECS_OWNED_DELETE_ATOMIC=1",8,100000,pito,owned_insert,ecs_insert_owned,2,10,51,26.555000
aalair,"Apple M3",8,"Darwin 27.0.0 arm64","Apple LLVM 21.0.0 (clang-2100.3.34.2)"," -O3 -DNDEBUG -DPITO_ECS_OWNED_DELETE_ATOMIC=1",8,100000,pito,owned_insert,ecs_insert_owned,2,10,52,26.895000
aalair,"Apple M3",8,"Darwin 27.0.0 arm64","Apple LLVM 21.0.0 (clang-2100.3.34.2)"," -O3 -DNDEBUG -DPITO_ECS_OWNED_DELETE_ATOMIC=1",8,100000,pito,owned_insert,ecs_insert_owned,2,10,53,27.266000
aalair,"Apple M3",8,"Darwin 27.0.0 arm64","Apple LLVM 21.0.0 (clang-2100.3.34.2)"," -O3 -DNDEBUG -DPITO_ECS_OWNED_DELETE_ATOMIC=1",8,100000,pito,owned_insert,ecs_insert_owned,2,10,54,20.889000
aalair,"Apple M3",8,"Darwin 27.0.0 arm64","Apple LLVM 21.0.0 (clang-2100.3.34.2)"," -O3 -DNDEBUG -DPITO_ECS_OWNED_DELETE_ATOMIC=1",8,100000,pito,owned_insert,ecs_insert_owned,2,10,55,18.564000
aalair,"Apple M3",8,"Darwin 27.0.0 arm64","Apple LLVM 21.0.0 (clang-2100.3.34.2)"," -O3 -DNDEBUG -DPITO_ECS_OWNED_DELETE_ATOMIC=1",8,100000,pito,owned_insert,ecs_insert_owned,2,10,56,18.850000
aalair,"Apple M3",8,"Darwin 27.0.0 arm64","Apple LLVM 21.0.0 (clang-2100.3.34.2)"," -O3 -DNDEBUG -DPITO_ECS_OWNED_DELETE_ATOMIC=1",8,100000,pito,owned_insert,ecs_insert_owned,2,10,57,19.790000
aalair,"Apple M3",8,"Darwin 27.0.0 arm64","Apple LLVM 21.0.0 (clang-2100.3.34.2)"," -O3 -DNDEBUG -DPITO_ECS_OWNED_DELETE_ATOMIC=1",8,100000,pito,owned_insert,ecs_insert_owned,2,10,58,18.690000
aalair,"Apple M3",8,"Darwin 27.0.0 arm64","Apple LLVM 21.0.0 (clang-2100.3.34.2)"," -O3 -DNDEBUG -DPITO_ECS_OWNED_DELETE_ATOMIC=1",8,100000,pito,owned_insert,ecs_insert_owned,2,10,59,18.726000
aalair,"Apple M3",8,"Darwin 27.0.0 arm64","Apple LLVM 21.0.0 (clang-2100.3.34.2)"," -O3 -DNDEBUG -DPITO_ECS_OWNED_DELETE_ATOMIC=1",8,100000,pito,owned_insert,ecs_insert_owned,2,10,60,18.687000
aalair,"Apple M3",8,"Darwin 27.0.0 arm64","Apple LLVM 21.0.0 (clang-2100.3.34.2)"," -O3 -DNDEBUG -DPITO_ECS_OWNED_DELETE_ATOMIC=1",8,100000,pito,owned_insert,ecs_insert_owned,2,10,61,18.290000
aalair,"Apple M3",8,"Darwin 27.0.0 arm64","Apple LLVM 21.0.0 (clang-2100.3.34.2)"," -O3 -DNDEBUG -DPITO_ECS_OWNED_DELETE_ATOMIC=1",8,100000,pito,owned_insert,ecs_insert_owned,2,10,62,18.842000
aalair,"Apple M3",8,"Darwin 27.0.0 arm64","Apple LLVM 21.0.0 (clang-2100.3.34.2)"," -O3 -DNDEBUG -DPITO_ECS_OWNED_DELETE_ATOMIC=1",8,100000,pito,owned_insert,ecs_insert_owned,2,10,63,18.448000
aalair,"Apple M3",8,"Darwin 27.0.0 arm64","Apple LLVM 21.0.0 (clang-2100.3.34.2)"," -O3 -DNDEBUG -DPITO_ECS_OWNED_DELETE_ATOMIC=1",8,100000,pito,owned_insert,ecs_insert_owned,2,10,64,18.753000
aalair,"Apple M3",8,"Darwin 27.0.0 arm64","Apple LLVM 21.0.0 (clang-2100.3.34.2)"," -O3 -DNDEBUG -DPITO_ECS_OWNED_DELETE_ATOMIC=1",8,100000,pito,owned_insert,ecs_insert_owned,2,10,65,19.156000
aalair,"Apple M3",8,"Darwin 27.0.0 arm64","Apple LLVM 21.0.0 (clang-2100.3.34.2)"," -O3 -DNDEBUG -DPITO_ECS_OWNED_DELETE_ATOMIC=1",8,100000,pito,owned_insert,ecs_insert_owned,2,10,66,19.613000
aalair,"Apple M3",8,"Darwin 27.0.0 arm64","Apple LLVM 21.0.0 (clang-2100.3.34.2)"," -O3 -DNDEBUG -DPITO_ECS_OWNED_DELETE_ATOMIC=1",8,100000,pito,owned_insert,ecs_insert_owned,2,10,67,19.942000
aalair,"Apple M3",8,"Darwin 27.0.0 arm64","Apple LLVM 21.0.0 (clang-2100.3.34.2)"," -O3 -DNDEBUG -DPITO_ECS_OWNED_DELETE_ATOMIC=1",8,100000,pito,owned_insert,ecs_insert_owned,2,10,68,18.939000
aalair,"Apple M3",8,"Darwin 27.0.0 arm64","Apple LLVM 21.0.0 (clang-2100.3.34.2)"," -O3 -DNDEBUG -DPITO_ECS_OWNED_DELETE_ATOMIC=1",8,100000,pito,owned_insert,ecs_insert_owned,2,10,69,18.648000
aalair,"Apple M3",8,"Darwin 27.0.0 arm64","Apple LLVM 21.0.0 (clang-2100.3.34.2)"," -O3 -DNDEBUG -DPITO_ECS_OWNED_DELETE_ATOMIC=1",8,100000,pito,owned_insert,ecs_insert_owned,2,10,70,25.429000
aalair,"Apple M3",8,"Darwin 27.0.0 arm64","Apple LLVM 21.0.0 (clang-2100.3.34.2)"," -O3 -DNDEBUG -DPITO_ECS_OWNED_DELETE_ATOMIC=1",8,100000,pito,owned_insert,ecs_insert_owned,2,10,71,25.879000
aalair,"Apple M3",8,"Darwin 27.0.0 arm64","Apple LLVM 21.0.0 (clang-2100.3.34.2)"," -O3 -DNDEBUG -DPITO_ECS_OWNED_DELETE_ATOMIC=1",8,100000,pito,owned_insert,ecs_insert_owned,2,10,72,24.352000
aalair,"Apple M3",8,"Darwin 27.0.0 arm64","Apple LLVM 21.0.0 (clang-2100.3.34.2)"," -O3 -DNDEBUG -DPITO_ECS_OWNED_DELETE_ATOMIC=1",8,100000,pito,owned_insert,ecs_insert_owned,2,10,73,25.960000
aalair,"Apple M3",8,"Darwin 27.0.0 arm64","Apple LLVM 21.0.0 (clang-2100.3.34.2)"," -O3 -DNDEBUG -DPITO_ECS_OWNED_DELETE_ATOMIC=1",8,100000,pito,owned_insert,ecs_insert_owned,2,10,74,24.907000
aalair,"Apple M3",8,"Darwin 27.0.0 arm64","Apple LLVM 21.0.0 (clang-2100.3.34.2)"," -O3 -DNDEBUG -DPITO_ECS_OWNED_DELETE_ATOMIC=1",8,100000,pito,owned_insert,ecs_insert_owned,2,10,75,25.198000
aalair,"Apple M3",8,"Darwin 27.0.0 arm64","Apple LLVM 21.0.0 (clang-2100.3.34.2)"," -O3 -DNDEBUG -DPITO_ECS_OWNED_DELETE_ATOMIC=1",8,100000,pito,owned_insert,ecs_insert_owned,2,10,76,25.066000
aalair,"Apple M3",8,"Darwin 27.0.0 arm64","Apple LLVM 21.0.0 (clang-2100.3.34.2)"," -O3 -DNDEBUG -DPITO_ECS_OWNED_DELETE_ATOMIC=1",8,100000,pito,owned_insert,ecs_insert_owned,2,10,77,24.894000
aalair,"Apple M3",8,"Darwin 27.0.0 arm64","Apple LLVM 21.0.0 (clang-2100.3.34.2)"," -O3 -DNDEBUG -DPITO_ECS_OWNED_DELETE_ATOMIC=1",8,100000,pito,owned_insert,ecs_insert_owned,2,10,78,24.443000
aalair,"Apple M3",8,"Darwin 27.0.0 arm64","Apple LLVM 21.0.0 (clang-2100.3.34.2)"," -O3 -DNDEBUG -DPITO_ECS_OWNED_DELETE_ATOMIC=1",8,100000,pito,owned_insert,ecs_insert_owned,2,10,79,25.086000
aalair,"Apple M3",8,"Darwin 27.0.0 arm64","Apple LLVM 21.0.0 (clang-2100.3.34.2)"," -O3 -DNDEBUG -DPITO_ECS_OWNED_DELETE_ATOMIC=1",8,100000,pito,owned_insert,ecs_insert_owned,2,10,80,25.473000
aalair,"Apple M3",8,"Darwin 27.0.0 arm64","Apple LLVM 21.0.0 (clang-2100.3.34.2)"," -O3 -DNDEBUG -DPITO_ECS_OWNED_DELETE_ATOMIC=1",8,100000,pito,owned_insert,ecs_insert_owned,2,10,81,24.618000
aalair,"Apple M3",8,"Darwin 27.0.0 arm64","Apple LLVM 21.0.0 (clang-2100.3.34.2)"," -O3 -DNDEBUG -DPITO_ECS_OWNED_DELETE_ATOMIC=1",8,100000,pito,owned_insert,ecs_insert_owned,2,10,82,24.676000
aalair,"Apple M3",8,"Darwin 27.0.0 arm64","Apple LLVM 21.0.0 (clang-2100.3.34.2)"," -O3 -DNDEBUG -DPITO_ECS_OWNED_DELETE_ATOMIC=1",8,100000,pito,owned_insert,ecs_insert_owned,2,10,83,24.872000
aalair,"Apple M3",8,"Darwin 27.0.0 arm64","Apple LLVM 21.0.0 (clang-2100.3.34.2)"," -O3 -DNDEBUG -DPITO_ECS_OWNED_DELETE_ATOMIC=1",8,100000,pito,owned_insert,ecs_insert_owned,2,10,84,25.374000
aalair,"Apple M3",8,"Darwin 27.0.0 arm64","Apple LLVM 21.0.0 (clang-2100.3.34.2)"," -O3 -DNDEBUG -DPITO_ECS_OWNED_DELETE_ATOMIC=1",8,100000,pito,owned_insert,ecs_insert_owned,2,10,85,27.547000
aalair,"Apple M3",8,"Darwin 27.0.0 arm64","Apple LLVM 21.0.0 (clang-2100.3.34.2)"," -O3 -DNDEBUG -DPITO_ECS_OWNED_DELETE_ATOMIC=1",8,100000,pito,owned_insert,ecs_insert_owned,2,10,86,24.885000
aalair,"Apple M3",8,"Darwin 27.0.0 arm64","Apple LLVM 21.0.0 (clang-2100.3.34.2)"," -O3 -DNDEBUG -DPITO_ECS_OWNED_DELETE_ATOMIC=1",8,100000,pito,owned_insert,ecs_insert_owned,2,10,87,19.685000
aalair,"Apple M3",8,"Darwin 27.0.0 arm64","Apple LLVM 21.0.0 (clang-2100.3.34.2)"," -O3 -DNDEBUG -DPITO_ECS_OWNED_DELETE_ATOMIC=1",8,100000,pito,owned_insert,ecs_insert_owned,2,10,88,19.689000
aalair,"Apple M3",8,"Darwin 27.0.0 arm64","Apple LLVM 21.0.0 (clang-2100.3.34.2)"," -O3 -DNDEBUG -DPITO_ECS_OWNED_DELETE_ATOMIC=1",8,100000,pito,owned_insert,ecs_insert_owned,2,10,89,18.581000
aalair,"Apple M3",8,"Darwin 27.0.0 arm64","Apple LLVM 21.0.0 (clang-2100.3.34.2)"," -O3 -DNDEBUG -DPITO_ECS_OWNED_DELETE_ATOMIC=1",8,100000,pito,owned_insert,ecs_insert_owned,2,10,90,19.941000
aalair,"Apple M3",8,"Darwin 27.0.0 arm64","Apple LLVM 21.0.0 (clang-2100.3.34.2)"," -O3 -DNDEBUG -DPITO_ECS_OWNED_DELETE_ATOMIC=1",8,100000,pito,owned_insert,ecs_insert_owned,2,10,91,19.258000
aalair,"Apple M3",8,"Darwin 27.0.0 arm64","Apple LLVM 21.0.0 (clang-2100.3.34.2)"," -O3 -DNDEBUG -DPITO_ECS_OWNED_DELETE_ATOMIC=1",8,100000,pito,owned_insert,ecs_insert_owned,2,10,92,18.357000
aalair,"Apple M3",8,"Darwin 27.0.0 arm64","Apple LLVM 21.0.0 (clang-2100.3.34.2)"," -O3 -DNDEBUG -DPITO_ECS_OWNED_DELETE_ATOMIC=1",8,100000,pito,owned_insert,ecs_insert_owned,2,10,93,17.982000
aalair,"Apple M3",8,"Darwin 27.0.0 arm64","Apple LLVM 21.0.0 (clang-2100.3.34.2)"," -O3 -DNDEBUG -DPITO_ECS_OWNED_DELETE_ATOMIC=1",8,100000,pito,owned_insert,ecs_insert_owned,2,10,94,18.357000
aalair,"Apple M3",8,"Darwin 27.0.0 arm64","Apple LLVM 21.0.0 (clang-2100.3.34.2)"," -O3 -DNDEBUG -DPITO_ECS_OWNED_DELETE_ATOMIC=1",8,100000,pito,owned_insert,ecs_insert_owned,2,10,95,19.015000
aalair,"Apple M3",8,"Darwin 27.0.0 arm64","Apple LLVM 21.0.0 (clang-2100.3.34.2)"," -O3 -DNDEBUG -DPITO_ECS_OWNED_DELETE_ATOMIC=1",8,100000,pito,owned_insert,ecs_insert_owned,2,10,96,18.284000
aalair,"Apple M3",8,"Darwin 27.0.0 arm64","Apple LLVM 21.0.0 (clang-2100.3.34.2)"," -O3 -DNDEBUG -DPITO_ECS_OWNED_DELETE_ATOMIC=1",8,100000,pito,owned_insert,ecs_insert_owned,2,10,97,18.363000
aalair,"Apple M3",8,"Darwin 27.0.0 arm64","Apple LLVM 21.0.0 (clang-2100.3.34.2)"," -O3 -DNDEBUG -DPITO_ECS_OWNED_DELETE_ATOMIC=1",8,100000,pito,owned_insert,ecs_insert_owned,2,10,98,25.424000
aalair,"Apple M3",8,"Darwin 27.0.0 arm64","Apple LLVM 21.0.0 (clang-2100.3.34.2)"," -O3 -DNDEBUG -DPITO_ECS_OWNED_DELETE_ATOMIC=1",8,100000,pito,owned_insert,ecs_insert_owned,2,10,99,23.796000
aalair,"Apple M3",8,"Darwin 27.0.0 arm64","Apple LLVM 21.0.0 (clang-2100.3.34.2)"," -O3 -DNDEBUG -DPITO_ECS_OWNED_DELETE_ATOMIC=1",8,100000,pito,owned_insert,ecs_insert_owned,2,10,100,17.076000
aalair,"Apple M3",8,"Darwin 27.0.0 arm64","Apple LLVM 21.0.0 (clang-2100.3.34.2)"," -O3 -DNDEBUG -DPITO_ECS_OWNED_DELETE_ATOMIC=1",8,100000,pito,owned_insert,ecs_insert_owned,2,500,1,203.945000
aalair,"Apple M3",8,"Darwin 27.0.0 arm64","Apple LLVM 21.0.0 (clang-2100.3.34.2)"," -O3 -DNDEBUG -DPITO_ECS_OWNED_DELETE_ATOMIC=1",8,100000,pito,owned_insert,ecs_insert_owned,2,500,2,202.637000
aalair,"Apple M3",8,"Darwin 27.0.0 arm64","Apple LLVM 21.0.0 (clang-2100.3.34.2)"," -O3 -DNDEBUG -DPITO_ECS_OWNED_DELETE_ATOMIC=1",8,100000,pito,owned_insert,ecs_insert_owned,2,500,3,203.389000
aalair,"Apple M3",8,"Darwin 27.0.0 arm64","Apple LLVM 21.0.0 (clang-2100.3.34.2)"," -O3 -DNDEBUG -DPITO_ECS_OWNED_DELETE_ATOMIC=1",8,100000,pito,owned_insert,ecs_insert_owned,2,500,4,202.353000
aalair,"Apple M3",8,"Darwin 27.0.0 arm64","Apple LLVM 21.0.0 (clang-2100.3.34.2)"," -O3 -DNDEBUG -DPITO_ECS_OWNED_DELETE_ATOMIC=1",8,100000,pito,owned_insert,ecs_insert_owned,2,500,5,202.517000
aalair,"Apple M3",8,"Darwin 27.0.0 arm64","Apple LLVM 21.0.0 (clang-2100.3.34.2)"," -O3 -DNDEBUG -DPITO_ECS_OWNED_DELETE_ATOMIC=1",8,100000,pito,owned_insert,ecs_insert_owned,2,500,6,203.135000
aalair,"Apple M3",8,"Darwin 27.0.0 arm64","Apple LLVM 21.0.0 (clang-2100.3.34.2)"," -O3 -DNDEBUG -DPITO_ECS_OWNED_DELETE_ATOMIC=1",8,100000,pito,owned_insert,ecs_insert_owned,2,500,7,202.717000
aalair,"Apple M3",8,"Darwin 27.0.0 arm64","Apple LLVM 21.0.0 (clang-2100.3.34.2)"," -O3 -DNDEBUG -DPITO_ECS_OWNED_DELETE_ATOMIC=1",8,100000,pito,owned_insert,ecs_insert_owned,2,500,8,202.369000
aalair,"Apple M3",8,"Darwin 27.0.0 arm64","Apple LLVM 21.0.0 (clang-2100.3.34.2)"," -O3 -DNDEBUG -DPITO_ECS_OWNED_DELETE_ATOMIC=1",8,100000,pito,owned_insert,ecs_insert_owned,2,500,9,202.407000
aalair,"Apple M3",8,"Darwin 27.0.0 arm64","Apple LLVM 21.0.0 (clang-2100.3.34.2)"," -O3 -DNDEBUG -DPITO_ECS_OWNED_DELETE_ATOMIC=1",8,100000,pito,owned_insert,ecs_insert_owned,2,500,10,202.847000
aalair,"Apple M3",8,"Darwin 27.0.0 arm64","Apple LLVM 21.0.0 (clang-2100.3.34.2)"," -O3 -DNDEBUG -DPITO_ECS_OWNED_DELETE_ATOMIC=1",8,100000,pito,owned_insert,ecs_insert_owned,4,0,1,16.841000
aalair,"Apple M3",8,"Darwin 27.0.0 arm64","Apple LLVM 21.0.0 (clang-2100.3.34.2)"," -O3 -DNDEBUG -DPITO_ECS_OWNED_DELETE_ATOMIC=1",8,100000,pito,owned_insert,ecs_insert_owned,4,0,2,17.518000
aalair,"Apple M3",8,"Darwin 27.0.0 arm64","Apple LLVM 21.0.0 (clang-2100.3.34.2)"," -O3 -DNDEBUG -DPITO_ECS_OWNED_DELETE_ATOMIC=1",8,100000,pito,owned_insert,ecs_insert_owned,4,0,3,14.994000
aalair,"Apple M3",8,"Darwin 27.0.0 arm64","Apple LLVM 21.0.0 (clang-2100.3.34.2)"," -O3 -DNDEBUG -DPITO_ECS_OWNED_DELETE_ATOMIC=1",8,100000,pito,owned_insert,ecs_insert_owned,4,0,4,16.669000
aalair,"Apple M3",8,"Darwin 27.0.0 arm64","Apple LLVM 21.0.0 (clang-2100.3.34.2)"," -O3 -DNDEBUG -DPITO_ECS_OWNED_DELETE_ATOMIC=1",8,100000,pito,owned_insert,ecs_insert_owned,4,0,5,16.876000
aalair,"Apple M3",8,"Darwin 27.0.0 arm64","Apple LLVM 21.0.0 (clang-2100.3.34.2)"," -O3 -DNDEBUG -DPITO_ECS_OWNED_DELETE_ATOMIC=1",8,100000,pito,owned_insert,ecs_insert_owned,4,0,6,18.533000
aalair,"Apple M3",8,"Darwin 27.0.0 arm64","Apple LLVM 21.0.0 (clang-2100.3.34.2)"," -O3 -DNDEBUG -DPITO_ECS_OWNED_DELETE_ATOMIC=1",8,100000,pito,owned_insert,ecs_insert_owned,4,0,7,17.603000
aalair,"Apple M3",8,"Darwin 27.0.0 arm64","Apple LLVM 21.0.0 (clang-2100.3.34.2)"," -O3 -DNDEBUG -DPITO_ECS_OWNED_DELETE_ATOMIC=1",8,100000,pito,owned_insert,ecs_insert_owned,4,0,8,17.643000
aalair,"Apple M3",8,"Darwin 27.0.0 arm64","Apple LLVM 21.0.0 (clang-2100.3.34.2)"," -O3 -DNDEBUG -DPITO_ECS_OWNED_DELETE_ATOMIC=1",8,100000,pito,owned_insert,ecs_insert_owned,4,0,9,16.878000
aalair,"Apple M3",8,"Darwin 27.0.0 arm64","Apple LLVM 21.0.0 (clang-2100.3.34.2)"," -O3 -DNDEBUG -DPITO_ECS_OWNED_DELETE_ATOMIC=1",8,100000,pito,owned_insert,ecs_insert_owned,4,0,10,16.663000
aalair,"Apple M3",8,"Darwin 27.0.0 arm64","Apple LLVM 21.0.0 (clang-2100.3.34.2)"," -O3 -DNDEBUG -DPITO_ECS_OWNED_DELETE_ATOMIC=1",8,100000,pito,owned_insert,ecs_insert_owned,4,0,11,18.636000
aalair,"Apple M3",8,"Darwin 27.0.0 arm64","Apple LLVM 21.0.0 (clang-2100.3.34.2)"," -O3 -DNDEBUG -DPITO_ECS_OWNED_DELETE_ATOMIC=1",8,100000,pito,owned_insert,ecs_insert_owned,4,0,12,17.515000
aalair,"Apple M3",8,"Darwin 27.0.0 arm64","Apple LLVM 21.0.0 (clang-2100.3.34.2)"," -O3 -DNDEBUG -DPITO_ECS_OWNED_DELETE_ATOMIC=1",8,100000,pito,owned_insert,ecs_insert_owned,4,0,13,16.662000
aalair,"Apple M3",8,"Darwin 27.0.0 arm64","Apple LLVM 21.0.0 (clang-2100.3.34.2)"," -O3 -DNDEBUG -DPITO_ECS_OWNED_DELETE_ATOMIC=1",8,100000,pito,owned_insert,ecs_insert_owned,4,0,14,16.989000
aalair,"Apple M3",8,"Darwin 27.0.0 arm64","Apple LLVM 21.0.0 (clang-2100.3.34.2)"," -O3 -DNDEBUG -DPITO_ECS_OWNED_DELETE_ATOMIC=1",8,100000,pito,owned_insert,ecs_insert_owned,4,10,1,18.047000
aalair,"Apple M3",8,"Darwin 27.0.0 arm64","Apple LLVM 21.0.0 (clang-2100.3.34.2)"," -O3 -DNDEBUG -DPITO_ECS_OWNED_DELETE_ATOMIC=1",8,100000,pito,owned_insert,ecs_insert_owned,4,10,2,17.626000
aalair,"Apple M3",8,"Darwin 27.0.0 arm64","Apple LLVM 21.0.0 (clang-2100.3.34.2)"," -O3 -DNDEBUG -DPITO_ECS_OWNED_DELETE_ATOMIC=1",8,100000,pito,owned_insert,ecs_insert_owned,4,10,3,17.279000
aalair,"Apple M3",8,"Darwin 27.0.0 arm64","Apple LLVM 21.0.0 (clang-2100.3.34.2)"," -O3 -DNDEBUG -DPITO_ECS_OWNED_DELETE_ATOMIC=1",8,100000,pito,owned_insert,ecs_insert_owned,4,10,4,18.284000
aalair,"Apple M3",8,"Darwin 27.0.0 arm64","Apple LLVM 21.0.0 (clang-2100.3.34.2)"," -O3 -DNDEBUG -DPITO_ECS_OWNED_DELETE_ATOMIC=1",8,100000,pito,owned_insert,ecs_insert_owned,4,10,5,17.239000
aalair,"Apple M3",8,"Darwin 27.0.0 arm64","Apple LLVM 21.0.0 (clang-2100.3.34.2)"," -O3 -DNDEBUG -DPITO_ECS_OWNED_DELETE_ATOMIC=1",8,100000,pito,owned_insert,ecs_insert_owned,4,10,6,16.896000
aalair,"Apple M3",8,"Darwin 27.0.0 arm64","Apple LLVM 21.0.0 (clang-2100.3.34.2)"," -O3 -DNDEBUG -DPITO_ECS_OWNED_DELETE_ATOMIC=1",8,100000,pito,owned_insert,ecs_insert_owned,4,10,7,19.003000
aalair,"Apple M3",8,"Darwin 27.0.0 arm64","Apple LLVM 21.0.0 (clang-2100.3.34.2)"," -O3 -DNDEBUG -DPITO_ECS_OWNED_DELETE_ATOMIC=1",8,100000,pito,owned_insert,ecs_insert_owned,4,10,8,17.658000
aalair,"Apple M3",8,"Darwin 27.0.0 arm64","Apple LLVM 21.0.0 (clang-2100.3.34.2)"," -O3 -DNDEBUG -DPITO_ECS_OWNED_DELETE_ATOMIC=1",8,100000,pito,owned_insert,ecs_insert_owned,4,10,9,18.448000
aalair,"Apple M3",8,"Darwin 27.0.0 arm64","Apple LLVM 21.0.0 (clang-2100.3.34.2)"," -O3 -DNDEBUG -DPITO_ECS_OWNED_DELETE_ATOMIC=1",8,100000,pito,owned_insert,ecs_insert_owned,4,10,10,17.316000
aalair,"Apple M3",8,"Darwin 27.0.0 arm64","Apple LLVM 21.0.0 (clang-2100.3.34.2)"," -O3 -DNDEBUG -DPITO_ECS_OWNED_DELETE_ATOMIC=1",8,100000,pito,owned_insert,ecs_insert_owned,4,10,11,17.543000
aalair,"Apple M3",8,"Darwin 27.0.0 arm64","Apple LLVM 21.0.0 (clang-2100.3.34.2)"," -O3 -DNDEBUG -DPITO_ECS_OWNED_DELETE_ATOMIC=1",8,100000,pito,owned_insert,ecs_insert_owned,4,500,1,110.169000
aalair,"Apple M3",8,"Darwin 27.0.0 arm64","Apple LLVM 21.0.0 (clang-2100.3.34.2)"," -O3 -DNDEBUG -DPITO_ECS_OWNED_DELETE_ATOMIC=1",8,100000,pito,owned_insert,ecs_insert_owned,4,500,2,110.160000
aalair,"Apple M3",8,"Darwin 27.0.0 arm64","Apple LLVM 21.0.0 (clang-2100.3.34.2)"," -O3 -DNDEBUG -DPITO_ECS_OWNED_DELETE_ATOMIC=1",8,100000,pito,owned_insert,ecs_insert_owned,4,500,3,110.639000
aalair,"Apple M3",8,"Darwin 27.0.0 arm64","Apple LLVM 21.0.0 (clang-2100.3.34.2)"," -O3 -DNDEBUG -DPITO_ECS_OWNED_DELETE_ATOMIC=1",8,100000,pito,owned_insert,ecs_insert_owned,4,500,4,110.163000
aalair,"Apple M3",8,"Darwin 27.0.0 arm64","Apple LLVM 21.0.0 (clang-2100.3.34.2)"," -O3 -DNDEBUG -DPITO_ECS_OWNED_DELETE_ATOMIC=1",8,100000,pito,owned_insert,ecs_insert_owned,4,500,5,110.082000
aalair,"Apple M3",8,"Darwin 27.0.0 arm64","Apple LLVM 21.0.0 (clang-2100.3.34.2)"," -O3 -DNDEBUG -DPITO_ECS_OWNED_DELETE_ATOMIC=1",8,100000,pito,owned_insert,ecs_insert_owned,4,500,6,110.140000
aalair,"Apple M3",8,"Darwin 27.0.0 arm64","Apple LLVM 21.0.0 (clang-2100.3.34.2)"," -O3 -DNDEBUG -DPITO_ECS_OWNED_DELETE_ATOMIC=1",8,100000,pito,owned_insert,ecs_insert_owned,4,500,7,110.180000
aalair,"Apple M3",8,"Darwin 27.0.0 arm64","Apple LLVM 21.0.0 (clang-2100.3.34.2)"," -O3 -DNDEBUG -DPITO_ECS_OWNED_DELETE_ATOMIC=1",8,100000,pito,owned_insert,ecs_insert_owned,4,500,8,110.457000
aalair,"Apple M3",8,"Darwin 27.0.0 arm64","Apple LLVM 21.0.0 (clang-2100.3.34.2)"," -O3 -DNDEBUG -DPITO_ECS_OWNED_DELETE_ATOMIC=1",8,100000,pito,owned_insert,ecs_insert_owned,4,500,9,110.153000
aalair,"Apple M3",8,"Darwin 27.0.0 arm64","Apple LLVM 21.0.0 (clang-2100.3.34.2)"," -O3 -DNDEBUG -DPITO_ECS_OWNED_DELETE_ATOMIC=1",8,100000,pito,owned_insert,ecs_insert_owned,4,500,10,110.203000
aalair,"Apple M3",8,"Darwin 27.0.0 arm64","Apple LLVM 21.0.0 (clang-2100.3.34.2)"," -O3 -DNDEBUG -DPITO_ECS_OWNED_DELETE_ATOMIC=1",8,100000,pito,owned_insert,ecs_insert_owned,8,0,1,19.446000
aalair,"Apple M3",8,"Darwin 27.0.0 arm64","Apple LLVM 21.0.0 (clang-2100.3.34.2)"," -O3 -DNDEBUG -DPITO_ECS_OWNED_DELETE_ATOMIC=1",8,100000,pito,owned_insert,ecs_insert_owned,8,0,2,32.623000
aalair,"Apple M3",8,"Darwin 27.0.0 arm64","Apple LLVM 21.0.0 (clang-2100.3.34.2)"," -O3 -DNDEBUG -DPITO_ECS_OWNED_DELETE_ATOMIC=1",8,100000,pito,owned_insert,ecs_insert_owned,8,0,3,25.781000
aalair,"Apple M3",8,"Darwin 27.0.0 arm64","Apple LLVM 21.0.0 (clang-2100.3.34.2)"," -O3 -DNDEBUG -DPITO_ECS_OWNED_DELETE_ATOMIC=1",8,100000,pito,owned_insert,ecs_insert_owned,8,0,4,18.776000
aalair,"Apple M3",8,"Darwin 27.0.0 arm64","Apple LLVM 21.0.0 (clang-2100.3.34.2)"," -O3 -DNDEBUG -DPITO_ECS_OWNED_DELETE_ATOMIC=1",8,100000,pito,owned_insert,ecs_insert_owned,8,0,5,24.034000
aalair,"Apple M3",8,"Darwin 27.0.0 arm64","Apple LLVM 21.0.0 (clang-2100.3.34.2)"," -O3 -DNDEBUG -DPITO_ECS_OWNED_DELETE_ATOMIC=1",8,100000,pito,owned_insert,ecs_insert_owned,8,0,6,27.588000
aalair,"Apple M3",8,"Darwin 27.0.0 arm64","Apple LLVM 21.0.0 (clang-2100.3.34.2)"," -O3 -DNDEBUG -DPITO_ECS_OWNED_DELETE_ATOMIC=1",8,100000,pito,owned_insert,ecs_insert_owned,8,0,7,19.206000
aalair,"Apple M3",8,"Darwin 27.0.0 arm64","Apple LLVM 21.0.0 (clang-2100.3.34.2)"," -O3 -DNDEBUG -DPITO_ECS_OWNED_DELETE_ATOMIC=1",8,100000,pito,owned_insert,ecs_insert_owned,8,0,8,22.764000
aalair,"Apple M3",8,"Darwin 27.0.0 arm64","Apple LLVM 21.0.0 (clang-2100.3.34.2)"," -O3 -DNDEBUG -DPITO_ECS_OWNED_DELETE_ATOMIC=1",8,100000,pito,owned_insert,ecs_insert_owned,8,0,9,37.568000
aalair,"Apple M3",8,"Darwin 27.0.0 arm64","Apple LLVM 21.0.0 (clang-2100.3.34.2)"," -O3 -DNDEBUG -DPITO_ECS_OWNED_DELETE_ATOMIC=1",8,100000,pito,owned_insert,ecs_insert_owned,8,0,10,19.431000
aalair,"Apple M3",8,"Darwin 27.0.0 arm64","Apple LLVM 21.0.0 (clang-2100.3.34.2)"," -O3 -DNDEBUG -DPITO_ECS_OWNED_DELETE_ATOMIC=1",8,100000,pito,owned_insert,ecs_insert_owned,8,0,11,21.316000
aalair,"Apple M3",8,"Darwin 27.0.0 arm64","Apple LLVM 21.0.0 (clang-2100.3.34.2)"," -O3 -DNDEBUG -DPITO_ECS_OWNED_DELETE_ATOMIC=1",8,100000,pito,owned_insert,ecs_insert_owned,8,0,12,19.600000
aalair,"Apple M3",8,"Darwin 27.0.0 arm64","Apple LLVM 21.0.0 (clang-2100.3.34.2)"," -O3 -DNDEBUG -DPITO_ECS_OWNED_DELETE_ATOMIC=1",8,100000,pito,owned_insert,ecs_insert_owned,8,0,13,27.018000
aalair,"Apple M3",8,"Darwin 27.0.0 arm64","Apple LLVM 21.0.0 (clang-2100.3.34.2)"," -O3 -DNDEBUG -DPITO_ECS_OWNED_DELETE_ATOMIC=1",8,100000,pito,owned_insert,ecs_insert_owned,8,0,14,19.125000
aalair,"Apple M3",8,"Darwin 27.0.0 arm64","Apple LLVM 21.0.0 (clang-2100.3.34.2)"," -O3 -DNDEBUG -DPITO_ECS_OWNED_DELETE_ATOMIC=1",8,100000,pito,owned_insert,ecs_insert_owned,8,0,15,20.145000
aalair,"Apple M3",8,"Darwin 27.0.0 arm64","Apple LLVM 21.0.0 (clang-2100.3.34.2)"," -O3 -DNDEBUG -DPITO_ECS_OWNED_DELETE_ATOMIC=1",8,100000,pito,owned_insert,ecs_insert_owned,8,0,16,21.887000
aalair,"Apple M3",8,"Darwin 27.0.0 arm64","Apple LLVM 21.0.0 (clang-2100.3.34.2)"," -O3 -DNDEBUG -DPITO_ECS_OWNED_DELETE_ATOMIC=1",8,100000,pito,owned_insert,ecs_insert_owned,8,0,17,28.814000
aalair,"Apple M3",8,"Darwin 27.0.0 arm64","Apple LLVM 21.0.0 (clang-2100.3.34.2)"," -O3 -DNDEBUG -DPITO_ECS_OWNED_DELETE_ATOMIC=1",8,100000,pito,owned_insert,ecs_insert_owned,8,0,18,27.497000
aalair,"Apple M3",8,"Darwin 27.0.0 arm64","Apple LLVM 21.0.0 (clang-2100.3.34.2)"," -O3 -DNDEBUG -DPITO_ECS_OWNED_DELETE_ATOMIC=1",8,100000,pito,owned_insert,ecs_insert_owned,8,0,19,20.863000
aalair,"Apple M3",8,"Darwin 27.0.0 arm64","Apple LLVM 21.0.0 (clang-2100.3.34.2)"," -O3 -DNDEBUG -DPITO_ECS_OWNED_DELETE_ATOMIC=1",8,100000,pito,owned_insert,ecs_insert_owned,8,0,20,25.549000
aalair,"Apple M3",8,"Darwin 27.0.0 arm64","Apple LLVM 21.0.0 (clang-2100.3.34.2)"," -O3 -DNDEBUG -DPITO_ECS_OWNED_DELETE_ATOMIC=1",8,100000,pito,owned_insert,ecs_insert_owned,8,0,21,22.219000
aalair,"Apple M3",8,"Darwin 27.0.0 arm64","Apple LLVM 21.0.0 (clang-2100.3.34.2)"," -O3 -DNDEBUG -DPITO_ECS_OWNED_DELETE_ATOMIC=1",8,100000,pito,owned_insert,ecs_insert_owned,8,0,22,20.191000
aalair,"Apple M3",8,"Darwin 27.0.0 arm64","Apple LLVM 21.0.0 (clang-2100.3.34.2)"," -O3 -DNDEBUG -DPITO_ECS_OWNED_DELETE_ATOMIC=1",8,100000,pito,owned_insert,ecs_insert_owned,8,0,23,22.149000
aalair,"Apple M3",8,"Darwin 27.0.0 arm64","Apple LLVM 21.0.0 (clang-2100.3.34.2)"," -O3 -DNDEBUG -DPITO_ECS_OWNED_DELETE_ATOMIC=1",8,100000,pito,owned_insert,ecs_insert_owned,8,0,24,27.936000
aalair,"Apple M3",8,"Darwin 27.0.0 arm64","Apple LLVM 21.0.0 (clang-2100.3.34.2)"," -O3 -DNDEBUG -DPITO_ECS_OWNED_DELETE_ATOMIC=1",8,100000,pito,owned_insert,ecs_insert_owned,8,0,25,18.532000
aalair,"Apple M3",8,"Darwin 27.0.0 arm64","Apple LLVM 21.0.0 (clang-2100.3.34.2)"," -O3 -DNDEBUG -DPITO_ECS_OWNED_DELETE_ATOMIC=1",8,100000,pito,owned_insert,ecs_insert_owned,8,0,26,32.112000
aalair,"Apple M3",8,"Darwin 27.0.0 arm64","Apple LLVM 21.0.0 (clang-2100.3.34.2)"," -O3 -DNDEBUG -DPITO_ECS_OWNED_DELETE_ATOMIC=1",8,100000,pito,owned_insert,ecs_insert_owned,8,0,27,18.690000
aalair,"Apple M3",8,"Darwin 27.0.0 arm64","Apple LLVM 21.0.0 (clang-2100.3.34.2)"," -O3 -DNDEBUG -DPITO_ECS_OWNED_DELETE_ATOMIC=1",8,100000,pito,owned_insert,ecs_insert_owned,8,0,28,21.630000
aalair,"Apple M3",8,"Darwin 27.0.0 arm64","Apple LLVM 21.0.0 (clang-2100.3.34.2)"," -O3 -DNDEBUG -DPITO_ECS_OWNED_DELETE_ATOMIC=1",8,100000,pito,owned_insert,ecs_insert_owned,8,0,29,26.058000
aalair,"Apple M3",8,"Darwin 27.0.0 arm64","Apple LLVM 21.0.0 (clang-2100.3.34.2)"," -O3 -DNDEBUG -DPITO_ECS_OWNED_DELETE_ATOMIC=1",8,100000,pito,owned_insert,ecs_insert_owned,8,0,30,32.962000
aalair,"Apple M3",8,"Darwin 27.0.0 arm64","Apple LLVM 21.0.0 (clang-2100.3.34.2)"," -O3 -DNDEBUG -DPITO_ECS_OWNED_DELETE_ATOMIC=1",8,100000,pito,owned_insert,ecs_insert_owned,8,0,31,29.013000
aalair,"Apple M3",8,"Darwin 27.0.0 arm64","Apple LLVM 21.0.0 (clang-2100.3.34.2)"," -O3 -DNDEBUG -DPITO_ECS_OWNED_DELETE_ATOMIC=1",8,100000,pito,owned_insert,ecs_insert_owned,8,0,32,25.825000
aalair,"Apple M3",8,"Darwin 27.0.0 arm64","Apple LLVM 21.0.0 (clang-2100.3.34.2)"," -O3 -DNDEBUG -DPITO_ECS_OWNED_DELETE_ATOMIC=1",8,100000,pito,owned_insert,ecs_insert_owned,8,0,33,18.752000
aalair,"Apple M3",8,"Darwin 27.0.0 arm64","Apple LLVM 21.0.0 (clang-2100.3.34.2)"," -O3 -DNDEBUG -DPITO_ECS_OWNED_DELETE_ATOMIC=1",8,100000,pito,owned_insert,ecs_insert_owned,8,0,34,19.365000
aalair,"Apple M3",8,"Darwin 27.0.0 arm64","Apple LLVM 21.0.0 (clang-2100.3.34.2)"," -O3 -DNDEBUG -DPITO_ECS_OWNED_DELETE_ATOMIC=1",8,100000,pito,owned_insert,ecs_insert_owned,8,0,35,21.977000
aalair,"Apple M3",8,"Darwin 27.0.0 arm64","Apple LLVM 21.0.0 (clang-2100.3.34.2)"," -O3 -DNDEBUG -DPITO_ECS_OWNED_DELETE_ATOMIC=1",8,100000,pito,owned_insert,ecs_insert_owned,8,0,36,28.468000
aalair,"Apple M3",8,"Darwin 27.0.0 arm64","Apple LLVM 21.0.0 (clang-2100.3.34.2)"," -O3 -DNDEBUG -DPITO_ECS_OWNED_DELETE_ATOMIC=1",8,100000,pito,owned_insert,ecs_insert_owned,8,0,37,19.784000
aalair,"Apple M3",8,"Darwin 27.0.0 arm64","Apple LLVM 21.0.0 (clang-2100.3.34.2)"," -O3 -DNDEBUG -DPITO_ECS_OWNED_DELETE_ATOMIC=1",8,100000,pito,owned_insert,ecs_insert_owned,8,0,38,27.231000
aalair,"Apple M3",8,"Darwin 27.0.0 arm64","Apple LLVM 21.0.0 (clang-2100.3.34.2)"," -O3 -DNDEBUG -DPITO_ECS_OWNED_DELETE_ATOMIC=1",8,100000,pito,owned_insert,ecs_insert_owned,8,0,39,22.474000
aalair,"Apple M3",8,"Darwin 27.0.0 arm64","Apple LLVM 21.0.0 (clang-2100.3.34.2)"," -O3 -DNDEBUG -DPITO_ECS_OWNED_DELETE_ATOMIC=1",8,100000,pito,owned_insert,ecs_insert_owned,8,0,40,20.960000
aalair,"Apple M3",8,"Darwin 27.0.0 arm64","Apple LLVM 21.0.0 (clang-2100.3.34.2)"," -O3 -DNDEBUG -DPITO_ECS_OWNED_DELETE_ATOMIC=1",8,100000,pito,owned_insert,ecs_insert_owned,8,0,41,33.283000
aalair,"Apple M3",8,"Darwin 27.0.0 arm64","Apple LLVM 21.0.0 (clang-2100.3.34.2)"," -O3 -DNDEBUG -DPITO_ECS_OWNED_DELETE_ATOMIC=1",8,100000,pito,owned_insert,ecs_insert_owned,8,0,42,25.746000
aalair,"Apple M3",8,"Darwin 27.0.0 arm64","Apple LLVM 21.0.0 (clang-2100.3.34.2)"," -O3 -DNDEBUG -DPITO_ECS_OWNED_DELETE_ATOMIC=1",8,100000,pito,owned_insert,ecs_insert_owned,8,0,43,22.368000
aalair,"Apple M3",8,"Darwin 27.0.0 arm64","Apple LLVM 21.0.0 (clang-2100.3.34.2)"," -O3 -DNDEBUG -DPITO_ECS_OWNED_DELETE_ATOMIC=1",8,100000,pito,owned_insert,ecs_insert_owned,8,0,44,31.791000
aalair,"Apple M3",8,"Darwin 27.0.0 arm64","Apple LLVM 21.0.0 (clang-2100.3.34.2)"," -O3 -DNDEBUG -DPITO_ECS_OWNED_DELETE_ATOMIC=1",8,100000,pito,owned_insert,ecs_insert_owned,8,0,45,29.232000
aalair,"Apple M3",8,"Darwin 27.0.0 arm64","Apple LLVM 21.0.0 (clang-2100.3.34.2)"," -O3 -DNDEBUG -DPITO_ECS_OWNED_DELETE_ATOMIC=1",8,100000,pito,owned_insert,ecs_insert_owned,8,0,46,26.275000
aalair,"Apple M3",8,"Darwin 27.0.0 arm64","Apple LLVM 21.0.0 (clang-2100.3.34.2)"," -O3 -DNDEBUG -DPITO_ECS_OWNED_DELETE_ATOMIC=1",8,100000,pito,owned_insert,ecs_insert_owned,8,0,47,20.625000
aalair,"Apple M3",8,"Darwin 27.0.0 arm64","Apple LLVM 21.0.0 (clang-2100.3.34.2)"," -O3 -DNDEBUG -DPITO_ECS_OWNED_DELETE_ATOMIC=1",8,100000,pito,owned_insert,ecs_insert_owned,8,0,48,23.816000
aalair,"Apple M3",8,"Darwin 27.0.0 arm64","Apple LLVM 21.0.0 (clang-2100.3.34.2)"," -O3 -DNDEBUG -DPITO_ECS_OWNED_DELETE_ATOMIC=1",8,100000,pito,owned_insert,ecs_insert_owned,8,0,49,21.959000
aalair,"Apple M3",8,"Darwin 27.0.0 arm64","Apple LLVM 21.0.0 (clang-2100.3.34.2)"," -O3 -DNDEBUG -DPITO_ECS_OWNED_DELETE_ATOMIC=1",8,100000,pito,owned_insert,ecs_insert_owned,8,0,50,19.063000
aalair,"Apple M3",8,"Darwin 27.0.0 arm64","Apple LLVM 21.0.0 (clang-2100.3.34.2)"," -O3 -DNDEBUG -DPITO_ECS_OWNED_DELETE_ATOMIC=1",8,100000,pito,owned_insert,ecs_insert_owned,8,0,51,28.105000
aalair,"Apple M3",8,"Darwin 27.0.0 arm64","Apple LLVM 21.0.0 (clang-2100.3.34.2)"," -O3 -DNDEBUG -DPITO_ECS_OWNED_DELETE_ATOMIC=1",8,100000,pito,owned_insert,ecs_insert_owned,8,0,52,24.260000
aalair,"Apple M3",8,"Darwin 27.0.0 arm64","Apple LLVM 21.0.0 (clang-2100.3.34.2)"," -O3 -DNDEBUG -DPITO_ECS_OWNED_DELETE_ATOMIC=1",8,100000,pito,owned_insert,ecs_insert_owned,8,0,53,28.833000
aalair,"Apple M3",8,"Darwin 27.0.0 arm64","Apple LLVM 21.0.0 (clang-2100.3.34.2)"," -O3 -DNDEBUG -DPITO_ECS_OWNED_DELETE_ATOMIC=1",8,100000,pito,owned_insert,ecs_insert_owned,8,0,54,19.052000
aalair,"Apple M3",8,"Darwin 27.0.0 arm64","Apple LLVM 21.0.0 (clang-2100.3.34.2)"," -O3 -DNDEBUG -DPITO_ECS_OWNED_DELETE_ATOMIC=1",8,100000,pito,owned_insert,ecs_insert_owned,8,0,55,26.981000
aalair,"Apple M3",8,"Darwin 27.0.0 arm64","Apple LLVM 21.0.0 (clang-2100.3.34.2)"," -O3 -DNDEBUG -DPITO_ECS_OWNED_DELETE_ATOMIC=1",8,100000,pito,owned_insert,ecs_insert_owned,8,0,56,21.495000
aalair,"Apple M3",8,"Darwin 27.0.0 arm64","Apple LLVM 21.0.0 (clang-2100.3.34.2)"," -O3 -DNDEBUG -DPITO_ECS_OWNED_DELETE_ATOMIC=1",8,100000,pito,owned_insert,ecs_insert_owned,8,0,57,26.420000
aalair,"Apple M3",8,"Darwin 27.0.0 arm64","Apple LLVM 21.0.0 (clang-2100.3.34.2)"," -O3 -DNDEBUG -DPITO_ECS_OWNED_DELETE_ATOMIC=1",8,100000,pito,owned_insert,ecs_insert_owned,8,0,58,18.722000
aalair,"Apple M3",8,"Darwin 27.0.0 arm64","Apple LLVM 21.0.0 (clang-2100.3.34.2)"," -O3 -DNDEBUG -DPITO_ECS_OWNED_DELETE_ATOMIC=1",8,100000,pito,owned_insert,ecs_insert_owned,8,0,59,19.104000
aalair,"Apple M3",8,"Darwin 27.0.0 arm64","Apple LLVM 21.0.0 (clang-2100.3.34.2)"," -O3 -DNDEBUG -DPITO_ECS_OWNED_DELETE_ATOMIC=1",8,100000,pito,owned_insert,ecs_insert_owned,8,0,60,23.495000
aalair,"Apple M3",8,"Darwin 27.0.0 arm64","Apple LLVM 21.0.0 (clang-2100.3.34.2)"," -O3 -DNDEBUG -DPITO_ECS_OWNED_DELETE_ATOMIC=1",8,100000,pito,owned_insert,ecs_insert_owned,8,0,61,26.358000
aalair,"Apple M3",8,"Darwin 27.0.0 arm64","Apple LLVM 21.0.0 (clang-2100.3.34.2)"," -O3 -DNDEBUG -DPITO_ECS_OWNED_DELETE_ATOMIC=1",8,100000,pito,owned_insert,ecs_insert_owned,8,0,62,22.028000
aalair,"Apple M3",8,"Darwin 27.0.0 arm64","Apple LLVM 21.0.0 (clang-2100.3.34.2)"," -O3 -DNDEBUG -DPITO_ECS_OWNED_DELETE_ATOMIC=1",8,100000,pito,owned_insert,ecs_insert_owned,8,0,63,28.596000
aalair,"Apple M3",8,"Darwin 27.0.0 arm64","Apple LLVM 21.0.0 (clang-2100.3.34.2)"," -O3 -DNDEBUG -DPITO_ECS_OWNED_DELETE_ATOMIC=1",8,100000,pito,owned_insert,ecs_insert_owned,8,0,64,19.021000
aalair,"Apple M3",8,"Darwin 27.0.0 arm64","Apple LLVM 21.0.0 (clang-2100.3.34.2)"," -O3 -DNDEBUG -DPITO_ECS_OWNED_DELETE_ATOMIC=1",8,100000,pito,owned_insert,ecs_insert_owned,8,0,65,30.569000
aalair,"Apple M3",8,"Darwin 27.0.0 arm64","Apple LLVM 21.0.0 (clang-2100.3.34.2)"," -O3 -DNDEBUG -DPITO_ECS_OWNED_DELETE_ATOMIC=1",8,100000,pito,owned_insert,ecs_insert_owned,8,0,66,25.695000
aalair,"Apple M3",8,"Darwin 27.0.0 arm64","Apple LLVM 21.0.0 (clang-2100.3.34.2)"," -O3 -DNDEBUG -DPITO_ECS_OWNED_DELETE_ATOMIC=1",8,100000,pito,owned_insert,ecs_insert_owned,8,0,67,25.720000
aalair,"Apple M3",8,"Darwin 27.0.0 arm64","Apple LLVM 21.0.0 (clang-2100.3.34.2)"," -O3 -DNDEBUG -DPITO_ECS_OWNED_DELETE_ATOMIC=1",8,100000,pito,owned_insert,ecs_insert_owned,8,0,68,25.859000
aalair,"Apple M3",8,"Darwin 27.0.0 arm64","Apple LLVM 21.0.0 (clang-2100.3.34.2)"," -O3 -DNDEBUG -DPITO_ECS_OWNED_DELETE_ATOMIC=1",8,100000,pito,owned_insert,ecs_insert_owned,8,0,69,19.813000
aalair,"Apple M3",8,"Darwin 27.0.0 arm64","Apple LLVM 21.0.0 (clang-2100.3.34.2)"," -O3 -DNDEBUG -DPITO_ECS_OWNED_DELETE_ATOMIC=1",8,100000,pito,owned_insert,ecs_insert_owned,8,0,70,23.980000
aalair,"Apple M3",8,"Darwin 27.0.0 arm64","Apple LLVM 21.0.0 (clang-2100.3.34.2)"," -O3 -DNDEBUG -DPITO_ECS_OWNED_DELETE_ATOMIC=1",8,100000,pito,owned_insert,ecs_insert_owned,8,0,71,18.354000
aalair,"Apple M3",8,"Darwin 27.0.0 arm64","Apple LLVM 21.0.0 (clang-2100.3.34.2)"," -O3 -DNDEBUG -DPITO_ECS_OWNED_DELETE_ATOMIC=1",8,100000,pito,owned_insert,ecs_insert_owned,8,0,72,19.480000
aalair,"Apple M3",8,"Darwin 27.0.0 arm64","Apple LLVM 21.0.0 (clang-2100.3.34.2)"," -O3 -DNDEBUG -DPITO_ECS_OWNED_DELETE_ATOMIC=1",8,100000,pito,owned_insert,ecs_insert_owned,8,0,73,33.929000
aalair,"Apple M3",8,"Darwin 27.0.0 arm64","Apple LLVM 21.0.0 (clang-2100.3.34.2)"," -O3 -DNDEBUG -DPITO_ECS_OWNED_DELETE_ATOMIC=1",8,100000,pito,owned_insert,ecs_insert_owned,8,0,74,31.364000
aalair,"Apple M3",8,"Darwin 27.0.0 arm64","Apple LLVM 21.0.0 (clang-2100.3.34.2)"," -O3 -DNDEBUG -DPITO_ECS_OWNED_DELETE_ATOMIC=1",8,100000,pito,owned_insert,ecs_insert_owned,8,0,75,30.386000
aalair,"Apple M3",8,"Darwin 27.0.0 arm64","Apple LLVM 21.0.0 (clang-2100.3.34.2)"," -O3 -DNDEBUG -DPITO_ECS_OWNED_DELETE_ATOMIC=1",8,100000,pito,owned_insert,ecs_insert_owned,8,0,76,25.182000
aalair,"Apple M3",8,"Darwin 27.0.0 arm64","Apple LLVM 21.0.0 (clang-2100.3.34.2)"," -O3 -DNDEBUG -DPITO_ECS_OWNED_DELETE_ATOMIC=1",8,100000,pito,owned_insert,ecs_insert_owned,8,0,77,19.314000
aalair,"Apple M3",8,"Darwin 27.0.0 arm64","Apple LLVM 21.0.0 (clang-2100.3.34.2)"," -O3 -DNDEBUG -DPITO_ECS_OWNED_DELETE_ATOMIC=1",8,100000,pito,owned_insert,ecs_insert_owned,8,0,78,25.869000
aalair,"Apple M3",8,"Darwin 27.0.0 arm64","Apple LLVM 21.0.0 (clang-2100.3.34.2)"," -O3 -DNDEBUG -DPITO_ECS_OWNED_DELETE_ATOMIC=1",8,100000,pito,owned_insert,ecs_insert_owned,8,0,79,27.339000
aalair,"Apple M3",8,"Darwin 27.0.0 arm64","Apple LLVM 21.0.0 (clang-2100.3.34.2)"," -O3 -DNDEBUG -DPITO_ECS_OWNED_DELETE_ATOMIC=1",8,100000,pito,owned_insert,ecs_insert_owned,8,0,80,21.554000
aalair,"Apple M3",8,"Darwin 27.0.0 arm64","Apple LLVM 21.0.0 (clang-2100.3.34.2)"," -O3 -DNDEBUG -DPITO_ECS_OWNED_DELETE_ATOMIC=1",8,100000,pito,owned_insert,ecs_insert_owned,8,0,81,19.989000
aalair,"Apple M3",8,"Darwin 27.0.0 arm64","Apple LLVM 21.0.0 (clang-2100.3.34.2)"," -O3 -DNDEBUG -DPITO_ECS_OWNED_DELETE_ATOMIC=1",8,100000,pito,owned_insert,ecs_insert_owned,8,0,82,23.138000
aalair,"Apple M3",8,"Darwin 27.0.0 arm64","Apple LLVM 21.0.0 (clang-2100.3.34.2)"," -O3 -DNDEBUG -DPITO_ECS_OWNED_DELETE_ATOMIC=1",8,100000,pito,owned_insert,ecs_insert_owned,8,0,83,19.609000
aalair,"Apple M3",8,"Darwin 27.0.0 arm64","Apple LLVM 21.0.0 (clang-2100.3.34.2)"," -O3 -DNDEBUG -DPITO_ECS_OWNED_DELETE_ATOMIC=1",8,100000,pito,owned_insert,ecs_insert_owned,8,0,84,26.925000
aalair,"Apple M3",8,"Darwin 27.0.0 arm64","Apple LLVM 21.0.0 (clang-2100.3.34.2)"," -O3 -DNDEBUG -DPITO_ECS_OWNED_DELETE_ATOMIC=1",8,100000,pito,owned_insert,ecs_insert_owned,8,0,85,19.312000
aalair,"Apple M3",8,"Darwin 27.0.0 arm64","Apple LLVM 21.0.0 (clang-2100.3.34.2)"," -O3 -DNDEBUG -DPITO_ECS_OWNED_DELETE_ATOMIC=1",8,100000,pito,owned_insert,ecs_insert_owned,8,0,86,20.532000
aalair,"Apple M3",8,"Darwin 27.0.0 arm64","Apple LLVM 21.0.0 (clang-2100.3.34.2)"," -O3 -DNDEBUG -DPITO_ECS_OWNED_DELETE_ATOMIC=1",8,100000,pito,owned_insert,ecs_insert_owned,8,0,87,25.569000
aalair,"Apple M3",8,"Darwin 27.0.0 arm64","Apple LLVM 21.0.0 (clang-2100.3.34.2)"," -O3 -DNDEBUG -DPITO_ECS_OWNED_DELETE_ATOMIC=1",8,100000,pito,owned_insert,ecs_insert_owned,8,0,88,21.361000
aalair,"Apple M3",8,"Darwin 27.0.0 arm64","Apple LLVM 21.0.0 (clang-2100.3.34.2)"," -O3 -DNDEBUG -DPITO_ECS_OWNED_DELETE_ATOMIC=1",8,100000,pito,owned_insert,ecs_insert_owned,8,0,89,19.720000
aalair,"Apple M3",8,"Darwin 27.0.0 arm64","Apple LLVM 21.0.0 (clang-2100.3.34.2)"," -O3 -DNDEBUG -DPITO_ECS_OWNED_DELETE_ATOMIC=1",8,100000,pito,owned_insert,ecs_insert_owned,8,0,90,20.447000
aalair,"Apple M3",8,"Darwin 27.0.0 arm64","Apple LLVM 21.0.0 (clang-2100.3.34.2)"," -O3 -DNDEBUG -DPITO_ECS_OWNED_DELETE_ATOMIC=1",8,100000,pito,owned_insert,ecs_insert_owned,8,0,91,23.123000
aalair,"Apple M3",8,"Darwin 27.0.0 arm64","Apple LLVM 21.0.0 (clang-2100.3.34.2)"," -O3 -DNDEBUG -DPITO_ECS_OWNED_DELETE_ATOMIC=1",8,100000,pito,owned_insert,ecs_insert_owned,8,0,92,21.204000
aalair,"Apple M3",8,"Darwin 27.0.0 arm64","Apple LLVM 21.0.0 (clang-2100.3.34.2)"," -O3 -DNDEBUG -DPITO_ECS_OWNED_DELETE_ATOMIC=1",8,100000,pito,owned_insert,ecs_insert_owned,8,0,93,21.436000
aalair,"Apple M3",8,"Darwin 27.0.0 arm64","Apple LLVM 21.0.0 (clang-2100.3.34.2)"," -O3 -DNDEBUG -DPITO_ECS_OWNED_DELETE_ATOMIC=1",8,100000,pito,owned_insert,ecs_insert_owned,8,0,94,36.532000
aalair,"Apple M3",8,"Darwin 27.0.0 arm64","Apple LLVM 21.0.0 (clang-2100.3.34.2)"," -O3 -DNDEBUG -DPITO_ECS_OWNED_DELETE_ATOMIC=1",8,100000,pito,owned_insert,ecs_insert_owned,8,0,95,20.124000
aalair,"Apple M3",8,"Darwin 27.0.0 arm64","Apple LLVM 21.0.0 (clang-2100.3.34.2)"," -O3 -DNDEBUG -DPITO_ECS_OWNED_DELETE_ATOMIC=1",8,100000,pito,owned_insert,ecs_insert_owned,8,0,96,19.028000
aalair,"Apple M3",8,"Darwin 27.0.0 arm64","Apple LLVM 21.0.0 (clang-2100.3.34.2)"," -O3 -DNDEBUG -DPITO_ECS_OWNED_DELETE_ATOMIC=1",8,100000,pito,owned_insert,ecs_insert_owned,8,0,97,24.226000
aalair,"Apple M3",8,"Darwin 27.0.0 arm64","Apple LLVM 21.0.0 (clang-2100.3.34.2)"," -O3 -DNDEBUG -DPITO_ECS_OWNED_DELETE_ATOMIC=1",8,100000,pito,owned_insert,ecs_insert_owned,8,0,98,21.234000
aalair,"Apple M3",8,"Darwin 27.0.0 arm64","Apple LLVM 21.0.0 (clang-2100.3.34.2)"," -O3 -DNDEBUG -DPITO_ECS_OWNED_DELETE_ATOMIC=1",8,100000,pito,owned_insert,ecs_insert_owned,8,0,99,22.422000
aalair,"Apple M3",8,"Darwin 27.0.0 arm64","Apple LLVM 21.0.0 (clang-2100.3.34.2)"," -O3 -DNDEBUG -DPITO_ECS_OWNED_DELETE_ATOMIC=1",8,100000,pito,owned_insert,ecs_insert_owned,8,0,100,19.413000
aalair,"Apple M3",8,"Darwin 27.0.0 arm64","Apple LLVM 21.0.0 (clang-2100.3.34.2)"," -O3 -DNDEBUG -DPITO_ECS_OWNED_DELETE_ATOMIC=1",8,100000,pito,owned_insert,ecs_insert_owned,8,10,1,29.340000
aalair,"Apple M3",8,"Darwin 27.0.0 arm64","Apple LLVM 21.0.0 (clang-2100.3.34.2)"," -O3 -DNDEBUG -DPITO_ECS_OWNED_DELETE_ATOMIC=1",8,100000,pito,owned_insert,ecs_insert_owned,8,10,2,23.974000
aalair,"Apple M3",8,"Darwin 27.0.0 arm64","Apple LLVM 21.0.0 (clang-2100.3.34.2)"," -O3 -DNDEBUG -DPITO_ECS_OWNED_DELETE_ATOMIC=1",8,100000,pito,owned_insert,ecs_insert_owned,8,10,3,22.005000
aalair,"Apple M3",8,"Darwin 27.0.0 arm64","Apple LLVM 21.0.0 (clang-2100.3.34.2)"," -O3 -DNDEBUG -DPITO_ECS_OWNED_DELETE_ATOMIC=1",8,100000,pito,owned_insert,ecs_insert_owned,8,10,4,21.957000
aalair,"Apple M3",8,"Darwin 27.0.0 arm64","Apple LLVM 21.0.0 (clang-2100.3.34.2)"," -O3 -DNDEBUG -DPITO_ECS_OWNED_DELETE_ATOMIC=1",8,100000,pito,owned_insert,ecs_insert_owned,8,10,5,27.032000
aalair,"Apple M3",8,"Darwin 27.0.0 arm64","Apple LLVM 21.0.0 (clang-2100.3.34.2)"," -O3 -DNDEBUG -DPITO_ECS_OWNED_DELETE_ATOMIC=1",8,100000,pito,owned_insert,ecs_insert_owned,8,10,6,24.293000
aalair,"Apple M3",8,"Darwin 27.0.0 arm64","Apple LLVM 21.0.0 (clang-2100.3.34.2)"," -O3 -DNDEBUG -DPITO_ECS_OWNED_DELETE_ATOMIC=1",8,100000,pito,owned_insert,ecs_insert_owned,8,10,7,26.008000
aalair,"Apple M3",8,"Darwin 27.0.0 arm64","Apple LLVM 21.0.0 (clang-2100.3.34.2)"," -O3 -DNDEBUG -DPITO_ECS_OWNED_DELETE_ATOMIC=1",8,100000,pito,owned_insert,ecs_insert_owned,8,10,8,24.184000
aalair,"Apple M3",8,"Darwin 27.0.0 arm64","Apple LLVM 21.0.0 (clang-2100.3.34.2)"," -O3 -DNDEBUG -DPITO_ECS_OWNED_DELETE_ATOMIC=1",8,100000,pito,owned_insert,ecs_insert_owned,8,10,9,20.858000
aalair,"Apple M3",8,"Darwin 27.0.0 arm64","Apple LLVM 21.0.0 (clang-2100.3.34.2)"," -O3 -DNDEBUG -DPITO_ECS_OWNED_DELETE_ATOMIC=1",8,100000,pito,owned_insert,ecs_insert_owned,8,10,10,24.368000
aalair,"Apple M3",8,"Darwin 27.0.0 arm64","Apple LLVM 21.0.0 (clang-2100.3.34.2)"," -O3 -DNDEBUG -DPITO_ECS_OWNED_DELETE_ATOMIC=1",8,100000,pito,owned_insert,ecs_insert_owned,8,10,11,21.190000
aalair,"Apple M3",8,"Darwin 27.0.0 arm64","Apple LLVM 21.0.0 (clang-2100.3.34.2)"," -O3 -DNDEBUG -DPITO_ECS_OWNED_DELETE_ATOMIC=1",8,100000,pito,owned_insert,ecs_insert_owned,8,10,12,22.740000
aalair,"Apple M3",8,"Darwin 27.0.0 arm64","Apple LLVM 21.0.0 (clang-2100.3.34.2)"," -O3 -DNDEBUG -DPITO_ECS_OWNED_DELETE_ATOMIC=1",8,100000,pito,owned_insert,ecs_insert_owned,8,10,13,20.611000
aalair,"Apple M3",8,"Darwin 27.0.0 arm64","Apple LLVM 21.0.0 (clang-2100.3.34.2)"," -O3 -DNDEBUG -DPITO_ECS_OWNED_DELETE_ATOMIC=1",8,100000,pito,owned_insert,ecs_insert_owned,8,10,14,26.610000
aalair,"Apple M3",8,"Darwin 27.0.0 arm64","Apple LLVM 21.0.0 (clang-2100.3.34.2)"," -O3 -DNDEBUG -DPITO_ECS_OWNED_DELETE_ATOMIC=1",8,100000,pito,owned_insert,ecs_insert_owned,8,10,15,22.904000
aalair,"Apple M3",8,"Darwin 27.0.0 arm64","Apple LLVM 21.0.0 (clang-2100.3.34.2)"," -O3 -DNDEBUG -DPITO_ECS_OWNED_DELETE_ATOMIC=1",8,100000,pito,owned_insert,ecs_insert_owned,8,10,16,33.011000
aalair,"Apple M3",8,"Darwin 27.0.0 arm64","Apple LLVM 21.0.0 (clang-2100.3.34.2)"," -O3 -DNDEBUG -DPITO_ECS_OWNED_DELETE_ATOMIC=1",8,100000,pito,owned_insert,ecs_insert_owned,8,10,17,28.334000
aalair,"Apple M3",8,"Darwin 27.0.0 arm64","Apple LLVM 21.0.0 (clang-2100.3.34.2)"," -O3 -DNDEBUG -DPITO_ECS_OWNED_DELETE_ATOMIC=1",8,100000,pito,owned_insert,ecs_insert_owned,8,10,18,24.475000
aalair,"Apple M3",8,"Darwin 27.0.0 arm64","Apple LLVM 21.0.0 (clang-2100.3.34.2)"," -O3 -DNDEBUG -DPITO_ECS_OWNED_DELETE_ATOMIC=1",8,100000,pito,owned_insert,ecs_insert_owned,8,10,19,21.478000
aalair,"Apple M3",8,"Darwin 27.0.0 arm64","Apple LLVM 21.0.0 (clang-2100.3.34.2)"," -O3 -DNDEBUG -DPITO_ECS_OWNED_DELETE_ATOMIC=1",8,100000,pito,owned_insert,ecs_insert_owned,8,10,20,26.424000
aalair,"Apple M3",8,"Darwin 27.0.0 arm64","Apple LLVM 21.0.0 (clang-2100.3.34.2)"," -O3 -DNDEBUG -DPITO_ECS_OWNED_DELETE_ATOMIC=1",8,100000,pito,owned_insert,ecs_insert_owned,8,10,21,29.918000
aalair,"Apple M3",8,"Darwin 27.0.0 arm64","Apple LLVM 21.0.0 (clang-2100.3.34.2)"," -O3 -DNDEBUG -DPITO_ECS_OWNED_DELETE_ATOMIC=1",8,100000,pito,owned_insert,ecs_insert_owned,8,10,22,20.946000
aalair,"Apple M3",8,"Darwin 27.0.0 arm64","Apple LLVM 21.0.0 (clang-2100.3.34.2)"," -O3 -DNDEBUG -DPITO_ECS_OWNED_DELETE_ATOMIC=1",8,100000,pito,owned_insert,ecs_insert_owned,8,10,23,21.444000
aalair,"Apple M3",8,"Darwin 27.0.0 arm64","Apple LLVM 21.0.0 (clang-2100.3.34.2)"," -O3 -DNDEBUG -DPITO_ECS_OWNED_DELETE_ATOMIC=1",8,100000,pito,owned_insert,ecs_insert_owned,8,10,24,26.781000
aalair,"Apple M3",8,"Darwin 27.0.0 arm64","Apple LLVM 21.0.0 (clang-2100.3.34.2)"," -O3 -DNDEBUG -DPITO_ECS_OWNED_DELETE_ATOMIC=1",8,100000,pito,owned_insert,ecs_insert_owned,8,10,25,22.443000
aalair,"Apple M3",8,"Darwin 27.0.0 arm64","Apple LLVM 21.0.0 (clang-2100.3.34.2)"," -O3 -DNDEBUG -DPITO_ECS_OWNED_DELETE_ATOMIC=1",8,100000,pito,owned_insert,ecs_insert_owned,8,10,26,23.570000
aalair,"Apple M3",8,"Darwin 27.0.0 arm64","Apple LLVM 21.0.0 (clang-2100.3.34.2)"," -O3 -DNDEBUG -DPITO_ECS_OWNED_DELETE_ATOMIC=1",8,100000,pito,owned_insert,ecs_insert_owned,8,10,27,30.770000
aalair,"Apple M3",8,"Darwin 27.0.0 arm64","Apple LLVM 21.0.0 (clang-2100.3.34.2)"," -O3 -DNDEBUG -DPITO_ECS_OWNED_DELETE_ATOMIC=1",8,100000,pito,owned_insert,ecs_insert_owned,8,10,28,30.044000
aalair,"Apple M3",8,"Darwin 27.0.0 arm64","Apple LLVM 21.0.0 (clang-2100.3.34.2)"," -O3 -DNDEBUG -DPITO_ECS_OWNED_DELETE_ATOMIC=1",8,100000,pito,owned_insert,ecs_insert_owned,8,10,29,30.482000
aalair,"Apple M3",8,"Darwin 27.0.0 arm64","Apple LLVM 21.0.0 (clang-2100.3.34.2)"," -O3 -DNDEBUG -DPITO_ECS_OWNED_DELETE_ATOMIC=1",8,100000,pito,owned_insert,ecs_insert_owned,8,10,30,22.108000
aalair,"Apple M3",8,"Darwin 27.0.0 arm64","Apple LLVM 21.0.0 (clang-2100.3.34.2)"," -O3 -DNDEBUG -DPITO_ECS_OWNED_DELETE_ATOMIC=1",8,100000,pito,owned_insert,ecs_insert_owned,8,10,31,31.226000
aalair,"Apple M3",8,"Darwin 27.0.0 arm64","Apple LLVM 21.0.0 (clang-2100.3.34.2)"," -O3 -DNDEBUG -DPITO_ECS_OWNED_DELETE_ATOMIC=1",8,100000,pito,owned_insert,ecs_insert_owned,8,10,32,22.403000
aalair,"Apple M3",8,"Darwin 27.0.0 arm64","Apple LLVM 21.0.0 (clang-2100.3.34.2)"," -O3 -DNDEBUG -DPITO_ECS_OWNED_DELETE_ATOMIC=1",8,100000,pito,owned_insert,ecs_insert_owned,8,10,33,22.084000
aalair,"Apple M3",8,"Darwin 27.0.0 arm64","Apple LLVM 21.0.0 (clang-2100.3.34.2)"," -O3 -DNDEBUG -DPITO_ECS_OWNED_DELETE_ATOMIC=1",8,100000,pito,owned_insert,ecs_insert_owned,8,10,34,25.793000
aalair,"Apple M3",8,"Darwin 27.0.0 arm64","Apple LLVM 21.0.0 (clang-2100.3.34.2)"," -O3 -DNDEBUG -DPITO_ECS_OWNED_DELETE_ATOMIC=1",8,100000,pito,owned_insert,ecs_insert_owned,8,10,35,21.301000
aalair,"Apple M3",8,"Darwin 27.0.0 arm64","Apple LLVM 21.0.0 (clang-2100.3.34.2)"," -O3 -DNDEBUG -DPITO_ECS_OWNED_DELETE_ATOMIC=1",8,100000,pito,owned_insert,ecs_insert_owned,8,10,36,20.385000
aalair,"Apple M3",8,"Darwin 27.0.0 arm64","Apple LLVM 21.0.0 (clang-2100.3.34.2)"," -O3 -DNDEBUG -DPITO_ECS_OWNED_DELETE_ATOMIC=1",8,100000,pito,owned_insert,ecs_insert_owned,8,10,37,31.197000
aalair,"Apple M3",8,"Darwin 27.0.0 arm64","Apple LLVM 21.0.0 (clang-2100.3.34.2)"," -O3 -DNDEBUG -DPITO_ECS_OWNED_DELETE_ATOMIC=1",8,100000,pito,owned_insert,ecs_insert_owned,8,10,38,24.826000
aalair,"Apple M3",8,"Darwin 27.0.0 arm64","Apple LLVM 21.0.0 (clang-2100.3.34.2)"," -O3 -DNDEBUG -DPITO_ECS_OWNED_DELETE_ATOMIC=1",8,100000,pito,owned_insert,ecs_insert_owned,8,10,39,22.472000
aalair,"Apple M3",8,"Darwin 27.0.0 arm64","Apple LLVM 21.0.0 (clang-2100.3.34.2)"," -O3 -DNDEBUG -DPITO_ECS_OWNED_DELETE_ATOMIC=1",8,100000,pito,owned_insert,ecs_insert_owned,8,10,40,23.457000
aalair,"Apple M3",8,"Darwin 27.0.0 arm64","Apple LLVM 21.0.0 (clang-2100.3.34.2)"," -O3 -DNDEBUG -DPITO_ECS_OWNED_DELETE_ATOMIC=1",8,100000,pito,owned_insert,ecs_insert_owned,8,10,41,21.278000
aalair,"Apple M3",8,"Darwin 27.0.0 arm64","Apple LLVM 21.0.0 (clang-2100.3.34.2)"," -O3 -DNDEBUG -DPITO_ECS_OWNED_DELETE_ATOMIC=1",8,100000,pito,owned_insert,ecs_insert_owned,8,10,42,28.585000
aalair,"Apple M3",8,"Darwin 27.0.0 arm64","Apple LLVM 21.0.0 (clang-2100.3.34.2)"," -O3 -DNDEBUG -DPITO_ECS_OWNED_DELETE_ATOMIC=1",8,100000,pito,owned_insert,ecs_insert_owned,8,10,43,20.745000
aalair,"Apple M3",8,"Darwin 27.0.0 arm64","Apple LLVM 21.0.0 (clang-2100.3.34.2)"," -O3 -DNDEBUG -DPITO_ECS_OWNED_DELETE_ATOMIC=1",8,100000,pito,owned_insert,ecs_insert_owned,8,10,44,21.604000
aalair,"Apple M3",8,"Darwin 27.0.0 arm64","Apple LLVM 21.0.0 (clang-2100.3.34.2)"," -O3 -DNDEBUG -DPITO_ECS_OWNED_DELETE_ATOMIC=1",8,100000,pito,owned_insert,ecs_insert_owned,8,10,45,30.718000
aalair,"Apple M3",8,"Darwin 27.0.0 arm64","Apple LLVM 21.0.0 (clang-2100.3.34.2)"," -O3 -DNDEBUG -DPITO_ECS_OWNED_DELETE_ATOMIC=1",8,100000,pito,owned_insert,ecs_insert_owned,8,10,46,27.258000
aalair,"Apple M3",8,"Darwin 27.0.0 arm64","Apple LLVM 21.0.0 (clang-2100.3.34.2)"," -O3 -DNDEBUG -DPITO_ECS_OWNED_DELETE_ATOMIC=1",8,100000,pito,owned_insert,ecs_insert_owned,8,10,47,21.343000
aalair,"Apple M3",8,"Darwin 27.0.0 arm64","Apple LLVM 21.0.0 (clang-2100.3.34.2)"," -O3 -DNDEBUG -DPITO_ECS_OWNED_DELETE_ATOMIC=1",8,100000,pito,owned_insert,ecs_insert_owned,8,10,48,31.148000
aalair,"Apple M3",8,"Darwin 27.0.0 arm64","Apple LLVM 21.0.0 (clang-2100.3.34.2)"," -O3 -DNDEBUG -DPITO_ECS_OWNED_DELETE_ATOMIC=1",8,100000,pito,owned_insert,ecs_insert_owned,8,10,49,28.012000
aalair,"Apple M3",8,"Darwin 27.0.0 arm64","Apple LLVM 21.0.0 (clang-2100.3.34.2)"," -O3 -DNDEBUG -DPITO_ECS_OWNED_DELETE_ATOMIC=1",8,100000,pito,owned_insert,ecs_insert_owned,8,10,50,20.892000
aalair,"Apple M3",8,"Darwin 27.0.0 arm64","Apple LLVM 21.0.0 (clang-2100.3.34.2)"," -O3 -DNDEBUG -DPITO_ECS_OWNED_DELETE_ATOMIC=1",8,100000,pito,owned_insert,ecs_insert_owned,8,10,51,26.622000
aalair,"Apple M3",8,"Darwin 27.0.0 arm64","Apple LLVM 21.0.0 (clang-2100.3.34.2)"," -O3 -DNDEBUG -DPITO_ECS_OWNED_DELETE_ATOMIC=1",8,100000,pito,owned_insert,ecs_insert_owned,8,10,52,21.687000
aalair,"Apple M3",8,"Darwin 27.0.0 arm64","Apple LLVM 21.0.0 (clang-2100.3.34.2)"," -O3 -DNDEBUG -DPITO_ECS_OWNED_DELETE_ATOMIC=1",8,100000,pito,owned_insert,ecs_insert_owned,8,10,53,29.090000
aalair,"Apple M3",8,"Darwin 27.0.0 arm64","Apple LLVM 21.0.0 (clang-2100.3.34.2)"," -O3 -DNDEBUG -DPITO_ECS_OWNED_DELETE_ATOMIC=1",8,100000,pito,owned_insert,ecs_insert_owned,8,10,54,20.902000
aalair,"Apple M3",8,"Darwin 27.0.0 arm64","Apple LLVM 21.0.0 (clang-2100.3.34.2)"," -O3 -DNDEBUG -DPITO_ECS_OWNED_DELETE_ATOMIC=1",8,100000,pito,owned_insert,ecs_insert_owned,8,10,55,27.262000
aalair,"Apple M3",8,"Darwin 27.0.0 arm64","Apple LLVM 21.0.0 (clang-2100.3.34.2)"," -O3 -DNDEBUG -DPITO_ECS_OWNED_DELETE_ATOMIC=1",8,100000,pito,owned_insert,ecs_insert_owned,8,10,56,26.052000
aalair,"Apple M3",8,"Darwin 27.0.0 arm64","Apple LLVM 21.0.0 (clang-2100.3.34.2)"," -O3 -DNDEBUG -DPITO_ECS_OWNED_DELETE_ATOMIC=1",8,100000,pito,owned_insert,ecs_insert_owned,8,10,57,21.308000
aalair,"Apple M3",8,"Darwin 27.0.0 arm64","Apple LLVM 21.0.0 (clang-2100.3.34.2)"," -O3 -DNDEBUG -DPITO_ECS_OWNED_DELETE_ATOMIC=1",8,100000,pito,owned_insert,ecs_insert_owned,8,10,58,23.006000
aalair,"Apple M3",8,"Darwin 27.0.0 arm64","Apple LLVM 21.0.0 (clang-2100.3.34.2)"," -O3 -DNDEBUG -DPITO_ECS_OWNED_DELETE_ATOMIC=1",8,100000,pito,owned_insert,ecs_insert_owned,8,10,59,26.059000
aalair,"Apple M3",8,"Darwin 27.0.0 arm64","Apple LLVM 21.0.0 (clang-2100.3.34.2)"," -O3 -DNDEBUG -DPITO_ECS_OWNED_DELETE_ATOMIC=1",8,100000,pito,owned_insert,ecs_insert_owned,8,10,60,25.735000
aalair,"Apple M3",8,"Darwin 27.0.0 arm64","Apple LLVM 21.0.0 (clang-2100.3.34.2)"," -O3 -DNDEBUG -DPITO_ECS_OWNED_DELETE_ATOMIC=1",8,100000,pito,owned_insert,ecs_insert_owned,8,10,61,28.576000
aalair,"Apple M3",8,"Darwin 27.0.0 arm64","Apple LLVM 21.0.0 (clang-2100.3.34.2)"," -O3 -DNDEBUG -DPITO_ECS_OWNED_DELETE_ATOMIC=1",8,100000,pito,owned_insert,ecs_insert_owned,8,10,62,22.380000
aalair,"Apple M3",8,"Darwin 27.0.0 arm64","Apple LLVM 21.0.0 (clang-2100.3.34.2)"," -O3 -DNDEBUG -DPITO_ECS_OWNED_DELETE_ATOMIC=1",8,100000,pito,owned_insert,ecs_insert_owned,8,10,63,21.430000
aalair,"Apple M3",8,"Darwin 27.0.0 arm64","Apple LLVM 21.0.0 (clang-2100.3.34.2)"," -O3 -DNDEBUG -DPITO_ECS_OWNED_DELETE_ATOMIC=1",8,100000,pito,owned_insert,ecs_insert_owned,8,10,64,23.532000
aalair,"Apple M3",8,"Darwin 27.0.0 arm64","Apple LLVM 21.0.0 (clang-2100.3.34.2)"," -O3 -DNDEBUG -DPITO_ECS_OWNED_DELETE_ATOMIC=1",8,100000,pito,owned_insert,ecs_insert_owned,8,10,65,20.753000
aalair,"Apple M3",8,"Darwin 27.0.0 arm64","Apple LLVM 21.0.0 (clang-2100.3.34.2)"," -O3 -DNDEBUG -DPITO_ECS_OWNED_DELETE_ATOMIC=1",8,100000,pito,owned_insert,ecs_insert_owned,8,10,66,25.934000
aalair,"Apple M3",8,"Darwin 27.0.0 arm64","Apple LLVM 21.0.0 (clang-2100.3.34.2)"," -O3 -DNDEBUG -DPITO_ECS_OWNED_DELETE_ATOMIC=1",8,100000,pito,owned_insert,ecs_insert_owned,8,10,67,24.463000
aalair,"Apple M3",8,"Darwin 27.0.0 arm64","Apple LLVM 21.0.0 (clang-2100.3.34.2)"," -O3 -DNDEBUG -DPITO_ECS_OWNED_DELETE_ATOMIC=1",8,100000,pito,owned_insert,ecs_insert_owned,8,10,68,27.077000
aalair,"Apple M3",8,"Darwin 27.0.0 arm64","Apple LLVM 21.0.0 (clang-2100.3.34.2)"," -O3 -DNDEBUG -DPITO_ECS_OWNED_DELETE_ATOMIC=1",8,100000,pito,owned_insert,ecs_insert_owned,8,10,69,22.719000
aalair,"Apple M3",8,"Darwin 27.0.0 arm64","Apple LLVM 21.0.0 (clang-2100.3.34.2)"," -O3 -DNDEBUG -DPITO_ECS_OWNED_DELETE_ATOMIC=1",8,100000,pito,owned_insert,ecs_insert_owned,8,10,70,20.914000
aalair,"Apple M3",8,"Darwin 27.0.0 arm64","Apple LLVM 21.0.0 (clang-2100.3.34.2)"," -O3 -DNDEBUG -DPITO_ECS_OWNED_DELETE_ATOMIC=1",8,100000,pito,owned_insert,ecs_insert_owned,8,10,71,27.781000
aalair,"Apple M3",8,"Darwin 27.0.0 arm64","Apple LLVM 21.0.0 (clang-2100.3.34.2)"," -O3 -DNDEBUG -DPITO_ECS_OWNED_DELETE_ATOMIC=1",8,100000,pito,owned_insert,ecs_insert_owned,8,10,72,26.709000
aalair,"Apple M3",8,"Darwin 27.0.0 arm64","Apple LLVM 21.0.0 (clang-2100.3.34.2)"," -O3 -DNDEBUG -DPITO_ECS_OWNED_DELETE_ATOMIC=1",8,100000,pito,owned_insert,ecs_insert_owned,8,10,73,22.076000
aalair,"Apple M3",8,"Darwin 27.0.0 arm64","Apple LLVM 21.0.0 (clang-2100.3.34.2)"," -O3 -DNDEBUG -DPITO_ECS_OWNED_DELETE_ATOMIC=1",8,100000,pito,owned_insert,ecs_insert_owned,8,10,74,25.684000
aalair,"Apple M3",8,"Darwin 27.0.0 arm64","Apple LLVM 21.0.0 (clang-2100.3.34.2)"," -O3 -DNDEBUG -DPITO_ECS_OWNED_DELETE_ATOMIC=1",8,100000,pito,owned_insert,ecs_insert_owned,8,10,75,21.214000
aalair,"Apple M3",8,"Darwin 27.0.0 arm64","Apple LLVM 21.0.0 (clang-2100.3.34.2)"," -O3 -DNDEBUG -DPITO_ECS_OWNED_DELETE_ATOMIC=1",8,100000,pito,owned_insert,ecs_insert_owned,8,10,76,28.387000
aalair,"Apple M3",8,"Darwin 27.0.0 arm64","Apple LLVM 21.0.0 (clang-2100.3.34.2)"," -O3 -DNDEBUG -DPITO_ECS_OWNED_DELETE_ATOMIC=1",8,100000,pito,owned_insert,ecs_insert_owned,8,10,77,20.974000
aalair,"Apple M3",8,"Darwin 27.0.0 arm64","Apple LLVM 21.0.0 (clang-2100.3.34.2)"," -O3 -DNDEBUG -DPITO_ECS_OWNED_DELETE_ATOMIC=1",8,100000,pito,owned_insert,ecs_insert_owned,8,10,78,29.336000
aalair,"Apple M3",8,"Darwin 27.0.0 arm64","Apple LLVM 21.0.0 (clang-2100.3.34.2)"," -O3 -DNDEBUG -DPITO_ECS_OWNED_DELETE_ATOMIC=1",8,100000,pito,owned_insert,ecs_insert_owned,8,10,79,23.838000
aalair,"Apple M3",8,"Darwin 27.0.0 arm64","Apple LLVM 21.0.0 (clang-2100.3.34.2)"," -O3 -DNDEBUG -DPITO_ECS_OWNED_DELETE_ATOMIC=1",8,100000,pito,owned_insert,ecs_insert_owned,8,10,80,24.609000
aalair,"Apple M3",8,"Darwin 27.0.0 arm64","Apple LLVM 21.0.0 (clang-2100.3.34.2)"," -O3 -DNDEBUG -DPITO_ECS_OWNED_DELETE_ATOMIC=1",8,100000,pito,owned_insert,ecs_insert_owned,8,10,81,24.942000
aalair,"Apple M3",8,"Darwin 27.0.0 arm64","Apple LLVM 21.0.0 (clang-2100.3.34.2)"," -O3 -DNDEBUG -DPITO_ECS_OWNED_DELETE_ATOMIC=1",8,100000,pito,owned_insert,ecs_insert_owned,8,10,82,19.693000
aalair,"Apple M3",8,"Darwin 27.0.0 arm64","Apple LLVM 21.0.0 (clang-2100.3.34.2)"," -O3 -DNDEBUG -DPITO_ECS_OWNED_DELETE_ATOMIC=1",8,100000,pito,owned_insert,ecs_insert_owned,8,10,83,22.024000
aalair,"Apple M3",8,"Darwin 27.0.0 arm64","Apple LLVM 21.0.0 (clang-2100.3.34.2)"," -O3 -DNDEBUG -DPITO_ECS_OWNED_DELETE_ATOMIC=1",8,100000,pito,owned_insert,ecs_insert_owned,8,10,84,26.772000
aalair,"Apple M3",8,"Darwin 27.0.0 arm64","Apple LLVM 21.0.0 (clang-2100.3.34.2)"," -O3 -DNDEBUG -DPITO_ECS_OWNED_DELETE_ATOMIC=1",8,100000,pito,owned_insert,ecs_insert_owned,8,10,85,24.748000
aalair,"Apple M3",8,"Darwin 27.0.0 arm64","Apple LLVM 21.0.0 (clang-2100.3.34.2)"," -O3 -DNDEBUG -DPITO_ECS_OWNED_DELETE_ATOMIC=1",8,100000,pito,owned_insert,ecs_insert_owned,8,10,86,29.199000
aalair,"Apple M3",8,"Darwin 27.0.0 arm64","Apple LLVM 21.0.0 (clang-2100.3.34.2)"," -O3 -DNDEBUG -DPITO_ECS_OWNED_DELETE_ATOMIC=1",8,100000,pito,owned_insert,ecs_insert_owned,8,10,87,28.709000
aalair,"Apple M3",8,"Darwin 27.0.0 arm64","Apple LLVM 21.0.0 (clang-2100.3.34.2)"," -O3 -DNDEBUG -DPITO_ECS_OWNED_DELETE_ATOMIC=1",8,100000,pito,owned_insert,ecs_insert_owned,8,10,88,22.347000
aalair,"Apple M3",8,"Darwin 27.0.0 arm64","Apple LLVM 21.0.0 (clang-2100.3.34.2)"," -O3 -DNDEBUG -DPITO_ECS_OWNED_DELETE_ATOMIC=1",8,100000,pito,owned_insert,ecs_insert_owned,8,10,89,26.485000
aalair,"Apple M3",8,"Darwin 27.0.0 arm64","Apple LLVM 21.0.0 (clang-2100.3.34.2)"," -O3 -DNDEBUG -DPITO_ECS_OWNED_DELETE_ATOMIC=1",8,100000,pito,owned_insert,ecs_insert_owned,8,10,90,24.797000
aalair,"Apple M3",8,"Darwin 27.0.0 arm64","Apple LLVM 21.0.0 (clang-2100.3.34.2)"," -O3 -DNDEBUG -DPITO_ECS_OWNED_DELETE_ATOMIC=1",8,100000,pito,owned_insert,ecs_insert_owned,8,10,91,21.609000
aalair,"Apple M3",8,"Darwin 27.0.0 arm64","Apple LLVM 21.0.0 (clang-2100.3.34.2)"," -O3 -DNDEBUG -DPITO_ECS_OWNED_DELETE_ATOMIC=1",8,100000,pito,owned_insert,ecs_insert_owned,8,10,92,21.100000
aalair,"Apple M3",8,"Darwin 27.0.0 arm64","Apple LLVM 21.0.0 (clang-2100.3.34.2)"," -O3 -DNDEBUG -DPITO_ECS_OWNED_DELETE_ATOMIC=1",8,100000,pito,owned_insert,ecs_insert_owned,8,10,93,27.841000
aalair,"Apple M3",8,"Darwin 27.0.0 arm64","Apple LLVM 21.0.0 (clang-2100.3.34.2)"," -O3 -DNDEBUG -DPITO_ECS_OWNED_DELETE_ATOMIC=1",8,100000,pito,owned_insert,ecs_insert_owned,8,10,94,23.806000
aalair,"Apple M3",8,"Darwin 27.0.0 arm64","Apple LLVM 21.0.0 (clang-2100.3.34.2)"," -O3 -DNDEBUG -DPITO_ECS_OWNED_DELETE_ATOMIC=1",8,100000,pito,owned_insert,ecs_insert_owned,8,10,95,23.876000
aalair,"Apple M3",8,"Darwin 27.0.0 arm64","Apple LLVM 21.0.0 (clang-2100.3.34.2)"," -O3 -DNDEBUG -DPITO_ECS_OWNED_DELETE_ATOMIC=1",8,100000,pito,owned_insert,ecs_insert_owned,8,10,96,22.328000
aalair,"Apple M3",8,"Darwin 27.0.0 arm64","Apple LLVM 21.0.0 (clang-2100.3.34.2)"," -O3 -DNDEBUG -DPITO_ECS_OWNED_DELETE_ATOMIC=1",8,100000,pito,owned_insert,ecs_insert_owned,8,10,97,22.197000
aalair,"Apple M3",8,"Darwin 27.0.0 arm64","Apple LLVM 21.0.0 (clang-2100.3.34.2)"," -O3 -DNDEBUG -DPITO_ECS_OWNED_DELETE_ATOMIC=1",8,100000,pito,owned_insert,ecs_insert_owned,8,10,98,25.776000
aalair,"Apple M3",8,"Darwin 27.0.0 arm64","Apple LLVM 21.0.0 (clang-2100.3.34.2)"," -O3 -DNDEBUG -DPITO_ECS_OWNED_DELETE_ATOMIC=1",8,100000,pito,owned_insert,ecs_insert_owned,8,10,99,21.668000
aalair,"Apple M3",8,"Darwin 27.0.0 arm64","Apple LLVM 21.0.0 (clang-2100.3.34.2)"," -O3 -DNDEBUG -DPITO_ECS_OWNED_DELETE_ATOMIC=1",8,100000,pito,owned_insert,ecs_insert_owned,8,10,100,25.058000
aalair,"Apple M3",8,"Darwin 27.0.0 arm64","Apple LLVM 21.0.0 (clang-2100.3.34.2)"," -O3 -DNDEBUG -DPITO_ECS_OWNED_DELETE_ATOMIC=1",8,100000,pito,owned_insert,ecs_insert_owned,8,500,1,81.702000
aalair,"Apple M3",8,"Darwin 27.0.0 arm64","Apple LLVM 21.0.0 (clang-2100.3.34.2)"," -O3 -DNDEBUG -DPITO_ECS_OWNED_DELETE_ATOMIC=1",8,100000,pito,owned_insert,ecs_insert_owned,8,500,2,78.732000
aalair,"Apple M3",8,"Darwin 27.0.0 arm64","Apple LLVM 21.0.0 (clang-2100.3.34.2)"," -O3 -DNDEBUG -DPITO_ECS_OWNED_DELETE_ATOMIC=1",8,100000,pito,owned_insert,ecs_insert_owned,8,500,3,81.907000
aalair,"Apple M3",8,"Darwin 27.0.0 arm64","Apple LLVM 21.0.0 (clang-2100.3.34.2)"," -O3 -DNDEBUG -DPITO_ECS_OWNED_DELETE_ATOMIC=1",8,100000,pito,owned_insert,ecs_insert_owned,8,500,4,78.042000
aalair,"Apple M3",8,"Darwin 27.0.0 arm64","Apple LLVM 21.0.0 (clang-2100.3.34.2)"," -O3 -DNDEBUG -DPITO_ECS_OWNED_DELETE_ATOMIC=1",8,100000,pito,owned_insert,ecs_insert_owned,8,500,5,81.592000
aalair,"Apple M3",8,"Darwin 27.0.0 arm64","Apple LLVM 21.0.0 (clang-2100.3.34.2)"," -O3 -DNDEBUG -DPITO_ECS_OWNED_DELETE_ATOMIC=1",8,100000,pito,owned_insert,ecs_insert_owned,8,500,6,85.916000
aalair,"Apple M3",8,"Darwin 27.0.0 arm64","Apple LLVM 21.0.0 (clang-2100.3.34.2)"," -O3 -DNDEBUG -DPITO_ECS_OWNED_DELETE_ATOMIC=1",8,100000,pito,owned_insert,ecs_insert_owned,8,500,7,82.541000
aalair,"Apple M3",8,"Darwin 27.0.0 arm64","Apple LLVM 21.0.0 (clang-2100.3.34.2)"," -O3 -DNDEBUG -DPITO_ECS_OWNED_DELETE_ATOMIC=1",8,100000,pito,owned_insert,ecs_insert_owned,8,500,8,82.255000
aalair,"Apple M3",8,"Darwin 27.0.0 arm64","Apple LLVM 21.0.0 (clang-2100.3.34.2)"," -O3 -DNDEBUG -DPITO_ECS_OWNED_DELETE_ATOMIC=1",8,100000,pito,owned_insert,ecs_insert_owned,8,500,9,82.759000
aalair,"Apple M3",8,"Darwin 27.0.0 arm64","Apple LLVM 21.0.0 (clang-2100.3.34.2)"," -O3 -DNDEBUG -DPITO_ECS_OWNED_DELETE_ATOMIC=1",8,100000,pito,owned_insert,ecs_insert_owned,8,500,10,80.230000
aalair,"Apple M3",8,"Darwin 27.0.0 arm64","Apple LLVM 21.0.0 (clang-2100.3.34.2)"," -O3 -DNDEBUG -DPITO_ECS_OWNED_DELETE_ATOMIC=1",8,100000,pito,owned_insert,ecs_insert_owned,8,500,11,78.868000
aalair,"Apple M3",8,"Darwin 27.0.0 arm64","Apple LLVM 21.0.0 (clang-2100.3.34.2)"," -O3 -DNDEBUG",8,100000,pico,owned_delete,,1,0,1,7.391000
aalair,"Apple M3",8,"Darwin 27.0.0 arm64","Apple LLVM 21.0.0 (clang-2100.3.34.2)"," -O3 -DNDEBUG",8,100000,pico,owned_delete,,1,0,2,6.916000
aalair,"Apple M3",8,"Darwin 27.0.0 arm64","Apple LLVM 21.0.0 (clang-2100.3.34.2)"," -O3 -DNDEBUG",8,100000,pico,owned_delete,,1,0,3,7.124000
aalair,"Apple M3",8,"Darwin 27.0.0 arm64","Apple LLVM 21.0.0 (clang-2100.3.34.2)"," -O3 -DNDEBUG",8,100000,pico,owned_delete,,1,0,4,7.047000
aalair,"Apple M3",8,"Darwin 27.0.0 arm64","Apple LLVM 21.0.0 (clang-2100.3.34.2)"," -O3 -DNDEBUG",8,100000,pico,owned_delete,,1,0,5,6.928000
aalair,"Apple M3",8,"Darwin 27.0.0 arm64","Apple LLVM 21.0.0 (clang-2100.3.34.2)"," -O3 -DNDEBUG",8,100000,pico,owned_delete,,1,0,6,6.942000
aalair,"Apple M3",8,"Darwin 27.0.0 arm64","Apple LLVM 21.0.0 (clang-2100.3.34.2)"," -O3 -DNDEBUG",8,100000,pico,owned_delete,,1,0,7,6.959000
aalair,"Apple M3",8,"Darwin 27.0.0 arm64","Apple LLVM 21.0.0 (clang-2100.3.34.2)"," -O3 -DNDEBUG",8,100000,pico,owned_delete,,1,0,8,6.933000
aalair,"Apple M3",8,"Darwin 27.0.0 arm64","Apple LLVM 21.0.0 (clang-2100.3.34.2)"," -O3 -DNDEBUG",8,100000,pico,owned_delete,,1,0,9,6.958000
aalair,"Apple M3",8,"Darwin 27.0.0 arm64","Apple LLVM 21.0.0 (clang-2100.3.34.2)"," -O3 -DNDEBUG",8,100000,pico,owned_delete,,1,0,10,6.943000
aalair,"Apple M3",8,"Darwin 27.0.0 arm64","Apple LLVM 21.0.0 (clang-2100.3.34.2)"," -O3 -DNDEBUG",8,100000,pico,owned_delete,,1,0,11,6.848000
aalair,"Apple M3",8,"Darwin 27.0.0 arm64","Apple LLVM 21.0.0 (clang-2100.3.34.2)"," -O3 -DNDEBUG",8,100000,pico,owned_delete,,1,10,1,8.366000
aalair,"Apple M3",8,"Darwin 27.0.0 arm64","Apple LLVM 21.0.0 (clang-2100.3.34.2)"," -O3 -DNDEBUG",8,100000,pico,owned_delete,,1,10,2,8.356000
aalair,"Apple M3",8,"Darwin 27.0.0 arm64","Apple LLVM 21.0.0 (clang-2100.3.34.2)"," -O3 -DNDEBUG",8,100000,pico,owned_delete,,1,10,3,8.154000
aalair,"Apple M3",8,"Darwin 27.0.0 arm64","Apple LLVM 21.0.0 (clang-2100.3.34.2)"," -O3 -DNDEBUG",8,100000,pico,owned_delete,,1,10,4,8.183000
aalair,"Apple M3",8,"Darwin 27.0.0 arm64","Apple LLVM 21.0.0 (clang-2100.3.34.2)"," -O3 -DNDEBUG",8,100000,pico,owned_delete,,1,10,5,8.367000
aalair,"Apple M3",8,"Darwin 27.0.0 arm64","Apple LLVM 21.0.0 (clang-2100.3.34.2)"," -O3 -DNDEBUG",8,100000,pico,owned_delete,,1,10,6,8.359000
aalair,"Apple M3",8,"Darwin 27.0.0 arm64","Apple LLVM 21.0.0 (clang-2100.3.34.2)"," -O3 -DNDEBUG",8,100000,pico,owned_delete,,1,10,7,8.355000
aalair,"Apple M3",8,"Darwin 27.0.0 arm64","Apple LLVM 21.0.0 (clang-2100.3.34.2)"," -O3 -DNDEBUG",8,100000,pico,owned_delete,,1,10,8,8.351000
aalair,"Apple M3",8,"Darwin 27.0.0 arm64","Apple LLVM 21.0.0 (clang-2100.3.34.2)"," -O3 -DNDEBUG",8,100000,pico,owned_delete,,1,10,9,8.352000
aalair,"Apple M3",8,"Darwin 27.0.0 arm64","Apple LLVM 21.0.0 (clang-2100.3.34.2)"," -O3 -DNDEBUG",8,100000,pico,owned_delete,,1,10,10,8.237000
aalair,"Apple M3",8,"Darwin 27.0.0 arm64","Apple LLVM 21.0.0 (clang-2100.3.34.2)"," -O3 -DNDEBUG",8,100000,pico,owned_delete,,1,500,1,344.551000
aalair,"Apple M3",8,"Darwin 27.0.0 arm64","Apple LLVM 21.0.0 (clang-2100.3.34.2)"," -O3 -DNDEBUG",8,100000,pico,owned_delete,,1,500,2,344.337000
aalair,"Apple M3",8,"Darwin 27.0.0 arm64","Apple LLVM 21.0.0 (clang-2100.3.34.2)"," -O3 -DNDEBUG",8,100000,pico,owned_delete,,1,500,3,344.027000
aalair,"Apple M3",8,"Darwin 27.0.0 arm64","Apple LLVM 21.0.0 (clang-2100.3.34.2)"," -O3 -DNDEBUG",8,100000,pico,owned_delete,,1,500,4,344.116000
aalair,"Apple M3",8,"Darwin 27.0.0 arm64","Apple LLVM 21.0.0 (clang-2100.3.34.2)"," -O3 -DNDEBUG",8,100000,pico,owned_delete,,1,500,5,344.010000
aalair,"Apple M3",8,"Darwin 27.0.0 arm64","Apple LLVM 21.0.0 (clang-2100.3.34.2)"," -O3 -DNDEBUG",8,100000,pico,owned_delete,,1,500,6,344.186000
aalair,"Apple M3",8,"Darwin 27.0.0 arm64","Apple LLVM 21.0.0 (clang-2100.3.34.2)"," -O3 -DNDEBUG",8,100000,pico,owned_delete,,1,500,7,345.375000
aalair,"Apple M3",8,"Darwin 27.0.0 arm64","Apple LLVM 21.0.0 (clang-2100.3.34.2)"," -O3 -DNDEBUG",8,100000,pico,owned_delete,,1,500,8,344.298000
aalair,"Apple M3",8,"Darwin 27.0.0 arm64","Apple LLVM 21.0.0 (clang-2100.3.34.2)"," -O3 -DNDEBUG",8,100000,pico,owned_delete,,1,500,9,343.998000
aalair,"Apple M3",8,"Darwin 27.0.0 arm64","Apple LLVM 21.0.0 (clang-2100.3.34.2)"," -O3 -DNDEBUG",8,100000,pico,owned_delete,,1,500,10,344.188000
aalair,"Apple M3",8,"Darwin 27.0.0 arm64","Apple LLVM 21.0.0 (clang-2100.3.34.2)"," -O3 -DNDEBUG",8,100000,flecs,owned_delete,,1,0,1,20.449000
aalair,"Apple M3",8,"Darwin 27.0.0 arm64","Apple LLVM 21.0.0 (clang-2100.3.34.2)"," -O3 -DNDEBUG",8,100000,flecs,owned_delete,,1,0,2,16.591000
aalair,"Apple M3",8,"Darwin 27.0.0 arm64","Apple LLVM 21.0.0 (clang-2100.3.34.2)"," -O3 -DNDEBUG",8,100000,flecs,owned_delete,,1,0,3,16.671000
aalair,"Apple M3",8,"Darwin 27.0.0 arm64","Apple LLVM 21.0.0 (clang-2100.3.34.2)"," -O3 -DNDEBUG",8,100000,flecs,owned_delete,,1,0,4,16.806000
aalair,"Apple M3",8,"Darwin 27.0.0 arm64","Apple LLVM 21.0.0 (clang-2100.3.34.2)"," -O3 -DNDEBUG",8,100000,flecs,owned_delete,,1,0,5,16.205000
aalair,"Apple M3",8,"Darwin 27.0.0 arm64","Apple LLVM 21.0.0 (clang-2100.3.34.2)"," -O3 -DNDEBUG",8,100000,flecs,owned_delete,,1,0,6,16.259000
aalair,"Apple M3",8,"Darwin 27.0.0 arm64","Apple LLVM 21.0.0 (clang-2100.3.34.2)"," -O3 -DNDEBUG",8,100000,flecs,owned_delete,,1,0,7,17.293000
aalair,"Apple M3",8,"Darwin 27.0.0 arm64","Apple LLVM 21.0.0 (clang-2100.3.34.2)"," -O3 -DNDEBUG",8,100000,flecs,owned_delete,,1,0,8,16.965000
aalair,"Apple M3",8,"Darwin 27.0.0 arm64","Apple LLVM 21.0.0 (clang-2100.3.34.2)"," -O3 -DNDEBUG",8,100000,flecs,owned_delete,,1,0,9,16.344000
aalair,"Apple M3",8,"Darwin 27.0.0 arm64","Apple LLVM 21.0.0 (clang-2100.3.34.2)"," -O3 -DNDEBUG",8,100000,flecs,owned_delete,,1,0,10,16.066000
aalair,"Apple M3",8,"Darwin 27.0.0 arm64","Apple LLVM 21.0.0 (clang-2100.3.34.2)"," -O3 -DNDEBUG",8,100000,flecs,owned_delete,,1,0,11,15.565000
aalair,"Apple M3",8,"Darwin 27.0.0 arm64","Apple LLVM 21.0.0 (clang-2100.3.34.2)"," -O3 -DNDEBUG",8,100000,flecs,owned_delete,,1,10,1,16.877000
aalair,"Apple M3",8,"Darwin 27.0.0 arm64","Apple LLVM 21.0.0 (clang-2100.3.34.2)"," -O3 -DNDEBUG",8,100000,flecs,owned_delete,,1,10,2,16.841000
aalair,"Apple M3",8,"Darwin 27.0.0 arm64","Apple LLVM 21.0.0 (clang-2100.3.34.2)"," -O3 -DNDEBUG",8,100000,flecs,owned_delete,,1,10,3,43.577000
aalair,"Apple M3",8,"Darwin 27.0.0 arm64","Apple LLVM 21.0.0 (clang-2100.3.34.2)"," -O3 -DNDEBUG",8,100000,flecs,owned_delete,,1,10,4,16.713000
aalair,"Apple M3",8,"Darwin 27.0.0 arm64","Apple LLVM 21.0.0 (clang-2100.3.34.2)"," -O3 -DNDEBUG",8,100000,flecs,owned_delete,,1,10,5,16.608000
aalair,"Apple M3",8,"Darwin 27.0.0 arm64","Apple LLVM 21.0.0 (clang-2100.3.34.2)"," -O3 -DNDEBUG",8,100000,flecs,owned_delete,,1,10,6,16.803000
aalair,"Apple M3",8,"Darwin 27.0.0 arm64","Apple LLVM 21.0.0 (clang-2100.3.34.2)"," -O3 -DNDEBUG",8,100000,flecs,owned_delete,,1,10,7,17.129000
aalair,"Apple M3",8,"Darwin 27.0.0 arm64","Apple LLVM 21.0.0 (clang-2100.3.34.2)"," -O3 -DNDEBUG",8,100000,flecs,owned_delete,,1,10,8,17.537000
aalair,"Apple M3",8,"Darwin 27.0.0 arm64","Apple LLVM 21.0.0 (clang-2100.3.34.2)"," -O3 -DNDEBUG",8,100000,flecs,owned_delete,,1,10,9,16.527000
aalair,"Apple M3",8,"Darwin 27.0.0 arm64","Apple LLVM 21.0.0 (clang-2100.3.34.2)"," -O3 -DNDEBUG",8,100000,flecs,owned_delete,,1,10,10,16.317000
aalair,"Apple M3",8,"Darwin 27.0.0 arm64","Apple LLVM 21.0.0 (clang-2100.3.34.2)"," -O3 -DNDEBUG",8,100000,flecs,owned_delete,,1,10,11,16.396000
aalair,"Apple M3",8,"Darwin 27.0.0 arm64","Apple LLVM 21.0.0 (clang-2100.3.34.2)"," -O3 -DNDEBUG",8,100000,flecs,owned_delete,,1,500,1,357.406000
aalair,"Apple M3",8,"Darwin 27.0.0 arm64","Apple LLVM 21.0.0 (clang-2100.3.34.2)"," -O3 -DNDEBUG",8,100000,flecs,owned_delete,,1,500,2,357.217000
aalair,"Apple M3",8,"Darwin 27.0.0 arm64","Apple LLVM 21.0.0 (clang-2100.3.34.2)"," -O3 -DNDEBUG",8,100000,flecs,owned_delete,,1,500,3,357.348000
aalair,"Apple M3",8,"Darwin 27.0.0 arm64","Apple LLVM 21.0.0 (clang-2100.3.34.2)"," -O3 -DNDEBUG",8,100000,flecs,owned_delete,,1,500,4,357.129000
aalair,"Apple M3",8,"Darwin 27.0.0 arm64","Apple LLVM 21.0.0 (clang-2100.3.34.2)"," -O3 -DNDEBUG",8,100000,flecs,owned_delete,,1,500,5,357.453000
aalair,"Apple M3",8,"Darwin 27.0.0 arm64","Apple LLVM 21.0.0 (clang-2100.3.34.2)"," -O3 -DNDEBUG",8,100000,flecs,owned_delete,,1,500,6,357.530000
aalair,"Apple M3",8,"Darwin 27.0.0 arm64","Apple LLVM 21.0.0 (clang-2100.3.34.2)"," -O3 -DNDEBUG",8,100000,flecs,owned_delete,,1,500,7,362.056000
aalair,"Apple M3",8,"Darwin 27.0.0 arm64","Apple LLVM 21.0.0 (clang-2100.3.34.2)"," -O3 -DNDEBUG",8,100000,flecs,owned_delete,,1,500,8,363.959000
aalair,"Apple M3",8,"Darwin 27.0.0 arm64","Apple LLVM 21.0.0 (clang-2100.3.34.2)"," -O3 -DNDEBUG",8,100000,flecs,owned_delete,,1,500,9,357.598000
aalair,"Apple M3",8,"Darwin 27.0.0 arm64","Apple LLVM 21.0.0 (clang-2100.3.34.2)"," -O3 -DNDEBUG",8,100000,flecs,owned_delete,,1,500,10,358.034000
aalair,"Apple M3",8,"Darwin 27.0.0 arm64","Apple LLVM 21.0.0 (clang-2100.3.34.2)"," -O3 -DNDEBUG",8,100000,flecs,owned_delete,,2,0,1,12.671000
aalair,"Apple M3",8,"Darwin 27.0.0 arm64","Apple LLVM 21.0.0 (clang-2100.3.34.2)"," -O3 -DNDEBUG",8,100000,flecs,owned_delete,,2,0,2,12.213000
aalair,"Apple M3",8,"Darwin 27.0.0 arm64","Apple LLVM 21.0.0 (clang-2100.3.34.2)"," -O3 -DNDEBUG",8,100000,flecs,owned_delete,,2,0,3,12.584000
aalair,"Apple M3",8,"Darwin 27.0.0 arm64","Apple LLVM 21.0.0 (clang-2100.3.34.2)"," -O3 -DNDEBUG",8,100000,flecs,owned_delete,,2,0,4,12.134000
aalair,"Apple M3",8,"Darwin 27.0.0 arm64","Apple LLVM 21.0.0 (clang-2100.3.34.2)"," -O3 -DNDEBUG",8,100000,flecs,owned_delete,,2,0,5,12.499000
aalair,"Apple M3",8,"Darwin 27.0.0 arm64","Apple LLVM 21.0.0 (clang-2100.3.34.2)"," -O3 -DNDEBUG",8,100000,flecs,owned_delete,,2,0,6,12.553000
aalair,"Apple M3",8,"Darwin 27.0.0 arm64","Apple LLVM 21.0.0 (clang-2100.3.34.2)"," -O3 -DNDEBUG",8,100000,flecs,owned_delete,,2,0,7,12.537000
aalair,"Apple M3",8,"Darwin 27.0.0 arm64","Apple LLVM 21.0.0 (clang-2100.3.34.2)"," -O3 -DNDEBUG",8,100000,flecs,owned_delete,,2,0,8,12.082000
aalair,"Apple M3",8,"Darwin 27.0.0 arm64","Apple LLVM 21.0.0 (clang-2100.3.34.2)"," -O3 -DNDEBUG",8,100000,flecs,owned_delete,,2,0,9,12.127000
aalair,"Apple M3",8,"Darwin 27.0.0 arm64","Apple LLVM 21.0.0 (clang-2100.3.34.2)"," -O3 -DNDEBUG",8,100000,flecs,owned_delete,,2,0,10,12.117000
aalair,"Apple M3",8,"Darwin 27.0.0 arm64","Apple LLVM 21.0.0 (clang-2100.3.34.2)"," -O3 -DNDEBUG",8,100000,flecs,owned_delete,,2,10,1,12.709000
aalair,"Apple M3",8,"Darwin 27.0.0 arm64","Apple LLVM 21.0.0 (clang-2100.3.34.2)"," -O3 -DNDEBUG",8,100000,flecs,owned_delete,,2,10,2,12.737000
aalair,"Apple M3",8,"Darwin 27.0.0 arm64","Apple LLVM 21.0.0 (clang-2100.3.34.2)"," -O3 -DNDEBUG",8,100000,flecs,owned_delete,,2,10,3,12.985000
aalair,"Apple M3",8,"Darwin 27.0.0 arm64","Apple LLVM 21.0.0 (clang-2100.3.34.2)"," -O3 -DNDEBUG",8,100000,flecs,owned_delete,,2,10,4,13.081000
aalair,"Apple M3",8,"Darwin 27.0.0 arm64","Apple LLVM 21.0.0 (clang-2100.3.34.2)"," -O3 -DNDEBUG",8,100000,flecs,owned_delete,,2,10,5,12.900000
aalair,"Apple M3",8,"Darwin 27.0.0 arm64","Apple LLVM 21.0.0 (clang-2100.3.34.2)"," -O3 -DNDEBUG",8,100000,flecs,owned_delete,,2,10,6,12.835000
aalair,"Apple M3",8,"Darwin 27.0.0 arm64","Apple LLVM 21.0.0 (clang-2100.3.34.2)"," -O3 -DNDEBUG",8,100000,flecs,owned_delete,,2,10,7,12.871000
aalair,"Apple M3",8,"Darwin 27.0.0 arm64","Apple LLVM 21.0.0 (clang-2100.3.34.2)"," -O3 -DNDEBUG",8,100000,flecs,owned_delete,,2,10,8,12.782000
aalair,"Apple M3",8,"Darwin 27.0.0 arm64","Apple LLVM 21.0.0 (clang-2100.3.34.2)"," -O3 -DNDEBUG",8,100000,flecs,owned_delete,,2,10,9,12.827000
aalair,"Apple M3",8,"Darwin 27.0.0 arm64","Apple LLVM 21.0.0 (clang-2100.3.34.2)"," -O3 -DNDEBUG",8,100000,flecs,owned_delete,,2,10,10,12.687000
aalair,"Apple M3",8,"Darwin 27.0.0 arm64","Apple LLVM 21.0.0 (clang-2100.3.34.2)"," -O3 -DNDEBUG",8,100000,flecs,owned_delete,,2,500,1,187.518000
aalair,"Apple M3",8,"Darwin 27.0.0 arm64","Apple LLVM 21.0.0 (clang-2100.3.34.2)"," -O3 -DNDEBUG",8,100000,flecs,owned_delete,,2,500,2,197.856000
aalair,"Apple M3",8,"Darwin 27.0.0 arm64","Apple LLVM 21.0.0 (clang-2100.3.34.2)"," -O3 -DNDEBUG",8,100000,flecs,owned_delete,,2,500,3,187.433000
aalair,"Apple M3",8,"Darwin 27.0.0 arm64","Apple LLVM 21.0.0 (clang-2100.3.34.2)"," -O3 -DNDEBUG",8,100000,flecs,owned_delete,,2,500,4,187.991000
aalair,"Apple M3",8,"Darwin 27.0.0 arm64","Apple LLVM 21.0.0 (clang-2100.3.34.2)"," -O3 -DNDEBUG",8,100000,flecs,owned_delete,,2,500,5,187.543000
aalair,"Apple M3",8,"Darwin 27.0.0 arm64","Apple LLVM 21.0.0 (clang-2100.3.34.2)"," -O3 -DNDEBUG",8,100000,flecs,owned_delete,,2,500,6,187.669000
aalair,"Apple M3",8,"Darwin 27.0.0 arm64","Apple LLVM 21.0.0 (clang-2100.3.34.2)"," -O3 -DNDEBUG",8,100000,flecs,owned_delete,,2,500,7,187.526000
aalair,"Apple M3",8,"Darwin 27.0.0 arm64","Apple LLVM 21.0.0 (clang-2100.3.34.2)"," -O3 -DNDEBUG",8,100000,flecs,owned_delete,,2,500,8,187.675000
aalair,"Apple M3",8,"Darwin 27.0.0 arm64","Apple LLVM 21.0.0 (clang-2100.3.34.2)"," -O3 -DNDEBUG",8,100000,flecs,owned_delete,,2,500,9,188.827000
aalair,"Apple M3",8,"Darwin 27.0.0 arm64","Apple LLVM 21.0.0 (clang-2100.3.34.2)"," -O3 -DNDEBUG",8,100000,flecs,owned_delete,,2,500,10,188.378000
aalair,"Apple M3",8,"Darwin 27.0.0 arm64","Apple LLVM 21.0.0 (clang-2100.3.34.2)"," -O3 -DNDEBUG",8,100000,flecs,owned_delete,,2,500,11,188.690000
aalair,"Apple M3",8,"Darwin 27.0.0 arm64","Apple LLVM 21.0.0 (clang-2100.3.34.2)"," -O3 -DNDEBUG",8,100000,flecs,owned_delete,,4,0,1,11.845000
aalair,"Apple M3",8,"Darwin 27.0.0 arm64","Apple LLVM 21.0.0 (clang-2100.3.34.2)"," -O3 -DNDEBUG",8,100000,flecs,owned_delete,,4,0,2,11.794000
aalair,"Apple M3",8,"Darwin 27.0.0 arm64","Apple LLVM 21.0.0 (clang-2100.3.34.2)"," -O3 -DNDEBUG",8,100000,flecs,owned_delete,,4,0,3,11.878000
aalair,"Apple M3",8,"Darwin 27.0.0 arm64","Apple LLVM 21.0.0 (clang-2100.3.34.2)"," -O3 -DNDEBUG",8,100000,flecs,owned_delete,,4,0,4,12.097000
aalair,"Apple M3",8,"Darwin 27.0.0 arm64","Apple LLVM 21.0.0 (clang-2100.3.34.2)"," -O3 -DNDEBUG",8,100000,flecs,owned_delete,,4,0,5,11.745000
aalair,"Apple M3",8,"Darwin 27.0.0 arm64","Apple LLVM 21.0.0 (clang-2100.3.34.2)"," -O3 -DNDEBUG",8,100000,flecs,owned_delete,,4,0,6,11.681000
aalair,"Apple M3",8,"Darwin 27.0.0 arm64","Apple LLVM 21.0.0 (clang-2100.3.34.2)"," -O3 -DNDEBUG",8,100000,flecs,owned_delete,,4,0,7,11.555000
aalair,"Apple M3",8,"Darwin 27.0.0 arm64","Apple LLVM 21.0.0 (clang-2100.3.34.2)"," -O3 -DNDEBUG",8,100000,flecs,owned_delete,,4,0,8,11.646000
aalair,"Apple M3",8,"Darwin 27.0.0 arm64","Apple LLVM 21.0.0 (clang-2100.3.34.2)"," -O3 -DNDEBUG",8,100000,flecs,owned_delete,,4,0,9,11.565000
aalair,"Apple M3",8,"Darwin 27.0.0 arm64","Apple LLVM 21.0.0 (clang-2100.3.34.2)"," -O3 -DNDEBUG",8,100000,flecs,owned_delete,,4,0,10,11.881000
aalair,"Apple M3",8,"Darwin 27.0.0 arm64","Apple LLVM 21.0.0 (clang-2100.3.34.2)"," -O3 -DNDEBUG",8,100000,flecs,owned_delete,,4,10,1,11.404000
aalair,"Apple M3",8,"Darwin 27.0.0 arm64","Apple LLVM 21.0.0 (clang-2100.3.34.2)"," -O3 -DNDEBUG",8,100000,flecs,owned_delete,,4,10,2,11.338000
aalair,"Apple M3",8,"Darwin 27.0.0 arm64","Apple LLVM 21.0.0 (clang-2100.3.34.2)"," -O3 -DNDEBUG",8,100000,flecs,owned_delete,,4,10,3,11.287000
aalair,"Apple M3",8,"Darwin 27.0.0 arm64","Apple LLVM 21.0.0 (clang-2100.3.34.2)"," -O3 -DNDEBUG",8,100000,flecs,owned_delete,,4,10,4,11.147000
aalair,"Apple M3",8,"Darwin 27.0.0 arm64","Apple LLVM 21.0.0 (clang-2100.3.34.2)"," -O3 -DNDEBUG",8,100000,flecs,owned_delete,,4,10,5,11.118000
aalair,"Apple M3",8,"Darwin 27.0.0 arm64","Apple LLVM 21.0.0 (clang-2100.3.34.2)"," -O3 -DNDEBUG",8,100000,flecs,owned_delete,,4,10,6,11.312000
aalair,"Apple M3",8,"Darwin 27.0.0 arm64","Apple LLVM 21.0.0 (clang-2100.3.34.2)"," -O3 -DNDEBUG",8,100000,flecs,owned_delete,,4,10,7,11.330000
aalair,"Apple M3",8,"Darwin 27.0.0 arm64","Apple LLVM 21.0.0 (clang-2100.3.34.2)"," -O3 -DNDEBUG",8,100000,flecs,owned_delete,,4,10,8,11.646000
aalair,"Apple M3",8,"Darwin 27.0.0 arm64","Apple LLVM 21.0.0 (clang-2100.3.34.2)"," -O3 -DNDEBUG",8,100000,flecs,owned_delete,,4,10,9,11.132000
aalair,"Apple M3",8,"Darwin 27.0.0 arm64","Apple LLVM 21.0.0 (clang-2100.3.34.2)"," -O3 -DNDEBUG",8,100000,flecs,owned_delete,,4,10,10,11.486000
aalair,"Apple M3",8,"Darwin 27.0.0 arm64","Apple LLVM 21.0.0 (clang-2100.3.34.2)"," -O3 -DNDEBUG",8,100000,flecs,owned_delete,,4,500,1,113.178000
aalair,"Apple M3",8,"Darwin 27.0.0 arm64","Apple LLVM 21.0.0 (clang-2100.3.34.2)"," -O3 -DNDEBUG",8,100000,flecs,owned_delete,,4,500,2,106.175000
aalair,"Apple M3",8,"Darwin 27.0.0 arm64","Apple LLVM 21.0.0 (clang-2100.3.34.2)"," -O3 -DNDEBUG",8,100000,flecs,owned_delete,,4,500,3,106.771000
aalair,"Apple M3",8,"Darwin 27.0.0 arm64","Apple LLVM 21.0.0 (clang-2100.3.34.2)"," -O3 -DNDEBUG",8,100000,flecs,owned_delete,,4,500,4,105.823000
aalair,"Apple M3",8,"Darwin 27.0.0 arm64","Apple LLVM 21.0.0 (clang-2100.3.34.2)"," -O3 -DNDEBUG",8,100000,flecs,owned_delete,,4,500,5,109.840000
aalair,"Apple M3",8,"Darwin 27.0.0 arm64","Apple LLVM 21.0.0 (clang-2100.3.34.2)"," -O3 -DNDEBUG",8,100000,flecs,owned_delete,,4,500,6,105.806000
aalair,"Apple M3",8,"Darwin 27.0.0 arm64","Apple LLVM 21.0.0 (clang-2100.3.34.2)"," -O3 -DNDEBUG",8,100000,flecs,owned_delete,,4,500,7,106.423000
aalair,"Apple M3",8,"Darwin 27.0.0 arm64","Apple LLVM 21.0.0 (clang-2100.3.34.2)"," -O3 -DNDEBUG",8,100000,flecs,owned_delete,,4,500,8,106.221000
aalair,"Apple M3",8,"Darwin 27.0.0 arm64","Apple LLVM 21.0.0 (clang-2100.3.34.2)"," -O3 -DNDEBUG",8,100000,flecs,owned_delete,,4,500,9,106.023000
aalair,"Apple M3",8,"Darwin 27.0.0 arm64","Apple LLVM 21.0.0 (clang-2100.3.34.2)"," -O3 -DNDEBUG",8,100000,flecs,owned_delete,,4,500,10,106.106000
aalair,"Apple M3",8,"Darwin 27.0.0 arm64","Apple LLVM 21.0.0 (clang-2100.3.34.2)"," -O3 -DNDEBUG",8,100000,flecs,owned_delete,,4,500,11,106.318000
aalair,"Apple M3",8,"Darwin 27.0.0 arm64","Apple LLVM 21.0.0 (clang-2100.3.34.2)"," -O3 -DNDEBUG",8,100000,flecs,owned_delete,,8,0,1,11.087000
aalair,"Apple M3",8,"Darwin 27.0.0 arm64","Apple LLVM 21.0.0 (clang-2100.3.34.2)"," -O3 -DNDEBUG",8,100000,flecs,owned_delete,,8,0,2,10.959000
aalair,"Apple M3",8,"Darwin 27.0.0 arm64","Apple LLVM 21.0.0 (clang-2100.3.34.2)"," -O3 -DNDEBUG",8,100000,flecs,owned_delete,,8,0,3,10.831000
aalair,"Apple M3",8,"Darwin 27.0.0 arm64","Apple LLVM 21.0.0 (clang-2100.3.34.2)"," -O3 -DNDEBUG",8,100000,flecs,owned_delete,,8,0,4,11.167000
aalair,"Apple M3",8,"Darwin 27.0.0 arm64","Apple LLVM 21.0.0 (clang-2100.3.34.2)"," -O3 -DNDEBUG",8,100000,flecs,owned_delete,,8,0,5,10.901000
aalair,"Apple M3",8,"Darwin 27.0.0 arm64","Apple LLVM 21.0.0 (clang-2100.3.34.2)"," -O3 -DNDEBUG",8,100000,flecs,owned_delete,,8,0,6,11.306000
aalair,"Apple M3",8,"Darwin 27.0.0 arm64","Apple LLVM 21.0.0 (clang-2100.3.34.2)"," -O3 -DNDEBUG",8,100000,flecs,owned_delete,,8,0,7,11.306000
aalair,"Apple M3",8,"Darwin 27.0.0 arm64","Apple LLVM 21.0.0 (clang-2100.3.34.2)"," -O3 -DNDEBUG",8,100000,flecs,owned_delete,,8,0,8,10.952000
aalair,"Apple M3",8,"Darwin 27.0.0 arm64","Apple LLVM 21.0.0 (clang-2100.3.34.2)"," -O3 -DNDEBUG",8,100000,flecs,owned_delete,,8,0,9,11.340000
aalair,"Apple M3",8,"Darwin 27.0.0 arm64","Apple LLVM 21.0.0 (clang-2100.3.34.2)"," -O3 -DNDEBUG",8,100000,flecs,owned_delete,,8,0,10,11.301000
aalair,"Apple M3",8,"Darwin 27.0.0 arm64","Apple LLVM 21.0.0 (clang-2100.3.34.2)"," -O3 -DNDEBUG",8,100000,flecs,owned_delete,,8,10,1,10.960000
aalair,"Apple M3",8,"Darwin 27.0.0 arm64","Apple LLVM 21.0.0 (clang-2100.3.34.2)"," -O3 -DNDEBUG",8,100000,flecs,owned_delete,,8,10,2,11.178000
aalair,"Apple M3",8,"Darwin 27.0.0 arm64","Apple LLVM 21.0.0 (clang-2100.3.34.2)"," -O3 -DNDEBUG",8,100000,flecs,owned_delete,,8,10,3,11.522000
aalair,"Apple M3",8,"Darwin 27.0.0 arm64","Apple LLVM 21.0.0 (clang-2100.3.34.2)"," -O3 -DNDEBUG",8,100000,flecs,owned_delete,,8,10,4,11.353000
aalair,"Apple M3",8,"Darwin 27.0.0 arm64","Apple LLVM 21.0.0 (clang-2100.3.34.2)"," -O3 -DNDEBUG",8,100000,flecs,owned_delete,,8,10,5,11.428000
aalair,"Apple M3",8,"Darwin 27.0.0 arm64","Apple LLVM 21.0.0 (clang-2100.3.34.2)"," -O3 -DNDEBUG",8,100000,flecs,owned_delete,,8,10,6,11.339000
aalair,"Apple M3",8,"Darwin 27.0.0 arm64","Apple LLVM 21.0.0 (clang-2100.3.34.2)"," -O3 -DNDEBUG",8,100000,flecs,owned_delete,,8,10,7,11.423000
aalair,"Apple M3",8,"Darwin 27.0.0 arm64","Apple LLVM 21.0.0 (clang-2100.3.34.2)"," -O3 -DNDEBUG",8,100000,flecs,owned_delete,,8,10,8,11.400000
aalair,"Apple M3",8,"Darwin 27.0.0 arm64","Apple LLVM 21.0.0 (clang-2100.3.34.2)"," -O3 -DNDEBUG",8,100000,flecs,owned_delete,,8,10,9,11.373000
aalair,"Apple M3",8,"Darwin 27.0.0 arm64","Apple LLVM 21.0.0 (clang-2100.3.34.2)"," -O3 -DNDEBUG",8,100000,flecs,owned_delete,,8,10,10,11.544000
aalair,"Apple M3",8,"Darwin 27.0.0 arm64","Apple LLVM 21.0.0 (clang-2100.3.34.2)"," -O3 -DNDEBUG",8,100000,flecs,owned_delete,,8,500,1,77.286000
aalair,"Apple M3",8,"Darwin 27.0.0 arm64","Apple LLVM 21.0.0 (clang-2100.3.34.2)"," -O3 -DNDEBUG",8,100000,flecs,owned_delete,,8,500,2,77.254000
aalair,"Apple M3",8,"Darwin 27.0.0 arm64","Apple LLVM 21.0.0 (clang-2100.3.34.2)"," -O3 -DNDEBUG",8,100000,flecs,owned_delete,,8,500,3,71.084000
aalair,"Apple M3",8,"Darwin 27.0.0 arm64","Apple LLVM 21.0.0 (clang-2100.3.34.2)"," -O3 -DNDEBUG",8,100000,flecs,owned_delete,,8,500,4,70.228000
aalair,"Apple M3",8,"Darwin 27.0.0 arm64","Apple LLVM 21.0.0 (clang-2100.3.34.2)"," -O3 -DNDEBUG",8,100000,flecs,owned_delete,,8,500,5,75.045000
aalair,"Apple M3",8,"Darwin 27.0.0 arm64","Apple LLVM 21.0.0 (clang-2100.3.34.2)"," -O3 -DNDEBUG",8,100000,flecs,owned_delete,,8,500,6,80.561000
aalair,"Apple M3",8,"Darwin 27.0.0 arm64","Apple LLVM 21.0.0 (clang-2100.3.34.2)"," -O3 -DNDEBUG",8,100000,flecs,owned_delete,,8,500,7,72.203000
aalair,"Apple M3",8,"Darwin 27.0.0 arm64","Apple LLVM 21.0.0 (clang-2100.3.34.2)"," -O3 -DNDEBUG",8,100000,flecs,owned_delete,,8,500,8,71.241000
aalair,"Apple M3",8,"Darwin 27.0.0 arm64","Apple LLVM 21.0.0 (clang-2100.3.34.2)"," -O3 -DNDEBUG",8,100000,flecs,owned_delete,,8,500,9,70.018000
aalair,"Apple M3",8,"Darwin 27.0.0 arm64","Apple LLVM 21.0.0 (clang-2100.3.34.2)"," -O3 -DNDEBUG",8,100000,flecs,owned_delete,,8,500,10,70.156000
aalair,"Apple M3",8,"Darwin 27.0.0 arm64","Apple LLVM 21.0.0 (clang-2100.3.34.2)"," -O3 -DNDEBUG",8,100000,flecs,owned_delete,,8,500,11,72.437000
aalair,"Apple M3",8,"Darwin 27.0.0 arm64","Apple LLVM 21.0.0 (clang-2100.3.34.2)"," -O3 -DNDEBUG",8,100000,flecs,owned_delete,,8,500,12,70.393000
aalair,"Apple M3",8,"Darwin 27.0.0 arm64","Apple LLVM 21.0.0 (clang-2100.3.34.2)"," -O3 -DNDEBUG",8,100000,flecs,owned_delete,,8,500,13,70.077000
aalair,"Apple M3",8,"Darwin 27.0.0 arm64","Apple LLVM 21.0.0 (clang-2100.3.34.2)"," -O3 -DNDEBUG",8,100000,flecs,owned_delete,,8,500,14,75.968000
aalair,"Apple M3",8,"Darwin 27.0.0 arm64","Apple LLVM 21.0.0 (clang-2100.3.34.2)"," -O3 -DNDEBUG",8,100000,flecs,owned_delete,,8,500,15,75.413000
aalair,"Apple M3",8,"Darwin 27.0.0 arm64","Apple LLVM 21.0.0 (clang-2100.3.34.2)"," -O3 -DNDEBUG",8,100000,flecs,owned_delete,,8,500,16,73.268000
aalair,"Apple M3",8,"Darwin 27.0.0 arm64","Apple LLVM 21.0.0 (clang-2100.3.34.2)"," -O3 -DNDEBUG",8,100000,flecs,owned_delete,,8,500,17,70.320000
aalair,"Apple M3",8,"Darwin 27.0.0 arm64","Apple LLVM 21.0.0 (clang-2100.3.34.2)"," -O3 -DNDEBUG",8,100000,flecs,owned_delete,,8,500,18,70.904000
aalair,"Apple M3",8,"Darwin 27.0.0 arm64","Apple LLVM 21.0.0 (clang-2100.3.34.2)"," -O3 -DNDEBUG",8,100000,flecs,owned_delete,,8,500,19,77.069000
aalair,"Apple M3",8,"Darwin 27.0.0 arm64","Apple LLVM 21.0.0 (clang-2100.3.34.2)"," -O3 -DNDEBUG",8,100000,flecs,owned_delete,,8,500,20,73.600000
aalair,"Apple M3",8,"Darwin 27.0.0 arm64","Apple LLVM 21.0.0 (clang-2100.3.34.2)"," -O3 -DNDEBUG",8,100000,flecs,owned_delete,,8,500,21,81.631000
aalair,"Apple M3",8,"Darwin 27.0.0 arm64","Apple LLVM 21.0.0 (clang-2100.3.34.2)"," -O3 -DNDEBUG",8,100000,pito,owned_delete,ecs_remove_owned,1,0,1,16.907000
aalair,"Apple M3",8,"Darwin 27.0.0 arm64","Apple LLVM 21.0.0 (clang-2100.3.34.2)"," -O3 -DNDEBUG",8,100000,pito,owned_delete,ecs_remove_owned,1,0,2,17.045000
aalair,"Apple M3",8,"Darwin 27.0.0 arm64","Apple LLVM 21.0.0 (clang-2100.3.34.2)"," -O3 -DNDEBUG",8,100000,pito,owned_delete,ecs_remove_owned,1,0,3,17.000000
aalair,"Apple M3",8,"Darwin 27.0.0 arm64","Apple LLVM 21.0.0 (clang-2100.3.34.2)"," -O3 -DNDEBUG",8,100000,pito,owned_delete,ecs_remove_owned,1,0,4,16.940000
aalair,"Apple M3",8,"Darwin 27.0.0 arm64","Apple LLVM 21.0.0 (clang-2100.3.34.2)"," -O3 -DNDEBUG",8,100000,pito,owned_delete,ecs_remove_owned,1,0,5,17.469000
aalair,"Apple M3",8,"Darwin 27.0.0 arm64","Apple LLVM 21.0.0 (clang-2100.3.34.2)"," -O3 -DNDEBUG",8,100000,pito,owned_delete,ecs_remove_owned,1,0,6,16.992000
aalair,"Apple M3",8,"Darwin 27.0.0 arm64","Apple LLVM 21.0.0 (clang-2100.3.34.2)"," -O3 -DNDEBUG",8,100000,pito,owned_delete,ecs_remove_owned,1,0,7,17.157000
aalair,"Apple M3",8,"Darwin 27.0.0 arm64","Apple LLVM 21.0.0 (clang-2100.3.34.2)"," -O3 -DNDEBUG",8,100000,pito,owned_delete,ecs_remove_owned,1,0,8,17.077000
aalair,"Apple M3",8,"Darwin 27.0.0 arm64","Apple LLVM 21.0.0 (clang-2100.3.34.2)"," -O3 -DNDEBUG",8,100000,pito,owned_delete,ecs_remove_owned,1,0,9,17.021000
aalair,"Apple M3",8,"Darwin 27.0.0 arm64","Apple LLVM 21.0.0 (clang-2100.3.34.2)"," -O3 -DNDEBUG",8,100000,pito,owned_delete,ecs_remove_owned,1,0,10,17.082000
aalair,"Apple M3",8,"Darwin 27.0.0 arm64","Apple LLVM 21.0.0 (clang-2100.3.34.2)"," -O3 -DNDEBUG",8,100000,pito,owned_delete,ecs_remove_owned,1,10,1,19.279000
aalair,"Apple M3",8,"Darwin 27.0.0 arm64","Apple LLVM 21.0.0 (clang-2100.3.34.2)"," -O3 -DNDEBUG",8,100000,pito,owned_delete,ecs_remove_owned,1,10,2,19.500000
aalair,"Apple M3",8,"Darwin 27.0.0 arm64","Apple LLVM 21.0.0 (clang-2100.3.34.2)"," -O3 -DNDEBUG",8,100000,pito,owned_delete,ecs_remove_owned,1,10,3,19.682000
aalair,"Apple M3",8,"Darwin 27.0.0 arm64","Apple LLVM 21.0.0 (clang-2100.3.34.2)"," -O3 -DNDEBUG",8,100000,pito,owned_delete,ecs_remove_owned,1,10,4,19.681000
aalair,"Apple M3",8,"Darwin 27.0.0 arm64","Apple LLVM 21.0.0 (clang-2100.3.34.2)"," -O3 -DNDEBUG",8,100000,pito,owned_delete,ecs_remove_owned,1,10,5,19.652000
aalair,"Apple M3",8,"Darwin 27.0.0 arm64","Apple LLVM 21.0.0 (clang-2100.3.34.2)"," -O3 -DNDEBUG",8,100000,pito,owned_delete,ecs_remove_owned,1,10,6,19.365000
aalair,"Apple M3",8,"Darwin 27.0.0 arm64","Apple LLVM 21.0.0 (clang-2100.3.34.2)"," -O3 -DNDEBUG",8,100000,pito,owned_delete,ecs_remove_owned,1,10,7,19.266000
aalair,"Apple M3",8,"Darwin 27.0.0 arm64","Apple LLVM 21.0.0 (clang-2100.3.34.2)"," -O3 -DNDEBUG",8,100000,pito,owned_delete,ecs_remove_owned,1,10,8,19.459000
aalair,"Apple M3",8,"Darwin 27.0.0 arm64","Apple LLVM 21.0.0 (clang-2100.3.34.2)"," -O3 -DNDEBUG",8,100000,pito,owned_delete,ecs_remove_owned,1,10,9,19.760000
aalair,"Apple M3",8,"Darwin 27.0.0 arm64","Apple LLVM 21.0.0 (clang-2100.3.34.2)"," -O3 -DNDEBUG",8,100000,pito,owned_delete,ecs_remove_owned,1,10,10,19.301000
aalair,"Apple M3",8,"Darwin 27.0.0 arm64","Apple LLVM 21.0.0 (clang-2100.3.34.2)"," -O3 -DNDEBUG",8,100000,pito,owned_delete,ecs_remove_owned,1,500,1,387.835000
aalair,"Apple M3",8,"Darwin 27.0.0 arm64","Apple LLVM 21.0.0 (clang-2100.3.34.2)"," -O3 -DNDEBUG",8,100000,pito,owned_delete,ecs_remove_owned,1,500,2,387.434000
aalair,"Apple M3",8,"Darwin 27.0.0 arm64","Apple LLVM 21.0.0 (clang-2100.3.34.2)"," -O3 -DNDEBUG",8,100000,pito,owned_delete,ecs_remove_owned,1,500,3,396.419000
aalair,"Apple M3",8,"Darwin 27.0.0 arm64","Apple LLVM 21.0.0 (clang-2100.3.34.2)"," -O3 -DNDEBUG",8,100000,pito,owned_delete,ecs_remove_owned,1,500,4,390.734000
aalair,"Apple M3",8,"Darwin 27.0.0 arm64","Apple LLVM 21.0.0 (clang-2100.3.34.2)"," -O3 -DNDEBUG",8,100000,pito,owned_delete,ecs_remove_owned,1,500,5,388.788000
aalair,"Apple M3",8,"Darwin 27.0.0 arm64","Apple LLVM 21.0.0 (clang-2100.3.34.2)"," -O3 -DNDEBUG",8,100000,pito,owned_delete,ecs_remove_owned,1,500,6,387.710000
aalair,"Apple M3",8,"Darwin 27.0.0 arm64","Apple LLVM 21.0.0 (clang-2100.3.34.2)"," -O3 -DNDEBUG",8,100000,pito,owned_delete,ecs_remove_owned,1,500,7,396.791000
aalair,"Apple M3",8,"Darwin 27.0.0 arm64","Apple LLVM 21.0.0 (clang-2100.3.34.2)"," -O3 -DNDEBUG",8,100000,pito,owned_delete,ecs_remove_owned,1,500,8,387.242000
aalair,"Apple M3",8,"Darwin 27.0.0 arm64","Apple LLVM 21.0.0 (clang-2100.3.34.2)"," -O3 -DNDEBUG",8,100000,pito,owned_delete,ecs_remove_owned,1,500,9,387.199000
aalair,"Apple M3",8,"Darwin 27.0.0 arm64","Apple LLVM 21.0.0 (clang-2100.3.34.2)"," -O3 -DNDEBUG",8,100000,pito,owned_delete,ecs_remove_owned,1,500,10,387.257000
aalair,"Apple M3",8,"Darwin 27.0.0 arm64","Apple LLVM 21.0.0 (clang-2100.3.34.2)"," -O3 -DNDEBUG",8,100000,pito,owned_delete,ecs_remove_owned,2,0,1,61.349000
aalair,"Apple M3",8,"Darwin 27.0.0 arm64","Apple LLVM 21.0.0 (clang-2100.3.34.2)"," -O3 -DNDEBUG",8,100000,pito,owned_delete,ecs_remove_owned,2,0,2,59.332000
aalair,"Apple M3",8,"Darwin 27.0.0 arm64","Apple LLVM 21.0.0 (clang-2100.3.34.2)"," -O3 -DNDEBUG",8,100000,pito,owned_delete,ecs_remove_owned,2,0,3,74.195000
aalair,"Apple M3",8,"Darwin 27.0.0 arm64","Apple LLVM 21.0.0 (clang-2100.3.34.2)"," -O3 -DNDEBUG",8,100000,pito,owned_delete,ecs_remove_owned,2,0,4,77.240000
aalair,"Apple M3",8,"Darwin 27.0.0 arm64","Apple LLVM 21.0.0 (clang-2100.3.34.2)"," -O3 -DNDEBUG",8,100000,pito,owned_delete,ecs_remove_owned,2,0,5,56.789000
aalair,"Apple M3",8,"Darwin 27.0.0 arm64","Apple LLVM 21.0.0 (clang-2100.3.34.2)"," -O3 -DNDEBUG",8,100000,pito,owned_delete,ecs_remove_owned,2,0,6,51.156000
aalair,"Apple M3",8,"Darwin 27.0.0 arm64","Apple LLVM 21.0.0 (clang-2100.3.34.2)"," -O3 -DNDEBUG",8,100000,pito,owned_delete,ecs_remove_owned,2,0,7,72.893000
aalair,"Apple M3",8,"Darwin 27.0.0 arm64","Apple LLVM 21.0.0 (clang-2100.3.34.2)"," -O3 -DNDEBUG",8,100000,pito,owned_delete,ecs_remove_owned,2,0,8,66.205000
aalair,"Apple M3",8,"Darwin 27.0.0 arm64","Apple LLVM 21.0.0 (clang-2100.3.34.2)"," -O3 -DNDEBUG",8,100000,pito,owned_delete,ecs_remove_owned,2,0,9,65.225000
aalair,"Apple M3",8,"Darwin 27.0.0 arm64","Apple LLVM 21.0.0 (clang-2100.3.34.2)"," -O3 -DNDEBUG",8,100000,pito,owned_delete,ecs_remove_owned,2,0,10,65.140000
aalair,"Apple M3",8,"Darwin 27.0.0 arm64","Apple LLVM 21.0.0 (clang-2100.3.34.2)"," -O3 -DNDEBUG",8,100000,pito,owned_delete,ecs_remove_owned,2,0,11,73.443000
aalair,"Apple M3",8,"Darwin 27.0.0 arm64","Apple LLVM 21.0.0 (clang-2100.3.34.2)"," -O3 -DNDEBUG",8,100000,pito,owned_delete,ecs_remove_owned,2,0,12,73.210000
aalair,"Apple M3",8,"Darwin 27.0.0 arm64","Apple LLVM 21.0.0 (clang-2100.3.34.2)"," -O3 -DNDEBUG",8,100000,pito,owned_delete,ecs_remove_owned,2,0,13,67.767000
aalair,"Apple M3",8,"Darwin 27.0.0 arm64","Apple LLVM 21.0.0 (clang-2100.3.34.2)"," -O3 -DNDEBUG",8,100000,pito,owned_delete,ecs_remove_owned,2,0,14,65.146000
aalair,"Apple M3",8,"Darwin 27.0.0 arm64","Apple LLVM 21.0.0 (clang-2100.3.34.2)"," -O3 -DNDEBUG",8,100000,pito,owned_delete,ecs_remove_owned,2,0,15,71.111000
aalair,"Apple M3",8,"Darwin 27.0.0 arm64","Apple LLVM 21.0.0 (clang-2100.3.34.2)"," -O3 -DNDEBUG",8,100000,pito,owned_delete,ecs_remove_owned,2,0,16,73.178000
aalair,"Apple M3",8,"Darwin 27.0.0 arm64","Apple LLVM 21.0.0 (clang-2100.3.34.2)"," -O3 -DNDEBUG",8,100000,pito,owned_delete,ecs_remove_owned,2,0,17,53.221000
aalair,"Apple M3",8,"Darwin 27.0.0 arm64","Apple LLVM 21.0.0 (clang-2100.3.34.2)"," -O3 -DNDEBUG",8,100000,pito,owned_delete,ecs_remove_owned,2,0,18,65.509000
aalair,"Apple M3",8,"Darwin 27.0.0 arm64","Apple LLVM 21.0.0 (clang-2100.3.34.2)"," -O3 -DNDEBUG",8,100000,pito,owned_delete,ecs_remove_owned,2,0,19,56.738000
aalair,"Apple M3",8,"Darwin 27.0.0 arm64","Apple LLVM 21.0.0 (clang-2100.3.34.2)"," -O3 -DNDEBUG",8,100000,pito,owned_delete,ecs_remove_owned,2,0,20,73.689000
aalair,"Apple M3",8,"Darwin 27.0.0 arm64","Apple LLVM 21.0.0 (clang-2100.3.34.2)"," -O3 -DNDEBUG",8,100000,pito,owned_delete,ecs_remove_owned,2,0,21,58.626000
aalair,"Apple M3",8,"Darwin 27.0.0 arm64","Apple LLVM 21.0.0 (clang-2100.3.34.2)"," -O3 -DNDEBUG",8,100000,pito,owned_delete,ecs_remove_owned,2,0,22,58.639000
aalair,"Apple M3",8,"Darwin 27.0.0 arm64","Apple LLVM 21.0.0 (clang-2100.3.34.2)"," -O3 -DNDEBUG",8,100000,pito,owned_delete,ecs_remove_owned,2,0,23,72.883000
aalair,"Apple M3",8,"Darwin 27.0.0 arm64","Apple LLVM 21.0.0 (clang-2100.3.34.2)"," -O3 -DNDEBUG",8,100000,pito,owned_delete,ecs_remove_owned,2,0,24,58.238000
aalair,"Apple M3",8,"Darwin 27.0.0 arm64","Apple LLVM 21.0.0 (clang-2100.3.34.2)"," -O3 -DNDEBUG",8,100000,pito,owned_delete,ecs_remove_owned,2,0,25,73.752000
aalair,"Apple M3",8,"Darwin 27.0.0 arm64","Apple LLVM 21.0.0 (clang-2100.3.34.2)"," -O3 -DNDEBUG",8,100000,pito,owned_delete,ecs_remove_owned,2,0,26,50.940000
aalair,"Apple M3",8,"Darwin 27.0.0 arm64","Apple LLVM 21.0.0 (clang-2100.3.34.2)"," -O3 -DNDEBUG",8,100000,pito,owned_delete,ecs_remove_owned,2,0,27,65.659000
aalair,"Apple M3",8,"Darwin 27.0.0 arm64","Apple LLVM 21.0.0 (clang-2100.3.34.2)"," -O3 -DNDEBUG",8,100000,pito,owned_delete,ecs_remove_owned,2,0,28,67.304000
aalair,"Apple M3",8,"Darwin 27.0.0 arm64","Apple LLVM 21.0.0 (clang-2100.3.34.2)"," -O3 -DNDEBUG",8,100000,pito,owned_delete,ecs_remove_owned,2,0,29,70.405000
aalair,"Apple M3",8,"Darwin 27.0.0 arm64","Apple LLVM 21.0.0 (clang-2100.3.34.2)"," -O3 -DNDEBUG",8,100000,pito,owned_delete,ecs_remove_owned,2,0,30,68.338000
aalair,"Apple M3",8,"Darwin 27.0.0 arm64","Apple LLVM 21.0.0 (clang-2100.3.34.2)"," -O3 -DNDEBUG",8,100000,pito,owned_delete,ecs_remove_owned,2,0,31,70.525000
aalair,"Apple M3",8,"Darwin 27.0.0 arm64","Apple LLVM 21.0.0 (clang-2100.3.34.2)"," -O3 -DNDEBUG",8,100000,pito,owned_delete,ecs_remove_owned,2,0,32,72.457000
aalair,"Apple M3",8,"Darwin 27.0.0 arm64","Apple LLVM 21.0.0 (clang-2100.3.34.2)"," -O3 -DNDEBUG",8,100000,pito,owned_delete,ecs_remove_owned,2,0,33,77.577000
aalair,"Apple M3",8,"Darwin 27.0.0 arm64","Apple LLVM 21.0.0 (clang-2100.3.34.2)"," -O3 -DNDEBUG",8,100000,pito,owned_delete,ecs_remove_owned,2,0,34,75.880000
aalair,"Apple M3",8,"Darwin 27.0.0 arm64","Apple LLVM 21.0.0 (clang-2100.3.34.2)"," -O3 -DNDEBUG",8,100000,pito,owned_delete,ecs_remove_owned,2,0,35,72.077000
aalair,"Apple M3",8,"Darwin 27.0.0 arm64","Apple LLVM 21.0.0 (clang-2100.3.34.2)"," -O3 -DNDEBUG",8,100000,pito,owned_delete,ecs_remove_owned,2,0,36,69.675000
aalair,"Apple M3",8,"Darwin 27.0.0 arm64","Apple LLVM 21.0.0 (clang-2100.3.34.2)"," -O3 -DNDEBUG",8,100000,pito,owned_delete,ecs_remove_owned,2,0,37,58.309000
aalair,"Apple M3",8,"Darwin 27.0.0 arm64","Apple LLVM 21.0.0 (clang-2100.3.34.2)"," -O3 -DNDEBUG",8,100000,pito,owned_delete,ecs_remove_owned,2,0,38,72.606000
aalair,"Apple M3",8,"Darwin 27.0.0 arm64","Apple LLVM 21.0.0 (clang-2100.3.34.2)"," -O3 -DNDEBUG",8,100000,pito,owned_delete,ecs_remove_owned,2,0,39,71.853000
aalair,"Apple M3",8,"Darwin 27.0.0 arm64","Apple LLVM 21.0.0 (clang-2100.3.34.2)"," -O3 -DNDEBUG",8,100000,pito,owned_delete,ecs_remove_owned,2,0,40,65.796000
aalair,"Apple M3",8,"Darwin 27.0.0 arm64","Apple LLVM 21.0.0 (clang-2100.3.34.2)"," -O3 -DNDEBUG",8,100000,pito,owned_delete,ecs_remove_owned,2,0,41,63.120000
aalair,"Apple M3",8,"Darwin 27.0.0 arm64","Apple LLVM 21.0.0 (clang-2100.3.34.2)"," -O3 -DNDEBUG",8,100000,pito,owned_delete,ecs_remove_owned,2,0,42,61.950000
aalair,"Apple M3",8,"Darwin 27.0.0 arm64","Apple LLVM 21.0.0 (clang-2100.3.34.2)"," -O3 -DNDEBUG",8,100000,pito,owned_delete,ecs_remove_owned,2,0,43,65.023000
aalair,"Apple M3",8,"Darwin 27.0.0 arm64","Apple LLVM 21.0.0 (clang-2100.3.34.2)"," -O3 -DNDEBUG",8,100000,pito,owned_delete,ecs_remove_owned,2,0,44,69.667000
aalair,"Apple M3",8,"Darwin 27.0.0 arm64","Apple LLVM 21.0.0 (clang-2100.3.34.2)"," -O3 -DNDEBUG",8,100000,pito,owned_delete,ecs_remove_owned,2,0,45,69.541000
aalair,"Apple M3",8,"Darwin 27.0.0 arm64","Apple LLVM 21.0.0 (clang-2100.3.34.2)"," -O3 -DNDEBUG",8,100000,pito,owned_delete,ecs_remove_owned,2,0,46,51.504000
aalair,"Apple M3",8,"Darwin 27.0.0 arm64","Apple LLVM 21.0.0 (clang-2100.3.34.2)"," -O3 -DNDEBUG",8,100000,pito,owned_delete,ecs_remove_owned,2,0,47,75.684000
aalair,"Apple M3",8,"Darwin 27.0.0 arm64","Apple LLVM 21.0.0 (clang-2100.3.34.2)"," -O3 -DNDEBUG",8,100000,pito,owned_delete,ecs_remove_owned,2,0,48,72.088000
aalair,"Apple M3",8,"Darwin 27.0.0 arm64","Apple LLVM 21.0.0 (clang-2100.3.34.2)"," -O3 -DNDEBUG",8,100000,pito,owned_delete,ecs_remove_owned,2,0,49,53.584000
aalair,"Apple M3",8,"Darwin 27.0.0 arm64","Apple LLVM 21.0.0 (clang-2100.3.34.2)"," -O3 -DNDEBUG",8,100000,pito,owned_delete,ecs_remove_owned,2,0,50,69.632000
aalair,"Apple M3",8,"Darwin 27.0.0 arm64","Apple LLVM 21.0.0 (clang-2100.3.34.2)"," -O3 -DNDEBUG",8,100000,pito,owned_delete,ecs_remove_owned,2,10,1,50.898000
aalair,"Apple M3",8,"Darwin 27.0.0 arm64","Apple LLVM 21.0.0 (clang-2100.3.34.2)"," -O3 -DNDEBUG",8,100000,pito,owned_delete,ecs_remove_owned,2,10,2,51.282000
aalair,"Apple M3",8,"Darwin 27.0.0 arm64","Apple LLVM 21.0.0 (clang-2100.3.34.2)"," -O3 -DNDEBUG",8,100000,pito,owned_delete,ecs_remove_owned,2,10,3,50.990000
aalair,"Apple M3",8,"Darwin 27.0.0 arm64","Apple LLVM 21.0.0 (clang-2100.3.34.2)"," -O3 -DNDEBUG",8,100000,pito,owned_delete,ecs_remove_owned,2,10,4,56.927000
aalair,"Apple M3",8,"Darwin 27.0.0 arm64","Apple LLVM 21.0.0 (clang-2100.3.34.2)"," -O3 -DNDEBUG",8,100000,pito,owned_delete,ecs_remove_owned,2,10,5,65.515000
aalair,"Apple M3",8,"Darwin 27.0.0 arm64","Apple LLVM 21.0.0 (clang-2100.3.34.2)"," -O3 -DNDEBUG",8,100000,pito,owned_delete,ecs_remove_owned,2,10,6,63.343000
aalair,"Apple M3",8,"Darwin 27.0.0 arm64","Apple LLVM 21.0.0 (clang-2100.3.34.2)"," -O3 -DNDEBUG",8,100000,pito,owned_delete,ecs_remove_owned,2,10,7,51.843000
aalair,"Apple M3",8,"Darwin 27.0.0 arm64","Apple LLVM 21.0.0 (clang-2100.3.34.2)"," -O3 -DNDEBUG",8,100000,pito,owned_delete,ecs_remove_owned,2,10,8,61.149000
aalair,"Apple M3",8,"Darwin 27.0.0 arm64","Apple LLVM 21.0.0 (clang-2100.3.34.2)"," -O3 -DNDEBUG",8,100000,pito,owned_delete,ecs_remove_owned,2,10,9,51.131000
aalair,"Apple M3",8,"Darwin 27.0.0 arm64","Apple LLVM 21.0.0 (clang-2100.3.34.2)"," -O3 -DNDEBUG",8,100000,pito,owned_delete,ecs_remove_owned,2,10,10,50.997000
aalair,"Apple M3",8,"Darwin 27.0.0 arm64","Apple LLVM 21.0.0 (clang-2100.3.34.2)"," -O3 -DNDEBUG",8,100000,pito,owned_delete,ecs_remove_owned,2,10,11,51.105000
aalair,"Apple M3",8,"Darwin 27.0.0 arm64","Apple LLVM 21.0.0 (clang-2100.3.34.2)"," -O3 -DNDEBUG",8,100000,pito,owned_delete,ecs_remove_owned,2,10,12,51.131000
aalair,"Apple M3",8,"Darwin 27.0.0 arm64","Apple LLVM 21.0.0 (clang-2100.3.34.2)"," -O3 -DNDEBUG",8,100000,pito,owned_delete,ecs_remove_owned,2,10,13,52.280000
aalair,"Apple M3",8,"Darwin 27.0.0 arm64","Apple LLVM 21.0.0 (clang-2100.3.34.2)"," -O3 -DNDEBUG",8,100000,pito,owned_delete,ecs_remove_owned,2,10,14,56.454000
aalair,"Apple M3",8,"Darwin 27.0.0 arm64","Apple LLVM 21.0.0 (clang-2100.3.34.2)"," -O3 -DNDEBUG",8,100000,pito,owned_delete,ecs_remove_owned,2,10,15,60.649000
aalair,"Apple M3",8,"Darwin 27.0.0 arm64","Apple LLVM 21.0.0 (clang-2100.3.34.2)"," -O3 -DNDEBUG",8,100000,pito,owned_delete,ecs_remove_owned,2,10,16,51.124000
aalair,"Apple M3",8,"Darwin 27.0.0 arm64","Apple LLVM 21.0.0 (clang-2100.3.34.2)"," -O3 -DNDEBUG",8,100000,pito,owned_delete,ecs_remove_owned,2,10,17,63.250000
aalair,"Apple M3",8,"Darwin 27.0.0 arm64","Apple LLVM 21.0.0 (clang-2100.3.34.2)"," -O3 -DNDEBUG",8,100000,pito,owned_delete,ecs_remove_owned,2,10,18,65.013000
aalair,"Apple M3",8,"Darwin 27.0.0 arm64","Apple LLVM 21.0.0 (clang-2100.3.34.2)"," -O3 -DNDEBUG",8,100000,pito,owned_delete,ecs_remove_owned,2,10,19,60.816000
aalair,"Apple M3",8,"Darwin 27.0.0 arm64","Apple LLVM 21.0.0 (clang-2100.3.34.2)"," -O3 -DNDEBUG",8,100000,pito,owned_delete,ecs_remove_owned,2,10,20,53.535000
aalair,"Apple M3",8,"Darwin 27.0.0 arm64","Apple LLVM 21.0.0 (clang-2100.3.34.2)"," -O3 -DNDEBUG",8,100000,pito,owned_delete,ecs_remove_owned,2,10,21,57.092000
aalair,"Apple M3",8,"Darwin 27.0.0 arm64","Apple LLVM 21.0.0 (clang-2100.3.34.2)"," -O3 -DNDEBUG",8,100000,pito,owned_delete,ecs_remove_owned,2,10,22,56.992000
aalair,"Apple M3",8,"Darwin 27.0.0 arm64","Apple LLVM 21.0.0 (clang-2100.3.34.2)"," -O3 -DNDEBUG",8,100000,pito,owned_delete,ecs_remove_owned,2,10,23,61.949000
aalair,"Apple M3",8,"Darwin 27.0.0 arm64","Apple LLVM 21.0.0 (clang-2100.3.34.2)"," -O3 -DNDEBUG",8,100000,pito,owned_delete,ecs_remove_owned,2,10,24,55.958000
aalair,"Apple M3",8,"Darwin 27.0.0 arm64","Apple LLVM 21.0.0 (clang-2100.3.34.2)"," -O3 -DNDEBUG",8,100000,pito,owned_delete,ecs_remove_owned,2,10,25,56.559000
aalair,"Apple M3",8,"Darwin 27.0.0 arm64","Apple LLVM 21.0.0 (clang-2100.3.34.2)"," -O3 -DNDEBUG",8,100000,pito,owned_delete,ecs_remove_owned,2,10,26,57.204000
aalair,"Apple M3",8,"Darwin 27.0.0 arm64","Apple LLVM 21.0.0 (clang-2100.3.34.2)"," -O3 -DNDEBUG",8,100000,pito,owned_delete,ecs_remove_owned,2,10,27,51.133000
aalair,"Apple M3",8,"Darwin 27.0.0 arm64","Apple LLVM 21.0.0 (clang-2100.3.34.2)"," -O3 -DNDEBUG",8,100000,pito,owned_delete,ecs_remove_owned,2,10,28,54.996000
aalair,"Apple M3",8,"Darwin 27.0.0 arm64","Apple LLVM 21.0.0 (clang-2100.3.34.2)"," -O3 -DNDEBUG",8,100000,pito,owned_delete,ecs_remove_owned,2,10,29,44.999000
aalair,"Apple M3",8,"Darwin 27.0.0 arm64","Apple LLVM 21.0.0 (clang-2100.3.34.2)"," -O3 -DNDEBUG",8,100000,pito,owned_delete,ecs_remove_owned,2,10,30,58.361000
aalair,"Apple M3",8,"Darwin 27.0.0 arm64","Apple LLVM 21.0.0 (clang-2100.3.34.2)"," -O3 -DNDEBUG",8,100000,pito,owned_delete,ecs_remove_owned,2,10,31,60.545000
aalair,"Apple M3",8,"Darwin 27.0.0 arm64","Apple LLVM 21.0.0 (clang-2100.3.34.2)"," -O3 -DNDEBUG",8,100000,pito,owned_delete,ecs_remove_owned,2,10,32,61.870000
aalair,"Apple M3",8,"Darwin 27.0.0 arm64","Apple LLVM 21.0.0 (clang-2100.3.34.2)"," -O3 -DNDEBUG",8,100000,pito,owned_delete,ecs_remove_owned,2,10,33,56.333000
aalair,"Apple M3",8,"Darwin 27.0.0 arm64","Apple LLVM 21.0.0 (clang-2100.3.34.2)"," -O3 -DNDEBUG",8,100000,pito,owned_delete,ecs_remove_owned,2,10,34,52.997000
aalair,"Apple M3",8,"Darwin 27.0.0 arm64","Apple LLVM 21.0.0 (clang-2100.3.34.2)"," -O3 -DNDEBUG",8,100000,pito,owned_delete,ecs_remove_owned,2,10,35,51.637000
aalair,"Apple M3",8,"Darwin 27.0.0 arm64","Apple LLVM 21.0.0 (clang-2100.3.34.2)"," -O3 -DNDEBUG",8,100000,pito,owned_delete,ecs_remove_owned,2,10,36,56.911000
aalair,"Apple M3",8,"Darwin 27.0.0 arm64","Apple LLVM 21.0.0 (clang-2100.3.34.2)"," -O3 -DNDEBUG",8,100000,pito,owned_delete,ecs_remove_owned,2,10,37,61.945000
aalair,"Apple M3",8,"Darwin 27.0.0 arm64","Apple LLVM 21.0.0 (clang-2100.3.34.2)"," -O3 -DNDEBUG",8,100000,pito,owned_delete,ecs_remove_owned,2,10,38,67.257000
aalair,"Apple M3",8,"Darwin 27.0.0 arm64","Apple LLVM 21.0.0 (clang-2100.3.34.2)"," -O3 -DNDEBUG",8,100000,pito,owned_delete,ecs_remove_owned,2,10,39,65.356000
aalair,"Apple M3",8,"Darwin 27.0.0 arm64","Apple LLVM 21.0.0 (clang-2100.3.34.2)"," -O3 -DNDEBUG",8,100000,pito,owned_delete,ecs_remove_owned,2,10,40,59.614000
aalair,"Apple M3",8,"Darwin 27.0.0 arm64","Apple LLVM 21.0.0 (clang-2100.3.34.2)"," -O3 -DNDEBUG",8,100000,pito,owned_delete,ecs_remove_owned,2,10,41,51.035000
aalair,"Apple M3",8,"Darwin 27.0.0 arm64","Apple LLVM 21.0.0 (clang-2100.3.34.2)"," -O3 -DNDEBUG",8,100000,pito,owned_delete,ecs_remove_owned,2,10,42,51.123000
aalair,"Apple M3",8,"Darwin 27.0.0 arm64","Apple LLVM 21.0.0 (clang-2100.3.34.2)"," -O3 -DNDEBUG",8,100000,pito,owned_delete,ecs_remove_owned,2,10,43,51.083000
aalair,"Apple M3",8,"Darwin 27.0.0 arm64","Apple LLVM 21.0.0 (clang-2100.3.34.2)"," -O3 -DNDEBUG",8,100000,pito,owned_delete,ecs_remove_owned,2,10,44,51.026000
aalair,"Apple M3",8,"Darwin 27.0.0 arm64","Apple LLVM 21.0.0 (clang-2100.3.34.2)"," -O3 -DNDEBUG",8,100000,pito,owned_delete,ecs_remove_owned,2,10,45,51.129000
aalair,"Apple M3",8,"Darwin 27.0.0 arm64","Apple LLVM 21.0.0 (clang-2100.3.34.2)"," -O3 -DNDEBUG",8,100000,pito,owned_delete,ecs_remove_owned,2,10,46,58.950000
aalair,"Apple M3",8,"Darwin 27.0.0 arm64","Apple LLVM 21.0.0 (clang-2100.3.34.2)"," -O3 -DNDEBUG",8,100000,pito,owned_delete,ecs_remove_owned,2,10,47,51.158000
aalair,"Apple M3",8,"Darwin 27.0.0 arm64","Apple LLVM 21.0.0 (clang-2100.3.34.2)"," -O3 -DNDEBUG",8,100000,pito,owned_delete,ecs_remove_owned,2,10,48,57.885000
aalair,"Apple M3",8,"Darwin 27.0.0 arm64","Apple LLVM 21.0.0 (clang-2100.3.34.2)"," -O3 -DNDEBUG",8,100000,pito,owned_delete,ecs_remove_owned,2,10,49,51.390000
aalair,"Apple M3",8,"Darwin 27.0.0 arm64","Apple LLVM 21.0.0 (clang-2100.3.34.2)"," -O3 -DNDEBUG",8,100000,pito,owned_delete,ecs_remove_owned,2,10,50,61.985000
aalair,"Apple M3",8,"Darwin 27.0.0 arm64","Apple LLVM 21.0.0 (clang-2100.3.34.2)"," -O3 -DNDEBUG",8,100000,pito,owned_delete,ecs_remove_owned,2,10,51,56.706000
aalair,"Apple M3",8,"Darwin 27.0.0 arm64","Apple LLVM 21.0.0 (clang-2100.3.34.2)"," -O3 -DNDEBUG",8,100000,pito,owned_delete,ecs_remove_owned,2,10,52,60.359000
aalair,"Apple M3",8,"Darwin 27.0.0 arm64","Apple LLVM 21.0.0 (clang-2100.3.34.2)"," -O3 -DNDEBUG",8,100000,pito,owned_delete,ecs_remove_owned,2,10,53,51.050000
aalair,"Apple M3",8,"Darwin 27.0.0 arm64","Apple LLVM 21.0.0 (clang-2100.3.34.2)"," -O3 -DNDEBUG",8,100000,pito,owned_delete,ecs_remove_owned,2,10,54,60.089000
aalair,"Apple M3",8,"Darwin 27.0.0 arm64","Apple LLVM 21.0.0 (clang-2100.3.34.2)"," -O3 -DNDEBUG",8,100000,pito,owned_delete,ecs_remove_owned,2,10,55,51.315000
aalair,"Apple M3",8,"Darwin 27.0.0 arm64","Apple LLVM 21.0.0 (clang-2100.3.34.2)"," -O3 -DNDEBUG",8,100000,pito,owned_delete,ecs_remove_owned,2,10,56,63.533000
aalair,"Apple M3",8,"Darwin 27.0.0 arm64","Apple LLVM 21.0.0 (clang-2100.3.34.2)"," -O3 -DNDEBUG",8,100000,pito,owned_delete,ecs_remove_owned,2,10,57,51.642000
aalair,"Apple M3",8,"Darwin 27.0.0 arm64","Apple LLVM 21.0.0 (clang-2100.3.34.2)"," -O3 -DNDEBUG",8,100000,pito,owned_delete,ecs_remove_owned,2,10,58,54.734000
aalair,"Apple M3",8,"Darwin 27.0.0 arm64","Apple LLVM 21.0.0 (clang-2100.3.34.2)"," -O3 -DNDEBUG",8,100000,pito,owned_delete,ecs_remove_owned,2,10,59,51.530000
aalair,"Apple M3",8,"Darwin 27.0.0 arm64","Apple LLVM 21.0.0 (clang-2100.3.34.2)"," -O3 -DNDEBUG",8,100000,pito,owned_delete,ecs_remove_owned,2,10,60,60.318000
aalair,"Apple M3",8,"Darwin 27.0.0 arm64","Apple LLVM 21.0.0 (clang-2100.3.34.2)"," -O3 -DNDEBUG",8,100000,pito,owned_delete,ecs_remove_owned,2,10,61,56.340000
aalair,"Apple M3",8,"Darwin 27.0.0 arm64","Apple LLVM 21.0.0 (clang-2100.3.34.2)"," -O3 -DNDEBUG",8,100000,pito,owned_delete,ecs_remove_owned,2,10,62,51.044000
aalair,"Apple M3",8,"Darwin 27.0.0 arm64","Apple LLVM 21.0.0 (clang-2100.3.34.2)"," -O3 -DNDEBUG",8,100000,pito,owned_delete,ecs_remove_owned,2,10,63,61.027000
aalair,"Apple M3",8,"Darwin 27.0.0 arm64","Apple LLVM 21.0.0 (clang-2100.3.34.2)"," -O3 -DNDEBUG",8,100000,pito,owned_delete,ecs_remove_owned,2,10,64,55.222000
aalair,"Apple M3",8,"Darwin 27.0.0 arm64","Apple LLVM 21.0.0 (clang-2100.3.34.2)"," -O3 -DNDEBUG",8,100000,pito,owned_delete,ecs_remove_owned,2,10,65,51.775000
aalair,"Apple M3",8,"Darwin 27.0.0 arm64","Apple LLVM 21.0.0 (clang-2100.3.34.2)"," -O3 -DNDEBUG",8,100000,pito,owned_delete,ecs_remove_owned,2,10,66,65.299000
aalair,"Apple M3",8,"Darwin 27.0.0 arm64","Apple LLVM 21.0.0 (clang-2100.3.34.2)"," -O3 -DNDEBUG",8,100000,pito,owned_delete,ecs_remove_owned,2,10,67,53.066000
aalair,"Apple M3",8,"Darwin 27.0.0 arm64","Apple LLVM 21.0.0 (clang-2100.3.34.2)"," -O3 -DNDEBUG",8,100000,pito,owned_delete,ecs_remove_owned,2,10,68,61.950000
aalair,"Apple M3",8,"Darwin 27.0.0 arm64","Apple LLVM 21.0.0 (clang-2100.3.34.2)"," -O3 -DNDEBUG",8,100000,pito,owned_delete,ecs_remove_owned,2,10,69,51.135000
aalair,"Apple M3",8,"Darwin 27.0.0 arm64","Apple LLVM 21.0.0 (clang-2100.3.34.2)"," -O3 -DNDEBUG",8,100000,pito,owned_delete,ecs_remove_owned,2,10,70,59.544000
aalair,"Apple M3",8,"Darwin 27.0.0 arm64","Apple LLVM 21.0.0 (clang-2100.3.34.2)"," -O3 -DNDEBUG",8,100000,pito,owned_delete,ecs_remove_owned,2,10,71,51.079000
aalair,"Apple M3",8,"Darwin 27.0.0 arm64","Apple LLVM 21.0.0 (clang-2100.3.34.2)"," -O3 -DNDEBUG",8,100000,pito,owned_delete,ecs_remove_owned,2,10,72,59.742000
aalair,"Apple M3",8,"Darwin 27.0.0 arm64","Apple LLVM 21.0.0 (clang-2100.3.34.2)"," -O3 -DNDEBUG",8,100000,pito,owned_delete,ecs_remove_owned,2,10,73,48.661000
aalair,"Apple M3",8,"Darwin 27.0.0 arm64","Apple LLVM 21.0.0 (clang-2100.3.34.2)"," -O3 -DNDEBUG",8,100000,pito,owned_delete,ecs_remove_owned,2,10,74,60.367000
aalair,"Apple M3",8,"Darwin 27.0.0 arm64","Apple LLVM 21.0.0 (clang-2100.3.34.2)"," -O3 -DNDEBUG",8,100000,pito,owned_delete,ecs_remove_owned,2,10,75,56.167000
aalair,"Apple M3",8,"Darwin 27.0.0 arm64","Apple LLVM 21.0.0 (clang-2100.3.34.2)"," -O3 -DNDEBUG",8,100000,pito,owned_delete,ecs_remove_owned,2,10,76,62.984000
aalair,"Apple M3",8,"Darwin 27.0.0 arm64","Apple LLVM 21.0.0 (clang-2100.3.34.2)"," -O3 -DNDEBUG",8,100000,pito,owned_delete,ecs_remove_owned,2,10,77,58.054000
aalair,"Apple M3",8,"Darwin 27.0.0 arm64","Apple LLVM 21.0.0 (clang-2100.3.34.2)"," -O3 -DNDEBUG",8,100000,pito,owned_delete,ecs_remove_owned,2,10,78,66.736000
aalair,"Apple M3",8,"Darwin 27.0.0 arm64","Apple LLVM 21.0.0 (clang-2100.3.34.2)"," -O3 -DNDEBUG",8,100000,pito,owned_delete,ecs_remove_owned,2,10,79,51.149000
aalair,"Apple M3",8,"Darwin 27.0.0 arm64","Apple LLVM 21.0.0 (clang-2100.3.34.2)"," -O3 -DNDEBUG",8,100000,pito,owned_delete,ecs_remove_owned,2,10,80,56.830000
aalair,"Apple M3",8,"Darwin 27.0.0 arm64","Apple LLVM 21.0.0 (clang-2100.3.34.2)"," -O3 -DNDEBUG",8,100000,pito,owned_delete,ecs_remove_owned,2,10,81,67.586000
aalair,"Apple M3",8,"Darwin 27.0.0 arm64","Apple LLVM 21.0.0 (clang-2100.3.34.2)"," -O3 -DNDEBUG",8,100000,pito,owned_delete,ecs_remove_owned,2,10,82,67.056000
aalair,"Apple M3",8,"Darwin 27.0.0 arm64","Apple LLVM 21.0.0 (clang-2100.3.34.2)"," -O3 -DNDEBUG",8,100000,pito,owned_delete,ecs_remove_owned,2,10,83,66.578000
aalair,"Apple M3",8,"Darwin 27.0.0 arm64","Apple LLVM 21.0.0 (clang-2100.3.34.2)"," -O3 -DNDEBUG",8,100000,pito,owned_delete,ecs_remove_owned,2,10,84,61.721000
aalair,"Apple M3",8,"Darwin 27.0.0 arm64","Apple LLVM 21.0.0 (clang-2100.3.34.2)"," -O3 -DNDEBUG",8,100000,pito,owned_delete,ecs_remove_owned,2,10,85,61.390000
aalair,"Apple M3",8,"Darwin 27.0.0 arm64","Apple LLVM 21.0.0 (clang-2100.3.34.2)"," -O3 -DNDEBUG",8,100000,pito,owned_delete,ecs_remove_owned,2,10,86,67.696000
aalair,"Apple M3",8,"Darwin 27.0.0 arm64","Apple LLVM 21.0.0 (clang-2100.3.34.2)"," -O3 -DNDEBUG",8,100000,pito,owned_delete,ecs_remove_owned,2,10,87,63.693000
aalair,"Apple M3",8,"Darwin 27.0.0 arm64","Apple LLVM 21.0.0 (clang-2100.3.34.2)"," -O3 -DNDEBUG",8,100000,pito,owned_delete,ecs_remove_owned,2,500,1,226.804000
aalair,"Apple M3",8,"Darwin 27.0.0 arm64","Apple LLVM 21.0.0 (clang-2100.3.34.2)"," -O3 -DNDEBUG",8,100000,pito,owned_delete,ecs_remove_owned,2,500,2,204.499000
aalair,"Apple M3",8,"Darwin 27.0.0 arm64","Apple LLVM 21.0.0 (clang-2100.3.34.2)"," -O3 -DNDEBUG",8,100000,pito,owned_delete,ecs_remove_owned,2,500,3,203.848000
aalair,"Apple M3",8,"Darwin 27.0.0 arm64","Apple LLVM 21.0.0 (clang-2100.3.34.2)"," -O3 -DNDEBUG",8,100000,pito,owned_delete,ecs_remove_owned,2,500,4,203.696000
aalair,"Apple M3",8,"Darwin 27.0.0 arm64","Apple LLVM 21.0.0 (clang-2100.3.34.2)"," -O3 -DNDEBUG",8,100000,pito,owned_delete,ecs_remove_owned,2,500,5,217.084000
aalair,"Apple M3",8,"Darwin 27.0.0 arm64","Apple LLVM 21.0.0 (clang-2100.3.34.2)"," -O3 -DNDEBUG",8,100000,pito,owned_delete,ecs_remove_owned,2,500,6,217.001000
aalair,"Apple M3",8,"Darwin 27.0.0 arm64","Apple LLVM 21.0.0 (clang-2100.3.34.2)"," -O3 -DNDEBUG",8,100000,pito,owned_delete,ecs_remove_owned,2,500,7,202.793000
aalair,"Apple M3",8,"Darwin 27.0.0 arm64","Apple LLVM 21.0.0 (clang-2100.3.34.2)"," -O3 -DNDEBUG",8,100000,pito,owned_delete,ecs_remove_owned,2,500,8,202.349000
aalair,"Apple M3",8,"Darwin 27.0.0 arm64","Apple LLVM 21.0.0 (clang-2100.3.34.2)"," -O3 -DNDEBUG",8,100000,pito,owned_delete,ecs_remove_owned,2,500,9,216.288000
aalair,"Apple M3",8,"Darwin 27.0.0 arm64","Apple LLVM 21.0.0 (clang-2100.3.34.2)"," -O3 -DNDEBUG",8,100000,pito,owned_delete,ecs_remove_owned,2,500,10,216.140000
aalair,"Apple M3",8,"Darwin 27.0.0 arm64","Apple LLVM 21.0.0 (clang-2100.3.34.2)"," -O3 -DNDEBUG",8,100000,pito,owned_delete,ecs_remove_owned,2,500,11,214.836000
aalair,"Apple M3",8,"Darwin 27.0.0 arm64","Apple LLVM 21.0.0 (clang-2100.3.34.2)"," -O3 -DNDEBUG",8,100000,pito,owned_delete,ecs_remove_owned,2,500,12,205.174000
aalair,"Apple M3",8,"Darwin 27.0.0 arm64","Apple LLVM 21.0.0 (clang-2100.3.34.2)"," -O3 -DNDEBUG",8,100000,pito,owned_delete,ecs_remove_owned,4,0,1,60.938000
aalair,"Apple M3",8,"Darwin 27.0.0 arm64","Apple LLVM 21.0.0 (clang-2100.3.34.2)"," -O3 -DNDEBUG",8,100000,pito,owned_delete,ecs_remove_owned,4,0,2,60.858000
aalair,"Apple M3",8,"Darwin 27.0.0 arm64","Apple LLVM 21.0.0 (clang-2100.3.34.2)"," -O3 -DNDEBUG",8,100000,pito,owned_delete,ecs_remove_owned,4,0,3,61.835000
aalair,"Apple M3",8,"Darwin 27.0.0 arm64","Apple LLVM 21.0.0 (clang-2100.3.34.2)"," -O3 -DNDEBUG",8,100000,pito,owned_delete,ecs_remove_owned,4,0,4,61.526000
aalair,"Apple M3",8,"Darwin 27.0.0 arm64","Apple LLVM 21.0.0 (clang-2100.3.34.2)"," -O3 -DNDEBUG",8,100000,pito,owned_delete,ecs_remove_owned,4,0,5,60.823000
aalair,"Apple M3",8,"Darwin 27.0.0 arm64","Apple LLVM 21.0.0 (clang-2100.3.34.2)"," -O3 -DNDEBUG",8,100000,pito,owned_delete,ecs_remove_owned,4,0,6,60.819000
aalair,"Apple M3",8,"Darwin 27.0.0 arm64","Apple LLVM 21.0.0 (clang-2100.3.34.2)"," -O3 -DNDEBUG",8,100000,pito,owned_delete,ecs_remove_owned,4,0,7,60.261000
aalair,"Apple M3",8,"Darwin 27.0.0 arm64","Apple LLVM 21.0.0 (clang-2100.3.34.2)"," -O3 -DNDEBUG",8,100000,pito,owned_delete,ecs_remove_owned,4,0,8,60.107000
aalair,"Apple M3",8,"Darwin 27.0.0 arm64","Apple LLVM 21.0.0 (clang-2100.3.34.2)"," -O3 -DNDEBUG",8,100000,pito,owned_delete,ecs_remove_owned,4,0,9,59.420000
aalair,"Apple M3",8,"Darwin 27.0.0 arm64","Apple LLVM 21.0.0 (clang-2100.3.34.2)"," -O3 -DNDEBUG",8,100000,pito,owned_delete,ecs_remove_owned,4,0,10,60.309000
aalair,"Apple M3",8,"Darwin 27.0.0 arm64","Apple LLVM 21.0.0 (clang-2100.3.34.2)"," -O3 -DNDEBUG",8,100000,pito,owned_delete,ecs_remove_owned,4,10,1,64.916000
aalair,"Apple M3",8,"Darwin 27.0.0 arm64","Apple LLVM 21.0.0 (clang-2100.3.34.2)"," -O3 -DNDEBUG",8,100000,pito,owned_delete,ecs_remove_owned,4,10,2,61.353000
aalair,"Apple M3",8,"Darwin 27.0.0 arm64","Apple LLVM 21.0.0 (clang-2100.3.34.2)"," -O3 -DNDEBUG",8,100000,pito,owned_delete,ecs_remove_owned,4,10,3,63.587000
aalair,"Apple M3",8,"Darwin 27.0.0 arm64","Apple LLVM 21.0.0 (clang-2100.3.34.2)"," -O3 -DNDEBUG",8,100000,pito,owned_delete,ecs_remove_owned,4,10,4,61.294000
aalair,"Apple M3",8,"Darwin 27.0.0 arm64","Apple LLVM 21.0.0 (clang-2100.3.34.2)"," -O3 -DNDEBUG",8,100000,pito,owned_delete,ecs_remove_owned,4,10,5,61.972000
aalair,"Apple M3",8,"Darwin 27.0.0 arm64","Apple LLVM 21.0.0 (clang-2100.3.34.2)"," -O3 -DNDEBUG",8,100000,pito,owned_delete,ecs_remove_owned,4,10,6,61.635000
aalair,"Apple M3",8,"Darwin 27.0.0 arm64","Apple LLVM 21.0.0 (clang-2100.3.34.2)"," -O3 -DNDEBUG",8,100000,pito,owned_delete,ecs_remove_owned,4,10,7,60.838000
aalair,"Apple M3",8,"Darwin 27.0.0 arm64","Apple LLVM 21.0.0 (clang-2100.3.34.2)"," -O3 -DNDEBUG",8,100000,pito,owned_delete,ecs_remove_owned,4,10,8,61.253000
aalair,"Apple M3",8,"Darwin 27.0.0 arm64","Apple LLVM 21.0.0 (clang-2100.3.34.2)"," -O3 -DNDEBUG",8,100000,pito,owned_delete,ecs_remove_owned,4,10,9,63.988000
aalair,"Apple M3",8,"Darwin 27.0.0 arm64","Apple LLVM 21.0.0 (clang-2100.3.34.2)"," -O3 -DNDEBUG",8,100000,pito,owned_delete,ecs_remove_owned,4,10,10,65.954000
aalair,"Apple M3",8,"Darwin 27.0.0 arm64","Apple LLVM 21.0.0 (clang-2100.3.34.2)"," -O3 -DNDEBUG",8,100000,pito,owned_delete,ecs_remove_owned,4,10,11,83.511000
aalair,"Apple M3",8,"Darwin 27.0.0 arm64","Apple LLVM 21.0.0 (clang-2100.3.34.2)"," -O3 -DNDEBUG",8,100000,pito,owned_delete,ecs_remove_owned,4,10,12,59.749000
aalair,"Apple M3",8,"Darwin 27.0.0 arm64","Apple LLVM 21.0.0 (clang-2100.3.34.2)"," -O3 -DNDEBUG",8,100000,pito,owned_delete,ecs_remove_owned,4,10,13,61.409000
aalair,"Apple M3",8,"Darwin 27.0.0 arm64","Apple LLVM 21.0.0 (clang-2100.3.34.2)"," -O3 -DNDEBUG",8,100000,pito,owned_delete,ecs_remove_owned,4,10,14,63.746000
aalair,"Apple M3",8,"Darwin 27.0.0 arm64","Apple LLVM 21.0.0 (clang-2100.3.34.2)"," -O3 -DNDEBUG",8,100000,pito,owned_delete,ecs_remove_owned,4,10,15,62.477000
aalair,"Apple M3",8,"Darwin 27.0.0 arm64","Apple LLVM 21.0.0 (clang-2100.3.34.2)"," -O3 -DNDEBUG",8,100000,pito,owned_delete,ecs_remove_owned,4,500,1,111.838000
aalair,"Apple M3",8,"Darwin 27.0.0 arm64","Apple LLVM 21.0.0 (clang-2100.3.34.2)"," -O3 -DNDEBUG",8,100000,pito,owned_delete,ecs_remove_owned,4,500,2,147.888000
aalair,"Apple M3",8,"Darwin 27.0.0 arm64","Apple LLVM 21.0.0 (clang-2100.3.34.2)"," -O3 -DNDEBUG",8,100000,pito,owned_delete,ecs_remove_owned,4,500,3,276.757000
aalair,"Apple M3",8,"Darwin 27.0.0 arm64","Apple LLVM 21.0.0 (clang-2100.3.34.2)"," -O3 -DNDEBUG",8,100000,pito,owned_delete,ecs_remove_owned,4,500,4,132.428000
aalair,"Apple M3",8,"Darwin 27.0.0 arm64","Apple LLVM 21.0.0 (clang-2100.3.34.2)"," -O3 -DNDEBUG",8,100000,pito,owned_delete,ecs_remove_owned,4,500,5,134.176000
aalair,"Apple M3",8,"Darwin 27.0.0 arm64","Apple LLVM 21.0.0 (clang-2100.3.34.2)"," -O3 -DNDEBUG",8,100000,pito,owned_delete,ecs_remove_owned,4,500,6,124.089000
aalair,"Apple M3",8,"Darwin 27.0.0 arm64","Apple LLVM 21.0.0 (clang-2100.3.34.2)"," -O3 -DNDEBUG",8,100000,pito,owned_delete,ecs_remove_owned,4,500,7,158.865000
aalair,"Apple M3",8,"Darwin 27.0.0 arm64","Apple LLVM 21.0.0 (clang-2100.3.34.2)"," -O3 -DNDEBUG",8,100000,pito,owned_delete,ecs_remove_owned,4,500,8,160.118000
aalair,"Apple M3",8,"Darwin 27.0.0 arm64","Apple LLVM 21.0.0 (clang-2100.3.34.2)"," -O3 -DNDEBUG",8,100000,pito,owned_delete,ecs_remove_owned,4,500,9,180.684000
aalair,"Apple M3",8,"Darwin 27.0.0 arm64","Apple LLVM 21.0.0 (clang-2100.3.34.2)"," -O3 -DNDEBUG",8,100000,pito,owned_delete,ecs_remove_owned,4,500,10,113.668000
aalair,"Apple M3",8,"Darwin 27.0.0 arm64","Apple LLVM 21.0.0 (clang-2100.3.34.2)"," -O3 -DNDEBUG",8,100000,pito,owned_delete,ecs_remove_owned,4,500,11,116.965000
aalair,"Apple M3",8,"Darwin 27.0.0 arm64","Apple LLVM 21.0.0 (clang-2100.3.34.2)"," -O3 -DNDEBUG",8,100000,pito,owned_delete,ecs_remove_owned,4,500,12,112.770000
aalair,"Apple M3",8,"Darwin 27.0.0 arm64","Apple LLVM 21.0.0 (clang-2100.3.34.2)"," -O3 -DNDEBUG",8,100000,pito,owned_delete,ecs_remove_owned,4,500,13,111.290000
aalair,"Apple M3",8,"Darwin 27.0.0 arm64","Apple LLVM 21.0.0 (clang-2100.3.34.2)"," -O3 -DNDEBUG",8,100000,pito,owned_delete,ecs_remove_owned,4,500,14,110.915000
aalair,"Apple M3",8,"Darwin 27.0.0 arm64","Apple LLVM 21.0.0 (clang-2100.3.34.2)"," -O3 -DNDEBUG",8,100000,pito,owned_delete,ecs_remove_owned,4,500,15,111.107000
aalair,"Apple M3",8,"Darwin 27.0.0 arm64","Apple LLVM 21.0.0 (clang-2100.3.34.2)"," -O3 -DNDEBUG",8,100000,pito,owned_delete,ecs_remove_owned,4,500,16,111.611000
aalair,"Apple M3",8,"Darwin 27.0.0 arm64","Apple LLVM 21.0.0 (clang-2100.3.34.2)"," -O3 -DNDEBUG",8,100000,pito,owned_delete,ecs_remove_owned,4,500,17,119.230000
aalair,"Apple M3",8,"Darwin 27.0.0 arm64","Apple LLVM 21.0.0 (clang-2100.3.34.2)"," -O3 -DNDEBUG",8,100000,pito,owned_delete,ecs_remove_owned,4,500,18,111.315000
aalair,"Apple M3",8,"Darwin 27.0.0 arm64","Apple LLVM 21.0.0 (clang-2100.3.34.2)"," -O3 -DNDEBUG",8,100000,pito,owned_delete,ecs_remove_owned,4,500,19,112.494000
aalair,"Apple M3",8,"Darwin 27.0.0 arm64","Apple LLVM 21.0.0 (clang-2100.3.34.2)"," -O3 -DNDEBUG",8,100000,pito,owned_delete,ecs_remove_owned,4,500,20,158.328000
aalair,"Apple M3",8,"Darwin 27.0.0 arm64","Apple LLVM 21.0.0 (clang-2100.3.34.2)"," -O3 -DNDEBUG",8,100000,pito,owned_delete,ecs_remove_owned,4,500,21,152.047000
aalair,"Apple M3",8,"Darwin 27.0.0 arm64","Apple LLVM 21.0.0 (clang-2100.3.34.2)"," -O3 -DNDEBUG",8,100000,pito,owned_delete,ecs_remove_owned,4,500,22,137.240000
aalair,"Apple M3",8,"Darwin 27.0.0 arm64","Apple LLVM 21.0.0 (clang-2100.3.34.2)"," -O3 -DNDEBUG",8,100000,pito,owned_delete,ecs_remove_owned,4,500,23,111.371000
aalair,"Apple M3",8,"Darwin 27.0.0 arm64","Apple LLVM 21.0.0 (clang-2100.3.34.2)"," -O3 -DNDEBUG",8,100000,pito,owned_delete,ecs_remove_owned,4,500,24,198.716000
aalair,"Apple M3",8,"Darwin 27.0.0 arm64","Apple LLVM 21.0.0 (clang-2100.3.34.2)"," -O3 -DNDEBUG",8,100000,pito,owned_delete,ecs_remove_owned,4,500,25,119.374000
aalair,"Apple M3",8,"Darwin 27.0.0 arm64","Apple LLVM 21.0.0 (clang-2100.3.34.2)"," -O3 -DNDEBUG",8,100000,pito,owned_delete,ecs_remove_owned,4,500,26,121.759000
aalair,"Apple M3",8,"Darwin 27.0.0 arm64","Apple LLVM 21.0.0 (clang-2100.3.34.2)"," -O3 -DNDEBUG",8,100000,pito,owned_delete,ecs_remove_owned,4,500,27,111.017000
aalair,"Apple M3",8,"Darwin 27.0.0 arm64","Apple LLVM 21.0.0 (clang-2100.3.34.2)"," -O3 -DNDEBUG",8,100000,pito,owned_delete,ecs_remove_owned,4,500,28,113.203000
aalair,"Apple M3",8,"Darwin 27.0.0 arm64","Apple LLVM 21.0.0 (clang-2100.3.34.2)"," -O3 -DNDEBUG",8,100000,pito,owned_delete,ecs_remove_owned,4,500,29,114.804000
aalair,"Apple M3",8,"Darwin 27.0.0 arm64","Apple LLVM 21.0.0 (clang-2100.3.34.2)"," -O3 -DNDEBUG",8,100000,pito,owned_delete,ecs_remove_owned,4,500,30,111.165000
aalair,"Apple M3",8,"Darwin 27.0.0 arm64","Apple LLVM 21.0.0 (clang-2100.3.34.2)"," -O3 -DNDEBUG",8,100000,pito,owned_delete,ecs_remove_owned,4,500,31,112.421000
aalair,"Apple M3",8,"Darwin 27.0.0 arm64","Apple LLVM 21.0.0 (clang-2100.3.34.2)"," -O3 -DNDEBUG",8,100000,pito,owned_delete,ecs_remove_owned,4,500,32,111.095000
aalair,"Apple M3",8,"Darwin 27.0.0 arm64","Apple LLVM 21.0.0 (clang-2100.3.34.2)"," -O3 -DNDEBUG",8,100000,pito,owned_delete,ecs_remove_owned,4,500,33,110.847000
aalair,"Apple M3",8,"Darwin 27.0.0 arm64","Apple LLVM 21.0.0 (clang-2100.3.34.2)"," -O3 -DNDEBUG",8,100000,pito,owned_delete,ecs_remove_owned,4,500,34,111.025000
aalair,"Apple M3",8,"Darwin 27.0.0 arm64","Apple LLVM 21.0.0 (clang-2100.3.34.2)"," -O3 -DNDEBUG",8,100000,pito,owned_delete,ecs_remove_owned,4,500,35,122.575000
aalair,"Apple M3",8,"Darwin 27.0.0 arm64","Apple LLVM 21.0.0 (clang-2100.3.34.2)"," -O3 -DNDEBUG",8,100000,pito,owned_delete,ecs_remove_owned,4,500,36,110.996000
aalair,"Apple M3",8,"Darwin 27.0.0 arm64","Apple LLVM 21.0.0 (clang-2100.3.34.2)"," -O3 -DNDEBUG",8,100000,pito,owned_delete,ecs_remove_owned,4,500,37,111.016000
aalair,"Apple M3",8,"Darwin 27.0.0 arm64","Apple LLVM 21.0.0 (clang-2100.3.34.2)"," -O3 -DNDEBUG",8,100000,pito,owned_delete,ecs_remove_owned,4,500,38,127.043000
aalair,"Apple M3",8,"Darwin 27.0.0 arm64","Apple LLVM 21.0.0 (clang-2100.3.34.2)"," -O3 -DNDEBUG",8,100000,pito,owned_delete,ecs_remove_owned,4,500,39,153.833000
aalair,"Apple M3",8,"Darwin 27.0.0 arm64","Apple LLVM 21.0.0 (clang-2100.3.34.2)"," -O3 -DNDEBUG",8,100000,pito,owned_delete,ecs_remove_owned,4,500,40,122.475000
aalair,"Apple M3",8,"Darwin 27.0.0 arm64","Apple LLVM 21.0.0 (clang-2100.3.34.2)"," -O3 -DNDEBUG",8,100000,pito,owned_delete,ecs_remove_owned,4,500,41,111.100000
aalair,"Apple M3",8,"Darwin 27.0.0 arm64","Apple LLVM 21.0.0 (clang-2100.3.34.2)"," -O3 -DNDEBUG",8,100000,pito,owned_delete,ecs_remove_owned,4,500,42,115.767000
aalair,"Apple M3",8,"Darwin 27.0.0 arm64","Apple LLVM 21.0.0 (clang-2100.3.34.2)"," -O3 -DNDEBUG",8,100000,pito,owned_delete,ecs_remove_owned,4,500,43,112.332000
aalair,"Apple M3",8,"Darwin 27.0.0 arm64","Apple LLVM 21.0.0 (clang-2100.3.34.2)"," -O3 -DNDEBUG",8,100000,pito,owned_delete,ecs_remove_owned,4,500,44,110.971000
aalair,"Apple M3",8,"Darwin 27.0.0 arm64","Apple LLVM 21.0.0 (clang-2100.3.34.2)"," -O3 -DNDEBUG",8,100000,pito,owned_delete,ecs_remove_owned,4,500,45,114.231000
aalair,"Apple M3",8,"Darwin 27.0.0 arm64","Apple LLVM 21.0.0 (clang-2100.3.34.2)"," -O3 -DNDEBUG",8,100000,pito,owned_delete,ecs_remove_owned,4,500,46,113.193000
aalair,"Apple M3",8,"Darwin 27.0.0 arm64","Apple LLVM 21.0.0 (clang-2100.3.34.2)"," -O3 -DNDEBUG",8,100000,pito,owned_delete,ecs_remove_owned,4,500,47,110.899000
aalair,"Apple M3",8,"Darwin 27.0.0 arm64","Apple LLVM 21.0.0 (clang-2100.3.34.2)"," -O3 -DNDEBUG",8,100000,pito,owned_delete,ecs_remove_owned,4,500,48,111.219000
aalair,"Apple M3",8,"Darwin 27.0.0 arm64","Apple LLVM 21.0.0 (clang-2100.3.34.2)"," -O3 -DNDEBUG",8,100000,pito,owned_delete,ecs_remove_owned,4,500,49,111.161000
aalair,"Apple M3",8,"Darwin 27.0.0 arm64","Apple LLVM 21.0.0 (clang-2100.3.34.2)"," -O3 -DNDEBUG",8,100000,pito,owned_delete,ecs_remove_owned,4,500,50,143.410000
aalair,"Apple M3",8,"Darwin 27.0.0 arm64","Apple LLVM 21.0.0 (clang-2100.3.34.2)"," -O3 -DNDEBUG",8,100000,pito,owned_delete,ecs_remove_owned,4,500,51,118.127000
aalair,"Apple M3",8,"Darwin 27.0.0 arm64","Apple LLVM 21.0.0 (clang-2100.3.34.2)"," -O3 -DNDEBUG",8,100000,pito,owned_delete,ecs_remove_owned,4,500,52,118.430000
aalair,"Apple M3",8,"Darwin 27.0.0 arm64","Apple LLVM 21.0.0 (clang-2100.3.34.2)"," -O3 -DNDEBUG",8,100000,pito,owned_delete,ecs_remove_owned,4,500,53,216.728000
aalair,"Apple M3",8,"Darwin 27.0.0 arm64","Apple LLVM 21.0.0 (clang-2100.3.34.2)"," -O3 -DNDEBUG",8,100000,pito,owned_delete,ecs_remove_owned,4,500,54,297.951000
aalair,"Apple M3",8,"Darwin 27.0.0 arm64","Apple LLVM 21.0.0 (clang-2100.3.34.2)"," -O3 -DNDEBUG",8,100000,pito,owned_delete,ecs_remove_owned,4,500,55,121.558000
aalair,"Apple M3",8,"Darwin 27.0.0 arm64","Apple LLVM 21.0.0 (clang-2100.3.34.2)"," -O3 -DNDEBUG",8,100000,pito,owned_delete,ecs_remove_owned,4,500,56,111.128000
aalair,"Apple M3",8,"Darwin 27.0.0 arm64","Apple LLVM 21.0.0 (clang-2100.3.34.2)"," -O3 -DNDEBUG",8,100000,pito,owned_delete,ecs_remove_owned,4,500,57,116.385000
aalair,"Apple M3",8,"Darwin 27.0.0 arm64","Apple LLVM 21.0.0 (clang-2100.3.34.2)"," -O3 -DNDEBUG",8,100000,pito,owned_delete,ecs_remove_owned,4,500,58,128.068000
aalair,"Apple M3",8,"Darwin 27.0.0 arm64","Apple LLVM 21.0.0 (clang-2100.3.34.2)"," -O3 -DNDEBUG",8,100000,pito,owned_delete,ecs_remove_owned,4,500,59,213.274000
aalair,"Apple M3",8,"Darwin 27.0.0 arm64","Apple LLVM 21.0.0 (clang-2100.3.34.2)"," -O3 -DNDEBUG",8,100000,pito,owned_delete,ecs_remove_owned,4,500,60,147.179000
aalair,"Apple M3",8,"Darwin 27.0.0 arm64","Apple LLVM 21.0.0 (clang-2100.3.34.2)"," -O3 -DNDEBUG",8,100000,pito,owned_delete,ecs_remove_owned,4,500,61,203.636000
aalair,"Apple M3",8,"Darwin 27.0.0 arm64","Apple LLVM 21.0.0 (clang-2100.3.34.2)"," -O3 -DNDEBUG",8,100000,pito,owned_delete,ecs_remove_owned,4,500,62,154.655000
aalair,"Apple M3",8,"Darwin 27.0.0 arm64","Apple LLVM 21.0.0 (clang-2100.3.34.2)"," -O3 -DNDEBUG",8,100000,pito,owned_delete,ecs_remove_owned,4,500,63,136.504000
aalair,"Apple M3",8,"Darwin 27.0.0 arm64","Apple LLVM 21.0.0 (clang-2100.3.34.2)"," -O3 -DNDEBUG",8,100000,pito,owned_delete,ecs_remove_owned,4,500,64,154.373000
aalair,"Apple M3",8,"Darwin 27.0.0 arm64","Apple LLVM 21.0.0 (clang-2100.3.34.2)"," -O3 -DNDEBUG",8,100000,pito,owned_delete,ecs_remove_owned,4,500,65,234.875000
aalair,"Apple M3",8,"Darwin 27.0.0 arm64","Apple LLVM 21.0.0 (clang-2100.3.34.2)"," -O3 -DNDEBUG",8,100000,pito,owned_delete,ecs_remove_owned,4,500,66,205.633000
aalair,"Apple M3",8,"Darwin 27.0.0 arm64","Apple LLVM 21.0.0 (clang-2100.3.34.2)"," -O3 -DNDEBUG",8,100000,pito,owned_delete,ecs_remove_owned,4,500,67,173.661000
aalair,"Apple M3",8,"Darwin 27.0.0 arm64","Apple LLVM 21.0.0 (clang-2100.3.34.2)"," -O3 -DNDEBUG",8,100000,pito,owned_delete,ecs_remove_owned,4,500,68,123.559000
aalair,"Apple M3",8,"Darwin 27.0.0 arm64","Apple LLVM 21.0.0 (clang-2100.3.34.2)"," -O3 -DNDEBUG",8,100000,pito,owned_delete,ecs_remove_owned,4,500,69,178.547000
aalair,"Apple M3",8,"Darwin 27.0.0 arm64","Apple LLVM 21.0.0 (clang-2100.3.34.2)"," -O3 -DNDEBUG",8,100000,pito,owned_delete,ecs_remove_owned,4,500,70,130.559000
aalair,"Apple M3",8,"Darwin 27.0.0 arm64","Apple LLVM 21.0.0 (clang-2100.3.34.2)"," -O3 -DNDEBUG",8,100000,pito,owned_delete,ecs_remove_owned,4,500,71,216.124000
aalair,"Apple M3",8,"Darwin 27.0.0 arm64","Apple LLVM 21.0.0 (clang-2100.3.34.2)"," -O3 -DNDEBUG",8,100000,pito,owned_delete,ecs_remove_owned,4,500,72,131.094000
aalair,"Apple M3",8,"Darwin 27.0.0 arm64","Apple LLVM 21.0.0 (clang-2100.3.34.2)"," -O3 -DNDEBUG",8,100000,pito,owned_delete,ecs_remove_owned,4,500,73,119.879000
aalair,"Apple M3",8,"Darwin 27.0.0 arm64","Apple LLVM 21.0.0 (clang-2100.3.34.2)"," -O3 -DNDEBUG",8,100000,pito,owned_delete,ecs_remove_owned,4,500,74,116.714000
aalair,"Apple M3",8,"Darwin 27.0.0 arm64","Apple LLVM 21.0.0 (clang-2100.3.34.2)"," -O3 -DNDEBUG",8,100000,pito,owned_delete,ecs_remove_owned,4,500,75,160.314000
aalair,"Apple M3",8,"Darwin 27.0.0 arm64","Apple LLVM 21.0.0 (clang-2100.3.34.2)"," -O3 -DNDEBUG",8,100000,pito,owned_delete,ecs_remove_owned,4,500,76,125.711000
aalair,"Apple M3",8,"Darwin 27.0.0 arm64","Apple LLVM 21.0.0 (clang-2100.3.34.2)"," -O3 -DNDEBUG",8,100000,pito,owned_delete,ecs_remove_owned,4,500,77,119.823000
aalair,"Apple M3",8,"Darwin 27.0.0 arm64","Apple LLVM 21.0.0 (clang-2100.3.34.2)"," -O3 -DNDEBUG",8,100000,pito,owned_delete,ecs_remove_owned,4,500,78,132.609000
aalair,"Apple M3",8,"Darwin 27.0.0 arm64","Apple LLVM 21.0.0 (clang-2100.3.34.2)"," -O3 -DNDEBUG",8,100000,pito,owned_delete,ecs_remove_owned,4,500,79,180.596000
aalair,"Apple M3",8,"Darwin 27.0.0 arm64","Apple LLVM 21.0.0 (clang-2100.3.34.2)"," -O3 -DNDEBUG",8,100000,pito,owned_delete,ecs_remove_owned,4,500,80,196.523000
aalair,"Apple M3",8,"Darwin 27.0.0 arm64","Apple LLVM 21.0.0 (clang-2100.3.34.2)"," -O3 -DNDEBUG",8,100000,pito,owned_delete,ecs_remove_owned,4,500,81,211.258000
aalair,"Apple M3",8,"Darwin 27.0.0 arm64","Apple LLVM 21.0.0 (clang-2100.3.34.2)"," -O3 -DNDEBUG",8,100000,pito,owned_delete,ecs_remove_owned,4,500,82,114.006000
aalair,"Apple M3",8,"Darwin 27.0.0 arm64","Apple LLVM 21.0.0 (clang-2100.3.34.2)"," -O3 -DNDEBUG",8,100000,pito,owned_delete,ecs_remove_owned,4,500,83,111.012000
aalair,"Apple M3",8,"Darwin 27.0.0 arm64","Apple LLVM 21.0.0 (clang-2100.3.34.2)"," -O3 -DNDEBUG",8,100000,pito,owned_delete,ecs_remove_owned,4,500,84,114.695000
aalair,"Apple M3",8,"Darwin 27.0.0 arm64","Apple LLVM 21.0.0 (clang-2100.3.34.2)"," -O3 -DNDEBUG",8,100000,pito,owned_delete,ecs_remove_owned,4,500,85,111.420000
aalair,"Apple M3",8,"Darwin 27.0.0 arm64","Apple LLVM 21.0.0 (clang-2100.3.34.2)"," -O3 -DNDEBUG",8,100000,pito,owned_delete,ecs_remove_owned,4,500,86,111.098000
aalair,"Apple M3",8,"Darwin 27.0.0 arm64","Apple LLVM 21.0.0 (clang-2100.3.34.2)"," -O3 -DNDEBUG",8,100000,pito,owned_delete,ecs_remove_owned,4,500,87,111.071000
aalair,"Apple M3",8,"Darwin 27.0.0 arm64","Apple LLVM 21.0.0 (clang-2100.3.34.2)"," -O3 -DNDEBUG",8,100000,pito,owned_delete,ecs_remove_owned,4,500,88,111.091000
aalair,"Apple M3",8,"Darwin 27.0.0 arm64","Apple LLVM 21.0.0 (clang-2100.3.34.2)"," -O3 -DNDEBUG",8,100000,pito,owned_delete,ecs_remove_owned,4,500,89,111.111000
aalair,"Apple M3",8,"Darwin 27.0.0 arm64","Apple LLVM 21.0.0 (clang-2100.3.34.2)"," -O3 -DNDEBUG",8,100000,pito,owned_delete,ecs_remove_owned,4,500,90,111.088000
aalair,"Apple M3",8,"Darwin 27.0.0 arm64","Apple LLVM 21.0.0 (clang-2100.3.34.2)"," -O3 -DNDEBUG",8,100000,pito,owned_delete,ecs_remove_owned,4,500,91,113.501000
aalair,"Apple M3",8,"Darwin 27.0.0 arm64","Apple LLVM 21.0.0 (clang-2100.3.34.2)"," -O3 -DNDEBUG",8,100000,pito,owned_delete,ecs_remove_owned,4,500,92,111.102000
aalair,"Apple M3",8,"Darwin 27.0.0 arm64","Apple LLVM 21.0.0 (clang-2100.3.34.2)"," -O3 -DNDEBUG",8,100000,pito,owned_delete,ecs_remove_owned,4,500,93,111.931000
aalair,"Apple M3",8,"Darwin 27.0.0 arm64","Apple LLVM 21.0.0 (clang-2100.3.34.2)"," -O3 -DNDEBUG",8,100000,pito,owned_delete,ecs_remove_owned,8,0,1,74.985000
aalair,"Apple M3",8,"Darwin 27.0.0 arm64","Apple LLVM 21.0.0 (clang-2100.3.34.2)"," -O3 -DNDEBUG",8,100000,pito,owned_delete,ecs_remove_owned,8,0,2,75.737000
aalair,"Apple M3",8,"Darwin 27.0.0 arm64","Apple LLVM 21.0.0 (clang-2100.3.34.2)"," -O3 -DNDEBUG",8,100000,pito,owned_delete,ecs_remove_owned,8,0,3,80.959000
aalair,"Apple M3",8,"Darwin 27.0.0 arm64","Apple LLVM 21.0.0 (clang-2100.3.34.2)"," -O3 -DNDEBUG",8,100000,pito,owned_delete,ecs_remove_owned,8,0,4,74.568000
aalair,"Apple M3",8,"Darwin 27.0.0 arm64","Apple LLVM 21.0.0 (clang-2100.3.34.2)"," -O3 -DNDEBUG",8,100000,pito,owned_delete,ecs_remove_owned,8,0,5,76.714000
aalair,"Apple M3",8,"Darwin 27.0.0 arm64","Apple LLVM 21.0.0 (clang-2100.3.34.2)"," -O3 -DNDEBUG",8,100000,pito,owned_delete,ecs_remove_owned,8,0,6,74.583000
aalair,"Apple M3",8,"Darwin 27.0.0 arm64","Apple LLVM 21.0.0 (clang-2100.3.34.2)"," -O3 -DNDEBUG",8,100000,pito,owned_delete,ecs_remove_owned,8,0,7,73.699000
aalair,"Apple M3",8,"Darwin 27.0.0 arm64","Apple LLVM 21.0.0 (clang-2100.3.34.2)"," -O3 -DNDEBUG",8,100000,pito,owned_delete,ecs_remove_owned,8,0,8,75.124000
aalair,"Apple M3",8,"Darwin 27.0.0 arm64","Apple LLVM 21.0.0 (clang-2100.3.34.2)"," -O3 -DNDEBUG",8,100000,pito,owned_delete,ecs_remove_owned,8,0,9,74.272000
aalair,"Apple M3",8,"Darwin 27.0.0 arm64","Apple LLVM 21.0.0 (clang-2100.3.34.2)"," -O3 -DNDEBUG",8,100000,pito,owned_delete,ecs_remove_owned,8,0,10,74.208000
aalair,"Apple M3",8,"Darwin 27.0.0 arm64","Apple LLVM 21.0.0 (clang-2100.3.34.2)"," -O3 -DNDEBUG",8,100000,pito,owned_delete,ecs_remove_owned,8,0,11,75.018000
aalair,"Apple M3",8,"Darwin 27.0.0 arm64","Apple LLVM 21.0.0 (clang-2100.3.34.2)"," -O3 -DNDEBUG",8,100000,pito,owned_delete,ecs_remove_owned,8,10,1,81.159000
aalair,"Apple M3",8,"Darwin 27.0.0 arm64","Apple LLVM 21.0.0 (clang-2100.3.34.2)"," -O3 -DNDEBUG",8,100000,pito,owned_delete,ecs_remove_owned,8,10,2,90.512000
aalair,"Apple M3",8,"Darwin 27.0.0 arm64","Apple LLVM 21.0.0 (clang-2100.3.34.2)"," -O3 -DNDEBUG",8,100000,pito,owned_delete,ecs_remove_owned,8,10,3,82.608000
aalair,"Apple M3",8,"Darwin 27.0.0 arm64","Apple LLVM 21.0.0 (clang-2100.3.34.2)"," -O3 -DNDEBUG",8,100000,pito,owned_delete,ecs_remove_owned,8,10,4,81.825000
aalair,"Apple M3",8,"Darwin 27.0.0 arm64","Apple LLVM 21.0.0 (clang-2100.3.34.2)"," -O3 -DNDEBUG",8,100000,pito,owned_delete,ecs_remove_owned,8,10,5,79.175000
aalair,"Apple M3",8,"Darwin 27.0.0 arm64","Apple LLVM 21.0.0 (clang-2100.3.34.2)"," -O3 -DNDEBUG",8,100000,pito,owned_delete,ecs_remove_owned,8,10,6,82.559000
aalair,"Apple M3",8,"Darwin 27.0.0 arm64","Apple LLVM 21.0.0 (clang-2100.3.34.2)"," -O3 -DNDEBUG",8,100000,pito,owned_delete,ecs_remove_owned,8,10,7,111.961000
aalair,"Apple M3",8,"Darwin 27.0.0 arm64","Apple LLVM 21.0.0 (clang-2100.3.34.2)"," -O3 -DNDEBUG",8,100000,pito,owned_delete,ecs_remove_owned,8,10,8,78.416000
aalair,"Apple M3",8,"Darwin 27.0.0 arm64","Apple LLVM 21.0.0 (clang-2100.3.34.2)"," -O3 -DNDEBUG",8,100000,pito,owned_delete,ecs_remove_owned,8,10,9,94.802000
aalair,"Apple M3",8,"Darwin 27.0.0 arm64","Apple LLVM 21.0.0 (clang-2100.3.34.2)"," -O3 -DNDEBUG",8,100000,pito,owned_delete,ecs_remove_owned,8,10,10,84.329000
aalair,"Apple M3",8,"Darwin 27.0.0 arm64","Apple LLVM 21.0.0 (clang-2100.3.34.2)"," -O3 -DNDEBUG",8,100000,pito,owned_delete,ecs_remove_owned,8,10,11,84.650000
aalair,"Apple M3",8,"Darwin 27.0.0 arm64","Apple LLVM 21.0.0 (clang-2100.3.34.2)"," -O3 -DNDEBUG",8,100000,pito,owned_delete,ecs_remove_owned,8,10,12,82.681000
aalair,"Apple M3",8,"Darwin 27.0.0 arm64","Apple LLVM 21.0.0 (clang-2100.3.34.2)"," -O3 -DNDEBUG",8,100000,pito,owned_delete,ecs_remove_owned,8,10,13,83.545000
aalair,"Apple M3",8,"Darwin 27.0.0 arm64","Apple LLVM 21.0.0 (clang-2100.3.34.2)"," -O3 -DNDEBUG",8,100000,pito,owned_delete,ecs_remove_owned,8,10,14,80.983000
aalair,"Apple M3",8,"Darwin 27.0.0 arm64","Apple LLVM 21.0.0 (clang-2100.3.34.2)"," -O3 -DNDEBUG",8,100000,pito,owned_delete,ecs_remove_owned,8,10,15,81.877000
aalair,"Apple M3",8,"Darwin 27.0.0 arm64","Apple LLVM 21.0.0 (clang-2100.3.34.2)"," -O3 -DNDEBUG",8,100000,pito,owned_delete,ecs_remove_owned,8,10,16,82.680000
aalair,"Apple M3",8,"Darwin 27.0.0 arm64","Apple LLVM 21.0.0 (clang-2100.3.34.2)"," -O3 -DNDEBUG",8,100000,pito,owned_delete,ecs_remove_owned,8,500,1,359.182000
aalair,"Apple M3",8,"Darwin 27.0.0 arm64","Apple LLVM 21.0.0 (clang-2100.3.34.2)"," -O3 -DNDEBUG",8,100000,pito,owned_delete,ecs_remove_owned,8,500,2,391.788000
aalair,"Apple M3",8,"Darwin 27.0.0 arm64","Apple LLVM 21.0.0 (clang-2100.3.34.2)"," -O3 -DNDEBUG",8,100000,pito,owned_delete,ecs_remove_owned,8,500,3,338.809000
aalair,"Apple M3",8,"Darwin 27.0.0 arm64","Apple LLVM 21.0.0 (clang-2100.3.34.2)"," -O3 -DNDEBUG",8,100000,pito,owned_delete,ecs_remove_owned,8,500,4,348.208000
aalair,"Apple M3",8,"Darwin 27.0.0 arm64","Apple LLVM 21.0.0 (clang-2100.3.34.2)"," -O3 -DNDEBUG",8,100000,pito,owned_delete,ecs_remove_owned,8,500,5,347.981000
aalair,"Apple M3",8,"Darwin 27.0.0 arm64","Apple LLVM 21.0.0 (clang-2100.3.34.2)"," -O3 -DNDEBUG",8,100000,pito,owned_delete,ecs_remove_owned,8,500,6,396.409000
aalair,"Apple M3",8,"Darwin 27.0.0 arm64","Apple LLVM 21.0.0 (clang-2100.3.34.2)"," -O3 -DNDEBUG",8,100000,pito,owned_delete,ecs_remove_owned,8,500,7,406.566000
aalair,"Apple M3",8,"Darwin 27.0.0 arm64","Apple LLVM 21.0.0 (clang-2100.3.34.2)"," -O3 -DNDEBUG",8,100000,pito,owned_delete,ecs_remove_owned,8,500,8,357.469000
aalair,"Apple M3",8,"Darwin 27.0.0 arm64","Apple LLVM 21.0.0 (clang-2100.3.34.2)"," -O3 -DNDEBUG",8,100000,pito,owned_delete,ecs_remove_owned,8,500,9,340.034000
aalair,"Apple M3",8,"Darwin 27.0.0 arm64","Apple LLVM 21.0.0 (clang-2100.3.34.2)"," -O3 -DNDEBUG",8,100000,pito,owned_delete,ecs_remove_owned,8,500,10,349.649000
aalair,"Apple M3",8,"Darwin 27.0.0 arm64","Apple LLVM 21.0.0 (clang-2100.3.34.2)"," -O3 -DNDEBUG",8,100000,pito,owned_delete,ecs_remove_owned,8,500,11,356.974000
aalair,"Apple M3",8,"Darwin 27.0.0 arm64","Apple LLVM 21.0.0 (clang-2100.3.34.2)"," -O3 -DNDEBUG",8,100000,pito,owned_delete,ecs_remove_owned,8,500,12,373.501000
aalair,"Apple M3",8,"Darwin 27.0.0 arm64","Apple LLVM 21.0.0 (clang-2100.3.34.2)"," -O3 -DNDEBUG",8,100000,pito,owned_delete,ecs_remove_owned,8,500,13,337.142000
aalair,"Apple M3",8,"Darwin 27.0.0 arm64","Apple LLVM 21.0.0 (clang-2100.3.34.2)"," -O3 -DNDEBUG",8,100000,pito,owned_delete,ecs_remove_owned,8,500,14,356.039000
aalair,"Apple M3",8,"Darwin 27.0.0 arm64","Apple LLVM 21.0.0 (clang-2100.3.34.2)"," -O3 -DNDEBUG",8,100000,pito,owned_delete,ecs_remove_owned,8,500,15,353.715000
aalair,"Apple M3",8,"Darwin 27.0.0 arm64","Apple LLVM 21.0.0 (clang-2100.3.34.2)"," -O3 -DNDEBUG",8,100000,pito,owned_delete,ecs_remove_owned,8,500,16,443.144000
aalair,"Apple M3",8,"Darwin 27.0.0 arm64","Apple LLVM 21.0.0 (clang-2100.3.34.2)"," -O3 -DNDEBUG",8,100000,pito,owned_delete,ecs_remove_owned,8,500,17,363.446000
aalair,"Apple M3",8,"Darwin 27.0.0 arm64","Apple LLVM 21.0.0 (clang-2100.3.34.2)"," -O3 -DNDEBUG",8,100000,pito,owned_delete,ecs_remove_owned,8,500,18,345.840000
aalair,"Apple M3",8,"Darwin 27.0.0 arm64","Apple LLVM 21.0.0 (clang-2100.3.34.2)"," -O3 -DNDEBUG",8,100000,pito,owned_delete,ecs_remove_owned,8,500,19,340.571000
aalair,"Apple M3",8,"Darwin 27.0.0 arm64","Apple LLVM 21.0.0 (clang-2100.3.34.2)"," -O3 -DNDEBUG -DPITO_ECS_OWNED_DELETE_ATOMIC=1",8,100000,pito,owned_delete,ecs_remove_owned,1,0,1,10.999000
aalair,"Apple M3",8,"Darwin 27.0.0 arm64","Apple LLVM 21.0.0 (clang-2100.3.34.2)"," -O3 -DNDEBUG -DPITO_ECS_OWNED_DELETE_ATOMIC=1",8,100000,pito,owned_delete,ecs_remove_owned,1,0,2,10.974000
aalair,"Apple M3",8,"Darwin 27.0.0 arm64","Apple LLVM 21.0.0 (clang-2100.3.34.2)"," -O3 -DNDEBUG -DPITO_ECS_OWNED_DELETE_ATOMIC=1",8,100000,pito,owned_delete,ecs_remove_owned,1,0,3,10.907000
aalair,"Apple M3",8,"Darwin 27.0.0 arm64","Apple LLVM 21.0.0 (clang-2100.3.34.2)"," -O3 -DNDEBUG -DPITO_ECS_OWNED_DELETE_ATOMIC=1",8,100000,pito,owned_delete,ecs_remove_owned,1,0,4,10.942000
aalair,"Apple M3",8,"Darwin 27.0.0 arm64","Apple LLVM 21.0.0 (clang-2100.3.34.2)"," -O3 -DNDEBUG -DPITO_ECS_OWNED_DELETE_ATOMIC=1",8,100000,pito,owned_delete,ecs_remove_owned,1,0,5,10.885000
aalair,"Apple M3",8,"Darwin 27.0.0 arm64","Apple LLVM 21.0.0 (clang-2100.3.34.2)"," -O3 -DNDEBUG -DPITO_ECS_OWNED_DELETE_ATOMIC=1",8,100000,pito,owned_delete,ecs_remove_owned,1,0,6,11.143000
aalair,"Apple M3",8,"Darwin 27.0.0 arm64","Apple LLVM 21.0.0 (clang-2100.3.34.2)"," -O3 -DNDEBUG -DPITO_ECS_OWNED_DELETE_ATOMIC=1",8,100000,pito,owned_delete,ecs_remove_owned,1,0,7,11.039000
aalair,"Apple M3",8,"Darwin 27.0.0 arm64","Apple LLVM 21.0.0 (clang-2100.3.34.2)"," -O3 -DNDEBUG -DPITO_ECS_OWNED_DELETE_ATOMIC=1",8,100000,pito,owned_delete,ecs_remove_owned,1,0,8,10.891000
aalair,"Apple M3",8,"Darwin 27.0.0 arm64","Apple LLVM 21.0.0 (clang-2100.3.34.2)"," -O3 -DNDEBUG -DPITO_ECS_OWNED_DELETE_ATOMIC=1",8,100000,pito,owned_delete,ecs_remove_owned,1,0,9,10.896000
aalair,"Apple M3",8,"Darwin 27.0.0 arm64","Apple LLVM 21.0.0 (clang-2100.3.34.2)"," -O3 -DNDEBUG -DPITO_ECS_OWNED_DELETE_ATOMIC=1",8,100000,pito,owned_delete,ecs_remove_owned,1,0,10,11.225000
aalair,"Apple M3",8,"Darwin 27.0.0 arm64","Apple LLVM 21.0.0 (clang-2100.3.34.2)"," -O3 -DNDEBUG -DPITO_ECS_OWNED_DELETE_ATOMIC=1",8,100000,pito,owned_delete,ecs_remove_owned,1,10,1,14.909000
aalair,"Apple M3",8,"Darwin 27.0.0 arm64","Apple LLVM 21.0.0 (clang-2100.3.34.2)"," -O3 -DNDEBUG -DPITO_ECS_OWNED_DELETE_ATOMIC=1",8,100000,pito,owned_delete,ecs_remove_owned,1,10,2,13.851000
aalair,"Apple M3",8,"Darwin 27.0.0 arm64","Apple LLVM 21.0.0 (clang-2100.3.34.2)"," -O3 -DNDEBUG -DPITO_ECS_OWNED_DELETE_ATOMIC=1",8,100000,pito,owned_delete,ecs_remove_owned,1,10,3,13.980000
aalair,"Apple M3",8,"Darwin 27.0.0 arm64","Apple LLVM 21.0.0 (clang-2100.3.34.2)"," -O3 -DNDEBUG -DPITO_ECS_OWNED_DELETE_ATOMIC=1",8,100000,pito,owned_delete,ecs_remove_owned,1,10,4,14.148000
aalair,"Apple M3",8,"Darwin 27.0.0 arm64","Apple LLVM 21.0.0 (clang-2100.3.34.2)"," -O3 -DNDEBUG -DPITO_ECS_OWNED_DELETE_ATOMIC=1",8,100000,pito,owned_delete,ecs_remove_owned,1,10,5,13.597000
aalair,"Apple M3",8,"Darwin 27.0.0 arm64","Apple LLVM 21.0.0 (clang-2100.3.34.2)"," -O3 -DNDEBUG -DPITO_ECS_OWNED_DELETE_ATOMIC=1",8,100000,pito,owned_delete,ecs_remove_owned,1,10,6,13.592000
aalair,"Apple M3",8,"Darwin 27.0.0 arm64","Apple LLVM 21.0.0 (clang-2100.3.34.2)"," -O3 -DNDEBUG -DPITO_ECS_OWNED_DELETE_ATOMIC=1",8,100000,pito,owned_delete,ecs_remove_owned,1,10,7,13.695000
aalair,"Apple M3",8,"Darwin 27.0.0 arm64","Apple LLVM 21.0.0 (clang-2100.3.34.2)"," -O3 -DNDEBUG -DPITO_ECS_OWNED_DELETE_ATOMIC=1",8,100000,pito,owned_delete,ecs_remove_owned,1,10,8,13.549000
aalair,"Apple M3",8,"Darwin 27.0.0 arm64","Apple LLVM 21.0.0 (clang-2100.3.34.2)"," -O3 -DNDEBUG -DPITO_ECS_OWNED_DELETE_ATOMIC=1",8,100000,pito,owned_delete,ecs_remove_owned,1,10,9,15.536000
aalair,"Apple M3",8,"Darwin 27.0.0 arm64","Apple LLVM 21.0.0 (clang-2100.3.34.2)"," -O3 -DNDEBUG -DPITO_ECS_OWNED_DELETE_ATOMIC=1",8,100000,pito,owned_delete,ecs_remove_owned,1,10,10,14.137000
aalair,"Apple M3",8,"Darwin 27.0.0 arm64","Apple LLVM 21.0.0 (clang-2100.3.34.2)"," -O3 -DNDEBUG -DPITO_ECS_OWNED_DELETE_ATOMIC=1",8,100000,pito,owned_delete,ecs_remove_owned,1,10,11,13.823000
aalair,"Apple M3",8,"Darwin 27.0.0 arm64","Apple LLVM 21.0.0 (clang-2100.3.34.2)"," -O3 -DNDEBUG -DPITO_ECS_OWNED_DELETE_ATOMIC=1",8,100000,pito,owned_delete,ecs_remove_owned,1,10,12,14.378000
aalair,"Apple M3",8,"Darwin 27.0.0 arm64","Apple LLVM 21.0.0 (clang-2100.3.34.2)"," -O3 -DNDEBUG -DPITO_ECS_OWNED_DELETE_ATOMIC=1",8,100000,pito,owned_delete,ecs_remove_owned,1,10,13,14.399000
aalair,"Apple M3",8,"Darwin 27.0.0 arm64","Apple LLVM 21.0.0 (clang-2100.3.34.2)"," -O3 -DNDEBUG -DPITO_ECS_OWNED_DELETE_ATOMIC=1",8,100000,pito,owned_delete,ecs_remove_owned,1,10,14,14.770000
aalair,"Apple M3",8,"Darwin 27.0.0 arm64","Apple LLVM 21.0.0 (clang-2100.3.34.2)"," -O3 -DNDEBUG -DPITO_ECS_OWNED_DELETE_ATOMIC=1",8,100000,pito,owned_delete,ecs_remove_owned,1,10,15,13.666000
aalair,"Apple M3",8,"Darwin 27.0.0 arm64","Apple LLVM 21.0.0 (clang-2100.3.34.2)"," -O3 -DNDEBUG -DPITO_ECS_OWNED_DELETE_ATOMIC=1",8,100000,pito,owned_delete,ecs_remove_owned,1,10,16,13.583000
aalair,"Apple M3",8,"Darwin 27.0.0 arm64","Apple LLVM 21.0.0 (clang-2100.3.34.2)"," -O3 -DNDEBUG -DPITO_ECS_OWNED_DELETE_ATOMIC=1",8,100000,pito,owned_delete,ecs_remove_owned,1,500,1,404.668000
aalair,"Apple M3",8,"Darwin 27.0.0 arm64","Apple LLVM 21.0.0 (clang-2100.3.34.2)"," -O3 -DNDEBUG -DPITO_ECS_OWNED_DELETE_ATOMIC=1",8,100000,pito,owned_delete,ecs_remove_owned,1,500,2,393.768000
aalair,"Apple M3",8,"Darwin 27.0.0 arm64","Apple LLVM 21.0.0 (clang-2100.3.34.2)"," -O3 -DNDEBUG -DPITO_ECS_OWNED_DELETE_ATOMIC=1",8,100000,pito,owned_delete,ecs_remove_owned,1,500,3,390.886000
aalair,"Apple M3",8,"Darwin 27.0.0 arm64","Apple LLVM 21.0.0 (clang-2100.3.34.2)"," -O3 -DNDEBUG -DPITO_ECS_OWNED_DELETE_ATOMIC=1",8,100000,pito,owned_delete,ecs_remove_owned,1,500,4,387.827000
aalair,"Apple M3",8,"Darwin 27.0.0 arm64","Apple LLVM 21.0.0 (clang-2100.3.34.2)"," -O3 -DNDEBUG -DPITO_ECS_OWNED_DELETE_ATOMIC=1",8,100000,pito,owned_delete,ecs_remove_owned,1,500,5,441.594000
aalair,"Apple M3",8,"Darwin 27.0.0 arm64","Apple LLVM 21.0.0 (clang-2100.3.34.2)"," -O3 -DNDEBUG -DPITO_ECS_OWNED_DELETE_ATOMIC=1",8,100000,pito,owned_delete,ecs_remove_owned,1,500,6,375.417000
aalair,"Apple M3",8,"Darwin 27.0.0 arm64","Apple LLVM 21.0.0 (clang-2100.3.34.2)"," -O3 -DNDEBUG -DPITO_ECS_OWNED_DELETE_ATOMIC=1",8,100000,pito,owned_delete,ecs_remove_owned,1,500,7,380.978000
aalair,"Apple M3",8,"Darwin 27.0.0 arm64","Apple LLVM 21.0.0 (clang-2100.3.34.2)"," -O3 -DNDEBUG -DPITO_ECS_OWNED_DELETE_ATOMIC=1",8,100000,pito,owned_delete,ecs_remove_owned,1,500,8,372.953000
aalair,"Apple M3",8,"Darwin 27.0.0 arm64","Apple LLVM 21.0.0 (clang-2100.3.34.2)"," -O3 -DNDEBUG -DPITO_ECS_OWNED_DELETE_ATOMIC=1",8,100000,pito,owned_delete,ecs_remove_owned,1,500,9,371.432000
aalair,"Apple M3",8,"Darwin 27.0.0 arm64","Apple LLVM 21.0.0 (clang-2100.3.34.2)"," -O3 -DNDEBUG -DPITO_ECS_OWNED_DELETE_ATOMIC=1",8,100000,pito,owned_delete,ecs_remove_owned,1,500,10,372.290000
aalair,"Apple M3",8,"Darwin 27.0.0 arm64","Apple LLVM 21.0.0 (clang-2100.3.34.2)"," -O3 -DNDEBUG -DPITO_ECS_OWNED_DELETE_ATOMIC=1",8,100000,pito,owned_delete,ecs_remove_owned,1,500,11,368.387000
aalair,"Apple M3",8,"Darwin 27.0.0 arm64","Apple LLVM 21.0.0 (clang-2100.3.34.2)"," -O3 -DNDEBUG -DPITO_ECS_OWNED_DELETE_ATOMIC=1",8,100000,pito,owned_delete,ecs_remove_owned,1,500,12,369.252000
aalair,"Apple M3",8,"Darwin 27.0.0 arm64","Apple LLVM 21.0.0 (clang-2100.3.34.2)"," -O3 -DNDEBUG -DPITO_ECS_OWNED_DELETE_ATOMIC=1",8,100000,pito,owned_delete,ecs_remove_owned,1,500,13,385.584000
aalair,"Apple M3",8,"Darwin 27.0.0 arm64","Apple LLVM 21.0.0 (clang-2100.3.34.2)"," -O3 -DNDEBUG -DPITO_ECS_OWNED_DELETE_ATOMIC=1",8,100000,pito,owned_delete,ecs_remove_owned,1,500,14,370.184000
aalair,"Apple M3",8,"Darwin 27.0.0 arm64","Apple LLVM 21.0.0 (clang-2100.3.34.2)"," -O3 -DNDEBUG -DPITO_ECS_OWNED_DELETE_ATOMIC=1",8,100000,pito,owned_delete,ecs_remove_owned,2,0,1,10.120000
aalair,"Apple M3",8,"Darwin 27.0.0 arm64","Apple LLVM 21.0.0 (clang-2100.3.34.2)"," -O3 -DNDEBUG -DPITO_ECS_OWNED_DELETE_ATOMIC=1",8,100000,pito,owned_delete,ecs_remove_owned,2,0,2,10.083000
aalair,"Apple M3",8,"Darwin 27.0.0 arm64","Apple LLVM 21.0.0 (clang-2100.3.34.2)"," -O3 -DNDEBUG -DPITO_ECS_OWNED_DELETE_ATOMIC=1",8,100000,pito,owned_delete,ecs_remove_owned,2,0,3,10.183000
aalair,"Apple M3",8,"Darwin 27.0.0 arm64","Apple LLVM 21.0.0 (clang-2100.3.34.2)"," -O3 -DNDEBUG -DPITO_ECS_OWNED_DELETE_ATOMIC=1",8,100000,pito,owned_delete,ecs_remove_owned,2,0,4,9.969000
aalair,"Apple M3",8,"Darwin 27.0.0 arm64","Apple LLVM 21.0.0 (clang-2100.3.34.2)"," -O3 -DNDEBUG -DPITO_ECS_OWNED_DELETE_ATOMIC=1",8,100000,pito,owned_delete,ecs_remove_owned,2,0,5,9.912000
aalair,"Apple M3",8,"Darwin 27.0.0 arm64","Apple LLVM 21.0.0 (clang-2100.3.34.2)"," -O3 -DNDEBUG -DPITO_ECS_OWNED_DELETE_ATOMIC=1",8,100000,pito,owned_delete,ecs_remove_owned,2,0,6,10.104000
aalair,"Apple M3",8,"Darwin 27.0.0 arm64","Apple LLVM 21.0.0 (clang-2100.3.34.2)"," -O3 -DNDEBUG -DPITO_ECS_OWNED_DELETE_ATOMIC=1",8,100000,pito,owned_delete,ecs_remove_owned,2,0,7,10.116000
aalair,"Apple M3",8,"Darwin 27.0.0 arm64","Apple LLVM 21.0.0 (clang-2100.3.34.2)"," -O3 -DNDEBUG -DPITO_ECS_OWNED_DELETE_ATOMIC=1",8,100000,pito,owned_delete,ecs_remove_owned,2,0,8,10.012000
aalair,"Apple M3",8,"Darwin 27.0.0 arm64","Apple LLVM 21.0.0 (clang-2100.3.34.2)"," -O3 -DNDEBUG -DPITO_ECS_OWNED_DELETE_ATOMIC=1",8,100000,pito,owned_delete,ecs_remove_owned,2,0,9,10.003000
aalair,"Apple M3",8,"Darwin 27.0.0 arm64","Apple LLVM 21.0.0 (clang-2100.3.34.2)"," -O3 -DNDEBUG -DPITO_ECS_OWNED_DELETE_ATOMIC=1",8,100000,pito,owned_delete,ecs_remove_owned,2,0,10,10.221000
aalair,"Apple M3",8,"Darwin 27.0.0 arm64","Apple LLVM 21.0.0 (clang-2100.3.34.2)"," -O3 -DNDEBUG -DPITO_ECS_OWNED_DELETE_ATOMIC=1",8,100000,pito,owned_delete,ecs_remove_owned,2,10,1,10.891000
aalair,"Apple M3",8,"Darwin 27.0.0 arm64","Apple LLVM 21.0.0 (clang-2100.3.34.2)"," -O3 -DNDEBUG -DPITO_ECS_OWNED_DELETE_ATOMIC=1",8,100000,pito,owned_delete,ecs_remove_owned,2,10,2,10.754000
aalair,"Apple M3",8,"Darwin 27.0.0 arm64","Apple LLVM 21.0.0 (clang-2100.3.34.2)"," -O3 -DNDEBUG -DPITO_ECS_OWNED_DELETE_ATOMIC=1",8,100000,pito,owned_delete,ecs_remove_owned,2,10,3,10.354000
aalair,"Apple M3",8,"Darwin 27.0.0 arm64","Apple LLVM 21.0.0 (clang-2100.3.34.2)"," -O3 -DNDEBUG -DPITO_ECS_OWNED_DELETE_ATOMIC=1",8,100000,pito,owned_delete,ecs_remove_owned,2,10,4,10.514000
aalair,"Apple M3",8,"Darwin 27.0.0 arm64","Apple LLVM 21.0.0 (clang-2100.3.34.2)"," -O3 -DNDEBUG -DPITO_ECS_OWNED_DELETE_ATOMIC=1",8,100000,pito,owned_delete,ecs_remove_owned,2,10,5,13.184000
aalair,"Apple M3",8,"Darwin 27.0.0 arm64","Apple LLVM 21.0.0 (clang-2100.3.34.2)"," -O3 -DNDEBUG -DPITO_ECS_OWNED_DELETE_ATOMIC=1",8,100000,pito,owned_delete,ecs_remove_owned,2,10,6,12.936000
aalair,"Apple M3",8,"Darwin 27.0.0 arm64","Apple LLVM 21.0.0 (clang-2100.3.34.2)"," -O3 -DNDEBUG -DPITO_ECS_OWNED_DELETE_ATOMIC=1",8,100000,pito,owned_delete,ecs_remove_owned,2,10,7,13.029000
aalair,"Apple M3",8,"Darwin 27.0.0 arm64","Apple LLVM 21.0.0 (clang-2100.3.34.2)"," -O3 -DNDEBUG -DPITO_ECS_OWNED_DELETE_ATOMIC=1",8,100000,pito,owned_delete,ecs_remove_owned,2,10,8,13.335000
aalair,"Apple M3",8,"Darwin 27.0.0 arm64","Apple LLVM 21.0.0 (clang-2100.3.34.2)"," -O3 -DNDEBUG -DPITO_ECS_OWNED_DELETE_ATOMIC=1",8,100000,pito,owned_delete,ecs_remove_owned,2,10,9,13.332000
aalair,"Apple M3",8,"Darwin 27.0.0 arm64","Apple LLVM 21.0.0 (clang-2100.3.34.2)"," -O3 -DNDEBUG -DPITO_ECS_OWNED_DELETE_ATOMIC=1",8,100000,pito,owned_delete,ecs_remove_owned,2,10,10,10.102000
aalair,"Apple M3",8,"Darwin 27.0.0 arm64","Apple LLVM 21.0.0 (clang-2100.3.34.2)"," -O3 -DNDEBUG -DPITO_ECS_OWNED_DELETE_ATOMIC=1",8,100000,pito,owned_delete,ecs_remove_owned,2,10,11,11.511000
aalair,"Apple M3",8,"Darwin 27.0.0 arm64","Apple LLVM 21.0.0 (clang-2100.3.34.2)"," -O3 -DNDEBUG -DPITO_ECS_OWNED_DELETE_ATOMIC=1",8,100000,pito,owned_delete,ecs_remove_owned,2,10,12,10.550000
aalair,"Apple M3",8,"Darwin 27.0.0 arm64","Apple LLVM 21.0.0 (clang-2100.3.34.2)"," -O3 -DNDEBUG -DPITO_ECS_OWNED_DELETE_ATOMIC=1",8,100000,pito,owned_delete,ecs_remove_owned,2,10,13,12.276000
aalair,"Apple M3",8,"Darwin 27.0.0 arm64","Apple LLVM 21.0.0 (clang-2100.3.34.2)"," -O3 -DNDEBUG -DPITO_ECS_OWNED_DELETE_ATOMIC=1",8,100000,pito,owned_delete,ecs_remove_owned,2,10,14,10.991000
aalair,"Apple M3",8,"Darwin 27.0.0 arm64","Apple LLVM 21.0.0 (clang-2100.3.34.2)"," -O3 -DNDEBUG -DPITO_ECS_OWNED_DELETE_ATOMIC=1",8,100000,pito,owned_delete,ecs_remove_owned,2,10,15,11.097000
aalair,"Apple M3",8,"Darwin 27.0.0 arm64","Apple LLVM 21.0.0 (clang-2100.3.34.2)"," -O3 -DNDEBUG -DPITO_ECS_OWNED_DELETE_ATOMIC=1",8,100000,pito,owned_delete,ecs_remove_owned,2,10,16,10.827000
aalair,"Apple M3",8,"Darwin 27.0.0 arm64","Apple LLVM 21.0.0 (clang-2100.3.34.2)"," -O3 -DNDEBUG -DPITO_ECS_OWNED_DELETE_ATOMIC=1",8,100000,pito,owned_delete,ecs_remove_owned,2,10,17,11.329000
aalair,"Apple M3",8,"Darwin 27.0.0 arm64","Apple LLVM 21.0.0 (clang-2100.3.34.2)"," -O3 -DNDEBUG -DPITO_ECS_OWNED_DELETE_ATOMIC=1",8,100000,pito,owned_delete,ecs_remove_owned,2,10,18,10.766000
aalair,"Apple M3",8,"Darwin 27.0.0 arm64","Apple LLVM 21.0.0 (clang-2100.3.34.2)"," -O3 -DNDEBUG -DPITO_ECS_OWNED_DELETE_ATOMIC=1",8,100000,pito,owned_delete,ecs_remove_owned,2,10,19,10.893000
aalair,"Apple M3",8,"Darwin 27.0.0 arm64","Apple LLVM 21.0.0 (clang-2100.3.34.2)"," -O3 -DNDEBUG -DPITO_ECS_OWNED_DELETE_ATOMIC=1",8,100000,pito,owned_delete,ecs_remove_owned,2,10,20,10.968000
aalair,"Apple M3",8,"Darwin 27.0.0 arm64","Apple LLVM 21.0.0 (clang-2100.3.34.2)"," -O3 -DNDEBUG -DPITO_ECS_OWNED_DELETE_ATOMIC=1",8,100000,pito,owned_delete,ecs_remove_owned,2,10,21,10.909000
aalair,"Apple M3",8,"Darwin 27.0.0 arm64","Apple LLVM 21.0.0 (clang-2100.3.34.2)"," -O3 -DNDEBUG -DPITO_ECS_OWNED_DELETE_ATOMIC=1",8,100000,pito,owned_delete,ecs_remove_owned,2,10,22,11.113000
aalair,"Apple M3",8,"Darwin 27.0.0 arm64","Apple LLVM 21.0.0 (clang-2100.3.34.2)"," -O3 -DNDEBUG -DPITO_ECS_OWNED_DELETE_ATOMIC=1",8,100000,pito,owned_delete,ecs_remove_owned,2,10,23,11.336000
aalair,"Apple M3",8,"Darwin 27.0.0 arm64","Apple LLVM 21.0.0 (clang-2100.3.34.2)"," -O3 -DNDEBUG -DPITO_ECS_OWNED_DELETE_ATOMIC=1",8,100000,pito,owned_delete,ecs_remove_owned,2,10,24,11.401000
aalair,"Apple M3",8,"Darwin 27.0.0 arm64","Apple LLVM 21.0.0 (clang-2100.3.34.2)"," -O3 -DNDEBUG -DPITO_ECS_OWNED_DELETE_ATOMIC=1",8,100000,pito,owned_delete,ecs_remove_owned,2,500,1,197.313000
aalair,"Apple M3",8,"Darwin 27.0.0 arm64","Apple LLVM 21.0.0 (clang-2100.3.34.2)"," -O3 -DNDEBUG -DPITO_ECS_OWNED_DELETE_ATOMIC=1",8,100000,pito,owned_delete,ecs_remove_owned,2,500,2,191.542000
aalair,"Apple M3",8,"Darwin 27.0.0 arm64","Apple LLVM 21.0.0 (clang-2100.3.34.2)"," -O3 -DNDEBUG -DPITO_ECS_OWNED_DELETE_ATOMIC=1",8,100000,pito,owned_delete,ecs_remove_owned,2,500,3,191.358000
aalair,"Apple M3",8,"Darwin 27.0.0 arm64","Apple LLVM 21.0.0 (clang-2100.3.34.2)"," -O3 -DNDEBUG -DPITO_ECS_OWNED_DELETE_ATOMIC=1",8,100000,pito,owned_delete,ecs_remove_owned,2,500,4,195.922000
aalair,"Apple M3",8,"Darwin 27.0.0 arm64","Apple LLVM 21.0.0 (clang-2100.3.34.2)"," -O3 -DNDEBUG -DPITO_ECS_OWNED_DELETE_ATOMIC=1",8,100000,pito,owned_delete,ecs_remove_owned,2,500,5,197.982000
aalair,"Apple M3",8,"Darwin 27.0.0 arm64","Apple LLVM 21.0.0 (clang-2100.3.34.2)"," -O3 -DNDEBUG -DPITO_ECS_OWNED_DELETE_ATOMIC=1",8,100000,pito,owned_delete,ecs_remove_owned,2,500,6,190.809000
aalair,"Apple M3",8,"Darwin 27.0.0 arm64","Apple LLVM 21.0.0 (clang-2100.3.34.2)"," -O3 -DNDEBUG -DPITO_ECS_OWNED_DELETE_ATOMIC=1",8,100000,pito,owned_delete,ecs_remove_owned,2,500,7,195.486000
aalair,"Apple M3",8,"Darwin 27.0.0 arm64","Apple LLVM 21.0.0 (clang-2100.3.34.2)"," -O3 -DNDEBUG -DPITO_ECS_OWNED_DELETE_ATOMIC=1",8,100000,pito,owned_delete,ecs_remove_owned,2,500,8,193.054000
aalair,"Apple M3",8,"Darwin 27.0.0 arm64","Apple LLVM 21.0.0 (clang-2100.3.34.2)"," -O3 -DNDEBUG -DPITO_ECS_OWNED_DELETE_ATOMIC=1",8,100000,pito,owned_delete,ecs_remove_owned,2,500,9,190.687000
aalair,"Apple M3",8,"Darwin 27.0.0 arm64","Apple LLVM 21.0.0 (clang-2100.3.34.2)"," -O3 -DNDEBUG -DPITO_ECS_OWNED_DELETE_ATOMIC=1",8,100000,pito,owned_delete,ecs_remove_owned,2,500,10,190.917000
aalair,"Apple M3",8,"Darwin 27.0.0 arm64","Apple LLVM 21.0.0 (clang-2100.3.34.2)"," -O3 -DNDEBUG -DPITO_ECS_OWNED_DELETE_ATOMIC=1",8,100000,pito,owned_delete,ecs_remove_owned,4,0,1,8.690000
aalair,"Apple M3",8,"Darwin 27.0.0 arm64","Apple LLVM 21.0.0 (clang-2100.3.34.2)"," -O3 -DNDEBUG -DPITO_ECS_OWNED_DELETE_ATOMIC=1",8,100000,pito,owned_delete,ecs_remove_owned,4,0,2,8.643000
aalair,"Apple M3",8,"Darwin 27.0.0 arm64","Apple LLVM 21.0.0 (clang-2100.3.34.2)"," -O3 -DNDEBUG -DPITO_ECS_OWNED_DELETE_ATOMIC=1",8,100000,pito,owned_delete,ecs_remove_owned,4,0,3,7.774000
aalair,"Apple M3",8,"Darwin 27.0.0 arm64","Apple LLVM 21.0.0 (clang-2100.3.34.2)"," -O3 -DNDEBUG -DPITO_ECS_OWNED_DELETE_ATOMIC=1",8,100000,pito,owned_delete,ecs_remove_owned,4,0,4,7.730000
aalair,"Apple M3",8,"Darwin 27.0.0 arm64","Apple LLVM 21.0.0 (clang-2100.3.34.2)"," -O3 -DNDEBUG -DPITO_ECS_OWNED_DELETE_ATOMIC=1",8,100000,pito,owned_delete,ecs_remove_owned,4,0,5,7.839000
aalair,"Apple M3",8,"Darwin 27.0.0 arm64","Apple LLVM 21.0.0 (clang-2100.3.34.2)"," -O3 -DNDEBUG -DPITO_ECS_OWNED_DELETE_ATOMIC=1",8,100000,pito,owned_delete,ecs_remove_owned,4,0,6,7.702000
aalair,"Apple M3",8,"Darwin 27.0.0 arm64","Apple LLVM 21.0.0 (clang-2100.3.34.2)"," -O3 -DNDEBUG -DPITO_ECS_OWNED_DELETE_ATOMIC=1",8,100000,pito,owned_delete,ecs_remove_owned,4,0,7,7.761000
aalair,"Apple M3",8,"Darwin 27.0.0 arm64","Apple LLVM 21.0.0 (clang-2100.3.34.2)"," -O3 -DNDEBUG -DPITO_ECS_OWNED_DELETE_ATOMIC=1",8,100000,pito,owned_delete,ecs_remove_owned,4,0,8,7.755000
aalair,"Apple M3",8,"Darwin 27.0.0 arm64","Apple LLVM 21.0.0 (clang-2100.3.34.2)"," -O3 -DNDEBUG -DPITO_ECS_OWNED_DELETE_ATOMIC=1",8,100000,pito,owned_delete,ecs_remove_owned,4,0,9,7.775000
aalair,"Apple M3",8,"Darwin 27.0.0 arm64","Apple LLVM 21.0.0 (clang-2100.3.34.2)"," -O3 -DNDEBUG -DPITO_ECS_OWNED_DELETE_ATOMIC=1",8,100000,pito,owned_delete,ecs_remove_owned,4,0,10,9.163000
aalair,"Apple M3",8,"Darwin 27.0.0 arm64","Apple LLVM 21.0.0 (clang-2100.3.34.2)"," -O3 -DNDEBUG -DPITO_ECS_OWNED_DELETE_ATOMIC=1",8,100000,pito,owned_delete,ecs_remove_owned,4,0,11,8.632000
aalair,"Apple M3",8,"Darwin 27.0.0 arm64","Apple LLVM 21.0.0 (clang-2100.3.34.2)"," -O3 -DNDEBUG -DPITO_ECS_OWNED_DELETE_ATOMIC=1",8,100000,pito,owned_delete,ecs_remove_owned,4,0,12,8.538000
aalair,"Apple M3",8,"Darwin 27.0.0 arm64","Apple LLVM 21.0.0 (clang-2100.3.34.2)"," -O3 -DNDEBUG -DPITO_ECS_OWNED_DELETE_ATOMIC=1",8,100000,pito,owned_delete,ecs_remove_owned,4,0,13,8.513000
aalair,"Apple M3",8,"Darwin 27.0.0 arm64","Apple LLVM 21.0.0 (clang-2100.3.34.2)"," -O3 -DNDEBUG -DPITO_ECS_OWNED_DELETE_ATOMIC=1",8,100000,pito,owned_delete,ecs_remove_owned,4,0,14,8.601000
aalair,"Apple M3",8,"Darwin 27.0.0 arm64","Apple LLVM 21.0.0 (clang-2100.3.34.2)"," -O3 -DNDEBUG -DPITO_ECS_OWNED_DELETE_ATOMIC=1",8,100000,pito,owned_delete,ecs_remove_owned,4,0,15,8.613000
aalair,"Apple M3",8,"Darwin 27.0.0 arm64","Apple LLVM 21.0.0 (clang-2100.3.34.2)"," -O3 -DNDEBUG -DPITO_ECS_OWNED_DELETE_ATOMIC=1",8,100000,pito,owned_delete,ecs_remove_owned,4,0,16,8.560000
aalair,"Apple M3",8,"Darwin 27.0.0 arm64","Apple LLVM 21.0.0 (clang-2100.3.34.2)"," -O3 -DNDEBUG -DPITO_ECS_OWNED_DELETE_ATOMIC=1",8,100000,pito,owned_delete,ecs_remove_owned,4,0,17,8.675000
aalair,"Apple M3",8,"Darwin 27.0.0 arm64","Apple LLVM 21.0.0 (clang-2100.3.34.2)"," -O3 -DNDEBUG -DPITO_ECS_OWNED_DELETE_ATOMIC=1",8,100000,pito,owned_delete,ecs_remove_owned,4,0,18,8.562000
aalair,"Apple M3",8,"Darwin 27.0.0 arm64","Apple LLVM 21.0.0 (clang-2100.3.34.2)"," -O3 -DNDEBUG -DPITO_ECS_OWNED_DELETE_ATOMIC=1",8,100000,pito,owned_delete,ecs_remove_owned,4,0,19,8.683000
aalair,"Apple M3",8,"Darwin 27.0.0 arm64","Apple LLVM 21.0.0 (clang-2100.3.34.2)"," -O3 -DNDEBUG -DPITO_ECS_OWNED_DELETE_ATOMIC=1",8,100000,pito,owned_delete,ecs_remove_owned,4,0,20,8.577000
aalair,"Apple M3",8,"Darwin 27.0.0 arm64","Apple LLVM 21.0.0 (clang-2100.3.34.2)"," -O3 -DNDEBUG -DPITO_ECS_OWNED_DELETE_ATOMIC=1",8,100000,pito,owned_delete,ecs_remove_owned,4,0,21,8.555000
aalair,"Apple M3",8,"Darwin 27.0.0 arm64","Apple LLVM 21.0.0 (clang-2100.3.34.2)"," -O3 -DNDEBUG -DPITO_ECS_OWNED_DELETE_ATOMIC=1",8,100000,pito,owned_delete,ecs_remove_owned,4,0,22,8.512000
aalair,"Apple M3",8,"Darwin 27.0.0 arm64","Apple LLVM 21.0.0 (clang-2100.3.34.2)"," -O3 -DNDEBUG -DPITO_ECS_OWNED_DELETE_ATOMIC=1",8,100000,pito,owned_delete,ecs_remove_owned,4,0,23,8.728000
aalair,"Apple M3",8,"Darwin 27.0.0 arm64","Apple LLVM 21.0.0 (clang-2100.3.34.2)"," -O3 -DNDEBUG -DPITO_ECS_OWNED_DELETE_ATOMIC=1",8,100000,pito,owned_delete,ecs_remove_owned,4,0,24,8.415000
aalair,"Apple M3",8,"Darwin 27.0.0 arm64","Apple LLVM 21.0.0 (clang-2100.3.34.2)"," -O3 -DNDEBUG -DPITO_ECS_OWNED_DELETE_ATOMIC=1",8,100000,pito,owned_delete,ecs_remove_owned,4,0,25,8.547000
aalair,"Apple M3",8,"Darwin 27.0.0 arm64","Apple LLVM 21.0.0 (clang-2100.3.34.2)"," -O3 -DNDEBUG -DPITO_ECS_OWNED_DELETE_ATOMIC=1",8,100000,pito,owned_delete,ecs_remove_owned,4,0,26,8.566000
aalair,"Apple M3",8,"Darwin 27.0.0 arm64","Apple LLVM 21.0.0 (clang-2100.3.34.2)"," -O3 -DNDEBUG -DPITO_ECS_OWNED_DELETE_ATOMIC=1",8,100000,pito,owned_delete,ecs_remove_owned,4,10,1,8.915000
aalair,"Apple M3",8,"Darwin 27.0.0 arm64","Apple LLVM 21.0.0 (clang-2100.3.34.2)"," -O3 -DNDEBUG -DPITO_ECS_OWNED_DELETE_ATOMIC=1",8,100000,pito,owned_delete,ecs_remove_owned,4,10,2,9.020000
aalair,"Apple M3",8,"Darwin 27.0.0 arm64","Apple LLVM 21.0.0 (clang-2100.3.34.2)"," -O3 -DNDEBUG -DPITO_ECS_OWNED_DELETE_ATOMIC=1",8,100000,pito,owned_delete,ecs_remove_owned,4,10,3,9.403000
aalair,"Apple M3",8,"Darwin 27.0.0 arm64","Apple LLVM 21.0.0 (clang-2100.3.34.2)"," -O3 -DNDEBUG -DPITO_ECS_OWNED_DELETE_ATOMIC=1",8,100000,pito,owned_delete,ecs_remove_owned,4,10,4,9.095000
aalair,"Apple M3",8,"Darwin 27.0.0 arm64","Apple LLVM 21.0.0 (clang-2100.3.34.2)"," -O3 -DNDEBUG -DPITO_ECS_OWNED_DELETE_ATOMIC=1",8,100000,pito,owned_delete,ecs_remove_owned,4,10,5,8.952000
aalair,"Apple M3",8,"Darwin 27.0.0 arm64","Apple LLVM 21.0.0 (clang-2100.3.34.2)"," -O3 -DNDEBUG -DPITO_ECS_OWNED_DELETE_ATOMIC=1",8,100000,pito,owned_delete,ecs_remove_owned,4,10,6,8.610000
aalair,"Apple M3",8,"Darwin 27.0.0 arm64","Apple LLVM 21.0.0 (clang-2100.3.34.2)"," -O3 -DNDEBUG -DPITO_ECS_OWNED_DELETE_ATOMIC=1",8,100000,pito,owned_delete,ecs_remove_owned,4,10,7,8.854000
aalair,"Apple M3",8,"Darwin 27.0.0 arm64","Apple LLVM 21.0.0 (clang-2100.3.34.2)"," -O3 -DNDEBUG -DPITO_ECS_OWNED_DELETE_ATOMIC=1",8,100000,pito,owned_delete,ecs_remove_owned,4,10,8,8.908000
aalair,"Apple M3",8,"Darwin 27.0.0 arm64","Apple LLVM 21.0.0 (clang-2100.3.34.2)"," -O3 -DNDEBUG -DPITO_ECS_OWNED_DELETE_ATOMIC=1",8,100000,pito,owned_delete,ecs_remove_owned,4,10,9,8.954000
aalair,"Apple M3",8,"Darwin 27.0.0 arm64","Apple LLVM 21.0.0 (clang-2100.3.34.2)"," -O3 -DNDEBUG -DPITO_ECS_OWNED_DELETE_ATOMIC=1",8,100000,pito,owned_delete,ecs_remove_owned,4,10,10,8.927000
aalair,"Apple M3",8,"Darwin 27.0.0 arm64","Apple LLVM 21.0.0 (clang-2100.3.34.2)"," -O3 -DNDEBUG -DPITO_ECS_OWNED_DELETE_ATOMIC=1",8,100000,pito,owned_delete,ecs_remove_owned,4,10,11,8.568000
aalair,"Apple M3",8,"Darwin 27.0.0 arm64","Apple LLVM 21.0.0 (clang-2100.3.34.2)"," -O3 -DNDEBUG -DPITO_ECS_OWNED_DELETE_ATOMIC=1",8,100000,pito,owned_delete,ecs_remove_owned,4,500,1,104.766000
aalair,"Apple M3",8,"Darwin 27.0.0 arm64","Apple LLVM 21.0.0 (clang-2100.3.34.2)"," -O3 -DNDEBUG -DPITO_ECS_OWNED_DELETE_ATOMIC=1",8,100000,pito,owned_delete,ecs_remove_owned,4,500,2,104.130000
aalair,"Apple M3",8,"Darwin 27.0.0 arm64","Apple LLVM 21.0.0 (clang-2100.3.34.2)"," -O3 -DNDEBUG -DPITO_ECS_OWNED_DELETE_ATOMIC=1",8,100000,pito,owned_delete,ecs_remove_owned,4,500,3,104.842000
aalair,"Apple M3",8,"Darwin 27.0.0 arm64","Apple LLVM 21.0.0 (clang-2100.3.34.2)"," -O3 -DNDEBUG -DPITO_ECS_OWNED_DELETE_ATOMIC=1",8,100000,pito,owned_delete,ecs_remove_owned,4,500,4,104.312000
aalair,"Apple M3",8,"Darwin 27.0.0 arm64","Apple LLVM 21.0.0 (clang-2100.3.34.2)"," -O3 -DNDEBUG -DPITO_ECS_OWNED_DELETE_ATOMIC=1",8,100000,pito,owned_delete,ecs_remove_owned,4,500,5,103.429000
aalair,"Apple M3",8,"Darwin 27.0.0 arm64","Apple LLVM 21.0.0 (clang-2100.3.34.2)"," -O3 -DNDEBUG -DPITO_ECS_OWNED_DELETE_ATOMIC=1",8,100000,pito,owned_delete,ecs_remove_owned,4,500,6,104.554000
aalair,"Apple M3",8,"Darwin 27.0.0 arm64","Apple LLVM 21.0.0 (clang-2100.3.34.2)"," -O3 -DNDEBUG -DPITO_ECS_OWNED_DELETE_ATOMIC=1",8,100000,pito,owned_delete,ecs_remove_owned,4,500,7,103.849000
aalair,"Apple M3",8,"Darwin 27.0.0 arm64","Apple LLVM 21.0.0 (clang-2100.3.34.2)"," -O3 -DNDEBUG -DPITO_ECS_OWNED_DELETE_ATOMIC=1",8,100000,pito,owned_delete,ecs_remove_owned,4,500,8,103.771000
aalair,"Apple M3",8,"Darwin 27.0.0 arm64","Apple LLVM 21.0.0 (clang-2100.3.34.2)"," -O3 -DNDEBUG -DPITO_ECS_OWNED_DELETE_ATOMIC=1",8,100000,pito,owned_delete,ecs_remove_owned,4,500,9,104.061000
aalair,"Apple M3",8,"Darwin 27.0.0 arm64","Apple LLVM 21.0.0 (clang-2100.3.34.2)"," -O3 -DNDEBUG -DPITO_ECS_OWNED_DELETE_ATOMIC=1",8,100000,pito,owned_delete,ecs_remove_owned,4,500,10,104.411000
aalair,"Apple M3",8,"Darwin 27.0.0 arm64","Apple LLVM 21.0.0 (clang-2100.3.34.2)"," -O3 -DNDEBUG -DPITO_ECS_OWNED_DELETE_ATOMIC=1",8,100000,pito,owned_delete,ecs_remove_owned,8,0,1,14.582000
aalair,"Apple M3",8,"Darwin 27.0.0 arm64","Apple LLVM 21.0.0 (clang-2100.3.34.2)"," -O3 -DNDEBUG -DPITO_ECS_OWNED_DELETE_ATOMIC=1",8,100000,pito,owned_delete,ecs_remove_owned,8,0,2,12.822000
aalair,"Apple M3",8,"Darwin 27.0.0 arm64","Apple LLVM 21.0.0 (clang-2100.3.34.2)"," -O3 -DNDEBUG -DPITO_ECS_OWNED_DELETE_ATOMIC=1",8,100000,pito,owned_delete,ecs_remove_owned,8,0,3,13.145000
aalair,"Apple M3",8,"Darwin 27.0.0 arm64","Apple LLVM 21.0.0 (clang-2100.3.34.2)"," -O3 -DNDEBUG -DPITO_ECS_OWNED_DELETE_ATOMIC=1",8,100000,pito,owned_delete,ecs_remove_owned,8,0,4,16.599000
aalair,"Apple M3",8,"Darwin 27.0.0 arm64","Apple LLVM 21.0.0 (clang-2100.3.34.2)"," -O3 -DNDEBUG -DPITO_ECS_OWNED_DELETE_ATOMIC=1",8,100000,pito,owned_delete,ecs_remove_owned,8,0,5,12.917000
aalair,"Apple M3",8,"Darwin 27.0.0 arm64","Apple LLVM 21.0.0 (clang-2100.3.34.2)"," -O3 -DNDEBUG -DPITO_ECS_OWNED_DELETE_ATOMIC=1",8,100000,pito,owned_delete,ecs_remove_owned,8,0,6,13.643000
aalair,"Apple M3",8,"Darwin 27.0.0 arm64","Apple LLVM 21.0.0 (clang-2100.3.34.2)"," -O3 -DNDEBUG -DPITO_ECS_OWNED_DELETE_ATOMIC=1",8,100000,pito,owned_delete,ecs_remove_owned,8,0,7,12.831000
aalair,"Apple M3",8,"Darwin 27.0.0 arm64","Apple LLVM 21.0.0 (clang-2100.3.34.2)"," -O3 -DNDEBUG -DPITO_ECS_OWNED_DELETE_ATOMIC=1",8,100000,pito,owned_delete,ecs_remove_owned,8,0,8,12.561000
aalair,"Apple M3",8,"Darwin 27.0.0 arm64","Apple LLVM 21.0.0 (clang-2100.3.34.2)"," -O3 -DNDEBUG -DPITO_ECS_OWNED_DELETE_ATOMIC=1",8,100000,pito,owned_delete,ecs_remove_owned,8,0,9,15.015000
aalair,"Apple M3",8,"Darwin 27.0.0 arm64","Apple LLVM 21.0.0 (clang-2100.3.34.2)"," -O3 -DNDEBUG -DPITO_ECS_OWNED_DELETE_ATOMIC=1",8,100000,pito,owned_delete,ecs_remove_owned,8,0,10,11.061000
aalair,"Apple M3",8,"Darwin 27.0.0 arm64","Apple LLVM 21.0.0 (clang-2100.3.34.2)"," -O3 -DNDEBUG -DPITO_ECS_OWNED_DELETE_ATOMIC=1",8,100000,pito,owned_delete,ecs_remove_owned,8,0,11,12.969000
aalair,"Apple M3",8,"Darwin 27.0.0 arm64","Apple LLVM 21.0.0 (clang-2100.3.34.2)"," -O3 -DNDEBUG -DPITO_ECS_OWNED_DELETE_ATOMIC=1",8,100000,pito,owned_delete,ecs_remove_owned,8,0,12,14.330000
aalair,"Apple M3",8,"Darwin 27.0.0 arm64","Apple LLVM 21.0.0 (clang-2100.3.34.2)"," -O3 -DNDEBUG -DPITO_ECS_OWNED_DELETE_ATOMIC=1",8,100000,pito,owned_delete,ecs_remove_owned,8,0,13,11.202000
aalair,"Apple M3",8,"Darwin 27.0.0 arm64","Apple LLVM 21.0.0 (clang-2100.3.34.2)"," -O3 -DNDEBUG -DPITO_ECS_OWNED_DELETE_ATOMIC=1",8,100000,pito,owned_delete,ecs_remove_owned,8,0,14,11.072000
aalair,"Apple M3",8,"Darwin 27.0.0 arm64","Apple LLVM 21.0.0 (clang-2100.3.34.2)"," -O3 -DNDEBUG -DPITO_ECS_OWNED_DELETE_ATOMIC=1",8,100000,pito,owned_delete,ecs_remove_owned,8,0,15,13.357000
aalair,"Apple M3",8,"Darwin 27.0.0 arm64","Apple LLVM 21.0.0 (clang-2100.3.34.2)"," -O3 -DNDEBUG -DPITO_ECS_OWNED_DELETE_ATOMIC=1",8,100000,pito,owned_delete,ecs_remove_owned,8,0,16,12.973000
aalair,"Apple M3",8,"Darwin 27.0.0 arm64","Apple LLVM 21.0.0 (clang-2100.3.34.2)"," -O3 -DNDEBUG -DPITO_ECS_OWNED_DELETE_ATOMIC=1",8,100000,pito,owned_delete,ecs_remove_owned,8,0,17,12.853000
aalair,"Apple M3",8,"Darwin 27.0.0 arm64","Apple LLVM 21.0.0 (clang-2100.3.34.2)"," -O3 -DNDEBUG -DPITO_ECS_OWNED_DELETE_ATOMIC=1",8,100000,pito,owned_delete,ecs_remove_owned,8,0,18,13.801000
aalair,"Apple M3",8,"Darwin 27.0.0 arm64","Apple LLVM 21.0.0 (clang-2100.3.34.2)"," -O3 -DNDEBUG -DPITO_ECS_OWNED_DELETE_ATOMIC=1",8,100000,pito,owned_delete,ecs_remove_owned,8,0,19,13.144000
aalair,"Apple M3",8,"Darwin 27.0.0 arm64","Apple LLVM 21.0.0 (clang-2100.3.34.2)"," -O3 -DNDEBUG -DPITO_ECS_OWNED_DELETE_ATOMIC=1",8,100000,pito,owned_delete,ecs_remove_owned,8,0,20,11.114000
aalair,"Apple M3",8,"Darwin 27.0.0 arm64","Apple LLVM 21.0.0 (clang-2100.3.34.2)"," -O3 -DNDEBUG -DPITO_ECS_OWNED_DELETE_ATOMIC=1",8,100000,pito,owned_delete,ecs_remove_owned,8,0,21,13.040000
aalair,"Apple M3",8,"Darwin 27.0.0 arm64","Apple LLVM 21.0.0 (clang-2100.3.34.2)"," -O3 -DNDEBUG -DPITO_ECS_OWNED_DELETE_ATOMIC=1",8,100000,pito,owned_delete,ecs_remove_owned,8,0,22,13.019000
aalair,"Apple M3",8,"Darwin 27.0.0 arm64","Apple LLVM 21.0.0 (clang-2100.3.34.2)"," -O3 -DNDEBUG -DPITO_ECS_OWNED_DELETE_ATOMIC=1",8,100000,pito,owned_delete,ecs_remove_owned,8,10,1,13.861000
aalair,"Apple M3",8,"Darwin 27.0.0 arm64","Apple LLVM 21.0.0 (clang-2100.3.34.2)"," -O3 -DNDEBUG -DPITO_ECS_OWNED_DELETE_ATOMIC=1",8,100000,pito,owned_delete,ecs_remove_owned,8,10,2,11.335000
aalair,"Apple M3",8,"Darwin 27.0.0 arm64","Apple LLVM 21.0.0 (clang-2100.3.34.2)"," -O3 -DNDEBUG -DPITO_ECS_OWNED_DELETE_ATOMIC=1",8,100000,pito,owned_delete,ecs_remove_owned,8,10,3,12.223000
aalair,"Apple M3",8,"Darwin 27.0.0 arm64","Apple LLVM 21.0.0 (clang-2100.3.34.2)"," -O3 -DNDEBUG -DPITO_ECS_OWNED_DELETE_ATOMIC=1",8,100000,pito,owned_delete,ecs_remove_owned,8,10,4,11.983000
aalair,"Apple M3",8,"Darwin 27.0.0 arm64","Apple LLVM 21.0.0 (clang-2100.3.34.2)"," -O3 -DNDEBUG -DPITO_ECS_OWNED_DELETE_ATOMIC=1",8,100000,pito,owned_delete,ecs_remove_owned,8,10,5,14.228000
aalair,"Apple M3",8,"Darwin 27.0.0 arm64","Apple LLVM 21.0.0 (clang-2100.3.34.2)"," -O3 -DNDEBUG -DPITO_ECS_OWNED_DELETE_ATOMIC=1",8,100000,pito,owned_delete,ecs_remove_owned,8,10,6,13.558000
aalair,"Apple M3",8,"Darwin 27.0.0 arm64","Apple LLVM 21.0.0 (clang-2100.3.34.2)"," -O3 -DNDEBUG -DPITO_ECS_OWNED_DELETE_ATOMIC=1",8,100000,pito,owned_delete,ecs_remove_owned,8,10,7,13.495000
aalair,"Apple M3",8,"Darwin 27.0.0 arm64","Apple LLVM 21.0.0 (clang-2100.3.34.2)"," -O3 -DNDEBUG -DPITO_ECS_OWNED_DELETE_ATOMIC=1",8,100000,pito,owned_delete,ecs_remove_owned,8,10,8,12.475000
aalair,"Apple M3",8,"Darwin 27.0.0 arm64","Apple LLVM 21.0.0 (clang-2100.3.34.2)"," -O3 -DNDEBUG -DPITO_ECS_OWNED_DELETE_ATOMIC=1",8,100000,pito,owned_delete,ecs_remove_owned,8,10,9,14.647000
aalair,"Apple M3",8,"Darwin 27.0.0 arm64","Apple LLVM 21.0.0 (clang-2100.3.34.2)"," -O3 -DNDEBUG -DPITO_ECS_OWNED_DELETE_ATOMIC=1",8,100000,pito,owned_delete,ecs_remove_owned,8,10,10,13.348000
aalair,"Apple M3",8,"Darwin 27.0.0 arm64","Apple LLVM 21.0.0 (clang-2100.3.34.2)"," -O3 -DNDEBUG -DPITO_ECS_OWNED_DELETE_ATOMIC=1",8,100000,pito,owned_delete,ecs_remove_owned,8,10,11,14.460000
aalair,"Apple M3",8,"Darwin 27.0.0 arm64","Apple LLVM 21.0.0 (clang-2100.3.34.2)"," -O3 -DNDEBUG -DPITO_ECS_OWNED_DELETE_ATOMIC=1",8,100000,pito,owned_delete,ecs_remove_owned,8,10,12,11.633000
aalair,"Apple M3",8,"Darwin 27.0.0 arm64","Apple LLVM 21.0.0 (clang-2100.3.34.2)"," -O3 -DNDEBUG -DPITO_ECS_OWNED_DELETE_ATOMIC=1",8,100000,pito,owned_delete,ecs_remove_owned,8,10,13,14.041000
aalair,"Apple M3",8,"Darwin 27.0.0 arm64","Apple LLVM 21.0.0 (clang-2100.3.34.2)"," -O3 -DNDEBUG -DPITO_ECS_OWNED_DELETE_ATOMIC=1",8,100000,pito,owned_delete,ecs_remove_owned,8,10,14,13.757000
aalair,"Apple M3",8,"Darwin 27.0.0 arm64","Apple LLVM 21.0.0 (clang-2100.3.34.2)"," -O3 -DNDEBUG -DPITO_ECS_OWNED_DELETE_ATOMIC=1",8,100000,pito,owned_delete,ecs_remove_owned,8,10,15,12.990000
aalair,"Apple M3",8,"Darwin 27.0.0 arm64","Apple LLVM 21.0.0 (clang-2100.3.34.2)"," -O3 -DNDEBUG -DPITO_ECS_OWNED_DELETE_ATOMIC=1",8,100000,pito,owned_delete,ecs_remove_owned,8,10,16,13.688000
aalair,"Apple M3",8,"Darwin 27.0.0 arm64","Apple LLVM 21.0.0 (clang-2100.3.34.2)"," -O3 -DNDEBUG -DPITO_ECS_OWNED_DELETE_ATOMIC=1",8,100000,pito,owned_delete,ecs_remove_owned,8,10,17,12.934000
aalair,"Apple M3",8,"Darwin 27.0.0 arm64","Apple LLVM 21.0.0 (clang-2100.3.34.2)"," -O3 -DNDEBUG -DPITO_ECS_OWNED_DELETE_ATOMIC=1",8,100000,pito,owned_delete,ecs_remove_owned,8,10,18,12.910000
aalair,"Apple M3",8,"Darwin 27.0.0 arm64","Apple LLVM 21.0.0 (clang-2100.3.34.2)"," -O3 -DNDEBUG -DPITO_ECS_OWNED_DELETE_ATOMIC=1",8,100000,pito,owned_delete,ecs_remove_owned,8,10,19,14.489000
aalair,"Apple M3",8,"Darwin 27.0.0 arm64","Apple LLVM 21.0.0 (clang-2100.3.34.2)"," -O3 -DNDEBUG -DPITO_ECS_OWNED_DELETE_ATOMIC=1",8,100000,pito,owned_delete,ecs_remove_owned,8,10,20,13.405000
aalair,"Apple M3",8,"Darwin 27.0.0 arm64","Apple LLVM 21.0.0 (clang-2100.3.34.2)"," -O3 -DNDEBUG -DPITO_ECS_OWNED_DELETE_ATOMIC=1",8,100000,pito,owned_delete,ecs_remove_owned,8,10,21,13.484000
aalair,"Apple M3",8,"Darwin 27.0.0 arm64","Apple LLVM 21.0.0 (clang-2100.3.34.2)"," -O3 -DNDEBUG -DPITO_ECS_OWNED_DELETE_ATOMIC=1",8,100000,pito,owned_delete,ecs_remove_owned,8,500,1,73.510000
aalair,"Apple M3",8,"Darwin 27.0.0 arm64","Apple LLVM 21.0.0 (clang-2100.3.34.2)"," -O3 -DNDEBUG -DPITO_ECS_OWNED_DELETE_ATOMIC=1",8,100000,pito,owned_delete,ecs_remove_owned,8,500,2,73.660000
aalair,"Apple M3",8,"Darwin 27.0.0 arm64","Apple LLVM 21.0.0 (clang-2100.3.34.2)"," -O3 -DNDEBUG -DPITO_ECS_OWNED_DELETE_ATOMIC=1",8,100000,pito,owned_delete,ecs_remove_owned,8,500,3,79.568000
aalair,"Apple M3",8,"Darwin 27.0.0 arm64","Apple LLVM 21.0.0 (clang-2100.3.34.2)"," -O3 -DNDEBUG -DPITO_ECS_OWNED_DELETE_ATOMIC=1",8,100000,pito,owned_delete,ecs_remove_owned,8,500,4,71.916000
aalair,"Apple M3",8,"Darwin 27.0.0 arm64","Apple LLVM 21.0.0 (clang-2100.3.34.2)"," -O3 -DNDEBUG -DPITO_ECS_OWNED_DELETE_ATOMIC=1",8,100000,pito,owned_delete,ecs_remove_owned,8,500,5,73.779000
aalair,"Apple M3",8,"Darwin 27.0.0 arm64","Apple LLVM 21.0.0 (clang-2100.3.34.2)"," -O3 -DNDEBUG -DPITO_ECS_OWNED_DELETE_ATOMIC=1",8,100000,pito,owned_delete,ecs_remove_owned,8,500,6,83.258000
aalair,"Apple M3",8,"Darwin 27.0.0 arm64","Apple LLVM 21.0.0 (clang-2100.3.34.2)"," -O3 -DNDEBUG -DPITO_ECS_OWNED_DELETE_ATOMIC=1",8,100000,pito,owned_delete,ecs_remove_owned,8,500,7,73.835000
aalair,"Apple M3",8,"Darwin 27.0.0 arm64","Apple LLVM 21.0.0 (clang-2100.3.34.2)"," -O3 -DNDEBUG -DPITO_ECS_OWNED_DELETE_ATOMIC=1",8,100000,pito,owned_delete,ecs_remove_owned,8,500,8,86.289000
aalair,"Apple M3",8,"Darwin 27.0.0 arm64","Apple LLVM 21.0.0 (clang-2100.3.34.2)"," -O3 -DNDEBUG -DPITO_ECS_OWNED_DELETE_ATOMIC=1",8,100000,pito,owned_delete,ecs_remove_owned,8,500,9,87.669000
aalair,"Apple M3",8,"Darwin 27.0.0 arm64","Apple LLVM 21.0.0 (clang-2100.3.34.2)"," -O3 -DNDEBUG -DPITO_ECS_OWNED_DELETE_ATOMIC=1",8,100000,pito,owned_delete,ecs_remove_owned,8,500,10,76.720000
aalair,"Apple M3",8,"Darwin 27.0.0 arm64","Apple LLVM 21.0.0 (clang-2100.3.34.2)"," -O3 -DNDEBUG -DPITO_ECS_OWNED_DELETE_ATOMIC=1",8,100000,pito,owned_delete,ecs_remove_owned,8,500,11,75.853000
aalair,"Apple M3",8,"Darwin 27.0.0 arm64","Apple LLVM 21.0.0 (clang-2100.3.34.2)"," -O3 -DNDEBUG -DPITO_ECS_OWNED_DELETE_ATOMIC=1",8,100000,pito,owned_delete,ecs_remove_owned,8,500,12,99.673000
aalair,"Apple M3",8,"Darwin 27.0.0 arm64","Apple LLVM 21.0.0 (clang-2100.3.34.2)"," -O3 -DNDEBUG -DPITO_ECS_OWNED_DELETE_ATOMIC=1",8,100000,pito,owned_delete,ecs_remove_owned,8,500,13,79.527000
aalair,"Apple M3",8,"Darwin 27.0.0 arm64","Apple LLVM 21.0.0 (clang-2100.3.34.2)"," -O3 -DNDEBUG -DPITO_ECS_OWNED_DELETE_ATOMIC=1",8,100000,pito,owned_delete,ecs_remove_owned,8,500,14,78.978000
aalair,"Apple M3",8,"Darwin 27.0.0 arm64","Apple LLVM 21.0.0 (clang-2100.3.34.2)"," -O3 -DNDEBUG -DPITO_ECS_OWNED_DELETE_ATOMIC=1",8,100000,pito,owned_delete,ecs_remove_owned,8,500,15,75.058000
aalair,"Apple M3",8,"Darwin 27.0.0 arm64","Apple LLVM 21.0.0 (clang-2100.3.34.2)"," -O3 -DNDEBUG -DPITO_ECS_OWNED_DELETE_ATOMIC=1",8,100000,pito,owned_delete,ecs_remove_owned,8,500,16,74.609000
aalair,"Apple M3",8,"Darwin 27.0.0 arm64","Apple LLVM 21.0.0 (clang-2100.3.34.2)"," -O3 -DNDEBUG -DPITO_ECS_OWNED_DELETE_ATOMIC=1",8,100000,pito,owned_delete,ecs_remove_owned,8,500,17,75.447000
aalair,"Apple M3",8,"Darwin 27.0.0 arm64","Apple LLVM 21.0.0 (clang-2100.3.34.2)"," -O3 -DNDEBUG -DPITO_ECS_OWNED_DELETE_ATOMIC=1",8,100000,pito,owned_delete,ecs_remove_owned,8,500,18,77.537000
aalair,"Apple M3",8,"Darwin 27.0.0 arm64","Apple LLVM 21.0.0 (clang-2100.3.34.2)"," -O3 -DNDEBUG -DPITO_ECS_OWNED_DELETE_ATOMIC=1",8,100000,pito,owned_delete,ecs_remove_owned,8,500,19,74.080000
aalair,"Apple M3",8,"Darwin 27.0.0 arm64","Apple LLVM 21.0.0 (clang-2100.3.34.2)"," -O3 -DNDEBUG",8,100000,pico,owned_initialize,,1,0,1,11.928000
aalair,"Apple M3",8,"Darwin 27.0.0 arm64","Apple LLVM 21.0.0 (clang-2100.3.34.2)"," -O3 -DNDEBUG",8,100000,pico,owned_initialize,,1,0,2,11.299000
aalair,"Apple M3",8,"Darwin 27.0.0 arm64","Apple LLVM 21.0.0 (clang-2100.3.34.2)"," -O3 -DNDEBUG",8,100000,pico,owned_initialize,,1,0,3,11.206000
aalair,"Apple M3",8,"Darwin 27.0.0 arm64","Apple LLVM 21.0.0 (clang-2100.3.34.2)"," -O3 -DNDEBUG",8,100000,pico,owned_initialize,,1,0,4,11.269000
aalair,"Apple M3",8,"Darwin 27.0.0 arm64","Apple LLVM 21.0.0 (clang-2100.3.34.2)"," -O3 -DNDEBUG",8,100000,pico,owned_initialize,,1,0,5,11.137000
aalair,"Apple M3",8,"Darwin 27.0.0 arm64","Apple LLVM 21.0.0 (clang-2100.3.34.2)"," -O3 -DNDEBUG",8,100000,pico,owned_initialize,,1,0,6,12.058000
aalair,"Apple M3",8,"Darwin 27.0.0 arm64","Apple LLVM 21.0.0 (clang-2100.3.34.2)"," -O3 -DNDEBUG",8,100000,pico,owned_initialize,,1,0,7,11.521000
aalair,"Apple M3",8,"Darwin 27.0.0 arm64","Apple LLVM 21.0.0 (clang-2100.3.34.2)"," -O3 -DNDEBUG",8,100000,pico,owned_initialize,,1,0,8,11.117000
aalair,"Apple M3",8,"Darwin 27.0.0 arm64","Apple LLVM 21.0.0 (clang-2100.3.34.2)"," -O3 -DNDEBUG",8,100000,pico,owned_initialize,,1,0,9,10.969000
aalair,"Apple M3",8,"Darwin 27.0.0 arm64","Apple LLVM 21.0.0 (clang-2100.3.34.2)"," -O3 -DNDEBUG",8,100000,pico,owned_initialize,,1,0,10,10.865000
aalair,"Apple M3",8,"Darwin 27.0.0 arm64","Apple LLVM 21.0.0 (clang-2100.3.34.2)"," -O3 -DNDEBUG",8,100000,pico,owned_initialize,,1,0,11,10.976000
aalair,"Apple M3",8,"Darwin 27.0.0 arm64","Apple LLVM 21.0.0 (clang-2100.3.34.2)"," -O3 -DNDEBUG",8,100000,pico,owned_initialize,,1,0,12,11.031000
aalair,"Apple M3",8,"Darwin 27.0.0 arm64","Apple LLVM 21.0.0 (clang-2100.3.34.2)"," -O3 -DNDEBUG",8,100000,pico,owned_initialize,,1,0,13,10.844000
aalair,"Apple M3",8,"Darwin 27.0.0 arm64","Apple LLVM 21.0.0 (clang-2100.3.34.2)"," -O3 -DNDEBUG",8,100000,pico,owned_initialize,,1,0,14,10.819000
aalair,"Apple M3",8,"Darwin 27.0.0 arm64","Apple LLVM 21.0.0 (clang-2100.3.34.2)"," -O3 -DNDEBUG",8,100000,pico,owned_initialize,,1,10,1,13.082000
aalair,"Apple M3",8,"Darwin 27.0.0 arm64","Apple LLVM 21.0.0 (clang-2100.3.34.2)"," -O3 -DNDEBUG",8,100000,pico,owned_initialize,,1,10,2,13.219000
aalair,"Apple M3",8,"Darwin 27.0.0 arm64","Apple LLVM 21.0.0 (clang-2100.3.34.2)"," -O3 -DNDEBUG",8,100000,pico,owned_initialize,,1,10,3,13.323000
aalair,"Apple M3",8,"Darwin 27.0.0 arm64","Apple LLVM 21.0.0 (clang-2100.3.34.2)"," -O3 -DNDEBUG",8,100000,pico,owned_initialize,,1,10,4,13.332000
aalair,"Apple M3",8,"Darwin 27.0.0 arm64","Apple LLVM 21.0.0 (clang-2100.3.34.2)"," -O3 -DNDEBUG",8,100000,pico,owned_initialize,,1,10,5,13.130000
aalair,"Apple M3",8,"Darwin 27.0.0 arm64","Apple LLVM 21.0.0 (clang-2100.3.34.2)"," -O3 -DNDEBUG",8,100000,pico,owned_initialize,,1,10,6,12.987000
aalair,"Apple M3",8,"Darwin 27.0.0 arm64","Apple LLVM 21.0.0 (clang-2100.3.34.2)"," -O3 -DNDEBUG",8,100000,pico,owned_initialize,,1,10,7,12.918000
aalair,"Apple M3",8,"Darwin 27.0.0 arm64","Apple LLVM 21.0.0 (clang-2100.3.34.2)"," -O3 -DNDEBUG",8,100000,pico,owned_initialize,,1,10,8,12.962000
aalair,"Apple M3",8,"Darwin 27.0.0 arm64","Apple LLVM 21.0.0 (clang-2100.3.34.2)"," -O3 -DNDEBUG",8,100000,pico,owned_initialize,,1,10,9,15.219000
aalair,"Apple M3",8,"Darwin 27.0.0 arm64","Apple LLVM 21.0.0 (clang-2100.3.34.2)"," -O3 -DNDEBUG",8,100000,pico,owned_initialize,,1,10,10,14.915000
aalair,"Apple M3",8,"Darwin 27.0.0 arm64","Apple LLVM 21.0.0 (clang-2100.3.34.2)"," -O3 -DNDEBUG",8,100000,pico,owned_initialize,,1,10,11,20.892000
aalair,"Apple M3",8,"Darwin 27.0.0 arm64","Apple LLVM 21.0.0 (clang-2100.3.34.2)"," -O3 -DNDEBUG",8,100000,pico,owned_initialize,,1,10,12,13.425000
aalair,"Apple M3",8,"Darwin 27.0.0 arm64","Apple LLVM 21.0.0 (clang-2100.3.34.2)"," -O3 -DNDEBUG",8,100000,pico,owned_initialize,,1,10,13,13.185000
aalair,"Apple M3",8,"Darwin 27.0.0 arm64","Apple LLVM 21.0.0 (clang-2100.3.34.2)"," -O3 -DNDEBUG",8,100000,pico,owned_initialize,,1,10,14,13.289000
aalair,"Apple M3",8,"Darwin 27.0.0 arm64","Apple LLVM 21.0.0 (clang-2100.3.34.2)"," -O3 -DNDEBUG",8,100000,pico,owned_initialize,,1,10,15,13.323000
aalair,"Apple M3",8,"Darwin 27.0.0 arm64","Apple LLVM 21.0.0 (clang-2100.3.34.2)"," -O3 -DNDEBUG",8,100000,pico,owned_initialize,,1,10,16,13.442000
aalair,"Apple M3",8,"Darwin 27.0.0 arm64","Apple LLVM 21.0.0 (clang-2100.3.34.2)"," -O3 -DNDEBUG",8,100000,pico,owned_initialize,,1,500,1,354.123000
aalair,"Apple M3",8,"Darwin 27.0.0 arm64","Apple LLVM 21.0.0 (clang-2100.3.34.2)"," -O3 -DNDEBUG",8,100000,pico,owned_initialize,,1,500,2,351.217000
aalair,"Apple M3",8,"Darwin 27.0.0 arm64","Apple LLVM 21.0.0 (clang-2100.3.34.2)"," -O3 -DNDEBUG",8,100000,pico,owned_initialize,,1,500,3,349.003000
aalair,"Apple M3",8,"Darwin 27.0.0 arm64","Apple LLVM 21.0.0 (clang-2100.3.34.2)"," -O3 -DNDEBUG",8,100000,pico,owned_initialize,,1,500,4,352.720000
aalair,"Apple M3",8,"Darwin 27.0.0 arm64","Apple LLVM 21.0.0 (clang-2100.3.34.2)"," -O3 -DNDEBUG",8,100000,pico,owned_initialize,,1,500,5,355.474000
aalair,"Apple M3",8,"Darwin 27.0.0 arm64","Apple LLVM 21.0.0 (clang-2100.3.34.2)"," -O3 -DNDEBUG",8,100000,pico,owned_initialize,,1,500,6,352.911000
aalair,"Apple M3",8,"Darwin 27.0.0 arm64","Apple LLVM 21.0.0 (clang-2100.3.34.2)"," -O3 -DNDEBUG",8,100000,pico,owned_initialize,,1,500,7,359.365000
aalair,"Apple M3",8,"Darwin 27.0.0 arm64","Apple LLVM 21.0.0 (clang-2100.3.34.2)"," -O3 -DNDEBUG",8,100000,pico,owned_initialize,,1,500,8,357.113000
aalair,"Apple M3",8,"Darwin 27.0.0 arm64","Apple LLVM 21.0.0 (clang-2100.3.34.2)"," -O3 -DNDEBUG",8,100000,pico,owned_initialize,,1,500,9,354.841000
aalair,"Apple M3",8,"Darwin 27.0.0 arm64","Apple LLVM 21.0.0 (clang-2100.3.34.2)"," -O3 -DNDEBUG",8,100000,pico,owned_initialize,,1,500,10,352.138000
aalair,"Apple M3",8,"Darwin 27.0.0 arm64","Apple LLVM 21.0.0 (clang-2100.3.34.2)"," -O3 -DNDEBUG",8,100000,flecs,owned_initialize,,1,0,1,46.253000
aalair,"Apple M3",8,"Darwin 27.0.0 arm64","Apple LLVM 21.0.0 (clang-2100.3.34.2)"," -O3 -DNDEBUG",8,100000,flecs,owned_initialize,,1,0,2,42.157000
aalair,"Apple M3",8,"Darwin 27.0.0 arm64","Apple LLVM 21.0.0 (clang-2100.3.34.2)"," -O3 -DNDEBUG",8,100000,flecs,owned_initialize,,1,0,3,41.931000
aalair,"Apple M3",8,"Darwin 27.0.0 arm64","Apple LLVM 21.0.0 (clang-2100.3.34.2)"," -O3 -DNDEBUG",8,100000,flecs,owned_initialize,,1,0,4,40.733000
aalair,"Apple M3",8,"Darwin 27.0.0 arm64","Apple LLVM 21.0.0 (clang-2100.3.34.2)"," -O3 -DNDEBUG",8,100000,flecs,owned_initialize,,1,0,5,39.842000
aalair,"Apple M3",8,"Darwin 27.0.0 arm64","Apple LLVM 21.0.0 (clang-2100.3.34.2)"," -O3 -DNDEBUG",8,100000,flecs,owned_initialize,,1,0,6,39.772000
aalair,"Apple M3",8,"Darwin 27.0.0 arm64","Apple LLVM 21.0.0 (clang-2100.3.34.2)"," -O3 -DNDEBUG",8,100000,flecs,owned_initialize,,1,0,7,40.059000
aalair,"Apple M3",8,"Darwin 27.0.0 arm64","Apple LLVM 21.0.0 (clang-2100.3.34.2)"," -O3 -DNDEBUG",8,100000,flecs,owned_initialize,,1,0,8,39.948000
aalair,"Apple M3",8,"Darwin 27.0.0 arm64","Apple LLVM 21.0.0 (clang-2100.3.34.2)"," -O3 -DNDEBUG",8,100000,flecs,owned_initialize,,1,0,9,40.812000
aalair,"Apple M3",8,"Darwin 27.0.0 arm64","Apple LLVM 21.0.0 (clang-2100.3.34.2)"," -O3 -DNDEBUG",8,100000,flecs,owned_initialize,,1,0,10,39.920000
aalair,"Apple M3",8,"Darwin 27.0.0 arm64","Apple LLVM 21.0.0 (clang-2100.3.34.2)"," -O3 -DNDEBUG",8,100000,flecs,owned_initialize,,1,0,11,39.952000
aalair,"Apple M3",8,"Darwin 27.0.0 arm64","Apple LLVM 21.0.0 (clang-2100.3.34.2)"," -O3 -DNDEBUG",8,100000,flecs,owned_initialize,,1,0,12,40.393000
aalair,"Apple M3",8,"Darwin 27.0.0 arm64","Apple LLVM 21.0.0 (clang-2100.3.34.2)"," -O3 -DNDEBUG",8,100000,flecs,owned_initialize,,1,10,1,41.397000
aalair,"Apple M3",8,"Darwin 27.0.0 arm64","Apple LLVM 21.0.0 (clang-2100.3.34.2)"," -O3 -DNDEBUG",8,100000,flecs,owned_initialize,,1,10,2,42.017000
aalair,"Apple M3",8,"Darwin 27.0.0 arm64","Apple LLVM 21.0.0 (clang-2100.3.34.2)"," -O3 -DNDEBUG",8,100000,flecs,owned_initialize,,1,10,3,41.966000
aalair,"Apple M3",8,"Darwin 27.0.0 arm64","Apple LLVM 21.0.0 (clang-2100.3.34.2)"," -O3 -DNDEBUG",8,100000,flecs,owned_initialize,,1,10,4,42.005000
aalair,"Apple M3",8,"Darwin 27.0.0 arm64","Apple LLVM 21.0.0 (clang-2100.3.34.2)"," -O3 -DNDEBUG",8,100000,flecs,owned_initialize,,1,10,5,41.834000
aalair,"Apple M3",8,"Darwin 27.0.0 arm64","Apple LLVM 21.0.0 (clang-2100.3.34.2)"," -O3 -DNDEBUG",8,100000,flecs,owned_initialize,,1,10,6,41.988000
aalair,"Apple M3",8,"Darwin 27.0.0 arm64","Apple LLVM 21.0.0 (clang-2100.3.34.2)"," -O3 -DNDEBUG",8,100000,flecs,owned_initialize,,1,10,7,41.938000
aalair,"Apple M3",8,"Darwin 27.0.0 arm64","Apple LLVM 21.0.0 (clang-2100.3.34.2)"," -O3 -DNDEBUG",8,100000,flecs,owned_initialize,,1,10,8,41.684000
aalair,"Apple M3",8,"Darwin 27.0.0 arm64","Apple LLVM 21.0.0 (clang-2100.3.34.2)"," -O3 -DNDEBUG",8,100000,flecs,owned_initialize,,1,10,9,42.097000
aalair,"Apple M3",8,"Darwin 27.0.0 arm64","Apple LLVM 21.0.0 (clang-2100.3.34.2)"," -O3 -DNDEBUG",8,100000,flecs,owned_initialize,,1,10,10,42.616000
aalair,"Apple M3",8,"Darwin 27.0.0 arm64","Apple LLVM 21.0.0 (clang-2100.3.34.2)"," -O3 -DNDEBUG",8,100000,flecs,owned_initialize,,1,500,1,409.455000
aalair,"Apple M3",8,"Darwin 27.0.0 arm64","Apple LLVM 21.0.0 (clang-2100.3.34.2)"," -O3 -DNDEBUG",8,100000,flecs,owned_initialize,,1,500,2,406.214000
aalair,"Apple M3",8,"Darwin 27.0.0 arm64","Apple LLVM 21.0.0 (clang-2100.3.34.2)"," -O3 -DNDEBUG",8,100000,flecs,owned_initialize,,1,500,3,404.127000
aalair,"Apple M3",8,"Darwin 27.0.0 arm64","Apple LLVM 21.0.0 (clang-2100.3.34.2)"," -O3 -DNDEBUG",8,100000,flecs,owned_initialize,,1,500,4,405.033000
aalair,"Apple M3",8,"Darwin 27.0.0 arm64","Apple LLVM 21.0.0 (clang-2100.3.34.2)"," -O3 -DNDEBUG",8,100000,flecs,owned_initialize,,1,500,5,421.198000
aalair,"Apple M3",8,"Darwin 27.0.0 arm64","Apple LLVM 21.0.0 (clang-2100.3.34.2)"," -O3 -DNDEBUG",8,100000,flecs,owned_initialize,,1,500,6,403.104000
aalair,"Apple M3",8,"Darwin 27.0.0 arm64","Apple LLVM 21.0.0 (clang-2100.3.34.2)"," -O3 -DNDEBUG",8,100000,flecs,owned_initialize,,1,500,7,416.487000
aalair,"Apple M3",8,"Darwin 27.0.0 arm64","Apple LLVM 21.0.0 (clang-2100.3.34.2)"," -O3 -DNDEBUG",8,100000,flecs,owned_initialize,,1,500,8,403.566000
aalair,"Apple M3",8,"Darwin 27.0.0 arm64","Apple LLVM 21.0.0 (clang-2100.3.34.2)"," -O3 -DNDEBUG",8,100000,flecs,owned_initialize,,1,500,9,403.707000
aalair,"Apple M3",8,"Darwin 27.0.0 arm64","Apple LLVM 21.0.0 (clang-2100.3.34.2)"," -O3 -DNDEBUG",8,100000,flecs,owned_initialize,,1,500,10,403.734000
aalair,"Apple M3",8,"Darwin 27.0.0 arm64","Apple LLVM 21.0.0 (clang-2100.3.34.2)"," -O3 -DNDEBUG",8,100000,pito,owned_initialize,ecs_create_owned,1,0,1,27.749000
aalair,"Apple M3",8,"Darwin 27.0.0 arm64","Apple LLVM 21.0.0 (clang-2100.3.34.2)"," -O3 -DNDEBUG",8,100000,pito,owned_initialize,ecs_create_owned,1,0,2,27.502000
aalair,"Apple M3",8,"Darwin 27.0.0 arm64","Apple LLVM 21.0.0 (clang-2100.3.34.2)"," -O3 -DNDEBUG",8,100000,pito,owned_initialize,ecs_create_owned,1,0,3,27.526000
aalair,"Apple M3",8,"Darwin 27.0.0 arm64","Apple LLVM 21.0.0 (clang-2100.3.34.2)"," -O3 -DNDEBUG",8,100000,pito,owned_initialize,ecs_create_owned,1,0,4,26.887000
aalair,"Apple M3",8,"Darwin 27.0.0 arm64","Apple LLVM 21.0.0 (clang-2100.3.34.2)"," -O3 -DNDEBUG",8,100000,pito,owned_initialize,ecs_create_owned,1,0,5,26.917000
aalair,"Apple M3",8,"Darwin 27.0.0 arm64","Apple LLVM 21.0.0 (clang-2100.3.34.2)"," -O3 -DNDEBUG",8,100000,pito,owned_initialize,ecs_create_owned,1,0,6,27.031000
aalair,"Apple M3",8,"Darwin 27.0.0 arm64","Apple LLVM 21.0.0 (clang-2100.3.34.2)"," -O3 -DNDEBUG",8,100000,pito,owned_initialize,ecs_create_owned,1,0,7,27.179000
aalair,"Apple M3",8,"Darwin 27.0.0 arm64","Apple LLVM 21.0.0 (clang-2100.3.34.2)"," -O3 -DNDEBUG",8,100000,pito,owned_initialize,ecs_create_owned,1,0,8,27.116000
aalair,"Apple M3",8,"Darwin 27.0.0 arm64","Apple LLVM 21.0.0 (clang-2100.3.34.2)"," -O3 -DNDEBUG",8,100000,pito,owned_initialize,ecs_create_owned,1,0,9,27.065000
aalair,"Apple M3",8,"Darwin 27.0.0 arm64","Apple LLVM 21.0.0 (clang-2100.3.34.2)"," -O3 -DNDEBUG",8,100000,pito,owned_initialize,ecs_create_owned,1,0,10,27.070000
aalair,"Apple M3",8,"Darwin 27.0.0 arm64","Apple LLVM 21.0.0 (clang-2100.3.34.2)"," -O3 -DNDEBUG",8,100000,pito,owned_initialize,ecs_create_owned,1,10,1,29.483000
aalair,"Apple M3",8,"Darwin 27.0.0 arm64","Apple LLVM 21.0.0 (clang-2100.3.34.2)"," -O3 -DNDEBUG",8,100000,pito,owned_initialize,ecs_create_owned,1,10,2,29.223000
aalair,"Apple M3",8,"Darwin 27.0.0 arm64","Apple LLVM 21.0.0 (clang-2100.3.34.2)"," -O3 -DNDEBUG",8,100000,pito,owned_initialize,ecs_create_owned,1,10,3,29.548000
aalair,"Apple M3",8,"Darwin 27.0.0 arm64","Apple LLVM 21.0.0 (clang-2100.3.34.2)"," -O3 -DNDEBUG",8,100000,pito,owned_initialize,ecs_create_owned,1,10,4,29.283000
aalair,"Apple M3",8,"Darwin 27.0.0 arm64","Apple LLVM 21.0.0 (clang-2100.3.34.2)"," -O3 -DNDEBUG",8,100000,pito,owned_initialize,ecs_create_owned,1,10,5,29.256000
aalair,"Apple M3",8,"Darwin 27.0.0 arm64","Apple LLVM 21.0.0 (clang-2100.3.34.2)"," -O3 -DNDEBUG",8,100000,pito,owned_initialize,ecs_create_owned,1,10,6,29.223000
aalair,"Apple M3",8,"Darwin 27.0.0 arm64","Apple LLVM 21.0.0 (clang-2100.3.34.2)"," -O3 -DNDEBUG",8,100000,pito,owned_initialize,ecs_create_owned,1,10,7,29.277000
aalair,"Apple M3",8,"Darwin 27.0.0 arm64","Apple LLVM 21.0.0 (clang-2100.3.34.2)"," -O3 -DNDEBUG",8,100000,pito,owned_initialize,ecs_create_owned,1,10,8,29.246000
aalair,"Apple M3",8,"Darwin 27.0.0 arm64","Apple LLVM 21.0.0 (clang-2100.3.34.2)"," -O3 -DNDEBUG",8,100000,pito,owned_initialize,ecs_create_owned,1,10,9,29.254000
aalair,"Apple M3",8,"Darwin 27.0.0 arm64","Apple LLVM 21.0.0 (clang-2100.3.34.2)"," -O3 -DNDEBUG",8,100000,pito,owned_initialize,ecs_create_owned,1,10,10,29.377000
aalair,"Apple M3",8,"Darwin 27.0.0 arm64","Apple LLVM 21.0.0 (clang-2100.3.34.2)"," -O3 -DNDEBUG",8,100000,pito,owned_initialize,ecs_create_owned,1,500,1,381.579000
aalair,"Apple M3",8,"Darwin 27.0.0 arm64","Apple LLVM 21.0.0 (clang-2100.3.34.2)"," -O3 -DNDEBUG",8,100000,pito,owned_initialize,ecs_create_owned,1,500,2,381.258000
aalair,"Apple M3",8,"Darwin 27.0.0 arm64","Apple LLVM 21.0.0 (clang-2100.3.34.2)"," -O3 -DNDEBUG",8,100000,pito,owned_initialize,ecs_create_owned,1,500,3,382.201000
aalair,"Apple M3",8,"Darwin 27.0.0 arm64","Apple LLVM 21.0.0 (clang-2100.3.34.2)"," -O3 -DNDEBUG",8,100000,pito,owned_initialize,ecs_create_owned,1,500,4,382.417000
aalair,"Apple M3",8,"Darwin 27.0.0 arm64","Apple LLVM 21.0.0 (clang-2100.3.34.2)"," -O3 -DNDEBUG",8,100000,pito,owned_initialize,ecs_create_owned,1,500,5,382.029000
aalair,"Apple M3",8,"Darwin 27.0.0 arm64","Apple LLVM 21.0.0 (clang-2100.3.34.2)"," -O3 -DNDEBUG",8,100000,pito,owned_initialize,ecs_create_owned,1,500,6,381.539000
aalair,"Apple M3",8,"Darwin 27.0.0 arm64","Apple LLVM 21.0.0 (clang-2100.3.34.2)"," -O3 -DNDEBUG",8,100000,pito,owned_initialize,ecs_create_owned,1,500,7,381.691000
aalair,"Apple M3",8,"Darwin 27.0.0 arm64","Apple LLVM 21.0.0 (clang-2100.3.34.2)"," -O3 -DNDEBUG",8,100000,pito,owned_initialize,ecs_create_owned,1,500,8,383.147000
aalair,"Apple M3",8,"Darwin 27.0.0 arm64","Apple LLVM 21.0.0 (clang-2100.3.34.2)"," -O3 -DNDEBUG",8,100000,pito,owned_initialize,ecs_create_owned,1,500,9,381.409000
aalair,"Apple M3",8,"Darwin 27.0.0 arm64","Apple LLVM 21.0.0 (clang-2100.3.34.2)"," -O3 -DNDEBUG",8,100000,pito,owned_initialize,ecs_create_owned,1,500,10,381.626000
aalair,"Apple M3",8,"Darwin 27.0.0 arm64","Apple LLVM 21.0.0 (clang-2100.3.34.2)"," -O3 -DNDEBUG",8,100000,pito,owned_initialize,ecs_create_owned,2,0,1,47.818000
aalair,"Apple M3",8,"Darwin 27.0.0 arm64","Apple LLVM 21.0.0 (clang-2100.3.34.2)"," -O3 -DNDEBUG",8,100000,pito,owned_initialize,ecs_create_owned,2,0,2,49.050000
aalair,"Apple M3",8,"Darwin 27.0.0 arm64","Apple LLVM 21.0.0 (clang-2100.3.34.2)"," -O3 -DNDEBUG",8,100000,pito,owned_initialize,ecs_create_owned,2,0,3,47.776000
aalair,"Apple M3",8,"Darwin 27.0.0 arm64","Apple LLVM 21.0.0 (clang-2100.3.34.2)"," -O3 -DNDEBUG",8,100000,pito,owned_initialize,ecs_create_owned,2,0,4,47.742000
aalair,"Apple M3",8,"Darwin 27.0.0 arm64","Apple LLVM 21.0.0 (clang-2100.3.34.2)"," -O3 -DNDEBUG",8,100000,pito,owned_initialize,ecs_create_owned,2,0,5,47.765000
aalair,"Apple M3",8,"Darwin 27.0.0 arm64","Apple LLVM 21.0.0 (clang-2100.3.34.2)"," -O3 -DNDEBUG",8,100000,pito,owned_initialize,ecs_create_owned,2,0,6,47.743000
aalair,"Apple M3",8,"Darwin 27.0.0 arm64","Apple LLVM 21.0.0 (clang-2100.3.34.2)"," -O3 -DNDEBUG",8,100000,pito,owned_initialize,ecs_create_owned,2,0,7,47.668000
aalair,"Apple M3",8,"Darwin 27.0.0 arm64","Apple LLVM 21.0.0 (clang-2100.3.34.2)"," -O3 -DNDEBUG",8,100000,pito,owned_initialize,ecs_create_owned,2,0,8,51.426000
aalair,"Apple M3",8,"Darwin 27.0.0 arm64","Apple LLVM 21.0.0 (clang-2100.3.34.2)"," -O3 -DNDEBUG",8,100000,pito,owned_initialize,ecs_create_owned,2,0,9,51.471000
aalair,"Apple M3",8,"Darwin 27.0.0 arm64","Apple LLVM 21.0.0 (clang-2100.3.34.2)"," -O3 -DNDEBUG",8,100000,pito,owned_initialize,ecs_create_owned,2,0,10,47.772000
aalair,"Apple M3",8,"Darwin 27.0.0 arm64","Apple LLVM 21.0.0 (clang-2100.3.34.2)"," -O3 -DNDEBUG",8,100000,pito,owned_initialize,ecs_create_owned,2,0,11,47.768000
aalair,"Apple M3",8,"Darwin 27.0.0 arm64","Apple LLVM 21.0.0 (clang-2100.3.34.2)"," -O3 -DNDEBUG",8,100000,pito,owned_initialize,ecs_create_owned,2,0,12,47.681000
aalair,"Apple M3",8,"Darwin 27.0.0 arm64","Apple LLVM 21.0.0 (clang-2100.3.34.2)"," -O3 -DNDEBUG",8,100000,pito,owned_initialize,ecs_create_owned,2,0,13,51.914000
aalair,"Apple M3",8,"Darwin 27.0.0 arm64","Apple LLVM 21.0.0 (clang-2100.3.34.2)"," -O3 -DNDEBUG",8,100000,pito,owned_initialize,ecs_create_owned,2,0,14,55.374000
aalair,"Apple M3",8,"Darwin 27.0.0 arm64","Apple LLVM 21.0.0 (clang-2100.3.34.2)"," -O3 -DNDEBUG",8,100000,pito,owned_initialize,ecs_create_owned,2,0,15,55.550000
aalair,"Apple M3",8,"Darwin 27.0.0 arm64","Apple LLVM 21.0.0 (clang-2100.3.34.2)"," -O3 -DNDEBUG",8,100000,pito,owned_initialize,ecs_create_owned,2,0,16,54.876000
aalair,"Apple M3",8,"Darwin 27.0.0 arm64","Apple LLVM 21.0.0 (clang-2100.3.34.2)"," -O3 -DNDEBUG",8,100000,pito,owned_initialize,ecs_create_owned,2,0,17,55.142000
aalair,"Apple M3",8,"Darwin 27.0.0 arm64","Apple LLVM 21.0.0 (clang-2100.3.34.2)"," -O3 -DNDEBUG",8,100000,pito,owned_initialize,ecs_create_owned,2,0,18,54.606000
aalair,"Apple M3",8,"Darwin 27.0.0 arm64","Apple LLVM 21.0.0 (clang-2100.3.34.2)"," -O3 -DNDEBUG",8,100000,pito,owned_initialize,ecs_create_owned,2,0,19,54.861000
aalair,"Apple M3",8,"Darwin 27.0.0 arm64","Apple LLVM 21.0.0 (clang-2100.3.34.2)"," -O3 -DNDEBUG",8,100000,pito,owned_initialize,ecs_create_owned,2,0,20,54.398000
aalair,"Apple M3",8,"Darwin 27.0.0 arm64","Apple LLVM 21.0.0 (clang-2100.3.34.2)"," -O3 -DNDEBUG",8,100000,pito,owned_initialize,ecs_create_owned,2,0,21,54.444000
aalair,"Apple M3",8,"Darwin 27.0.0 arm64","Apple LLVM 21.0.0 (clang-2100.3.34.2)"," -O3 -DNDEBUG",8,100000,pito,owned_initialize,ecs_create_owned,2,0,22,54.013000
aalair,"Apple M3",8,"Darwin 27.0.0 arm64","Apple LLVM 21.0.0 (clang-2100.3.34.2)"," -O3 -DNDEBUG",8,100000,pito,owned_initialize,ecs_create_owned,2,0,23,54.121000
aalair,"Apple M3",8,"Darwin 27.0.0 arm64","Apple LLVM 21.0.0 (clang-2100.3.34.2)"," -O3 -DNDEBUG",8,100000,pito,owned_initialize,ecs_create_owned,2,0,24,54.160000
aalair,"Apple M3",8,"Darwin 27.0.0 arm64","Apple LLVM 21.0.0 (clang-2100.3.34.2)"," -O3 -DNDEBUG",8,100000,pito,owned_initialize,ecs_create_owned,2,0,25,54.329000
aalair,"Apple M3",8,"Darwin 27.0.0 arm64","Apple LLVM 21.0.0 (clang-2100.3.34.2)"," -O3 -DNDEBUG",8,100000,pito,owned_initialize,ecs_create_owned,2,0,26,54.420000
aalair,"Apple M3",8,"Darwin 27.0.0 arm64","Apple LLVM 21.0.0 (clang-2100.3.34.2)"," -O3 -DNDEBUG",8,100000,pito,owned_initialize,ecs_create_owned,2,0,27,55.145000
aalair,"Apple M3",8,"Darwin 27.0.0 arm64","Apple LLVM 21.0.0 (clang-2100.3.34.2)"," -O3 -DNDEBUG",8,100000,pito,owned_initialize,ecs_create_owned,2,0,28,54.911000
aalair,"Apple M3",8,"Darwin 27.0.0 arm64","Apple LLVM 21.0.0 (clang-2100.3.34.2)"," -O3 -DNDEBUG",8,100000,pito,owned_initialize,ecs_create_owned,2,0,29,54.383000
aalair,"Apple M3",8,"Darwin 27.0.0 arm64","Apple LLVM 21.0.0 (clang-2100.3.34.2)"," -O3 -DNDEBUG",8,100000,pito,owned_initialize,ecs_create_owned,2,0,30,54.248000
aalair,"Apple M3",8,"Darwin 27.0.0 arm64","Apple LLVM 21.0.0 (clang-2100.3.34.2)"," -O3 -DNDEBUG",8,100000,pito,owned_initialize,ecs_create_owned,2,0,31,54.011000
aalair,"Apple M3",8,"Darwin 27.0.0 arm64","Apple LLVM 21.0.0 (clang-2100.3.34.2)"," -O3 -DNDEBUG",8,100000,pito,owned_initialize,ecs_create_owned,2,0,32,54.254000
aalair,"Apple M3",8,"Darwin 27.0.0 arm64","Apple LLVM 21.0.0 (clang-2100.3.34.2)"," -O3 -DNDEBUG",8,100000,pito,owned_initialize,ecs_create_owned,2,0,33,54.170000
aalair,"Apple M3",8,"Darwin 27.0.0 arm64","Apple LLVM 21.0.0 (clang-2100.3.34.2)"," -O3 -DNDEBUG",8,100000,pito,owned_initialize,ecs_create_owned,2,0,34,51.684000
aalair,"Apple M3",8,"Darwin 27.0.0 arm64","Apple LLVM 21.0.0 (clang-2100.3.34.2)"," -O3 -DNDEBUG",8,100000,pito,owned_initialize,ecs_create_owned,2,0,35,47.053000
aalair,"Apple M3",8,"Darwin 27.0.0 arm64","Apple LLVM 21.0.0 (clang-2100.3.34.2)"," -O3 -DNDEBUG",8,100000,pito,owned_initialize,ecs_create_owned,2,0,36,46.996000
aalair,"Apple M3",8,"Darwin 27.0.0 arm64","Apple LLVM 21.0.0 (clang-2100.3.34.2)"," -O3 -DNDEBUG",8,100000,pito,owned_initialize,ecs_create_owned,2,0,37,47.128000
aalair,"Apple M3",8,"Darwin 27.0.0 arm64","Apple LLVM 21.0.0 (clang-2100.3.34.2)"," -O3 -DNDEBUG",8,100000,pito,owned_initialize,ecs_create_owned,2,0,38,50.888000
aalair,"Apple M3",8,"Darwin 27.0.0 arm64","Apple LLVM 21.0.0 (clang-2100.3.34.2)"," -O3 -DNDEBUG",8,100000,pito,owned_initialize,ecs_create_owned,2,0,39,53.481000
aalair,"Apple M3",8,"Darwin 27.0.0 arm64","Apple LLVM 21.0.0 (clang-2100.3.34.2)"," -O3 -DNDEBUG",8,100000,pito,owned_initialize,ecs_create_owned,2,0,40,51.921000
aalair,"Apple M3",8,"Darwin 27.0.0 arm64","Apple LLVM 21.0.0 (clang-2100.3.34.2)"," -O3 -DNDEBUG",8,100000,pito,owned_initialize,ecs_create_owned,2,0,41,51.167000
aalair,"Apple M3",8,"Darwin 27.0.0 arm64","Apple LLVM 21.0.0 (clang-2100.3.34.2)"," -O3 -DNDEBUG",8,100000,pito,owned_initialize,ecs_create_owned,2,10,1,48.694000
aalair,"Apple M3",8,"Darwin 27.0.0 arm64","Apple LLVM 21.0.0 (clang-2100.3.34.2)"," -O3 -DNDEBUG",8,100000,pito,owned_initialize,ecs_create_owned,2,10,2,47.574000
aalair,"Apple M3",8,"Darwin 27.0.0 arm64","Apple LLVM 21.0.0 (clang-2100.3.34.2)"," -O3 -DNDEBUG",8,100000,pito,owned_initialize,ecs_create_owned,2,10,3,47.557000
aalair,"Apple M3",8,"Darwin 27.0.0 arm64","Apple LLVM 21.0.0 (clang-2100.3.34.2)"," -O3 -DNDEBUG",8,100000,pito,owned_initialize,ecs_create_owned,2,10,4,49.315000
aalair,"Apple M3",8,"Darwin 27.0.0 arm64","Apple LLVM 21.0.0 (clang-2100.3.34.2)"," -O3 -DNDEBUG",8,100000,pito,owned_initialize,ecs_create_owned,2,10,5,48.538000
aalair,"Apple M3",8,"Darwin 27.0.0 arm64","Apple LLVM 21.0.0 (clang-2100.3.34.2)"," -O3 -DNDEBUG",8,100000,pito,owned_initialize,ecs_create_owned,2,10,6,47.794000
aalair,"Apple M3",8,"Darwin 27.0.0 arm64","Apple LLVM 21.0.0 (clang-2100.3.34.2)"," -O3 -DNDEBUG",8,100000,pito,owned_initialize,ecs_create_owned,2,10,7,46.892000
aalair,"Apple M3",8,"Darwin 27.0.0 arm64","Apple LLVM 21.0.0 (clang-2100.3.34.2)"," -O3 -DNDEBUG",8,100000,pito,owned_initialize,ecs_create_owned,2,10,8,47.270000
aalair,"Apple M3",8,"Darwin 27.0.0 arm64","Apple LLVM 21.0.0 (clang-2100.3.34.2)"," -O3 -DNDEBUG",8,100000,pito,owned_initialize,ecs_create_owned,2,10,9,46.937000
aalair,"Apple M3",8,"Darwin 27.0.0 arm64","Apple LLVM 21.0.0 (clang-2100.3.34.2)"," -O3 -DNDEBUG",8,100000,pito,owned_initialize,ecs_create_owned,2,10,10,50.353000
aalair,"Apple M3",8,"Darwin 27.0.0 arm64","Apple LLVM 21.0.0 (clang-2100.3.34.2)"," -O3 -DNDEBUG",8,100000,pito,owned_initialize,ecs_create_owned,2,10,11,49.254000
aalair,"Apple M3",8,"Darwin 27.0.0 arm64","Apple LLVM 21.0.0 (clang-2100.3.34.2)"," -O3 -DNDEBUG",8,100000,pito,owned_initialize,ecs_create_owned,2,500,1,208.239000
aalair,"Apple M3",8,"Darwin 27.0.0 arm64","Apple LLVM 21.0.0 (clang-2100.3.34.2)"," -O3 -DNDEBUG",8,100000,pito,owned_initialize,ecs_create_owned,2,500,2,206.430000
aalair,"Apple M3",8,"Darwin 27.0.0 arm64","Apple LLVM 21.0.0 (clang-2100.3.34.2)"," -O3 -DNDEBUG",8,100000,pito,owned_initialize,ecs_create_owned,2,500,3,206.572000
aalair,"Apple M3",8,"Darwin 27.0.0 arm64","Apple LLVM 21.0.0 (clang-2100.3.34.2)"," -O3 -DNDEBUG",8,100000,pito,owned_initialize,ecs_create_owned,2,500,4,206.200000
aalair,"Apple M3",8,"Darwin 27.0.0 arm64","Apple LLVM 21.0.0 (clang-2100.3.34.2)"," -O3 -DNDEBUG",8,100000,pito,owned_initialize,ecs_create_owned,2,500,5,206.650000
aalair,"Apple M3",8,"Darwin 27.0.0 arm64","Apple LLVM 21.0.0 (clang-2100.3.34.2)"," -O3 -DNDEBUG",8,100000,pito,owned_initialize,ecs_create_owned,2,500,6,206.213000
aalair,"Apple M3",8,"Darwin 27.0.0 arm64","Apple LLVM 21.0.0 (clang-2100.3.34.2)"," -O3 -DNDEBUG",8,100000,pito,owned_initialize,ecs_create_owned,2,500,7,207.669000
aalair,"Apple M3",8,"Darwin 27.0.0 arm64","Apple LLVM 21.0.0 (clang-2100.3.34.2)"," -O3 -DNDEBUG",8,100000,pito,owned_initialize,ecs_create_owned,2,500,8,206.732000
aalair,"Apple M3",8,"Darwin 27.0.0 arm64","Apple LLVM 21.0.0 (clang-2100.3.34.2)"," -O3 -DNDEBUG",8,100000,pito,owned_initialize,ecs_create_owned,2,500,9,205.989000
aalair,"Apple M3",8,"Darwin 27.0.0 arm64","Apple LLVM 21.0.0 (clang-2100.3.34.2)"," -O3 -DNDEBUG",8,100000,pito,owned_initialize,ecs_create_owned,2,500,10,206.145000
aalair,"Apple M3",8,"Darwin 27.0.0 arm64","Apple LLVM 21.0.0 (clang-2100.3.34.2)"," -O3 -DNDEBUG",8,100000,pito,owned_initialize,ecs_create_owned,4,0,1,47.103000
aalair,"Apple M3",8,"Darwin 27.0.0 arm64","Apple LLVM 21.0.0 (clang-2100.3.34.2)"," -O3 -DNDEBUG",8,100000,pito,owned_initialize,ecs_create_owned,4,0,2,49.035000
aalair,"Apple M3",8,"Darwin 27.0.0 arm64","Apple LLVM 21.0.0 (clang-2100.3.34.2)"," -O3 -DNDEBUG",8,100000,pito,owned_initialize,ecs_create_owned,4,0,3,50.331000
aalair,"Apple M3",8,"Darwin 27.0.0 arm64","Apple LLVM 21.0.0 (clang-2100.3.34.2)"," -O3 -DNDEBUG",8,100000,pito,owned_initialize,ecs_create_owned,4,0,4,48.120000
aalair,"Apple M3",8,"Darwin 27.0.0 arm64","Apple LLVM 21.0.0 (clang-2100.3.34.2)"," -O3 -DNDEBUG",8,100000,pito,owned_initialize,ecs_create_owned,4,0,5,48.336000
aalair,"Apple M3",8,"Darwin 27.0.0 arm64","Apple LLVM 21.0.0 (clang-2100.3.34.2)"," -O3 -DNDEBUG",8,100000,pito,owned_initialize,ecs_create_owned,4,0,6,48.097000
aalair,"Apple M3",8,"Darwin 27.0.0 arm64","Apple LLVM 21.0.0 (clang-2100.3.34.2)"," -O3 -DNDEBUG",8,100000,pito,owned_initialize,ecs_create_owned,4,0,7,48.616000
aalair,"Apple M3",8,"Darwin 27.0.0 arm64","Apple LLVM 21.0.0 (clang-2100.3.34.2)"," -O3 -DNDEBUG",8,100000,pito,owned_initialize,ecs_create_owned,4,0,8,49.448000
aalair,"Apple M3",8,"Darwin 27.0.0 arm64","Apple LLVM 21.0.0 (clang-2100.3.34.2)"," -O3 -DNDEBUG",8,100000,pito,owned_initialize,ecs_create_owned,4,0,9,50.866000
aalair,"Apple M3",8,"Darwin 27.0.0 arm64","Apple LLVM 21.0.0 (clang-2100.3.34.2)"," -O3 -DNDEBUG",8,100000,pito,owned_initialize,ecs_create_owned,4,0,10,48.563000
aalair,"Apple M3",8,"Darwin 27.0.0 arm64","Apple LLVM 21.0.0 (clang-2100.3.34.2)"," -O3 -DNDEBUG",8,100000,pito,owned_initialize,ecs_create_owned,4,10,1,47.991000
aalair,"Apple M3",8,"Darwin 27.0.0 arm64","Apple LLVM 21.0.0 (clang-2100.3.34.2)"," -O3 -DNDEBUG",8,100000,pito,owned_initialize,ecs_create_owned,4,10,2,48.725000
aalair,"Apple M3",8,"Darwin 27.0.0 arm64","Apple LLVM 21.0.0 (clang-2100.3.34.2)"," -O3 -DNDEBUG",8,100000,pito,owned_initialize,ecs_create_owned,4,10,3,48.172000
aalair,"Apple M3",8,"Darwin 27.0.0 arm64","Apple LLVM 21.0.0 (clang-2100.3.34.2)"," -O3 -DNDEBUG",8,100000,pito,owned_initialize,ecs_create_owned,4,10,4,48.698000
aalair,"Apple M3",8,"Darwin 27.0.0 arm64","Apple LLVM 21.0.0 (clang-2100.3.34.2)"," -O3 -DNDEBUG",8,100000,pito,owned_initialize,ecs_create_owned,4,10,5,48.021000
aalair,"Apple M3",8,"Darwin 27.0.0 arm64","Apple LLVM 21.0.0 (clang-2100.3.34.2)"," -O3 -DNDEBUG",8,100000,pito,owned_initialize,ecs_create_owned,4,10,6,48.416000
aalair,"Apple M3",8,"Darwin 27.0.0 arm64","Apple LLVM 21.0.0 (clang-2100.3.34.2)"," -O3 -DNDEBUG",8,100000,pito,owned_initialize,ecs_create_owned,4,10,7,46.883000
aalair,"Apple M3",8,"Darwin 27.0.0 arm64","Apple LLVM 21.0.0 (clang-2100.3.34.2)"," -O3 -DNDEBUG",8,100000,pito,owned_initialize,ecs_create_owned,4,10,8,46.673000
aalair,"Apple M3",8,"Darwin 27.0.0 arm64","Apple LLVM 21.0.0 (clang-2100.3.34.2)"," -O3 -DNDEBUG",8,100000,pito,owned_initialize,ecs_create_owned,4,10,9,46.679000
aalair,"Apple M3",8,"Darwin 27.0.0 arm64","Apple LLVM 21.0.0 (clang-2100.3.34.2)"," -O3 -DNDEBUG",8,100000,pito,owned_initialize,ecs_create_owned,4,10,10,46.768000
aalair,"Apple M3",8,"Darwin 27.0.0 arm64","Apple LLVM 21.0.0 (clang-2100.3.34.2)"," -O3 -DNDEBUG",8,100000,pito,owned_initialize,ecs_create_owned,4,500,1,121.149000
aalair,"Apple M3",8,"Darwin 27.0.0 arm64","Apple LLVM 21.0.0 (clang-2100.3.34.2)"," -O3 -DNDEBUG",8,100000,pito,owned_initialize,ecs_create_owned,4,500,2,119.528000
aalair,"Apple M3",8,"Darwin 27.0.0 arm64","Apple LLVM 21.0.0 (clang-2100.3.34.2)"," -O3 -DNDEBUG",8,100000,pito,owned_initialize,ecs_create_owned,4,500,3,120.221000
aalair,"Apple M3",8,"Darwin 27.0.0 arm64","Apple LLVM 21.0.0 (clang-2100.3.34.2)"," -O3 -DNDEBUG",8,100000,pito,owned_initialize,ecs_create_owned,4,500,4,119.663000
aalair,"Apple M3",8,"Darwin 27.0.0 arm64","Apple LLVM 21.0.0 (clang-2100.3.34.2)"," -O3 -DNDEBUG",8,100000,pito,owned_initialize,ecs_create_owned,4,500,5,119.742000
aalair,"Apple M3",8,"Darwin 27.0.0 arm64","Apple LLVM 21.0.0 (clang-2100.3.34.2)"," -O3 -DNDEBUG",8,100000,pito,owned_initialize,ecs_create_owned,4,500,6,119.639000
aalair,"Apple M3",8,"Darwin 27.0.0 arm64","Apple LLVM 21.0.0 (clang-2100.3.34.2)"," -O3 -DNDEBUG",8,100000,pito,owned_initialize,ecs_create_owned,4,500,7,119.448000
aalair,"Apple M3",8,"Darwin 27.0.0 arm64","Apple LLVM 21.0.0 (clang-2100.3.34.2)"," -O3 -DNDEBUG",8,100000,pito,owned_initialize,ecs_create_owned,4,500,8,119.542000
aalair,"Apple M3",8,"Darwin 27.0.0 arm64","Apple LLVM 21.0.0 (clang-2100.3.34.2)"," -O3 -DNDEBUG",8,100000,pito,owned_initialize,ecs_create_owned,4,500,9,119.537000
aalair,"Apple M3",8,"Darwin 27.0.0 arm64","Apple LLVM 21.0.0 (clang-2100.3.34.2)"," -O3 -DNDEBUG",8,100000,pito,owned_initialize,ecs_create_owned,4,500,10,119.588000
aalair,"Apple M3",8,"Darwin 27.0.0 arm64","Apple LLVM 21.0.0 (clang-2100.3.34.2)"," -O3 -DNDEBUG",8,100000,pito,owned_initialize,ecs_create_owned,8,0,1,67.540000
aalair,"Apple M3",8,"Darwin 27.0.0 arm64","Apple LLVM 21.0.0 (clang-2100.3.34.2)"," -O3 -DNDEBUG",8,100000,pito,owned_initialize,ecs_create_owned,8,0,2,67.153000
aalair,"Apple M3",8,"Darwin 27.0.0 arm64","Apple LLVM 21.0.0 (clang-2100.3.34.2)"," -O3 -DNDEBUG",8,100000,pito,owned_initialize,ecs_create_owned,8,0,3,67.944000
aalair,"Apple M3",8,"Darwin 27.0.0 arm64","Apple LLVM 21.0.0 (clang-2100.3.34.2)"," -O3 -DNDEBUG",8,100000,pito,owned_initialize,ecs_create_owned,8,0,4,68.074000
aalair,"Apple M3",8,"Darwin 27.0.0 arm64","Apple LLVM 21.0.0 (clang-2100.3.34.2)"," -O3 -DNDEBUG",8,100000,pito,owned_initialize,ecs_create_owned,8,0,5,67.558000
aalair,"Apple M3",8,"Darwin 27.0.0 arm64","Apple LLVM 21.0.0 (clang-2100.3.34.2)"," -O3 -DNDEBUG",8,100000,pito,owned_initialize,ecs_create_owned,8,0,6,67.191000
aalair,"Apple M3",8,"Darwin 27.0.0 arm64","Apple LLVM 21.0.0 (clang-2100.3.34.2)"," -O3 -DNDEBUG",8,100000,pito,owned_initialize,ecs_create_owned,8,0,7,67.689000
aalair,"Apple M3",8,"Darwin 27.0.0 arm64","Apple LLVM 21.0.0 (clang-2100.3.34.2)"," -O3 -DNDEBUG",8,100000,pito,owned_initialize,ecs_create_owned,8,0,8,67.914000
aalair,"Apple M3",8,"Darwin 27.0.0 arm64","Apple LLVM 21.0.0 (clang-2100.3.34.2)"," -O3 -DNDEBUG",8,100000,pito,owned_initialize,ecs_create_owned,8,0,9,68.238000
aalair,"Apple M3",8,"Darwin 27.0.0 arm64","Apple LLVM 21.0.0 (clang-2100.3.34.2)"," -O3 -DNDEBUG",8,100000,pito,owned_initialize,ecs_create_owned,8,0,10,68.158000
aalair,"Apple M3",8,"Darwin 27.0.0 arm64","Apple LLVM 21.0.0 (clang-2100.3.34.2)"," -O3 -DNDEBUG",8,100000,pito,owned_initialize,ecs_create_owned,8,10,1,67.709000
aalair,"Apple M3",8,"Darwin 27.0.0 arm64","Apple LLVM 21.0.0 (clang-2100.3.34.2)"," -O3 -DNDEBUG",8,100000,pito,owned_initialize,ecs_create_owned,8,10,2,68.129000
aalair,"Apple M3",8,"Darwin 27.0.0 arm64","Apple LLVM 21.0.0 (clang-2100.3.34.2)"," -O3 -DNDEBUG",8,100000,pito,owned_initialize,ecs_create_owned,8,10,3,66.822000
aalair,"Apple M3",8,"Darwin 27.0.0 arm64","Apple LLVM 21.0.0 (clang-2100.3.34.2)"," -O3 -DNDEBUG",8,100000,pito,owned_initialize,ecs_create_owned,8,10,4,67.255000
aalair,"Apple M3",8,"Darwin 27.0.0 arm64","Apple LLVM 21.0.0 (clang-2100.3.34.2)"," -O3 -DNDEBUG",8,100000,pito,owned_initialize,ecs_create_owned,8,10,5,68.778000
aalair,"Apple M3",8,"Darwin 27.0.0 arm64","Apple LLVM 21.0.0 (clang-2100.3.34.2)"," -O3 -DNDEBUG",8,100000,pito,owned_initialize,ecs_create_owned,8,10,6,68.011000
aalair,"Apple M3",8,"Darwin 27.0.0 arm64","Apple LLVM 21.0.0 (clang-2100.3.34.2)"," -O3 -DNDEBUG",8,100000,pito,owned_initialize,ecs_create_owned,8,10,7,66.602000
aalair,"Apple M3",8,"Darwin 27.0.0 arm64","Apple LLVM 21.0.0 (clang-2100.3.34.2)"," -O3 -DNDEBUG",8,100000,pito,owned_initialize,ecs_create_owned,8,10,8,66.665000
aalair,"Apple M3",8,"Darwin 27.0.0 arm64","Apple LLVM 21.0.0 (clang-2100.3.34.2)"," -O3 -DNDEBUG",8,100000,pito,owned_initialize,ecs_create_owned,8,10,9,67.455000
aalair,"Apple M3",8,"Darwin 27.0.0 arm64","Apple LLVM 21.0.0 (clang-2100.3.34.2)"," -O3 -DNDEBUG",8,100000,pito,owned_initialize,ecs_create_owned,8,10,10,66.496000
aalair,"Apple M3",8,"Darwin 27.0.0 arm64","Apple LLVM 21.0.0 (clang-2100.3.34.2)"," -O3 -DNDEBUG",8,100000,pito,owned_initialize,ecs_create_owned,8,500,1,104.245000
aalair,"Apple M3",8,"Darwin 27.0.0 arm64","Apple LLVM 21.0.0 (clang-2100.3.34.2)"," -O3 -DNDEBUG",8,100000,pito,owned_initialize,ecs_create_owned,8,500,2,101.672000
aalair,"Apple M3",8,"Darwin 27.0.0 arm64","Apple LLVM 21.0.0 (clang-2100.3.34.2)"," -O3 -DNDEBUG",8,100000,pito,owned_initialize,ecs_create_owned,8,500,3,101.496000
aalair,"Apple M3",8,"Darwin 27.0.0 arm64","Apple LLVM 21.0.0 (clang-2100.3.34.2)"," -O3 -DNDEBUG",8,100000,pito,owned_initialize,ecs_create_owned,8,500,4,104.872000
aalair,"Apple M3",8,"Darwin 27.0.0 arm64","Apple LLVM 21.0.0 (clang-2100.3.34.2)"," -O3 -DNDEBUG",8,100000,pito,owned_initialize,ecs_create_owned,8,500,5,101.783000
aalair,"Apple M3",8,"Darwin 27.0.0 arm64","Apple LLVM 21.0.0 (clang-2100.3.34.2)"," -O3 -DNDEBUG",8,100000,pito,owned_initialize,ecs_create_owned,8,500,6,103.017000
aalair,"Apple M3",8,"Darwin 27.0.0 arm64","Apple LLVM 21.0.0 (clang-2100.3.34.2)"," -O3 -DNDEBUG",8,100000,pito,owned_initialize,ecs_create_owned,8,500,7,100.859000
aalair,"Apple M3",8,"Darwin 27.0.0 arm64","Apple LLVM 21.0.0 (clang-2100.3.34.2)"," -O3 -DNDEBUG",8,100000,pito,owned_initialize,ecs_create_owned,8,500,8,106.705000
aalair,"Apple M3",8,"Darwin 27.0.0 arm64","Apple LLVM 21.0.0 (clang-2100.3.34.2)"," -O3 -DNDEBUG",8,100000,pito,owned_initialize,ecs_create_owned,8,500,9,103.940000
aalair,"Apple M3",8,"Darwin 27.0.0 arm64","Apple LLVM 21.0.0 (clang-2100.3.34.2)"," -O3 -DNDEBUG",8,100000,pito,owned_initialize,ecs_create_owned,8,500,10,102.725000
aalair,"Apple M3",8,"Darwin 27.0.0 arm64","Apple LLVM 21.0.0 (clang-2100.3.34.2)"," -O3 -DNDEBUG",8,100000,pito,owned_initialize,ecs_create_owned_sharded,1,0,1,27.125000
aalair,"Apple M3",8,"Darwin 27.0.0 arm64","Apple LLVM 21.0.0 (clang-2100.3.34.2)"," -O3 -DNDEBUG",8,100000,pito,owned_initialize,ecs_create_owned_sharded,1,0,2,26.945000
aalair,"Apple M3",8,"Darwin 27.0.0 arm64","Apple LLVM 21.0.0 (clang-2100.3.34.2)"," -O3 -DNDEBUG",8,100000,pito,owned_initialize,ecs_create_owned_sharded,1,0,3,27.096000
aalair,"Apple M3",8,"Darwin 27.0.0 arm64","Apple LLVM 21.0.0 (clang-2100.3.34.2)"," -O3 -DNDEBUG",8,100000,pito,owned_initialize,ecs_create_owned_sharded,1,0,4,26.937000
aalair,"Apple M3",8,"Darwin 27.0.0 arm64","Apple LLVM 21.0.0 (clang-2100.3.34.2)"," -O3 -DNDEBUG",8,100000,pito,owned_initialize,ecs_create_owned_sharded,1,0,5,27.044000
aalair,"Apple M3",8,"Darwin 27.0.0 arm64","Apple LLVM 21.0.0 (clang-2100.3.34.2)"," -O3 -DNDEBUG",8,100000,pito,owned_initialize,ecs_create_owned_sharded,1,0,6,27.000000
aalair,"Apple M3",8,"Darwin 27.0.0 arm64","Apple LLVM 21.0.0 (clang-2100.3.34.2)"," -O3 -DNDEBUG",8,100000,pito,owned_initialize,ecs_create_owned_sharded,1,0,7,27.004000
aalair,"Apple M3",8,"Darwin 27.0.0 arm64","Apple LLVM 21.0.0 (clang-2100.3.34.2)"," -O3 -DNDEBUG",8,100000,pito,owned_initialize,ecs_create_owned_sharded,1,0,8,27.057000
aalair,"Apple M3",8,"Darwin 27.0.0 arm64","Apple LLVM 21.0.0 (clang-2100.3.34.2)"," -O3 -DNDEBUG",8,100000,pito,owned_initialize,ecs_create_owned_sharded,1,0,9,27.076000
aalair,"Apple M3",8,"Darwin 27.0.0 arm64","Apple LLVM 21.0.0 (clang-2100.3.34.2)"," -O3 -DNDEBUG",8,100000,pito,owned_initialize,ecs_create_owned_sharded,1,0,10,27.264000
aalair,"Apple M3",8,"Darwin 27.0.0 arm64","Apple LLVM 21.0.0 (clang-2100.3.34.2)"," -O3 -DNDEBUG",8,100000,pito,owned_initialize,ecs_create_owned_sharded,1,10,1,29.565000
aalair,"Apple M3",8,"Darwin 27.0.0 arm64","Apple LLVM 21.0.0 (clang-2100.3.34.2)"," -O3 -DNDEBUG",8,100000,pito,owned_initialize,ecs_create_owned_sharded,1,10,2,29.392000
aalair,"Apple M3",8,"Darwin 27.0.0 arm64","Apple LLVM 21.0.0 (clang-2100.3.34.2)"," -O3 -DNDEBUG",8,100000,pito,owned_initialize,ecs_create_owned_sharded,1,10,3,29.496000
aalair,"Apple M3",8,"Darwin 27.0.0 arm64","Apple LLVM 21.0.0 (clang-2100.3.34.2)"," -O3 -DNDEBUG",8,100000,pito,owned_initialize,ecs_create_owned_sharded,1,10,4,29.383000
aalair,"Apple M3",8,"Darwin 27.0.0 arm64","Apple LLVM 21.0.0 (clang-2100.3.34.2)"," -O3 -DNDEBUG",8,100000,pito,owned_initialize,ecs_create_owned_sharded,1,10,5,29.387000
aalair,"Apple M3",8,"Darwin 27.0.0 arm64","Apple LLVM 21.0.0 (clang-2100.3.34.2)"," -O3 -DNDEBUG",8,100000,pito,owned_initialize,ecs_create_owned_sharded,1,10,6,29.311000
aalair,"Apple M3",8,"Darwin 27.0.0 arm64","Apple LLVM 21.0.0 (clang-2100.3.34.2)"," -O3 -DNDEBUG",8,100000,pito,owned_initialize,ecs_create_owned_sharded,1,10,7,29.368000
aalair,"Apple M3",8,"Darwin 27.0.0 arm64","Apple LLVM 21.0.0 (clang-2100.3.34.2)"," -O3 -DNDEBUG",8,100000,pito,owned_initialize,ecs_create_owned_sharded,1,10,8,29.325000
aalair,"Apple M3",8,"Darwin 27.0.0 arm64","Apple LLVM 21.0.0 (clang-2100.3.34.2)"," -O3 -DNDEBUG",8,100000,pito,owned_initialize,ecs_create_owned_sharded,1,10,9,29.313000
aalair,"Apple M3",8,"Darwin 27.0.0 arm64","Apple LLVM 21.0.0 (clang-2100.3.34.2)"," -O3 -DNDEBUG",8,100000,pito,owned_initialize,ecs_create_owned_sharded,1,10,10,29.309000
aalair,"Apple M3",8,"Darwin 27.0.0 arm64","Apple LLVM 21.0.0 (clang-2100.3.34.2)"," -O3 -DNDEBUG",8,100000,pito,owned_initialize,ecs_create_owned_sharded,1,500,1,382.770000
aalair,"Apple M3",8,"Darwin 27.0.0 arm64","Apple LLVM 21.0.0 (clang-2100.3.34.2)"," -O3 -DNDEBUG",8,100000,pito,owned_initialize,ecs_create_owned_sharded,1,500,2,386.071000
aalair,"Apple M3",8,"Darwin 27.0.0 arm64","Apple LLVM 21.0.0 (clang-2100.3.34.2)"," -O3 -DNDEBUG",8,100000,pito,owned_initialize,ecs_create_owned_sharded,1,500,3,383.390000
aalair,"Apple M3",8,"Darwin 27.0.0 arm64","Apple LLVM 21.0.0 (clang-2100.3.34.2)"," -O3 -DNDEBUG",8,100000,pito,owned_initialize,ecs_create_owned_sharded,1,500,4,382.898000
aalair,"Apple M3",8,"Darwin 27.0.0 arm64","Apple LLVM 21.0.0 (clang-2100.3.34.2)"," -O3 -DNDEBUG",8,100000,pito,owned_initialize,ecs_create_owned_sharded,1,500,5,382.588000
aalair,"Apple M3",8,"Darwin 27.0.0 arm64","Apple LLVM 21.0.0 (clang-2100.3.34.2)"," -O3 -DNDEBUG",8,100000,pito,owned_initialize,ecs_create_owned_sharded,1,500,6,382.236000
aalair,"Apple M3",8,"Darwin 27.0.0 arm64","Apple LLVM 21.0.0 (clang-2100.3.34.2)"," -O3 -DNDEBUG",8,100000,pito,owned_initialize,ecs_create_owned_sharded,1,500,7,382.166000
aalair,"Apple M3",8,"Darwin 27.0.0 arm64","Apple LLVM 21.0.0 (clang-2100.3.34.2)"," -O3 -DNDEBUG",8,100000,pito,owned_initialize,ecs_create_owned_sharded,1,500,8,382.500000
aalair,"Apple M3",8,"Darwin 27.0.0 arm64","Apple LLVM 21.0.0 (clang-2100.3.34.2)"," -O3 -DNDEBUG",8,100000,pito,owned_initialize,ecs_create_owned_sharded,1,500,9,381.978000
aalair,"Apple M3",8,"Darwin 27.0.0 arm64","Apple LLVM 21.0.0 (clang-2100.3.34.2)"," -O3 -DNDEBUG",8,100000,pito,owned_initialize,ecs_create_owned_sharded,1,500,10,381.922000
aalair,"Apple M3",8,"Darwin 27.0.0 arm64","Apple LLVM 21.0.0 (clang-2100.3.34.2)"," -O3 -DNDEBUG",8,100000,pito,owned_initialize,ecs_create_owned_sharded,2,0,1,37.144000
aalair,"Apple M3",8,"Darwin 27.0.0 arm64","Apple LLVM 21.0.0 (clang-2100.3.34.2)"," -O3 -DNDEBUG",8,100000,pito,owned_initialize,ecs_create_owned_sharded,2,0,2,37.305000
aalair,"Apple M3",8,"Darwin 27.0.0 arm64","Apple LLVM 21.0.0 (clang-2100.3.34.2)"," -O3 -DNDEBUG",8,100000,pito,owned_initialize,ecs_create_owned_sharded,2,0,3,37.766000
aalair,"Apple M3",8,"Darwin 27.0.0 arm64","Apple LLVM 21.0.0 (clang-2100.3.34.2)"," -O3 -DNDEBUG",8,100000,pito,owned_initialize,ecs_create_owned_sharded,2,0,4,37.046000
aalair,"Apple M3",8,"Darwin 27.0.0 arm64","Apple LLVM 21.0.0 (clang-2100.3.34.2)"," -O3 -DNDEBUG",8,100000,pito,owned_initialize,ecs_create_owned_sharded,2,0,5,37.436000
aalair,"Apple M3",8,"Darwin 27.0.0 arm64","Apple LLVM 21.0.0 (clang-2100.3.34.2)"," -O3 -DNDEBUG",8,100000,pito,owned_initialize,ecs_create_owned_sharded,2,0,6,37.028000
aalair,"Apple M3",8,"Darwin 27.0.0 arm64","Apple LLVM 21.0.0 (clang-2100.3.34.2)"," -O3 -DNDEBUG",8,100000,pito,owned_initialize,ecs_create_owned_sharded,2,0,7,38.176000
aalair,"Apple M3",8,"Darwin 27.0.0 arm64","Apple LLVM 21.0.0 (clang-2100.3.34.2)"," -O3 -DNDEBUG",8,100000,pito,owned_initialize,ecs_create_owned_sharded,2,0,8,36.092000
aalair,"Apple M3",8,"Darwin 27.0.0 arm64","Apple LLVM 21.0.0 (clang-2100.3.34.2)"," -O3 -DNDEBUG",8,100000,pito,owned_initialize,ecs_create_owned_sharded,2,0,9,39.222000
aalair,"Apple M3",8,"Darwin 27.0.0 arm64","Apple LLVM 21.0.0 (clang-2100.3.34.2)"," -O3 -DNDEBUG",8,100000,pito,owned_initialize,ecs_create_owned_sharded,2,0,10,39.581000
aalair,"Apple M3",8,"Darwin 27.0.0 arm64","Apple LLVM 21.0.0 (clang-2100.3.34.2)"," -O3 -DNDEBUG",8,100000,pito,owned_initialize,ecs_create_owned_sharded,2,0,11,40.027000
aalair,"Apple M3",8,"Darwin 27.0.0 arm64","Apple LLVM 21.0.0 (clang-2100.3.34.2)"," -O3 -DNDEBUG",8,100000,pito,owned_initialize,ecs_create_owned_sharded,2,0,12,36.949000
aalair,"Apple M3",8,"Darwin 27.0.0 arm64","Apple LLVM 21.0.0 (clang-2100.3.34.2)"," -O3 -DNDEBUG",8,100000,pito,owned_initialize,ecs_create_owned_sharded,2,0,13,31.405000
aalair,"Apple M3",8,"Darwin 27.0.0 arm64","Apple LLVM 21.0.0 (clang-2100.3.34.2)"," -O3 -DNDEBUG",8,100000,pito,owned_initialize,ecs_create_owned_sharded,2,0,14,29.139000
aalair,"Apple M3",8,"Darwin 27.0.0 arm64","Apple LLVM 21.0.0 (clang-2100.3.34.2)"," -O3 -DNDEBUG",8,100000,pito,owned_initialize,ecs_create_owned_sharded,2,0,15,29.096000
aalair,"Apple M3",8,"Darwin 27.0.0 arm64","Apple LLVM 21.0.0 (clang-2100.3.34.2)"," -O3 -DNDEBUG",8,100000,pito,owned_initialize,ecs_create_owned_sharded,2,0,16,30.108000
aalair,"Apple M3",8,"Darwin 27.0.0 arm64","Apple LLVM 21.0.0 (clang-2100.3.34.2)"," -O3 -DNDEBUG",8,100000,pito,owned_initialize,ecs_create_owned_sharded,2,0,17,29.080000
aalair,"Apple M3",8,"Darwin 27.0.0 arm64","Apple LLVM 21.0.0 (clang-2100.3.34.2)"," -O3 -DNDEBUG",8,100000,pito,owned_initialize,ecs_create_owned_sharded,2,0,18,29.667000
aalair,"Apple M3",8,"Darwin 27.0.0 arm64","Apple LLVM 21.0.0 (clang-2100.3.34.2)"," -O3 -DNDEBUG",8,100000,pito,owned_initialize,ecs_create_owned_sharded,2,0,19,29.182000
aalair,"Apple M3",8,"Darwin 27.0.0 arm64","Apple LLVM 21.0.0 (clang-2100.3.34.2)"," -O3 -DNDEBUG",8,100000,pito,owned_initialize,ecs_create_owned_sharded,2,0,20,30.713000
aalair,"Apple M3",8,"Darwin 27.0.0 arm64","Apple LLVM 21.0.0 (clang-2100.3.34.2)"," -O3 -DNDEBUG",8,100000,pito,owned_initialize,ecs_create_owned_sharded,2,0,21,32.729000
aalair,"Apple M3",8,"Darwin 27.0.0 arm64","Apple LLVM 21.0.0 (clang-2100.3.34.2)"," -O3 -DNDEBUG",8,100000,pito,owned_initialize,ecs_create_owned_sharded,2,0,22,32.753000
aalair,"Apple M3",8,"Darwin 27.0.0 arm64","Apple LLVM 21.0.0 (clang-2100.3.34.2)"," -O3 -DNDEBUG",8,100000,pito,owned_initialize,ecs_create_owned_sharded,2,0,23,33.400000
aalair,"Apple M3",8,"Darwin 27.0.0 arm64","Apple LLVM 21.0.0 (clang-2100.3.34.2)"," -O3 -DNDEBUG",8,100000,pito,owned_initialize,ecs_create_owned_sharded,2,0,24,34.609000
aalair,"Apple M3",8,"Darwin 27.0.0 arm64","Apple LLVM 21.0.0 (clang-2100.3.34.2)"," -O3 -DNDEBUG",8,100000,pito,owned_initialize,ecs_create_owned_sharded,2,0,25,39.908000
aalair,"Apple M3",8,"Darwin 27.0.0 arm64","Apple LLVM 21.0.0 (clang-2100.3.34.2)"," -O3 -DNDEBUG",8,100000,pito,owned_initialize,ecs_create_owned_sharded,2,0,26,38.072000
aalair,"Apple M3",8,"Darwin 27.0.0 arm64","Apple LLVM 21.0.0 (clang-2100.3.34.2)"," -O3 -DNDEBUG",8,100000,pito,owned_initialize,ecs_create_owned_sharded,2,0,27,38.493000
aalair,"Apple M3",8,"Darwin 27.0.0 arm64","Apple LLVM 21.0.0 (clang-2100.3.34.2)"," -O3 -DNDEBUG",8,100000,pito,owned_initialize,ecs_create_owned_sharded,2,0,28,31.859000
aalair,"Apple M3",8,"Darwin 27.0.0 arm64","Apple LLVM 21.0.0 (clang-2100.3.34.2)"," -O3 -DNDEBUG",8,100000,pito,owned_initialize,ecs_create_owned_sharded,2,0,29,29.594000
aalair,"Apple M3",8,"Darwin 27.0.0 arm64","Apple LLVM 21.0.0 (clang-2100.3.34.2)"," -O3 -DNDEBUG",8,100000,pito,owned_initialize,ecs_create_owned_sharded,2,0,30,31.145000
aalair,"Apple M3",8,"Darwin 27.0.0 arm64","Apple LLVM 21.0.0 (clang-2100.3.34.2)"," -O3 -DNDEBUG",8,100000,pito,owned_initialize,ecs_create_owned_sharded,2,0,31,31.621000
aalair,"Apple M3",8,"Darwin 27.0.0 arm64","Apple LLVM 21.0.0 (clang-2100.3.34.2)"," -O3 -DNDEBUG",8,100000,pito,owned_initialize,ecs_create_owned_sharded,2,0,32,29.600000
aalair,"Apple M3",8,"Darwin 27.0.0 arm64","Apple LLVM 21.0.0 (clang-2100.3.34.2)"," -O3 -DNDEBUG",8,100000,pito,owned_initialize,ecs_create_owned_sharded,2,0,33,31.405000
aalair,"Apple M3",8,"Darwin 27.0.0 arm64","Apple LLVM 21.0.0 (clang-2100.3.34.2)"," -O3 -DNDEBUG",8,100000,pito,owned_initialize,ecs_create_owned_sharded,2,0,34,32.916000
aalair,"Apple M3",8,"Darwin 27.0.0 arm64","Apple LLVM 21.0.0 (clang-2100.3.34.2)"," -O3 -DNDEBUG",8,100000,pito,owned_initialize,ecs_create_owned_sharded,2,0,35,29.151000
aalair,"Apple M3",8,"Darwin 27.0.0 arm64","Apple LLVM 21.0.0 (clang-2100.3.34.2)"," -O3 -DNDEBUG",8,100000,pito,owned_initialize,ecs_create_owned_sharded,2,0,36,35.393000
aalair,"Apple M3",8,"Darwin 27.0.0 arm64","Apple LLVM 21.0.0 (clang-2100.3.34.2)"," -O3 -DNDEBUG",8,100000,pito,owned_initialize,ecs_create_owned_sharded,2,0,37,31.980000
aalair,"Apple M3",8,"Darwin 27.0.0 arm64","Apple LLVM 21.0.0 (clang-2100.3.34.2)"," -O3 -DNDEBUG",8,100000,pito,owned_initialize,ecs_create_owned_sharded,2,0,38,29.598000
aalair,"Apple M3",8,"Darwin 27.0.0 arm64","Apple LLVM 21.0.0 (clang-2100.3.34.2)"," -O3 -DNDEBUG",8,100000,pito,owned_initialize,ecs_create_owned_sharded,2,0,39,29.613000
aalair,"Apple M3",8,"Darwin 27.0.0 arm64","Apple LLVM 21.0.0 (clang-2100.3.34.2)"," -O3 -DNDEBUG",8,100000,pito,owned_initialize,ecs_create_owned_sharded,2,0,40,34.475000
aalair,"Apple M3",8,"Darwin 27.0.0 arm64","Apple LLVM 21.0.0 (clang-2100.3.34.2)"," -O3 -DNDEBUG",8,100000,pito,owned_initialize,ecs_create_owned_sharded,2,0,41,38.467000
aalair,"Apple M3",8,"Darwin 27.0.0 arm64","Apple LLVM 21.0.0 (clang-2100.3.34.2)"," -O3 -DNDEBUG",8,100000,pito,owned_initialize,ecs_create_owned_sharded,2,0,42,38.095000
aalair,"Apple M3",8,"Darwin 27.0.0 arm64","Apple LLVM 21.0.0 (clang-2100.3.34.2)"," -O3 -DNDEBUG",8,100000,pito,owned_initialize,ecs_create_owned_sharded,2,0,43,40.445000
aalair,"Apple M3",8,"Darwin 27.0.0 arm64","Apple LLVM 21.0.0 (clang-2100.3.34.2)"," -O3 -DNDEBUG",8,100000,pito,owned_initialize,ecs_create_owned_sharded,2,0,44,39.508000
aalair,"Apple M3",8,"Darwin 27.0.0 arm64","Apple LLVM 21.0.0 (clang-2100.3.34.2)"," -O3 -DNDEBUG",8,100000,pito,owned_initialize,ecs_create_owned_sharded,2,0,45,37.634000
aalair,"Apple M3",8,"Darwin 27.0.0 arm64","Apple LLVM 21.0.0 (clang-2100.3.34.2)"," -O3 -DNDEBUG",8,100000,pito,owned_initialize,ecs_create_owned_sharded,2,0,46,40.264000
aalair,"Apple M3",8,"Darwin 27.0.0 arm64","Apple LLVM 21.0.0 (clang-2100.3.34.2)"," -O3 -DNDEBUG",8,100000,pito,owned_initialize,ecs_create_owned_sharded,2,0,47,38.726000
aalair,"Apple M3",8,"Darwin 27.0.0 arm64","Apple LLVM 21.0.0 (clang-2100.3.34.2)"," -O3 -DNDEBUG",8,100000,pito,owned_initialize,ecs_create_owned_sharded,2,0,48,39.220000
aalair,"Apple M3",8,"Darwin 27.0.0 arm64","Apple LLVM 21.0.0 (clang-2100.3.34.2)"," -O3 -DNDEBUG",8,100000,pito,owned_initialize,ecs_create_owned_sharded,2,0,49,37.616000
aalair,"Apple M3",8,"Darwin 27.0.0 arm64","Apple LLVM 21.0.0 (clang-2100.3.34.2)"," -O3 -DNDEBUG",8,100000,pito,owned_initialize,ecs_create_owned_sharded,2,0,50,34.801000
aalair,"Apple M3",8,"Darwin 27.0.0 arm64","Apple LLVM 21.0.0 (clang-2100.3.34.2)"," -O3 -DNDEBUG",8,100000,pito,owned_initialize,ecs_create_owned_sharded,2,0,51,30.837000
aalair,"Apple M3",8,"Darwin 27.0.0 arm64","Apple LLVM 21.0.0 (clang-2100.3.34.2)"," -O3 -DNDEBUG",8,100000,pito,owned_initialize,ecs_create_owned_sharded,2,0,52,29.659000
aalair,"Apple M3",8,"Darwin 27.0.0 arm64","Apple LLVM 21.0.0 (clang-2100.3.34.2)"," -O3 -DNDEBUG",8,100000,pito,owned_initialize,ecs_create_owned_sharded,2,0,53,33.333000
aalair,"Apple M3",8,"Darwin 27.0.0 arm64","Apple LLVM 21.0.0 (clang-2100.3.34.2)"," -O3 -DNDEBUG",8,100000,pito,owned_initialize,ecs_create_owned_sharded,2,0,54,29.350000
aalair,"Apple M3",8,"Darwin 27.0.0 arm64","Apple LLVM 21.0.0 (clang-2100.3.34.2)"," -O3 -DNDEBUG",8,100000,pito,owned_initialize,ecs_create_owned_sharded,2,0,55,29.668000
aalair,"Apple M3",8,"Darwin 27.0.0 arm64","Apple LLVM 21.0.0 (clang-2100.3.34.2)"," -O3 -DNDEBUG",8,100000,pito,owned_initialize,ecs_create_owned_sharded,2,0,56,35.174000
aalair,"Apple M3",8,"Darwin 27.0.0 arm64","Apple LLVM 21.0.0 (clang-2100.3.34.2)"," -O3 -DNDEBUG",8,100000,pito,owned_initialize,ecs_create_owned_sharded,2,0,57,37.374000
aalair,"Apple M3",8,"Darwin 27.0.0 arm64","Apple LLVM 21.0.0 (clang-2100.3.34.2)"," -O3 -DNDEBUG",8,100000,pito,owned_initialize,ecs_create_owned_sharded,2,0,58,36.531000
aalair,"Apple M3",8,"Darwin 27.0.0 arm64","Apple LLVM 21.0.0 (clang-2100.3.34.2)"," -O3 -DNDEBUG",8,100000,pito,owned_initialize,ecs_create_owned_sharded,2,0,59,31.101000
aalair,"Apple M3",8,"Darwin 27.0.0 arm64","Apple LLVM 21.0.0 (clang-2100.3.34.2)"," -O3 -DNDEBUG",8,100000,pito,owned_initialize,ecs_create_owned_sharded,2,0,60,30.828000
aalair,"Apple M3",8,"Darwin 27.0.0 arm64","Apple LLVM 21.0.0 (clang-2100.3.34.2)"," -O3 -DNDEBUG",8,100000,pito,owned_initialize,ecs_create_owned_sharded,2,0,61,32.016000
aalair,"Apple M3",8,"Darwin 27.0.0 arm64","Apple LLVM 21.0.0 (clang-2100.3.34.2)"," -O3 -DNDEBUG",8,100000,pito,owned_initialize,ecs_create_owned_sharded,2,0,62,31.479000
aalair,"Apple M3",8,"Darwin 27.0.0 arm64","Apple LLVM 21.0.0 (clang-2100.3.34.2)"," -O3 -DNDEBUG",8,100000,pito,owned_initialize,ecs_create_owned_sharded,2,0,63,33.931000
aalair,"Apple M3",8,"Darwin 27.0.0 arm64","Apple LLVM 21.0.0 (clang-2100.3.34.2)"," -O3 -DNDEBUG",8,100000,pito,owned_initialize,ecs_create_owned_sharded,2,0,64,30.206000
aalair,"Apple M3",8,"Darwin 27.0.0 arm64","Apple LLVM 21.0.0 (clang-2100.3.34.2)"," -O3 -DNDEBUG",8,100000,pito,owned_initialize,ecs_create_owned_sharded,2,0,65,31.656000
aalair,"Apple M3",8,"Darwin 27.0.0 arm64","Apple LLVM 21.0.0 (clang-2100.3.34.2)"," -O3 -DNDEBUG",8,100000,pito,owned_initialize,ecs_create_owned_sharded,2,0,66,30.432000
aalair,"Apple M3",8,"Darwin 27.0.0 arm64","Apple LLVM 21.0.0 (clang-2100.3.34.2)"," -O3 -DNDEBUG",8,100000,pito,owned_initialize,ecs_create_owned_sharded,2,0,67,33.402000
aalair,"Apple M3",8,"Darwin 27.0.0 arm64","Apple LLVM 21.0.0 (clang-2100.3.34.2)"," -O3 -DNDEBUG",8,100000,pito,owned_initialize,ecs_create_owned_sharded,2,0,68,33.105000
aalair,"Apple M3",8,"Darwin 27.0.0 arm64","Apple LLVM 21.0.0 (clang-2100.3.34.2)"," -O3 -DNDEBUG",8,100000,pito,owned_initialize,ecs_create_owned_sharded,2,0,69,29.790000
aalair,"Apple M3",8,"Darwin 27.0.0 arm64","Apple LLVM 21.0.0 (clang-2100.3.34.2)"," -O3 -DNDEBUG",8,100000,pito,owned_initialize,ecs_create_owned_sharded,2,0,70,32.924000
aalair,"Apple M3",8,"Darwin 27.0.0 arm64","Apple LLVM 21.0.0 (clang-2100.3.34.2)"," -O3 -DNDEBUG",8,100000,pito,owned_initialize,ecs_create_owned_sharded,2,0,71,32.668000
aalair,"Apple M3",8,"Darwin 27.0.0 arm64","Apple LLVM 21.0.0 (clang-2100.3.34.2)"," -O3 -DNDEBUG",8,100000,pito,owned_initialize,ecs_create_owned_sharded,2,0,72,33.088000
aalair,"Apple M3",8,"Darwin 27.0.0 arm64","Apple LLVM 21.0.0 (clang-2100.3.34.2)"," -O3 -DNDEBUG",8,100000,pito,owned_initialize,ecs_create_owned_sharded,2,0,73,29.548000
aalair,"Apple M3",8,"Darwin 27.0.0 arm64","Apple LLVM 21.0.0 (clang-2100.3.34.2)"," -O3 -DNDEBUG",8,100000,pito,owned_initialize,ecs_create_owned_sharded,2,0,74,29.515000
aalair,"Apple M3",8,"Darwin 27.0.0 arm64","Apple LLVM 21.0.0 (clang-2100.3.34.2)"," -O3 -DNDEBUG",8,100000,pito,owned_initialize,ecs_create_owned_sharded,2,0,75,29.954000
aalair,"Apple M3",8,"Darwin 27.0.0 arm64","Apple LLVM 21.0.0 (clang-2100.3.34.2)"," -O3 -DNDEBUG",8,100000,pito,owned_initialize,ecs_create_owned_sharded,2,0,76,28.489000
aalair,"Apple M3",8,"Darwin 27.0.0 arm64","Apple LLVM 21.0.0 (clang-2100.3.34.2)"," -O3 -DNDEBUG",8,100000,pito,owned_initialize,ecs_create_owned_sharded,2,0,77,33.107000
aalair,"Apple M3",8,"Darwin 27.0.0 arm64","Apple LLVM 21.0.0 (clang-2100.3.34.2)"," -O3 -DNDEBUG",8,100000,pito,owned_initialize,ecs_create_owned_sharded,2,0,78,29.958000
aalair,"Apple M3",8,"Darwin 27.0.0 arm64","Apple LLVM 21.0.0 (clang-2100.3.34.2)"," -O3 -DNDEBUG",8,100000,pito,owned_initialize,ecs_create_owned_sharded,2,0,79,28.914000
aalair,"Apple M3",8,"Darwin 27.0.0 arm64","Apple LLVM 21.0.0 (clang-2100.3.34.2)"," -O3 -DNDEBUG",8,100000,pito,owned_initialize,ecs_create_owned_sharded,2,0,80,29.802000
aalair,"Apple M3",8,"Darwin 27.0.0 arm64","Apple LLVM 21.0.0 (clang-2100.3.34.2)"," -O3 -DNDEBUG",8,100000,pito,owned_initialize,ecs_create_owned_sharded,2,10,1,30.442000
aalair,"Apple M3",8,"Darwin 27.0.0 arm64","Apple LLVM 21.0.0 (clang-2100.3.34.2)"," -O3 -DNDEBUG",8,100000,pito,owned_initialize,ecs_create_owned_sharded,2,10,2,25.919000
aalair,"Apple M3",8,"Darwin 27.0.0 arm64","Apple LLVM 21.0.0 (clang-2100.3.34.2)"," -O3 -DNDEBUG",8,100000,pito,owned_initialize,ecs_create_owned_sharded,2,10,3,29.927000
aalair,"Apple M3",8,"Darwin 27.0.0 arm64","Apple LLVM 21.0.0 (clang-2100.3.34.2)"," -O3 -DNDEBUG",8,100000,pito,owned_initialize,ecs_create_owned_sharded,2,10,4,32.794000
aalair,"Apple M3",8,"Darwin 27.0.0 arm64","Apple LLVM 21.0.0 (clang-2100.3.34.2)"," -O3 -DNDEBUG",8,100000,pito,owned_initialize,ecs_create_owned_sharded,2,10,5,31.543000
aalair,"Apple M3",8,"Darwin 27.0.0 arm64","Apple LLVM 21.0.0 (clang-2100.3.34.2)"," -O3 -DNDEBUG",8,100000,pito,owned_initialize,ecs_create_owned_sharded,2,10,6,30.650000
aalair,"Apple M3",8,"Darwin 27.0.0 arm64","Apple LLVM 21.0.0 (clang-2100.3.34.2)"," -O3 -DNDEBUG",8,100000,pito,owned_initialize,ecs_create_owned_sharded,2,10,7,30.631000
aalair,"Apple M3",8,"Darwin 27.0.0 arm64","Apple LLVM 21.0.0 (clang-2100.3.34.2)"," -O3 -DNDEBUG",8,100000,pito,owned_initialize,ecs_create_owned_sharded,2,10,8,30.520000
aalair,"Apple M3",8,"Darwin 27.0.0 arm64","Apple LLVM 21.0.0 (clang-2100.3.34.2)"," -O3 -DNDEBUG",8,100000,pito,owned_initialize,ecs_create_owned_sharded,2,10,9,31.731000
aalair,"Apple M3",8,"Darwin 27.0.0 arm64","Apple LLVM 21.0.0 (clang-2100.3.34.2)"," -O3 -DNDEBUG",8,100000,pito,owned_initialize,ecs_create_owned_sharded,2,10,10,30.649000
aalair,"Apple M3",8,"Darwin 27.0.0 arm64","Apple LLVM 21.0.0 (clang-2100.3.34.2)"," -O3 -DNDEBUG",8,100000,pito,owned_initialize,ecs_create_owned_sharded,2,10,11,31.316000
aalair,"Apple M3",8,"Darwin 27.0.0 arm64","Apple LLVM 21.0.0 (clang-2100.3.34.2)"," -O3 -DNDEBUG",8,100000,pito,owned_initialize,ecs_create_owned_sharded,2,500,1,207.006000
aalair,"Apple M3",8,"Darwin 27.0.0 arm64","Apple LLVM 21.0.0 (clang-2100.3.34.2)"," -O3 -DNDEBUG",8,100000,pito,owned_initialize,ecs_create_owned_sharded,2,500,2,205.987000
aalair,"Apple M3",8,"Darwin 27.0.0 arm64","Apple LLVM 21.0.0 (clang-2100.3.34.2)"," -O3 -DNDEBUG",8,100000,pito,owned_initialize,ecs_create_owned_sharded,2,500,3,207.129000
aalair,"Apple M3",8,"Darwin 27.0.0 arm64","Apple LLVM 21.0.0 (clang-2100.3.34.2)"," -O3 -DNDEBUG",8,100000,pito,owned_initialize,ecs_create_owned_sharded,2,500,4,205.452000
aalair,"Apple M3",8,"Darwin 27.0.0 arm64","Apple LLVM 21.0.0 (clang-2100.3.34.2)"," -O3 -DNDEBUG",8,100000,pito,owned_initialize,ecs_create_owned_sharded,2,500,5,205.179000
aalair,"Apple M3",8,"Darwin 27.0.0 arm64","Apple LLVM 21.0.0 (clang-2100.3.34.2)"," -O3 -DNDEBUG",8,100000,pito,owned_initialize,ecs_create_owned_sharded,2,500,6,207.345000
aalair,"Apple M3",8,"Darwin 27.0.0 arm64","Apple LLVM 21.0.0 (clang-2100.3.34.2)"," -O3 -DNDEBUG",8,100000,pito,owned_initialize,ecs_create_owned_sharded,2,500,7,205.406000
aalair,"Apple M3",8,"Darwin 27.0.0 arm64","Apple LLVM 21.0.0 (clang-2100.3.34.2)"," -O3 -DNDEBUG",8,100000,pito,owned_initialize,ecs_create_owned_sharded,2,500,8,212.523000
aalair,"Apple M3",8,"Darwin 27.0.0 arm64","Apple LLVM 21.0.0 (clang-2100.3.34.2)"," -O3 -DNDEBUG",8,100000,pito,owned_initialize,ecs_create_owned_sharded,2,500,9,206.297000
aalair,"Apple M3",8,"Darwin 27.0.0 arm64","Apple LLVM 21.0.0 (clang-2100.3.34.2)"," -O3 -DNDEBUG",8,100000,pito,owned_initialize,ecs_create_owned_sharded,2,500,10,205.834000
aalair,"Apple M3",8,"Darwin 27.0.0 arm64","Apple LLVM 21.0.0 (clang-2100.3.34.2)"," -O3 -DNDEBUG",8,100000,pito,owned_initialize,ecs_create_owned_sharded,4,0,1,32.066000
aalair,"Apple M3",8,"Darwin 27.0.0 arm64","Apple LLVM 21.0.0 (clang-2100.3.34.2)"," -O3 -DNDEBUG",8,100000,pito,owned_initialize,ecs_create_owned_sharded,4,0,2,28.154000
aalair,"Apple M3",8,"Darwin 27.0.0 arm64","Apple LLVM 21.0.0 (clang-2100.3.34.2)"," -O3 -DNDEBUG",8,100000,pito,owned_initialize,ecs_create_owned_sharded,4,0,3,32.438000
aalair,"Apple M3",8,"Darwin 27.0.0 arm64","Apple LLVM 21.0.0 (clang-2100.3.34.2)"," -O3 -DNDEBUG",8,100000,pito,owned_initialize,ecs_create_owned_sharded,4,0,4,28.017000
aalair,"Apple M3",8,"Darwin 27.0.0 arm64","Apple LLVM 21.0.0 (clang-2100.3.34.2)"," -O3 -DNDEBUG",8,100000,pito,owned_initialize,ecs_create_owned_sharded,4,0,5,27.861000
aalair,"Apple M3",8,"Darwin 27.0.0 arm64","Apple LLVM 21.0.0 (clang-2100.3.34.2)"," -O3 -DNDEBUG",8,100000,pito,owned_initialize,ecs_create_owned_sharded,4,0,6,32.985000
aalair,"Apple M3",8,"Darwin 27.0.0 arm64","Apple LLVM 21.0.0 (clang-2100.3.34.2)"," -O3 -DNDEBUG",8,100000,pito,owned_initialize,ecs_create_owned_sharded,4,0,7,28.086000
aalair,"Apple M3",8,"Darwin 27.0.0 arm64","Apple LLVM 21.0.0 (clang-2100.3.34.2)"," -O3 -DNDEBUG",8,100000,pito,owned_initialize,ecs_create_owned_sharded,4,0,8,27.990000
aalair,"Apple M3",8,"Darwin 27.0.0 arm64","Apple LLVM 21.0.0 (clang-2100.3.34.2)"," -O3 -DNDEBUG",8,100000,pito,owned_initialize,ecs_create_owned_sharded,4,0,9,33.360000
aalair,"Apple M3",8,"Darwin 27.0.0 arm64","Apple LLVM 21.0.0 (clang-2100.3.34.2)"," -O3 -DNDEBUG",8,100000,pito,owned_initialize,ecs_create_owned_sharded,4,0,10,27.800000
aalair,"Apple M3",8,"Darwin 27.0.0 arm64","Apple LLVM 21.0.0 (clang-2100.3.34.2)"," -O3 -DNDEBUG",8,100000,pito,owned_initialize,ecs_create_owned_sharded,4,0,11,33.400000
aalair,"Apple M3",8,"Darwin 27.0.0 arm64","Apple LLVM 21.0.0 (clang-2100.3.34.2)"," -O3 -DNDEBUG",8,100000,pito,owned_initialize,ecs_create_owned_sharded,4,0,12,33.355000
aalair,"Apple M3",8,"Darwin 27.0.0 arm64","Apple LLVM 21.0.0 (clang-2100.3.34.2)"," -O3 -DNDEBUG",8,100000,pito,owned_initialize,ecs_create_owned_sharded,4,0,13,28.643000
aalair,"Apple M3",8,"Darwin 27.0.0 arm64","Apple LLVM 21.0.0 (clang-2100.3.34.2)"," -O3 -DNDEBUG",8,100000,pito,owned_initialize,ecs_create_owned_sharded,4,0,14,33.361000
aalair,"Apple M3",8,"Darwin 27.0.0 arm64","Apple LLVM 21.0.0 (clang-2100.3.34.2)"," -O3 -DNDEBUG",8,100000,pito,owned_initialize,ecs_create_owned_sharded,4,0,15,27.954000
aalair,"Apple M3",8,"Darwin 27.0.0 arm64","Apple LLVM 21.0.0 (clang-2100.3.34.2)"," -O3 -DNDEBUG",8,100000,pito,owned_initialize,ecs_create_owned_sharded,4,0,16,33.132000
aalair,"Apple M3",8,"Darwin 27.0.0 arm64","Apple LLVM 21.0.0 (clang-2100.3.34.2)"," -O3 -DNDEBUG",8,100000,pito,owned_initialize,ecs_create_owned_sharded,4,0,17,32.281000
aalair,"Apple M3",8,"Darwin 27.0.0 arm64","Apple LLVM 21.0.0 (clang-2100.3.34.2)"," -O3 -DNDEBUG",8,100000,pito,owned_initialize,ecs_create_owned_sharded,4,0,18,31.463000
aalair,"Apple M3",8,"Darwin 27.0.0 arm64","Apple LLVM 21.0.0 (clang-2100.3.34.2)"," -O3 -DNDEBUG",8,100000,pito,owned_initialize,ecs_create_owned_sharded,4,0,19,31.813000
aalair,"Apple M3",8,"Darwin 27.0.0 arm64","Apple LLVM 21.0.0 (clang-2100.3.34.2)"," -O3 -DNDEBUG",8,100000,pito,owned_initialize,ecs_create_owned_sharded,4,0,20,32.099000
aalair,"Apple M3",8,"Darwin 27.0.0 arm64","Apple LLVM 21.0.0 (clang-2100.3.34.2)"," -O3 -DNDEBUG",8,100000,pito,owned_initialize,ecs_create_owned_sharded,4,0,21,31.822000
aalair,"Apple M3",8,"Darwin 27.0.0 arm64","Apple LLVM 21.0.0 (clang-2100.3.34.2)"," -O3 -DNDEBUG",8,100000,pito,owned_initialize,ecs_create_owned_sharded,4,0,22,31.579000
aalair,"Apple M3",8,"Darwin 27.0.0 arm64","Apple LLVM 21.0.0 (clang-2100.3.34.2)"," -O3 -DNDEBUG",8,100000,pito,owned_initialize,ecs_create_owned_sharded,4,0,23,31.787000
aalair,"Apple M3",8,"Darwin 27.0.0 arm64","Apple LLVM 21.0.0 (clang-2100.3.34.2)"," -O3 -DNDEBUG",8,100000,pito,owned_initialize,ecs_create_owned_sharded,4,0,24,31.730000
aalair,"Apple M3",8,"Darwin 27.0.0 arm64","Apple LLVM 21.0.0 (clang-2100.3.34.2)"," -O3 -DNDEBUG",8,100000,pito,owned_initialize,ecs_create_owned_sharded,4,0,25,31.856000
aalair,"Apple M3",8,"Darwin 27.0.0 arm64","Apple LLVM 21.0.0 (clang-2100.3.34.2)"," -O3 -DNDEBUG",8,100000,pito,owned_initialize,ecs_create_owned_sharded,4,0,26,32.353000
aalair,"Apple M3",8,"Darwin 27.0.0 arm64","Apple LLVM 21.0.0 (clang-2100.3.34.2)"," -O3 -DNDEBUG",8,100000,pito,owned_initialize,ecs_create_owned_sharded,4,0,27,31.357000
aalair,"Apple M3",8,"Darwin 27.0.0 arm64","Apple LLVM 21.0.0 (clang-2100.3.34.2)"," -O3 -DNDEBUG",8,100000,pito,owned_initialize,ecs_create_owned_sharded,4,0,28,32.379000
aalair,"Apple M3",8,"Darwin 27.0.0 arm64","Apple LLVM 21.0.0 (clang-2100.3.34.2)"," -O3 -DNDEBUG",8,100000,pito,owned_initialize,ecs_create_owned_sharded,4,0,29,27.568000
aalair,"Apple M3",8,"Darwin 27.0.0 arm64","Apple LLVM 21.0.0 (clang-2100.3.34.2)"," -O3 -DNDEBUG",8,100000,pito,owned_initialize,ecs_create_owned_sharded,4,0,30,31.820000
aalair,"Apple M3",8,"Darwin 27.0.0 arm64","Apple LLVM 21.0.0 (clang-2100.3.34.2)"," -O3 -DNDEBUG",8,100000,pito,owned_initialize,ecs_create_owned_sharded,4,0,31,27.676000
aalair,"Apple M3",8,"Darwin 27.0.0 arm64","Apple LLVM 21.0.0 (clang-2100.3.34.2)"," -O3 -DNDEBUG",8,100000,pito,owned_initialize,ecs_create_owned_sharded,4,0,32,27.642000
aalair,"Apple M3",8,"Darwin 27.0.0 arm64","Apple LLVM 21.0.0 (clang-2100.3.34.2)"," -O3 -DNDEBUG",8,100000,pito,owned_initialize,ecs_create_owned_sharded,4,0,33,31.398000
aalair,"Apple M3",8,"Darwin 27.0.0 arm64","Apple LLVM 21.0.0 (clang-2100.3.34.2)"," -O3 -DNDEBUG",8,100000,pito,owned_initialize,ecs_create_owned_sharded,4,0,34,32.103000
aalair,"Apple M3",8,"Darwin 27.0.0 arm64","Apple LLVM 21.0.0 (clang-2100.3.34.2)"," -O3 -DNDEBUG",8,100000,pito,owned_initialize,ecs_create_owned_sharded,4,0,35,32.620000
aalair,"Apple M3",8,"Darwin 27.0.0 arm64","Apple LLVM 21.0.0 (clang-2100.3.34.2)"," -O3 -DNDEBUG",8,100000,pito,owned_initialize,ecs_create_owned_sharded,4,0,36,32.161000
aalair,"Apple M3",8,"Darwin 27.0.0 arm64","Apple LLVM 21.0.0 (clang-2100.3.34.2)"," -O3 -DNDEBUG",8,100000,pito,owned_initialize,ecs_create_owned_sharded,4,10,1,31.094000
aalair,"Apple M3",8,"Darwin 27.0.0 arm64","Apple LLVM 21.0.0 (clang-2100.3.34.2)"," -O3 -DNDEBUG",8,100000,pito,owned_initialize,ecs_create_owned_sharded,4,10,2,29.315000
aalair,"Apple M3",8,"Darwin 27.0.0 arm64","Apple LLVM 21.0.0 (clang-2100.3.34.2)"," -O3 -DNDEBUG",8,100000,pito,owned_initialize,ecs_create_owned_sharded,4,10,3,35.135000
aalair,"Apple M3",8,"Darwin 27.0.0 arm64","Apple LLVM 21.0.0 (clang-2100.3.34.2)"," -O3 -DNDEBUG",8,100000,pito,owned_initialize,ecs_create_owned_sharded,4,10,4,28.812000
aalair,"Apple M3",8,"Darwin 27.0.0 arm64","Apple LLVM 21.0.0 (clang-2100.3.34.2)"," -O3 -DNDEBUG",8,100000,pito,owned_initialize,ecs_create_owned_sharded,4,10,5,33.055000
aalair,"Apple M3",8,"Darwin 27.0.0 arm64","Apple LLVM 21.0.0 (clang-2100.3.34.2)"," -O3 -DNDEBUG",8,100000,pito,owned_initialize,ecs_create_owned_sharded,4,10,6,29.597000
aalair,"Apple M3",8,"Darwin 27.0.0 arm64","Apple LLVM 21.0.0 (clang-2100.3.34.2)"," -O3 -DNDEBUG",8,100000,pito,owned_initialize,ecs_create_owned_sharded,4,10,7,32.894000
aalair,"Apple M3",8,"Darwin 27.0.0 arm64","Apple LLVM 21.0.0 (clang-2100.3.34.2)"," -O3 -DNDEBUG",8,100000,pito,owned_initialize,ecs_create_owned_sharded,4,10,8,29.140000
aalair,"Apple M3",8,"Darwin 27.0.0 arm64","Apple LLVM 21.0.0 (clang-2100.3.34.2)"," -O3 -DNDEBUG",8,100000,pito,owned_initialize,ecs_create_owned_sharded,4,10,9,28.908000
aalair,"Apple M3",8,"Darwin 27.0.0 arm64","Apple LLVM 21.0.0 (clang-2100.3.34.2)"," -O3 -DNDEBUG",8,100000,pito,owned_initialize,ecs_create_owned_sharded,4,10,10,30.212000
aalair,"Apple M3",8,"Darwin 27.0.0 arm64","Apple LLVM 21.0.0 (clang-2100.3.34.2)"," -O3 -DNDEBUG",8,100000,pito,owned_initialize,ecs_create_owned_sharded,4,10,11,32.044000
aalair,"Apple M3",8,"Darwin 27.0.0 arm64","Apple LLVM 21.0.0 (clang-2100.3.34.2)"," -O3 -DNDEBUG",8,100000,pito,owned_initialize,ecs_create_owned_sharded,4,10,12,28.588000
aalair,"Apple M3",8,"Darwin 27.0.0 arm64","Apple LLVM 21.0.0 (clang-2100.3.34.2)"," -O3 -DNDEBUG",8,100000,pito,owned_initialize,ecs_create_owned_sharded,4,10,13,28.965000
aalair,"Apple M3",8,"Darwin 27.0.0 arm64","Apple LLVM 21.0.0 (clang-2100.3.34.2)"," -O3 -DNDEBUG",8,100000,pito,owned_initialize,ecs_create_owned_sharded,4,10,14,28.534000
aalair,"Apple M3",8,"Darwin 27.0.0 arm64","Apple LLVM 21.0.0 (clang-2100.3.34.2)"," -O3 -DNDEBUG",8,100000,pito,owned_initialize,ecs_create_owned_sharded,4,10,15,28.577000
aalair,"Apple M3",8,"Darwin 27.0.0 arm64","Apple LLVM 21.0.0 (clang-2100.3.34.2)"," -O3 -DNDEBUG",8,100000,pito,owned_initialize,ecs_create_owned_sharded,4,10,16,30.128000
aalair,"Apple M3",8,"Darwin 27.0.0 arm64","Apple LLVM 21.0.0 (clang-2100.3.34.2)"," -O3 -DNDEBUG",8,100000,pito,owned_initialize,ecs_create_owned_sharded,4,10,17,30.150000
aalair,"Apple M3",8,"Darwin 27.0.0 arm64","Apple LLVM 21.0.0 (clang-2100.3.34.2)"," -O3 -DNDEBUG",8,100000,pito,owned_initialize,ecs_create_owned_sharded,4,10,18,28.455000
aalair,"Apple M3",8,"Darwin 27.0.0 arm64","Apple LLVM 21.0.0 (clang-2100.3.34.2)"," -O3 -DNDEBUG",8,100000,pito,owned_initialize,ecs_create_owned_sharded,4,10,19,31.873000
aalair,"Apple M3",8,"Darwin 27.0.0 arm64","Apple LLVM 21.0.0 (clang-2100.3.34.2)"," -O3 -DNDEBUG",8,100000,pito,owned_initialize,ecs_create_owned_sharded,4,10,20,28.358000
aalair,"Apple M3",8,"Darwin 27.0.0 arm64","Apple LLVM 21.0.0 (clang-2100.3.34.2)"," -O3 -DNDEBUG",8,100000,pito,owned_initialize,ecs_create_owned_sharded,4,10,21,28.562000
aalair,"Apple M3",8,"Darwin 27.0.0 arm64","Apple LLVM 21.0.0 (clang-2100.3.34.2)"," -O3 -DNDEBUG",8,100000,pito,owned_initialize,ecs_create_owned_sharded,4,10,22,34.651000
aalair,"Apple M3",8,"Darwin 27.0.0 arm64","Apple LLVM 21.0.0 (clang-2100.3.34.2)"," -O3 -DNDEBUG",8,100000,pito,owned_initialize,ecs_create_owned_sharded,4,10,23,32.899000
aalair,"Apple M3",8,"Darwin 27.0.0 arm64","Apple LLVM 21.0.0 (clang-2100.3.34.2)"," -O3 -DNDEBUG",8,100000,pito,owned_initialize,ecs_create_owned_sharded,4,10,24,28.640000
aalair,"Apple M3",8,"Darwin 27.0.0 arm64","Apple LLVM 21.0.0 (clang-2100.3.34.2)"," -O3 -DNDEBUG",8,100000,pito,owned_initialize,ecs_create_owned_sharded,4,10,25,32.911000
aalair,"Apple M3",8,"Darwin 27.0.0 arm64","Apple LLVM 21.0.0 (clang-2100.3.34.2)"," -O3 -DNDEBUG",8,100000,pito,owned_initialize,ecs_create_owned_sharded,4,10,26,30.953000
aalair,"Apple M3",8,"Darwin 27.0.0 arm64","Apple LLVM 21.0.0 (clang-2100.3.34.2)"," -O3 -DNDEBUG",8,100000,pito,owned_initialize,ecs_create_owned_sharded,4,10,27,28.576000
aalair,"Apple M3",8,"Darwin 27.0.0 arm64","Apple LLVM 21.0.0 (clang-2100.3.34.2)"," -O3 -DNDEBUG",8,100000,pito,owned_initialize,ecs_create_owned_sharded,4,10,28,28.584000
aalair,"Apple M3",8,"Darwin 27.0.0 arm64","Apple LLVM 21.0.0 (clang-2100.3.34.2)"," -O3 -DNDEBUG",8,100000,pito,owned_initialize,ecs_create_owned_sharded,4,10,29,33.846000
aalair,"Apple M3",8,"Darwin 27.0.0 arm64","Apple LLVM 21.0.0 (clang-2100.3.34.2)"," -O3 -DNDEBUG",8,100000,pito,owned_initialize,ecs_create_owned_sharded,4,10,30,32.995000
aalair,"Apple M3",8,"Darwin 27.0.0 arm64","Apple LLVM 21.0.0 (clang-2100.3.34.2)"," -O3 -DNDEBUG",8,100000,pito,owned_initialize,ecs_create_owned_sharded,4,10,31,28.591000
aalair,"Apple M3",8,"Darwin 27.0.0 arm64","Apple LLVM 21.0.0 (clang-2100.3.34.2)"," -O3 -DNDEBUG",8,100000,pito,owned_initialize,ecs_create_owned_sharded,4,10,32,28.415000
aalair,"Apple M3",8,"Darwin 27.0.0 arm64","Apple LLVM 21.0.0 (clang-2100.3.34.2)"," -O3 -DNDEBUG",8,100000,pito,owned_initialize,ecs_create_owned_sharded,4,10,33,33.850000
aalair,"Apple M3",8,"Darwin 27.0.0 arm64","Apple LLVM 21.0.0 (clang-2100.3.34.2)"," -O3 -DNDEBUG",8,100000,pito,owned_initialize,ecs_create_owned_sharded,4,10,34,31.802000
aalair,"Apple M3",8,"Darwin 27.0.0 arm64","Apple LLVM 21.0.0 (clang-2100.3.34.2)"," -O3 -DNDEBUG",8,100000,pito,owned_initialize,ecs_create_owned_sharded,4,10,35,30.029000
aalair,"Apple M3",8,"Darwin 27.0.0 arm64","Apple LLVM 21.0.0 (clang-2100.3.34.2)"," -O3 -DNDEBUG",8,100000,pito,owned_initialize,ecs_create_owned_sharded,4,10,36,28.151000
aalair,"Apple M3",8,"Darwin 27.0.0 arm64","Apple LLVM 21.0.0 (clang-2100.3.34.2)"," -O3 -DNDEBUG",8,100000,pito,owned_initialize,ecs_create_owned_sharded,4,10,37,33.911000
aalair,"Apple M3",8,"Darwin 27.0.0 arm64","Apple LLVM 21.0.0 (clang-2100.3.34.2)"," -O3 -DNDEBUG",8,100000,pito,owned_initialize,ecs_create_owned_sharded,4,10,38,29.257000
aalair,"Apple M3",8,"Darwin 27.0.0 arm64","Apple LLVM 21.0.0 (clang-2100.3.34.2)"," -O3 -DNDEBUG",8,100000,pito,owned_initialize,ecs_create_owned_sharded,4,10,39,29.225000
aalair,"Apple M3",8,"Darwin 27.0.0 arm64","Apple LLVM 21.0.0 (clang-2100.3.34.2)"," -O3 -DNDEBUG",8,100000,pito,owned_initialize,ecs_create_owned_sharded,4,10,40,31.799000
aalair,"Apple M3",8,"Darwin 27.0.0 arm64","Apple LLVM 21.0.0 (clang-2100.3.34.2)"," -O3 -DNDEBUG",8,100000,pito,owned_initialize,ecs_create_owned_sharded,4,10,41,30.469000
aalair,"Apple M3",8,"Darwin 27.0.0 arm64","Apple LLVM 21.0.0 (clang-2100.3.34.2)"," -O3 -DNDEBUG",8,100000,pito,owned_initialize,ecs_create_owned_sharded,4,10,42,28.483000
aalair,"Apple M3",8,"Darwin 27.0.0 arm64","Apple LLVM 21.0.0 (clang-2100.3.34.2)"," -O3 -DNDEBUG",8,100000,pito,owned_initialize,ecs_create_owned_sharded,4,10,43,31.457000
aalair,"Apple M3",8,"Darwin 27.0.0 arm64","Apple LLVM 21.0.0 (clang-2100.3.34.2)"," -O3 -DNDEBUG",8,100000,pito,owned_initialize,ecs_create_owned_sharded,4,500,1,119.614000
aalair,"Apple M3",8,"Darwin 27.0.0 arm64","Apple LLVM 21.0.0 (clang-2100.3.34.2)"," -O3 -DNDEBUG",8,100000,pito,owned_initialize,ecs_create_owned_sharded,4,500,2,119.639000
aalair,"Apple M3",8,"Darwin 27.0.0 arm64","Apple LLVM 21.0.0 (clang-2100.3.34.2)"," -O3 -DNDEBUG",8,100000,pito,owned_initialize,ecs_create_owned_sharded,4,500,3,119.707000
aalair,"Apple M3",8,"Darwin 27.0.0 arm64","Apple LLVM 21.0.0 (clang-2100.3.34.2)"," -O3 -DNDEBUG",8,100000,pito,owned_initialize,ecs_create_owned_sharded,4,500,4,119.592000
aalair,"Apple M3",8,"Darwin 27.0.0 arm64","Apple LLVM 21.0.0 (clang-2100.3.34.2)"," -O3 -DNDEBUG",8,100000,pito,owned_initialize,ecs_create_owned_sharded,4,500,5,121.611000
aalair,"Apple M3",8,"Darwin 27.0.0 arm64","Apple LLVM 21.0.0 (clang-2100.3.34.2)"," -O3 -DNDEBUG",8,100000,pito,owned_initialize,ecs_create_owned_sharded,4,500,6,120.877000
aalair,"Apple M3",8,"Darwin 27.0.0 arm64","Apple LLVM 21.0.0 (clang-2100.3.34.2)"," -O3 -DNDEBUG",8,100000,pito,owned_initialize,ecs_create_owned_sharded,4,500,7,119.824000
aalair,"Apple M3",8,"Darwin 27.0.0 arm64","Apple LLVM 21.0.0 (clang-2100.3.34.2)"," -O3 -DNDEBUG",8,100000,pito,owned_initialize,ecs_create_owned_sharded,4,500,8,119.869000
aalair,"Apple M3",8,"Darwin 27.0.0 arm64","Apple LLVM 21.0.0 (clang-2100.3.34.2)"," -O3 -DNDEBUG",8,100000,pito,owned_initialize,ecs_create_owned_sharded,4,500,9,120.059000
aalair,"Apple M3",8,"Darwin 27.0.0 arm64","Apple LLVM 21.0.0 (clang-2100.3.34.2)"," -O3 -DNDEBUG",8,100000,pito,owned_initialize,ecs_create_owned_sharded,4,500,10,119.731000
aalair,"Apple M3",8,"Darwin 27.0.0 arm64","Apple LLVM 21.0.0 (clang-2100.3.34.2)"," -O3 -DNDEBUG",8,100000,pito,owned_initialize,ecs_create_owned_sharded,8,0,1,27.931000
aalair,"Apple M3",8,"Darwin 27.0.0 arm64","Apple LLVM 21.0.0 (clang-2100.3.34.2)"," -O3 -DNDEBUG",8,100000,pito,owned_initialize,ecs_create_owned_sharded,8,0,2,28.061000
aalair,"Apple M3",8,"Darwin 27.0.0 arm64","Apple LLVM 21.0.0 (clang-2100.3.34.2)"," -O3 -DNDEBUG",8,100000,pito,owned_initialize,ecs_create_owned_sharded,8,0,3,28.114000
aalair,"Apple M3",8,"Darwin 27.0.0 arm64","Apple LLVM 21.0.0 (clang-2100.3.34.2)"," -O3 -DNDEBUG",8,100000,pito,owned_initialize,ecs_create_owned_sharded,8,0,4,30.658000
aalair,"Apple M3",8,"Darwin 27.0.0 arm64","Apple LLVM 21.0.0 (clang-2100.3.34.2)"," -O3 -DNDEBUG",8,100000,pito,owned_initialize,ecs_create_owned_sharded,8,0,5,31.551000
aalair,"Apple M3",8,"Darwin 27.0.0 arm64","Apple LLVM 21.0.0 (clang-2100.3.34.2)"," -O3 -DNDEBUG",8,100000,pito,owned_initialize,ecs_create_owned_sharded,8,0,6,28.675000
aalair,"Apple M3",8,"Darwin 27.0.0 arm64","Apple LLVM 21.0.0 (clang-2100.3.34.2)"," -O3 -DNDEBUG",8,100000,pito,owned_initialize,ecs_create_owned_sharded,8,0,7,28.739000
aalair,"Apple M3",8,"Darwin 27.0.0 arm64","Apple LLVM 21.0.0 (clang-2100.3.34.2)"," -O3 -DNDEBUG",8,100000,pito,owned_initialize,ecs_create_owned_sharded,8,0,8,28.620000
aalair,"Apple M3",8,"Darwin 27.0.0 arm64","Apple LLVM 21.0.0 (clang-2100.3.34.2)"," -O3 -DNDEBUG",8,100000,pito,owned_initialize,ecs_create_owned_sharded,8,0,9,28.824000
aalair,"Apple M3",8,"Darwin 27.0.0 arm64","Apple LLVM 21.0.0 (clang-2100.3.34.2)"," -O3 -DNDEBUG",8,100000,pito,owned_initialize,ecs_create_owned_sharded,8,0,10,28.683000
aalair,"Apple M3",8,"Darwin 27.0.0 arm64","Apple LLVM 21.0.0 (clang-2100.3.34.2)"," -O3 -DNDEBUG",8,100000,pito,owned_initialize,ecs_create_owned_sharded,8,0,11,32.331000
aalair,"Apple M3",8,"Darwin 27.0.0 arm64","Apple LLVM 21.0.0 (clang-2100.3.34.2)"," -O3 -DNDEBUG",8,100000,pito,owned_initialize,ecs_create_owned_sharded,8,0,12,33.117000
aalair,"Apple M3",8,"Darwin 27.0.0 arm64","Apple LLVM 21.0.0 (clang-2100.3.34.2)"," -O3 -DNDEBUG",8,100000,pito,owned_initialize,ecs_create_owned_sharded,8,0,13,32.123000
aalair,"Apple M3",8,"Darwin 27.0.0 arm64","Apple LLVM 21.0.0 (clang-2100.3.34.2)"," -O3 -DNDEBUG",8,100000,pito,owned_initialize,ecs_create_owned_sharded,8,0,14,28.595000
aalair,"Apple M3",8,"Darwin 27.0.0 arm64","Apple LLVM 21.0.0 (clang-2100.3.34.2)"," -O3 -DNDEBUG",8,100000,pito,owned_initialize,ecs_create_owned_sharded,8,0,15,29.431000
aalair,"Apple M3",8,"Darwin 27.0.0 arm64","Apple LLVM 21.0.0 (clang-2100.3.34.2)"," -O3 -DNDEBUG",8,100000,pito,owned_initialize,ecs_create_owned_sharded,8,0,16,28.040000
aalair,"Apple M3",8,"Darwin 27.0.0 arm64","Apple LLVM 21.0.0 (clang-2100.3.34.2)"," -O3 -DNDEBUG",8,100000,pito,owned_initialize,ecs_create_owned_sharded,8,0,17,28.063000
aalair,"Apple M3",8,"Darwin 27.0.0 arm64","Apple LLVM 21.0.0 (clang-2100.3.34.2)"," -O3 -DNDEBUG",8,100000,pito,owned_initialize,ecs_create_owned_sharded,8,0,18,33.387000
aalair,"Apple M3",8,"Darwin 27.0.0 arm64","Apple LLVM 21.0.0 (clang-2100.3.34.2)"," -O3 -DNDEBUG",8,100000,pito,owned_initialize,ecs_create_owned_sharded,8,0,19,29.821000
aalair,"Apple M3",8,"Darwin 27.0.0 arm64","Apple LLVM 21.0.0 (clang-2100.3.34.2)"," -O3 -DNDEBUG",8,100000,pito,owned_initialize,ecs_create_owned_sharded,8,0,20,31.076000
aalair,"Apple M3",8,"Darwin 27.0.0 arm64","Apple LLVM 21.0.0 (clang-2100.3.34.2)"," -O3 -DNDEBUG",8,100000,pito,owned_initialize,ecs_create_owned_sharded,8,0,21,28.427000
aalair,"Apple M3",8,"Darwin 27.0.0 arm64","Apple LLVM 21.0.0 (clang-2100.3.34.2)"," -O3 -DNDEBUG",8,100000,pito,owned_initialize,ecs_create_owned_sharded,8,0,22,30.823000
aalair,"Apple M3",8,"Darwin 27.0.0 arm64","Apple LLVM 21.0.0 (clang-2100.3.34.2)"," -O3 -DNDEBUG",8,100000,pito,owned_initialize,ecs_create_owned_sharded,8,0,23,29.208000
aalair,"Apple M3",8,"Darwin 27.0.0 arm64","Apple LLVM 21.0.0 (clang-2100.3.34.2)"," -O3 -DNDEBUG",8,100000,pito,owned_initialize,ecs_create_owned_sharded,8,0,24,28.458000
aalair,"Apple M3",8,"Darwin 27.0.0 arm64","Apple LLVM 21.0.0 (clang-2100.3.34.2)"," -O3 -DNDEBUG",8,100000,pito,owned_initialize,ecs_create_owned_sharded,8,0,25,28.308000
aalair,"Apple M3",8,"Darwin 27.0.0 arm64","Apple LLVM 21.0.0 (clang-2100.3.34.2)"," -O3 -DNDEBUG",8,100000,pito,owned_initialize,ecs_create_owned_sharded,8,0,26,30.783000
aalair,"Apple M3",8,"Darwin 27.0.0 arm64","Apple LLVM 21.0.0 (clang-2100.3.34.2)"," -O3 -DNDEBUG",8,100000,pito,owned_initialize,ecs_create_owned_sharded,8,0,27,28.083000
aalair,"Apple M3",8,"Darwin 27.0.0 arm64","Apple LLVM 21.0.0 (clang-2100.3.34.2)"," -O3 -DNDEBUG",8,100000,pito,owned_initialize,ecs_create_owned_sharded,8,0,28,29.238000
aalair,"Apple M3",8,"Darwin 27.0.0 arm64","Apple LLVM 21.0.0 (clang-2100.3.34.2)"," -O3 -DNDEBUG",8,100000,pito,owned_initialize,ecs_create_owned_sharded,8,0,29,33.624000
aalair,"Apple M3",8,"Darwin 27.0.0 arm64","Apple LLVM 21.0.0 (clang-2100.3.34.2)"," -O3 -DNDEBUG",8,100000,pito,owned_initialize,ecs_create_owned_sharded,8,0,30,33.539000
aalair,"Apple M3",8,"Darwin 27.0.0 arm64","Apple LLVM 21.0.0 (clang-2100.3.34.2)"," -O3 -DNDEBUG",8,100000,pito,owned_initialize,ecs_create_owned_sharded,8,0,31,28.806000
aalair,"Apple M3",8,"Darwin 27.0.0 arm64","Apple LLVM 21.0.0 (clang-2100.3.34.2)"," -O3 -DNDEBUG",8,100000,pito,owned_initialize,ecs_create_owned_sharded,8,0,32,28.643000
aalair,"Apple M3",8,"Darwin 27.0.0 arm64","Apple LLVM 21.0.0 (clang-2100.3.34.2)"," -O3 -DNDEBUG",8,100000,pito,owned_initialize,ecs_create_owned_sharded,8,0,33,30.069000
aalair,"Apple M3",8,"Darwin 27.0.0 arm64","Apple LLVM 21.0.0 (clang-2100.3.34.2)"," -O3 -DNDEBUG",8,100000,pito,owned_initialize,ecs_create_owned_sharded,8,0,34,28.843000
aalair,"Apple M3",8,"Darwin 27.0.0 arm64","Apple LLVM 21.0.0 (clang-2100.3.34.2)"," -O3 -DNDEBUG",8,100000,pito,owned_initialize,ecs_create_owned_sharded,8,0,35,34.275000
aalair,"Apple M3",8,"Darwin 27.0.0 arm64","Apple LLVM 21.0.0 (clang-2100.3.34.2)"," -O3 -DNDEBUG",8,100000,pito,owned_initialize,ecs_create_owned_sharded,8,0,36,27.902000
aalair,"Apple M3",8,"Darwin 27.0.0 arm64","Apple LLVM 21.0.0 (clang-2100.3.34.2)"," -O3 -DNDEBUG",8,100000,pito,owned_initialize,ecs_create_owned_sharded,8,0,37,28.886000
aalair,"Apple M3",8,"Darwin 27.0.0 arm64","Apple LLVM 21.0.0 (clang-2100.3.34.2)"," -O3 -DNDEBUG",8,100000,pito,owned_initialize,ecs_create_owned_sharded,8,0,38,29.936000
aalair,"Apple M3",8,"Darwin 27.0.0 arm64","Apple LLVM 21.0.0 (clang-2100.3.34.2)"," -O3 -DNDEBUG",8,100000,pito,owned_initialize,ecs_create_owned_sharded,8,0,39,29.639000
aalair,"Apple M3",8,"Darwin 27.0.0 arm64","Apple LLVM 21.0.0 (clang-2100.3.34.2)"," -O3 -DNDEBUG",8,100000,pito,owned_initialize,ecs_create_owned_sharded,8,10,1,29.810000
aalair,"Apple M3",8,"Darwin 27.0.0 arm64","Apple LLVM 21.0.0 (clang-2100.3.34.2)"," -O3 -DNDEBUG",8,100000,pito,owned_initialize,ecs_create_owned_sharded,8,10,2,31.699000
aalair,"Apple M3",8,"Darwin 27.0.0 arm64","Apple LLVM 21.0.0 (clang-2100.3.34.2)"," -O3 -DNDEBUG",8,100000,pito,owned_initialize,ecs_create_owned_sharded,8,10,3,40.727000
aalair,"Apple M3",8,"Darwin 27.0.0 arm64","Apple LLVM 21.0.0 (clang-2100.3.34.2)"," -O3 -DNDEBUG",8,100000,pito,owned_initialize,ecs_create_owned_sharded,8,10,4,28.803000
aalair,"Apple M3",8,"Darwin 27.0.0 arm64","Apple LLVM 21.0.0 (clang-2100.3.34.2)"," -O3 -DNDEBUG",8,100000,pito,owned_initialize,ecs_create_owned_sharded,8,10,5,31.138000
aalair,"Apple M3",8,"Darwin 27.0.0 arm64","Apple LLVM 21.0.0 (clang-2100.3.34.2)"," -O3 -DNDEBUG",8,100000,pito,owned_initialize,ecs_create_owned_sharded,8,10,6,37.676000
aalair,"Apple M3",8,"Darwin 27.0.0 arm64","Apple LLVM 21.0.0 (clang-2100.3.34.2)"," -O3 -DNDEBUG",8,100000,pito,owned_initialize,ecs_create_owned_sharded,8,10,7,28.932000
aalair,"Apple M3",8,"Darwin 27.0.0 arm64","Apple LLVM 21.0.0 (clang-2100.3.34.2)"," -O3 -DNDEBUG",8,100000,pito,owned_initialize,ecs_create_owned_sharded,8,10,8,30.954000
aalair,"Apple M3",8,"Darwin 27.0.0 arm64","Apple LLVM 21.0.0 (clang-2100.3.34.2)"," -O3 -DNDEBUG",8,100000,pito,owned_initialize,ecs_create_owned_sharded,8,10,9,30.646000
aalair,"Apple M3",8,"Darwin 27.0.0 arm64","Apple LLVM 21.0.0 (clang-2100.3.34.2)"," -O3 -DNDEBUG",8,100000,pito,owned_initialize,ecs_create_owned_sharded,8,10,10,29.513000
aalair,"Apple M3",8,"Darwin 27.0.0 arm64","Apple LLVM 21.0.0 (clang-2100.3.34.2)"," -O3 -DNDEBUG",8,100000,pito,owned_initialize,ecs_create_owned_sharded,8,10,11,28.823000
aalair,"Apple M3",8,"Darwin 27.0.0 arm64","Apple LLVM 21.0.0 (clang-2100.3.34.2)"," -O3 -DNDEBUG",8,100000,pito,owned_initialize,ecs_create_owned_sharded,8,10,12,28.966000
aalair,"Apple M3",8,"Darwin 27.0.0 arm64","Apple LLVM 21.0.0 (clang-2100.3.34.2)"," -O3 -DNDEBUG",8,100000,pito,owned_initialize,ecs_create_owned_sharded,8,10,13,29.496000
aalair,"Apple M3",8,"Darwin 27.0.0 arm64","Apple LLVM 21.0.0 (clang-2100.3.34.2)"," -O3 -DNDEBUG",8,100000,pito,owned_initialize,ecs_create_owned_sharded,8,10,14,28.521000
aalair,"Apple M3",8,"Darwin 27.0.0 arm64","Apple LLVM 21.0.0 (clang-2100.3.34.2)"," -O3 -DNDEBUG",8,100000,pito,owned_initialize,ecs_create_owned_sharded,8,10,15,31.174000
aalair,"Apple M3",8,"Darwin 27.0.0 arm64","Apple LLVM 21.0.0 (clang-2100.3.34.2)"," -O3 -DNDEBUG",8,100000,pito,owned_initialize,ecs_create_owned_sharded,8,10,16,36.934000
aalair,"Apple M3",8,"Darwin 27.0.0 arm64","Apple LLVM 21.0.0 (clang-2100.3.34.2)"," -O3 -DNDEBUG",8,100000,pito,owned_initialize,ecs_create_owned_sharded,8,500,1,93.582000
aalair,"Apple M3",8,"Darwin 27.0.0 arm64","Apple LLVM 21.0.0 (clang-2100.3.34.2)"," -O3 -DNDEBUG",8,100000,pito,owned_initialize,ecs_create_owned_sharded,8,500,2,91.042000
aalair,"Apple M3",8,"Darwin 27.0.0 arm64","Apple LLVM 21.0.0 (clang-2100.3.34.2)"," -O3 -DNDEBUG",8,100000,pito,owned_initialize,ecs_create_owned_sharded,8,500,3,98.561000
aalair,"Apple M3",8,"Darwin 27.0.0 arm64","Apple LLVM 21.0.0 (clang-2100.3.34.2)"," -O3 -DNDEBUG",8,100000,pito,owned_initialize,ecs_create_owned_sharded,8,500,4,89.225000
aalair,"Apple M3",8,"Darwin 27.0.0 arm64","Apple LLVM 21.0.0 (clang-2100.3.34.2)"," -O3 -DNDEBUG",8,100000,pito,owned_initialize,ecs_create_owned_sharded,8,500,5,90.091000
aalair,"Apple M3",8,"Darwin 27.0.0 arm64","Apple LLVM 21.0.0 (clang-2100.3.34.2)"," -O3 -DNDEBUG",8,100000,pito,owned_initialize,ecs_create_owned_sharded,8,500,6,94.115000
aalair,"Apple M3",8,"Darwin 27.0.0 arm64","Apple LLVM 21.0.0 (clang-2100.3.34.2)"," -O3 -DNDEBUG",8,100000,pito,owned_initialize,ecs_create_owned_sharded,8,500,7,91.391000
aalair,"Apple M3",8,"Darwin 27.0.0 arm64","Apple LLVM 21.0.0 (clang-2100.3.34.2)"," -O3 -DNDEBUG",8,100000,pito,owned_initialize,ecs_create_owned_sharded,8,500,8,88.892000
aalair,"Apple M3",8,"Darwin 27.0.0 arm64","Apple LLVM 21.0.0 (clang-2100.3.34.2)"," -O3 -DNDEBUG",8,100000,pito,owned_initialize,ecs_create_owned_sharded,8,500,9,89.030000
aalair,"Apple M3",8,"Darwin 27.0.0 arm64","Apple LLVM 21.0.0 (clang-2100.3.34.2)"," -O3 -DNDEBUG",8,100000,pito,owned_initialize,ecs_create_owned_sharded,8,500,10,88.935000
aalair,"Apple M3",8,"Darwin 27.0.0 arm64","Apple LLVM 21.0.0 (clang-2100.3.34.2)"," -O3 -DNDEBUG",8,100000,pito,owned_initialize,ecs_create_owned_sharded,8,500,11,89.063000
aalair,"Apple M3",8,"Darwin 27.0.0 arm64","Apple LLVM 21.0.0 (clang-2100.3.34.2)"," -O3 -DNDEBUG -DPITO_ECS_OWNED_DELETE_ATOMIC=1",8,100000,pito,owned_initialize,ecs_create_owned,1,0,1,19.621000
aalair,"Apple M3",8,"Darwin 27.0.0 arm64","Apple LLVM 21.0.0 (clang-2100.3.34.2)"," -O3 -DNDEBUG -DPITO_ECS_OWNED_DELETE_ATOMIC=1",8,100000,pito,owned_initialize,ecs_create_owned,1,0,2,16.349000
aalair,"Apple M3",8,"Darwin 27.0.0 arm64","Apple LLVM 21.0.0 (clang-2100.3.34.2)"," -O3 -DNDEBUG -DPITO_ECS_OWNED_DELETE_ATOMIC=1",8,100000,pito,owned_initialize,ecs_create_owned,1,0,3,14.730000
aalair,"Apple M3",8,"Darwin 27.0.0 arm64","Apple LLVM 21.0.0 (clang-2100.3.34.2)"," -O3 -DNDEBUG -DPITO_ECS_OWNED_DELETE_ATOMIC=1",8,100000,pito,owned_initialize,ecs_create_owned,1,0,4,14.510000
aalair,"Apple M3",8,"Darwin 27.0.0 arm64","Apple LLVM 21.0.0 (clang-2100.3.34.2)"," -O3 -DNDEBUG -DPITO_ECS_OWNED_DELETE_ATOMIC=1",8,100000,pito,owned_initialize,ecs_create_owned,1,0,5,14.553000
aalair,"Apple M3",8,"Darwin 27.0.0 arm64","Apple LLVM 21.0.0 (clang-2100.3.34.2)"," -O3 -DNDEBUG -DPITO_ECS_OWNED_DELETE_ATOMIC=1",8,100000,pito,owned_initialize,ecs_create_owned,1,0,6,14.591000
aalair,"Apple M3",8,"Darwin 27.0.0 arm64","Apple LLVM 21.0.0 (clang-2100.3.34.2)"," -O3 -DNDEBUG -DPITO_ECS_OWNED_DELETE_ATOMIC=1",8,100000,pito,owned_initialize,ecs_create_owned,1,0,7,14.535000
aalair,"Apple M3",8,"Darwin 27.0.0 arm64","Apple LLVM 21.0.0 (clang-2100.3.34.2)"," -O3 -DNDEBUG -DPITO_ECS_OWNED_DELETE_ATOMIC=1",8,100000,pito,owned_initialize,ecs_create_owned,1,0,8,14.500000
aalair,"Apple M3",8,"Darwin 27.0.0 arm64","Apple LLVM 21.0.0 (clang-2100.3.34.2)"," -O3 -DNDEBUG -DPITO_ECS_OWNED_DELETE_ATOMIC=1",8,100000,pito,owned_initialize,ecs_create_owned,1,0,9,14.439000
aalair,"Apple M3",8,"Darwin 27.0.0 arm64","Apple LLVM 21.0.0 (clang-2100.3.34.2)"," -O3 -DNDEBUG -DPITO_ECS_OWNED_DELETE_ATOMIC=1",8,100000,pito,owned_initialize,ecs_create_owned,1,0,10,14.459000
aalair,"Apple M3",8,"Darwin 27.0.0 arm64","Apple LLVM 21.0.0 (clang-2100.3.34.2)"," -O3 -DNDEBUG -DPITO_ECS_OWNED_DELETE_ATOMIC=1",8,100000,pito,owned_initialize,ecs_create_owned,1,0,11,14.516000
aalair,"Apple M3",8,"Darwin 27.0.0 arm64","Apple LLVM 21.0.0 (clang-2100.3.34.2)"," -O3 -DNDEBUG -DPITO_ECS_OWNED_DELETE_ATOMIC=1",8,100000,pito,owned_initialize,ecs_create_owned,1,0,12,14.489000
aalair,"Apple M3",8,"Darwin 27.0.0 arm64","Apple LLVM 21.0.0 (clang-2100.3.34.2)"," -O3 -DNDEBUG -DPITO_ECS_OWNED_DELETE_ATOMIC=1",8,100000,pito,owned_initialize,ecs_create_owned,1,0,13,14.457000
aalair,"Apple M3",8,"Darwin 27.0.0 arm64","Apple LLVM 21.0.0 (clang-2100.3.34.2)"," -O3 -DNDEBUG -DPITO_ECS_OWNED_DELETE_ATOMIC=1",8,100000,pito,owned_initialize,ecs_create_owned,1,0,14,14.477000
aalair,"Apple M3",8,"Darwin 27.0.0 arm64","Apple LLVM 21.0.0 (clang-2100.3.34.2)"," -O3 -DNDEBUG -DPITO_ECS_OWNED_DELETE_ATOMIC=1",8,100000,pito,owned_initialize,ecs_create_owned,1,10,1,16.757000
aalair,"Apple M3",8,"Darwin 27.0.0 arm64","Apple LLVM 21.0.0 (clang-2100.3.34.2)"," -O3 -DNDEBUG -DPITO_ECS_OWNED_DELETE_ATOMIC=1",8,100000,pito,owned_initialize,ecs_create_owned,1,10,2,16.940000
aalair,"Apple M3",8,"Darwin 27.0.0 arm64","Apple LLVM 21.0.0 (clang-2100.3.34.2)"," -O3 -DNDEBUG -DPITO_ECS_OWNED_DELETE_ATOMIC=1",8,100000,pito,owned_initialize,ecs_create_owned,1,10,3,16.744000
aalair,"Apple M3",8,"Darwin 27.0.0 arm64","Apple LLVM 21.0.0 (clang-2100.3.34.2)"," -O3 -DNDEBUG -DPITO_ECS_OWNED_DELETE_ATOMIC=1",8,100000,pito,owned_initialize,ecs_create_owned,1,10,4,16.725000
aalair,"Apple M3",8,"Darwin 27.0.0 arm64","Apple LLVM 21.0.0 (clang-2100.3.34.2)"," -O3 -DNDEBUG -DPITO_ECS_OWNED_DELETE_ATOMIC=1",8,100000,pito,owned_initialize,ecs_create_owned,1,10,5,16.940000
aalair,"Apple M3",8,"Darwin 27.0.0 arm64","Apple LLVM 21.0.0 (clang-2100.3.34.2)"," -O3 -DNDEBUG -DPITO_ECS_OWNED_DELETE_ATOMIC=1",8,100000,pito,owned_initialize,ecs_create_owned,1,10,6,16.792000
aalair,"Apple M3",8,"Darwin 27.0.0 arm64","Apple LLVM 21.0.0 (clang-2100.3.34.2)"," -O3 -DNDEBUG -DPITO_ECS_OWNED_DELETE_ATOMIC=1",8,100000,pito,owned_initialize,ecs_create_owned,1,10,7,16.932000
aalair,"Apple M3",8,"Darwin 27.0.0 arm64","Apple LLVM 21.0.0 (clang-2100.3.34.2)"," -O3 -DNDEBUG -DPITO_ECS_OWNED_DELETE_ATOMIC=1",8,100000,pito,owned_initialize,ecs_create_owned,1,10,8,17.043000
aalair,"Apple M3",8,"Darwin 27.0.0 arm64","Apple LLVM 21.0.0 (clang-2100.3.34.2)"," -O3 -DNDEBUG -DPITO_ECS_OWNED_DELETE_ATOMIC=1",8,100000,pito,owned_initialize,ecs_create_owned,1,10,9,16.940000
aalair,"Apple M3",8,"Darwin 27.0.0 arm64","Apple LLVM 21.0.0 (clang-2100.3.34.2)"," -O3 -DNDEBUG -DPITO_ECS_OWNED_DELETE_ATOMIC=1",8,100000,pito,owned_initialize,ecs_create_owned,1,10,10,16.737000
aalair,"Apple M3",8,"Darwin 27.0.0 arm64","Apple LLVM 21.0.0 (clang-2100.3.34.2)"," -O3 -DNDEBUG -DPITO_ECS_OWNED_DELETE_ATOMIC=1",8,100000,pito,owned_initialize,ecs_create_owned,1,500,1,369.637000
aalair,"Apple M3",8,"Darwin 27.0.0 arm64","Apple LLVM 21.0.0 (clang-2100.3.34.2)"," -O3 -DNDEBUG -DPITO_ECS_OWNED_DELETE_ATOMIC=1",8,100000,pito,owned_initialize,ecs_create_owned,1,500,2,369.034000
aalair,"Apple M3",8,"Darwin 27.0.0 arm64","Apple LLVM 21.0.0 (clang-2100.3.34.2)"," -O3 -DNDEBUG -DPITO_ECS_OWNED_DELETE_ATOMIC=1",8,100000,pito,owned_initialize,ecs_create_owned,1,500,3,376.917000
aalair,"Apple M3",8,"Darwin 27.0.0 arm64","Apple LLVM 21.0.0 (clang-2100.3.34.2)"," -O3 -DNDEBUG -DPITO_ECS_OWNED_DELETE_ATOMIC=1",8,100000,pito,owned_initialize,ecs_create_owned,1,500,4,368.723000
aalair,"Apple M3",8,"Darwin 27.0.0 arm64","Apple LLVM 21.0.0 (clang-2100.3.34.2)"," -O3 -DNDEBUG -DPITO_ECS_OWNED_DELETE_ATOMIC=1",8,100000,pito,owned_initialize,ecs_create_owned,1,500,5,369.244000
aalair,"Apple M3",8,"Darwin 27.0.0 arm64","Apple LLVM 21.0.0 (clang-2100.3.34.2)"," -O3 -DNDEBUG -DPITO_ECS_OWNED_DELETE_ATOMIC=1",8,100000,pito,owned_initialize,ecs_create_owned,1,500,6,370.282000
aalair,"Apple M3",8,"Darwin 27.0.0 arm64","Apple LLVM 21.0.0 (clang-2100.3.34.2)"," -O3 -DNDEBUG -DPITO_ECS_OWNED_DELETE_ATOMIC=1",8,100000,pito,owned_initialize,ecs_create_owned,1,500,7,369.566000
aalair,"Apple M3",8,"Darwin 27.0.0 arm64","Apple LLVM 21.0.0 (clang-2100.3.34.2)"," -O3 -DNDEBUG -DPITO_ECS_OWNED_DELETE_ATOMIC=1",8,100000,pito,owned_initialize,ecs_create_owned,1,500,8,370.591000
aalair,"Apple M3",8,"Darwin 27.0.0 arm64","Apple LLVM 21.0.0 (clang-2100.3.34.2)"," -O3 -DNDEBUG -DPITO_ECS_OWNED_DELETE_ATOMIC=1",8,100000,pito,owned_initialize,ecs_create_owned,1,500,9,368.734000
aalair,"Apple M3",8,"Darwin 27.0.0 arm64","Apple LLVM 21.0.0 (clang-2100.3.34.2)"," -O3 -DNDEBUG -DPITO_ECS_OWNED_DELETE_ATOMIC=1",8,100000,pito,owned_initialize,ecs_create_owned,1,500,10,368.490000
aalair,"Apple M3",8,"Darwin 27.0.0 arm64","Apple LLVM 21.0.0 (clang-2100.3.34.2)"," -O3 -DNDEBUG -DPITO_ECS_OWNED_DELETE_ATOMIC=1",8,100000,pito,owned_initialize,ecs_create_owned,2,0,1,36.575000
aalair,"Apple M3",8,"Darwin 27.0.0 arm64","Apple LLVM 21.0.0 (clang-2100.3.34.2)"," -O3 -DNDEBUG -DPITO_ECS_OWNED_DELETE_ATOMIC=1",8,100000,pito,owned_initialize,ecs_create_owned,2,0,2,34.440000
aalair,"Apple M3",8,"Darwin 27.0.0 arm64","Apple LLVM 21.0.0 (clang-2100.3.34.2)"," -O3 -DNDEBUG -DPITO_ECS_OWNED_DELETE_ATOMIC=1",8,100000,pito,owned_initialize,ecs_create_owned,2,0,3,34.514000
aalair,"Apple M3",8,"Darwin 27.0.0 arm64","Apple LLVM 21.0.0 (clang-2100.3.34.2)"," -O3 -DNDEBUG -DPITO_ECS_OWNED_DELETE_ATOMIC=1",8,100000,pito,owned_initialize,ecs_create_owned,2,0,4,34.245000
aalair,"Apple M3",8,"Darwin 27.0.0 arm64","Apple LLVM 21.0.0 (clang-2100.3.34.2)"," -O3 -DNDEBUG -DPITO_ECS_OWNED_DELETE_ATOMIC=1",8,100000,pito,owned_initialize,ecs_create_owned,2,0,5,41.390000
aalair,"Apple M3",8,"Darwin 27.0.0 arm64","Apple LLVM 21.0.0 (clang-2100.3.34.2)"," -O3 -DNDEBUG -DPITO_ECS_OWNED_DELETE_ATOMIC=1",8,100000,pito,owned_initialize,ecs_create_owned,2,0,6,41.443000
aalair,"Apple M3",8,"Darwin 27.0.0 arm64","Apple LLVM 21.0.0 (clang-2100.3.34.2)"," -O3 -DNDEBUG -DPITO_ECS_OWNED_DELETE_ATOMIC=1",8,100000,pito,owned_initialize,ecs_create_owned,2,0,7,41.312000
aalair,"Apple M3",8,"Darwin 27.0.0 arm64","Apple LLVM 21.0.0 (clang-2100.3.34.2)"," -O3 -DNDEBUG -DPITO_ECS_OWNED_DELETE_ATOMIC=1",8,100000,pito,owned_initialize,ecs_create_owned,2,0,8,41.412000
aalair,"Apple M3",8,"Darwin 27.0.0 arm64","Apple LLVM 21.0.0 (clang-2100.3.34.2)"," -O3 -DNDEBUG -DPITO_ECS_OWNED_DELETE_ATOMIC=1",8,100000,pito,owned_initialize,ecs_create_owned,2,0,9,42.428000
aalair,"Apple M3",8,"Darwin 27.0.0 arm64","Apple LLVM 21.0.0 (clang-2100.3.34.2)"," -O3 -DNDEBUG -DPITO_ECS_OWNED_DELETE_ATOMIC=1",8,100000,pito,owned_initialize,ecs_create_owned,2,0,10,41.378000
aalair,"Apple M3",8,"Darwin 27.0.0 arm64","Apple LLVM 21.0.0 (clang-2100.3.34.2)"," -O3 -DNDEBUG -DPITO_ECS_OWNED_DELETE_ATOMIC=1",8,100000,pito,owned_initialize,ecs_create_owned,2,0,11,41.475000
aalair,"Apple M3",8,"Darwin 27.0.0 arm64","Apple LLVM 21.0.0 (clang-2100.3.34.2)"," -O3 -DNDEBUG -DPITO_ECS_OWNED_DELETE_ATOMIC=1",8,100000,pito,owned_initialize,ecs_create_owned,2,0,12,41.378000
aalair,"Apple M3",8,"Darwin 27.0.0 arm64","Apple LLVM 21.0.0 (clang-2100.3.34.2)"," -O3 -DNDEBUG -DPITO_ECS_OWNED_DELETE_ATOMIC=1",8,100000,pito,owned_initialize,ecs_create_owned,2,0,13,41.527000
aalair,"Apple M3",8,"Darwin 27.0.0 arm64","Apple LLVM 21.0.0 (clang-2100.3.34.2)"," -O3 -DNDEBUG -DPITO_ECS_OWNED_DELETE_ATOMIC=1",8,100000,pito,owned_initialize,ecs_create_owned,2,0,14,40.931000
aalair,"Apple M3",8,"Darwin 27.0.0 arm64","Apple LLVM 21.0.0 (clang-2100.3.34.2)"," -O3 -DNDEBUG -DPITO_ECS_OWNED_DELETE_ATOMIC=1",8,100000,pito,owned_initialize,ecs_create_owned,2,0,15,41.367000
aalair,"Apple M3",8,"Darwin 27.0.0 arm64","Apple LLVM 21.0.0 (clang-2100.3.34.2)"," -O3 -DNDEBUG -DPITO_ECS_OWNED_DELETE_ATOMIC=1",8,100000,pito,owned_initialize,ecs_create_owned,2,0,16,41.548000
aalair,"Apple M3",8,"Darwin 27.0.0 arm64","Apple LLVM 21.0.0 (clang-2100.3.34.2)"," -O3 -DNDEBUG -DPITO_ECS_OWNED_DELETE_ATOMIC=1",8,100000,pito,owned_initialize,ecs_create_owned,2,0,17,41.507000
aalair,"Apple M3",8,"Darwin 27.0.0 arm64","Apple LLVM 21.0.0 (clang-2100.3.34.2)"," -O3 -DNDEBUG -DPITO_ECS_OWNED_DELETE_ATOMIC=1",8,100000,pito,owned_initialize,ecs_create_owned,2,0,18,41.203000
aalair,"Apple M3",8,"Darwin 27.0.0 arm64","Apple LLVM 21.0.0 (clang-2100.3.34.2)"," -O3 -DNDEBUG -DPITO_ECS_OWNED_DELETE_ATOMIC=1",8,100000,pito,owned_initialize,ecs_create_owned,2,0,19,41.708000
aalair,"Apple M3",8,"Darwin 27.0.0 arm64","Apple LLVM 21.0.0 (clang-2100.3.34.2)"," -O3 -DNDEBUG -DPITO_ECS_OWNED_DELETE_ATOMIC=1",8,100000,pito,owned_initialize,ecs_create_owned,2,10,1,35.737000
aalair,"Apple M3",8,"Darwin 27.0.0 arm64","Apple LLVM 21.0.0 (clang-2100.3.34.2)"," -O3 -DNDEBUG -DPITO_ECS_OWNED_DELETE_ATOMIC=1",8,100000,pito,owned_initialize,ecs_create_owned,2,10,2,35.196000
aalair,"Apple M3",8,"Darwin 27.0.0 arm64","Apple LLVM 21.0.0 (clang-2100.3.34.2)"," -O3 -DNDEBUG -DPITO_ECS_OWNED_DELETE_ATOMIC=1",8,100000,pito,owned_initialize,ecs_create_owned,2,10,3,34.738000
aalair,"Apple M3",8,"Darwin 27.0.0 arm64","Apple LLVM 21.0.0 (clang-2100.3.34.2)"," -O3 -DNDEBUG -DPITO_ECS_OWNED_DELETE_ATOMIC=1",8,100000,pito,owned_initialize,ecs_create_owned,2,10,4,34.348000
aalair,"Apple M3",8,"Darwin 27.0.0 arm64","Apple LLVM 21.0.0 (clang-2100.3.34.2)"," -O3 -DNDEBUG -DPITO_ECS_OWNED_DELETE_ATOMIC=1",8,100000,pito,owned_initialize,ecs_create_owned,2,10,5,34.300000
aalair,"Apple M3",8,"Darwin 27.0.0 arm64","Apple LLVM 21.0.0 (clang-2100.3.34.2)"," -O3 -DNDEBUG -DPITO_ECS_OWNED_DELETE_ATOMIC=1",8,100000,pito,owned_initialize,ecs_create_owned,2,10,6,35.314000
aalair,"Apple M3",8,"Darwin 27.0.0 arm64","Apple LLVM 21.0.0 (clang-2100.3.34.2)"," -O3 -DNDEBUG -DPITO_ECS_OWNED_DELETE_ATOMIC=1",8,100000,pito,owned_initialize,ecs_create_owned,2,10,7,36.687000
aalair,"Apple M3",8,"Darwin 27.0.0 arm64","Apple LLVM 21.0.0 (clang-2100.3.34.2)"," -O3 -DNDEBUG -DPITO_ECS_OWNED_DELETE_ATOMIC=1",8,100000,pito,owned_initialize,ecs_create_owned,2,10,8,37.692000
aalair,"Apple M3",8,"Darwin 27.0.0 arm64","Apple LLVM 21.0.0 (clang-2100.3.34.2)"," -O3 -DNDEBUG -DPITO_ECS_OWNED_DELETE_ATOMIC=1",8,100000,pito,owned_initialize,ecs_create_owned,2,10,9,38.602000
aalair,"Apple M3",8,"Darwin 27.0.0 arm64","Apple LLVM 21.0.0 (clang-2100.3.34.2)"," -O3 -DNDEBUG -DPITO_ECS_OWNED_DELETE_ATOMIC=1",8,100000,pito,owned_initialize,ecs_create_owned,2,10,10,38.284000
aalair,"Apple M3",8,"Darwin 27.0.0 arm64","Apple LLVM 21.0.0 (clang-2100.3.34.2)"," -O3 -DNDEBUG -DPITO_ECS_OWNED_DELETE_ATOMIC=1",8,100000,pito,owned_initialize,ecs_create_owned,2,10,11,38.612000
aalair,"Apple M3",8,"Darwin 27.0.0 arm64","Apple LLVM 21.0.0 (clang-2100.3.34.2)"," -O3 -DNDEBUG -DPITO_ECS_OWNED_DELETE_ATOMIC=1",8,100000,pito,owned_initialize,ecs_create_owned,2,10,12,35.836000
aalair,"Apple M3",8,"Darwin 27.0.0 arm64","Apple LLVM 21.0.0 (clang-2100.3.34.2)"," -O3 -DNDEBUG -DPITO_ECS_OWNED_DELETE_ATOMIC=1",8,100000,pito,owned_initialize,ecs_create_owned,2,10,13,35.505000
aalair,"Apple M3",8,"Darwin 27.0.0 arm64","Apple LLVM 21.0.0 (clang-2100.3.34.2)"," -O3 -DNDEBUG -DPITO_ECS_OWNED_DELETE_ATOMIC=1",8,100000,pito,owned_initialize,ecs_create_owned,2,10,14,34.314000
aalair,"Apple M3",8,"Darwin 27.0.0 arm64","Apple LLVM 21.0.0 (clang-2100.3.34.2)"," -O3 -DNDEBUG -DPITO_ECS_OWNED_DELETE_ATOMIC=1",8,100000,pito,owned_initialize,ecs_create_owned,2,10,15,34.591000
aalair,"Apple M3",8,"Darwin 27.0.0 arm64","Apple LLVM 21.0.0 (clang-2100.3.34.2)"," -O3 -DNDEBUG -DPITO_ECS_OWNED_DELETE_ATOMIC=1",8,100000,pito,owned_initialize,ecs_create_owned,2,10,16,34.270000
aalair,"Apple M3",8,"Darwin 27.0.0 arm64","Apple LLVM 21.0.0 (clang-2100.3.34.2)"," -O3 -DNDEBUG -DPITO_ECS_OWNED_DELETE_ATOMIC=1",8,100000,pito,owned_initialize,ecs_create_owned,2,10,17,34.236000
aalair,"Apple M3",8,"Darwin 27.0.0 arm64","Apple LLVM 21.0.0 (clang-2100.3.34.2)"," -O3 -DNDEBUG -DPITO_ECS_OWNED_DELETE_ATOMIC=1",8,100000,pito,owned_initialize,ecs_create_owned,2,10,18,34.653000
aalair,"Apple M3",8,"Darwin 27.0.0 arm64","Apple LLVM 21.0.0 (clang-2100.3.34.2)"," -O3 -DNDEBUG -DPITO_ECS_OWNED_DELETE_ATOMIC=1",8,100000,pito,owned_initialize,ecs_create_owned,2,10,19,34.668000
aalair,"Apple M3",8,"Darwin 27.0.0 arm64","Apple LLVM 21.0.0 (clang-2100.3.34.2)"," -O3 -DNDEBUG -DPITO_ECS_OWNED_DELETE_ATOMIC=1",8,100000,pito,owned_initialize,ecs_create_owned,2,500,1,192.759000
aalair,"Apple M3",8,"Darwin 27.0.0 arm64","Apple LLVM 21.0.0 (clang-2100.3.34.2)"," -O3 -DNDEBUG -DPITO_ECS_OWNED_DELETE_ATOMIC=1",8,100000,pito,owned_initialize,ecs_create_owned,2,500,2,191.969000
aalair,"Apple M3",8,"Darwin 27.0.0 arm64","Apple LLVM 21.0.0 (clang-2100.3.34.2)"," -O3 -DNDEBUG -DPITO_ECS_OWNED_DELETE_ATOMIC=1",8,100000,pito,owned_initialize,ecs_create_owned,2,500,3,191.978000
aalair,"Apple M3",8,"Darwin 27.0.0 arm64","Apple LLVM 21.0.0 (clang-2100.3.34.2)"," -O3 -DNDEBUG -DPITO_ECS_OWNED_DELETE_ATOMIC=1",8,100000,pito,owned_initialize,ecs_create_owned,2,500,4,192.089000
aalair,"Apple M3",8,"Darwin 27.0.0 arm64","Apple LLVM 21.0.0 (clang-2100.3.34.2)"," -O3 -DNDEBUG -DPITO_ECS_OWNED_DELETE_ATOMIC=1",8,100000,pito,owned_initialize,ecs_create_owned,2,500,5,199.457000
aalair,"Apple M3",8,"Darwin 27.0.0 arm64","Apple LLVM 21.0.0 (clang-2100.3.34.2)"," -O3 -DNDEBUG -DPITO_ECS_OWNED_DELETE_ATOMIC=1",8,100000,pito,owned_initialize,ecs_create_owned,2,500,6,197.367000
aalair,"Apple M3",8,"Darwin 27.0.0 arm64","Apple LLVM 21.0.0 (clang-2100.3.34.2)"," -O3 -DNDEBUG -DPITO_ECS_OWNED_DELETE_ATOMIC=1",8,100000,pito,owned_initialize,ecs_create_owned,2,500,7,192.117000
aalair,"Apple M3",8,"Darwin 27.0.0 arm64","Apple LLVM 21.0.0 (clang-2100.3.34.2)"," -O3 -DNDEBUG -DPITO_ECS_OWNED_DELETE_ATOMIC=1",8,100000,pito,owned_initialize,ecs_create_owned,2,500,8,201.933000
aalair,"Apple M3",8,"Darwin 27.0.0 arm64","Apple LLVM 21.0.0 (clang-2100.3.34.2)"," -O3 -DNDEBUG -DPITO_ECS_OWNED_DELETE_ATOMIC=1",8,100000,pito,owned_initialize,ecs_create_owned,2,500,9,192.547000
aalair,"Apple M3",8,"Darwin 27.0.0 arm64","Apple LLVM 21.0.0 (clang-2100.3.34.2)"," -O3 -DNDEBUG -DPITO_ECS_OWNED_DELETE_ATOMIC=1",8,100000,pito,owned_initialize,ecs_create_owned,2,500,10,192.408000
aalair,"Apple M3",8,"Darwin 27.0.0 arm64","Apple LLVM 21.0.0 (clang-2100.3.34.2)"," -O3 -DNDEBUG -DPITO_ECS_OWNED_DELETE_ATOMIC=1",8,100000,pito,owned_initialize,ecs_create_owned,4,0,1,34.676000
aalair,"Apple M3",8,"Darwin 27.0.0 arm64","Apple LLVM 21.0.0 (clang-2100.3.34.2)"," -O3 -DNDEBUG -DPITO_ECS_OWNED_DELETE_ATOMIC=1",8,100000,pito,owned_initialize,ecs_create_owned,4,0,2,34.927000
aalair,"Apple M3",8,"Darwin 27.0.0 arm64","Apple LLVM 21.0.0 (clang-2100.3.34.2)"," -O3 -DNDEBUG -DPITO_ECS_OWNED_DELETE_ATOMIC=1",8,100000,pito,owned_initialize,ecs_create_owned,4,0,3,35.480000
aalair,"Apple M3",8,"Darwin 27.0.0 arm64","Apple LLVM 21.0.0 (clang-2100.3.34.2)"," -O3 -DNDEBUG -DPITO_ECS_OWNED_DELETE_ATOMIC=1",8,100000,pito,owned_initialize,ecs_create_owned,4,0,4,34.868000
aalair,"Apple M3",8,"Darwin 27.0.0 arm64","Apple LLVM 21.0.0 (clang-2100.3.34.2)"," -O3 -DNDEBUG -DPITO_ECS_OWNED_DELETE_ATOMIC=1",8,100000,pito,owned_initialize,ecs_create_owned,4,0,5,34.855000
aalair,"Apple M3",8,"Darwin 27.0.0 arm64","Apple LLVM 21.0.0 (clang-2100.3.34.2)"," -O3 -DNDEBUG -DPITO_ECS_OWNED_DELETE_ATOMIC=1",8,100000,pito,owned_initialize,ecs_create_owned,4,0,6,34.814000
aalair,"Apple M3",8,"Darwin 27.0.0 arm64","Apple LLVM 21.0.0 (clang-2100.3.34.2)"," -O3 -DNDEBUG -DPITO_ECS_OWNED_DELETE_ATOMIC=1",8,100000,pito,owned_initialize,ecs_create_owned,4,0,7,34.743000
aalair,"Apple M3",8,"Darwin 27.0.0 arm64","Apple LLVM 21.0.0 (clang-2100.3.34.2)"," -O3 -DNDEBUG -DPITO_ECS_OWNED_DELETE_ATOMIC=1",8,100000,pito,owned_initialize,ecs_create_owned,4,0,8,39.504000
aalair,"Apple M3",8,"Darwin 27.0.0 arm64","Apple LLVM 21.0.0 (clang-2100.3.34.2)"," -O3 -DNDEBUG -DPITO_ECS_OWNED_DELETE_ATOMIC=1",8,100000,pito,owned_initialize,ecs_create_owned,4,0,9,35.617000
aalair,"Apple M3",8,"Darwin 27.0.0 arm64","Apple LLVM 21.0.0 (clang-2100.3.34.2)"," -O3 -DNDEBUG -DPITO_ECS_OWNED_DELETE_ATOMIC=1",8,100000,pito,owned_initialize,ecs_create_owned,4,0,10,35.410000
aalair,"Apple M3",8,"Darwin 27.0.0 arm64","Apple LLVM 21.0.0 (clang-2100.3.34.2)"," -O3 -DNDEBUG -DPITO_ECS_OWNED_DELETE_ATOMIC=1",8,100000,pito,owned_initialize,ecs_create_owned,4,0,11,35.542000
aalair,"Apple M3",8,"Darwin 27.0.0 arm64","Apple LLVM 21.0.0 (clang-2100.3.34.2)"," -O3 -DNDEBUG -DPITO_ECS_OWNED_DELETE_ATOMIC=1",8,100000,pito,owned_initialize,ecs_create_owned,4,10,1,35.170000
aalair,"Apple M3",8,"Darwin 27.0.0 arm64","Apple LLVM 21.0.0 (clang-2100.3.34.2)"," -O3 -DNDEBUG -DPITO_ECS_OWNED_DELETE_ATOMIC=1",8,100000,pito,owned_initialize,ecs_create_owned,4,10,2,35.099000
aalair,"Apple M3",8,"Darwin 27.0.0 arm64","Apple LLVM 21.0.0 (clang-2100.3.34.2)"," -O3 -DNDEBUG -DPITO_ECS_OWNED_DELETE_ATOMIC=1",8,100000,pito,owned_initialize,ecs_create_owned,4,10,3,35.590000
aalair,"Apple M3",8,"Darwin 27.0.0 arm64","Apple LLVM 21.0.0 (clang-2100.3.34.2)"," -O3 -DNDEBUG -DPITO_ECS_OWNED_DELETE_ATOMIC=1",8,100000,pito,owned_initialize,ecs_create_owned,4,10,4,35.101000
aalair,"Apple M3",8,"Darwin 27.0.0 arm64","Apple LLVM 21.0.0 (clang-2100.3.34.2)"," -O3 -DNDEBUG -DPITO_ECS_OWNED_DELETE_ATOMIC=1",8,100000,pito,owned_initialize,ecs_create_owned,4,10,5,35.111000
aalair,"Apple M3",8,"Darwin 27.0.0 arm64","Apple LLVM 21.0.0 (clang-2100.3.34.2)"," -O3 -DNDEBUG -DPITO_ECS_OWNED_DELETE_ATOMIC=1",8,100000,pito,owned_initialize,ecs_create_owned,4,10,6,35.095000
aalair,"Apple M3",8,"Darwin 27.0.0 arm64","Apple LLVM 21.0.0 (clang-2100.3.34.2)"," -O3 -DNDEBUG -DPITO_ECS_OWNED_DELETE_ATOMIC=1",8,100000,pito,owned_initialize,ecs_create_owned,4,10,7,34.902000
aalair,"Apple M3",8,"Darwin 27.0.0 arm64","Apple LLVM 21.0.0 (clang-2100.3.34.2)"," -O3 -DNDEBUG -DPITO_ECS_OWNED_DELETE_ATOMIC=1",8,100000,pito,owned_initialize,ecs_create_owned,4,10,8,34.239000
aalair,"Apple M3",8,"Darwin 27.0.0 arm64","Apple LLVM 21.0.0 (clang-2100.3.34.2)"," -O3 -DNDEBUG -DPITO_ECS_OWNED_DELETE_ATOMIC=1",8,100000,pito,owned_initialize,ecs_create_owned,4,10,9,34.275000
aalair,"Apple M3",8,"Darwin 27.0.0 arm64","Apple LLVM 21.0.0 (clang-2100.3.34.2)"," -O3 -DNDEBUG -DPITO_ECS_OWNED_DELETE_ATOMIC=1",8,100000,pito,owned_initialize,ecs_create_owned,4,10,10,34.309000
aalair,"Apple M3",8,"Darwin 27.0.0 arm64","Apple LLVM 21.0.0 (clang-2100.3.34.2)"," -O3 -DNDEBUG -DPITO_ECS_OWNED_DELETE_ATOMIC=1",8,100000,pito,owned_initialize,ecs_create_owned,4,500,1,106.974000
aalair,"Apple M3",8,"Darwin 27.0.0 arm64","Apple LLVM 21.0.0 (clang-2100.3.34.2)"," -O3 -DNDEBUG -DPITO_ECS_OWNED_DELETE_ATOMIC=1",8,100000,pito,owned_initialize,ecs_create_owned,4,500,2,107.532000
aalair,"Apple M3",8,"Darwin 27.0.0 arm64","Apple LLVM 21.0.0 (clang-2100.3.34.2)"," -O3 -DNDEBUG -DPITO_ECS_OWNED_DELETE_ATOMIC=1",8,100000,pito,owned_initialize,ecs_create_owned,4,500,3,106.845000
aalair,"Apple M3",8,"Darwin 27.0.0 arm64","Apple LLVM 21.0.0 (clang-2100.3.34.2)"," -O3 -DNDEBUG -DPITO_ECS_OWNED_DELETE_ATOMIC=1",8,100000,pito,owned_initialize,ecs_create_owned,4,500,4,106.857000
aalair,"Apple M3",8,"Darwin 27.0.0 arm64","Apple LLVM 21.0.0 (clang-2100.3.34.2)"," -O3 -DNDEBUG -DPITO_ECS_OWNED_DELETE_ATOMIC=1",8,100000,pito,owned_initialize,ecs_create_owned,4,500,5,109.919000
aalair,"Apple M3",8,"Darwin 27.0.0 arm64","Apple LLVM 21.0.0 (clang-2100.3.34.2)"," -O3 -DNDEBUG -DPITO_ECS_OWNED_DELETE_ATOMIC=1",8,100000,pito,owned_initialize,ecs_create_owned,4,500,6,106.840000
aalair,"Apple M3",8,"Darwin 27.0.0 arm64","Apple LLVM 21.0.0 (clang-2100.3.34.2)"," -O3 -DNDEBUG -DPITO_ECS_OWNED_DELETE_ATOMIC=1",8,100000,pito,owned_initialize,ecs_create_owned,4,500,7,108.774000
aalair,"Apple M3",8,"Darwin 27.0.0 arm64","Apple LLVM 21.0.0 (clang-2100.3.34.2)"," -O3 -DNDEBUG -DPITO_ECS_OWNED_DELETE_ATOMIC=1",8,100000,pito,owned_initialize,ecs_create_owned,4,500,8,107.386000
aalair,"Apple M3",8,"Darwin 27.0.0 arm64","Apple LLVM 21.0.0 (clang-2100.3.34.2)"," -O3 -DNDEBUG -DPITO_ECS_OWNED_DELETE_ATOMIC=1",8,100000,pito,owned_initialize,ecs_create_owned,4,500,9,107.188000
aalair,"Apple M3",8,"Darwin 27.0.0 arm64","Apple LLVM 21.0.0 (clang-2100.3.34.2)"," -O3 -DNDEBUG -DPITO_ECS_OWNED_DELETE_ATOMIC=1",8,100000,pito,owned_initialize,ecs_create_owned,4,500,10,107.077000
aalair,"Apple M3",8,"Darwin 27.0.0 arm64","Apple LLVM 21.0.0 (clang-2100.3.34.2)"," -O3 -DNDEBUG -DPITO_ECS_OWNED_DELETE_ATOMIC=1",8,100000,pito,owned_initialize,ecs_create_owned,8,0,1,55.124000
aalair,"Apple M3",8,"Darwin 27.0.0 arm64","Apple LLVM 21.0.0 (clang-2100.3.34.2)"," -O3 -DNDEBUG -DPITO_ECS_OWNED_DELETE_ATOMIC=1",8,100000,pito,owned_initialize,ecs_create_owned,8,0,2,54.211000
aalair,"Apple M3",8,"Darwin 27.0.0 arm64","Apple LLVM 21.0.0 (clang-2100.3.34.2)"," -O3 -DNDEBUG -DPITO_ECS_OWNED_DELETE_ATOMIC=1",8,100000,pito,owned_initialize,ecs_create_owned,8,0,3,55.508000
aalair,"Apple M3",8,"Darwin 27.0.0 arm64","Apple LLVM 21.0.0 (clang-2100.3.34.2)"," -O3 -DNDEBUG -DPITO_ECS_OWNED_DELETE_ATOMIC=1",8,100000,pito,owned_initialize,ecs_create_owned,8,0,4,54.179000
aalair,"Apple M3",8,"Darwin 27.0.0 arm64","Apple LLVM 21.0.0 (clang-2100.3.34.2)"," -O3 -DNDEBUG -DPITO_ECS_OWNED_DELETE_ATOMIC=1",8,100000,pito,owned_initialize,ecs_create_owned,8,0,5,55.054000
aalair,"Apple M3",8,"Darwin 27.0.0 arm64","Apple LLVM 21.0.0 (clang-2100.3.34.2)"," -O3 -DNDEBUG -DPITO_ECS_OWNED_DELETE_ATOMIC=1",8,100000,pito,owned_initialize,ecs_create_owned,8,0,6,54.757000
aalair,"Apple M3",8,"Darwin 27.0.0 arm64","Apple LLVM 21.0.0 (clang-2100.3.34.2)"," -O3 -DNDEBUG -DPITO_ECS_OWNED_DELETE_ATOMIC=1",8,100000,pito,owned_initialize,ecs_create_owned,8,0,7,55.661000
aalair,"Apple M3",8,"Darwin 27.0.0 arm64","Apple LLVM 21.0.0 (clang-2100.3.34.2)"," -O3 -DNDEBUG -DPITO_ECS_OWNED_DELETE_ATOMIC=1",8,100000,pito,owned_initialize,ecs_create_owned,8,0,8,55.364000
aalair,"Apple M3",8,"Darwin 27.0.0 arm64","Apple LLVM 21.0.0 (clang-2100.3.34.2)"," -O3 -DNDEBUG -DPITO_ECS_OWNED_DELETE_ATOMIC=1",8,100000,pito,owned_initialize,ecs_create_owned,8,0,9,55.432000
aalair,"Apple M3",8,"Darwin 27.0.0 arm64","Apple LLVM 21.0.0 (clang-2100.3.34.2)"," -O3 -DNDEBUG -DPITO_ECS_OWNED_DELETE_ATOMIC=1",8,100000,pito,owned_initialize,ecs_create_owned,8,0,10,55.502000
aalair,"Apple M3",8,"Darwin 27.0.0 arm64","Apple LLVM 21.0.0 (clang-2100.3.34.2)"," -O3 -DNDEBUG -DPITO_ECS_OWNED_DELETE_ATOMIC=1",8,100000,pito,owned_initialize,ecs_create_owned,8,10,1,55.246000
aalair,"Apple M3",8,"Darwin 27.0.0 arm64","Apple LLVM 21.0.0 (clang-2100.3.34.2)"," -O3 -DNDEBUG -DPITO_ECS_OWNED_DELETE_ATOMIC=1",8,100000,pito,owned_initialize,ecs_create_owned,8,10,2,53.768000
aalair,"Apple M3",8,"Darwin 27.0.0 arm64","Apple LLVM 21.0.0 (clang-2100.3.34.2)"," -O3 -DNDEBUG -DPITO_ECS_OWNED_DELETE_ATOMIC=1",8,100000,pito,owned_initialize,ecs_create_owned,8,10,3,54.556000
aalair,"Apple M3",8,"Darwin 27.0.0 arm64","Apple LLVM 21.0.0 (clang-2100.3.34.2)"," -O3 -DNDEBUG -DPITO_ECS_OWNED_DELETE_ATOMIC=1",8,100000,pito,owned_initialize,ecs_create_owned,8,10,4,54.540000
aalair,"Apple M3",8,"Darwin 27.0.0 arm64","Apple LLVM 21.0.0 (clang-2100.3.34.2)"," -O3 -DNDEBUG -DPITO_ECS_OWNED_DELETE_ATOMIC=1",8,100000,pito,owned_initialize,ecs_create_owned,8,10,5,54.273000
aalair,"Apple M3",8,"Darwin 27.0.0 arm64","Apple LLVM 21.0.0 (clang-2100.3.34.2)"," -O3 -DNDEBUG -DPITO_ECS_OWNED_DELETE_ATOMIC=1",8,100000,pito,owned_initialize,ecs_create_owned,8,10,6,54.473000
aalair,"Apple M3",8,"Darwin 27.0.0 arm64","Apple LLVM 21.0.0 (clang-2100.3.34.2)"," -O3 -DNDEBUG -DPITO_ECS_OWNED_DELETE_ATOMIC=1",8,100000,pito,owned_initialize,ecs_create_owned,8,10,7,54.984000
aalair,"Apple M3",8,"Darwin 27.0.0 arm64","Apple LLVM 21.0.0 (clang-2100.3.34.2)"," -O3 -DNDEBUG -DPITO_ECS_OWNED_DELETE_ATOMIC=1",8,100000,pito,owned_initialize,ecs_create_owned,8,10,8,55.003000
aalair,"Apple M3",8,"Darwin 27.0.0 arm64","Apple LLVM 21.0.0 (clang-2100.3.34.2)"," -O3 -DNDEBUG -DPITO_ECS_OWNED_DELETE_ATOMIC=1",8,100000,pito,owned_initialize,ecs_create_owned,8,10,9,55.833000
aalair,"Apple M3",8,"Darwin 27.0.0 arm64","Apple LLVM 21.0.0 (clang-2100.3.34.2)"," -O3 -DNDEBUG -DPITO_ECS_OWNED_DELETE_ATOMIC=1",8,100000,pito,owned_initialize,ecs_create_owned,8,10,10,54.928000
aalair,"Apple M3",8,"Darwin 27.0.0 arm64","Apple LLVM 21.0.0 (clang-2100.3.34.2)"," -O3 -DNDEBUG -DPITO_ECS_OWNED_DELETE_ATOMIC=1",8,100000,pito,owned_initialize,ecs_create_owned,8,500,1,90.248000
aalair,"Apple M3",8,"Darwin 27.0.0 arm64","Apple LLVM 21.0.0 (clang-2100.3.34.2)"," -O3 -DNDEBUG -DPITO_ECS_OWNED_DELETE_ATOMIC=1",8,100000,pito,owned_initialize,ecs_create_owned,8,500,2,91.693000
aalair,"Apple M3",8,"Darwin 27.0.0 arm64","Apple LLVM 21.0.0 (clang-2100.3.34.2)"," -O3 -DNDEBUG -DPITO_ECS_OWNED_DELETE_ATOMIC=1",8,100000,pito,owned_initialize,ecs_create_owned,8,500,3,87.575000
aalair,"Apple M3",8,"Darwin 27.0.0 arm64","Apple LLVM 21.0.0 (clang-2100.3.34.2)"," -O3 -DNDEBUG -DPITO_ECS_OWNED_DELETE_ATOMIC=1",8,100000,pito,owned_initialize,ecs_create_owned,8,500,4,89.911000
aalair,"Apple M3",8,"Darwin 27.0.0 arm64","Apple LLVM 21.0.0 (clang-2100.3.34.2)"," -O3 -DNDEBUG -DPITO_ECS_OWNED_DELETE_ATOMIC=1",8,100000,pito,owned_initialize,ecs_create_owned,8,500,5,87.971000
aalair,"Apple M3",8,"Darwin 27.0.0 arm64","Apple LLVM 21.0.0 (clang-2100.3.34.2)"," -O3 -DNDEBUG -DPITO_ECS_OWNED_DELETE_ATOMIC=1",8,100000,pito,owned_initialize,ecs_create_owned,8,500,6,91.579000
aalair,"Apple M3",8,"Darwin 27.0.0 arm64","Apple LLVM 21.0.0 (clang-2100.3.34.2)"," -O3 -DNDEBUG -DPITO_ECS_OWNED_DELETE_ATOMIC=1",8,100000,pito,owned_initialize,ecs_create_owned,8,500,7,88.277000
aalair,"Apple M3",8,"Darwin 27.0.0 arm64","Apple LLVM 21.0.0 (clang-2100.3.34.2)"," -O3 -DNDEBUG -DPITO_ECS_OWNED_DELETE_ATOMIC=1",8,100000,pito,owned_initialize,ecs_create_owned,8,500,8,87.584000
aalair,"Apple M3",8,"Darwin 27.0.0 arm64","Apple LLVM 21.0.0 (clang-2100.3.34.2)"," -O3 -DNDEBUG -DPITO_ECS_OWNED_DELETE_ATOMIC=1",8,100000,pito,owned_initialize,ecs_create_owned,8,500,9,91.811000
aalair,"Apple M3",8,"Darwin 27.0.0 arm64","Apple LLVM 21.0.0 (clang-2100.3.34.2)"," -O3 -DNDEBUG -DPITO_ECS_OWNED_DELETE_ATOMIC=1",8,100000,pito,owned_initialize,ecs_create_owned,8,500,10,91.910000
aalair,"Apple M3",8,"Darwin 27.0.0 arm64","Apple LLVM 21.0.0 (clang-2100.3.34.2)"," -O3 -DNDEBUG -DPITO_ECS_OWNED_DELETE_ATOMIC=1",8,100000,pito,owned_initialize,ecs_create_owned_sharded,1,0,1,14.703000
aalair,"Apple M3",8,"Darwin 27.0.0 arm64","Apple LLVM 21.0.0 (clang-2100.3.34.2)"," -O3 -DNDEBUG -DPITO_ECS_OWNED_DELETE_ATOMIC=1",8,100000,pito,owned_initialize,ecs_create_owned_sharded,1,0,2,14.743000
aalair,"Apple M3",8,"Darwin 27.0.0 arm64","Apple LLVM 21.0.0 (clang-2100.3.34.2)"," -O3 -DNDEBUG -DPITO_ECS_OWNED_DELETE_ATOMIC=1",8,100000,pito,owned_initialize,ecs_create_owned_sharded,1,0,3,15.279000
aalair,"Apple M3",8,"Darwin 27.0.0 arm64","Apple LLVM 21.0.0 (clang-2100.3.34.2)"," -O3 -DNDEBUG -DPITO_ECS_OWNED_DELETE_ATOMIC=1",8,100000,pito,owned_initialize,ecs_create_owned_sharded,1,0,4,15.329000
aalair,"Apple M3",8,"Darwin 27.0.0 arm64","Apple LLVM 21.0.0 (clang-2100.3.34.2)"," -O3 -DNDEBUG -DPITO_ECS_OWNED_DELETE_ATOMIC=1",8,100000,pito,owned_initialize,ecs_create_owned_sharded,1,0,5,14.982000
aalair,"Apple M3",8,"Darwin 27.0.0 arm64","Apple LLVM 21.0.0 (clang-2100.3.34.2)"," -O3 -DNDEBUG -DPITO_ECS_OWNED_DELETE_ATOMIC=1",8,100000,pito,owned_initialize,ecs_create_owned_sharded,1,0,6,15.023000
aalair,"Apple M3",8,"Darwin 27.0.0 arm64","Apple LLVM 21.0.0 (clang-2100.3.34.2)"," -O3 -DNDEBUG -DPITO_ECS_OWNED_DELETE_ATOMIC=1",8,100000,pito,owned_initialize,ecs_create_owned_sharded,1,0,7,14.900000
aalair,"Apple M3",8,"Darwin 27.0.0 arm64","Apple LLVM 21.0.0 (clang-2100.3.34.2)"," -O3 -DNDEBUG -DPITO_ECS_OWNED_DELETE_ATOMIC=1",8,100000,pito,owned_initialize,ecs_create_owned_sharded,1,0,8,14.799000
aalair,"Apple M3",8,"Darwin 27.0.0 arm64","Apple LLVM 21.0.0 (clang-2100.3.34.2)"," -O3 -DNDEBUG -DPITO_ECS_OWNED_DELETE_ATOMIC=1",8,100000,pito,owned_initialize,ecs_create_owned_sharded,1,0,9,14.911000
aalair,"Apple M3",8,"Darwin 27.0.0 arm64","Apple LLVM 21.0.0 (clang-2100.3.34.2)"," -O3 -DNDEBUG -DPITO_ECS_OWNED_DELETE_ATOMIC=1",8,100000,pito,owned_initialize,ecs_create_owned_sharded,1,0,10,14.847000
aalair,"Apple M3",8,"Darwin 27.0.0 arm64","Apple LLVM 21.0.0 (clang-2100.3.34.2)"," -O3 -DNDEBUG -DPITO_ECS_OWNED_DELETE_ATOMIC=1",8,100000,pito,owned_initialize,ecs_create_owned_sharded,1,10,1,17.688000
aalair,"Apple M3",8,"Darwin 27.0.0 arm64","Apple LLVM 21.0.0 (clang-2100.3.34.2)"," -O3 -DNDEBUG -DPITO_ECS_OWNED_DELETE_ATOMIC=1",8,100000,pito,owned_initialize,ecs_create_owned_sharded,1,10,2,17.337000
aalair,"Apple M3",8,"Darwin 27.0.0 arm64","Apple LLVM 21.0.0 (clang-2100.3.34.2)"," -O3 -DNDEBUG -DPITO_ECS_OWNED_DELETE_ATOMIC=1",8,100000,pito,owned_initialize,ecs_create_owned_sharded,1,10,3,16.847000
aalair,"Apple M3",8,"Darwin 27.0.0 arm64","Apple LLVM 21.0.0 (clang-2100.3.34.2)"," -O3 -DNDEBUG -DPITO_ECS_OWNED_DELETE_ATOMIC=1",8,100000,pito,owned_initialize,ecs_create_owned_sharded,1,10,4,16.975000
aalair,"Apple M3",8,"Darwin 27.0.0 arm64","Apple LLVM 21.0.0 (clang-2100.3.34.2)"," -O3 -DNDEBUG -DPITO_ECS_OWNED_DELETE_ATOMIC=1",8,100000,pito,owned_initialize,ecs_create_owned_sharded,1,10,5,16.888000
aalair,"Apple M3",8,"Darwin 27.0.0 arm64","Apple LLVM 21.0.0 (clang-2100.3.34.2)"," -O3 -DNDEBUG -DPITO_ECS_OWNED_DELETE_ATOMIC=1",8,100000,pito,owned_initialize,ecs_create_owned_sharded,1,10,6,16.711000
aalair,"Apple M3",8,"Darwin 27.0.0 arm64","Apple LLVM 21.0.0 (clang-2100.3.34.2)"," -O3 -DNDEBUG -DPITO_ECS_OWNED_DELETE_ATOMIC=1",8,100000,pito,owned_initialize,ecs_create_owned_sharded,1,10,7,16.774000
aalair,"Apple M3",8,"Darwin 27.0.0 arm64","Apple LLVM 21.0.0 (clang-2100.3.34.2)"," -O3 -DNDEBUG -DPITO_ECS_OWNED_DELETE_ATOMIC=1",8,100000,pito,owned_initialize,ecs_create_owned_sharded,1,10,8,16.717000
aalair,"Apple M3",8,"Darwin 27.0.0 arm64","Apple LLVM 21.0.0 (clang-2100.3.34.2)"," -O3 -DNDEBUG -DPITO_ECS_OWNED_DELETE_ATOMIC=1",8,100000,pito,owned_initialize,ecs_create_owned_sharded,1,10,9,16.911000
aalair,"Apple M3",8,"Darwin 27.0.0 arm64","Apple LLVM 21.0.0 (clang-2100.3.34.2)"," -O3 -DNDEBUG -DPITO_ECS_OWNED_DELETE_ATOMIC=1",8,100000,pito,owned_initialize,ecs_create_owned_sharded,1,10,10,16.895000
aalair,"Apple M3",8,"Darwin 27.0.0 arm64","Apple LLVM 21.0.0 (clang-2100.3.34.2)"," -O3 -DNDEBUG -DPITO_ECS_OWNED_DELETE_ATOMIC=1",8,100000,pito,owned_initialize,ecs_create_owned_sharded,1,500,1,371.037000
aalair,"Apple M3",8,"Darwin 27.0.0 arm64","Apple LLVM 21.0.0 (clang-2100.3.34.2)"," -O3 -DNDEBUG -DPITO_ECS_OWNED_DELETE_ATOMIC=1",8,100000,pito,owned_initialize,ecs_create_owned_sharded,1,500,2,370.065000
aalair,"Apple M3",8,"Darwin 27.0.0 arm64","Apple LLVM 21.0.0 (clang-2100.3.34.2)"," -O3 -DNDEBUG -DPITO_ECS_OWNED_DELETE_ATOMIC=1",8,100000,pito,owned_initialize,ecs_create_owned_sharded,1,500,3,371.229000
aalair,"Apple M3",8,"Darwin 27.0.0 arm64","Apple LLVM 21.0.0 (clang-2100.3.34.2)"," -O3 -DNDEBUG -DPITO_ECS_OWNED_DELETE_ATOMIC=1",8,100000,pito,owned_initialize,ecs_create_owned_sharded,1,500,4,370.228000
aalair,"Apple M3",8,"Darwin 27.0.0 arm64","Apple LLVM 21.0.0 (clang-2100.3.34.2)"," -O3 -DNDEBUG -DPITO_ECS_OWNED_DELETE_ATOMIC=1",8,100000,pito,owned_initialize,ecs_create_owned_sharded,1,500,5,370.446000
aalair,"Apple M3",8,"Darwin 27.0.0 arm64","Apple LLVM 21.0.0 (clang-2100.3.34.2)"," -O3 -DNDEBUG -DPITO_ECS_OWNED_DELETE_ATOMIC=1",8,100000,pito,owned_initialize,ecs_create_owned_sharded,1,500,6,369.883000
aalair,"Apple M3",8,"Darwin 27.0.0 arm64","Apple LLVM 21.0.0 (clang-2100.3.34.2)"," -O3 -DNDEBUG -DPITO_ECS_OWNED_DELETE_ATOMIC=1",8,100000,pito,owned_initialize,ecs_create_owned_sharded,1,500,7,369.622000
aalair,"Apple M3",8,"Darwin 27.0.0 arm64","Apple LLVM 21.0.0 (clang-2100.3.34.2)"," -O3 -DNDEBUG -DPITO_ECS_OWNED_DELETE_ATOMIC=1",8,100000,pito,owned_initialize,ecs_create_owned_sharded,1,500,8,369.713000
aalair,"Apple M3",8,"Darwin 27.0.0 arm64","Apple LLVM 21.0.0 (clang-2100.3.34.2)"," -O3 -DNDEBUG -DPITO_ECS_OWNED_DELETE_ATOMIC=1",8,100000,pito,owned_initialize,ecs_create_owned_sharded,1,500,9,369.338000
aalair,"Apple M3",8,"Darwin 27.0.0 arm64","Apple LLVM 21.0.0 (clang-2100.3.34.2)"," -O3 -DNDEBUG -DPITO_ECS_OWNED_DELETE_ATOMIC=1",8,100000,pito,owned_initialize,ecs_create_owned_sharded,1,500,10,369.560000
aalair,"Apple M3",8,"Darwin 27.0.0 arm64","Apple LLVM 21.0.0 (clang-2100.3.34.2)"," -O3 -DNDEBUG -DPITO_ECS_OWNED_DELETE_ATOMIC=1",8,100000,pito,owned_initialize,ecs_create_owned_sharded,2,0,1,20.502000
aalair,"Apple M3",8,"Darwin 27.0.0 arm64","Apple LLVM 21.0.0 (clang-2100.3.34.2)"," -O3 -DNDEBUG -DPITO_ECS_OWNED_DELETE_ATOMIC=1",8,100000,pito,owned_initialize,ecs_create_owned_sharded,2,0,2,16.572000
aalair,"Apple M3",8,"Darwin 27.0.0 arm64","Apple LLVM 21.0.0 (clang-2100.3.34.2)"," -O3 -DNDEBUG -DPITO_ECS_OWNED_DELETE_ATOMIC=1",8,100000,pito,owned_initialize,ecs_create_owned_sharded,2,0,3,21.531000
aalair,"Apple M3",8,"Darwin 27.0.0 arm64","Apple LLVM 21.0.0 (clang-2100.3.34.2)"," -O3 -DNDEBUG -DPITO_ECS_OWNED_DELETE_ATOMIC=1",8,100000,pito,owned_initialize,ecs_create_owned_sharded,2,0,4,21.159000
aalair,"Apple M3",8,"Darwin 27.0.0 arm64","Apple LLVM 21.0.0 (clang-2100.3.34.2)"," -O3 -DNDEBUG -DPITO_ECS_OWNED_DELETE_ATOMIC=1",8,100000,pito,owned_initialize,ecs_create_owned_sharded,2,0,5,23.978000
aalair,"Apple M3",8,"Darwin 27.0.0 arm64","Apple LLVM 21.0.0 (clang-2100.3.34.2)"," -O3 -DNDEBUG -DPITO_ECS_OWNED_DELETE_ATOMIC=1",8,100000,pito,owned_initialize,ecs_create_owned_sharded,2,0,6,24.217000
aalair,"Apple M3",8,"Darwin 27.0.0 arm64","Apple LLVM 21.0.0 (clang-2100.3.34.2)"," -O3 -DNDEBUG -DPITO_ECS_OWNED_DELETE_ATOMIC=1",8,100000,pito,owned_initialize,ecs_create_owned_sharded,2,0,7,24.930000
aalair,"Apple M3",8,"Darwin 27.0.0 arm64","Apple LLVM 21.0.0 (clang-2100.3.34.2)"," -O3 -DNDEBUG -DPITO_ECS_OWNED_DELETE_ATOMIC=1",8,100000,pito,owned_initialize,ecs_create_owned_sharded,2,0,8,21.327000
aalair,"Apple M3",8,"Darwin 27.0.0 arm64","Apple LLVM 21.0.0 (clang-2100.3.34.2)"," -O3 -DNDEBUG -DPITO_ECS_OWNED_DELETE_ATOMIC=1",8,100000,pito,owned_initialize,ecs_create_owned_sharded,2,0,9,25.883000
aalair,"Apple M3",8,"Darwin 27.0.0 arm64","Apple LLVM 21.0.0 (clang-2100.3.34.2)"," -O3 -DNDEBUG -DPITO_ECS_OWNED_DELETE_ATOMIC=1",8,100000,pito,owned_initialize,ecs_create_owned_sharded,2,0,10,24.471000
aalair,"Apple M3",8,"Darwin 27.0.0 arm64","Apple LLVM 21.0.0 (clang-2100.3.34.2)"," -O3 -DNDEBUG -DPITO_ECS_OWNED_DELETE_ATOMIC=1",8,100000,pito,owned_initialize,ecs_create_owned_sharded,2,0,11,22.273000
aalair,"Apple M3",8,"Darwin 27.0.0 arm64","Apple LLVM 21.0.0 (clang-2100.3.34.2)"," -O3 -DNDEBUG -DPITO_ECS_OWNED_DELETE_ATOMIC=1",8,100000,pito,owned_initialize,ecs_create_owned_sharded,2,0,12,20.963000
aalair,"Apple M3",8,"Darwin 27.0.0 arm64","Apple LLVM 21.0.0 (clang-2100.3.34.2)"," -O3 -DNDEBUG -DPITO_ECS_OWNED_DELETE_ATOMIC=1",8,100000,pito,owned_initialize,ecs_create_owned_sharded,2,0,13,20.330000
aalair,"Apple M3",8,"Darwin 27.0.0 arm64","Apple LLVM 21.0.0 (clang-2100.3.34.2)"," -O3 -DNDEBUG -DPITO_ECS_OWNED_DELETE_ATOMIC=1",8,100000,pito,owned_initialize,ecs_create_owned_sharded,2,0,14,16.923000
aalair,"Apple M3",8,"Darwin 27.0.0 arm64","Apple LLVM 21.0.0 (clang-2100.3.34.2)"," -O3 -DNDEBUG -DPITO_ECS_OWNED_DELETE_ATOMIC=1",8,100000,pito,owned_initialize,ecs_create_owned_sharded,2,0,15,20.329000
aalair,"Apple M3",8,"Darwin 27.0.0 arm64","Apple LLVM 21.0.0 (clang-2100.3.34.2)"," -O3 -DNDEBUG -DPITO_ECS_OWNED_DELETE_ATOMIC=1",8,100000,pito,owned_initialize,ecs_create_owned_sharded,2,0,16,16.869000
aalair,"Apple M3",8,"Darwin 27.0.0 arm64","Apple LLVM 21.0.0 (clang-2100.3.34.2)"," -O3 -DNDEBUG -DPITO_ECS_OWNED_DELETE_ATOMIC=1",8,100000,pito,owned_initialize,ecs_create_owned_sharded,2,0,17,18.270000
aalair,"Apple M3",8,"Darwin 27.0.0 arm64","Apple LLVM 21.0.0 (clang-2100.3.34.2)"," -O3 -DNDEBUG -DPITO_ECS_OWNED_DELETE_ATOMIC=1",8,100000,pito,owned_initialize,ecs_create_owned_sharded,2,0,18,17.025000
aalair,"Apple M3",8,"Darwin 27.0.0 arm64","Apple LLVM 21.0.0 (clang-2100.3.34.2)"," -O3 -DNDEBUG -DPITO_ECS_OWNED_DELETE_ATOMIC=1",8,100000,pito,owned_initialize,ecs_create_owned_sharded,2,0,19,16.891000
aalair,"Apple M3",8,"Darwin 27.0.0 arm64","Apple LLVM 21.0.0 (clang-2100.3.34.2)"," -O3 -DNDEBUG -DPITO_ECS_OWNED_DELETE_ATOMIC=1",8,100000,pito,owned_initialize,ecs_create_owned_sharded,2,0,20,17.131000
aalair,"Apple M3",8,"Darwin 27.0.0 arm64","Apple LLVM 21.0.0 (clang-2100.3.34.2)"," -O3 -DNDEBUG -DPITO_ECS_OWNED_DELETE_ATOMIC=1",8,100000,pito,owned_initialize,ecs_create_owned_sharded,2,0,21,18.982000
aalair,"Apple M3",8,"Darwin 27.0.0 arm64","Apple LLVM 21.0.0 (clang-2100.3.34.2)"," -O3 -DNDEBUG -DPITO_ECS_OWNED_DELETE_ATOMIC=1",8,100000,pito,owned_initialize,ecs_create_owned_sharded,2,0,22,20.206000
aalair,"Apple M3",8,"Darwin 27.0.0 arm64","Apple LLVM 21.0.0 (clang-2100.3.34.2)"," -O3 -DNDEBUG -DPITO_ECS_OWNED_DELETE_ATOMIC=1",8,100000,pito,owned_initialize,ecs_create_owned_sharded,2,0,23,20.165000
aalair,"Apple M3",8,"Darwin 27.0.0 arm64","Apple LLVM 21.0.0 (clang-2100.3.34.2)"," -O3 -DNDEBUG -DPITO_ECS_OWNED_DELETE_ATOMIC=1",8,100000,pito,owned_initialize,ecs_create_owned_sharded,2,0,24,18.688000
aalair,"Apple M3",8,"Darwin 27.0.0 arm64","Apple LLVM 21.0.0 (clang-2100.3.34.2)"," -O3 -DNDEBUG -DPITO_ECS_OWNED_DELETE_ATOMIC=1",8,100000,pito,owned_initialize,ecs_create_owned_sharded,2,0,25,16.781000
aalair,"Apple M3",8,"Darwin 27.0.0 arm64","Apple LLVM 21.0.0 (clang-2100.3.34.2)"," -O3 -DNDEBUG -DPITO_ECS_OWNED_DELETE_ATOMIC=1",8,100000,pito,owned_initialize,ecs_create_owned_sharded,2,0,26,18.922000
aalair,"Apple M3",8,"Darwin 27.0.0 arm64","Apple LLVM 21.0.0 (clang-2100.3.34.2)"," -O3 -DNDEBUG -DPITO_ECS_OWNED_DELETE_ATOMIC=1",8,100000,pito,owned_initialize,ecs_create_owned_sharded,2,0,27,20.472000
aalair,"Apple M3",8,"Darwin 27.0.0 arm64","Apple LLVM 21.0.0 (clang-2100.3.34.2)"," -O3 -DNDEBUG -DPITO_ECS_OWNED_DELETE_ATOMIC=1",8,100000,pito,owned_initialize,ecs_create_owned_sharded,2,0,28,20.255000
aalair,"Apple M3",8,"Darwin 27.0.0 arm64","Apple LLVM 21.0.0 (clang-2100.3.34.2)"," -O3 -DNDEBUG -DPITO_ECS_OWNED_DELETE_ATOMIC=1",8,100000,pito,owned_initialize,ecs_create_owned_sharded,2,0,29,17.162000
aalair,"Apple M3",8,"Darwin 27.0.0 arm64","Apple LLVM 21.0.0 (clang-2100.3.34.2)"," -O3 -DNDEBUG -DPITO_ECS_OWNED_DELETE_ATOMIC=1",8,100000,pito,owned_initialize,ecs_create_owned_sharded,2,0,30,16.755000
aalair,"Apple M3",8,"Darwin 27.0.0 arm64","Apple LLVM 21.0.0 (clang-2100.3.34.2)"," -O3 -DNDEBUG -DPITO_ECS_OWNED_DELETE_ATOMIC=1",8,100000,pito,owned_initialize,ecs_create_owned_sharded,2,0,31,18.510000
aalair,"Apple M3",8,"Darwin 27.0.0 arm64","Apple LLVM 21.0.0 (clang-2100.3.34.2)"," -O3 -DNDEBUG -DPITO_ECS_OWNED_DELETE_ATOMIC=1",8,100000,pito,owned_initialize,ecs_create_owned_sharded,2,0,32,17.159000
aalair,"Apple M3",8,"Darwin 27.0.0 arm64","Apple LLVM 21.0.0 (clang-2100.3.34.2)"," -O3 -DNDEBUG -DPITO_ECS_OWNED_DELETE_ATOMIC=1",8,100000,pito,owned_initialize,ecs_create_owned_sharded,2,0,33,20.582000
aalair,"Apple M3",8,"Darwin 27.0.0 arm64","Apple LLVM 21.0.0 (clang-2100.3.34.2)"," -O3 -DNDEBUG -DPITO_ECS_OWNED_DELETE_ATOMIC=1",8,100000,pito,owned_initialize,ecs_create_owned_sharded,2,0,34,19.871000
aalair,"Apple M3",8,"Darwin 27.0.0 arm64","Apple LLVM 21.0.0 (clang-2100.3.34.2)"," -O3 -DNDEBUG -DPITO_ECS_OWNED_DELETE_ATOMIC=1",8,100000,pito,owned_initialize,ecs_create_owned_sharded,2,0,35,17.132000
aalair,"Apple M3",8,"Darwin 27.0.0 arm64","Apple LLVM 21.0.0 (clang-2100.3.34.2)"," -O3 -DNDEBUG -DPITO_ECS_OWNED_DELETE_ATOMIC=1",8,100000,pito,owned_initialize,ecs_create_owned_sharded,2,0,36,19.949000
aalair,"Apple M3",8,"Darwin 27.0.0 arm64","Apple LLVM 21.0.0 (clang-2100.3.34.2)"," -O3 -DNDEBUG -DPITO_ECS_OWNED_DELETE_ATOMIC=1",8,100000,pito,owned_initialize,ecs_create_owned_sharded,2,0,37,20.654000
aalair,"Apple M3",8,"Darwin 27.0.0 arm64","Apple LLVM 21.0.0 (clang-2100.3.34.2)"," -O3 -DNDEBUG -DPITO_ECS_OWNED_DELETE_ATOMIC=1",8,100000,pito,owned_initialize,ecs_create_owned_sharded,2,0,38,17.059000
aalair,"Apple M3",8,"Darwin 27.0.0 arm64","Apple LLVM 21.0.0 (clang-2100.3.34.2)"," -O3 -DNDEBUG -DPITO_ECS_OWNED_DELETE_ATOMIC=1",8,100000,pito,owned_initialize,ecs_create_owned_sharded,2,0,39,20.197000
aalair,"Apple M3",8,"Darwin 27.0.0 arm64","Apple LLVM 21.0.0 (clang-2100.3.34.2)"," -O3 -DNDEBUG -DPITO_ECS_OWNED_DELETE_ATOMIC=1",8,100000,pito,owned_initialize,ecs_create_owned_sharded,2,0,40,21.026000
aalair,"Apple M3",8,"Darwin 27.0.0 arm64","Apple LLVM 21.0.0 (clang-2100.3.34.2)"," -O3 -DNDEBUG -DPITO_ECS_OWNED_DELETE_ATOMIC=1",8,100000,pito,owned_initialize,ecs_create_owned_sharded,2,0,41,23.829000
aalair,"Apple M3",8,"Darwin 27.0.0 arm64","Apple LLVM 21.0.0 (clang-2100.3.34.2)"," -O3 -DNDEBUG -DPITO_ECS_OWNED_DELETE_ATOMIC=1",8,100000,pito,owned_initialize,ecs_create_owned_sharded,2,0,42,27.233000
aalair,"Apple M3",8,"Darwin 27.0.0 arm64","Apple LLVM 21.0.0 (clang-2100.3.34.2)"," -O3 -DNDEBUG -DPITO_ECS_OWNED_DELETE_ATOMIC=1",8,100000,pito,owned_initialize,ecs_create_owned_sharded,2,0,43,21.605000
aalair,"Apple M3",8,"Darwin 27.0.0 arm64","Apple LLVM 21.0.0 (clang-2100.3.34.2)"," -O3 -DNDEBUG -DPITO_ECS_OWNED_DELETE_ATOMIC=1",8,100000,pito,owned_initialize,ecs_create_owned_sharded,2,0,44,24.557000
aalair,"Apple M3",8,"Darwin 27.0.0 arm64","Apple LLVM 21.0.0 (clang-2100.3.34.2)"," -O3 -DNDEBUG -DPITO_ECS_OWNED_DELETE_ATOMIC=1",8,100000,pito,owned_initialize,ecs_create_owned_sharded,2,0,45,21.539000
aalair,"Apple M3",8,"Darwin 27.0.0 arm64","Apple LLVM 21.0.0 (clang-2100.3.34.2)"," -O3 -DNDEBUG -DPITO_ECS_OWNED_DELETE_ATOMIC=1",8,100000,pito,owned_initialize,ecs_create_owned_sharded,2,0,46,23.317000
aalair,"Apple M3",8,"Darwin 27.0.0 arm64","Apple LLVM 21.0.0 (clang-2100.3.34.2)"," -O3 -DNDEBUG -DPITO_ECS_OWNED_DELETE_ATOMIC=1",8,100000,pito,owned_initialize,ecs_create_owned_sharded,2,0,47,21.997000
aalair,"Apple M3",8,"Darwin 27.0.0 arm64","Apple LLVM 21.0.0 (clang-2100.3.34.2)"," -O3 -DNDEBUG -DPITO_ECS_OWNED_DELETE_ATOMIC=1",8,100000,pito,owned_initialize,ecs_create_owned_sharded,2,0,48,20.716000
aalair,"Apple M3",8,"Darwin 27.0.0 arm64","Apple LLVM 21.0.0 (clang-2100.3.34.2)"," -O3 -DNDEBUG -DPITO_ECS_OWNED_DELETE_ATOMIC=1",8,100000,pito,owned_initialize,ecs_create_owned_sharded,2,0,49,19.942000
aalair,"Apple M3",8,"Darwin 27.0.0 arm64","Apple LLVM 21.0.0 (clang-2100.3.34.2)"," -O3 -DNDEBUG -DPITO_ECS_OWNED_DELETE_ATOMIC=1",8,100000,pito,owned_initialize,ecs_create_owned_sharded,2,0,50,18.667000
aalair,"Apple M3",8,"Darwin 27.0.0 arm64","Apple LLVM 21.0.0 (clang-2100.3.34.2)"," -O3 -DNDEBUG -DPITO_ECS_OWNED_DELETE_ATOMIC=1",8,100000,pito,owned_initialize,ecs_create_owned_sharded,2,0,51,19.021000
aalair,"Apple M3",8,"Darwin 27.0.0 arm64","Apple LLVM 21.0.0 (clang-2100.3.34.2)"," -O3 -DNDEBUG -DPITO_ECS_OWNED_DELETE_ATOMIC=1",8,100000,pito,owned_initialize,ecs_create_owned_sharded,2,0,52,20.311000
aalair,"Apple M3",8,"Darwin 27.0.0 arm64","Apple LLVM 21.0.0 (clang-2100.3.34.2)"," -O3 -DNDEBUG -DPITO_ECS_OWNED_DELETE_ATOMIC=1",8,100000,pito,owned_initialize,ecs_create_owned_sharded,2,0,53,20.070000
aalair,"Apple M3",8,"Darwin 27.0.0 arm64","Apple LLVM 21.0.0 (clang-2100.3.34.2)"," -O3 -DNDEBUG -DPITO_ECS_OWNED_DELETE_ATOMIC=1",8,100000,pito,owned_initialize,ecs_create_owned_sharded,2,0,54,20.635000
aalair,"Apple M3",8,"Darwin 27.0.0 arm64","Apple LLVM 21.0.0 (clang-2100.3.34.2)"," -O3 -DNDEBUG -DPITO_ECS_OWNED_DELETE_ATOMIC=1",8,100000,pito,owned_initialize,ecs_create_owned_sharded,2,0,55,18.954000
aalair,"Apple M3",8,"Darwin 27.0.0 arm64","Apple LLVM 21.0.0 (clang-2100.3.34.2)"," -O3 -DNDEBUG -DPITO_ECS_OWNED_DELETE_ATOMIC=1",8,100000,pito,owned_initialize,ecs_create_owned_sharded,2,0,56,20.018000
aalair,"Apple M3",8,"Darwin 27.0.0 arm64","Apple LLVM 21.0.0 (clang-2100.3.34.2)"," -O3 -DNDEBUG -DPITO_ECS_OWNED_DELETE_ATOMIC=1",8,100000,pito,owned_initialize,ecs_create_owned_sharded,2,0,57,20.008000
aalair,"Apple M3",8,"Darwin 27.0.0 arm64","Apple LLVM 21.0.0 (clang-2100.3.34.2)"," -O3 -DNDEBUG -DPITO_ECS_OWNED_DELETE_ATOMIC=1",8,100000,pito,owned_initialize,ecs_create_owned_sharded,2,10,1,16.760000
aalair,"Apple M3",8,"Darwin 27.0.0 arm64","Apple LLVM 21.0.0 (clang-2100.3.34.2)"," -O3 -DNDEBUG -DPITO_ECS_OWNED_DELETE_ATOMIC=1",8,100000,pito,owned_initialize,ecs_create_owned_sharded,2,10,2,17.146000
aalair,"Apple M3",8,"Darwin 27.0.0 arm64","Apple LLVM 21.0.0 (clang-2100.3.34.2)"," -O3 -DNDEBUG -DPITO_ECS_OWNED_DELETE_ATOMIC=1",8,100000,pito,owned_initialize,ecs_create_owned_sharded,2,10,3,16.745000
aalair,"Apple M3",8,"Darwin 27.0.0 arm64","Apple LLVM 21.0.0 (clang-2100.3.34.2)"," -O3 -DNDEBUG -DPITO_ECS_OWNED_DELETE_ATOMIC=1",8,100000,pito,owned_initialize,ecs_create_owned_sharded,2,10,4,18.000000
aalair,"Apple M3",8,"Darwin 27.0.0 arm64","Apple LLVM 21.0.0 (clang-2100.3.34.2)"," -O3 -DNDEBUG -DPITO_ECS_OWNED_DELETE_ATOMIC=1",8,100000,pito,owned_initialize,ecs_create_owned_sharded,2,10,5,17.421000
aalair,"Apple M3",8,"Darwin 27.0.0 arm64","Apple LLVM 21.0.0 (clang-2100.3.34.2)"," -O3 -DNDEBUG -DPITO_ECS_OWNED_DELETE_ATOMIC=1",8,100000,pito,owned_initialize,ecs_create_owned_sharded,2,10,6,18.166000
aalair,"Apple M3",8,"Darwin 27.0.0 arm64","Apple LLVM 21.0.0 (clang-2100.3.34.2)"," -O3 -DNDEBUG -DPITO_ECS_OWNED_DELETE_ATOMIC=1",8,100000,pito,owned_initialize,ecs_create_owned_sharded,2,10,7,16.849000
aalair,"Apple M3",8,"Darwin 27.0.0 arm64","Apple LLVM 21.0.0 (clang-2100.3.34.2)"," -O3 -DNDEBUG -DPITO_ECS_OWNED_DELETE_ATOMIC=1",8,100000,pito,owned_initialize,ecs_create_owned_sharded,2,10,8,16.879000
aalair,"Apple M3",8,"Darwin 27.0.0 arm64","Apple LLVM 21.0.0 (clang-2100.3.34.2)"," -O3 -DNDEBUG -DPITO_ECS_OWNED_DELETE_ATOMIC=1",8,100000,pito,owned_initialize,ecs_create_owned_sharded,2,10,9,17.915000
aalair,"Apple M3",8,"Darwin 27.0.0 arm64","Apple LLVM 21.0.0 (clang-2100.3.34.2)"," -O3 -DNDEBUG -DPITO_ECS_OWNED_DELETE_ATOMIC=1",8,100000,pito,owned_initialize,ecs_create_owned_sharded,2,10,10,17.124000
aalair,"Apple M3",8,"Darwin 27.0.0 arm64","Apple LLVM 21.0.0 (clang-2100.3.34.2)"," -O3 -DNDEBUG -DPITO_ECS_OWNED_DELETE_ATOMIC=1",8,100000,pito,owned_initialize,ecs_create_owned_sharded,2,10,11,18.685000
aalair,"Apple M3",8,"Darwin 27.0.0 arm64","Apple LLVM 21.0.0 (clang-2100.3.34.2)"," -O3 -DNDEBUG -DPITO_ECS_OWNED_DELETE_ATOMIC=1",8,100000,pito,owned_initialize,ecs_create_owned_sharded,2,10,12,18.284000
aalair,"Apple M3",8,"Darwin 27.0.0 arm64","Apple LLVM 21.0.0 (clang-2100.3.34.2)"," -O3 -DNDEBUG -DPITO_ECS_OWNED_DELETE_ATOMIC=1",8,100000,pito,owned_initialize,ecs_create_owned_sharded,2,10,13,17.687000
aalair,"Apple M3",8,"Darwin 27.0.0 arm64","Apple LLVM 21.0.0 (clang-2100.3.34.2)"," -O3 -DNDEBUG -DPITO_ECS_OWNED_DELETE_ATOMIC=1",8,100000,pito,owned_initialize,ecs_create_owned_sharded,2,500,1,193.679000
aalair,"Apple M3",8,"Darwin 27.0.0 arm64","Apple LLVM 21.0.0 (clang-2100.3.34.2)"," -O3 -DNDEBUG -DPITO_ECS_OWNED_DELETE_ATOMIC=1",8,100000,pito,owned_initialize,ecs_create_owned_sharded,2,500,2,192.443000
aalair,"Apple M3",8,"Darwin 27.0.0 arm64","Apple LLVM 21.0.0 (clang-2100.3.34.2)"," -O3 -DNDEBUG -DPITO_ECS_OWNED_DELETE_ATOMIC=1",8,100000,pito,owned_initialize,ecs_create_owned_sharded,2,500,3,192.239000
aalair,"Apple M3",8,"Darwin 27.0.0 arm64","Apple LLVM 21.0.0 (clang-2100.3.34.2)"," -O3 -DNDEBUG -DPITO_ECS_OWNED_DELETE_ATOMIC=1",8,100000,pito,owned_initialize,ecs_create_owned_sharded,2,500,4,192.539000
aalair,"Apple M3",8,"Darwin 27.0.0 arm64","Apple LLVM 21.0.0 (clang-2100.3.34.2)"," -O3 -DNDEBUG -DPITO_ECS_OWNED_DELETE_ATOMIC=1",8,100000,pito,owned_initialize,ecs_create_owned_sharded,2,500,5,193.751000
aalair,"Apple M3",8,"Darwin 27.0.0 arm64","Apple LLVM 21.0.0 (clang-2100.3.34.2)"," -O3 -DNDEBUG -DPITO_ECS_OWNED_DELETE_ATOMIC=1",8,100000,pito,owned_initialize,ecs_create_owned_sharded,2,500,6,192.543000
aalair,"Apple M3",8,"Darwin 27.0.0 arm64","Apple LLVM 21.0.0 (clang-2100.3.34.2)"," -O3 -DNDEBUG -DPITO_ECS_OWNED_DELETE_ATOMIC=1",8,100000,pito,owned_initialize,ecs_create_owned_sharded,2,500,7,193.541000
aalair,"Apple M3",8,"Darwin 27.0.0 arm64","Apple LLVM 21.0.0 (clang-2100.3.34.2)"," -O3 -DNDEBUG -DPITO_ECS_OWNED_DELETE_ATOMIC=1",8,100000,pito,owned_initialize,ecs_create_owned_sharded,2,500,8,195.079000
aalair,"Apple M3",8,"Darwin 27.0.0 arm64","Apple LLVM 21.0.0 (clang-2100.3.34.2)"," -O3 -DNDEBUG -DPITO_ECS_OWNED_DELETE_ATOMIC=1",8,100000,pito,owned_initialize,ecs_create_owned_sharded,2,500,9,193.971000
aalair,"Apple M3",8,"Darwin 27.0.0 arm64","Apple LLVM 21.0.0 (clang-2100.3.34.2)"," -O3 -DNDEBUG -DPITO_ECS_OWNED_DELETE_ATOMIC=1",8,100000,pito,owned_initialize,ecs_create_owned_sharded,2,500,10,193.300000
aalair,"Apple M3",8,"Darwin 27.0.0 arm64","Apple LLVM 21.0.0 (clang-2100.3.34.2)"," -O3 -DNDEBUG -DPITO_ECS_OWNED_DELETE_ATOMIC=1",8,100000,pito,owned_initialize,ecs_create_owned_sharded,4,0,1,19.371000
aalair,"Apple M3",8,"Darwin 27.0.0 arm64","Apple LLVM 21.0.0 (clang-2100.3.34.2)"," -O3 -DNDEBUG -DPITO_ECS_OWNED_DELETE_ATOMIC=1",8,100000,pito,owned_initialize,ecs_create_owned_sharded,4,0,2,18.566000
aalair,"Apple M3",8,"Darwin 27.0.0 arm64","Apple LLVM 21.0.0 (clang-2100.3.34.2)"," -O3 -DNDEBUG -DPITO_ECS_OWNED_DELETE_ATOMIC=1",8,100000,pito,owned_initialize,ecs_create_owned_sharded,4,0,3,14.941000
aalair,"Apple M3",8,"Darwin 27.0.0 arm64","Apple LLVM 21.0.0 (clang-2100.3.34.2)"," -O3 -DNDEBUG -DPITO_ECS_OWNED_DELETE_ATOMIC=1",8,100000,pito,owned_initialize,ecs_create_owned_sharded,4,0,4,14.914000
aalair,"Apple M3",8,"Darwin 27.0.0 arm64","Apple LLVM 21.0.0 (clang-2100.3.34.2)"," -O3 -DNDEBUG -DPITO_ECS_OWNED_DELETE_ATOMIC=1",8,100000,pito,owned_initialize,ecs_create_owned_sharded,4,0,5,19.345000
aalair,"Apple M3",8,"Darwin 27.0.0 arm64","Apple LLVM 21.0.0 (clang-2100.3.34.2)"," -O3 -DNDEBUG -DPITO_ECS_OWNED_DELETE_ATOMIC=1",8,100000,pito,owned_initialize,ecs_create_owned_sharded,4,0,6,20.503000
aalair,"Apple M3",8,"Darwin 27.0.0 arm64","Apple LLVM 21.0.0 (clang-2100.3.34.2)"," -O3 -DNDEBUG -DPITO_ECS_OWNED_DELETE_ATOMIC=1",8,100000,pito,owned_initialize,ecs_create_owned_sharded,4,0,7,14.908000
aalair,"Apple M3",8,"Darwin 27.0.0 arm64","Apple LLVM 21.0.0 (clang-2100.3.34.2)"," -O3 -DNDEBUG -DPITO_ECS_OWNED_DELETE_ATOMIC=1",8,100000,pito,owned_initialize,ecs_create_owned_sharded,4,0,8,19.483000
aalair,"Apple M3",8,"Darwin 27.0.0 arm64","Apple LLVM 21.0.0 (clang-2100.3.34.2)"," -O3 -DNDEBUG -DPITO_ECS_OWNED_DELETE_ATOMIC=1",8,100000,pito,owned_initialize,ecs_create_owned_sharded,4,0,9,19.414000
aalair,"Apple M3",8,"Darwin 27.0.0 arm64","Apple LLVM 21.0.0 (clang-2100.3.34.2)"," -O3 -DNDEBUG -DPITO_ECS_OWNED_DELETE_ATOMIC=1",8,100000,pito,owned_initialize,ecs_create_owned_sharded,4,0,10,18.802000
aalair,"Apple M3",8,"Darwin 27.0.0 arm64","Apple LLVM 21.0.0 (clang-2100.3.34.2)"," -O3 -DNDEBUG -DPITO_ECS_OWNED_DELETE_ATOMIC=1",8,100000,pito,owned_initialize,ecs_create_owned_sharded,4,0,11,20.903000
aalair,"Apple M3",8,"Darwin 27.0.0 arm64","Apple LLVM 21.0.0 (clang-2100.3.34.2)"," -O3 -DNDEBUG -DPITO_ECS_OWNED_DELETE_ATOMIC=1",8,100000,pito,owned_initialize,ecs_create_owned_sharded,4,0,12,20.522000
aalair,"Apple M3",8,"Darwin 27.0.0 arm64","Apple LLVM 21.0.0 (clang-2100.3.34.2)"," -O3 -DNDEBUG -DPITO_ECS_OWNED_DELETE_ATOMIC=1",8,100000,pito,owned_initialize,ecs_create_owned_sharded,4,0,13,20.571000
aalair,"Apple M3",8,"Darwin 27.0.0 arm64","Apple LLVM 21.0.0 (clang-2100.3.34.2)"," -O3 -DNDEBUG -DPITO_ECS_OWNED_DELETE_ATOMIC=1",8,100000,pito,owned_initialize,ecs_create_owned_sharded,4,0,14,14.897000
aalair,"Apple M3",8,"Darwin 27.0.0 arm64","Apple LLVM 21.0.0 (clang-2100.3.34.2)"," -O3 -DNDEBUG -DPITO_ECS_OWNED_DELETE_ATOMIC=1",8,100000,pito,owned_initialize,ecs_create_owned_sharded,4,0,15,15.069000
aalair,"Apple M3",8,"Darwin 27.0.0 arm64","Apple LLVM 21.0.0 (clang-2100.3.34.2)"," -O3 -DNDEBUG -DPITO_ECS_OWNED_DELETE_ATOMIC=1",8,100000,pito,owned_initialize,ecs_create_owned_sharded,4,0,16,20.940000
aalair,"Apple M3",8,"Darwin 27.0.0 arm64","Apple LLVM 21.0.0 (clang-2100.3.34.2)"," -O3 -DNDEBUG -DPITO_ECS_OWNED_DELETE_ATOMIC=1",8,100000,pito,owned_initialize,ecs_create_owned_sharded,4,0,17,20.072000
aalair,"Apple M3",8,"Darwin 27.0.0 arm64","Apple LLVM 21.0.0 (clang-2100.3.34.2)"," -O3 -DNDEBUG -DPITO_ECS_OWNED_DELETE_ATOMIC=1",8,100000,pito,owned_initialize,ecs_create_owned_sharded,4,0,18,14.991000
aalair,"Apple M3",8,"Darwin 27.0.0 arm64","Apple LLVM 21.0.0 (clang-2100.3.34.2)"," -O3 -DNDEBUG -DPITO_ECS_OWNED_DELETE_ATOMIC=1",8,100000,pito,owned_initialize,ecs_create_owned_sharded,4,0,19,14.903000
aalair,"Apple M3",8,"Darwin 27.0.0 arm64","Apple LLVM 21.0.0 (clang-2100.3.34.2)"," -O3 -DNDEBUG -DPITO_ECS_OWNED_DELETE_ATOMIC=1",8,100000,pito,owned_initialize,ecs_create_owned_sharded,4,0,20,18.695000
aalair,"Apple M3",8,"Darwin 27.0.0 arm64","Apple LLVM 21.0.0 (clang-2100.3.34.2)"," -O3 -DNDEBUG -DPITO_ECS_OWNED_DELETE_ATOMIC=1",8,100000,pito,owned_initialize,ecs_create_owned_sharded,4,0,21,20.344000
aalair,"Apple M3",8,"Darwin 27.0.0 arm64","Apple LLVM 21.0.0 (clang-2100.3.34.2)"," -O3 -DNDEBUG -DPITO_ECS_OWNED_DELETE_ATOMIC=1",8,100000,pito,owned_initialize,ecs_create_owned_sharded,4,0,22,19.328000
aalair,"Apple M3",8,"Darwin 27.0.0 arm64","Apple LLVM 21.0.0 (clang-2100.3.34.2)"," -O3 -DNDEBUG -DPITO_ECS_OWNED_DELETE_ATOMIC=1",8,100000,pito,owned_initialize,ecs_create_owned_sharded,4,0,23,19.481000
aalair,"Apple M3",8,"Darwin 27.0.0 arm64","Apple LLVM 21.0.0 (clang-2100.3.34.2)"," -O3 -DNDEBUG -DPITO_ECS_OWNED_DELETE_ATOMIC=1",8,100000,pito,owned_initialize,ecs_create_owned_sharded,4,0,24,19.287000
aalair,"Apple M3",8,"Darwin 27.0.0 arm64","Apple LLVM 21.0.0 (clang-2100.3.34.2)"," -O3 -DNDEBUG -DPITO_ECS_OWNED_DELETE_ATOMIC=1",8,100000,pito,owned_initialize,ecs_create_owned_sharded,4,0,25,19.084000
aalair,"Apple M3",8,"Darwin 27.0.0 arm64","Apple LLVM 21.0.0 (clang-2100.3.34.2)"," -O3 -DNDEBUG -DPITO_ECS_OWNED_DELETE_ATOMIC=1",8,100000,pito,owned_initialize,ecs_create_owned_sharded,4,0,26,14.928000
aalair,"Apple M3",8,"Darwin 27.0.0 arm64","Apple LLVM 21.0.0 (clang-2100.3.34.2)"," -O3 -DNDEBUG -DPITO_ECS_OWNED_DELETE_ATOMIC=1",8,100000,pito,owned_initialize,ecs_create_owned_sharded,4,0,27,19.589000
aalair,"Apple M3",8,"Darwin 27.0.0 arm64","Apple LLVM 21.0.0 (clang-2100.3.34.2)"," -O3 -DNDEBUG -DPITO_ECS_OWNED_DELETE_ATOMIC=1",8,100000,pito,owned_initialize,ecs_create_owned_sharded,4,0,28,19.431000
aalair,"Apple M3",8,"Darwin 27.0.0 arm64","Apple LLVM 21.0.0 (clang-2100.3.34.2)"," -O3 -DNDEBUG -DPITO_ECS_OWNED_DELETE_ATOMIC=1",8,100000,pito,owned_initialize,ecs_create_owned_sharded,4,0,29,19.739000
aalair,"Apple M3",8,"Darwin 27.0.0 arm64","Apple LLVM 21.0.0 (clang-2100.3.34.2)"," -O3 -DNDEBUG -DPITO_ECS_OWNED_DELETE_ATOMIC=1",8,100000,pito,owned_initialize,ecs_create_owned_sharded,4,10,1,21.563000
aalair,"Apple M3",8,"Darwin 27.0.0 arm64","Apple LLVM 21.0.0 (clang-2100.3.34.2)"," -O3 -DNDEBUG -DPITO_ECS_OWNED_DELETE_ATOMIC=1",8,100000,pito,owned_initialize,ecs_create_owned_sharded,4,10,2,18.727000
aalair,"Apple M3",8,"Darwin 27.0.0 arm64","Apple LLVM 21.0.0 (clang-2100.3.34.2)"," -O3 -DNDEBUG -DPITO_ECS_OWNED_DELETE_ATOMIC=1",8,100000,pito,owned_initialize,ecs_create_owned_sharded,4,10,3,21.347000
aalair,"Apple M3",8,"Darwin 27.0.0 arm64","Apple LLVM 21.0.0 (clang-2100.3.34.2)"," -O3 -DNDEBUG -DPITO_ECS_OWNED_DELETE_ATOMIC=1",8,100000,pito,owned_initialize,ecs_create_owned_sharded,4,10,4,19.621000
aalair,"Apple M3",8,"Darwin 27.0.0 arm64","Apple LLVM 21.0.0 (clang-2100.3.34.2)"," -O3 -DNDEBUG -DPITO_ECS_OWNED_DELETE_ATOMIC=1",8,100000,pito,owned_initialize,ecs_create_owned_sharded,4,10,5,22.181000
aalair,"Apple M3",8,"Darwin 27.0.0 arm64","Apple LLVM 21.0.0 (clang-2100.3.34.2)"," -O3 -DNDEBUG -DPITO_ECS_OWNED_DELETE_ATOMIC=1",8,100000,pito,owned_initialize,ecs_create_owned_sharded,4,10,6,16.204000
aalair,"Apple M3",8,"Darwin 27.0.0 arm64","Apple LLVM 21.0.0 (clang-2100.3.34.2)"," -O3 -DNDEBUG -DPITO_ECS_OWNED_DELETE_ATOMIC=1",8,100000,pito,owned_initialize,ecs_create_owned_sharded,4,10,7,21.071000
aalair,"Apple M3",8,"Darwin 27.0.0 arm64","Apple LLVM 21.0.0 (clang-2100.3.34.2)"," -O3 -DNDEBUG -DPITO_ECS_OWNED_DELETE_ATOMIC=1",8,100000,pito,owned_initialize,ecs_create_owned_sharded,4,10,8,15.885000
aalair,"Apple M3",8,"Darwin 27.0.0 arm64","Apple LLVM 21.0.0 (clang-2100.3.34.2)"," -O3 -DNDEBUG -DPITO_ECS_OWNED_DELETE_ATOMIC=1",8,100000,pito,owned_initialize,ecs_create_owned_sharded,4,10,9,19.813000
aalair,"Apple M3",8,"Darwin 27.0.0 arm64","Apple LLVM 21.0.0 (clang-2100.3.34.2)"," -O3 -DNDEBUG -DPITO_ECS_OWNED_DELETE_ATOMIC=1",8,100000,pito,owned_initialize,ecs_create_owned_sharded,4,10,10,17.717000
aalair,"Apple M3",8,"Darwin 27.0.0 arm64","Apple LLVM 21.0.0 (clang-2100.3.34.2)"," -O3 -DNDEBUG -DPITO_ECS_OWNED_DELETE_ATOMIC=1",8,100000,pito,owned_initialize,ecs_create_owned_sharded,4,10,11,19.824000
aalair,"Apple M3",8,"Darwin 27.0.0 arm64","Apple LLVM 21.0.0 (clang-2100.3.34.2)"," -O3 -DNDEBUG -DPITO_ECS_OWNED_DELETE_ATOMIC=1",8,100000,pito,owned_initialize,ecs_create_owned_sharded,4,10,12,21.483000
aalair,"Apple M3",8,"Darwin 27.0.0 arm64","Apple LLVM 21.0.0 (clang-2100.3.34.2)"," -O3 -DNDEBUG -DPITO_ECS_OWNED_DELETE_ATOMIC=1",8,100000,pito,owned_initialize,ecs_create_owned_sharded,4,10,13,16.006000
aalair,"Apple M3",8,"Darwin 27.0.0 arm64","Apple LLVM 21.0.0 (clang-2100.3.34.2)"," -O3 -DNDEBUG -DPITO_ECS_OWNED_DELETE_ATOMIC=1",8,100000,pito,owned_initialize,ecs_create_owned_sharded,4,10,14,19.489000
aalair,"Apple M3",8,"Darwin 27.0.0 arm64","Apple LLVM 21.0.0 (clang-2100.3.34.2)"," -O3 -DNDEBUG -DPITO_ECS_OWNED_DELETE_ATOMIC=1",8,100000,pito,owned_initialize,ecs_create_owned_sharded,4,10,15,18.242000
aalair,"Apple M3",8,"Darwin 27.0.0 arm64","Apple LLVM 21.0.0 (clang-2100.3.34.2)"," -O3 -DNDEBUG -DPITO_ECS_OWNED_DELETE_ATOMIC=1",8,100000,pito,owned_initialize,ecs_create_owned_sharded,4,10,16,16.416000
aalair,"Apple M3",8,"Darwin 27.0.0 arm64","Apple LLVM 21.0.0 (clang-2100.3.34.2)"," -O3 -DNDEBUG -DPITO_ECS_OWNED_DELETE_ATOMIC=1",8,100000,pito,owned_initialize,ecs_create_owned_sharded,4,10,17,16.775000
aalair,"Apple M3",8,"Darwin 27.0.0 arm64","Apple LLVM 21.0.0 (clang-2100.3.34.2)"," -O3 -DNDEBUG -DPITO_ECS_OWNED_DELETE_ATOMIC=1",8,100000,pito,owned_initialize,ecs_create_owned_sharded,4,10,18,20.762000
aalair,"Apple M3",8,"Darwin 27.0.0 arm64","Apple LLVM 21.0.0 (clang-2100.3.34.2)"," -O3 -DNDEBUG -DPITO_ECS_OWNED_DELETE_ATOMIC=1",8,100000,pito,owned_initialize,ecs_create_owned_sharded,4,10,19,16.847000
aalair,"Apple M3",8,"Darwin 27.0.0 arm64","Apple LLVM 21.0.0 (clang-2100.3.34.2)"," -O3 -DNDEBUG -DPITO_ECS_OWNED_DELETE_ATOMIC=1",8,100000,pito,owned_initialize,ecs_create_owned_sharded,4,10,20,18.972000
aalair,"Apple M3",8,"Darwin 27.0.0 arm64","Apple LLVM 21.0.0 (clang-2100.3.34.2)"," -O3 -DNDEBUG -DPITO_ECS_OWNED_DELETE_ATOMIC=1",8,100000,pito,owned_initialize,ecs_create_owned_sharded,4,10,21,17.669000
aalair,"Apple M3",8,"Darwin 27.0.0 arm64","Apple LLVM 21.0.0 (clang-2100.3.34.2)"," -O3 -DNDEBUG -DPITO_ECS_OWNED_DELETE_ATOMIC=1",8,100000,pito,owned_initialize,ecs_create_owned_sharded,4,10,22,19.162000
aalair,"Apple M3",8,"Darwin 27.0.0 arm64","Apple LLVM 21.0.0 (clang-2100.3.34.2)"," -O3 -DNDEBUG -DPITO_ECS_OWNED_DELETE_ATOMIC=1",8,100000,pito,owned_initialize,ecs_create_owned_sharded,4,10,23,19.382000
aalair,"Apple M3",8,"Darwin 27.0.0 arm64","Apple LLVM 21.0.0 (clang-2100.3.34.2)"," -O3 -DNDEBUG -DPITO_ECS_OWNED_DELETE_ATOMIC=1",8,100000,pito,owned_initialize,ecs_create_owned_sharded,4,10,24,15.951000
aalair,"Apple M3",8,"Darwin 27.0.0 arm64","Apple LLVM 21.0.0 (clang-2100.3.34.2)"," -O3 -DNDEBUG -DPITO_ECS_OWNED_DELETE_ATOMIC=1",8,100000,pito,owned_initialize,ecs_create_owned_sharded,4,10,25,19.410000
aalair,"Apple M3",8,"Darwin 27.0.0 arm64","Apple LLVM 21.0.0 (clang-2100.3.34.2)"," -O3 -DNDEBUG -DPITO_ECS_OWNED_DELETE_ATOMIC=1",8,100000,pito,owned_initialize,ecs_create_owned_sharded,4,10,26,17.304000
aalair,"Apple M3",8,"Darwin 27.0.0 arm64","Apple LLVM 21.0.0 (clang-2100.3.34.2)"," -O3 -DNDEBUG -DPITO_ECS_OWNED_DELETE_ATOMIC=1",8,100000,pito,owned_initialize,ecs_create_owned_sharded,4,10,27,21.442000
aalair,"Apple M3",8,"Darwin 27.0.0 arm64","Apple LLVM 21.0.0 (clang-2100.3.34.2)"," -O3 -DNDEBUG -DPITO_ECS_OWNED_DELETE_ATOMIC=1",8,100000,pito,owned_initialize,ecs_create_owned_sharded,4,10,28,19.332000
aalair,"Apple M3",8,"Darwin 27.0.0 arm64","Apple LLVM 21.0.0 (clang-2100.3.34.2)"," -O3 -DNDEBUG -DPITO_ECS_OWNED_DELETE_ATOMIC=1",8,100000,pito,owned_initialize,ecs_create_owned_sharded,4,10,29,16.426000
aalair,"Apple M3",8,"Darwin 27.0.0 arm64","Apple LLVM 21.0.0 (clang-2100.3.34.2)"," -O3 -DNDEBUG -DPITO_ECS_OWNED_DELETE_ATOMIC=1",8,100000,pito,owned_initialize,ecs_create_owned_sharded,4,10,30,20.003000
aalair,"Apple M3",8,"Darwin 27.0.0 arm64","Apple LLVM 21.0.0 (clang-2100.3.34.2)"," -O3 -DNDEBUG -DPITO_ECS_OWNED_DELETE_ATOMIC=1",8,100000,pito,owned_initialize,ecs_create_owned_sharded,4,10,31,21.915000
aalair,"Apple M3",8,"Darwin 27.0.0 arm64","Apple LLVM 21.0.0 (clang-2100.3.34.2)"," -O3 -DNDEBUG -DPITO_ECS_OWNED_DELETE_ATOMIC=1",8,100000,pito,owned_initialize,ecs_create_owned_sharded,4,10,32,15.999000
aalair,"Apple M3",8,"Darwin 27.0.0 arm64","Apple LLVM 21.0.0 (clang-2100.3.34.2)"," -O3 -DNDEBUG -DPITO_ECS_OWNED_DELETE_ATOMIC=1",8,100000,pito,owned_initialize,ecs_create_owned_sharded,4,10,33,19.746000
aalair,"Apple M3",8,"Darwin 27.0.0 arm64","Apple LLVM 21.0.0 (clang-2100.3.34.2)"," -O3 -DNDEBUG -DPITO_ECS_OWNED_DELETE_ATOMIC=1",8,100000,pito,owned_initialize,ecs_create_owned_sharded,4,10,34,19.784000
aalair,"Apple M3",8,"Darwin 27.0.0 arm64","Apple LLVM 21.0.0 (clang-2100.3.34.2)"," -O3 -DNDEBUG -DPITO_ECS_OWNED_DELETE_ATOMIC=1",8,100000,pito,owned_initialize,ecs_create_owned_sharded,4,10,35,16.029000
aalair,"Apple M3",8,"Darwin 27.0.0 arm64","Apple LLVM 21.0.0 (clang-2100.3.34.2)"," -O3 -DNDEBUG -DPITO_ECS_OWNED_DELETE_ATOMIC=1",8,100000,pito,owned_initialize,ecs_create_owned_sharded,4,10,36,16.017000
aalair,"Apple M3",8,"Darwin 27.0.0 arm64","Apple LLVM 21.0.0 (clang-2100.3.34.2)"," -O3 -DNDEBUG -DPITO_ECS_OWNED_DELETE_ATOMIC=1",8,100000,pito,owned_initialize,ecs_create_owned_sharded,4,10,37,19.820000
aalair,"Apple M3",8,"Darwin 27.0.0 arm64","Apple LLVM 21.0.0 (clang-2100.3.34.2)"," -O3 -DNDEBUG -DPITO_ECS_OWNED_DELETE_ATOMIC=1",8,100000,pito,owned_initialize,ecs_create_owned_sharded,4,10,38,15.962000
aalair,"Apple M3",8,"Darwin 27.0.0 arm64","Apple LLVM 21.0.0 (clang-2100.3.34.2)"," -O3 -DNDEBUG -DPITO_ECS_OWNED_DELETE_ATOMIC=1",8,100000,pito,owned_initialize,ecs_create_owned_sharded,4,10,39,15.936000
aalair,"Apple M3",8,"Darwin 27.0.0 arm64","Apple LLVM 21.0.0 (clang-2100.3.34.2)"," -O3 -DNDEBUG -DPITO_ECS_OWNED_DELETE_ATOMIC=1",8,100000,pito,owned_initialize,ecs_create_owned_sharded,4,10,40,15.995000
aalair,"Apple M3",8,"Darwin 27.0.0 arm64","Apple LLVM 21.0.0 (clang-2100.3.34.2)"," -O3 -DNDEBUG -DPITO_ECS_OWNED_DELETE_ATOMIC=1",8,100000,pito,owned_initialize,ecs_create_owned_sharded,4,10,41,20.375000
aalair,"Apple M3",8,"Darwin 27.0.0 arm64","Apple LLVM 21.0.0 (clang-2100.3.34.2)"," -O3 -DNDEBUG -DPITO_ECS_OWNED_DELETE_ATOMIC=1",8,100000,pito,owned_initialize,ecs_create_owned_sharded,4,10,42,19.542000
aalair,"Apple M3",8,"Darwin 27.0.0 arm64","Apple LLVM 21.0.0 (clang-2100.3.34.2)"," -O3 -DNDEBUG -DPITO_ECS_OWNED_DELETE_ATOMIC=1",8,100000,pito,owned_initialize,ecs_create_owned_sharded,4,10,43,19.448000
aalair,"Apple M3",8,"Darwin 27.0.0 arm64","Apple LLVM 21.0.0 (clang-2100.3.34.2)"," -O3 -DNDEBUG -DPITO_ECS_OWNED_DELETE_ATOMIC=1",8,100000,pito,owned_initialize,ecs_create_owned_sharded,4,10,44,19.715000
aalair,"Apple M3",8,"Darwin 27.0.0 arm64","Apple LLVM 21.0.0 (clang-2100.3.34.2)"," -O3 -DNDEBUG -DPITO_ECS_OWNED_DELETE_ATOMIC=1",8,100000,pito,owned_initialize,ecs_create_owned_sharded,4,10,45,15.931000
aalair,"Apple M3",8,"Darwin 27.0.0 arm64","Apple LLVM 21.0.0 (clang-2100.3.34.2)"," -O3 -DNDEBUG -DPITO_ECS_OWNED_DELETE_ATOMIC=1",8,100000,pito,owned_initialize,ecs_create_owned_sharded,4,10,46,17.104000
aalair,"Apple M3",8,"Darwin 27.0.0 arm64","Apple LLVM 21.0.0 (clang-2100.3.34.2)"," -O3 -DNDEBUG -DPITO_ECS_OWNED_DELETE_ATOMIC=1",8,100000,pito,owned_initialize,ecs_create_owned_sharded,4,10,47,17.789000
aalair,"Apple M3",8,"Darwin 27.0.0 arm64","Apple LLVM 21.0.0 (clang-2100.3.34.2)"," -O3 -DNDEBUG -DPITO_ECS_OWNED_DELETE_ATOMIC=1",8,100000,pito,owned_initialize,ecs_create_owned_sharded,4,10,48,21.446000
aalair,"Apple M3",8,"Darwin 27.0.0 arm64","Apple LLVM 21.0.0 (clang-2100.3.34.2)"," -O3 -DNDEBUG -DPITO_ECS_OWNED_DELETE_ATOMIC=1",8,100000,pito,owned_initialize,ecs_create_owned_sharded,4,10,49,19.161000
aalair,"Apple M3",8,"Darwin 27.0.0 arm64","Apple LLVM 21.0.0 (clang-2100.3.34.2)"," -O3 -DNDEBUG -DPITO_ECS_OWNED_DELETE_ATOMIC=1",8,100000,pito,owned_initialize,ecs_create_owned_sharded,4,10,50,18.630000
aalair,"Apple M3",8,"Darwin 27.0.0 arm64","Apple LLVM 21.0.0 (clang-2100.3.34.2)"," -O3 -DNDEBUG -DPITO_ECS_OWNED_DELETE_ATOMIC=1",8,100000,pito,owned_initialize,ecs_create_owned_sharded,4,10,51,17.926000
aalair,"Apple M3",8,"Darwin 27.0.0 arm64","Apple LLVM 21.0.0 (clang-2100.3.34.2)"," -O3 -DNDEBUG -DPITO_ECS_OWNED_DELETE_ATOMIC=1",8,100000,pito,owned_initialize,ecs_create_owned_sharded,4,10,52,18.112000
aalair,"Apple M3",8,"Darwin 27.0.0 arm64","Apple LLVM 21.0.0 (clang-2100.3.34.2)"," -O3 -DNDEBUG -DPITO_ECS_OWNED_DELETE_ATOMIC=1",8,100000,pito,owned_initialize,ecs_create_owned_sharded,4,10,53,19.242000
aalair,"Apple M3",8,"Darwin 27.0.0 arm64","Apple LLVM 21.0.0 (clang-2100.3.34.2)"," -O3 -DNDEBUG -DPITO_ECS_OWNED_DELETE_ATOMIC=1",8,100000,pito,owned_initialize,ecs_create_owned_sharded,4,10,54,21.298000
aalair,"Apple M3",8,"Darwin 27.0.0 arm64","Apple LLVM 21.0.0 (clang-2100.3.34.2)"," -O3 -DNDEBUG -DPITO_ECS_OWNED_DELETE_ATOMIC=1",8,100000,pito,owned_initialize,ecs_create_owned_sharded,4,10,55,16.846000
aalair,"Apple M3",8,"Darwin 27.0.0 arm64","Apple LLVM 21.0.0 (clang-2100.3.34.2)"," -O3 -DNDEBUG -DPITO_ECS_OWNED_DELETE_ATOMIC=1",8,100000,pito,owned_initialize,ecs_create_owned_sharded,4,10,56,19.651000
aalair,"Apple M3",8,"Darwin 27.0.0 arm64","Apple LLVM 21.0.0 (clang-2100.3.34.2)"," -O3 -DNDEBUG -DPITO_ECS_OWNED_DELETE_ATOMIC=1",8,100000,pito,owned_initialize,ecs_create_owned_sharded,4,10,57,15.839000
aalair,"Apple M3",8,"Darwin 27.0.0 arm64","Apple LLVM 21.0.0 (clang-2100.3.34.2)"," -O3 -DNDEBUG -DPITO_ECS_OWNED_DELETE_ATOMIC=1",8,100000,pito,owned_initialize,ecs_create_owned_sharded,4,10,58,19.549000
aalair,"Apple M3",8,"Darwin 27.0.0 arm64","Apple LLVM 21.0.0 (clang-2100.3.34.2)"," -O3 -DNDEBUG -DPITO_ECS_OWNED_DELETE_ATOMIC=1",8,100000,pito,owned_initialize,ecs_create_owned_sharded,4,10,59,19.720000
aalair,"Apple M3",8,"Darwin 27.0.0 arm64","Apple LLVM 21.0.0 (clang-2100.3.34.2)"," -O3 -DNDEBUG -DPITO_ECS_OWNED_DELETE_ATOMIC=1",8,100000,pito,owned_initialize,ecs_create_owned_sharded,4,10,60,15.851000
aalair,"Apple M3",8,"Darwin 27.0.0 arm64","Apple LLVM 21.0.0 (clang-2100.3.34.2)"," -O3 -DNDEBUG -DPITO_ECS_OWNED_DELETE_ATOMIC=1",8,100000,pito,owned_initialize,ecs_create_owned_sharded,4,10,61,19.584000
aalair,"Apple M3",8,"Darwin 27.0.0 arm64","Apple LLVM 21.0.0 (clang-2100.3.34.2)"," -O3 -DNDEBUG -DPITO_ECS_OWNED_DELETE_ATOMIC=1",8,100000,pito,owned_initialize,ecs_create_owned_sharded,4,10,62,19.940000
aalair,"Apple M3",8,"Darwin 27.0.0 arm64","Apple LLVM 21.0.0 (clang-2100.3.34.2)"," -O3 -DNDEBUG -DPITO_ECS_OWNED_DELETE_ATOMIC=1",8,100000,pito,owned_initialize,ecs_create_owned_sharded,4,10,63,20.273000
aalair,"Apple M3",8,"Darwin 27.0.0 arm64","Apple LLVM 21.0.0 (clang-2100.3.34.2)"," -O3 -DNDEBUG -DPITO_ECS_OWNED_DELETE_ATOMIC=1",8,100000,pito,owned_initialize,ecs_create_owned_sharded,4,10,64,19.416000
aalair,"Apple M3",8,"Darwin 27.0.0 arm64","Apple LLVM 21.0.0 (clang-2100.3.34.2)"," -O3 -DNDEBUG -DPITO_ECS_OWNED_DELETE_ATOMIC=1",8,100000,pito,owned_initialize,ecs_create_owned_sharded,4,10,65,19.406000
aalair,"Apple M3",8,"Darwin 27.0.0 arm64","Apple LLVM 21.0.0 (clang-2100.3.34.2)"," -O3 -DNDEBUG -DPITO_ECS_OWNED_DELETE_ATOMIC=1",8,100000,pito,owned_initialize,ecs_create_owned_sharded,4,10,66,19.886000
aalair,"Apple M3",8,"Darwin 27.0.0 arm64","Apple LLVM 21.0.0 (clang-2100.3.34.2)"," -O3 -DNDEBUG -DPITO_ECS_OWNED_DELETE_ATOMIC=1",8,100000,pito,owned_initialize,ecs_create_owned_sharded,4,10,67,16.384000
aalair,"Apple M3",8,"Darwin 27.0.0 arm64","Apple LLVM 21.0.0 (clang-2100.3.34.2)"," -O3 -DNDEBUG -DPITO_ECS_OWNED_DELETE_ATOMIC=1",8,100000,pito,owned_initialize,ecs_create_owned_sharded,4,10,68,15.959000
aalair,"Apple M3",8,"Darwin 27.0.0 arm64","Apple LLVM 21.0.0 (clang-2100.3.34.2)"," -O3 -DNDEBUG -DPITO_ECS_OWNED_DELETE_ATOMIC=1",8,100000,pito,owned_initialize,ecs_create_owned_sharded,4,10,69,15.821000
aalair,"Apple M3",8,"Darwin 27.0.0 arm64","Apple LLVM 21.0.0 (clang-2100.3.34.2)"," -O3 -DNDEBUG -DPITO_ECS_OWNED_DELETE_ATOMIC=1",8,100000,pito,owned_initialize,ecs_create_owned_sharded,4,10,70,19.849000
aalair,"Apple M3",8,"Darwin 27.0.0 arm64","Apple LLVM 21.0.0 (clang-2100.3.34.2)"," -O3 -DNDEBUG -DPITO_ECS_OWNED_DELETE_ATOMIC=1",8,100000,pito,owned_initialize,ecs_create_owned_sharded,4,10,71,18.134000
aalair,"Apple M3",8,"Darwin 27.0.0 arm64","Apple LLVM 21.0.0 (clang-2100.3.34.2)"," -O3 -DNDEBUG -DPITO_ECS_OWNED_DELETE_ATOMIC=1",8,100000,pito,owned_initialize,ecs_create_owned_sharded,4,10,72,19.820000
aalair,"Apple M3",8,"Darwin 27.0.0 arm64","Apple LLVM 21.0.0 (clang-2100.3.34.2)"," -O3 -DNDEBUG -DPITO_ECS_OWNED_DELETE_ATOMIC=1",8,100000,pito,owned_initialize,ecs_create_owned_sharded,4,10,73,19.585000
aalair,"Apple M3",8,"Darwin 27.0.0 arm64","Apple LLVM 21.0.0 (clang-2100.3.34.2)"," -O3 -DNDEBUG -DPITO_ECS_OWNED_DELETE_ATOMIC=1",8,100000,pito,owned_initialize,ecs_create_owned_sharded,4,10,74,15.788000
aalair,"Apple M3",8,"Darwin 27.0.0 arm64","Apple LLVM 21.0.0 (clang-2100.3.34.2)"," -O3 -DNDEBUG -DPITO_ECS_OWNED_DELETE_ATOMIC=1",8,100000,pito,owned_initialize,ecs_create_owned_sharded,4,10,75,19.808000
aalair,"Apple M3",8,"Darwin 27.0.0 arm64","Apple LLVM 21.0.0 (clang-2100.3.34.2)"," -O3 -DNDEBUG -DPITO_ECS_OWNED_DELETE_ATOMIC=1",8,100000,pito,owned_initialize,ecs_create_owned_sharded,4,10,76,16.145000
aalair,"Apple M3",8,"Darwin 27.0.0 arm64","Apple LLVM 21.0.0 (clang-2100.3.34.2)"," -O3 -DNDEBUG -DPITO_ECS_OWNED_DELETE_ATOMIC=1",8,100000,pito,owned_initialize,ecs_create_owned_sharded,4,10,77,21.541000
aalair,"Apple M3",8,"Darwin 27.0.0 arm64","Apple LLVM 21.0.0 (clang-2100.3.34.2)"," -O3 -DNDEBUG -DPITO_ECS_OWNED_DELETE_ATOMIC=1",8,100000,pito,owned_initialize,ecs_create_owned_sharded,4,10,78,21.489000
aalair,"Apple M3",8,"Darwin 27.0.0 arm64","Apple LLVM 21.0.0 (clang-2100.3.34.2)"," -O3 -DNDEBUG -DPITO_ECS_OWNED_DELETE_ATOMIC=1",8,100000,pito,owned_initialize,ecs_create_owned_sharded,4,10,79,18.182000
aalair,"Apple M3",8,"Darwin 27.0.0 arm64","Apple LLVM 21.0.0 (clang-2100.3.34.2)"," -O3 -DNDEBUG -DPITO_ECS_OWNED_DELETE_ATOMIC=1",8,100000,pito,owned_initialize,ecs_create_owned_sharded,4,10,80,15.691000
aalair,"Apple M3",8,"Darwin 27.0.0 arm64","Apple LLVM 21.0.0 (clang-2100.3.34.2)"," -O3 -DNDEBUG -DPITO_ECS_OWNED_DELETE_ATOMIC=1",8,100000,pito,owned_initialize,ecs_create_owned_sharded,4,10,81,21.586000
aalair,"Apple M3",8,"Darwin 27.0.0 arm64","Apple LLVM 21.0.0 (clang-2100.3.34.2)"," -O3 -DNDEBUG -DPITO_ECS_OWNED_DELETE_ATOMIC=1",8,100000,pito,owned_initialize,ecs_create_owned_sharded,4,10,82,17.924000
aalair,"Apple M3",8,"Darwin 27.0.0 arm64","Apple LLVM 21.0.0 (clang-2100.3.34.2)"," -O3 -DNDEBUG -DPITO_ECS_OWNED_DELETE_ATOMIC=1",8,100000,pito,owned_initialize,ecs_create_owned_sharded,4,10,83,19.037000
aalair,"Apple M3",8,"Darwin 27.0.0 arm64","Apple LLVM 21.0.0 (clang-2100.3.34.2)"," -O3 -DNDEBUG -DPITO_ECS_OWNED_DELETE_ATOMIC=1",8,100000,pito,owned_initialize,ecs_create_owned_sharded,4,10,84,17.503000
aalair,"Apple M3",8,"Darwin 27.0.0 arm64","Apple LLVM 21.0.0 (clang-2100.3.34.2)"," -O3 -DNDEBUG -DPITO_ECS_OWNED_DELETE_ATOMIC=1",8,100000,pito,owned_initialize,ecs_create_owned_sharded,4,10,85,16.591000
aalair,"Apple M3",8,"Darwin 27.0.0 arm64","Apple LLVM 21.0.0 (clang-2100.3.34.2)"," -O3 -DNDEBUG -DPITO_ECS_OWNED_DELETE_ATOMIC=1",8,100000,pito,owned_initialize,ecs_create_owned_sharded,4,10,86,18.539000
aalair,"Apple M3",8,"Darwin 27.0.0 arm64","Apple LLVM 21.0.0 (clang-2100.3.34.2)"," -O3 -DNDEBUG -DPITO_ECS_OWNED_DELETE_ATOMIC=1",8,100000,pito,owned_initialize,ecs_create_owned_sharded,4,10,87,21.579000
aalair,"Apple M3",8,"Darwin 27.0.0 arm64","Apple LLVM 21.0.0 (clang-2100.3.34.2)"," -O3 -DNDEBUG -DPITO_ECS_OWNED_DELETE_ATOMIC=1",8,100000,pito,owned_initialize,ecs_create_owned_sharded,4,10,88,18.160000
aalair,"Apple M3",8,"Darwin 27.0.0 arm64","Apple LLVM 21.0.0 (clang-2100.3.34.2)"," -O3 -DNDEBUG -DPITO_ECS_OWNED_DELETE_ATOMIC=1",8,100000,pito,owned_initialize,ecs_create_owned_sharded,4,10,89,18.070000
aalair,"Apple M3",8,"Darwin 27.0.0 arm64","Apple LLVM 21.0.0 (clang-2100.3.34.2)"," -O3 -DNDEBUG -DPITO_ECS_OWNED_DELETE_ATOMIC=1",8,100000,pito,owned_initialize,ecs_create_owned_sharded,4,10,90,19.154000
aalair,"Apple M3",8,"Darwin 27.0.0 arm64","Apple LLVM 21.0.0 (clang-2100.3.34.2)"," -O3 -DNDEBUG -DPITO_ECS_OWNED_DELETE_ATOMIC=1",8,100000,pito,owned_initialize,ecs_create_owned_sharded,4,10,91,19.078000
aalair,"Apple M3",8,"Darwin 27.0.0 arm64","Apple LLVM 21.0.0 (clang-2100.3.34.2)"," -O3 -DNDEBUG -DPITO_ECS_OWNED_DELETE_ATOMIC=1",8,100000,pito,owned_initialize,ecs_create_owned_sharded,4,10,92,21.577000
aalair,"Apple M3",8,"Darwin 27.0.0 arm64","Apple LLVM 21.0.0 (clang-2100.3.34.2)"," -O3 -DNDEBUG -DPITO_ECS_OWNED_DELETE_ATOMIC=1",8,100000,pito,owned_initialize,ecs_create_owned_sharded,4,10,93,17.822000
aalair,"Apple M3",8,"Darwin 27.0.0 arm64","Apple LLVM 21.0.0 (clang-2100.3.34.2)"," -O3 -DNDEBUG -DPITO_ECS_OWNED_DELETE_ATOMIC=1",8,100000,pito,owned_initialize,ecs_create_owned_sharded,4,10,94,15.146000
aalair,"Apple M3",8,"Darwin 27.0.0 arm64","Apple LLVM 21.0.0 (clang-2100.3.34.2)"," -O3 -DNDEBUG -DPITO_ECS_OWNED_DELETE_ATOMIC=1",8,100000,pito,owned_initialize,ecs_create_owned_sharded,4,10,95,19.429000
aalair,"Apple M3",8,"Darwin 27.0.0 arm64","Apple LLVM 21.0.0 (clang-2100.3.34.2)"," -O3 -DNDEBUG -DPITO_ECS_OWNED_DELETE_ATOMIC=1",8,100000,pito,owned_initialize,ecs_create_owned_sharded,4,10,96,17.814000
aalair,"Apple M3",8,"Darwin 27.0.0 arm64","Apple LLVM 21.0.0 (clang-2100.3.34.2)"," -O3 -DNDEBUG -DPITO_ECS_OWNED_DELETE_ATOMIC=1",8,100000,pito,owned_initialize,ecs_create_owned_sharded,4,10,97,21.618000
aalair,"Apple M3",8,"Darwin 27.0.0 arm64","Apple LLVM 21.0.0 (clang-2100.3.34.2)"," -O3 -DNDEBUG -DPITO_ECS_OWNED_DELETE_ATOMIC=1",8,100000,pito,owned_initialize,ecs_create_owned_sharded,4,10,98,21.631000
aalair,"Apple M3",8,"Darwin 27.0.0 arm64","Apple LLVM 21.0.0 (clang-2100.3.34.2)"," -O3 -DNDEBUG -DPITO_ECS_OWNED_DELETE_ATOMIC=1",8,100000,pito,owned_initialize,ecs_create_owned_sharded,4,10,99,15.619000
aalair,"Apple M3",8,"Darwin 27.0.0 arm64","Apple LLVM 21.0.0 (clang-2100.3.34.2)"," -O3 -DNDEBUG -DPITO_ECS_OWNED_DELETE_ATOMIC=1",8,100000,pito,owned_initialize,ecs_create_owned_sharded,4,10,100,19.510000
aalair,"Apple M3",8,"Darwin 27.0.0 arm64","Apple LLVM 21.0.0 (clang-2100.3.34.2)"," -O3 -DNDEBUG -DPITO_ECS_OWNED_DELETE_ATOMIC=1",8,100000,pito,owned_initialize,ecs_create_owned_sharded,4,500,1,107.304000
aalair,"Apple M3",8,"Darwin 27.0.0 arm64","Apple LLVM 21.0.0 (clang-2100.3.34.2)"," -O3 -DNDEBUG -DPITO_ECS_OWNED_DELETE_ATOMIC=1",8,100000,pito,owned_initialize,ecs_create_owned_sharded,4,500,2,107.343000
aalair,"Apple M3",8,"Darwin 27.0.0 arm64","Apple LLVM 21.0.0 (clang-2100.3.34.2)"," -O3 -DNDEBUG -DPITO_ECS_OWNED_DELETE_ATOMIC=1",8,100000,pito,owned_initialize,ecs_create_owned_sharded,4,500,3,107.287000
aalair,"Apple M3",8,"Darwin 27.0.0 arm64","Apple LLVM 21.0.0 (clang-2100.3.34.2)"," -O3 -DNDEBUG -DPITO_ECS_OWNED_DELETE_ATOMIC=1",8,100000,pito,owned_initialize,ecs_create_owned_sharded,4,500,4,108.282000
aalair,"Apple M3",8,"Darwin 27.0.0 arm64","Apple LLVM 21.0.0 (clang-2100.3.34.2)"," -O3 -DNDEBUG -DPITO_ECS_OWNED_DELETE_ATOMIC=1",8,100000,pito,owned_initialize,ecs_create_owned_sharded,4,500,5,107.875000
aalair,"Apple M3",8,"Darwin 27.0.0 arm64","Apple LLVM 21.0.0 (clang-2100.3.34.2)"," -O3 -DNDEBUG -DPITO_ECS_OWNED_DELETE_ATOMIC=1",8,100000,pito,owned_initialize,ecs_create_owned_sharded,4,500,6,107.467000
aalair,"Apple M3",8,"Darwin 27.0.0 arm64","Apple LLVM 21.0.0 (clang-2100.3.34.2)"," -O3 -DNDEBUG -DPITO_ECS_OWNED_DELETE_ATOMIC=1",8,100000,pito,owned_initialize,ecs_create_owned_sharded,4,500,7,166.494000
aalair,"Apple M3",8,"Darwin 27.0.0 arm64","Apple LLVM 21.0.0 (clang-2100.3.34.2)"," -O3 -DNDEBUG -DPITO_ECS_OWNED_DELETE_ATOMIC=1",8,100000,pito,owned_initialize,ecs_create_owned_sharded,4,500,8,114.297000
aalair,"Apple M3",8,"Darwin 27.0.0 arm64","Apple LLVM 21.0.0 (clang-2100.3.34.2)"," -O3 -DNDEBUG -DPITO_ECS_OWNED_DELETE_ATOMIC=1",8,100000,pito,owned_initialize,ecs_create_owned_sharded,4,500,9,108.390000
aalair,"Apple M3",8,"Darwin 27.0.0 arm64","Apple LLVM 21.0.0 (clang-2100.3.34.2)"," -O3 -DNDEBUG -DPITO_ECS_OWNED_DELETE_ATOMIC=1",8,100000,pito,owned_initialize,ecs_create_owned_sharded,4,500,10,107.602000
aalair,"Apple M3",8,"Darwin 27.0.0 arm64","Apple LLVM 21.0.0 (clang-2100.3.34.2)"," -O3 -DNDEBUG -DPITO_ECS_OWNED_DELETE_ATOMIC=1",8,100000,pito,owned_initialize,ecs_create_owned_sharded,4,500,11,107.444000
aalair,"Apple M3",8,"Darwin 27.0.0 arm64","Apple LLVM 21.0.0 (clang-2100.3.34.2)"," -O3 -DNDEBUG -DPITO_ECS_OWNED_DELETE_ATOMIC=1",8,100000,pito,owned_initialize,ecs_create_owned_sharded,4,500,12,107.383000
aalair,"Apple M3",8,"Darwin 27.0.0 arm64","Apple LLVM 21.0.0 (clang-2100.3.34.2)"," -O3 -DNDEBUG -DPITO_ECS_OWNED_DELETE_ATOMIC=1",8,100000,pito,owned_initialize,ecs_create_owned_sharded,4,500,13,107.327000
aalair,"Apple M3",8,"Darwin 27.0.0 arm64","Apple LLVM 21.0.0 (clang-2100.3.34.2)"," -O3 -DNDEBUG -DPITO_ECS_OWNED_DELETE_ATOMIC=1",8,100000,pito,owned_initialize,ecs_create_owned_sharded,4,500,14,107.309000
aalair,"Apple M3",8,"Darwin 27.0.0 arm64","Apple LLVM 21.0.0 (clang-2100.3.34.2)"," -O3 -DNDEBUG -DPITO_ECS_OWNED_DELETE_ATOMIC=1",8,100000,pito,owned_initialize,ecs_create_owned_sharded,8,0,1,16.771000
aalair,"Apple M3",8,"Darwin 27.0.0 arm64","Apple LLVM 21.0.0 (clang-2100.3.34.2)"," -O3 -DNDEBUG -DPITO_ECS_OWNED_DELETE_ATOMIC=1",8,100000,pito,owned_initialize,ecs_create_owned_sharded,8,0,2,18.845000
aalair,"Apple M3",8,"Darwin 27.0.0 arm64","Apple LLVM 21.0.0 (clang-2100.3.34.2)"," -O3 -DNDEBUG -DPITO_ECS_OWNED_DELETE_ATOMIC=1",8,100000,pito,owned_initialize,ecs_create_owned_sharded,8,0,3,19.502000
aalair,"Apple M3",8,"Darwin 27.0.0 arm64","Apple LLVM 21.0.0 (clang-2100.3.34.2)"," -O3 -DNDEBUG -DPITO_ECS_OWNED_DELETE_ATOMIC=1",8,100000,pito,owned_initialize,ecs_create_owned_sharded,8,0,4,21.765000
aalair,"Apple M3",8,"Darwin 27.0.0 arm64","Apple LLVM 21.0.0 (clang-2100.3.34.2)"," -O3 -DNDEBUG -DPITO_ECS_OWNED_DELETE_ATOMIC=1",8,100000,pito,owned_initialize,ecs_create_owned_sharded,8,0,5,27.200000
aalair,"Apple M3",8,"Darwin 27.0.0 arm64","Apple LLVM 21.0.0 (clang-2100.3.34.2)"," -O3 -DNDEBUG -DPITO_ECS_OWNED_DELETE_ATOMIC=1",8,100000,pito,owned_initialize,ecs_create_owned_sharded,8,0,6,24.294000
aalair,"Apple M3",8,"Darwin 27.0.0 arm64","Apple LLVM 21.0.0 (clang-2100.3.34.2)"," -O3 -DNDEBUG -DPITO_ECS_OWNED_DELETE_ATOMIC=1",8,100000,pito,owned_initialize,ecs_create_owned_sharded,8,0,7,17.350000
aalair,"Apple M3",8,"Darwin 27.0.0 arm64","Apple LLVM 21.0.0 (clang-2100.3.34.2)"," -O3 -DNDEBUG -DPITO_ECS_OWNED_DELETE_ATOMIC=1",8,100000,pito,owned_initialize,ecs_create_owned_sharded,8,0,8,15.567000
aalair,"Apple M3",8,"Darwin 27.0.0 arm64","Apple LLVM 21.0.0 (clang-2100.3.34.2)"," -O3 -DNDEBUG -DPITO_ECS_OWNED_DELETE_ATOMIC=1",8,100000,pito,owned_initialize,ecs_create_owned_sharded,8,0,9,22.538000
aalair,"Apple M3",8,"Darwin 27.0.0 arm64","Apple LLVM 21.0.0 (clang-2100.3.34.2)"," -O3 -DNDEBUG -DPITO_ECS_OWNED_DELETE_ATOMIC=1",8,100000,pito,owned_initialize,ecs_create_owned_sharded,8,0,10,16.427000
aalair,"Apple M3",8,"Darwin 27.0.0 arm64","Apple LLVM 21.0.0 (clang-2100.3.34.2)"," -O3 -DNDEBUG -DPITO_ECS_OWNED_DELETE_ATOMIC=1",8,100000,pito,owned_initialize,ecs_create_owned_sharded,8,0,11,22.822000
aalair,"Apple M3",8,"Darwin 27.0.0 arm64","Apple LLVM 21.0.0 (clang-2100.3.34.2)"," -O3 -DNDEBUG -DPITO_ECS_OWNED_DELETE_ATOMIC=1",8,100000,pito,owned_initialize,ecs_create_owned_sharded,8,0,12,21.420000
aalair,"Apple M3",8,"Darwin 27.0.0 arm64","Apple LLVM 21.0.0 (clang-2100.3.34.2)"," -O3 -DNDEBUG -DPITO_ECS_OWNED_DELETE_ATOMIC=1",8,100000,pito,owned_initialize,ecs_create_owned_sharded,8,0,13,18.901000
aalair,"Apple M3",8,"Darwin 27.0.0 arm64","Apple LLVM 21.0.0 (clang-2100.3.34.2)"," -O3 -DNDEBUG -DPITO_ECS_OWNED_DELETE_ATOMIC=1",8,100000,pito,owned_initialize,ecs_create_owned_sharded,8,0,14,16.517000
aalair,"Apple M3",8,"Darwin 27.0.0 arm64","Apple LLVM 21.0.0 (clang-2100.3.34.2)"," -O3 -DNDEBUG -DPITO_ECS_OWNED_DELETE_ATOMIC=1",8,100000,pito,owned_initialize,ecs_create_owned_sharded,8,0,15,17.236000
aalair,"Apple M3",8,"Darwin 27.0.0 arm64","Apple LLVM 21.0.0 (clang-2100.3.34.2)"," -O3 -DNDEBUG -DPITO_ECS_OWNED_DELETE_ATOMIC=1",8,100000,pito,owned_initialize,ecs_create_owned_sharded,8,0,16,16.744000
aalair,"Apple M3",8,"Darwin 27.0.0 arm64","Apple LLVM 21.0.0 (clang-2100.3.34.2)"," -O3 -DNDEBUG -DPITO_ECS_OWNED_DELETE_ATOMIC=1",8,100000,pito,owned_initialize,ecs_create_owned_sharded,8,0,17,24.399000
aalair,"Apple M3",8,"Darwin 27.0.0 arm64","Apple LLVM 21.0.0 (clang-2100.3.34.2)"," -O3 -DNDEBUG -DPITO_ECS_OWNED_DELETE_ATOMIC=1",8,100000,pito,owned_initialize,ecs_create_owned_sharded,8,0,18,16.638000
aalair,"Apple M3",8,"Darwin 27.0.0 arm64","Apple LLVM 21.0.0 (clang-2100.3.34.2)"," -O3 -DNDEBUG -DPITO_ECS_OWNED_DELETE_ATOMIC=1",8,100000,pito,owned_initialize,ecs_create_owned_sharded,8,0,19,20.685000
aalair,"Apple M3",8,"Darwin 27.0.0 arm64","Apple LLVM 21.0.0 (clang-2100.3.34.2)"," -O3 -DNDEBUG -DPITO_ECS_OWNED_DELETE_ATOMIC=1",8,100000,pito,owned_initialize,ecs_create_owned_sharded,8,0,20,16.523000
aalair,"Apple M3",8,"Darwin 27.0.0 arm64","Apple LLVM 21.0.0 (clang-2100.3.34.2)"," -O3 -DNDEBUG -DPITO_ECS_OWNED_DELETE_ATOMIC=1",8,100000,pito,owned_initialize,ecs_create_owned_sharded,8,0,21,15.678000
aalair,"Apple M3",8,"Darwin 27.0.0 arm64","Apple LLVM 21.0.0 (clang-2100.3.34.2)"," -O3 -DNDEBUG -DPITO_ECS_OWNED_DELETE_ATOMIC=1",8,100000,pito,owned_initialize,ecs_create_owned_sharded,8,0,22,15.619000
aalair,"Apple M3",8,"Darwin 27.0.0 arm64","Apple LLVM 21.0.0 (clang-2100.3.34.2)"," -O3 -DNDEBUG -DPITO_ECS_OWNED_DELETE_ATOMIC=1",8,100000,pito,owned_initialize,ecs_create_owned_sharded,8,0,23,15.401000
aalair,"Apple M3",8,"Darwin 27.0.0 arm64","Apple LLVM 21.0.0 (clang-2100.3.34.2)"," -O3 -DNDEBUG -DPITO_ECS_OWNED_DELETE_ATOMIC=1",8,100000,pito,owned_initialize,ecs_create_owned_sharded,8,0,24,15.446000
aalair,"Apple M3",8,"Darwin 27.0.0 arm64","Apple LLVM 21.0.0 (clang-2100.3.34.2)"," -O3 -DNDEBUG -DPITO_ECS_OWNED_DELETE_ATOMIC=1",8,100000,pito,owned_initialize,ecs_create_owned_sharded,8,0,25,18.428000
aalair,"Apple M3",8,"Darwin 27.0.0 arm64","Apple LLVM 21.0.0 (clang-2100.3.34.2)"," -O3 -DNDEBUG -DPITO_ECS_OWNED_DELETE_ATOMIC=1",8,100000,pito,owned_initialize,ecs_create_owned_sharded,8,0,26,25.339000
aalair,"Apple M3",8,"Darwin 27.0.0 arm64","Apple LLVM 21.0.0 (clang-2100.3.34.2)"," -O3 -DNDEBUG -DPITO_ECS_OWNED_DELETE_ATOMIC=1",8,100000,pito,owned_initialize,ecs_create_owned_sharded,8,0,27,15.685000
aalair,"Apple M3",8,"Darwin 27.0.0 arm64","Apple LLVM 21.0.0 (clang-2100.3.34.2)"," -O3 -DNDEBUG -DPITO_ECS_OWNED_DELETE_ATOMIC=1",8,100000,pito,owned_initialize,ecs_create_owned_sharded,8,0,28,16.402000
aalair,"Apple M3",8,"Darwin 27.0.0 arm64","Apple LLVM 21.0.0 (clang-2100.3.34.2)"," -O3 -DNDEBUG -DPITO_ECS_OWNED_DELETE_ATOMIC=1",8,100000,pito,owned_initialize,ecs_create_owned_sharded,8,0,29,18.186000
aalair,"Apple M3",8,"Darwin 27.0.0 arm64","Apple LLVM 21.0.0 (clang-2100.3.34.2)"," -O3 -DNDEBUG -DPITO_ECS_OWNED_DELETE_ATOMIC=1",8,100000,pito,owned_initialize,ecs_create_owned_sharded,8,0,30,15.920000
aalair,"Apple M3",8,"Darwin 27.0.0 arm64","Apple LLVM 21.0.0 (clang-2100.3.34.2)"," -O3 -DNDEBUG -DPITO_ECS_OWNED_DELETE_ATOMIC=1",8,100000,pito,owned_initialize,ecs_create_owned_sharded,8,0,31,16.253000
aalair,"Apple M3",8,"Darwin 27.0.0 arm64","Apple LLVM 21.0.0 (clang-2100.3.34.2)"," -O3 -DNDEBUG -DPITO_ECS_OWNED_DELETE_ATOMIC=1",8,100000,pito,owned_initialize,ecs_create_owned_sharded,8,0,32,15.858000
aalair,"Apple M3",8,"Darwin 27.0.0 arm64","Apple LLVM 21.0.0 (clang-2100.3.34.2)"," -O3 -DNDEBUG -DPITO_ECS_OWNED_DELETE_ATOMIC=1",8,100000,pito,owned_initialize,ecs_create_owned_sharded,8,0,33,16.831000
aalair,"Apple M3",8,"Darwin 27.0.0 arm64","Apple LLVM 21.0.0 (clang-2100.3.34.2)"," -O3 -DNDEBUG -DPITO_ECS_OWNED_DELETE_ATOMIC=1",8,100000,pito,owned_initialize,ecs_create_owned_sharded,8,0,34,17.101000
aalair,"Apple M3",8,"Darwin 27.0.0 arm64","Apple LLVM 21.0.0 (clang-2100.3.34.2)"," -O3 -DNDEBUG -DPITO_ECS_OWNED_DELETE_ATOMIC=1",8,100000,pito,owned_initialize,ecs_create_owned_sharded,8,0,35,16.132000
aalair,"Apple M3",8,"Darwin 27.0.0 arm64","Apple LLVM 21.0.0 (clang-2100.3.34.2)"," -O3 -DNDEBUG -DPITO_ECS_OWNED_DELETE_ATOMIC=1",8,100000,pito,owned_initialize,ecs_create_owned_sharded,8,0,36,15.719000
aalair,"Apple M3",8,"Darwin 27.0.0 arm64","Apple LLVM 21.0.0 (clang-2100.3.34.2)"," -O3 -DNDEBUG -DPITO_ECS_OWNED_DELETE_ATOMIC=1",8,100000,pito,owned_initialize,ecs_create_owned_sharded,8,0,37,16.042000
aalair,"Apple M3",8,"Darwin 27.0.0 arm64","Apple LLVM 21.0.0 (clang-2100.3.34.2)"," -O3 -DNDEBUG -DPITO_ECS_OWNED_DELETE_ATOMIC=1",8,100000,pito,owned_initialize,ecs_create_owned_sharded,8,0,38,16.786000
aalair,"Apple M3",8,"Darwin 27.0.0 arm64","Apple LLVM 21.0.0 (clang-2100.3.34.2)"," -O3 -DNDEBUG -DPITO_ECS_OWNED_DELETE_ATOMIC=1",8,100000,pito,owned_initialize,ecs_create_owned_sharded,8,0,39,17.103000
aalair,"Apple M3",8,"Darwin 27.0.0 arm64","Apple LLVM 21.0.0 (clang-2100.3.34.2)"," -O3 -DNDEBUG -DPITO_ECS_OWNED_DELETE_ATOMIC=1",8,100000,pito,owned_initialize,ecs_create_owned_sharded,8,0,40,16.257000
aalair,"Apple M3",8,"Darwin 27.0.0 arm64","Apple LLVM 21.0.0 (clang-2100.3.34.2)"," -O3 -DNDEBUG -DPITO_ECS_OWNED_DELETE_ATOMIC=1",8,100000,pito,owned_initialize,ecs_create_owned_sharded,8,0,41,16.013000
aalair,"Apple M3",8,"Darwin 27.0.0 arm64","Apple LLVM 21.0.0 (clang-2100.3.34.2)"," -O3 -DNDEBUG -DPITO_ECS_OWNED_DELETE_ATOMIC=1",8,100000,pito,owned_initialize,ecs_create_owned_sharded,8,0,42,18.264000
aalair,"Apple M3",8,"Darwin 27.0.0 arm64","Apple LLVM 21.0.0 (clang-2100.3.34.2)"," -O3 -DNDEBUG -DPITO_ECS_OWNED_DELETE_ATOMIC=1",8,100000,pito,owned_initialize,ecs_create_owned_sharded,8,0,43,17.028000
aalair,"Apple M3",8,"Darwin 27.0.0 arm64","Apple LLVM 21.0.0 (clang-2100.3.34.2)"," -O3 -DNDEBUG -DPITO_ECS_OWNED_DELETE_ATOMIC=1",8,100000,pito,owned_initialize,ecs_create_owned_sharded,8,0,44,16.991000
aalair,"Apple M3",8,"Darwin 27.0.0 arm64","Apple LLVM 21.0.0 (clang-2100.3.34.2)"," -O3 -DNDEBUG -DPITO_ECS_OWNED_DELETE_ATOMIC=1",8,100000,pito,owned_initialize,ecs_create_owned_sharded,8,0,45,17.851000
aalair,"Apple M3",8,"Darwin 27.0.0 arm64","Apple LLVM 21.0.0 (clang-2100.3.34.2)"," -O3 -DNDEBUG -DPITO_ECS_OWNED_DELETE_ATOMIC=1",8,100000,pito,owned_initialize,ecs_create_owned_sharded,8,0,46,16.689000
aalair,"Apple M3",8,"Darwin 27.0.0 arm64","Apple LLVM 21.0.0 (clang-2100.3.34.2)"," -O3 -DNDEBUG -DPITO_ECS_OWNED_DELETE_ATOMIC=1",8,100000,pito,owned_initialize,ecs_create_owned_sharded,8,0,47,16.695000
aalair,"Apple M3",8,"Darwin 27.0.0 arm64","Apple LLVM 21.0.0 (clang-2100.3.34.2)"," -O3 -DNDEBUG -DPITO_ECS_OWNED_DELETE_ATOMIC=1",8,100000,pito,owned_initialize,ecs_create_owned_sharded,8,0,48,18.524000
aalair,"Apple M3",8,"Darwin 27.0.0 arm64","Apple LLVM 21.0.0 (clang-2100.3.34.2)"," -O3 -DNDEBUG -DPITO_ECS_OWNED_DELETE_ATOMIC=1",8,100000,pito,owned_initialize,ecs_create_owned_sharded,8,0,49,23.386000
aalair,"Apple M3",8,"Darwin 27.0.0 arm64","Apple LLVM 21.0.0 (clang-2100.3.34.2)"," -O3 -DNDEBUG -DPITO_ECS_OWNED_DELETE_ATOMIC=1",8,100000,pito,owned_initialize,ecs_create_owned_sharded,8,0,50,22.799000
aalair,"Apple M3",8,"Darwin 27.0.0 arm64","Apple LLVM 21.0.0 (clang-2100.3.34.2)"," -O3 -DNDEBUG -DPITO_ECS_OWNED_DELETE_ATOMIC=1",8,100000,pito,owned_initialize,ecs_create_owned_sharded,8,0,51,22.004000
aalair,"Apple M3",8,"Darwin 27.0.0 arm64","Apple LLVM 21.0.0 (clang-2100.3.34.2)"," -O3 -DNDEBUG -DPITO_ECS_OWNED_DELETE_ATOMIC=1",8,100000,pito,owned_initialize,ecs_create_owned_sharded,8,0,52,19.146000
aalair,"Apple M3",8,"Darwin 27.0.0 arm64","Apple LLVM 21.0.0 (clang-2100.3.34.2)"," -O3 -DNDEBUG -DPITO_ECS_OWNED_DELETE_ATOMIC=1",8,100000,pito,owned_initialize,ecs_create_owned_sharded,8,0,53,17.911000
aalair,"Apple M3",8,"Darwin 27.0.0 arm64","Apple LLVM 21.0.0 (clang-2100.3.34.2)"," -O3 -DNDEBUG -DPITO_ECS_OWNED_DELETE_ATOMIC=1",8,100000,pito,owned_initialize,ecs_create_owned_sharded,8,0,54,20.802000
aalair,"Apple M3",8,"Darwin 27.0.0 arm64","Apple LLVM 21.0.0 (clang-2100.3.34.2)"," -O3 -DNDEBUG -DPITO_ECS_OWNED_DELETE_ATOMIC=1",8,100000,pito,owned_initialize,ecs_create_owned_sharded,8,0,55,16.526000
aalair,"Apple M3",8,"Darwin 27.0.0 arm64","Apple LLVM 21.0.0 (clang-2100.3.34.2)"," -O3 -DNDEBUG -DPITO_ECS_OWNED_DELETE_ATOMIC=1",8,100000,pito,owned_initialize,ecs_create_owned_sharded,8,0,56,16.886000
aalair,"Apple M3",8,"Darwin 27.0.0 arm64","Apple LLVM 21.0.0 (clang-2100.3.34.2)"," -O3 -DNDEBUG -DPITO_ECS_OWNED_DELETE_ATOMIC=1",8,100000,pito,owned_initialize,ecs_create_owned_sharded,8,0,57,16.308000
aalair,"Apple M3",8,"Darwin 27.0.0 arm64","Apple LLVM 21.0.0 (clang-2100.3.34.2)"," -O3 -DNDEBUG -DPITO_ECS_OWNED_DELETE_ATOMIC=1",8,100000,pito,owned_initialize,ecs_create_owned_sharded,8,0,58,17.554000
aalair,"Apple M3",8,"Darwin 27.0.0 arm64","Apple LLVM 21.0.0 (clang-2100.3.34.2)"," -O3 -DNDEBUG -DPITO_ECS_OWNED_DELETE_ATOMIC=1",8,100000,pito,owned_initialize,ecs_create_owned_sharded,8,0,59,18.262000
aalair,"Apple M3",8,"Darwin 27.0.0 arm64","Apple LLVM 21.0.0 (clang-2100.3.34.2)"," -O3 -DNDEBUG -DPITO_ECS_OWNED_DELETE_ATOMIC=1",8,100000,pito,owned_initialize,ecs_create_owned_sharded,8,0,60,16.460000
aalair,"Apple M3",8,"Darwin 27.0.0 arm64","Apple LLVM 21.0.0 (clang-2100.3.34.2)"," -O3 -DNDEBUG -DPITO_ECS_OWNED_DELETE_ATOMIC=1",8,100000,pito,owned_initialize,ecs_create_owned_sharded,8,0,61,17.450000
aalair,"Apple M3",8,"Darwin 27.0.0 arm64","Apple LLVM 21.0.0 (clang-2100.3.34.2)"," -O3 -DNDEBUG -DPITO_ECS_OWNED_DELETE_ATOMIC=1",8,100000,pito,owned_initialize,ecs_create_owned_sharded,8,0,62,15.587000
aalair,"Apple M3",8,"Darwin 27.0.0 arm64","Apple LLVM 21.0.0 (clang-2100.3.34.2)"," -O3 -DNDEBUG -DPITO_ECS_OWNED_DELETE_ATOMIC=1",8,100000,pito,owned_initialize,ecs_create_owned_sharded,8,0,63,16.005000
aalair,"Apple M3",8,"Darwin 27.0.0 arm64","Apple LLVM 21.0.0 (clang-2100.3.34.2)"," -O3 -DNDEBUG -DPITO_ECS_OWNED_DELETE_ATOMIC=1",8,100000,pito,owned_initialize,ecs_create_owned_sharded,8,0,64,16.014000
aalair,"Apple M3",8,"Darwin 27.0.0 arm64","Apple LLVM 21.0.0 (clang-2100.3.34.2)"," -O3 -DNDEBUG -DPITO_ECS_OWNED_DELETE_ATOMIC=1",8,100000,pito,owned_initialize,ecs_create_owned_sharded,8,0,65,15.230000
aalair,"Apple M3",8,"Darwin 27.0.0 arm64","Apple LLVM 21.0.0 (clang-2100.3.34.2)"," -O3 -DNDEBUG -DPITO_ECS_OWNED_DELETE_ATOMIC=1",8,100000,pito,owned_initialize,ecs_create_owned_sharded,8,0,66,19.718000
aalair,"Apple M3",8,"Darwin 27.0.0 arm64","Apple LLVM 21.0.0 (clang-2100.3.34.2)"," -O3 -DNDEBUG -DPITO_ECS_OWNED_DELETE_ATOMIC=1",8,100000,pito,owned_initialize,ecs_create_owned_sharded,8,0,67,16.611000
aalair,"Apple M3",8,"Darwin 27.0.0 arm64","Apple LLVM 21.0.0 (clang-2100.3.34.2)"," -O3 -DNDEBUG -DPITO_ECS_OWNED_DELETE_ATOMIC=1",8,100000,pito,owned_initialize,ecs_create_owned_sharded,8,0,68,17.533000
aalair,"Apple M3",8,"Darwin 27.0.0 arm64","Apple LLVM 21.0.0 (clang-2100.3.34.2)"," -O3 -DNDEBUG -DPITO_ECS_OWNED_DELETE_ATOMIC=1",8,100000,pito,owned_initialize,ecs_create_owned_sharded,8,0,69,15.055000
aalair,"Apple M3",8,"Darwin 27.0.0 arm64","Apple LLVM 21.0.0 (clang-2100.3.34.2)"," -O3 -DNDEBUG -DPITO_ECS_OWNED_DELETE_ATOMIC=1",8,100000,pito,owned_initialize,ecs_create_owned_sharded,8,10,1,17.526000
aalair,"Apple M3",8,"Darwin 27.0.0 arm64","Apple LLVM 21.0.0 (clang-2100.3.34.2)"," -O3 -DNDEBUG -DPITO_ECS_OWNED_DELETE_ATOMIC=1",8,100000,pito,owned_initialize,ecs_create_owned_sharded,8,10,2,17.916000
aalair,"Apple M3",8,"Darwin 27.0.0 arm64","Apple LLVM 21.0.0 (clang-2100.3.34.2)"," -O3 -DNDEBUG -DPITO_ECS_OWNED_DELETE_ATOMIC=1",8,100000,pito,owned_initialize,ecs_create_owned_sharded,8,10,3,15.740000
aalair,"Apple M3",8,"Darwin 27.0.0 arm64","Apple LLVM 21.0.0 (clang-2100.3.34.2)"," -O3 -DNDEBUG -DPITO_ECS_OWNED_DELETE_ATOMIC=1",8,100000,pito,owned_initialize,ecs_create_owned_sharded,8,10,4,16.345000
aalair,"Apple M3",8,"Darwin 27.0.0 arm64","Apple LLVM 21.0.0 (clang-2100.3.34.2)"," -O3 -DNDEBUG -DPITO_ECS_OWNED_DELETE_ATOMIC=1",8,100000,pito,owned_initialize,ecs_create_owned_sharded,8,10,5,16.508000
aalair,"Apple M3",8,"Darwin 27.0.0 arm64","Apple LLVM 21.0.0 (clang-2100.3.34.2)"," -O3 -DNDEBUG -DPITO_ECS_OWNED_DELETE_ATOMIC=1",8,100000,pito,owned_initialize,ecs_create_owned_sharded,8,10,6,15.717000
aalair,"Apple M3",8,"Darwin 27.0.0 arm64","Apple LLVM 21.0.0 (clang-2100.3.34.2)"," -O3 -DNDEBUG -DPITO_ECS_OWNED_DELETE_ATOMIC=1",8,100000,pito,owned_initialize,ecs_create_owned_sharded,8,10,7,16.363000
aalair,"Apple M3",8,"Darwin 27.0.0 arm64","Apple LLVM 21.0.0 (clang-2100.3.34.2)"," -O3 -DNDEBUG -DPITO_ECS_OWNED_DELETE_ATOMIC=1",8,100000,pito,owned_initialize,ecs_create_owned_sharded,8,10,8,17.670000
aalair,"Apple M3",8,"Darwin 27.0.0 arm64","Apple LLVM 21.0.0 (clang-2100.3.34.2)"," -O3 -DNDEBUG -DPITO_ECS_OWNED_DELETE_ATOMIC=1",8,100000,pito,owned_initialize,ecs_create_owned_sharded,8,10,9,19.621000
aalair,"Apple M3",8,"Darwin 27.0.0 arm64","Apple LLVM 21.0.0 (clang-2100.3.34.2)"," -O3 -DNDEBUG -DPITO_ECS_OWNED_DELETE_ATOMIC=1",8,100000,pito,owned_initialize,ecs_create_owned_sharded,8,10,10,17.243000
aalair,"Apple M3",8,"Darwin 27.0.0 arm64","Apple LLVM 21.0.0 (clang-2100.3.34.2)"," -O3 -DNDEBUG -DPITO_ECS_OWNED_DELETE_ATOMIC=1",8,100000,pito,owned_initialize,ecs_create_owned_sharded,8,10,11,16.590000
aalair,"Apple M3",8,"Darwin 27.0.0 arm64","Apple LLVM 21.0.0 (clang-2100.3.34.2)"," -O3 -DNDEBUG -DPITO_ECS_OWNED_DELETE_ATOMIC=1",8,100000,pito,owned_initialize,ecs_create_owned_sharded,8,10,12,15.824000
aalair,"Apple M3",8,"Darwin 27.0.0 arm64","Apple LLVM 21.0.0 (clang-2100.3.34.2)"," -O3 -DNDEBUG -DPITO_ECS_OWNED_DELETE_ATOMIC=1",8,100000,pito,owned_initialize,ecs_create_owned_sharded,8,10,13,16.594000
aalair,"Apple M3",8,"Darwin 27.0.0 arm64","Apple LLVM 21.0.0 (clang-2100.3.34.2)"," -O3 -DNDEBUG -DPITO_ECS_OWNED_DELETE_ATOMIC=1",8,100000,pito,owned_initialize,ecs_create_owned_sharded,8,10,14,16.883000
aalair,"Apple M3",8,"Darwin 27.0.0 arm64","Apple LLVM 21.0.0 (clang-2100.3.34.2)"," -O3 -DNDEBUG -DPITO_ECS_OWNED_DELETE_ATOMIC=1",8,100000,pito,owned_initialize,ecs_create_owned_sharded,8,10,15,16.356000
aalair,"Apple M3",8,"Darwin 27.0.0 arm64","Apple LLVM 21.0.0 (clang-2100.3.34.2)"," -O3 -DNDEBUG -DPITO_ECS_OWNED_DELETE_ATOMIC=1",8,100000,pito,owned_initialize,ecs_create_owned_sharded,8,10,16,17.970000
aalair,"Apple M3",8,"Darwin 27.0.0 arm64","Apple LLVM 21.0.0 (clang-2100.3.34.2)"," -O3 -DNDEBUG -DPITO_ECS_OWNED_DELETE_ATOMIC=1",8,100000,pito,owned_initialize,ecs_create_owned_sharded,8,10,17,16.215000
aalair,"Apple M3",8,"Darwin 27.0.0 arm64","Apple LLVM 21.0.0 (clang-2100.3.34.2)"," -O3 -DNDEBUG -DPITO_ECS_OWNED_DELETE_ATOMIC=1",8,100000,pito,owned_initialize,ecs_create_owned_sharded,8,10,18,17.686000
aalair,"Apple M3",8,"Darwin 27.0.0 arm64","Apple LLVM 21.0.0 (clang-2100.3.34.2)"," -O3 -DNDEBUG -DPITO_ECS_OWNED_DELETE_ATOMIC=1",8,100000,pito,owned_initialize,ecs_create_owned_sharded,8,10,19,19.808000
aalair,"Apple M3",8,"Darwin 27.0.0 arm64","Apple LLVM 21.0.0 (clang-2100.3.34.2)"," -O3 -DNDEBUG -DPITO_ECS_OWNED_DELETE_ATOMIC=1",8,100000,pito,owned_initialize,ecs_create_owned_sharded,8,10,20,16.249000
aalair,"Apple M3",8,"Darwin 27.0.0 arm64","Apple LLVM 21.0.0 (clang-2100.3.34.2)"," -O3 -DNDEBUG -DPITO_ECS_OWNED_DELETE_ATOMIC=1",8,100000,pito,owned_initialize,ecs_create_owned_sharded,8,10,21,16.248000
aalair,"Apple M3",8,"Darwin 27.0.0 arm64","Apple LLVM 21.0.0 (clang-2100.3.34.2)"," -O3 -DNDEBUG -DPITO_ECS_OWNED_DELETE_ATOMIC=1",8,100000,pito,owned_initialize,ecs_create_owned_sharded,8,10,22,17.381000
aalair,"Apple M3",8,"Darwin 27.0.0 arm64","Apple LLVM 21.0.0 (clang-2100.3.34.2)"," -O3 -DNDEBUG -DPITO_ECS_OWNED_DELETE_ATOMIC=1",8,100000,pito,owned_initialize,ecs_create_owned_sharded,8,10,23,16.090000
aalair,"Apple M3",8,"Darwin 27.0.0 arm64","Apple LLVM 21.0.0 (clang-2100.3.34.2)"," -O3 -DNDEBUG -DPITO_ECS_OWNED_DELETE_ATOMIC=1",8,100000,pito,owned_initialize,ecs_create_owned_sharded,8,10,24,15.567000
aalair,"Apple M3",8,"Darwin 27.0.0 arm64","Apple LLVM 21.0.0 (clang-2100.3.34.2)"," -O3 -DNDEBUG -DPITO_ECS_OWNED_DELETE_ATOMIC=1",8,100000,pito,owned_initialize,ecs_create_owned_sharded,8,10,25,17.330000
aalair,"Apple M3",8,"Darwin 27.0.0 arm64","Apple LLVM 21.0.0 (clang-2100.3.34.2)"," -O3 -DNDEBUG -DPITO_ECS_OWNED_DELETE_ATOMIC=1",8,100000,pito,owned_initialize,ecs_create_owned_sharded,8,10,26,16.804000
aalair,"Apple M3",8,"Darwin 27.0.0 arm64","Apple LLVM 21.0.0 (clang-2100.3.34.2)"," -O3 -DNDEBUG -DPITO_ECS_OWNED_DELETE_ATOMIC=1",8,100000,pito,owned_initialize,ecs_create_owned_sharded,8,500,1,78.861000
aalair,"Apple M3",8,"Darwin 27.0.0 arm64","Apple LLVM 21.0.0 (clang-2100.3.34.2)"," -O3 -DNDEBUG -DPITO_ECS_OWNED_DELETE_ATOMIC=1",8,100000,pito,owned_initialize,ecs_create_owned_sharded,8,500,2,77.887000
aalair,"Apple M3",8,"Darwin 27.0.0 arm64","Apple LLVM 21.0.0 (clang-2100.3.34.2)"," -O3 -DNDEBUG -DPITO_ECS_OWNED_DELETE_ATOMIC=1",8,100000,pito,owned_initialize,ecs_create_owned_sharded,8,500,3,84.807000
aalair,"Apple M3",8,"Darwin 27.0.0 arm64","Apple LLVM 21.0.0 (clang-2100.3.34.2)"," -O3 -DNDEBUG -DPITO_ECS_OWNED_DELETE_ATOMIC=1",8,100000,pito,owned_initialize,ecs_create_owned_sharded,8,500,4,85.774000
aalair,"Apple M3",8,"Darwin 27.0.0 arm64","Apple LLVM 21.0.0 (clang-2100.3.34.2)"," -O3 -DNDEBUG -DPITO_ECS_OWNED_DELETE_ATOMIC=1",8,100000,pito,owned_initialize,ecs_create_owned_sharded,8,500,5,130.959000
aalair,"Apple M3",8,"Darwin 27.0.0 arm64","Apple LLVM 21.0.0 (clang-2100.3.34.2)"," -O3 -DNDEBUG -DPITO_ECS_OWNED_DELETE_ATOMIC=1",8,100000,pito,owned_initialize,ecs_create_owned_sharded,8,500,6,89.275000
aalair,"Apple M3",8,"Darwin 27.0.0 arm64","Apple LLVM 21.0.0 (clang-2100.3.34.2)"," -O3 -DNDEBUG -DPITO_ECS_OWNED_DELETE_ATOMIC=1",8,100000,pito,owned_initialize,ecs_create_owned_sharded,8,500,7,80.972000
aalair,"Apple M3",8,"Darwin 27.0.0 arm64","Apple LLVM 21.0.0 (clang-2100.3.34.2)"," -O3 -DNDEBUG -DPITO_ECS_OWNED_DELETE_ATOMIC=1",8,100000,pito,owned_initialize,ecs_create_owned_sharded,8,500,8,86.192000
aalair,"Apple M3",8,"Darwin 27.0.0 arm64","Apple LLVM 21.0.0 (clang-2100.3.34.2)"," -O3 -DNDEBUG -DPITO_ECS_OWNED_DELETE_ATOMIC=1",8,100000,pito,owned_initialize,ecs_create_owned_sharded,8,500,9,76.994000
aalair,"Apple M3",8,"Darwin 27.0.0 arm64","Apple LLVM 21.0.0 (clang-2100.3.34.2)"," -O3 -DNDEBUG -DPITO_ECS_OWNED_DELETE_ATOMIC=1",8,100000,pito,owned_initialize,ecs_create_owned_sharded,8,500,10,81.563000
aalair,"Apple M3",8,"Darwin 27.0.0 arm64","Apple LLVM 21.0.0 (clang-2100.3.34.2)"," -O3 -DNDEBUG -DPITO_ECS_OWNED_DELETE_ATOMIC=1",8,100000,pito,owned_initialize,ecs_create_owned_sharded,8,500,11,76.612000
aalair,"Apple M3",8,"Darwin 27.0.0 arm64","Apple LLVM 21.0.0 (clang-2100.3.34.2)"," -O3 -DNDEBUG -DPITO_ECS_OWNED_DELETE_ATOMIC=1",8,100000,pito,owned_initialize,ecs_create_owned_sharded,8,500,12,93.657000
aalair,"Apple M3",8,"Darwin 27.0.0 arm64","Apple LLVM 21.0.0 (clang-2100.3.34.2)"," -O3 -DNDEBUG -DPITO_ECS_OWNED_DELETE_ATOMIC=1",8,100000,pito,owned_initialize,ecs_create_owned_sharded,8,500,13,78.573000
aalair,"Apple M3",8,"Darwin 27.0.0 arm64","Apple LLVM 21.0.0 (clang-2100.3.34.2)"," -O3 -DNDEBUG -DPITO_ECS_OWNED_DELETE_ATOMIC=1",8,100000,pito,owned_initialize,ecs_create_owned_sharded,8,500,14,102.782000
aalair,"Apple M3",8,"Darwin 27.0.0 arm64","Apple LLVM 21.0.0 (clang-2100.3.34.2)"," -O3 -DNDEBUG -DPITO_ECS_OWNED_DELETE_ATOMIC=1",8,100000,pito,owned_initialize,ecs_create_owned_sharded,8,500,15,78.882000
aalair,"Apple M3",8,"Darwin 27.0.0 arm64","Apple LLVM 21.0.0 (clang-2100.3.34.2)"," -O3 -DNDEBUG -DPITO_ECS_OWNED_DELETE_ATOMIC=1",8,100000,pito,owned_initialize,ecs_create_owned_sharded,8,500,16,82.836000
aalair,"Apple M3",8,"Darwin 27.0.0 arm64","Apple LLVM 21.0.0 (clang-2100.3.34.2)"," -O3 -DNDEBUG -DPITO_ECS_OWNED_DELETE_ATOMIC=1",8,100000,pito,owned_initialize,ecs_create_owned_sharded,8,500,17,79.220000
aalair,"Apple M3",8,"Darwin 27.0.0 arm64","Apple LLVM 21.0.0 (clang-2100.3.34.2)"," -O3 -DNDEBUG -DPITO_ECS_OWNED_DELETE_ATOMIC=1",8,100000,pito,owned_initialize,ecs_create_owned_sharded,8,500,18,84.479000
aalair,"Apple M3",8,"Darwin 27.0.0 arm64","Apple LLVM 21.0.0 (clang-2100.3.34.2)"," -O3 -DNDEBUG -DPITO_ECS_OWNED_DELETE_ATOMIC=1",8,100000,pito,owned_initialize,ecs_create_owned_sharded,8,500,19,85.751000
