host,cpu,hardware_threads,os,compiler,flags,systems,entities,lib,bench,variant,threads,work_iterations,run,ms
aalair,"Apple M3",8,"Darwin 27.0.0 arm64","Apple LLVM 21.0.0 (clang-2100.3.34.2)"," -O3 -DNDEBUG",8,100000,pico,owned_update,,1,0,1,0.560000
aalair,"Apple M3",8,"Darwin 27.0.0 arm64","Apple LLVM 21.0.0 (clang-2100.3.34.2)"," -O3 -DNDEBUG",8,100000,pico,owned_update,,1,0,2,0.510000
aalair,"Apple M3",8,"Darwin 27.0.0 arm64","Apple LLVM 21.0.0 (clang-2100.3.34.2)"," -O3 -DNDEBUG",8,100000,pico,owned_update,,1,0,3,0.723000
aalair,"Apple M3",8,"Darwin 27.0.0 arm64","Apple LLVM 21.0.0 (clang-2100.3.34.2)"," -O3 -DNDEBUG",8,100000,pico,owned_update,,1,0,4,0.472000
aalair,"Apple M3",8,"Darwin 27.0.0 arm64","Apple LLVM 21.0.0 (clang-2100.3.34.2)"," -O3 -DNDEBUG",8,100000,pico,owned_update,,1,0,5,0.483000
aalair,"Apple M3",8,"Darwin 27.0.0 arm64","Apple LLVM 21.0.0 (clang-2100.3.34.2)"," -O3 -DNDEBUG",8,100000,pico,owned_update,,1,0,6,0.496000
aalair,"Apple M3",8,"Darwin 27.0.0 arm64","Apple LLVM 21.0.0 (clang-2100.3.34.2)"," -O3 -DNDEBUG",8,100000,pico,owned_update,,1,0,7,0.476000
aalair,"Apple M3",8,"Darwin 27.0.0 arm64","Apple LLVM 21.0.0 (clang-2100.3.34.2)"," -O3 -DNDEBUG",8,100000,pico,owned_update,,1,0,8,0.460000
aalair,"Apple M3",8,"Darwin 27.0.0 arm64","Apple LLVM 21.0.0 (clang-2100.3.34.2)"," -O3 -DNDEBUG",8,100000,pico,owned_update,,1,0,9,0.463000
aalair,"Apple M3",8,"Darwin 27.0.0 arm64","Apple LLVM 21.0.0 (clang-2100.3.34.2)"," -O3 -DNDEBUG",8,100000,pico,owned_update,,1,0,10,0.463000
aalair,"Apple M3",8,"Darwin 27.0.0 arm64","Apple LLVM 21.0.0 (clang-2100.3.34.2)"," -O3 -DNDEBUG",8,100000,pico,owned_update,,1,0,11,0.464000
aalair,"Apple M3",8,"Darwin 27.0.0 arm64","Apple LLVM 21.0.0 (clang-2100.3.34.2)"," -O3 -DNDEBUG",8,100000,pico,owned_update,,1,0,12,0.467000
aalair,"Apple M3",8,"Darwin 27.0.0 arm64","Apple LLVM 21.0.0 (clang-2100.3.34.2)"," -O3 -DNDEBUG",8,100000,pico,owned_update,,1,0,13,0.459000
aalair,"Apple M3",8,"Darwin 27.0.0 arm64","Apple LLVM 21.0.0 (clang-2100.3.34.2)"," -O3 -DNDEBUG",8,100000,pico,owned_update,,1,0,14,0.459000
aalair,"Apple M3",8,"Darwin 27.0.0 arm64","Apple LLVM 21.0.0 (clang-2100.3.34.2)"," -O3 -DNDEBUG",8,100000,pico,owned_update,,1,0,15,0.432000
aalair,"Apple M3",8,"Darwin 27.0.0 arm64","Apple LLVM 21.0.0 (clang-2100.3.34.2)"," -O3 -DNDEBUG",8,100000,pico,owned_update,,1,0,16,0.461000
aalair,"Apple M3",8,"Darwin 27.0.0 arm64","Apple LLVM 21.0.0 (clang-2100.3.34.2)"," -O3 -DNDEBUG",8,100000,pico,owned_update,,1,0,17,0.465000
aalair,"Apple M3",8,"Darwin 27.0.0 arm64","Apple LLVM 21.0.0 (clang-2100.3.34.2)"," -O3 -DNDEBUG",8,100000,pico,owned_update,,1,0,18,0.439000
aalair,"Apple M3",8,"Darwin 27.0.0 arm64","Apple LLVM 21.0.0 (clang-2100.3.34.2)"," -O3 -DNDEBUG",8,100000,pico,owned_update,,1,0,19,0.512000
aalair,"Apple M3",8,"Darwin 27.0.0 arm64","Apple LLVM 21.0.0 (clang-2100.3.34.2)"," -O3 -DNDEBUG",8,100000,pico,owned_update,,1,0,20,0.459000
aalair,"Apple M3",8,"Darwin 27.0.0 arm64","Apple LLVM 21.0.0 (clang-2100.3.34.2)"," -O3 -DNDEBUG",8,100000,pico,owned_update,,1,0,21,0.467000
aalair,"Apple M3",8,"Darwin 27.0.0 arm64","Apple LLVM 21.0.0 (clang-2100.3.34.2)"," -O3 -DNDEBUG",8,100000,pico,owned_update,,1,10,1,2.547000
aalair,"Apple M3",8,"Darwin 27.0.0 arm64","Apple LLVM 21.0.0 (clang-2100.3.34.2)"," -O3 -DNDEBUG",8,100000,pico,owned_update,,1,10,2,2.707000
aalair,"Apple M3",8,"Darwin 27.0.0 arm64","Apple LLVM 21.0.0 (clang-2100.3.34.2)"," -O3 -DNDEBUG",8,100000,pico,owned_update,,1,10,3,2.676000
aalair,"Apple M3",8,"Darwin 27.0.0 arm64","Apple LLVM 21.0.0 (clang-2100.3.34.2)"," -O3 -DNDEBUG",8,100000,pico,owned_update,,1,10,4,2.568000
aalair,"Apple M3",8,"Darwin 27.0.0 arm64","Apple LLVM 21.0.0 (clang-2100.3.34.2)"," -O3 -DNDEBUG",8,100000,pico,owned_update,,1,10,5,2.531000
aalair,"Apple M3",8,"Darwin 27.0.0 arm64","Apple LLVM 21.0.0 (clang-2100.3.34.2)"," -O3 -DNDEBUG",8,100000,pico,owned_update,,1,10,6,2.553000
aalair,"Apple M3",8,"Darwin 27.0.0 arm64","Apple LLVM 21.0.0 (clang-2100.3.34.2)"," -O3 -DNDEBUG",8,100000,pico,owned_update,,1,10,7,2.546000
aalair,"Apple M3",8,"Darwin 27.0.0 arm64","Apple LLVM 21.0.0 (clang-2100.3.34.2)"," -O3 -DNDEBUG",8,100000,pico,owned_update,,1,10,8,2.554000
aalair,"Apple M3",8,"Darwin 27.0.0 arm64","Apple LLVM 21.0.0 (clang-2100.3.34.2)"," -O3 -DNDEBUG",8,100000,pico,owned_update,,1,10,9,2.678000
aalair,"Apple M3",8,"Darwin 27.0.0 arm64","Apple LLVM 21.0.0 (clang-2100.3.34.2)"," -O3 -DNDEBUG",8,100000,pico,owned_update,,1,10,10,2.587000
aalair,"Apple M3",8,"Darwin 27.0.0 arm64","Apple LLVM 21.0.0 (clang-2100.3.34.2)"," -O3 -DNDEBUG",8,100000,pico,owned_update,,1,10,11,2.597000
aalair,"Apple M3",8,"Darwin 27.0.0 arm64","Apple LLVM 21.0.0 (clang-2100.3.34.2)"," -O3 -DNDEBUG",8,100000,pico,owned_update,,1,500,1,338.453000
aalair,"Apple M3",8,"Darwin 27.0.0 arm64","Apple LLVM 21.0.0 (clang-2100.3.34.2)"," -O3 -DNDEBUG",8,100000,pico,owned_update,,1,500,2,341.864000
aalair,"Apple M3",8,"Darwin 27.0.0 arm64","Apple LLVM 21.0.0 (clang-2100.3.34.2)"," -O3 -DNDEBUG",8,100000,pico,owned_update,,1,500,3,339.291000
aalair,"Apple M3",8,"Darwin 27.0.0 arm64","Apple LLVM 21.0.0 (clang-2100.3.34.2)"," -O3 -DNDEBUG",8,100000,pico,owned_update,,1,500,4,338.907000
aalair,"Apple M3",8,"Darwin 27.0.0 arm64","Apple LLVM 21.0.0 (clang-2100.3.34.2)"," -O3 -DNDEBUG",8,100000,pico,owned_update,,1,500,5,340.233000
aalair,"Apple M3",8,"Darwin 27.0.0 arm64","Apple LLVM 21.0.0 (clang-2100.3.34.2)"," -O3 -DNDEBUG",8,100000,pico,owned_update,,1,500,6,339.272000
aalair,"Apple M3",8,"Darwin 27.0.0 arm64","Apple LLVM 21.0.0 (clang-2100.3.34.2)"," -O3 -DNDEBUG",8,100000,pico,owned_update,,1,500,7,338.560000
aalair,"Apple M3",8,"Darwin 27.0.0 arm64","Apple LLVM 21.0.0 (clang-2100.3.34.2)"," -O3 -DNDEBUG",8,100000,pico,owned_update,,1,500,8,342.866000
aalair,"Apple M3",8,"Darwin 27.0.0 arm64","Apple LLVM 21.0.0 (clang-2100.3.34.2)"," -O3 -DNDEBUG",8,100000,pico,owned_update,,1,500,9,341.475000
aalair,"Apple M3",8,"Darwin 27.0.0 arm64","Apple LLVM 21.0.0 (clang-2100.3.34.2)"," -O3 -DNDEBUG",8,100000,pico,owned_update,,1,500,10,342.831000
aalair,"Apple M3",8,"Darwin 27.0.0 arm64","Apple LLVM 21.0.0 (clang-2100.3.34.2)"," -O3 -DNDEBUG",8,100000,flecs,owned_update,,1,0,1,0.343000
aalair,"Apple M3",8,"Darwin 27.0.0 arm64","Apple LLVM 21.0.0 (clang-2100.3.34.2)"," -O3 -DNDEBUG",8,100000,flecs,owned_update,,1,0,2,0.238000
aalair,"Apple M3",8,"Darwin 27.0.0 arm64","Apple LLVM 21.0.0 (clang-2100.3.34.2)"," -O3 -DNDEBUG",8,100000,flecs,owned_update,,1,0,3,0.168000
aalair,"Apple M3",8,"Darwin 27.0.0 arm64","Apple LLVM 21.0.0 (clang-2100.3.34.2)"," -O3 -DNDEBUG",8,100000,flecs,owned_update,,1,0,4,0.170000
aalair,"Apple M3",8,"Darwin 27.0.0 arm64","Apple LLVM 21.0.0 (clang-2100.3.34.2)"," -O3 -DNDEBUG",8,100000,flecs,owned_update,,1,0,5,0.151000
aalair,"Apple M3",8,"Darwin 27.0.0 arm64","Apple LLVM 21.0.0 (clang-2100.3.34.2)"," -O3 -DNDEBUG",8,100000,flecs,owned_update,,1,0,6,0.147000
aalair,"Apple M3",8,"Darwin 27.0.0 arm64","Apple LLVM 21.0.0 (clang-2100.3.34.2)"," -O3 -DNDEBUG",8,100000,flecs,owned_update,,1,0,7,0.141000
aalair,"Apple M3",8,"Darwin 27.0.0 arm64","Apple LLVM 21.0.0 (clang-2100.3.34.2)"," -O3 -DNDEBUG",8,100000,flecs,owned_update,,1,0,8,0.139000
aalair,"Apple M3",8,"Darwin 27.0.0 arm64","Apple LLVM 21.0.0 (clang-2100.3.34.2)"," -O3 -DNDEBUG",8,100000,flecs,owned_update,,1,0,9,0.132000
aalair,"Apple M3",8,"Darwin 27.0.0 arm64","Apple LLVM 21.0.0 (clang-2100.3.34.2)"," -O3 -DNDEBUG",8,100000,flecs,owned_update,,1,0,10,0.126000
aalair,"Apple M3",8,"Darwin 27.0.0 arm64","Apple LLVM 21.0.0 (clang-2100.3.34.2)"," -O3 -DNDEBUG",8,100000,flecs,owned_update,,1,0,11,0.125000
aalair,"Apple M3",8,"Darwin 27.0.0 arm64","Apple LLVM 21.0.0 (clang-2100.3.34.2)"," -O3 -DNDEBUG",8,100000,flecs,owned_update,,1,0,12,0.120000
aalair,"Apple M3",8,"Darwin 27.0.0 arm64","Apple LLVM 21.0.0 (clang-2100.3.34.2)"," -O3 -DNDEBUG",8,100000,flecs,owned_update,,1,0,13,0.122000
aalair,"Apple M3",8,"Darwin 27.0.0 arm64","Apple LLVM 21.0.0 (clang-2100.3.34.2)"," -O3 -DNDEBUG",8,100000,flecs,owned_update,,1,0,14,0.117000
aalair,"Apple M3",8,"Darwin 27.0.0 arm64","Apple LLVM 21.0.0 (clang-2100.3.34.2)"," -O3 -DNDEBUG",8,100000,flecs,owned_update,,1,0,15,0.116000
aalair,"Apple M3",8,"Darwin 27.0.0 arm64","Apple LLVM 21.0.0 (clang-2100.3.34.2)"," -O3 -DNDEBUG",8,100000,flecs,owned_update,,1,0,16,0.117000
aalair,"Apple M3",8,"Darwin 27.0.0 arm64","Apple LLVM 21.0.0 (clang-2100.3.34.2)"," -O3 -DNDEBUG",8,100000,flecs,owned_update,,1,0,17,0.114000
aalair,"Apple M3",8,"Darwin 27.0.0 arm64","Apple LLVM 21.0.0 (clang-2100.3.34.2)"," -O3 -DNDEBUG",8,100000,flecs,owned_update,,1,0,18,0.113000
aalair,"Apple M3",8,"Darwin 27.0.0 arm64","Apple LLVM 21.0.0 (clang-2100.3.34.2)"," -O3 -DNDEBUG",8,100000,flecs,owned_update,,1,0,19,0.110000
aalair,"Apple M3",8,"Darwin 27.0.0 arm64","Apple LLVM 21.0.0 (clang-2100.3.34.2)"," -O3 -DNDEBUG",8,100000,flecs,owned_update,,1,0,20,0.108000
aalair,"Apple M3",8,"Darwin 27.0.0 arm64","Apple LLVM 21.0.0 (clang-2100.3.34.2)"," -O3 -DNDEBUG",8,100000,flecs,owned_update,,1,0,21,0.110000
aalair,"Apple M3",8,"Darwin 27.0.0 arm64","Apple LLVM 21.0.0 (clang-2100.3.34.2)"," -O3 -DNDEBUG",8,100000,flecs,owned_update,,1,0,22,0.122000
aalair,"Apple M3",8,"Darwin 27.0.0 arm64","Apple LLVM 21.0.0 (clang-2100.3.34.2)"," -O3 -DNDEBUG",8,100000,flecs,owned_update,,1,0,23,0.114000
aalair,"Apple M3",8,"Darwin 27.0.0 arm64","Apple LLVM 21.0.0 (clang-2100.3.34.2)"," -O3 -DNDEBUG",8,100000,flecs,owned_update,,1,0,24,0.105000
aalair,"Apple M3",8,"Darwin 27.0.0 arm64","Apple LLVM 21.0.0 (clang-2100.3.34.2)"," -O3 -DNDEBUG",8,100000,flecs,owned_update,,1,0,25,0.105000
aalair,"Apple M3",8,"Darwin 27.0.0 arm64","Apple LLVM 21.0.0 (clang-2100.3.34.2)"," -O3 -DNDEBUG",8,100000,flecs,owned_update,,1,0,26,0.108000
aalair,"Apple M3",8,"Darwin 27.0.0 arm64","Apple LLVM 21.0.0 (clang-2100.3.34.2)"," -O3 -DNDEBUG",8,100000,flecs,owned_update,,1,0,27,0.109000
aalair,"Apple M3",8,"Darwin 27.0.0 arm64","Apple LLVM 21.0.0 (clang-2100.3.34.2)"," -O3 -DNDEBUG",8,100000,flecs,owned_update,,1,0,28,0.109000
aalair,"Apple M3",8,"Darwin 27.0.0 arm64","Apple LLVM 21.0.0 (clang-2100.3.34.2)"," -O3 -DNDEBUG",8,100000,flecs,owned_update,,1,0,29,0.108000
aalair,"Apple M3",8,"Darwin 27.0.0 arm64","Apple LLVM 21.0.0 (clang-2100.3.34.2)"," -O3 -DNDEBUG",8,100000,flecs,owned_update,,1,0,30,0.107000
aalair,"Apple M3",8,"Darwin 27.0.0 arm64","Apple LLVM 21.0.0 (clang-2100.3.34.2)"," -O3 -DNDEBUG",8,100000,flecs,owned_update,,1,0,31,0.106000
aalair,"Apple M3",8,"Darwin 27.0.0 arm64","Apple LLVM 21.0.0 (clang-2100.3.34.2)"," -O3 -DNDEBUG",8,100000,flecs,owned_update,,1,0,32,0.101000
aalair,"Apple M3",8,"Darwin 27.0.0 arm64","Apple LLVM 21.0.0 (clang-2100.3.34.2)"," -O3 -DNDEBUG",8,100000,flecs,owned_update,,1,0,33,0.105000
aalair,"Apple M3",8,"Darwin 27.0.0 arm64","Apple LLVM 21.0.0 (clang-2100.3.34.2)"," -O3 -DNDEBUG",8,100000,flecs,owned_update,,1,0,34,0.105000
aalair,"Apple M3",8,"Darwin 27.0.0 arm64","Apple LLVM 21.0.0 (clang-2100.3.34.2)"," -O3 -DNDEBUG",8,100000,flecs,owned_update,,1,0,35,0.106000
aalair,"Apple M3",8,"Darwin 27.0.0 arm64","Apple LLVM 21.0.0 (clang-2100.3.34.2)"," -O3 -DNDEBUG",8,100000,flecs,owned_update,,1,0,36,0.105000
aalair,"Apple M3",8,"Darwin 27.0.0 arm64","Apple LLVM 21.0.0 (clang-2100.3.34.2)"," -O3 -DNDEBUG",8,100000,flecs,owned_update,,1,0,37,0.107000
aalair,"Apple M3",8,"Darwin 27.0.0 arm64","Apple LLVM 21.0.0 (clang-2100.3.34.2)"," -O3 -DNDEBUG",8,100000,flecs,owned_update,,1,0,38,0.160000
aalair,"Apple M3",8,"Darwin 27.0.0 arm64","Apple LLVM 21.0.0 (clang-2100.3.34.2)"," -O3 -DNDEBUG",8,100000,flecs,owned_update,,1,0,39,0.121000
aalair,"Apple M3",8,"Darwin 27.0.0 arm64","Apple LLVM 21.0.0 (clang-2100.3.34.2)"," -O3 -DNDEBUG",8,100000,flecs,owned_update,,1,0,40,0.118000
aalair,"Apple M3",8,"Darwin 27.0.0 arm64","Apple LLVM 21.0.0 (clang-2100.3.34.2)"," -O3 -DNDEBUG",8,100000,flecs,owned_update,,1,0,41,0.125000
aalair,"Apple M3",8,"Darwin 27.0.0 arm64","Apple LLVM 21.0.0 (clang-2100.3.34.2)"," -O3 -DNDEBUG",8,100000,flecs,owned_update,,1,0,42,0.120000
aalair,"Apple M3",8,"Darwin 27.0.0 arm64","Apple LLVM 21.0.0 (clang-2100.3.34.2)"," -O3 -DNDEBUG",8,100000,flecs,owned_update,,1,0,43,0.120000
aalair,"Apple M3",8,"Darwin 27.0.0 arm64","Apple LLVM 21.0.0 (clang-2100.3.34.2)"," -O3 -DNDEBUG",8,100000,flecs,owned_update,,1,0,44,0.124000
aalair,"Apple M3",8,"Darwin 27.0.0 arm64","Apple LLVM 21.0.0 (clang-2100.3.34.2)"," -O3 -DNDEBUG",8,100000,flecs,owned_update,,1,0,45,0.117000
aalair,"Apple M3",8,"Darwin 27.0.0 arm64","Apple LLVM 21.0.0 (clang-2100.3.34.2)"," -O3 -DNDEBUG",8,100000,flecs,owned_update,,1,0,46,0.113000
aalair,"Apple M3",8,"Darwin 27.0.0 arm64","Apple LLVM 21.0.0 (clang-2100.3.34.2)"," -O3 -DNDEBUG",8,100000,flecs,owned_update,,1,0,47,0.114000
aalair,"Apple M3",8,"Darwin 27.0.0 arm64","Apple LLVM 21.0.0 (clang-2100.3.34.2)"," -O3 -DNDEBUG",8,100000,flecs,owned_update,,1,0,48,0.113000
aalair,"Apple M3",8,"Darwin 27.0.0 arm64","Apple LLVM 21.0.0 (clang-2100.3.34.2)"," -O3 -DNDEBUG",8,100000,flecs,owned_update,,1,0,49,0.111000
aalair,"Apple M3",8,"Darwin 27.0.0 arm64","Apple LLVM 21.0.0 (clang-2100.3.34.2)"," -O3 -DNDEBUG",8,100000,flecs,owned_update,,1,0,50,0.112000
aalair,"Apple M3",8,"Darwin 27.0.0 arm64","Apple LLVM 21.0.0 (clang-2100.3.34.2)"," -O3 -DNDEBUG",8,100000,flecs,owned_update,,1,10,1,2.447000
aalair,"Apple M3",8,"Darwin 27.0.0 arm64","Apple LLVM 21.0.0 (clang-2100.3.34.2)"," -O3 -DNDEBUG",8,100000,flecs,owned_update,,1,10,2,2.671000
aalair,"Apple M3",8,"Darwin 27.0.0 arm64","Apple LLVM 21.0.0 (clang-2100.3.34.2)"," -O3 -DNDEBUG",8,100000,flecs,owned_update,,1,10,3,2.650000
aalair,"Apple M3",8,"Darwin 27.0.0 arm64","Apple LLVM 21.0.0 (clang-2100.3.34.2)"," -O3 -DNDEBUG",8,100000,flecs,owned_update,,1,10,4,2.465000
aalair,"Apple M3",8,"Darwin 27.0.0 arm64","Apple LLVM 21.0.0 (clang-2100.3.34.2)"," -O3 -DNDEBUG",8,100000,flecs,owned_update,,1,10,5,2.802000
aalair,"Apple M3",8,"Darwin 27.0.0 arm64","Apple LLVM 21.0.0 (clang-2100.3.34.2)"," -O3 -DNDEBUG",8,100000,flecs,owned_update,,1,10,6,2.818000
aalair,"Apple M3",8,"Darwin 27.0.0 arm64","Apple LLVM 21.0.0 (clang-2100.3.34.2)"," -O3 -DNDEBUG",8,100000,flecs,owned_update,,1,10,7,2.636000
aalair,"Apple M3",8,"Darwin 27.0.0 arm64","Apple LLVM 21.0.0 (clang-2100.3.34.2)"," -O3 -DNDEBUG",8,100000,flecs,owned_update,,1,10,8,2.657000
aalair,"Apple M3",8,"Darwin 27.0.0 arm64","Apple LLVM 21.0.0 (clang-2100.3.34.2)"," -O3 -DNDEBUG",8,100000,flecs,owned_update,,1,10,9,2.638000
aalair,"Apple M3",8,"Darwin 27.0.0 arm64","Apple LLVM 21.0.0 (clang-2100.3.34.2)"," -O3 -DNDEBUG",8,100000,flecs,owned_update,,1,10,10,2.604000
aalair,"Apple M3",8,"Darwin 27.0.0 arm64","Apple LLVM 21.0.0 (clang-2100.3.34.2)"," -O3 -DNDEBUG",8,100000,flecs,owned_update,,1,10,11,2.621000
aalair,"Apple M3",8,"Darwin 27.0.0 arm64","Apple LLVM 21.0.0 (clang-2100.3.34.2)"," -O3 -DNDEBUG",8,100000,flecs,owned_update,,1,10,12,2.616000
aalair,"Apple M3",8,"Darwin 27.0.0 arm64","Apple LLVM 21.0.0 (clang-2100.3.34.2)"," -O3 -DNDEBUG",8,100000,flecs,owned_update,,1,10,13,2.616000
aalair,"Apple M3",8,"Darwin 27.0.0 arm64","Apple LLVM 21.0.0 (clang-2100.3.34.2)"," -O3 -DNDEBUG",8,100000,flecs,owned_update,,1,10,14,2.585000
aalair,"Apple M3",8,"Darwin 27.0.0 arm64","Apple LLVM 21.0.0 (clang-2100.3.34.2)"," -O3 -DNDEBUG",8,100000,flecs,owned_update,,1,500,1,589.603000
aalair,"Apple M3",8,"Darwin 27.0.0 arm64","Apple LLVM 21.0.0 (clang-2100.3.34.2)"," -O3 -DNDEBUG",8,100000,flecs,owned_update,,1,500,2,342.563000
aalair,"Apple M3",8,"Darwin 27.0.0 arm64","Apple LLVM 21.0.0 (clang-2100.3.34.2)"," -O3 -DNDEBUG",8,100000,flecs,owned_update,,1,500,3,366.781000
aalair,"Apple M3",8,"Darwin 27.0.0 arm64","Apple LLVM 21.0.0 (clang-2100.3.34.2)"," -O3 -DNDEBUG",8,100000,flecs,owned_update,,1,500,4,348.204000
aalair,"Apple M3",8,"Darwin 27.0.0 arm64","Apple LLVM 21.0.0 (clang-2100.3.34.2)"," -O3 -DNDEBUG",8,100000,flecs,owned_update,,1,500,5,342.122000
aalair,"Apple M3",8,"Darwin 27.0.0 arm64","Apple LLVM 21.0.0 (clang-2100.3.34.2)"," -O3 -DNDEBUG",8,100000,flecs,owned_update,,1,500,6,345.318000
aalair,"Apple M3",8,"Darwin 27.0.0 arm64","Apple LLVM 21.0.0 (clang-2100.3.34.2)"," -O3 -DNDEBUG",8,100000,flecs,owned_update,,1,500,7,344.701000
aalair,"Apple M3",8,"Darwin 27.0.0 arm64","Apple LLVM 21.0.0 (clang-2100.3.34.2)"," -O3 -DNDEBUG",8,100000,flecs,owned_update,,1,500,8,339.511000
aalair,"Apple M3",8,"Darwin 27.0.0 arm64","Apple LLVM 21.0.0 (clang-2100.3.34.2)"," -O3 -DNDEBUG",8,100000,flecs,owned_update,,1,500,9,343.694000
aalair,"Apple M3",8,"Darwin 27.0.0 arm64","Apple LLVM 21.0.0 (clang-2100.3.34.2)"," -O3 -DNDEBUG",8,100000,flecs,owned_update,,1,500,10,339.602000
aalair,"Apple M3",8,"Darwin 27.0.0 arm64","Apple LLVM 21.0.0 (clang-2100.3.34.2)"," -O3 -DNDEBUG",8,100000,flecs,owned_update,,1,500,11,340.972000
aalair,"Apple M3",8,"Darwin 27.0.0 arm64","Apple LLVM 21.0.0 (clang-2100.3.34.2)"," -O3 -DNDEBUG",8,100000,flecs,owned_update,,1,500,12,339.430000
aalair,"Apple M3",8,"Darwin 27.0.0 arm64","Apple LLVM 21.0.0 (clang-2100.3.34.2)"," -O3 -DNDEBUG",8,100000,flecs,owned_update,,1,500,13,339.962000
aalair,"Apple M3",8,"Darwin 27.0.0 arm64","Apple LLVM 21.0.0 (clang-2100.3.34.2)"," -O3 -DNDEBUG",8,100000,flecs,owned_update,,1,500,14,339.821000
aalair,"Apple M3",8,"Darwin 27.0.0 arm64","Apple LLVM 21.0.0 (clang-2100.3.34.2)"," -O3 -DNDEBUG",8,100000,flecs,owned_update,,2,0,1,0.079000
aalair,"Apple M3",8,"Darwin 27.0.0 arm64","Apple LLVM 21.0.0 (clang-2100.3.34.2)"," -O3 -DNDEBUG",8,100000,flecs,owned_update,,2,0,2,0.070000
aalair,"Apple M3",8,"Darwin 27.0.0 arm64","Apple LLVM 21.0.0 (clang-2100.3.34.2)"," -O3 -DNDEBUG",8,100000,flecs,owned_update,,2,0,3,0.068000
aalair,"Apple M3",8,"Darwin 27.0.0 arm64","Apple LLVM 21.0.0 (clang-2100.3.34.2)"," -O3 -DNDEBUG",8,100000,flecs,owned_update,,2,0,4,0.062000
aalair,"Apple M3",8,"Darwin 27.0.0 arm64","Apple LLVM 21.0.0 (clang-2100.3.34.2)"," -O3 -DNDEBUG",8,100000,flecs,owned_update,,2,0,5,0.058000
aalair,"Apple M3",8,"Darwin 27.0.0 arm64","Apple LLVM 21.0.0 (clang-2100.3.34.2)"," -O3 -DNDEBUG",8,100000,flecs,owned_update,,2,0,6,0.059000
aalair,"Apple M3",8,"Darwin 27.0.0 arm64","Apple LLVM 21.0.0 (clang-2100.3.34.2)"," -O3 -DNDEBUG",8,100000,flecs,owned_update,,2,0,7,0.059000
aalair,"Apple M3",8,"Darwin 27.0.0 arm64","Apple LLVM 21.0.0 (clang-2100.3.34.2)"," -O3 -DNDEBUG",8,100000,flecs,owned_update,,2,0,8,0.058000
aalair,"Apple M3",8,"Darwin 27.0.0 arm64","Apple LLVM 21.0.0 (clang-2100.3.34.2)"," -O3 -DNDEBUG",8,100000,flecs,owned_update,,2,0,9,0.058000
aalair,"Apple M3",8,"Darwin 27.0.0 arm64","Apple LLVM 21.0.0 (clang-2100.3.34.2)"," -O3 -DNDEBUG",8,100000,flecs,owned_update,,2,0,10,0.059000
aalair,"Apple M3",8,"Darwin 27.0.0 arm64","Apple LLVM 21.0.0 (clang-2100.3.34.2)"," -O3 -DNDEBUG",8,100000,flecs,owned_update,,2,0,11,0.059000
aalair,"Apple M3",8,"Darwin 27.0.0 arm64","Apple LLVM 21.0.0 (clang-2100.3.34.2)"," -O3 -DNDEBUG",8,100000,flecs,owned_update,,2,0,12,0.063000
aalair,"Apple M3",8,"Darwin 27.0.0 arm64","Apple LLVM 21.0.0 (clang-2100.3.34.2)"," -O3 -DNDEBUG",8,100000,flecs,owned_update,,2,0,13,0.061000
aalair,"Apple M3",8,"Darwin 27.0.0 arm64","Apple LLVM 21.0.0 (clang-2100.3.34.2)"," -O3 -DNDEBUG",8,100000,flecs,owned_update,,2,0,14,0.059000
aalair,"Apple M3",8,"Darwin 27.0.0 arm64","Apple LLVM 21.0.0 (clang-2100.3.34.2)"," -O3 -DNDEBUG",8,100000,flecs,owned_update,,2,0,15,0.059000
aalair,"Apple M3",8,"Darwin 27.0.0 arm64","Apple LLVM 21.0.0 (clang-2100.3.34.2)"," -O3 -DNDEBUG",8,100000,flecs,owned_update,,2,0,16,0.058000
aalair,"Apple M3",8,"Darwin 27.0.0 arm64","Apple LLVM 21.0.0 (clang-2100.3.34.2)"," -O3 -DNDEBUG",8,100000,flecs,owned_update,,2,0,17,0.064000
aalair,"Apple M3",8,"Darwin 27.0.0 arm64","Apple LLVM 21.0.0 (clang-2100.3.34.2)"," -O3 -DNDEBUG",8,100000,flecs,owned_update,,2,0,18,0.063000
aalair,"Apple M3",8,"Darwin 27.0.0 arm64","Apple LLVM 21.0.0 (clang-2100.3.34.2)"," -O3 -DNDEBUG",8,100000,flecs,owned_update,,2,0,19,0.058000
aalair,"Apple M3",8,"Darwin 27.0.0 arm64","Apple LLVM 21.0.0 (clang-2100.3.34.2)"," -O3 -DNDEBUG",8,100000,flecs,owned_update,,2,0,20,0.063000
aalair,"Apple M3",8,"Darwin 27.0.0 arm64","Apple LLVM 21.0.0 (clang-2100.3.34.2)"," -O3 -DNDEBUG",8,100000,flecs,owned_update,,2,0,21,0.061000
aalair,"Apple M3",8,"Darwin 27.0.0 arm64","Apple LLVM 21.0.0 (clang-2100.3.34.2)"," -O3 -DNDEBUG",8,100000,flecs,owned_update,,2,0,22,0.064000
aalair,"Apple M3",8,"Darwin 27.0.0 arm64","Apple LLVM 21.0.0 (clang-2100.3.34.2)"," -O3 -DNDEBUG",8,100000,flecs,owned_update,,2,0,23,0.059000
aalair,"Apple M3",8,"Darwin 27.0.0 arm64","Apple LLVM 21.0.0 (clang-2100.3.34.2)"," -O3 -DNDEBUG",8,100000,flecs,owned_update,,2,0,24,0.059000
aalair,"Apple M3",8,"Darwin 27.0.0 arm64","Apple LLVM 21.0.0 (clang-2100.3.34.2)"," -O3 -DNDEBUG",8,100000,flecs,owned_update,,2,0,25,0.059000
aalair,"Apple M3",8,"Darwin 27.0.0 arm64","Apple LLVM 21.0.0 (clang-2100.3.34.2)"," -O3 -DNDEBUG",8,100000,flecs,owned_update,,2,0,26,0.063000
aalair,"Apple M3",8,"Darwin 27.0.0 arm64","Apple LLVM 21.0.0 (clang-2100.3.34.2)"," -O3 -DNDEBUG",8,100000,flecs,owned_update,,2,0,27,0.058000
aalair,"Apple M3",8,"Darwin 27.0.0 arm64","Apple LLVM 21.0.0 (clang-2100.3.34.2)"," -O3 -DNDEBUG",8,100000,flecs,owned_update,,2,0,28,0.063000
aalair,"Apple M3",8,"Darwin 27.0.0 arm64","Apple LLVM 21.0.0 (clang-2100.3.34.2)"," -O3 -DNDEBUG",8,100000,flecs,owned_update,,2,0,29,0.059000
aalair,"Apple M3",8,"Darwin 27.0.0 arm64","Apple LLVM 21.0.0 (clang-2100.3.34.2)"," -O3 -DNDEBUG",8,100000,flecs,owned_update,,2,0,30,0.063000
aalair,"Apple M3",8,"Darwin 27.0.0 arm64","Apple LLVM 21.0.0 (clang-2100.3.34.2)"," -O3 -DNDEBUG",8,100000,flecs,owned_update,,2,0,31,0.063000
aalair,"Apple M3",8,"Darwin 27.0.0 arm64","Apple LLVM 21.0.0 (clang-2100.3.34.2)"," -O3 -DNDEBUG",8,100000,flecs,owned_update,,2,0,32,0.065000
aalair,"Apple M3",8,"Darwin 27.0.0 arm64","Apple LLVM 21.0.0 (clang-2100.3.34.2)"," -O3 -DNDEBUG",8,100000,flecs,owned_update,,2,0,33,0.067000
aalair,"Apple M3",8,"Darwin 27.0.0 arm64","Apple LLVM 21.0.0 (clang-2100.3.34.2)"," -O3 -DNDEBUG",8,100000,flecs,owned_update,,2,10,1,1.354000
aalair,"Apple M3",8,"Darwin 27.0.0 arm64","Apple LLVM 21.0.0 (clang-2100.3.34.2)"," -O3 -DNDEBUG",8,100000,flecs,owned_update,,2,10,2,1.359000
aalair,"Apple M3",8,"Darwin 27.0.0 arm64","Apple LLVM 21.0.0 (clang-2100.3.34.2)"," -O3 -DNDEBUG",8,100000,flecs,owned_update,,2,10,3,1.337000
aalair,"Apple M3",8,"Darwin 27.0.0 arm64","Apple LLVM 21.0.0 (clang-2100.3.34.2)"," -O3 -DNDEBUG",8,100000,flecs,owned_update,,2,10,4,1.330000
aalair,"Apple M3",8,"Darwin 27.0.0 arm64","Apple LLVM 21.0.0 (clang-2100.3.34.2)"," -O3 -DNDEBUG",8,100000,flecs,owned_update,,2,10,5,1.350000
aalair,"Apple M3",8,"Darwin 27.0.0 arm64","Apple LLVM 21.0.0 (clang-2100.3.34.2)"," -O3 -DNDEBUG",8,100000,flecs,owned_update,,2,10,6,1.347000
aalair,"Apple M3",8,"Darwin 27.0.0 arm64","Apple LLVM 21.0.0 (clang-2100.3.34.2)"," -O3 -DNDEBUG",8,100000,flecs,owned_update,,2,10,7,1.360000
aalair,"Apple M3",8,"Darwin 27.0.0 arm64","Apple LLVM 21.0.0 (clang-2100.3.34.2)"," -O3 -DNDEBUG",8,100000,flecs,owned_update,,2,10,8,1.446000
aalair,"Apple M3",8,"Darwin 27.0.0 arm64","Apple LLVM 21.0.0 (clang-2100.3.34.2)"," -O3 -DNDEBUG",8,100000,flecs,owned_update,,2,10,9,1.336000
aalair,"Apple M3",8,"Darwin 27.0.0 arm64","Apple LLVM 21.0.0 (clang-2100.3.34.2)"," -O3 -DNDEBUG",8,100000,flecs,owned_update,,2,10,10,1.575000
aalair,"Apple M3",8,"Darwin 27.0.0 arm64","Apple LLVM 21.0.0 (clang-2100.3.34.2)"," -O3 -DNDEBUG",8,100000,flecs,owned_update,,2,10,11,1.353000
aalair,"Apple M3",8,"Darwin 27.0.0 arm64","Apple LLVM 21.0.0 (clang-2100.3.34.2)"," -O3 -DNDEBUG",8,100000,flecs,owned_update,,2,10,12,1.336000
aalair,"Apple M3",8,"Darwin 27.0.0 arm64","Apple LLVM 21.0.0 (clang-2100.3.34.2)"," -O3 -DNDEBUG",8,100000,flecs,owned_update,,2,10,13,1.398000
aalair,"Apple M3",8,"Darwin 27.0.0 arm64","Apple LLVM 21.0.0 (clang-2100.3.34.2)"," -O3 -DNDEBUG",8,100000,flecs,owned_update,,2,10,14,1.411000
aalair,"Apple M3",8,"Darwin 27.0.0 arm64","Apple LLVM 21.0.0 (clang-2100.3.34.2)"," -O3 -DNDEBUG",8,100000,flecs,owned_update,,2,500,1,175.239000
aalair,"Apple M3",8,"Darwin 27.0.0 arm64","Apple LLVM 21.0.0 (clang-2100.3.34.2)"," -O3 -DNDEBUG",8,100000,flecs,owned_update,,2,500,2,175.294000
aalair,"Apple M3",8,"Darwin 27.0.0 arm64","Apple LLVM 21.0.0 (clang-2100.3.34.2)"," -O3 -DNDEBUG",8,100000,flecs,owned_update,,2,500,3,174.727000
aalair,"Apple M3",8,"Darwin 27.0.0 arm64","Apple LLVM 21.0.0 (clang-2100.3.34.2)"," -O3 -DNDEBUG",8,100000,flecs,owned_update,,2,500,4,174.084000
aalair,"Apple M3",8,"Darwin 27.0.0 arm64","Apple LLVM 21.0.0 (clang-2100.3.34.2)"," -O3 -DNDEBUG",8,100000,flecs,owned_update,,2,500,5,173.874000
aalair,"Apple M3",8,"Darwin 27.0.0 arm64","Apple LLVM 21.0.0 (clang-2100.3.34.2)"," -O3 -DNDEBUG",8,100000,flecs,owned_update,,2,500,6,174.060000
aalair,"Apple M3",8,"Darwin 27.0.0 arm64","Apple LLVM 21.0.0 (clang-2100.3.34.2)"," -O3 -DNDEBUG",8,100000,flecs,owned_update,,2,500,7,174.541000
aalair,"Apple M3",8,"Darwin 27.0.0 arm64","Apple LLVM 21.0.0 (clang-2100.3.34.2)"," -O3 -DNDEBUG",8,100000,flecs,owned_update,,2,500,8,173.896000
aalair,"Apple M3",8,"Darwin 27.0.0 arm64","Apple LLVM 21.0.0 (clang-2100.3.34.2)"," -O3 -DNDEBUG",8,100000,flecs,owned_update,,2,500,9,173.980000
aalair,"Apple M3",8,"Darwin 27.0.0 arm64","Apple LLVM 21.0.0 (clang-2100.3.34.2)"," -O3 -DNDEBUG",8,100000,flecs,owned_update,,2,500,10,173.924000
aalair,"Apple M3",8,"Darwin 27.0.0 arm64","Apple LLVM 21.0.0 (clang-2100.3.34.2)"," -O3 -DNDEBUG",8,100000,flecs,owned_update,,4,0,1,0.064000
aalair,"Apple M3",8,"Darwin 27.0.0 arm64","Apple LLVM 21.0.0 (clang-2100.3.34.2)"," -O3 -DNDEBUG",8,100000,flecs,owned_update,,4,0,2,0.059000
aalair,"Apple M3",8,"Darwin 27.0.0 arm64","Apple LLVM 21.0.0 (clang-2100.3.34.2)"," -O3 -DNDEBUG",8,100000,flecs,owned_update,,4,0,3,0.046000
aalair,"Apple M3",8,"Darwin 27.0.0 arm64","Apple LLVM 21.0.0 (clang-2100.3.34.2)"," -O3 -DNDEBUG",8,100000,flecs,owned_update,,4,0,4,0.048000
aalair,"Apple M3",8,"Darwin 27.0.0 arm64","Apple LLVM 21.0.0 (clang-2100.3.34.2)"," -O3 -DNDEBUG",8,100000,flecs,owned_update,,4,0,5,0.045000
aalair,"Apple M3",8,"Darwin 27.0.0 arm64","Apple LLVM 21.0.0 (clang-2100.3.34.2)"," -O3 -DNDEBUG",8,100000,flecs,owned_update,,4,0,6,0.045000
aalair,"Apple M3",8,"Darwin 27.0.0 arm64","Apple LLVM 21.0.0 (clang-2100.3.34.2)"," -O3 -DNDEBUG",8,100000,flecs,owned_update,,4,0,7,0.045000
aalair,"Apple M3",8,"Darwin 27.0.0 arm64","Apple LLVM 21.0.0 (clang-2100.3.34.2)"," -O3 -DNDEBUG",8,100000,flecs,owned_update,,4,0,8,0.073000
aalair,"Apple M3",8,"Darwin 27.0.0 arm64","Apple LLVM 21.0.0 (clang-2100.3.34.2)"," -O3 -DNDEBUG",8,100000,flecs,owned_update,,4,0,9,0.046000
aalair,"Apple M3",8,"Darwin 27.0.0 arm64","Apple LLVM 21.0.0 (clang-2100.3.34.2)"," -O3 -DNDEBUG",8,100000,flecs,owned_update,,4,0,10,0.045000
aalair,"Apple M3",8,"Darwin 27.0.0 arm64","Apple LLVM 21.0.0 (clang-2100.3.34.2)"," -O3 -DNDEBUG",8,100000,flecs,owned_update,,4,0,11,0.046000
aalair,"Apple M3",8,"Darwin 27.0.0 arm64","Apple LLVM 21.0.0 (clang-2100.3.34.2)"," -O3 -DNDEBUG",8,100000,flecs,owned_update,,4,0,12,0.045000
aalair,"Apple M3",8,"Darwin 27.0.0 arm64","Apple LLVM 21.0.0 (clang-2100.3.34.2)"," -O3 -DNDEBUG",8,100000,flecs,owned_update,,4,0,13,0.046000
aalair,"Apple M3",8,"Darwin 27.0.0 arm64","Apple LLVM 21.0.0 (clang-2100.3.34.2)"," -O3 -DNDEBUG",8,100000,flecs,owned_update,,4,0,14,0.045000
aalair,"Apple M3",8,"Darwin 27.0.0 arm64","Apple LLVM 21.0.0 (clang-2100.3.34.2)"," -O3 -DNDEBUG",8,100000,flecs,owned_update,,4,0,15,0.044000
aalair,"Apple M3",8,"Darwin 27.0.0 arm64","Apple LLVM 21.0.0 (clang-2100.3.34.2)"," -O3 -DNDEBUG",8,100000,flecs,owned_update,,4,0,16,0.046000
aalair,"Apple M3",8,"Darwin 27.0.0 arm64","Apple LLVM 21.0.0 (clang-2100.3.34.2)"," -O3 -DNDEBUG",8,100000,flecs,owned_update,,4,10,1,0.731000
aalair,"Apple M3",8,"Darwin 27.0.0 arm64","Apple LLVM 21.0.0 (clang-2100.3.34.2)"," -O3 -DNDEBUG",8,100000,flecs,owned_update,,4,10,2,0.729000
aalair,"Apple M3",8,"Darwin 27.0.0 arm64","Apple LLVM 21.0.0 (clang-2100.3.34.2)"," -O3 -DNDEBUG",8,100000,flecs,owned_update,,4,10,3,0.722000
aalair,"Apple M3",8,"Darwin 27.0.0 arm64","Apple LLVM 21.0.0 (clang-2100.3.34.2)"," -O3 -DNDEBUG",8,100000,flecs,owned_update,,4,10,4,0.732000
aalair,"Apple M3",8,"Darwin 27.0.0 arm64","Apple LLVM 21.0.0 (clang-2100.3.34.2)"," -O3 -DNDEBUG",8,100000,flecs,owned_update,,4,10,5,0.731000
aalair,"Apple M3",8,"Darwin 27.0.0 arm64","Apple LLVM 21.0.0 (clang-2100.3.34.2)"," -O3 -DNDEBUG",8,100000,flecs,owned_update,,4,10,6,0.734000
aalair,"Apple M3",8,"Darwin 27.0.0 arm64","Apple LLVM 21.0.0 (clang-2100.3.34.2)"," -O3 -DNDEBUG",8,100000,flecs,owned_update,,4,10,7,0.730000
aalair,"Apple M3",8,"Darwin 27.0.0 arm64","Apple LLVM 21.0.0 (clang-2100.3.34.2)"," -O3 -DNDEBUG",8,100000,flecs,owned_update,,4,10,8,0.732000
aalair,"Apple M3",8,"Darwin 27.0.0 arm64","Apple LLVM 21.0.0 (clang-2100.3.34.2)"," -O3 -DNDEBUG",8,100000,flecs,owned_update,,4,10,9,0.731000
aalair,"Apple M3",8,"Darwin 27.0.0 arm64","Apple LLVM 21.0.0 (clang-2100.3.34.2)"," -O3 -DNDEBUG",8,100000,flecs,owned_update,,4,10,10,0.731000
aalair,"Apple M3",8,"Darwin 27.0.0 arm64","Apple LLVM 21.0.0 (clang-2100.3.34.2)"," -O3 -DNDEBUG",8,100000,flecs,owned_update,,4,500,1,94.699000
aalair,"Apple M3",8,"Darwin 27.0.0 arm64","Apple LLVM 21.0.0 (clang-2100.3.34.2)"," -O3 -DNDEBUG",8,100000,flecs,owned_update,,4,500,2,94.576000
aalair,"Apple M3",8,"Darwin 27.0.0 arm64","Apple LLVM 21.0.0 (clang-2100.3.34.2)"," -O3 -DNDEBUG",8,100000,flecs,owned_update,,4,500,3,94.577000
aalair,"Apple M3",8,"Darwin 27.0.0 arm64","Apple LLVM 21.0.0 (clang-2100.3.34.2)"," -O3 -DNDEBUG",8,100000,flecs,owned_update,,4,500,4,95.334000
aalair,"Apple M3",8,"Darwin 27.0.0 arm64","Apple LLVM 21.0.0 (clang-2100.3.34.2)"," -O3 -DNDEBUG",8,100000,flecs,owned_update,,4,500,5,96.018000
aalair,"Apple M3",8,"Darwin 27.0.0 arm64","Apple LLVM 21.0.0 (clang-2100.3.34.2)"," -O3 -DNDEBUG",8,100000,flecs,owned_update,,4,500,6,94.608000
aalair,"Apple M3",8,"Darwin 27.0.0 arm64","Apple LLVM 21.0.0 (clang-2100.3.34.2)"," -O3 -DNDEBUG",8,100000,flecs,owned_update,,4,500,7,94.593000
aalair,"Apple M3",8,"Darwin 27.0.0 arm64","Apple LLVM 21.0.0 (clang-2100.3.34.2)"," -O3 -DNDEBUG",8,100000,flecs,owned_update,,4,500,8,94.654000
aalair,"Apple M3",8,"Darwin 27.0.0 arm64","Apple LLVM 21.0.0 (clang-2100.3.34.2)"," -O3 -DNDEBUG",8,100000,flecs,owned_update,,4,500,9,94.649000
aalair,"Apple M3",8,"Darwin 27.0.0 arm64","Apple LLVM 21.0.0 (clang-2100.3.34.2)"," -O3 -DNDEBUG",8,100000,flecs,owned_update,,4,500,10,94.594000
aalair,"Apple M3",8,"Darwin 27.0.0 arm64","Apple LLVM 21.0.0 (clang-2100.3.34.2)"," -O3 -DNDEBUG",8,100000,flecs,owned_update,,8,0,1,0.076000
aalair,"Apple M3",8,"Darwin 27.0.0 arm64","Apple LLVM 21.0.0 (clang-2100.3.34.2)"," -O3 -DNDEBUG",8,100000,flecs,owned_update,,8,0,2,0.073000
aalair,"Apple M3",8,"Darwin 27.0.0 arm64","Apple LLVM 21.0.0 (clang-2100.3.34.2)"," -O3 -DNDEBUG",8,100000,flecs,owned_update,,8,0,3,0.077000
aalair,"Apple M3",8,"Darwin 27.0.0 arm64","Apple LLVM 21.0.0 (clang-2100.3.34.2)"," -O3 -DNDEBUG",8,100000,flecs,owned_update,,8,0,4,0.069000
aalair,"Apple M3",8,"Darwin 27.0.0 arm64","Apple LLVM 21.0.0 (clang-2100.3.34.2)"," -O3 -DNDEBUG",8,100000,flecs,owned_update,,8,0,5,0.059000
aalair,"Apple M3",8,"Darwin 27.0.0 arm64","Apple LLVM 21.0.0 (clang-2100.3.34.2)"," -O3 -DNDEBUG",8,100000,flecs,owned_update,,8,0,6,0.059000
aalair,"Apple M3",8,"Darwin 27.0.0 arm64","Apple LLVM 21.0.0 (clang-2100.3.34.2)"," -O3 -DNDEBUG",8,100000,flecs,owned_update,,8,0,7,0.060000
aalair,"Apple M3",8,"Darwin 27.0.0 arm64","Apple LLVM 21.0.0 (clang-2100.3.34.2)"," -O3 -DNDEBUG",8,100000,flecs,owned_update,,8,0,8,0.054000
aalair,"Apple M3",8,"Darwin 27.0.0 arm64","Apple LLVM 21.0.0 (clang-2100.3.34.2)"," -O3 -DNDEBUG",8,100000,flecs,owned_update,,8,0,9,0.053000
aalair,"Apple M3",8,"Darwin 27.0.0 arm64","Apple LLVM 21.0.0 (clang-2100.3.34.2)"," -O3 -DNDEBUG",8,100000,flecs,owned_update,,8,0,10,0.061000
aalair,"Apple M3",8,"Darwin 27.0.0 arm64","Apple LLVM 21.0.0 (clang-2100.3.34.2)"," -O3 -DNDEBUG",8,100000,flecs,owned_update,,8,0,11,0.056000
aalair,"Apple M3",8,"Darwin 27.0.0 arm64","Apple LLVM 21.0.0 (clang-2100.3.34.2)"," -O3 -DNDEBUG",8,100000,flecs,owned_update,,8,0,12,0.053000
aalair,"Apple M3",8,"Darwin 27.0.0 arm64","Apple LLVM 21.0.0 (clang-2100.3.34.2)"," -O3 -DNDEBUG",8,100000,flecs,owned_update,,8,0,13,0.061000
aalair,"Apple M3",8,"Darwin 27.0.0 arm64","Apple LLVM 21.0.0 (clang-2100.3.34.2)"," -O3 -DNDEBUG",8,100000,flecs,owned_update,,8,0,14,0.059000
aalair,"Apple M3",8,"Darwin 27.0.0 arm64","Apple LLVM 21.0.0 (clang-2100.3.34.2)"," -O3 -DNDEBUG",8,100000,flecs,owned_update,,8,0,15,0.058000
aalair,"Apple M3",8,"Darwin 27.0.0 arm64","Apple LLVM 21.0.0 (clang-2100.3.34.2)"," -O3 -DNDEBUG",8,100000,flecs,owned_update,,8,0,16,0.058000
aalair,"Apple M3",8,"Darwin 27.0.0 arm64","Apple LLVM 21.0.0 (clang-2100.3.34.2)"," -O3 -DNDEBUG",8,100000,flecs,owned_update,,8,0,17,0.055000
aalair,"Apple M3",8,"Darwin 27.0.0 arm64","Apple LLVM 21.0.0 (clang-2100.3.34.2)"," -O3 -DNDEBUG",8,100000,flecs,owned_update,,8,0,18,0.060000
aalair,"Apple M3",8,"Darwin 27.0.0 arm64","Apple LLVM 21.0.0 (clang-2100.3.34.2)"," -O3 -DNDEBUG",8,100000,flecs,owned_update,,8,0,19,0.055000
aalair,"Apple M3",8,"Darwin 27.0.0 arm64","Apple LLVM 21.0.0 (clang-2100.3.34.2)"," -O3 -DNDEBUG",8,100000,flecs,owned_update,,8,0,20,0.053000
aalair,"Apple M3",8,"Darwin 27.0.0 arm64","Apple LLVM 21.0.0 (clang-2100.3.34.2)"," -O3 -DNDEBUG",8,100000,flecs,owned_update,,8,0,21,0.053000
aalair,"Apple M3",8,"Darwin 27.0.0 arm64","Apple LLVM 21.0.0 (clang-2100.3.34.2)"," -O3 -DNDEBUG",8,100000,flecs,owned_update,,8,0,22,0.058000
aalair,"Apple M3",8,"Darwin 27.0.0 arm64","Apple LLVM 21.0.0 (clang-2100.3.34.2)"," -O3 -DNDEBUG",8,100000,flecs,owned_update,,8,0,23,0.053000
aalair,"Apple M3",8,"Darwin 27.0.0 arm64","Apple LLVM 21.0.0 (clang-2100.3.34.2)"," -O3 -DNDEBUG",8,100000,flecs,owned_update,,8,0,24,0.053000
aalair,"Apple M3",8,"Darwin 27.0.0 arm64","Apple LLVM 21.0.0 (clang-2100.3.34.2)"," -O3 -DNDEBUG",8,100000,flecs,owned_update,,8,0,25,0.060000
aalair,"Apple M3",8,"Darwin 27.0.0 arm64","Apple LLVM 21.0.0 (clang-2100.3.34.2)"," -O3 -DNDEBUG",8,100000,flecs,owned_update,,8,0,26,0.059000
aalair,"Apple M3",8,"Darwin 27.0.0 arm64","Apple LLVM 21.0.0 (clang-2100.3.34.2)"," -O3 -DNDEBUG",8,100000,flecs,owned_update,,8,0,27,0.053000
aalair,"Apple M3",8,"Darwin 27.0.0 arm64","Apple LLVM 21.0.0 (clang-2100.3.34.2)"," -O3 -DNDEBUG",8,100000,flecs,owned_update,,8,0,28,0.053000
aalair,"Apple M3",8,"Darwin 27.0.0 arm64","Apple LLVM 21.0.0 (clang-2100.3.34.2)"," -O3 -DNDEBUG",8,100000,flecs,owned_update,,8,0,29,0.060000
aalair,"Apple M3",8,"Darwin 27.0.0 arm64","Apple LLVM 21.0.0 (clang-2100.3.34.2)"," -O3 -DNDEBUG",8,100000,flecs,owned_update,,8,0,30,0.057000
aalair,"Apple M3",8,"Darwin 27.0.0 arm64","Apple LLVM 21.0.0 (clang-2100.3.34.2)"," -O3 -DNDEBUG",8,100000,flecs,owned_update,,8,0,31,0.053000
aalair,"Apple M3",8,"Darwin 27.0.0 arm64","Apple LLVM 21.0.0 (clang-2100.3.34.2)"," -O3 -DNDEBUG",8,100000,flecs,owned_update,,8,0,32,0.055000
aalair,"Apple M3",8,"Darwin 27.0.0 arm64","Apple LLVM 21.0.0 (clang-2100.3.34.2)"," -O3 -DNDEBUG",8,100000,flecs,owned_update,,8,0,33,0.060000
aalair,"Apple M3",8,"Darwin 27.0.0 arm64","Apple LLVM 21.0.0 (clang-2100.3.34.2)"," -O3 -DNDEBUG",8,100000,flecs,owned_update,,8,0,34,0.055000
aalair,"Apple M3",8,"Darwin 27.0.0 arm64","Apple LLVM 21.0.0 (clang-2100.3.34.2)"," -O3 -DNDEBUG",8,100000,flecs,owned_update,,8,0,35,0.061000
aalair,"Apple M3",8,"Darwin 27.0.0 arm64","Apple LLVM 21.0.0 (clang-2100.3.34.2)"," -O3 -DNDEBUG",8,100000,flecs,owned_update,,8,0,36,0.060000
aalair,"Apple M3",8,"Darwin 27.0.0 arm64","Apple LLVM 21.0.0 (clang-2100.3.34.2)"," -O3 -DNDEBUG",8,100000,flecs,owned_update,,8,0,37,0.057000
aalair,"Apple M3",8,"Darwin 27.0.0 arm64","Apple LLVM 21.0.0 (clang-2100.3.34.2)"," -O3 -DNDEBUG",8,100000,flecs,owned_update,,8,0,38,0.055000
aalair,"Apple M3",8,"Darwin 27.0.0 arm64","Apple LLVM 21.0.0 (clang-2100.3.34.2)"," -O3 -DNDEBUG",8,100000,flecs,owned_update,,8,0,39,0.063000
aalair,"Apple M3",8,"Darwin 27.0.0 arm64","Apple LLVM 21.0.0 (clang-2100.3.34.2)"," -O3 -DNDEBUG",8,100000,flecs,owned_update,,8,0,40,0.054000
aalair,"Apple M3",8,"Darwin 27.0.0 arm64","Apple LLVM 21.0.0 (clang-2100.3.34.2)"," -O3 -DNDEBUG",8,100000,flecs,owned_update,,8,0,41,0.057000
aalair,"Apple M3",8,"Darwin 27.0.0 arm64","Apple LLVM 21.0.0 (clang-2100.3.34.2)"," -O3 -DNDEBUG",8,100000,flecs,owned_update,,8,0,42,0.054000
aalair,"Apple M3",8,"Darwin 27.0.0 arm64","Apple LLVM 21.0.0 (clang-2100.3.34.2)"," -O3 -DNDEBUG",8,100000,flecs,owned_update,,8,10,1,0.481000
aalair,"Apple M3",8,"Darwin 27.0.0 arm64","Apple LLVM 21.0.0 (clang-2100.3.34.2)"," -O3 -DNDEBUG",8,100000,flecs,owned_update,,8,10,2,0.537000
aalair,"Apple M3",8,"Darwin 27.0.0 arm64","Apple LLVM 21.0.0 (clang-2100.3.34.2)"," -O3 -DNDEBUG",8,100000,flecs,owned_update,,8,10,3,0.490000
aalair,"Apple M3",8,"Darwin 27.0.0 arm64","Apple LLVM 21.0.0 (clang-2100.3.34.2)"," -O3 -DNDEBUG",8,100000,flecs,owned_update,,8,10,4,0.494000
aalair,"Apple M3",8,"Darwin 27.0.0 arm64","Apple LLVM 21.0.0 (clang-2100.3.34.2)"," -O3 -DNDEBUG",8,100000,flecs,owned_update,,8,10,5,0.489000
aalair,"Apple M3",8,"Darwin 27.0.0 arm64","Apple LLVM 21.0.0 (clang-2100.3.34.2)"," -O3 -DNDEBUG",8,100000,flecs,owned_update,,8,10,6,0.480000
aalair,"Apple M3",8,"Darwin 27.0.0 arm64","Apple LLVM 21.0.0 (clang-2100.3.34.2)"," -O3 -DNDEBUG",8,100000,flecs,owned_update,,8,10,7,0.499000
aalair,"Apple M3",8,"Darwin 27.0.0 arm64","Apple LLVM 21.0.0 (clang-2100.3.34.2)"," -O3 -DNDEBUG",8,100000,flecs,owned_update,,8,10,8,0.620000
aalair,"Apple M3",8,"Darwin 27.0.0 arm64","Apple LLVM 21.0.0 (clang-2100.3.34.2)"," -O3 -DNDEBUG",8,100000,flecs,owned_update,,8,10,9,0.481000
aalair,"Apple M3",8,"Darwin 27.0.0 arm64","Apple LLVM 21.0.0 (clang-2100.3.34.2)"," -O3 -DNDEBUG",8,100000,flecs,owned_update,,8,10,10,0.489000
aalair,"Apple M3",8,"Darwin 27.0.0 arm64","Apple LLVM 21.0.0 (clang-2100.3.34.2)"," -O3 -DNDEBUG",8,100000,flecs,owned_update,,8,10,11,0.725000
aalair,"Apple M3",8,"Darwin 27.0.0 arm64","Apple LLVM 21.0.0 (clang-2100.3.34.2)"," -O3 -DNDEBUG",8,100000,flecs,owned_update,,8,10,12,0.725000
aalair,"Apple M3",8,"Darwin 27.0.0 arm64","Apple LLVM 21.0.0 (clang-2100.3.34.2)"," -O3 -DNDEBUG",8,100000,flecs,owned_update,,8,10,13,0.498000
aalair,"Apple M3",8,"Darwin 27.0.0 arm64","Apple LLVM 21.0.0 (clang-2100.3.34.2)"," -O3 -DNDEBUG",8,100000,flecs,owned_update,,8,10,14,0.487000
aalair,"Apple M3",8,"Darwin 27.0.0 arm64","Apple LLVM 21.0.0 (clang-2100.3.34.2)"," -O3 -DNDEBUG",8,100000,flecs,owned_update,,8,10,15,0.500000
aalair,"Apple M3",8,"Darwin 27.0.0 arm64","Apple LLVM 21.0.0 (clang-2100.3.34.2)"," -O3 -DNDEBUG",8,100000,flecs,owned_update,,8,10,16,0.490000
aalair,"Apple M3",8,"Darwin 27.0.0 arm64","Apple LLVM 21.0.0 (clang-2100.3.34.2)"," -O3 -DNDEBUG",8,100000,flecs,owned_update,,8,10,17,0.500000
aalair,"Apple M3",8,"Darwin 27.0.0 arm64","Apple LLVM 21.0.0 (clang-2100.3.34.2)"," -O3 -DNDEBUG",8,100000,flecs,owned_update,,8,10,18,0.492000
aalair,"Apple M3",8,"Darwin 27.0.0 arm64","Apple LLVM 21.0.0 (clang-2100.3.34.2)"," -O3 -DNDEBUG",8,100000,flecs,owned_update,,8,10,19,0.483000
aalair,"Apple M3",8,"Darwin 27.0.0 arm64","Apple LLVM 21.0.0 (clang-2100.3.34.2)"," -O3 -DNDEBUG",8,100000,flecs,owned_update,,8,500,1,60.970000
aalair,"Apple M3",8,"Darwin 27.0.0 arm64","Apple LLVM 21.0.0 (clang-2100.3.34.2)"," -O3 -DNDEBUG",8,100000,flecs,owned_update,,8,500,2,72.528000
aalair,"Apple M3",8,"Darwin 27.0.0 arm64","Apple LLVM 21.0.0 (clang-2100.3.34.2)"," -O3 -DNDEBUG",8,100000,flecs,owned_update,,8,500,3,61.247000
aalair,"Apple M3",8,"Darwin 27.0.0 arm64","Apple LLVM 21.0.0 (clang-2100.3.34.2)"," -O3 -DNDEBUG",8,100000,flecs,owned_update,,8,500,4,66.867000
aalair,"Apple M3",8,"Darwin 27.0.0 arm64","Apple LLVM 21.0.0 (clang-2100.3.34.2)"," -O3 -DNDEBUG",8,100000,flecs,owned_update,,8,500,5,61.384000
aalair,"Apple M3",8,"Darwin 27.0.0 arm64","Apple LLVM 21.0.0 (clang-2100.3.34.2)"," -O3 -DNDEBUG",8,100000,flecs,owned_update,,8,500,6,61.416000
aalair,"Apple M3",8,"Darwin 27.0.0 arm64","Apple LLVM 21.0.0 (clang-2100.3.34.2)"," -O3 -DNDEBUG",8,100000,flecs,owned_update,,8,500,7,64.662000
aalair,"Apple M3",8,"Darwin 27.0.0 arm64","Apple LLVM 21.0.0 (clang-2100.3.34.2)"," -O3 -DNDEBUG",8,100000,flecs,owned_update,,8,500,8,62.337000
aalair,"Apple M3",8,"Darwin 27.0.0 arm64","Apple LLVM 21.0.0 (clang-2100.3.34.2)"," -O3 -DNDEBUG",8,100000,flecs,owned_update,,8,500,9,66.537000
aalair,"Apple M3",8,"Darwin 27.0.0 arm64","Apple LLVM 21.0.0 (clang-2100.3.34.2)"," -O3 -DNDEBUG",8,100000,flecs,owned_update,,8,500,10,61.458000
aalair,"Apple M3",8,"Darwin 27.0.0 arm64","Apple LLVM 21.0.0 (clang-2100.3.34.2)"," -O3 -DNDEBUG",8,100000,flecs,owned_update,,8,500,11,59.070000
aalair,"Apple M3",8,"Darwin 27.0.0 arm64","Apple LLVM 21.0.0 (clang-2100.3.34.2)"," -O3 -DNDEBUG",8,100000,flecs,owned_update,,8,500,12,58.169000
aalair,"Apple M3",8,"Darwin 27.0.0 arm64","Apple LLVM 21.0.0 (clang-2100.3.34.2)"," -O3 -DNDEBUG",8,100000,flecs,owned_update,,8,500,13,61.181000
aalair,"Apple M3",8,"Darwin 27.0.0 arm64","Apple LLVM 21.0.0 (clang-2100.3.34.2)"," -O3 -DNDEBUG",8,100000,flecs,owned_update,,8,500,14,58.741000
aalair,"Apple M3",8,"Darwin 27.0.0 arm64","Apple LLVM 21.0.0 (clang-2100.3.34.2)"," -O3 -DNDEBUG",8,100000,flecs,owned_update,,8,500,15,57.977000
aalair,"Apple M3",8,"Darwin 27.0.0 arm64","Apple LLVM 21.0.0 (clang-2100.3.34.2)"," -O3 -DNDEBUG",8,100000,flecs,owned_update,,8,500,16,58.631000
aalair,"Apple M3",8,"Darwin 27.0.0 arm64","Apple LLVM 21.0.0 (clang-2100.3.34.2)"," -O3 -DNDEBUG",8,100000,flecs,owned_update,,8,500,17,59.123000
aalair,"Apple M3",8,"Darwin 27.0.0 arm64","Apple LLVM 21.0.0 (clang-2100.3.34.2)"," -O3 -DNDEBUG",8,100000,flecs,owned_update,,8,500,18,59.911000
aalair,"Apple M3",8,"Darwin 27.0.0 arm64","Apple LLVM 21.0.0 (clang-2100.3.34.2)"," -O3 -DNDEBUG",8,100000,flecs,owned_update,,8,500,19,70.384000
aalair,"Apple M3",8,"Darwin 27.0.0 arm64","Apple LLVM 21.0.0 (clang-2100.3.34.2)"," -O3 -DNDEBUG",8,100000,flecs,owned_update,,8,500,20,62.882000
aalair,"Apple M3",8,"Darwin 27.0.0 arm64","Apple LLVM 21.0.0 (clang-2100.3.34.2)"," -O3 -DNDEBUG",8,100000,flecs,owned_update,,8,500,21,58.479000
aalair,"Apple M3",8,"Darwin 27.0.0 arm64","Apple LLVM 21.0.0 (clang-2100.3.34.2)"," -O3 -DNDEBUG",8,100000,pito,owned_update,ecs_get,1,0,1,6.872000
aalair,"Apple M3",8,"Darwin 27.0.0 arm64","Apple LLVM 21.0.0 (clang-2100.3.34.2)"," -O3 -DNDEBUG",8,100000,pito,owned_update,ecs_get,1,0,2,6.744000
aalair,"Apple M3",8,"Darwin 27.0.0 arm64","Apple LLVM 21.0.0 (clang-2100.3.34.2)"," -O3 -DNDEBUG",8,100000,pito,owned_update,ecs_get,1,0,3,6.655000
aalair,"Apple M3",8,"Darwin 27.0.0 arm64","Apple LLVM 21.0.0 (clang-2100.3.34.2)"," -O3 -DNDEBUG",8,100000,pito,owned_update,ecs_get,1,0,4,6.625000
aalair,"Apple M3",8,"Darwin 27.0.0 arm64","Apple LLVM 21.0.0 (clang-2100.3.34.2)"," -O3 -DNDEBUG",8,100000,pito,owned_update,ecs_get,1,0,5,6.641000
aalair,"Apple M3",8,"Darwin 27.0.0 arm64","Apple LLVM 21.0.0 (clang-2100.3.34.2)"," -O3 -DNDEBUG",8,100000,pito,owned_update,ecs_get,1,0,6,6.648000
aalair,"Apple M3",8,"Darwin 27.0.0 arm64","Apple LLVM 21.0.0 (clang-2100.3.34.2)"," -O3 -DNDEBUG",8,100000,pito,owned_update,ecs_get,1,0,7,6.643000
aalair,"Apple M3",8,"Darwin 27.0.0 arm64","Apple LLVM 21.0.0 (clang-2100.3.34.2)"," -O3 -DNDEBUG",8,100000,pito,owned_update,ecs_get,1,0,8,6.622000
aalair,"Apple M3",8,"Darwin 27.0.0 arm64","Apple LLVM 21.0.0 (clang-2100.3.34.2)"," -O3 -DNDEBUG",8,100000,pito,owned_update,ecs_get,1,0,9,6.651000
aalair,"Apple M3",8,"Darwin 27.0.0 arm64","Apple LLVM 21.0.0 (clang-2100.3.34.2)"," -O3 -DNDEBUG",8,100000,pito,owned_update,ecs_get,1,0,10,6.632000
aalair,"Apple M3",8,"Darwin 27.0.0 arm64","Apple LLVM 21.0.0 (clang-2100.3.34.2)"," -O3 -DNDEBUG",8,100000,pito,owned_update,ecs_get,1,10,1,8.479000
aalair,"Apple M3",8,"Darwin 27.0.0 arm64","Apple LLVM 21.0.0 (clang-2100.3.34.2)"," -O3 -DNDEBUG",8,100000,pito,owned_update,ecs_get,1,10,2,8.518000
aalair,"Apple M3",8,"Darwin 27.0.0 arm64","Apple LLVM 21.0.0 (clang-2100.3.34.2)"," -O3 -DNDEBUG",8,100000,pito,owned_update,ecs_get,1,10,3,8.542000
aalair,"Apple M3",8,"Darwin 27.0.0 arm64","Apple LLVM 21.0.0 (clang-2100.3.34.2)"," -O3 -DNDEBUG",8,100000,pito,owned_update,ecs_get,1,10,4,8.511000
aalair,"Apple M3",8,"Darwin 27.0.0 arm64","Apple LLVM 21.0.0 (clang-2100.3.34.2)"," -O3 -DNDEBUG",8,100000,pito,owned_update,ecs_get,1,10,5,8.510000
aalair,"Apple M3",8,"Darwin 27.0.0 arm64","Apple LLVM 21.0.0 (clang-2100.3.34.2)"," -O3 -DNDEBUG",8,100000,pito,owned_update,ecs_get,1,10,6,8.748000
aalair,"Apple M3",8,"Darwin 27.0.0 arm64","Apple LLVM 21.0.0 (clang-2100.3.34.2)"," -O3 -DNDEBUG",8,100000,pito,owned_update,ecs_get,1,10,7,8.880000
aalair,"Apple M3",8,"Darwin 27.0.0 arm64","Apple LLVM 21.0.0 (clang-2100.3.34.2)"," -O3 -DNDEBUG",8,100000,pito,owned_update,ecs_get,1,10,8,8.857000
aalair,"Apple M3",8,"Darwin 27.0.0 arm64","Apple LLVM 21.0.0 (clang-2100.3.34.2)"," -O3 -DNDEBUG",8,100000,pito,owned_update,ecs_get,1,10,9,8.686000
aalair,"Apple M3",8,"Darwin 27.0.0 arm64","Apple LLVM 21.0.0 (clang-2100.3.34.2)"," -O3 -DNDEBUG",8,100000,pito,owned_update,ecs_get,1,10,10,8.737000
aalair,"Apple M3",8,"Darwin 27.0.0 arm64","Apple LLVM 21.0.0 (clang-2100.3.34.2)"," -O3 -DNDEBUG",8,100000,pito,owned_update,ecs_get,1,500,1,356.249000
aalair,"Apple M3",8,"Darwin 27.0.0 arm64","Apple LLVM 21.0.0 (clang-2100.3.34.2)"," -O3 -DNDEBUG",8,100000,pito,owned_update,ecs_get,1,500,2,356.427000
aalair,"Apple M3",8,"Darwin 27.0.0 arm64","Apple LLVM 21.0.0 (clang-2100.3.34.2)"," -O3 -DNDEBUG",8,100000,pito,owned_update,ecs_get,1,500,3,356.232000
aalair,"Apple M3",8,"Darwin 27.0.0 arm64","Apple LLVM 21.0.0 (clang-2100.3.34.2)"," -O3 -DNDEBUG",8,100000,pito,owned_update,ecs_get,1,500,4,356.552000
aalair,"Apple M3",8,"Darwin 27.0.0 arm64","Apple LLVM 21.0.0 (clang-2100.3.34.2)"," -O3 -DNDEBUG",8,100000,pito,owned_update,ecs_get,1,500,5,360.048000
aalair,"Apple M3",8,"Darwin 27.0.0 arm64","Apple LLVM 21.0.0 (clang-2100.3.34.2)"," -O3 -DNDEBUG",8,100000,pito,owned_update,ecs_get,1,500,6,360.765000
aalair,"Apple M3",8,"Darwin 27.0.0 arm64","Apple LLVM 21.0.0 (clang-2100.3.34.2)"," -O3 -DNDEBUG",8,100000,pito,owned_update,ecs_get,1,500,7,356.444000
aalair,"Apple M3",8,"Darwin 27.0.0 arm64","Apple LLVM 21.0.0 (clang-2100.3.34.2)"," -O3 -DNDEBUG",8,100000,pito,owned_update,ecs_get,1,500,8,356.230000
aalair,"Apple M3",8,"Darwin 27.0.0 arm64","Apple LLVM 21.0.0 (clang-2100.3.34.2)"," -O3 -DNDEBUG",8,100000,pito,owned_update,ecs_get,1,500,9,357.084000
aalair,"Apple M3",8,"Darwin 27.0.0 arm64","Apple LLVM 21.0.0 (clang-2100.3.34.2)"," -O3 -DNDEBUG",8,100000,pito,owned_update,ecs_get,1,500,10,356.176000
aalair,"Apple M3",8,"Darwin 27.0.0 arm64","Apple LLVM 21.0.0 (clang-2100.3.34.2)"," -O3 -DNDEBUG",8,100000,pito,owned_update,ecs_get,2,0,1,3.361000
aalair,"Apple M3",8,"Darwin 27.0.0 arm64","Apple LLVM 21.0.0 (clang-2100.3.34.2)"," -O3 -DNDEBUG",8,100000,pito,owned_update,ecs_get,2,0,2,3.293000
aalair,"Apple M3",8,"Darwin 27.0.0 arm64","Apple LLVM 21.0.0 (clang-2100.3.34.2)"," -O3 -DNDEBUG",8,100000,pito,owned_update,ecs_get,2,0,3,3.367000
aalair,"Apple M3",8,"Darwin 27.0.0 arm64","Apple LLVM 21.0.0 (clang-2100.3.34.2)"," -O3 -DNDEBUG",8,100000,pito,owned_update,ecs_get,2,0,4,3.378000
aalair,"Apple M3",8,"Darwin 27.0.0 arm64","Apple LLVM 21.0.0 (clang-2100.3.34.2)"," -O3 -DNDEBUG",8,100000,pito,owned_update,ecs_get,2,0,5,3.372000
aalair,"Apple M3",8,"Darwin 27.0.0 arm64","Apple LLVM 21.0.0 (clang-2100.3.34.2)"," -O3 -DNDEBUG",8,100000,pito,owned_update,ecs_get,2,0,6,3.416000
aalair,"Apple M3",8,"Darwin 27.0.0 arm64","Apple LLVM 21.0.0 (clang-2100.3.34.2)"," -O3 -DNDEBUG",8,100000,pito,owned_update,ecs_get,2,0,7,3.390000
aalair,"Apple M3",8,"Darwin 27.0.0 arm64","Apple LLVM 21.0.0 (clang-2100.3.34.2)"," -O3 -DNDEBUG",8,100000,pito,owned_update,ecs_get,2,0,8,3.280000
aalair,"Apple M3",8,"Darwin 27.0.0 arm64","Apple LLVM 21.0.0 (clang-2100.3.34.2)"," -O3 -DNDEBUG",8,100000,pito,owned_update,ecs_get,2,0,9,3.331000
aalair,"Apple M3",8,"Darwin 27.0.0 arm64","Apple LLVM 21.0.0 (clang-2100.3.34.2)"," -O3 -DNDEBUG",8,100000,pito,owned_update,ecs_get,2,0,10,3.359000
aalair,"Apple M3",8,"Darwin 27.0.0 arm64","Apple LLVM 21.0.0 (clang-2100.3.34.2)"," -O3 -DNDEBUG",8,100000,pito,owned_update,ecs_get,2,10,1,4.624000
aalair,"Apple M3",8,"Darwin 27.0.0 arm64","Apple LLVM 21.0.0 (clang-2100.3.34.2)"," -O3 -DNDEBUG",8,100000,pito,owned_update,ecs_get,2,10,2,4.584000
aalair,"Apple M3",8,"Darwin 27.0.0 arm64","Apple LLVM 21.0.0 (clang-2100.3.34.2)"," -O3 -DNDEBUG",8,100000,pito,owned_update,ecs_get,2,10,3,4.615000
aalair,"Apple M3",8,"Darwin 27.0.0 arm64","Apple LLVM 21.0.0 (clang-2100.3.34.2)"," -O3 -DNDEBUG",8,100000,pito,owned_update,ecs_get,2,10,4,4.676000
aalair,"Apple M3",8,"Darwin 27.0.0 arm64","Apple LLVM 21.0.0 (clang-2100.3.34.2)"," -O3 -DNDEBUG",8,100000,pito,owned_update,ecs_get,2,10,5,4.521000
aalair,"Apple M3",8,"Darwin 27.0.0 arm64","Apple LLVM 21.0.0 (clang-2100.3.34.2)"," -O3 -DNDEBUG",8,100000,pito,owned_update,ecs_get,2,10,6,4.686000
aalair,"Apple M3",8,"Darwin 27.0.0 arm64","Apple LLVM 21.0.0 (clang-2100.3.34.2)"," -O3 -DNDEBUG",8,100000,pito,owned_update,ecs_get,2,10,7,4.571000
aalair,"Apple M3",8,"Darwin 27.0.0 arm64","Apple LLVM 21.0.0 (clang-2100.3.34.2)"," -O3 -DNDEBUG",8,100000,pito,owned_update,ecs_get,2,10,8,4.571000
aalair,"Apple M3",8,"Darwin 27.0.0 arm64","Apple LLVM 21.0.0 (clang-2100.3.34.2)"," -O3 -DNDEBUG",8,100000,pito,owned_update,ecs_get,2,10,9,4.278000
aalair,"Apple M3",8,"Darwin 27.0.0 arm64","Apple LLVM 21.0.0 (clang-2100.3.34.2)"," -O3 -DNDEBUG",8,100000,pito,owned_update,ecs_get,2,10,10,4.253000
aalair,"Apple M3",8,"Darwin 27.0.0 arm64","Apple LLVM 21.0.0 (clang-2100.3.34.2)"," -O3 -DNDEBUG",8,100000,pito,owned_update,ecs_get,2,10,11,4.286000
aalair,"Apple M3",8,"Darwin 27.0.0 arm64","Apple LLVM 21.0.0 (clang-2100.3.34.2)"," -O3 -DNDEBUG",8,100000,pito,owned_update,ecs_get,2,10,12,4.292000
aalair,"Apple M3",8,"Darwin 27.0.0 arm64","Apple LLVM 21.0.0 (clang-2100.3.34.2)"," -O3 -DNDEBUG",8,100000,pito,owned_update,ecs_get,2,10,13,4.307000
aalair,"Apple M3",8,"Darwin 27.0.0 arm64","Apple LLVM 21.0.0 (clang-2100.3.34.2)"," -O3 -DNDEBUG",8,100000,pito,owned_update,ecs_get,2,10,14,4.283000
aalair,"Apple M3",8,"Darwin 27.0.0 arm64","Apple LLVM 21.0.0 (clang-2100.3.34.2)"," -O3 -DNDEBUG",8,100000,pito,owned_update,ecs_get,2,10,15,4.323000
aalair,"Apple M3",8,"Darwin 27.0.0 arm64","Apple LLVM 21.0.0 (clang-2100.3.34.2)"," -O3 -DNDEBUG",8,100000,pito,owned_update,ecs_get,2,10,16,4.284000
aalair,"Apple M3",8,"Darwin 27.0.0 arm64","Apple LLVM 21.0.0 (clang-2100.3.34.2)"," -O3 -DNDEBUG",8,100000,pito,owned_update,ecs_get,2,500,1,182.540000
aalair,"Apple M3",8,"Darwin 27.0.0 arm64","Apple LLVM 21.0.0 (clang-2100.3.34.2)"," -O3 -DNDEBUG",8,100000,pito,owned_update,ecs_get,2,500,2,182.858000
aalair,"Apple M3",8,"Darwin 27.0.0 arm64","Apple LLVM 21.0.0 (clang-2100.3.34.2)"," -O3 -DNDEBUG",8,100000,pito,owned_update,ecs_get,2,500,3,182.732000
aalair,"Apple M3",8,"Darwin 27.0.0 arm64","Apple LLVM 21.0.0 (clang-2100.3.34.2)"," -O3 -DNDEBUG",8,100000,pito,owned_update,ecs_get,2,500,4,182.683000
aalair,"Apple M3",8,"Darwin 27.0.0 arm64","Apple LLVM 21.0.0 (clang-2100.3.34.2)"," -O3 -DNDEBUG",8,100000,pito,owned_update,ecs_get,2,500,5,182.516000
aalair,"Apple M3",8,"Darwin 27.0.0 arm64","Apple LLVM 21.0.0 (clang-2100.3.34.2)"," -O3 -DNDEBUG",8,100000,pito,owned_update,ecs_get,2,500,6,182.810000
aalair,"Apple M3",8,"Darwin 27.0.0 arm64","Apple LLVM 21.0.0 (clang-2100.3.34.2)"," -O3 -DNDEBUG",8,100000,pito,owned_update,ecs_get,2,500,7,183.580000
aalair,"Apple M3",8,"Darwin 27.0.0 arm64","Apple LLVM 21.0.0 (clang-2100.3.34.2)"," -O3 -DNDEBUG",8,100000,pito,owned_update,ecs_get,2,500,8,182.867000
aalair,"Apple M3",8,"Darwin 27.0.0 arm64","Apple LLVM 21.0.0 (clang-2100.3.34.2)"," -O3 -DNDEBUG",8,100000,pito,owned_update,ecs_get,2,500,9,182.650000
aalair,"Apple M3",8,"Darwin 27.0.0 arm64","Apple LLVM 21.0.0 (clang-2100.3.34.2)"," -O3 -DNDEBUG",8,100000,pito,owned_update,ecs_get,2,500,10,182.652000
aalair,"Apple M3",8,"Darwin 27.0.0 arm64","Apple LLVM 21.0.0 (clang-2100.3.34.2)"," -O3 -DNDEBUG",8,100000,pito,owned_update,ecs_get,4,0,1,1.798000
aalair,"Apple M3",8,"Darwin 27.0.0 arm64","Apple LLVM 21.0.0 (clang-2100.3.34.2)"," -O3 -DNDEBUG",8,100000,pito,owned_update,ecs_get,4,0,2,1.720000
aalair,"Apple M3",8,"Darwin 27.0.0 arm64","Apple LLVM 21.0.0 (clang-2100.3.34.2)"," -O3 -DNDEBUG",8,100000,pito,owned_update,ecs_get,4,0,3,1.721000
aalair,"Apple M3",8,"Darwin 27.0.0 arm64","Apple LLVM 21.0.0 (clang-2100.3.34.2)"," -O3 -DNDEBUG",8,100000,pito,owned_update,ecs_get,4,0,4,1.720000
aalair,"Apple M3",8,"Darwin 27.0.0 arm64","Apple LLVM 21.0.0 (clang-2100.3.34.2)"," -O3 -DNDEBUG",8,100000,pito,owned_update,ecs_get,4,0,5,1.719000
aalair,"Apple M3",8,"Darwin 27.0.0 arm64","Apple LLVM 21.0.0 (clang-2100.3.34.2)"," -O3 -DNDEBUG",8,100000,pito,owned_update,ecs_get,4,0,6,1.720000
aalair,"Apple M3",8,"Darwin 27.0.0 arm64","Apple LLVM 21.0.0 (clang-2100.3.34.2)"," -O3 -DNDEBUG",8,100000,pito,owned_update,ecs_get,4,0,7,1.724000
aalair,"Apple M3",8,"Darwin 27.0.0 arm64","Apple LLVM 21.0.0 (clang-2100.3.34.2)"," -O3 -DNDEBUG",8,100000,pito,owned_update,ecs_get,4,0,8,1.797000
aalair,"Apple M3",8,"Darwin 27.0.0 arm64","Apple LLVM 21.0.0 (clang-2100.3.34.2)"," -O3 -DNDEBUG",8,100000,pito,owned_update,ecs_get,4,0,9,1.721000
aalair,"Apple M3",8,"Darwin 27.0.0 arm64","Apple LLVM 21.0.0 (clang-2100.3.34.2)"," -O3 -DNDEBUG",8,100000,pito,owned_update,ecs_get,4,0,10,2.980000
aalair,"Apple M3",8,"Darwin 27.0.0 arm64","Apple LLVM 21.0.0 (clang-2100.3.34.2)"," -O3 -DNDEBUG",8,100000,pito,owned_update,ecs_get,4,0,11,1.726000
aalair,"Apple M3",8,"Darwin 27.0.0 arm64","Apple LLVM 21.0.0 (clang-2100.3.34.2)"," -O3 -DNDEBUG",8,100000,pito,owned_update,ecs_get,4,10,1,2.534000
aalair,"Apple M3",8,"Darwin 27.0.0 arm64","Apple LLVM 21.0.0 (clang-2100.3.34.2)"," -O3 -DNDEBUG",8,100000,pito,owned_update,ecs_get,4,10,2,2.475000
aalair,"Apple M3",8,"Darwin 27.0.0 arm64","Apple LLVM 21.0.0 (clang-2100.3.34.2)"," -O3 -DNDEBUG",8,100000,pito,owned_update,ecs_get,4,10,3,2.464000
aalair,"Apple M3",8,"Darwin 27.0.0 arm64","Apple LLVM 21.0.0 (clang-2100.3.34.2)"," -O3 -DNDEBUG",8,100000,pito,owned_update,ecs_get,4,10,4,2.462000
aalair,"Apple M3",8,"Darwin 27.0.0 arm64","Apple LLVM 21.0.0 (clang-2100.3.34.2)"," -O3 -DNDEBUG",8,100000,pito,owned_update,ecs_get,4,10,5,2.463000
aalair,"Apple M3",8,"Darwin 27.0.0 arm64","Apple LLVM 21.0.0 (clang-2100.3.34.2)"," -O3 -DNDEBUG",8,100000,pito,owned_update,ecs_get,4,10,6,2.462000
aalair,"Apple M3",8,"Darwin 27.0.0 arm64","Apple LLVM 21.0.0 (clang-2100.3.34.2)"," -O3 -DNDEBUG",8,100000,pito,owned_update,ecs_get,4,10,7,2.462000
aalair,"Apple M3",8,"Darwin 27.0.0 arm64","Apple LLVM 21.0.0 (clang-2100.3.34.2)"," -O3 -DNDEBUG",8,100000,pito,owned_update,ecs_get,4,10,8,2.412000
aalair,"Apple M3",8,"Darwin 27.0.0 arm64","Apple LLVM 21.0.0 (clang-2100.3.34.2)"," -O3 -DNDEBUG",8,100000,pito,owned_update,ecs_get,4,10,9,2.377000
aalair,"Apple M3",8,"Darwin 27.0.0 arm64","Apple LLVM 21.0.0 (clang-2100.3.34.2)"," -O3 -DNDEBUG",8,100000,pito,owned_update,ecs_get,4,10,10,2.259000
aalair,"Apple M3",8,"Darwin 27.0.0 arm64","Apple LLVM 21.0.0 (clang-2100.3.34.2)"," -O3 -DNDEBUG",8,100000,pito,owned_update,ecs_get,4,10,11,2.262000
aalair,"Apple M3",8,"Darwin 27.0.0 arm64","Apple LLVM 21.0.0 (clang-2100.3.34.2)"," -O3 -DNDEBUG",8,100000,pito,owned_update,ecs_get,4,10,12,2.264000
aalair,"Apple M3",8,"Darwin 27.0.0 arm64","Apple LLVM 21.0.0 (clang-2100.3.34.2)"," -O3 -DNDEBUG",8,100000,pito,owned_update,ecs_get,4,10,13,2.338000
aalair,"Apple M3",8,"Darwin 27.0.0 arm64","Apple LLVM 21.0.0 (clang-2100.3.34.2)"," -O3 -DNDEBUG",8,100000,pito,owned_update,ecs_get,4,10,14,2.465000
aalair,"Apple M3",8,"Darwin 27.0.0 arm64","Apple LLVM 21.0.0 (clang-2100.3.34.2)"," -O3 -DNDEBUG",8,100000,pito,owned_update,ecs_get,4,10,15,2.260000
aalair,"Apple M3",8,"Darwin 27.0.0 arm64","Apple LLVM 21.0.0 (clang-2100.3.34.2)"," -O3 -DNDEBUG",8,100000,pito,owned_update,ecs_get,4,10,16,2.259000
aalair,"Apple M3",8,"Darwin 27.0.0 arm64","Apple LLVM 21.0.0 (clang-2100.3.34.2)"," -O3 -DNDEBUG",8,100000,pito,owned_update,ecs_get,4,10,17,5.823000
aalair,"Apple M3",8,"Darwin 27.0.0 arm64","Apple LLVM 21.0.0 (clang-2100.3.34.2)"," -O3 -DNDEBUG",8,100000,pito,owned_update,ecs_get,4,10,18,3.866000
aalair,"Apple M3",8,"Darwin 27.0.0 arm64","Apple LLVM 21.0.0 (clang-2100.3.34.2)"," -O3 -DNDEBUG",8,100000,pito,owned_update,ecs_get,4,10,19,3.831000
aalair,"Apple M3",8,"Darwin 27.0.0 arm64","Apple LLVM 21.0.0 (clang-2100.3.34.2)"," -O3 -DNDEBUG",8,100000,pito,owned_update,ecs_get,4,10,20,2.475000
aalair,"Apple M3",8,"Darwin 27.0.0 arm64","Apple LLVM 21.0.0 (clang-2100.3.34.2)"," -O3 -DNDEBUG",8,100000,pito,owned_update,ecs_get,4,10,21,2.367000
aalair,"Apple M3",8,"Darwin 27.0.0 arm64","Apple LLVM 21.0.0 (clang-2100.3.34.2)"," -O3 -DNDEBUG",8,100000,pito,owned_update,ecs_get,4,10,22,2.367000
aalair,"Apple M3",8,"Darwin 27.0.0 arm64","Apple LLVM 21.0.0 (clang-2100.3.34.2)"," -O3 -DNDEBUG",8,100000,pito,owned_update,ecs_get,4,10,23,2.368000
aalair,"Apple M3",8,"Darwin 27.0.0 arm64","Apple LLVM 21.0.0 (clang-2100.3.34.2)"," -O3 -DNDEBUG",8,100000,pito,owned_update,ecs_get,4,10,24,2.367000
aalair,"Apple M3",8,"Darwin 27.0.0 arm64","Apple LLVM 21.0.0 (clang-2100.3.34.2)"," -O3 -DNDEBUG",8,100000,pito,owned_update,ecs_get,4,500,1,99.294000
aalair,"Apple M3",8,"Darwin 27.0.0 arm64","Apple LLVM 21.0.0 (clang-2100.3.34.2)"," -O3 -DNDEBUG",8,100000,pito,owned_update,ecs_get,4,500,2,99.287000
aalair,"Apple M3",8,"Darwin 27.0.0 arm64","Apple LLVM 21.0.0 (clang-2100.3.34.2)"," -O3 -DNDEBUG",8,100000,pito,owned_update,ecs_get,4,500,3,99.279000
aalair,"Apple M3",8,"Darwin 27.0.0 arm64","Apple LLVM 21.0.0 (clang-2100.3.34.2)"," -O3 -DNDEBUG",8,100000,pito,owned_update,ecs_get,4,500,4,99.598000
aalair,"Apple M3",8,"Darwin 27.0.0 arm64","Apple LLVM 21.0.0 (clang-2100.3.34.2)"," -O3 -DNDEBUG",8,100000,pito,owned_update,ecs_get,4,500,5,99.326000
aalair,"Apple M3",8,"Darwin 27.0.0 arm64","Apple LLVM 21.0.0 (clang-2100.3.34.2)"," -O3 -DNDEBUG",8,100000,pito,owned_update,ecs_get,4,500,6,99.305000
aalair,"Apple M3",8,"Darwin 27.0.0 arm64","Apple LLVM 21.0.0 (clang-2100.3.34.2)"," -O3 -DNDEBUG",8,100000,pito,owned_update,ecs_get,4,500,7,99.299000
aalair,"Apple M3",8,"Darwin 27.0.0 arm64","Apple LLVM 21.0.0 (clang-2100.3.34.2)"," -O3 -DNDEBUG",8,100000,pito,owned_update,ecs_get,4,500,8,99.290000
aalair,"Apple M3",8,"Darwin 27.0.0 arm64","Apple LLVM 21.0.0 (clang-2100.3.34.2)"," -O3 -DNDEBUG",8,100000,pito,owned_update,ecs_get,4,500,9,99.253000
aalair,"Apple M3",8,"Darwin 27.0.0 arm64","Apple LLVM 21.0.0 (clang-2100.3.34.2)"," -O3 -DNDEBUG",8,100000,pito,owned_update,ecs_get,4,500,10,99.292000
aalair,"Apple M3",8,"Darwin 27.0.0 arm64","Apple LLVM 21.0.0 (clang-2100.3.34.2)"," -O3 -DNDEBUG",8,100000,pito,owned_update,ecs_get,8,0,1,2.052000
aalair,"Apple M3",8,"Darwin 27.0.0 arm64","Apple LLVM 21.0.0 (clang-2100.3.34.2)"," -O3 -DNDEBUG",8,100000,pito,owned_update,ecs_get,8,0,2,2.590000
aalair,"Apple M3",8,"Darwin 27.0.0 arm64","Apple LLVM 21.0.0 (clang-2100.3.34.2)"," -O3 -DNDEBUG",8,100000,pito,owned_update,ecs_get,8,0,3,2.107000
aalair,"Apple M3",8,"Darwin 27.0.0 arm64","Apple LLVM 21.0.0 (clang-2100.3.34.2)"," -O3 -DNDEBUG",8,100000,pito,owned_update,ecs_get,8,0,4,2.050000
aalair,"Apple M3",8,"Darwin 27.0.0 arm64","Apple LLVM 21.0.0 (clang-2100.3.34.2)"," -O3 -DNDEBUG",8,100000,pito,owned_update,ecs_get,8,0,5,1.809000
aalair,"Apple M3",8,"Darwin 27.0.0 arm64","Apple LLVM 21.0.0 (clang-2100.3.34.2)"," -O3 -DNDEBUG",8,100000,pito,owned_update,ecs_get,8,0,6,1.844000
aalair,"Apple M3",8,"Darwin 27.0.0 arm64","Apple LLVM 21.0.0 (clang-2100.3.34.2)"," -O3 -DNDEBUG",8,100000,pito,owned_update,ecs_get,8,0,7,2.120000
aalair,"Apple M3",8,"Darwin 27.0.0 arm64","Apple LLVM 21.0.0 (clang-2100.3.34.2)"," -O3 -DNDEBUG",8,100000,pito,owned_update,ecs_get,8,0,8,2.047000
aalair,"Apple M3",8,"Darwin 27.0.0 arm64","Apple LLVM 21.0.0 (clang-2100.3.34.2)"," -O3 -DNDEBUG",8,100000,pito,owned_update,ecs_get,8,0,9,1.783000
aalair,"Apple M3",8,"Darwin 27.0.0 arm64","Apple LLVM 21.0.0 (clang-2100.3.34.2)"," -O3 -DNDEBUG",8,100000,pito,owned_update,ecs_get,8,0,10,2.113000
aalair,"Apple M3",8,"Darwin 27.0.0 arm64","Apple LLVM 21.0.0 (clang-2100.3.34.2)"," -O3 -DNDEBUG",8,100000,pito,owned_update,ecs_get,8,0,11,2.022000
aalair,"Apple M3",8,"Darwin 27.0.0 arm64","Apple LLVM 21.0.0 (clang-2100.3.34.2)"," -O3 -DNDEBUG",8,100000,pito,owned_update,ecs_get,8,0,12,1.834000
aalair,"Apple M3",8,"Darwin 27.0.0 arm64","Apple LLVM 21.0.0 (clang-2100.3.34.2)"," -O3 -DNDEBUG",8,100000,pito,owned_update,ecs_get,8,0,13,2.449000
aalair,"Apple M3",8,"Darwin 27.0.0 arm64","Apple LLVM 21.0.0 (clang-2100.3.34.2)"," -O3 -DNDEBUG",8,100000,pito,owned_update,ecs_get,8,0,14,2.080000
aalair,"Apple M3",8,"Darwin 27.0.0 arm64","Apple LLVM 21.0.0 (clang-2100.3.34.2)"," -O3 -DNDEBUG",8,100000,pito,owned_update,ecs_get,8,0,15,2.385000
aalair,"Apple M3",8,"Darwin 27.0.0 arm64","Apple LLVM 21.0.0 (clang-2100.3.34.2)"," -O3 -DNDEBUG",8,100000,pito,owned_update,ecs_get,8,0,16,2.482000
aalair,"Apple M3",8,"Darwin 27.0.0 arm64","Apple LLVM 21.0.0 (clang-2100.3.34.2)"," -O3 -DNDEBUG",8,100000,pito,owned_update,ecs_get,8,0,17,2.049000
aalair,"Apple M3",8,"Darwin 27.0.0 arm64","Apple LLVM 21.0.0 (clang-2100.3.34.2)"," -O3 -DNDEBUG",8,100000,pito,owned_update,ecs_get,8,0,18,2.036000
aalair,"Apple M3",8,"Darwin 27.0.0 arm64","Apple LLVM 21.0.0 (clang-2100.3.34.2)"," -O3 -DNDEBUG",8,100000,pito,owned_update,ecs_get,8,0,19,2.105000
aalair,"Apple M3",8,"Darwin 27.0.0 arm64","Apple LLVM 21.0.0 (clang-2100.3.34.2)"," -O3 -DNDEBUG",8,100000,pito,owned_update,ecs_get,8,10,1,2.892000
aalair,"Apple M3",8,"Darwin 27.0.0 arm64","Apple LLVM 21.0.0 (clang-2100.3.34.2)"," -O3 -DNDEBUG",8,100000,pito,owned_update,ecs_get,8,10,2,3.287000
aalair,"Apple M3",8,"Darwin 27.0.0 arm64","Apple LLVM 21.0.0 (clang-2100.3.34.2)"," -O3 -DNDEBUG",8,100000,pito,owned_update,ecs_get,8,10,3,2.683000
aalair,"Apple M3",8,"Darwin 27.0.0 arm64","Apple LLVM 21.0.0 (clang-2100.3.34.2)"," -O3 -DNDEBUG",8,100000,pito,owned_update,ecs_get,8,10,4,2.386000
aalair,"Apple M3",8,"Darwin 27.0.0 arm64","Apple LLVM 21.0.0 (clang-2100.3.34.2)"," -O3 -DNDEBUG",8,100000,pito,owned_update,ecs_get,8,10,5,2.664000
aalair,"Apple M3",8,"Darwin 27.0.0 arm64","Apple LLVM 21.0.0 (clang-2100.3.34.2)"," -O3 -DNDEBUG",8,100000,pito,owned_update,ecs_get,8,10,6,3.149000
aalair,"Apple M3",8,"Darwin 27.0.0 arm64","Apple LLVM 21.0.0 (clang-2100.3.34.2)"," -O3 -DNDEBUG",8,100000,pito,owned_update,ecs_get,8,10,7,2.735000
aalair,"Apple M3",8,"Darwin 27.0.0 arm64","Apple LLVM 21.0.0 (clang-2100.3.34.2)"," -O3 -DNDEBUG",8,100000,pito,owned_update,ecs_get,8,10,8,3.015000
aalair,"Apple M3",8,"Darwin 27.0.0 arm64","Apple LLVM 21.0.0 (clang-2100.3.34.2)"," -O3 -DNDEBUG",8,100000,pito,owned_update,ecs_get,8,10,9,2.661000
aalair,"Apple M3",8,"Darwin 27.0.0 arm64","Apple LLVM 21.0.0 (clang-2100.3.34.2)"," -O3 -DNDEBUG",8,100000,pito,owned_update,ecs_get,8,10,10,2.695000
aalair,"Apple M3",8,"Darwin 27.0.0 arm64","Apple LLVM 21.0.0 (clang-2100.3.34.2)"," -O3 -DNDEBUG",8,100000,pito,owned_update,ecs_get,8,10,11,2.678000
aalair,"Apple M3",8,"Darwin 27.0.0 arm64","Apple LLVM 21.0.0 (clang-2100.3.34.2)"," -O3 -DNDEBUG",8,100000,pito,owned_update,ecs_get,8,10,12,3.437000
aalair,"Apple M3",8,"Darwin 27.0.0 arm64","Apple LLVM 21.0.0 (clang-2100.3.34.2)"," -O3 -DNDEBUG",8,100000,pito,owned_update,ecs_get,8,10,13,2.686000
aalair,"Apple M3",8,"Darwin 27.0.0 arm64","Apple LLVM 21.0.0 (clang-2100.3.34.2)"," -O3 -DNDEBUG",8,100000,pito,owned_update,ecs_get,8,10,14,2.658000
aalair,"Apple M3",8,"Darwin 27.0.0 arm64","Apple LLVM 21.0.0 (clang-2100.3.34.2)"," -O3 -DNDEBUG",8,100000,pito,owned_update,ecs_get,8,10,15,2.679000
aalair,"Apple M3",8,"Darwin 27.0.0 arm64","Apple LLVM 21.0.0 (clang-2100.3.34.2)"," -O3 -DNDEBUG",8,100000,pito,owned_update,ecs_get,8,10,16,3.073000
aalair,"Apple M3",8,"Darwin 27.0.0 arm64","Apple LLVM 21.0.0 (clang-2100.3.34.2)"," -O3 -DNDEBUG",8,100000,pito,owned_update,ecs_get,8,10,17,2.736000
aalair,"Apple M3",8,"Darwin 27.0.0 arm64","Apple LLVM 21.0.0 (clang-2100.3.34.2)"," -O3 -DNDEBUG",8,100000,pito,owned_update,ecs_get,8,10,18,2.455000
aalair,"Apple M3",8,"Darwin 27.0.0 arm64","Apple LLVM 21.0.0 (clang-2100.3.34.2)"," -O3 -DNDEBUG",8,100000,pito,owned_update,ecs_get,8,10,19,2.723000
aalair,"Apple M3",8,"Darwin 27.0.0 arm64","Apple LLVM 21.0.0 (clang-2100.3.34.2)"," -O3 -DNDEBUG",8,100000,pito,owned_update,ecs_get,8,10,20,2.720000
aalair,"Apple M3",8,"Darwin 27.0.0 arm64","Apple LLVM 21.0.0 (clang-2100.3.34.2)"," -O3 -DNDEBUG",8,100000,pito,owned_update,ecs_get,8,10,21,2.691000
aalair,"Apple M3",8,"Darwin 27.0.0 arm64","Apple LLVM 21.0.0 (clang-2100.3.34.2)"," -O3 -DNDEBUG",8,100000,pito,owned_update,ecs_get,8,10,22,2.982000
aalair,"Apple M3",8,"Darwin 27.0.0 arm64","Apple LLVM 21.0.0 (clang-2100.3.34.2)"," -O3 -DNDEBUG",8,100000,pito,owned_update,ecs_get,8,10,23,2.599000
aalair,"Apple M3",8,"Darwin 27.0.0 arm64","Apple LLVM 21.0.0 (clang-2100.3.34.2)"," -O3 -DNDEBUG",8,100000,pito,owned_update,ecs_get,8,10,24,2.405000
aalair,"Apple M3",8,"Darwin 27.0.0 arm64","Apple LLVM 21.0.0 (clang-2100.3.34.2)"," -O3 -DNDEBUG",8,100000,pito,owned_update,ecs_get,8,10,25,2.618000
aalair,"Apple M3",8,"Darwin 27.0.0 arm64","Apple LLVM 21.0.0 (clang-2100.3.34.2)"," -O3 -DNDEBUG",8,100000,pito,owned_update,ecs_get,8,10,26,2.584000
aalair,"Apple M3",8,"Darwin 27.0.0 arm64","Apple LLVM 21.0.0 (clang-2100.3.34.2)"," -O3 -DNDEBUG",8,100000,pito,owned_update,ecs_get,8,500,1,64.247000
aalair,"Apple M3",8,"Darwin 27.0.0 arm64","Apple LLVM 21.0.0 (clang-2100.3.34.2)"," -O3 -DNDEBUG",8,100000,pito,owned_update,ecs_get,8,500,2,68.505000
aalair,"Apple M3",8,"Darwin 27.0.0 arm64","Apple LLVM 21.0.0 (clang-2100.3.34.2)"," -O3 -DNDEBUG",8,100000,pito,owned_update,ecs_get,8,500,3,63.086000
aalair,"Apple M3",8,"Darwin 27.0.0 arm64","Apple LLVM 21.0.0 (clang-2100.3.34.2)"," -O3 -DNDEBUG",8,100000,pito,owned_update,ecs_get,8,500,4,64.642000
aalair,"Apple M3",8,"Darwin 27.0.0 arm64","Apple LLVM 21.0.0 (clang-2100.3.34.2)"," -O3 -DNDEBUG",8,100000,pito,owned_update,ecs_get,8,500,5,64.710000
aalair,"Apple M3",8,"Darwin 27.0.0 arm64","Apple LLVM 21.0.0 (clang-2100.3.34.2)"," -O3 -DNDEBUG",8,100000,pito,owned_update,ecs_get,8,500,6,63.718000
aalair,"Apple M3",8,"Darwin 27.0.0 arm64","Apple LLVM 21.0.0 (clang-2100.3.34.2)"," -O3 -DNDEBUG",8,100000,pito,owned_update,ecs_get,8,500,7,67.338000
aalair,"Apple M3",8,"Darwin 27.0.0 arm64","Apple LLVM 21.0.0 (clang-2100.3.34.2)"," -O3 -DNDEBUG",8,100000,pito,owned_update,ecs_get,8,500,8,65.160000
aalair,"Apple M3",8,"Darwin 27.0.0 arm64","Apple LLVM 21.0.0 (clang-2100.3.34.2)"," -O3 -DNDEBUG",8,100000,pito,owned_update,ecs_get,8,500,9,72.157000
aalair,"Apple M3",8,"Darwin 27.0.0 arm64","Apple LLVM 21.0.0 (clang-2100.3.34.2)"," -O3 -DNDEBUG",8,100000,pito,owned_update,ecs_get,8,500,10,68.100000
aalair,"Apple M3",8,"Darwin 27.0.0 arm64","Apple LLVM 21.0.0 (clang-2100.3.34.2)"," -O3 -DNDEBUG",8,100000,pito,owned_update,ecs_get,8,500,11,64.516000
aalair,"Apple M3",8,"Darwin 27.0.0 arm64","Apple LLVM 21.0.0 (clang-2100.3.34.2)"," -O3 -DNDEBUG",8,100000,pito,owned_update,ecs_get,8,500,12,66.474000
aalair,"Apple M3",8,"Darwin 27.0.0 arm64","Apple LLVM 21.0.0 (clang-2100.3.34.2)"," -O3 -DNDEBUG",8,100000,pito,owned_update,ecs_get,8,500,13,64.436000
aalair,"Apple M3",8,"Darwin 27.0.0 arm64","Apple LLVM 21.0.0 (clang-2100.3.34.2)"," -O3 -DNDEBUG",8,100000,pito,owned_update,ecs_get,8,500,14,65.207000
aalair,"Apple M3",8,"Darwin 27.0.0 arm64","Apple LLVM 21.0.0 (clang-2100.3.34.2)"," -O3 -DNDEBUG",8,100000,pito,owned_update,ecs_get_raw,1,0,1,0.335000
aalair,"Apple M3",8,"Darwin 27.0.0 arm64","Apple LLVM 21.0.0 (clang-2100.3.34.2)"," -O3 -DNDEBUG",8,100000,pito,owned_update,ecs_get_raw,1,0,2,0.338000
aalair,"Apple M3",8,"Darwin 27.0.0 arm64","Apple LLVM 21.0.0 (clang-2100.3.34.2)"," -O3 -DNDEBUG",8,100000,pito,owned_update,ecs_get_raw,1,0,3,0.337000
aalair,"Apple M3",8,"Darwin 27.0.0 arm64","Apple LLVM 21.0.0 (clang-2100.3.34.2)"," -O3 -DNDEBUG",8,100000,pito,owned_update,ecs_get_raw,1,0,4,0.335000
aalair,"Apple M3",8,"Darwin 27.0.0 arm64","Apple LLVM 21.0.0 (clang-2100.3.34.2)"," -O3 -DNDEBUG",8,100000,pito,owned_update,ecs_get_raw,1,0,5,0.339000
aalair,"Apple M3",8,"Darwin 27.0.0 arm64","Apple LLVM 21.0.0 (clang-2100.3.34.2)"," -O3 -DNDEBUG",8,100000,pito,owned_update,ecs_get_raw,1,0,6,0.337000
aalair,"Apple M3",8,"Darwin 27.0.0 arm64","Apple LLVM 21.0.0 (clang-2100.3.34.2)"," -O3 -DNDEBUG",8,100000,pito,owned_update,ecs_get_raw,1,0,7,0.340000
aalair,"Apple M3",8,"Darwin 27.0.0 arm64","Apple LLVM 21.0.0 (clang-2100.3.34.2)"," -O3 -DNDEBUG",8,100000,pito,owned_update,ecs_get_raw,1,0,8,0.342000
aalair,"Apple M3",8,"Darwin 27.0.0 arm64","Apple LLVM 21.0.0 (clang-2100.3.34.2)"," -O3 -DNDEBUG",8,100000,pito,owned_update,ecs_get_raw,1,0,9,0.330000
aalair,"Apple M3",8,"Darwin 27.0.0 arm64","Apple LLVM 21.0.0 (clang-2100.3.34.2)"," -O3 -DNDEBUG",8,100000,pito,owned_update,ecs_get_raw,1,0,10,0.340000
aalair,"Apple M3",8,"Darwin 27.0.0 arm64","Apple LLVM 21.0.0 (clang-2100.3.34.2)"," -O3 -DNDEBUG",8,100000,pito,owned_update,ecs_get_raw,1,10,1,2.735000
aalair,"Apple M3",8,"Darwin 27.0.0 arm64","Apple LLVM 21.0.0 (clang-2100.3.34.2)"," -O3 -DNDEBUG",8,100000,pito,owned_update,ecs_get_raw,1,10,2,2.547000
aalair,"Apple M3",8,"Darwin 27.0.0 arm64","Apple LLVM 21.0.0 (clang-2100.3.34.2)"," -O3 -DNDEBUG",8,100000,pito,owned_update,ecs_get_raw,1,10,3,2.550000
aalair,"Apple M3",8,"Darwin 27.0.0 arm64","Apple LLVM 21.0.0 (clang-2100.3.34.2)"," -O3 -DNDEBUG",8,100000,pito,owned_update,ecs_get_raw,1,10,4,2.553000
aalair,"Apple M3",8,"Darwin 27.0.0 arm64","Apple LLVM 21.0.0 (clang-2100.3.34.2)"," -O3 -DNDEBUG",8,100000,pito,owned_update,ecs_get_raw,1,10,5,2.544000
aalair,"Apple M3",8,"Darwin 27.0.0 arm64","Apple LLVM 21.0.0 (clang-2100.3.34.2)"," -O3 -DNDEBUG",8,100000,pito,owned_update,ecs_get_raw,1,10,6,2.547000
aalair,"Apple M3",8,"Darwin 27.0.0 arm64","Apple LLVM 21.0.0 (clang-2100.3.34.2)"," -O3 -DNDEBUG",8,100000,pito,owned_update,ecs_get_raw,1,10,7,2.555000
aalair,"Apple M3",8,"Darwin 27.0.0 arm64","Apple LLVM 21.0.0 (clang-2100.3.34.2)"," -O3 -DNDEBUG",8,100000,pito,owned_update,ecs_get_raw,1,10,8,2.556000
aalair,"Apple M3",8,"Darwin 27.0.0 arm64","Apple LLVM 21.0.0 (clang-2100.3.34.2)"," -O3 -DNDEBUG",8,100000,pito,owned_update,ecs_get_raw,1,10,9,2.544000
aalair,"Apple M3",8,"Darwin 27.0.0 arm64","Apple LLVM 21.0.0 (clang-2100.3.34.2)"," -O3 -DNDEBUG",8,100000,pito,owned_update,ecs_get_raw,1,10,10,2.554000
aalair,"Apple M3",8,"Darwin 27.0.0 arm64","Apple LLVM 21.0.0 (clang-2100.3.34.2)"," -O3 -DNDEBUG",8,100000,pito,owned_update,ecs_get_raw,1,10,11,2.516000
aalair,"Apple M3",8,"Darwin 27.0.0 arm64","Apple LLVM 21.0.0 (clang-2100.3.34.2)"," -O3 -DNDEBUG",8,100000,pito,owned_update,ecs_get_raw,1,500,1,339.635000
aalair,"Apple M3",8,"Darwin 27.0.0 arm64","Apple LLVM 21.0.0 (clang-2100.3.34.2)"," -O3 -DNDEBUG",8,100000,pito,owned_update,ecs_get_raw,1,500,2,338.674000
aalair,"Apple M3",8,"Darwin 27.0.0 arm64","Apple LLVM 21.0.0 (clang-2100.3.34.2)"," -O3 -DNDEBUG",8,100000,pito,owned_update,ecs_get_raw,1,500,3,338.742000
aalair,"Apple M3",8,"Darwin 27.0.0 arm64","Apple LLVM 21.0.0 (clang-2100.3.34.2)"," -O3 -DNDEBUG",8,100000,pito,owned_update,ecs_get_raw,1,500,4,388.290000
aalair,"Apple M3",8,"Darwin 27.0.0 arm64","Apple LLVM 21.0.0 (clang-2100.3.34.2)"," -O3 -DNDEBUG",8,100000,pito,owned_update,ecs_get_raw,1,500,5,346.605000
aalair,"Apple M3",8,"Darwin 27.0.0 arm64","Apple LLVM 21.0.0 (clang-2100.3.34.2)"," -O3 -DNDEBUG",8,100000,pito,owned_update,ecs_get_raw,1,500,6,339.352000
aalair,"Apple M3",8,"Darwin 27.0.0 arm64","Apple LLVM 21.0.0 (clang-2100.3.34.2)"," -O3 -DNDEBUG",8,100000,pito,owned_update,ecs_get_raw,1,500,7,338.626000
aalair,"Apple M3",8,"Darwin 27.0.0 arm64","Apple LLVM 21.0.0 (clang-2100.3.34.2)"," -O3 -DNDEBUG",8,100000,pito,owned_update,ecs_get_raw,1,500,8,338.580000
aalair,"Apple M3",8,"Darwin 27.0.0 arm64","Apple LLVM 21.0.0 (clang-2100.3.34.2)"," -O3 -DNDEBUG",8,100000,pito,owned_update,ecs_get_raw,1,500,9,338.640000
aalair,"Apple M3",8,"Darwin 27.0.0 arm64","Apple LLVM 21.0.0 (clang-2100.3.34.2)"," -O3 -DNDEBUG",8,100000,pito,owned_update,ecs_get_raw,1,500,10,338.554000
aalair,"Apple M3",8,"Darwin 27.0.0 arm64","Apple LLVM 21.0.0 (clang-2100.3.34.2)"," -O3 -DNDEBUG",8,100000,pito,owned_update,ecs_get_raw,1,500,11,339.155000
aalair,"Apple M3",8,"Darwin 27.0.0 arm64","Apple LLVM 21.0.0 (clang-2100.3.34.2)"," -O3 -DNDEBUG",8,100000,pito,owned_update,ecs_get_raw,2,0,1,0.177000
aalair,"Apple M3",8,"Darwin 27.0.0 arm64","Apple LLVM 21.0.0 (clang-2100.3.34.2)"," -O3 -DNDEBUG",8,100000,pito,owned_update,ecs_get_raw,2,0,2,0.182000
aalair,"Apple M3",8,"Darwin 27.0.0 arm64","Apple LLVM 21.0.0 (clang-2100.3.34.2)"," -O3 -DNDEBUG",8,100000,pito,owned_update,ecs_get_raw,2,0,3,0.179000
aalair,"Apple M3",8,"Darwin 27.0.0 arm64","Apple LLVM 21.0.0 (clang-2100.3.34.2)"," -O3 -DNDEBUG",8,100000,pito,owned_update,ecs_get_raw,2,0,4,0.182000
aalair,"Apple M3",8,"Darwin 27.0.0 arm64","Apple LLVM 21.0.0 (clang-2100.3.34.2)"," -O3 -DNDEBUG",8,100000,pito,owned_update,ecs_get_raw,2,0,5,0.183000
aalair,"Apple M3",8,"Darwin 27.0.0 arm64","Apple LLVM 21.0.0 (clang-2100.3.34.2)"," -O3 -DNDEBUG",8,100000,pito,owned_update,ecs_get_raw,2,0,6,0.187000
aalair,"Apple M3",8,"Darwin 27.0.0 arm64","Apple LLVM 21.0.0 (clang-2100.3.34.2)"," -O3 -DNDEBUG",8,100000,pito,owned_update,ecs_get_raw,2,0,7,0.184000
aalair,"Apple M3",8,"Darwin 27.0.0 arm64","Apple LLVM 21.0.0 (clang-2100.3.34.2)"," -O3 -DNDEBUG",8,100000,pito,owned_update,ecs_get_raw,2,0,8,0.184000
aalair,"Apple M3",8,"Darwin 27.0.0 arm64","Apple LLVM 21.0.0 (clang-2100.3.34.2)"," -O3 -DNDEBUG",8,100000,pito,owned_update,ecs_get_raw,2,0,9,0.186000
aalair,"Apple M3",8,"Darwin 27.0.0 arm64","Apple LLVM 21.0.0 (clang-2100.3.34.2)"," -O3 -DNDEBUG",8,100000,pito,owned_update,ecs_get_raw,2,0,10,0.189000
aalair,"Apple M3",8,"Darwin 27.0.0 arm64","Apple LLVM 21.0.0 (clang-2100.3.34.2)"," -O3 -DNDEBUG",8,100000,pito,owned_update,ecs_get_raw,2,10,1,1.443000
aalair,"Apple M3",8,"Darwin 27.0.0 arm64","Apple LLVM 21.0.0 (clang-2100.3.34.2)"," -O3 -DNDEBUG",8,100000,pito,owned_update,ecs_get_raw,2,10,2,1.349000
aalair,"Apple M3",8,"Darwin 27.0.0 arm64","Apple LLVM 21.0.0 (clang-2100.3.34.2)"," -O3 -DNDEBUG",8,100000,pito,owned_update,ecs_get_raw,2,10,3,1.342000
aalair,"Apple M3",8,"Darwin 27.0.0 arm64","Apple LLVM 21.0.0 (clang-2100.3.34.2)"," -O3 -DNDEBUG",8,100000,pito,owned_update,ecs_get_raw,2,10,4,1.331000
aalair,"Apple M3",8,"Darwin 27.0.0 arm64","Apple LLVM 21.0.0 (clang-2100.3.34.2)"," -O3 -DNDEBUG",8,100000,pito,owned_update,ecs_get_raw,2,10,5,1.352000
aalair,"Apple M3",8,"Darwin 27.0.0 arm64","Apple LLVM 21.0.0 (clang-2100.3.34.2)"," -O3 -DNDEBUG",8,100000,pito,owned_update,ecs_get_raw,2,10,6,1.333000
aalair,"Apple M3",8,"Darwin 27.0.0 arm64","Apple LLVM 21.0.0 (clang-2100.3.34.2)"," -O3 -DNDEBUG",8,100000,pito,owned_update,ecs_get_raw,2,10,7,1.350000
aalair,"Apple M3",8,"Darwin 27.0.0 arm64","Apple LLVM 21.0.0 (clang-2100.3.34.2)"," -O3 -DNDEBUG",8,100000,pito,owned_update,ecs_get_raw,2,10,8,1.235000
aalair,"Apple M3",8,"Darwin 27.0.0 arm64","Apple LLVM 21.0.0 (clang-2100.3.34.2)"," -O3 -DNDEBUG",8,100000,pito,owned_update,ecs_get_raw,2,10,9,1.254000
aalair,"Apple M3",8,"Darwin 27.0.0 arm64","Apple LLVM 21.0.0 (clang-2100.3.34.2)"," -O3 -DNDEBUG",8,100000,pito,owned_update,ecs_get_raw,2,10,10,1.351000
aalair,"Apple M3",8,"Darwin 27.0.0 arm64","Apple LLVM 21.0.0 (clang-2100.3.34.2)"," -O3 -DNDEBUG",8,100000,pito,owned_update,ecs_get_raw,2,10,11,1.237000
aalair,"Apple M3",8,"Darwin 27.0.0 arm64","Apple LLVM 21.0.0 (clang-2100.3.34.2)"," -O3 -DNDEBUG",8,100000,pito,owned_update,ecs_get_raw,2,10,12,1.359000
aalair,"Apple M3",8,"Darwin 27.0.0 arm64","Apple LLVM 21.0.0 (clang-2100.3.34.2)"," -O3 -DNDEBUG",8,100000,pito,owned_update,ecs_get_raw,2,10,13,1.450000
aalair,"Apple M3",8,"Darwin 27.0.0 arm64","Apple LLVM 21.0.0 (clang-2100.3.34.2)"," -O3 -DNDEBUG",8,100000,pito,owned_update,ecs_get_raw,2,10,14,1.341000
aalair,"Apple M3",8,"Darwin 27.0.0 arm64","Apple LLVM 21.0.0 (clang-2100.3.34.2)"," -O3 -DNDEBUG",8,100000,pito,owned_update,ecs_get_raw,2,10,15,1.236000
aalair,"Apple M3",8,"Darwin 27.0.0 arm64","Apple LLVM 21.0.0 (clang-2100.3.34.2)"," -O3 -DNDEBUG",8,100000,pito,owned_update,ecs_get_raw,2,10,16,1.238000
aalair,"Apple M3",8,"Darwin 27.0.0 arm64","Apple LLVM 21.0.0 (clang-2100.3.34.2)"," -O3 -DNDEBUG",8,100000,pito,owned_update,ecs_get_raw,2,10,17,1.258000
aalair,"Apple M3",8,"Darwin 27.0.0 arm64","Apple LLVM 21.0.0 (clang-2100.3.34.2)"," -O3 -DNDEBUG",8,100000,pito,owned_update,ecs_get_raw,2,10,18,1.247000
aalair,"Apple M3",8,"Darwin 27.0.0 arm64","Apple LLVM 21.0.0 (clang-2100.3.34.2)"," -O3 -DNDEBUG",8,100000,pito,owned_update,ecs_get_raw,2,10,19,1.349000
aalair,"Apple M3",8,"Darwin 27.0.0 arm64","Apple LLVM 21.0.0 (clang-2100.3.34.2)"," -O3 -DNDEBUG",8,100000,pito,owned_update,ecs_get_raw,2,10,20,1.263000
aalair,"Apple M3",8,"Darwin 27.0.0 arm64","Apple LLVM 21.0.0 (clang-2100.3.34.2)"," -O3 -DNDEBUG",8,100000,pito,owned_update,ecs_get_raw,2,10,21,1.342000
aalair,"Apple M3",8,"Darwin 27.0.0 arm64","Apple LLVM 21.0.0 (clang-2100.3.34.2)"," -O3 -DNDEBUG",8,100000,pito,owned_update,ecs_get_raw,2,10,22,1.259000
aalair,"Apple M3",8,"Darwin 27.0.0 arm64","Apple LLVM 21.0.0 (clang-2100.3.34.2)"," -O3 -DNDEBUG",8,100000,pito,owned_update,ecs_get_raw,2,10,23,1.240000
aalair,"Apple M3",8,"Darwin 27.0.0 arm64","Apple LLVM 21.0.0 (clang-2100.3.34.2)"," -O3 -DNDEBUG",8,100000,pito,owned_update,ecs_get_raw,2,10,24,1.256000
aalair,"Apple M3",8,"Darwin 27.0.0 arm64","Apple LLVM 21.0.0 (clang-2100.3.34.2)"," -O3 -DNDEBUG",8,100000,pito,owned_update,ecs_get_raw,2,10,25,1.243000
aalair,"Apple M3",8,"Darwin 27.0.0 arm64","Apple LLVM 21.0.0 (clang-2100.3.34.2)"," -O3 -DNDEBUG",8,100000,pito,owned_update,ecs_get_raw,2,10,26,1.260000
aalair,"Apple M3",8,"Darwin 27.0.0 arm64","Apple LLVM 21.0.0 (clang-2100.3.34.2)"," -O3 -DNDEBUG",8,100000,pito,owned_update,ecs_get_raw,2,500,1,173.371000
aalair,"Apple M3",8,"Darwin 27.0.0 arm64","Apple LLVM 21.0.0 (clang-2100.3.34.2)"," -O3 -DNDEBUG",8,100000,pito,owned_update,ecs_get_raw,2,500,2,173.461000
aalair,"Apple M3",8,"Darwin 27.0.0 arm64","Apple LLVM 21.0.0 (clang-2100.3.34.2)"," -O3 -DNDEBUG",8,100000,pito,owned_update,ecs_get_raw,2,500,3,173.504000
aalair,"Apple M3",8,"Darwin 27.0.0 arm64","Apple LLVM 21.0.0 (clang-2100.3.34.2)"," -O3 -DNDEBUG",8,100000,pito,owned_update,ecs_get_raw,2,500,4,173.553000
aalair,"Apple M3",8,"Darwin 27.0.0 arm64","Apple LLVM 21.0.0 (clang-2100.3.34.2)"," -O3 -DNDEBUG",8,100000,pito,owned_update,ecs_get_raw,2,500,5,175.231000
aalair,"Apple M3",8,"Darwin 27.0.0 arm64","Apple LLVM 21.0.0 (clang-2100.3.34.2)"," -O3 -DNDEBUG",8,100000,pito,owned_update,ecs_get_raw,2,500,6,173.586000
aalair,"Apple M3",8,"Darwin 27.0.0 arm64","Apple LLVM 21.0.0 (clang-2100.3.34.2)"," -O3 -DNDEBUG",8,100000,pito,owned_update,ecs_get_raw,2,500,7,173.490000
aalair,"Apple M3",8,"Darwin 27.0.0 arm64","Apple LLVM 21.0.0 (clang-2100.3.34.2)"," -O3 -DNDEBUG",8,100000,pito,owned_update,ecs_get_raw,2,500,8,173.398000
aalair,"Apple M3",8,"Darwin 27.0.0 arm64","Apple LLVM 21.0.0 (clang-2100.3.34.2)"," -O3 -DNDEBUG",8,100000,pito,owned_update,ecs_get_raw,2,500,9,174.112000
aalair,"Apple M3",8,"Darwin 27.0.0 arm64","Apple LLVM 21.0.0 (clang-2100.3.34.2)"," -O3 -DNDEBUG",8,100000,pito,owned_update,ecs_get_raw,2,500,10,173.461000
aalair,"Apple M3",8,"Darwin 27.0.0 arm64","Apple LLVM 21.0.0 (clang-2100.3.34.2)"," -O3 -DNDEBUG",8,100000,pito,owned_update,ecs_get_raw,4,0,1,0.117000
aalair,"Apple M3",8,"Darwin 27.0.0 arm64","Apple LLVM 21.0.0 (clang-2100.3.34.2)"," -O3 -DNDEBUG",8,100000,pito,owned_update,ecs_get_raw,4,0,2,0.123000
aalair,"Apple M3",8,"Darwin 27.0.0 arm64","Apple LLVM 21.0.0 (clang-2100.3.34.2)"," -O3 -DNDEBUG",8,100000,pito,owned_update,ecs_get_raw,4,0,3,0.123000
aalair,"Apple M3",8,"Darwin 27.0.0 arm64","Apple LLVM 21.0.0 (clang-2100.3.34.2)"," -O3 -DNDEBUG",8,100000,pito,owned_update,ecs_get_raw,4,0,4,0.126000
aalair,"Apple M3",8,"Darwin 27.0.0 arm64","Apple LLVM 21.0.0 (clang-2100.3.34.2)"," -O3 -DNDEBUG",8,100000,pito,owned_update,ecs_get_raw,4,0,5,0.128000
aalair,"Apple M3",8,"Darwin 27.0.0 arm64","Apple LLVM 21.0.0 (clang-2100.3.34.2)"," -O3 -DNDEBUG",8,100000,pito,owned_update,ecs_get_raw,4,0,6,0.126000
aalair,"Apple M3",8,"Darwin 27.0.0 arm64","Apple LLVM 21.0.0 (clang-2100.3.34.2)"," -O3 -DNDEBUG",8,100000,pito,owned_update,ecs_get_raw,4,0,7,0.129000
aalair,"Apple M3",8,"Darwin 27.0.0 arm64","Apple LLVM 21.0.0 (clang-2100.3.34.2)"," -O3 -DNDEBUG",8,100000,pito,owned_update,ecs_get_raw,4,0,8,0.139000
aalair,"Apple M3",8,"Darwin 27.0.0 arm64","Apple LLVM 21.0.0 (clang-2100.3.34.2)"," -O3 -DNDEBUG",8,100000,pito,owned_update,ecs_get_raw,4,0,9,0.132000
aalair,"Apple M3",8,"Darwin 27.0.0 arm64","Apple LLVM 21.0.0 (clang-2100.3.34.2)"," -O3 -DNDEBUG",8,100000,pito,owned_update,ecs_get_raw,4,0,10,0.132000
aalair,"Apple M3",8,"Darwin 27.0.0 arm64","Apple LLVM 21.0.0 (clang-2100.3.34.2)"," -O3 -DNDEBUG",8,100000,pito,owned_update,ecs_get_raw,4,0,11,0.134000
aalair,"Apple M3",8,"Darwin 27.0.0 arm64","Apple LLVM 21.0.0 (clang-2100.3.34.2)"," -O3 -DNDEBUG",8,100000,pito,owned_update,ecs_get_raw,4,10,1,0.719000
aalair,"Apple M3",8,"Darwin 27.0.0 arm64","Apple LLVM 21.0.0 (clang-2100.3.34.2)"," -O3 -DNDEBUG",8,100000,pito,owned_update,ecs_get_raw,4,10,2,0.668000
aalair,"Apple M3",8,"Darwin 27.0.0 arm64","Apple LLVM 21.0.0 (clang-2100.3.34.2)"," -O3 -DNDEBUG",8,100000,pito,owned_update,ecs_get_raw,4,10,3,0.719000
aalair,"Apple M3",8,"Darwin 27.0.0 arm64","Apple LLVM 21.0.0 (clang-2100.3.34.2)"," -O3 -DNDEBUG",8,100000,pito,owned_update,ecs_get_raw,4,10,4,0.719000
aalair,"Apple M3",8,"Darwin 27.0.0 arm64","Apple LLVM 21.0.0 (clang-2100.3.34.2)"," -O3 -DNDEBUG",8,100000,pito,owned_update,ecs_get_raw,4,10,5,0.720000
aalair,"Apple M3",8,"Darwin 27.0.0 arm64","Apple LLVM 21.0.0 (clang-2100.3.34.2)"," -O3 -DNDEBUG",8,100000,pito,owned_update,ecs_get_raw,4,10,6,0.671000
aalair,"Apple M3",8,"Darwin 27.0.0 arm64","Apple LLVM 21.0.0 (clang-2100.3.34.2)"," -O3 -DNDEBUG",8,100000,pito,owned_update,ecs_get_raw,4,10,7,0.720000
aalair,"Apple M3",8,"Darwin 27.0.0 arm64","Apple LLVM 21.0.0 (clang-2100.3.34.2)"," -O3 -DNDEBUG",8,100000,pito,owned_update,ecs_get_raw,4,10,8,0.719000
aalair,"Apple M3",8,"Darwin 27.0.0 arm64","Apple LLVM 21.0.0 (clang-2100.3.34.2)"," -O3 -DNDEBUG",8,100000,pito,owned_update,ecs_get_raw,4,10,9,0.719000
aalair,"Apple M3",8,"Darwin 27.0.0 arm64","Apple LLVM 21.0.0 (clang-2100.3.34.2)"," -O3 -DNDEBUG",8,100000,pito,owned_update,ecs_get_raw,4,10,10,0.665000
aalair,"Apple M3",8,"Darwin 27.0.0 arm64","Apple LLVM 21.0.0 (clang-2100.3.34.2)"," -O3 -DNDEBUG",8,100000,pito,owned_update,ecs_get_raw,4,10,11,0.991000
aalair,"Apple M3",8,"Darwin 27.0.0 arm64","Apple LLVM 21.0.0 (clang-2100.3.34.2)"," -O3 -DNDEBUG",8,100000,pito,owned_update,ecs_get_raw,4,10,12,0.954000
aalair,"Apple M3",8,"Darwin 27.0.0 arm64","Apple LLVM 21.0.0 (clang-2100.3.34.2)"," -O3 -DNDEBUG",8,100000,pito,owned_update,ecs_get_raw,4,10,13,0.775000
aalair,"Apple M3",8,"Darwin 27.0.0 arm64","Apple LLVM 21.0.0 (clang-2100.3.34.2)"," -O3 -DNDEBUG",8,100000,pito,owned_update,ecs_get_raw,4,10,14,0.778000
aalair,"Apple M3",8,"Darwin 27.0.0 arm64","Apple LLVM 21.0.0 (clang-2100.3.34.2)"," -O3 -DNDEBUG",8,100000,pito,owned_update,ecs_get_raw,4,10,15,0.774000
aalair,"Apple M3",8,"Darwin 27.0.0 arm64","Apple LLVM 21.0.0 (clang-2100.3.34.2)"," -O3 -DNDEBUG",8,100000,pito,owned_update,ecs_get_raw,4,10,16,0.773000
aalair,"Apple M3",8,"Darwin 27.0.0 arm64","Apple LLVM 21.0.0 (clang-2100.3.34.2)"," -O3 -DNDEBUG",8,100000,pito,owned_update,ecs_get_raw,4,10,17,0.718000
aalair,"Apple M3",8,"Darwin 27.0.0 arm64","Apple LLVM 21.0.0 (clang-2100.3.34.2)"," -O3 -DNDEBUG",8,100000,pito,owned_update,ecs_get_raw,4,10,18,0.720000
aalair,"Apple M3",8,"Darwin 27.0.0 arm64","Apple LLVM 21.0.0 (clang-2100.3.34.2)"," -O3 -DNDEBUG",8,100000,pito,owned_update,ecs_get_raw,4,10,19,0.719000
aalair,"Apple M3",8,"Darwin 27.0.0 arm64","Apple LLVM 21.0.0 (clang-2100.3.34.2)"," -O3 -DNDEBUG",8,100000,pito,owned_update,ecs_get_raw,4,10,20,0.773000
aalair,"Apple M3",8,"Darwin 27.0.0 arm64","Apple LLVM 21.0.0 (clang-2100.3.34.2)"," -O3 -DNDEBUG",8,100000,pito,owned_update,ecs_get_raw,4,10,21,0.720000
aalair,"Apple M3",8,"Darwin 27.0.0 arm64","Apple LLVM 21.0.0 (clang-2100.3.34.2)"," -O3 -DNDEBUG",8,100000,pito,owned_update,ecs_get_raw,4,10,22,0.774000
aalair,"Apple M3",8,"Darwin 27.0.0 arm64","Apple LLVM 21.0.0 (clang-2100.3.34.2)"," -O3 -DNDEBUG",8,100000,pito,owned_update,ecs_get_raw,4,10,23,0.772000
aalair,"Apple M3",8,"Darwin 27.0.0 arm64","Apple LLVM 21.0.0 (clang-2100.3.34.2)"," -O3 -DNDEBUG",8,100000,pito,owned_update,ecs_get_raw,4,10,24,0.773000
aalair,"Apple M3",8,"Darwin 27.0.0 arm64","Apple LLVM 21.0.0 (clang-2100.3.34.2)"," -O3 -DNDEBUG",8,100000,pito,owned_update,ecs_get_raw,4,10,25,0.772000
aalair,"Apple M3",8,"Darwin 27.0.0 arm64","Apple LLVM 21.0.0 (clang-2100.3.34.2)"," -O3 -DNDEBUG",8,100000,pito,owned_update,ecs_get_raw,4,10,26,0.721000
aalair,"Apple M3",8,"Darwin 27.0.0 arm64","Apple LLVM 21.0.0 (clang-2100.3.34.2)"," -O3 -DNDEBUG",8,100000,pito,owned_update,ecs_get_raw,4,10,27,0.719000
aalair,"Apple M3",8,"Darwin 27.0.0 arm64","Apple LLVM 21.0.0 (clang-2100.3.34.2)"," -O3 -DNDEBUG",8,100000,pito,owned_update,ecs_get_raw,4,10,28,0.774000
aalair,"Apple M3",8,"Darwin 27.0.0 arm64","Apple LLVM 21.0.0 (clang-2100.3.34.2)"," -O3 -DNDEBUG",8,100000,pito,owned_update,ecs_get_raw,4,10,29,0.721000
aalair,"Apple M3",8,"Darwin 27.0.0 arm64","Apple LLVM 21.0.0 (clang-2100.3.34.2)"," -O3 -DNDEBUG",8,100000,pito,owned_update,ecs_get_raw,4,10,30,0.721000
aalair,"Apple M3",8,"Darwin 27.0.0 arm64","Apple LLVM 21.0.0 (clang-2100.3.34.2)"," -O3 -DNDEBUG",8,100000,pito,owned_update,ecs_get_raw,4,10,31,0.954000
aalair,"Apple M3",8,"Darwin 27.0.0 arm64","Apple LLVM 21.0.0 (clang-2100.3.34.2)"," -O3 -DNDEBUG",8,100000,pito,owned_update,ecs_get_raw,4,10,32,0.728000
aalair,"Apple M3",8,"Darwin 27.0.0 arm64","Apple LLVM 21.0.0 (clang-2100.3.34.2)"," -O3 -DNDEBUG",8,100000,pito,owned_update,ecs_get_raw,4,10,33,0.778000
aalair,"Apple M3",8,"Darwin 27.0.0 arm64","Apple LLVM 21.0.0 (clang-2100.3.34.2)"," -O3 -DNDEBUG",8,100000,pito,owned_update,ecs_get_raw,4,10,34,0.719000
aalair,"Apple M3",8,"Darwin 27.0.0 arm64","Apple LLVM 21.0.0 (clang-2100.3.34.2)"," -O3 -DNDEBUG",8,100000,pito,owned_update,ecs_get_raw,4,10,35,0.719000
aalair,"Apple M3",8,"Darwin 27.0.0 arm64","Apple LLVM 21.0.0 (clang-2100.3.34.2)"," -O3 -DNDEBUG",8,100000,pito,owned_update,ecs_get_raw,4,10,36,0.719000
aalair,"Apple M3",8,"Darwin 27.0.0 arm64","Apple LLVM 21.0.0 (clang-2100.3.34.2)"," -O3 -DNDEBUG",8,100000,pito,owned_update,ecs_get_raw,4,10,37,0.720000
aalair,"Apple M3",8,"Darwin 27.0.0 arm64","Apple LLVM 21.0.0 (clang-2100.3.34.2)"," -O3 -DNDEBUG",8,100000,pito,owned_update,ecs_get_raw,4,10,38,0.782000
aalair,"Apple M3",8,"Darwin 27.0.0 arm64","Apple LLVM 21.0.0 (clang-2100.3.34.2)"," -O3 -DNDEBUG",8,100000,pito,owned_update,ecs_get_raw,4,10,39,0.724000
aalair,"Apple M3",8,"Darwin 27.0.0 arm64","Apple LLVM 21.0.0 (clang-2100.3.34.2)"," -O3 -DNDEBUG",8,100000,pito,owned_update,ecs_get_raw,4,10,40,0.721000
aalair,"Apple M3",8,"Darwin 27.0.0 arm64","Apple LLVM 21.0.0 (clang-2100.3.34.2)"," -O3 -DNDEBUG",8,100000,pito,owned_update,ecs_get_raw,4,10,41,0.749000
aalair,"Apple M3",8,"Darwin 27.0.0 arm64","Apple LLVM 21.0.0 (clang-2100.3.34.2)"," -O3 -DNDEBUG",8,100000,pito,owned_update,ecs_get_raw,4,10,42,0.720000
aalair,"Apple M3",8,"Darwin 27.0.0 arm64","Apple LLVM 21.0.0 (clang-2100.3.34.2)"," -O3 -DNDEBUG",8,100000,pito,owned_update,ecs_get_raw,4,10,43,0.725000
aalair,"Apple M3",8,"Darwin 27.0.0 arm64","Apple LLVM 21.0.0 (clang-2100.3.34.2)"," -O3 -DNDEBUG",8,100000,pito,owned_update,ecs_get_raw,4,10,44,0.722000
aalair,"Apple M3",8,"Darwin 27.0.0 arm64","Apple LLVM 21.0.0 (clang-2100.3.34.2)"," -O3 -DNDEBUG",8,100000,pito,owned_update,ecs_get_raw,4,10,45,0.720000
aalair,"Apple M3",8,"Darwin 27.0.0 arm64","Apple LLVM 21.0.0 (clang-2100.3.34.2)"," -O3 -DNDEBUG",8,100000,pito,owned_update,ecs_get_raw,4,10,46,0.720000
aalair,"Apple M3",8,"Darwin 27.0.0 arm64","Apple LLVM 21.0.0 (clang-2100.3.34.2)"," -O3 -DNDEBUG",8,100000,pito,owned_update,ecs_get_raw,4,500,1,94.289000
aalair,"Apple M3",8,"Darwin 27.0.0 arm64","Apple LLVM 21.0.0 (clang-2100.3.34.2)"," -O3 -DNDEBUG",8,100000,pito,owned_update,ecs_get_raw,4,500,2,94.270000
aalair,"Apple M3",8,"Darwin 27.0.0 arm64","Apple LLVM 21.0.0 (clang-2100.3.34.2)"," -O3 -DNDEBUG",8,100000,pito,owned_update,ecs_get_raw,4,500,3,94.284000
aalair,"Apple M3",8,"Darwin 27.0.0 arm64","Apple LLVM 21.0.0 (clang-2100.3.34.2)"," -O3 -DNDEBUG",8,100000,pito,owned_update,ecs_get_raw,4,500,4,94.276000
aalair,"Apple M3",8,"Darwin 27.0.0 arm64","Apple LLVM 21.0.0 (clang-2100.3.34.2)"," -O3 -DNDEBUG",8,100000,pito,owned_update,ecs_get_raw,4,500,5,94.287000
aalair,"Apple M3",8,"Darwin 27.0.0 arm64","Apple LLVM 21.0.0 (clang-2100.3.34.2)"," -O3 -DNDEBUG",8,100000,pito,owned_update,ecs_get_raw,4,500,6,95.773000
aalair,"Apple M3",8,"Darwin 27.0.0 arm64","Apple LLVM 21.0.0 (clang-2100.3.34.2)"," -O3 -DNDEBUG",8,100000,pito,owned_update,ecs_get_raw,4,500,7,94.275000
aalair,"Apple M3",8,"Darwin 27.0.0 arm64","Apple LLVM 21.0.0 (clang-2100.3.34.2)"," -O3 -DNDEBUG",8,100000,pito,owned_update,ecs_get_raw,4,500,8,94.286000
aalair,"Apple M3",8,"Darwin 27.0.0 arm64","Apple LLVM 21.0.0 (clang-2100.3.34.2)"," -O3 -DNDEBUG",8,100000,pito,owned_update,ecs_get_raw,4,500,9,94.262000
aalair,"Apple M3",8,"Darwin 27.0.0 arm64","Apple LLVM 21.0.0 (clang-2100.3.34.2)"," -O3 -DNDEBUG",8,100000,pito,owned_update,ecs_get_raw,4,500,10,94.282000
aalair,"Apple M3",8,"Darwin 27.0.0 arm64","Apple LLVM 21.0.0 (clang-2100.3.34.2)"," -O3 -DNDEBUG",8,100000,pito,owned_update,ecs_get_raw,8,0,1,0.149000
aalair,"Apple M3",8,"Darwin 27.0.0 arm64","Apple LLVM 21.0.0 (clang-2100.3.34.2)"," -O3 -DNDEBUG",8,100000,pito,owned_update,ecs_get_raw,8,0,2,0.139000
aalair,"Apple M3",8,"Darwin 27.0.0 arm64","Apple LLVM 21.0.0 (clang-2100.3.34.2)"," -O3 -DNDEBUG",8,100000,pito,owned_update,ecs_get_raw,8,0,3,0.138000
aalair,"Apple M3",8,"Darwin 27.0.0 arm64","Apple LLVM 21.0.0 (clang-2100.3.34.2)"," -O3 -DNDEBUG",8,100000,pito,owned_update,ecs_get_raw,8,0,4,0.170000
aalair,"Apple M3",8,"Darwin 27.0.0 arm64","Apple LLVM 21.0.0 (clang-2100.3.34.2)"," -O3 -DNDEBUG",8,100000,pito,owned_update,ecs_get_raw,8,0,5,0.140000
aalair,"Apple M3",8,"Darwin 27.0.0 arm64","Apple LLVM 21.0.0 (clang-2100.3.34.2)"," -O3 -DNDEBUG",8,100000,pito,owned_update,ecs_get_raw,8,0,6,0.136000
aalair,"Apple M3",8,"Darwin 27.0.0 arm64","Apple LLVM 21.0.0 (clang-2100.3.34.2)"," -O3 -DNDEBUG",8,100000,pito,owned_update,ecs_get_raw,8,0,7,0.163000
aalair,"Apple M3",8,"Darwin 27.0.0 arm64","Apple LLVM 21.0.0 (clang-2100.3.34.2)"," -O3 -DNDEBUG",8,100000,pito,owned_update,ecs_get_raw,8,0,8,0.145000
aalair,"Apple M3",8,"Darwin 27.0.0 arm64","Apple LLVM 21.0.0 (clang-2100.3.34.2)"," -O3 -DNDEBUG",8,100000,pito,owned_update,ecs_get_raw,8,0,9,0.146000
aalair,"Apple M3",8,"Darwin 27.0.0 arm64","Apple LLVM 21.0.0 (clang-2100.3.34.2)"," -O3 -DNDEBUG",8,100000,pito,owned_update,ecs_get_raw,8,0,10,0.143000
aalair,"Apple M3",8,"Darwin 27.0.0 arm64","Apple LLVM 21.0.0 (clang-2100.3.34.2)"," -O3 -DNDEBUG",8,100000,pito,owned_update,ecs_get_raw,8,0,11,0.157000
aalair,"Apple M3",8,"Darwin 27.0.0 arm64","Apple LLVM 21.0.0 (clang-2100.3.34.2)"," -O3 -DNDEBUG",8,100000,pito,owned_update,ecs_get_raw,8,0,12,0.166000
aalair,"Apple M3",8,"Darwin 27.0.0 arm64","Apple LLVM 21.0.0 (clang-2100.3.34.2)"," -O3 -DNDEBUG",8,100000,pito,owned_update,ecs_get_raw,8,0,13,0.135000
aalair,"Apple M3",8,"Darwin 27.0.0 arm64","Apple LLVM 21.0.0 (clang-2100.3.34.2)"," -O3 -DNDEBUG",8,100000,pito,owned_update,ecs_get_raw,8,0,14,0.145000
aalair,"Apple M3",8,"Darwin 27.0.0 arm64","Apple LLVM 21.0.0 (clang-2100.3.34.2)"," -O3 -DNDEBUG",8,100000,pito,owned_update,ecs_get_raw,8,0,15,0.144000
aalair,"Apple M3",8,"Darwin 27.0.0 arm64","Apple LLVM 21.0.0 (clang-2100.3.34.2)"," -O3 -DNDEBUG",8,100000,pito,owned_update,ecs_get_raw,8,0,16,0.149000
aalair,"Apple M3",8,"Darwin 27.0.0 arm64","Apple LLVM 21.0.0 (clang-2100.3.34.2)"," -O3 -DNDEBUG",8,100000,pito,owned_update,ecs_get_raw,8,0,17,0.144000
aalair,"Apple M3",8,"Darwin 27.0.0 arm64","Apple LLVM 21.0.0 (clang-2100.3.34.2)"," -O3 -DNDEBUG",8,100000,pito,owned_update,ecs_get_raw,8,0,18,0.142000
aalair,"Apple M3",8,"Darwin 27.0.0 arm64","Apple LLVM 21.0.0 (clang-2100.3.34.2)"," -O3 -DNDEBUG",8,100000,pito,owned_update,ecs_get_raw,8,0,19,0.150000
aalair,"Apple M3",8,"Darwin 27.0.0 arm64","Apple LLVM 21.0.0 (clang-2100.3.34.2)"," -O3 -DNDEBUG",8,100000,pito,owned_update,ecs_get_raw,8,10,1,0.559000
aalair,"Apple M3",8,"Darwin 27.0.0 arm64","Apple LLVM 21.0.0 (clang-2100.3.34.2)"," -O3 -DNDEBUG",8,100000,pito,owned_update,ecs_get_raw,8,10,2,0.539000
aalair,"Apple M3",8,"Darwin 27.0.0 arm64","Apple LLVM 21.0.0 (clang-2100.3.34.2)"," -O3 -DNDEBUG",8,100000,pito,owned_update,ecs_get_raw,8,10,3,0.541000
aalair,"Apple M3",8,"Darwin 27.0.0 arm64","Apple LLVM 21.0.0 (clang-2100.3.34.2)"," -O3 -DNDEBUG",8,100000,pito,owned_update,ecs_get_raw,8,10,4,0.527000
aalair,"Apple M3",8,"Darwin 27.0.0 arm64","Apple LLVM 21.0.0 (clang-2100.3.34.2)"," -O3 -DNDEBUG",8,100000,pito,owned_update,ecs_get_raw,8,10,5,0.565000
aalair,"Apple M3",8,"Darwin 27.0.0 arm64","Apple LLVM 21.0.0 (clang-2100.3.34.2)"," -O3 -DNDEBUG",8,100000,pito,owned_update,ecs_get_raw,8,10,6,0.551000
aalair,"Apple M3",8,"Darwin 27.0.0 arm64","Apple LLVM 21.0.0 (clang-2100.3.34.2)"," -O3 -DNDEBUG",8,100000,pito,owned_update,ecs_get_raw,8,10,7,0.540000
aalair,"Apple M3",8,"Darwin 27.0.0 arm64","Apple LLVM 21.0.0 (clang-2100.3.34.2)"," -O3 -DNDEBUG",8,100000,pito,owned_update,ecs_get_raw,8,10,8,0.549000
aalair,"Apple M3",8,"Darwin 27.0.0 arm64","Apple LLVM 21.0.0 (clang-2100.3.34.2)"," -O3 -DNDEBUG",8,100000,pito,owned_update,ecs_get_raw,8,10,9,0.534000
aalair,"Apple M3",8,"Darwin 27.0.0 arm64","Apple LLVM 21.0.0 (clang-2100.3.34.2)"," -O3 -DNDEBUG",8,100000,pito,owned_update,ecs_get_raw,8,10,10,0.560000
aalair,"Apple M3",8,"Darwin 27.0.0 arm64","Apple LLVM 21.0.0 (clang-2100.3.34.2)"," -O3 -DNDEBUG",8,100000,pito,owned_update,ecs_get_raw,8,500,1,58.125000
aalair,"Apple M3",8,"Darwin 27.0.0 arm64","Apple LLVM 21.0.0 (clang-2100.3.34.2)"," -O3 -DNDEBUG",8,100000,pito,owned_update,ecs_get_raw,8,500,2,59.510000
aalair,"Apple M3",8,"Darwin 27.0.0 arm64","Apple LLVM 21.0.0 (clang-2100.3.34.2)"," -O3 -DNDEBUG",8,100000,pito,owned_update,ecs_get_raw,8,500,3,57.340000
aalair,"Apple M3",8,"Darwin 27.0.0 arm64","Apple LLVM 21.0.0 (clang-2100.3.34.2)"," -O3 -DNDEBUG",8,100000,pito,owned_update,ecs_get_raw,8,500,4,58.894000
aalair,"Apple M3",8,"Darwin 27.0.0 arm64","Apple LLVM 21.0.0 (clang-2100.3.34.2)"," -O3 -DNDEBUG",8,100000,pito,owned_update,ecs_get_raw,8,500,5,58.569000
aalair,"Apple M3",8,"Darwin 27.0.0 arm64","Apple LLVM 21.0.0 (clang-2100.3.34.2)"," -O3 -DNDEBUG",8,100000,pito,owned_update,ecs_get_raw,8,500,6,67.220000
aalair,"Apple M3",8,"Darwin 27.0.0 arm64","Apple LLVM 21.0.0 (clang-2100.3.34.2)"," -O3 -DNDEBUG",8,100000,pito,owned_update,ecs_get_raw,8,500,7,58.587000
aalair,"Apple M3",8,"Darwin 27.0.0 arm64","Apple LLVM 21.0.0 (clang-2100.3.34.2)"," -O3 -DNDEBUG",8,100000,pito,owned_update,ecs_get_raw,8,500,8,58.588000
aalair,"Apple M3",8,"Darwin 27.0.0 arm64","Apple LLVM 21.0.0 (clang-2100.3.34.2)"," -O3 -DNDEBUG",8,100000,pito,owned_update,ecs_get_raw,8,500,9,61.296000
aalair,"Apple M3",8,"Darwin 27.0.0 arm64","Apple LLVM 21.0.0 (clang-2100.3.34.2)"," -O3 -DNDEBUG",8,100000,pito,owned_update,ecs_get_raw,8,500,10,59.011000
aalair,"Apple M3",8,"Darwin 27.0.0 arm64","Apple LLVM 21.0.0 (clang-2100.3.34.2)"," -O3 -DNDEBUG",8,100000,pito,owned_update,ecs_get_raw,8,500,11,58.079000
aalair,"Apple M3",8,"Darwin 27.0.0 arm64","Apple LLVM 21.0.0 (clang-2100.3.34.2)"," -O3 -DNDEBUG -DPITO_ECS_OWNED_DELETE_ATOMIC=1",8,100000,pito,owned_update,ecs_get,1,0,1,6.585000
aalair,"Apple M3",8,"Darwin 27.0.0 arm64","Apple LLVM 21.0.0 (clang-2100.3.34.2)"," -O3 -DNDEBUG -DPITO_ECS_OWNED_DELETE_ATOMIC=1",8,100000,pito,owned_update,ecs_get,1,0,2,6.604000
aalair,"Apple M3",8,"Darwin 27.0.0 arm64","Apple LLVM 21.0.0 (clang-2100.3.34.2)"," -O3 -DNDEBUG -DPITO_ECS_OWNED_DELETE_ATOMIC=1",8,100000,pito,owned_update,ecs_get,1,0,3,6.644000
aalair,"Apple M3",8,"Darwin 27.0.0 arm64","Apple LLVM 21.0.0 (clang-2100.3.34.2)"," -O3 -DNDEBUG -DPITO_ECS_OWNED_DELETE_ATOMIC=1",8,100000,pito,owned_update,ecs_get,1,0,4,6.628000
aalair,"Apple M3",8,"Darwin 27.0.0 arm64","Apple LLVM 21.0.0 (clang-2100.3.34.2)"," -O3 -DNDEBUG -DPITO_ECS_OWNED_DELETE_ATOMIC=1",8,100000,pito,owned_update,ecs_get,1,0,5,6.621000
aalair,"Apple M3",8,"Darwin 27.0.0 arm64","Apple LLVM 21.0.0 (clang-2100.3.34.2)"," -O3 -DNDEBUG -DPITO_ECS_OWNED_DELETE_ATOMIC=1",8,100000,pito,owned_update,ecs_get,1,0,6,6.615000
aalair,"Apple M3",8,"Darwin 27.0.0 arm64","Apple LLVM 21.0.0 (clang-2100.3.34.2)"," -O3 -DNDEBUG -DPITO_ECS_OWNED_DELETE_ATOMIC=1",8,100000,pito,owned_update,ecs_get,1,0,7,6.625000
aalair,"Apple M3",8,"Darwin 27.0.0 arm64","Apple LLVM 21.0.0 (clang-2100.3.34.2)"," -O3 -DNDEBUG -DPITO_ECS_OWNED_DELETE_ATOMIC=1",8,100000,pito,owned_update,ecs_get,1,0,8,6.618000
aalair,"Apple M3",8,"Darwin 27.0.0 arm64","Apple LLVM 21.0.0 (clang-2100.3.34.2)"," -O3 -DNDEBUG -DPITO_ECS_OWNED_DELETE_ATOMIC=1",8,100000,pito,owned_update,ecs_get,1,0,9,6.629000
aalair,"Apple M3",8,"Darwin 27.0.0 arm64","Apple LLVM 21.0.0 (clang-2100.3.34.2)"," -O3 -DNDEBUG -DPITO_ECS_OWNED_DELETE_ATOMIC=1",8,100000,pito,owned_update,ecs_get,1,0,10,6.629000
aalair,"Apple M3",8,"Darwin 27.0.0 arm64","Apple LLVM 21.0.0 (clang-2100.3.34.2)"," -O3 -DNDEBUG -DPITO_ECS_OWNED_DELETE_ATOMIC=1",8,100000,pito,owned_update,ecs_get,1,10,1,8.693000
aalair,"Apple M3",8,"Darwin 27.0.0 arm64","Apple LLVM 21.0.0 (clang-2100.3.34.2)"," -O3 -DNDEBUG -DPITO_ECS_OWNED_DELETE_ATOMIC=1",8,100000,pito,owned_update,ecs_get,1,10,2,8.684000
aalair,"Apple M3",8,"Darwin 27.0.0 arm64","Apple LLVM 21.0.0 (clang-2100.3.34.2)"," -O3 -DNDEBUG -DPITO_ECS_OWNED_DELETE_ATOMIC=1",8,100000,pito,owned_update,ecs_get,1,10,3,8.748000
aalair,"Apple M3",8,"Darwin 27.0.0 arm64","Apple LLVM 21.0.0 (clang-2100.3.34.2)"," -O3 -DNDEBUG -DPITO_ECS_OWNED_DELETE_ATOMIC=1",8,100000,pito,owned_update,ecs_get,1,10,4,8.684000
aalair,"Apple M3",8,"Darwin 27.0.0 arm64","Apple LLVM 21.0.0 (clang-2100.3.34.2)"," -O3 -DNDEBUG -DPITO_ECS_OWNED_DELETE_ATOMIC=1",8,100000,pito,owned_update,ecs_get,1,10,5,8.693000
aalair,"Apple M3",8,"Darwin 27.0.0 arm64","Apple LLVM 21.0.0 (clang-2100.3.34.2)"," -O3 -DNDEBUG -DPITO_ECS_OWNED_DELETE_ATOMIC=1",8,100000,pito,owned_update,ecs_get,1,10,6,8.706000
aalair,"Apple M3",8,"Darwin 27.0.0 arm64","Apple LLVM 21.0.0 (clang-2100.3.34.2)"," -O3 -DNDEBUG -DPITO_ECS_OWNED_DELETE_ATOMIC=1",8,100000,pito,owned_update,ecs_get,1,10,7,8.693000
aalair,"Apple M3",8,"Darwin 27.0.0 arm64","Apple LLVM 21.0.0 (clang-2100.3.34.2)"," -O3 -DNDEBUG -DPITO_ECS_OWNED_DELETE_ATOMIC=1",8,100000,pito,owned_update,ecs_get,1,10,8,8.703000
aalair,"Apple M3",8,"Darwin 27.0.0 arm64","Apple LLVM 21.0.0 (clang-2100.3.34.2)"," -O3 -DNDEBUG -DPITO_ECS_OWNED_DELETE_ATOMIC=1",8,100000,pito,owned_update,ecs_get,1,10,9,8.708000
aalair,"Apple M3",8,"Darwin 27.0.0 arm64","Apple LLVM 21.0.0 (clang-2100.3.34.2)"," -O3 -DNDEBUG -DPITO_ECS_OWNED_DELETE_ATOMIC=1",8,100000,pito,owned_update,ecs_get,1,10,10,8.689000
aalair,"Apple M3",8,"Darwin 27.0.0 arm64","Apple LLVM 21.0.0 (clang-2100.3.34.2)"," -O3 -DNDEBUG -DPITO_ECS_OWNED_DELETE_ATOMIC=1",8,100000,pito,owned_update,ecs_get,1,500,1,356.916000
aalair,"Apple M3",8,"Darwin 27.0.0 arm64","Apple LLVM 21.0.0 (clang-2100.3.34.2)"," -O3 -DNDEBUG -DPITO_ECS_OWNED_DELETE_ATOMIC=1",8,100000,pito,owned_update,ecs_get,1,500,2,356.211000
aalair,"Apple M3",8,"Darwin 27.0.0 arm64","Apple LLVM 21.0.0 (clang-2100.3.34.2)"," -O3 -DNDEBUG -DPITO_ECS_OWNED_DELETE_ATOMIC=1",8,100000,pito,owned_update,ecs_get,1,500,3,356.470000
aalair,"Apple M3",8,"Darwin 27.0.0 arm64","Apple LLVM 21.0.0 (clang-2100.3.34.2)"," -O3 -DNDEBUG -DPITO_ECS_OWNED_DELETE_ATOMIC=1",8,100000,pito,owned_update,ecs_get,1,500,4,356.286000
aalair,"Apple M3",8,"Darwin 27.0.0 arm64","Apple LLVM 21.0.0 (clang-2100.3.34.2)"," -O3 -DNDEBUG -DPITO_ECS_OWNED_DELETE_ATOMIC=1",8,100000,pito,owned_update,ecs_get,1,500,5,356.316000
aalair,"Apple M3",8,"Darwin 27.0.0 arm64","Apple LLVM 21.0.0 (clang-2100.3.34.2)"," -O3 -DNDEBUG -DPITO_ECS_OWNED_DELETE_ATOMIC=1",8,100000,pito,owned_update,ecs_get,1,500,6,356.997000
aalair,"Apple M3",8,"Darwin 27.0.0 arm64","Apple LLVM 21.0.0 (clang-2100.3.34.2)"," -O3 -DNDEBUG -DPITO_ECS_OWNED_DELETE_ATOMIC=1",8,100000,pito,owned_update,ecs_get,1,500,7,356.385000
aalair,"Apple M3",8,"Darwin 27.0.0 arm64","Apple LLVM 21.0.0 (clang-2100.3.34.2)"," -O3 -DNDEBUG -DPITO_ECS_OWNED_DELETE_ATOMIC=1",8,100000,pito,owned_update,ecs_get,1,500,8,356.228000
aalair,"Apple M3",8,"Darwin 27.0.0 arm64","Apple LLVM 21.0.0 (clang-2100.3.34.2)"," -O3 -DNDEBUG -DPITO_ECS_OWNED_DELETE_ATOMIC=1",8,100000,pito,owned_update,ecs_get,1,500,9,356.256000
aalair,"Apple M3",8,"Darwin 27.0.0 arm64","Apple LLVM 21.0.0 (clang-2100.3.34.2)"," -O3 -DNDEBUG -DPITO_ECS_OWNED_DELETE_ATOMIC=1",8,100000,pito,owned_update,ecs_get,1,500,10,356.093000
aalair,"Apple M3",8,"Darwin 27.0.0 arm64","Apple LLVM 21.0.0 (clang-2100.3.34.2)"," -O3 -DNDEBUG -DPITO_ECS_OWNED_DELETE_ATOMIC=1",8,100000,pito,owned_update,ecs_get,2,0,1,3.361000
aalair,"Apple M3",8,"Darwin 27.0.0 arm64","Apple LLVM 21.0.0 (clang-2100.3.34.2)"," -O3 -DNDEBUG -DPITO_ECS_OWNED_DELETE_ATOMIC=1",8,100000,pito,owned_update,ecs_get,2,0,2,3.359000
aalair,"Apple M3",8,"Darwin 27.0.0 arm64","Apple LLVM 21.0.0 (clang-2100.3.34.2)"," -O3 -DNDEBUG -DPITO_ECS_OWNED_DELETE_ATOMIC=1",8,100000,pito,owned_update,ecs_get,2,0,3,3.357000
aalair,"Apple M3",8,"Darwin 27.0.0 arm64","Apple LLVM 21.0.0 (clang-2100.3.34.2)"," -O3 -DNDEBUG -DPITO_ECS_OWNED_DELETE_ATOMIC=1",8,100000,pito,owned_update,ecs_get,2,0,4,3.262000
aalair,"Apple M3",8,"Darwin 27.0.0 arm64","Apple LLVM 21.0.0 (clang-2100.3.34.2)"," -O3 -DNDEBUG -DPITO_ECS_OWNED_DELETE_ATOMIC=1",8,100000,pito,owned_update,ecs_get,2,0,5,3.387000
aalair,"Apple M3",8,"Darwin 27.0.0 arm64","Apple LLVM 21.0.0 (clang-2100.3.34.2)"," -O3 -DNDEBUG -DPITO_ECS_OWNED_DELETE_ATOMIC=1",8,100000,pito,owned_update,ecs_get,2,0,6,3.360000
aalair,"Apple M3",8,"Darwin 27.0.0 arm64","Apple LLVM 21.0.0 (clang-2100.3.34.2)"," -O3 -DNDEBUG -DPITO_ECS_OWNED_DELETE_ATOMIC=1",8,100000,pito,owned_update,ecs_get,2,0,7,3.278000
aalair,"Apple M3",8,"Darwin 27.0.0 arm64","Apple LLVM 21.0.0 (clang-2100.3.34.2)"," -O3 -DNDEBUG -DPITO_ECS_OWNED_DELETE_ATOMIC=1",8,100000,pito,owned_update,ecs_get,2,0,8,3.363000
aalair,"Apple M3",8,"Darwin 27.0.0 arm64","Apple LLVM 21.0.0 (clang-2100.3.34.2)"," -O3 -DNDEBUG -DPITO_ECS_OWNED_DELETE_ATOMIC=1",8,100000,pito,owned_update,ecs_get,2,0,9,3.362000
aalair,"Apple M3",8,"Darwin 27.0.0 arm64","Apple LLVM 21.0.0 (clang-2100.3.34.2)"," -O3 -DNDEBUG -DPITO_ECS_OWNED_DELETE_ATOMIC=1",8,100000,pito,owned_update,ecs_get,2,0,10,3.360000
aalair,"Apple M3",8,"Darwin 27.0.0 arm64","Apple LLVM 21.0.0 (clang-2100.3.34.2)"," -O3 -DNDEBUG -DPITO_ECS_OWNED_DELETE_ATOMIC=1",8,100000,pito,owned_update,ecs_get,2,10,1,4.370000
aalair,"Apple M3",8,"Darwin 27.0.0 arm64","Apple LLVM 21.0.0 (clang-2100.3.34.2)"," -O3 -DNDEBUG -DPITO_ECS_OWNED_DELETE_ATOMIC=1",8,100000,pito,owned_update,ecs_get,2,10,2,4.215000
aalair,"Apple M3",8,"Darwin 27.0.0 arm64","Apple LLVM 21.0.0 (clang-2100.3.34.2)"," -O3 -DNDEBUG -DPITO_ECS_OWNED_DELETE_ATOMIC=1",8,100000,pito,owned_update,ecs_get,2,10,3,4.226000
aalair,"Apple M3",8,"Darwin 27.0.0 arm64","Apple LLVM 21.0.0 (clang-2100.3.34.2)"," -O3 -DNDEBUG -DPITO_ECS_OWNED_DELETE_ATOMIC=1",8,100000,pito,owned_update,ecs_get,2,10,4,4.254000
aalair,"Apple M3",8,"Darwin 27.0.0 arm64","Apple LLVM 21.0.0 (clang-2100.3.34.2)"," -O3 -DNDEBUG -DPITO_ECS_OWNED_DELETE_ATOMIC=1",8,100000,pito,owned_update,ecs_get,2,10,5,4.304000
aalair,"Apple M3",8,"Darwin 27.0.0 arm64","Apple LLVM 21.0.0 (clang-2100.3.34.2)"," -O3 -DNDEBUG -DPITO_ECS_OWNED_DELETE_ATOMIC=1",8,100000,pito,owned_update,ecs_get,2,10,6,4.420000
aalair,"Apple M3",8,"Darwin 27.0.0 arm64","Apple LLVM 21.0.0 (clang-2100.3.34.2)"," -O3 -DNDEBUG -DPITO_ECS_OWNED_DELETE_ATOMIC=1",8,100000,pito,owned_update,ecs_get,2,10,7,4.305000
aalair,"Apple M3",8,"Darwin 27.0.0 arm64","Apple LLVM 21.0.0 (clang-2100.3.34.2)"," -O3 -DNDEBUG -DPITO_ECS_OWNED_DELETE_ATOMIC=1",8,100000,pito,owned_update,ecs_get,2,10,8,4.346000
aalair,"Apple M3",8,"Darwin 27.0.0 arm64","Apple LLVM 21.0.0 (clang-2100.3.34.2)"," -O3 -DNDEBUG -DPITO_ECS_OWNED_DELETE_ATOMIC=1",8,100000,pito,owned_update,ecs_get,2,10,9,4.339000
aalair,"Apple M3",8,"Darwin 27.0.0 arm64","Apple LLVM 21.0.0 (clang-2100.3.34.2)"," -O3 -DNDEBUG -DPITO_ECS_OWNED_DELETE_ATOMIC=1",8,100000,pito,owned_update,ecs_get,2,10,10,4.351000
aalair,"Apple M3",8,"Darwin 27.0.0 arm64","Apple LLVM 21.0.0 (clang-2100.3.34.2)"," -O3 -DNDEBUG -DPITO_ECS_OWNED_DELETE_ATOMIC=1",8,100000,pito,owned_update,ecs_get,2,500,1,182.795000
aalair,"Apple M3",8,"Darwin 27.0.0 arm64","Apple LLVM 21.0.0 (clang-2100.3.34.2)"," -O3 -DNDEBUG -DPITO_ECS_OWNED_DELETE_ATOMIC=1",8,100000,pito,owned_update,ecs_get,2,500,2,182.669000
aalair,"Apple M3",8,"Darwin 27.0.0 arm64","Apple LLVM 21.0.0 (clang-2100.3.34.2)"," -O3 -DNDEBUG -DPITO_ECS_OWNED_DELETE_ATOMIC=1",8,100000,pito,owned_update,ecs_get,2,500,3,182.673000
aalair,"Apple M3",8,"Darwin 27.0.0 arm64","Apple LLVM 21.0.0 (clang-2100.3.34.2)"," -O3 -DNDEBUG -DPITO_ECS_OWNED_DELETE_ATOMIC=1",8,100000,pito,owned_update,ecs_get,2,500,4,183.878000
aalair,"Apple M3",8,"Darwin 27.0.0 arm64","Apple LLVM 21.0.0 (clang-2100.3.34.2)"," -O3 -DNDEBUG -DPITO_ECS_OWNED_DELETE_ATOMIC=1",8,100000,pito,owned_update,ecs_get,2,500,5,183.686000
aalair,"Apple M3",8,"Darwin 27.0.0 arm64","Apple LLVM 21.0.0 (clang-2100.3.34.2)"," -O3 -DNDEBUG -DPITO_ECS_OWNED_DELETE_ATOMIC=1",8,100000,pito,owned_update,ecs_get,2,500,6,182.610000
aalair,"Apple M3",8,"Darwin 27.0.0 arm64","Apple LLVM 21.0.0 (clang-2100.3.34.2)"," -O3 -DNDEBUG -DPITO_ECS_OWNED_DELETE_ATOMIC=1",8,100000,pito,owned_update,ecs_get,2,500,7,182.592000
aalair,"Apple M3",8,"Darwin 27.0.0 arm64","Apple LLVM 21.0.0 (clang-2100.3.34.2)"," -O3 -DNDEBUG -DPITO_ECS_OWNED_DELETE_ATOMIC=1",8,100000,pito,owned_update,ecs_get,2,500,8,182.561000
aalair,"Apple M3",8,"Darwin 27.0.0 arm64","Apple LLVM 21.0.0 (clang-2100.3.34.2)"," -O3 -DNDEBUG -DPITO_ECS_OWNED_DELETE_ATOMIC=1",8,100000,pito,owned_update,ecs_get,2,500,9,182.948000
aalair,"Apple M3",8,"Darwin 27.0.0 arm64","Apple LLVM 21.0.0 (clang-2100.3.34.2)"," -O3 -DNDEBUG -DPITO_ECS_OWNED_DELETE_ATOMIC=1",8,100000,pito,owned_update,ecs_get,2,500,10,182.725000
aalair,"Apple M3",8,"Darwin 27.0.0 arm64","Apple LLVM 21.0.0 (clang-2100.3.34.2)"," -O3 -DNDEBUG -DPITO_ECS_OWNED_DELETE_ATOMIC=1",8,100000,pito,owned_update,ecs_get,4,0,1,1.722000
aalair,"Apple M3",8,"Darwin 27.0.0 arm64","Apple LLVM 21.0.0 (clang-2100.3.34.2)"," -O3 -DNDEBUG -DPITO_ECS_OWNED_DELETE_ATOMIC=1",8,100000,pito,owned_update,ecs_get,4,0,2,1.718000
aalair,"Apple M3",8,"Darwin 27.0.0 arm64","Apple LLVM 21.0.0 (clang-2100.3.34.2)"," -O3 -DNDEBUG -DPITO_ECS_OWNED_DELETE_ATOMIC=1",8,100000,pito,owned_update,ecs_get,4,0,3,1.718000
aalair,"Apple M3",8,"Darwin 27.0.0 arm64","Apple LLVM 21.0.0 (clang-2100.3.34.2)"," -O3 -DNDEBUG -DPITO_ECS_OWNED_DELETE_ATOMIC=1",8,100000,pito,owned_update,ecs_get,4,0,4,1.720000
aalair,"Apple M3",8,"Darwin 27.0.0 arm64","Apple LLVM 21.0.0 (clang-2100.3.34.2)"," -O3 -DNDEBUG -DPITO_ECS_OWNED_DELETE_ATOMIC=1",8,100000,pito,owned_update,ecs_get,4,0,5,1.719000
aalair,"Apple M3",8,"Darwin 27.0.0 arm64","Apple LLVM 21.0.0 (clang-2100.3.34.2)"," -O3 -DNDEBUG -DPITO_ECS_OWNED_DELETE_ATOMIC=1",8,100000,pito,owned_update,ecs_get,4,0,6,1.719000
aalair,"Apple M3",8,"Darwin 27.0.0 arm64","Apple LLVM 21.0.0 (clang-2100.3.34.2)"," -O3 -DNDEBUG -DPITO_ECS_OWNED_DELETE_ATOMIC=1",8,100000,pito,owned_update,ecs_get,4,0,7,1.727000
aalair,"Apple M3",8,"Darwin 27.0.0 arm64","Apple LLVM 21.0.0 (clang-2100.3.34.2)"," -O3 -DNDEBUG -DPITO_ECS_OWNED_DELETE_ATOMIC=1",8,100000,pito,owned_update,ecs_get,4,0,8,1.717000
aalair,"Apple M3",8,"Darwin 27.0.0 arm64","Apple LLVM 21.0.0 (clang-2100.3.34.2)"," -O3 -DNDEBUG -DPITO_ECS_OWNED_DELETE_ATOMIC=1",8,100000,pito,owned_update,ecs_get,4,0,9,1.716000
aalair,"Apple M3",8,"Darwin 27.0.0 arm64","Apple LLVM 21.0.0 (clang-2100.3.34.2)"," -O3 -DNDEBUG -DPITO_ECS_OWNED_DELETE_ATOMIC=1",8,100000,pito,owned_update,ecs_get,4,0,10,1.717000
aalair,"Apple M3",8,"Darwin 27.0.0 arm64","Apple LLVM 21.0.0 (clang-2100.3.34.2)"," -O3 -DNDEBUG -DPITO_ECS_OWNED_DELETE_ATOMIC=1",8,100000,pito,owned_update,ecs_get,4,10,1,2.476000
aalair,"Apple M3",8,"Darwin 27.0.0 arm64","Apple LLVM 21.0.0 (clang-2100.3.34.2)"," -O3 -DNDEBUG -DPITO_ECS_OWNED_DELETE_ATOMIC=1",8,100000,pito,owned_update,ecs_get,4,10,2,2.477000
aalair,"Apple M3",8,"Darwin 27.0.0 arm64","Apple LLVM 21.0.0 (clang-2100.3.34.2)"," -O3 -DNDEBUG -DPITO_ECS_OWNED_DELETE_ATOMIC=1",8,100000,pito,owned_update,ecs_get,4,10,3,2.461000
aalair,"Apple M3",8,"Darwin 27.0.0 arm64","Apple LLVM 21.0.0 (clang-2100.3.34.2)"," -O3 -DNDEBUG -DPITO_ECS_OWNED_DELETE_ATOMIC=1",8,100000,pito,owned_update,ecs_get,4,10,4,2.422000
aalair,"Apple M3",8,"Darwin 27.0.0 arm64","Apple LLVM 21.0.0 (clang-2100.3.34.2)"," -O3 -DNDEBUG -DPITO_ECS_OWNED_DELETE_ATOMIC=1",8,100000,pito,owned_update,ecs_get,4,10,5,2.423000
aalair,"Apple M3",8,"Darwin 27.0.0 arm64","Apple LLVM 21.0.0 (clang-2100.3.34.2)"," -O3 -DNDEBUG -DPITO_ECS_OWNED_DELETE_ATOMIC=1",8,100000,pito,owned_update,ecs_get,4,10,6,2.313000
aalair,"Apple M3",8,"Darwin 27.0.0 arm64","Apple LLVM 21.0.0 (clang-2100.3.34.2)"," -O3 -DNDEBUG -DPITO_ECS_OWNED_DELETE_ATOMIC=1",8,100000,pito,owned_update,ecs_get,4,10,7,2.475000
aalair,"Apple M3",8,"Darwin 27.0.0 arm64","Apple LLVM 21.0.0 (clang-2100.3.34.2)"," -O3 -DNDEBUG -DPITO_ECS_OWNED_DELETE_ATOMIC=1",8,100000,pito,owned_update,ecs_get,4,10,8,2.314000
aalair,"Apple M3",8,"Darwin 27.0.0 arm64","Apple LLVM 21.0.0 (clang-2100.3.34.2)"," -O3 -DNDEBUG -DPITO_ECS_OWNED_DELETE_ATOMIC=1",8,100000,pito,owned_update,ecs_get,4,10,9,2.313000
aalair,"Apple M3",8,"Darwin 27.0.0 arm64","Apple LLVM 21.0.0 (clang-2100.3.34.2)"," -O3 -DNDEBUG -DPITO_ECS_OWNED_DELETE_ATOMIC=1",8,100000,pito,owned_update,ecs_get,4,10,10,2.313000
aalair,"Apple M3",8,"Darwin 27.0.0 arm64","Apple LLVM 21.0.0 (clang-2100.3.34.2)"," -O3 -DNDEBUG -DPITO_ECS_OWNED_DELETE_ATOMIC=1",8,100000,pito,owned_update,ecs_get,4,500,1,99.593000
aalair,"Apple M3",8,"Darwin 27.0.0 arm64","Apple LLVM 21.0.0 (clang-2100.3.34.2)"," -O3 -DNDEBUG -DPITO_ECS_OWNED_DELETE_ATOMIC=1",8,100000,pito,owned_update,ecs_get,4,500,2,99.310000
aalair,"Apple M3",8,"Darwin 27.0.0 arm64","Apple LLVM 21.0.0 (clang-2100.3.34.2)"," -O3 -DNDEBUG -DPITO_ECS_OWNED_DELETE_ATOMIC=1",8,100000,pito,owned_update,ecs_get,4,500,3,99.293000
aalair,"Apple M3",8,"Darwin 27.0.0 arm64","Apple LLVM 21.0.0 (clang-2100.3.34.2)"," -O3 -DNDEBUG -DPITO_ECS_OWNED_DELETE_ATOMIC=1",8,100000,pito,owned_update,ecs_get,4,500,4,99.246000
aalair,"Apple M3",8,"Darwin 27.0.0 arm64","Apple LLVM 21.0.0 (clang-2100.3.34.2)"," -O3 -DNDEBUG -DPITO_ECS_OWNED_DELETE_ATOMIC=1",8,100000,pito,owned_update,ecs_get,4,500,5,99.249000
aalair,"Apple M3",8,"Darwin 27.0.0 arm64","Apple LLVM 21.0.0 (clang-2100.3.34.2)"," -O3 -DNDEBUG -DPITO_ECS_OWNED_DELETE_ATOMIC=1",8,100000,pito,owned_update,ecs_get,4,500,6,99.252000
aalair,"Apple M3",8,"Darwin 27.0.0 arm64","Apple LLVM 21.0.0 (clang-2100.3.34.2)"," -O3 -DNDEBUG -DPITO_ECS_OWNED_DELETE_ATOMIC=1",8,100000,pito,owned_update,ecs_get,4,500,7,99.265000
aalair,"Apple M3",8,"Darwin 27.0.0 arm64","Apple LLVM 21.0.0 (clang-2100.3.34.2)"," -O3 -DNDEBUG -DPITO_ECS_OWNED_DELETE_ATOMIC=1",8,100000,pito,owned_update,ecs_get,4,500,8,99.264000
aalair,"Apple M3",8,"Darwin 27.0.0 arm64","Apple LLVM 21.0.0 (clang-2100.3.34.2)"," -O3 -DNDEBUG -DPITO_ECS_OWNED_DELETE_ATOMIC=1",8,100000,pito,owned_update,ecs_get,4,500,9,99.356000
aalair,"Apple M3",8,"Darwin 27.0.0 arm64","Apple LLVM 21.0.0 (clang-2100.3.34.2)"," -O3 -DNDEBUG -DPITO_ECS_OWNED_DELETE_ATOMIC=1",8,100000,pito,owned_update,ecs_get,4,500,10,99.275000
aalair,"Apple M3",8,"Darwin 27.0.0 arm64","Apple LLVM 21.0.0 (clang-2100.3.34.2)"," -O3 -DNDEBUG -DPITO_ECS_OWNED_DELETE_ATOMIC=1",8,100000,pito,owned_update,ecs_get,8,0,1,1.822000
aalair,"Apple M3",8,"Darwin 27.0.0 arm64","Apple LLVM 21.0.0 (clang-2100.3.34.2)"," -O3 -DNDEBUG -DPITO_ECS_OWNED_DELETE_ATOMIC=1",8,100000,pito,owned_update,ecs_get,8,0,2,2.065000
aalair,"Apple M3",8,"Darwin 27.0.0 arm64","Apple LLVM 21.0.0 (clang-2100.3.34.2)"," -O3 -DNDEBUG -DPITO_ECS_OWNED_DELETE_ATOMIC=1",8,100000,pito,owned_update,ecs_get,8,0,3,1.994000
aalair,"Apple M3",8,"Darwin 27.0.0 arm64","Apple LLVM 21.0.0 (clang-2100.3.34.2)"," -O3 -DNDEBUG -DPITO_ECS_OWNED_DELETE_ATOMIC=1",8,100000,pito,owned_update,ecs_get,8,0,4,2.023000
aalair,"Apple M3",8,"Darwin 27.0.0 arm64","Apple LLVM 21.0.0 (clang-2100.3.34.2)"," -O3 -DNDEBUG -DPITO_ECS_OWNED_DELETE_ATOMIC=1",8,100000,pito,owned_update,ecs_get,8,0,5,2.020000
aalair,"Apple M3",8,"Darwin 27.0.0 arm64","Apple LLVM 21.0.0 (clang-2100.3.34.2)"," -O3 -DNDEBUG -DPITO_ECS_OWNED_DELETE_ATOMIC=1",8,100000,pito,owned_update,ecs_get,8,0,6,2.065000
aalair,"Apple M3",8,"Darwin 27.0.0 arm64","Apple LLVM 21.0.0 (clang-2100.3.34.2)"," -O3 -DNDEBUG -DPITO_ECS_OWNED_DELETE_ATOMIC=1",8,100000,pito,owned_update,ecs_get,8,0,7,2.116000
aalair,"Apple M3",8,"Darwin 27.0.0 arm64","Apple LLVM 21.0.0 (clang-2100.3.34.2)"," -O3 -DNDEBUG -DPITO_ECS_OWNED_DELETE_ATOMIC=1",8,100000,pito,owned_update,ecs_get,8,0,8,2.058000
aalair,"Apple M3",8,"Darwin 27.0.0 arm64","Apple LLVM 21.0.0 (clang-2100.3.34.2)"," -O3 -DNDEBUG -DPITO_ECS_OWNED_DELETE_ATOMIC=1",8,100000,pito,owned_update,ecs_get,8,0,9,2.022000
aalair,"Apple M3",8,"Darwin 27.0.0 arm64","Apple LLVM 21.0.0 (clang-2100.3.34.2)"," -O3 -DNDEBUG -DPITO_ECS_OWNED_DELETE_ATOMIC=1",8,100000,pito,owned_update,ecs_get,8,0,10,2.367000
aalair,"Apple M3",8,"Darwin 27.0.0 arm64","Apple LLVM 21.0.0 (clang-2100.3.34.2)"," -O3 -DNDEBUG -DPITO_ECS_OWNED_DELETE_ATOMIC=1",8,100000,pito,owned_update,ecs_get,8,0,11,2.019000
aalair,"Apple M3",8,"Darwin 27.0.0 arm64","Apple LLVM 21.0.0 (clang-2100.3.34.2)"," -O3 -DNDEBUG -DPITO_ECS_OWNED_DELETE_ATOMIC=1",8,100000,pito,owned_update,ecs_get,8,10,1,2.474000
aalair,"Apple M3",8,"Darwin 27.0.0 arm64","Apple LLVM 21.0.0 (clang-2100.3.34.2)"," -O3 -DNDEBUG -DPITO_ECS_OWNED_DELETE_ATOMIC=1",8,100000,pito,owned_update,ecs_get,8,10,2,2.385000
aalair,"Apple M3",8,"Darwin 27.0.0 arm64","Apple LLVM 21.0.0 (clang-2100.3.34.2)"," -O3 -DNDEBUG -DPITO_ECS_OWNED_DELETE_ATOMIC=1",8,100000,pito,owned_update,ecs_get,8,10,3,3.204000
aalair,"Apple M3",8,"Darwin 27.0.0 arm64","Apple LLVM 21.0.0 (clang-2100.3.34.2)"," -O3 -DNDEBUG -DPITO_ECS_OWNED_DELETE_ATOMIC=1",8,100000,pito,owned_update,ecs_get,8,10,4,2.685000
aalair,"Apple M3",8,"Darwin 27.0.0 arm64","Apple LLVM 21.0.0 (clang-2100.3.34.2)"," -O3 -DNDEBUG -DPITO_ECS_OWNED_DELETE_ATOMIC=1",8,100000,pito,owned_update,ecs_get,8,10,5,2.732000
aalair,"Apple M3",8,"Darwin 27.0.0 arm64","Apple LLVM 21.0.0 (clang-2100.3.34.2)"," -O3 -DNDEBUG -DPITO_ECS_OWNED_DELETE_ATOMIC=1",8,100000,pito,owned_update,ecs_get,8,10,6,2.550000
aalair,"Apple M3",8,"Darwin 27.0.0 arm64","Apple LLVM 21.0.0 (clang-2100.3.34.2)"," -O3 -DNDEBUG -DPITO_ECS_OWNED_DELETE_ATOMIC=1",8,100000,pito,owned_update,ecs_get,8,10,7,2.645000
aalair,"Apple M3",8,"Darwin 27.0.0 arm64","Apple LLVM 21.0.0 (clang-2100.3.34.2)"," -O3 -DNDEBUG -DPITO_ECS_OWNED_DELETE_ATOMIC=1",8,100000,pito,owned_update,ecs_get,8,10,8,2.622000
aalair,"Apple M3",8,"Darwin 27.0.0 arm64","Apple LLVM 21.0.0 (clang-2100.3.34.2)"," -O3 -DNDEBUG -DPITO_ECS_OWNED_DELETE_ATOMIC=1",8,100000,pito,owned_update,ecs_get,8,10,9,2.600000
aalair,"Apple M3",8,"Darwin 27.0.0 arm64","Apple LLVM 21.0.0 (clang-2100.3.34.2)"," -O3 -DNDEBUG -DPITO_ECS_OWNED_DELETE_ATOMIC=1",8,100000,pito,owned_update,ecs_get,8,10,10,2.640000
aalair,"Apple M3",8,"Darwin 27.0.0 arm64","Apple LLVM 21.0.0 (clang-2100.3.34.2)"," -O3 -DNDEBUG -DPITO_ECS_OWNED_DELETE_ATOMIC=1",8,100000,pito,owned_update,ecs_get,8,10,11,2.386000
aalair,"Apple M3",8,"Darwin 27.0.0 arm64","Apple LLVM 21.0.0 (clang-2100.3.34.2)"," -O3 -DNDEBUG -DPITO_ECS_OWNED_DELETE_ATOMIC=1",8,100000,pito,owned_update,ecs_get,8,10,12,2.643000
aalair,"Apple M3",8,"Darwin 27.0.0 arm64","Apple LLVM 21.0.0 (clang-2100.3.34.2)"," -O3 -DNDEBUG -DPITO_ECS_OWNED_DELETE_ATOMIC=1",8,100000,pito,owned_update,ecs_get,8,10,13,2.373000
aalair,"Apple M3",8,"Darwin 27.0.0 arm64","Apple LLVM 21.0.0 (clang-2100.3.34.2)"," -O3 -DNDEBUG -DPITO_ECS_OWNED_DELETE_ATOMIC=1",8,100000,pito,owned_update,ecs_get,8,10,14,2.612000
aalair,"Apple M3",8,"Darwin 27.0.0 arm64","Apple LLVM 21.0.0 (clang-2100.3.34.2)"," -O3 -DNDEBUG -DPITO_ECS_OWNED_DELETE_ATOMIC=1",8,100000,pito,owned_update,ecs_get,8,10,15,2.629000
aalair,"Apple M3",8,"Darwin 27.0.0 arm64","Apple LLVM 21.0.0 (clang-2100.3.34.2)"," -O3 -DNDEBUG -DPITO_ECS_OWNED_DELETE_ATOMIC=1",8,100000,pito,owned_update,ecs_get,8,10,16,2.606000
aalair,"Apple M3",8,"Darwin 27.0.0 arm64","Apple LLVM 21.0.0 (clang-2100.3.34.2)"," -O3 -DNDEBUG -DPITO_ECS_OWNED_DELETE_ATOMIC=1",8,100000,pito,owned_update,ecs_get,8,10,17,2.624000
aalair,"Apple M3",8,"Darwin 27.0.0 arm64","Apple LLVM 21.0.0 (clang-2100.3.34.2)"," -O3 -DNDEBUG -DPITO_ECS_OWNED_DELETE_ATOMIC=1",8,100000,pito,owned_update,ecs_get,8,10,18,2.623000
aalair,"Apple M3",8,"Darwin 27.0.0 arm64","Apple LLVM 21.0.0 (clang-2100.3.34.2)"," -O3 -DNDEBUG -DPITO_ECS_OWNED_DELETE_ATOMIC=1",8,100000,pito,owned_update,ecs_get,8,10,19,2.624000
aalair,"Apple M3",8,"Darwin 27.0.0 arm64","Apple LLVM 21.0.0 (clang-2100.3.34.2)"," -O3 -DNDEBUG -DPITO_ECS_OWNED_DELETE_ATOMIC=1",8,100000,pito,owned_update,ecs_get,8,500,1,68.252000
aalair,"Apple M3",8,"Darwin 27.0.0 arm64","Apple LLVM 21.0.0 (clang-2100.3.34.2)"," -O3 -DNDEBUG -DPITO_ECS_OWNED_DELETE_ATOMIC=1",8,100000,pito,owned_update,ecs_get,8,500,2,64.077000
aalair,"Apple M3",8,"Darwin 27.0.0 arm64","Apple LLVM 21.0.0 (clang-2100.3.34.2)"," -O3 -DNDEBUG -DPITO_ECS_OWNED_DELETE_ATOMIC=1",8,100000,pito,owned_update,ecs_get,8,500,3,66.449000
aalair,"Apple M3",8,"Darwin 27.0.0 arm64","Apple LLVM 21.0.0 (clang-2100.3.34.2)"," -O3 -DNDEBUG -DPITO_ECS_OWNED_DELETE_ATOMIC=1",8,100000,pito,owned_update,ecs_get,8,500,4,67.046000
aalair,"Apple M3",8,"Darwin 27.0.0 arm64","Apple LLVM 21.0.0 (clang-2100.3.34.2)"," -O3 -DNDEBUG -DPITO_ECS_OWNED_DELETE_ATOMIC=1",8,100000,pito,owned_update,ecs_get,8,500,5,64.141000
aalair,"Apple M3",8,"Darwin 27.0.0 arm64","Apple LLVM 21.0.0 (clang-2100.3.34.2)"," -O3 -DNDEBUG -DPITO_ECS_OWNED_DELETE_ATOMIC=1",8,100000,pito,owned_update,ecs_get,8,500,6,65.465000
aalair,"Apple M3",8,"Darwin 27.0.0 arm64","Apple LLVM 21.0.0 (clang-2100.3.34.2)"," -O3 -DNDEBUG -DPITO_ECS_OWNED_DELETE_ATOMIC=1",8,100000,pito,owned_update,ecs_get,8,500,7,66.536000
aalair,"Apple M3",8,"Darwin 27.0.0 arm64","Apple LLVM 21.0.0 (clang-2100.3.34.2)"," -O3 -DNDEBUG -DPITO_ECS_OWNED_DELETE_ATOMIC=1",8,100000,pito,owned_update,ecs_get,8,500,8,66.725000
aalair,"Apple M3",8,"Darwin 27.0.0 arm64","Apple LLVM 21.0.0 (clang-2100.3.34.2)"," -O3 -DNDEBUG -DPITO_ECS_OWNED_DELETE_ATOMIC=1",8,100000,pito,owned_update,ecs_get,8,500,9,64.033000
aalair,"Apple M3",8,"Darwin 27.0.0 arm64","Apple LLVM 21.0.0 (clang-2100.3.34.2)"," -O3 -DNDEBUG -DPITO_ECS_OWNED_DELETE_ATOMIC=1",8,100000,pito,owned_update,ecs_get,8,500,10,66.332000
aalair,"Apple M3",8,"Darwin 27.0.0 arm64","Apple LLVM 21.0.0 (clang-2100.3.34.2)"," -O3 -DNDEBUG -DPITO_ECS_OWNED_DELETE_ATOMIC=1",8,100000,pito,owned_update,ecs_get_raw,1,0,1,0.333000
aalair,"Apple M3",8,"Darwin 27.0.0 arm64","Apple LLVM 21.0.0 (clang-2100.3.34.2)"," -O3 -DNDEBUG -DPITO_ECS_OWNED_DELETE_ATOMIC=1",8,100000,pito,owned_update,ecs_get_raw,1,0,2,0.328000
aalair,"Apple M3",8,"Darwin 27.0.0 arm64","Apple LLVM 21.0.0 (clang-2100.3.34.2)"," -O3 -DNDEBUG -DPITO_ECS_OWNED_DELETE_ATOMIC=1",8,100000,pito,owned_update,ecs_get_raw,1,0,3,0.329000
aalair,"Apple M3",8,"Darwin 27.0.0 arm64","Apple LLVM 21.0.0 (clang-2100.3.34.2)"," -O3 -DNDEBUG -DPITO_ECS_OWNED_DELETE_ATOMIC=1",8,100000,pito,owned_update,ecs_get_raw,1,0,4,0.332000
aalair,"Apple M3",8,"Darwin 27.0.0 arm64","Apple LLVM 21.0.0 (clang-2100.3.34.2)"," -O3 -DNDEBUG -DPITO_ECS_OWNED_DELETE_ATOMIC=1",8,100000,pito,owned_update,ecs_get_raw,1,0,5,0.331000
aalair,"Apple M3",8,"Darwin 27.0.0 arm64","Apple LLVM 21.0.0 (clang-2100.3.34.2)"," -O3 -DNDEBUG -DPITO_ECS_OWNED_DELETE_ATOMIC=1",8,100000,pito,owned_update,ecs_get_raw,1,0,6,0.330000
aalair,"Apple M3",8,"Darwin 27.0.0 arm64","Apple LLVM 21.0.0 (clang-2100.3.34.2)"," -O3 -DNDEBUG -DPITO_ECS_OWNED_DELETE_ATOMIC=1",8,100000,pito,owned_update,ecs_get_raw,1,0,7,0.331000
aalair,"Apple M3",8,"Darwin 27.0.0 arm64","Apple LLVM 21.0.0 (clang-2100.3.34.2)"," -O3 -DNDEBUG -DPITO_ECS_OWNED_DELETE_ATOMIC=1",8,100000,pito,owned_update,ecs_get_raw,1,0,8,0.332000
aalair,"Apple M3",8,"Darwin 27.0.0 arm64","Apple LLVM 21.0.0 (clang-2100.3.34.2)"," -O3 -DNDEBUG -DPITO_ECS_OWNED_DELETE_ATOMIC=1",8,100000,pito,owned_update,ecs_get_raw,1,0,9,0.338000
aalair,"Apple M3",8,"Darwin 27.0.0 arm64","Apple LLVM 21.0.0 (clang-2100.3.34.2)"," -O3 -DNDEBUG -DPITO_ECS_OWNED_DELETE_ATOMIC=1",8,100000,pito,owned_update,ecs_get_raw,1,0,10,0.342000
aalair,"Apple M3",8,"Darwin 27.0.0 arm64","Apple LLVM 21.0.0 (clang-2100.3.34.2)"," -O3 -DNDEBUG -DPITO_ECS_OWNED_DELETE_ATOMIC=1",8,100000,pito,owned_update,ecs_get_raw,1,10,1,2.646000
aalair,"Apple M3",8,"Darwin 27.0.0 arm64","Apple LLVM 21.0.0 (clang-2100.3.34.2)"," -O3 -DNDEBUG -DPITO_ECS_OWNED_DELETE_ATOMIC=1",8,100000,pito,owned_update,ecs_get_raw,1,10,2,2.646000
aalair,"Apple M3",8,"Darwin 27.0.0 arm64","Apple LLVM 21.0.0 (clang-2100.3.34.2)"," -O3 -DNDEBUG -DPITO_ECS_OWNED_DELETE_ATOMIC=1",8,100000,pito,owned_update,ecs_get_raw,1,10,3,2.667000
aalair,"Apple M3",8,"Darwin 27.0.0 arm64","Apple LLVM 21.0.0 (clang-2100.3.34.2)"," -O3 -DNDEBUG -DPITO_ECS_OWNED_DELETE_ATOMIC=1",8,100000,pito,owned_update,ecs_get_raw,1,10,4,2.458000
aalair,"Apple M3",8,"Darwin 27.0.0 arm64","Apple LLVM 21.0.0 (clang-2100.3.34.2)"," -O3 -DNDEBUG -DPITO_ECS_OWNED_DELETE_ATOMIC=1",8,100000,pito,owned_update,ecs_get_raw,1,10,5,2.502000
aalair,"Apple M3",8,"Darwin 27.0.0 arm64","Apple LLVM 21.0.0 (clang-2100.3.34.2)"," -O3 -DNDEBUG -DPITO_ECS_OWNED_DELETE_ATOMIC=1",8,100000,pito,owned_update,ecs_get_raw,1,10,6,2.482000
aalair,"Apple M3",8,"Darwin 27.0.0 arm64","Apple LLVM 21.0.0 (clang-2100.3.34.2)"," -O3 -DNDEBUG -DPITO_ECS_OWNED_DELETE_ATOMIC=1",8,100000,pito,owned_update,ecs_get_raw,1,10,7,2.471000
aalair,"Apple M3",8,"Darwin 27.0.0 arm64","Apple LLVM 21.0.0 (clang-2100.3.34.2)"," -O3 -DNDEBUG -DPITO_ECS_OWNED_DELETE_ATOMIC=1",8,100000,pito,owned_update,ecs_get_raw,1,10,8,2.437000
aalair,"Apple M3",8,"Darwin 27.0.0 arm64","Apple LLVM 21.0.0 (clang-2100.3.34.2)"," -O3 -DNDEBUG -DPITO_ECS_OWNED_DELETE_ATOMIC=1",8,100000,pito,owned_update,ecs_get_raw,1,10,9,2.505000
aalair,"Apple M3",8,"Darwin 27.0.0 arm64","Apple LLVM 21.0.0 (clang-2100.3.34.2)"," -O3 -DNDEBUG -DPITO_ECS_OWNED_DELETE_ATOMIC=1",8,100000,pito,owned_update,ecs_get_raw,1,10,10,2.488000
aalair,"Apple M3",8,"Darwin 27.0.0 arm64","Apple LLVM 21.0.0 (clang-2100.3.34.2)"," -O3 -DNDEBUG -DPITO_ECS_OWNED_DELETE_ATOMIC=1",8,100000,pito,owned_update,ecs_get_raw,1,10,11,2.510000
aalair,"Apple M3",8,"Darwin 27.0.0 arm64","Apple LLVM 21.0.0 (clang-2100.3.34.2)"," -O3 -DNDEBUG -DPITO_ECS_OWNED_DELETE_ATOMIC=1",8,100000,pito,owned_update,ecs_get_raw,1,10,12,2.482000
aalair,"Apple M3",8,"Darwin 27.0.0 arm64","Apple LLVM 21.0.0 (clang-2100.3.34.2)"," -O3 -DNDEBUG -DPITO_ECS_OWNED_DELETE_ATOMIC=1",8,100000,pito,owned_update,ecs_get_raw,1,10,13,2.439000
aalair,"Apple M3",8,"Darwin 27.0.0 arm64","Apple LLVM 21.0.0 (clang-2100.3.34.2)"," -O3 -DNDEBUG -DPITO_ECS_OWNED_DELETE_ATOMIC=1",8,100000,pito,owned_update,ecs_get_raw,1,10,14,2.465000
aalair,"Apple M3",8,"Darwin 27.0.0 arm64","Apple LLVM 21.0.0 (clang-2100.3.34.2)"," -O3 -DNDEBUG -DPITO_ECS_OWNED_DELETE_ATOMIC=1",8,100000,pito,owned_update,ecs_get_raw,1,10,15,2.481000
aalair,"Apple M3",8,"Darwin 27.0.0 arm64","Apple LLVM 21.0.0 (clang-2100.3.34.2)"," -O3 -DNDEBUG -DPITO_ECS_OWNED_DELETE_ATOMIC=1",8,100000,pito,owned_update,ecs_get_raw,1,10,16,2.456000
aalair,"Apple M3",8,"Darwin 27.0.0 arm64","Apple LLVM 21.0.0 (clang-2100.3.34.2)"," -O3 -DNDEBUG -DPITO_ECS_OWNED_DELETE_ATOMIC=1",8,100000,pito,owned_update,ecs_get_raw,1,500,1,338.634000
aalair,"Apple M3",8,"Darwin 27.0.0 arm64","Apple LLVM 21.0.0 (clang-2100.3.34.2)"," -O3 -DNDEBUG -DPITO_ECS_OWNED_DELETE_ATOMIC=1",8,100000,pito,owned_update,ecs_get_raw,1,500,2,338.533000
aalair,"Apple M3",8,"Darwin 27.0.0 arm64","Apple LLVM 21.0.0 (clang-2100.3.34.2)"," -O3 -DNDEBUG -DPITO_ECS_OWNED_DELETE_ATOMIC=1",8,100000,pito,owned_update,ecs_get_raw,1,500,3,338.672000
aalair,"Apple M3",8,"Darwin 27.0.0 arm64","Apple LLVM 21.0.0 (clang-2100.3.34.2)"," -O3 -DNDEBUG -DPITO_ECS_OWNED_DELETE_ATOMIC=1",8,100000,pito,owned_update,ecs_get_raw,1,500,4,338.537000
aalair,"Apple M3",8,"Darwin 27.0.0 arm64","Apple LLVM 21.0.0 (clang-2100.3.34.2)"," -O3 -DNDEBUG -DPITO_ECS_OWNED_DELETE_ATOMIC=1",8,100000,pito,owned_update,ecs_get_raw,1,500,5,338.705000
aalair,"Apple M3",8,"Darwin 27.0.0 arm64","Apple LLVM 21.0.0 (clang-2100.3.34.2)"," -O3 -DNDEBUG -DPITO_ECS_OWNED_DELETE_ATOMIC=1",8,100000,pito,owned_update,ecs_get_raw,1,500,6,338.549000
aalair,"Apple M3",8,"Darwin 27.0.0 arm64","Apple LLVM 21.0.0 (clang-2100.3.34.2)"," -O3 -DNDEBUG -DPITO_ECS_OWNED_DELETE_ATOMIC=1",8,100000,pito,owned_update,ecs_get_raw,1,500,7,338.486000
aalair,"Apple M3",8,"Darwin 27.0.0 arm64","Apple LLVM 21.0.0 (clang-2100.3.34.2)"," -O3 -DNDEBUG -DPITO_ECS_OWNED_DELETE_ATOMIC=1",8,100000,pito,owned_update,ecs_get_raw,1,500,8,338.643000
aalair,"Apple M3",8,"Darwin 27.0.0 arm64","Apple LLVM 21.0.0 (clang-2100.3.34.2)"," -O3 -DNDEBUG -DPITO_ECS_OWNED_DELETE_ATOMIC=1",8,100000,pito,owned_update,ecs_get_raw,1,500,9,338.538000
aalair,"Apple M3",8,"Darwin 27.0.0 arm64","Apple LLVM 21.0.0 (clang-2100.3.34.2)"," -O3 -DNDEBUG -DPITO_ECS_OWNED_DELETE_ATOMIC=1",8,100000,pito,owned_update,ecs_get_raw,1,500,10,338.485000
aalair,"Apple M3",8,"Darwin 27.0.0 arm64","Apple LLVM 21.0.0 (clang-2100.3.34.2)"," -O3 -DNDEBUG -DPITO_ECS_OWNED_DELETE_ATOMIC=1",8,100000,pito,owned_update,ecs_get_raw,2,0,1,0.176000
aalair,"Apple M3",8,"Darwin 27.0.0 arm64","Apple LLVM 21.0.0 (clang-2100.3.34.2)"," -O3 -DNDEBUG -DPITO_ECS_OWNED_DELETE_ATOMIC=1",8,100000,pito,owned_update,ecs_get_raw,2,0,2,0.239000
aalair,"Apple M3",8,"Darwin 27.0.0 arm64","Apple LLVM 21.0.0 (clang-2100.3.34.2)"," -O3 -DNDEBUG -DPITO_ECS_OWNED_DELETE_ATOMIC=1",8,100000,pito,owned_update,ecs_get_raw,2,0,3,0.171000
aalair,"Apple M3",8,"Darwin 27.0.0 arm64","Apple LLVM 21.0.0 (clang-2100.3.34.2)"," -O3 -DNDEBUG -DPITO_ECS_OWNED_DELETE_ATOMIC=1",8,100000,pito,owned_update,ecs_get_raw,2,0,4,0.179000
aalair,"Apple M3",8,"Darwin 27.0.0 arm64","Apple LLVM 21.0.0 (clang-2100.3.34.2)"," -O3 -DNDEBUG -DPITO_ECS_OWNED_DELETE_ATOMIC=1",8,100000,pito,owned_update,ecs_get_raw,2,0,5,0.181000
aalair,"Apple M3",8,"Darwin 27.0.0 arm64","Apple LLVM 21.0.0 (clang-2100.3.34.2)"," -O3 -DNDEBUG -DPITO_ECS_OWNED_DELETE_ATOMIC=1",8,100000,pito,owned_update,ecs_get_raw,2,0,6,0.174000
aalair,"Apple M3",8,"Darwin 27.0.0 arm64","Apple LLVM 21.0.0 (clang-2100.3.34.2)"," -O3 -DNDEBUG -DPITO_ECS_OWNED_DELETE_ATOMIC=1",8,100000,pito,owned_update,ecs_get_raw,2,0,7,0.182000
aalair,"Apple M3",8,"Darwin 27.0.0 arm64","Apple LLVM 21.0.0 (clang-2100.3.34.2)"," -O3 -DNDEBUG -DPITO_ECS_OWNED_DELETE_ATOMIC=1",8,100000,pito,owned_update,ecs_get_raw,2,0,8,0.183000
aalair,"Apple M3",8,"Darwin 27.0.0 arm64","Apple LLVM 21.0.0 (clang-2100.3.34.2)"," -O3 -DNDEBUG -DPITO_ECS_OWNED_DELETE_ATOMIC=1",8,100000,pito,owned_update,ecs_get_raw,2,0,9,0.183000
aalair,"Apple M3",8,"Darwin 27.0.0 arm64","Apple LLVM 21.0.0 (clang-2100.3.34.2)"," -O3 -DNDEBUG -DPITO_ECS_OWNED_DELETE_ATOMIC=1",8,100000,pito,owned_update,ecs_get_raw,2,0,10,0.187000
aalair,"Apple M3",8,"Darwin 27.0.0 arm64","Apple LLVM 21.0.0 (clang-2100.3.34.2)"," -O3 -DNDEBUG -DPITO_ECS_OWNED_DELETE_ATOMIC=1",8,100000,pito,owned_update,ecs_get_raw,2,0,11,0.187000
aalair,"Apple M3",8,"Darwin 27.0.0 arm64","Apple LLVM 21.0.0 (clang-2100.3.34.2)"," -O3 -DNDEBUG -DPITO_ECS_OWNED_DELETE_ATOMIC=1",8,100000,pito,owned_update,ecs_get_raw,2,10,1,1.242000
aalair,"Apple M3",8,"Darwin 27.0.0 arm64","Apple LLVM 21.0.0 (clang-2100.3.34.2)"," -O3 -DNDEBUG -DPITO_ECS_OWNED_DELETE_ATOMIC=1",8,100000,pito,owned_update,ecs_get_raw,2,10,2,1.366000
aalair,"Apple M3",8,"Darwin 27.0.0 arm64","Apple LLVM 21.0.0 (clang-2100.3.34.2)"," -O3 -DNDEBUG -DPITO_ECS_OWNED_DELETE_ATOMIC=1",8,100000,pito,owned_update,ecs_get_raw,2,10,3,1.341000
aalair,"Apple M3",8,"Darwin 27.0.0 arm64","Apple LLVM 21.0.0 (clang-2100.3.34.2)"," -O3 -DNDEBUG -DPITO_ECS_OWNED_DELETE_ATOMIC=1",8,100000,pito,owned_update,ecs_get_raw,2,10,4,1.328000
aalair,"Apple M3",8,"Darwin 27.0.0 arm64","Apple LLVM 21.0.0 (clang-2100.3.34.2)"," -O3 -DNDEBUG -DPITO_ECS_OWNED_DELETE_ATOMIC=1",8,100000,pito,owned_update,ecs_get_raw,2,10,5,1.343000
aalair,"Apple M3",8,"Darwin 27.0.0 arm64","Apple LLVM 21.0.0 (clang-2100.3.34.2)"," -O3 -DNDEBUG -DPITO_ECS_OWNED_DELETE_ATOMIC=1",8,100000,pito,owned_update,ecs_get_raw,2,10,6,1.228000
aalair,"Apple M3",8,"Darwin 27.0.0 arm64","Apple LLVM 21.0.0 (clang-2100.3.34.2)"," -O3 -DNDEBUG -DPITO_ECS_OWNED_DELETE_ATOMIC=1",8,100000,pito,owned_update,ecs_get_raw,2,10,7,1.245000
aalair,"Apple M3",8,"Darwin 27.0.0 arm64","Apple LLVM 21.0.0 (clang-2100.3.34.2)"," -O3 -DNDEBUG -DPITO_ECS_OWNED_DELETE_ATOMIC=1",8,100000,pito,owned_update,ecs_get_raw,2,10,8,1.341000
aalair,"Apple M3",8,"Darwin 27.0.0 arm64","Apple LLVM 21.0.0 (clang-2100.3.34.2)"," -O3 -DNDEBUG -DPITO_ECS_OWNED_DELETE_ATOMIC=1",8,100000,pito,owned_update,ecs_get_raw,2,10,9,1.326000
aalair,"Apple M3",8,"Darwin 27.0.0 arm64","Apple LLVM 21.0.0 (clang-2100.3.34.2)"," -O3 -DNDEBUG -DPITO_ECS_OWNED_DELETE_ATOMIC=1",8,100000,pito,owned_update,ecs_get_raw,2,10,10,1.353000
aalair,"Apple M3",8,"Darwin 27.0.0 arm64","Apple LLVM 21.0.0 (clang-2100.3.34.2)"," -O3 -DNDEBUG -DPITO_ECS_OWNED_DELETE_ATOMIC=1",8,100000,pito,owned_update,ecs_get_raw,2,10,11,1.326000
aalair,"Apple M3",8,"Darwin 27.0.0 arm64","Apple LLVM 21.0.0 (clang-2100.3.34.2)"," -O3 -DNDEBUG -DPITO_ECS_OWNED_DELETE_ATOMIC=1",8,100000,pito,owned_update,ecs_get_raw,2,10,12,1.355000
aalair,"Apple M3",8,"Darwin 27.0.0 arm64","Apple LLVM 21.0.0 (clang-2100.3.34.2)"," -O3 -DNDEBUG -DPITO_ECS_OWNED_DELETE_ATOMIC=1",8,100000,pito,owned_update,ecs_get_raw,2,10,13,1.339000
aalair,"Apple M3",8,"Darwin 27.0.0 arm64","Apple LLVM 21.0.0 (clang-2100.3.34.2)"," -O3 -DNDEBUG -DPITO_ECS_OWNED_DELETE_ATOMIC=1",8,100000,pito,owned_update,ecs_get_raw,2,10,14,1.246000
aalair,"Apple M3",8,"Darwin 27.0.0 arm64","Apple LLVM 21.0.0 (clang-2100.3.34.2)"," -O3 -DNDEBUG -DPITO_ECS_OWNED_DELETE_ATOMIC=1",8,100000,pito,owned_update,ecs_get_raw,2,10,15,1.353000
aalair,"Apple M3",8,"Darwin 27.0.0 arm64","Apple LLVM 21.0.0 (clang-2100.3.34.2)"," -O3 -DNDEBUG -DPITO_ECS_OWNED_DELETE_ATOMIC=1",8,100000,pito,owned_update,ecs_get_raw,2,10,16,1.255000
aalair,"Apple M3",8,"Darwin 27.0.0 arm64","Apple LLVM 21.0.0 (clang-2100.3.34.2)"," -O3 -DNDEBUG -DPITO_ECS_OWNED_DELETE_ATOMIC=1",8,100000,pito,owned_update,ecs_get_raw,2,10,17,1.246000
aalair,"Apple M3",8,"Darwin 27.0.0 arm64","Apple LLVM 21.0.0 (clang-2100.3.34.2)"," -O3 -DNDEBUG -DPITO_ECS_OWNED_DELETE_ATOMIC=1",8,100000,pito,owned_update,ecs_get_raw,2,10,18,1.349000
aalair,"Apple M3",8,"Darwin 27.0.0 arm64","Apple LLVM 21.0.0 (clang-2100.3.34.2)"," -O3 -DNDEBUG -DPITO_ECS_OWNED_DELETE_ATOMIC=1",8,100000,pito,owned_update,ecs_get_raw,2,10,19,1.236000
aalair,"Apple M3",8,"Darwin 27.0.0 arm64","Apple LLVM 21.0.0 (clang-2100.3.34.2)"," -O3 -DNDEBUG -DPITO_ECS_OWNED_DELETE_ATOMIC=1",8,100000,pito,owned_update,ecs_get_raw,2,10,20,1.250000
aalair,"Apple M3",8,"Darwin 27.0.0 arm64","Apple LLVM 21.0.0 (clang-2100.3.34.2)"," -O3 -DNDEBUG -DPITO_ECS_OWNED_DELETE_ATOMIC=1",8,100000,pito,owned_update,ecs_get_raw,2,10,21,1.254000
aalair,"Apple M3",8,"Darwin 27.0.0 arm64","Apple LLVM 21.0.0 (clang-2100.3.34.2)"," -O3 -DNDEBUG -DPITO_ECS_OWNED_DELETE_ATOMIC=1",8,100000,pito,owned_update,ecs_get_raw,2,10,22,1.234000
aalair,"Apple M3",8,"Darwin 27.0.0 arm64","Apple LLVM 21.0.0 (clang-2100.3.34.2)"," -O3 -DNDEBUG -DPITO_ECS_OWNED_DELETE_ATOMIC=1",8,100000,pito,owned_update,ecs_get_raw,2,10,23,1.253000
aalair,"Apple M3",8,"Darwin 27.0.0 arm64","Apple LLVM 21.0.0 (clang-2100.3.34.2)"," -O3 -DNDEBUG -DPITO_ECS_OWNED_DELETE_ATOMIC=1",8,100000,pito,owned_update,ecs_get_raw,2,10,24,1.229000
aalair,"Apple M3",8,"Darwin 27.0.0 arm64","Apple LLVM 21.0.0 (clang-2100.3.34.2)"," -O3 -DNDEBUG -DPITO_ECS_OWNED_DELETE_ATOMIC=1",8,100000,pito,owned_update,ecs_get_raw,2,500,1,173.424000
aalair,"Apple M3",8,"Darwin 27.0.0 arm64","Apple LLVM 21.0.0 (clang-2100.3.34.2)"," -O3 -DNDEBUG -DPITO_ECS_OWNED_DELETE_ATOMIC=1",8,100000,pito,owned_update,ecs_get_raw,2,500,2,174.259000
aalair,"Apple M3",8,"Darwin 27.0.0 arm64","Apple LLVM 21.0.0 (clang-2100.3.34.2)"," -O3 -DNDEBUG -DPITO_ECS_OWNED_DELETE_ATOMIC=1",8,100000,pito,owned_update,ecs_get_raw,2,500,3,173.439000
aalair,"Apple M3",8,"Darwin 27.0.0 arm64","Apple LLVM 21.0.0 (clang-2100.3.34.2)"," -O3 -DNDEBUG -DPITO_ECS_OWNED_DELETE_ATOMIC=1",8,100000,pito,owned_update,ecs_get_raw,2,500,4,173.487000
aalair,"Apple M3",8,"Darwin 27.0.0 arm64","Apple LLVM 21.0.0 (clang-2100.3.34.2)"," -O3 -DNDEBUG -DPITO_ECS_OWNED_DELETE_ATOMIC=1",8,100000,pito,owned_update,ecs_get_raw,2,500,5,173.656000
aalair,"Apple M3",8,"Darwin 27.0.0 arm64","Apple LLVM 21.0.0 (clang-2100.3.34.2)"," -O3 -DNDEBUG -DPITO_ECS_OWNED_DELETE_ATOMIC=1",8,100000,pito,owned_update,ecs_get_raw,2,500,6,173.473000
aalair,"Apple M3",8,"Darwin 27.0.0 arm64","Apple LLVM 21.0.0 (clang-2100.3.34.2)"," -O3 -DNDEBUG -DPITO_ECS_OWNED_DELETE_ATOMIC=1",8,100000,pito,owned_update,ecs_get_raw,2,500,7,174.355000
aalair,"Apple M3",8,"Darwin 27.0.0 arm64","Apple LLVM 21.0.0 (clang-2100.3.34.2)"," -O3 -DNDEBUG -DPITO_ECS_OWNED_DELETE_ATOMIC=1",8,100000,pito,owned_update,ecs_get_raw,2,500,8,173.614000
aalair,"Apple M3",8,"Darwin 27.0.0 arm64","Apple LLVM 21.0.0 (clang-2100.3.34.2)"," -O3 -DNDEBUG -DPITO_ECS_OWNED_DELETE_ATOMIC=1",8,100000,pito,owned_update,ecs_get_raw,2,500,9,173.486000
aalair,"Apple M3",8,"Darwin 27.0.0 arm64","Apple LLVM 21.0.0 (clang-2100.3.34.2)"," -O3 -DNDEBUG -DPITO_ECS_OWNED_DELETE_ATOMIC=1",8,100000,pito,owned_update,ecs_get_raw,2,500,10,173.511000
aalair,"Apple M3",8,"Darwin 27.0.0 arm64","Apple LLVM 21.0.0 (clang-2100.3.34.2)"," -O3 -DNDEBUG -DPITO_ECS_OWNED_DELETE_ATOMIC=1",8,100000,pito,owned_update,ecs_get_raw,4,0,1,0.119000
aalair,"Apple M3",8,"Darwin 27.0.0 arm64","Apple LLVM 21.0.0 (clang-2100.3.34.2)"," -O3 -DNDEBUG -DPITO_ECS_OWNED_DELETE_ATOMIC=1",8,100000,pito,owned_update,ecs_get_raw,4,0,2,0.210000
aalair,"Apple M3",8,"Darwin 27.0.0 arm64","Apple LLVM 21.0.0 (clang-2100.3.34.2)"," -O3 -DNDEBUG -DPITO_ECS_OWNED_DELETE_ATOMIC=1",8,100000,pito,owned_update,ecs_get_raw,4,0,3,0.130000
aalair,"Apple M3",8,"Darwin 27.0.0 arm64","Apple LLVM 21.0.0 (clang-2100.3.34.2)"," -O3 -DNDEBUG -DPITO_ECS_OWNED_DELETE_ATOMIC=1",8,100000,pito,owned_update,ecs_get_raw,4,0,4,0.120000
aalair,"Apple M3",8,"Darwin 27.0.0 arm64","Apple LLVM 21.0.0 (clang-2100.3.34.2)"," -O3 -DNDEBUG -DPITO_ECS_OWNED_DELETE_ATOMIC=1",8,100000,pito,owned_update,ecs_get_raw,4,0,5,0.126000
aalair,"Apple M3",8,"Darwin 27.0.0 arm64","Apple LLVM 21.0.0 (clang-2100.3.34.2)"," -O3 -DNDEBUG -DPITO_ECS_OWNED_DELETE_ATOMIC=1",8,100000,pito,owned_update,ecs_get_raw,4,0,6,0.121000
aalair,"Apple M3",8,"Darwin 27.0.0 arm64","Apple LLVM 21.0.0 (clang-2100.3.34.2)"," -O3 -DNDEBUG -DPITO_ECS_OWNED_DELETE_ATOMIC=1",8,100000,pito,owned_update,ecs_get_raw,4,0,7,0.112000
aalair,"Apple M3",8,"Darwin 27.0.0 arm64","Apple LLVM 21.0.0 (clang-2100.3.34.2)"," -O3 -DNDEBUG -DPITO_ECS_OWNED_DELETE_ATOMIC=1",8,100000,pito,owned_update,ecs_get_raw,4,0,8,0.121000
aalair,"Apple M3",8,"Darwin 27.0.0 arm64","Apple LLVM 21.0.0 (clang-2100.3.34.2)"," -O3 -DNDEBUG -DPITO_ECS_OWNED_DELETE_ATOMIC=1",8,100000,pito,owned_update,ecs_get_raw,4,0,9,0.128000
aalair,"Apple M3",8,"Darwin 27.0.0 arm64","Apple LLVM 21.0.0 (clang-2100.3.34.2)"," -O3 -DNDEBUG -DPITO_ECS_OWNED_DELETE_ATOMIC=1",8,100000,pito,owned_update,ecs_get_raw,4,0,10,0.129000
aalair,"Apple M3",8,"Darwin 27.0.0 arm64","Apple LLVM 21.0.0 (clang-2100.3.34.2)"," -O3 -DNDEBUG -DPITO_ECS_OWNED_DELETE_ATOMIC=1",8,100000,pito,owned_update,ecs_get_raw,4,0,11,0.137000
aalair,"Apple M3",8,"Darwin 27.0.0 arm64","Apple LLVM 21.0.0 (clang-2100.3.34.2)"," -O3 -DNDEBUG -DPITO_ECS_OWNED_DELETE_ATOMIC=1",8,100000,pito,owned_update,ecs_get_raw,4,0,12,0.126000
aalair,"Apple M3",8,"Darwin 27.0.0 arm64","Apple LLVM 21.0.0 (clang-2100.3.34.2)"," -O3 -DNDEBUG -DPITO_ECS_OWNED_DELETE_ATOMIC=1",8,100000,pito,owned_update,ecs_get_raw,4,0,13,0.148000
aalair,"Apple M3",8,"Darwin 27.0.0 arm64","Apple LLVM 21.0.0 (clang-2100.3.34.2)"," -O3 -DNDEBUG -DPITO_ECS_OWNED_DELETE_ATOMIC=1",8,100000,pito,owned_update,ecs_get_raw,4,0,14,0.215000
aalair,"Apple M3",8,"Darwin 27.0.0 arm64","Apple LLVM 21.0.0 (clang-2100.3.34.2)"," -O3 -DNDEBUG -DPITO_ECS_OWNED_DELETE_ATOMIC=1",8,100000,pito,owned_update,ecs_get_raw,4,0,15,0.133000
aalair,"Apple M3",8,"Darwin 27.0.0 arm64","Apple LLVM 21.0.0 (clang-2100.3.34.2)"," -O3 -DNDEBUG -DPITO_ECS_OWNED_DELETE_ATOMIC=1",8,100000,pito,owned_update,ecs_get_raw,4,0,16,0.163000
aalair,"Apple M3",8,"Darwin 27.0.0 arm64","Apple LLVM 21.0.0 (clang-2100.3.34.2)"," -O3 -DNDEBUG -DPITO_ECS_OWNED_DELETE_ATOMIC=1",8,100000,pito,owned_update,ecs_get_raw,4,0,17,0.127000
aalair,"Apple M3",8,"Darwin 27.0.0 arm64","Apple LLVM 21.0.0 (clang-2100.3.34.2)"," -O3 -DNDEBUG -DPITO_ECS_OWNED_DELETE_ATOMIC=1",8,100000,pito,owned_update,ecs_get_raw,4,0,18,0.119000
aalair,"Apple M3",8,"Darwin 27.0.0 arm64","Apple LLVM 21.0.0 (clang-2100.3.34.2)"," -O3 -DNDEBUG -DPITO_ECS_OWNED_DELETE_ATOMIC=1",8,100000,pito,owned_update,ecs_get_raw,4,0,19,0.121000
aalair,"Apple M3",8,"Darwin 27.0.0 arm64","Apple LLVM 21.0.0 (clang-2100.3.34.2)"," -O3 -DNDEBUG -DPITO_ECS_OWNED_DELETE_ATOMIC=1",8,100000,pito,owned_update,ecs_get_raw,4,0,20,0.111000
aalair,"Apple M3",8,"Darwin 27.0.0 arm64","Apple LLVM 21.0.0 (clang-2100.3.34.2)"," -O3 -DNDEBUG -DPITO_ECS_OWNED_DELETE_ATOMIC=1",8,100000,pito,owned_update,ecs_get_raw,4,0,21,0.116000
aalair,"Apple M3",8,"Darwin 27.0.0 arm64","Apple LLVM 21.0.0 (clang-2100.3.34.2)"," -O3 -DNDEBUG -DPITO_ECS_OWNED_DELETE_ATOMIC=1",8,100000,pito,owned_update,ecs_get_raw,4,0,22,0.129000
aalair,"Apple M3",8,"Darwin 27.0.0 arm64","Apple LLVM 21.0.0 (clang-2100.3.34.2)"," -O3 -DNDEBUG -DPITO_ECS_OWNED_DELETE_ATOMIC=1",8,100000,pito,owned_update,ecs_get_raw,4,0,23,0.119000
aalair,"Apple M3",8,"Darwin 27.0.0 arm64","Apple LLVM 21.0.0 (clang-2100.3.34.2)"," -O3 -DNDEBUG -DPITO_ECS_OWNED_DELETE_ATOMIC=1",8,100000,pito,owned_update,ecs_get_raw,4,0,24,0.128000
aalair,"Apple M3",8,"Darwin 27.0.0 arm64","Apple LLVM 21.0.0 (clang-2100.3.34.2)"," -O3 -DNDEBUG -DPITO_ECS_OWNED_DELETE_ATOMIC=1",8,100000,pito,owned_update,ecs_get_raw,4,0,25,0.131000
aalair,"Apple M3",8,"Darwin 27.0.0 arm64","Apple LLVM 21.0.0 (clang-2100.3.34.2)"," -O3 -DNDEBUG -DPITO_ECS_OWNED_DELETE_ATOMIC=1",8,100000,pito,owned_update,ecs_get_raw,4,0,26,0.135000
aalair,"Apple M3",8,"Darwin 27.0.0 arm64","Apple LLVM 21.0.0 (clang-2100.3.34.2)"," -O3 -DNDEBUG -DPITO_ECS_OWNED_DELETE_ATOMIC=1",8,100000,pito,owned_update,ecs_get_raw,4,0,27,0.137000
aalair,"Apple M3",8,"Darwin 27.0.0 arm64","Apple LLVM 21.0.0 (clang-2100.3.34.2)"," -O3 -DNDEBUG -DPITO_ECS_OWNED_DELETE_ATOMIC=1",8,100000,pito,owned_update,ecs_get_raw,4,0,28,0.136000
aalair,"Apple M3",8,"Darwin 27.0.0 arm64","Apple LLVM 21.0.0 (clang-2100.3.34.2)"," -O3 -DNDEBUG -DPITO_ECS_OWNED_DELETE_ATOMIC=1",8,100000,pito,owned_update,ecs_get_raw,4,0,29,0.125000
aalair,"Apple M3",8,"Darwin 27.0.0 arm64","Apple LLVM 21.0.0 (clang-2100.3.34.2)"," -O3 -DNDEBUG -DPITO_ECS_OWNED_DELETE_ATOMIC=1",8,100000,pito,owned_update,ecs_get_raw,4,0,30,0.120000
aalair,"Apple M3",8,"Darwin 27.0.0 arm64","Apple LLVM 21.0.0 (clang-2100.3.34.2)"," -O3 -DNDEBUG -DPITO_ECS_OWNED_DELETE_ATOMIC=1",8,100000,pito,owned_update,ecs_get_raw,4,0,31,0.142000
aalair,"Apple M3",8,"Darwin 27.0.0 arm64","Apple LLVM 21.0.0 (clang-2100.3.34.2)"," -O3 -DNDEBUG -DPITO_ECS_OWNED_DELETE_ATOMIC=1",8,100000,pito,owned_update,ecs_get_raw,4,0,32,0.119000
aalair,"Apple M3",8,"Darwin 27.0.0 arm64","Apple LLVM 21.0.0 (clang-2100.3.34.2)"," -O3 -DNDEBUG -DPITO_ECS_OWNED_DELETE_ATOMIC=1",8,100000,pito,owned_update,ecs_get_raw,4,0,33,0.129000
aalair,"Apple M3",8,"Darwin 27.0.0 arm64","Apple LLVM 21.0.0 (clang-2100.3.34.2)"," -O3 -DNDEBUG -DPITO_ECS_OWNED_DELETE_ATOMIC=1",8,100000,pito,owned_update,ecs_get_raw,4,0,34,0.131000
aalair,"Apple M3",8,"Darwin 27.0.0 arm64","Apple LLVM 21.0.0 (clang-2100.3.34.2)"," -O3 -DNDEBUG -DPITO_ECS_OWNED_DELETE_ATOMIC=1",8,100000,pito,owned_update,ecs_get_raw,4,0,35,0.139000
aalair,"Apple M3",8,"Darwin 27.0.0 arm64","Apple LLVM 21.0.0 (clang-2100.3.34.2)"," -O3 -DNDEBUG -DPITO_ECS_OWNED_DELETE_ATOMIC=1",8,100000,pito,owned_update,ecs_get_raw,4,0,36,0.135000
aalair,"Apple M3",8,"Darwin 27.0.0 arm64","Apple LLVM 21.0.0 (clang-2100.3.34.2)"," -O3 -DNDEBUG -DPITO_ECS_OWNED_DELETE_ATOMIC=1",8,100000,pito,owned_update,ecs_get_raw,4,0,37,0.133000
aalair,"Apple M3",8,"Darwin 27.0.0 arm64","Apple LLVM 21.0.0 (clang-2100.3.34.2)"," -O3 -DNDEBUG -DPITO_ECS_OWNED_DELETE_ATOMIC=1",8,100000,pito,owned_update,ecs_get_raw,4,0,38,0.137000
aalair,"Apple M3",8,"Darwin 27.0.0 arm64","Apple LLVM 21.0.0 (clang-2100.3.34.2)"," -O3 -DNDEBUG -DPITO_ECS_OWNED_DELETE_ATOMIC=1",8,100000,pito,owned_update,ecs_get_raw,4,0,39,0.138000
aalair,"Apple M3",8,"Darwin 27.0.0 arm64","Apple LLVM 21.0.0 (clang-2100.3.34.2)"," -O3 -DNDEBUG -DPITO_ECS_OWNED_DELETE_ATOMIC=1",8,100000,pito,owned_update,ecs_get_raw,4,10,1,0.748000
aalair,"Apple M3",8,"Darwin 27.0.0 arm64","Apple LLVM 21.0.0 (clang-2100.3.34.2)"," -O3 -DNDEBUG -DPITO_ECS_OWNED_DELETE_ATOMIC=1",8,100000,pito,owned_update,ecs_get_raw,4,10,2,0.720000
aalair,"Apple M3",8,"Darwin 27.0.0 arm64","Apple LLVM 21.0.0 (clang-2100.3.34.2)"," -O3 -DNDEBUG -DPITO_ECS_OWNED_DELETE_ATOMIC=1",8,100000,pito,owned_update,ecs_get_raw,4,10,3,0.720000
aalair,"Apple M3",8,"Darwin 27.0.0 arm64","Apple LLVM 21.0.0 (clang-2100.3.34.2)"," -O3 -DNDEBUG -DPITO_ECS_OWNED_DELETE_ATOMIC=1",8,100000,pito,owned_update,ecs_get_raw,4,10,4,0.719000
aalair,"Apple M3",8,"Darwin 27.0.0 arm64","Apple LLVM 21.0.0 (clang-2100.3.34.2)"," -O3 -DNDEBUG -DPITO_ECS_OWNED_DELETE_ATOMIC=1",8,100000,pito,owned_update,ecs_get_raw,4,10,5,0.721000
aalair,"Apple M3",8,"Darwin 27.0.0 arm64","Apple LLVM 21.0.0 (clang-2100.3.34.2)"," -O3 -DNDEBUG -DPITO_ECS_OWNED_DELETE_ATOMIC=1",8,100000,pito,owned_update,ecs_get_raw,4,10,6,0.720000
aalair,"Apple M3",8,"Darwin 27.0.0 arm64","Apple LLVM 21.0.0 (clang-2100.3.34.2)"," -O3 -DNDEBUG -DPITO_ECS_OWNED_DELETE_ATOMIC=1",8,100000,pito,owned_update,ecs_get_raw,4,10,7,0.667000
aalair,"Apple M3",8,"Darwin 27.0.0 arm64","Apple LLVM 21.0.0 (clang-2100.3.34.2)"," -O3 -DNDEBUG -DPITO_ECS_OWNED_DELETE_ATOMIC=1",8,100000,pito,owned_update,ecs_get_raw,4,10,8,0.667000
aalair,"Apple M3",8,"Darwin 27.0.0 arm64","Apple LLVM 21.0.0 (clang-2100.3.34.2)"," -O3 -DNDEBUG -DPITO_ECS_OWNED_DELETE_ATOMIC=1",8,100000,pito,owned_update,ecs_get_raw,4,10,9,0.672000
aalair,"Apple M3",8,"Darwin 27.0.0 arm64","Apple LLVM 21.0.0 (clang-2100.3.34.2)"," -O3 -DNDEBUG -DPITO_ECS_OWNED_DELETE_ATOMIC=1",8,100000,pito,owned_update,ecs_get_raw,4,10,10,0.664000
aalair,"Apple M3",8,"Darwin 27.0.0 arm64","Apple LLVM 21.0.0 (clang-2100.3.34.2)"," -O3 -DNDEBUG -DPITO_ECS_OWNED_DELETE_ATOMIC=1",8,100000,pito,owned_update,ecs_get_raw,4,10,11,0.691000
aalair,"Apple M3",8,"Darwin 27.0.0 arm64","Apple LLVM 21.0.0 (clang-2100.3.34.2)"," -O3 -DNDEBUG -DPITO_ECS_OWNED_DELETE_ATOMIC=1",8,100000,pito,owned_update,ecs_get_raw,4,10,12,0.664000
aalair,"Apple M3",8,"Darwin 27.0.0 arm64","Apple LLVM 21.0.0 (clang-2100.3.34.2)"," -O3 -DNDEBUG -DPITO_ECS_OWNED_DELETE_ATOMIC=1",8,100000,pito,owned_update,ecs_get_raw,4,10,13,0.665000
aalair,"Apple M3",8,"Darwin 27.0.0 arm64","Apple LLVM 21.0.0 (clang-2100.3.34.2)"," -O3 -DNDEBUG -DPITO_ECS_OWNED_DELETE_ATOMIC=1",8,100000,pito,owned_update,ecs_get_raw,4,500,1,94.288000
aalair,"Apple M3",8,"Darwin 27.0.0 arm64","Apple LLVM 21.0.0 (clang-2100.3.34.2)"," -O3 -DNDEBUG -DPITO_ECS_OWNED_DELETE_ATOMIC=1",8,100000,pito,owned_update,ecs_get_raw,4,500,2,94.287000
aalair,"Apple M3",8,"Darwin 27.0.0 arm64","Apple LLVM 21.0.0 (clang-2100.3.34.2)"," -O3 -DNDEBUG -DPITO_ECS_OWNED_DELETE_ATOMIC=1",8,100000,pito,owned_update,ecs_get_raw,4,500,3,94.347000
aalair,"Apple M3",8,"Darwin 27.0.0 arm64","Apple LLVM 21.0.0 (clang-2100.3.34.2)"," -O3 -DNDEBUG -DPITO_ECS_OWNED_DELETE_ATOMIC=1",8,100000,pito,owned_update,ecs_get_raw,4,500,4,94.325000
aalair,"Apple M3",8,"Darwin 27.0.0 arm64","Apple LLVM 21.0.0 (clang-2100.3.34.2)"," -O3 -DNDEBUG -DPITO_ECS_OWNED_DELETE_ATOMIC=1",8,100000,pito,owned_update,ecs_get_raw,4,500,5,94.284000
aalair,"Apple M3",8,"Darwin 27.0.0 arm64","Apple LLVM 21.0.0 (clang-2100.3.34.2)"," -O3 -DNDEBUG -DPITO_ECS_OWNED_DELETE_ATOMIC=1",8,100000,pito,owned_update,ecs_get_raw,4,500,6,94.291000
aalair,"Apple M3",8,"Darwin 27.0.0 arm64","Apple LLVM 21.0.0 (clang-2100.3.34.2)"," -O3 -DNDEBUG -DPITO_ECS_OWNED_DELETE_ATOMIC=1",8,100000,pito,owned_update,ecs_get_raw,4,500,7,94.296000
aalair,"Apple M3",8,"Darwin 27.0.0 arm64","Apple LLVM 21.0.0 (clang-2100.3.34.2)"," -O3 -DNDEBUG -DPITO_ECS_OWNED_DELETE_ATOMIC=1",8,100000,pito,owned_update,ecs_get_raw,4,500,8,94.293000
aalair,"Apple M3",8,"Darwin 27.0.0 arm64","Apple LLVM 21.0.0 (clang-2100.3.34.2)"," -O3 -DNDEBUG -DPITO_ECS_OWNED_DELETE_ATOMIC=1",8,100000,pito,owned_update,ecs_get_raw,4,500,9,95.629000
aalair,"Apple M3",8,"Darwin 27.0.0 arm64","Apple LLVM 21.0.0 (clang-2100.3.34.2)"," -O3 -DNDEBUG -DPITO_ECS_OWNED_DELETE_ATOMIC=1",8,100000,pito,owned_update,ecs_get_raw,4,500,10,94.336000
aalair,"Apple M3",8,"Darwin 27.0.0 arm64","Apple LLVM 21.0.0 (clang-2100.3.34.2)"," -O3 -DNDEBUG -DPITO_ECS_OWNED_DELETE_ATOMIC=1",8,100000,pito,owned_update,ecs_get_raw,8,0,1,0.135000
aalair,"Apple M3",8,"Darwin 27.0.0 arm64","Apple LLVM 21.0.0 (clang-2100.3.34.2)"," -O3 -DNDEBUG -DPITO_ECS_OWNED_DELETE_ATOMIC=1",8,100000,pito,owned_update,ecs_get_raw,8,0,2,0.137000
aalair,"Apple M3",8,"Darwin 27.0.0 arm64","Apple LLVM 21.0.0 (clang-2100.3.34.2)"," -O3 -DNDEBUG -DPITO_ECS_OWNED_DELETE_ATOMIC=1",8,100000,pito,owned_update,ecs_get_raw,8,0,3,0.141000
aalair,"Apple M3",8,"Darwin 27.0.0 arm64","Apple LLVM 21.0.0 (clang-2100.3.34.2)"," -O3 -DNDEBUG -DPITO_ECS_OWNED_DELETE_ATOMIC=1",8,100000,pito,owned_update,ecs_get_raw,8,0,4,0.135000
aalair,"Apple M3",8,"Darwin 27.0.0 arm64","Apple LLVM 21.0.0 (clang-2100.3.34.2)"," -O3 -DNDEBUG -DPITO_ECS_OWNED_DELETE_ATOMIC=1",8,100000,pito,owned_update,ecs_get_raw,8,0,5,0.139000
aalair,"Apple M3",8,"Darwin 27.0.0 arm64","Apple LLVM 21.0.0 (clang-2100.3.34.2)"," -O3 -DNDEBUG -DPITO_ECS_OWNED_DELETE_ATOMIC=1",8,100000,pito,owned_update,ecs_get_raw,8,0,6,0.139000
aalair,"Apple M3",8,"Darwin 27.0.0 arm64","Apple LLVM 21.0.0 (clang-2100.3.34.2)"," -O3 -DNDEBUG -DPITO_ECS_OWNED_DELETE_ATOMIC=1",8,100000,pito,owned_update,ecs_get_raw,8,0,7,0.135000
aalair,"Apple M3",8,"Darwin 27.0.0 arm64","Apple LLVM 21.0.0 (clang-2100.3.34.2)"," -O3 -DNDEBUG -DPITO_ECS_OWNED_DELETE_ATOMIC=1",8,100000,pito,owned_update,ecs_get_raw,8,0,8,0.135000
aalair,"Apple M3",8,"Darwin 27.0.0 arm64","Apple LLVM 21.0.0 (clang-2100.3.34.2)"," -O3 -DNDEBUG -DPITO_ECS_OWNED_DELETE_ATOMIC=1",8,100000,pito,owned_update,ecs_get_raw,8,0,9,0.137000
aalair,"Apple M3",8,"Darwin 27.0.0 arm64","Apple LLVM 21.0.0 (clang-2100.3.34.2)"," -O3 -DNDEBUG -DPITO_ECS_OWNED_DELETE_ATOMIC=1",8,100000,pito,owned_update,ecs_get_raw,8,0,10,0.137000
aalair,"Apple M3",8,"Darwin 27.0.0 arm64","Apple LLVM 21.0.0 (clang-2100.3.34.2)"," -O3 -DNDEBUG -DPITO_ECS_OWNED_DELETE_ATOMIC=1",8,100000,pito,owned_update,ecs_get_raw,8,10,1,0.543000
aalair,"Apple M3",8,"Darwin 27.0.0 arm64","Apple LLVM 21.0.0 (clang-2100.3.34.2)"," -O3 -DNDEBUG -DPITO_ECS_OWNED_DELETE_ATOMIC=1",8,100000,pito,owned_update,ecs_get_raw,8,10,2,0.545000
aalair,"Apple M3",8,"Darwin 27.0.0 arm64","Apple LLVM 21.0.0 (clang-2100.3.34.2)"," -O3 -DNDEBUG -DPITO_ECS_OWNED_DELETE_ATOMIC=1",8,100000,pito,owned_update,ecs_get_raw,8,10,3,0.542000
aalair,"Apple M3",8,"Darwin 27.0.0 arm64","Apple LLVM 21.0.0 (clang-2100.3.34.2)"," -O3 -DNDEBUG -DPITO_ECS_OWNED_DELETE_ATOMIC=1",8,100000,pito,owned_update,ecs_get_raw,8,10,4,0.552000
aalair,"Apple M3",8,"Darwin 27.0.0 arm64","Apple LLVM 21.0.0 (clang-2100.3.34.2)"," -O3 -DNDEBUG -DPITO_ECS_OWNED_DELETE_ATOMIC=1",8,100000,pito,owned_update,ecs_get_raw,8,10,5,0.543000
aalair,"Apple M3",8,"Darwin 27.0.0 arm64","Apple LLVM 21.0.0 (clang-2100.3.34.2)"," -O3 -DNDEBUG -DPITO_ECS_OWNED_DELETE_ATOMIC=1",8,100000,pito,owned_update,ecs_get_raw,8,10,6,0.545000
aalair,"Apple M3",8,"Darwin 27.0.0 arm64","Apple LLVM 21.0.0 (clang-2100.3.34.2)"," -O3 -DNDEBUG -DPITO_ECS_OWNED_DELETE_ATOMIC=1",8,100000,pito,owned_update,ecs_get_raw,8,10,7,0.545000
aalair,"Apple M3",8,"Darwin 27.0.0 arm64","Apple LLVM 21.0.0 (clang-2100.3.34.2)"," -O3 -DNDEBUG -DPITO_ECS_OWNED_DELETE_ATOMIC=1",8,100000,pito,owned_update,ecs_get_raw,8,10,8,0.542000
aalair,"Apple M3",8,"Darwin 27.0.0 arm64","Apple LLVM 21.0.0 (clang-2100.3.34.2)"," -O3 -DNDEBUG -DPITO_ECS_OWNED_DELETE_ATOMIC=1",8,100000,pito,owned_update,ecs_get_raw,8,10,9,0.539000
aalair,"Apple M3",8,"Darwin 27.0.0 arm64","Apple LLVM 21.0.0 (clang-2100.3.34.2)"," -O3 -DNDEBUG -DPITO_ECS_OWNED_DELETE_ATOMIC=1",8,100000,pito,owned_update,ecs_get_raw,8,10,10,0.539000
aalair,"Apple M3",8,"Darwin 27.0.0 arm64","Apple LLVM 21.0.0 (clang-2100.3.34.2)"," -O3 -DNDEBUG -DPITO_ECS_OWNED_DELETE_ATOMIC=1",8,100000,pito,owned_update,ecs_get_raw,8,500,1,56.750000
aalair,"Apple M3",8,"Darwin 27.0.0 arm64","Apple LLVM 21.0.0 (clang-2100.3.34.2)"," -O3 -DNDEBUG -DPITO_ECS_OWNED_DELETE_ATOMIC=1",8,100000,pito,owned_update,ecs_get_raw,8,500,2,57.906000
aalair,"Apple M3",8,"Darwin 27.0.0 arm64","Apple LLVM 21.0.0 (clang-2100.3.34.2)"," -O3 -DNDEBUG -DPITO_ECS_OWNED_DELETE_ATOMIC=1",8,100000,pito,owned_update,ecs_get_raw,8,500,3,58.748000
aalair,"Apple M3",8,"Darwin 27.0.0 arm64","Apple LLVM 21.0.0 (clang-2100.3.34.2)"," -O3 -DNDEBUG -DPITO_ECS_OWNED_DELETE_ATOMIC=1",8,100000,pito,owned_update,ecs_get_raw,8,500,4,59.018000
aalair,"Apple M3",8,"Darwin 27.0.0 arm64","Apple LLVM 21.0.0 (clang-2100.3.34.2)"," -O3 -DNDEBUG -DPITO_ECS_OWNED_DELETE_ATOMIC=1",8,100000,pito,owned_update,ecs_get_raw,8,500,5,61.928000
aalair,"Apple M3",8,"Darwin 27.0.0 arm64","Apple LLVM 21.0.0 (clang-2100.3.34.2)"," -O3 -DNDEBUG -DPITO_ECS_OWNED_DELETE_ATOMIC=1",8,100000,pito,owned_update,ecs_get_raw,8,500,6,57.626000
aalair,"Apple M3",8,"Darwin 27.0.0 arm64","Apple LLVM 21.0.0 (clang-2100.3.34.2)"," -O3 -DNDEBUG -DPITO_ECS_OWNED_DELETE_ATOMIC=1",8,100000,pito,owned_update,ecs_get_raw,8,500,7,57.105000
aalair,"Apple M3",8,"Darwin 27.0.0 arm64","Apple LLVM 21.0.0 (clang-2100.3.34.2)"," -O3 -DNDEBUG -DPITO_ECS_OWNED_DELETE_ATOMIC=1",8,100000,pito,owned_update,ecs_get_raw,8,500,8,58.598000
aalair,"Apple M3",8,"Darwin 27.0.0 arm64","Apple LLVM 21.0.0 (clang-2100.3.34.2)"," -O3 -DNDEBUG -DPITO_ECS_OWNED_DELETE_ATOMIC=1",8,100000,pito,owned_update,ecs_get_raw,8,500,9,58.653000
aalair,"Apple M3",8,"Darwin 27.0.0 arm64","Apple LLVM 21.0.0 (clang-2100.3.34.2)"," -O3 -DNDEBUG -DPITO_ECS_OWNED_DELETE_ATOMIC=1",8,100000,pito,owned_update,ecs_get_raw,8,500,10,58.025000
aalair,"Apple M3",8,"Darwin 27.0.0 arm64","Apple LLVM 21.0.0 (clang-2100.3.34.2)"," -O3 -DNDEBUG -DPITO_ECS_OWNED_DELETE_ATOMIC=1",8,100000,pito,owned_update,ecs_get_raw,8,500,11,58.120000
aalair,"Apple M3",8,"Darwin 27.0.0 arm64","Apple LLVM 21.0.0 (clang-2100.3.34.2)"," -O3 -DNDEBUG",8,100000,pico,owned_insert,,1,0,1,10.945000
aalair,"Apple M3",8,"Darwin 27.0.0 arm64","Apple LLVM 21.0.0 (clang-2100.3.34.2)"," -O3 -DNDEBUG",8,100000,pico,owned_insert,,1,0,2,9.995000
aalair,"Apple M3",8,"Darwin 27.0.0 arm64","Apple LLVM 21.0.0 (clang-2100.3.34.2)"," -O3 -DNDEBUG",8,100000,pico,owned_insert,,1,0,3,10.103000
aalair,"Apple M3",8,"Darwin 27.0.0 arm64","Apple LLVM 21.0.0 (clang-2100.3.34.2)"," -O3 -DNDEBUG",8,100000,pico,owned_insert,,1,0,4,10.078000
aalair,"Apple M3",8,"Darwin 27.0.0 arm64","Apple LLVM 21.0.0 (clang-2100.3.34.2)"," -O3 -DNDEBUG",8,100000,pico,owned_insert,,1,0,5,10.053000
aalair,"Apple M3",8,"Darwin 27.0.0 arm64","Apple LLVM 21.0.0 (clang-2100.3.34.2)"," -O3 -DNDEBUG",8,100000,pico,owned_insert,,1,0,6,10.064000
aalair,"Apple M3",8,"Darwin 27.0.0 arm64","Apple LLVM 21.0.0 (clang-2100.3.34.2)"," -O3 -DNDEBUG",8,100000,pico,owned_insert,,1,0,7,10.034000
aalair,"Apple M3",8,"Darwin 27.0.0 arm64","Apple LLVM 21.0.0 (clang-2100.3.34.2)"," -O3 -DNDEBUG",8,100000,pico,owned_insert,,1,0,8,10.144000
aalair,"Apple M3",8,"Darwin 27.0.0 arm64","Apple LLVM 21.0.0 (clang-2100.3.34.2)"," -O3 -DNDEBUG",8,100000,pico,owned_insert,,1,0,9,10.079000
aalair,"Apple M3",8,"Darwin 27.0.0 arm64","Apple LLVM 21.0.0 (clang-2100.3.34.2)"," -O3 -DNDEBUG",8,100000,pico,owned_insert,,1,0,10,10.097000
aalair,"Apple M3",8,"Darwin 27.0.0 arm64","Apple LLVM 21.0.0 (clang-2100.3.34.2)"," -O3 -DNDEBUG",8,100000,pico,owned_insert,,1,0,11,10.034000
aalair,"Apple M3",8,"Darwin 27.0.0 arm64","Apple LLVM 21.0.0 (clang-2100.3.34.2)"," -O3 -DNDEBUG",8,100000,pico,owned_insert,,1,10,1,14.406000
aalair,"Apple M3",8,"Darwin 27.0.0 arm64","Apple LLVM 21.0.0 (clang-2100.3.34.2)"," -O3 -DNDEBUG",8,100000,pico,owned_insert,,1,10,2,14.233000
aalair,"Apple M3",8,"Darwin 27.0.0 arm64","Apple LLVM 21.0.0 (clang-2100.3.34.2)"," -O3 -DNDEBUG",8,100000,pico,owned_insert,,1,10,3,14.377000
aalair,"Apple M3",8,"Darwin 27.0.0 arm64","Apple LLVM 21.0.0 (clang-2100.3.34.2)"," -O3 -DNDEBUG",8,100000,pico,owned_insert,,1,10,4,14.297000
aalair,"Apple M3",8,"Darwin 27.0.0 arm64","Apple LLVM 21.0.0 (clang-2100.3.34.2)"," -O3 -DNDEBUG",8,100000,pico,owned_insert,,1,10,5,14.235000
aalair,"Apple M3",8,"Darwin 27.0.0 arm64","Apple LLVM 21.0.0 (clang-2100.3.34.2)"," -O3 -DNDEBUG",8,100000,pico,owned_insert,,1,10,6,13.804000
aalair,"Apple M3",8,"Darwin 27.0.0 arm64","Apple LLVM 21.0.0 (clang-2100.3.34.2)"," -O3 -DNDEBUG",8,100000,pico,owned_insert,,1,10,7,12.469000
aalair,"Apple M3",8,"Darwin 27.0.0 arm64","Apple LLVM 21.0.0 (clang-2100.3.34.2)"," -O3 -DNDEBUG",8,100000,pico,owned_insert,,1,10,8,12.413000
aalair,"Apple M3",8,"Darwin 27.0.0 arm64","Apple LLVM 21.0.0 (clang-2100.3.34.2)"," -O3 -DNDEBUG",8,100000,pico,owned_insert,,1,10,9,14.387000
aalair,"Apple M3",8,"Darwin 27.0.0 arm64","Apple LLVM 21.0.0 (clang-2100.3.34.2)"," -O3 -DNDEBUG",8,100000,pico,owned_insert,,1,10,10,14.238000
aalair,"Apple M3",8,"Darwin 27.0.0 arm64","Apple LLVM 21.0.0 (clang-2100.3.34.2)"," -O3 -DNDEBUG",8,100000,pico,owned_insert,,1,10,11,14.419000
aalair,"Apple M3",8,"Darwin 27.0.0 arm64","Apple LLVM 21.0.0 (clang-2100.3.34.2)"," -O3 -DNDEBUG",8,100000,pico,owned_insert,,1,10,12,14.344000
aalair,"Apple M3",8,"Darwin 27.0.0 arm64","Apple LLVM 21.0.0 (clang-2100.3.34.2)"," -O3 -DNDEBUG",8,100000,pico,owned_insert,,1,10,13,14.410000
aalair,"Apple M3",8,"Darwin 27.0.0 arm64","Apple LLVM 21.0.0 (clang-2100.3.34.2)"," -O3 -DNDEBUG",8,100000,pico,owned_insert,,1,10,14,14.221000
aalair,"Apple M3",8,"Darwin 27.0.0 arm64","Apple LLVM 21.0.0 (clang-2100.3.34.2)"," -O3 -DNDEBUG",8,100000,pico,owned_insert,,1,500,1,402.735000
aalair,"Apple M3",8,"Darwin 27.0.0 arm64","Apple LLVM 21.0.0 (clang-2100.3.34.2)"," -O3 -DNDEBUG",8,100000,pico,owned_insert,,1,500,2,404.741000
aalair,"Apple M3",8,"Darwin 27.0.0 arm64","Apple LLVM 21.0.0 (clang-2100.3.34.2)"," -O3 -DNDEBUG",8,100000,pico,owned_insert,,1,500,3,404.145000
aalair,"Apple M3",8,"Darwin 27.0.0 arm64","Apple LLVM 21.0.0 (clang-2100.3.34.2)"," -O3 -DNDEBUG",8,100000,pico,owned_insert,,1,500,4,414.905000
aalair,"Apple M3",8,"Darwin 27.0.0 arm64","Apple LLVM 21.0.0 (clang-2100.3.34.2)"," -O3 -DNDEBUG",8,100000,pico,owned_insert,,1,500,5,407.726000
aalair,"Apple M3",8,"Darwin 27.0.0 arm64","Apple LLVM 21.0.0 (clang-2100.3.34.2)"," -O3 -DNDEBUG",8,100000,pico,owned_insert,,1,500,6,404.423000
aalair,"Apple M3",8,"Darwin 27.0.0 arm64","Apple LLVM 21.0.0 (clang-2100.3.34.2)"," -O3 -DNDEBUG",8,100000,pico,owned_insert,,1,500,7,404.966000
aalair,"Apple M3",8,"Darwin 27.0.0 arm64","Apple LLVM 21.0.0 (clang-2100.3.34.2)"," -O3 -DNDEBUG",8,100000,pico,owned_insert,,1,500,8,404.187000
aalair,"Apple M3",8,"Darwin 27.0.0 arm64","Apple LLVM 21.0.0 (clang-2100.3.34.2)"," -O3 -DNDEBUG",8,100000,pico,owned_insert,,1,500,9,404.263000
aalair,"Apple M3",8,"Darwin 27.0.0 arm64","Apple LLVM 21.0.0 (clang-2100.3.34.2)"," -O3 -DNDEBUG",8,100000,pico,owned_insert,,1,500,10,404.235000
aalair,"Apple M3",8,"Darwin 27.0.0 arm64","Apple LLVM 21.0.0 (clang-2100.3.34.2)"," -O3 -DNDEBUG",8,100000,flecs,owned_insert,,1,0,1,25.716000
aalair,"Apple M3",8,"Darwin 27.0.0 arm64","Apple LLVM 21.0.0 (clang-2100.3.34.2)"," -O3 -DNDEBUG",8,100000,flecs,owned_insert,,1,0,2,23.825000
aalair,"Apple M3",8,"Darwin 27.0.0 arm64","Apple LLVM 21.0.0 (clang-2100.3.34.2)"," -O3 -DNDEBUG",8,100000,flecs,owned_insert,,1,0,3,24.449000
aalair,"Apple M3",8,"Darwin 27.0.0 arm64","Apple LLVM 21.0.0 (clang-2100.3.34.2)"," -O3 -DNDEBUG",8,100000,flecs,owned_insert,,1,0,4,24.172000
aalair,"Apple M3",8,"Darwin 27.0.0 arm64","Apple LLVM 21.0.0 (clang-2100.3.34.2)"," -O3 -DNDEBUG",8,100000,flecs,owned_insert,,1,0,5,23.987000
aalair,"Apple M3",8,"Darwin 27.0.0 arm64","Apple LLVM 21.0.0 (clang-2100.3.34.2)"," -O3 -DNDEBUG",8,100000,flecs,owned_insert,,1,0,6,23.604000
aalair,"Apple M3",8,"Darwin 27.0.0 arm64","Apple LLVM 21.0.0 (clang-2100.3.34.2)"," -O3 -DNDEBUG",8,100000,flecs,owned_insert,,1,0,7,23.087000
aalair,"Apple M3",8,"Darwin 27.0.0 arm64","Apple LLVM 21.0.0 (clang-2100.3.34.2)"," -O3 -DNDEBUG",8,100000,flecs,owned_insert,,1,0,8,24.337000
aalair,"Apple M3",8,"Darwin 27.0.0 arm64","Apple LLVM 21.0.0 (clang-2100.3.34.2)"," -O3 -DNDEBUG",8,100000,flecs,owned_insert,,1,0,9,23.169000
aalair,"Apple M3",8,"Darwin 27.0.0 arm64","Apple LLVM 21.0.0 (clang-2100.3.34.2)"," -O3 -DNDEBUG",8,100000,flecs,owned_insert,,1,0,10,23.018000
aalair,"Apple M3",8,"Darwin 27.0.0 arm64","Apple LLVM 21.0.0 (clang-2100.3.34.2)"," -O3 -DNDEBUG",8,100000,flecs,owned_insert,,1,0,11,23.038000
aalair,"Apple M3",8,"Darwin 27.0.0 arm64","Apple LLVM 21.0.0 (clang-2100.3.34.2)"," -O3 -DNDEBUG",8,100000,flecs,owned_insert,,1,10,1,25.215000
aalair,"Apple M3",8,"Darwin 27.0.0 arm64","Apple LLVM 21.0.0 (clang-2100.3.34.2)"," -O3 -DNDEBUG",8,100000,flecs,owned_insert,,1,10,2,25.340000
aalair,"Apple M3",8,"Darwin 27.0.0 arm64","Apple LLVM 21.0.0 (clang-2100.3.34.2)"," -O3 -DNDEBUG",8,100000,flecs,owned_insert,,1,10,3,25.428000
aalair,"Apple M3",8,"Darwin 27.0.0 arm64","Apple LLVM 21.0.0 (clang-2100.3.34.2)"," -O3 -DNDEBUG",8,100000,flecs,owned_insert,,1,10,4,26.160000
aalair,"Apple M3",8,"Darwin 27.0.0 arm64","Apple LLVM 21.0.0 (clang-2100.3.34.2)"," -O3 -DNDEBUG",8,100000,flecs,owned_insert,,1,10,5,25.974000
aalair,"Apple M3",8,"Darwin 27.0.0 arm64","Apple LLVM 21.0.0 (clang-2100.3.34.2)"," -O3 -DNDEBUG",8,100000,flecs,owned_insert,,1,10,6,25.915000
aalair,"Apple M3",8,"Darwin 27.0.0 arm64","Apple LLVM 21.0.0 (clang-2100.3.34.2)"," -O3 -DNDEBUG",8,100000,flecs,owned_insert,,1,10,7,24.920000
aalair,"Apple M3",8,"Darwin 27.0.0 arm64","Apple LLVM 21.0.0 (clang-2100.3.34.2)"," -O3 -DNDEBUG",8,100000,flecs,owned_insert,,1,10,8,25.279000
aalair,"Apple M3",8,"Darwin 27.0.0 arm64","Apple LLVM 21.0.0 (clang-2100.3.34.2)"," -O3 -DNDEBUG",8,100000,flecs,owned_insert,,1,10,9,25.188000
aalair,"Apple M3",8,"Darwin 27.0.0 arm64","Apple LLVM 21.0.0 (clang-2100.3.34.2)"," -O3 -DNDEBUG",8,100000,flecs,owned_insert,,1,10,10,24.977000
aalair,"Apple M3",8,"Darwin 27.0.0 arm64","Apple LLVM 21.0.0 (clang-2100.3.34.2)"," -O3 -DNDEBUG",8,100000,flecs,owned_insert,,1,500,1,375.061000
aalair,"Apple M3",8,"Darwin 27.0.0 arm64","Apple LLVM 21.0.0 (clang-2100.3.34.2)"," -O3 -DNDEBUG",8,100000,flecs,owned_insert,,1,500,2,379.728000
aalair,"Apple M3",8,"Darwin 27.0.0 arm64","Apple LLVM 21.0.0 (clang-2100.3.34.2)"," -O3 -DNDEBUG",8,100000,flecs,owned_insert,,1,500,3,374.943000
aalair,"Apple M3",8,"Darwin 27.0.0 arm64","Apple LLVM 21.0.0 (clang-2100.3.34.2)"," -O3 -DNDEBUG",8,100000,flecs,owned_insert,,1,500,4,375.687000
aalair,"Apple M3",8,"Darwin 27.0.0 arm64","Apple LLVM 21.0.0 (clang-2100.3.34.2)"," -O3 -DNDEBUG",8,100000,flecs,owned_insert,,1,500,5,374.973000
aalair,"Apple M3",8,"Darwin 27.0.0 arm64","Apple LLVM 21.0.0 (clang-2100.3.34.2)"," -O3 -DNDEBUG",8,100000,flecs,owned_insert,,1,500,6,374.694000
aalair,"Apple M3",8,"Darwin 27.0.0 arm64","Apple LLVM 21.0.0 (clang-2100.3.34.2)"," -O3 -DNDEBUG",8,100000,flecs,owned_insert,,1,500,7,377.892000
aalair,"Apple M3",8,"Darwin 27.0.0 arm64","Apple LLVM 21.0.0 (clang-2100.3.34.2)"," -O3 -DNDEBUG",8,100000,flecs,owned_insert,,1,500,8,377.250000
aalair,"Apple M3",8,"Darwin 27.0.0 arm64","Apple LLVM 21.0.0 (clang-2100.3.34.2)"," -O3 -DNDEBUG",8,100000,flecs,owned_insert,,1,500,9,375.124000
aalair,"Apple M3",8,"Darwin 27.0.0 arm64","Apple LLVM 21.0.0 (clang-2100.3.34.2)"," -O3 -DNDEBUG",8,100000,flecs,owned_insert,,1,500,10,376.321000
aalair,"Apple M3",8,"Darwin 27.0.0 arm64","Apple LLVM 21.0.0 (clang-2100.3.34.2)"," -O3 -DNDEBUG",8,100000,flecs,owned_insert,,2,0,1,20.049000
aalair,"Apple M3",8,"Darwin 27.0.0 arm64","Apple LLVM 21.0.0 (clang-2100.3.34.2)"," -O3 -DNDEBUG",8,100000,flecs,owned_insert,,2,0,2,20.232000
aalair,"Apple M3",8,"Darwin 27.0.0 arm64","Apple LLVM 21.0.0 (clang-2100.3.34.2)"," -O3 -DNDEBUG",8,100000,flecs,owned_insert,,2,0,3,20.298000
aalair,"Apple M3",8,"Darwin 27.0.0 arm64","Apple LLVM 21.0.0 (clang-2100.3.34.2)"," -O3 -DNDEBUG",8,100000,flecs,owned_insert,,2,0,4,20.079000
aalair,"Apple M3",8,"Darwin 27.0.0 arm64","Apple LLVM 21.0.0 (clang-2100.3.34.2)"," -O3 -DNDEBUG",8,100000,flecs,owned_insert,,2,0,5,20.612000
aalair,"Apple M3",8,"Darwin 27.0.0 arm64","Apple LLVM 21.0.0 (clang-2100.3.34.2)"," -O3 -DNDEBUG",8,100000,flecs,owned_insert,,2,0,6,20.524000
aalair,"Apple M3",8,"Darwin 27.0.0 arm64","Apple LLVM 21.0.0 (clang-2100.3.34.2)"," -O3 -DNDEBUG",8,100000,flecs,owned_insert,,2,0,7,20.388000
aalair,"Apple M3",8,"Darwin 27.0.0 arm64","Apple LLVM 21.0.0 (clang-2100.3.34.2)"," -O3 -DNDEBUG",8,100000,flecs,owned_insert,,2,0,8,19.970000
aalair,"Apple M3",8,"Darwin 27.0.0 arm64","Apple LLVM 21.0.0 (clang-2100.3.34.2)"," -O3 -DNDEBUG",8,100000,flecs,owned_insert,,2,0,9,19.859000
aalair,"Apple M3",8,"Darwin 27.0.0 arm64","Apple LLVM 21.0.0 (clang-2100.3.34.2)"," -O3 -DNDEBUG",8,100000,flecs,owned_insert,,2,0,10,19.945000
aalair,"Apple M3",8,"Darwin 27.0.0 arm64","Apple LLVM 21.0.0 (clang-2100.3.34.2)"," -O3 -DNDEBUG",8,100000,flecs,owned_insert,,2,10,1,20.881000
aalair,"Apple M3",8,"Darwin 27.0.0 arm64","Apple LLVM 21.0.0 (clang-2100.3.34.2)"," -O3 -DNDEBUG",8,100000,flecs,owned_insert,,2,10,2,20.983000
aalair,"Apple M3",8,"Darwin 27.0.0 arm64","Apple LLVM 21.0.0 (clang-2100.3.34.2)"," -O3 -DNDEBUG",8,100000,flecs,owned_insert,,2,10,3,21.015000
aalair,"Apple M3",8,"Darwin 27.0.0 arm64","Apple LLVM 21.0.0 (clang-2100.3.34.2)"," -O3 -DNDEBUG",8,100000,flecs,owned_insert,,2,10,4,21.028000
aalair,"Apple M3",8,"Darwin 27.0.0 arm64","Apple LLVM 21.0.0 (clang-2100.3.34.2)"," -O3 -DNDEBUG",8,100000,flecs,owned_insert,,2,10,5,20.819000
aalair,"Apple M3",8,"Darwin 27.0.0 arm64","Apple LLVM 21.0.0 (clang-2100.3.34.2)"," -O3 -DNDEBUG",8,100000,flecs,owned_insert,,2,10,6,20.791000
aalair,"Apple M3",8,"Darwin 27.0.0 arm64","Apple LLVM 21.0.0 (clang-2100.3.34.2)"," -O3 -DNDEBUG",8,100000,flecs,owned_insert,,2,10,7,21.014000
aalair,"Apple M3",8,"Darwin 27.0.0 arm64","Apple LLVM 21.0.0 (clang-2100.3.34.2)"," -O3 -DNDEBUG",8,100000,flecs,owned_insert,,2,10,8,21.058000
aalair,"Apple M3",8,"Darwin 27.0.0 arm64","Apple LLVM 21.0.0 (clang-2100.3.34.2)"," -O3 -DNDEBUG",8,100000,flecs,owned_insert,,2,10,9,21.082000
aalair,"Apple M3",8,"Darwin 27.0.0 arm64","Apple LLVM 21.0.0 (clang-2100.3.34.2)"," -O3 -DNDEBUG",8,100000,flecs,owned_insert,,2,10,10,20.992000
aalair,"Apple M3",8,"Darwin 27.0.0 arm64","Apple LLVM 21.0.0 (clang-2100.3.34.2)"," -O3 -DNDEBUG",8,100000,flecs,owned_insert,,2,500,1,203.702000
aalair,"Apple M3",8,"Darwin 27.0.0 arm64","Apple LLVM 21.0.0 (clang-2100.3.34.2)"," -O3 -DNDEBUG",8,100000,flecs,owned_insert,,2,500,2,203.793000
aalair,"Apple M3",8,"Darwin 27.0.0 arm64","Apple LLVM 21.0.0 (clang-2100.3.34.2)"," -O3 -DNDEBUG",8,100000,flecs,owned_insert,,2,500,3,203.689000
aalair,"Apple M3",8,"Darwin 27.0.0 arm64","Apple LLVM 21.0.0 (clang-2100.3.34.2)"," -O3 -DNDEBUG",8,100000,flecs,owned_insert,,2,500,4,203.671000
aalair,"Apple M3",8,"Darwin 27.0.0 arm64","Apple LLVM 21.0.0 (clang-2100.3.34.2)"," -O3 -DNDEBUG",8,100000,flecs,owned_insert,,2,500,5,204.847000
aalair,"Apple M3",8,"Darwin 27.0.0 arm64","Apple LLVM 21.0.0 (clang-2100.3.34.2)"," -O3 -DNDEBUG",8,100000,flecs,owned_insert,,2,500,6,203.811000
aalair,"Apple M3",8,"Darwin 27.0.0 arm64","Apple LLVM 21.0.0 (clang-2100.3.34.2)"," -O3 -DNDEBUG",8,100000,flecs,owned_insert,,2,500,7,203.801000
aalair,"Apple M3",8,"Darwin 27.0.0 arm64","Apple LLVM 21.0.0 (clang-2100.3.34.2)"," -O3 -DNDEBUG",8,100000,flecs,owned_insert,,2,500,8,203.984000
aalair,"Apple M3",8,"Darwin 27.0.0 arm64","Apple LLVM 21.0.0 (clang-2100.3.34.2)"," -O3 -DNDEBUG",8,100000,flecs,owned_insert,,2,500,9,203.668000
aalair,"Apple M3",8,"Darwin 27.0.0 arm64","Apple LLVM 21.0.0 (clang-2100.3.34.2)"," -O3 -DNDEBUG",8,100000,flecs,owned_insert,,2,500,10,203.960000
aalair,"Apple M3",8,"Darwin 27.0.0 arm64","Apple LLVM 21.0.0 (clang-2100.3.34.2)"," -O3 -DNDEBUG",8,100000,flecs,owned_insert,,4,0,1,17.408000
aalair,"Apple M3",8,"Darwin 27.0.0 arm64","Apple LLVM 21.0.0 (clang-2100.3.34.2)"," -O3 -DNDEBUG",8,100000,flecs,owned_insert,,4,0,2,16.927000
aalair,"Apple M3",8,"Darwin 27.0.0 arm64","Apple LLVM 21.0.0 (clang-2100.3.34.2)"," -O3 -DNDEBUG",8,100000,flecs,owned_insert,,4,0,3,16.705000
aalair,"Apple M3",8,"Darwin 27.0.0 arm64","Apple LLVM 21.0.0 (clang-2100.3.34.2)"," -O3 -DNDEBUG",8,100000,flecs,owned_insert,,4,0,4,16.813000
aalair,"Apple M3",8,"Darwin 27.0.0 arm64","Apple LLVM 21.0.0 (clang-2100.3.34.2)"," -O3 -DNDEBUG",8,100000,flecs,owned_insert,,4,0,5,16.884000
aalair,"Apple M3",8,"Darwin 27.0.0 arm64","Apple LLVM 21.0.0 (clang-2100.3.34.2)"," -O3 -DNDEBUG",8,100000,flecs,owned_insert,,4,0,6,16.866000
aalair,"Apple M3",8,"Darwin 27.0.0 arm64","Apple LLVM 21.0.0 (clang-2100.3.34.2)"," -O3 -DNDEBUG",8,100000,flecs,owned_insert,,4,0,7,16.969000
aalair,"Apple M3",8,"Darwin 27.0.0 arm64","Apple LLVM 21.0.0 (clang-2100.3.34.2)"," -O3 -DNDEBUG",8,100000,flecs,owned_insert,,4,0,8,17.290000
aalair,"Apple M3",8,"Darwin 27.0.0 arm64","Apple LLVM 21.0.0 (clang-2100.3.34.2)"," -O3 -DNDEBUG",8,100000,flecs,owned_insert,,4,0,9,17.081000
aalair,"Apple M3",8,"Darwin 27.0.0 arm64","Apple LLVM 21.0.0 (clang-2100.3.34.2)"," -O3 -DNDEBUG",8,100000,flecs,owned_insert,,4,0,10,17.043000
aalair,"Apple M3",8,"Darwin 27.0.0 arm64","Apple LLVM 21.0.0 (clang-2100.3.34.2)"," -O3 -DNDEBUG",8,100000,flecs,owned_insert,,4,10,1,17.454000
aalair,"Apple M3",8,"Darwin 27.0.0 arm64","Apple LLVM 21.0.0 (clang-2100.3.34.2)"," -O3 -DNDEBUG",8,100000,flecs,owned_insert,,4,10,2,17.375000
aalair,"Apple M3",8,"Darwin 27.0.0 arm64","Apple LLVM 21.0.0 (clang-2100.3.34.2)"," -O3 -DNDEBUG",8,100000,flecs,owned_insert,,4,10,3,17.419000
aalair,"Apple M3",8,"Darwin 27.0.0 arm64","Apple LLVM 21.0.0 (clang-2100.3.34.2)"," -O3 -DNDEBUG",8,100000,flecs,owned_insert,,4,10,4,17.561000
aalair,"Apple M3",8,"Darwin 27.0.0 arm64","Apple LLVM 21.0.0 (clang-2100.3.34.2)"," -O3 -DNDEBUG",8,100000,flecs,owned_insert,,4,10,5,17.373000
aalair,"Apple M3",8,"Darwin 27.0.0 arm64","Apple LLVM 21.0.0 (clang-2100.3.34.2)"," -O3 -DNDEBUG",8,100000,flecs,owned_insert,,4,10,6,17.598000
aalair,"Apple M3",8,"Darwin 27.0.0 arm64","Apple LLVM 21.0.0 (clang-2100.3.34.2)"," -O3 -DNDEBUG",8,100000,flecs,owned_insert,,4,10,7,17.262000
aalair,"Apple M3",8,"Darwin 27.0.0 arm64","Apple LLVM 21.0.0 (clang-2100.3.34.2)"," -O3 -DNDEBUG",8,100000,flecs,owned_insert,,4,10,8,17.304000
aalair,"Apple M3",8,"Darwin 27.0.0 arm64","Apple LLVM 21.0.0 (clang-2100.3.34.2)"," -O3 -DNDEBUG",8,100000,flecs,owned_insert,,4,10,9,17.303000
aalair,"Apple M3",8,"Darwin 27.0.0 arm64","Apple LLVM 21.0.0 (clang-2100.3.34.2)"," -O3 -DNDEBUG",8,100000,flecs,owned_insert,,4,10,10,17.608000
aalair,"Apple M3",8,"Darwin 27.0.0 arm64","Apple LLVM 21.0.0 (clang-2100.3.34.2)"," -O3 -DNDEBUG",8,100000,flecs,owned_insert,,4,500,1,116.868000
aalair,"Apple M3",8,"Darwin 27.0.0 arm64","Apple LLVM 21.0.0 (clang-2100.3.34.2)"," -O3 -DNDEBUG",8,100000,flecs,owned_insert,,4,500,2,116.600000
aalair,"Apple M3",8,"Darwin 27.0.0 arm64","Apple LLVM 21.0.0 (clang-2100.3.34.2)"," -O3 -DNDEBUG",8,100000,flecs,owned_insert,,4,500,3,117.937000
aalair,"Apple M3",8,"Darwin 27.0.0 arm64","Apple LLVM 21.0.0 (clang-2100.3.34.2)"," -O3 -DNDEBUG",8,100000,flecs,owned_insert,,4,500,4,116.886000
aalair,"Apple M3",8,"Darwin 27.0.0 arm64","Apple LLVM 21.0.0 (clang-2100.3.34.2)"," -O3 -DNDEBUG",8,100000,flecs,owned_insert,,4,500,5,116.618000
aalair,"Apple M3",8,"Darwin 27.0.0 arm64","Apple LLVM 21.0.0 (clang-2100.3.34.2)"," -O3 -DNDEBUG",8,100000,flecs,owned_insert,,4,500,6,116.574000
aalair,"Apple M3",8,"Darwin 27.0.0 arm64","Apple LLVM 21.0.0 (clang-2100.3.34.2)"," -O3 -DNDEBUG",8,100000,flecs,owned_insert,,4,500,7,116.878000
aalair,"Apple M3",8,"Darwin 27.0.0 arm64","Apple LLVM 21.0.0 (clang-2100.3.34.2)"," -O3 -DNDEBUG",8,100000,flecs,owned_insert,,4,500,8,116.543000
aalair,"Apple M3",8,"Darwin 27.0.0 arm64","Apple LLVM 21.0.0 (clang-2100.3.34.2)"," -O3 -DNDEBUG",8,100000,flecs,owned_insert,,4,500,9,116.919000
aalair,"Apple M3",8,"Darwin 27.0.0 arm64","Apple LLVM 21.0.0 (clang-2100.3.34.2)"," -O3 -DNDEBUG",8,100000,flecs,owned_insert,,4,500,10,116.432000
aalair,"Apple M3",8,"Darwin 27.0.0 arm64","Apple LLVM 21.0.0 (clang-2100.3.34.2)"," -O3 -DNDEBUG",8,100000,flecs,owned_insert,,8,0,1,16.522000
aalair,"Apple M3",8,"Darwin 27.0.0 arm64","Apple LLVM 21.0.0 (clang-2100.3.34.2)"," -O3 -DNDEBUG",8,100000,flecs,owned_insert,,8,0,2,17.085000
aalair,"Apple M3",8,"Darwin 27.0.0 arm64","Apple LLVM 21.0.0 (clang-2100.3.34.2)"," -O3 -DNDEBUG",8,100000,flecs,owned_insert,,8,0,3,16.153000
aalair,"Apple M3",8,"Darwin 27.0.0 arm64","Apple LLVM 21.0.0 (clang-2100.3.34.2)"," -O3 -DNDEBUG",8,100000,flecs,owned_insert,,8,0,4,16.331000
aalair,"Apple M3",8,"Darwin 27.0.0 arm64","Apple LLVM 21.0.0 (clang-2100.3.34.2)"," -O3 -DNDEBUG",8,100000,flecs,owned_insert,,8,0,5,16.344000
aalair,"Apple M3",8,"Darwin 27.0.0 arm64","Apple LLVM 21.0.0 (clang-2100.3.34.2)"," -O3 -DNDEBUG",8,100000,flecs,owned_insert,,8,0,6,16.276000
aalair,"Apple M3",8,"Darwin 27.0.0 arm64","Apple LLVM 21.0.0 (clang-2100.3.34.2)"," -O3 -DNDEBUG",8,100000,flecs,owned_insert,,8,0,7,16.307000
aalair,"Apple M3",8,"Darwin 27.0.0 arm64","Apple LLVM 21.0.0 (clang-2100.3.34.2)"," -O3 -DNDEBUG",8,100000,flecs,owned_insert,,8,0,8,16.414000
aalair,"Apple M3",8,"Darwin 27.0.0 arm64","Apple LLVM 21.0.0 (clang-2100.3.34.2)"," -O3 -DNDEBUG",8,100000,flecs,owned_insert,,8,0,9,16.428000
aalair,"Apple M3",8,"Darwin 27.0.0 arm64","Apple LLVM 21.0.0 (clang-2100.3.34.2)"," -O3 -DNDEBUG",8,100000,flecs,owned_insert,,8,0,10,16.390000
aalair,"Apple M3",8,"Darwin 27.0.0 arm64","Apple LLVM 21.0.0 (clang-2100.3.34.2)"," -O3 -DNDEBUG",8,100000,flecs,owned_insert,,8,10,1,16.663000
aalair,"Apple M3",8,"Darwin 27.0.0 arm64","Apple LLVM 21.0.0 (clang-2100.3.34.2)"," -O3 -DNDEBUG",8,100000,flecs,owned_insert,,8,10,2,16.545000
aalair,"Apple M3",8,"Darwin 27.0.0 arm64","Apple LLVM 21.0.0 (clang-2100.3.34.2)"," -O3 -DNDEBUG",8,100000,flecs,owned_insert,,8,10,3,16.497000
aalair,"Apple M3",8,"Darwin 27.0.0 arm64","Apple LLVM 21.0.0 (clang-2100.3.34.2)"," -O3 -DNDEBUG",8,100000,flecs,owned_insert,,8,10,4,16.536000
aalair,"Apple M3",8,"Darwin 27.0.0 arm64","Apple LLVM 21.0.0 (clang-2100.3.34.2)"," -O3 -DNDEBUG",8,100000,flecs,owned_insert,,8,10,5,16.474000
aalair,"Apple M3",8,"Darwin 27.0.0 arm64","Apple LLVM 21.0.0 (clang-2100.3.34.2)"," -O3 -DNDEBUG",8,100000,flecs,owned_insert,,8,10,6,17.005000
aalair,"Apple M3",8,"Darwin 27.0.0 arm64","Apple LLVM 21.0.0 (clang-2100.3.34.2)"," -O3 -DNDEBUG",8,100000,flecs,owned_insert,,8,10,7,16.536000
aalair,"Apple M3",8,"Darwin 27.0.0 arm64","Apple LLVM 21.0.0 (clang-2100.3.34.2)"," -O3 -DNDEBUG",8,100000,flecs,owned_insert,,8,10,8,16.696000
aalair,"Apple M3",8,"Darwin 27.0.0 arm64","Apple LLVM 21.0.0 (clang-2100.3.34.2)"," -O3 -DNDEBUG",8,100000,flecs,owned_insert,,8,10,9,16.715000
aalair,"Apple M3",8,"Darwin 27.0.0 arm64","Apple LLVM 21.0.0 (clang-2100.3.34.2)"," -O3 -DNDEBUG",8,100000,flecs,owned_insert,,8,10,10,16.710000
aalair,"Apple M3",8,"Darwin 27.0.0 arm64","Apple LLVM 21.0.0 (clang-2100.3.34.2)"," -O3 -DNDEBUG",8,100000,flecs,owned_insert,,8,500,1,77.201000
aalair,"Apple M3",8,"Darwin 27.0.0 arm64","Apple LLVM 21.0.0 (clang-2100.3.34.2)"," -O3 -DNDEBUG",8,100000,flecs,owned_insert,,8,500,2,75.542000
aalair,"Apple M3",8,"Darwin 27.0.0 arm64","Apple LLVM 21.0.0 (clang-2100.3.34.2)"," -O3 -DNDEBUG",8,100000,flecs,owned_insert,,8,500,3,79.795000
aalair,"Apple M3",8,"Darwin 27.0.0 arm64","Apple LLVM 21.0.0 (clang-2100.3.34.2)"," -O3 -DNDEBUG",8,100000,flecs,owned_insert,,8,500,4,81.937000
aalair,"Apple M3",8,"Darwin 27.0.0 arm64","Apple LLVM 21.0.0 (clang-2100.3.34.2)"," -O3 -DNDEBUG",8,100000,flecs,owned_insert,,8,500,5,76.171000
aalair,"Apple M3",8,"Darwin 27.0.0 arm64","Apple LLVM 21.0.0 (clang-2100.3.34.2)"," -O3 -DNDEBUG",8,100000,flecs,owned_insert,,8,500,6,81.890000
aalair,"Apple M3",8,"Darwin 27.0.0 arm64","Apple LLVM 21.0.0 (clang-2100.3.34.2)"," -O3 -DNDEBUG",8,100000,flecs,owned_insert,,8,500,7,91.161000
aalair,"Apple M3",8,"Darwin 27.0.0 arm64","Apple LLVM 21.0.0 (clang-2100.3.34.2)"," -O3 -DNDEBUG",8,100000,flecs,owned_insert,,8,500,8,83.535000
aalair,"Apple M3",8,"Darwin 27.0.0 arm64","Apple LLVM 21.0.0 (clang-2100.3.34.2)"," -O3 -DNDEBUG",8,100000,flecs,owned_insert,,8,500,9,83.289000
aalair,"Apple M3",8,"Darwin 27.0.0 arm64","Apple LLVM 21.0.0 (clang-2100.3.34.2)"," -O3 -DNDEBUG",8,100000,flecs,owned_insert,,8,500,10,85.644000
aalair,"Apple M3",8,"Darwin 27.0.0 arm64","Apple LLVM 21.0.0 (clang-2100.3.34.2)"," -O3 -DNDEBUG",8,100000,flecs,owned_insert,,8,500,11,82.511000
aalair,"Apple M3",8,"Darwin 27.0.0 arm64","Apple LLVM 21.0.0 (clang-2100.3.34.2)"," -O3 -DNDEBUG",8,100000,flecs,owned_insert,,8,500,12,78.618000
aalair,"Apple M3",8,"Darwin 27.0.0 arm64","Apple LLVM 21.0.0 (clang-2100.3.34.2)"," -O3 -DNDEBUG",8,100000,flecs,owned_insert,,8,500,13,77.198000
aalair,"Apple M3",8,"Darwin 27.0.0 arm64","Apple LLVM 21.0.0 (clang-2100.3.34.2)"," -O3 -DNDEBUG",8,100000,flecs,owned_insert,,8,500,14,77.200000
aalair,"Apple M3",8,"Darwin 27.0.0 arm64","Apple LLVM 21.0.0 (clang-2100.3.34.2)"," -O3 -DNDEBUG",8,100000,pito,owned_insert,ecs_insert_owned,1,0,1,25.450000
aalair,"Apple M3",8,"Darwin 27.0.0 arm64","Apple LLVM 21.0.0 (clang-2100.3.34.2)"," -O3 -DNDEBUG",8,100000,pito,owned_insert,ecs_insert_owned,1,0,2,25.690000
aalair,"Apple M3",8,"Darwin 27.0.0 arm64","Apple LLVM 21.0.0 (clang-2100.3.34.2)"," -O3 -DNDEBUG",8,100000,pito,owned_insert,ecs_insert_owned,1,0,3,25.783000
aalair,"Apple M3",8,"Darwin 27.0.0 arm64","Apple LLVM 21.0.0 (clang-2100.3.34.2)"," -O3 -DNDEBUG",8,100000,pito,owned_insert,ecs_insert_owned,1,0,4,25.246000
aalair,"Apple M3",8,"Darwin 27.0.0 arm64","Apple LLVM 21.0.0 (clang-2100.3.34.2)"," -O3 -DNDEBUG",8,100000,pito,owned_insert,ecs_insert_owned,1,0,5,25.453000
aalair,"Apple M3",8,"Darwin 27.0.0 arm64","Apple LLVM 21.0.0 (clang-2100.3.34.2)"," -O3 -DNDEBUG",8,100000,pito,owned_insert,ecs_insert_owned,1,0,6,25.722000
aalair,"Apple M3",8,"Darwin 27.0.0 arm64","Apple LLVM 21.0.0 (clang-2100.3.34.2)"," -O3 -DNDEBUG",8,100000,pito,owned_insert,ecs_insert_owned,1,0,7,25.907000
aalair,"Apple M3",8,"Darwin 27.0.0 arm64","Apple LLVM 21.0.0 (clang-2100.3.34.2)"," -O3 -DNDEBUG",8,100000,pito,owned_insert,ecs_insert_owned,1,0,8,25.216000
aalair,"Apple M3",8,"Darwin 27.0.0 arm64","Apple LLVM 21.0.0 (clang-2100.3.34.2)"," -O3 -DNDEBUG",8,100000,pito,owned_insert,ecs_insert_owned,1,0,9,25.225000
aalair,"Apple M3",8,"Darwin 27.0.0 arm64","Apple LLVM 21.0.0 (clang-2100.3.34.2)"," -O3 -DNDEBUG",8,100000,pito,owned_insert,ecs_insert_owned,1,0,10,25.175000
aalair,"Apple M3",8,"Darwin 27.0.0 arm64","Apple LLVM 21.0.0 (clang-2100.3.34.2)"," -O3 -DNDEBUG",8,100000,pito,owned_insert,ecs_insert_owned,1,10,1,28.066000
aalair,"Apple M3",8,"Darwin 27.0.0 arm64","Apple LLVM 21.0.0 (clang-2100.3.34.2)"," -O3 -DNDEBUG",8,100000,pito,owned_insert,ecs_insert_owned,1,10,2,28.007000
aalair,"Apple M3",8,"Darwin 27.0.0 arm64","Apple LLVM 21.0.0 (clang-2100.3.34.2)"," -O3 -DNDEBUG",8,100000,pito,owned_insert,ecs_insert_owned,1,10,3,27.453000
aalair,"Apple M3",8,"Darwin 27.0.0 arm64","Apple LLVM 21.0.0 (clang-2100.3.34.2)"," -O3 -DNDEBUG",8,100000,pito,owned_insert,ecs_insert_owned,1,10,4,27.506000
aalair,"Apple M3",8,"Darwin 27.0.0 arm64","Apple LLVM 21.0.0 (clang-2100.3.34.2)"," -O3 -DNDEBUG",8,100000,pito,owned_insert,ecs_insert_owned,1,10,5,27.543000
aalair,"Apple M3",8,"Darwin 27.0.0 arm64","Apple LLVM 21.0.0 (clang-2100.3.34.2)"," -O3 -DNDEBUG",8,100000,pito,owned_insert,ecs_insert_owned,1,10,6,27.494000
aalair,"Apple M3",8,"Darwin 27.0.0 arm64","Apple LLVM 21.0.0 (clang-2100.3.34.2)"," -O3 -DNDEBUG",8,100000,pito,owned_insert,ecs_insert_owned,1,10,7,27.479000
aalair,"Apple M3",8,"Darwin 27.0.0 arm64","Apple LLVM 21.0.0 (clang-2100.3.34.2)"," -O3 -DNDEBUG",8,100000,pito,owned_insert,ecs_insert_owned,1,10,8,28.136000
aalair,"Apple M3",8,"Darwin 27.0.0 arm64","Apple LLVM 21.0.0 (clang-2100.3.34.2)"," -O3 -DNDEBUG",8,100000,pito,owned_insert,ecs_insert_owned,1,10,9,27.469000
aalair,"Apple M3",8,"Darwin 27.0.0 arm64","Apple LLVM 21.0.0 (clang-2100.3.34.2)"," -O3 -DNDEBUG",8,100000,pito,owned_insert,ecs_insert_owned,1,10,10,27.514000
aalair,"Apple M3",8,"Darwin 27.0.0 arm64","Apple LLVM 21.0.0 (clang-2100.3.34.2)"," -O3 -DNDEBUG",8,100000,pito,owned_insert,ecs_insert_owned,1,500,1,403.719000
aalair,"Apple M3",8,"Darwin 27.0.0 arm64","Apple LLVM 21.0.0 (clang-2100.3.34.2)"," -O3 -DNDEBUG",8,100000,pito,owned_insert,ecs_insert_owned,1,500,2,403.740000
aalair,"Apple M3",8,"Darwin 27.0.0 arm64","Apple LLVM 21.0.0 (clang-2100.3.34.2)"," -O3 -DNDEBUG",8,100000,pito,owned_insert,ecs_insert_owned,1,500,3,403.907000
aalair,"Apple M3",8,"Darwin 27.0.0 arm64","Apple LLVM 21.0.0 (clang-2100.3.34.2)"," -O3 -DNDEBUG",8,100000,pito,owned_insert,ecs_insert_owned,1,500,4,403.735000
aalair,"Apple M3",8,"Darwin 27.0.0 arm64","Apple LLVM 21.0.0 (clang-2100.3.34.2)"," -O3 -DNDEBUG",8,100000,pito,owned_insert,ecs_insert_owned,1,500,5,407.451000
aalair,"Apple M3",8,"Darwin 27.0.0 arm64","Apple LLVM 21.0.0 (clang-2100.3.34.2)"," -O3 -DNDEBUG",8,100000,pito,owned_insert,ecs_insert_owned,1,500,6,403.729000
aalair,"Apple M3",8,"Darwin 27.0.0 arm64","Apple LLVM 21.0.0 (clang-2100.3.34.2)"," -O3 -DNDEBUG",8,100000,pito,owned_insert,ecs_insert_owned,1,500,7,403.683000
aalair,"Apple M3",8,"Darwin 27.0.0 arm64","Apple LLVM 21.0.0 (clang-2100.3.34.2)"," -O3 -DNDEBUG",8,100000,pito,owned_insert,ecs_insert_owned,1,500,8,403.762000
aalair,"Apple M3",8,"Darwin 27.0.0 arm64","Apple LLVM 21.0.0 (clang-2100.3.34.2)"," -O3 -DNDEBUG",8,100000,pito,owned_insert,ecs_insert_owned,1,500,9,403.679000
aalair,"Apple M3",8,"Darwin 27.0.0 arm64","Apple LLVM 21.0.0 (clang-2100.3.34.2)"," -O3 -DNDEBUG",8,100000,pito,owned_insert,ecs_insert_owned,1,500,10,404.352000
aalair,"Apple M3",8,"Darwin 27.0.0 arm64","Apple LLVM 21.0.0 (clang-2100.3.34.2)"," -O3 -DNDEBUG",8,100000,pito,owned_insert,ecs_insert_owned,2,0,1,32.800000
aalair,"Apple M3",8,"Darwin 27.0.0 arm64","Apple LLVM 21.0.0 (clang-2100.3.34.2)"," -O3 -DNDEBUG",8,100000,pito,owned_insert,ecs_insert_owned,2,0,2,37.959000
aalair,"Apple M3",8,"Darwin 27.0.0 arm64","Apple LLVM 21.0.0 (clang-2100.3.34.2)"," -O3 -DNDEBUG",8,100000,pito,owned_insert,ecs_insert_owned,2,0,3,38.669000
aalair,"Apple M3",8,"Darwin 27.0.0 arm64","Apple LLVM 21.0.0 (clang-2100.3.34.2)"," -O3 -DNDEBUG",8,100000,pito,owned_insert,ecs_insert_owned,2,0,4,38.848000
aalair,"Apple M3",8,"Darwin 27.0.0 arm64","Apple LLVM 21.0.0 (clang-2100.3.34.2)"," -O3 -DNDEBUG",8,100000,pito,owned_insert,ecs_insert_owned,2,0,5,40.861000
aalair,"Apple M3",8,"Darwin 27.0.0 arm64","Apple LLVM 21.0.0 (clang-2100.3.34.2)"," -O3 -DNDEBUG",8,100000,pito,owned_insert,ecs_insert_owned,2,0,6,40.430000
aalair,"Apple M3",8,"Darwin 27.0.0 arm64","Apple LLVM 21.0.0 (clang-2100.3.34.2)"," -O3 -DNDEBUG",8,100000,pito,owned_insert,ecs_insert_owned,2,0,7,40.999000
aalair,"Apple M3",8,"Darwin 27.0.0 arm64","Apple LLVM 21.0.0 (clang-2100.3.34.2)"," -O3 -DNDEBUG",8,100000,pito,owned_insert,ecs_insert_owned,2,0,8,35.263000
aalair,"Apple M3",8,"Darwin 27.0.0 arm64","Apple LLVM 21.0.0 (clang-2100.3.34.2)"," -O3 -DNDEBUG",8,100000,pito,owned_insert,ecs_insert_owned,2,0,9,35.553000
aalair,"Apple M3",8,"Darwin 27.0.0 arm64","Apple LLVM 21.0.0 (clang-2100.3.34.2)"," -O3 -DNDEBUG",8,100000,pito,owned_insert,ecs_insert_owned,2,0,10,43.403000
aalair,"Apple M3",8,"Darwin 27.0.0 arm64","Apple LLVM 21.0.0 (clang-2100.3.34.2)"," -O3 -DNDEBUG",8,100000,pito,owned_insert,ecs_insert_owned,2,0,11,34.119000
aalair,"Apple M3",8,"Darwin 27.0.0 arm64","Apple LLVM 21.0.0 (clang-2100.3.34.2)"," -O3 -DNDEBUG",8,100000,pito,owned_insert,ecs_insert_owned,2,0,12,38.338000
aalair,"Apple M3",8,"Darwin 27.0.0 arm64","Apple LLVM 21.0.0 (clang-2100.3.34.2)"," -O3 -DNDEBUG",8,100000,pito,owned_insert,ecs_insert_owned,2,0,13,37.142000
aalair,"Apple M3",8,"Darwin 27.0.0 arm64","Apple LLVM 21.0.0 (clang-2100.3.34.2)"," -O3 -DNDEBUG",8,100000,pito,owned_insert,ecs_insert_owned,2,0,14,34.172000
aalair,"Apple M3",8,"Darwin 27.0.0 arm64","Apple LLVM 21.0.0 (clang-2100.3.34.2)"," -O3 -DNDEBUG",8,100000,pito,owned_insert,ecs_insert_owned,2,0,15,34.548000
aalair,"Apple M3",8,"Darwin 27.0.0 arm64","Apple LLVM 21.0.0 (clang-2100.3.34.2)"," -O3 -DNDEBUG",8,100000,pito,owned_insert,ecs_insert_owned,2,0,16,34.682000
aalair,"Apple M3",8,"Darwin 27.0.0 arm64","Apple LLVM 21.0.0 (clang-2100.3.34.2)"," -O3 -DNDEBUG",8,100000,pito,owned_insert,ecs_insert_owned,2,0,17,34.181000
aalair,"Apple M3",8,"Darwin 27.0.0 arm64","Apple LLVM 21.0.0 (clang-2100.3.34.2)"," -O3 -DNDEBUG",8,100000,pito,owned_insert,ecs_insert_owned,2,0,18,34.238000
aalair,"Apple M3",8,"Darwin 27.0.0 arm64","Apple LLVM 21.0.0 (clang-2100.3.34.2)"," -O3 -DNDEBUG",8,100000,pito,owned_insert,ecs_insert_owned,2,0,19,34.066000
aalair,"Apple M3",8,"Darwin 27.0.0 arm64","Apple LLVM 21.0.0 (clang-2100.3.34.2)"," -O3 -DNDEBUG",8,100000,pito,owned_insert,ecs_insert_owned,2,0,20,34.536000
aalair,"Apple M3",8,"Darwin 27.0.0 arm64","Apple LLVM 21.0.0 (clang-2100.3.34.2)"," -O3 -DNDEBUG",8,100000,pito,owned_insert,ecs_insert_owned,2,0,21,34.245000
aalair,"Apple M3",8,"Darwin 27.0.0 arm64","Apple LLVM 21.0.0 (clang-2100.3.34.2)"," -O3 -DNDEBUG",8,100000,pito,owned_insert,ecs_insert_owned,2,0,22,34.540000
aalair,"Apple M3",8,"Darwin 27.0.0 arm64","Apple LLVM 21.0.0 (clang-2100.3.34.2)"," -O3 -DNDEBUG",8,100000,pito,owned_insert,ecs_insert_owned,2,0,23,34.206000
aalair,"Apple M3",8,"Darwin 27.0.0 arm64","Apple LLVM 21.0.0 (clang-2100.3.34.2)"," -O3 -DNDEBUG",8,100000,pito,owned_insert,ecs_insert_owned,2,0,24,34.439000
aalair,"Apple M3",8,"Darwin 27.0.0 arm64","Apple LLVM 21.0.0 (clang-2100.3.34.2)"," -O3 -DNDEBUG",8,100000,pito,owned_insert,ecs_insert_owned,2,0,25,34.355000
aalair,"Apple M3",8,"Darwin 27.0.0 arm64","Apple LLVM 21.0.0 (clang-2100.3.34.2)"," -O3 -DNDEBUG",8,100000,pito,owned_insert,ecs_insert_owned,2,0,26,34.492000
aalair,"Apple M3",8,"Darwin 27.0.0 arm64","Apple LLVM 21.0.0 (clang-2100.3.34.2)"," -O3 -DNDEBUG",8,100000,pito,owned_insert,ecs_insert_owned,2,0,27,34.327000
aalair,"Apple M3",8,"Darwin 27.0.0 arm64","Apple LLVM 21.0.0 (clang-2100.3.34.2)"," -O3 -DNDEBUG",8,100000,pito,owned_insert,ecs_insert_owned,2,0,28,34.393000
aalair,"Apple M3",8,"Darwin 27.0.0 arm64","Apple LLVM 21.0.0 (clang-2100.3.34.2)"," -O3 -DNDEBUG",8,100000,pito,owned_insert,ecs_insert_owned,2,0,29,39.065000
aalair,"Apple M3",8,"Darwin 27.0.0 arm64","Apple LLVM 21.0.0 (clang-2100.3.34.2)"," -O3 -DNDEBUG",8,100000,pito,owned_insert,ecs_insert_owned,2,0,30,37.996000
aalair,"Apple M3",8,"Darwin 27.0.0 arm64","Apple LLVM 21.0.0 (clang-2100.3.34.2)"," -O3 -DNDEBUG",8,100000,pito,owned_insert,ecs_insert_owned,2,0,31,34.393000
aalair,"Apple M3",8,"Darwin 27.0.0 arm64","Apple LLVM 21.0.0 (clang-2100.3.34.2)"," -O3 -DNDEBUG",8,100000,pito,owned_insert,ecs_insert_owned,2,0,32,37.952000
aalair,"Apple M3",8,"Darwin 27.0.0 arm64","Apple LLVM 21.0.0 (clang-2100.3.34.2)"," -O3 -DNDEBUG",8,100000,pito,owned_insert,ecs_insert_owned,2,0,33,34.217000
aalair,"Apple M3",8,"Darwin 27.0.0 arm64","Apple LLVM 21.0.0 (clang-2100.3.34.2)"," -O3 -DNDEBUG",8,100000,pito,owned_insert,ecs_insert_owned,2,0,34,34.572000
aalair,"Apple M3",8,"Darwin 27.0.0 arm64","Apple LLVM 21.0.0 (clang-2100.3.34.2)"," -O3 -DNDEBUG",8,100000,pito,owned_insert,ecs_insert_owned,2,0,35,34.752000
aalair,"Apple M3",8,"Darwin 27.0.0 arm64","Apple LLVM 21.0.0 (clang-2100.3.34.2)"," -O3 -DNDEBUG",8,100000,pito,owned_insert,ecs_insert_owned,2,0,36,34.163000
aalair,"Apple M3",8,"Darwin 27.0.0 arm64","Apple LLVM 21.0.0 (clang-2100.3.34.2)"," -O3 -DNDEBUG",8,100000,pito,owned_insert,ecs_insert_owned,2,0,37,35.119000
aalair,"Apple M3",8,"Darwin 27.0.0 arm64","Apple LLVM 21.0.0 (clang-2100.3.34.2)"," -O3 -DNDEBUG",8,100000,pito,owned_insert,ecs_insert_owned,2,0,38,38.741000
aalair,"Apple M3",8,"Darwin 27.0.0 arm64","Apple LLVM 21.0.0 (clang-2100.3.34.2)"," -O3 -DNDEBUG",8,100000,pito,owned_insert,ecs_insert_owned,2,0,39,36.375000
aalair,"Apple M3",8,"Darwin 27.0.0 arm64","Apple LLVM 21.0.0 (clang-2100.3.34.2)"," -O3 -DNDEBUG",8,100000,pito,owned_insert,ecs_insert_owned,2,0,40,34.372000
aalair,"Apple M3",8,"Darwin 27.0.0 arm64","Apple LLVM 21.0.0 (clang-2100.3.34.2)"," -O3 -DNDEBUG",8,100000,pito,owned_insert,ecs_insert_owned,2,0,41,36.051000
aalair,"Apple M3",8,"Darwin 27.0.0 arm64","Apple LLVM 21.0.0 (clang-2100.3.34.2)"," -O3 -DNDEBUG",8,100000,pito,owned_insert,ecs_insert_owned,2,0,42,37.165000
aalair,"Apple M3",8,"Darwin 27.0.0 arm64","Apple LLVM 21.0.0 (clang-2100.3.34.2)"," -O3 -DNDEBUG",8,100000,pito,owned_insert,ecs_insert_owned,2,0,43,40.535000
aalair,"Apple M3",8,"Darwin 27.0.0 arm64","Apple LLVM 21.0.0 (clang-2100.3.34.2)"," -O3 -DNDEBUG",8,100000,pito,owned_insert,ecs_insert_owned,2,0,44,35.257000
aalair,"Apple M3",8,"Darwin 27.0.0 arm64","Apple LLVM 21.0.0 (clang-2100.3.34.2)"," -O3 -DNDEBUG",8,100000,pito,owned_insert,ecs_insert_owned,2,0,45,34.618000
aalair,"Apple M3",8,"Darwin 27.0.0 arm64","Apple LLVM 21.0.0 (clang-2100.3.34.2)"," -O3 -DNDEBUG",8,100000,pito,owned_insert,ecs_insert_owned,2,0,46,34.477000
aalair,"Apple M3",8,"Darwin 27.0.0 arm64","Apple LLVM 21.0.0 (clang-2100.3.34.2)"," -O3 -DNDEBUG",8,100000,pito,owned_insert,ecs_insert_owned,2,10,1,35.057000
aalair,"Apple M3",8,"Darwin 27.0.0 arm64","Apple LLVM 21.0.0 (clang-2100.3.34.2)"," -O3 -DNDEBUG",8,100000,pito,owned_insert,ecs_insert_owned,2,10,2,37.326000
aalair,"Apple M3",8,"Darwin 27.0.0 arm64","Apple LLVM 21.0.0 (clang-2100.3.34.2)"," -O3 -DNDEBUG",8,100000,pito,owned_insert,ecs_insert_owned,2,10,3,39.067000
aalair,"Apple M3",8,"Darwin 27.0.0 arm64","Apple LLVM 21.0.0 (clang-2100.3.34.2)"," -O3 -DNDEBUG",8,100000,pito,owned_insert,ecs_insert_owned,2,10,4,35.632000
aalair,"Apple M3",8,"Darwin 27.0.0 arm64","Apple LLVM 21.0.0 (clang-2100.3.34.2)"," -O3 -DNDEBUG",8,100000,pito,owned_insert,ecs_insert_owned,2,10,5,40.454000
aalair,"Apple M3",8,"Darwin 27.0.0 arm64","Apple LLVM 21.0.0 (clang-2100.3.34.2)"," -O3 -DNDEBUG",8,100000,pito,owned_insert,ecs_insert_owned,2,10,6,41.334000
aalair,"Apple M3",8,"Darwin 27.0.0 arm64","Apple LLVM 21.0.0 (clang-2100.3.34.2)"," -O3 -DNDEBUG",8,100000,pito,owned_insert,ecs_insert_owned,2,10,7,34.917000
aalair,"Apple M3",8,"Darwin 27.0.0 arm64","Apple LLVM 21.0.0 (clang-2100.3.34.2)"," -O3 -DNDEBUG",8,100000,pito,owned_insert,ecs_insert_owned,2,10,8,38.849000
aalair,"Apple M3",8,"Darwin 27.0.0 arm64","Apple LLVM 21.0.0 (clang-2100.3.34.2)"," -O3 -DNDEBUG",8,100000,pito,owned_insert,ecs_insert_owned,2,10,9,34.952000
aalair,"Apple M3",8,"Darwin 27.0.0 arm64","Apple LLVM 21.0.0 (clang-2100.3.34.2)"," -O3 -DNDEBUG",8,100000,pito,owned_insert,ecs_insert_owned,2,10,10,35.170000
aalair,"Apple M3",8,"Darwin 27.0.0 arm64","Apple LLVM 21.0.0 (clang-2100.3.34.2)"," -O3 -DNDEBUG",8,100000,pito,owned_insert,ecs_insert_owned,2,10,11,35.372000
aalair,"Apple M3",8,"Darwin 27.0.0 arm64","Apple LLVM 21.0.0 (clang-2100.3.34.2)"," -O3 -DNDEBUG",8,100000,pito,owned_insert,ecs_insert_owned,2,10,12,34.781000
aalair,"Apple M3",8,"Darwin 27.0.0 arm64","Apple LLVM 21.0.0 (clang-2100.3.34.2)"," -O3 -DNDEBUG",8,100000,pito,owned_insert,ecs_insert_owned,2,10,13,37.749000
aalair,"Apple M3",8,"Darwin 27.0.0 arm64","Apple LLVM 21.0.0 (clang-2100.3.34.2)"," -O3 -DNDEBUG",8,100000,pito,owned_insert,ecs_insert_owned,2,10,14,40.176000
aalair,"Apple M3",8,"Darwin 27.0.0 arm64","Apple LLVM 21.0.0 (clang-2100.3.34.2)"," -O3 -DNDEBUG",8,100000,pito,owned_insert,ecs_insert_owned,2,10,15,41.754000
aalair,"Apple M3",8,"Darwin 27.0.0 arm64","Apple LLVM 21.0.0 (clang-2100.3.34.2)"," -O3 -DNDEBUG",8,100000,pito,owned_insert,ecs_insert_owned,2,10,16,42.196000
aalair,"Apple M3",8,"Darwin 27.0.0 arm64","Apple LLVM 21.0.0 (clang-2100.3.34.2)"," -O3 -DNDEBUG",8,100000,pito,owned_insert,ecs_insert_owned,2,10,17,35.488000
aalair,"Apple M3",8,"Darwin 27.0.0 arm64","Apple LLVM 21.0.0 (clang-2100.3.34.2)"," -O3 -DNDEBUG",8,100000,pito,owned_insert,ecs_insert_owned,2,10,18,35.931000
aalair,"Apple M3",8,"Darwin 27.0.0 arm64","Apple LLVM 21.0.0 (clang-2100.3.34.2)"," -O3 -DNDEBUG",8,100000,pito,owned_insert,ecs_insert_owned,2,10,19,39.370000
aalair,"Apple M3",8,"Darwin 27.0.0 arm64","Apple LLVM 21.0.0 (clang-2100.3.34.2)"," -O3 -DNDEBUG",8,100000,pito,owned_insert,ecs_insert_owned,2,10,20,39.476000
aalair,"Apple M3",8,"Darwin 27.0.0 arm64","Apple LLVM 21.0.0 (clang-2100.3.34.2)"," -O3 -DNDEBUG",8,100000,pito,owned_insert,ecs_insert_owned,2,10,21,39.298000
aalair,"Apple M3",8,"Darwin 27.0.0 arm64","Apple LLVM 21.0.0 (clang-2100.3.34.2)"," -O3 -DNDEBUG",8,100000,pito,owned_insert,ecs_insert_owned,2,10,22,41.028000
aalair,"Apple M3",8,"Darwin 27.0.0 arm64","Apple LLVM 21.0.0 (clang-2100.3.34.2)"," -O3 -DNDEBUG",8,100000,pito,owned_insert,ecs_insert_owned,2,10,23,38.365000
aalair,"Apple M3",8,"Darwin 27.0.0 arm64","Apple LLVM 21.0.0 (clang-2100.3.34.2)"," -O3 -DNDEBUG",8,100000,pito,owned_insert,ecs_insert_owned,2,10,24,38.386000
aalair,"Apple M3",8,"Darwin 27.0.0 arm64","Apple LLVM 21.0.0 (clang-2100.3.34.2)"," -O3 -DNDEBUG",8,100000,pito,owned_insert,ecs_insert_owned,2,10,25,37.918000
aalair,"Apple M3",8,"Darwin 27.0.0 arm64","Apple LLVM 21.0.0 (clang-2100.3.34.2)"," -O3 -DNDEBUG",8,100000,pito,owned_insert,ecs_insert_owned,2,10,26,35.060000
aalair,"Apple M3",8,"Darwin 27.0.0 arm64","Apple LLVM 21.0.0 (clang-2100.3.34.2)"," -O3 -DNDEBUG",8,100000,pito,owned_insert,ecs_insert_owned,2,10,27,38.589000
aalair,"Apple M3",8,"Darwin 27.0.0 arm64","Apple LLVM 21.0.0 (clang-2100.3.34.2)"," -O3 -DNDEBUG",8,100000,pito,owned_insert,ecs_insert_owned,2,10,28,40.597000
aalair,"Apple M3",8,"Darwin 27.0.0 arm64","Apple LLVM 21.0.0 (clang-2100.3.34.2)"," -O3 -DNDEBUG",8,100000,pito,owned_insert,ecs_insert_owned,2,10,29,39.492000
aalair,"Apple M3",8,"Darwin 27.0.0 arm64","Apple LLVM 21.0.0 (clang-2100.3.34.2)"," -O3 -DNDEBUG",8,100000,pito,owned_insert,ecs_insert_owned,2,10,30,40.661000
aalair,"Apple M3",8,"Darwin 27.0.0 arm64","Apple LLVM 21.0.0 (clang-2100.3.34.2)"," -O3 -DNDEBUG",8,100000,pito,owned_insert,ecs_insert_owned,2,10,31,40.917000
aalair,"Apple M3",8,"Darwin 27.0.0 arm64","Apple LLVM 21.0.0 (clang-2100.3.34.2)"," -O3 -DNDEBUG",8,100000,pito,owned_insert,ecs_insert_owned,2,10,32,40.909000
aalair,"Apple M3",8,"Darwin 27.0.0 arm64","Apple LLVM 21.0.0 (clang-2100.3.34.2)"," -O3 -DNDEBUG",8,100000,pito,owned_insert,ecs_insert_owned,2,10,33,37.296000
aalair,"Apple M3",8,"Darwin 27.0.0 arm64","Apple LLVM 21.0.0 (clang-2100.3.34.2)"," -O3 -DNDEBUG",8,100000,pito,owned_insert,ecs_insert_owned,2,10,34,34.976000
aalair,"Apple M3",8,"Darwin 27.0.0 arm64","Apple LLVM 21.0.0 (clang-2100.3.34.2)"," -O3 -DNDEBUG",8,100000,pito,owned_insert,ecs_insert_owned,2,10,35,39.106000
aalair,"Apple M3",8,"Darwin 27.0.0 arm64","Apple LLVM 21.0.0 (clang-2100.3.34.2)"," -O3 -DNDEBUG",8,100000,pito,owned_insert,ecs_insert_owned,2,10,36,39.315000
aalair,"Apple M3",8,"Darwin 27.0.0 arm64","Apple LLVM 21.0.0 (clang-2100.3.34.2)"," -O3 -DNDEBUG",8,100000,pito,owned_insert,ecs_insert_owned,2,500,1,207.214000
aalair,"Apple M3",8,"Darwin 27.0.0 arm64","Apple LLVM 21.0.0 (clang-2100.3.34.2)"," -O3 -DNDEBUG",8,100000,pito,owned_insert,ecs_insert_owned,2,500,2,206.953000
aalair,"Apple M3",8,"Darwin 27.0.0 arm64","Apple LLVM 21.0.0 (clang-2100.3.34.2)"," -O3 -DNDEBUG",8,100000,pito,owned_insert,ecs_insert_owned,2,500,3,206.934000
aalair,"Apple M3",8,"Darwin 27.0.0 arm64","Apple LLVM 21.0.0 (clang-2100.3.34.2)"," -O3 -DNDEBUG",8,100000,pito,owned_insert,ecs_insert_owned,2,500,4,207.944000
aalair,"Apple M3",8,"Darwin 27.0.0 arm64","Apple LLVM 21.0.0 (clang-2100.3.34.2)"," -O3 -DNDEBUG",8,100000,pito,owned_insert,ecs_insert_owned,2,500,5,206.946000
aalair,"Apple M3",8,"Darwin 27.0.0 arm64","Apple LLVM 21.0.0 (clang-2100.3.34.2)"," -O3 -DNDEBUG",8,100000,pito,owned_insert,ecs_insert_owned,2,500,6,206.875000
aalair,"Apple M3",8,"Darwin 27.0.0 arm64","Apple LLVM 21.0.0 (clang-2100.3.34.2)"," -O3 -DNDEBUG",8,100000,pito,owned_insert,ecs_insert_owned,2,500,7,206.909000
aalair,"Apple M3",8,"Darwin 27.0.0 arm64","Apple LLVM 21.0.0 (clang-2100.3.34.2)"," -O3 -DNDEBUG",8,100000,pito,owned_insert,ecs_insert_owned,2,500,8,207.027000
aalair,"Apple M3",8,"Darwin 27.0.0 arm64","Apple LLVM 21.0.0 (clang-2100.3.34.2)"," -O3 -DNDEBUG",8,100000,pito,owned_insert,ecs_insert_owned,2,500,9,207.070000
aalair,"Apple M3",8,"Darwin 27.0.0 arm64","Apple LLVM 21.0.0 (clang-2100.3.34.2)"," -O3 -DNDEBUG",8,100000,pito,owned_insert,ecs_insert_owned,2,500,10,206.989000
aalair,"Apple M3",8,"Darwin 27.0.0 arm64","Apple LLVM 21.0.0 (clang-2100.3.34.2)"," -O3 -DNDEBUG",8,100000,pito,owned_insert,ecs_insert_owned,4,0,1,63.546000
aalair,"Apple M3",8,"Darwin 27.0.0 arm64","Apple LLVM 21.0.0 (clang-2100.3.34.2)"," -O3 -DNDEBUG",8,100000,pito,owned_insert,ecs_insert_owned,4,0,2,63.031000
aalair,"Apple M3",8,"Darwin 27.0.0 arm64","Apple LLVM 21.0.0 (clang-2100.3.34.2)"," -O3 -DNDEBUG",8,100000,pito,owned_insert,ecs_insert_owned,4,0,3,62.787000
aalair,"Apple M3",8,"Darwin 27.0.0 arm64","Apple LLVM 21.0.0 (clang-2100.3.34.2)"," -O3 -DNDEBUG",8,100000,pito,owned_insert,ecs_insert_owned,4,0,4,63.707000
aalair,"Apple M3",8,"Darwin 27.0.0 arm64","Apple LLVM 21.0.0 (clang-2100.3.34.2)"," -O3 -DNDEBUG",8,100000,pito,owned_insert,ecs_insert_owned,4,0,5,62.976000
aalair,"Apple M3",8,"Darwin 27.0.0 arm64","Apple LLVM 21.0.0 (clang-2100.3.34.2)"," -O3 -DNDEBUG",8,100000,pito,owned_insert,ecs_insert_owned,4,0,6,62.954000
aalair,"Apple M3",8,"Darwin 27.0.0 arm64","Apple LLVM 21.0.0 (clang-2100.3.34.2)"," -O3 -DNDEBUG",8,100000,pito,owned_insert,ecs_insert_owned,4,0,7,65.573000
aalair,"Apple M3",8,"Darwin 27.0.0 arm64","Apple LLVM 21.0.0 (clang-2100.3.34.2)"," -O3 -DNDEBUG",8,100000,pito,owned_insert,ecs_insert_owned,4,0,8,62.187000
aalair,"Apple M3",8,"Darwin 27.0.0 arm64","Apple LLVM 21.0.0 (clang-2100.3.34.2)"," -O3 -DNDEBUG",8,100000,pito,owned_insert,ecs_insert_owned,4,0,9,62.417000
aalair,"Apple M3",8,"Darwin 27.0.0 arm64","Apple LLVM 21.0.0 (clang-2100.3.34.2)"," -O3 -DNDEBUG",8,100000,pito,owned_insert,ecs_insert_owned,4,0,10,63.121000
aalair,"Apple M3",8,"Darwin 27.0.0 arm64","Apple LLVM 21.0.0 (clang-2100.3.34.2)"," -O3 -DNDEBUG",8,100000,pito,owned_insert,ecs_insert_owned,4,10,1,65.472000
aalair,"Apple M3",8,"Darwin 27.0.0 arm64","Apple LLVM 21.0.0 (clang-2100.3.34.2)"," -O3 -DNDEBUG",8,100000,pito,owned_insert,ecs_insert_owned,4,10,2,65.510000
aalair,"Apple M3",8,"Darwin 27.0.0 arm64","Apple LLVM 21.0.0 (clang-2100.3.34.2)"," -O3 -DNDEBUG",8,100000,pito,owned_insert,ecs_insert_owned,4,10,3,65.441000
aalair,"Apple M3",8,"Darwin 27.0.0 arm64","Apple LLVM 21.0.0 (clang-2100.3.34.2)"," -O3 -DNDEBUG",8,100000,pito,owned_insert,ecs_insert_owned,4,10,4,65.349000
aalair,"Apple M3",8,"Darwin 27.0.0 arm64","Apple LLVM 21.0.0 (clang-2100.3.34.2)"," -O3 -DNDEBUG",8,100000,pito,owned_insert,ecs_insert_owned,4,10,5,65.851000
aalair,"Apple M3",8,"Darwin 27.0.0 arm64","Apple LLVM 21.0.0 (clang-2100.3.34.2)"," -O3 -DNDEBUG",8,100000,pito,owned_insert,ecs_insert_owned,4,10,6,65.560000
aalair,"Apple M3",8,"Darwin 27.0.0 arm64","Apple LLVM 21.0.0 (clang-2100.3.34.2)"," -O3 -DNDEBUG",8,100000,pito,owned_insert,ecs_insert_owned,4,10,7,65.662000
aalair,"Apple M3",8,"Darwin 27.0.0 arm64","Apple LLVM 21.0.0 (clang-2100.3.34.2)"," -O3 -DNDEBUG",8,100000,pito,owned_insert,ecs_insert_owned,4,10,8,65.469000
aalair,"Apple M3",8,"Darwin 27.0.0 arm64","Apple LLVM 21.0.0 (clang-2100.3.34.2)"," -O3 -DNDEBUG",8,100000,pito,owned_insert,ecs_insert_owned,4,10,9,65.745000
aalair,"Apple M3",8,"Darwin 27.0.0 arm64","Apple LLVM 21.0.0 (clang-2100.3.34.2)"," -O3 -DNDEBUG",8,100000,pito,owned_insert,ecs_insert_owned,4,10,10,65.905000
aalair,"Apple M3",8,"Darwin 27.0.0 arm64","Apple LLVM 21.0.0 (clang-2100.3.34.2)"," -O3 -DNDEBUG",8,100000,pito,owned_insert,ecs_insert_owned,4,500,1,112.761000
aalair,"Apple M3",8,"Darwin 27.0.0 arm64","Apple LLVM 21.0.0 (clang-2100.3.34.2)"," -O3 -DNDEBUG",8,100000,pito,owned_insert,ecs_insert_owned,4,500,2,112.873000
aalair,"Apple M3",8,"Darwin 27.0.0 arm64","Apple LLVM 21.0.0 (clang-2100.3.34.2)"," -O3 -DNDEBUG",8,100000,pito,owned_insert,ecs_insert_owned,4,500,3,112.753000
aalair,"Apple M3",8,"Darwin 27.0.0 arm64","Apple LLVM 21.0.0 (clang-2100.3.34.2)"," -O3 -DNDEBUG",8,100000,pito,owned_insert,ecs_insert_owned,4,500,4,112.748000
aalair,"Apple M3",8,"Darwin 27.0.0 arm64","Apple LLVM 21.0.0 (clang-2100.3.34.2)"," -O3 -DNDEBUG",8,100000,pito,owned_insert,ecs_insert_owned,4,500,5,113.515000
aalair,"Apple M3",8,"Darwin 27.0.0 arm64","Apple LLVM 21.0.0 (clang-2100.3.34.2)"," -O3 -DNDEBUG",8,100000,pito,owned_insert,ecs_insert_owned,4,500,6,112.679000
aalair,"Apple M3",8,"Darwin 27.0.0 arm64","Apple LLVM 21.0.0 (clang-2100.3.34.2)"," -O3 -DNDEBUG",8,100000,pito,owned_insert,ecs_insert_owned,4,500,7,112.774000
aalair,"Apple M3",8,"Darwin 27.0.0 arm64","Apple LLVM 21.0.0 (clang-2100.3.34.2)"," -O3 -DNDEBUG",8,100000,pito,owned_insert,ecs_insert_owned,4,500,8,112.919000
aalair,"Apple M3",8,"Darwin 27.0.0 arm64","Apple LLVM 21.0.0 (clang-2100.3.34.2)"," -O3 -DNDEBUG",8,100000,pito,owned_insert,ecs_insert_owned,4,500,9,112.675000
aalair,"Apple M3",8,"Darwin 27.0.0 arm64","Apple LLVM 21.0.0 (clang-2100.3.34.2)"," -O3 -DNDEBUG",8,100000,pito,owned_insert,ecs_insert_owned,4,500,10,112.744000
aalair,"Apple M3",8,"Darwin 27.0.0 arm64","Apple LLVM 21.0.0 (clang-2100.3.34.2)"," -O3 -DNDEBUG",8,100000,pito,owned_insert,ecs_insert_owned,8,0,1,99.544000
aalair,"Apple M3",8,"Darwin 27.0.0 arm64","Apple LLVM 21.0.0 (clang-2100.3.34.2)"," -O3 -DNDEBUG",8,100000,pito,owned_insert,ecs_insert_owned,8,0,2,100.004000
aalair,"Apple M3",8,"Darwin 27.0.0 arm64","Apple LLVM 21.0.0 (clang-2100.3.34.2)"," -O3 -DNDEBUG",8,100000,pito,owned_insert,ecs_insert_owned,8,0,3,99.137000
aalair,"Apple M3",8,"Darwin 27.0.0 arm64","Apple LLVM 21.0.0 (clang-2100.3.34.2)"," -O3 -DNDEBUG",8,100000,pito,owned_insert,ecs_insert_owned,8,0,4,99.135000
aalair,"Apple M3",8,"Darwin 27.0.0 arm64","Apple LLVM 21.0.0 (clang-2100.3.34.2)"," -O3 -DNDEBUG",8,100000,pito,owned_insert,ecs_insert_owned,8,0,5,99.950000
aalair,"Apple M3",8,"Darwin 27.0.0 arm64","Apple LLVM 21.0.0 (clang-2100.3.34.2)"," -O3 -DNDEBUG",8,100000,pito,owned_insert,ecs_insert_owned,8,0,6,99.505000
aalair,"Apple M3",8,"Darwin 27.0.0 arm64","Apple LLVM 21.0.0 (clang-2100.3.34.2)"," -O3 -DNDEBUG",8,100000,pito,owned_insert,ecs_insert_owned,8,0,7,101.115000
aalair,"Apple M3",8,"Darwin 27.0.0 arm64","Apple LLVM 21.0.0 (clang-2100.3.34.2)"," -O3 -DNDEBUG",8,100000,pito,owned_insert,ecs_insert_owned,8,0,8,99.711000
aalair,"Apple M3",8,"Darwin 27.0.0 arm64","Apple LLVM 21.0.0 (clang-2100.3.34.2)"," -O3 -DNDEBUG",8,100000,pito,owned_insert,ecs_insert_owned,8,0,9,100.162000
aalair,"Apple M3",8,"Darwin 27.0.0 arm64","Apple LLVM 21.0.0 (clang-2100.3.34.2)"," -O3 -DNDEBUG",8,100000,pito,owned_insert,ecs_insert_owned,8,0,10,100.049000
aalair,"Apple M3",8,"Darwin 27.0.0 arm64","Apple LLVM 21.0.0 (clang-2100.3.34.2)"," -O3 -DNDEBUG",8,100000,pito,owned_insert,ecs_insert_owned,8,10,1,105.953000
aalair,"Apple M3",8,"Darwin 27.0.0 arm64","Apple LLVM 21.0.0 (clang-2100.3.34.2)"," -O3 -DNDEBUG",8,100000,pito,owned_insert,ecs_insert_owned,8,10,2,105.965000
aalair,"Apple M3",8,"Darwin 27.0.0 arm64","Apple LLVM 21.0.0 (clang-2100.3.34.2)"," -O3 -DNDEBUG",8,100000,pito,owned_insert,ecs_insert_owned,8,10,3,105.438000
aalair,"Apple M3",8,"Darwin 27.0.0 arm64","Apple LLVM 21.0.0 (clang-2100.3.34.2)"," -O3 -DNDEBUG",8,100000,pito,owned_insert,ecs_insert_owned,8,10,4,106.149000
aalair,"Apple M3",8,"Darwin 27.0.0 arm64","Apple LLVM 21.0.0 (clang-2100.3.34.2)"," -O3 -DNDEBUG",8,100000,pito,owned_insert,ecs_insert_owned,8,10,5,105.469000
aalair,"Apple M3",8,"Darwin 27.0.0 arm64","Apple LLVM 21.0.0 (clang-2100.3.34.2)"," -O3 -DNDEBUG",8,100000,pito,owned_insert,ecs_insert_owned,8,10,6,105.560000
aalair,"Apple M3",8,"Darwin 27.0.0 arm64","Apple LLVM 21.0.0 (clang-2100.3.34.2)"," -O3 -DNDEBUG",8,100000,pito,owned_insert,ecs_insert_owned,8,10,7,105.735000
aalair,"Apple M3",8,"Darwin 27.0.0 arm64","Apple LLVM 21.0.0 (clang-2100.3.34.2)"," -O3 -DNDEBUG",8,100000,pito,owned_insert,ecs_insert_owned,8,10,8,106.187000
aalair,"Apple M3",8,"Darwin 27.0.0 arm64","Apple LLVM 21.0.0 (clang-2100.3.34.2)"," -O3 -DNDEBUG",8,100000,pito,owned_insert,ecs_insert_owned,8,10,9,106.340000
aalair,"Apple M3",8,"Darwin 27.0.0 arm64","Apple LLVM 21.0.0 (clang-2100.3.34.2)"," -O3 -DNDEBUG",8,100000,pito,owned_insert,ecs_insert_owned,8,10,10,105.730000
aalair,"Apple M3",8,"Darwin 27.0.0 arm64","Apple LLVM 21.0.0 (clang-2100.3.34.2)"," -O3 -DNDEBUG",8,100000,pito,owned_insert,ecs_insert_owned,8,500,1,201.101000
aalair,"Apple M3",8,"Darwin 27.0.0 arm64","Apple LLVM 21.0.0 (clang-2100.3.34.2)"," -O3 -DNDEBUG",8,100000,pito,owned_insert,ecs_insert_owned,8,500,2,196.611000
aalair,"Apple M3",8,"Darwin 27.0.0 arm64","Apple LLVM 21.0.0 (clang-2100.3.34.2)"," -O3 -DNDEBUG",8,100000,pito,owned_insert,ecs_insert_owned,8,500,3,201.345000
aalair,"Apple M3",8,"Darwin 27.0.0 arm64","Apple LLVM 21.0.0 (clang-2100.3.34.2)"," -O3 -DNDEBUG",8,100000,pito,owned_insert,ecs_insert_owned,8,500,4,202.022000
aalair,"Apple M3",8,"Darwin 27.0.0 arm64","Apple LLVM 21.0.0 (clang-2100.3.34.2)"," -O3 -DNDEBUG",8,100000,pito,owned_insert,ecs_insert_owned,8,500,5,197.270000
aalair,"Apple M3",8,"Darwin 27.0.0 arm64","Apple LLVM 21.0.0 (clang-2100.3.34.2)"," -O3 -DNDEBUG",8,100000,pito,owned_insert,ecs_insert_owned,8,500,6,203.653000
aalair,"Apple M3",8,"Darwin 27.0.0 arm64","Apple LLVM 21.0.0 (clang-2100.3.34.2)"," -O3 -DNDEBUG",8,100000,pito,owned_insert,ecs_insert_owned,8,500,7,200.460000
aalair,"Apple M3",8,"Darwin 27.0.0 arm64","Apple LLVM 21.0.0 (clang-2100.3.34.2)"," -O3 -DNDEBUG",8,100000,pito,owned_insert,ecs_insert_owned,8,500,8,198.209000
aalair,"Apple M3",8,"Darwin 27.0.0 arm64","Apple LLVM 21.0.0 (clang-2100.3.34.2)"," -O3 -DNDEBUG",8,100000,pito,owned_insert,ecs_insert_owned,8,500,9,198.142000
aalair,"Apple M3",8,"Darwin 27.0.0 arm64","Apple LLVM 21.0.0 (clang-2100.3.34.2)"," -O3 -DNDEBUG",8,100000,pito,owned_insert,ecs_insert_owned,8,500,10,202.487000
aalair,"Apple M3",8,"Darwin 27.0.0 arm64","Apple LLVM 21.0.0 (clang-2100.3.34.2)"," -O3 -DNDEBUG -DPITO_ECS_OWNED_DELETE_ATOMIC=1",8,100000,pito,owned_insert,ecs_insert_owned,1,0,1,19.259000
aalair,"Apple M3",8,"Darwin 27.0.0 arm64","Apple LLVM 21.0.0 (clang-2100.3.34.2)"," -O3 -DNDEBUG -DPITO_ECS_OWNED_DELETE_ATOMIC=1",8,100000,pito,owned_insert,ecs_insert_owned,1,0,2,19.431000
aalair,"Apple M3",8,"Darwin 27.0.0 arm64","Apple LLVM 21.0.0 (clang-2100.3.34.2)"," -O3 -DNDEBUG -DPITO_ECS_OWNED_DELETE_ATOMIC=1",8,100000,pito,owned_insert,ecs_insert_owned,1,0,3,19.164000
aalair,"Apple M3",8,"Darwin 27.0.0 arm64","Apple LLVM 21.0.0 (clang-2100.3.34.2)"," -O3 -DNDEBUG -DPITO_ECS_OWNED_DELETE_ATOMIC=1",8,100000,pito,owned_insert,ecs_insert_owned,1,0,4,19.249000
aalair,"Apple M3",8,"Darwin 27.0.0 arm64","Apple LLVM 21.0.0 (clang-2100.3.34.2)"," -O3 -DNDEBUG -DPITO_ECS_OWNED_DELETE_ATOMIC=1",8,100000,pito,owned_insert,ecs_insert_owned,1,0,5,19.201000
aalair,"Apple M3",8,"Darwin 27.0.0 arm64","Apple LLVM 21.0.0 (clang-2100.3.34.2)"," -O3 -DNDEBUG -DPITO_ECS_OWNED_DELETE_ATOMIC=1",8,100000,pito,owned_insert,ecs_insert_owned,1,0,6,19.183000
aalair,"Apple M3",8,"Darwin 27.0.0 arm64","Apple LLVM 21.0.0 (clang-2100.3.34.2)"," -O3 -DNDEBUG -DPITO_ECS_OWNED_DELETE_ATOMIC=1",8,100000,pito,owned_insert,ecs_insert_owned,1,0,7,19.148000
aalair,"Apple M3",8,"Darwin 27.0.0 arm64","Apple LLVM 21.0.0 (clang-2100.3.34.2)"," -O3 -DNDEBUG -DPITO_ECS_OWNED_DELETE_ATOMIC=1",8,100000,pito,owned_insert,ecs_insert_owned,1,0,8,19.143000
aalair,"Apple M3",8,"Darwin 27.0.0 arm64","Apple LLVM 21.0.0 (clang-2100.3.34.2)"," -O3 -DNDEBUG -DPITO_ECS_OWNED_DELETE_ATOMIC=1",8,100000,pito,owned_insert,ecs_insert_owned,1,0,9,19.145000
aalair,"Apple M3",8,"Darwin 27.0.0 arm64","Apple LLVM 21.0.0 (clang-2100.3.34.2)"," -O3 -DNDEBUG -DPITO_ECS_OWNED_DELETE_ATOMIC=1",8,100000,pito,owned_insert,ecs_insert_owned,1,0,10,19.160000
aalair,"Apple M3",8,"Darwin 27.0.0 arm64","Apple LLVM 21.0.0 (clang-2100.3.34.2)"," -O3 -DNDEBUG -DPITO_ECS_OWNED_DELETE_ATOMIC=1",8,100000,pito,owned_insert,ecs_insert_owned,1,10,1,21.663000
aalair,"Apple M3",8,"Darwin 27.0.0 arm64","Apple LLVM 21.0.0 (clang-2100.3.34.2)"," -O3 -DNDEBUG -DPITO_ECS_OWNED_DELETE_ATOMIC=1",8,100000,pito,owned_insert,ecs_insert_owned,1,10,2,21.601000
aalair,"Apple M3",8,"Darwin 27.0.0 arm64","Apple LLVM 21.0.0 (clang-2100.3.34.2)"," -O3 -DNDEBUG -DPITO_ECS_OWNED_DELETE_ATOMIC=1",8,100000,pito,owned_insert,ecs_insert_owned,1,10,3,21.477000
aalair,"Apple M3",8,"Darwin 27.0.0 arm64","Apple LLVM 21.0.0 (clang-2100.3.34.2)"," -O3 -DNDEBUG -DPITO_ECS_OWNED_DELETE_ATOMIC=1",8,100000,pito,owned_insert,ecs_insert_owned,1,10,4,21.485000
aalair,"Apple M3",8,"Darwin 27.0.0 arm64","Apple LLVM 21.0.0 (clang-2100.3.34.2)"," -O3 -DNDEBUG -DPITO_ECS_OWNED_DELETE_ATOMIC=1",8,100000,pito,owned_insert,ecs_insert_owned,1,10,5,21.493000
aalair,"Apple M3",8,"Darwin 27.0.0 arm64","Apple LLVM 21.0.0 (clang-2100.3.34.2)"," -O3 -DNDEBUG -DPITO_ECS_OWNED_DELETE_ATOMIC=1",8,100000,pito,owned_insert,ecs_insert_owned,1,10,6,21.477000
aalair,"Apple M3",8,"Darwin 27.0.0 arm64","Apple LLVM 21.0.0 (clang-2100.3.34.2)"," -O3 -DNDEBUG -DPITO_ECS_OWNED_DELETE_ATOMIC=1",8,100000,pito,owned_insert,ecs_insert_owned,1,10,7,21.396000
aalair,"Apple M3",8,"Darwin 27.0.0 arm64","Apple LLVM 21.0.0 (clang-2100.3.34.2)"," -O3 -DNDEBUG -DPITO_ECS_OWNED_DELETE_ATOMIC=1",8,100000,pito,owned_insert,ecs_insert_owned,1,10,8,21.414000
aalair,"Apple M3",8,"Darwin 27.0.0 arm64","Apple LLVM 21.0.0 (clang-2100.3.34.2)"," -O3 -DNDEBUG -DPITO_ECS_OWNED_DELETE_ATOMIC=1",8,100000,pito,owned_insert,ecs_insert_owned,1,10,9,21.404000
aalair,"Apple M3",8,"Darwin 27.0.0 arm64","Apple LLVM 21.0.0 (clang-2100.3.34.2)"," -O3 -DNDEBUG -DPITO_ECS_OWNED_DELETE_ATOMIC=1",8,100000,pito,owned_insert,ecs_insert_owned,1,10,10,21.472000
aalair,"Apple M3",8,"Darwin 27.0.0 arm64","Apple LLVM 21.0.0 (clang-2100.3.34.2)"," -O3 -DNDEBUG -DPITO_ECS_OWNED_DELETE_ATOMIC=1",8,100000,pito,owned_insert,ecs_insert_owned,1,500,1,394.344000
aalair,"Apple M3",8,"Darwin 27.0.0 arm64","Apple LLVM 21.0.0 (clang-2100.3.34.2)"," -O3 -DNDEBUG -DPITO_ECS_OWNED_DELETE_ATOMIC=1",8,100000,pito,owned_insert,ecs_insert_owned,1,500,2,396.799000
aalair,"Apple M3",8,"Darwin 27.0.0 arm64","Apple LLVM 21.0.0 (clang-2100.3.34.2)"," -O3 -DNDEBUG -DPITO_ECS_OWNED_DELETE_ATOMIC=1",8,100000,pito,owned_insert,ecs_insert_owned,1,500,3,396.029000
aalair,"Apple M3",8,"Darwin 27.0.0 arm64","Apple LLVM 21.0.0 (clang-2100.3.34.2)"," -O3 -DNDEBUG -DPITO_ECS_OWNED_DELETE_ATOMIC=1",8,100000,pito,owned_insert,ecs_insert_owned,1,500,4,394.193000
aalair,"Apple M3",8,"Darwin 27.0.0 arm64","Apple LLVM 21.0.0 (clang-2100.3.34.2)"," -O3 -DNDEBUG -DPITO_ECS_OWNED_DELETE_ATOMIC=1",8,100000,pito,owned_insert,ecs_insert_owned,1,500,5,394.380000
aalair,"Apple M3",8,"Darwin 27.0.0 arm64","Apple LLVM 21.0.0 (clang-2100.3.34.2)"," -O3 -DNDEBUG -DPITO_ECS_OWNED_DELETE_ATOMIC=1",8,100000,pito,owned_insert,ecs_insert_owned,1,500,6,394.156000
aalair,"Apple M3",8,"Darwin 27.0.0 arm64","Apple LLVM 21.0.0 (clang-2100.3.34.2)"," -O3 -DNDEBUG -DPITO_ECS_OWNED_DELETE_ATOMIC=1",8,100000,pito,owned_insert,ecs_insert_owned,1,500,7,394.227000
aalair,"Apple M3",8,"Darwin 27.0.0 arm64","Apple LLVM 21.0.0 (clang-2100.3.34.2)"," -O3 -DNDEBUG -DPITO_ECS_OWNED_DELETE_ATOMIC=1",8,100000,pito,owned_insert,ecs_insert_owned,1,500,8,395.167000
aalair,"Apple M3",8,"Darwin 27.0.0 arm64","Apple LLVM 21.0.0 (clang-2100.3.34.2)"," -O3 -DNDEBUG -DPITO_ECS_OWNED_DELETE_ATOMIC=1",8,100000,pito,owned_insert,ecs_insert_owned,1,500,9,395.741000
aalair,"Apple M3",8,"Darwin 27.0.0 arm64","Apple LLVM 21.0.0 (clang-2100.3.34.2)"," -O3 -DNDEBUG -DPITO_ECS_OWNED_DELETE_ATOMIC=1",8,100000,pito,owned_insert,ecs_insert_owned,1,500,10,394.473000
aalair,"Apple M3",8,"Darwin 27.0.0 arm64","Apple LLVM 21.0.0 (clang-2100.3.34.2)"," -O3 -DNDEBUG -DPITO_ECS_OWNED_DELETE_ATOMIC=1",8,100000,pito,owned_insert,ecs_insert_owned,2,0,1,10.264000
aalair,"Apple M3",8,"Darwin 27.0.0 arm64","Apple LLVM 21.0.0 (clang-2100.3.34.2)"," -O3 -DNDEBUG -DPITO_ECS_OWNED_DELETE_ATOMIC=1",8,100000,pito,owned_insert,ecs_insert_owned,2,0,2,10.004000
aalair,"Apple M3",8,"Darwin 27.0.0 arm64","Apple LLVM 21.0.0 (clang-2100.3.34.2)"," -O3 -DNDEBUG -DPITO_ECS_OWNED_DELETE_ATOMIC=1",8,100000,pito,owned_insert,ecs_insert_owned,2,0,3,10.540000
aalair,"Apple M3",8,"Darwin 27.0.0 arm64","Apple LLVM 21.0.0 (clang-2100.3.34.2)"," -O3 -DNDEBUG -DPITO_ECS_OWNED_DELETE_ATOMIC=1",8,100000,pito,owned_insert,ecs_insert_owned,2,0,4,10.103000
aalair,"Apple M3",8,"Darwin 27.0.0 arm64","Apple LLVM 21.0.0 (clang-2100.3.34.2)"," -O3 -DNDEBUG -DPITO_ECS_OWNED_DELETE_ATOMIC=1",8,100000,pito,owned_insert,ecs_insert_owned,2,0,5,10.185000
aalair,"Apple M3",8,"Darwin 27.0.0 arm64","Apple LLVM 21.0.0 (clang-2100.3.34.2)"," -O3 -DNDEBUG -DPITO_ECS_OWNED_DELETE_ATOMIC=1",8,100000,pito,owned_insert,ecs_insert_owned,2,0,6,10.083000
aalair,"Apple M3",8,"Darwin 27.0.0 arm64","Apple LLVM 21.0.0 (clang-2100.3.34.2)"," -O3 -DNDEBUG -DPITO_ECS_OWNED_DELETE_ATOMIC=1",8,100000,pito,owned_insert,ecs_insert_owned,2,0,7,10.080000
aalair,"Apple M3",8,"Darwin 27.0.0 arm64","Apple LLVM 21.0.0 (clang-2100.3.34.2)"," -O3 -DNDEBUG -DPITO_ECS_OWNED_DELETE_ATOMIC=1",8,100000,pito,owned_insert,ecs_insert_owned,2,0,8,10.254000
aalair,"Apple M3",8,"Darwin 27.0.0 arm64","Apple LLVM 21.0.0 (clang-2100.3.34.2)"," -O3 -DNDEBUG -DPITO_ECS_OWNED_DELETE_ATOMIC=1",8,100000,pito,owned_insert,ecs_insert_owned,2,0,9,9.946000
aalair,"Apple M3",8,"Darwin 27.0.0 arm64","Apple LLVM 21.0.0 (clang-2100.3.34.2)"," -O3 -DNDEBUG -DPITO_ECS_OWNED_DELETE_ATOMIC=1",8,100000,pito,owned_insert,ecs_insert_owned,2,0,10,10.125000
aalair,"Apple M3",8,"Darwin 27.0.0 arm64","Apple LLVM 21.0.0 (clang-2100.3.34.2)"," -O3 -DNDEBUG -DPITO_ECS_OWNED_DELETE_ATOMIC=1",8,100000,pito,owned_insert,ecs_insert_owned,2,10,1,11.219000
aalair,"Apple M3",8,"Darwin 27.0.0 arm64","Apple LLVM 21.0.0 (clang-2100.3.34.2)"," -O3 -DNDEBUG -DPITO_ECS_OWNED_DELETE_ATOMIC=1",8,100000,pito,owned_insert,ecs_insert_owned,2,10,2,11.064000
aalair,"Apple M3",8,"Darwin 27.0.0 arm64","Apple LLVM 21.0.0 (clang-2100.3.34.2)"," -O3 -DNDEBUG -DPITO_ECS_OWNED_DELETE_ATOMIC=1",8,100000,pito,owned_insert,ecs_insert_owned,2,10,3,11.287000
aalair,"Apple M3",8,"Darwin 27.0.0 arm64","Apple LLVM 21.0.0 (clang-2100.3.34.2)"," -O3 -DNDEBUG -DPITO_ECS_OWNED_DELETE_ATOMIC=1",8,100000,pito,owned_insert,ecs_insert_owned,2,10,4,11.207000
aalair,"Apple M3",8,"Darwin 27.0.0 arm64","Apple LLVM 21.0.0 (clang-2100.3.34.2)"," -O3 -DNDEBUG -DPITO_ECS_OWNED_DELETE_ATOMIC=1",8,100000,pito,owned_insert,ecs_insert_owned,2,10,5,11.072000
aalair,"Apple M3",8,"Darwin 27.0.0 arm64","Apple LLVM 21.0.0 (clang-2100.3.34.2)"," -O3 -DNDEBUG -DPITO_ECS_OWNED_DELETE_ATOMIC=1",8,100000,pito,owned_insert,ecs_insert_owned,2,10,6,11.087000
aalair,"Apple M3",8,"Darwin 27.0.0 arm64","Apple LLVM 21.0.0 (clang-2100.3.34.2)"," -O3 -DNDEBUG -DPITO_ECS_OWNED_DELETE_ATOMIC=1",8,100000,pito,owned_insert,ecs_insert_owned,2,10,7,11.064000
aalair,"Apple M3",8,"Darwin 27.0.0 arm64","Apple LLVM 21.0.0 (clang-2100.3.34.2)"," -O3 -DNDEBUG -DPITO_ECS_OWNED_DELETE_ATOMIC=1",8,100000,pito,owned_insert,ecs_insert_owned,2,10,8,11.103000
aalair,"Apple M3",8,"Darwin 27.0.0 arm64","Apple LLVM 21.0.0 (clang-2100.3.34.2)"," -O3 -DNDEBUG -DPITO_ECS_OWNED_DELETE_ATOMIC=1",8,100000,pito,owned_insert,ecs_insert_owned,2,10,9,11.208000
aalair,"Apple M3",8,"Darwin 27.0.0 arm64","Apple LLVM 21.0.0 (clang-2100.3.34.2)"," -O3 -DNDEBUG -DPITO_ECS_OWNED_DELETE_ATOMIC=1",8,100000,pito,owned_insert,ecs_insert_owned,2,10,10,11.103000
aalair,"Apple M3",8,"Darwin 27.0.0 arm64","Apple LLVM 21.0.0 (clang-2100.3.34.2)"," -O3 -DNDEBUG -DPITO_ECS_OWNED_DELETE_ATOMIC=1",8,100000,pito,owned_insert,ecs_insert_owned,2,500,1,203.573000
aalair,"Apple M3",8,"Darwin 27.0.0 arm64","Apple LLVM 21.0.0 (clang-2100.3.34.2)"," -O3 -DNDEBUG -DPITO_ECS_OWNED_DELETE_ATOMIC=1",8,100000,pito,owned_insert,ecs_insert_owned,2,500,2,202.217000
aalair,"Apple M3",8,"Darwin 27.0.0 arm64","Apple LLVM 21.0.0 (clang-2100.3.34.2)"," -O3 -DNDEBUG -DPITO_ECS_OWNED_DELETE_ATOMIC=1",8,100000,pito,owned_insert,ecs_insert_owned,2,500,3,202.028000
aalair,"Apple M3",8,"Darwin 27.0.0 arm64","Apple LLVM 21.0.0 (clang-2100.3.34.2)"," -O3 -DNDEBUG -DPITO_ECS_OWNED_DELETE_ATOMIC=1",8,100000,pito,owned_insert,ecs_insert_owned,2,500,4,202.080000
aalair,"Apple M3",8,"Darwin 27.0.0 arm64","Apple LLVM 21.0.0 (clang-2100.3.34.2)"," -O3 -DNDEBUG -DPITO_ECS_OWNED_DELETE_ATOMIC=1",8,100000,pito,owned_insert,ecs_insert_owned,2,500,5,201.973000
aalair,"Apple M3",8,"Darwin 27.0.0 arm64","Apple LLVM 21.0.0 (clang-2100.3.34.2)"," -O3 -DNDEBUG -DPITO_ECS_OWNED_DELETE_ATOMIC=1",8,100000,pito,owned_insert,ecs_insert_owned,2,500,6,202.242000
aalair,"Apple M3",8,"Darwin 27.0.0 arm64","Apple LLVM 21.0.0 (clang-2100.3.34.2)"," -O3 -DNDEBUG -DPITO_ECS_OWNED_DELETE_ATOMIC=1",8,100000,pito,owned_insert,ecs_insert_owned,2,500,7,202.401000
aalair,"Apple M3",8,"Darwin 27.0.0 arm64","Apple LLVM 21.0.0 (clang-2100.3.34.2)"," -O3 -DNDEBUG -DPITO_ECS_OWNED_DELETE_ATOMIC=1",8,100000,pito,owned_insert,ecs_insert_owned,2,500,8,201.959000
aalair,"Apple M3",8,"Darwin 27.0.0 arm64","Apple LLVM 21.0.0 (clang-2100.3.34.2)"," -O3 -DNDEBUG -DPITO_ECS_OWNED_DELETE_ATOMIC=1",8,100000,pito,owned_insert,ecs_insert_owned,2,500,9,202.988000
aalair,"Apple M3",8,"Darwin 27.0.0 arm64","Apple LLVM 21.0.0 (clang-2100.3.34.2)"," -O3 -DNDEBUG -DPITO_ECS_OWNED_DELETE_ATOMIC=1",8,100000,pito,owned_insert,ecs_insert_owned,2,500,10,202.889000
aalair,"Apple M3",8,"Darwin 27.0.0 arm64","Apple LLVM 21.0.0 (clang-2100.3.34.2)"," -O3 -DNDEBUG -DPITO_ECS_OWNED_DELETE_ATOMIC=1",8,100000,pito,owned_insert,ecs_insert_owned,4,0,1,5.649000
aalair,"Apple M3",8,"Darwin 27.0.0 arm64","Apple LLVM 21.0.0 (clang-2100.3.34.2)"," -O3 -DNDEBUG -DPITO_ECS_OWNED_DELETE_ATOMIC=1",8,100000,pito,owned_insert,ecs_insert_owned,4,0,2,5.706000
aalair,"Apple M3",8,"Darwin 27.0.0 arm64","Apple LLVM 21.0.0 (clang-2100.3.34.2)"," -O3 -DNDEBUG -DPITO_ECS_OWNED_DELETE_ATOMIC=1",8,100000,pito,owned_insert,ecs_insert_owned,4,0,3,5.859000
aalair,"Apple M3",8,"Darwin 27.0.0 arm64","Apple LLVM 21.0.0 (clang-2100.3.34.2)"," -O3 -DNDEBUG -DPITO_ECS_OWNED_DELETE_ATOMIC=1",8,100000,pito,owned_insert,ecs_insert_owned,4,0,4,5.885000
aalair,"Apple M3",8,"Darwin 27.0.0 arm64","Apple LLVM 21.0.0 (clang-2100.3.34.2)"," -O3 -DNDEBUG -DPITO_ECS_OWNED_DELETE_ATOMIC=1",8,100000,pito,owned_insert,ecs_insert_owned,4,0,5,5.946000
aalair,"Apple M3",8,"Darwin 27.0.0 arm64","Apple LLVM 21.0.0 (clang-2100.3.34.2)"," -O3 -DNDEBUG -DPITO_ECS_OWNED_DELETE_ATOMIC=1",8,100000,pito,owned_insert,ecs_insert_owned,4,0,6,5.650000
aalair,"Apple M3",8,"Darwin 27.0.0 arm64","Apple LLVM 21.0.0 (clang-2100.3.34.2)"," -O3 -DNDEBUG -DPITO_ECS_OWNED_DELETE_ATOMIC=1",8,100000,pito,owned_insert,ecs_insert_owned,4,0,7,5.559000
aalair,"Apple M3",8,"Darwin 27.0.0 arm64","Apple LLVM 21.0.0 (clang-2100.3.34.2)"," -O3 -DNDEBUG -DPITO_ECS_OWNED_DELETE_ATOMIC=1",8,100000,pito,owned_insert,ecs_insert_owned,4,0,8,5.931000
aalair,"Apple M3",8,"Darwin 27.0.0 arm64","Apple LLVM 21.0.0 (clang-2100.3.34.2)"," -O3 -DNDEBUG -DPITO_ECS_OWNED_DELETE_ATOMIC=1",8,100000,pito,owned_insert,ecs_insert_owned,4,0,9,5.765000
aalair,"Apple M3",8,"Darwin 27.0.0 arm64","Apple LLVM 21.0.0 (clang-2100.3.34.2)"," -O3 -DNDEBUG -DPITO_ECS_OWNED_DELETE_ATOMIC=1",8,100000,pito,owned_insert,ecs_insert_owned,4,0,10,5.776000
aalair,"Apple M3",8,"Darwin 27.0.0 arm64","Apple LLVM 21.0.0 (clang-2100.3.34.2)"," -O3 -DNDEBUG -DPITO_ECS_OWNED_DELETE_ATOMIC=1",8,100000,pito,owned_insert,ecs_insert_owned,4,10,1,6.443000
aalair,"Apple M3",8,"Darwin 27.0.0 arm64","Apple LLVM 21.0.0 (clang-2100.3.34.2)"," -O3 -DNDEBUG -DPITO_ECS_OWNED_DELETE_ATOMIC=1",8,100000,pito,owned_insert,ecs_insert_owned,4,10,2,6.564000
aalair,"Apple M3",8,"Darwin 27.0.0 arm64","Apple LLVM 21.0.0 (clang-2100.3.34.2)"," -O3 -DNDEBUG -DPITO_ECS_OWNED_DELETE_ATOMIC=1",8,100000,pito,owned_insert,ecs_insert_owned,4,10,3,6.693000
aalair,"Apple M3",8,"Darwin 27.0.0 arm64","Apple LLVM 21.0.0 (clang-2100.3.34.2)"," -O3 -DNDEBUG -DPITO_ECS_OWNED_DELETE_ATOMIC=1",8,100000,pito,owned_insert,ecs_insert_owned,4,10,4,6.363000
aalair,"Apple M3",8,"Darwin 27.0.0 arm64","Apple LLVM 21.0.0 (clang-2100.3.34.2)"," -O3 -DNDEBUG -DPITO_ECS_OWNED_DELETE_ATOMIC=1",8,100000,pito,owned_insert,ecs_insert_owned,4,10,5,6.409000
aalair,"Apple M3",8,"Darwin 27.0.0 arm64","Apple LLVM 21.0.0 (clang-2100.3.34.2)"," -O3 -DNDEBUG -DPITO_ECS_OWNED_DELETE_ATOMIC=1",8,100000,pito,owned_insert,ecs_insert_owned,4,10,6,6.378000
aalair,"Apple M3",8,"Darwin 27.0.0 arm64","Apple LLVM 21.0.0 (clang-2100.3.34.2)"," -O3 -DNDEBUG -DPITO_ECS_OWNED_DELETE_ATOMIC=1",8,100000,pito,owned_insert,ecs_insert_owned,4,10,7,6.418000
aalair,"Apple M3",8,"Darwin 27.0.0 arm64","Apple LLVM 21.0.0 (clang-2100.3.34.2)"," -O3 -DNDEBUG -DPITO_ECS_OWNED_DELETE_ATOMIC=1",8,100000,pito,owned_insert,ecs_insert_owned,4,10,8,6.700000
aalair,"Apple M3",8,"Darwin 27.0.0 arm64","Apple LLVM 21.0.0 (clang-2100.3.34.2)"," -O3 -DNDEBUG -DPITO_ECS_OWNED_DELETE_ATOMIC=1",8,100000,pito,owned_insert,ecs_insert_owned,4,10,9,6.243000
aalair,"Apple M3",8,"Darwin 27.0.0 arm64","Apple LLVM 21.0.0 (clang-2100.3.34.2)"," -O3 -DNDEBUG -DPITO_ECS_OWNED_DELETE_ATOMIC=1",8,100000,pito,owned_insert,ecs_insert_owned,4,10,10,6.462000
aalair,"Apple M3",8,"Darwin 27.0.0 arm64","Apple LLVM 21.0.0 (clang-2100.3.34.2)"," -O3 -DNDEBUG -DPITO_ECS_OWNED_DELETE_ATOMIC=1",8,100000,pito,owned_insert,ecs_insert_owned,4,500,1,109.897000
aalair,"Apple M3",8,"Darwin 27.0.0 arm64","Apple LLVM 21.0.0 (clang-2100.3.34.2)"," -O3 -DNDEBUG -DPITO_ECS_OWNED_DELETE_ATOMIC=1",8,100000,pito,owned_insert,ecs_insert_owned,4,500,2,109.906000
aalair,"Apple M3",8,"Darwin 27.0.0 arm64","Apple LLVM 21.0.0 (clang-2100.3.34.2)"," -O3 -DNDEBUG -DPITO_ECS_OWNED_DELETE_ATOMIC=1",8,100000,pito,owned_insert,ecs_insert_owned,4,500,3,109.908000
aalair,"Apple M3",8,"Darwin 27.0.0 arm64","Apple LLVM 21.0.0 (clang-2100.3.34.2)"," -O3 -DNDEBUG -DPITO_ECS_OWNED_DELETE_ATOMIC=1",8,100000,pito,owned_insert,ecs_insert_owned,4,500,4,109.887000
aalair,"Apple M3",8,"Darwin 27.0.0 arm64","Apple LLVM 21.0.0 (clang-2100.3.34.2)"," -O3 -DNDEBUG -DPITO_ECS_OWNED_DELETE_ATOMIC=1",8,100000,pito,owned_insert,ecs_insert_owned,4,500,5,109.892000
aalair,"Apple M3",8,"Darwin 27.0.0 arm64","Apple LLVM 21.0.0 (clang-2100.3.34.2)"," -O3 -DNDEBUG -DPITO_ECS_OWNED_DELETE_ATOMIC=1",8,100000,pito,owned_insert,ecs_insert_owned,4,500,6,109.930000
aalair,"Apple M3",8,"Darwin 27.0.0 arm64","Apple LLVM 21.0.0 (clang-2100.3.34.2)"," -O3 -DNDEBUG -DPITO_ECS_OWNED_DELETE_ATOMIC=1",8,100000,pito,owned_insert,ecs_insert_owned,4,500,7,109.884000
aalair,"Apple M3",8,"Darwin 27.0.0 arm64","Apple LLVM 21.0.0 (clang-2100.3.34.2)"," -O3 -DNDEBUG -DPITO_ECS_OWNED_DELETE_ATOMIC=1",8,100000,pito,owned_insert,ecs_insert_owned,4,500,8,109.927000
aalair,"Apple M3",8,"Darwin 27.0.0 arm64","Apple LLVM 21.0.0 (clang-2100.3.34.2)"," -O3 -DNDEBUG -DPITO_ECS_OWNED_DELETE_ATOMIC=1",8,100000,pito,owned_insert,ecs_insert_owned,4,500,9,109.887000
aalair,"Apple M3",8,"Darwin 27.0.0 arm64","Apple LLVM 21.0.0 (clang-2100.3.34.2)"," -O3 -DNDEBUG -DPITO_ECS_OWNED_DELETE_ATOMIC=1",8,100000,pito,owned_insert,ecs_insert_owned,4,500,10,109.905000
aalair,"Apple M3",8,"Darwin 27.0.0 arm64","Apple LLVM 21.0.0 (clang-2100.3.34.2)"," -O3 -DNDEBUG -DPITO_ECS_OWNED_DELETE_ATOMIC=1",8,100000,pito,owned_insert,ecs_insert_owned,8,0,1,5.229000
aalair,"Apple M3",8,"Darwin 27.0.0 arm64","Apple LLVM 21.0.0 (clang-2100.3.34.2)"," -O3 -DNDEBUG -DPITO_ECS_OWNED_DELETE_ATOMIC=1",8,100000,pito,owned_insert,ecs_insert_owned,8,0,2,5.940000
aalair,"Apple M3",8,"Darwin 27.0.0 arm64","Apple LLVM 21.0.0 (clang-2100.3.34.2)"," -O3 -DNDEBUG -DPITO_ECS_OWNED_DELETE_ATOMIC=1",8,100000,pito,owned_insert,ecs_insert_owned,8,0,3,5.436000
aalair,"Apple M3",8,"Darwin 27.0.0 arm64","Apple LLVM 21.0.0 (clang-2100.3.34.2)"," -O3 -DNDEBUG -DPITO_ECS_OWNED_DELETE_ATOMIC=1",8,100000,pito,owned_insert,ecs_insert_owned,8,0,4,5.526000
aalair,"Apple M3",8,"Darwin 27.0.0 arm64","Apple LLVM 21.0.0 (clang-2100.3.34.2)"," -O3 -DNDEBUG -DPITO_ECS_OWNED_DELETE_ATOMIC=1",8,100000,pito,owned_insert,ecs_insert_owned,8,0,5,5.373000
aalair,"Apple M3",8,"Darwin 27.0.0 arm64","Apple LLVM 21.0.0 (clang-2100.3.34.2)"," -O3 -DNDEBUG -DPITO_ECS_OWNED_DELETE_ATOMIC=1",8,100000,pito,owned_insert,ecs_insert_owned,8,0,6,5.297000
aalair,"Apple M3",8,"Darwin 27.0.0 arm64","Apple LLVM 21.0.0 (clang-2100.3.34.2)"," -O3 -DNDEBUG -DPITO_ECS_OWNED_DELETE_ATOMIC=1",8,100000,pito,owned_insert,ecs_insert_owned,8,0,7,5.378000
aalair,"Apple M3",8,"Darwin 27.0.0 arm64","Apple LLVM 21.0.0 (clang-2100.3.34.2)"," -O3 -DNDEBUG -DPITO_ECS_OWNED_DELETE_ATOMIC=1",8,100000,pito,owned_insert,ecs_insert_owned,8,0,8,5.189000
aalair,"Apple M3",8,"Darwin 27.0.0 arm64","Apple LLVM 21.0.0 (clang-2100.3.34.2)"," -O3 -DNDEBUG -DPITO_ECS_OWNED_DELETE_ATOMIC=1",8,100000,pito,owned_insert,ecs_insert_owned,8,0,9,5.275000
aalair,"Apple M3",8,"Darwin 27.0.0 arm64","Apple LLVM 21.0.0 (clang-2100.3.34.2)"," -O3 -DNDEBUG -DPITO_ECS_OWNED_DELETE_ATOMIC=1",8,100000,pito,owned_insert,ecs_insert_owned,8,0,10,5.531000
aalair,"Apple M3",8,"Darwin 27.0.0 arm64","Apple LLVM 21.0.0 (clang-2100.3.34.2)"," -O3 -DNDEBUG -DPITO_ECS_OWNED_DELETE_ATOMIC=1",8,100000,pito,owned_insert,ecs_insert_owned,8,0,11,5.421000
aalair,"Apple M3",8,"Darwin 27.0.0 arm64","Apple LLVM 21.0.0 (clang-2100.3.34.2)"," -O3 -DNDEBUG -DPITO_ECS_OWNED_DELETE_ATOMIC=1",8,100000,pito,owned_insert,ecs_insert_owned,8,10,1,5.809000
aalair,"Apple M3",8,"Darwin 27.0.0 arm64","Apple LLVM 21.0.0 (clang-2100.3.34.2)"," -O3 -DNDEBUG -DPITO_ECS_OWNED_DELETE_ATOMIC=1",8,100000,pito,owned_insert,ecs_insert_owned,8,10,2,5.897000
aalair,"Apple M3",8,"Darwin 27.0.0 arm64","Apple LLVM 21.0.0 (clang-2100.3.34.2)"," -O3 -DNDEBUG -DPITO_ECS_OWNED_DELETE_ATOMIC=1",8,100000,pito,owned_insert,ecs_insert_owned,8,10,3,5.842000
aalair,"Apple M3",8,"Darwin 27.0.0 arm64","Apple LLVM 21.0.0 (clang-2100.3.34.2)"," -O3 -DNDEBUG -DPITO_ECS_OWNED_DELETE_ATOMIC=1",8,100000,pito,owned_insert,ecs_insert_owned,8,10,4,5.922000
aalair,"Apple M3",8,"Darwin 27.0.0 arm64","Apple LLVM 21.0.0 (clang-2100.3.34.2)"," -O3 -DNDEBUG -DPITO_ECS_OWNED_DELETE_ATOMIC=1",8,100000,pito,owned_insert,ecs_insert_owned,8,10,5,5.712000
aalair,"Apple M3",8,"Darwin 27.0.0 arm64","Apple LLVM 21.0.0 (clang-2100.3.34.2)"," -O3 -DNDEBUG -DPITO_ECS_OWNED_DELETE_ATOMIC=1",8,100000,pito,owned_insert,ecs_insert_owned,8,10,6,5.870000
aalair,"Apple M3",8,"Darwin 27.0.0 arm64","Apple LLVM 21.0.0 (clang-2100.3.34.2)"," -O3 -DNDEBUG -DPITO_ECS_OWNED_DELETE_ATOMIC=1",8,100000,pito,owned_insert,ecs_insert_owned,8,10,7,5.945000
aalair,"Apple M3",8,"Darwin 27.0.0 arm64","Apple LLVM 21.0.0 (clang-2100.3.34.2)"," -O3 -DNDEBUG -DPITO_ECS_OWNED_DELETE_ATOMIC=1",8,100000,pito,owned_insert,ecs_insert_owned,8,10,8,5.718000
aalair,"Apple M3",8,"Darwin 27.0.0 arm64","Apple LLVM 21.0.0 (clang-2100.3.34.2)"," -O3 -DNDEBUG -DPITO_ECS_OWNED_DELETE_ATOMIC=1",8,100000,pito,owned_insert,ecs_insert_owned,8,10,9,5.735000
aalair,"Apple M3",8,"Darwin 27.0.0 arm64","Apple LLVM 21.0.0 (clang-2100.3.34.2)"," -O3 -DNDEBUG -DPITO_ECS_OWNED_DELETE_ATOMIC=1",8,100000,pito,owned_insert,ecs_insert_owned,8,10,10,5.656000
aalair,"Apple M3",8,"Darwin 27.0.0 arm64","Apple LLVM 21.0.0 (clang-2100.3.34.2)"," -O3 -DNDEBUG -DPITO_ECS_OWNED_DELETE_ATOMIC=1",8,100000,pito,owned_insert,ecs_insert_owned,8,500,1,67.681000
aalair,"Apple M3",8,"Darwin 27.0.0 arm64","Apple LLVM 21.0.0 (clang-2100.3.34.2)"," -O3 -DNDEBUG -DPITO_ECS_OWNED_DELETE_ATOMIC=1",8,100000,pito,owned_insert,ecs_insert_owned,8,500,2,74.715000
aalair,"Apple M3",8,"Darwin 27.0.0 arm64","Apple LLVM 21.0.0 (clang-2100.3.34.2)"," -O3 -DNDEBUG -DPITO_ECS_OWNED_DELETE_ATOMIC=1",8,100000,pito,owned_insert,ecs_insert_owned,8,500,3,65.651000
aalair,"Apple M3",8,"Darwin 27.0.0 arm64","Apple LLVM 21.0.0 (clang-2100.3.34.2)"," -O3 -DNDEBUG -DPITO_ECS_OWNED_DELETE_ATOMIC=1",8,100000,pito,owned_insert,ecs_insert_owned,8,500,4,70.832000
aalair,"Apple M3",8,"Darwin 27.0.0 arm64","Apple LLVM 21.0.0 (clang-2100.3.34.2)"," -O3 -DNDEBUG -DPITO_ECS_OWNED_DELETE_ATOMIC=1",8,100000,pito,owned_insert,ecs_insert_owned,8,500,5,70.431000
aalair,"Apple M3",8,"Darwin 27.0.0 arm64","Apple LLVM 21.0.0 (clang-2100.3.34.2)"," -O3 -DNDEBUG -DPITO_ECS_OWNED_DELETE_ATOMIC=1",8,100000,pito,owned_insert,ecs_insert_owned,8,500,6,76.286000
aalair,"Apple M3",8,"Darwin 27.0.0 arm64","Apple LLVM 21.0.0 (clang-2100.3.34.2)"," -O3 -DNDEBUG -DPITO_ECS_OWNED_DELETE_ATOMIC=1",8,100000,pito,owned_insert,ecs_insert_owned,8,500,7,72.960000
aalair,"Apple M3",8,"Darwin 27.0.0 arm64","Apple LLVM 21.0.0 (clang-2100.3.34.2)"," -O3 -DNDEBUG -DPITO_ECS_OWNED_DELETE_ATOMIC=1",8,100000,pito,owned_insert,ecs_insert_owned,8,500,8,70.513000
aalair,"Apple M3",8,"Darwin 27.0.0 arm64","Apple LLVM 21.0.0 (clang-2100.3.34.2)"," -O3 -DNDEBUG -DPITO_ECS_OWNED_DELETE_ATOMIC=1",8,100000,pito,owned_insert,ecs_insert_owned,8,500,9,68.529000
aalair,"Apple M3",8,"Darwin 27.0.0 arm64","Apple LLVM 21.0.0 (clang-2100.3.34.2)"," -O3 -DNDEBUG -DPITO_ECS_OWNED_DELETE_ATOMIC=1",8,100000,pito,owned_insert,ecs_insert_owned,8,500,10,66.861000
aalair,"Apple M3",8,"Darwin 27.0.0 arm64","Apple LLVM 21.0.0 (clang-2100.3.34.2)"," -O3 -DNDEBUG -DPITO_ECS_OWNED_DELETE_ATOMIC=1",8,100000,pito,owned_insert,ecs_insert_owned,8,500,11,68.746000
aalair,"Apple M3",8,"Darwin 27.0.0 arm64","Apple LLVM 21.0.0 (clang-2100.3.34.2)"," -O3 -DNDEBUG -DPITO_ECS_OWNED_DELETE_ATOMIC=1",8,100000,pito,owned_insert,ecs_insert_owned,8,500,12,69.246000
aalair,"Apple M3",8,"Darwin 27.0.0 arm64","Apple LLVM 21.0.0 (clang-2100.3.34.2)"," -O3 -DNDEBUG -DPITO_ECS_OWNED_DELETE_ATOMIC=1",8,100000,pito,owned_insert,ecs_insert_owned,8,500,13,67.831000
aalair,"Apple M3",8,"Darwin 27.0.0 arm64","Apple LLVM 21.0.0 (clang-2100.3.34.2)"," -O3 -DNDEBUG -DPITO_ECS_OWNED_DELETE_ATOMIC=1",8,100000,pito,owned_insert,ecs_insert_owned,8,500,14,70.425000
aalair,"Apple M3",8,"Darwin 27.0.0 arm64","Apple LLVM 21.0.0 (clang-2100.3.34.2)"," -O3 -DNDEBUG",8,100000,pico,owned_delete,,1,0,1,7.338000
aalair,"Apple M3",8,"Darwin 27.0.0 arm64","Apple LLVM 21.0.0 (clang-2100.3.34.2)"," -O3 -DNDEBUG",8,100000,pico,owned_delete,,1,0,2,6.812000
aalair,"Apple M3",8,"Darwin 27.0.0 arm64","Apple LLVM 21.0.0 (clang-2100.3.34.2)"," -O3 -DNDEBUG",8,100000,pico,owned_delete,,1,0,3,6.800000
aalair,"Apple M3",8,"Darwin 27.0.0 arm64","Apple LLVM 21.0.0 (clang-2100.3.34.2)"," -O3 -DNDEBUG",8,100000,pico,owned_delete,,1,0,4,6.948000
aalair,"Apple M3",8,"Darwin 27.0.0 arm64","Apple LLVM 21.0.0 (clang-2100.3.34.2)"," -O3 -DNDEBUG",8,100000,pico,owned_delete,,1,0,5,6.888000
aalair,"Apple M3",8,"Darwin 27.0.0 arm64","Apple LLVM 21.0.0 (clang-2100.3.34.2)"," -O3 -DNDEBUG",8,100000,pico,owned_delete,,1,0,6,6.795000
aalair,"Apple M3",8,"Darwin 27.0.0 arm64","Apple LLVM 21.0.0 (clang-2100.3.34.2)"," -O3 -DNDEBUG",8,100000,pico,owned_delete,,1,0,7,6.787000
aalair,"Apple M3",8,"Darwin 27.0.0 arm64","Apple LLVM 21.0.0 (clang-2100.3.34.2)"," -O3 -DNDEBUG",8,100000,pico,owned_delete,,1,0,8,6.803000
aalair,"Apple M3",8,"Darwin 27.0.0 arm64","Apple LLVM 21.0.0 (clang-2100.3.34.2)"," -O3 -DNDEBUG",8,100000,pico,owned_delete,,1,0,9,6.803000
aalair,"Apple M3",8,"Darwin 27.0.0 arm64","Apple LLVM 21.0.0 (clang-2100.3.34.2)"," -O3 -DNDEBUG",8,100000,pico,owned_delete,,1,0,10,6.798000
aalair,"Apple M3",8,"Darwin 27.0.0 arm64","Apple LLVM 21.0.0 (clang-2100.3.34.2)"," -O3 -DNDEBUG",8,100000,pico,owned_delete,,1,0,11,6.795000
aalair,"Apple M3",8,"Darwin 27.0.0 arm64","Apple LLVM 21.0.0 (clang-2100.3.34.2)"," -O3 -DNDEBUG",8,100000,pico,owned_delete,,1,10,1,8.357000
aalair,"Apple M3",8,"Darwin 27.0.0 arm64","Apple LLVM 21.0.0 (clang-2100.3.34.2)"," -O3 -DNDEBUG",8,100000,pico,owned_delete,,1,10,2,8.368000
aalair,"Apple M3",8,"Darwin 27.0.0 arm64","Apple LLVM 21.0.0 (clang-2100.3.34.2)"," -O3 -DNDEBUG",8,100000,pico,owned_delete,,1,10,3,8.358000
aalair,"Apple M3",8,"Darwin 27.0.0 arm64","Apple LLVM 21.0.0 (clang-2100.3.34.2)"," -O3 -DNDEBUG",8,100000,pico,owned_delete,,1,10,4,8.364000
aalair,"Apple M3",8,"Darwin 27.0.0 arm64","Apple LLVM 21.0.0 (clang-2100.3.34.2)"," -O3 -DNDEBUG",8,100000,pico,owned_delete,,1,10,5,8.382000
aalair,"Apple M3",8,"Darwin 27.0.0 arm64","Apple LLVM 21.0.0 (clang-2100.3.34.2)"," -O3 -DNDEBUG",8,100000,pico,owned_delete,,1,10,6,8.349000
aalair,"Apple M3",8,"Darwin 27.0.0 arm64","Apple LLVM 21.0.0 (clang-2100.3.34.2)"," -O3 -DNDEBUG",8,100000,pico,owned_delete,,1,10,7,8.370000
aalair,"Apple M3",8,"Darwin 27.0.0 arm64","Apple LLVM 21.0.0 (clang-2100.3.34.2)"," -O3 -DNDEBUG",8,100000,pico,owned_delete,,1,10,8,8.377000
aalair,"Apple M3",8,"Darwin 27.0.0 arm64","Apple LLVM 21.0.0 (clang-2100.3.34.2)"," -O3 -DNDEBUG",8,100000,pico,owned_delete,,1,10,9,8.354000
aalair,"Apple M3",8,"Darwin 27.0.0 arm64","Apple LLVM 21.0.0 (clang-2100.3.34.2)"," -O3 -DNDEBUG",8,100000,pico,owned_delete,,1,10,10,8.358000
aalair,"Apple M3",8,"Darwin 27.0.0 arm64","Apple LLVM 21.0.0 (clang-2100.3.34.2)"," -O3 -DNDEBUG",8,100000,pico,owned_delete,,1,500,1,343.374000
aalair,"Apple M3",8,"Darwin 27.0.0 arm64","Apple LLVM 21.0.0 (clang-2100.3.34.2)"," -O3 -DNDEBUG",8,100000,pico,owned_delete,,1,500,2,343.486000
aalair,"Apple M3",8,"Darwin 27.0.0 arm64","Apple LLVM 21.0.0 (clang-2100.3.34.2)"," -O3 -DNDEBUG",8,100000,pico,owned_delete,,1,500,3,343.251000
aalair,"Apple M3",8,"Darwin 27.0.0 arm64","Apple LLVM 21.0.0 (clang-2100.3.34.2)"," -O3 -DNDEBUG",8,100000,pico,owned_delete,,1,500,4,343.958000
aalair,"Apple M3",8,"Darwin 27.0.0 arm64","Apple LLVM 21.0.0 (clang-2100.3.34.2)"," -O3 -DNDEBUG",8,100000,pico,owned_delete,,1,500,5,343.463000
aalair,"Apple M3",8,"Darwin 27.0.0 arm64","Apple LLVM 21.0.0 (clang-2100.3.34.2)"," -O3 -DNDEBUG",8,100000,pico,owned_delete,,1,500,6,343.327000
aalair,"Apple M3",8,"Darwin 27.0.0 arm64","Apple LLVM 21.0.0 (clang-2100.3.34.2)"," -O3 -DNDEBUG",8,100000,pico,owned_delete,,1,500,7,343.457000
aalair,"Apple M3",8,"Darwin 27.0.0 arm64","Apple LLVM 21.0.0 (clang-2100.3.34.2)"," -O3 -DNDEBUG",8,100000,pico,owned_delete,,1,500,8,343.832000
aalair,"Apple M3",8,"Darwin 27.0.0 arm64","Apple LLVM 21.0.0 (clang-2100.3.34.2)"," -O3 -DNDEBUG",8,100000,pico,owned_delete,,1,500,9,343.308000
aalair,"Apple M3",8,"Darwin 27.0.0 arm64","Apple LLVM 21.0.0 (clang-2100.3.34.2)"," -O3 -DNDEBUG",8,100000,pico,owned_delete,,1,500,10,343.986000
aalair,"Apple M3",8,"Darwin 27.0.0 arm64","Apple LLVM 21.0.0 (clang-2100.3.34.2)"," -O3 -DNDEBUG",8,100000,flecs,owned_delete,,1,0,1,17.009000
aalair,"Apple M3",8,"Darwin 27.0.0 arm64","Apple LLVM 21.0.0 (clang-2100.3.34.2)"," -O3 -DNDEBUG",8,100000,flecs,owned_delete,,1,0,2,16.183000
aalair,"Apple M3",8,"Darwin 27.0.0 arm64","Apple LLVM 21.0.0 (clang-2100.3.34.2)"," -O3 -DNDEBUG",8,100000,flecs,owned_delete,,1,0,3,15.750000
aalair,"Apple M3",8,"Darwin 27.0.0 arm64","Apple LLVM 21.0.0 (clang-2100.3.34.2)"," -O3 -DNDEBUG",8,100000,flecs,owned_delete,,1,0,4,15.985000
aalair,"Apple M3",8,"Darwin 27.0.0 arm64","Apple LLVM 21.0.0 (clang-2100.3.34.2)"," -O3 -DNDEBUG",8,100000,flecs,owned_delete,,1,0,5,15.319000
aalair,"Apple M3",8,"Darwin 27.0.0 arm64","Apple LLVM 21.0.0 (clang-2100.3.34.2)"," -O3 -DNDEBUG",8,100000,flecs,owned_delete,,1,0,6,15.380000
aalair,"Apple M3",8,"Darwin 27.0.0 arm64","Apple LLVM 21.0.0 (clang-2100.3.34.2)"," -O3 -DNDEBUG",8,100000,flecs,owned_delete,,1,0,7,15.851000
aalair,"Apple M3",8,"Darwin 27.0.0 arm64","Apple LLVM 21.0.0 (clang-2100.3.34.2)"," -O3 -DNDEBUG",8,100000,flecs,owned_delete,,1,0,8,15.441000
aalair,"Apple M3",8,"Darwin 27.0.0 arm64","Apple LLVM 21.0.0 (clang-2100.3.34.2)"," -O3 -DNDEBUG",8,100000,flecs,owned_delete,,1,0,9,14.852000
aalair,"Apple M3",8,"Darwin 27.0.0 arm64","Apple LLVM 21.0.0 (clang-2100.3.34.2)"," -O3 -DNDEBUG",8,100000,flecs,owned_delete,,1,0,10,14.669000
aalair,"Apple M3",8,"Darwin 27.0.0 arm64","Apple LLVM 21.0.0 (clang-2100.3.34.2)"," -O3 -DNDEBUG",8,100000,flecs,owned_delete,,1,0,11,14.617000
aalair,"Apple M3",8,"Darwin 27.0.0 arm64","Apple LLVM 21.0.0 (clang-2100.3.34.2)"," -O3 -DNDEBUG",8,100000,flecs,owned_delete,,1,10,1,16.683000
aalair,"Apple M3",8,"Darwin 27.0.0 arm64","Apple LLVM 21.0.0 (clang-2100.3.34.2)"," -O3 -DNDEBUG",8,100000,flecs,owned_delete,,1,10,2,16.544000
aalair,"Apple M3",8,"Darwin 27.0.0 arm64","Apple LLVM 21.0.0 (clang-2100.3.34.2)"," -O3 -DNDEBUG",8,100000,flecs,owned_delete,,1,10,3,16.627000
aalair,"Apple M3",8,"Darwin 27.0.0 arm64","Apple LLVM 21.0.0 (clang-2100.3.34.2)"," -O3 -DNDEBUG",8,100000,flecs,owned_delete,,1,10,4,16.367000
aalair,"Apple M3",8,"Darwin 27.0.0 arm64","Apple LLVM 21.0.0 (clang-2100.3.34.2)"," -O3 -DNDEBUG",8,100000,flecs,owned_delete,,1,10,5,16.220000
aalair,"Apple M3",8,"Darwin 27.0.0 arm64","Apple LLVM 21.0.0 (clang-2100.3.34.2)"," -O3 -DNDEBUG",8,100000,flecs,owned_delete,,1,10,6,16.159000
aalair,"Apple M3",8,"Darwin 27.0.0 arm64","Apple LLVM 21.0.0 (clang-2100.3.34.2)"," -O3 -DNDEBUG",8,100000,flecs,owned_delete,,1,10,7,16.201000
aalair,"Apple M3",8,"Darwin 27.0.0 arm64","Apple LLVM 21.0.0 (clang-2100.3.34.2)"," -O3 -DNDEBUG",8,100000,flecs,owned_delete,,1,10,8,16.141000
aalair,"Apple M3",8,"Darwin 27.0.0 arm64","Apple LLVM 21.0.0 (clang-2100.3.34.2)"," -O3 -DNDEBUG",8,100000,flecs,owned_delete,,1,10,9,16.108000
aalair,"Apple M3",8,"Darwin 27.0.0 arm64","Apple LLVM 21.0.0 (clang-2100.3.34.2)"," -O3 -DNDEBUG",8,100000,flecs,owned_delete,,1,10,10,16.123000
aalair,"Apple M3",8,"Darwin 27.0.0 arm64","Apple LLVM 21.0.0 (clang-2100.3.34.2)"," -O3 -DNDEBUG",8,100000,flecs,owned_delete,,1,500,1,359.296000
aalair,"Apple M3",8,"Darwin 27.0.0 arm64","Apple LLVM 21.0.0 (clang-2100.3.34.2)"," -O3 -DNDEBUG",8,100000,flecs,owned_delete,,1,500,2,356.373000
aalair,"Apple M3",8,"Darwin 27.0.0 arm64","Apple LLVM 21.0.0 (clang-2100.3.34.2)"," -O3 -DNDEBUG",8,100000,flecs,owned_delete,,1,500,3,357.011000
aalair,"Apple M3",8,"Darwin 27.0.0 arm64","Apple LLVM 21.0.0 (clang-2100.3.34.2)"," -O3 -DNDEBUG",8,100000,flecs,owned_delete,,1,500,4,356.458000
aalair,"Apple M3",8,"Darwin 27.0.0 arm64","Apple LLVM 21.0.0 (clang-2100.3.34.2)"," -O3 -DNDEBUG",8,100000,flecs,owned_delete,,1,500,5,356.440000
aalair,"Apple M3",8,"Darwin 27.0.0 arm64","Apple LLVM 21.0.0 (clang-2100.3.34.2)"," -O3 -DNDEBUG",8,100000,flecs,owned_delete,,1,500,6,358.683000
aalair,"Apple M3",8,"Darwin 27.0.0 arm64","Apple LLVM 21.0.0 (clang-2100.3.34.2)"," -O3 -DNDEBUG",8,100000,flecs,owned_delete,,1,500,7,356.750000
aalair,"Apple M3",8,"Darwin 27.0.0 arm64","Apple LLVM 21.0.0 (clang-2100.3.34.2)"," -O3 -DNDEBUG",8,100000,flecs,owned_delete,,1,500,8,357.652000
aalair,"Apple M3",8,"Darwin 27.0.0 arm64","Apple LLVM 21.0.0 (clang-2100.3.34.2)"," -O3 -DNDEBUG",8,100000,flecs,owned_delete,,1,500,9,357.210000
aalair,"Apple M3",8,"Darwin 27.0.0 arm64","Apple LLVM 21.0.0 (clang-2100.3.34.2)"," -O3 -DNDEBUG",8,100000,flecs,owned_delete,,1,500,10,356.689000
aalair,"Apple M3",8,"Darwin 27.0.0 arm64","Apple LLVM 21.0.0 (clang-2100.3.34.2)"," -O3 -DNDEBUG",8,100000,flecs,owned_delete,,2,0,1,12.083000
aalair,"Apple M3",8,"Darwin 27.0.0 arm64","Apple LLVM 21.0.0 (clang-2100.3.34.2)"," -O3 -DNDEBUG",8,100000,flecs,owned_delete,,2,0,2,12.456000
aalair,"Apple M3",8,"Darwin 27.0.0 arm64","Apple LLVM 21.0.0 (clang-2100.3.34.2)"," -O3 -DNDEBUG",8,100000,flecs,owned_delete,,2,0,3,12.006000
aalair,"Apple M3",8,"Darwin 27.0.0 arm64","Apple LLVM 21.0.0 (clang-2100.3.34.2)"," -O3 -DNDEBUG",8,100000,flecs,owned_delete,,2,0,4,12.163000
aalair,"Apple M3",8,"Darwin 27.0.0 arm64","Apple LLVM 21.0.0 (clang-2100.3.34.2)"," -O3 -DNDEBUG",8,100000,flecs,owned_delete,,2,0,5,12.410000
aalair,"Apple M3",8,"Darwin 27.0.0 arm64","Apple LLVM 21.0.0 (clang-2100.3.34.2)"," -O3 -DNDEBUG",8,100000,flecs,owned_delete,,2,0,6,12.394000
aalair,"Apple M3",8,"Darwin 27.0.0 arm64","Apple LLVM 21.0.0 (clang-2100.3.34.2)"," -O3 -DNDEBUG",8,100000,flecs,owned_delete,,2,0,7,12.203000
aalair,"Apple M3",8,"Darwin 27.0.0 arm64","Apple LLVM 21.0.0 (clang-2100.3.34.2)"," -O3 -DNDEBUG",8,100000,flecs,owned_delete,,2,0,8,12.413000
aalair,"Apple M3",8,"Darwin 27.0.0 arm64","Apple LLVM 21.0.0 (clang-2100.3.34.2)"," -O3 -DNDEBUG",8,100000,flecs,owned_delete,,2,0,9,12.023000
aalair,"Apple M3",8,"Darwin 27.0.0 arm64","Apple LLVM 21.0.0 (clang-2100.3.34.2)"," -O3 -DNDEBUG",8,100000,flecs,owned_delete,,2,0,10,12.441000
aalair,"Apple M3",8,"Darwin 27.0.0 arm64","Apple LLVM 21.0.0 (clang-2100.3.34.2)"," -O3 -DNDEBUG",8,100000,flecs,owned_delete,,2,10,1,12.575000
aalair,"Apple M3",8,"Darwin 27.0.0 arm64","Apple LLVM 21.0.0 (clang-2100.3.34.2)"," -O3 -DNDEBUG",8,100000,flecs,owned_delete,,2,10,2,12.540000
aalair,"Apple M3",8,"Darwin 27.0.0 arm64","Apple LLVM 21.0.0 (clang-2100.3.34.2)"," -O3 -DNDEBUG",8,100000,flecs,owned_delete,,2,10,3,13.111000
aalair,"Apple M3",8,"Darwin 27.0.0 arm64","Apple LLVM 21.0.0 (clang-2100.3.34.2)"," -O3 -DNDEBUG",8,100000,flecs,owned_delete,,2,10,4,12.632000
aalair,"Apple M3",8,"Darwin 27.0.0 arm64","Apple LLVM 21.0.0 (clang-2100.3.34.2)"," -O3 -DNDEBUG",8,100000,flecs,owned_delete,,2,10,5,12.634000
aalair,"Apple M3",8,"Darwin 27.0.0 arm64","Apple LLVM 21.0.0 (clang-2100.3.34.2)"," -O3 -DNDEBUG",8,100000,flecs,owned_delete,,2,10,6,12.638000
aalair,"Apple M3",8,"Darwin 27.0.0 arm64","Apple LLVM 21.0.0 (clang-2100.3.34.2)"," -O3 -DNDEBUG",8,100000,flecs,owned_delete,,2,10,7,12.598000
aalair,"Apple M3",8,"Darwin 27.0.0 arm64","Apple LLVM 21.0.0 (clang-2100.3.34.2)"," -O3 -DNDEBUG",8,100000,flecs,owned_delete,,2,10,8,13.108000
aalair,"Apple M3",8,"Darwin 27.0.0 arm64","Apple LLVM 21.0.0 (clang-2100.3.34.2)"," -O3 -DNDEBUG",8,100000,flecs,owned_delete,,2,10,9,12.649000
aalair,"Apple M3",8,"Darwin 27.0.0 arm64","Apple LLVM 21.0.0 (clang-2100.3.34.2)"," -O3 -DNDEBUG",8,100000,flecs,owned_delete,,2,10,10,12.571000
aalair,"Apple M3",8,"Darwin 27.0.0 arm64","Apple LLVM 21.0.0 (clang-2100.3.34.2)"," -O3 -DNDEBUG",8,100000,flecs,owned_delete,,2,500,1,186.839000
aalair,"Apple M3",8,"Darwin 27.0.0 arm64","Apple LLVM 21.0.0 (clang-2100.3.34.2)"," -O3 -DNDEBUG",8,100000,flecs,owned_delete,,2,500,2,186.750000
aalair,"Apple M3",8,"Darwin 27.0.0 arm64","Apple LLVM 21.0.0 (clang-2100.3.34.2)"," -O3 -DNDEBUG",8,100000,flecs,owned_delete,,2,500,3,186.802000
aalair,"Apple M3",8,"Darwin 27.0.0 arm64","Apple LLVM 21.0.0 (clang-2100.3.34.2)"," -O3 -DNDEBUG",8,100000,flecs,owned_delete,,2,500,4,188.369000
aalair,"Apple M3",8,"Darwin 27.0.0 arm64","Apple LLVM 21.0.0 (clang-2100.3.34.2)"," -O3 -DNDEBUG",8,100000,flecs,owned_delete,,2,500,5,186.965000
aalair,"Apple M3",8,"Darwin 27.0.0 arm64","Apple LLVM 21.0.0 (clang-2100.3.34.2)"," -O3 -DNDEBUG",8,100000,flecs,owned_delete,,2,500,6,186.842000
aalair,"Apple M3",8,"Darwin 27.0.0 arm64","Apple LLVM 21.0.0 (clang-2100.3.34.2)"," -O3 -DNDEBUG",8,100000,flecs,owned_delete,,2,500,7,186.785000
aalair,"Apple M3",8,"Darwin 27.0.0 arm64","Apple LLVM 21.0.0 (clang-2100.3.34.2)"," -O3 -DNDEBUG",8,100000,flecs,owned_delete,,2,500,8,186.684000
aalair,"Apple M3",8,"Darwin 27.0.0 arm64","Apple LLVM 21.0.0 (clang-2100.3.34.2)"," -O3 -DNDEBUG",8,100000,flecs,owned_delete,,2,500,9,186.700000
aalair,"Apple M3",8,"Darwin 27.0.0 arm64","Apple LLVM 21.0.0 (clang-2100.3.34.2)"," -O3 -DNDEBUG",8,100000,flecs,owned_delete,,2,500,10,186.825000
aalair,"Apple M3",8,"Darwin 27.0.0 arm64","Apple LLVM 21.0.0 (clang-2100.3.34.2)"," -O3 -DNDEBUG",8,100000,flecs,owned_delete,,4,0,1,11.017000
aalair,"Apple M3",8,"Darwin 27.0.0 arm64","Apple LLVM 21.0.0 (clang-2100.3.34.2)"," -O3 -DNDEBUG",8,100000,flecs,owned_delete,,4,0,2,10.894000
aalair,"Apple M3",8,"Darwin 27.0.0 arm64","Apple LLVM 21.0.0 (clang-2100.3.34.2)"," -O3 -DNDEBUG",8,100000,flecs,owned_delete,,4,0,3,10.812000
aalair,"Apple M3",8,"Darwin 27.0.0 arm64","Apple LLVM 21.0.0 (clang-2100.3.34.2)"," -O3 -DNDEBUG",8,100000,flecs,owned_delete,,4,0,4,10.836000
aalair,"Apple M3",8,"Darwin 27.0.0 arm64","Apple LLVM 21.0.0 (clang-2100.3.34.2)"," -O3 -DNDEBUG",8,100000,flecs,owned_delete,,4,0,5,10.845000
aalair,"Apple M3",8,"Darwin 27.0.0 arm64","Apple LLVM 21.0.0 (clang-2100.3.34.2)"," -O3 -DNDEBUG",8,100000,flecs,owned_delete,,4,0,6,10.861000
aalair,"Apple M3",8,"Darwin 27.0.0 arm64","Apple LLVM 21.0.0 (clang-2100.3.34.2)"," -O3 -DNDEBUG",8,100000,flecs,owned_delete,,4,0,7,10.838000
aalair,"Apple M3",8,"Darwin 27.0.0 arm64","Apple LLVM 21.0.0 (clang-2100.3.34.2)"," -O3 -DNDEBUG",8,100000,flecs,owned_delete,,4,0,8,10.857000
aalair,"Apple M3",8,"Darwin 27.0.0 arm64","Apple LLVM 21.0.0 (clang-2100.3.34.2)"," -O3 -DNDEBUG",8,100000,flecs,owned_delete,,4,0,9,10.811000
aalair,"Apple M3",8,"Darwin 27.0.0 arm64","Apple LLVM 21.0.0 (clang-2100.3.34.2)"," -O3 -DNDEBUG",8,100000,flecs,owned_delete,,4,0,10,10.849000
aalair,"Apple M3",8,"Darwin 27.0.0 arm64","Apple LLVM 21.0.0 (clang-2100.3.34.2)"," -O3 -DNDEBUG",8,100000,flecs,owned_delete,,4,10,1,11.079000
aalair,"Apple M3",8,"Darwin 27.0.0 arm64","Apple LLVM 21.0.0 (clang-2100.3.34.2)"," -O3 -DNDEBUG",8,100000,flecs,owned_delete,,4,10,2,11.090000
aalair,"Apple M3",8,"Darwin 27.0.0 arm64","Apple LLVM 21.0.0 (clang-2100.3.34.2)"," -O3 -DNDEBUG",8,100000,flecs,owned_delete,,4,10,3,10.993000
aalair,"Apple M3",8,"Darwin 27.0.0 arm64","Apple LLVM 21.0.0 (clang-2100.3.34.2)"," -O3 -DNDEBUG",8,100000,flecs,owned_delete,,4,10,4,11.028000
aalair,"Apple M3",8,"Darwin 27.0.0 arm64","Apple LLVM 21.0.0 (clang-2100.3.34.2)"," -O3 -DNDEBUG",8,100000,flecs,owned_delete,,4,10,5,11.660000
aalair,"Apple M3",8,"Darwin 27.0.0 arm64","Apple LLVM 21.0.0 (clang-2100.3.34.2)"," -O3 -DNDEBUG",8,100000,flecs,owned_delete,,4,10,6,12.521000
aalair,"Apple M3",8,"Darwin 27.0.0 arm64","Apple LLVM 21.0.0 (clang-2100.3.34.2)"," -O3 -DNDEBUG",8,100000,flecs,owned_delete,,4,10,7,11.116000
aalair,"Apple M3",8,"Darwin 27.0.0 arm64","Apple LLVM 21.0.0 (clang-2100.3.34.2)"," -O3 -DNDEBUG",8,100000,flecs,owned_delete,,4,10,8,11.160000
aalair,"Apple M3",8,"Darwin 27.0.0 arm64","Apple LLVM 21.0.0 (clang-2100.3.34.2)"," -O3 -DNDEBUG",8,100000,flecs,owned_delete,,4,10,9,11.220000
aalair,"Apple M3",8,"Darwin 27.0.0 arm64","Apple LLVM 21.0.0 (clang-2100.3.34.2)"," -O3 -DNDEBUG",8,100000,flecs,owned_delete,,4,10,10,11.078000
aalair,"Apple M3",8,"Darwin 27.0.0 arm64","Apple LLVM 21.0.0 (clang-2100.3.34.2)"," -O3 -DNDEBUG",8,100000,flecs,owned_delete,,4,10,11,11.080000
aalair,"Apple M3",8,"Darwin 27.0.0 arm64","Apple LLVM 21.0.0 (clang-2100.3.34.2)"," -O3 -DNDEBUG",8,100000,flecs,owned_delete,,4,10,12,11.050000
aalair,"Apple M3",8,"Darwin 27.0.0 arm64","Apple LLVM 21.0.0 (clang-2100.3.34.2)"," -O3 -DNDEBUG",8,100000,flecs,owned_delete,,4,10,13,11.078000
aalair,"Apple M3",8,"Darwin 27.0.0 arm64","Apple LLVM 21.0.0 (clang-2100.3.34.2)"," -O3 -DNDEBUG",8,100000,flecs,owned_delete,,4,10,14,11.529000
aalair,"Apple M3",8,"Darwin 27.0.0 arm64","Apple LLVM 21.0.0 (clang-2100.3.34.2)"," -O3 -DNDEBUG",8,100000,flecs,owned_delete,,4,500,1,105.306000
aalair,"Apple M3",8,"Darwin 27.0.0 arm64","Apple LLVM 21.0.0 (clang-2100.3.34.2)"," -O3 -DNDEBUG",8,100000,flecs,owned_delete,,4,500,2,105.300000
aalair,"Apple M3",8,"Darwin 27.0.0 arm64","Apple LLVM 21.0.0 (clang-2100.3.34.2)"," -O3 -DNDEBUG",8,100000,flecs,owned_delete,,4,500,3,105.472000
aalair,"Apple M3",8,"Darwin 27.0.0 arm64","Apple LLVM 21.0.0 (clang-2100.3.34.2)"," -O3 -DNDEBUG",8,100000,flecs,owned_delete,,4,500,4,105.358000
aalair,"Apple M3",8,"Darwin 27.0.0 arm64","Apple LLVM 21.0.0 (clang-2100.3.34.2)"," -O3 -DNDEBUG",8,100000,flecs,owned_delete,,4,500,5,105.288000
aalair,"Apple M3",8,"Darwin 27.0.0 arm64","Apple LLVM 21.0.0 (clang-2100.3.34.2)"," -O3 -DNDEBUG",8,100000,flecs,owned_delete,,4,500,6,105.298000
aalair,"Apple M3",8,"Darwin 27.0.0 arm64","Apple LLVM 21.0.0 (clang-2100.3.34.2)"," -O3 -DNDEBUG",8,100000,flecs,owned_delete,,4,500,7,107.470000
aalair,"Apple M3",8,"Darwin 27.0.0 arm64","Apple LLVM 21.0.0 (clang-2100.3.34.2)"," -O3 -DNDEBUG",8,100000,flecs,owned_delete,,4,500,8,105.381000
aalair,"Apple M3",8,"Darwin 27.0.0 arm64","Apple LLVM 21.0.0 (clang-2100.3.34.2)"," -O3 -DNDEBUG",8,100000,flecs,owned_delete,,4,500,9,105.464000
aalair,"Apple M3",8,"Darwin 27.0.0 arm64","Apple LLVM 21.0.0 (clang-2100.3.34.2)"," -O3 -DNDEBUG",8,100000,flecs,owned_delete,,4,500,10,106.587000
aalair,"Apple M3",8,"Darwin 27.0.0 arm64","Apple LLVM 21.0.0 (clang-2100.3.34.2)"," -O3 -DNDEBUG",8,100000,flecs,owned_delete,,8,0,1,10.837000
aalair,"Apple M3",8,"Darwin 27.0.0 arm64","Apple LLVM 21.0.0 (clang-2100.3.34.2)"," -O3 -DNDEBUG",8,100000,flecs,owned_delete,,8,0,2,11.967000
aalair,"Apple M3",8,"Darwin 27.0.0 arm64","Apple LLVM 21.0.0 (clang-2100.3.34.2)"," -O3 -DNDEBUG",8,100000,flecs,owned_delete,,8,0,3,16.688000
aalair,"Apple M3",8,"Darwin 27.0.0 arm64","Apple LLVM 21.0.0 (clang-2100.3.34.2)"," -O3 -DNDEBUG",8,100000,flecs,owned_delete,,8,0,4,14.339000
aalair,"Apple M3",8,"Darwin 27.0.0 arm64","Apple LLVM 21.0.0 (clang-2100.3.34.2)"," -O3 -DNDEBUG",8,100000,flecs,owned_delete,,8,0,5,11.861000
aalair,"Apple M3",8,"Darwin 27.0.0 arm64","Apple LLVM 21.0.0 (clang-2100.3.34.2)"," -O3 -DNDEBUG",8,100000,flecs,owned_delete,,8,0,6,11.487000
aalair,"Apple M3",8,"Darwin 27.0.0 arm64","Apple LLVM 21.0.0 (clang-2100.3.34.2)"," -O3 -DNDEBUG",8,100000,flecs,owned_delete,,8,0,7,12.551000
aalair,"Apple M3",8,"Darwin 27.0.0 arm64","Apple LLVM 21.0.0 (clang-2100.3.34.2)"," -O3 -DNDEBUG",8,100000,flecs,owned_delete,,8,0,8,11.892000
aalair,"Apple M3",8,"Darwin 27.0.0 arm64","Apple LLVM 21.0.0 (clang-2100.3.34.2)"," -O3 -DNDEBUG",8,100000,flecs,owned_delete,,8,0,9,11.143000
aalair,"Apple M3",8,"Darwin 27.0.0 arm64","Apple LLVM 21.0.0 (clang-2100.3.34.2)"," -O3 -DNDEBUG",8,100000,flecs,owned_delete,,8,0,10,11.090000
aalair,"Apple M3",8,"Darwin 27.0.0 arm64","Apple LLVM 21.0.0 (clang-2100.3.34.2)"," -O3 -DNDEBUG",8,100000,flecs,owned_delete,,8,0,11,11.095000
aalair,"Apple M3",8,"Darwin 27.0.0 arm64","Apple LLVM 21.0.0 (clang-2100.3.34.2)"," -O3 -DNDEBUG",8,100000,flecs,owned_delete,,8,0,12,11.131000
aalair,"Apple M3",8,"Darwin 27.0.0 arm64","Apple LLVM 21.0.0 (clang-2100.3.34.2)"," -O3 -DNDEBUG",8,100000,flecs,owned_delete,,8,0,13,11.238000
aalair,"Apple M3",8,"Darwin 27.0.0 arm64","Apple LLVM 21.0.0 (clang-2100.3.34.2)"," -O3 -DNDEBUG",8,100000,flecs,owned_delete,,8,0,14,11.450000
aalair,"Apple M3",8,"Darwin 27.0.0 arm64","Apple LLVM 21.0.0 (clang-2100.3.34.2)"," -O3 -DNDEBUG",8,100000,flecs,owned_delete,,8,0,15,10.835000
aalair,"Apple M3",8,"Darwin 27.0.0 arm64","Apple LLVM 21.0.0 (clang-2100.3.34.2)"," -O3 -DNDEBUG",8,100000,flecs,owned_delete,,8,0,16,11.190000
aalair,"Apple M3",8,"Darwin 27.0.0 arm64","Apple LLVM 21.0.0 (clang-2100.3.34.2)"," -O3 -DNDEBUG",8,100000,flecs,owned_delete,,8,0,17,10.855000
aalair,"Apple M3",8,"Darwin 27.0.0 arm64","Apple LLVM 21.0.0 (clang-2100.3.34.2)"," -O3 -DNDEBUG",8,100000,flecs,owned_delete,,8,0,18,10.761000
aalair,"Apple M3",8,"Darwin 27.0.0 arm64","Apple LLVM 21.0.0 (clang-2100.3.34.2)"," -O3 -DNDEBUG",8,100000,flecs,owned_delete,,8,0,19,10.843000
aalair,"Apple M3",8,"Darwin 27.0.0 arm64","Apple LLVM 21.0.0 (clang-2100.3.34.2)"," -O3 -DNDEBUG",8,100000,flecs,owned_delete,,8,0,20,11.349000
aalair,"Apple M3",8,"Darwin 27.0.0 arm64","Apple LLVM 21.0.0 (clang-2100.3.34.2)"," -O3 -DNDEBUG",8,100000,flecs,owned_delete,,8,0,21,11.194000
aalair,"Apple M3",8,"Darwin 27.0.0 arm64","Apple LLVM 21.0.0 (clang-2100.3.34.2)"," -O3 -DNDEBUG",8,100000,flecs,owned_delete,,8,0,22,11.257000
aalair,"Apple M3",8,"Darwin 27.0.0 arm64","Apple LLVM 21.0.0 (clang-2100.3.34.2)"," -O3 -DNDEBUG",8,100000,flecs,owned_delete,,8,0,23,10.756000
aalair,"Apple M3",8,"Darwin 27.0.0 arm64","Apple LLVM 21.0.0 (clang-2100.3.34.2)"," -O3 -DNDEBUG",8,100000,flecs,owned_delete,,8,0,24,10.698000
aalair,"Apple M3",8,"Darwin 27.0.0 arm64","Apple LLVM 21.0.0 (clang-2100.3.34.2)"," -O3 -DNDEBUG",8,100000,flecs,owned_delete,,8,10,1,10.832000
aalair,"Apple M3",8,"Darwin 27.0.0 arm64","Apple LLVM 21.0.0 (clang-2100.3.34.2)"," -O3 -DNDEBUG",8,100000,flecs,owned_delete,,8,10,2,10.819000
aalair,"Apple M3",8,"Darwin 27.0.0 arm64","Apple LLVM 21.0.0 (clang-2100.3.34.2)"," -O3 -DNDEBUG",8,100000,flecs,owned_delete,,8,10,3,10.801000
aalair,"Apple M3",8,"Darwin 27.0.0 arm64","Apple LLVM 21.0.0 (clang-2100.3.34.2)"," -O3 -DNDEBUG",8,100000,flecs,owned_delete,,8,10,4,10.813000
aalair,"Apple M3",8,"Darwin 27.0.0 arm64","Apple LLVM 21.0.0 (clang-2100.3.34.2)"," -O3 -DNDEBUG",8,100000,flecs,owned_delete,,8,10,5,10.802000
aalair,"Apple M3",8,"Darwin 27.0.0 arm64","Apple LLVM 21.0.0 (clang-2100.3.34.2)"," -O3 -DNDEBUG",8,100000,flecs,owned_delete,,8,10,6,10.843000
aalair,"Apple M3",8,"Darwin 27.0.0 arm64","Apple LLVM 21.0.0 (clang-2100.3.34.2)"," -O3 -DNDEBUG",8,100000,flecs,owned_delete,,8,10,7,10.810000
aalair,"Apple M3",8,"Darwin 27.0.0 arm64","Apple LLVM 21.0.0 (clang-2100.3.34.2)"," -O3 -DNDEBUG",8,100000,flecs,owned_delete,,8,10,8,10.824000
aalair,"Apple M3",8,"Darwin 27.0.0 arm64","Apple LLVM 21.0.0 (clang-2100.3.34.2)"," -O3 -DNDEBUG",8,100000,flecs,owned_delete,,8,10,9,10.878000
aalair,"Apple M3",8,"Darwin 27.0.0 arm64","Apple LLVM 21.0.0 (clang-2100.3.34.2)"," -O3 -DNDEBUG",8,100000,flecs,owned_delete,,8,10,10,10.869000
aalair,"Apple M3",8,"Darwin 27.0.0 arm64","Apple LLVM 21.0.0 (clang-2100.3.34.2)"," -O3 -DNDEBUG",8,100000,flecs,owned_delete,,8,500,1,69.551000
aalair,"Apple M3",8,"Darwin 27.0.0 arm64","Apple LLVM 21.0.0 (clang-2100.3.34.2)"," -O3 -DNDEBUG",8,100000,flecs,owned_delete,,8,500,2,75.582000
aalair,"Apple M3",8,"Darwin 27.0.0 arm64","Apple LLVM 21.0.0 (clang-2100.3.34.2)"," -O3 -DNDEBUG",8,100000,flecs,owned_delete,,8,500,3,69.770000
aalair,"Apple M3",8,"Darwin 27.0.0 arm64","Apple LLVM 21.0.0 (clang-2100.3.34.2)"," -O3 -DNDEBUG",8,100000,flecs,owned_delete,,8,500,4,66.715000
aalair,"Apple M3",8,"Darwin 27.0.0 arm64","Apple LLVM 21.0.0 (clang-2100.3.34.2)"," -O3 -DNDEBUG",8,100000,flecs,owned_delete,,8,500,5,68.514000
aalair,"Apple M3",8,"Darwin 27.0.0 arm64","Apple LLVM 21.0.0 (clang-2100.3.34.2)"," -O3 -DNDEBUG",8,100000,flecs,owned_delete,,8,500,6,66.842000
aalair,"Apple M3",8,"Darwin 27.0.0 arm64","Apple LLVM 21.0.0 (clang-2100.3.34.2)"," -O3 -DNDEBUG",8,100000,flecs,owned_delete,,8,500,7,68.889000
aalair,"Apple M3",8,"Darwin 27.0.0 arm64","Apple LLVM 21.0.0 (clang-2100.3.34.2)"," -O3 -DNDEBUG",8,100000,flecs,owned_delete,,8,500,8,69.103000
aalair,"Apple M3",8,"Darwin 27.0.0 arm64","Apple LLVM 21.0.0 (clang-2100.3.34.2)"," -O3 -DNDEBUG",8,100000,flecs,owned_delete,,8,500,9,68.495000
aalair,"Apple M3",8,"Darwin 27.0.0 arm64","Apple LLVM 21.0.0 (clang-2100.3.34.2)"," -O3 -DNDEBUG",8,100000,flecs,owned_delete,,8,500,10,71.968000
aalair,"Apple M3",8,"Darwin 27.0.0 arm64","Apple LLVM 21.0.0 (clang-2100.3.34.2)"," -O3 -DNDEBUG",8,100000,flecs,owned_delete,,8,500,11,70.918000
aalair,"Apple M3",8,"Darwin 27.0.0 arm64","Apple LLVM 21.0.0 (clang-2100.3.34.2)"," -O3 -DNDEBUG",8,100000,pito,owned_delete,ecs_remove_owned,1,0,1,16.828000
aalair,"Apple M3",8,"Darwin 27.0.0 arm64","Apple LLVM 21.0.0 (clang-2100.3.34.2)"," -O3 -DNDEBUG",8,100000,pito,owned_delete,ecs_remove_owned,1,0,2,17.045000
aalair,"Apple M3",8,"Darwin 27.0.0 arm64","Apple LLVM 21.0.0 (clang-2100.3.34.2)"," -O3 -DNDEBUG",8,100000,pito,owned_delete,ecs_remove_owned,1,0,3,16.890000
aalair,"Apple M3",8,"Darwin 27.0.0 arm64","Apple LLVM 21.0.0 (clang-2100.3.34.2)"," -O3 -DNDEBUG",8,100000,pito,owned_delete,ecs_remove_owned,1,0,4,17.023000
aalair,"Apple M3",8,"Darwin 27.0.0 arm64","Apple LLVM 21.0.0 (clang-2100.3.34.2)"," -O3 -DNDEBUG",8,100000,pito,owned_delete,ecs_remove_owned,1,0,5,16.848000
aalair,"Apple M3",8,"Darwin 27.0.0 arm64","Apple LLVM 21.0.0 (clang-2100.3.34.2)"," -O3 -DNDEBUG",8,100000,pito,owned_delete,ecs_remove_owned,1,0,6,16.871000
aalair,"Apple M3",8,"Darwin 27.0.0 arm64","Apple LLVM 21.0.0 (clang-2100.3.34.2)"," -O3 -DNDEBUG",8,100000,pito,owned_delete,ecs_remove_owned,1,0,7,16.803000
aalair,"Apple M3",8,"Darwin 27.0.0 arm64","Apple LLVM 21.0.0 (clang-2100.3.34.2)"," -O3 -DNDEBUG",8,100000,pito,owned_delete,ecs_remove_owned,1,0,8,16.810000
aalair,"Apple M3",8,"Darwin 27.0.0 arm64","Apple LLVM 21.0.0 (clang-2100.3.34.2)"," -O3 -DNDEBUG",8,100000,pito,owned_delete,ecs_remove_owned,1,0,9,16.814000
aalair,"Apple M3",8,"Darwin 27.0.0 arm64","Apple LLVM 21.0.0 (clang-2100.3.34.2)"," -O3 -DNDEBUG",8,100000,pito,owned_delete,ecs_remove_owned,1,0,10,16.837000
aalair,"Apple M3",8,"Darwin 27.0.0 arm64","Apple LLVM 21.0.0 (clang-2100.3.34.2)"," -O3 -DNDEBUG",8,100000,pito,owned_delete,ecs_remove_owned,1,10,1,19.128000
aalair,"Apple M3",8,"Darwin 27.0.0 arm64","Apple LLVM 21.0.0 (clang-2100.3.34.2)"," -O3 -DNDEBUG",8,100000,pito,owned_delete,ecs_remove_owned,1,10,2,19.649000
aalair,"Apple M3",8,"Darwin 27.0.0 arm64","Apple LLVM 21.0.0 (clang-2100.3.34.2)"," -O3 -DNDEBUG",8,100000,pito,owned_delete,ecs_remove_owned,1,10,3,19.989000
aalair,"Apple M3",8,"Darwin 27.0.0 arm64","Apple LLVM 21.0.0 (clang-2100.3.34.2)"," -O3 -DNDEBUG",8,100000,pito,owned_delete,ecs_remove_owned,1,10,4,19.923000
aalair,"Apple M3",8,"Darwin 27.0.0 arm64","Apple LLVM 21.0.0 (clang-2100.3.34.2)"," -O3 -DNDEBUG",8,100000,pito,owned_delete,ecs_remove_owned,1,10,5,19.806000
aalair,"Apple M3",8,"Darwin 27.0.0 arm64","Apple LLVM 21.0.0 (clang-2100.3.34.2)"," -O3 -DNDEBUG",8,100000,pito,owned_delete,ecs_remove_owned,1,10,6,19.815000
aalair,"Apple M3",8,"Darwin 27.0.0 arm64","Apple LLVM 21.0.0 (clang-2100.3.34.2)"," -O3 -DNDEBUG",8,100000,pito,owned_delete,ecs_remove_owned,1,10,7,19.768000
aalair,"Apple M3",8,"Darwin 27.0.0 arm64","Apple LLVM 21.0.0 (clang-2100.3.34.2)"," -O3 -DNDEBUG",8,100000,pito,owned_delete,ecs_remove_owned,1,10,8,19.728000
aalair,"Apple M3",8,"Darwin 27.0.0 arm64","Apple LLVM 21.0.0 (clang-2100.3.34.2)"," -O3 -DNDEBUG",8,100000,pito,owned_delete,ecs_remove_owned,1,10,9,19.975000
aalair,"Apple M3",8,"Darwin 27.0.0 arm64","Apple LLVM 21.0.0 (clang-2100.3.34.2)"," -O3 -DNDEBUG",8,100000,pito,owned_delete,ecs_remove_owned,1,10,10,19.150000
aalair,"Apple M3",8,"Darwin 27.0.0 arm64","Apple LLVM 21.0.0 (clang-2100.3.34.2)"," -O3 -DNDEBUG",8,100000,pito,owned_delete,ecs_remove_owned,1,500,1,386.675000
aalair,"Apple M3",8,"Darwin 27.0.0 arm64","Apple LLVM 21.0.0 (clang-2100.3.34.2)"," -O3 -DNDEBUG",8,100000,pito,owned_delete,ecs_remove_owned,1,500,2,386.648000
aalair,"Apple M3",8,"Darwin 27.0.0 arm64","Apple LLVM 21.0.0 (clang-2100.3.34.2)"," -O3 -DNDEBUG",8,100000,pito,owned_delete,ecs_remove_owned,1,500,3,391.627000
aalair,"Apple M3",8,"Darwin 27.0.0 arm64","Apple LLVM 21.0.0 (clang-2100.3.34.2)"," -O3 -DNDEBUG",8,100000,pito,owned_delete,ecs_remove_owned,1,500,4,387.259000
aalair,"Apple M3",8,"Darwin 27.0.0 arm64","Apple LLVM 21.0.0 (clang-2100.3.34.2)"," -O3 -DNDEBUG",8,100000,pito,owned_delete,ecs_remove_owned,1,500,5,389.399000
aalair,"Apple M3",8,"Darwin 27.0.0 arm64","Apple LLVM 21.0.0 (clang-2100.3.34.2)"," -O3 -DNDEBUG",8,100000,pito,owned_delete,ecs_remove_owned,1,500,6,386.625000
aalair,"Apple M3",8,"Darwin 27.0.0 arm64","Apple LLVM 21.0.0 (clang-2100.3.34.2)"," -O3 -DNDEBUG",8,100000,pito,owned_delete,ecs_remove_owned,1,500,7,387.431000
aalair,"Apple M3",8,"Darwin 27.0.0 arm64","Apple LLVM 21.0.0 (clang-2100.3.34.2)"," -O3 -DNDEBUG",8,100000,pito,owned_delete,ecs_remove_owned,1,500,8,390.916000
aalair,"Apple M3",8,"Darwin 27.0.0 arm64","Apple LLVM 21.0.0 (clang-2100.3.34.2)"," -O3 -DNDEBUG",8,100000,pito,owned_delete,ecs_remove_owned,1,500,9,387.257000
aalair,"Apple M3",8,"Darwin 27.0.0 arm64","Apple LLVM 21.0.0 (clang-2100.3.34.2)"," -O3 -DNDEBUG",8,100000,pito,owned_delete,ecs_remove_owned,1,500,10,389.959000
aalair,"Apple M3",8,"Darwin 27.0.0 arm64","Apple LLVM 21.0.0 (clang-2100.3.34.2)"," -O3 -DNDEBUG",8,100000,pito,owned_delete,ecs_remove_owned,2,0,1,31.496000
aalair,"Apple M3",8,"Darwin 27.0.0 arm64","Apple LLVM 21.0.0 (clang-2100.3.34.2)"," -O3 -DNDEBUG",8,100000,pito,owned_delete,ecs_remove_owned,2,0,2,25.111000
aalair,"Apple M3",8,"Darwin 27.0.0 arm64","Apple LLVM 21.0.0 (clang-2100.3.34.2)"," -O3 -DNDEBUG",8,100000,pito,owned_delete,ecs_remove_owned,2,0,3,27.809000
aalair,"Apple M3",8,"Darwin 27.0.0 arm64","Apple LLVM 21.0.0 (clang-2100.3.34.2)"," -O3 -DNDEBUG",8,100000,pito,owned_delete,ecs_remove_owned,2,0,4,23.279000
aalair,"Apple M3",8,"Darwin 27.0.0 arm64","Apple LLVM 21.0.0 (clang-2100.3.34.2)"," -O3 -DNDEBUG",8,100000,pito,owned_delete,ecs_remove_owned,2,0,5,23.518000
aalair,"Apple M3",8,"Darwin 27.0.0 arm64","Apple LLVM 21.0.0 (clang-2100.3.34.2)"," -O3 -DNDEBUG",8,100000,pito,owned_delete,ecs_remove_owned,2,0,6,23.554000
aalair,"Apple M3",8,"Darwin 27.0.0 arm64","Apple LLVM 21.0.0 (clang-2100.3.34.2)"," -O3 -DNDEBUG",8,100000,pito,owned_delete,ecs_remove_owned,2,0,7,24.793000
aalair,"Apple M3",8,"Darwin 27.0.0 arm64","Apple LLVM 21.0.0 (clang-2100.3.34.2)"," -O3 -DNDEBUG",8,100000,pito,owned_delete,ecs_remove_owned,2,0,8,24.006000
aalair,"Apple M3",8,"Darwin 27.0.0 arm64","Apple LLVM 21.0.0 (clang-2100.3.34.2)"," -O3 -DNDEBUG",8,100000,pito,owned_delete,ecs_remove_owned,2,0,9,27.733000
aalair,"Apple M3",8,"Darwin 27.0.0 arm64","Apple LLVM 21.0.0 (clang-2100.3.34.2)"," -O3 -DNDEBUG",8,100000,pito,owned_delete,ecs_remove_owned,2,0,10,23.126000
aalair,"Apple M3",8,"Darwin 27.0.0 arm64","Apple LLVM 21.0.0 (clang-2100.3.34.2)"," -O3 -DNDEBUG",8,100000,pito,owned_delete,ecs_remove_owned,2,0,11,24.904000
aalair,"Apple M3",8,"Darwin 27.0.0 arm64","Apple LLVM 21.0.0 (clang-2100.3.34.2)"," -O3 -DNDEBUG",8,100000,pito,owned_delete,ecs_remove_owned,2,0,12,24.265000
aalair,"Apple M3",8,"Darwin 27.0.0 arm64","Apple LLVM 21.0.0 (clang-2100.3.34.2)"," -O3 -DNDEBUG",8,100000,pito,owned_delete,ecs_remove_owned,2,0,13,23.167000
aalair,"Apple M3",8,"Darwin 27.0.0 arm64","Apple LLVM 21.0.0 (clang-2100.3.34.2)"," -O3 -DNDEBUG",8,100000,pito,owned_delete,ecs_remove_owned,2,0,14,27.233000
aalair,"Apple M3",8,"Darwin 27.0.0 arm64","Apple LLVM 21.0.0 (clang-2100.3.34.2)"," -O3 -DNDEBUG",8,100000,pito,owned_delete,ecs_remove_owned,2,0,15,27.407000
aalair,"Apple M3",8,"Darwin 27.0.0 arm64","Apple LLVM 21.0.0 (clang-2100.3.34.2)"," -O3 -DNDEBUG",8,100000,pito,owned_delete,ecs_remove_owned,2,0,16,24.325000
aalair,"Apple M3",8,"Darwin 27.0.0 arm64","Apple LLVM 21.0.0 (clang-2100.3.34.2)"," -O3 -DNDEBUG",8,100000,pito,owned_delete,ecs_remove_owned,2,0,17,23.166000
aalair,"Apple M3",8,"Darwin 27.0.0 arm64","Apple LLVM 21.0.0 (clang-2100.3.34.2)"," -O3 -DNDEBUG",8,100000,pito,owned_delete,ecs_remove_owned,2,0,18,26.381000
aalair,"Apple M3",8,"Darwin 27.0.0 arm64","Apple LLVM 21.0.0 (clang-2100.3.34.2)"," -O3 -DNDEBUG",8,100000,pito,owned_delete,ecs_remove_owned,2,0,19,23.246000
aalair,"Apple M3",8,"Darwin 27.0.0 arm64","Apple LLVM 21.0.0 (clang-2100.3.34.2)"," -O3 -DNDEBUG",8,100000,pito,owned_delete,ecs_remove_owned,2,0,20,22.725000
aalair,"Apple M3",8,"Darwin 27.0.0 arm64","Apple LLVM 21.0.0 (clang-2100.3.34.2)"," -O3 -DNDEBUG",8,100000,pito,owned_delete,ecs_remove_owned,2,0,21,26.685000
aalair,"Apple M3",8,"Darwin 27.0.0 arm64","Apple LLVM 21.0.0 (clang-2100.3.34.2)"," -O3 -DNDEBUG",8,100000,pito,owned_delete,ecs_remove_owned,2,0,22,23.277000
aalair,"Apple M3",8,"Darwin 27.0.0 arm64","Apple LLVM 21.0.0 (clang-2100.3.34.2)"," -O3 -DNDEBUG",8,100000,pito,owned_delete,ecs_remove_owned,2,0,23,23.626000
aalair,"Apple M3",8,"Darwin 27.0.0 arm64","Apple LLVM 21.0.0 (clang-2100.3.34.2)"," -O3 -DNDEBUG",8,100000,pito,owned_delete,ecs_remove_owned,2,0,24,24.794000
aalair,"Apple M3",8,"Darwin 27.0.0 arm64","Apple LLVM 21.0.0 (clang-2100.3.34.2)"," -O3 -DNDEBUG",8,100000,pito,owned_delete,ecs_remove_owned,2,0,25,25.881000
aalair,"Apple M3",8,"Darwin 27.0.0 arm64","Apple LLVM 21.0.0 (clang-2100.3.34.2)"," -O3 -DNDEBUG",8,100000,pito,owned_delete,ecs_remove_owned,2,0,26,22.350000
aalair,"Apple M3",8,"Darwin 27.0.0 arm64","Apple LLVM 21.0.0 (clang-2100.3.34.2)"," -O3 -DNDEBUG",8,100000,pito,owned_delete,ecs_remove_owned,2,0,27,22.891000
aalair,"Apple M3",8,"Darwin 27.0.0 arm64","Apple LLVM 21.0.0 (clang-2100.3.34.2)"," -O3 -DNDEBUG",8,100000,pito,owned_delete,ecs_remove_owned,2,0,28,22.677000
aalair,"Apple M3",8,"Darwin 27.0.0 arm64","Apple LLVM 21.0.0 (clang-2100.3.34.2)"," -O3 -DNDEBUG",8,100000,pito,owned_delete,ecs_remove_owned,2,0,29,23.941000
aalair,"Apple M3",8,"Darwin 27.0.0 arm64","Apple LLVM 21.0.0 (clang-2100.3.34.2)"," -O3 -DNDEBUG",8,100000,pito,owned_delete,ecs_remove_owned,2,10,1,25.531000
aalair,"Apple M3",8,"Darwin 27.0.0 arm64","Apple LLVM 21.0.0 (clang-2100.3.34.2)"," -O3 -DNDEBUG",8,100000,pito,owned_delete,ecs_remove_owned,2,10,2,25.373000
aalair,"Apple M3",8,"Darwin 27.0.0 arm64","Apple LLVM 21.0.0 (clang-2100.3.34.2)"," -O3 -DNDEBUG",8,100000,pito,owned_delete,ecs_remove_owned,2,10,3,26.758000
aalair,"Apple M3",8,"Darwin 27.0.0 arm64","Apple LLVM 21.0.0 (clang-2100.3.34.2)"," -O3 -DNDEBUG",8,100000,pito,owned_delete,ecs_remove_owned,2,10,4,27.313000
aalair,"Apple M3",8,"Darwin 27.0.0 arm64","Apple LLVM 21.0.0 (clang-2100.3.34.2)"," -O3 -DNDEBUG",8,100000,pito,owned_delete,ecs_remove_owned,2,10,5,31.035000
aalair,"Apple M3",8,"Darwin 27.0.0 arm64","Apple LLVM 21.0.0 (clang-2100.3.34.2)"," -O3 -DNDEBUG",8,100000,pito,owned_delete,ecs_remove_owned,2,10,6,26.305000
aalair,"Apple M3",8,"Darwin 27.0.0 arm64","Apple LLVM 21.0.0 (clang-2100.3.34.2)"," -O3 -DNDEBUG",8,100000,pito,owned_delete,ecs_remove_owned,2,10,7,25.750000
aalair,"Apple M3",8,"Darwin 27.0.0 arm64","Apple LLVM 21.0.0 (clang-2100.3.34.2)"," -O3 -DNDEBUG",8,100000,pito,owned_delete,ecs_remove_owned,2,10,8,26.502000
aalair,"Apple M3",8,"Darwin 27.0.0 arm64","Apple LLVM 21.0.0 (clang-2100.3.34.2)"," -O3 -DNDEBUG",8,100000,pito,owned_delete,ecs_remove_owned,2,10,9,25.652000
aalair,"Apple M3",8,"Darwin 27.0.0 arm64","Apple LLVM 21.0.0 (clang-2100.3.34.2)"," -O3 -DNDEBUG",8,100000,pito,owned_delete,ecs_remove_owned,2,10,10,25.645000
aalair,"Apple M3",8,"Darwin 27.0.0 arm64","Apple LLVM 21.0.0 (clang-2100.3.34.2)"," -O3 -DNDEBUG",8,100000,pito,owned_delete,ecs_remove_owned,2,10,11,26.210000
aalair,"Apple M3",8,"Darwin 27.0.0 arm64","Apple LLVM 21.0.0 (clang-2100.3.34.2)"," -O3 -DNDEBUG",8,100000,pito,owned_delete,ecs_remove_owned,2,500,1,201.029000
aalair,"Apple M3",8,"Darwin 27.0.0 arm64","Apple LLVM 21.0.0 (clang-2100.3.34.2)"," -O3 -DNDEBUG",8,100000,pito,owned_delete,ecs_remove_owned,2,500,2,200.770000
aalair,"Apple M3",8,"Darwin 27.0.0 arm64","Apple LLVM 21.0.0 (clang-2100.3.34.2)"," -O3 -DNDEBUG",8,100000,pito,owned_delete,ecs_remove_owned,2,500,3,201.352000
aalair,"Apple M3",8,"Darwin 27.0.0 arm64","Apple LLVM 21.0.0 (clang-2100.3.34.2)"," -O3 -DNDEBUG",8,100000,pito,owned_delete,ecs_remove_owned,2,500,4,201.621000
aalair,"Apple M3",8,"Darwin 27.0.0 arm64","Apple LLVM 21.0.0 (clang-2100.3.34.2)"," -O3 -DNDEBUG",8,100000,pito,owned_delete,ecs_remove_owned,2,500,5,199.896000
aalair,"Apple M3",8,"Darwin 27.0.0 arm64","Apple LLVM 21.0.0 (clang-2100.3.34.2)"," -O3 -DNDEBUG",8,100000,pito,owned_delete,ecs_remove_owned,2,500,6,199.634000
aalair,"Apple M3",8,"Darwin 27.0.0 arm64","Apple LLVM 21.0.0 (clang-2100.3.34.2)"," -O3 -DNDEBUG",8,100000,pito,owned_delete,ecs_remove_owned,2,500,7,199.732000
aalair,"Apple M3",8,"Darwin 27.0.0 arm64","Apple LLVM 21.0.0 (clang-2100.3.34.2)"," -O3 -DNDEBUG",8,100000,pito,owned_delete,ecs_remove_owned,2,500,8,199.522000
aalair,"Apple M3",8,"Darwin 27.0.0 arm64","Apple LLVM 21.0.0 (clang-2100.3.34.2)"," -O3 -DNDEBUG",8,100000,pito,owned_delete,ecs_remove_owned,2,500,9,201.200000
aalair,"Apple M3",8,"Darwin 27.0.0 arm64","Apple LLVM 21.0.0 (clang-2100.3.34.2)"," -O3 -DNDEBUG",8,100000,pito,owned_delete,ecs_remove_owned,2,500,10,200.858000
aalair,"Apple M3",8,"Darwin 27.0.0 arm64","Apple LLVM 21.0.0 (clang-2100.3.34.2)"," -O3 -DNDEBUG",8,100000,pito,owned_delete,ecs_remove_owned,4,0,1,43.424000
aalair,"Apple M3",8,"Darwin 27.0.0 arm64","Apple LLVM 21.0.0 (clang-2100.3.34.2)"," -O3 -DNDEBUG",8,100000,pito,owned_delete,ecs_remove_owned,4,0,2,43.606000
aalair,"Apple M3",8,"Darwin 27.0.0 arm64","Apple LLVM 21.0.0 (clang-2100.3.34.2)"," -O3 -DNDEBUG",8,100000,pito,owned_delete,ecs_remove_owned,4,0,3,44.252000
aalair,"Apple M3",8,"Darwin 27.0.0 arm64","Apple LLVM 21.0.0 (clang-2100.3.34.2)"," -O3 -DNDEBUG",8,100000,pito,owned_delete,ecs_remove_owned,4,0,4,43.419000
aalair,"Apple M3",8,"Darwin 27.0.0 arm64","Apple LLVM 21.0.0 (clang-2100.3.34.2)"," -O3 -DNDEBUG",8,100000,pito,owned_delete,ecs_remove_owned,4,0,5,42.626000
aalair,"Apple M3",8,"Darwin 27.0.0 arm64","Apple LLVM 21.0.0 (clang-2100.3.34.2)"," -O3 -DNDEBUG",8,100000,pito,owned_delete,ecs_remove_owned,4,0,6,42.833000
aalair,"Apple M3",8,"Darwin 27.0.0 arm64","Apple LLVM 21.0.0 (clang-2100.3.34.2)"," -O3 -DNDEBUG",8,100000,pito,owned_delete,ecs_remove_owned,4,0,7,43.513000
aalair,"Apple M3",8,"Darwin 27.0.0 arm64","Apple LLVM 21.0.0 (clang-2100.3.34.2)"," -O3 -DNDEBUG",8,100000,pito,owned_delete,ecs_remove_owned,4,0,8,43.188000
aalair,"Apple M3",8,"Darwin 27.0.0 arm64","Apple LLVM 21.0.0 (clang-2100.3.34.2)"," -O3 -DNDEBUG",8,100000,pito,owned_delete,ecs_remove_owned,4,0,9,43.989000
aalair,"Apple M3",8,"Darwin 27.0.0 arm64","Apple LLVM 21.0.0 (clang-2100.3.34.2)"," -O3 -DNDEBUG",8,100000,pito,owned_delete,ecs_remove_owned,4,0,10,44.033000
aalair,"Apple M3",8,"Darwin 27.0.0 arm64","Apple LLVM 21.0.0 (clang-2100.3.34.2)"," -O3 -DNDEBUG",8,100000,pito,owned_delete,ecs_remove_owned,4,10,1,49.839000
aalair,"Apple M3",8,"Darwin 27.0.0 arm64","Apple LLVM 21.0.0 (clang-2100.3.34.2)"," -O3 -DNDEBUG",8,100000,pito,owned_delete,ecs_remove_owned,4,10,2,49.039000
aalair,"Apple M3",8,"Darwin 27.0.0 arm64","Apple LLVM 21.0.0 (clang-2100.3.34.2)"," -O3 -DNDEBUG",8,100000,pito,owned_delete,ecs_remove_owned,4,10,3,48.664000
aalair,"Apple M3",8,"Darwin 27.0.0 arm64","Apple LLVM 21.0.0 (clang-2100.3.34.2)"," -O3 -DNDEBUG",8,100000,pito,owned_delete,ecs_remove_owned,4,10,4,48.787000
aalair,"Apple M3",8,"Darwin 27.0.0 arm64","Apple LLVM 21.0.0 (clang-2100.3.34.2)"," -O3 -DNDEBUG",8,100000,pito,owned_delete,ecs_remove_owned,4,10,5,51.159000
aalair,"Apple M3",8,"Darwin 27.0.0 arm64","Apple LLVM 21.0.0 (clang-2100.3.34.2)"," -O3 -DNDEBUG",8,100000,pito,owned_delete,ecs_remove_owned,4,10,6,54.539000
aalair,"Apple M3",8,"Darwin 27.0.0 arm64","Apple LLVM 21.0.0 (clang-2100.3.34.2)"," -O3 -DNDEBUG",8,100000,pito,owned_delete,ecs_remove_owned,4,10,7,49.166000
aalair,"Apple M3",8,"Darwin 27.0.0 arm64","Apple LLVM 21.0.0 (clang-2100.3.34.2)"," -O3 -DNDEBUG",8,100000,pito,owned_delete,ecs_remove_owned,4,10,8,48.773000
aalair,"Apple M3",8,"Darwin 27.0.0 arm64","Apple LLVM 21.0.0 (clang-2100.3.34.2)"," -O3 -DNDEBUG",8,100000,pito,owned_delete,ecs_remove_owned,4,10,9,48.997000
aalair,"Apple M3",8,"Darwin 27.0.0 arm64","Apple LLVM 21.0.0 (clang-2100.3.34.2)"," -O3 -DNDEBUG",8,100000,pito,owned_delete,ecs_remove_owned,4,10,10,48.938000
aalair,"Apple M3",8,"Darwin 27.0.0 arm64","Apple LLVM 21.0.0 (clang-2100.3.34.2)"," -O3 -DNDEBUG",8,100000,pito,owned_delete,ecs_remove_owned,4,10,11,48.785000
aalair,"Apple M3",8,"Darwin 27.0.0 arm64","Apple LLVM 21.0.0 (clang-2100.3.34.2)"," -O3 -DNDEBUG",8,100000,pito,owned_delete,ecs_remove_owned,4,500,1,110.057000
aalair,"Apple M3",8,"Darwin 27.0.0 arm64","Apple LLVM 21.0.0 (clang-2100.3.34.2)"," -O3 -DNDEBUG",8,100000,pito,owned_delete,ecs_remove_owned,4,500,2,110.167000
aalair,"Apple M3",8,"Darwin 27.0.0 arm64","Apple LLVM 21.0.0 (clang-2100.3.34.2)"," -O3 -DNDEBUG",8,100000,pito,owned_delete,ecs_remove_owned,4,500,3,110.054000
aalair,"Apple M3",8,"Darwin 27.0.0 arm64","Apple LLVM 21.0.0 (clang-2100.3.34.2)"," -O3 -DNDEBUG",8,100000,pito,owned_delete,ecs_remove_owned,4,500,4,110.018000
aalair,"Apple M3",8,"Darwin 27.0.0 arm64","Apple LLVM 21.0.0 (clang-2100.3.34.2)"," -O3 -DNDEBUG",8,100000,pito,owned_delete,ecs_remove_owned,4,500,5,110.073000
aalair,"Apple M3",8,"Darwin 27.0.0 arm64","Apple LLVM 21.0.0 (clang-2100.3.34.2)"," -O3 -DNDEBUG",8,100000,pito,owned_delete,ecs_remove_owned,4,500,6,110.175000
aalair,"Apple M3",8,"Darwin 27.0.0 arm64","Apple LLVM 21.0.0 (clang-2100.3.34.2)"," -O3 -DNDEBUG",8,100000,pito,owned_delete,ecs_remove_owned,4,500,7,109.870000
aalair,"Apple M3",8,"Darwin 27.0.0 arm64","Apple LLVM 21.0.0 (clang-2100.3.34.2)"," -O3 -DNDEBUG",8,100000,pito,owned_delete,ecs_remove_owned,4,500,8,110.015000
aalair,"Apple M3",8,"Darwin 27.0.0 arm64","Apple LLVM 21.0.0 (clang-2100.3.34.2)"," -O3 -DNDEBUG",8,100000,pito,owned_delete,ecs_remove_owned,4,500,9,110.231000
aalair,"Apple M3",8,"Darwin 27.0.0 arm64","Apple LLVM 21.0.0 (clang-2100.3.34.2)"," -O3 -DNDEBUG",8,100000,pito,owned_delete,ecs_remove_owned,4,500,10,110.072000
aalair,"Apple M3",8,"Darwin 27.0.0 arm64","Apple LLVM 21.0.0 (clang-2100.3.34.2)"," -O3 -DNDEBUG",8,100000,pito,owned_delete,ecs_remove_owned,8,0,1,65.563000
aalair,"Apple M3",8,"Darwin 27.0.0 arm64","Apple LLVM 21.0.0 (clang-2100.3.34.2)"," -O3 -DNDEBUG",8,100000,pito,owned_delete,ecs_remove_owned,8,0,2,68.623000
aalair,"Apple M3",8,"Darwin 27.0.0 arm64","Apple LLVM 21.0.0 (clang-2100.3.34.2)"," -O3 -DNDEBUG",8,100000,pito,owned_delete,ecs_remove_owned,8,0,3,67.301000
aalair,"Apple M3",8,"Darwin 27.0.0 arm64","Apple LLVM 21.0.0 (clang-2100.3.34.2)"," -O3 -DNDEBUG",8,100000,pito,owned_delete,ecs_remove_owned,8,0,4,67.059000
aalair,"Apple M3",8,"Darwin 27.0.0 arm64","Apple LLVM 21.0.0 (clang-2100.3.34.2)"," -O3 -DNDEBUG",8,100000,pito,owned_delete,ecs_remove_owned,8,0,5,68.605000
aalair,"Apple M3",8,"Darwin 27.0.0 arm64","Apple LLVM 21.0.0 (clang-2100.3.34.2)"," -O3 -DNDEBUG",8,100000,pito,owned_delete,ecs_remove_owned,8,0,6,64.562000
aalair,"Apple M3",8,"Darwin 27.0.0 arm64","Apple LLVM 21.0.0 (clang-2100.3.34.2)"," -O3 -DNDEBUG",8,100000,pito,owned_delete,ecs_remove_owned,8,0,7,68.847000
aalair,"Apple M3",8,"Darwin 27.0.0 arm64","Apple LLVM 21.0.0 (clang-2100.3.34.2)"," -O3 -DNDEBUG",8,100000,pito,owned_delete,ecs_remove_owned,8,0,8,67.974000
aalair,"Apple M3",8,"Darwin 27.0.0 arm64","Apple LLVM 21.0.0 (clang-2100.3.34.2)"," -O3 -DNDEBUG",8,100000,pito,owned_delete,ecs_remove_owned,8,0,9,67.728000
aalair,"Apple M3",8,"Darwin 27.0.0 arm64","Apple LLVM 21.0.0 (clang-2100.3.34.2)"," -O3 -DNDEBUG",8,100000,pito,owned_delete,ecs_remove_owned,8,0,10,69.276000
aalair,"Apple M3",8,"Darwin 27.0.0 arm64","Apple LLVM 21.0.0 (clang-2100.3.34.2)"," -O3 -DNDEBUG",8,100000,pito,owned_delete,ecs_remove_owned,8,10,1,78.107000
aalair,"Apple M3",8,"Darwin 27.0.0 arm64","Apple LLVM 21.0.0 (clang-2100.3.34.2)"," -O3 -DNDEBUG",8,100000,pito,owned_delete,ecs_remove_owned,8,10,2,77.583000
aalair,"Apple M3",8,"Darwin 27.0.0 arm64","Apple LLVM 21.0.0 (clang-2100.3.34.2)"," -O3 -DNDEBUG",8,100000,pito,owned_delete,ecs_remove_owned,8,10,3,76.555000
aalair,"Apple M3",8,"Darwin 27.0.0 arm64","Apple LLVM 21.0.0 (clang-2100.3.34.2)"," -O3 -DNDEBUG",8,100000,pito,owned_delete,ecs_remove_owned,8,10,4,77.110000
aalair,"Apple M3",8,"Darwin 27.0.0 arm64","Apple LLVM 21.0.0 (clang-2100.3.34.2)"," -O3 -DNDEBUG",8,100000,pito,owned_delete,ecs_remove_owned,8,10,5,77.061000
aalair,"Apple M3",8,"Darwin 27.0.0 arm64","Apple LLVM 21.0.0 (clang-2100.3.34.2)"," -O3 -DNDEBUG",8,100000,pito,owned_delete,ecs_remove_owned,8,10,6,77.920000
aalair,"Apple M3",8,"Darwin 27.0.0 arm64","Apple LLVM 21.0.0 (clang-2100.3.34.2)"," -O3 -DNDEBUG",8,100000,pito,owned_delete,ecs_remove_owned,8,10,7,75.735000
aalair,"Apple M3",8,"Darwin 27.0.0 arm64","Apple LLVM 21.0.0 (clang-2100.3.34.2)"," -O3 -DNDEBUG",8,100000,pito,owned_delete,ecs_remove_owned,8,10,8,77.158000
aalair,"Apple M3",8,"Darwin 27.0.0 arm64","Apple LLVM 21.0.0 (clang-2100.3.34.2)"," -O3 -DNDEBUG",8,100000,pito,owned_delete,ecs_remove_owned,8,10,9,75.976000
aalair,"Apple M3",8,"Darwin 27.0.0 arm64","Apple LLVM 21.0.0 (clang-2100.3.34.2)"," -O3 -DNDEBUG",8,100000,pito,owned_delete,ecs_remove_owned,8,10,10,78.106000
aalair,"Apple M3",8,"Darwin 27.0.0 arm64","Apple LLVM 21.0.0 (clang-2100.3.34.2)"," -O3 -DNDEBUG",8,100000,pito,owned_delete,ecs_remove_owned,8,500,1,241.121000
aalair,"Apple M3",8,"Darwin 27.0.0 arm64","Apple LLVM 21.0.0 (clang-2100.3.34.2)"," -O3 -DNDEBUG",8,100000,pito,owned_delete,ecs_remove_owned,8,500,2,244.224000
aalair,"Apple M3",8,"Darwin 27.0.0 arm64","Apple LLVM 21.0.0 (clang-2100.3.34.2)"," -O3 -DNDEBUG",8,100000,pito,owned_delete,ecs_remove_owned,8,500,3,242.311000
aalair,"Apple M3",8,"Darwin 27.0.0 arm64","Apple LLVM 21.0.0 (clang-2100.3.34.2)"," -O3 -DNDEBUG",8,100000,pito,owned_delete,ecs_remove_owned,8,500,4,238.234000
aalair,"Apple M3",8,"Darwin 27.0.0 arm64","Apple LLVM 21.0.0 (clang-2100.3.34.2)"," -O3 -DNDEBUG",8,100000,pito,owned_delete,ecs_remove_owned,8,500,5,234.818000
aalair,"Apple M3",8,"Darwin 27.0.0 arm64","Apple LLVM 21.0.0 (clang-2100.3.34.2)"," -O3 -DNDEBUG",8,100000,pito,owned_delete,ecs_remove_owned,8,500,6,244.518000
aalair,"Apple M3",8,"Darwin 27.0.0 arm64","Apple LLVM 21.0.0 (clang-2100.3.34.2)"," -O3 -DNDEBUG",8,100000,pito,owned_delete,ecs_remove_owned,8,500,7,240.199000
aalair,"Apple M3",8,"Darwin 27.0.0 arm64","Apple LLVM 21.0.0 (clang-2100.3.34.2)"," -O3 -DNDEBUG",8,100000,pito,owned_delete,ecs_remove_owned,8,500,8,244.786000
aalair,"Apple M3",8,"Darwin 27.0.0 arm64","Apple LLVM 21.0.0 (clang-2100.3.34.2)"," -O3 -DNDEBUG",8,100000,pito,owned_delete,ecs_remove_owned,8,500,9,252.091000
aalair,"Apple M3",8,"Darwin 27.0.0 arm64","Apple LLVM 21.0.0 (clang-2100.3.34.2)"," -O3 -DNDEBUG",8,100000,pito,owned_delete,ecs_remove_owned,8,500,10,240.069000
aalair,"Apple M3",8,"Darwin 27.0.0 arm64","Apple LLVM 21.0.0 (clang-2100.3.34.2)"," -O3 -DNDEBUG -DPITO_ECS_OWNED_DELETE_ATOMIC=1",8,100000,pito,owned_delete,ecs_remove_owned,1,0,1,11.090000
aalair,"Apple M3",8,"Darwin 27.0.0 arm64","Apple LLVM 21.0.0 (clang-2100.3.34.2)"," -O3 -DNDEBUG -DPITO_ECS_OWNED_DELETE_ATOMIC=1",8,100000,pito,owned_delete,ecs_remove_owned,1,0,2,11.184000
aalair,"Apple M3",8,"Darwin 27.0.0 arm64","Apple LLVM 21.0.0 (clang-2100.3.34.2)"," -O3 -DNDEBUG -DPITO_ECS_OWNED_DELETE_ATOMIC=1",8,100000,pito,owned_delete,ecs_remove_owned,1,0,3,11.310000
aalair,"Apple M3",8,"Darwin 27.0.0 arm64","Apple LLVM 21.0.0 (clang-2100.3.34.2)"," -O3 -DNDEBUG -DPITO_ECS_OWNED_DELETE_ATOMIC=1",8,100000,pito,owned_delete,ecs_remove_owned,1,0,4,11.189000
aalair,"Apple M3",8,"Darwin 27.0.0 arm64","Apple LLVM 21.0.0 (clang-2100.3.34.2)"," -O3 -DNDEBUG -DPITO_ECS_OWNED_DELETE_ATOMIC=1",8,100000,pito,owned_delete,ecs_remove_owned,1,0,5,10.984000
aalair,"Apple M3",8,"Darwin 27.0.0 arm64","Apple LLVM 21.0.0 (clang-2100.3.34.2)"," -O3 -DNDEBUG -DPITO_ECS_OWNED_DELETE_ATOMIC=1",8,100000,pito,owned_delete,ecs_remove_owned,1,0,6,10.977000
aalair,"Apple M3",8,"Darwin 27.0.0 arm64","Apple LLVM 21.0.0 (clang-2100.3.34.2)"," -O3 -DNDEBUG -DPITO_ECS_OWNED_DELETE_ATOMIC=1",8,100000,pito,owned_delete,ecs_remove_owned,1,0,7,11.043000
aalair,"Apple M3",8,"Darwin 27.0.0 arm64","Apple LLVM 21.0.0 (clang-2100.3.34.2)"," -O3 -DNDEBUG -DPITO_ECS_OWNED_DELETE_ATOMIC=1",8,100000,pito,owned_delete,ecs_remove_owned,1,0,8,11.168000
aalair,"Apple M3",8,"Darwin 27.0.0 arm64","Apple LLVM 21.0.0 (clang-2100.3.34.2)"," -O3 -DNDEBUG -DPITO_ECS_OWNED_DELETE_ATOMIC=1",8,100000,pito,owned_delete,ecs_remove_owned,1,0,9,11.005000
aalair,"Apple M3",8,"Darwin 27.0.0 arm64","Apple LLVM 21.0.0 (clang-2100.3.34.2)"," -O3 -DNDEBUG -DPITO_ECS_OWNED_DELETE_ATOMIC=1",8,100000,pito,owned_delete,ecs_remove_owned,1,0,10,10.992000
aalair,"Apple M3",8,"Darwin 27.0.0 arm64","Apple LLVM 21.0.0 (clang-2100.3.34.2)"," -O3 -DNDEBUG -DPITO_ECS_OWNED_DELETE_ATOMIC=1",8,100000,pito,owned_delete,ecs_remove_owned,1,10,1,13.325000
aalair,"Apple M3",8,"Darwin 27.0.0 arm64","Apple LLVM 21.0.0 (clang-2100.3.34.2)"," -O3 -DNDEBUG -DPITO_ECS_OWNED_DELETE_ATOMIC=1",8,100000,pito,owned_delete,ecs_remove_owned,1,10,2,13.838000
aalair,"Apple M3",8,"Darwin 27.0.0 arm64","Apple LLVM 21.0.0 (clang-2100.3.34.2)"," -O3 -DNDEBUG -DPITO_ECS_OWNED_DELETE_ATOMIC=1",8,100000,pito,owned_delete,ecs_remove_owned,1,10,3,13.841000
aalair,"Apple M3",8,"Darwin 27.0.0 arm64","Apple LLVM 21.0.0 (clang-2100.3.34.2)"," -O3 -DNDEBUG -DPITO_ECS_OWNED_DELETE_ATOMIC=1",8,100000,pito,owned_delete,ecs_remove_owned,1,10,4,13.432000
aalair,"Apple M3",8,"Darwin 27.0.0 arm64","Apple LLVM 21.0.0 (clang-2100.3.34.2)"," -O3 -DNDEBUG -DPITO_ECS_OWNED_DELETE_ATOMIC=1",8,100000,pito,owned_delete,ecs_remove_owned,1,10,5,13.278000
aalair,"Apple M3",8,"Darwin 27.0.0 arm64","Apple LLVM 21.0.0 (clang-2100.3.34.2)"," -O3 -DNDEBUG -DPITO_ECS_OWNED_DELETE_ATOMIC=1",8,100000,pito,owned_delete,ecs_remove_owned,1,10,6,13.364000
aalair,"Apple M3",8,"Darwin 27.0.0 arm64","Apple LLVM 21.0.0 (clang-2100.3.34.2)"," -O3 -DNDEBUG -DPITO_ECS_OWNED_DELETE_ATOMIC=1",8,100000,pito,owned_delete,ecs_remove_owned,1,10,7,13.376000
aalair,"Apple M3",8,"Darwin 27.0.0 arm64","Apple LLVM 21.0.0 (clang-2100.3.34.2)"," -O3 -DNDEBUG -DPITO_ECS_OWNED_DELETE_ATOMIC=1",8,100000,pito,owned_delete,ecs_remove_owned,1,10,8,13.271000
aalair,"Apple M3",8,"Darwin 27.0.0 arm64","Apple LLVM 21.0.0 (clang-2100.3.34.2)"," -O3 -DNDEBUG -DPITO_ECS_OWNED_DELETE_ATOMIC=1",8,100000,pito,owned_delete,ecs_remove_owned,1,10,9,13.271000
aalair,"Apple M3",8,"Darwin 27.0.0 arm64","Apple LLVM 21.0.0 (clang-2100.3.34.2)"," -O3 -DNDEBUG -DPITO_ECS_OWNED_DELETE_ATOMIC=1",8,100000,pito,owned_delete,ecs_remove_owned,1,10,10,13.434000
aalair,"Apple M3",8,"Darwin 27.0.0 arm64","Apple LLVM 21.0.0 (clang-2100.3.34.2)"," -O3 -DNDEBUG -DPITO_ECS_OWNED_DELETE_ATOMIC=1",8,100000,pito,owned_delete,ecs_remove_owned,1,500,1,366.954000
aalair,"Apple M3",8,"Darwin 27.0.0 arm64","Apple LLVM 21.0.0 (clang-2100.3.34.2)"," -O3 -DNDEBUG -DPITO_ECS_OWNED_DELETE_ATOMIC=1",8,100000,pito,owned_delete,ecs_remove_owned,1,500,2,367.108000
aalair,"Apple M3",8,"Darwin 27.0.0 arm64","Apple LLVM 21.0.0 (clang-2100.3.34.2)"," -O3 -DNDEBUG -DPITO_ECS_OWNED_DELETE_ATOMIC=1",8,100000,pito,owned_delete,ecs_remove_owned,1,500,3,366.933000
aalair,"Apple M3",8,"Darwin 27.0.0 arm64","Apple LLVM 21.0.0 (clang-2100.3.34.2)"," -O3 -DNDEBUG -DPITO_ECS_OWNED_DELETE_ATOMIC=1",8,100000,pito,owned_delete,ecs_remove_owned,1,500,4,369.253000
aalair,"Apple M3",8,"Darwin 27.0.0 arm64","Apple LLVM 21.0.0 (clang-2100.3.34.2)"," -O3 -DNDEBUG -DPITO_ECS_OWNED_DELETE_ATOMIC=1",8,100000,pito,owned_delete,ecs_remove_owned,1,500,5,367.220000
aalair,"Apple M3",8,"Darwin 27.0.0 arm64","Apple LLVM 21.0.0 (clang-2100.3.34.2)"," -O3 -DNDEBUG -DPITO_ECS_OWNED_DELETE_ATOMIC=1",8,100000,pito,owned_delete,ecs_remove_owned,1,500,6,368.828000
aalair,"Apple M3",8,"Darwin 27.0.0 arm64","Apple LLVM 21.0.0 (clang-2100.3.34.2)"," -O3 -DNDEBUG -DPITO_ECS_OWNED_DELETE_ATOMIC=1",8,100000,pito,owned_delete,ecs_remove_owned,1,500,7,366.759000
aalair,"Apple M3",8,"Darwin 27.0.0 arm64","Apple LLVM 21.0.0 (clang-2100.3.34.2)"," -O3 -DNDEBUG -DPITO_ECS_OWNED_DELETE_ATOMIC=1",8,100000,pito,owned_delete,ecs_remove_owned,1,500,8,366.931000
aalair,"Apple M3",8,"Darwin 27.0.0 arm64","Apple LLVM 21.0.0 (clang-2100.3.34.2)"," -O3 -DNDEBUG -DPITO_ECS_OWNED_DELETE_ATOMIC=1",8,100000,pito,owned_delete,ecs_remove_owned,1,500,9,366.837000
aalair,"Apple M3",8,"Darwin 27.0.0 arm64","Apple LLVM 21.0.0 (clang-2100.3.34.2)"," -O3 -DNDEBUG -DPITO_ECS_OWNED_DELETE_ATOMIC=1",8,100000,pito,owned_delete,ecs_remove_owned,1,500,10,367.342000
aalair,"Apple M3",8,"Darwin 27.0.0 arm64","Apple LLVM 21.0.0 (clang-2100.3.34.2)"," -O3 -DNDEBUG -DPITO_ECS_OWNED_DELETE_ATOMIC=1",8,100000,pito,owned_delete,ecs_remove_owned,2,0,1,5.869000
aalair,"Apple M3",8,"Darwin 27.0.0 arm64","Apple LLVM 21.0.0 (clang-2100.3.34.2)"," -O3 -DNDEBUG -DPITO_ECS_OWNED_DELETE_ATOMIC=1",8,100000,pito,owned_delete,ecs_remove_owned,2,0,2,6.160000
aalair,"Apple M3",8,"Darwin 27.0.0 arm64","Apple LLVM 21.0.0 (clang-2100.3.34.2)"," -O3 -DNDEBUG -DPITO_ECS_OWNED_DELETE_ATOMIC=1",8,100000,pito,owned_delete,ecs_remove_owned,2,0,3,6.162000
aalair,"Apple M3",8,"Darwin 27.0.0 arm64","Apple LLVM 21.0.0 (clang-2100.3.34.2)"," -O3 -DNDEBUG -DPITO_ECS_OWNED_DELETE_ATOMIC=1",8,100000,pito,owned_delete,ecs_remove_owned,2,0,4,6.352000
aalair,"Apple M3",8,"Darwin 27.0.0 arm64","Apple LLVM 21.0.0 (clang-2100.3.34.2)"," -O3 -DNDEBUG -DPITO_ECS_OWNED_DELETE_ATOMIC=1",8,100000,pito,owned_delete,ecs_remove_owned,2,0,5,5.987000
aalair,"Apple M3",8,"Darwin 27.0.0 arm64","Apple LLVM 21.0.0 (clang-2100.3.34.2)"," -O3 -DNDEBUG -DPITO_ECS_OWNED_DELETE_ATOMIC=1",8,100000,pito,owned_delete,ecs_remove_owned,2,0,6,5.769000
aalair,"Apple M3",8,"Darwin 27.0.0 arm64","Apple LLVM 21.0.0 (clang-2100.3.34.2)"," -O3 -DNDEBUG -DPITO_ECS_OWNED_DELETE_ATOMIC=1",8,100000,pito,owned_delete,ecs_remove_owned,2,0,7,5.951000
aalair,"Apple M3",8,"Darwin 27.0.0 arm64","Apple LLVM 21.0.0 (clang-2100.3.34.2)"," -O3 -DNDEBUG -DPITO_ECS_OWNED_DELETE_ATOMIC=1",8,100000,pito,owned_delete,ecs_remove_owned,2,0,8,5.713000
aalair,"Apple M3",8,"Darwin 27.0.0 arm64","Apple LLVM 21.0.0 (clang-2100.3.34.2)"," -O3 -DNDEBUG -DPITO_ECS_OWNED_DELETE_ATOMIC=1",8,100000,pito,owned_delete,ecs_remove_owned,2,0,9,5.742000
aalair,"Apple M3",8,"Darwin 27.0.0 arm64","Apple LLVM 21.0.0 (clang-2100.3.34.2)"," -O3 -DNDEBUG -DPITO_ECS_OWNED_DELETE_ATOMIC=1",8,100000,pito,owned_delete,ecs_remove_owned,2,0,10,6.523000
aalair,"Apple M3",8,"Darwin 27.0.0 arm64","Apple LLVM 21.0.0 (clang-2100.3.34.2)"," -O3 -DNDEBUG -DPITO_ECS_OWNED_DELETE_ATOMIC=1",8,100000,pito,owned_delete,ecs_remove_owned,2,0,11,6.115000
aalair,"Apple M3",8,"Darwin 27.0.0 arm64","Apple LLVM 21.0.0 (clang-2100.3.34.2)"," -O3 -DNDEBUG -DPITO_ECS_OWNED_DELETE_ATOMIC=1",8,100000,pito,owned_delete,ecs_remove_owned,2,0,12,5.921000
aalair,"Apple M3",8,"Darwin 27.0.0 arm64","Apple LLVM 21.0.0 (clang-2100.3.34.2)"," -O3 -DNDEBUG -DPITO_ECS_OWNED_DELETE_ATOMIC=1",8,100000,pito,owned_delete,ecs_remove_owned,2,0,13,5.774000
aalair,"Apple M3",8,"Darwin 27.0.0 arm64","Apple LLVM 21.0.0 (clang-2100.3.34.2)"," -O3 -DNDEBUG -DPITO_ECS_OWNED_DELETE_ATOMIC=1",8,100000,pito,owned_delete,ecs_remove_owned,2,0,14,6.413000
aalair,"Apple M3",8,"Darwin 27.0.0 arm64","Apple LLVM 21.0.0 (clang-2100.3.34.2)"," -O3 -DNDEBUG -DPITO_ECS_OWNED_DELETE_ATOMIC=1",8,100000,pito,owned_delete,ecs_remove_owned,2,0,15,6.084000
aalair,"Apple M3",8,"Darwin 27.0.0 arm64","Apple LLVM 21.0.0 (clang-2100.3.34.2)"," -O3 -DNDEBUG -DPITO_ECS_OWNED_DELETE_ATOMIC=1",8,100000,pito,owned_delete,ecs_remove_owned,2,0,16,5.720000
aalair,"Apple M3",8,"Darwin 27.0.0 arm64","Apple LLVM 21.0.0 (clang-2100.3.34.2)"," -O3 -DNDEBUG -DPITO_ECS_OWNED_DELETE_ATOMIC=1",8,100000,pito,owned_delete,ecs_remove_owned,2,10,1,7.387000
aalair,"Apple M3",8,"Darwin 27.0.0 arm64","Apple LLVM 21.0.0 (clang-2100.3.34.2)"," -O3 -DNDEBUG -DPITO_ECS_OWNED_DELETE_ATOMIC=1",8,100000,pito,owned_delete,ecs_remove_owned,2,10,2,7.245000
aalair,"Apple M3",8,"Darwin 27.0.0 arm64","Apple LLVM 21.0.0 (clang-2100.3.34.2)"," -O3 -DNDEBUG -DPITO_ECS_OWNED_DELETE_ATOMIC=1",8,100000,pito,owned_delete,ecs_remove_owned,2,10,3,7.303000
aalair,"Apple M3",8,"Darwin 27.0.0 arm64","Apple LLVM 21.0.0 (clang-2100.3.34.2)"," -O3 -DNDEBUG -DPITO_ECS_OWNED_DELETE_ATOMIC=1",8,100000,pito,owned_delete,ecs_remove_owned,2,10,4,7.205000
aalair,"Apple M3",8,"Darwin 27.0.0 arm64","Apple LLVM 21.0.0 (clang-2100.3.34.2)"," -O3 -DNDEBUG -DPITO_ECS_OWNED_DELETE_ATOMIC=1",8,100000,pito,owned_delete,ecs_remove_owned,2,10,5,7.302000
aalair,"Apple M3",8,"Darwin 27.0.0 arm64","Apple LLVM 21.0.0 (clang-2100.3.34.2)"," -O3 -DNDEBUG -DPITO_ECS_OWNED_DELETE_ATOMIC=1",8,100000,pito,owned_delete,ecs_remove_owned,2,10,6,7.157000
aalair,"Apple M3",8,"Darwin 27.0.0 arm64","Apple LLVM 21.0.0 (clang-2100.3.34.2)"," -O3 -DNDEBUG -DPITO_ECS_OWNED_DELETE_ATOMIC=1",8,100000,pito,owned_delete,ecs_remove_owned,2,10,7,7.472000
aalair,"Apple M3",8,"Darwin 27.0.0 arm64","Apple LLVM 21.0.0 (clang-2100.3.34.2)"," -O3 -DNDEBUG -DPITO_ECS_OWNED_DELETE_ATOMIC=1",8,100000,pito,owned_delete,ecs_remove_owned,2,10,8,7.316000
aalair,"Apple M3",8,"Darwin 27.0.0 arm64","Apple LLVM 21.0.0 (clang-2100.3.34.2)"," -O3 -DNDEBUG -DPITO_ECS_OWNED_DELETE_ATOMIC=1",8,100000,pito,owned_delete,ecs_remove_owned,2,10,9,7.194000
aalair,"Apple M3",8,"Darwin 27.0.0 arm64","Apple LLVM 21.0.0 (clang-2100.3.34.2)"," -O3 -DNDEBUG -DPITO_ECS_OWNED_DELETE_ATOMIC=1",8,100000,pito,owned_delete,ecs_remove_owned,2,10,10,7.826000
aalair,"Apple M3",8,"Darwin 27.0.0 arm64","Apple LLVM 21.0.0 (clang-2100.3.34.2)"," -O3 -DNDEBUG -DPITO_ECS_OWNED_DELETE_ATOMIC=1",8,100000,pito,owned_delete,ecs_remove_owned,2,10,11,7.169000
aalair,"Apple M3",8,"Darwin 27.0.0 arm64","Apple LLVM 21.0.0 (clang-2100.3.34.2)"," -O3 -DNDEBUG -DPITO_ECS_OWNED_DELETE_ATOMIC=1",8,100000,pito,owned_delete,ecs_remove_owned,2,500,1,189.934000
aalair,"Apple M3",8,"Darwin 27.0.0 arm64","Apple LLVM 21.0.0 (clang-2100.3.34.2)"," -O3 -DNDEBUG -DPITO_ECS_OWNED_DELETE_ATOMIC=1",8,100000,pito,owned_delete,ecs_remove_owned,2,500,2,189.645000
aalair,"Apple M3",8,"Darwin 27.0.0 arm64","Apple LLVM 21.0.0 (clang-2100.3.34.2)"," -O3 -DNDEBUG -DPITO_ECS_OWNED_DELETE_ATOMIC=1",8,100000,pito,owned_delete,ecs_remove_owned,2,500,3,190.039000
aalair,"Apple M3",8,"Darwin 27.0.0 arm64","Apple LLVM 21.0.0 (clang-2100.3.34.2)"," -O3 -DNDEBUG -DPITO_ECS_OWNED_DELETE_ATOMIC=1",8,100000,pito,owned_delete,ecs_remove_owned,2,500,4,189.861000
aalair,"Apple M3",8,"Darwin 27.0.0 arm64","Apple LLVM 21.0.0 (clang-2100.3.34.2)"," -O3 -DNDEBUG -DPITO_ECS_OWNED_DELETE_ATOMIC=1",8,100000,pito,owned_delete,ecs_remove_owned,2,500,5,189.712000
aalair,"Apple M3",8,"Darwin 27.0.0 arm64","Apple LLVM 21.0.0 (clang-2100.3.34.2)"," -O3 -DNDEBUG -DPITO_ECS_OWNED_DELETE_ATOMIC=1",8,100000,pito,owned_delete,ecs_remove_owned,2,500,6,189.774000
aalair,"Apple M3",8,"Darwin 27.0.0 arm64","Apple LLVM 21.0.0 (clang-2100.3.34.2)"," -O3 -DNDEBUG -DPITO_ECS_OWNED_DELETE_ATOMIC=1",8,100000,pito,owned_delete,ecs_remove_owned,2,500,7,189.780000
aalair,"Apple M3",8,"Darwin 27.0.0 arm64","Apple LLVM 21.0.0 (clang-2100.3.34.2)"," -O3 -DNDEBUG -DPITO_ECS_OWNED_DELETE_ATOMIC=1",8,100000,pito,owned_delete,ecs_remove_owned,2,500,8,190.168000
aalair,"Apple M3",8,"Darwin 27.0.0 arm64","Apple LLVM 21.0.0 (clang-2100.3.34.2)"," -O3 -DNDEBUG -DPITO_ECS_OWNED_DELETE_ATOMIC=1",8,100000,pito,owned_delete,ecs_remove_owned,2,500,9,191.503000
aalair,"Apple M3",8,"Darwin 27.0.0 arm64","Apple LLVM 21.0.0 (clang-2100.3.34.2)"," -O3 -DNDEBUG -DPITO_ECS_OWNED_DELETE_ATOMIC=1",8,100000,pito,owned_delete,ecs_remove_owned,2,500,10,189.800000
aalair,"Apple M3",8,"Darwin 27.0.0 arm64","Apple LLVM 21.0.0 (clang-2100.3.34.2)"," -O3 -DNDEBUG -DPITO_ECS_OWNED_DELETE_ATOMIC=1",8,100000,pito,owned_delete,ecs_remove_owned,4,0,1,3.377000
aalair,"Apple M3",8,"Darwin 27.0.0 arm64","Apple LLVM 21.0.0 (clang-2100.3.34.2)"," -O3 -DNDEBUG -DPITO_ECS_OWNED_DELETE_ATOMIC=1",8,100000,pito,owned_delete,ecs_remove_owned,4,0,2,3.755000
aalair,"Apple M3",8,"Darwin 27.0.0 arm64","Apple LLVM 21.0.0 (clang-2100.3.34.2)"," -O3 -DNDEBUG -DPITO_ECS_OWNED_DELETE_ATOMIC=1",8,100000,pito,owned_delete,ecs_remove_owned,4,0,3,3.713000
aalair,"Apple M3",8,"Darwin 27.0.0 arm64","Apple LLVM 21.0.0 (clang-2100.3.34.2)"," -O3 -DNDEBUG -DPITO_ECS_OWNED_DELETE_ATOMIC=1",8,100000,pito,owned_delete,ecs_remove_owned,4,0,4,3.372000
aalair,"Apple M3",8,"Darwin 27.0.0 arm64","Apple LLVM 21.0.0 (clang-2100.3.34.2)"," -O3 -DNDEBUG -DPITO_ECS_OWNED_DELETE_ATOMIC=1",8,100000,pito,owned_delete,ecs_remove_owned,4,0,5,3.655000
aalair,"Apple M3",8,"Darwin 27.0.0 arm64","Apple LLVM 21.0.0 (clang-2100.3.34.2)"," -O3 -DNDEBUG -DPITO_ECS_OWNED_DELETE_ATOMIC=1",8,100000,pito,owned_delete,ecs_remove_owned,4,0,6,3.266000
aalair,"Apple M3",8,"Darwin 27.0.0 arm64","Apple LLVM 21.0.0 (clang-2100.3.34.2)"," -O3 -DNDEBUG -DPITO_ECS_OWNED_DELETE_ATOMIC=1",8,100000,pito,owned_delete,ecs_remove_owned,4,0,7,3.118000
aalair,"Apple M3",8,"Darwin 27.0.0 arm64","Apple LLVM 21.0.0 (clang-2100.3.34.2)"," -O3 -DNDEBUG -DPITO_ECS_OWNED_DELETE_ATOMIC=1",8,100000,pito,owned_delete,ecs_remove_owned,4,0,8,3.735000
aalair,"Apple M3",8,"Darwin 27.0.0 arm64","Apple LLVM 21.0.0 (clang-2100.3.34.2)"," -O3 -DNDEBUG -DPITO_ECS_OWNED_DELETE_ATOMIC=1",8,100000,pito,owned_delete,ecs_remove_owned,4,0,9,3.330000
aalair,"Apple M3",8,"Darwin 27.0.0 arm64","Apple LLVM 21.0.0 (clang-2100.3.34.2)"," -O3 -DNDEBUG -DPITO_ECS_OWNED_DELETE_ATOMIC=1",8,100000,pito,owned_delete,ecs_remove_owned,4,0,10,3.279000
aalair,"Apple M3",8,"Darwin 27.0.0 arm64","Apple LLVM 21.0.0 (clang-2100.3.34.2)"," -O3 -DNDEBUG -DPITO_ECS_OWNED_DELETE_ATOMIC=1",8,100000,pito,owned_delete,ecs_remove_owned,4,0,11,3.261000
aalair,"Apple M3",8,"Darwin 27.0.0 arm64","Apple LLVM 21.0.0 (clang-2100.3.34.2)"," -O3 -DNDEBUG -DPITO_ECS_OWNED_DELETE_ATOMIC=1",8,100000,pito,owned_delete,ecs_remove_owned,4,0,12,3.239000
aalair,"Apple M3",8,"Darwin 27.0.0 arm64","Apple LLVM 21.0.0 (clang-2100.3.34.2)"," -O3 -DNDEBUG -DPITO_ECS_OWNED_DELETE_ATOMIC=1",8,100000,pito,owned_delete,ecs_remove_owned,4,0,13,3.603000
aalair,"Apple M3",8,"Darwin 27.0.0 arm64","Apple LLVM 21.0.0 (clang-2100.3.34.2)"," -O3 -DNDEBUG -DPITO_ECS_OWNED_DELETE_ATOMIC=1",8,100000,pito,owned_delete,ecs_remove_owned,4,0,14,3.435000
aalair,"Apple M3",8,"Darwin 27.0.0 arm64","Apple LLVM 21.0.0 (clang-2100.3.34.2)"," -O3 -DNDEBUG -DPITO_ECS_OWNED_DELETE_ATOMIC=1",8,100000,pito,owned_delete,ecs_remove_owned,4,0,15,3.218000
aalair,"Apple M3",8,"Darwin 27.0.0 arm64","Apple LLVM 21.0.0 (clang-2100.3.34.2)"," -O3 -DNDEBUG -DPITO_ECS_OWNED_DELETE_ATOMIC=1",8,100000,pito,owned_delete,ecs_remove_owned,4,0,16,3.632000
aalair,"Apple M3",8,"Darwin 27.0.0 arm64","Apple LLVM 21.0.0 (clang-2100.3.34.2)"," -O3 -DNDEBUG -DPITO_ECS_OWNED_DELETE_ATOMIC=1",8,100000,pito,owned_delete,ecs_remove_owned,4,0,17,3.439000
aalair,"Apple M3",8,"Darwin 27.0.0 arm64","Apple LLVM 21.0.0 (clang-2100.3.34.2)"," -O3 -DNDEBUG -DPITO_ECS_OWNED_DELETE_ATOMIC=1",8,100000,pito,owned_delete,ecs_remove_owned,4,0,18,3.479000
aalair,"Apple M3",8,"Darwin 27.0.0 arm64","Apple LLVM 21.0.0 (clang-2100.3.34.2)"," -O3 -DNDEBUG -DPITO_ECS_OWNED_DELETE_ATOMIC=1",8,100000,pito,owned_delete,ecs_remove_owned,4,0,19,3.504000
aalair,"Apple M3",8,"Darwin 27.0.0 arm64","Apple LLVM 21.0.0 (clang-2100.3.34.2)"," -O3 -DNDEBUG -DPITO_ECS_OWNED_DELETE_ATOMIC=1",8,100000,pito,owned_delete,ecs_remove_owned,4,0,20,3.354000
aalair,"Apple M3",8,"Darwin 27.0.0 arm64","Apple LLVM 21.0.0 (clang-2100.3.34.2)"," -O3 -DNDEBUG -DPITO_ECS_OWNED_DELETE_ATOMIC=1",8,100000,pito,owned_delete,ecs_remove_owned,4,0,21,3.221000
aalair,"Apple M3",8,"Darwin 27.0.0 arm64","Apple LLVM 21.0.0 (clang-2100.3.34.2)"," -O3 -DNDEBUG -DPITO_ECS_OWNED_DELETE_ATOMIC=1",8,100000,pito,owned_delete,ecs_remove_owned,4,0,22,3.615000
aalair,"Apple M3",8,"Darwin 27.0.0 arm64","Apple LLVM 21.0.0 (clang-2100.3.34.2)"," -O3 -DNDEBUG -DPITO_ECS_OWNED_DELETE_ATOMIC=1",8,100000,pito,owned_delete,ecs_remove_owned,4,0,23,3.238000
aalair,"Apple M3",8,"Darwin 27.0.0 arm64","Apple LLVM 21.0.0 (clang-2100.3.34.2)"," -O3 -DNDEBUG -DPITO_ECS_OWNED_DELETE_ATOMIC=1",8,100000,pito,owned_delete,ecs_remove_owned,4,0,24,3.603000
aalair,"Apple M3",8,"Darwin 27.0.0 arm64","Apple LLVM 21.0.0 (clang-2100.3.34.2)"," -O3 -DNDEBUG -DPITO_ECS_OWNED_DELETE_ATOMIC=1",8,100000,pito,owned_delete,ecs_remove_owned,4,0,25,3.633000
aalair,"Apple M3",8,"Darwin 27.0.0 arm64","Apple LLVM 21.0.0 (clang-2100.3.34.2)"," -O3 -DNDEBUG -DPITO_ECS_OWNED_DELETE_ATOMIC=1",8,100000,pito,owned_delete,ecs_remove_owned,4,0,26,3.221000
aalair,"Apple M3",8,"Darwin 27.0.0 arm64","Apple LLVM 21.0.0 (clang-2100.3.34.2)"," -O3 -DNDEBUG -DPITO_ECS_OWNED_DELETE_ATOMIC=1",8,100000,pito,owned_delete,ecs_remove_owned,4,0,27,3.311000
aalair,"Apple M3",8,"Darwin 27.0.0 arm64","Apple LLVM 21.0.0 (clang-2100.3.34.2)"," -O3 -DNDEBUG -DPITO_ECS_OWNED_DELETE_ATOMIC=1",8,100000,pito,owned_delete,ecs_remove_owned,4,0,28,3.655000
aalair,"Apple M3",8,"Darwin 27.0.0 arm64","Apple LLVM 21.0.0 (clang-2100.3.34.2)"," -O3 -DNDEBUG -DPITO_ECS_OWNED_DELETE_ATOMIC=1",8,100000,pito,owned_delete,ecs_remove_owned,4,0,29,3.549000
aalair,"Apple M3",8,"Darwin 27.0.0 arm64","Apple LLVM 21.0.0 (clang-2100.3.34.2)"," -O3 -DNDEBUG -DPITO_ECS_OWNED_DELETE_ATOMIC=1",8,100000,pito,owned_delete,ecs_remove_owned,4,10,1,3.989000
aalair,"Apple M3",8,"Darwin 27.0.0 arm64","Apple LLVM 21.0.0 (clang-2100.3.34.2)"," -O3 -DNDEBUG -DPITO_ECS_OWNED_DELETE_ATOMIC=1",8,100000,pito,owned_delete,ecs_remove_owned,4,10,2,4.186000
aalair,"Apple M3",8,"Darwin 27.0.0 arm64","Apple LLVM 21.0.0 (clang-2100.3.34.2)"," -O3 -DNDEBUG -DPITO_ECS_OWNED_DELETE_ATOMIC=1",8,100000,pito,owned_delete,ecs_remove_owned,4,10,3,6.998000
aalair,"Apple M3",8,"Darwin 27.0.0 arm64","Apple LLVM 21.0.0 (clang-2100.3.34.2)"," -O3 -DNDEBUG -DPITO_ECS_OWNED_DELETE_ATOMIC=1",8,100000,pito,owned_delete,ecs_remove_owned,4,10,4,3.993000
aalair,"Apple M3",8,"Darwin 27.0.0 arm64","Apple LLVM 21.0.0 (clang-2100.3.34.2)"," -O3 -DNDEBUG -DPITO_ECS_OWNED_DELETE_ATOMIC=1",8,100000,pito,owned_delete,ecs_remove_owned,4,10,5,4.396000
aalair,"Apple M3",8,"Darwin 27.0.0 arm64","Apple LLVM 21.0.0 (clang-2100.3.34.2)"," -O3 -DNDEBUG -DPITO_ECS_OWNED_DELETE_ATOMIC=1",8,100000,pito,owned_delete,ecs_remove_owned,4,10,6,8.559000
aalair,"Apple M3",8,"Darwin 27.0.0 arm64","Apple LLVM 21.0.0 (clang-2100.3.34.2)"," -O3 -DNDEBUG -DPITO_ECS_OWNED_DELETE_ATOMIC=1",8,100000,pito,owned_delete,ecs_remove_owned,4,10,7,4.044000
aalair,"Apple M3",8,"Darwin 27.0.0 arm64","Apple LLVM 21.0.0 (clang-2100.3.34.2)"," -O3 -DNDEBUG -DPITO_ECS_OWNED_DELETE_ATOMIC=1",8,100000,pito,owned_delete,ecs_remove_owned,4,10,8,4.147000
aalair,"Apple M3",8,"Darwin 27.0.0 arm64","Apple LLVM 21.0.0 (clang-2100.3.34.2)"," -O3 -DNDEBUG -DPITO_ECS_OWNED_DELETE_ATOMIC=1",8,100000,pito,owned_delete,ecs_remove_owned,4,10,9,4.055000
aalair,"Apple M3",8,"Darwin 27.0.0 arm64","Apple LLVM 21.0.0 (clang-2100.3.34.2)"," -O3 -DNDEBUG -DPITO_ECS_OWNED_DELETE_ATOMIC=1",8,100000,pito,owned_delete,ecs_remove_owned,4,10,10,4.289000
aalair,"Apple M3",8,"Darwin 27.0.0 arm64","Apple LLVM 21.0.0 (clang-2100.3.34.2)"," -O3 -DNDEBUG -DPITO_ECS_OWNED_DELETE_ATOMIC=1",8,100000,pito,owned_delete,ecs_remove_owned,4,10,11,4.387000
aalair,"Apple M3",8,"Darwin 27.0.0 arm64","Apple LLVM 21.0.0 (clang-2100.3.34.2)"," -O3 -DNDEBUG -DPITO_ECS_OWNED_DELETE_ATOMIC=1",8,100000,pito,owned_delete,ecs_remove_owned,4,10,12,4.277000
aalair,"Apple M3",8,"Darwin 27.0.0 arm64","Apple LLVM 21.0.0 (clang-2100.3.34.2)"," -O3 -DNDEBUG -DPITO_ECS_OWNED_DELETE_ATOMIC=1",8,100000,pito,owned_delete,ecs_remove_owned,4,10,13,4.397000
aalair,"Apple M3",8,"Darwin 27.0.0 arm64","Apple LLVM 21.0.0 (clang-2100.3.34.2)"," -O3 -DNDEBUG -DPITO_ECS_OWNED_DELETE_ATOMIC=1",8,100000,pito,owned_delete,ecs_remove_owned,4,10,14,4.292000
aalair,"Apple M3",8,"Darwin 27.0.0 arm64","Apple LLVM 21.0.0 (clang-2100.3.34.2)"," -O3 -DNDEBUG -DPITO_ECS_OWNED_DELETE_ATOMIC=1",8,100000,pito,owned_delete,ecs_remove_owned,4,10,15,4.356000
aalair,"Apple M3",8,"Darwin 27.0.0 arm64","Apple LLVM 21.0.0 (clang-2100.3.34.2)"," -O3 -DNDEBUG -DPITO_ECS_OWNED_DELETE_ATOMIC=1",8,100000,pito,owned_delete,ecs_remove_owned,4,10,16,4.083000
aalair,"Apple M3",8,"Darwin 27.0.0 arm64","Apple LLVM 21.0.0 (clang-2100.3.34.2)"," -O3 -DNDEBUG -DPITO_ECS_OWNED_DELETE_ATOMIC=1",8,100000,pito,owned_delete,ecs_remove_owned,4,10,17,4.373000
aalair,"Apple M3",8,"Darwin 27.0.0 arm64","Apple LLVM 21.0.0 (clang-2100.3.34.2)"," -O3 -DNDEBUG -DPITO_ECS_OWNED_DELETE_ATOMIC=1",8,100000,pito,owned_delete,ecs_remove_owned,4,10,18,4.367000
aalair,"Apple M3",8,"Darwin 27.0.0 arm64","Apple LLVM 21.0.0 (clang-2100.3.34.2)"," -O3 -DNDEBUG -DPITO_ECS_OWNED_DELETE_ATOMIC=1",8,100000,pito,owned_delete,ecs_remove_owned,4,10,19,4.341000
aalair,"Apple M3",8,"Darwin 27.0.0 arm64","Apple LLVM 21.0.0 (clang-2100.3.34.2)"," -O3 -DNDEBUG -DPITO_ECS_OWNED_DELETE_ATOMIC=1",8,100000,pito,owned_delete,ecs_remove_owned,4,500,1,104.326000
aalair,"Apple M3",8,"Darwin 27.0.0 arm64","Apple LLVM 21.0.0 (clang-2100.3.34.2)"," -O3 -DNDEBUG -DPITO_ECS_OWNED_DELETE_ATOMIC=1",8,100000,pito,owned_delete,ecs_remove_owned,4,500,2,104.285000
aalair,"Apple M3",8,"Darwin 27.0.0 arm64","Apple LLVM 21.0.0 (clang-2100.3.34.2)"," -O3 -DNDEBUG -DPITO_ECS_OWNED_DELETE_ATOMIC=1",8,100000,pito,owned_delete,ecs_remove_owned,4,500,3,104.235000
aalair,"Apple M3",8,"Darwin 27.0.0 arm64","Apple LLVM 21.0.0 (clang-2100.3.34.2)"," -O3 -DNDEBUG -DPITO_ECS_OWNED_DELETE_ATOMIC=1",8,100000,pito,owned_delete,ecs_remove_owned,4,500,4,104.042000
aalair,"Apple M3",8,"Darwin 27.0.0 arm64","Apple LLVM 21.0.0 (clang-2100.3.34.2)"," -O3 -DNDEBUG -DPITO_ECS_OWNED_DELETE_ATOMIC=1",8,100000,pito,owned_delete,ecs_remove_owned,4,500,5,104.204000
aalair,"Apple M3",8,"Darwin 27.0.0 arm64","Apple LLVM 21.0.0 (clang-2100.3.34.2)"," -O3 -DNDEBUG -DPITO_ECS_OWNED_DELETE_ATOMIC=1",8,100000,pito,owned_delete,ecs_remove_owned,4,500,6,104.099000
aalair,"Apple M3",8,"Darwin 27.0.0 arm64","Apple LLVM 21.0.0 (clang-2100.3.34.2)"," -O3 -DNDEBUG -DPITO_ECS_OWNED_DELETE_ATOMIC=1",8,100000,pito,owned_delete,ecs_remove_owned,4,500,7,104.109000
aalair,"Apple M3",8,"Darwin 27.0.0 arm64","Apple LLVM 21.0.0 (clang-2100.3.34.2)"," -O3 -DNDEBUG -DPITO_ECS_OWNED_DELETE_ATOMIC=1",8,100000,pito,owned_delete,ecs_remove_owned,4,500,8,104.551000
aalair,"Apple M3",8,"Darwin 27.0.0 arm64","Apple LLVM 21.0.0 (clang-2100.3.34.2)"," -O3 -DNDEBUG -DPITO_ECS_OWNED_DELETE_ATOMIC=1",8,100000,pito,owned_delete,ecs_remove_owned,4,500,9,103.892000
aalair,"Apple M3",8,"Darwin 27.0.0 arm64","Apple LLVM 21.0.0 (clang-2100.3.34.2)"," -O3 -DNDEBUG -DPITO_ECS_OWNED_DELETE_ATOMIC=1",8,100000,pito,owned_delete,ecs_remove_owned,4,500,10,103.741000
aalair,"Apple M3",8,"Darwin 27.0.0 arm64","Apple LLVM 21.0.0 (clang-2100.3.34.2)"," -O3 -DNDEBUG -DPITO_ECS_OWNED_DELETE_ATOMIC=1",8,100000,pito,owned_delete,ecs_remove_owned,8,0,1,3.663000
aalair,"Apple M3",8,"Darwin 27.0.0 arm64","Apple LLVM 21.0.0 (clang-2100.3.34.2)"," -O3 -DNDEBUG -DPITO_ECS_OWNED_DELETE_ATOMIC=1",8,100000,pito,owned_delete,ecs_remove_owned,8,0,2,3.647000
aalair,"Apple M3",8,"Darwin 27.0.0 arm64","Apple LLVM 21.0.0 (clang-2100.3.34.2)"," -O3 -DNDEBUG -DPITO_ECS_OWNED_DELETE_ATOMIC=1",8,100000,pito,owned_delete,ecs_remove_owned,8,0,3,3.705000
aalair,"Apple M3",8,"Darwin 27.0.0 arm64","Apple LLVM 21.0.0 (clang-2100.3.34.2)"," -O3 -DNDEBUG -DPITO_ECS_OWNED_DELETE_ATOMIC=1",8,100000,pito,owned_delete,ecs_remove_owned,8,0,4,2.992000
aalair,"Apple M3",8,"Darwin 27.0.0 arm64","Apple LLVM 21.0.0 (clang-2100.3.34.2)"," -O3 -DNDEBUG -DPITO_ECS_OWNED_DELETE_ATOMIC=1",8,100000,pito,owned_delete,ecs_remove_owned,8,0,5,3.896000
aalair,"Apple M3",8,"Darwin 27.0.0 arm64","Apple LLVM 21.0.0 (clang-2100.3.34.2)"," -O3 -DNDEBUG -DPITO_ECS_OWNED_DELETE_ATOMIC=1",8,100000,pito,owned_delete,ecs_remove_owned,8,0,6,4.162000
aalair,"Apple M3",8,"Darwin 27.0.0 arm64","Apple LLVM 21.0.0 (clang-2100.3.34.2)"," -O3 -DNDEBUG -DPITO_ECS_OWNED_DELETE_ATOMIC=1",8,100000,pito,owned_delete,ecs_remove_owned,8,0,7,4.139000
aalair,"Apple M3",8,"Darwin 27.0.0 arm64","Apple LLVM 21.0.0 (clang-2100.3.34.2)"," -O3 -DNDEBUG -DPITO_ECS_OWNED_DELETE_ATOMIC=1",8,100000,pito,owned_delete,ecs_remove_owned,8,0,8,3.854000
aalair,"Apple M3",8,"Darwin 27.0.0 arm64","Apple LLVM 21.0.0 (clang-2100.3.34.2)"," -O3 -DNDEBUG -DPITO_ECS_OWNED_DELETE_ATOMIC=1",8,100000,pito,owned_delete,ecs_remove_owned,8,0,9,3.564000
aalair,"Apple M3",8,"Darwin 27.0.0 arm64","Apple LLVM 21.0.0 (clang-2100.3.34.2)"," -O3 -DNDEBUG -DPITO_ECS_OWNED_DELETE_ATOMIC=1",8,100000,pito,owned_delete,ecs_remove_owned,8,0,10,3.704000
aalair,"Apple M3",8,"Darwin 27.0.0 arm64","Apple LLVM 21.0.0 (clang-2100.3.34.2)"," -O3 -DNDEBUG -DPITO_ECS_OWNED_DELETE_ATOMIC=1",8,100000,pito,owned_delete,ecs_remove_owned,8,0,11,3.649000
aalair,"Apple M3",8,"Darwin 27.0.0 arm64","Apple LLVM 21.0.0 (clang-2100.3.34.2)"," -O3 -DNDEBUG -DPITO_ECS_OWNED_DELETE_ATOMIC=1",8,100000,pito,owned_delete,ecs_remove_owned,8,0,12,3.955000
aalair,"Apple M3",8,"Darwin 27.0.0 arm64","Apple LLVM 21.0.0 (clang-2100.3.34.2)"," -O3 -DNDEBUG -DPITO_ECS_OWNED_DELETE_ATOMIC=1",8,100000,pito,owned_delete,ecs_remove_owned,8,0,13,3.777000
aalair,"Apple M3",8,"Darwin 27.0.0 arm64","Apple LLVM 21.0.0 (clang-2100.3.34.2)"," -O3 -DNDEBUG -DPITO_ECS_OWNED_DELETE_ATOMIC=1",8,100000,pito,owned_delete,ecs_remove_owned,8,0,14,3.614000
aalair,"Apple M3",8,"Darwin 27.0.0 arm64","Apple LLVM 21.0.0 (clang-2100.3.34.2)"," -O3 -DNDEBUG -DPITO_ECS_OWNED_DELETE_ATOMIC=1",8,100000,pito,owned_delete,ecs_remove_owned,8,0,15,3.612000
aalair,"Apple M3",8,"Darwin 27.0.0 arm64","Apple LLVM 21.0.0 (clang-2100.3.34.2)"," -O3 -DNDEBUG -DPITO_ECS_OWNED_DELETE_ATOMIC=1",8,100000,pito,owned_delete,ecs_remove_owned,8,0,16,3.375000
aalair,"Apple M3",8,"Darwin 27.0.0 arm64","Apple LLVM 21.0.0 (clang-2100.3.34.2)"," -O3 -DNDEBUG -DPITO_ECS_OWNED_DELETE_ATOMIC=1",8,100000,pito,owned_delete,ecs_remove_owned,8,0,17,3.701000
aalair,"Apple M3",8,"Darwin 27.0.0 arm64","Apple LLVM 21.0.0 (clang-2100.3.34.2)"," -O3 -DNDEBUG -DPITO_ECS_OWNED_DELETE_ATOMIC=1",8,100000,pito,owned_delete,ecs_remove_owned,8,0,18,3.668000
aalair,"Apple M3",8,"Darwin 27.0.0 arm64","Apple LLVM 21.0.0 (clang-2100.3.34.2)"," -O3 -DNDEBUG -DPITO_ECS_OWNED_DELETE_ATOMIC=1",8,100000,pito,owned_delete,ecs_remove_owned,8,0,19,3.786000
aalair,"Apple M3",8,"Darwin 27.0.0 arm64","Apple LLVM 21.0.0 (clang-2100.3.34.2)"," -O3 -DNDEBUG -DPITO_ECS_OWNED_DELETE_ATOMIC=1",8,100000,pito,owned_delete,ecs_remove_owned,8,10,1,5.160000
aalair,"Apple M3",8,"Darwin 27.0.0 arm64","Apple LLVM 21.0.0 (clang-2100.3.34.2)"," -O3 -DNDEBUG -DPITO_ECS_OWNED_DELETE_ATOMIC=1",8,100000,pito,owned_delete,ecs_remove_owned,8,10,2,4.580000
aalair,"Apple M3",8,"Darwin 27.0.0 arm64","Apple LLVM 21.0.0 (clang-2100.3.34.2)"," -O3 -DNDEBUG -DPITO_ECS_OWNED_DELETE_ATOMIC=1",8,100000,pito,owned_delete,ecs_remove_owned,8,10,3,5.303000
aalair,"Apple M3",8,"Darwin 27.0.0 arm64","Apple LLVM 21.0.0 (clang-2100.3.34.2)"," -O3 -DNDEBUG -DPITO_ECS_OWNED_DELETE_ATOMIC=1",8,100000,pito,owned_delete,ecs_remove_owned,8,10,4,4.518000
aalair,"Apple M3",8,"Darwin 27.0.0 arm64","Apple LLVM 21.0.0 (clang-2100.3.34.2)"," -O3 -DNDEBUG -DPITO_ECS_OWNED_DELETE_ATOMIC=1",8,100000,pito,owned_delete,ecs_remove_owned,8,10,5,4.678000
aalair,"Apple M3",8,"Darwin 27.0.0 arm64","Apple LLVM 21.0.0 (clang-2100.3.34.2)"," -O3 -DNDEBUG -DPITO_ECS_OWNED_DELETE_ATOMIC=1",8,100000,pito,owned_delete,ecs_remove_owned,8,10,6,4.456000
aalair,"Apple M3",8,"Darwin 27.0.0 arm64","Apple LLVM 21.0.0 (clang-2100.3.34.2)"," -O3 -DNDEBUG -DPITO_ECS_OWNED_DELETE_ATOMIC=1",8,100000,pito,owned_delete,ecs_remove_owned,8,10,7,4.563000
aalair,"Apple M3",8,"Darwin 27.0.0 arm64","Apple LLVM 21.0.0 (clang-2100.3.34.2)"," -O3 -DNDEBUG -DPITO_ECS_OWNED_DELETE_ATOMIC=1",8,100000,pito,owned_delete,ecs_remove_owned,8,10,8,4.347000
aalair,"Apple M3",8,"Darwin 27.0.0 arm64","Apple LLVM 21.0.0 (clang-2100.3.34.2)"," -O3 -DNDEBUG -DPITO_ECS_OWNED_DELETE_ATOMIC=1",8,100000,pito,owned_delete,ecs_remove_owned,8,10,9,4.636000
aalair,"Apple M3",8,"Darwin 27.0.0 arm64","Apple LLVM 21.0.0 (clang-2100.3.34.2)"," -O3 -DNDEBUG -DPITO_ECS_OWNED_DELETE_ATOMIC=1",8,100000,pito,owned_delete,ecs_remove_owned,8,10,10,4.395000
aalair,"Apple M3",8,"Darwin 27.0.0 arm64","Apple LLVM 21.0.0 (clang-2100.3.34.2)"," -O3 -DNDEBUG -DPITO_ECS_OWNED_DELETE_ATOMIC=1",8,100000,pito,owned_delete,ecs_remove_owned,8,10,11,4.734000
aalair,"Apple M3",8,"Darwin 27.0.0 arm64","Apple LLVM 21.0.0 (clang-2100.3.34.2)"," -O3 -DNDEBUG -DPITO_ECS_OWNED_DELETE_ATOMIC=1",8,100000,pito,owned_delete,ecs_remove_owned,8,10,12,4.021000
aalair,"Apple M3",8,"Darwin 27.0.0 arm64","Apple LLVM 21.0.0 (clang-2100.3.34.2)"," -O3 -DNDEBUG -DPITO_ECS_OWNED_DELETE_ATOMIC=1",8,100000,pito,owned_delete,ecs_remove_owned,8,10,13,4.520000
aalair,"Apple M3",8,"Darwin 27.0.0 arm64","Apple LLVM 21.0.0 (clang-2100.3.34.2)"," -O3 -DNDEBUG -DPITO_ECS_OWNED_DELETE_ATOMIC=1",8,100000,pito,owned_delete,ecs_remove_owned,8,10,14,4.126000
aalair,"Apple M3",8,"Darwin 27.0.0 arm64","Apple LLVM 21.0.0 (clang-2100.3.34.2)"," -O3 -DNDEBUG -DPITO_ECS_OWNED_DELETE_ATOMIC=1",8,100000,pito,owned_delete,ecs_remove_owned,8,500,1,67.919000
aalair,"Apple M3",8,"Darwin 27.0.0 arm64","Apple LLVM 21.0.0 (clang-2100.3.34.2)"," -O3 -DNDEBUG -DPITO_ECS_OWNED_DELETE_ATOMIC=1",8,100000,pito,owned_delete,ecs_remove_owned,8,500,2,66.525000
aalair,"Apple M3",8,"Darwin 27.0.0 arm64","Apple LLVM 21.0.0 (clang-2100.3.34.2)"," -O3 -DNDEBUG -DPITO_ECS_OWNED_DELETE_ATOMIC=1",8,100000,pito,owned_delete,ecs_remove_owned,8,500,3,65.089000
aalair,"Apple M3",8,"Darwin 27.0.0 arm64","Apple LLVM 21.0.0 (clang-2100.3.34.2)"," -O3 -DNDEBUG -DPITO_ECS_OWNED_DELETE_ATOMIC=1",8,100000,pito,owned_delete,ecs_remove_owned,8,500,4,66.210000
aalair,"Apple M3",8,"Darwin 27.0.0 arm64","Apple LLVM 21.0.0 (clang-2100.3.34.2)"," -O3 -DNDEBUG -DPITO_ECS_OWNED_DELETE_ATOMIC=1",8,100000,pito,owned_delete,ecs_remove_owned,8,500,5,65.885000
aalair,"Apple M3",8,"Darwin 27.0.0 arm64","Apple LLVM 21.0.0 (clang-2100.3.34.2)"," -O3 -DNDEBUG -DPITO_ECS_OWNED_DELETE_ATOMIC=1",8,100000,pito,owned_delete,ecs_remove_owned,8,500,6,67.899000
aalair,"Apple M3",8,"Darwin 27.0.0 arm64","Apple LLVM 21.0.0 (clang-2100.3.34.2)"," -O3 -DNDEBUG -DPITO_ECS_OWNED_DELETE_ATOMIC=1",8,100000,pito,owned_delete,ecs_remove_owned,8,500,7,65.877000
aalair,"Apple M3",8,"Darwin 27.0.0 arm64","Apple LLVM 21.0.0 (clang-2100.3.34.2)"," -O3 -DNDEBUG -DPITO_ECS_OWNED_DELETE_ATOMIC=1",8,100000,pito,owned_delete,ecs_remove_owned,8,500,8,66.750000
aalair,"Apple M3",8,"Darwin 27.0.0 arm64","Apple LLVM 21.0.0 (clang-2100.3.34.2)"," -O3 -DNDEBUG -DPITO_ECS_OWNED_DELETE_ATOMIC=1",8,100000,pito,owned_delete,ecs_remove_owned,8,500,9,67.844000
aalair,"Apple M3",8,"Darwin 27.0.0 arm64","Apple LLVM 21.0.0 (clang-2100.3.34.2)"," -O3 -DNDEBUG -DPITO_ECS_OWNED_DELETE_ATOMIC=1",8,100000,pito,owned_delete,ecs_remove_owned,8,500,10,65.654000
aalair,"Apple M3",8,"Darwin 27.0.0 arm64","Apple LLVM 21.0.0 (clang-2100.3.34.2)"," -O3 -DNDEBUG",8,100000,pico,owned_initialize,,1,0,1,12.050000
aalair,"Apple M3",8,"Darwin 27.0.0 arm64","Apple LLVM 21.0.0 (clang-2100.3.34.2)"," -O3 -DNDEBUG",8,100000,pico,owned_initialize,,1,0,2,10.646000
aalair,"Apple M3",8,"Darwin 27.0.0 arm64","Apple LLVM 21.0.0 (clang-2100.3.34.2)"," -O3 -DNDEBUG",8,100000,pico,owned_initialize,,1,0,3,10.450000
aalair,"Apple M3",8,"Darwin 27.0.0 arm64","Apple LLVM 21.0.0 (clang-2100.3.34.2)"," -O3 -DNDEBUG",8,100000,pico,owned_initialize,,1,0,4,10.523000
aalair,"Apple M3",8,"Darwin 27.0.0 arm64","Apple LLVM 21.0.0 (clang-2100.3.34.2)"," -O3 -DNDEBUG",8,100000,pico,owned_initialize,,1,0,5,10.475000
aalair,"Apple M3",8,"Darwin 27.0.0 arm64","Apple LLVM 21.0.0 (clang-2100.3.34.2)"," -O3 -DNDEBUG",8,100000,pico,owned_initialize,,1,0,6,10.409000
aalair,"Apple M3",8,"Darwin 27.0.0 arm64","Apple LLVM 21.0.0 (clang-2100.3.34.2)"," -O3 -DNDEBUG",8,100000,pico,owned_initialize,,1,0,7,10.460000
aalair,"Apple M3",8,"Darwin 27.0.0 arm64","Apple LLVM 21.0.0 (clang-2100.3.34.2)"," -O3 -DNDEBUG",8,100000,pico,owned_initialize,,1,0,8,10.492000
aalair,"Apple M3",8,"Darwin 27.0.0 arm64","Apple LLVM 21.0.0 (clang-2100.3.34.2)"," -O3 -DNDEBUG",8,100000,pico,owned_initialize,,1,0,9,10.422000
aalair,"Apple M3",8,"Darwin 27.0.0 arm64","Apple LLVM 21.0.0 (clang-2100.3.34.2)"," -O3 -DNDEBUG",8,100000,pico,owned_initialize,,1,0,10,10.396000
aalair,"Apple M3",8,"Darwin 27.0.0 arm64","Apple LLVM 21.0.0 (clang-2100.3.34.2)"," -O3 -DNDEBUG",8,100000,pico,owned_initialize,,1,0,11,10.448000
aalair,"Apple M3",8,"Darwin 27.0.0 arm64","Apple LLVM 21.0.0 (clang-2100.3.34.2)"," -O3 -DNDEBUG",8,100000,pico,owned_initialize,,1,10,1,12.685000
aalair,"Apple M3",8,"Darwin 27.0.0 arm64","Apple LLVM 21.0.0 (clang-2100.3.34.2)"," -O3 -DNDEBUG",8,100000,pico,owned_initialize,,1,10,2,12.774000
aalair,"Apple M3",8,"Darwin 27.0.0 arm64","Apple LLVM 21.0.0 (clang-2100.3.34.2)"," -O3 -DNDEBUG",8,100000,pico,owned_initialize,,1,10,3,12.716000
aalair,"Apple M3",8,"Darwin 27.0.0 arm64","Apple LLVM 21.0.0 (clang-2100.3.34.2)"," -O3 -DNDEBUG",8,100000,pico,owned_initialize,,1,10,4,12.622000
aalair,"Apple M3",8,"Darwin 27.0.0 arm64","Apple LLVM 21.0.0 (clang-2100.3.34.2)"," -O3 -DNDEBUG",8,100000,pico,owned_initialize,,1,10,5,12.192000
aalair,"Apple M3",8,"Darwin 27.0.0 arm64","Apple LLVM 21.0.0 (clang-2100.3.34.2)"," -O3 -DNDEBUG",8,100000,pico,owned_initialize,,1,10,6,12.264000
aalair,"Apple M3",8,"Darwin 27.0.0 arm64","Apple LLVM 21.0.0 (clang-2100.3.34.2)"," -O3 -DNDEBUG",8,100000,pico,owned_initialize,,1,10,7,12.303000
aalair,"Apple M3",8,"Darwin 27.0.0 arm64","Apple LLVM 21.0.0 (clang-2100.3.34.2)"," -O3 -DNDEBUG",8,100000,pico,owned_initialize,,1,10,8,12.306000
aalair,"Apple M3",8,"Darwin 27.0.0 arm64","Apple LLVM 21.0.0 (clang-2100.3.34.2)"," -O3 -DNDEBUG",8,100000,pico,owned_initialize,,1,10,9,12.233000
aalair,"Apple M3",8,"Darwin 27.0.0 arm64","Apple LLVM 21.0.0 (clang-2100.3.34.2)"," -O3 -DNDEBUG",8,100000,pico,owned_initialize,,1,10,10,12.313000
aalair,"Apple M3",8,"Darwin 27.0.0 arm64","Apple LLVM 21.0.0 (clang-2100.3.34.2)"," -O3 -DNDEBUG",8,100000,pico,owned_initialize,,1,500,1,347.066000
aalair,"Apple M3",8,"Darwin 27.0.0 arm64","Apple LLVM 21.0.0 (clang-2100.3.34.2)"," -O3 -DNDEBUG",8,100000,pico,owned_initialize,,1,500,2,347.017000
aalair,"Apple M3",8,"Darwin 27.0.0 arm64","Apple LLVM 21.0.0 (clang-2100.3.34.2)"," -O3 -DNDEBUG",8,100000,pico,owned_initialize,,1,500,3,346.952000
aalair,"Apple M3",8,"Darwin 27.0.0 arm64","Apple LLVM 21.0.0 (clang-2100.3.34.2)"," -O3 -DNDEBUG",8,100000,pico,owned_initialize,,1,500,4,346.905000
aalair,"Apple M3",8,"Darwin 27.0.0 arm64","Apple LLVM 21.0.0 (clang-2100.3.34.2)"," -O3 -DNDEBUG",8,100000,pico,owned_initialize,,1,500,5,346.776000
aalair,"Apple M3",8,"Darwin 27.0.0 arm64","Apple LLVM 21.0.0 (clang-2100.3.34.2)"," -O3 -DNDEBUG",8,100000,pico,owned_initialize,,1,500,6,347.383000
aalair,"Apple M3",8,"Darwin 27.0.0 arm64","Apple LLVM 21.0.0 (clang-2100.3.34.2)"," -O3 -DNDEBUG",8,100000,pico,owned_initialize,,1,500,7,346.822000
aalair,"Apple M3",8,"Darwin 27.0.0 arm64","Apple LLVM 21.0.0 (clang-2100.3.34.2)"," -O3 -DNDEBUG",8,100000,pico,owned_initialize,,1,500,8,346.751000
aalair,"Apple M3",8,"Darwin 27.0.0 arm64","Apple LLVM 21.0.0 (clang-2100.3.34.2)"," -O3 -DNDEBUG",8,100000,pico,owned_initialize,,1,500,9,348.370000
aalair,"Apple M3",8,"Darwin 27.0.0 arm64","Apple LLVM 21.0.0 (clang-2100.3.34.2)"," -O3 -DNDEBUG",8,100000,pico,owned_initialize,,1,500,10,346.729000
aalair,"Apple M3",8,"Darwin 27.0.0 arm64","Apple LLVM 21.0.0 (clang-2100.3.34.2)"," -O3 -DNDEBUG",8,100000,flecs,owned_initialize,,1,0,1,41.975000
aalair,"Apple M3",8,"Darwin 27.0.0 arm64","Apple LLVM 21.0.0 (clang-2100.3.34.2)"," -O3 -DNDEBUG",8,100000,flecs,owned_initialize,,1,0,2,40.460000
aalair,"Apple M3",8,"Darwin 27.0.0 arm64","Apple LLVM 21.0.0 (clang-2100.3.34.2)"," -O3 -DNDEBUG",8,100000,flecs,owned_initialize,,1,0,3,40.790000
aalair,"Apple M3",8,"Darwin 27.0.0 arm64","Apple LLVM 21.0.0 (clang-2100.3.34.2)"," -O3 -DNDEBUG",8,100000,flecs,owned_initialize,,1,0,4,40.273000
aalair,"Apple M3",8,"Darwin 27.0.0 arm64","Apple LLVM 21.0.0 (clang-2100.3.34.2)"," -O3 -DNDEBUG",8,100000,flecs,owned_initialize,,1,0,5,39.979000
aalair,"Apple M3",8,"Darwin 27.0.0 arm64","Apple LLVM 21.0.0 (clang-2100.3.34.2)"," -O3 -DNDEBUG",8,100000,flecs,owned_initialize,,1,0,6,39.844000
aalair,"Apple M3",8,"Darwin 27.0.0 arm64","Apple LLVM 21.0.0 (clang-2100.3.34.2)"," -O3 -DNDEBUG",8,100000,flecs,owned_initialize,,1,0,7,39.761000
aalair,"Apple M3",8,"Darwin 27.0.0 arm64","Apple LLVM 21.0.0 (clang-2100.3.34.2)"," -O3 -DNDEBUG",8,100000,flecs,owned_initialize,,1,0,8,39.699000
aalair,"Apple M3",8,"Darwin 27.0.0 arm64","Apple LLVM 21.0.0 (clang-2100.3.34.2)"," -O3 -DNDEBUG",8,100000,flecs,owned_initialize,,1,0,9,41.807000
aalair,"Apple M3",8,"Darwin 27.0.0 arm64","Apple LLVM 21.0.0 (clang-2100.3.34.2)"," -O3 -DNDEBUG",8,100000,flecs,owned_initialize,,1,0,10,39.456000
aalair,"Apple M3",8,"Darwin 27.0.0 arm64","Apple LLVM 21.0.0 (clang-2100.3.34.2)"," -O3 -DNDEBUG",8,100000,flecs,owned_initialize,,1,10,1,41.205000
aalair,"Apple M3",8,"Darwin 27.0.0 arm64","Apple LLVM 21.0.0 (clang-2100.3.34.2)"," -O3 -DNDEBUG",8,100000,flecs,owned_initialize,,1,10,2,39.917000
aalair,"Apple M3",8,"Darwin 27.0.0 arm64","Apple LLVM 21.0.0 (clang-2100.3.34.2)"," -O3 -DNDEBUG",8,100000,flecs,owned_initialize,,1,10,3,41.187000
aalair,"Apple M3",8,"Darwin 27.0.0 arm64","Apple LLVM 21.0.0 (clang-2100.3.34.2)"," -O3 -DNDEBUG",8,100000,flecs,owned_initialize,,1,10,4,42.991000
aalair,"Apple M3",8,"Darwin 27.0.0 arm64","Apple LLVM 21.0.0 (clang-2100.3.34.2)"," -O3 -DNDEBUG",8,100000,flecs,owned_initialize,,1,10,5,44.371000
aalair,"Apple M3",8,"Darwin 27.0.0 arm64","Apple LLVM 21.0.0 (clang-2100.3.34.2)"," -O3 -DNDEBUG",8,100000,flecs,owned_initialize,,1,10,6,41.883000
aalair,"Apple M3",8,"Darwin 27.0.0 arm64","Apple LLVM 21.0.0 (clang-2100.3.34.2)"," -O3 -DNDEBUG",8,100000,flecs,owned_initialize,,1,10,7,42.234000
aalair,"Apple M3",8,"Darwin 27.0.0 arm64","Apple LLVM 21.0.0 (clang-2100.3.34.2)"," -O3 -DNDEBUG",8,100000,flecs,owned_initialize,,1,10,8,41.858000
aalair,"Apple M3",8,"Darwin 27.0.0 arm64","Apple LLVM 21.0.0 (clang-2100.3.34.2)"," -O3 -DNDEBUG",8,100000,flecs,owned_initialize,,1,10,9,41.888000
aalair,"Apple M3",8,"Darwin 27.0.0 arm64","Apple LLVM 21.0.0 (clang-2100.3.34.2)"," -O3 -DNDEBUG",8,100000,flecs,owned_initialize,,1,10,10,41.997000
aalair,"Apple M3",8,"Darwin 27.0.0 arm64","Apple LLVM 21.0.0 (clang-2100.3.34.2)"," -O3 -DNDEBUG",8,100000,flecs,owned_initialize,,1,10,11,41.805000
aalair,"Apple M3",8,"Darwin 27.0.0 arm64","Apple LLVM 21.0.0 (clang-2100.3.34.2)"," -O3 -DNDEBUG",8,100000,flecs,owned_initialize,,1,500,1,401.403000
aalair,"Apple M3",8,"Darwin 27.0.0 arm64","Apple LLVM 21.0.0 (clang-2100.3.34.2)"," -O3 -DNDEBUG",8,100000,flecs,owned_initialize,,1,500,2,401.913000
aalair,"Apple M3",8,"Darwin 27.0.0 arm64","Apple LLVM 21.0.0 (clang-2100.3.34.2)"," -O3 -DNDEBUG",8,100000,flecs,owned_initialize,,1,500,3,402.471000
aalair,"Apple M3",8,"Darwin 27.0.0 arm64","Apple LLVM 21.0.0 (clang-2100.3.34.2)"," -O3 -DNDEBUG",8,100000,flecs,owned_initialize,,1,500,4,402.362000
aalair,"Apple M3",8,"Darwin 27.0.0 arm64","Apple LLVM 21.0.0 (clang-2100.3.34.2)"," -O3 -DNDEBUG",8,100000,flecs,owned_initialize,,1,500,5,401.750000
aalair,"Apple M3",8,"Darwin 27.0.0 arm64","Apple LLVM 21.0.0 (clang-2100.3.34.2)"," -O3 -DNDEBUG",8,100000,flecs,owned_initialize,,1,500,6,404.413000
aalair,"Apple M3",8,"Darwin 27.0.0 arm64","Apple LLVM 21.0.0 (clang-2100.3.34.2)"," -O3 -DNDEBUG",8,100000,flecs,owned_initialize,,1,500,7,401.935000
aalair,"Apple M3",8,"Darwin 27.0.0 arm64","Apple LLVM 21.0.0 (clang-2100.3.34.2)"," -O3 -DNDEBUG",8,100000,flecs,owned_initialize,,1,500,8,402.922000
aalair,"Apple M3",8,"Darwin 27.0.0 arm64","Apple LLVM 21.0.0 (clang-2100.3.34.2)"," -O3 -DNDEBUG",8,100000,flecs,owned_initialize,,1,500,9,404.538000
aalair,"Apple M3",8,"Darwin 27.0.0 arm64","Apple LLVM 21.0.0 (clang-2100.3.34.2)"," -O3 -DNDEBUG",8,100000,flecs,owned_initialize,,1,500,10,401.385000
aalair,"Apple M3",8,"Darwin 27.0.0 arm64","Apple LLVM 21.0.0 (clang-2100.3.34.2)"," -O3 -DNDEBUG",8,100000,pito,owned_initialize,ecs_create_owned,1,0,1,27.850000
aalair,"Apple M3",8,"Darwin 27.0.0 arm64","Apple LLVM 21.0.0 (clang-2100.3.34.2)"," -O3 -DNDEBUG",8,100000,pito,owned_initialize,ecs_create_owned,1,0,2,27.437000
aalair,"Apple M3",8,"Darwin 27.0.0 arm64","Apple LLVM 21.0.0 (clang-2100.3.34.2)"," -O3 -DNDEBUG",8,100000,pito,owned_initialize,ecs_create_owned,1,0,3,28.358000
aalair,"Apple M3",8,"Darwin 27.0.0 arm64","Apple LLVM 21.0.0 (clang-2100.3.34.2)"," -O3 -DNDEBUG",8,100000,pito,owned_initialize,ecs_create_owned,1,0,4,28.074000
aalair,"Apple M3",8,"Darwin 27.0.0 arm64","Apple LLVM 21.0.0 (clang-2100.3.34.2)"," -O3 -DNDEBUG",8,100000,pito,owned_initialize,ecs_create_owned,1,0,5,27.239000
aalair,"Apple M3",8,"Darwin 27.0.0 arm64","Apple LLVM 21.0.0 (clang-2100.3.34.2)"," -O3 -DNDEBUG",8,100000,pito,owned_initialize,ecs_create_owned,1,0,6,27.180000
aalair,"Apple M3",8,"Darwin 27.0.0 arm64","Apple LLVM 21.0.0 (clang-2100.3.34.2)"," -O3 -DNDEBUG",8,100000,pito,owned_initialize,ecs_create_owned,1,0,7,27.441000
aalair,"Apple M3",8,"Darwin 27.0.0 arm64","Apple LLVM 21.0.0 (clang-2100.3.34.2)"," -O3 -DNDEBUG",8,100000,pito,owned_initialize,ecs_create_owned,1,0,8,27.002000
aalair,"Apple M3",8,"Darwin 27.0.0 arm64","Apple LLVM 21.0.0 (clang-2100.3.34.2)"," -O3 -DNDEBUG",8,100000,pito,owned_initialize,ecs_create_owned,1,0,9,26.862000
aalair,"Apple M3",8,"Darwin 27.0.0 arm64","Apple LLVM 21.0.0 (clang-2100.3.34.2)"," -O3 -DNDEBUG",8,100000,pito,owned_initialize,ecs_create_owned,1,0,10,26.996000
aalair,"Apple M3",8,"Darwin 27.0.0 arm64","Apple LLVM 21.0.0 (clang-2100.3.34.2)"," -O3 -DNDEBUG",8,100000,pito,owned_initialize,ecs_create_owned,1,10,1,29.425000
aalair,"Apple M3",8,"Darwin 27.0.0 arm64","Apple LLVM 21.0.0 (clang-2100.3.34.2)"," -O3 -DNDEBUG",8,100000,pito,owned_initialize,ecs_create_owned,1,10,2,29.072000
aalair,"Apple M3",8,"Darwin 27.0.0 arm64","Apple LLVM 21.0.0 (clang-2100.3.34.2)"," -O3 -DNDEBUG",8,100000,pito,owned_initialize,ecs_create_owned,1,10,3,28.863000
aalair,"Apple M3",8,"Darwin 27.0.0 arm64","Apple LLVM 21.0.0 (clang-2100.3.34.2)"," -O3 -DNDEBUG",8,100000,pito,owned_initialize,ecs_create_owned,1,10,4,28.989000
aalair,"Apple M3",8,"Darwin 27.0.0 arm64","Apple LLVM 21.0.0 (clang-2100.3.34.2)"," -O3 -DNDEBUG",8,100000,pito,owned_initialize,ecs_create_owned,1,10,5,29.031000
aalair,"Apple M3",8,"Darwin 27.0.0 arm64","Apple LLVM 21.0.0 (clang-2100.3.34.2)"," -O3 -DNDEBUG",8,100000,pito,owned_initialize,ecs_create_owned,1,10,6,29.013000
aalair,"Apple M3",8,"Darwin 27.0.0 arm64","Apple LLVM 21.0.0 (clang-2100.3.34.2)"," -O3 -DNDEBUG",8,100000,pito,owned_initialize,ecs_create_owned,1,10,7,29.185000
aalair,"Apple M3",8,"Darwin 27.0.0 arm64","Apple LLVM 21.0.0 (clang-2100.3.34.2)"," -O3 -DNDEBUG",8,100000,pito,owned_initialize,ecs_create_owned,1,10,8,29.024000
aalair,"Apple M3",8,"Darwin 27.0.0 arm64","Apple LLVM 21.0.0 (clang-2100.3.34.2)"," -O3 -DNDEBUG",8,100000,pito,owned_initialize,ecs_create_owned,1,10,9,29.137000
aalair,"Apple M3",8,"Darwin 27.0.0 arm64","Apple LLVM 21.0.0 (clang-2100.3.34.2)"," -O3 -DNDEBUG",8,100000,pito,owned_initialize,ecs_create_owned,1,10,10,29.252000
aalair,"Apple M3",8,"Darwin 27.0.0 arm64","Apple LLVM 21.0.0 (clang-2100.3.34.2)"," -O3 -DNDEBUG",8,100000,pito,owned_initialize,ecs_create_owned,1,500,1,381.420000
aalair,"Apple M3",8,"Darwin 27.0.0 arm64","Apple LLVM 21.0.0 (clang-2100.3.34.2)"," -O3 -DNDEBUG",8,100000,pito,owned_initialize,ecs_create_owned,1,500,2,381.146000
aalair,"Apple M3",8,"Darwin 27.0.0 arm64","Apple LLVM 21.0.0 (clang-2100.3.34.2)"," -O3 -DNDEBUG",8,100000,pito,owned_initialize,ecs_create_owned,1,500,3,381.737000
aalair,"Apple M3",8,"Darwin 27.0.0 arm64","Apple LLVM 21.0.0 (clang-2100.3.34.2)"," -O3 -DNDEBUG",8,100000,pito,owned_initialize,ecs_create_owned,1,500,4,381.044000
aalair,"Apple M3",8,"Darwin 27.0.0 arm64","Apple LLVM 21.0.0 (clang-2100.3.34.2)"," -O3 -DNDEBUG",8,100000,pito,owned_initialize,ecs_create_owned,1,500,5,380.629000
aalair,"Apple M3",8,"Darwin 27.0.0 arm64","Apple LLVM 21.0.0 (clang-2100.3.34.2)"," -O3 -DNDEBUG",8,100000,pito,owned_initialize,ecs_create_owned,1,500,6,381.032000
aalair,"Apple M3",8,"Darwin 27.0.0 arm64","Apple LLVM 21.0.0 (clang-2100.3.34.2)"," -O3 -DNDEBUG",8,100000,pito,owned_initialize,ecs_create_owned,1,500,7,380.159000
aalair,"Apple M3",8,"Darwin 27.0.0 arm64","Apple LLVM 21.0.0 (clang-2100.3.34.2)"," -O3 -DNDEBUG",8,100000,pito,owned_initialize,ecs_create_owned,1,500,8,384.388000
aalair,"Apple M3",8,"Darwin 27.0.0 arm64","Apple LLVM 21.0.0 (clang-2100.3.34.2)"," -O3 -DNDEBUG",8,100000,pito,owned_initialize,ecs_create_owned,1,500,9,380.718000
aalair,"Apple M3",8,"Darwin 27.0.0 arm64","Apple LLVM 21.0.0 (clang-2100.3.34.2)"," -O3 -DNDEBUG",8,100000,pito,owned_initialize,ecs_create_owned,1,500,10,380.445000
aalair,"Apple M3",8,"Darwin 27.0.0 arm64","Apple LLVM 21.0.0 (clang-2100.3.34.2)"," -O3 -DNDEBUG",8,100000,pito,owned_initialize,ecs_create_owned,2,0,1,40.243000
aalair,"Apple M3",8,"Darwin 27.0.0 arm64","Apple LLVM 21.0.0 (clang-2100.3.34.2)"," -O3 -DNDEBUG",8,100000,pito,owned_initialize,ecs_create_owned,2,0,2,39.992000
aalair,"Apple M3",8,"Darwin 27.0.0 arm64","Apple LLVM 21.0.0 (clang-2100.3.34.2)"," -O3 -DNDEBUG",8,100000,pito,owned_initialize,ecs_create_owned,2,0,3,40.123000
aalair,"Apple M3",8,"Darwin 27.0.0 arm64","Apple LLVM 21.0.0 (clang-2100.3.34.2)"," -O3 -DNDEBUG",8,100000,pito,owned_initialize,ecs_create_owned,2,0,4,40.494000
aalair,"Apple M3",8,"Darwin 27.0.0 arm64","Apple LLVM 21.0.0 (clang-2100.3.34.2)"," -O3 -DNDEBUG",8,100000,pito,owned_initialize,ecs_create_owned,2,0,5,40.204000
aalair,"Apple M3",8,"Darwin 27.0.0 arm64","Apple LLVM 21.0.0 (clang-2100.3.34.2)"," -O3 -DNDEBUG",8,100000,pito,owned_initialize,ecs_create_owned,2,0,6,40.032000
aalair,"Apple M3",8,"Darwin 27.0.0 arm64","Apple LLVM 21.0.0 (clang-2100.3.34.2)"," -O3 -DNDEBUG",8,100000,pito,owned_initialize,ecs_create_owned,2,0,7,40.009000
aalair,"Apple M3",8,"Darwin 27.0.0 arm64","Apple LLVM 21.0.0 (clang-2100.3.34.2)"," -O3 -DNDEBUG",8,100000,pito,owned_initialize,ecs_create_owned,2,0,8,40.153000
aalair,"Apple M3",8,"Darwin 27.0.0 arm64","Apple LLVM 21.0.0 (clang-2100.3.34.2)"," -O3 -DNDEBUG",8,100000,pito,owned_initialize,ecs_create_owned,2,0,9,40.146000
aalair,"Apple M3",8,"Darwin 27.0.0 arm64","Apple LLVM 21.0.0 (clang-2100.3.34.2)"," -O3 -DNDEBUG",8,100000,pito,owned_initialize,ecs_create_owned,2,0,10,40.064000
aalair,"Apple M3",8,"Darwin 27.0.0 arm64","Apple LLVM 21.0.0 (clang-2100.3.34.2)"," -O3 -DNDEBUG",8,100000,pito,owned_initialize,ecs_create_owned,2,10,1,43.015000
aalair,"Apple M3",8,"Darwin 27.0.0 arm64","Apple LLVM 21.0.0 (clang-2100.3.34.2)"," -O3 -DNDEBUG",8,100000,pito,owned_initialize,ecs_create_owned,2,10,2,43.523000
aalair,"Apple M3",8,"Darwin 27.0.0 arm64","Apple LLVM 21.0.0 (clang-2100.3.34.2)"," -O3 -DNDEBUG",8,100000,pito,owned_initialize,ecs_create_owned,2,10,3,44.719000
aalair,"Apple M3",8,"Darwin 27.0.0 arm64","Apple LLVM 21.0.0 (clang-2100.3.34.2)"," -O3 -DNDEBUG",8,100000,pito,owned_initialize,ecs_create_owned,2,10,4,42.832000
aalair,"Apple M3",8,"Darwin 27.0.0 arm64","Apple LLVM 21.0.0 (clang-2100.3.34.2)"," -O3 -DNDEBUG",8,100000,pito,owned_initialize,ecs_create_owned,2,10,5,43.022000
aalair,"Apple M3",8,"Darwin 27.0.0 arm64","Apple LLVM 21.0.0 (clang-2100.3.34.2)"," -O3 -DNDEBUG",8,100000,pito,owned_initialize,ecs_create_owned,2,10,6,42.889000
aalair,"Apple M3",8,"Darwin 27.0.0 arm64","Apple LLVM 21.0.0 (clang-2100.3.34.2)"," -O3 -DNDEBUG",8,100000,pito,owned_initialize,ecs_create_owned,2,10,7,43.245000
aalair,"Apple M3",8,"Darwin 27.0.0 arm64","Apple LLVM 21.0.0 (clang-2100.3.34.2)"," -O3 -DNDEBUG",8,100000,pito,owned_initialize,ecs_create_owned,2,10,8,43.153000
aalair,"Apple M3",8,"Darwin 27.0.0 arm64","Apple LLVM 21.0.0 (clang-2100.3.34.2)"," -O3 -DNDEBUG",8,100000,pito,owned_initialize,ecs_create_owned,2,10,9,43.257000
aalair,"Apple M3",8,"Darwin 27.0.0 arm64","Apple LLVM 21.0.0 (clang-2100.3.34.2)"," -O3 -DNDEBUG",8,100000,pito,owned_initialize,ecs_create_owned,2,10,10,43.051000
aalair,"Apple M3",8,"Darwin 27.0.0 arm64","Apple LLVM 21.0.0 (clang-2100.3.34.2)"," -O3 -DNDEBUG",8,100000,pito,owned_initialize,ecs_create_owned,2,500,1,204.042000
aalair,"Apple M3",8,"Darwin 27.0.0 arm64","Apple LLVM 21.0.0 (clang-2100.3.34.2)"," -O3 -DNDEBUG",8,100000,pito,owned_initialize,ecs_create_owned,2,500,2,204.263000
aalair,"Apple M3",8,"Darwin 27.0.0 arm64","Apple LLVM 21.0.0 (clang-2100.3.34.2)"," -O3 -DNDEBUG",8,100000,pito,owned_initialize,ecs_create_owned,2,500,3,213.522000
aalair,"Apple M3",8,"Darwin 27.0.0 arm64","Apple LLVM 21.0.0 (clang-2100.3.34.2)"," -O3 -DNDEBUG",8,100000,pito,owned_initialize,ecs_create_owned,2,500,4,226.527000
aalair,"Apple M3",8,"Darwin 27.0.0 arm64","Apple LLVM 21.0.0 (clang-2100.3.34.2)"," -O3 -DNDEBUG",8,100000,pito,owned_initialize,ecs_create_owned,2,500,5,205.809000
aalair,"Apple M3",8,"Darwin 27.0.0 arm64","Apple LLVM 21.0.0 (clang-2100.3.34.2)"," -O3 -DNDEBUG",8,100000,pito,owned_initialize,ecs_create_owned,2,500,6,204.630000
aalair,"Apple M3",8,"Darwin 27.0.0 arm64","Apple LLVM 21.0.0 (clang-2100.3.34.2)"," -O3 -DNDEBUG",8,100000,pito,owned_initialize,ecs_create_owned,2,500,7,204.032000
aalair,"Apple M3",8,"Darwin 27.0.0 arm64","Apple LLVM 21.0.0 (clang-2100.3.34.2)"," -O3 -DNDEBUG",8,100000,pito,owned_initialize,ecs_create_owned,2,500,8,203.964000
aalair,"Apple M3",8,"Darwin 27.0.0 arm64","Apple LLVM 21.0.0 (clang-2100.3.34.2)"," -O3 -DNDEBUG",8,100000,pito,owned_initialize,ecs_create_owned,2,500,9,203.929000
aalair,"Apple M3",8,"Darwin 27.0.0 arm64","Apple LLVM 21.0.0 (clang-2100.3.34.2)"," -O3 -DNDEBUG",8,100000,pito,owned_initialize,ecs_create_owned,2,500,10,204.884000
aalair,"Apple M3",8,"Darwin 27.0.0 arm64","Apple LLVM 21.0.0 (clang-2100.3.34.2)"," -O3 -DNDEBUG",8,100000,pito,owned_initialize,ecs_create_owned,2,500,11,203.776000
aalair,"Apple M3",8,"Darwin 27.0.0 arm64","Apple LLVM 21.0.0 (clang-2100.3.34.2)"," -O3 -DNDEBUG",8,100000,pito,owned_initialize,ecs_create_owned,4,0,1,44.529000
aalair,"Apple M3",8,"Darwin 27.0.0 arm64","Apple LLVM 21.0.0 (clang-2100.3.34.2)"," -O3 -DNDEBUG",8,100000,pito,owned_initialize,ecs_create_owned,4,0,2,45.104000
aalair,"Apple M3",8,"Darwin 27.0.0 arm64","Apple LLVM 21.0.0 (clang-2100.3.34.2)"," -O3 -DNDEBUG",8,100000,pito,owned_initialize,ecs_create_owned,4,0,3,44.684000
aalair,"Apple M3",8,"Darwin 27.0.0 arm64","Apple LLVM 21.0.0 (clang-2100.3.34.2)"," -O3 -DNDEBUG",8,100000,pito,owned_initialize,ecs_create_owned,4,0,4,44.563000
aalair,"Apple M3",8,"Darwin 27.0.0 arm64","Apple LLVM 21.0.0 (clang-2100.3.34.2)"," -O3 -DNDEBUG",8,100000,pito,owned_initialize,ecs_create_owned,4,0,5,44.661000
aalair,"Apple M3",8,"Darwin 27.0.0 arm64","Apple LLVM 21.0.0 (clang-2100.3.34.2)"," -O3 -DNDEBUG",8,100000,pito,owned_initialize,ecs_create_owned,4,0,6,44.723000
aalair,"Apple M3",8,"Darwin 27.0.0 arm64","Apple LLVM 21.0.0 (clang-2100.3.34.2)"," -O3 -DNDEBUG",8,100000,pito,owned_initialize,ecs_create_owned,4,0,7,44.966000
aalair,"Apple M3",8,"Darwin 27.0.0 arm64","Apple LLVM 21.0.0 (clang-2100.3.34.2)"," -O3 -DNDEBUG",8,100000,pito,owned_initialize,ecs_create_owned,4,0,8,44.616000
aalair,"Apple M3",8,"Darwin 27.0.0 arm64","Apple LLVM 21.0.0 (clang-2100.3.34.2)"," -O3 -DNDEBUG",8,100000,pito,owned_initialize,ecs_create_owned,4,0,9,46.808000
aalair,"Apple M3",8,"Darwin 27.0.0 arm64","Apple LLVM 21.0.0 (clang-2100.3.34.2)"," -O3 -DNDEBUG",8,100000,pito,owned_initialize,ecs_create_owned,4,0,10,44.660000
aalair,"Apple M3",8,"Darwin 27.0.0 arm64","Apple LLVM 21.0.0 (clang-2100.3.34.2)"," -O3 -DNDEBUG",8,100000,pito,owned_initialize,ecs_create_owned,4,10,1,44.032000
aalair,"Apple M3",8,"Darwin 27.0.0 arm64","Apple LLVM 21.0.0 (clang-2100.3.34.2)"," -O3 -DNDEBUG",8,100000,pito,owned_initialize,ecs_create_owned,4,10,2,43.953000
aalair,"Apple M3",8,"Darwin 27.0.0 arm64","Apple LLVM 21.0.0 (clang-2100.3.34.2)"," -O3 -DNDEBUG",8,100000,pito,owned_initialize,ecs_create_owned,4,10,3,44.075000
aalair,"Apple M3",8,"Darwin 27.0.0 arm64","Apple LLVM 21.0.0 (clang-2100.3.34.2)"," -O3 -DNDEBUG",8,100000,pito,owned_initialize,ecs_create_owned,4,10,4,43.941000
aalair,"Apple M3",8,"Darwin 27.0.0 arm64","Apple LLVM 21.0.0 (clang-2100.3.34.2)"," -O3 -DNDEBUG",8,100000,pito,owned_initialize,ecs_create_owned,4,10,5,43.866000
aalair,"Apple M3",8,"Darwin 27.0.0 arm64","Apple LLVM 21.0.0 (clang-2100.3.34.2)"," -O3 -DNDEBUG",8,100000,pito,owned_initialize,ecs_create_owned,4,10,6,43.974000
aalair,"Apple M3",8,"Darwin 27.0.0 arm64","Apple LLVM 21.0.0 (clang-2100.3.34.2)"," -O3 -DNDEBUG",8,100000,pito,owned_initialize,ecs_create_owned,4,10,7,43.980000
aalair,"Apple M3",8,"Darwin 27.0.0 arm64","Apple LLVM 21.0.0 (clang-2100.3.34.2)"," -O3 -DNDEBUG",8,100000,pito,owned_initialize,ecs_create_owned,4,10,8,44.079000
aalair,"Apple M3",8,"Darwin 27.0.0 arm64","Apple LLVM 21.0.0 (clang-2100.3.34.2)"," -O3 -DNDEBUG",8,100000,pito,owned_initialize,ecs_create_owned,4,10,9,43.931000
aalair,"Apple M3",8,"Darwin 27.0.0 arm64","Apple LLVM 21.0.0 (clang-2100.3.34.2)"," -O3 -DNDEBUG",8,100000,pito,owned_initialize,ecs_create_owned,4,10,10,43.856000
aalair,"Apple M3",8,"Darwin 27.0.0 arm64","Apple LLVM 21.0.0 (clang-2100.3.34.2)"," -O3 -DNDEBUG",8,100000,pito,owned_initialize,ecs_create_owned,4,500,1,119.411000
aalair,"Apple M3",8,"Darwin 27.0.0 arm64","Apple LLVM 21.0.0 (clang-2100.3.34.2)"," -O3 -DNDEBUG",8,100000,pito,owned_initialize,ecs_create_owned,4,500,2,119.226000
aalair,"Apple M3",8,"Darwin 27.0.0 arm64","Apple LLVM 21.0.0 (clang-2100.3.34.2)"," -O3 -DNDEBUG",8,100000,pito,owned_initialize,ecs_create_owned,4,500,3,119.266000
aalair,"Apple M3",8,"Darwin 27.0.0 arm64","Apple LLVM 21.0.0 (clang-2100.3.34.2)"," -O3 -DNDEBUG",8,100000,pito,owned_initialize,ecs_create_owned,4,500,4,119.616000
aalair,"Apple M3",8,"Darwin 27.0.0 arm64","Apple LLVM 21.0.0 (clang-2100.3.34.2)"," -O3 -DNDEBUG",8,100000,pito,owned_initialize,ecs_create_owned,4,500,5,119.233000
aalair,"Apple M3",8,"Darwin 27.0.0 arm64","Apple LLVM 21.0.0 (clang-2100.3.34.2)"," -O3 -DNDEBUG",8,100000,pito,owned_initialize,ecs_create_owned,4,500,6,119.279000
aalair,"Apple M3",8,"Darwin 27.0.0 arm64","Apple LLVM 21.0.0 (clang-2100.3.34.2)"," -O3 -DNDEBUG",8,100000,pito,owned_initialize,ecs_create_owned,4,500,7,119.260000
aalair,"Apple M3",8,"Darwin 27.0.0 arm64","Apple LLVM 21.0.0 (clang-2100.3.34.2)"," -O3 -DNDEBUG",8,100000,pito,owned_initialize,ecs_create_owned,4,500,8,119.227000
aalair,"Apple M3",8,"Darwin 27.0.0 arm64","Apple LLVM 21.0.0 (clang-2100.3.34.2)"," -O3 -DNDEBUG",8,100000,pito,owned_initialize,ecs_create_owned,4,500,9,119.265000
aalair,"Apple M3",8,"Darwin 27.0.0 arm64","Apple LLVM 21.0.0 (clang-2100.3.34.2)"," -O3 -DNDEBUG",8,100000,pito,owned_initialize,ecs_create_owned,4,500,10,121.748000
aalair,"Apple M3",8,"Darwin 27.0.0 arm64","Apple LLVM 21.0.0 (clang-2100.3.34.2)"," -O3 -DNDEBUG",8,100000,pito,owned_initialize,ecs_create_owned,8,0,1,63.516000
aalair,"Apple M3",8,"Darwin 27.0.0 arm64","Apple LLVM 21.0.0 (clang-2100.3.34.2)"," -O3 -DNDEBUG",8,100000,pito,owned_initialize,ecs_create_owned,8,0,2,63.717000
aalair,"Apple M3",8,"Darwin 27.0.0 arm64","Apple LLVM 21.0.0 (clang-2100.3.34.2)"," -O3 -DNDEBUG",8,100000,pito,owned_initialize,ecs_create_owned,8,0,3,64.686000
aalair,"Apple M3",8,"Darwin 27.0.0 arm64","Apple LLVM 21.0.0 (clang-2100.3.34.2)"," -O3 -DNDEBUG",8,100000,pito,owned_initialize,ecs_create_owned,8,0,4,63.463000
aalair,"Apple M3",8,"Darwin 27.0.0 arm64","Apple LLVM 21.0.0 (clang-2100.3.34.2)"," -O3 -DNDEBUG",8,100000,pito,owned_initialize,ecs_create_owned,8,0,5,62.818000
aalair,"Apple M3",8,"Darwin 27.0.0 arm64","Apple LLVM 21.0.0 (clang-2100.3.34.2)"," -O3 -DNDEBUG",8,100000,pito,owned_initialize,ecs_create_owned,8,0,6,63.475000
aalair,"Apple M3",8,"Darwin 27.0.0 arm64","Apple LLVM 21.0.0 (clang-2100.3.34.2)"," -O3 -DNDEBUG",8,100000,pito,owned_initialize,ecs_create_owned,8,0,7,64.942000
aalair,"Apple M3",8,"Darwin 27.0.0 arm64","Apple LLVM 21.0.0 (clang-2100.3.34.2)"," -O3 -DNDEBUG",8,100000,pito,owned_initialize,ecs_create_owned,8,0,8,64.241000
aalair,"Apple M3",8,"Darwin 27.0.0 arm64","Apple LLVM 21.0.0 (clang-2100.3.34.2)"," -O3 -DNDEBUG",8,100000,pito,owned_initialize,ecs_create_owned,8,0,9,64.638000
aalair,"Apple M3",8,"Darwin 27.0.0 arm64","Apple LLVM 21.0.0 (clang-2100.3.34.2)"," -O3 -DNDEBUG",8,100000,pito,owned_initialize,ecs_create_owned,8,0,10,65.120000
aalair,"Apple M3",8,"Darwin 27.0.0 arm64","Apple LLVM 21.0.0 (clang-2100.3.34.2)"," -O3 -DNDEBUG",8,100000,pito,owned_initialize,ecs_create_owned,8,10,1,63.794000
aalair,"Apple M3",8,"Darwin 27.0.0 arm64","Apple LLVM 21.0.0 (clang-2100.3.34.2)"," -O3 -DNDEBUG",8,100000,pito,owned_initialize,ecs_create_owned,8,10,2,64.545000
aalair,"Apple M3",8,"Darwin 27.0.0 arm64","Apple LLVM 21.0.0 (clang-2100.3.34.2)"," -O3 -DNDEBUG",8,100000,pito,owned_initialize,ecs_create_owned,8,10,3,63.556000
aalair,"Apple M3",8,"Darwin 27.0.0 arm64","Apple LLVM 21.0.0 (clang-2100.3.34.2)"," -O3 -DNDEBUG",8,100000,pito,owned_initialize,ecs_create_owned,8,10,4,62.655000
aalair,"Apple M3",8,"Darwin 27.0.0 arm64","Apple LLVM 21.0.0 (clang-2100.3.34.2)"," -O3 -DNDEBUG",8,100000,pito,owned_initialize,ecs_create_owned,8,10,5,62.810000
aalair,"Apple M3",8,"Darwin 27.0.0 arm64","Apple LLVM 21.0.0 (clang-2100.3.34.2)"," -O3 -DNDEBUG",8,100000,pito,owned_initialize,ecs_create_owned,8,10,6,63.886000
aalair,"Apple M3",8,"Darwin 27.0.0 arm64","Apple LLVM 21.0.0 (clang-2100.3.34.2)"," -O3 -DNDEBUG",8,100000,pito,owned_initialize,ecs_create_owned,8,10,7,63.218000
aalair,"Apple M3",8,"Darwin 27.0.0 arm64","Apple LLVM 21.0.0 (clang-2100.3.34.2)"," -O3 -DNDEBUG",8,100000,pito,owned_initialize,ecs_create_owned,8,10,8,63.376000
aalair,"Apple M3",8,"Darwin 27.0.0 arm64","Apple LLVM 21.0.0 (clang-2100.3.34.2)"," -O3 -DNDEBUG",8,100000,pito,owned_initialize,ecs_create_owned,8,10,9,63.414000
aalair,"Apple M3",8,"Darwin 27.0.0 arm64","Apple LLVM 21.0.0 (clang-2100.3.34.2)"," -O3 -DNDEBUG",8,100000,pito,owned_initialize,ecs_create_owned,8,10,10,62.615000
aalair,"Apple M3",8,"Darwin 27.0.0 arm64","Apple LLVM 21.0.0 (clang-2100.3.34.2)"," -O3 -DNDEBUG",8,100000,pito,owned_initialize,ecs_create_owned,8,500,1,95.769000
aalair,"Apple M3",8,"Darwin 27.0.0 arm64","Apple LLVM 21.0.0 (clang-2100.3.34.2)"," -O3 -DNDEBUG",8,100000,pito,owned_initialize,ecs_create_owned,8,500,2,99.215000
aalair,"Apple M3",8,"Darwin 27.0.0 arm64","Apple LLVM 21.0.0 (clang-2100.3.34.2)"," -O3 -DNDEBUG",8,100000,pito,owned_initialize,ecs_create_owned,8,500,3,96.763000
aalair,"Apple M3",8,"Darwin 27.0.0 arm64","Apple LLVM 21.0.0 (clang-2100.3.34.2)"," -O3 -DNDEBUG",8,100000,pito,owned_initialize,ecs_create_owned,8,500,4,96.339000
aalair,"Apple M3",8,"Darwin 27.0.0 arm64","Apple LLVM 21.0.0 (clang-2100.3.34.2)"," -O3 -DNDEBUG",8,100000,pito,owned_initialize,ecs_create_owned,8,500,5,99.431000
aalair,"Apple M3",8,"Darwin 27.0.0 arm64","Apple LLVM 21.0.0 (clang-2100.3.34.2)"," -O3 -DNDEBUG",8,100000,pito,owned_initialize,ecs_create_owned,8,500,6,93.625000
aalair,"Apple M3",8,"Darwin 27.0.0 arm64","Apple LLVM 21.0.0 (clang-2100.3.34.2)"," -O3 -DNDEBUG",8,100000,pito,owned_initialize,ecs_create_owned,8,500,7,97.802000
aalair,"Apple M3",8,"Darwin 27.0.0 arm64","Apple LLVM 21.0.0 (clang-2100.3.34.2)"," -O3 -DNDEBUG",8,100000,pito,owned_initialize,ecs_create_owned,8,500,8,95.538000
aalair,"Apple M3",8,"Darwin 27.0.0 arm64","Apple LLVM 21.0.0 (clang-2100.3.34.2)"," -O3 -DNDEBUG",8,100000,pito,owned_initialize,ecs_create_owned,8,500,9,92.383000
aalair,"Apple M3",8,"Darwin 27.0.0 arm64","Apple LLVM 21.0.0 (clang-2100.3.34.2)"," -O3 -DNDEBUG",8,100000,pito,owned_initialize,ecs_create_owned,8,500,10,93.112000
aalair,"Apple M3",8,"Darwin 27.0.0 arm64","Apple LLVM 21.0.0 (clang-2100.3.34.2)"," -O3 -DNDEBUG",8,100000,pito,owned_initialize,ecs_create_owned_sharded,1,0,1,27.640000
aalair,"Apple M3",8,"Darwin 27.0.0 arm64","Apple LLVM 21.0.0 (clang-2100.3.34.2)"," -O3 -DNDEBUG",8,100000,pito,owned_initialize,ecs_create_owned_sharded,1,0,2,27.110000
aalair,"Apple M3",8,"Darwin 27.0.0 arm64","Apple LLVM 21.0.0 (clang-2100.3.34.2)"," -O3 -DNDEBUG",8,100000,pito,owned_initialize,ecs_create_owned_sharded,1,0,3,27.195000
aalair,"Apple M3",8,"Darwin 27.0.0 arm64","Apple LLVM 21.0.0 (clang-2100.3.34.2)"," -O3 -DNDEBUG",8,100000,pito,owned_initialize,ecs_create_owned_sharded,1,0,4,27.165000
aalair,"Apple M3",8,"Darwin 27.0.0 arm64","Apple LLVM 21.0.0 (clang-2100.3.34.2)"," -O3 -DNDEBUG",8,100000,pito,owned_initialize,ecs_create_owned_sharded,1,0,5,27.219000
aalair,"Apple M3",8,"Darwin 27.0.0 arm64","Apple LLVM 21.0.0 (clang-2100.3.34.2)"," -O3 -DNDEBUG",8,100000,pito,owned_initialize,ecs_create_owned_sharded,1,0,6,27.269000
aalair,"Apple M3",8,"Darwin 27.0.0 arm64","Apple LLVM 21.0.0 (clang-2100.3.34.2)"," -O3 -DNDEBUG",8,100000,pito,owned_initialize,ecs_create_owned_sharded,1,0,7,27.204000
aalair,"Apple M3",8,"Darwin 27.0.0 arm64","Apple LLVM 21.0.0 (clang-2100.3.34.2)"," -O3 -DNDEBUG",8,100000,pito,owned_initialize,ecs_create_owned_sharded,1,0,8,27.200000
aalair,"Apple M3",8,"Darwin 27.0.0 arm64","Apple LLVM 21.0.0 (clang-2100.3.34.2)"," -O3 -DNDEBUG",8,100000,pito,owned_initialize,ecs_create_owned_sharded,1,0,9,27.138000
aalair,"Apple M3",8,"Darwin 27.0.0 arm64","Apple LLVM 21.0.0 (clang-2100.3.34.2)"," -O3 -DNDEBUG",8,100000,pito,owned_initialize,ecs_create_owned_sharded,1,0,10,27.436000
aalair,"Apple M3",8,"Darwin 27.0.0 arm64","Apple LLVM 21.0.0 (clang-2100.3.34.2)"," -O3 -DNDEBUG",8,100000,pito,owned_initialize,ecs_create_owned_sharded,1,10,1,29.723000
aalair,"Apple M3",8,"Darwin 27.0.0 arm64","Apple LLVM 21.0.0 (clang-2100.3.34.2)"," -O3 -DNDEBUG",8,100000,pito,owned_initialize,ecs_create_owned_sharded,1,10,2,29.708000
aalair,"Apple M3",8,"Darwin 27.0.0 arm64","Apple LLVM 21.0.0 (clang-2100.3.34.2)"," -O3 -DNDEBUG",8,100000,pito,owned_initialize,ecs_create_owned_sharded,1,10,3,29.530000
aalair,"Apple M3",8,"Darwin 27.0.0 arm64","Apple LLVM 21.0.0 (clang-2100.3.34.2)"," -O3 -DNDEBUG",8,100000,pito,owned_initialize,ecs_create_owned_sharded,1,10,4,29.429000
aalair,"Apple M3",8,"Darwin 27.0.0 arm64","Apple LLVM 21.0.0 (clang-2100.3.34.2)"," -O3 -DNDEBUG",8,100000,pito,owned_initialize,ecs_create_owned_sharded,1,10,5,29.402000
aalair,"Apple M3",8,"Darwin 27.0.0 arm64","Apple LLVM 21.0.0 (clang-2100.3.34.2)"," -O3 -DNDEBUG",8,100000,pito,owned_initialize,ecs_create_owned_sharded,1,10,6,30.050000
aalair,"Apple M3",8,"Darwin 27.0.0 arm64","Apple LLVM 21.0.0 (clang-2100.3.34.2)"," -O3 -DNDEBUG",8,100000,pito,owned_initialize,ecs_create_owned_sharded,1,10,7,30.171000
aalair,"Apple M3",8,"Darwin 27.0.0 arm64","Apple LLVM 21.0.0 (clang-2100.3.34.2)"," -O3 -DNDEBUG",8,100000,pito,owned_initialize,ecs_create_owned_sharded,1,10,8,30.673000
aalair,"Apple M3",8,"Darwin 27.0.0 arm64","Apple LLVM 21.0.0 (clang-2100.3.34.2)"," -O3 -DNDEBUG",8,100000,pito,owned_initialize,ecs_create_owned_sharded,1,10,9,30.034000
aalair,"Apple M3",8,"Darwin 27.0.0 arm64","Apple LLVM 21.0.0 (clang-2100.3.34.2)"," -O3 -DNDEBUG",8,100000,pito,owned_initialize,ecs_create_owned_sharded,1,10,10,29.726000
aalair,"Apple M3",8,"Darwin 27.0.0 arm64","Apple LLVM 21.0.0 (clang-2100.3.34.2)"," -O3 -DNDEBUG",8,100000,pito,owned_initialize,ecs_create_owned_sharded,1,500,1,380.862000
aalair,"Apple M3",8,"Darwin 27.0.0 arm64","Apple LLVM 21.0.0 (clang-2100.3.34.2)"," -O3 -DNDEBUG",8,100000,pito,owned_initialize,ecs_create_owned_sharded,1,500,2,381.070000
aalair,"Apple M3",8,"Darwin 27.0.0 arm64","Apple LLVM 21.0.0 (clang-2100.3.34.2)"," -O3 -DNDEBUG",8,100000,pito,owned_initialize,ecs_create_owned_sharded,1,500,3,381.389000
aalair,"Apple M3",8,"Darwin 27.0.0 arm64","Apple LLVM 21.0.0 (clang-2100.3.34.2)"," -O3 -DNDEBUG",8,100000,pito,owned_initialize,ecs_create_owned_sharded,1,500,4,381.462000
aalair,"Apple M3",8,"Darwin 27.0.0 arm64","Apple LLVM 21.0.0 (clang-2100.3.34.2)"," -O3 -DNDEBUG",8,100000,pito,owned_initialize,ecs_create_owned_sharded,1,500,5,381.662000
aalair,"Apple M3",8,"Darwin 27.0.0 arm64","Apple LLVM 21.0.0 (clang-2100.3.34.2)"," -O3 -DNDEBUG",8,100000,pito,owned_initialize,ecs_create_owned_sharded,1,500,6,381.229000
aalair,"Apple M3",8,"Darwin 27.0.0 arm64","Apple LLVM 21.0.0 (clang-2100.3.34.2)"," -O3 -DNDEBUG",8,100000,pito,owned_initialize,ecs_create_owned_sharded,1,500,7,381.151000
aalair,"Apple M3",8,"Darwin 27.0.0 arm64","Apple LLVM 21.0.0 (clang-2100.3.34.2)"," -O3 -DNDEBUG",8,100000,pito,owned_initialize,ecs_create_owned_sharded,1,500,8,381.311000
aalair,"Apple M3",8,"Darwin 27.0.0 arm64","Apple LLVM 21.0.0 (clang-2100.3.34.2)"," -O3 -DNDEBUG",8,100000,pito,owned_initialize,ecs_create_owned_sharded,1,500,9,381.067000
aalair,"Apple M3",8,"Darwin 27.0.0 arm64","Apple LLVM 21.0.0 (clang-2100.3.34.2)"," -O3 -DNDEBUG",8,100000,pito,owned_initialize,ecs_create_owned_sharded,1,500,10,385.647000
aalair,"Apple M3",8,"Darwin 27.0.0 arm64","Apple LLVM 21.0.0 (clang-2100.3.34.2)"," -O3 -DNDEBUG",8,100000,pito,owned_initialize,ecs_create_owned_sharded,2,0,1,23.200000
aalair,"Apple M3",8,"Darwin 27.0.0 arm64","Apple LLVM 21.0.0 (clang-2100.3.34.2)"," -O3 -DNDEBUG",8,100000,pito,owned_initialize,ecs_create_owned_sharded,2,0,2,23.019000
aalair,"Apple M3",8,"Darwin 27.0.0 arm64","Apple LLVM 21.0.0 (clang-2100.3.34.2)"," -O3 -DNDEBUG",8,100000,pito,owned_initialize,ecs_create_owned_sharded,2,0,3,22.999000
aalair,"Apple M3",8,"Darwin 27.0.0 arm64","Apple LLVM 21.0.0 (clang-2100.3.34.2)"," -O3 -DNDEBUG",8,100000,pito,owned_initialize,ecs_create_owned_sharded,2,0,4,22.990000
aalair,"Apple M3",8,"Darwin 27.0.0 arm64","Apple LLVM 21.0.0 (clang-2100.3.34.2)"," -O3 -DNDEBUG",8,100000,pito,owned_initialize,ecs_create_owned_sharded,2,0,5,22.771000
aalair,"Apple M3",8,"Darwin 27.0.0 arm64","Apple LLVM 21.0.0 (clang-2100.3.34.2)"," -O3 -DNDEBUG",8,100000,pito,owned_initialize,ecs_create_owned_sharded,2,0,6,22.837000
aalair,"Apple M3",8,"Darwin 27.0.0 arm64","Apple LLVM 21.0.0 (clang-2100.3.34.2)"," -O3 -DNDEBUG",8,100000,pito,owned_initialize,ecs_create_owned_sharded,2,0,7,22.877000
aalair,"Apple M3",8,"Darwin 27.0.0 arm64","Apple LLVM 21.0.0 (clang-2100.3.34.2)"," -O3 -DNDEBUG",8,100000,pito,owned_initialize,ecs_create_owned_sharded,2,0,8,22.981000
aalair,"Apple M3",8,"Darwin 27.0.0 arm64","Apple LLVM 21.0.0 (clang-2100.3.34.2)"," -O3 -DNDEBUG",8,100000,pito,owned_initialize,ecs_create_owned_sharded,2,0,9,22.793000
aalair,"Apple M3",8,"Darwin 27.0.0 arm64","Apple LLVM 21.0.0 (clang-2100.3.34.2)"," -O3 -DNDEBUG",8,100000,pito,owned_initialize,ecs_create_owned_sharded,2,0,10,22.935000
aalair,"Apple M3",8,"Darwin 27.0.0 arm64","Apple LLVM 21.0.0 (clang-2100.3.34.2)"," -O3 -DNDEBUG",8,100000,pito,owned_initialize,ecs_create_owned_sharded,2,10,1,24.214000
aalair,"Apple M3",8,"Darwin 27.0.0 arm64","Apple LLVM 21.0.0 (clang-2100.3.34.2)"," -O3 -DNDEBUG",8,100000,pito,owned_initialize,ecs_create_owned_sharded,2,10,2,24.213000
aalair,"Apple M3",8,"Darwin 27.0.0 arm64","Apple LLVM 21.0.0 (clang-2100.3.34.2)"," -O3 -DNDEBUG",8,100000,pito,owned_initialize,ecs_create_owned_sharded,2,10,3,24.210000
aalair,"Apple M3",8,"Darwin 27.0.0 arm64","Apple LLVM 21.0.0 (clang-2100.3.34.2)"," -O3 -DNDEBUG",8,100000,pito,owned_initialize,ecs_create_owned_sharded,2,10,4,24.508000
aalair,"Apple M3",8,"Darwin 27.0.0 arm64","Apple LLVM 21.0.0 (clang-2100.3.34.2)"," -O3 -DNDEBUG",8,100000,pito,owned_initialize,ecs_create_owned_sharded,2,10,5,24.329000
aalair,"Apple M3",8,"Darwin 27.0.0 arm64","Apple LLVM 21.0.0 (clang-2100.3.34.2)"," -O3 -DNDEBUG",8,100000,pito,owned_initialize,ecs_create_owned_sharded,2,10,6,24.507000
aalair,"Apple M3",8,"Darwin 27.0.0 arm64","Apple LLVM 21.0.0 (clang-2100.3.34.2)"," -O3 -DNDEBUG",8,100000,pito,owned_initialize,ecs_create_owned_sharded,2,10,7,24.053000
aalair,"Apple M3",8,"Darwin 27.0.0 arm64","Apple LLVM 21.0.0 (clang-2100.3.34.2)"," -O3 -DNDEBUG",8,100000,pito,owned_initialize,ecs_create_owned_sharded,2,10,8,24.343000
aalair,"Apple M3",8,"Darwin 27.0.0 arm64","Apple LLVM 21.0.0 (clang-2100.3.34.2)"," -O3 -DNDEBUG",8,100000,pito,owned_initialize,ecs_create_owned_sharded,2,10,9,24.090000
aalair,"Apple M3",8,"Darwin 27.0.0 arm64","Apple LLVM 21.0.0 (clang-2100.3.34.2)"," -O3 -DNDEBUG",8,100000,pito,owned_initialize,ecs_create_owned_sharded,2,10,10,24.068000
aalair,"Apple M3",8,"Darwin 27.0.0 arm64","Apple LLVM 21.0.0 (clang-2100.3.34.2)"," -O3 -DNDEBUG",8,100000,pito,owned_initialize,ecs_create_owned_sharded,2,500,1,204.210000
aalair,"Apple M3",8,"Darwin 27.0.0 arm64","Apple LLVM 21.0.0 (clang-2100.3.34.2)"," -O3 -DNDEBUG",8,100000,pito,owned_initialize,ecs_create_owned_sharded,2,500,2,204.197000
aalair,"Apple M3",8,"Darwin 27.0.0 arm64","Apple LLVM 21.0.0 (clang-2100.3.34.2)"," -O3 -DNDEBUG",8,100000,pito,owned_initialize,ecs_create_owned_sharded,2,500,3,204.259000
aalair,"Apple M3",8,"Darwin 27.0.0 arm64","Apple LLVM 21.0.0 (clang-2100.3.34.2)"," -O3 -DNDEBUG",8,100000,pito,owned_initialize,ecs_create_owned_sharded,2,500,4,204.365000
aalair,"Apple M3",8,"Darwin 27.0.0 arm64","Apple LLVM 21.0.0 (clang-2100.3.34.2)"," -O3 -DNDEBUG",8,100000,pito,owned_initialize,ecs_create_owned_sharded,2,500,5,204.909000
aalair,"Apple M3",8,"Darwin 27.0.0 arm64","Apple LLVM 21.0.0 (clang-2100.3.34.2)"," -O3 -DNDEBUG",8,100000,pito,owned_initialize,ecs_create_owned_sharded,2,500,6,204.280000
aalair,"Apple M3",8,"Darwin 27.0.0 arm64","Apple LLVM 21.0.0 (clang-2100.3.34.2)"," -O3 -DNDEBUG",8,100000,pito,owned_initialize,ecs_create_owned_sharded,2,500,7,204.397000
aalair,"Apple M3",8,"Darwin 27.0.0 arm64","Apple LLVM 21.0.0 (clang-2100.3.34.2)"," -O3 -DNDEBUG",8,100000,pito,owned_initialize,ecs_create_owned_sharded,2,500,8,204.653000
aalair,"Apple M3",8,"Darwin 27.0.0 arm64","Apple LLVM 21.0.0 (clang-2100.3.34.2)"," -O3 -DNDEBUG",8,100000,pito,owned_initialize,ecs_create_owned_sharded,2,500,9,204.253000
aalair,"Apple M3",8,"Darwin 27.0.0 arm64","Apple LLVM 21.0.0 (clang-2100.3.34.2)"," -O3 -DNDEBUG",8,100000,pito,owned_initialize,ecs_create_owned_sharded,2,500,10,204.058000
aalair,"Apple M3",8,"Darwin 27.0.0 arm64","Apple LLVM 21.0.0 (clang-2100.3.34.2)"," -O3 -DNDEBUG",8,100000,pito,owned_initialize,ecs_create_owned_sharded,4,0,1,23.484000
aalair,"Apple M3",8,"Darwin 27.0.0 arm64","Apple LLVM 21.0.0 (clang-2100.3.34.2)"," -O3 -DNDEBUG",8,100000,pito,owned_initialize,ecs_create_owned_sharded,4,0,2,24.805000
aalair,"Apple M3",8,"Darwin 27.0.0 arm64","Apple LLVM 21.0.0 (clang-2100.3.34.2)"," -O3 -DNDEBUG",8,100000,pito,owned_initialize,ecs_create_owned_sharded,4,0,3,23.626000
aalair,"Apple M3",8,"Darwin 27.0.0 arm64","Apple LLVM 21.0.0 (clang-2100.3.34.2)"," -O3 -DNDEBUG",8,100000,pito,owned_initialize,ecs_create_owned_sharded,4,0,4,23.522000
aalair,"Apple M3",8,"Darwin 27.0.0 arm64","Apple LLVM 21.0.0 (clang-2100.3.34.2)"," -O3 -DNDEBUG",8,100000,pito,owned_initialize,ecs_create_owned_sharded,4,0,5,23.582000
aalair,"Apple M3",8,"Darwin 27.0.0 arm64","Apple LLVM 21.0.0 (clang-2100.3.34.2)"," -O3 -DNDEBUG",8,100000,pito,owned_initialize,ecs_create_owned_sharded,4,0,6,23.426000
aalair,"Apple M3",8,"Darwin 27.0.0 arm64","Apple LLVM 21.0.0 (clang-2100.3.34.2)"," -O3 -DNDEBUG",8,100000,pito,owned_initialize,ecs_create_owned_sharded,4,0,7,23.686000
aalair,"Apple M3",8,"Darwin 27.0.0 arm64","Apple LLVM 21.0.0 (clang-2100.3.34.2)"," -O3 -DNDEBUG",8,100000,pito,owned_initialize,ecs_create_owned_sharded,4,0,8,23.715000
aalair,"Apple M3",8,"Darwin 27.0.0 arm64","Apple LLVM 21.0.0 (clang-2100.3.34.2)"," -O3 -DNDEBUG",8,100000,pito,owned_initialize,ecs_create_owned_sharded,4,0,9,23.689000
aalair,"Apple M3",8,"Darwin 27.0.0 arm64","Apple LLVM 21.0.0 (clang-2100.3.34.2)"," -O3 -DNDEBUG",8,100000,pito,owned_initialize,ecs_create_owned_sharded,4,0,10,23.556000
aalair,"Apple M3",8,"Darwin 27.0.0 arm64","Apple LLVM 21.0.0 (clang-2100.3.34.2)"," -O3 -DNDEBUG",8,100000,pito,owned_initialize,ecs_create_owned_sharded,4,0,11,23.711000
aalair,"Apple M3",8,"Darwin 27.0.0 arm64","Apple LLVM 21.0.0 (clang-2100.3.34.2)"," -O3 -DNDEBUG",8,100000,pito,owned_initialize,ecs_create_owned_sharded,4,10,1,24.209000
aalair,"Apple M3",8,"Darwin 27.0.0 arm64","Apple LLVM 21.0.0 (clang-2100.3.34.2)"," -O3 -DNDEBUG",8,100000,pito,owned_initialize,ecs_create_owned_sharded,4,10,2,24.779000
aalair,"Apple M3",8,"Darwin 27.0.0 arm64","Apple LLVM 21.0.0 (clang-2100.3.34.2)"," -O3 -DNDEBUG",8,100000,pito,owned_initialize,ecs_create_owned_sharded,4,10,3,24.482000
aalair,"Apple M3",8,"Darwin 27.0.0 arm64","Apple LLVM 21.0.0 (clang-2100.3.34.2)"," -O3 -DNDEBUG",8,100000,pito,owned_initialize,ecs_create_owned_sharded,4,10,4,24.397000
aalair,"Apple M3",8,"Darwin 27.0.0 arm64","Apple LLVM 21.0.0 (clang-2100.3.34.2)"," -O3 -DNDEBUG",8,100000,pito,owned_initialize,ecs_create_owned_sharded,4,10,5,24.588000
aalair,"Apple M3",8,"Darwin 27.0.0 arm64","Apple LLVM 21.0.0 (clang-2100.3.34.2)"," -O3 -DNDEBUG",8,100000,pito,owned_initialize,ecs_create_owned_sharded,4,10,6,24.718000
aalair,"Apple M3",8,"Darwin 27.0.0 arm64","Apple LLVM 21.0.0 (clang-2100.3.34.2)"," -O3 -DNDEBUG",8,100000,pito,owned_initialize,ecs_create_owned_sharded,4,10,7,24.130000
aalair,"Apple M3",8,"Darwin 27.0.0 arm64","Apple LLVM 21.0.0 (clang-2100.3.34.2)"," -O3 -DNDEBUG",8,100000,pito,owned_initialize,ecs_create_owned_sharded,4,10,8,24.151000
aalair,"Apple M3",8,"Darwin 27.0.0 arm64","Apple LLVM 21.0.0 (clang-2100.3.34.2)"," -O3 -DNDEBUG",8,100000,pito,owned_initialize,ecs_create_owned_sharded,4,10,9,24.217000
aalair,"Apple M3",8,"Darwin 27.0.0 arm64","Apple LLVM 21.0.0 (clang-2100.3.34.2)"," -O3 -DNDEBUG",8,100000,pito,owned_initialize,ecs_create_owned_sharded,4,10,10,24.082000
aalair,"Apple M3",8,"Darwin 27.0.0 arm64","Apple LLVM 21.0.0 (clang-2100.3.34.2)"," -O3 -DNDEBUG",8,100000,pito,owned_initialize,ecs_create_owned_sharded,4,500,1,121.508000
aalair,"Apple M3",8,"Darwin 27.0.0 arm64","Apple LLVM 21.0.0 (clang-2100.3.34.2)"," -O3 -DNDEBUG",8,100000,pito,owned_initialize,ecs_create_owned_sharded,4,500,2,120.026000
aalair,"Apple M3",8,"Darwin 27.0.0 arm64","Apple LLVM 21.0.0 (clang-2100.3.34.2)"," -O3 -DNDEBUG",8,100000,pito,owned_initialize,ecs_create_owned_sharded,4,500,3,120.033000
aalair,"Apple M3",8,"Darwin 27.0.0 arm64","Apple LLVM 21.0.0 (clang-2100.3.34.2)"," -O3 -DNDEBUG",8,100000,pito,owned_initialize,ecs_create_owned_sharded,4,500,4,185.830000
aalair,"Apple M3",8,"Darwin 27.0.0 arm64","Apple LLVM 21.0.0 (clang-2100.3.34.2)"," -O3 -DNDEBUG",8,100000,pito,owned_initialize,ecs_create_owned_sharded,4,500,5,120.625000
aalair,"Apple M3",8,"Darwin 27.0.0 arm64","Apple LLVM 21.0.0 (clang-2100.3.34.2)"," -O3 -DNDEBUG",8,100000,pito,owned_initialize,ecs_create_owned_sharded,4,500,6,120.300000
aalair,"Apple M3",8,"Darwin 27.0.0 arm64","Apple LLVM 21.0.0 (clang-2100.3.34.2)"," -O3 -DNDEBUG",8,100000,pito,owned_initialize,ecs_create_owned_sharded,4,500,7,120.505000
aalair,"Apple M3",8,"Darwin 27.0.0 arm64","Apple LLVM 21.0.0 (clang-2100.3.34.2)"," -O3 -DNDEBUG",8,100000,pito,owned_initialize,ecs_create_owned_sharded,4,500,8,119.624000
aalair,"Apple M3",8,"Darwin 27.0.0 arm64","Apple LLVM 21.0.0 (clang-2100.3.34.2)"," -O3 -DNDEBUG",8,100000,pito,owned_initialize,ecs_create_owned_sharded,4,500,9,119.631000
aalair,"Apple M3",8,"Darwin 27.0.0 arm64","Apple LLVM 21.0.0 (clang-2100.3.34.2)"," -O3 -DNDEBUG",8,100000,pito,owned_initialize,ecs_create_owned_sharded,4,500,10,119.627000
aalair,"Apple M3",8,"Darwin 27.0.0 arm64","Apple LLVM 21.0.0 (clang-2100.3.34.2)"," -O3 -DNDEBUG",8,100000,pito,owned_initialize,ecs_create_owned_sharded,4,500,11,119.695000
aalair,"Apple M3",8,"Darwin 27.0.0 arm64","Apple LLVM 21.0.0 (clang-2100.3.34.2)"," -O3 -DNDEBUG",8,100000,pito,owned_initialize,ecs_create_owned_sharded,8,0,1,23.856000
aalair,"Apple M3",8,"Darwin 27.0.0 arm64","Apple LLVM 21.0.0 (clang-2100.3.34.2)"," -O3 -DNDEBUG",8,100000,pito,owned_initialize,ecs_create_owned_sharded,8,0,2,23.606000
aalair,"Apple M3",8,"Darwin 27.0.0 arm64","Apple LLVM 21.0.0 (clang-2100.3.34.2)"," -O3 -DNDEBUG",8,100000,pito,owned_initialize,ecs_create_owned_sharded,8,0,3,22.885000
aalair,"Apple M3",8,"Darwin 27.0.0 arm64","Apple LLVM 21.0.0 (clang-2100.3.34.2)"," -O3 -DNDEBUG",8,100000,pito,owned_initialize,ecs_create_owned_sharded,8,0,4,22.097000
aalair,"Apple M3",8,"Darwin 27.0.0 arm64","Apple LLVM 21.0.0 (clang-2100.3.34.2)"," -O3 -DNDEBUG",8,100000,pito,owned_initialize,ecs_create_owned_sharded,8,0,5,22.597000
aalair,"Apple M3",8,"Darwin 27.0.0 arm64","Apple LLVM 21.0.0 (clang-2100.3.34.2)"," -O3 -DNDEBUG",8,100000,pito,owned_initialize,ecs_create_owned_sharded,8,0,6,22.301000
aalair,"Apple M3",8,"Darwin 27.0.0 arm64","Apple LLVM 21.0.0 (clang-2100.3.34.2)"," -O3 -DNDEBUG",8,100000,pito,owned_initialize,ecs_create_owned_sharded,8,0,7,22.121000
aalair,"Apple M3",8,"Darwin 27.0.0 arm64","Apple LLVM 21.0.0 (clang-2100.3.34.2)"," -O3 -DNDEBUG",8,100000,pito,owned_initialize,ecs_create_owned_sharded,8,0,8,21.936000
aalair,"Apple M3",8,"Darwin 27.0.0 arm64","Apple LLVM 21.0.0 (clang-2100.3.34.2)"," -O3 -DNDEBUG",8,100000,pito,owned_initialize,ecs_create_owned_sharded,8,0,9,22.024000
aalair,"Apple M3",8,"Darwin 27.0.0 arm64","Apple LLVM 21.0.0 (clang-2100.3.34.2)"," -O3 -DNDEBUG",8,100000,pito,owned_initialize,ecs_create_owned_sharded,8,0,10,22.546000
aalair,"Apple M3",8,"Darwin 27.0.0 arm64","Apple LLVM 21.0.0 (clang-2100.3.34.2)"," -O3 -DNDEBUG",8,100000,pito,owned_initialize,ecs_create_owned_sharded,8,0,11,22.277000
aalair,"Apple M3",8,"Darwin 27.0.0 arm64","Apple LLVM 21.0.0 (clang-2100.3.34.2)"," -O3 -DNDEBUG",8,100000,pito,owned_initialize,ecs_create_owned_sharded,8,0,12,22.508000
aalair,"Apple M3",8,"Darwin 27.0.0 arm64","Apple LLVM 21.0.0 (clang-2100.3.34.2)"," -O3 -DNDEBUG",8,100000,pito,owned_initialize,ecs_create_owned_sharded,8,0,13,22.295000
aalair,"Apple M3",8,"Darwin 27.0.0 arm64","Apple LLVM 21.0.0 (clang-2100.3.34.2)"," -O3 -DNDEBUG",8,100000,pito,owned_initialize,ecs_create_owned_sharded,8,0,14,22.338000
aalair,"Apple M3",8,"Darwin 27.0.0 arm64","Apple LLVM 21.0.0 (clang-2100.3.34.2)"," -O3 -DNDEBUG",8,100000,pito,owned_initialize,ecs_create_owned_sharded,8,10,1,22.307000
aalair,"Apple M3",8,"Darwin 27.0.0 arm64","Apple LLVM 21.0.0 (clang-2100.3.34.2)"," -O3 -DNDEBUG",8,100000,pito,owned_initialize,ecs_create_owned_sharded,8,10,2,22.799000
aalair,"Apple M3",8,"Darwin 27.0.0 arm64","Apple LLVM 21.0.0 (clang-2100.3.34.2)"," -O3 -DNDEBUG",8,100000,pito,owned_initialize,ecs_create_owned_sharded,8,10,3,22.412000
aalair,"Apple M3",8,"Darwin 27.0.0 arm64","Apple LLVM 21.0.0 (clang-2100.3.34.2)"," -O3 -DNDEBUG",8,100000,pito,owned_initialize,ecs_create_owned_sharded,8,10,4,22.590000
aalair,"Apple M3",8,"Darwin 27.0.0 arm64","Apple LLVM 21.0.0 (clang-2100.3.34.2)"," -O3 -DNDEBUG",8,100000,pito,owned_initialize,ecs_create_owned_sharded,8,10,5,23.992000
aalair,"Apple M3",8,"Darwin 27.0.0 arm64","Apple LLVM 21.0.0 (clang-2100.3.34.2)"," -O3 -DNDEBUG",8,100000,pito,owned_initialize,ecs_create_owned_sharded,8,10,6,23.672000
aalair,"Apple M3",8,"Darwin 27.0.0 arm64","Apple LLVM 21.0.0 (clang-2100.3.34.2)"," -O3 -DNDEBUG",8,100000,pito,owned_initialize,ecs_create_owned_sharded,8,10,7,23.131000
aalair,"Apple M3",8,"Darwin 27.0.0 arm64","Apple LLVM 21.0.0 (clang-2100.3.34.2)"," -O3 -DNDEBUG",8,100000,pito,owned_initialize,ecs_create_owned_sharded,8,10,8,23.695000
aalair,"Apple M3",8,"Darwin 27.0.0 arm64","Apple LLVM 21.0.0 (clang-2100.3.34.2)"," -O3 -DNDEBUG",8,100000,pito,owned_initialize,ecs_create_owned_sharded,8,10,9,22.563000
aalair,"Apple M3",8,"Darwin 27.0.0 arm64","Apple LLVM 21.0.0 (clang-2100.3.34.2)"," -O3 -DNDEBUG",8,100000,pito,owned_initialize,ecs_create_owned_sharded,8,10,10,22.373000
aalair,"Apple M3",8,"Darwin 27.0.0 arm64","Apple LLVM 21.0.0 (clang-2100.3.34.2)"," -O3 -DNDEBUG",8,100000,pito,owned_initialize,ecs_create_owned_sharded,8,10,11,22.275000
aalair,"Apple M3",8,"Darwin 27.0.0 arm64","Apple LLVM 21.0.0 (clang-2100.3.34.2)"," -O3 -DNDEBUG",8,100000,pito,owned_initialize,ecs_create_owned_sharded,8,500,1,86.007000
aalair,"Apple M3",8,"Darwin 27.0.0 arm64","Apple LLVM 21.0.0 (clang-2100.3.34.2)"," -O3 -DNDEBUG",8,100000,pito,owned_initialize,ecs_create_owned_sharded,8,500,2,81.451000
aalair,"Apple M3",8,"Darwin 27.0.0 arm64","Apple LLVM 21.0.0 (clang-2100.3.34.2)"," -O3 -DNDEBUG",8,100000,pito,owned_initialize,ecs_create_owned_sharded,8,500,3,82.496000
aalair,"Apple M3",8,"Darwin 27.0.0 arm64","Apple LLVM 21.0.0 (clang-2100.3.34.2)"," -O3 -DNDEBUG",8,100000,pito,owned_initialize,ecs_create_owned_sharded,8,500,4,79.839000
aalair,"Apple M3",8,"Darwin 27.0.0 arm64","Apple LLVM 21.0.0 (clang-2100.3.34.2)"," -O3 -DNDEBUG",8,100000,pito,owned_initialize,ecs_create_owned_sharded,8,500,5,85.098000
aalair,"Apple M3",8,"Darwin 27.0.0 arm64","Apple LLVM 21.0.0 (clang-2100.3.34.2)"," -O3 -DNDEBUG",8,100000,pito,owned_initialize,ecs_create_owned_sharded,8,500,6,79.935000
aalair,"Apple M3",8,"Darwin 27.0.0 arm64","Apple LLVM 21.0.0 (clang-2100.3.34.2)"," -O3 -DNDEBUG",8,100000,pito,owned_initialize,ecs_create_owned_sharded,8,500,7,82.175000
aalair,"Apple M3",8,"Darwin 27.0.0 arm64","Apple LLVM 21.0.0 (clang-2100.3.34.2)"," -O3 -DNDEBUG",8,100000,pito,owned_initialize,ecs_create_owned_sharded,8,500,8,84.098000
aalair,"Apple M3",8,"Darwin 27.0.0 arm64","Apple LLVM 21.0.0 (clang-2100.3.34.2)"," -O3 -DNDEBUG",8,100000,pito,owned_initialize,ecs_create_owned_sharded,8,500,9,84.250000
aalair,"Apple M3",8,"Darwin 27.0.0 arm64","Apple LLVM 21.0.0 (clang-2100.3.34.2)"," -O3 -DNDEBUG",8,100000,pito,owned_initialize,ecs_create_owned_sharded,8,500,10,83.014000
aalair,"Apple M3",8,"Darwin 27.0.0 arm64","Apple LLVM 21.0.0 (clang-2100.3.34.2)"," -O3 -DNDEBUG -DPITO_ECS_OWNED_DELETE_ATOMIC=1",8,100000,pito,owned_initialize,ecs_create_owned,1,0,1,16.407000
aalair,"Apple M3",8,"Darwin 27.0.0 arm64","Apple LLVM 21.0.0 (clang-2100.3.34.2)"," -O3 -DNDEBUG -DPITO_ECS_OWNED_DELETE_ATOMIC=1",8,100000,pito,owned_initialize,ecs_create_owned,1,0,2,14.632000
aalair,"Apple M3",8,"Darwin 27.0.0 arm64","Apple LLVM 21.0.0 (clang-2100.3.34.2)"," -O3 -DNDEBUG -DPITO_ECS_OWNED_DELETE_ATOMIC=1",8,100000,pito,owned_initialize,ecs_create_owned,1,0,3,14.203000
aalair,"Apple M3",8,"Darwin 27.0.0 arm64","Apple LLVM 21.0.0 (clang-2100.3.34.2)"," -O3 -DNDEBUG -DPITO_ECS_OWNED_DELETE_ATOMIC=1",8,100000,pito,owned_initialize,ecs_create_owned,1,0,4,14.270000
aalair,"Apple M3",8,"Darwin 27.0.0 arm64","Apple LLVM 21.0.0 (clang-2100.3.34.2)"," -O3 -DNDEBUG -DPITO_ECS_OWNED_DELETE_ATOMIC=1",8,100000,pito,owned_initialize,ecs_create_owned,1,0,5,14.313000
aalair,"Apple M3",8,"Darwin 27.0.0 arm64","Apple LLVM 21.0.0 (clang-2100.3.34.2)"," -O3 -DNDEBUG -DPITO_ECS_OWNED_DELETE_ATOMIC=1",8,100000,pito,owned_initialize,ecs_create_owned,1,0,6,14.230000
aalair,"Apple M3",8,"Darwin 27.0.0 arm64","Apple LLVM 21.0.0 (clang-2100.3.34.2)"," -O3 -DNDEBUG -DPITO_ECS_OWNED_DELETE_ATOMIC=1",8,100000,pito,owned_initialize,ecs_create_owned,1,0,7,14.338000
aalair,"Apple M3",8,"Darwin 27.0.0 arm64","Apple LLVM 21.0.0 (clang-2100.3.34.2)"," -O3 -DNDEBUG -DPITO_ECS_OWNED_DELETE_ATOMIC=1",8,100000,pito,owned_initialize,ecs_create_owned,1,0,8,14.321000
aalair,"Apple M3",8,"Darwin 27.0.0 arm64","Apple LLVM 21.0.0 (clang-2100.3.34.2)"," -O3 -DNDEBUG -DPITO_ECS_OWNED_DELETE_ATOMIC=1",8,100000,pito,owned_initialize,ecs_create_owned,1,0,9,14.317000
aalair,"Apple M3",8,"Darwin 27.0.0 arm64","Apple LLVM 21.0.0 (clang-2100.3.34.2)"," -O3 -DNDEBUG -DPITO_ECS_OWNED_DELETE_ATOMIC=1",8,100000,pito,owned_initialize,ecs_create_owned,1,0,10,14.299000
aalair,"Apple M3",8,"Darwin 27.0.0 arm64","Apple LLVM 21.0.0 (clang-2100.3.34.2)"," -O3 -DNDEBUG -DPITO_ECS_OWNED_DELETE_ATOMIC=1",8,100000,pito,owned_initialize,ecs_create_owned,1,0,11,14.264000
aalair,"Apple M3",8,"Darwin 27.0.0 arm64","Apple LLVM 21.0.0 (clang-2100.3.34.2)"," -O3 -DNDEBUG -DPITO_ECS_OWNED_DELETE_ATOMIC=1",8,100000,pito,owned_initialize,ecs_create_owned,1,10,1,16.603000
aalair,"Apple M3",8,"Darwin 27.0.0 arm64","Apple LLVM 21.0.0 (clang-2100.3.34.2)"," -O3 -DNDEBUG -DPITO_ECS_OWNED_DELETE_ATOMIC=1",8,100000,pito,owned_initialize,ecs_create_owned,1,10,2,16.612000
aalair,"Apple M3",8,"Darwin 27.0.0 arm64","Apple LLVM 21.0.0 (clang-2100.3.34.2)"," -O3 -DNDEBUG -DPITO_ECS_OWNED_DELETE_ATOMIC=1",8,100000,pito,owned_initialize,ecs_create_owned,1,10,3,16.610000
aalair,"Apple M3",8,"Darwin 27.0.0 arm64","Apple LLVM 21.0.0 (clang-2100.3.34.2)"," -O3 -DNDEBUG -DPITO_ECS_OWNED_DELETE_ATOMIC=1",8,100000,pito,owned_initialize,ecs_create_owned,1,10,4,16.612000
aalair,"Apple M3",8,"Darwin 27.0.0 arm64","Apple LLVM 21.0.0 (clang-2100.3.34.2)"," -O3 -DNDEBUG -DPITO_ECS_OWNED_DELETE_ATOMIC=1",8,100000,pito,owned_initialize,ecs_create_owned,1,10,5,16.428000
aalair,"Apple M3",8,"Darwin 27.0.0 arm64","Apple LLVM 21.0.0 (clang-2100.3.34.2)"," -O3 -DNDEBUG -DPITO_ECS_OWNED_DELETE_ATOMIC=1",8,100000,pito,owned_initialize,ecs_create_owned,1,10,6,16.421000
aalair,"Apple M3",8,"Darwin 27.0.0 arm64","Apple LLVM 21.0.0 (clang-2100.3.34.2)"," -O3 -DNDEBUG -DPITO_ECS_OWNED_DELETE_ATOMIC=1",8,100000,pito,owned_initialize,ecs_create_owned,1,10,7,16.409000
aalair,"Apple M3",8,"Darwin 27.0.0 arm64","Apple LLVM 21.0.0 (clang-2100.3.34.2)"," -O3 -DNDEBUG -DPITO_ECS_OWNED_DELETE_ATOMIC=1",8,100000,pito,owned_initialize,ecs_create_owned,1,10,8,16.592000
aalair,"Apple M3",8,"Darwin 27.0.0 arm64","Apple LLVM 21.0.0 (clang-2100.3.34.2)"," -O3 -DNDEBUG -DPITO_ECS_OWNED_DELETE_ATOMIC=1",8,100000,pito,owned_initialize,ecs_create_owned,1,10,9,16.691000
aalair,"Apple M3",8,"Darwin 27.0.0 arm64","Apple LLVM 21.0.0 (clang-2100.3.34.2)"," -O3 -DNDEBUG -DPITO_ECS_OWNED_DELETE_ATOMIC=1",8,100000,pito,owned_initialize,ecs_create_owned,1,10,10,16.676000
aalair,"Apple M3",8,"Darwin 27.0.0 arm64","Apple LLVM 21.0.0 (clang-2100.3.34.2)"," -O3 -DNDEBUG -DPITO_ECS_OWNED_DELETE_ATOMIC=1",8,100000,pito,owned_initialize,ecs_create_owned,1,500,1,369.704000
aalair,"Apple M3",8,"Darwin 27.0.0 arm64","Apple LLVM 21.0.0 (clang-2100.3.34.2)"," -O3 -DNDEBUG -DPITO_ECS_OWNED_DELETE_ATOMIC=1",8,100000,pito,owned_initialize,ecs_create_owned,1,500,2,369.384000
aalair,"Apple M3",8,"Darwin 27.0.0 arm64","Apple LLVM 21.0.0 (clang-2100.3.34.2)"," -O3 -DNDEBUG -DPITO_ECS_OWNED_DELETE_ATOMIC=1",8,100000,pito,owned_initialize,ecs_create_owned,1,500,3,367.923000
aalair,"Apple M3",8,"Darwin 27.0.0 arm64","Apple LLVM 21.0.0 (clang-2100.3.34.2)"," -O3 -DNDEBUG -DPITO_ECS_OWNED_DELETE_ATOMIC=1",8,100000,pito,owned_initialize,ecs_create_owned,1,500,4,367.673000
aalair,"Apple M3",8,"Darwin 27.0.0 arm64","Apple LLVM 21.0.0 (clang-2100.3.34.2)"," -O3 -DNDEBUG -DPITO_ECS_OWNED_DELETE_ATOMIC=1",8,100000,pito,owned_initialize,ecs_create_owned,1,500,5,368.542000
aalair,"Apple M3",8,"Darwin 27.0.0 arm64","Apple LLVM 21.0.0 (clang-2100.3.34.2)"," -O3 -DNDEBUG -DPITO_ECS_OWNED_DELETE_ATOMIC=1",8,100000,pito,owned_initialize,ecs_create_owned,1,500,6,367.887000
aalair,"Apple M3",8,"Darwin 27.0.0 arm64","Apple LLVM 21.0.0 (clang-2100.3.34.2)"," -O3 -DNDEBUG -DPITO_ECS_OWNED_DELETE_ATOMIC=1",8,100000,pito,owned_initialize,ecs_create_owned,1,500,7,370.272000
aalair,"Apple M3",8,"Darwin 27.0.0 arm64","Apple LLVM 21.0.0 (clang-2100.3.34.2)"," -O3 -DNDEBUG -DPITO_ECS_OWNED_DELETE_ATOMIC=1",8,100000,pito,owned_initialize,ecs_create_owned,1,500,8,368.690000
aalair,"Apple M3",8,"Darwin 27.0.0 arm64","Apple LLVM 21.0.0 (clang-2100.3.34.2)"," -O3 -DNDEBUG -DPITO_ECS_OWNED_DELETE_ATOMIC=1",8,100000,pito,owned_initialize,ecs_create_owned,1,500,9,368.065000
aalair,"Apple M3",8,"Darwin 27.0.0 arm64","Apple LLVM 21.0.0 (clang-2100.3.34.2)"," -O3 -DNDEBUG -DPITO_ECS_OWNED_DELETE_ATOMIC=1",8,100000,pito,owned_initialize,ecs_create_owned,1,500,10,368.794000
aalair,"Apple M3",8,"Darwin 27.0.0 arm64","Apple LLVM 21.0.0 (clang-2100.3.34.2)"," -O3 -DNDEBUG -DPITO_ECS_OWNED_DELETE_ATOMIC=1",8,100000,pito,owned_initialize,ecs_create_owned,2,0,1,27.086000
aalair,"Apple M3",8,"Darwin 27.0.0 arm64","Apple LLVM 21.0.0 (clang-2100.3.34.2)"," -O3 -DNDEBUG -DPITO_ECS_OWNED_DELETE_ATOMIC=1",8,100000,pito,owned_initialize,ecs_create_owned,2,0,2,27.398000
aalair,"Apple M3",8,"Darwin 27.0.0 arm64","Apple LLVM 21.0.0 (clang-2100.3.34.2)"," -O3 -DNDEBUG -DPITO_ECS_OWNED_DELETE_ATOMIC=1",8,100000,pito,owned_initialize,ecs_create_owned,2,0,3,27.499000
aalair,"Apple M3",8,"Darwin 27.0.0 arm64","Apple LLVM 21.0.0 (clang-2100.3.34.2)"," -O3 -DNDEBUG -DPITO_ECS_OWNED_DELETE_ATOMIC=1",8,100000,pito,owned_initialize,ecs_create_owned,2,0,4,27.584000
aalair,"Apple M3",8,"Darwin 27.0.0 arm64","Apple LLVM 21.0.0 (clang-2100.3.34.2)"," -O3 -DNDEBUG -DPITO_ECS_OWNED_DELETE_ATOMIC=1",8,100000,pito,owned_initialize,ecs_create_owned,2,0,5,27.868000
aalair,"Apple M3",8,"Darwin 27.0.0 arm64","Apple LLVM 21.0.0 (clang-2100.3.34.2)"," -O3 -DNDEBUG -DPITO_ECS_OWNED_DELETE_ATOMIC=1",8,100000,pito,owned_initialize,ecs_create_owned,2,0,6,27.934000
aalair,"Apple M3",8,"Darwin 27.0.0 arm64","Apple LLVM 21.0.0 (clang-2100.3.34.2)"," -O3 -DNDEBUG -DPITO_ECS_OWNED_DELETE_ATOMIC=1",8,100000,pito,owned_initialize,ecs_create_owned,2,0,7,27.971000
aalair,"Apple M3",8,"Darwin 27.0.0 arm64","Apple LLVM 21.0.0 (clang-2100.3.34.2)"," -O3 -DNDEBUG -DPITO_ECS_OWNED_DELETE_ATOMIC=1",8,100000,pito,owned_initialize,ecs_create_owned,2,0,8,27.782000
aalair,"Apple M3",8,"Darwin 27.0.0 arm64","Apple LLVM 21.0.0 (clang-2100.3.34.2)"," -O3 -DNDEBUG -DPITO_ECS_OWNED_DELETE_ATOMIC=1",8,100000,pito,owned_initialize,ecs_create_owned,2,0,9,27.922000
aalair,"Apple M3",8,"Darwin 27.0.0 arm64","Apple LLVM 21.0.0 (clang-2100.3.34.2)"," -O3 -DNDEBUG -DPITO_ECS_OWNED_DELETE_ATOMIC=1",8,100000,pito,owned_initialize,ecs_create_owned,2,0,10,27.903000
aalair,"Apple M3",8,"Darwin 27.0.0 arm64","Apple LLVM 21.0.0 (clang-2100.3.34.2)"," -O3 -DNDEBUG -DPITO_ECS_OWNED_DELETE_ATOMIC=1",8,100000,pito,owned_initialize,ecs_create_owned,2,10,1,28.583000
aalair,"Apple M3",8,"Darwin 27.0.0 arm64","Apple LLVM 21.0.0 (clang-2100.3.34.2)"," -O3 -DNDEBUG -DPITO_ECS_OWNED_DELETE_ATOMIC=1",8,100000,pito,owned_initialize,ecs_create_owned,2,10,2,28.418000
aalair,"Apple M3",8,"Darwin 27.0.0 arm64","Apple LLVM 21.0.0 (clang-2100.3.34.2)"," -O3 -DNDEBUG -DPITO_ECS_OWNED_DELETE_ATOMIC=1",8,100000,pito,owned_initialize,ecs_create_owned,2,10,3,28.964000
aalair,"Apple M3",8,"Darwin 27.0.0 arm64","Apple LLVM 21.0.0 (clang-2100.3.34.2)"," -O3 -DNDEBUG -DPITO_ECS_OWNED_DELETE_ATOMIC=1",8,100000,pito,owned_initialize,ecs_create_owned,2,10,4,29.128000
aalair,"Apple M3",8,"Darwin 27.0.0 arm64","Apple LLVM 21.0.0 (clang-2100.3.34.2)"," -O3 -DNDEBUG -DPITO_ECS_OWNED_DELETE_ATOMIC=1",8,100000,pito,owned_initialize,ecs_create_owned,2,10,5,28.717000
aalair,"Apple M3",8,"Darwin 27.0.0 arm64","Apple LLVM 21.0.0 (clang-2100.3.34.2)"," -O3 -DNDEBUG -DPITO_ECS_OWNED_DELETE_ATOMIC=1",8,100000,pito,owned_initialize,ecs_create_owned,2,10,6,29.912000
aalair,"Apple M3",8,"Darwin 27.0.0 arm64","Apple LLVM 21.0.0 (clang-2100.3.34.2)"," -O3 -DNDEBUG -DPITO_ECS_OWNED_DELETE_ATOMIC=1",8,100000,pito,owned_initialize,ecs_create_owned,2,10,7,30.331000
aalair,"Apple M3",8,"Darwin 27.0.0 arm64","Apple LLVM 21.0.0 (clang-2100.3.34.2)"," -O3 -DNDEBUG -DPITO_ECS_OWNED_DELETE_ATOMIC=1",8,100000,pito,owned_initialize,ecs_create_owned,2,10,8,30.700000
aalair,"Apple M3",8,"Darwin 27.0.0 arm64","Apple LLVM 21.0.0 (clang-2100.3.34.2)"," -O3 -DNDEBUG -DPITO_ECS_OWNED_DELETE_ATOMIC=1",8,100000,pito,owned_initialize,ecs_create_owned,2,10,9,30.761000
aalair,"Apple M3",8,"Darwin 27.0.0 arm64","Apple LLVM 21.0.0 (clang-2100.3.34.2)"," -O3 -DNDEBUG -DPITO_ECS_OWNED_DELETE_ATOMIC=1",8,100000,pito,owned_initialize,ecs_create_owned,2,10,10,30.797000
aalair,"Apple M3",8,"Darwin 27.0.0 arm64","Apple LLVM 21.0.0 (clang-2100.3.34.2)"," -O3 -DNDEBUG -DPITO_ECS_OWNED_DELETE_ATOMIC=1",8,100000,pito,owned_initialize,ecs_create_owned,2,500,1,191.257000
aalair,"Apple M3",8,"Darwin 27.0.0 arm64","Apple LLVM 21.0.0 (clang-2100.3.34.2)"," -O3 -DNDEBUG -DPITO_ECS_OWNED_DELETE_ATOMIC=1",8,100000,pito,owned_initialize,ecs_create_owned,2,500,2,191.347000
aalair,"Apple M3",8,"Darwin 27.0.0 arm64","Apple LLVM 21.0.0 (clang-2100.3.34.2)"," -O3 -DNDEBUG -DPITO_ECS_OWNED_DELETE_ATOMIC=1",8,100000,pito,owned_initialize,ecs_create_owned,2,500,3,191.260000
aalair,"Apple M3",8,"Darwin 27.0.0 arm64","Apple LLVM 21.0.0 (clang-2100.3.34.2)"," -O3 -DNDEBUG -DPITO_ECS_OWNED_DELETE_ATOMIC=1",8,100000,pito,owned_initialize,ecs_create_owned,2,500,4,191.357000
aalair,"Apple M3",8,"Darwin 27.0.0 arm64","Apple LLVM 21.0.0 (clang-2100.3.34.2)"," -O3 -DNDEBUG -DPITO_ECS_OWNED_DELETE_ATOMIC=1",8,100000,pito,owned_initialize,ecs_create_owned,2,500,5,192.175000
aalair,"Apple M3",8,"Darwin 27.0.0 arm64","Apple LLVM 21.0.0 (clang-2100.3.34.2)"," -O3 -DNDEBUG -DPITO_ECS_OWNED_DELETE_ATOMIC=1",8,100000,pito,owned_initialize,ecs_create_owned,2,500,6,191.203000
aalair,"Apple M3",8,"Darwin 27.0.0 arm64","Apple LLVM 21.0.0 (clang-2100.3.34.2)"," -O3 -DNDEBUG -DPITO_ECS_OWNED_DELETE_ATOMIC=1",8,100000,pito,owned_initialize,ecs_create_owned,2,500,7,191.341000
aalair,"Apple M3",8,"Darwin 27.0.0 arm64","Apple LLVM 21.0.0 (clang-2100.3.34.2)"," -O3 -DNDEBUG -DPITO_ECS_OWNED_DELETE_ATOMIC=1",8,100000,pito,owned_initialize,ecs_create_owned,2,500,8,191.190000
aalair,"Apple M3",8,"Darwin 27.0.0 arm64","Apple LLVM 21.0.0 (clang-2100.3.34.2)"," -O3 -DNDEBUG -DPITO_ECS_OWNED_DELETE_ATOMIC=1",8,100000,pito,owned_initialize,ecs_create_owned,2,500,9,191.137000
aalair,"Apple M3",8,"Darwin 27.0.0 arm64","Apple LLVM 21.0.0 (clang-2100.3.34.2)"," -O3 -DNDEBUG -DPITO_ECS_OWNED_DELETE_ATOMIC=1",8,100000,pito,owned_initialize,ecs_create_owned,2,500,10,191.191000
aalair,"Apple M3",8,"Darwin 27.0.0 arm64","Apple LLVM 21.0.0 (clang-2100.3.34.2)"," -O3 -DNDEBUG -DPITO_ECS_OWNED_DELETE_ATOMIC=1",8,100000,pito,owned_initialize,ecs_create_owned,4,0,1,31.897000
aalair,"Apple M3",8,"Darwin 27.0.0 arm64","Apple LLVM 21.0.0 (clang-2100.3.34.2)"," -O3 -DNDEBUG -DPITO_ECS_OWNED_DELETE_ATOMIC=1",8,100000,pito,owned_initialize,ecs_create_owned,4,0,2,32.066000
aalair,"Apple M3",8,"Darwin 27.0.0 arm64","Apple LLVM 21.0.0 (clang-2100.3.34.2)"," -O3 -DNDEBUG -DPITO_ECS_OWNED_DELETE_ATOMIC=1",8,100000,pito,owned_initialize,ecs_create_owned,4,0,3,31.997000
aalair,"Apple M3",8,"Darwin 27.0.0 arm64","Apple LLVM 21.0.0 (clang-2100.3.34.2)"," -O3 -DNDEBUG -DPITO_ECS_OWNED_DELETE_ATOMIC=1",8,100000,pito,owned_initialize,ecs_create_owned,4,0,4,32.003000
aalair,"Apple M3",8,"Darwin 27.0.0 arm64","Apple LLVM 21.0.0 (clang-2100.3.34.2)"," -O3 -DNDEBUG -DPITO_ECS_OWNED_DELETE_ATOMIC=1",8,100000,pito,owned_initialize,ecs_create_owned,4,0,5,37.376000
aalair,"Apple M3",8,"Darwin 27.0.0 arm64","Apple LLVM 21.0.0 (clang-2100.3.34.2)"," -O3 -DNDEBUG -DPITO_ECS_OWNED_DELETE_ATOMIC=1",8,100000,pito,owned_initialize,ecs_create_owned,4,0,6,32.072000
aalair,"Apple M3",8,"Darwin 27.0.0 arm64","Apple LLVM 21.0.0 (clang-2100.3.34.2)"," -O3 -DNDEBUG -DPITO_ECS_OWNED_DELETE_ATOMIC=1",8,100000,pito,owned_initialize,ecs_create_owned,4,0,7,32.033000
aalair,"Apple M3",8,"Darwin 27.0.0 arm64","Apple LLVM 21.0.0 (clang-2100.3.34.2)"," -O3 -DNDEBUG -DPITO_ECS_OWNED_DELETE_ATOMIC=1",8,100000,pito,owned_initialize,ecs_create_owned,4,0,8,32.012000
aalair,"Apple M3",8,"Darwin 27.0.0 arm64","Apple LLVM 21.0.0 (clang-2100.3.34.2)"," -O3 -DNDEBUG -DPITO_ECS_OWNED_DELETE_ATOMIC=1",8,100000,pito,owned_initialize,ecs_create_owned,4,0,9,32.041000
aalair,"Apple M3",8,"Darwin 27.0.0 arm64","Apple LLVM 21.0.0 (clang-2100.3.34.2)"," -O3 -DNDEBUG -DPITO_ECS_OWNED_DELETE_ATOMIC=1",8,100000,pito,owned_initialize,ecs_create_owned,4,0,10,32.065000
aalair,"Apple M3",8,"Darwin 27.0.0 arm64","Apple LLVM 21.0.0 (clang-2100.3.34.2)"," -O3 -DNDEBUG -DPITO_ECS_OWNED_DELETE_ATOMIC=1",8,100000,pito,owned_initialize,ecs_create_owned,4,0,11,32.002000
aalair,"Apple M3",8,"Darwin 27.0.0 arm64","Apple LLVM 21.0.0 (clang-2100.3.34.2)"," -O3 -DNDEBUG -DPITO_ECS_OWNED_DELETE_ATOMIC=1",8,100000,pito,owned_initialize,ecs_create_owned,4,10,1,31.228000
aalair,"Apple M3",8,"Darwin 27.0.0 arm64","Apple LLVM 21.0.0 (clang-2100.3.34.2)"," -O3 -DNDEBUG -DPITO_ECS_OWNED_DELETE_ATOMIC=1",8,100000,pito,owned_initialize,ecs_create_owned,4,10,2,31.304000
aalair,"Apple M3",8,"Darwin 27.0.0 arm64","Apple LLVM 21.0.0 (clang-2100.3.34.2)"," -O3 -DNDEBUG -DPITO_ECS_OWNED_DELETE_ATOMIC=1",8,100000,pito,owned_initialize,ecs_create_owned,4,10,3,31.245000
aalair,"Apple M3",8,"Darwin 27.0.0 arm64","Apple LLVM 21.0.0 (clang-2100.3.34.2)"," -O3 -DNDEBUG -DPITO_ECS_OWNED_DELETE_ATOMIC=1",8,100000,pito,owned_initialize,ecs_create_owned,4,10,4,31.229000
aalair,"Apple M3",8,"Darwin 27.0.0 arm64","Apple LLVM 21.0.0 (clang-2100.3.34.2)"," -O3 -DNDEBUG -DPITO_ECS_OWNED_DELETE_ATOMIC=1",8,100000,pito,owned_initialize,ecs_create_owned,4,10,5,31.275000
aalair,"Apple M3",8,"Darwin 27.0.0 arm64","Apple LLVM 21.0.0 (clang-2100.3.34.2)"," -O3 -DNDEBUG -DPITO_ECS_OWNED_DELETE_ATOMIC=1",8,100000,pito,owned_initialize,ecs_create_owned,4,10,6,31.310000
aalair,"Apple M3",8,"Darwin 27.0.0 arm64","Apple LLVM 21.0.0 (clang-2100.3.34.2)"," -O3 -DNDEBUG -DPITO_ECS_OWNED_DELETE_ATOMIC=1",8,100000,pito,owned_initialize,ecs_create_owned,4,10,7,31.301000
aalair,"Apple M3",8,"Darwin 27.0.0 arm64","Apple LLVM 21.0.0 (clang-2100.3.34.2)"," -O3 -DNDEBUG -DPITO_ECS_OWNED_DELETE_ATOMIC=1",8,100000,pito,owned_initialize,ecs_create_owned,4,10,8,31.276000
aalair,"Apple M3",8,"Darwin 27.0.0 arm64","Apple LLVM 21.0.0 (clang-2100.3.34.2)"," -O3 -DNDEBUG -DPITO_ECS_OWNED_DELETE_ATOMIC=1",8,100000,pito,owned_initialize,ecs_create_owned,4,10,9,31.252000
aalair,"Apple M3",8,"Darwin 27.0.0 arm64","Apple LLVM 21.0.0 (clang-2100.3.34.2)"," -O3 -DNDEBUG -DPITO_ECS_OWNED_DELETE_ATOMIC=1",8,100000,pito,owned_initialize,ecs_create_owned,4,10,10,31.151000
aalair,"Apple M3",8,"Darwin 27.0.0 arm64","Apple LLVM 21.0.0 (clang-2100.3.34.2)"," -O3 -DNDEBUG -DPITO_ECS_OWNED_DELETE_ATOMIC=1",8,100000,pito,owned_initialize,ecs_create_owned,4,500,1,111.717000
aalair,"Apple M3",8,"Darwin 27.0.0 arm64","Apple LLVM 21.0.0 (clang-2100.3.34.2)"," -O3 -DNDEBUG -DPITO_ECS_OWNED_DELETE_ATOMIC=1",8,100000,pito,owned_initialize,ecs_create_owned,4,500,2,106.627000
aalair,"Apple M3",8,"Darwin 27.0.0 arm64","Apple LLVM 21.0.0 (clang-2100.3.34.2)"," -O3 -DNDEBUG -DPITO_ECS_OWNED_DELETE_ATOMIC=1",8,100000,pito,owned_initialize,ecs_create_owned,4,500,3,106.520000
aalair,"Apple M3",8,"Darwin 27.0.0 arm64","Apple LLVM 21.0.0 (clang-2100.3.34.2)"," -O3 -DNDEBUG -DPITO_ECS_OWNED_DELETE_ATOMIC=1",8,100000,pito,owned_initialize,ecs_create_owned,4,500,4,106.586000
aalair,"Apple M3",8,"Darwin 27.0.0 arm64","Apple LLVM 21.0.0 (clang-2100.3.34.2)"," -O3 -DNDEBUG -DPITO_ECS_OWNED_DELETE_ATOMIC=1",8,100000,pito,owned_initialize,ecs_create_owned,4,500,5,106.547000
aalair,"Apple M3",8,"Darwin 27.0.0 arm64","Apple LLVM 21.0.0 (clang-2100.3.34.2)"," -O3 -DNDEBUG -DPITO_ECS_OWNED_DELETE_ATOMIC=1",8,100000,pito,owned_initialize,ecs_create_owned,4,500,6,106.565000
aalair,"Apple M3",8,"Darwin 27.0.0 arm64","Apple LLVM 21.0.0 (clang-2100.3.34.2)"," -O3 -DNDEBUG -DPITO_ECS_OWNED_DELETE_ATOMIC=1",8,100000,pito,owned_initialize,ecs_create_owned,4,500,7,106.541000
aalair,"Apple M3",8,"Darwin 27.0.0 arm64","Apple LLVM 21.0.0 (clang-2100.3.34.2)"," -O3 -DNDEBUG -DPITO_ECS_OWNED_DELETE_ATOMIC=1",8,100000,pito,owned_initialize,ecs_create_owned,4,500,8,106.572000
aalair,"Apple M3",8,"Darwin 27.0.0 arm64","Apple LLVM 21.0.0 (clang-2100.3.34.2)"," -O3 -DNDEBUG -DPITO_ECS_OWNED_DELETE_ATOMIC=1",8,100000,pito,owned_initialize,ecs_create_owned,4,500,9,106.535000
aalair,"Apple M3",8,"Darwin 27.0.0 arm64","Apple LLVM 21.0.0 (clang-2100.3.34.2)"," -O3 -DNDEBUG -DPITO_ECS_OWNED_DELETE_ATOMIC=1",8,100000,pito,owned_initialize,ecs_create_owned,4,500,10,106.546000
aalair,"Apple M3",8,"Darwin 27.0.0 arm64","Apple LLVM 21.0.0 (clang-2100.3.34.2)"," -O3 -DNDEBUG -DPITO_ECS_OWNED_DELETE_ATOMIC=1",8,100000,pito,owned_initialize,ecs_create_owned,8,0,1,49.959000
aalair,"Apple M3",8,"Darwin 27.0.0 arm64","Apple LLVM 21.0.0 (clang-2100.3.34.2)"," -O3 -DNDEBUG -DPITO_ECS_OWNED_DELETE_ATOMIC=1",8,100000,pito,owned_initialize,ecs_create_owned,8,0,2,50.679000
aalair,"Apple M3",8,"Darwin 27.0.0 arm64","Apple LLVM 21.0.0 (clang-2100.3.34.2)"," -O3 -DNDEBUG -DPITO_ECS_OWNED_DELETE_ATOMIC=1",8,100000,pito,owned_initialize,ecs_create_owned,8,0,3,50.768000
aalair,"Apple M3",8,"Darwin 27.0.0 arm64","Apple LLVM 21.0.0 (clang-2100.3.34.2)"," -O3 -DNDEBUG -DPITO_ECS_OWNED_DELETE_ATOMIC=1",8,100000,pito,owned_initialize,ecs_create_owned,8,0,4,50.898000
aalair,"Apple M3",8,"Darwin 27.0.0 arm64","Apple LLVM 21.0.0 (clang-2100.3.34.2)"," -O3 -DNDEBUG -DPITO_ECS_OWNED_DELETE_ATOMIC=1",8,100000,pito,owned_initialize,ecs_create_owned,8,0,5,52.074000
aalair,"Apple M3",8,"Darwin 27.0.0 arm64","Apple LLVM 21.0.0 (clang-2100.3.34.2)"," -O3 -DNDEBUG -DPITO_ECS_OWNED_DELETE_ATOMIC=1",8,100000,pito,owned_initialize,ecs_create_owned,8,0,6,50.997000
aalair,"Apple M3",8,"Darwin 27.0.0 arm64","Apple LLVM 21.0.0 (clang-2100.3.34.2)"," -O3 -DNDEBUG -DPITO_ECS_OWNED_DELETE_ATOMIC=1",8,100000,pito,owned_initialize,ecs_create_owned,8,0,7,50.600000
aalair,"Apple M3",8,"Darwin 27.0.0 arm64","Apple LLVM 21.0.0 (clang-2100.3.34.2)"," -O3 -DNDEBUG -DPITO_ECS_OWNED_DELETE_ATOMIC=1",8,100000,pito,owned_initialize,ecs_create_owned,8,0,8,51.039000
aalair,"Apple M3",8,"Darwin 27.0.0 arm64","Apple LLVM 21.0.0 (clang-2100.3.34.2)"," -O3 -DNDEBUG -DPITO_ECS_OWNED_DELETE_ATOMIC=1",8,100000,pito,owned_initialize,ecs_create_owned,8,0,9,51.333000
aalair,"Apple M3",8,"Darwin 27.0.0 arm64","Apple LLVM 21.0.0 (clang-2100.3.34.2)"," -O3 -DNDEBUG -DPITO_ECS_OWNED_DELETE_ATOMIC=1",8,100000,pito,owned_initialize,ecs_create_owned,8,0,10,51.914000
aalair,"Apple M3",8,"Darwin 27.0.0 arm64","Apple LLVM 21.0.0 (clang-2100.3.34.2)"," -O3 -DNDEBUG -DPITO_ECS_OWNED_DELETE_ATOMIC=1",8,100000,pito,owned_initialize,ecs_create_owned,8,10,1,50.668000
aalair,"Apple M3",8,"Darwin 27.0.0 arm64","Apple LLVM 21.0.0 (clang-2100.3.34.2)"," -O3 -DNDEBUG -DPITO_ECS_OWNED_DELETE_ATOMIC=1",8,100000,pito,owned_initialize,ecs_create_owned,8,10,2,51.291000
aalair,"Apple M3",8,"Darwin 27.0.0 arm64","Apple LLVM 21.0.0 (clang-2100.3.34.2)"," -O3 -DNDEBUG -DPITO_ECS_OWNED_DELETE_ATOMIC=1",8,100000,pito,owned_initialize,ecs_create_owned,8,10,3,51.645000
aalair,"Apple M3",8,"Darwin 27.0.0 arm64","Apple LLVM 21.0.0 (clang-2100.3.34.2)"," -O3 -DNDEBUG -DPITO_ECS_OWNED_DELETE_ATOMIC=1",8,100000,pito,owned_initialize,ecs_create_owned,8,10,4,51.269000
aalair,"Apple M3",8,"Darwin 27.0.0 arm64","Apple LLVM 21.0.0 (clang-2100.3.34.2)"," -O3 -DNDEBUG -DPITO_ECS_OWNED_DELETE_ATOMIC=1",8,100000,pito,owned_initialize,ecs_create_owned,8,10,5,50.770000
aalair,"Apple M3",8,"Darwin 27.0.0 arm64","Apple LLVM 21.0.0 (clang-2100.3.34.2)"," -O3 -DNDEBUG -DPITO_ECS_OWNED_DELETE_ATOMIC=1",8,100000,pito,owned_initialize,ecs_create_owned,8,10,6,50.575000
aalair,"Apple M3",8,"Darwin 27.0.0 arm64","Apple LLVM 21.0.0 (clang-2100.3.34.2)"," -O3 -DNDEBUG -DPITO_ECS_OWNED_DELETE_ATOMIC=1",8,100000,pito,owned_initialize,ecs_create_owned,8,10,7,51.189000
aalair,"Apple M3",8,"Darwin 27.0.0 arm64","Apple LLVM 21.0.0 (clang-2100.3.34.2)"," -O3 -DNDEBUG -DPITO_ECS_OWNED_DELETE_ATOMIC=1",8,100000,pito,owned_initialize,ecs_create_owned,8,10,8,49.761000
aalair,"Apple M3",8,"Darwin 27.0.0 arm64","Apple LLVM 21.0.0 (clang-2100.3.34.2)"," -O3 -DNDEBUG -DPITO_ECS_OWNED_DELETE_ATOMIC=1",8,100000,pito,owned_initialize,ecs_create_owned,8,10,9,49.941000
aalair,"Apple M3",8,"Darwin 27.0.0 arm64","Apple LLVM 21.0.0 (clang-2100.3.34.2)"," -O3 -DNDEBUG -DPITO_ECS_OWNED_DELETE_ATOMIC=1",8,100000,pito,owned_initialize,ecs_create_owned,8,10,10,51.462000
aalair,"Apple M3",8,"Darwin 27.0.0 arm64","Apple LLVM 21.0.0 (clang-2100.3.34.2)"," -O3 -DNDEBUG -DPITO_ECS_OWNED_DELETE_ATOMIC=1",8,100000,pito,owned_initialize,ecs_create_owned,8,500,1,83.840000
aalair,"Apple M3",8,"Darwin 27.0.0 arm64","Apple LLVM 21.0.0 (clang-2100.3.34.2)"," -O3 -DNDEBUG -DPITO_ECS_OWNED_DELETE_ATOMIC=1",8,100000,pito,owned_initialize,ecs_create_owned,8,500,2,80.632000
aalair,"Apple M3",8,"Darwin 27.0.0 arm64","Apple LLVM 21.0.0 (clang-2100.3.34.2)"," -O3 -DNDEBUG -DPITO_ECS_OWNED_DELETE_ATOMIC=1",8,100000,pito,owned_initialize,ecs_create_owned,8,500,3,87.634000
aalair,"Apple M3",8,"Darwin 27.0.0 arm64","Apple LLVM 21.0.0 (clang-2100.3.34.2)"," -O3 -DNDEBUG -DPITO_ECS_OWNED_DELETE_ATOMIC=1",8,100000,pito,owned_initialize,ecs_create_owned,8,500,4,87.905000
aalair,"Apple M3",8,"Darwin 27.0.0 arm64","Apple LLVM 21.0.0 (clang-2100.3.34.2)"," -O3 -DNDEBUG -DPITO_ECS_OWNED_DELETE_ATOMIC=1",8,100000,pito,owned_initialize,ecs_create_owned,8,500,5,80.070000
aalair,"Apple M3",8,"Darwin 27.0.0 arm64","Apple LLVM 21.0.0 (clang-2100.3.34.2)"," -O3 -DNDEBUG -DPITO_ECS_OWNED_DELETE_ATOMIC=1",8,100000,pito,owned_initialize,ecs_create_owned,8,500,6,85.057000
aalair,"Apple M3",8,"Darwin 27.0.0 arm64","Apple LLVM 21.0.0 (clang-2100.3.34.2)"," -O3 -DNDEBUG -DPITO_ECS_OWNED_DELETE_ATOMIC=1",8,100000,pito,owned_initialize,ecs_create_owned,8,500,7,86.491000
aalair,"Apple M3",8,"Darwin 27.0.0 arm64","Apple LLVM 21.0.0 (clang-2100.3.34.2)"," -O3 -DNDEBUG -DPITO_ECS_OWNED_DELETE_ATOMIC=1",8,100000,pito,owned_initialize,ecs_create_owned,8,500,8,88.146000
aalair,"Apple M3",8,"Darwin 27.0.0 arm64","Apple LLVM 21.0.0 (clang-2100.3.34.2)"," -O3 -DNDEBUG -DPITO_ECS_OWNED_DELETE_ATOMIC=1",8,100000,pito,owned_initialize,ecs_create_owned,8,500,9,81.388000
aalair,"Apple M3",8,"Darwin 27.0.0 arm64","Apple LLVM 21.0.0 (clang-2100.3.34.2)"," -O3 -DNDEBUG -DPITO_ECS_OWNED_DELETE_ATOMIC=1",8,100000,pito,owned_initialize,ecs_create_owned,8,500,10,85.718000
aalair,"Apple M3",8,"Darwin 27.0.0 arm64","Apple LLVM 21.0.0 (clang-2100.3.34.2)"," -O3 -DNDEBUG -DPITO_ECS_OWNED_DELETE_ATOMIC=1",8,100000,pito,owned_initialize,ecs_create_owned,8,500,11,86.998000
aalair,"Apple M3",8,"Darwin 27.0.0 arm64","Apple LLVM 21.0.0 (clang-2100.3.34.2)"," -O3 -DNDEBUG -DPITO_ECS_OWNED_DELETE_ATOMIC=1",8,100000,pito,owned_initialize,ecs_create_owned,8,500,12,83.224000
aalair,"Apple M3",8,"Darwin 27.0.0 arm64","Apple LLVM 21.0.0 (clang-2100.3.34.2)"," -O3 -DNDEBUG -DPITO_ECS_OWNED_DELETE_ATOMIC=1",8,100000,pito,owned_initialize,ecs_create_owned,8,500,13,80.278000
aalair,"Apple M3",8,"Darwin 27.0.0 arm64","Apple LLVM 21.0.0 (clang-2100.3.34.2)"," -O3 -DNDEBUG -DPITO_ECS_OWNED_DELETE_ATOMIC=1",8,100000,pito,owned_initialize,ecs_create_owned,8,500,14,80.977000
aalair,"Apple M3",8,"Darwin 27.0.0 arm64","Apple LLVM 21.0.0 (clang-2100.3.34.2)"," -O3 -DNDEBUG -DPITO_ECS_OWNED_DELETE_ATOMIC=1",8,100000,pito,owned_initialize,ecs_create_owned_sharded,1,0,1,15.184000
aalair,"Apple M3",8,"Darwin 27.0.0 arm64","Apple LLVM 21.0.0 (clang-2100.3.34.2)"," -O3 -DNDEBUG -DPITO_ECS_OWNED_DELETE_ATOMIC=1",8,100000,pito,owned_initialize,ecs_create_owned_sharded,1,0,2,15.059000
aalair,"Apple M3",8,"Darwin 27.0.0 arm64","Apple LLVM 21.0.0 (clang-2100.3.34.2)"," -O3 -DNDEBUG -DPITO_ECS_OWNED_DELETE_ATOMIC=1",8,100000,pito,owned_initialize,ecs_create_owned_sharded,1,0,3,14.944000
aalair,"Apple M3",8,"Darwin 27.0.0 arm64","Apple LLVM 21.0.0 (clang-2100.3.34.2)"," -O3 -DNDEBUG -DPITO_ECS_OWNED_DELETE_ATOMIC=1",8,100000,pito,owned_initialize,ecs_create_owned_sharded,1,0,4,14.994000
aalair,"Apple M3",8,"Darwin 27.0.0 arm64","Apple LLVM 21.0.0 (clang-2100.3.34.2)"," -O3 -DNDEBUG -DPITO_ECS_OWNED_DELETE_ATOMIC=1",8,100000,pito,owned_initialize,ecs_create_owned_sharded,1,0,5,14.863000
aalair,"Apple M3",8,"Darwin 27.0.0 arm64","Apple LLVM 21.0.0 (clang-2100.3.34.2)"," -O3 -DNDEBUG -DPITO_ECS_OWNED_DELETE_ATOMIC=1",8,100000,pito,owned_initialize,ecs_create_owned_sharded,1,0,6,14.586000
aalair,"Apple M3",8,"Darwin 27.0.0 arm64","Apple LLVM 21.0.0 (clang-2100.3.34.2)"," -O3 -DNDEBUG -DPITO_ECS_OWNED_DELETE_ATOMIC=1",8,100000,pito,owned_initialize,ecs_create_owned_sharded,1,0,7,14.980000
aalair,"Apple M3",8,"Darwin 27.0.0 arm64","Apple LLVM 21.0.0 (clang-2100.3.34.2)"," -O3 -DNDEBUG -DPITO_ECS_OWNED_DELETE_ATOMIC=1",8,100000,pito,owned_initialize,ecs_create_owned_sharded,1,0,8,14.806000
aalair,"Apple M3",8,"Darwin 27.0.0 arm64","Apple LLVM 21.0.0 (clang-2100.3.34.2)"," -O3 -DNDEBUG -DPITO_ECS_OWNED_DELETE_ATOMIC=1",8,100000,pito,owned_initialize,ecs_create_owned_sharded,1,0,9,15.023000
aalair,"Apple M3",8,"Darwin 27.0.0 arm64","Apple LLVM 21.0.0 (clang-2100.3.34.2)"," -O3 -DNDEBUG -DPITO_ECS_OWNED_DELETE_ATOMIC=1",8,100000,pito,owned_initialize,ecs_create_owned_sharded,1,0,10,14.509000
aalair,"Apple M3",8,"Darwin 27.0.0 arm64","Apple LLVM 21.0.0 (clang-2100.3.34.2)"," -O3 -DNDEBUG -DPITO_ECS_OWNED_DELETE_ATOMIC=1",8,100000,pito,owned_initialize,ecs_create_owned_sharded,1,10,1,16.843000
aalair,"Apple M3",8,"Darwin 27.0.0 arm64","Apple LLVM 21.0.0 (clang-2100.3.34.2)"," -O3 -DNDEBUG -DPITO_ECS_OWNED_DELETE_ATOMIC=1",8,100000,pito,owned_initialize,ecs_create_owned_sharded,1,10,2,16.846000
aalair,"Apple M3",8,"Darwin 27.0.0 arm64","Apple LLVM 21.0.0 (clang-2100.3.34.2)"," -O3 -DNDEBUG -DPITO_ECS_OWNED_DELETE_ATOMIC=1",8,100000,pito,owned_initialize,ecs_create_owned_sharded,1,10,3,16.835000
aalair,"Apple M3",8,"Darwin 27.0.0 arm64","Apple LLVM 21.0.0 (clang-2100.3.34.2)"," -O3 -DNDEBUG -DPITO_ECS_OWNED_DELETE_ATOMIC=1",8,100000,pito,owned_initialize,ecs_create_owned_sharded,1,10,4,16.824000
aalair,"Apple M3",8,"Darwin 27.0.0 arm64","Apple LLVM 21.0.0 (clang-2100.3.34.2)"," -O3 -DNDEBUG -DPITO_ECS_OWNED_DELETE_ATOMIC=1",8,100000,pito,owned_initialize,ecs_create_owned_sharded,1,10,5,16.673000
aalair,"Apple M3",8,"Darwin 27.0.0 arm64","Apple LLVM 21.0.0 (clang-2100.3.34.2)"," -O3 -DNDEBUG -DPITO_ECS_OWNED_DELETE_ATOMIC=1",8,100000,pito,owned_initialize,ecs_create_owned_sharded,1,10,6,16.822000
aalair,"Apple M3",8,"Darwin 27.0.0 arm64","Apple LLVM 21.0.0 (clang-2100.3.34.2)"," -O3 -DNDEBUG -DPITO_ECS_OWNED_DELETE_ATOMIC=1",8,100000,pito,owned_initialize,ecs_create_owned_sharded,1,10,7,16.922000
aalair,"Apple M3",8,"Darwin 27.0.0 arm64","Apple LLVM 21.0.0 (clang-2100.3.34.2)"," -O3 -DNDEBUG -DPITO_ECS_OWNED_DELETE_ATOMIC=1",8,100000,pito,owned_initialize,ecs_create_owned_sharded,1,10,8,16.942000
aalair,"Apple M3",8,"Darwin 27.0.0 arm64","Apple LLVM 21.0.0 (clang-2100.3.34.2)"," -O3 -DNDEBUG -DPITO_ECS_OWNED_DELETE_ATOMIC=1",8,100000,pito,owned_initialize,ecs_create_owned_sharded,1,10,9,16.820000
aalair,"Apple M3",8,"Darwin 27.0.0 arm64","Apple LLVM 21.0.0 (clang-2100.3.34.2)"," -O3 -DNDEBUG -DPITO_ECS_OWNED_DELETE_ATOMIC=1",8,100000,pito,owned_initialize,ecs_create_owned_sharded,1,10,10,16.849000
aalair,"Apple M3",8,"Darwin 27.0.0 arm64","Apple LLVM 21.0.0 (clang-2100.3.34.2)"," -O3 -DNDEBUG -DPITO_ECS_OWNED_DELETE_ATOMIC=1",8,100000,pito,owned_initialize,ecs_create_owned_sharded,1,500,1,368.715000
aalair,"Apple M3",8,"Darwin 27.0.0 arm64","Apple LLVM 21.0.0 (clang-2100.3.34.2)"," -O3 -DNDEBUG -DPITO_ECS_OWNED_DELETE_ATOMIC=1",8,100000,pito,owned_initialize,ecs_create_owned_sharded,1,500,2,368.566000
aalair,"Apple M3",8,"Darwin 27.0.0 arm64","Apple LLVM 21.0.0 (clang-2100.3.34.2)"," -O3 -DNDEBUG -DPITO_ECS_OWNED_DELETE_ATOMIC=1",8,100000,pito,owned_initialize,ecs_create_owned_sharded,1,500,3,368.761000
aalair,"Apple M3",8,"Darwin 27.0.0 arm64","Apple LLVM 21.0.0 (clang-2100.3.34.2)"," -O3 -DNDEBUG -DPITO_ECS_OWNED_DELETE_ATOMIC=1",8,100000,pito,owned_initialize,ecs_create_owned_sharded,1,500,4,368.434000
aalair,"Apple M3",8,"Darwin 27.0.0 arm64","Apple LLVM 21.0.0 (clang-2100.3.34.2)"," -O3 -DNDEBUG -DPITO_ECS_OWNED_DELETE_ATOMIC=1",8,100000,pito,owned_initialize,ecs_create_owned_sharded,1,500,5,369.096000
aalair,"Apple M3",8,"Darwin 27.0.0 arm64","Apple LLVM 21.0.0 (clang-2100.3.34.2)"," -O3 -DNDEBUG -DPITO_ECS_OWNED_DELETE_ATOMIC=1",8,100000,pito,owned_initialize,ecs_create_owned_sharded,1,500,6,368.546000
aalair,"Apple M3",8,"Darwin 27.0.0 arm64","Apple LLVM 21.0.0 (clang-2100.3.34.2)"," -O3 -DNDEBUG -DPITO_ECS_OWNED_DELETE_ATOMIC=1",8,100000,pito,owned_initialize,ecs_create_owned_sharded,1,500,7,368.608000
aalair,"Apple M3",8,"Darwin 27.0.0 arm64","Apple LLVM 21.0.0 (clang-2100.3.34.2)"," -O3 -DNDEBUG -DPITO_ECS_OWNED_DELETE_ATOMIC=1",8,100000,pito,owned_initialize,ecs_create_owned_sharded,1,500,8,368.592000
aalair,"Apple M3",8,"Darwin 27.0.0 arm64","Apple LLVM 21.0.0 (clang-2100.3.34.2)"," -O3 -DNDEBUG -DPITO_ECS_OWNED_DELETE_ATOMIC=1",8,100000,pito,owned_initialize,ecs_create_owned_sharded,1,500,9,368.741000
aalair,"Apple M3",8,"Darwin 27.0.0 arm64","Apple LLVM 21.0.0 (clang-2100.3.34.2)"," -O3 -DNDEBUG -DPITO_ECS_OWNED_DELETE_ATOMIC=1",8,100000,pito,owned_initialize,ecs_create_owned_sharded,1,500,10,369.055000
aalair,"Apple M3",8,"Darwin 27.0.0 arm64","Apple LLVM 21.0.0 (clang-2100.3.34.2)"," -O3 -DNDEBUG -DPITO_ECS_OWNED_DELETE_ATOMIC=1",8,100000,pito,owned_initialize,ecs_create_owned_sharded,2,0,1,10.408000
aalair,"Apple M3",8,"Darwin 27.0.0 arm64","Apple LLVM 21.0.0 (clang-2100.3.34.2)"," -O3 -DNDEBUG -DPITO_ECS_OWNED_DELETE_ATOMIC=1",8,100000,pito,owned_initialize,ecs_create_owned_sharded,2,0,2,10.182000
aalair,"Apple M3",8,"Darwin 27.0.0 arm64","Apple LLVM 21.0.0 (clang-2100.3.34.2)"," -O3 -DNDEBUG -DPITO_ECS_OWNED_DELETE_ATOMIC=1",8,100000,pito,owned_initialize,ecs_create_owned_sharded,2,0,3,10.297000
aalair,"Apple M3",8,"Darwin 27.0.0 arm64","Apple LLVM 21.0.0 (clang-2100.3.34.2)"," -O3 -DNDEBUG -DPITO_ECS_OWNED_DELETE_ATOMIC=1",8,100000,pito,owned_initialize,ecs_create_owned_sharded,2,0,4,10.414000
aalair,"Apple M3",8,"Darwin 27.0.0 arm64","Apple LLVM 21.0.0 (clang-2100.3.34.2)"," -O3 -DNDEBUG -DPITO_ECS_OWNED_DELETE_ATOMIC=1",8,100000,pito,owned_initialize,ecs_create_owned_sharded,2,0,5,10.331000
aalair,"Apple M3",8,"Darwin 27.0.0 arm64","Apple LLVM 21.0.0 (clang-2100.3.34.2)"," -O3 -DNDEBUG -DPITO_ECS_OWNED_DELETE_ATOMIC=1",8,100000,pito,owned_initialize,ecs_create_owned_sharded,2,0,6,10.353000
aalair,"Apple M3",8,"Darwin 27.0.0 arm64","Apple LLVM 21.0.0 (clang-2100.3.34.2)"," -O3 -DNDEBUG -DPITO_ECS_OWNED_DELETE_ATOMIC=1",8,100000,pito,owned_initialize,ecs_create_owned_sharded,2,0,7,10.217000
aalair,"Apple M3",8,"Darwin 27.0.0 arm64","Apple LLVM 21.0.0 (clang-2100.3.34.2)"," -O3 -DNDEBUG -DPITO_ECS_OWNED_DELETE_ATOMIC=1",8,100000,pito,owned_initialize,ecs_create_owned_sharded,2,0,8,10.577000
aalair,"Apple M3",8,"Darwin 27.0.0 arm64","Apple LLVM 21.0.0 (clang-2100.3.34.2)"," -O3 -DNDEBUG -DPITO_ECS_OWNED_DELETE_ATOMIC=1",8,100000,pito,owned_initialize,ecs_create_owned_sharded,2,0,9,10.351000
aalair,"Apple M3",8,"Darwin 27.0.0 arm64","Apple LLVM 21.0.0 (clang-2100.3.34.2)"," -O3 -DNDEBUG -DPITO_ECS_OWNED_DELETE_ATOMIC=1",8,100000,pito,owned_initialize,ecs_create_owned_sharded,2,0,10,10.249000
aalair,"Apple M3",8,"Darwin 27.0.0 arm64","Apple LLVM 21.0.0 (clang-2100.3.34.2)"," -O3 -DNDEBUG -DPITO_ECS_OWNED_DELETE_ATOMIC=1",8,100000,pito,owned_initialize,ecs_create_owned_sharded,2,10,1,11.542000
aalair,"Apple M3",8,"Darwin 27.0.0 arm64","Apple LLVM 21.0.0 (clang-2100.3.34.2)"," -O3 -DNDEBUG -DPITO_ECS_OWNED_DELETE_ATOMIC=1",8,100000,pito,owned_initialize,ecs_create_owned_sharded,2,10,2,11.511000
aalair,"Apple M3",8,"Darwin 27.0.0 arm64","Apple LLVM 21.0.0 (clang-2100.3.34.2)"," -O3 -DNDEBUG -DPITO_ECS_OWNED_DELETE_ATOMIC=1",8,100000,pito,owned_initialize,ecs_create_owned_sharded,2,10,3,11.507000
aalair,"Apple M3",8,"Darwin 27.0.0 arm64","Apple LLVM 21.0.0 (clang-2100.3.34.2)"," -O3 -DNDEBUG -DPITO_ECS_OWNED_DELETE_ATOMIC=1",8,100000,pito,owned_initialize,ecs_create_owned_sharded,2,10,4,11.500000
aalair,"Apple M3",8,"Darwin 27.0.0 arm64","Apple LLVM 21.0.0 (clang-2100.3.34.2)"," -O3 -DNDEBUG -DPITO_ECS_OWNED_DELETE_ATOMIC=1",8,100000,pito,owned_initialize,ecs_create_owned_sharded,2,10,5,11.501000
aalair,"Apple M3",8,"Darwin 27.0.0 arm64","Apple LLVM 21.0.0 (clang-2100.3.34.2)"," -O3 -DNDEBUG -DPITO_ECS_OWNED_DELETE_ATOMIC=1",8,100000,pito,owned_initialize,ecs_create_owned_sharded,2,10,6,11.507000
aalair,"Apple M3",8,"Darwin 27.0.0 arm64","Apple LLVM 21.0.0 (clang-2100.3.34.2)"," -O3 -DNDEBUG -DPITO_ECS_OWNED_DELETE_ATOMIC=1",8,100000,pito,owned_initialize,ecs_create_owned_sharded,2,10,7,11.495000
aalair,"Apple M3",8,"Darwin 27.0.0 arm64","Apple LLVM 21.0.0 (clang-2100.3.34.2)"," -O3 -DNDEBUG -DPITO_ECS_OWNED_DELETE_ATOMIC=1",8,100000,pito,owned_initialize,ecs_create_owned_sharded,2,10,8,11.495000
aalair,"Apple M3",8,"Darwin 27.0.0 arm64","Apple LLVM 21.0.0 (clang-2100.3.34.2)"," -O3 -DNDEBUG -DPITO_ECS_OWNED_DELETE_ATOMIC=1",8,100000,pito,owned_initialize,ecs_create_owned_sharded,2,10,9,11.509000
aalair,"Apple M3",8,"Darwin 27.0.0 arm64","Apple LLVM 21.0.0 (clang-2100.3.34.2)"," -O3 -DNDEBUG -DPITO_ECS_OWNED_DELETE_ATOMIC=1",8,100000,pito,owned_initialize,ecs_create_owned_sharded,2,10,10,11.501000
aalair,"Apple M3",8,"Darwin 27.0.0 arm64","Apple LLVM 21.0.0 (clang-2100.3.34.2)"," -O3 -DNDEBUG -DPITO_ECS_OWNED_DELETE_ATOMIC=1",8,100000,pito,owned_initialize,ecs_create_owned_sharded,2,500,1,191.604000
aalair,"Apple M3",8,"Darwin 27.0.0 arm64","Apple LLVM 21.0.0 (clang-2100.3.34.2)"," -O3 -DNDEBUG -DPITO_ECS_OWNED_DELETE_ATOMIC=1",8,100000,pito,owned_initialize,ecs_create_owned_sharded,2,500,2,191.835000
aalair,"Apple M3",8,"Darwin 27.0.0 arm64","Apple LLVM 21.0.0 (clang-2100.3.34.2)"," -O3 -DNDEBUG -DPITO_ECS_OWNED_DELETE_ATOMIC=1",8,100000,pito,owned_initialize,ecs_create_owned_sharded,2,500,3,191.740000
aalair,"Apple M3",8,"Darwin 27.0.0 arm64","Apple LLVM 21.0.0 (clang-2100.3.34.2)"," -O3 -DNDEBUG -DPITO_ECS_OWNED_DELETE_ATOMIC=1",8,100000,pito,owned_initialize,ecs_create_owned_sharded,2,500,4,191.767000
aalair,"Apple M3",8,"Darwin 27.0.0 arm64","Apple LLVM 21.0.0 (clang-2100.3.34.2)"," -O3 -DNDEBUG -DPITO_ECS_OWNED_DELETE_ATOMIC=1",8,100000,pito,owned_initialize,ecs_create_owned_sharded,2,500,5,191.666000
aalair,"Apple M3",8,"Darwin 27.0.0 arm64","Apple LLVM 21.0.0 (clang-2100.3.34.2)"," -O3 -DNDEBUG -DPITO_ECS_OWNED_DELETE_ATOMIC=1",8,100000,pito,owned_initialize,ecs_create_owned_sharded,2,500,6,191.645000
aalair,"Apple M3",8,"Darwin 27.0.0 arm64","Apple LLVM 21.0.0 (clang-2100.3.34.2)"," -O3 -DNDEBUG -DPITO_ECS_OWNED_DELETE_ATOMIC=1",8,100000,pito,owned_initialize,ecs_create_owned_sharded,2,500,7,196.078000
aalair,"Apple M3",8,"Darwin 27.0.0 arm64","Apple LLVM 21.0.0 (clang-2100.3.34.2)"," -O3 -DNDEBUG -DPITO_ECS_OWNED_DELETE_ATOMIC=1",8,100000,pito,owned_initialize,ecs_create_owned_sharded,2,500,8,192.397000
aalair,"Apple M3",8,"Darwin 27.0.0 arm64","Apple LLVM 21.0.0 (clang-2100.3.34.2)"," -O3 -DNDEBUG -DPITO_ECS_OWNED_DELETE_ATOMIC=1",8,100000,pito,owned_initialize,ecs_create_owned_sharded,2,500,9,192.038000
aalair,"Apple M3",8,"Darwin 27.0.0 arm64","Apple LLVM 21.0.0 (clang-2100.3.34.2)"," -O3 -DNDEBUG -DPITO_ECS_OWNED_DELETE_ATOMIC=1",8,100000,pito,owned_initialize,ecs_create_owned_sharded,2,500,10,191.989000
aalair,"Apple M3",8,"Darwin 27.0.0 arm64","Apple LLVM 21.0.0 (clang-2100.3.34.2)"," -O3 -DNDEBUG -DPITO_ECS_OWNED_DELETE_ATOMIC=1",8,100000,pito,owned_initialize,ecs_create_owned_sharded,4,0,1,11.080000
aalair,"Apple M3",8,"Darwin 27.0.0 arm64","Apple LLVM 21.0.0 (clang-2100.3.34.2)"," -O3 -DNDEBUG -DPITO_ECS_OWNED_DELETE_ATOMIC=1",8,100000,pito,owned_initialize,ecs_create_owned_sharded,4,0,2,11.403000
aalair,"Apple M3",8,"Darwin 27.0.0 arm64","Apple LLVM 21.0.0 (clang-2100.3.34.2)"," -O3 -DNDEBUG -DPITO_ECS_OWNED_DELETE_ATOMIC=1",8,100000,pito,owned_initialize,ecs_create_owned_sharded,4,0,3,11.329000
aalair,"Apple M3",8,"Darwin 27.0.0 arm64","Apple LLVM 21.0.0 (clang-2100.3.34.2)"," -O3 -DNDEBUG -DPITO_ECS_OWNED_DELETE_ATOMIC=1",8,100000,pito,owned_initialize,ecs_create_owned_sharded,4,0,4,11.190000
aalair,"Apple M3",8,"Darwin 27.0.0 arm64","Apple LLVM 21.0.0 (clang-2100.3.34.2)"," -O3 -DNDEBUG -DPITO_ECS_OWNED_DELETE_ATOMIC=1",8,100000,pito,owned_initialize,ecs_create_owned_sharded,4,0,5,12.084000
aalair,"Apple M3",8,"Darwin 27.0.0 arm64","Apple LLVM 21.0.0 (clang-2100.3.34.2)"," -O3 -DNDEBUG -DPITO_ECS_OWNED_DELETE_ATOMIC=1",8,100000,pito,owned_initialize,ecs_create_owned_sharded,4,0,6,11.241000
aalair,"Apple M3",8,"Darwin 27.0.0 arm64","Apple LLVM 21.0.0 (clang-2100.3.34.2)"," -O3 -DNDEBUG -DPITO_ECS_OWNED_DELETE_ATOMIC=1",8,100000,pito,owned_initialize,ecs_create_owned_sharded,4,0,7,11.286000
aalair,"Apple M3",8,"Darwin 27.0.0 arm64","Apple LLVM 21.0.0 (clang-2100.3.34.2)"," -O3 -DNDEBUG -DPITO_ECS_OWNED_DELETE_ATOMIC=1",8,100000,pito,owned_initialize,ecs_create_owned_sharded,4,0,8,11.251000
aalair,"Apple M3",8,"Darwin 27.0.0 arm64","Apple LLVM 21.0.0 (clang-2100.3.34.2)"," -O3 -DNDEBUG -DPITO_ECS_OWNED_DELETE_ATOMIC=1",8,100000,pito,owned_initialize,ecs_create_owned_sharded,4,0,9,12.003000
aalair,"Apple M3",8,"Darwin 27.0.0 arm64","Apple LLVM 21.0.0 (clang-2100.3.34.2)"," -O3 -DNDEBUG -DPITO_ECS_OWNED_DELETE_ATOMIC=1",8,100000,pito,owned_initialize,ecs_create_owned_sharded,4,0,10,11.275000
aalair,"Apple M3",8,"Darwin 27.0.0 arm64","Apple LLVM 21.0.0 (clang-2100.3.34.2)"," -O3 -DNDEBUG -DPITO_ECS_OWNED_DELETE_ATOMIC=1",8,100000,pito,owned_initialize,ecs_create_owned_sharded,4,0,11,11.424000
aalair,"Apple M3",8,"Darwin 27.0.0 arm64","Apple LLVM 21.0.0 (clang-2100.3.34.2)"," -O3 -DNDEBUG -DPITO_ECS_OWNED_DELETE_ATOMIC=1",8,100000,pito,owned_initialize,ecs_create_owned_sharded,4,0,12,11.974000
aalair,"Apple M3",8,"Darwin 27.0.0 arm64","Apple LLVM 21.0.0 (clang-2100.3.34.2)"," -O3 -DNDEBUG -DPITO_ECS_OWNED_DELETE_ATOMIC=1",8,100000,pito,owned_initialize,ecs_create_owned_sharded,4,0,13,11.296000
aalair,"Apple M3",8,"Darwin 27.0.0 arm64","Apple LLVM 21.0.0 (clang-2100.3.34.2)"," -O3 -DNDEBUG -DPITO_ECS_OWNED_DELETE_ATOMIC=1",8,100000,pito,owned_initialize,ecs_create_owned_sharded,4,0,14,11.495000
aalair,"Apple M3",8,"Darwin 27.0.0 arm64","Apple LLVM 21.0.0 (clang-2100.3.34.2)"," -O3 -DNDEBUG -DPITO_ECS_OWNED_DELETE_ATOMIC=1",8,100000,pito,owned_initialize,ecs_create_owned_sharded,4,0,15,11.469000
aalair,"Apple M3",8,"Darwin 27.0.0 arm64","Apple LLVM 21.0.0 (clang-2100.3.34.2)"," -O3 -DNDEBUG -DPITO_ECS_OWNED_DELETE_ATOMIC=1",8,100000,pito,owned_initialize,ecs_create_owned_sharded,4,0,16,11.320000
aalair,"Apple M3",8,"Darwin 27.0.0 arm64","Apple LLVM 21.0.0 (clang-2100.3.34.2)"," -O3 -DNDEBUG -DPITO_ECS_OWNED_DELETE_ATOMIC=1",8,100000,pito,owned_initialize,ecs_create_owned_sharded,4,10,1,11.845000
aalair,"Apple M3",8,"Darwin 27.0.0 arm64","Apple LLVM 21.0.0 (clang-2100.3.34.2)"," -O3 -DNDEBUG -DPITO_ECS_OWNED_DELETE_ATOMIC=1",8,100000,pito,owned_initialize,ecs_create_owned_sharded,4,10,2,12.169000
aalair,"Apple M3",8,"Darwin 27.0.0 arm64","Apple LLVM 21.0.0 (clang-2100.3.34.2)"," -O3 -DNDEBUG -DPITO_ECS_OWNED_DELETE_ATOMIC=1",8,100000,pito,owned_initialize,ecs_create_owned_sharded,4,10,3,12.082000
aalair,"Apple M3",8,"Darwin 27.0.0 arm64","Apple LLVM 21.0.0 (clang-2100.3.34.2)"," -O3 -DNDEBUG -DPITO_ECS_OWNED_DELETE_ATOMIC=1",8,100000,pito,owned_initialize,ecs_create_owned_sharded,4,10,4,12.293000
aalair,"Apple M3",8,"Darwin 27.0.0 arm64","Apple LLVM 21.0.0 (clang-2100.3.34.2)"," -O3 -DNDEBUG -DPITO_ECS_OWNED_DELETE_ATOMIC=1",8,100000,pito,owned_initialize,ecs_create_owned_sharded,4,10,5,12.041000
aalair,"Apple M3",8,"Darwin 27.0.0 arm64","Apple LLVM 21.0.0 (clang-2100.3.34.2)"," -O3 -DNDEBUG -DPITO_ECS_OWNED_DELETE_ATOMIC=1",8,100000,pito,owned_initialize,ecs_create_owned_sharded,4,10,6,11.717000
aalair,"Apple M3",8,"Darwin 27.0.0 arm64","Apple LLVM 21.0.0 (clang-2100.3.34.2)"," -O3 -DNDEBUG -DPITO_ECS_OWNED_DELETE_ATOMIC=1",8,100000,pito,owned_initialize,ecs_create_owned_sharded,4,10,7,12.257000
aalair,"Apple M3",8,"Darwin 27.0.0 arm64","Apple LLVM 21.0.0 (clang-2100.3.34.2)"," -O3 -DNDEBUG -DPITO_ECS_OWNED_DELETE_ATOMIC=1",8,100000,pito,owned_initialize,ecs_create_owned_sharded,4,10,8,11.994000
aalair,"Apple M3",8,"Darwin 27.0.0 arm64","Apple LLVM 21.0.0 (clang-2100.3.34.2)"," -O3 -DNDEBUG -DPITO_ECS_OWNED_DELETE_ATOMIC=1",8,100000,pito,owned_initialize,ecs_create_owned_sharded,4,10,9,11.830000
aalair,"Apple M3",8,"Darwin 27.0.0 arm64","Apple LLVM 21.0.0 (clang-2100.3.34.2)"," -O3 -DNDEBUG -DPITO_ECS_OWNED_DELETE_ATOMIC=1",8,100000,pito,owned_initialize,ecs_create_owned_sharded,4,10,10,12.007000
aalair,"Apple M3",8,"Darwin 27.0.0 arm64","Apple LLVM 21.0.0 (clang-2100.3.34.2)"," -O3 -DNDEBUG -DPITO_ECS_OWNED_DELETE_ATOMIC=1",8,100000,pito,owned_initialize,ecs_create_owned_sharded,4,500,1,107.122000
aalair,"Apple M3",8,"Darwin 27.0.0 arm64","Apple LLVM 21.0.0 (clang-2100.3.34.2)"," -O3 -DNDEBUG -DPITO_ECS_OWNED_DELETE_ATOMIC=1",8,100000,pito,owned_initialize,ecs_create_owned_sharded,4,500,2,107.103000
aalair,"Apple M3",8,"Darwin 27.0.0 arm64","Apple LLVM 21.0.0 (clang-2100.3.34.2)"," -O3 -DNDEBUG -DPITO_ECS_OWNED_DELETE_ATOMIC=1",8,100000,pito,owned_initialize,ecs_create_owned_sharded,4,500,3,107.184000
aalair,"Apple M3",8,"Darwin 27.0.0 arm64","Apple LLVM 21.0.0 (clang-2100.3.34.2)"," -O3 -DNDEBUG -DPITO_ECS_OWNED_DELETE_ATOMIC=1",8,100000,pito,owned_initialize,ecs_create_owned_sharded,4,500,4,107.108000
aalair,"Apple M3",8,"Darwin 27.0.0 arm64","Apple LLVM 21.0.0 (clang-2100.3.34.2)"," -O3 -DNDEBUG -DPITO_ECS_OWNED_DELETE_ATOMIC=1",8,100000,pito,owned_initialize,ecs_create_owned_sharded,4,500,5,107.144000
aalair,"Apple M3",8,"Darwin 27.0.0 arm64","Apple LLVM 21.0.0 (clang-2100.3.34.2)"," -O3 -DNDEBUG -DPITO_ECS_OWNED_DELETE_ATOMIC=1",8,100000,pito,owned_initialize,ecs_create_owned_sharded,4,500,6,107.199000
aalair,"Apple M3",8,"Darwin 27.0.0 arm64","Apple LLVM 21.0.0 (clang-2100.3.34.2)"," -O3 -DNDEBUG -DPITO_ECS_OWNED_DELETE_ATOMIC=1",8,100000,pito,owned_initialize,ecs_create_owned_sharded,4,500,7,109.138000
aalair,"Apple M3",8,"Darwin 27.0.0 arm64","Apple LLVM 21.0.0 (clang-2100.3.34.2)"," -O3 -DNDEBUG -DPITO_ECS_OWNED_DELETE_ATOMIC=1",8,100000,pito,owned_initialize,ecs_create_owned_sharded,4,500,8,107.188000
aalair,"Apple M3",8,"Darwin 27.0.0 arm64","Apple LLVM 21.0.0 (clang-2100.3.34.2)"," -O3 -DNDEBUG -DPITO_ECS_OWNED_DELETE_ATOMIC=1",8,100000,pito,owned_initialize,ecs_create_owned_sharded,4,500,9,107.722000
aalair,"Apple M3",8,"Darwin 27.0.0 arm64","Apple LLVM 21.0.0 (clang-2100.3.34.2)"," -O3 -DNDEBUG -DPITO_ECS_OWNED_DELETE_ATOMIC=1",8,100000,pito,owned_initialize,ecs_create_owned_sharded,4,500,10,107.120000
aalair,"Apple M3",8,"Darwin 27.0.0 arm64","Apple LLVM 21.0.0 (clang-2100.3.34.2)"," -O3 -DNDEBUG -DPITO_ECS_OWNED_DELETE_ATOMIC=1",8,100000,pito,owned_initialize,ecs_create_owned_sharded,8,0,1,9.794000
aalair,"Apple M3",8,"Darwin 27.0.0 arm64","Apple LLVM 21.0.0 (clang-2100.3.34.2)"," -O3 -DNDEBUG -DPITO_ECS_OWNED_DELETE_ATOMIC=1",8,100000,pito,owned_initialize,ecs_create_owned_sharded,8,0,2,10.122000
aalair,"Apple M3",8,"Darwin 27.0.0 arm64","Apple LLVM 21.0.0 (clang-2100.3.34.2)"," -O3 -DNDEBUG -DPITO_ECS_OWNED_DELETE_ATOMIC=1",8,100000,pito,owned_initialize,ecs_create_owned_sharded,8,0,3,13.437000
aalair,"Apple M3",8,"Darwin 27.0.0 arm64","Apple LLVM 21.0.0 (clang-2100.3.34.2)"," -O3 -DNDEBUG -DPITO_ECS_OWNED_DELETE_ATOMIC=1",8,100000,pito,owned_initialize,ecs_create_owned_sharded,8,0,4,10.467000
aalair,"Apple M3",8,"Darwin 27.0.0 arm64","Apple LLVM 21.0.0 (clang-2100.3.34.2)"," -O3 -DNDEBUG -DPITO_ECS_OWNED_DELETE_ATOMIC=1",8,100000,pito,owned_initialize,ecs_create_owned_sharded,8,0,5,9.828000
aalair,"Apple M3",8,"Darwin 27.0.0 arm64","Apple LLVM 21.0.0 (clang-2100.3.34.2)"," -O3 -DNDEBUG -DPITO_ECS_OWNED_DELETE_ATOMIC=1",8,100000,pito,owned_initialize,ecs_create_owned_sharded,8,0,6,9.813000
aalair,"Apple M3",8,"Darwin 27.0.0 arm64","Apple LLVM 21.0.0 (clang-2100.3.34.2)"," -O3 -DNDEBUG -DPITO_ECS_OWNED_DELETE_ATOMIC=1",8,100000,pito,owned_initialize,ecs_create_owned_sharded,8,0,7,9.907000
aalair,"Apple M3",8,"Darwin 27.0.0 arm64","Apple LLVM 21.0.0 (clang-2100.3.34.2)"," -O3 -DNDEBUG -DPITO_ECS_OWNED_DELETE_ATOMIC=1",8,100000,pito,owned_initialize,ecs_create_owned_sharded,8,0,8,9.690000
aalair,"Apple M3",8,"Darwin 27.0.0 arm64","Apple LLVM 21.0.0 (clang-2100.3.34.2)"," -O3 -DNDEBUG -DPITO_ECS_OWNED_DELETE_ATOMIC=1",8,100000,pito,owned_initialize,ecs_create_owned_sharded,8,0,9,9.951000
aalair,"Apple M3",8,"Darwin 27.0.0 arm64","Apple LLVM 21.0.0 (clang-2100.3.34.2)"," -O3 -DNDEBUG -DPITO_ECS_OWNED_DELETE_ATOMIC=1",8,100000,pito,owned_initialize,ecs_create_owned_sharded,8,0,10,9.857000
aalair,"Apple M3",8,"Darwin 27.0.0 arm64","Apple LLVM 21.0.0 (clang-2100.3.34.2)"," -O3 -DNDEBUG -DPITO_ECS_OWNED_DELETE_ATOMIC=1",8,100000,pito,owned_initialize,ecs_create_owned_sharded,8,0,11,10.081000
aalair,"Apple M3",8,"Darwin 27.0.0 arm64","Apple LLVM 21.0.0 (clang-2100.3.34.2)"," -O3 -DNDEBUG -DPITO_ECS_OWNED_DELETE_ATOMIC=1",8,100000,pito,owned_initialize,ecs_create_owned_sharded,8,0,12,9.840000
aalair,"Apple M3",8,"Darwin 27.0.0 arm64","Apple LLVM 21.0.0 (clang-2100.3.34.2)"," -O3 -DNDEBUG -DPITO_ECS_OWNED_DELETE_ATOMIC=1",8,100000,pito,owned_initialize,ecs_create_owned_sharded,8,0,13,9.665000
aalair,"Apple M3",8,"Darwin 27.0.0 arm64","Apple LLVM 21.0.0 (clang-2100.3.34.2)"," -O3 -DNDEBUG -DPITO_ECS_OWNED_DELETE_ATOMIC=1",8,100000,pito,owned_initialize,ecs_create_owned_sharded,8,0,14,10.732000
aalair,"Apple M3",8,"Darwin 27.0.0 arm64","Apple LLVM 21.0.0 (clang-2100.3.34.2)"," -O3 -DNDEBUG -DPITO_ECS_OWNED_DELETE_ATOMIC=1",8,100000,pito,owned_initialize,ecs_create_owned_sharded,8,0,15,10.214000
aalair,"Apple M3",8,"Darwin 27.0.0 arm64","Apple LLVM 21.0.0 (clang-2100.3.34.2)"," -O3 -DNDEBUG -DPITO_ECS_OWNED_DELETE_ATOMIC=1",8,100000,pito,owned_initialize,ecs_create_owned_sharded,8,0,16,9.969000
aalair,"Apple M3",8,"Darwin 27.0.0 arm64","Apple LLVM 21.0.0 (clang-2100.3.34.2)"," -O3 -DNDEBUG -DPITO_ECS_OWNED_DELETE_ATOMIC=1",8,100000,pito,owned_initialize,ecs_create_owned_sharded,8,10,1,10.661000
aalair,"Apple M3",8,"Darwin 27.0.0 arm64","Apple LLVM 21.0.0 (clang-2100.3.34.2)"," -O3 -DNDEBUG -DPITO_ECS_OWNED_DELETE_ATOMIC=1",8,100000,pito,owned_initialize,ecs_create_owned_sharded,8,10,2,10.409000
aalair,"Apple M3",8,"Darwin 27.0.0 arm64","Apple LLVM 21.0.0 (clang-2100.3.34.2)"," -O3 -DNDEBUG -DPITO_ECS_OWNED_DELETE_ATOMIC=1",8,100000,pito,owned_initialize,ecs_create_owned_sharded,8,10,3,10.093000
aalair,"Apple M3",8,"Darwin 27.0.0 arm64","Apple LLVM 21.0.0 (clang-2100.3.34.2)"," -O3 -DNDEBUG -DPITO_ECS_OWNED_DELETE_ATOMIC=1",8,100000,pito,owned_initialize,ecs_create_owned_sharded,8,10,4,10.153000
aalair,"Apple M3",8,"Darwin 27.0.0 arm64","Apple LLVM 21.0.0 (clang-2100.3.34.2)"," -O3 -DNDEBUG -DPITO_ECS_OWNED_DELETE_ATOMIC=1",8,100000,pito,owned_initialize,ecs_create_owned_sharded,8,10,5,9.886000
aalair,"Apple M3",8,"Darwin 27.0.0 arm64","Apple LLVM 21.0.0 (clang-2100.3.34.2)"," -O3 -DNDEBUG -DPITO_ECS_OWNED_DELETE_ATOMIC=1",8,100000,pito,owned_initialize,ecs_create_owned_sharded,8,10,6,10.090000
aalair,"Apple M3",8,"Darwin 27.0.0 arm64","Apple LLVM 21.0.0 (clang-2100.3.34.2)"," -O3 -DNDEBUG -DPITO_ECS_OWNED_DELETE_ATOMIC=1",8,100000,pito,owned_initialize,ecs_create_owned_sharded,8,10,7,10.271000
aalair,"Apple M3",8,"Darwin 27.0.0 arm64","Apple LLVM 21.0.0 (clang-2100.3.34.2)"," -O3 -DNDEBUG -DPITO_ECS_OWNED_DELETE_ATOMIC=1",8,100000,pito,owned_initialize,ecs_create_owned_sharded,8,10,8,9.914000
aalair,"Apple M3",8,"Darwin 27.0.0 arm64","Apple LLVM 21.0.0 (clang-2100.3.34.2)"," -O3 -DNDEBUG -DPITO_ECS_OWNED_DELETE_ATOMIC=1",8,100000,pito,owned_initialize,ecs_create_owned_sharded,8,10,9,10.405000
aalair,"Apple M3",8,"Darwin 27.0.0 arm64","Apple LLVM 21.0.0 (clang-2100.3.34.2)"," -O3 -DNDEBUG -DPITO_ECS_OWNED_DELETE_ATOMIC=1",8,100000,pito,owned_initialize,ecs_create_owned_sharded,8,10,10,9.561000
aalair,"Apple M3",8,"Darwin 27.0.0 arm64","Apple LLVM 21.0.0 (clang-2100.3.34.2)"," -O3 -DNDEBUG -DPITO_ECS_OWNED_DELETE_ATOMIC=1",8,100000,pito,owned_initialize,ecs_create_owned_sharded,8,10,11,9.800000
aalair,"Apple M3",8,"Darwin 27.0.0 arm64","Apple LLVM 21.0.0 (clang-2100.3.34.2)"," -O3 -DNDEBUG -DPITO_ECS_OWNED_DELETE_ATOMIC=1",8,100000,pito,owned_initialize,ecs_create_owned_sharded,8,500,1,72.908000
aalair,"Apple M3",8,"Darwin 27.0.0 arm64","Apple LLVM 21.0.0 (clang-2100.3.34.2)"," -O3 -DNDEBUG -DPITO_ECS_OWNED_DELETE_ATOMIC=1",8,100000,pito,owned_initialize,ecs_create_owned_sharded,8,500,2,69.556000
aalair,"Apple M3",8,"Darwin 27.0.0 arm64","Apple LLVM 21.0.0 (clang-2100.3.34.2)"," -O3 -DNDEBUG -DPITO_ECS_OWNED_DELETE_ATOMIC=1",8,100000,pito,owned_initialize,ecs_create_owned_sharded,8,500,3,69.930000
aalair,"Apple M3",8,"Darwin 27.0.0 arm64","Apple LLVM 21.0.0 (clang-2100.3.34.2)"," -O3 -DNDEBUG -DPITO_ECS_OWNED_DELETE_ATOMIC=1",8,100000,pito,owned_initialize,ecs_create_owned_sharded,8,500,4,66.353000
aalair,"Apple M3",8,"Darwin 27.0.0 arm64","Apple LLVM 21.0.0 (clang-2100.3.34.2)"," -O3 -DNDEBUG -DPITO_ECS_OWNED_DELETE_ATOMIC=1",8,100000,pito,owned_initialize,ecs_create_owned_sharded,8,500,5,69.157000
aalair,"Apple M3",8,"Darwin 27.0.0 arm64","Apple LLVM 21.0.0 (clang-2100.3.34.2)"," -O3 -DNDEBUG -DPITO_ECS_OWNED_DELETE_ATOMIC=1",8,100000,pito,owned_initialize,ecs_create_owned_sharded,8,500,6,67.667000
aalair,"Apple M3",8,"Darwin 27.0.0 arm64","Apple LLVM 21.0.0 (clang-2100.3.34.2)"," -O3 -DNDEBUG -DPITO_ECS_OWNED_DELETE_ATOMIC=1",8,100000,pito,owned_initialize,ecs_create_owned_sharded,8,500,7,80.291000
aalair,"Apple M3",8,"Darwin 27.0.0 arm64","Apple LLVM 21.0.0 (clang-2100.3.34.2)"," -O3 -DNDEBUG -DPITO_ECS_OWNED_DELETE_ATOMIC=1",8,100000,pito,owned_initialize,ecs_create_owned_sharded,8,500,8,74.602000
aalair,"Apple M3",8,"Darwin 27.0.0 arm64","Apple LLVM 21.0.0 (clang-2100.3.34.2)"," -O3 -DNDEBUG -DPITO_ECS_OWNED_DELETE_ATOMIC=1",8,100000,pito,owned_initialize,ecs_create_owned_sharded,8,500,9,66.359000
aalair,"Apple M3",8,"Darwin 27.0.0 arm64","Apple LLVM 21.0.0 (clang-2100.3.34.2)"," -O3 -DNDEBUG -DPITO_ECS_OWNED_DELETE_ATOMIC=1",8,100000,pito,owned_initialize,ecs_create_owned_sharded,8,500,10,71.384000
aalair,"Apple M3",8,"Darwin 27.0.0 arm64","Apple LLVM 21.0.0 (clang-2100.3.34.2)"," -O3 -DNDEBUG -DPITO_ECS_OWNED_DELETE_ATOMIC=1",8,100000,pito,owned_initialize,ecs_create_owned_sharded,8,500,11,70.373000
aalair,"Apple M3",8,"Darwin 27.0.0 arm64","Apple LLVM 21.0.0 (clang-2100.3.34.2)"," -O3 -DNDEBUG -DPITO_ECS_OWNED_DELETE_ATOMIC=1",8,100000,pito,owned_initialize,ecs_create_owned_sharded,8,500,12,68.871000
aalair,"Apple M3",8,"Darwin 27.0.0 arm64","Apple LLVM 21.0.0 (clang-2100.3.34.2)"," -O3 -DNDEBUG -DPITO_ECS_OWNED_DELETE_ATOMIC=1",8,100000,pito,owned_initialize,ecs_create_owned_sharded,8,500,13,69.342000
aalair,"Apple M3",8,"Darwin 27.0.0 arm64","Apple LLVM 21.0.0 (clang-2100.3.34.2)"," -O3 -DNDEBUG -DPITO_ECS_OWNED_DELETE_ATOMIC=1",8,100000,pito,owned_initialize,ecs_create_owned_sharded,8,500,14,76.605000
aalair,"Apple M3",8,"Darwin 27.0.0 arm64","Apple LLVM 21.0.0 (clang-2100.3.34.2)"," -O3 -DNDEBUG -DPITO_ECS_OWNED_DELETE_ATOMIC=1",8,100000,pito,owned_initialize,ecs_create_owned_sharded,8,500,15,69.861000
aalair,"Apple M3",8,"Darwin 27.0.0 arm64","Apple LLVM 21.0.0 (clang-2100.3.34.2)"," -O3 -DNDEBUG -DPITO_ECS_OWNED_DELETE_ATOMIC=1",8,100000,pito,owned_initialize,ecs_create_owned_sharded,8,500,16,69.521000
