host,cpu,hardware_threads,os,compiler,flags,systems,entities,lib,bench,variant,threads,work_iterations,run,ms
khanvm1,"AMD EPYC-Milan Processor",32,"Linux 7.0.0-27-generic x86_64","15.2.0"," -O3 -DNDEBUG",32,100000,pico,owned_update,,1,0,1,3.441845
khanvm1,"AMD EPYC-Milan Processor",32,"Linux 7.0.0-27-generic x86_64","15.2.0"," -O3 -DNDEBUG",32,100000,pico,owned_update,,1,0,2,3.439775
khanvm1,"AMD EPYC-Milan Processor",32,"Linux 7.0.0-27-generic x86_64","15.2.0"," -O3 -DNDEBUG",32,100000,pico,owned_update,,1,0,3,3.405725
khanvm1,"AMD EPYC-Milan Processor",32,"Linux 7.0.0-27-generic x86_64","15.2.0"," -O3 -DNDEBUG",32,100000,pico,owned_update,,1,0,4,3.430196
khanvm1,"AMD EPYC-Milan Processor",32,"Linux 7.0.0-27-generic x86_64","15.2.0"," -O3 -DNDEBUG",32,100000,pico,owned_update,,1,0,5,3.422105
khanvm1,"AMD EPYC-Milan Processor",32,"Linux 7.0.0-27-generic x86_64","15.2.0"," -O3 -DNDEBUG",32,100000,pico,owned_update,,1,0,6,3.404655
khanvm1,"AMD EPYC-Milan Processor",32,"Linux 7.0.0-27-generic x86_64","15.2.0"," -O3 -DNDEBUG",32,100000,pico,owned_update,,1,0,7,3.424747
khanvm1,"AMD EPYC-Milan Processor",32,"Linux 7.0.0-27-generic x86_64","15.2.0"," -O3 -DNDEBUG",32,100000,pico,owned_update,,1,0,8,3.446594
khanvm1,"AMD EPYC-Milan Processor",32,"Linux 7.0.0-27-generic x86_64","15.2.0"," -O3 -DNDEBUG",32,100000,pico,owned_update,,1,0,9,3.433113
khanvm1,"AMD EPYC-Milan Processor",32,"Linux 7.0.0-27-generic x86_64","15.2.0"," -O3 -DNDEBUG",32,100000,pico,owned_update,,1,0,10,3.447124
khanvm1,"AMD EPYC-Milan Processor",32,"Linux 7.0.0-27-generic x86_64","15.2.0"," -O3 -DNDEBUG",32,100000,pico,owned_update,,1,10,1,18.122451
khanvm1,"AMD EPYC-Milan Processor",32,"Linux 7.0.0-27-generic x86_64","15.2.0"," -O3 -DNDEBUG",32,100000,pico,owned_update,,1,10,2,18.142112
khanvm1,"AMD EPYC-Milan Processor",32,"Linux 7.0.0-27-generic x86_64","15.2.0"," -O3 -DNDEBUG",32,100000,pico,owned_update,,1,10,3,18.231442
khanvm1,"AMD EPYC-Milan Processor",32,"Linux 7.0.0-27-generic x86_64","15.2.0"," -O3 -DNDEBUG",32,100000,pico,owned_update,,1,10,4,18.204563
khanvm1,"AMD EPYC-Milan Processor",32,"Linux 7.0.0-27-generic x86_64","15.2.0"," -O3 -DNDEBUG",32,100000,pico,owned_update,,1,10,5,18.158441
khanvm1,"AMD EPYC-Milan Processor",32,"Linux 7.0.0-27-generic x86_64","15.2.0"," -O3 -DNDEBUG",32,100000,pico,owned_update,,1,10,6,18.061120
khanvm1,"AMD EPYC-Milan Processor",32,"Linux 7.0.0-27-generic x86_64","15.2.0"," -O3 -DNDEBUG",32,100000,pico,owned_update,,1,10,7,18.087979
khanvm1,"AMD EPYC-Milan Processor",32,"Linux 7.0.0-27-generic x86_64","15.2.0"," -O3 -DNDEBUG",32,100000,pico,owned_update,,1,10,8,18.074161
khanvm1,"AMD EPYC-Milan Processor",32,"Linux 7.0.0-27-generic x86_64","15.2.0"," -O3 -DNDEBUG",32,100000,pico,owned_update,,1,10,9,18.061521
khanvm1,"AMD EPYC-Milan Processor",32,"Linux 7.0.0-27-generic x86_64","15.2.0"," -O3 -DNDEBUG",32,100000,pico,owned_update,,1,10,10,18.179232
khanvm1,"AMD EPYC-Milan Processor",32,"Linux 7.0.0-27-generic x86_64","15.2.0"," -O3 -DNDEBUG",32,100000,pico,owned_update,,1,500,1,2970.778060
khanvm1,"AMD EPYC-Milan Processor",32,"Linux 7.0.0-27-generic x86_64","15.2.0"," -O3 -DNDEBUG",32,100000,pico,owned_update,,1,500,2,2966.823293
khanvm1,"AMD EPYC-Milan Processor",32,"Linux 7.0.0-27-generic x86_64","15.2.0"," -O3 -DNDEBUG",32,100000,pico,owned_update,,1,500,3,2970.603009
khanvm1,"AMD EPYC-Milan Processor",32,"Linux 7.0.0-27-generic x86_64","15.2.0"," -O3 -DNDEBUG",32,100000,pico,owned_update,,1,500,4,2975.385684
khanvm1,"AMD EPYC-Milan Processor",32,"Linux 7.0.0-27-generic x86_64","15.2.0"," -O3 -DNDEBUG",32,100000,pico,owned_update,,1,500,5,2969.330560
khanvm1,"AMD EPYC-Milan Processor",32,"Linux 7.0.0-27-generic x86_64","15.2.0"," -O3 -DNDEBUG",32,100000,pico,owned_update,,1,500,6,2968.949907
khanvm1,"AMD EPYC-Milan Processor",32,"Linux 7.0.0-27-generic x86_64","15.2.0"," -O3 -DNDEBUG",32,100000,pico,owned_update,,1,500,7,2970.286667
khanvm1,"AMD EPYC-Milan Processor",32,"Linux 7.0.0-27-generic x86_64","15.2.0"," -O3 -DNDEBUG",32,100000,pico,owned_update,,1,500,8,2975.352733
khanvm1,"AMD EPYC-Milan Processor",32,"Linux 7.0.0-27-generic x86_64","15.2.0"," -O3 -DNDEBUG",32,100000,pico,owned_update,,1,500,9,2968.722405
khanvm1,"AMD EPYC-Milan Processor",32,"Linux 7.0.0-27-generic x86_64","15.2.0"," -O3 -DNDEBUG",32,100000,pico,owned_update,,1,500,10,2967.787899
khanvm1,"AMD EPYC-Milan Processor",32,"Linux 7.0.0-27-generic x86_64","15.2.0"," -O3 -DNDEBUG",32,100000,flecs,owned_update,,1,0,1,21.677767
khanvm1,"AMD EPYC-Milan Processor",32,"Linux 7.0.0-27-generic x86_64","15.2.0"," -O3 -DNDEBUG",32,100000,flecs,owned_update,,1,0,2,22.275432
khanvm1,"AMD EPYC-Milan Processor",32,"Linux 7.0.0-27-generic x86_64","15.2.0"," -O3 -DNDEBUG",32,100000,flecs,owned_update,,1,0,3,21.077792
khanvm1,"AMD EPYC-Milan Processor",32,"Linux 7.0.0-27-generic x86_64","15.2.0"," -O3 -DNDEBUG",32,100000,flecs,owned_update,,1,0,4,20.798289
khanvm1,"AMD EPYC-Milan Processor",32,"Linux 7.0.0-27-generic x86_64","15.2.0"," -O3 -DNDEBUG",32,100000,flecs,owned_update,,1,0,5,20.861471
khanvm1,"AMD EPYC-Milan Processor",32,"Linux 7.0.0-27-generic x86_64","15.2.0"," -O3 -DNDEBUG",32,100000,flecs,owned_update,,1,0,6,20.869231
khanvm1,"AMD EPYC-Milan Processor",32,"Linux 7.0.0-27-generic x86_64","15.2.0"," -O3 -DNDEBUG",32,100000,flecs,owned_update,,1,0,7,20.809150
khanvm1,"AMD EPYC-Milan Processor",32,"Linux 7.0.0-27-generic x86_64","15.2.0"," -O3 -DNDEBUG",32,100000,flecs,owned_update,,1,0,8,20.399528
khanvm1,"AMD EPYC-Milan Processor",32,"Linux 7.0.0-27-generic x86_64","15.2.0"," -O3 -DNDEBUG",32,100000,flecs,owned_update,,1,0,9,21.575616
khanvm1,"AMD EPYC-Milan Processor",32,"Linux 7.0.0-27-generic x86_64","15.2.0"," -O3 -DNDEBUG",32,100000,flecs,owned_update,,1,0,10,21.715387
khanvm1,"AMD EPYC-Milan Processor",32,"Linux 7.0.0-27-generic x86_64","15.2.0"," -O3 -DNDEBUG",32,100000,flecs,owned_update,,1,0,11,21.365085
khanvm1,"AMD EPYC-Milan Processor",32,"Linux 7.0.0-27-generic x86_64","15.2.0"," -O3 -DNDEBUG",32,100000,flecs,owned_update,,1,10,1,32.509254
khanvm1,"AMD EPYC-Milan Processor",32,"Linux 7.0.0-27-generic x86_64","15.2.0"," -O3 -DNDEBUG",32,100000,flecs,owned_update,,1,10,2,32.493724
khanvm1,"AMD EPYC-Milan Processor",32,"Linux 7.0.0-27-generic x86_64","15.2.0"," -O3 -DNDEBUG",32,100000,flecs,owned_update,,1,10,3,32.608585
khanvm1,"AMD EPYC-Milan Processor",32,"Linux 7.0.0-27-generic x86_64","15.2.0"," -O3 -DNDEBUG",32,100000,flecs,owned_update,,1,10,4,32.400134
khanvm1,"AMD EPYC-Milan Processor",32,"Linux 7.0.0-27-generic x86_64","15.2.0"," -O3 -DNDEBUG",32,100000,flecs,owned_update,,1,10,5,32.420915
khanvm1,"AMD EPYC-Milan Processor",32,"Linux 7.0.0-27-generic x86_64","15.2.0"," -O3 -DNDEBUG",32,100000,flecs,owned_update,,1,10,6,32.427094
khanvm1,"AMD EPYC-Milan Processor",32,"Linux 7.0.0-27-generic x86_64","15.2.0"," -O3 -DNDEBUG",32,100000,flecs,owned_update,,1,10,7,32.534954
khanvm1,"AMD EPYC-Milan Processor",32,"Linux 7.0.0-27-generic x86_64","15.2.0"," -O3 -DNDEBUG",32,100000,flecs,owned_update,,1,10,8,32.439183
khanvm1,"AMD EPYC-Milan Processor",32,"Linux 7.0.0-27-generic x86_64","15.2.0"," -O3 -DNDEBUG",32,100000,flecs,owned_update,,1,10,9,32.528913
khanvm1,"AMD EPYC-Milan Processor",32,"Linux 7.0.0-27-generic x86_64","15.2.0"," -O3 -DNDEBUG",32,100000,flecs,owned_update,,1,10,10,32.571746
khanvm1,"AMD EPYC-Milan Processor",32,"Linux 7.0.0-27-generic x86_64","15.2.0"," -O3 -DNDEBUG",32,100000,flecs,owned_update,,1,500,1,2991.415648
khanvm1,"AMD EPYC-Milan Processor",32,"Linux 7.0.0-27-generic x86_64","15.2.0"," -O3 -DNDEBUG",32,100000,flecs,owned_update,,1,500,2,2994.206588
khanvm1,"AMD EPYC-Milan Processor",32,"Linux 7.0.0-27-generic x86_64","15.2.0"," -O3 -DNDEBUG",32,100000,flecs,owned_update,,1,500,3,2994.504871
khanvm1,"AMD EPYC-Milan Processor",32,"Linux 7.0.0-27-generic x86_64","15.2.0"," -O3 -DNDEBUG",32,100000,flecs,owned_update,,1,500,4,2995.074734
khanvm1,"AMD EPYC-Milan Processor",32,"Linux 7.0.0-27-generic x86_64","15.2.0"," -O3 -DNDEBUG",32,100000,flecs,owned_update,,1,500,5,2998.481460
khanvm1,"AMD EPYC-Milan Processor",32,"Linux 7.0.0-27-generic x86_64","15.2.0"," -O3 -DNDEBUG",32,100000,flecs,owned_update,,1,500,6,2993.326992
khanvm1,"AMD EPYC-Milan Processor",32,"Linux 7.0.0-27-generic x86_64","15.2.0"," -O3 -DNDEBUG",32,100000,flecs,owned_update,,1,500,7,2996.763458
khanvm1,"AMD EPYC-Milan Processor",32,"Linux 7.0.0-27-generic x86_64","15.2.0"," -O3 -DNDEBUG",32,100000,flecs,owned_update,,1,500,8,2999.152055
khanvm1,"AMD EPYC-Milan Processor",32,"Linux 7.0.0-27-generic x86_64","15.2.0"," -O3 -DNDEBUG",32,100000,flecs,owned_update,,1,500,9,2995.015545
khanvm1,"AMD EPYC-Milan Processor",32,"Linux 7.0.0-27-generic x86_64","15.2.0"," -O3 -DNDEBUG",32,100000,flecs,owned_update,,1,500,10,2996.751838
khanvm1,"AMD EPYC-Milan Processor",32,"Linux 7.0.0-27-generic x86_64","15.2.0"," -O3 -DNDEBUG",32,100000,flecs,owned_update,,2,0,1,46.961868
khanvm1,"AMD EPYC-Milan Processor",32,"Linux 7.0.0-27-generic x86_64","15.2.0"," -O3 -DNDEBUG",32,100000,flecs,owned_update,,2,0,2,45.569258
khanvm1,"AMD EPYC-Milan Processor",32,"Linux 7.0.0-27-generic x86_64","15.2.0"," -O3 -DNDEBUG",32,100000,flecs,owned_update,,2,0,3,47.090159
khanvm1,"AMD EPYC-Milan Processor",32,"Linux 7.0.0-27-generic x86_64","15.2.0"," -O3 -DNDEBUG",32,100000,flecs,owned_update,,2,0,4,46.278543
khanvm1,"AMD EPYC-Milan Processor",32,"Linux 7.0.0-27-generic x86_64","15.2.0"," -O3 -DNDEBUG",32,100000,flecs,owned_update,,2,0,5,46.710756
khanvm1,"AMD EPYC-Milan Processor",32,"Linux 7.0.0-27-generic x86_64","15.2.0"," -O3 -DNDEBUG",32,100000,flecs,owned_update,,2,0,6,45.212875
khanvm1,"AMD EPYC-Milan Processor",32,"Linux 7.0.0-27-generic x86_64","15.2.0"," -O3 -DNDEBUG",32,100000,flecs,owned_update,,2,0,7,47.082988
khanvm1,"AMD EPYC-Milan Processor",32,"Linux 7.0.0-27-generic x86_64","15.2.0"," -O3 -DNDEBUG",32,100000,flecs,owned_update,,2,0,8,45.625030
khanvm1,"AMD EPYC-Milan Processor",32,"Linux 7.0.0-27-generic x86_64","15.2.0"," -O3 -DNDEBUG",32,100000,flecs,owned_update,,2,0,9,46.421105
khanvm1,"AMD EPYC-Milan Processor",32,"Linux 7.0.0-27-generic x86_64","15.2.0"," -O3 -DNDEBUG",32,100000,flecs,owned_update,,2,0,10,45.320737
khanvm1,"AMD EPYC-Milan Processor",32,"Linux 7.0.0-27-generic x86_64","15.2.0"," -O3 -DNDEBUG",32,100000,flecs,owned_update,,2,10,1,49.776759
khanvm1,"AMD EPYC-Milan Processor",32,"Linux 7.0.0-27-generic x86_64","15.2.0"," -O3 -DNDEBUG",32,100000,flecs,owned_update,,2,10,2,51.397010
khanvm1,"AMD EPYC-Milan Processor",32,"Linux 7.0.0-27-generic x86_64","15.2.0"," -O3 -DNDEBUG",32,100000,flecs,owned_update,,2,10,3,50.436883
khanvm1,"AMD EPYC-Milan Processor",32,"Linux 7.0.0-27-generic x86_64","15.2.0"," -O3 -DNDEBUG",32,100000,flecs,owned_update,,2,10,4,50.996607
khanvm1,"AMD EPYC-Milan Processor",32,"Linux 7.0.0-27-generic x86_64","15.2.0"," -O3 -DNDEBUG",32,100000,flecs,owned_update,,2,10,5,48.845931
khanvm1,"AMD EPYC-Milan Processor",32,"Linux 7.0.0-27-generic x86_64","15.2.0"," -O3 -DNDEBUG",32,100000,flecs,owned_update,,2,10,6,51.449591
khanvm1,"AMD EPYC-Milan Processor",32,"Linux 7.0.0-27-generic x86_64","15.2.0"," -O3 -DNDEBUG",32,100000,flecs,owned_update,,2,10,7,49.796948
khanvm1,"AMD EPYC-Milan Processor",32,"Linux 7.0.0-27-generic x86_64","15.2.0"," -O3 -DNDEBUG",32,100000,flecs,owned_update,,2,10,8,51.378449
khanvm1,"AMD EPYC-Milan Processor",32,"Linux 7.0.0-27-generic x86_64","15.2.0"," -O3 -DNDEBUG",32,100000,flecs,owned_update,,2,10,9,47.328461
khanvm1,"AMD EPYC-Milan Processor",32,"Linux 7.0.0-27-generic x86_64","15.2.0"," -O3 -DNDEBUG",32,100000,flecs,owned_update,,2,10,10,51.535641
khanvm1,"AMD EPYC-Milan Processor",32,"Linux 7.0.0-27-generic x86_64","15.2.0"," -O3 -DNDEBUG",32,100000,flecs,owned_update,,2,10,11,50.310142
khanvm1,"AMD EPYC-Milan Processor",32,"Linux 7.0.0-27-generic x86_64","15.2.0"," -O3 -DNDEBUG",32,100000,flecs,owned_update,,2,500,1,1530.633877
khanvm1,"AMD EPYC-Milan Processor",32,"Linux 7.0.0-27-generic x86_64","15.2.0"," -O3 -DNDEBUG",32,100000,flecs,owned_update,,2,500,2,1541.917328
khanvm1,"AMD EPYC-Milan Processor",32,"Linux 7.0.0-27-generic x86_64","15.2.0"," -O3 -DNDEBUG",32,100000,flecs,owned_update,,2,500,3,1528.593930
khanvm1,"AMD EPYC-Milan Processor",32,"Linux 7.0.0-27-generic x86_64","15.2.0"," -O3 -DNDEBUG",32,100000,flecs,owned_update,,2,500,4,1530.325594
khanvm1,"AMD EPYC-Milan Processor",32,"Linux 7.0.0-27-generic x86_64","15.2.0"," -O3 -DNDEBUG",32,100000,flecs,owned_update,,2,500,5,1539.330879
khanvm1,"AMD EPYC-Milan Processor",32,"Linux 7.0.0-27-generic x86_64","15.2.0"," -O3 -DNDEBUG",32,100000,flecs,owned_update,,2,500,6,1529.377666
khanvm1,"AMD EPYC-Milan Processor",32,"Linux 7.0.0-27-generic x86_64","15.2.0"," -O3 -DNDEBUG",32,100000,flecs,owned_update,,2,500,7,1526.873009
khanvm1,"AMD EPYC-Milan Processor",32,"Linux 7.0.0-27-generic x86_64","15.2.0"," -O3 -DNDEBUG",32,100000,flecs,owned_update,,2,500,8,1536.166356
khanvm1,"AMD EPYC-Milan Processor",32,"Linux 7.0.0-27-generic x86_64","15.2.0"," -O3 -DNDEBUG",32,100000,flecs,owned_update,,2,500,9,1546.597371
khanvm1,"AMD EPYC-Milan Processor",32,"Linux 7.0.0-27-generic x86_64","15.2.0"," -O3 -DNDEBUG",32,100000,flecs,owned_update,,2,500,10,1526.891480
khanvm1,"AMD EPYC-Milan Processor",32,"Linux 7.0.0-27-generic x86_64","15.2.0"," -O3 -DNDEBUG",32,100000,flecs,owned_update,,4,0,1,45.476308
khanvm1,"AMD EPYC-Milan Processor",32,"Linux 7.0.0-27-generic x86_64","15.2.0"," -O3 -DNDEBUG",32,100000,flecs,owned_update,,4,0,2,45.895781
khanvm1,"AMD EPYC-Milan Processor",32,"Linux 7.0.0-27-generic x86_64","15.2.0"," -O3 -DNDEBUG",32,100000,flecs,owned_update,,4,0,3,47.271181
khanvm1,"AMD EPYC-Milan Processor",32,"Linux 7.0.0-27-generic x86_64","15.2.0"," -O3 -DNDEBUG",32,100000,flecs,owned_update,,4,0,4,45.692288
khanvm1,"AMD EPYC-Milan Processor",32,"Linux 7.0.0-27-generic x86_64","15.2.0"," -O3 -DNDEBUG",32,100000,flecs,owned_update,,4,0,5,47.883195
khanvm1,"AMD EPYC-Milan Processor",32,"Linux 7.0.0-27-generic x86_64","15.2.0"," -O3 -DNDEBUG",32,100000,flecs,owned_update,,4,0,6,46.284453
khanvm1,"AMD EPYC-Milan Processor",32,"Linux 7.0.0-27-generic x86_64","15.2.0"," -O3 -DNDEBUG",32,100000,flecs,owned_update,,4,0,7,46.924438
khanvm1,"AMD EPYC-Milan Processor",32,"Linux 7.0.0-27-generic x86_64","15.2.0"," -O3 -DNDEBUG",32,100000,flecs,owned_update,,4,0,8,48.598269
khanvm1,"AMD EPYC-Milan Processor",32,"Linux 7.0.0-27-generic x86_64","15.2.0"," -O3 -DNDEBUG",32,100000,flecs,owned_update,,4,0,9,50.739586
khanvm1,"AMD EPYC-Milan Processor",32,"Linux 7.0.0-27-generic x86_64","15.2.0"," -O3 -DNDEBUG",32,100000,flecs,owned_update,,4,0,10,43.958655
khanvm1,"AMD EPYC-Milan Processor",32,"Linux 7.0.0-27-generic x86_64","15.2.0"," -O3 -DNDEBUG",32,100000,flecs,owned_update,,4,0,11,48.373268
khanvm1,"AMD EPYC-Milan Processor",32,"Linux 7.0.0-27-generic x86_64","15.2.0"," -O3 -DNDEBUG",32,100000,flecs,owned_update,,4,10,1,54.651303
khanvm1,"AMD EPYC-Milan Processor",32,"Linux 7.0.0-27-generic x86_64","15.2.0"," -O3 -DNDEBUG",32,100000,flecs,owned_update,,4,10,2,51.420421
khanvm1,"AMD EPYC-Milan Processor",32,"Linux 7.0.0-27-generic x86_64","15.2.0"," -O3 -DNDEBUG",32,100000,flecs,owned_update,,4,10,3,48.615080
khanvm1,"AMD EPYC-Milan Processor",32,"Linux 7.0.0-27-generic x86_64","15.2.0"," -O3 -DNDEBUG",32,100000,flecs,owned_update,,4,10,4,47.187960
khanvm1,"AMD EPYC-Milan Processor",32,"Linux 7.0.0-27-generic x86_64","15.2.0"," -O3 -DNDEBUG",32,100000,flecs,owned_update,,4,10,5,48.063506
khanvm1,"AMD EPYC-Milan Processor",32,"Linux 7.0.0-27-generic x86_64","15.2.0"," -O3 -DNDEBUG",32,100000,flecs,owned_update,,4,10,6,48.918733
khanvm1,"AMD EPYC-Milan Processor",32,"Linux 7.0.0-27-generic x86_64","15.2.0"," -O3 -DNDEBUG",32,100000,flecs,owned_update,,4,10,7,49.463626
khanvm1,"AMD EPYC-Milan Processor",32,"Linux 7.0.0-27-generic x86_64","15.2.0"," -O3 -DNDEBUG",32,100000,flecs,owned_update,,4,10,8,50.535885
khanvm1,"AMD EPYC-Milan Processor",32,"Linux 7.0.0-27-generic x86_64","15.2.0"," -O3 -DNDEBUG",32,100000,flecs,owned_update,,4,10,9,45.883309
khanvm1,"AMD EPYC-Milan Processor",32,"Linux 7.0.0-27-generic x86_64","15.2.0"," -O3 -DNDEBUG",32,100000,flecs,owned_update,,4,10,10,53.785109
khanvm1,"AMD EPYC-Milan Processor",32,"Linux 7.0.0-27-generic x86_64","15.2.0"," -O3 -DNDEBUG",32,100000,flecs,owned_update,,4,10,11,48.487919
khanvm1,"AMD EPYC-Milan Processor",32,"Linux 7.0.0-27-generic x86_64","15.2.0"," -O3 -DNDEBUG",32,100000,flecs,owned_update,,4,10,12,47.888535
khanvm1,"AMD EPYC-Milan Processor",32,"Linux 7.0.0-27-generic x86_64","15.2.0"," -O3 -DNDEBUG",32,100000,flecs,owned_update,,4,10,13,49.525277
khanvm1,"AMD EPYC-Milan Processor",32,"Linux 7.0.0-27-generic x86_64","15.2.0"," -O3 -DNDEBUG",32,100000,flecs,owned_update,,4,10,14,45.228936
khanvm1,"AMD EPYC-Milan Processor",32,"Linux 7.0.0-27-generic x86_64","15.2.0"," -O3 -DNDEBUG",32,100000,flecs,owned_update,,4,10,15,47.534411
khanvm1,"AMD EPYC-Milan Processor",32,"Linux 7.0.0-27-generic x86_64","15.2.0"," -O3 -DNDEBUG",32,100000,flecs,owned_update,,4,10,16,49.873190
khanvm1,"AMD EPYC-Milan Processor",32,"Linux 7.0.0-27-generic x86_64","15.2.0"," -O3 -DNDEBUG",32,100000,flecs,owned_update,,4,500,1,782.889970
khanvm1,"AMD EPYC-Milan Processor",32,"Linux 7.0.0-27-generic x86_64","15.2.0"," -O3 -DNDEBUG",32,100000,flecs,owned_update,,4,500,2,782.482286
khanvm1,"AMD EPYC-Milan Processor",32,"Linux 7.0.0-27-generic x86_64","15.2.0"," -O3 -DNDEBUG",32,100000,flecs,owned_update,,4,500,3,782.492757
khanvm1,"AMD EPYC-Milan Processor",32,"Linux 7.0.0-27-generic x86_64","15.2.0"," -O3 -DNDEBUG",32,100000,flecs,owned_update,,4,500,4,782.768249
khanvm1,"AMD EPYC-Milan Processor",32,"Linux 7.0.0-27-generic x86_64","15.2.0"," -O3 -DNDEBUG",32,100000,flecs,owned_update,,4,500,5,783.464424
khanvm1,"AMD EPYC-Milan Processor",32,"Linux 7.0.0-27-generic x86_64","15.2.0"," -O3 -DNDEBUG",32,100000,flecs,owned_update,,4,500,6,783.703246
khanvm1,"AMD EPYC-Milan Processor",32,"Linux 7.0.0-27-generic x86_64","15.2.0"," -O3 -DNDEBUG",32,100000,flecs,owned_update,,4,500,7,790.977868
khanvm1,"AMD EPYC-Milan Processor",32,"Linux 7.0.0-27-generic x86_64","15.2.0"," -O3 -DNDEBUG",32,100000,flecs,owned_update,,4,500,8,827.575301
khanvm1,"AMD EPYC-Milan Processor",32,"Linux 7.0.0-27-generic x86_64","15.2.0"," -O3 -DNDEBUG",32,100000,flecs,owned_update,,4,500,9,783.568535
khanvm1,"AMD EPYC-Milan Processor",32,"Linux 7.0.0-27-generic x86_64","15.2.0"," -O3 -DNDEBUG",32,100000,flecs,owned_update,,4,500,10,782.230135
khanvm1,"AMD EPYC-Milan Processor",32,"Linux 7.0.0-27-generic x86_64","15.2.0"," -O3 -DNDEBUG",32,100000,flecs,owned_update,,4,500,11,785.469599
khanvm1,"AMD EPYC-Milan Processor",32,"Linux 7.0.0-27-generic x86_64","15.2.0"," -O3 -DNDEBUG",32,100000,flecs,owned_update,,8,0,1,53.102052
khanvm1,"AMD EPYC-Milan Processor",32,"Linux 7.0.0-27-generic x86_64","15.2.0"," -O3 -DNDEBUG",32,100000,flecs,owned_update,,8,0,2,51.176829
khanvm1,"AMD EPYC-Milan Processor",32,"Linux 7.0.0-27-generic x86_64","15.2.0"," -O3 -DNDEBUG",32,100000,flecs,owned_update,,8,0,3,48.023015
khanvm1,"AMD EPYC-Milan Processor",32,"Linux 7.0.0-27-generic x86_64","15.2.0"," -O3 -DNDEBUG",32,100000,flecs,owned_update,,8,0,4,54.265000
khanvm1,"AMD EPYC-Milan Processor",32,"Linux 7.0.0-27-generic x86_64","15.2.0"," -O3 -DNDEBUG",32,100000,flecs,owned_update,,8,0,5,53.806078
khanvm1,"AMD EPYC-Milan Processor",32,"Linux 7.0.0-27-generic x86_64","15.2.0"," -O3 -DNDEBUG",32,100000,flecs,owned_update,,8,0,6,54.346831
khanvm1,"AMD EPYC-Milan Processor",32,"Linux 7.0.0-27-generic x86_64","15.2.0"," -O3 -DNDEBUG",32,100000,flecs,owned_update,,8,0,7,50.928046
khanvm1,"AMD EPYC-Milan Processor",32,"Linux 7.0.0-27-generic x86_64","15.2.0"," -O3 -DNDEBUG",32,100000,flecs,owned_update,,8,0,8,53.603146
khanvm1,"AMD EPYC-Milan Processor",32,"Linux 7.0.0-27-generic x86_64","15.2.0"," -O3 -DNDEBUG",32,100000,flecs,owned_update,,8,0,9,51.242029
khanvm1,"AMD EPYC-Milan Processor",32,"Linux 7.0.0-27-generic x86_64","15.2.0"," -O3 -DNDEBUG",32,100000,flecs,owned_update,,8,0,10,50.530845
khanvm1,"AMD EPYC-Milan Processor",32,"Linux 7.0.0-27-generic x86_64","15.2.0"," -O3 -DNDEBUG",32,100000,flecs,owned_update,,8,0,11,45.738279
khanvm1,"AMD EPYC-Milan Processor",32,"Linux 7.0.0-27-generic x86_64","15.2.0"," -O3 -DNDEBUG",32,100000,flecs,owned_update,,8,0,12,52.560869
khanvm1,"AMD EPYC-Milan Processor",32,"Linux 7.0.0-27-generic x86_64","15.2.0"," -O3 -DNDEBUG",32,100000,flecs,owned_update,,8,0,13,48.837011
khanvm1,"AMD EPYC-Milan Processor",32,"Linux 7.0.0-27-generic x86_64","15.2.0"," -O3 -DNDEBUG",32,100000,flecs,owned_update,,8,0,14,52.697470
khanvm1,"AMD EPYC-Milan Processor",32,"Linux 7.0.0-27-generic x86_64","15.2.0"," -O3 -DNDEBUG",32,100000,flecs,owned_update,,8,0,15,50.200501
khanvm1,"AMD EPYC-Milan Processor",32,"Linux 7.0.0-27-generic x86_64","15.2.0"," -O3 -DNDEBUG",32,100000,flecs,owned_update,,8,0,16,49.771348
khanvm1,"AMD EPYC-Milan Processor",32,"Linux 7.0.0-27-generic x86_64","15.2.0"," -O3 -DNDEBUG",32,100000,flecs,owned_update,,8,10,1,52.747200
khanvm1,"AMD EPYC-Milan Processor",32,"Linux 7.0.0-27-generic x86_64","15.2.0"," -O3 -DNDEBUG",32,100000,flecs,owned_update,,8,10,2,58.941105
khanvm1,"AMD EPYC-Milan Processor",32,"Linux 7.0.0-27-generic x86_64","15.2.0"," -O3 -DNDEBUG",32,100000,flecs,owned_update,,8,10,3,56.031764
khanvm1,"AMD EPYC-Milan Processor",32,"Linux 7.0.0-27-generic x86_64","15.2.0"," -O3 -DNDEBUG",32,100000,flecs,owned_update,,8,10,4,51.592081
khanvm1,"AMD EPYC-Milan Processor",32,"Linux 7.0.0-27-generic x86_64","15.2.0"," -O3 -DNDEBUG",32,100000,flecs,owned_update,,8,10,5,55.789751
khanvm1,"AMD EPYC-Milan Processor",32,"Linux 7.0.0-27-generic x86_64","15.2.0"," -O3 -DNDEBUG",32,100000,flecs,owned_update,,8,10,6,54.671564
khanvm1,"AMD EPYC-Milan Processor",32,"Linux 7.0.0-27-generic x86_64","15.2.0"," -O3 -DNDEBUG",32,100000,flecs,owned_update,,8,10,7,50.745035
khanvm1,"AMD EPYC-Milan Processor",32,"Linux 7.0.0-27-generic x86_64","15.2.0"," -O3 -DNDEBUG",32,100000,flecs,owned_update,,8,10,8,52.335966
khanvm1,"AMD EPYC-Milan Processor",32,"Linux 7.0.0-27-generic x86_64","15.2.0"," -O3 -DNDEBUG",32,100000,flecs,owned_update,,8,10,9,53.733335
khanvm1,"AMD EPYC-Milan Processor",32,"Linux 7.0.0-27-generic x86_64","15.2.0"," -O3 -DNDEBUG",32,100000,flecs,owned_update,,8,10,10,49.988381
khanvm1,"AMD EPYC-Milan Processor",32,"Linux 7.0.0-27-generic x86_64","15.2.0"," -O3 -DNDEBUG",32,100000,flecs,owned_update,,8,10,11,55.428539
khanvm1,"AMD EPYC-Milan Processor",32,"Linux 7.0.0-27-generic x86_64","15.2.0"," -O3 -DNDEBUG",32,100000,flecs,owned_update,,8,10,12,52.371707
khanvm1,"AMD EPYC-Milan Processor",32,"Linux 7.0.0-27-generic x86_64","15.2.0"," -O3 -DNDEBUG",32,100000,flecs,owned_update,,8,10,13,49.691869
khanvm1,"AMD EPYC-Milan Processor",32,"Linux 7.0.0-27-generic x86_64","15.2.0"," -O3 -DNDEBUG",32,100000,flecs,owned_update,,8,10,14,54.978376
khanvm1,"AMD EPYC-Milan Processor",32,"Linux 7.0.0-27-generic x86_64","15.2.0"," -O3 -DNDEBUG",32,100000,flecs,owned_update,,8,500,1,413.319367
khanvm1,"AMD EPYC-Milan Processor",32,"Linux 7.0.0-27-generic x86_64","15.2.0"," -O3 -DNDEBUG",32,100000,flecs,owned_update,,8,500,2,410.447607
khanvm1,"AMD EPYC-Milan Processor",32,"Linux 7.0.0-27-generic x86_64","15.2.0"," -O3 -DNDEBUG",32,100000,flecs,owned_update,,8,500,3,411.966388
khanvm1,"AMD EPYC-Milan Processor",32,"Linux 7.0.0-27-generic x86_64","15.2.0"," -O3 -DNDEBUG",32,100000,flecs,owned_update,,8,500,4,411.035082
khanvm1,"AMD EPYC-Milan Processor",32,"Linux 7.0.0-27-generic x86_64","15.2.0"," -O3 -DNDEBUG",32,100000,flecs,owned_update,,8,500,5,412.068558
khanvm1,"AMD EPYC-Milan Processor",32,"Linux 7.0.0-27-generic x86_64","15.2.0"," -O3 -DNDEBUG",32,100000,flecs,owned_update,,8,500,6,412.623954
khanvm1,"AMD EPYC-Milan Processor",32,"Linux 7.0.0-27-generic x86_64","15.2.0"," -O3 -DNDEBUG",32,100000,flecs,owned_update,,8,500,7,413.213707
khanvm1,"AMD EPYC-Milan Processor",32,"Linux 7.0.0-27-generic x86_64","15.2.0"," -O3 -DNDEBUG",32,100000,flecs,owned_update,,8,500,8,411.900685
khanvm1,"AMD EPYC-Milan Processor",32,"Linux 7.0.0-27-generic x86_64","15.2.0"," -O3 -DNDEBUG",32,100000,flecs,owned_update,,8,500,9,412.498281
khanvm1,"AMD EPYC-Milan Processor",32,"Linux 7.0.0-27-generic x86_64","15.2.0"," -O3 -DNDEBUG",32,100000,flecs,owned_update,,8,500,10,411.820077
khanvm1,"AMD EPYC-Milan Processor",32,"Linux 7.0.0-27-generic x86_64","15.2.0"," -O3 -DNDEBUG",32,100000,flecs,owned_update,,16,0,1,62.022598
khanvm1,"AMD EPYC-Milan Processor",32,"Linux 7.0.0-27-generic x86_64","15.2.0"," -O3 -DNDEBUG",32,100000,flecs,owned_update,,16,0,2,64.678976
khanvm1,"AMD EPYC-Milan Processor",32,"Linux 7.0.0-27-generic x86_64","15.2.0"," -O3 -DNDEBUG",32,100000,flecs,owned_update,,16,0,3,63.427968
khanvm1,"AMD EPYC-Milan Processor",32,"Linux 7.0.0-27-generic x86_64","15.2.0"," -O3 -DNDEBUG",32,100000,flecs,owned_update,,16,0,4,72.944946
khanvm1,"AMD EPYC-Milan Processor",32,"Linux 7.0.0-27-generic x86_64","15.2.0"," -O3 -DNDEBUG",32,100000,flecs,owned_update,,16,0,5,64.842548
khanvm1,"AMD EPYC-Milan Processor",32,"Linux 7.0.0-27-generic x86_64","15.2.0"," -O3 -DNDEBUG",32,100000,flecs,owned_update,,16,0,6,65.776464
khanvm1,"AMD EPYC-Milan Processor",32,"Linux 7.0.0-27-generic x86_64","15.2.0"," -O3 -DNDEBUG",32,100000,flecs,owned_update,,16,0,7,64.870538
khanvm1,"AMD EPYC-Milan Processor",32,"Linux 7.0.0-27-generic x86_64","15.2.0"," -O3 -DNDEBUG",32,100000,flecs,owned_update,,16,0,8,62.650301
khanvm1,"AMD EPYC-Milan Processor",32,"Linux 7.0.0-27-generic x86_64","15.2.0"," -O3 -DNDEBUG",32,100000,flecs,owned_update,,16,0,9,56.214955
khanvm1,"AMD EPYC-Milan Processor",32,"Linux 7.0.0-27-generic x86_64","15.2.0"," -O3 -DNDEBUG",32,100000,flecs,owned_update,,16,0,10,61.881986
khanvm1,"AMD EPYC-Milan Processor",32,"Linux 7.0.0-27-generic x86_64","15.2.0"," -O3 -DNDEBUG",32,100000,flecs,owned_update,,16,0,11,63.921220
khanvm1,"AMD EPYC-Milan Processor",32,"Linux 7.0.0-27-generic x86_64","15.2.0"," -O3 -DNDEBUG",32,100000,flecs,owned_update,,16,10,1,66.071466
khanvm1,"AMD EPYC-Milan Processor",32,"Linux 7.0.0-27-generic x86_64","15.2.0"," -O3 -DNDEBUG",32,100000,flecs,owned_update,,16,10,2,92.388157
khanvm1,"AMD EPYC-Milan Processor",32,"Linux 7.0.0-27-generic x86_64","15.2.0"," -O3 -DNDEBUG",32,100000,flecs,owned_update,,16,10,3,64.995179
khanvm1,"AMD EPYC-Milan Processor",32,"Linux 7.0.0-27-generic x86_64","15.2.0"," -O3 -DNDEBUG",32,100000,flecs,owned_update,,16,10,4,70.692698
khanvm1,"AMD EPYC-Milan Processor",32,"Linux 7.0.0-27-generic x86_64","15.2.0"," -O3 -DNDEBUG",32,100000,flecs,owned_update,,16,10,5,69.155898
khanvm1,"AMD EPYC-Milan Processor",32,"Linux 7.0.0-27-generic x86_64","15.2.0"," -O3 -DNDEBUG",32,100000,flecs,owned_update,,16,10,6,81.520987
khanvm1,"AMD EPYC-Milan Processor",32,"Linux 7.0.0-27-generic x86_64","15.2.0"," -O3 -DNDEBUG",32,100000,flecs,owned_update,,16,10,7,64.895416
khanvm1,"AMD EPYC-Milan Processor",32,"Linux 7.0.0-27-generic x86_64","15.2.0"," -O3 -DNDEBUG",32,100000,flecs,owned_update,,16,10,8,82.122781
khanvm1,"AMD EPYC-Milan Processor",32,"Linux 7.0.0-27-generic x86_64","15.2.0"," -O3 -DNDEBUG",32,100000,flecs,owned_update,,16,10,9,64.522694
khanvm1,"AMD EPYC-Milan Processor",32,"Linux 7.0.0-27-generic x86_64","15.2.0"," -O3 -DNDEBUG",32,100000,flecs,owned_update,,16,10,10,73.960981
khanvm1,"AMD EPYC-Milan Processor",32,"Linux 7.0.0-27-generic x86_64","15.2.0"," -O3 -DNDEBUG",32,100000,flecs,owned_update,,16,10,11,66.125816
khanvm1,"AMD EPYC-Milan Processor",32,"Linux 7.0.0-27-generic x86_64","15.2.0"," -O3 -DNDEBUG",32,100000,flecs,owned_update,,16,10,12,69.099028
khanvm1,"AMD EPYC-Milan Processor",32,"Linux 7.0.0-27-generic x86_64","15.2.0"," -O3 -DNDEBUG",32,100000,flecs,owned_update,,16,10,13,63.720120
khanvm1,"AMD EPYC-Milan Processor",32,"Linux 7.0.0-27-generic x86_64","15.2.0"," -O3 -DNDEBUG",32,100000,flecs,owned_update,,16,10,14,65.655262
khanvm1,"AMD EPYC-Milan Processor",32,"Linux 7.0.0-27-generic x86_64","15.2.0"," -O3 -DNDEBUG",32,100000,flecs,owned_update,,16,10,15,64.716177
khanvm1,"AMD EPYC-Milan Processor",32,"Linux 7.0.0-27-generic x86_64","15.2.0"," -O3 -DNDEBUG",32,100000,flecs,owned_update,,16,10,16,65.020099
khanvm1,"AMD EPYC-Milan Processor",32,"Linux 7.0.0-27-generic x86_64","15.2.0"," -O3 -DNDEBUG",32,100000,flecs,owned_update,,16,10,17,66.647181
khanvm1,"AMD EPYC-Milan Processor",32,"Linux 7.0.0-27-generic x86_64","15.2.0"," -O3 -DNDEBUG",32,100000,flecs,owned_update,,16,10,18,68.560285
khanvm1,"AMD EPYC-Milan Processor",32,"Linux 7.0.0-27-generic x86_64","15.2.0"," -O3 -DNDEBUG",32,100000,flecs,owned_update,,16,10,19,69.721162
khanvm1,"AMD EPYC-Milan Processor",32,"Linux 7.0.0-27-generic x86_64","15.2.0"," -O3 -DNDEBUG",32,100000,flecs,owned_update,,16,10,20,67.090493
khanvm1,"AMD EPYC-Milan Processor",32,"Linux 7.0.0-27-generic x86_64","15.2.0"," -O3 -DNDEBUG",32,100000,flecs,owned_update,,16,10,21,63.994652
khanvm1,"AMD EPYC-Milan Processor",32,"Linux 7.0.0-27-generic x86_64","15.2.0"," -O3 -DNDEBUG",32,100000,flecs,owned_update,,16,500,1,239.380566
khanvm1,"AMD EPYC-Milan Processor",32,"Linux 7.0.0-27-generic x86_64","15.2.0"," -O3 -DNDEBUG",32,100000,flecs,owned_update,,16,500,2,242.117325
khanvm1,"AMD EPYC-Milan Processor",32,"Linux 7.0.0-27-generic x86_64","15.2.0"," -O3 -DNDEBUG",32,100000,flecs,owned_update,,16,500,3,240.037047
khanvm1,"AMD EPYC-Milan Processor",32,"Linux 7.0.0-27-generic x86_64","15.2.0"," -O3 -DNDEBUG",32,100000,flecs,owned_update,,16,500,4,240.857304
khanvm1,"AMD EPYC-Milan Processor",32,"Linux 7.0.0-27-generic x86_64","15.2.0"," -O3 -DNDEBUG",32,100000,flecs,owned_update,,16,500,5,240.816395
khanvm1,"AMD EPYC-Milan Processor",32,"Linux 7.0.0-27-generic x86_64","15.2.0"," -O3 -DNDEBUG",32,100000,flecs,owned_update,,16,500,6,253.058214
khanvm1,"AMD EPYC-Milan Processor",32,"Linux 7.0.0-27-generic x86_64","15.2.0"," -O3 -DNDEBUG",32,100000,flecs,owned_update,,16,500,7,238.018575
khanvm1,"AMD EPYC-Milan Processor",32,"Linux 7.0.0-27-generic x86_64","15.2.0"," -O3 -DNDEBUG",32,100000,flecs,owned_update,,16,500,8,240.514683
khanvm1,"AMD EPYC-Milan Processor",32,"Linux 7.0.0-27-generic x86_64","15.2.0"," -O3 -DNDEBUG",32,100000,flecs,owned_update,,16,500,9,240.169490
khanvm1,"AMD EPYC-Milan Processor",32,"Linux 7.0.0-27-generic x86_64","15.2.0"," -O3 -DNDEBUG",32,100000,flecs,owned_update,,16,500,10,237.712321
khanvm1,"AMD EPYC-Milan Processor",32,"Linux 7.0.0-27-generic x86_64","15.2.0"," -O3 -DNDEBUG",32,100000,flecs,owned_update,,16,500,11,239.042222
khanvm1,"AMD EPYC-Milan Processor",32,"Linux 7.0.0-27-generic x86_64","15.2.0"," -O3 -DNDEBUG",32,100000,flecs,owned_update,,32,0,1,66.737261
khanvm1,"AMD EPYC-Milan Processor",32,"Linux 7.0.0-27-generic x86_64","15.2.0"," -O3 -DNDEBUG",32,100000,flecs,owned_update,,32,0,2,45.462818
khanvm1,"AMD EPYC-Milan Processor",32,"Linux 7.0.0-27-generic x86_64","15.2.0"," -O3 -DNDEBUG",32,100000,flecs,owned_update,,32,0,3,68.214003
khanvm1,"AMD EPYC-Milan Processor",32,"Linux 7.0.0-27-generic x86_64","15.2.0"," -O3 -DNDEBUG",32,100000,flecs,owned_update,,32,0,4,44.149748
khanvm1,"AMD EPYC-Milan Processor",32,"Linux 7.0.0-27-generic x86_64","15.2.0"," -O3 -DNDEBUG",32,100000,flecs,owned_update,,32,0,5,71.536235
khanvm1,"AMD EPYC-Milan Processor",32,"Linux 7.0.0-27-generic x86_64","15.2.0"," -O3 -DNDEBUG",32,100000,flecs,owned_update,,32,0,6,47.779775
khanvm1,"AMD EPYC-Milan Processor",32,"Linux 7.0.0-27-generic x86_64","15.2.0"," -O3 -DNDEBUG",32,100000,flecs,owned_update,,32,0,7,67.495076
khanvm1,"AMD EPYC-Milan Processor",32,"Linux 7.0.0-27-generic x86_64","15.2.0"," -O3 -DNDEBUG",32,100000,flecs,owned_update,,32,0,8,43.345473
khanvm1,"AMD EPYC-Milan Processor",32,"Linux 7.0.0-27-generic x86_64","15.2.0"," -O3 -DNDEBUG",32,100000,flecs,owned_update,,32,0,9,64.005041
khanvm1,"AMD EPYC-Milan Processor",32,"Linux 7.0.0-27-generic x86_64","15.2.0"," -O3 -DNDEBUG",32,100000,flecs,owned_update,,32,0,10,48.189888
khanvm1,"AMD EPYC-Milan Processor",32,"Linux 7.0.0-27-generic x86_64","15.2.0"," -O3 -DNDEBUG",32,100000,flecs,owned_update,,32,0,11,66.210186
khanvm1,"AMD EPYC-Milan Processor",32,"Linux 7.0.0-27-generic x86_64","15.2.0"," -O3 -DNDEBUG",32,100000,flecs,owned_update,,32,0,12,50.589623
khanvm1,"AMD EPYC-Milan Processor",32,"Linux 7.0.0-27-generic x86_64","15.2.0"," -O3 -DNDEBUG",32,100000,flecs,owned_update,,32,0,13,46.166401
khanvm1,"AMD EPYC-Milan Processor",32,"Linux 7.0.0-27-generic x86_64","15.2.0"," -O3 -DNDEBUG",32,100000,flecs,owned_update,,32,0,14,56.145455
khanvm1,"AMD EPYC-Milan Processor",32,"Linux 7.0.0-27-generic x86_64","15.2.0"," -O3 -DNDEBUG",32,100000,flecs,owned_update,,32,0,15,64.306574
khanvm1,"AMD EPYC-Milan Processor",32,"Linux 7.0.0-27-generic x86_64","15.2.0"," -O3 -DNDEBUG",32,100000,flecs,owned_update,,32,0,16,49.953589
khanvm1,"AMD EPYC-Milan Processor",32,"Linux 7.0.0-27-generic x86_64","15.2.0"," -O3 -DNDEBUG",32,100000,flecs,owned_update,,32,0,17,66.508889
khanvm1,"AMD EPYC-Milan Processor",32,"Linux 7.0.0-27-generic x86_64","15.2.0"," -O3 -DNDEBUG",32,100000,flecs,owned_update,,32,0,18,42.346315
khanvm1,"AMD EPYC-Milan Processor",32,"Linux 7.0.0-27-generic x86_64","15.2.0"," -O3 -DNDEBUG",32,100000,flecs,owned_update,,32,0,19,71.371935
khanvm1,"AMD EPYC-Milan Processor",32,"Linux 7.0.0-27-generic x86_64","15.2.0"," -O3 -DNDEBUG",32,100000,flecs,owned_update,,32,0,20,48.023337
khanvm1,"AMD EPYC-Milan Processor",32,"Linux 7.0.0-27-generic x86_64","15.2.0"," -O3 -DNDEBUG",32,100000,flecs,owned_update,,32,0,21,63.621138
khanvm1,"AMD EPYC-Milan Processor",32,"Linux 7.0.0-27-generic x86_64","15.2.0"," -O3 -DNDEBUG",32,100000,flecs,owned_update,,32,0,22,47.983136
khanvm1,"AMD EPYC-Milan Processor",32,"Linux 7.0.0-27-generic x86_64","15.2.0"," -O3 -DNDEBUG",32,100000,flecs,owned_update,,32,0,23,74.810321
khanvm1,"AMD EPYC-Milan Processor",32,"Linux 7.0.0-27-generic x86_64","15.2.0"," -O3 -DNDEBUG",32,100000,flecs,owned_update,,32,0,24,52.237396
khanvm1,"AMD EPYC-Milan Processor",32,"Linux 7.0.0-27-generic x86_64","15.2.0"," -O3 -DNDEBUG",32,100000,flecs,owned_update,,32,0,25,62.080537
khanvm1,"AMD EPYC-Milan Processor",32,"Linux 7.0.0-27-generic x86_64","15.2.0"," -O3 -DNDEBUG",32,100000,flecs,owned_update,,32,0,26,45.356586
khanvm1,"AMD EPYC-Milan Processor",32,"Linux 7.0.0-27-generic x86_64","15.2.0"," -O3 -DNDEBUG",32,100000,flecs,owned_update,,32,0,27,76.876125
khanvm1,"AMD EPYC-Milan Processor",32,"Linux 7.0.0-27-generic x86_64","15.2.0"," -O3 -DNDEBUG",32,100000,flecs,owned_update,,32,0,28,41.694450
khanvm1,"AMD EPYC-Milan Processor",32,"Linux 7.0.0-27-generic x86_64","15.2.0"," -O3 -DNDEBUG",32,100000,flecs,owned_update,,32,0,29,68.279410
khanvm1,"AMD EPYC-Milan Processor",32,"Linux 7.0.0-27-generic x86_64","15.2.0"," -O3 -DNDEBUG",32,100000,flecs,owned_update,,32,0,30,59.983441
khanvm1,"AMD EPYC-Milan Processor",32,"Linux 7.0.0-27-generic x86_64","15.2.0"," -O3 -DNDEBUG",32,100000,flecs,owned_update,,32,0,31,64.952448
khanvm1,"AMD EPYC-Milan Processor",32,"Linux 7.0.0-27-generic x86_64","15.2.0"," -O3 -DNDEBUG",32,100000,flecs,owned_update,,32,0,32,40.495941
khanvm1,"AMD EPYC-Milan Processor",32,"Linux 7.0.0-27-generic x86_64","15.2.0"," -O3 -DNDEBUG",32,100000,flecs,owned_update,,32,0,33,62.117679
khanvm1,"AMD EPYC-Milan Processor",32,"Linux 7.0.0-27-generic x86_64","15.2.0"," -O3 -DNDEBUG",32,100000,flecs,owned_update,,32,0,34,54.047900
khanvm1,"AMD EPYC-Milan Processor",32,"Linux 7.0.0-27-generic x86_64","15.2.0"," -O3 -DNDEBUG",32,100000,flecs,owned_update,,32,0,35,64.205104
khanvm1,"AMD EPYC-Milan Processor",32,"Linux 7.0.0-27-generic x86_64","15.2.0"," -O3 -DNDEBUG",32,100000,flecs,owned_update,,32,0,36,47.429171
khanvm1,"AMD EPYC-Milan Processor",32,"Linux 7.0.0-27-generic x86_64","15.2.0"," -O3 -DNDEBUG",32,100000,flecs,owned_update,,32,0,37,51.838674
khanvm1,"AMD EPYC-Milan Processor",32,"Linux 7.0.0-27-generic x86_64","15.2.0"," -O3 -DNDEBUG",32,100000,flecs,owned_update,,32,0,38,55.764961
khanvm1,"AMD EPYC-Milan Processor",32,"Linux 7.0.0-27-generic x86_64","15.2.0"," -O3 -DNDEBUG",32,100000,flecs,owned_update,,32,0,39,68.244082
khanvm1,"AMD EPYC-Milan Processor",32,"Linux 7.0.0-27-generic x86_64","15.2.0"," -O3 -DNDEBUG",32,100000,flecs,owned_update,,32,0,40,61.879785
khanvm1,"AMD EPYC-Milan Processor",32,"Linux 7.0.0-27-generic x86_64","15.2.0"," -O3 -DNDEBUG",32,100000,flecs,owned_update,,32,0,41,68.180892
khanvm1,"AMD EPYC-Milan Processor",32,"Linux 7.0.0-27-generic x86_64","15.2.0"," -O3 -DNDEBUG",32,100000,flecs,owned_update,,32,0,42,40.126288
khanvm1,"AMD EPYC-Milan Processor",32,"Linux 7.0.0-27-generic x86_64","15.2.0"," -O3 -DNDEBUG",32,100000,flecs,owned_update,,32,0,43,73.917542
khanvm1,"AMD EPYC-Milan Processor",32,"Linux 7.0.0-27-generic x86_64","15.2.0"," -O3 -DNDEBUG",32,100000,flecs,owned_update,,32,0,44,71.529965
khanvm1,"AMD EPYC-Milan Processor",32,"Linux 7.0.0-27-generic x86_64","15.2.0"," -O3 -DNDEBUG",32,100000,flecs,owned_update,,32,0,45,51.879104
khanvm1,"AMD EPYC-Milan Processor",32,"Linux 7.0.0-27-generic x86_64","15.2.0"," -O3 -DNDEBUG",32,100000,flecs,owned_update,,32,0,46,64.080471
khanvm1,"AMD EPYC-Milan Processor",32,"Linux 7.0.0-27-generic x86_64","15.2.0"," -O3 -DNDEBUG",32,100000,flecs,owned_update,,32,0,47,62.825783
khanvm1,"AMD EPYC-Milan Processor",32,"Linux 7.0.0-27-generic x86_64","15.2.0"," -O3 -DNDEBUG",32,100000,flecs,owned_update,,32,0,48,76.578331
khanvm1,"AMD EPYC-Milan Processor",32,"Linux 7.0.0-27-generic x86_64","15.2.0"," -O3 -DNDEBUG",32,100000,flecs,owned_update,,32,0,49,48.157977
khanvm1,"AMD EPYC-Milan Processor",32,"Linux 7.0.0-27-generic x86_64","15.2.0"," -O3 -DNDEBUG",32,100000,flecs,owned_update,,32,0,50,64.578285
khanvm1,"AMD EPYC-Milan Processor",32,"Linux 7.0.0-27-generic x86_64","15.2.0"," -O3 -DNDEBUG",32,100000,flecs,owned_update,,32,0,51,42.278914
khanvm1,"AMD EPYC-Milan Processor",32,"Linux 7.0.0-27-generic x86_64","15.2.0"," -O3 -DNDEBUG",32,100000,flecs,owned_update,,32,0,52,71.571655
khanvm1,"AMD EPYC-Milan Processor",32,"Linux 7.0.0-27-generic x86_64","15.2.0"," -O3 -DNDEBUG",32,100000,flecs,owned_update,,32,0,53,40.169619
khanvm1,"AMD EPYC-Milan Processor",32,"Linux 7.0.0-27-generic x86_64","15.2.0"," -O3 -DNDEBUG",32,100000,flecs,owned_update,,32,0,54,73.686261
khanvm1,"AMD EPYC-Milan Processor",32,"Linux 7.0.0-27-generic x86_64","15.2.0"," -O3 -DNDEBUG",32,100000,flecs,owned_update,,32,0,55,38.039305
khanvm1,"AMD EPYC-Milan Processor",32,"Linux 7.0.0-27-generic x86_64","15.2.0"," -O3 -DNDEBUG",32,100000,flecs,owned_update,,32,0,56,81.547328
khanvm1,"AMD EPYC-Milan Processor",32,"Linux 7.0.0-27-generic x86_64","15.2.0"," -O3 -DNDEBUG",32,100000,flecs,owned_update,,32,0,57,46.611916
khanvm1,"AMD EPYC-Milan Processor",32,"Linux 7.0.0-27-generic x86_64","15.2.0"," -O3 -DNDEBUG",32,100000,flecs,owned_update,,32,0,58,63.879049
khanvm1,"AMD EPYC-Milan Processor",32,"Linux 7.0.0-27-generic x86_64","15.2.0"," -O3 -DNDEBUG",32,100000,flecs,owned_update,,32,0,59,48.922913
khanvm1,"AMD EPYC-Milan Processor",32,"Linux 7.0.0-27-generic x86_64","15.2.0"," -O3 -DNDEBUG",32,100000,flecs,owned_update,,32,0,60,63.815029
khanvm1,"AMD EPYC-Milan Processor",32,"Linux 7.0.0-27-generic x86_64","15.2.0"," -O3 -DNDEBUG",32,100000,flecs,owned_update,,32,0,61,51.889275
khanvm1,"AMD EPYC-Milan Processor",32,"Linux 7.0.0-27-generic x86_64","15.2.0"," -O3 -DNDEBUG",32,100000,flecs,owned_update,,32,0,62,64.114603
khanvm1,"AMD EPYC-Milan Processor",32,"Linux 7.0.0-27-generic x86_64","15.2.0"," -O3 -DNDEBUG",32,100000,flecs,owned_update,,32,0,63,42.998519
khanvm1,"AMD EPYC-Milan Processor",32,"Linux 7.0.0-27-generic x86_64","15.2.0"," -O3 -DNDEBUG",32,100000,flecs,owned_update,,32,0,64,72.987987
khanvm1,"AMD EPYC-Milan Processor",32,"Linux 7.0.0-27-generic x86_64","15.2.0"," -O3 -DNDEBUG",32,100000,flecs,owned_update,,32,0,65,43.332283
khanvm1,"AMD EPYC-Milan Processor",32,"Linux 7.0.0-27-generic x86_64","15.2.0"," -O3 -DNDEBUG",32,100000,flecs,owned_update,,32,0,66,69.678501
khanvm1,"AMD EPYC-Milan Processor",32,"Linux 7.0.0-27-generic x86_64","15.2.0"," -O3 -DNDEBUG",32,100000,flecs,owned_update,,32,0,67,47.753094
khanvm1,"AMD EPYC-Milan Processor",32,"Linux 7.0.0-27-generic x86_64","15.2.0"," -O3 -DNDEBUG",32,100000,flecs,owned_update,,32,0,68,69.150528
khanvm1,"AMD EPYC-Milan Processor",32,"Linux 7.0.0-27-generic x86_64","15.2.0"," -O3 -DNDEBUG",32,100000,flecs,owned_update,,32,0,69,50.781277
khanvm1,"AMD EPYC-Milan Processor",32,"Linux 7.0.0-27-generic x86_64","15.2.0"," -O3 -DNDEBUG",32,100000,flecs,owned_update,,32,0,70,47.896224
khanvm1,"AMD EPYC-Milan Processor",32,"Linux 7.0.0-27-generic x86_64","15.2.0"," -O3 -DNDEBUG",32,100000,flecs,owned_update,,32,0,71,52.790550
khanvm1,"AMD EPYC-Milan Processor",32,"Linux 7.0.0-27-generic x86_64","15.2.0"," -O3 -DNDEBUG",32,100000,flecs,owned_update,,32,0,72,61.706514
khanvm1,"AMD EPYC-Milan Processor",32,"Linux 7.0.0-27-generic x86_64","15.2.0"," -O3 -DNDEBUG",32,100000,flecs,owned_update,,32,0,73,42.088314
khanvm1,"AMD EPYC-Milan Processor",32,"Linux 7.0.0-27-generic x86_64","15.2.0"," -O3 -DNDEBUG",32,100000,flecs,owned_update,,32,0,74,64.016582
khanvm1,"AMD EPYC-Milan Processor",32,"Linux 7.0.0-27-generic x86_64","15.2.0"," -O3 -DNDEBUG",32,100000,flecs,owned_update,,32,0,75,47.068340
khanvm1,"AMD EPYC-Milan Processor",32,"Linux 7.0.0-27-generic x86_64","15.2.0"," -O3 -DNDEBUG",32,100000,flecs,owned_update,,32,0,76,64.670956
khanvm1,"AMD EPYC-Milan Processor",32,"Linux 7.0.0-27-generic x86_64","15.2.0"," -O3 -DNDEBUG",32,100000,flecs,owned_update,,32,0,77,49.788649
khanvm1,"AMD EPYC-Milan Processor",32,"Linux 7.0.0-27-generic x86_64","15.2.0"," -O3 -DNDEBUG",32,100000,flecs,owned_update,,32,0,78,61.683504
khanvm1,"AMD EPYC-Milan Processor",32,"Linux 7.0.0-27-generic x86_64","15.2.0"," -O3 -DNDEBUG",32,100000,flecs,owned_update,,32,0,79,51.679993
khanvm1,"AMD EPYC-Milan Processor",32,"Linux 7.0.0-27-generic x86_64","15.2.0"," -O3 -DNDEBUG",32,100000,flecs,owned_update,,32,0,80,57.534185
khanvm1,"AMD EPYC-Milan Processor",32,"Linux 7.0.0-27-generic x86_64","15.2.0"," -O3 -DNDEBUG",32,100000,flecs,owned_update,,32,0,81,50.616675
khanvm1,"AMD EPYC-Milan Processor",32,"Linux 7.0.0-27-generic x86_64","15.2.0"," -O3 -DNDEBUG",32,100000,flecs,owned_update,,32,0,82,73.282217
khanvm1,"AMD EPYC-Milan Processor",32,"Linux 7.0.0-27-generic x86_64","15.2.0"," -O3 -DNDEBUG",32,100000,flecs,owned_update,,32,0,83,66.851562
khanvm1,"AMD EPYC-Milan Processor",32,"Linux 7.0.0-27-generic x86_64","15.2.0"," -O3 -DNDEBUG",32,100000,flecs,owned_update,,32,0,84,40.469401
khanvm1,"AMD EPYC-Milan Processor",32,"Linux 7.0.0-27-generic x86_64","15.2.0"," -O3 -DNDEBUG",32,100000,flecs,owned_update,,32,0,85,74.395235
khanvm1,"AMD EPYC-Milan Processor",32,"Linux 7.0.0-27-generic x86_64","15.2.0"," -O3 -DNDEBUG",32,100000,flecs,owned_update,,32,0,86,41.393929
khanvm1,"AMD EPYC-Milan Processor",32,"Linux 7.0.0-27-generic x86_64","15.2.0"," -O3 -DNDEBUG",32,100000,flecs,owned_update,,32,0,87,71.015381
khanvm1,"AMD EPYC-Milan Processor",32,"Linux 7.0.0-27-generic x86_64","15.2.0"," -O3 -DNDEBUG",32,100000,flecs,owned_update,,32,0,88,67.402706
khanvm1,"AMD EPYC-Milan Processor",32,"Linux 7.0.0-27-generic x86_64","15.2.0"," -O3 -DNDEBUG",32,100000,flecs,owned_update,,32,0,89,61.605494
khanvm1,"AMD EPYC-Milan Processor",32,"Linux 7.0.0-27-generic x86_64","15.2.0"," -O3 -DNDEBUG",32,100000,flecs,owned_update,,32,0,90,46.807097
khanvm1,"AMD EPYC-Milan Processor",32,"Linux 7.0.0-27-generic x86_64","15.2.0"," -O3 -DNDEBUG",32,100000,flecs,owned_update,,32,0,91,69.283158
khanvm1,"AMD EPYC-Milan Processor",32,"Linux 7.0.0-27-generic x86_64","15.2.0"," -O3 -DNDEBUG",32,100000,flecs,owned_update,,32,0,92,47.247100
khanvm1,"AMD EPYC-Milan Processor",32,"Linux 7.0.0-27-generic x86_64","15.2.0"," -O3 -DNDEBUG",32,100000,flecs,owned_update,,32,0,93,68.521333
khanvm1,"AMD EPYC-Milan Processor",32,"Linux 7.0.0-27-generic x86_64","15.2.0"," -O3 -DNDEBUG",32,100000,flecs,owned_update,,32,0,94,67.167054
khanvm1,"AMD EPYC-Milan Processor",32,"Linux 7.0.0-27-generic x86_64","15.2.0"," -O3 -DNDEBUG",32,100000,flecs,owned_update,,32,0,95,73.838481
khanvm1,"AMD EPYC-Milan Processor",32,"Linux 7.0.0-27-generic x86_64","15.2.0"," -O3 -DNDEBUG",32,100000,flecs,owned_update,,32,0,96,48.111648
khanvm1,"AMD EPYC-Milan Processor",32,"Linux 7.0.0-27-generic x86_64","15.2.0"," -O3 -DNDEBUG",32,100000,flecs,owned_update,,32,0,97,81.775938
khanvm1,"AMD EPYC-Milan Processor",32,"Linux 7.0.0-27-generic x86_64","15.2.0"," -O3 -DNDEBUG",32,100000,flecs,owned_update,,32,0,98,56.691298
khanvm1,"AMD EPYC-Milan Processor",32,"Linux 7.0.0-27-generic x86_64","15.2.0"," -O3 -DNDEBUG",32,100000,flecs,owned_update,,32,0,99,70.048137
khanvm1,"AMD EPYC-Milan Processor",32,"Linux 7.0.0-27-generic x86_64","15.2.0"," -O3 -DNDEBUG",32,100000,flecs,owned_update,,32,0,100,42.995279
khanvm1,"AMD EPYC-Milan Processor",32,"Linux 7.0.0-27-generic x86_64","15.2.0"," -O3 -DNDEBUG",32,100000,flecs,owned_update,,32,10,1,48.088356
khanvm1,"AMD EPYC-Milan Processor",32,"Linux 7.0.0-27-generic x86_64","15.2.0"," -O3 -DNDEBUG",32,100000,flecs,owned_update,,32,10,2,75.002639
khanvm1,"AMD EPYC-Milan Processor",32,"Linux 7.0.0-27-generic x86_64","15.2.0"," -O3 -DNDEBUG",32,100000,flecs,owned_update,,32,10,3,46.857607
khanvm1,"AMD EPYC-Milan Processor",32,"Linux 7.0.0-27-generic x86_64","15.2.0"," -O3 -DNDEBUG",32,100000,flecs,owned_update,,32,10,4,72.867595
khanvm1,"AMD EPYC-Milan Processor",32,"Linux 7.0.0-27-generic x86_64","15.2.0"," -O3 -DNDEBUG",32,100000,flecs,owned_update,,32,10,5,46.275863
khanvm1,"AMD EPYC-Milan Processor",32,"Linux 7.0.0-27-generic x86_64","15.2.0"," -O3 -DNDEBUG",32,100000,flecs,owned_update,,32,10,6,68.010988
khanvm1,"AMD EPYC-Milan Processor",32,"Linux 7.0.0-27-generic x86_64","15.2.0"," -O3 -DNDEBUG",32,100000,flecs,owned_update,,32,10,7,48.315458
khanvm1,"AMD EPYC-Milan Processor",32,"Linux 7.0.0-27-generic x86_64","15.2.0"," -O3 -DNDEBUG",32,100000,flecs,owned_update,,32,10,8,65.618271
khanvm1,"AMD EPYC-Milan Processor",32,"Linux 7.0.0-27-generic x86_64","15.2.0"," -O3 -DNDEBUG",32,100000,flecs,owned_update,,32,10,9,51.117898
khanvm1,"AMD EPYC-Milan Processor",32,"Linux 7.0.0-27-generic x86_64","15.2.0"," -O3 -DNDEBUG",32,100000,flecs,owned_update,,32,10,10,64.519455
khanvm1,"AMD EPYC-Milan Processor",32,"Linux 7.0.0-27-generic x86_64","15.2.0"," -O3 -DNDEBUG",32,100000,flecs,owned_update,,32,10,11,77.307737
khanvm1,"AMD EPYC-Milan Processor",32,"Linux 7.0.0-27-generic x86_64","15.2.0"," -O3 -DNDEBUG",32,100000,flecs,owned_update,,32,10,12,44.498211
khanvm1,"AMD EPYC-Milan Processor",32,"Linux 7.0.0-27-generic x86_64","15.2.0"," -O3 -DNDEBUG",32,100000,flecs,owned_update,,32,10,13,72.265441
khanvm1,"AMD EPYC-Milan Processor",32,"Linux 7.0.0-27-generic x86_64","15.2.0"," -O3 -DNDEBUG",32,100000,flecs,owned_update,,32,10,14,41.697580
khanvm1,"AMD EPYC-Milan Processor",32,"Linux 7.0.0-27-generic x86_64","15.2.0"," -O3 -DNDEBUG",32,100000,flecs,owned_update,,32,10,15,62.981144
khanvm1,"AMD EPYC-Milan Processor",32,"Linux 7.0.0-27-generic x86_64","15.2.0"," -O3 -DNDEBUG",32,100000,flecs,owned_update,,32,10,16,69.872983
khanvm1,"AMD EPYC-Milan Processor",32,"Linux 7.0.0-27-generic x86_64","15.2.0"," -O3 -DNDEBUG",32,100000,flecs,owned_update,,32,10,17,49.956059
khanvm1,"AMD EPYC-Milan Processor",32,"Linux 7.0.0-27-generic x86_64","15.2.0"," -O3 -DNDEBUG",32,100000,flecs,owned_update,,32,10,18,76.153239
khanvm1,"AMD EPYC-Milan Processor",32,"Linux 7.0.0-27-generic x86_64","15.2.0"," -O3 -DNDEBUG",32,100000,flecs,owned_update,,32,10,19,40.465461
khanvm1,"AMD EPYC-Milan Processor",32,"Linux 7.0.0-27-generic x86_64","15.2.0"," -O3 -DNDEBUG",32,100000,flecs,owned_update,,32,10,20,69.262619
khanvm1,"AMD EPYC-Milan Processor",32,"Linux 7.0.0-27-generic x86_64","15.2.0"," -O3 -DNDEBUG",32,100000,flecs,owned_update,,32,10,21,80.179036
khanvm1,"AMD EPYC-Milan Processor",32,"Linux 7.0.0-27-generic x86_64","15.2.0"," -O3 -DNDEBUG",32,100000,flecs,owned_update,,32,10,22,60.086473
khanvm1,"AMD EPYC-Milan Processor",32,"Linux 7.0.0-27-generic x86_64","15.2.0"," -O3 -DNDEBUG",32,100000,flecs,owned_update,,32,10,23,63.904869
khanvm1,"AMD EPYC-Milan Processor",32,"Linux 7.0.0-27-generic x86_64","15.2.0"," -O3 -DNDEBUG",32,100000,flecs,owned_update,,32,10,24,49.346827
khanvm1,"AMD EPYC-Milan Processor",32,"Linux 7.0.0-27-generic x86_64","15.2.0"," -O3 -DNDEBUG",32,100000,flecs,owned_update,,32,10,25,77.137226
khanvm1,"AMD EPYC-Milan Processor",32,"Linux 7.0.0-27-generic x86_64","15.2.0"," -O3 -DNDEBUG",32,100000,flecs,owned_update,,32,10,26,58.387791
khanvm1,"AMD EPYC-Milan Processor",32,"Linux 7.0.0-27-generic x86_64","15.2.0"," -O3 -DNDEBUG",32,100000,flecs,owned_update,,32,10,27,66.592891
khanvm1,"AMD EPYC-Milan Processor",32,"Linux 7.0.0-27-generic x86_64","15.2.0"," -O3 -DNDEBUG",32,100000,flecs,owned_update,,32,10,28,50.360223
khanvm1,"AMD EPYC-Milan Processor",32,"Linux 7.0.0-27-generic x86_64","15.2.0"," -O3 -DNDEBUG",32,100000,flecs,owned_update,,32,10,29,69.619380
khanvm1,"AMD EPYC-Milan Processor",32,"Linux 7.0.0-27-generic x86_64","15.2.0"," -O3 -DNDEBUG",32,100000,flecs,owned_update,,32,10,30,42.795359
khanvm1,"AMD EPYC-Milan Processor",32,"Linux 7.0.0-27-generic x86_64","15.2.0"," -O3 -DNDEBUG",32,100000,flecs,owned_update,,32,10,31,71.673807
khanvm1,"AMD EPYC-Milan Processor",32,"Linux 7.0.0-27-generic x86_64","15.2.0"," -O3 -DNDEBUG",32,100000,flecs,owned_update,,32,10,32,47.408982
khanvm1,"AMD EPYC-Milan Processor",32,"Linux 7.0.0-27-generic x86_64","15.2.0"," -O3 -DNDEBUG",32,100000,flecs,owned_update,,32,10,33,76.663702
khanvm1,"AMD EPYC-Milan Processor",32,"Linux 7.0.0-27-generic x86_64","15.2.0"," -O3 -DNDEBUG",32,100000,flecs,owned_update,,32,10,34,50.310283
khanvm1,"AMD EPYC-Milan Processor",32,"Linux 7.0.0-27-generic x86_64","15.2.0"," -O3 -DNDEBUG",32,100000,flecs,owned_update,,32,10,35,67.818958
khanvm1,"AMD EPYC-Milan Processor",32,"Linux 7.0.0-27-generic x86_64","15.2.0"," -O3 -DNDEBUG",32,100000,flecs,owned_update,,32,10,36,42.515467
khanvm1,"AMD EPYC-Milan Processor",32,"Linux 7.0.0-27-generic x86_64","15.2.0"," -O3 -DNDEBUG",32,100000,flecs,owned_update,,32,10,37,71.114342
khanvm1,"AMD EPYC-Milan Processor",32,"Linux 7.0.0-27-generic x86_64","15.2.0"," -O3 -DNDEBUG",32,100000,flecs,owned_update,,32,10,38,45.969511
khanvm1,"AMD EPYC-Milan Processor",32,"Linux 7.0.0-27-generic x86_64","15.2.0"," -O3 -DNDEBUG",32,100000,flecs,owned_update,,32,10,39,68.669523
khanvm1,"AMD EPYC-Milan Processor",32,"Linux 7.0.0-27-generic x86_64","15.2.0"," -O3 -DNDEBUG",32,100000,flecs,owned_update,,32,10,40,46.327435
khanvm1,"AMD EPYC-Milan Processor",32,"Linux 7.0.0-27-generic x86_64","15.2.0"," -O3 -DNDEBUG",32,100000,flecs,owned_update,,32,10,41,78.733189
khanvm1,"AMD EPYC-Milan Processor",32,"Linux 7.0.0-27-generic x86_64","15.2.0"," -O3 -DNDEBUG",32,100000,flecs,owned_update,,32,10,42,49.932160
khanvm1,"AMD EPYC-Milan Processor",32,"Linux 7.0.0-27-generic x86_64","15.2.0"," -O3 -DNDEBUG",32,100000,flecs,owned_update,,32,10,43,72.084749
khanvm1,"AMD EPYC-Milan Processor",32,"Linux 7.0.0-27-generic x86_64","15.2.0"," -O3 -DNDEBUG",32,100000,flecs,owned_update,,32,10,44,44.900395
khanvm1,"AMD EPYC-Milan Processor",32,"Linux 7.0.0-27-generic x86_64","15.2.0"," -O3 -DNDEBUG",32,100000,flecs,owned_update,,32,10,45,73.479239
khanvm1,"AMD EPYC-Milan Processor",32,"Linux 7.0.0-27-generic x86_64","15.2.0"," -O3 -DNDEBUG",32,100000,flecs,owned_update,,32,10,46,45.949032
khanvm1,"AMD EPYC-Milan Processor",32,"Linux 7.0.0-27-generic x86_64","15.2.0"," -O3 -DNDEBUG",32,100000,flecs,owned_update,,32,10,47,70.955021
khanvm1,"AMD EPYC-Milan Processor",32,"Linux 7.0.0-27-generic x86_64","15.2.0"," -O3 -DNDEBUG",32,100000,flecs,owned_update,,32,10,48,54.610972
khanvm1,"AMD EPYC-Milan Processor",32,"Linux 7.0.0-27-generic x86_64","15.2.0"," -O3 -DNDEBUG",32,100000,flecs,owned_update,,32,10,49,57.869348
khanvm1,"AMD EPYC-Milan Processor",32,"Linux 7.0.0-27-generic x86_64","15.2.0"," -O3 -DNDEBUG",32,100000,flecs,owned_update,,32,10,50,44.325338
khanvm1,"AMD EPYC-Milan Processor",32,"Linux 7.0.0-27-generic x86_64","15.2.0"," -O3 -DNDEBUG",32,100000,flecs,owned_update,,32,10,51,80.535649
khanvm1,"AMD EPYC-Milan Processor",32,"Linux 7.0.0-27-generic x86_64","15.2.0"," -O3 -DNDEBUG",32,100000,flecs,owned_update,,32,10,52,37.124898
khanvm1,"AMD EPYC-Milan Processor",32,"Linux 7.0.0-27-generic x86_64","15.2.0"," -O3 -DNDEBUG",32,100000,flecs,owned_update,,32,10,53,66.940852
khanvm1,"AMD EPYC-Milan Processor",32,"Linux 7.0.0-27-generic x86_64","15.2.0"," -O3 -DNDEBUG",32,100000,flecs,owned_update,,32,10,54,53.151683
khanvm1,"AMD EPYC-Milan Processor",32,"Linux 7.0.0-27-generic x86_64","15.2.0"," -O3 -DNDEBUG",32,100000,flecs,owned_update,,32,10,55,77.341366
khanvm1,"AMD EPYC-Milan Processor",32,"Linux 7.0.0-27-generic x86_64","15.2.0"," -O3 -DNDEBUG",32,100000,flecs,owned_update,,32,10,56,45.845481
khanvm1,"AMD EPYC-Milan Processor",32,"Linux 7.0.0-27-generic x86_64","15.2.0"," -O3 -DNDEBUG",32,100000,flecs,owned_update,,32,10,57,70.520388
khanvm1,"AMD EPYC-Milan Processor",32,"Linux 7.0.0-27-generic x86_64","15.2.0"," -O3 -DNDEBUG",32,100000,flecs,owned_update,,32,10,58,47.083118
khanvm1,"AMD EPYC-Milan Processor",32,"Linux 7.0.0-27-generic x86_64","15.2.0"," -O3 -DNDEBUG",32,100000,flecs,owned_update,,32,10,59,78.629217
khanvm1,"AMD EPYC-Milan Processor",32,"Linux 7.0.0-27-generic x86_64","15.2.0"," -O3 -DNDEBUG",32,100000,flecs,owned_update,,32,10,60,43.036500
khanvm1,"AMD EPYC-Milan Processor",32,"Linux 7.0.0-27-generic x86_64","15.2.0"," -O3 -DNDEBUG",32,100000,flecs,owned_update,,32,10,61,72.423740
khanvm1,"AMD EPYC-Milan Processor",32,"Linux 7.0.0-27-generic x86_64","15.2.0"," -O3 -DNDEBUG",32,100000,flecs,owned_update,,32,10,62,57.685015
khanvm1,"AMD EPYC-Milan Processor",32,"Linux 7.0.0-27-generic x86_64","15.2.0"," -O3 -DNDEBUG",32,100000,flecs,owned_update,,32,10,63,64.696786
khanvm1,"AMD EPYC-Milan Processor",32,"Linux 7.0.0-27-generic x86_64","15.2.0"," -O3 -DNDEBUG",32,100000,flecs,owned_update,,32,10,64,47.831335
khanvm1,"AMD EPYC-Milan Processor",32,"Linux 7.0.0-27-generic x86_64","15.2.0"," -O3 -DNDEBUG",32,100000,flecs,owned_update,,32,10,65,71.199432
khanvm1,"AMD EPYC-Milan Processor",32,"Linux 7.0.0-27-generic x86_64","15.2.0"," -O3 -DNDEBUG",32,100000,flecs,owned_update,,32,10,66,42.404877
khanvm1,"AMD EPYC-Milan Processor",32,"Linux 7.0.0-27-generic x86_64","15.2.0"," -O3 -DNDEBUG",32,100000,flecs,owned_update,,32,10,67,73.209989
khanvm1,"AMD EPYC-Milan Processor",32,"Linux 7.0.0-27-generic x86_64","15.2.0"," -O3 -DNDEBUG",32,100000,flecs,owned_update,,32,10,68,49.418217
khanvm1,"AMD EPYC-Milan Processor",32,"Linux 7.0.0-27-generic x86_64","15.2.0"," -O3 -DNDEBUG",32,100000,flecs,owned_update,,32,10,69,74.626389
khanvm1,"AMD EPYC-Milan Processor",32,"Linux 7.0.0-27-generic x86_64","15.2.0"," -O3 -DNDEBUG",32,100000,flecs,owned_update,,32,10,70,58.286391
khanvm1,"AMD EPYC-Milan Processor",32,"Linux 7.0.0-27-generic x86_64","15.2.0"," -O3 -DNDEBUG",32,100000,flecs,owned_update,,32,10,71,73.065287
khanvm1,"AMD EPYC-Milan Processor",32,"Linux 7.0.0-27-generic x86_64","15.2.0"," -O3 -DNDEBUG",32,100000,flecs,owned_update,,32,10,72,43.687824
khanvm1,"AMD EPYC-Milan Processor",32,"Linux 7.0.0-27-generic x86_64","15.2.0"," -O3 -DNDEBUG",32,100000,flecs,owned_update,,32,10,73,81.021214
khanvm1,"AMD EPYC-Milan Processor",32,"Linux 7.0.0-27-generic x86_64","15.2.0"," -O3 -DNDEBUG",32,100000,flecs,owned_update,,32,10,74,46.434434
khanvm1,"AMD EPYC-Milan Processor",32,"Linux 7.0.0-27-generic x86_64","15.2.0"," -O3 -DNDEBUG",32,100000,flecs,owned_update,,32,10,75,69.775641
khanvm1,"AMD EPYC-Milan Processor",32,"Linux 7.0.0-27-generic x86_64","15.2.0"," -O3 -DNDEBUG",32,100000,flecs,owned_update,,32,10,76,48.266908
khanvm1,"AMD EPYC-Milan Processor",32,"Linux 7.0.0-27-generic x86_64","15.2.0"," -O3 -DNDEBUG",32,100000,flecs,owned_update,,32,10,77,68.933856
khanvm1,"AMD EPYC-Milan Processor",32,"Linux 7.0.0-27-generic x86_64","15.2.0"," -O3 -DNDEBUG",32,100000,flecs,owned_update,,32,10,78,49.508317
khanvm1,"AMD EPYC-Milan Processor",32,"Linux 7.0.0-27-generic x86_64","15.2.0"," -O3 -DNDEBUG",32,100000,flecs,owned_update,,32,10,79,63.603917
khanvm1,"AMD EPYC-Milan Processor",32,"Linux 7.0.0-27-generic x86_64","15.2.0"," -O3 -DNDEBUG",32,100000,flecs,owned_update,,32,10,80,38.697010
khanvm1,"AMD EPYC-Milan Processor",32,"Linux 7.0.0-27-generic x86_64","15.2.0"," -O3 -DNDEBUG",32,100000,flecs,owned_update,,32,10,81,78.810418
khanvm1,"AMD EPYC-Milan Processor",32,"Linux 7.0.0-27-generic x86_64","15.2.0"," -O3 -DNDEBUG",32,100000,flecs,owned_update,,32,10,82,52.042395
khanvm1,"AMD EPYC-Milan Processor",32,"Linux 7.0.0-27-generic x86_64","15.2.0"," -O3 -DNDEBUG",32,100000,flecs,owned_update,,32,10,83,62.173488
khanvm1,"AMD EPYC-Milan Processor",32,"Linux 7.0.0-27-generic x86_64","15.2.0"," -O3 -DNDEBUG",32,100000,flecs,owned_update,,32,10,84,51.445501
khanvm1,"AMD EPYC-Milan Processor",32,"Linux 7.0.0-27-generic x86_64","15.2.0"," -O3 -DNDEBUG",32,100000,flecs,owned_update,,32,10,85,70.282956
khanvm1,"AMD EPYC-Milan Processor",32,"Linux 7.0.0-27-generic x86_64","15.2.0"," -O3 -DNDEBUG",32,100000,flecs,owned_update,,32,10,86,44.485049
khanvm1,"AMD EPYC-Milan Processor",32,"Linux 7.0.0-27-generic x86_64","15.2.0"," -O3 -DNDEBUG",32,100000,flecs,owned_update,,32,10,87,72.740904
khanvm1,"AMD EPYC-Milan Processor",32,"Linux 7.0.0-27-generic x86_64","15.2.0"," -O3 -DNDEBUG",32,100000,flecs,owned_update,,32,10,88,72.828335
khanvm1,"AMD EPYC-Milan Processor",32,"Linux 7.0.0-27-generic x86_64","15.2.0"," -O3 -DNDEBUG",32,100000,flecs,owned_update,,32,10,89,44.257478
khanvm1,"AMD EPYC-Milan Processor",32,"Linux 7.0.0-27-generic x86_64","15.2.0"," -O3 -DNDEBUG",32,100000,flecs,owned_update,,32,10,90,67.214944
khanvm1,"AMD EPYC-Milan Processor",32,"Linux 7.0.0-27-generic x86_64","15.2.0"," -O3 -DNDEBUG",32,100000,flecs,owned_update,,32,10,91,43.771715
khanvm1,"AMD EPYC-Milan Processor",32,"Linux 7.0.0-27-generic x86_64","15.2.0"," -O3 -DNDEBUG",32,100000,flecs,owned_update,,32,10,92,72.103800
khanvm1,"AMD EPYC-Milan Processor",32,"Linux 7.0.0-27-generic x86_64","15.2.0"," -O3 -DNDEBUG",32,100000,flecs,owned_update,,32,10,93,48.963264
khanvm1,"AMD EPYC-Milan Processor",32,"Linux 7.0.0-27-generic x86_64","15.2.0"," -O3 -DNDEBUG",32,100000,flecs,owned_update,,32,10,94,69.073178
khanvm1,"AMD EPYC-Milan Processor",32,"Linux 7.0.0-27-generic x86_64","15.2.0"," -O3 -DNDEBUG",32,100000,flecs,owned_update,,32,10,95,49.083313
khanvm1,"AMD EPYC-Milan Processor",32,"Linux 7.0.0-27-generic x86_64","15.2.0"," -O3 -DNDEBUG",32,100000,flecs,owned_update,,32,10,96,71.001692
khanvm1,"AMD EPYC-Milan Processor",32,"Linux 7.0.0-27-generic x86_64","15.2.0"," -O3 -DNDEBUG",32,100000,flecs,owned_update,,32,10,97,42.583957
khanvm1,"AMD EPYC-Milan Processor",32,"Linux 7.0.0-27-generic x86_64","15.2.0"," -O3 -DNDEBUG",32,100000,flecs,owned_update,,32,10,98,83.275180
khanvm1,"AMD EPYC-Milan Processor",32,"Linux 7.0.0-27-generic x86_64","15.2.0"," -O3 -DNDEBUG",32,100000,flecs,owned_update,,32,10,99,44.479901
khanvm1,"AMD EPYC-Milan Processor",32,"Linux 7.0.0-27-generic x86_64","15.2.0"," -O3 -DNDEBUG",32,100000,flecs,owned_update,,32,10,100,78.354505
khanvm1,"AMD EPYC-Milan Processor",32,"Linux 7.0.0-27-generic x86_64","15.2.0"," -O3 -DNDEBUG",32,100000,flecs,owned_update,,32,500,1,168.036321
khanvm1,"AMD EPYC-Milan Processor",32,"Linux 7.0.0-27-generic x86_64","15.2.0"," -O3 -DNDEBUG",32,100000,flecs,owned_update,,32,500,2,182.181103
khanvm1,"AMD EPYC-Milan Processor",32,"Linux 7.0.0-27-generic x86_64","15.2.0"," -O3 -DNDEBUG",32,100000,flecs,owned_update,,32,500,3,157.410364
khanvm1,"AMD EPYC-Milan Processor",32,"Linux 7.0.0-27-generic x86_64","15.2.0"," -O3 -DNDEBUG",32,100000,flecs,owned_update,,32,500,4,173.843432
khanvm1,"AMD EPYC-Milan Processor",32,"Linux 7.0.0-27-generic x86_64","15.2.0"," -O3 -DNDEBUG",32,100000,flecs,owned_update,,32,500,5,175.113750
khanvm1,"AMD EPYC-Milan Processor",32,"Linux 7.0.0-27-generic x86_64","15.2.0"," -O3 -DNDEBUG",32,100000,flecs,owned_update,,32,500,6,172.743995
khanvm1,"AMD EPYC-Milan Processor",32,"Linux 7.0.0-27-generic x86_64","15.2.0"," -O3 -DNDEBUG",32,100000,flecs,owned_update,,32,500,7,171.781117
khanvm1,"AMD EPYC-Milan Processor",32,"Linux 7.0.0-27-generic x86_64","15.2.0"," -O3 -DNDEBUG",32,100000,flecs,owned_update,,32,500,8,159.814322
khanvm1,"AMD EPYC-Milan Processor",32,"Linux 7.0.0-27-generic x86_64","15.2.0"," -O3 -DNDEBUG",32,100000,flecs,owned_update,,32,500,9,169.696644
khanvm1,"AMD EPYC-Milan Processor",32,"Linux 7.0.0-27-generic x86_64","15.2.0"," -O3 -DNDEBUG",32,100000,flecs,owned_update,,32,500,10,176.265241
khanvm1,"AMD EPYC-Milan Processor",32,"Linux 7.0.0-27-generic x86_64","15.2.0"," -O3 -DNDEBUG",32,100000,flecs,owned_update,,32,500,11,177.110147
khanvm1,"AMD EPYC-Milan Processor",32,"Linux 7.0.0-27-generic x86_64","15.2.0"," -O3 -DNDEBUG",32,100000,flecs,owned_update,,32,500,12,175.953768
khanvm1,"AMD EPYC-Milan Processor",32,"Linux 7.0.0-27-generic x86_64","15.2.0"," -O3 -DNDEBUG",32,100000,flecs,owned_update,,32,500,13,171.385176
khanvm1,"AMD EPYC-Milan Processor",32,"Linux 7.0.0-27-generic x86_64","15.2.0"," -O3 -DNDEBUG",32,100000,flecs,owned_update,,32,500,14,168.271433
khanvm1,"AMD EPYC-Milan Processor",32,"Linux 7.0.0-27-generic x86_64","15.2.0"," -O3 -DNDEBUG",32,100000,pito,owned_update,ecs_get,1,0,1,28.555435
khanvm1,"AMD EPYC-Milan Processor",32,"Linux 7.0.0-27-generic x86_64","15.2.0"," -O3 -DNDEBUG",32,100000,pito,owned_update,ecs_get,1,0,2,29.813815
khanvm1,"AMD EPYC-Milan Processor",32,"Linux 7.0.0-27-generic x86_64","15.2.0"," -O3 -DNDEBUG",32,100000,pito,owned_update,ecs_get,1,0,3,29.927736
khanvm1,"AMD EPYC-Milan Processor",32,"Linux 7.0.0-27-generic x86_64","15.2.0"," -O3 -DNDEBUG",32,100000,pito,owned_update,ecs_get,1,0,4,30.480419
khanvm1,"AMD EPYC-Milan Processor",32,"Linux 7.0.0-27-generic x86_64","15.2.0"," -O3 -DNDEBUG",32,100000,pito,owned_update,ecs_get,1,0,5,31.879971
khanvm1,"AMD EPYC-Milan Processor",32,"Linux 7.0.0-27-generic x86_64","15.2.0"," -O3 -DNDEBUG",32,100000,pito,owned_update,ecs_get,1,0,6,31.788340
khanvm1,"AMD EPYC-Milan Processor",32,"Linux 7.0.0-27-generic x86_64","15.2.0"," -O3 -DNDEBUG",32,100000,pito,owned_update,ecs_get,1,0,7,30.862131
khanvm1,"AMD EPYC-Milan Processor",32,"Linux 7.0.0-27-generic x86_64","15.2.0"," -O3 -DNDEBUG",32,100000,pito,owned_update,ecs_get,1,0,8,37.135247
khanvm1,"AMD EPYC-Milan Processor",32,"Linux 7.0.0-27-generic x86_64","15.2.0"," -O3 -DNDEBUG",32,100000,pito,owned_update,ecs_get,1,0,9,30.917553
khanvm1,"AMD EPYC-Milan Processor",32,"Linux 7.0.0-27-generic x86_64","15.2.0"," -O3 -DNDEBUG",32,100000,pito,owned_update,ecs_get,1,0,10,28.871497
khanvm1,"AMD EPYC-Milan Processor",32,"Linux 7.0.0-27-generic x86_64","15.2.0"," -O3 -DNDEBUG",32,100000,pito,owned_update,ecs_get,1,0,11,28.417535
khanvm1,"AMD EPYC-Milan Processor",32,"Linux 7.0.0-27-generic x86_64","15.2.0"," -O3 -DNDEBUG",32,100000,pito,owned_update,ecs_get,1,0,12,29.846785
khanvm1,"AMD EPYC-Milan Processor",32,"Linux 7.0.0-27-generic x86_64","15.2.0"," -O3 -DNDEBUG",32,100000,pito,owned_update,ecs_get,1,0,13,29.852493
khanvm1,"AMD EPYC-Milan Processor",32,"Linux 7.0.0-27-generic x86_64","15.2.0"," -O3 -DNDEBUG",32,100000,pito,owned_update,ecs_get,1,0,14,30.923682
khanvm1,"AMD EPYC-Milan Processor",32,"Linux 7.0.0-27-generic x86_64","15.2.0"," -O3 -DNDEBUG",32,100000,pito,owned_update,ecs_get,1,0,15,31.976320
khanvm1,"AMD EPYC-Milan Processor",32,"Linux 7.0.0-27-generic x86_64","15.2.0"," -O3 -DNDEBUG",32,100000,pito,owned_update,ecs_get,1,0,16,31.830078
khanvm1,"AMD EPYC-Milan Processor",32,"Linux 7.0.0-27-generic x86_64","15.2.0"," -O3 -DNDEBUG",32,100000,pito,owned_update,ecs_get,1,10,1,38.112805
khanvm1,"AMD EPYC-Milan Processor",32,"Linux 7.0.0-27-generic x86_64","15.2.0"," -O3 -DNDEBUG",32,100000,pito,owned_update,ecs_get,1,10,2,38.117634
khanvm1,"AMD EPYC-Milan Processor",32,"Linux 7.0.0-27-generic x86_64","15.2.0"," -O3 -DNDEBUG",32,100000,pito,owned_update,ecs_get,1,10,3,40.222920
khanvm1,"AMD EPYC-Milan Processor",32,"Linux 7.0.0-27-generic x86_64","15.2.0"," -O3 -DNDEBUG",32,100000,pito,owned_update,ecs_get,1,10,4,40.352311
khanvm1,"AMD EPYC-Milan Processor",32,"Linux 7.0.0-27-generic x86_64","15.2.0"," -O3 -DNDEBUG",32,100000,pito,owned_update,ecs_get,1,10,5,40.492182
khanvm1,"AMD EPYC-Milan Processor",32,"Linux 7.0.0-27-generic x86_64","15.2.0"," -O3 -DNDEBUG",32,100000,pito,owned_update,ecs_get,1,10,6,39.305844
khanvm1,"AMD EPYC-Milan Processor",32,"Linux 7.0.0-27-generic x86_64","15.2.0"," -O3 -DNDEBUG",32,100000,pito,owned_update,ecs_get,1,10,7,38.106375
khanvm1,"AMD EPYC-Milan Processor",32,"Linux 7.0.0-27-generic x86_64","15.2.0"," -O3 -DNDEBUG",32,100000,pito,owned_update,ecs_get,1,10,8,38.807201
khanvm1,"AMD EPYC-Milan Processor",32,"Linux 7.0.0-27-generic x86_64","15.2.0"," -O3 -DNDEBUG",32,100000,pito,owned_update,ecs_get,1,10,9,39.569304
khanvm1,"AMD EPYC-Milan Processor",32,"Linux 7.0.0-27-generic x86_64","15.2.0"," -O3 -DNDEBUG",32,100000,pito,owned_update,ecs_get,1,10,10,40.589561
khanvm1,"AMD EPYC-Milan Processor",32,"Linux 7.0.0-27-generic x86_64","15.2.0"," -O3 -DNDEBUG",32,100000,pito,owned_update,ecs_get,1,500,1,2974.414426
khanvm1,"AMD EPYC-Milan Processor",32,"Linux 7.0.0-27-generic x86_64","15.2.0"," -O3 -DNDEBUG",32,100000,pito,owned_update,ecs_get,1,500,2,2973.372168
khanvm1,"AMD EPYC-Milan Processor",32,"Linux 7.0.0-27-generic x86_64","15.2.0"," -O3 -DNDEBUG",32,100000,pito,owned_update,ecs_get,1,500,3,2971.928377
khanvm1,"AMD EPYC-Milan Processor",32,"Linux 7.0.0-27-generic x86_64","15.2.0"," -O3 -DNDEBUG",32,100000,pito,owned_update,ecs_get,1,500,4,2973.890833
khanvm1,"AMD EPYC-Milan Processor",32,"Linux 7.0.0-27-generic x86_64","15.2.0"," -O3 -DNDEBUG",32,100000,pito,owned_update,ecs_get,1,500,5,2976.499401
khanvm1,"AMD EPYC-Milan Processor",32,"Linux 7.0.0-27-generic x86_64","15.2.0"," -O3 -DNDEBUG",32,100000,pito,owned_update,ecs_get,1,500,6,2966.791182
khanvm1,"AMD EPYC-Milan Processor",32,"Linux 7.0.0-27-generic x86_64","15.2.0"," -O3 -DNDEBUG",32,100000,pito,owned_update,ecs_get,1,500,7,2969.193950
khanvm1,"AMD EPYC-Milan Processor",32,"Linux 7.0.0-27-generic x86_64","15.2.0"," -O3 -DNDEBUG",32,100000,pito,owned_update,ecs_get,1,500,8,2968.326773
khanvm1,"AMD EPYC-Milan Processor",32,"Linux 7.0.0-27-generic x86_64","15.2.0"," -O3 -DNDEBUG",32,100000,pito,owned_update,ecs_get,1,500,9,2968.221861
khanvm1,"AMD EPYC-Milan Processor",32,"Linux 7.0.0-27-generic x86_64","15.2.0"," -O3 -DNDEBUG",32,100000,pito,owned_update,ecs_get,1,500,10,2967.563827
khanvm1,"AMD EPYC-Milan Processor",32,"Linux 7.0.0-27-generic x86_64","15.2.0"," -O3 -DNDEBUG",32,100000,pito,owned_update,ecs_get,2,0,1,46.405244
khanvm1,"AMD EPYC-Milan Processor",32,"Linux 7.0.0-27-generic x86_64","15.2.0"," -O3 -DNDEBUG",32,100000,pito,owned_update,ecs_get,2,0,2,43.744865
khanvm1,"AMD EPYC-Milan Processor",32,"Linux 7.0.0-27-generic x86_64","15.2.0"," -O3 -DNDEBUG",32,100000,pito,owned_update,ecs_get,2,0,3,42.544907
khanvm1,"AMD EPYC-Milan Processor",32,"Linux 7.0.0-27-generic x86_64","15.2.0"," -O3 -DNDEBUG",32,100000,pito,owned_update,ecs_get,2,0,4,42.140533
khanvm1,"AMD EPYC-Milan Processor",32,"Linux 7.0.0-27-generic x86_64","15.2.0"," -O3 -DNDEBUG",32,100000,pito,owned_update,ecs_get,2,0,5,47.079559
khanvm1,"AMD EPYC-Milan Processor",32,"Linux 7.0.0-27-generic x86_64","15.2.0"," -O3 -DNDEBUG",32,100000,pito,owned_update,ecs_get,2,0,6,41.090477
khanvm1,"AMD EPYC-Milan Processor",32,"Linux 7.0.0-27-generic x86_64","15.2.0"," -O3 -DNDEBUG",32,100000,pito,owned_update,ecs_get,2,0,7,41.259697
khanvm1,"AMD EPYC-Milan Processor",32,"Linux 7.0.0-27-generic x86_64","15.2.0"," -O3 -DNDEBUG",32,100000,pito,owned_update,ecs_get,2,0,8,43.453973
khanvm1,"AMD EPYC-Milan Processor",32,"Linux 7.0.0-27-generic x86_64","15.2.0"," -O3 -DNDEBUG",32,100000,pito,owned_update,ecs_get,2,0,9,43.924737
khanvm1,"AMD EPYC-Milan Processor",32,"Linux 7.0.0-27-generic x86_64","15.2.0"," -O3 -DNDEBUG",32,100000,pito,owned_update,ecs_get,2,0,10,43.348751
khanvm1,"AMD EPYC-Milan Processor",32,"Linux 7.0.0-27-generic x86_64","15.2.0"," -O3 -DNDEBUG",32,100000,pito,owned_update,ecs_get,2,0,11,43.160200
khanvm1,"AMD EPYC-Milan Processor",32,"Linux 7.0.0-27-generic x86_64","15.2.0"," -O3 -DNDEBUG",32,100000,pito,owned_update,ecs_get,2,0,12,42.472186
khanvm1,"AMD EPYC-Milan Processor",32,"Linux 7.0.0-27-generic x86_64","15.2.0"," -O3 -DNDEBUG",32,100000,pito,owned_update,ecs_get,2,0,13,33.563622
khanvm1,"AMD EPYC-Milan Processor",32,"Linux 7.0.0-27-generic x86_64","15.2.0"," -O3 -DNDEBUG",32,100000,pito,owned_update,ecs_get,2,0,14,41.161066
khanvm1,"AMD EPYC-Milan Processor",32,"Linux 7.0.0-27-generic x86_64","15.2.0"," -O3 -DNDEBUG",32,100000,pito,owned_update,ecs_get,2,10,1,44.956934
khanvm1,"AMD EPYC-Milan Processor",32,"Linux 7.0.0-27-generic x86_64","15.2.0"," -O3 -DNDEBUG",32,100000,pito,owned_update,ecs_get,2,10,2,53.345304
khanvm1,"AMD EPYC-Milan Processor",32,"Linux 7.0.0-27-generic x86_64","15.2.0"," -O3 -DNDEBUG",32,100000,pito,owned_update,ecs_get,2,10,3,53.977599
khanvm1,"AMD EPYC-Milan Processor",32,"Linux 7.0.0-27-generic x86_64","15.2.0"," -O3 -DNDEBUG",32,100000,pito,owned_update,ecs_get,2,10,4,57.990417
khanvm1,"AMD EPYC-Milan Processor",32,"Linux 7.0.0-27-generic x86_64","15.2.0"," -O3 -DNDEBUG",32,100000,pito,owned_update,ecs_get,2,10,5,62.986753
khanvm1,"AMD EPYC-Milan Processor",32,"Linux 7.0.0-27-generic x86_64","15.2.0"," -O3 -DNDEBUG",32,100000,pito,owned_update,ecs_get,2,10,6,31.977491
khanvm1,"AMD EPYC-Milan Processor",32,"Linux 7.0.0-27-generic x86_64","15.2.0"," -O3 -DNDEBUG",32,100000,pito,owned_update,ecs_get,2,10,7,64.435943
khanvm1,"AMD EPYC-Milan Processor",32,"Linux 7.0.0-27-generic x86_64","15.2.0"," -O3 -DNDEBUG",32,100000,pito,owned_update,ecs_get,2,10,8,66.022216
khanvm1,"AMD EPYC-Milan Processor",32,"Linux 7.0.0-27-generic x86_64","15.2.0"," -O3 -DNDEBUG",32,100000,pito,owned_update,ecs_get,2,10,9,53.264224
khanvm1,"AMD EPYC-Milan Processor",32,"Linux 7.0.0-27-generic x86_64","15.2.0"," -O3 -DNDEBUG",32,100000,pito,owned_update,ecs_get,2,10,10,64.608953
khanvm1,"AMD EPYC-Milan Processor",32,"Linux 7.0.0-27-generic x86_64","15.2.0"," -O3 -DNDEBUG",32,100000,pito,owned_update,ecs_get,2,10,11,55.115257
khanvm1,"AMD EPYC-Milan Processor",32,"Linux 7.0.0-27-generic x86_64","15.2.0"," -O3 -DNDEBUG",32,100000,pito,owned_update,ecs_get,2,10,12,64.596516
khanvm1,"AMD EPYC-Milan Processor",32,"Linux 7.0.0-27-generic x86_64","15.2.0"," -O3 -DNDEBUG",32,100000,pito,owned_update,ecs_get,2,10,13,51.305120
khanvm1,"AMD EPYC-Milan Processor",32,"Linux 7.0.0-27-generic x86_64","15.2.0"," -O3 -DNDEBUG",32,100000,pito,owned_update,ecs_get,2,10,14,52.680949
khanvm1,"AMD EPYC-Milan Processor",32,"Linux 7.0.0-27-generic x86_64","15.2.0"," -O3 -DNDEBUG",32,100000,pito,owned_update,ecs_get,2,10,15,53.703727
khanvm1,"AMD EPYC-Milan Processor",32,"Linux 7.0.0-27-generic x86_64","15.2.0"," -O3 -DNDEBUG",32,100000,pito,owned_update,ecs_get,2,10,16,51.532271
khanvm1,"AMD EPYC-Milan Processor",32,"Linux 7.0.0-27-generic x86_64","15.2.0"," -O3 -DNDEBUG",32,100000,pito,owned_update,ecs_get,2,10,17,52.903750
khanvm1,"AMD EPYC-Milan Processor",32,"Linux 7.0.0-27-generic x86_64","15.2.0"," -O3 -DNDEBUG",32,100000,pito,owned_update,ecs_get,2,10,18,54.064680
khanvm1,"AMD EPYC-Milan Processor",32,"Linux 7.0.0-27-generic x86_64","15.2.0"," -O3 -DNDEBUG",32,100000,pito,owned_update,ecs_get,2,10,19,53.448195
khanvm1,"AMD EPYC-Milan Processor",32,"Linux 7.0.0-27-generic x86_64","15.2.0"," -O3 -DNDEBUG",32,100000,pito,owned_update,ecs_get,2,10,20,52.155396
khanvm1,"AMD EPYC-Milan Processor",32,"Linux 7.0.0-27-generic x86_64","15.2.0"," -O3 -DNDEBUG",32,100000,pito,owned_update,ecs_get,2,10,21,53.846097
khanvm1,"AMD EPYC-Milan Processor",32,"Linux 7.0.0-27-generic x86_64","15.2.0"," -O3 -DNDEBUG",32,100000,pito,owned_update,ecs_get,2,10,22,51.945146
khanvm1,"AMD EPYC-Milan Processor",32,"Linux 7.0.0-27-generic x86_64","15.2.0"," -O3 -DNDEBUG",32,100000,pito,owned_update,ecs_get,2,10,23,50.624055
khanvm1,"AMD EPYC-Milan Processor",32,"Linux 7.0.0-27-generic x86_64","15.2.0"," -O3 -DNDEBUG",32,100000,pito,owned_update,ecs_get,2,10,24,51.989515
khanvm1,"AMD EPYC-Milan Processor",32,"Linux 7.0.0-27-generic x86_64","15.2.0"," -O3 -DNDEBUG",32,100000,pito,owned_update,ecs_get,2,500,1,1536.484789
khanvm1,"AMD EPYC-Milan Processor",32,"Linux 7.0.0-27-generic x86_64","15.2.0"," -O3 -DNDEBUG",32,100000,pito,owned_update,ecs_get,2,500,2,1528.826082
khanvm1,"AMD EPYC-Milan Processor",32,"Linux 7.0.0-27-generic x86_64","15.2.0"," -O3 -DNDEBUG",32,100000,pito,owned_update,ecs_get,2,500,3,1529.831261
khanvm1,"AMD EPYC-Milan Processor",32,"Linux 7.0.0-27-generic x86_64","15.2.0"," -O3 -DNDEBUG",32,100000,pito,owned_update,ecs_get,2,500,4,1538.228312
khanvm1,"AMD EPYC-Milan Processor",32,"Linux 7.0.0-27-generic x86_64","15.2.0"," -O3 -DNDEBUG",32,100000,pito,owned_update,ecs_get,2,500,5,1528.362289
khanvm1,"AMD EPYC-Milan Processor",32,"Linux 7.0.0-27-generic x86_64","15.2.0"," -O3 -DNDEBUG",32,100000,pito,owned_update,ecs_get,2,500,6,1529.573238
khanvm1,"AMD EPYC-Milan Processor",32,"Linux 7.0.0-27-generic x86_64","15.2.0"," -O3 -DNDEBUG",32,100000,pito,owned_update,ecs_get,2,500,7,1531.946955
khanvm1,"AMD EPYC-Milan Processor",32,"Linux 7.0.0-27-generic x86_64","15.2.0"," -O3 -DNDEBUG",32,100000,pito,owned_update,ecs_get,2,500,8,1531.101529
khanvm1,"AMD EPYC-Milan Processor",32,"Linux 7.0.0-27-generic x86_64","15.2.0"," -O3 -DNDEBUG",32,100000,pito,owned_update,ecs_get,2,500,9,1531.868984
khanvm1,"AMD EPYC-Milan Processor",32,"Linux 7.0.0-27-generic x86_64","15.2.0"," -O3 -DNDEBUG",32,100000,pito,owned_update,ecs_get,2,500,10,1531.857535
khanvm1,"AMD EPYC-Milan Processor",32,"Linux 7.0.0-27-generic x86_64","15.2.0"," -O3 -DNDEBUG",32,100000,pito,owned_update,ecs_get,4,0,1,20.129216
khanvm1,"AMD EPYC-Milan Processor",32,"Linux 7.0.0-27-generic x86_64","15.2.0"," -O3 -DNDEBUG",32,100000,pito,owned_update,ecs_get,4,0,2,20.325955
khanvm1,"AMD EPYC-Milan Processor",32,"Linux 7.0.0-27-generic x86_64","15.2.0"," -O3 -DNDEBUG",32,100000,pito,owned_update,ecs_get,4,0,3,22.722494
khanvm1,"AMD EPYC-Milan Processor",32,"Linux 7.0.0-27-generic x86_64","15.2.0"," -O3 -DNDEBUG",32,100000,pito,owned_update,ecs_get,4,0,4,21.505356
khanvm1,"AMD EPYC-Milan Processor",32,"Linux 7.0.0-27-generic x86_64","15.2.0"," -O3 -DNDEBUG",32,100000,pito,owned_update,ecs_get,4,0,5,21.430375
khanvm1,"AMD EPYC-Milan Processor",32,"Linux 7.0.0-27-generic x86_64","15.2.0"," -O3 -DNDEBUG",32,100000,pito,owned_update,ecs_get,4,0,6,22.444132
khanvm1,"AMD EPYC-Milan Processor",32,"Linux 7.0.0-27-generic x86_64","15.2.0"," -O3 -DNDEBUG",32,100000,pito,owned_update,ecs_get,4,0,7,22.785576
khanvm1,"AMD EPYC-Milan Processor",32,"Linux 7.0.0-27-generic x86_64","15.2.0"," -O3 -DNDEBUG",32,100000,pito,owned_update,ecs_get,4,0,8,21.214693
khanvm1,"AMD EPYC-Milan Processor",32,"Linux 7.0.0-27-generic x86_64","15.2.0"," -O3 -DNDEBUG",32,100000,pito,owned_update,ecs_get,4,0,9,20.401347
khanvm1,"AMD EPYC-Milan Processor",32,"Linux 7.0.0-27-generic x86_64","15.2.0"," -O3 -DNDEBUG",32,100000,pito,owned_update,ecs_get,4,0,10,23.335218
khanvm1,"AMD EPYC-Milan Processor",32,"Linux 7.0.0-27-generic x86_64","15.2.0"," -O3 -DNDEBUG",32,100000,pito,owned_update,ecs_get,4,0,11,20.370157
khanvm1,"AMD EPYC-Milan Processor",32,"Linux 7.0.0-27-generic x86_64","15.2.0"," -O3 -DNDEBUG",32,100000,pito,owned_update,ecs_get,4,0,12,19.781633
khanvm1,"AMD EPYC-Milan Processor",32,"Linux 7.0.0-27-generic x86_64","15.2.0"," -O3 -DNDEBUG",32,100000,pito,owned_update,ecs_get,4,0,13,20.978191
khanvm1,"AMD EPYC-Milan Processor",32,"Linux 7.0.0-27-generic x86_64","15.2.0"," -O3 -DNDEBUG",32,100000,pito,owned_update,ecs_get,4,0,14,20.257835
khanvm1,"AMD EPYC-Milan Processor",32,"Linux 7.0.0-27-generic x86_64","15.2.0"," -O3 -DNDEBUG",32,100000,pito,owned_update,ecs_get,4,0,15,21.113992
khanvm1,"AMD EPYC-Milan Processor",32,"Linux 7.0.0-27-generic x86_64","15.2.0"," -O3 -DNDEBUG",32,100000,pito,owned_update,ecs_get,4,0,16,20.073905
khanvm1,"AMD EPYC-Milan Processor",32,"Linux 7.0.0-27-generic x86_64","15.2.0"," -O3 -DNDEBUG",32,100000,pito,owned_update,ecs_get,4,0,17,19.426820
khanvm1,"AMD EPYC-Milan Processor",32,"Linux 7.0.0-27-generic x86_64","15.2.0"," -O3 -DNDEBUG",32,100000,pito,owned_update,ecs_get,4,0,18,22.859536
khanvm1,"AMD EPYC-Milan Processor",32,"Linux 7.0.0-27-generic x86_64","15.2.0"," -O3 -DNDEBUG",32,100000,pito,owned_update,ecs_get,4,0,19,21.106162
khanvm1,"AMD EPYC-Milan Processor",32,"Linux 7.0.0-27-generic x86_64","15.2.0"," -O3 -DNDEBUG",32,100000,pito,owned_update,ecs_get,4,0,20,19.763212
khanvm1,"AMD EPYC-Milan Processor",32,"Linux 7.0.0-27-generic x86_64","15.2.0"," -O3 -DNDEBUG",32,100000,pito,owned_update,ecs_get,4,0,21,22.974805
khanvm1,"AMD EPYC-Milan Processor",32,"Linux 7.0.0-27-generic x86_64","15.2.0"," -O3 -DNDEBUG",32,100000,pito,owned_update,ecs_get,4,0,22,19.815483
khanvm1,"AMD EPYC-Milan Processor",32,"Linux 7.0.0-27-generic x86_64","15.2.0"," -O3 -DNDEBUG",32,100000,pito,owned_update,ecs_get,4,0,23,20.103354
khanvm1,"AMD EPYC-Milan Processor",32,"Linux 7.0.0-27-generic x86_64","15.2.0"," -O3 -DNDEBUG",32,100000,pito,owned_update,ecs_get,4,0,24,21.662436
khanvm1,"AMD EPYC-Milan Processor",32,"Linux 7.0.0-27-generic x86_64","15.2.0"," -O3 -DNDEBUG",32,100000,pito,owned_update,ecs_get,4,10,1,30.606390
khanvm1,"AMD EPYC-Milan Processor",32,"Linux 7.0.0-27-generic x86_64","15.2.0"," -O3 -DNDEBUG",32,100000,pito,owned_update,ecs_get,4,10,2,32.227491
khanvm1,"AMD EPYC-Milan Processor",32,"Linux 7.0.0-27-generic x86_64","15.2.0"," -O3 -DNDEBUG",32,100000,pito,owned_update,ecs_get,4,10,3,32.197083
khanvm1,"AMD EPYC-Milan Processor",32,"Linux 7.0.0-27-generic x86_64","15.2.0"," -O3 -DNDEBUG",32,100000,pito,owned_update,ecs_get,4,10,4,27.932813
khanvm1,"AMD EPYC-Milan Processor",32,"Linux 7.0.0-27-generic x86_64","15.2.0"," -O3 -DNDEBUG",32,100000,pito,owned_update,ecs_get,4,10,5,21.466824
khanvm1,"AMD EPYC-Milan Processor",32,"Linux 7.0.0-27-generic x86_64","15.2.0"," -O3 -DNDEBUG",32,100000,pito,owned_update,ecs_get,4,10,6,27.818960
khanvm1,"AMD EPYC-Milan Processor",32,"Linux 7.0.0-27-generic x86_64","15.2.0"," -O3 -DNDEBUG",32,100000,pito,owned_update,ecs_get,4,10,7,27.788801
khanvm1,"AMD EPYC-Milan Processor",32,"Linux 7.0.0-27-generic x86_64","15.2.0"," -O3 -DNDEBUG",32,100000,pito,owned_update,ecs_get,4,10,8,28.127412
khanvm1,"AMD EPYC-Milan Processor",32,"Linux 7.0.0-27-generic x86_64","15.2.0"," -O3 -DNDEBUG",32,100000,pito,owned_update,ecs_get,4,10,9,29.719704
khanvm1,"AMD EPYC-Milan Processor",32,"Linux 7.0.0-27-generic x86_64","15.2.0"," -O3 -DNDEBUG",32,100000,pito,owned_update,ecs_get,4,10,10,27.727380
khanvm1,"AMD EPYC-Milan Processor",32,"Linux 7.0.0-27-generic x86_64","15.2.0"," -O3 -DNDEBUG",32,100000,pito,owned_update,ecs_get,4,10,11,27.724751
khanvm1,"AMD EPYC-Milan Processor",32,"Linux 7.0.0-27-generic x86_64","15.2.0"," -O3 -DNDEBUG",32,100000,pito,owned_update,ecs_get,4,10,12,26.407310
khanvm1,"AMD EPYC-Milan Processor",32,"Linux 7.0.0-27-generic x86_64","15.2.0"," -O3 -DNDEBUG",32,100000,pito,owned_update,ecs_get,4,10,13,27.301967
khanvm1,"AMD EPYC-Milan Processor",32,"Linux 7.0.0-27-generic x86_64","15.2.0"," -O3 -DNDEBUG",32,100000,pito,owned_update,ecs_get,4,10,14,27.875132
khanvm1,"AMD EPYC-Milan Processor",32,"Linux 7.0.0-27-generic x86_64","15.2.0"," -O3 -DNDEBUG",32,100000,pito,owned_update,ecs_get,4,10,15,29.835635
khanvm1,"AMD EPYC-Milan Processor",32,"Linux 7.0.0-27-generic x86_64","15.2.0"," -O3 -DNDEBUG",32,100000,pito,owned_update,ecs_get,4,10,16,28.252024
khanvm1,"AMD EPYC-Milan Processor",32,"Linux 7.0.0-27-generic x86_64","15.2.0"," -O3 -DNDEBUG",32,100000,pito,owned_update,ecs_get,4,10,17,23.034946
khanvm1,"AMD EPYC-Milan Processor",32,"Linux 7.0.0-27-generic x86_64","15.2.0"," -O3 -DNDEBUG",32,100000,pito,owned_update,ecs_get,4,10,18,27.316587
khanvm1,"AMD EPYC-Milan Processor",32,"Linux 7.0.0-27-generic x86_64","15.2.0"," -O3 -DNDEBUG",32,100000,pito,owned_update,ecs_get,4,10,19,28.648797
khanvm1,"AMD EPYC-Milan Processor",32,"Linux 7.0.0-27-generic x86_64","15.2.0"," -O3 -DNDEBUG",32,100000,pito,owned_update,ecs_get,4,10,20,29.991015
khanvm1,"AMD EPYC-Milan Processor",32,"Linux 7.0.0-27-generic x86_64","15.2.0"," -O3 -DNDEBUG",32,100000,pito,owned_update,ecs_get,4,10,21,27.871731
khanvm1,"AMD EPYC-Milan Processor",32,"Linux 7.0.0-27-generic x86_64","15.2.0"," -O3 -DNDEBUG",32,100000,pito,owned_update,ecs_get,4,10,22,30.192048
khanvm1,"AMD EPYC-Milan Processor",32,"Linux 7.0.0-27-generic x86_64","15.2.0"," -O3 -DNDEBUG",32,100000,pito,owned_update,ecs_get,4,10,23,26.552661
khanvm1,"AMD EPYC-Milan Processor",32,"Linux 7.0.0-27-generic x86_64","15.2.0"," -O3 -DNDEBUG",32,100000,pito,owned_update,ecs_get,4,10,24,28.021691
khanvm1,"AMD EPYC-Milan Processor",32,"Linux 7.0.0-27-generic x86_64","15.2.0"," -O3 -DNDEBUG",32,100000,pito,owned_update,ecs_get,4,10,25,28.566055
khanvm1,"AMD EPYC-Milan Processor",32,"Linux 7.0.0-27-generic x86_64","15.2.0"," -O3 -DNDEBUG",32,100000,pito,owned_update,ecs_get,4,10,26,28.182932
khanvm1,"AMD EPYC-Milan Processor",32,"Linux 7.0.0-27-generic x86_64","15.2.0"," -O3 -DNDEBUG",32,100000,pito,owned_update,ecs_get,4,500,1,801.786825
khanvm1,"AMD EPYC-Milan Processor",32,"Linux 7.0.0-27-generic x86_64","15.2.0"," -O3 -DNDEBUG",32,100000,pito,owned_update,ecs_get,4,500,2,804.372374
khanvm1,"AMD EPYC-Milan Processor",32,"Linux 7.0.0-27-generic x86_64","15.2.0"," -O3 -DNDEBUG",32,100000,pito,owned_update,ecs_get,4,500,3,803.873891
khanvm1,"AMD EPYC-Milan Processor",32,"Linux 7.0.0-27-generic x86_64","15.2.0"," -O3 -DNDEBUG",32,100000,pito,owned_update,ecs_get,4,500,4,802.326071
khanvm1,"AMD EPYC-Milan Processor",32,"Linux 7.0.0-27-generic x86_64","15.2.0"," -O3 -DNDEBUG",32,100000,pito,owned_update,ecs_get,4,500,5,810.553040
khanvm1,"AMD EPYC-Milan Processor",32,"Linux 7.0.0-27-generic x86_64","15.2.0"," -O3 -DNDEBUG",32,100000,pito,owned_update,ecs_get,4,500,6,802.154037
khanvm1,"AMD EPYC-Milan Processor",32,"Linux 7.0.0-27-generic x86_64","15.2.0"," -O3 -DNDEBUG",32,100000,pito,owned_update,ecs_get,4,500,7,801.449754
khanvm1,"AMD EPYC-Milan Processor",32,"Linux 7.0.0-27-generic x86_64","15.2.0"," -O3 -DNDEBUG",32,100000,pito,owned_update,ecs_get,4,500,8,800.838149
khanvm1,"AMD EPYC-Milan Processor",32,"Linux 7.0.0-27-generic x86_64","15.2.0"," -O3 -DNDEBUG",32,100000,pito,owned_update,ecs_get,4,500,9,804.229672
khanvm1,"AMD EPYC-Milan Processor",32,"Linux 7.0.0-27-generic x86_64","15.2.0"," -O3 -DNDEBUG",32,100000,pito,owned_update,ecs_get,4,500,10,800.816039
khanvm1,"AMD EPYC-Milan Processor",32,"Linux 7.0.0-27-generic x86_64","15.2.0"," -O3 -DNDEBUG",32,100000,pito,owned_update,ecs_get,8,0,1,16.732811
khanvm1,"AMD EPYC-Milan Processor",32,"Linux 7.0.0-27-generic x86_64","15.2.0"," -O3 -DNDEBUG",32,100000,pito,owned_update,ecs_get,8,0,2,15.712724
khanvm1,"AMD EPYC-Milan Processor",32,"Linux 7.0.0-27-generic x86_64","15.2.0"," -O3 -DNDEBUG",32,100000,pito,owned_update,ecs_get,8,0,3,16.872201
khanvm1,"AMD EPYC-Milan Processor",32,"Linux 7.0.0-27-generic x86_64","15.2.0"," -O3 -DNDEBUG",32,100000,pito,owned_update,ecs_get,8,0,4,16.081126
khanvm1,"AMD EPYC-Milan Processor",32,"Linux 7.0.0-27-generic x86_64","15.2.0"," -O3 -DNDEBUG",32,100000,pito,owned_update,ecs_get,8,0,5,16.452949
khanvm1,"AMD EPYC-Milan Processor",32,"Linux 7.0.0-27-generic x86_64","15.2.0"," -O3 -DNDEBUG",32,100000,pito,owned_update,ecs_get,8,0,6,16.541080
khanvm1,"AMD EPYC-Milan Processor",32,"Linux 7.0.0-27-generic x86_64","15.2.0"," -O3 -DNDEBUG",32,100000,pito,owned_update,ecs_get,8,0,7,16.642310
khanvm1,"AMD EPYC-Milan Processor",32,"Linux 7.0.0-27-generic x86_64","15.2.0"," -O3 -DNDEBUG",32,100000,pito,owned_update,ecs_get,8,0,8,16.824591
khanvm1,"AMD EPYC-Milan Processor",32,"Linux 7.0.0-27-generic x86_64","15.2.0"," -O3 -DNDEBUG",32,100000,pito,owned_update,ecs_get,8,0,9,16.784020
khanvm1,"AMD EPYC-Milan Processor",32,"Linux 7.0.0-27-generic x86_64","15.2.0"," -O3 -DNDEBUG",32,100000,pito,owned_update,ecs_get,8,0,10,14.700225
khanvm1,"AMD EPYC-Milan Processor",32,"Linux 7.0.0-27-generic x86_64","15.2.0"," -O3 -DNDEBUG",32,100000,pito,owned_update,ecs_get,8,0,11,15.857414
khanvm1,"AMD EPYC-Milan Processor",32,"Linux 7.0.0-27-generic x86_64","15.2.0"," -O3 -DNDEBUG",32,100000,pito,owned_update,ecs_get,8,0,12,16.670212
khanvm1,"AMD EPYC-Milan Processor",32,"Linux 7.0.0-27-generic x86_64","15.2.0"," -O3 -DNDEBUG",32,100000,pito,owned_update,ecs_get,8,0,13,16.035026
khanvm1,"AMD EPYC-Milan Processor",32,"Linux 7.0.0-27-generic x86_64","15.2.0"," -O3 -DNDEBUG",32,100000,pito,owned_update,ecs_get,8,0,14,15.821813
khanvm1,"AMD EPYC-Milan Processor",32,"Linux 7.0.0-27-generic x86_64","15.2.0"," -O3 -DNDEBUG",32,100000,pito,owned_update,ecs_get,8,10,1,23.093596
khanvm1,"AMD EPYC-Milan Processor",32,"Linux 7.0.0-27-generic x86_64","15.2.0"," -O3 -DNDEBUG",32,100000,pito,owned_update,ecs_get,8,10,2,22.770325
khanvm1,"AMD EPYC-Milan Processor",32,"Linux 7.0.0-27-generic x86_64","15.2.0"," -O3 -DNDEBUG",32,100000,pito,owned_update,ecs_get,8,10,3,23.252197
khanvm1,"AMD EPYC-Milan Processor",32,"Linux 7.0.0-27-generic x86_64","15.2.0"," -O3 -DNDEBUG",32,100000,pito,owned_update,ecs_get,8,10,4,21.993649
khanvm1,"AMD EPYC-Milan Processor",32,"Linux 7.0.0-27-generic x86_64","15.2.0"," -O3 -DNDEBUG",32,100000,pito,owned_update,ecs_get,8,10,5,23.773141
khanvm1,"AMD EPYC-Milan Processor",32,"Linux 7.0.0-27-generic x86_64","15.2.0"," -O3 -DNDEBUG",32,100000,pito,owned_update,ecs_get,8,10,6,23.435519
khanvm1,"AMD EPYC-Milan Processor",32,"Linux 7.0.0-27-generic x86_64","15.2.0"," -O3 -DNDEBUG",32,100000,pito,owned_update,ecs_get,8,10,7,22.306611
khanvm1,"AMD EPYC-Milan Processor",32,"Linux 7.0.0-27-generic x86_64","15.2.0"," -O3 -DNDEBUG",32,100000,pito,owned_update,ecs_get,8,10,8,20.998562
khanvm1,"AMD EPYC-Milan Processor",32,"Linux 7.0.0-27-generic x86_64","15.2.0"," -O3 -DNDEBUG",32,100000,pito,owned_update,ecs_get,8,10,9,23.930452
khanvm1,"AMD EPYC-Milan Processor",32,"Linux 7.0.0-27-generic x86_64","15.2.0"," -O3 -DNDEBUG",32,100000,pito,owned_update,ecs_get,8,10,10,22.297492
khanvm1,"AMD EPYC-Milan Processor",32,"Linux 7.0.0-27-generic x86_64","15.2.0"," -O3 -DNDEBUG",32,100000,pito,owned_update,ecs_get,8,10,11,22.756793
khanvm1,"AMD EPYC-Milan Processor",32,"Linux 7.0.0-27-generic x86_64","15.2.0"," -O3 -DNDEBUG",32,100000,pito,owned_update,ecs_get,8,500,1,430.349640
khanvm1,"AMD EPYC-Milan Processor",32,"Linux 7.0.0-27-generic x86_64","15.2.0"," -O3 -DNDEBUG",32,100000,pito,owned_update,ecs_get,8,500,2,435.880440
khanvm1,"AMD EPYC-Milan Processor",32,"Linux 7.0.0-27-generic x86_64","15.2.0"," -O3 -DNDEBUG",32,100000,pito,owned_update,ecs_get,8,500,3,429.572614
khanvm1,"AMD EPYC-Milan Processor",32,"Linux 7.0.0-27-generic x86_64","15.2.0"," -O3 -DNDEBUG",32,100000,pito,owned_update,ecs_get,8,500,4,430.866105
khanvm1,"AMD EPYC-Milan Processor",32,"Linux 7.0.0-27-generic x86_64","15.2.0"," -O3 -DNDEBUG",32,100000,pito,owned_update,ecs_get,8,500,5,430.660822
khanvm1,"AMD EPYC-Milan Processor",32,"Linux 7.0.0-27-generic x86_64","15.2.0"," -O3 -DNDEBUG",32,100000,pito,owned_update,ecs_get,8,500,6,425.026374
khanvm1,"AMD EPYC-Milan Processor",32,"Linux 7.0.0-27-generic x86_64","15.2.0"," -O3 -DNDEBUG",32,100000,pito,owned_update,ecs_get,8,500,7,424.593119
khanvm1,"AMD EPYC-Milan Processor",32,"Linux 7.0.0-27-generic x86_64","15.2.0"," -O3 -DNDEBUG",32,100000,pito,owned_update,ecs_get,8,500,8,423.537171
khanvm1,"AMD EPYC-Milan Processor",32,"Linux 7.0.0-27-generic x86_64","15.2.0"," -O3 -DNDEBUG",32,100000,pito,owned_update,ecs_get,8,500,9,424.066955
khanvm1,"AMD EPYC-Milan Processor",32,"Linux 7.0.0-27-generic x86_64","15.2.0"," -O3 -DNDEBUG",32,100000,pito,owned_update,ecs_get,8,500,10,424.368317
khanvm1,"AMD EPYC-Milan Processor",32,"Linux 7.0.0-27-generic x86_64","15.2.0"," -O3 -DNDEBUG",32,100000,pito,owned_update,ecs_get,16,0,1,8.524911
khanvm1,"AMD EPYC-Milan Processor",32,"Linux 7.0.0-27-generic x86_64","15.2.0"," -O3 -DNDEBUG",32,100000,pito,owned_update,ecs_get,16,0,2,8.095227
khanvm1,"AMD EPYC-Milan Processor",32,"Linux 7.0.0-27-generic x86_64","15.2.0"," -O3 -DNDEBUG",32,100000,pito,owned_update,ecs_get,16,0,3,8.031958
khanvm1,"AMD EPYC-Milan Processor",32,"Linux 7.0.0-27-generic x86_64","15.2.0"," -O3 -DNDEBUG",32,100000,pito,owned_update,ecs_get,16,0,4,8.050299
khanvm1,"AMD EPYC-Milan Processor",32,"Linux 7.0.0-27-generic x86_64","15.2.0"," -O3 -DNDEBUG",32,100000,pito,owned_update,ecs_get,16,0,5,8.140199
khanvm1,"AMD EPYC-Milan Processor",32,"Linux 7.0.0-27-generic x86_64","15.2.0"," -O3 -DNDEBUG",32,100000,pito,owned_update,ecs_get,16,0,6,8.697001
khanvm1,"AMD EPYC-Milan Processor",32,"Linux 7.0.0-27-generic x86_64","15.2.0"," -O3 -DNDEBUG",32,100000,pito,owned_update,ecs_get,16,0,7,8.483150
khanvm1,"AMD EPYC-Milan Processor",32,"Linux 7.0.0-27-generic x86_64","15.2.0"," -O3 -DNDEBUG",32,100000,pito,owned_update,ecs_get,16,0,8,9.683270
khanvm1,"AMD EPYC-Milan Processor",32,"Linux 7.0.0-27-generic x86_64","15.2.0"," -O3 -DNDEBUG",32,100000,pito,owned_update,ecs_get,16,0,9,9.645610
khanvm1,"AMD EPYC-Milan Processor",32,"Linux 7.0.0-27-generic x86_64","15.2.0"," -O3 -DNDEBUG",32,100000,pito,owned_update,ecs_get,16,0,10,9.354148
khanvm1,"AMD EPYC-Milan Processor",32,"Linux 7.0.0-27-generic x86_64","15.2.0"," -O3 -DNDEBUG",32,100000,pito,owned_update,ecs_get,16,0,11,9.489758
khanvm1,"AMD EPYC-Milan Processor",32,"Linux 7.0.0-27-generic x86_64","15.2.0"," -O3 -DNDEBUG",32,100000,pito,owned_update,ecs_get,16,0,12,9.600989
khanvm1,"AMD EPYC-Milan Processor",32,"Linux 7.0.0-27-generic x86_64","15.2.0"," -O3 -DNDEBUG",32,100000,pito,owned_update,ecs_get,16,0,13,9.810300
khanvm1,"AMD EPYC-Milan Processor",32,"Linux 7.0.0-27-generic x86_64","15.2.0"," -O3 -DNDEBUG",32,100000,pito,owned_update,ecs_get,16,0,14,9.752021
khanvm1,"AMD EPYC-Milan Processor",32,"Linux 7.0.0-27-generic x86_64","15.2.0"," -O3 -DNDEBUG",32,100000,pito,owned_update,ecs_get,16,0,15,9.353117
khanvm1,"AMD EPYC-Milan Processor",32,"Linux 7.0.0-27-generic x86_64","15.2.0"," -O3 -DNDEBUG",32,100000,pito,owned_update,ecs_get,16,0,16,8.979295
khanvm1,"AMD EPYC-Milan Processor",32,"Linux 7.0.0-27-generic x86_64","15.2.0"," -O3 -DNDEBUG",32,100000,pito,owned_update,ecs_get,16,0,17,9.672189
khanvm1,"AMD EPYC-Milan Processor",32,"Linux 7.0.0-27-generic x86_64","15.2.0"," -O3 -DNDEBUG",32,100000,pito,owned_update,ecs_get,16,0,18,9.479068
khanvm1,"AMD EPYC-Milan Processor",32,"Linux 7.0.0-27-generic x86_64","15.2.0"," -O3 -DNDEBUG",32,100000,pito,owned_update,ecs_get,16,0,19,8.910414
khanvm1,"AMD EPYC-Milan Processor",32,"Linux 7.0.0-27-generic x86_64","15.2.0"," -O3 -DNDEBUG",32,100000,pito,owned_update,ecs_get,16,0,20,9.003115
khanvm1,"AMD EPYC-Milan Processor",32,"Linux 7.0.0-27-generic x86_64","15.2.0"," -O3 -DNDEBUG",32,100000,pito,owned_update,ecs_get,16,0,21,9.602077
khanvm1,"AMD EPYC-Milan Processor",32,"Linux 7.0.0-27-generic x86_64","15.2.0"," -O3 -DNDEBUG",32,100000,pito,owned_update,ecs_get,16,0,22,10.273884
khanvm1,"AMD EPYC-Milan Processor",32,"Linux 7.0.0-27-generic x86_64","15.2.0"," -O3 -DNDEBUG",32,100000,pito,owned_update,ecs_get,16,0,23,9.820271
khanvm1,"AMD EPYC-Milan Processor",32,"Linux 7.0.0-27-generic x86_64","15.2.0"," -O3 -DNDEBUG",32,100000,pito,owned_update,ecs_get,16,0,24,9.712920
khanvm1,"AMD EPYC-Milan Processor",32,"Linux 7.0.0-27-generic x86_64","15.2.0"," -O3 -DNDEBUG",32,100000,pito,owned_update,ecs_get,16,0,25,9.585037
khanvm1,"AMD EPYC-Milan Processor",32,"Linux 7.0.0-27-generic x86_64","15.2.0"," -O3 -DNDEBUG",32,100000,pito,owned_update,ecs_get,16,0,26,9.244866
khanvm1,"AMD EPYC-Milan Processor",32,"Linux 7.0.0-27-generic x86_64","15.2.0"," -O3 -DNDEBUG",32,100000,pito,owned_update,ecs_get,16,0,27,9.094286
khanvm1,"AMD EPYC-Milan Processor",32,"Linux 7.0.0-27-generic x86_64","15.2.0"," -O3 -DNDEBUG",32,100000,pito,owned_update,ecs_get,16,10,1,13.074225
khanvm1,"AMD EPYC-Milan Processor",32,"Linux 7.0.0-27-generic x86_64","15.2.0"," -O3 -DNDEBUG",32,100000,pito,owned_update,ecs_get,16,10,2,13.238337
khanvm1,"AMD EPYC-Milan Processor",32,"Linux 7.0.0-27-generic x86_64","15.2.0"," -O3 -DNDEBUG",32,100000,pito,owned_update,ecs_get,16,10,3,13.686438
khanvm1,"AMD EPYC-Milan Processor",32,"Linux 7.0.0-27-generic x86_64","15.2.0"," -O3 -DNDEBUG",32,100000,pito,owned_update,ecs_get,16,10,4,14.049973
khanvm1,"AMD EPYC-Milan Processor",32,"Linux 7.0.0-27-generic x86_64","15.2.0"," -O3 -DNDEBUG",32,100000,pito,owned_update,ecs_get,16,10,5,13.905439
khanvm1,"AMD EPYC-Milan Processor",32,"Linux 7.0.0-27-generic x86_64","15.2.0"," -O3 -DNDEBUG",32,100000,pito,owned_update,ecs_get,16,10,6,12.712241
khanvm1,"AMD EPYC-Milan Processor",32,"Linux 7.0.0-27-generic x86_64","15.2.0"," -O3 -DNDEBUG",32,100000,pito,owned_update,ecs_get,16,10,7,12.756533
khanvm1,"AMD EPYC-Milan Processor",32,"Linux 7.0.0-27-generic x86_64","15.2.0"," -O3 -DNDEBUG",32,100000,pito,owned_update,ecs_get,16,10,8,12.471750
khanvm1,"AMD EPYC-Milan Processor",32,"Linux 7.0.0-27-generic x86_64","15.2.0"," -O3 -DNDEBUG",32,100000,pito,owned_update,ecs_get,16,10,9,12.787362
khanvm1,"AMD EPYC-Milan Processor",32,"Linux 7.0.0-27-generic x86_64","15.2.0"," -O3 -DNDEBUG",32,100000,pito,owned_update,ecs_get,16,10,10,13.634147
khanvm1,"AMD EPYC-Milan Processor",32,"Linux 7.0.0-27-generic x86_64","15.2.0"," -O3 -DNDEBUG",32,100000,pito,owned_update,ecs_get,16,10,11,12.979655
khanvm1,"AMD EPYC-Milan Processor",32,"Linux 7.0.0-27-generic x86_64","15.2.0"," -O3 -DNDEBUG",32,100000,pito,owned_update,ecs_get,16,10,12,13.987761
khanvm1,"AMD EPYC-Milan Processor",32,"Linux 7.0.0-27-generic x86_64","15.2.0"," -O3 -DNDEBUG",32,100000,pito,owned_update,ecs_get,16,10,13,14.415653
khanvm1,"AMD EPYC-Milan Processor",32,"Linux 7.0.0-27-generic x86_64","15.2.0"," -O3 -DNDEBUG",32,100000,pito,owned_update,ecs_get,16,10,14,13.877358
khanvm1,"AMD EPYC-Milan Processor",32,"Linux 7.0.0-27-generic x86_64","15.2.0"," -O3 -DNDEBUG",32,100000,pito,owned_update,ecs_get,16,10,15,14.201752
khanvm1,"AMD EPYC-Milan Processor",32,"Linux 7.0.0-27-generic x86_64","15.2.0"," -O3 -DNDEBUG",32,100000,pito,owned_update,ecs_get,16,10,16,13.558547
khanvm1,"AMD EPYC-Milan Processor",32,"Linux 7.0.0-27-generic x86_64","15.2.0"," -O3 -DNDEBUG",32,100000,pito,owned_update,ecs_get,16,10,17,13.273834
khanvm1,"AMD EPYC-Milan Processor",32,"Linux 7.0.0-27-generic x86_64","15.2.0"," -O3 -DNDEBUG",32,100000,pito,owned_update,ecs_get,16,10,18,13.353296
khanvm1,"AMD EPYC-Milan Processor",32,"Linux 7.0.0-27-generic x86_64","15.2.0"," -O3 -DNDEBUG",32,100000,pito,owned_update,ecs_get,16,500,1,215.607623
khanvm1,"AMD EPYC-Milan Processor",32,"Linux 7.0.0-27-generic x86_64","15.2.0"," -O3 -DNDEBUG",32,100000,pito,owned_update,ecs_get,16,500,2,215.571203
khanvm1,"AMD EPYC-Milan Processor",32,"Linux 7.0.0-27-generic x86_64","15.2.0"," -O3 -DNDEBUG",32,100000,pito,owned_update,ecs_get,16,500,3,215.479532
khanvm1,"AMD EPYC-Milan Processor",32,"Linux 7.0.0-27-generic x86_64","15.2.0"," -O3 -DNDEBUG",32,100000,pito,owned_update,ecs_get,16,500,4,215.458522
khanvm1,"AMD EPYC-Milan Processor",32,"Linux 7.0.0-27-generic x86_64","15.2.0"," -O3 -DNDEBUG",32,100000,pito,owned_update,ecs_get,16,500,5,218.654445
khanvm1,"AMD EPYC-Milan Processor",32,"Linux 7.0.0-27-generic x86_64","15.2.0"," -O3 -DNDEBUG",32,100000,pito,owned_update,ecs_get,16,500,6,215.407962
khanvm1,"AMD EPYC-Milan Processor",32,"Linux 7.0.0-27-generic x86_64","15.2.0"," -O3 -DNDEBUG",32,100000,pito,owned_update,ecs_get,16,500,7,215.431692
khanvm1,"AMD EPYC-Milan Processor",32,"Linux 7.0.0-27-generic x86_64","15.2.0"," -O3 -DNDEBUG",32,100000,pito,owned_update,ecs_get,16,500,8,215.695953
khanvm1,"AMD EPYC-Milan Processor",32,"Linux 7.0.0-27-generic x86_64","15.2.0"," -O3 -DNDEBUG",32,100000,pito,owned_update,ecs_get,16,500,9,215.379801
khanvm1,"AMD EPYC-Milan Processor",32,"Linux 7.0.0-27-generic x86_64","15.2.0"," -O3 -DNDEBUG",32,100000,pito,owned_update,ecs_get,16,500,10,215.011270
khanvm1,"AMD EPYC-Milan Processor",32,"Linux 7.0.0-27-generic x86_64","15.2.0"," -O3 -DNDEBUG",32,100000,pito,owned_update,ecs_get,32,0,1,5.887661
khanvm1,"AMD EPYC-Milan Processor",32,"Linux 7.0.0-27-generic x86_64","15.2.0"," -O3 -DNDEBUG",32,100000,pito,owned_update,ecs_get,32,0,2,5.788241
khanvm1,"AMD EPYC-Milan Processor",32,"Linux 7.0.0-27-generic x86_64","15.2.0"," -O3 -DNDEBUG",32,100000,pito,owned_update,ecs_get,32,0,3,5.789971
khanvm1,"AMD EPYC-Milan Processor",32,"Linux 7.0.0-27-generic x86_64","15.2.0"," -O3 -DNDEBUG",32,100000,pito,owned_update,ecs_get,32,0,4,5.906734
khanvm1,"AMD EPYC-Milan Processor",32,"Linux 7.0.0-27-generic x86_64","15.2.0"," -O3 -DNDEBUG",32,100000,pito,owned_update,ecs_get,32,0,5,6.099504
khanvm1,"AMD EPYC-Milan Processor",32,"Linux 7.0.0-27-generic x86_64","15.2.0"," -O3 -DNDEBUG",32,100000,pito,owned_update,ecs_get,32,0,6,5.951134
khanvm1,"AMD EPYC-Milan Processor",32,"Linux 7.0.0-27-generic x86_64","15.2.0"," -O3 -DNDEBUG",32,100000,pito,owned_update,ecs_get,32,0,7,5.969283
khanvm1,"AMD EPYC-Milan Processor",32,"Linux 7.0.0-27-generic x86_64","15.2.0"," -O3 -DNDEBUG",32,100000,pito,owned_update,ecs_get,32,0,8,5.901053
khanvm1,"AMD EPYC-Milan Processor",32,"Linux 7.0.0-27-generic x86_64","15.2.0"," -O3 -DNDEBUG",32,100000,pito,owned_update,ecs_get,32,0,9,5.939063
khanvm1,"AMD EPYC-Milan Processor",32,"Linux 7.0.0-27-generic x86_64","15.2.0"," -O3 -DNDEBUG",32,100000,pito,owned_update,ecs_get,32,0,10,5.934173
khanvm1,"AMD EPYC-Milan Processor",32,"Linux 7.0.0-27-generic x86_64","15.2.0"," -O3 -DNDEBUG",32,100000,pito,owned_update,ecs_get,32,10,1,8.422530
khanvm1,"AMD EPYC-Milan Processor",32,"Linux 7.0.0-27-generic x86_64","15.2.0"," -O3 -DNDEBUG",32,100000,pito,owned_update,ecs_get,32,10,2,8.542931
khanvm1,"AMD EPYC-Milan Processor",32,"Linux 7.0.0-27-generic x86_64","15.2.0"," -O3 -DNDEBUG",32,100000,pito,owned_update,ecs_get,32,10,3,9.694510
khanvm1,"AMD EPYC-Milan Processor",32,"Linux 7.0.0-27-generic x86_64","15.2.0"," -O3 -DNDEBUG",32,100000,pito,owned_update,ecs_get,32,10,4,8.661691
khanvm1,"AMD EPYC-Milan Processor",32,"Linux 7.0.0-27-generic x86_64","15.2.0"," -O3 -DNDEBUG",32,100000,pito,owned_update,ecs_get,32,10,5,7.835026
khanvm1,"AMD EPYC-Milan Processor",32,"Linux 7.0.0-27-generic x86_64","15.2.0"," -O3 -DNDEBUG",32,100000,pito,owned_update,ecs_get,32,10,6,8.351841
khanvm1,"AMD EPYC-Milan Processor",32,"Linux 7.0.0-27-generic x86_64","15.2.0"," -O3 -DNDEBUG",32,100000,pito,owned_update,ecs_get,32,10,7,7.760287
khanvm1,"AMD EPYC-Milan Processor",32,"Linux 7.0.0-27-generic x86_64","15.2.0"," -O3 -DNDEBUG",32,100000,pito,owned_update,ecs_get,32,10,8,7.761006
khanvm1,"AMD EPYC-Milan Processor",32,"Linux 7.0.0-27-generic x86_64","15.2.0"," -O3 -DNDEBUG",32,100000,pito,owned_update,ecs_get,32,10,9,8.301959
khanvm1,"AMD EPYC-Milan Processor",32,"Linux 7.0.0-27-generic x86_64","15.2.0"," -O3 -DNDEBUG",32,100000,pito,owned_update,ecs_get,32,10,10,7.890588
khanvm1,"AMD EPYC-Milan Processor",32,"Linux 7.0.0-27-generic x86_64","15.2.0"," -O3 -DNDEBUG",32,100000,pito,owned_update,ecs_get,32,10,11,7.920406
khanvm1,"AMD EPYC-Milan Processor",32,"Linux 7.0.0-27-generic x86_64","15.2.0"," -O3 -DNDEBUG",32,100000,pito,owned_update,ecs_get,32,10,12,8.111778
khanvm1,"AMD EPYC-Milan Processor",32,"Linux 7.0.0-27-generic x86_64","15.2.0"," -O3 -DNDEBUG",32,100000,pito,owned_update,ecs_get,32,10,13,7.814235
khanvm1,"AMD EPYC-Milan Processor",32,"Linux 7.0.0-27-generic x86_64","15.2.0"," -O3 -DNDEBUG",32,100000,pito,owned_update,ecs_get,32,10,14,8.723812
khanvm1,"AMD EPYC-Milan Processor",32,"Linux 7.0.0-27-generic x86_64","15.2.0"," -O3 -DNDEBUG",32,100000,pito,owned_update,ecs_get,32,10,15,8.008368
khanvm1,"AMD EPYC-Milan Processor",32,"Linux 7.0.0-27-generic x86_64","15.2.0"," -O3 -DNDEBUG",32,100000,pito,owned_update,ecs_get,32,10,16,7.912137
khanvm1,"AMD EPYC-Milan Processor",32,"Linux 7.0.0-27-generic x86_64","15.2.0"," -O3 -DNDEBUG",32,100000,pito,owned_update,ecs_get,32,10,17,8.083098
khanvm1,"AMD EPYC-Milan Processor",32,"Linux 7.0.0-27-generic x86_64","15.2.0"," -O3 -DNDEBUG",32,100000,pito,owned_update,ecs_get,32,10,18,8.323119
khanvm1,"AMD EPYC-Milan Processor",32,"Linux 7.0.0-27-generic x86_64","15.2.0"," -O3 -DNDEBUG",32,100000,pito,owned_update,ecs_get,32,10,19,8.182178
khanvm1,"AMD EPYC-Milan Processor",32,"Linux 7.0.0-27-generic x86_64","15.2.0"," -O3 -DNDEBUG",32,100000,pito,owned_update,ecs_get,32,500,1,107.526244
khanvm1,"AMD EPYC-Milan Processor",32,"Linux 7.0.0-27-generic x86_64","15.2.0"," -O3 -DNDEBUG",32,100000,pito,owned_update,ecs_get,32,500,2,107.756976
khanvm1,"AMD EPYC-Milan Processor",32,"Linux 7.0.0-27-generic x86_64","15.2.0"," -O3 -DNDEBUG",32,100000,pito,owned_update,ecs_get,32,500,3,109.302878
khanvm1,"AMD EPYC-Milan Processor",32,"Linux 7.0.0-27-generic x86_64","15.2.0"," -O3 -DNDEBUG",32,100000,pito,owned_update,ecs_get,32,500,4,108.946456
khanvm1,"AMD EPYC-Milan Processor",32,"Linux 7.0.0-27-generic x86_64","15.2.0"," -O3 -DNDEBUG",32,100000,pito,owned_update,ecs_get,32,500,5,109.963681
khanvm1,"AMD EPYC-Milan Processor",32,"Linux 7.0.0-27-generic x86_64","15.2.0"," -O3 -DNDEBUG",32,100000,pito,owned_update,ecs_get,32,500,6,108.958355
khanvm1,"AMD EPYC-Milan Processor",32,"Linux 7.0.0-27-generic x86_64","15.2.0"," -O3 -DNDEBUG",32,100000,pito,owned_update,ecs_get,32,500,7,108.752363
khanvm1,"AMD EPYC-Milan Processor",32,"Linux 7.0.0-27-generic x86_64","15.2.0"," -O3 -DNDEBUG",32,100000,pito,owned_update,ecs_get,32,500,8,108.848384
khanvm1,"AMD EPYC-Milan Processor",32,"Linux 7.0.0-27-generic x86_64","15.2.0"," -O3 -DNDEBUG",32,100000,pito,owned_update,ecs_get,32,500,9,108.640422
khanvm1,"AMD EPYC-Milan Processor",32,"Linux 7.0.0-27-generic x86_64","15.2.0"," -O3 -DNDEBUG",32,100000,pito,owned_update,ecs_get,32,500,10,108.503051
khanvm1,"AMD EPYC-Milan Processor",32,"Linux 7.0.0-27-generic x86_64","15.2.0"," -O3 -DNDEBUG",32,100000,pito,owned_update,ecs_get_raw,1,0,1,3.409315
khanvm1,"AMD EPYC-Milan Processor",32,"Linux 7.0.0-27-generic x86_64","15.2.0"," -O3 -DNDEBUG",32,100000,pito,owned_update,ecs_get_raw,1,0,2,3.405415
khanvm1,"AMD EPYC-Milan Processor",32,"Linux 7.0.0-27-generic x86_64","15.2.0"," -O3 -DNDEBUG",32,100000,pito,owned_update,ecs_get_raw,1,0,3,3.418955
khanvm1,"AMD EPYC-Milan Processor",32,"Linux 7.0.0-27-generic x86_64","15.2.0"," -O3 -DNDEBUG",32,100000,pito,owned_update,ecs_get_raw,1,0,4,3.454096
khanvm1,"AMD EPYC-Milan Processor",32,"Linux 7.0.0-27-generic x86_64","15.2.0"," -O3 -DNDEBUG",32,100000,pito,owned_update,ecs_get_raw,1,0,5,3.417525
khanvm1,"AMD EPYC-Milan Processor",32,"Linux 7.0.0-27-generic x86_64","15.2.0"," -O3 -DNDEBUG",32,100000,pito,owned_update,ecs_get_raw,1,0,6,3.399794
khanvm1,"AMD EPYC-Milan Processor",32,"Linux 7.0.0-27-generic x86_64","15.2.0"," -O3 -DNDEBUG",32,100000,pito,owned_update,ecs_get_raw,1,0,7,3.394665
khanvm1,"AMD EPYC-Milan Processor",32,"Linux 7.0.0-27-generic x86_64","15.2.0"," -O3 -DNDEBUG",32,100000,pito,owned_update,ecs_get_raw,1,0,8,3.433946
khanvm1,"AMD EPYC-Milan Processor",32,"Linux 7.0.0-27-generic x86_64","15.2.0"," -O3 -DNDEBUG",32,100000,pito,owned_update,ecs_get_raw,1,0,9,3.398484
khanvm1,"AMD EPYC-Milan Processor",32,"Linux 7.0.0-27-generic x86_64","15.2.0"," -O3 -DNDEBUG",32,100000,pito,owned_update,ecs_get_raw,1,0,10,3.406714
khanvm1,"AMD EPYC-Milan Processor",32,"Linux 7.0.0-27-generic x86_64","15.2.0"," -O3 -DNDEBUG",32,100000,pito,owned_update,ecs_get_raw,1,10,1,18.233882
khanvm1,"AMD EPYC-Milan Processor",32,"Linux 7.0.0-27-generic x86_64","15.2.0"," -O3 -DNDEBUG",32,100000,pito,owned_update,ecs_get_raw,1,10,2,18.210131
khanvm1,"AMD EPYC-Milan Processor",32,"Linux 7.0.0-27-generic x86_64","15.2.0"," -O3 -DNDEBUG",32,100000,pito,owned_update,ecs_get_raw,1,10,3,18.335673
khanvm1,"AMD EPYC-Milan Processor",32,"Linux 7.0.0-27-generic x86_64","15.2.0"," -O3 -DNDEBUG",32,100000,pito,owned_update,ecs_get_raw,1,10,4,18.254432
khanvm1,"AMD EPYC-Milan Processor",32,"Linux 7.0.0-27-generic x86_64","15.2.0"," -O3 -DNDEBUG",32,100000,pito,owned_update,ecs_get_raw,1,10,5,18.287392
khanvm1,"AMD EPYC-Milan Processor",32,"Linux 7.0.0-27-generic x86_64","15.2.0"," -O3 -DNDEBUG",32,100000,pito,owned_update,ecs_get_raw,1,10,6,18.322513
khanvm1,"AMD EPYC-Milan Processor",32,"Linux 7.0.0-27-generic x86_64","15.2.0"," -O3 -DNDEBUG",32,100000,pito,owned_update,ecs_get_raw,1,10,7,18.206541
khanvm1,"AMD EPYC-Milan Processor",32,"Linux 7.0.0-27-generic x86_64","15.2.0"," -O3 -DNDEBUG",32,100000,pito,owned_update,ecs_get_raw,1,10,8,18.203261
khanvm1,"AMD EPYC-Milan Processor",32,"Linux 7.0.0-27-generic x86_64","15.2.0"," -O3 -DNDEBUG",32,100000,pito,owned_update,ecs_get_raw,1,10,9,18.231182
khanvm1,"AMD EPYC-Milan Processor",32,"Linux 7.0.0-27-generic x86_64","15.2.0"," -O3 -DNDEBUG",32,100000,pito,owned_update,ecs_get_raw,1,10,10,18.300213
khanvm1,"AMD EPYC-Milan Processor",32,"Linux 7.0.0-27-generic x86_64","15.2.0"," -O3 -DNDEBUG",32,100000,pito,owned_update,ecs_get_raw,1,500,1,2967.972810
khanvm1,"AMD EPYC-Milan Processor",32,"Linux 7.0.0-27-generic x86_64","15.2.0"," -O3 -DNDEBUG",32,100000,pito,owned_update,ecs_get_raw,1,500,2,2970.246865
khanvm1,"AMD EPYC-Milan Processor",32,"Linux 7.0.0-27-generic x86_64","15.2.0"," -O3 -DNDEBUG",32,100000,pito,owned_update,ecs_get_raw,1,500,3,2968.000450
khanvm1,"AMD EPYC-Milan Processor",32,"Linux 7.0.0-27-generic x86_64","15.2.0"," -O3 -DNDEBUG",32,100000,pito,owned_update,ecs_get_raw,1,500,4,2969.661982
khanvm1,"AMD EPYC-Milan Processor",32,"Linux 7.0.0-27-generic x86_64","15.2.0"," -O3 -DNDEBUG",32,100000,pito,owned_update,ecs_get_raw,1,500,5,2983.943436
khanvm1,"AMD EPYC-Milan Processor",32,"Linux 7.0.0-27-generic x86_64","15.2.0"," -O3 -DNDEBUG",32,100000,pito,owned_update,ecs_get_raw,1,500,6,2971.220384
khanvm1,"AMD EPYC-Milan Processor",32,"Linux 7.0.0-27-generic x86_64","15.2.0"," -O3 -DNDEBUG",32,100000,pito,owned_update,ecs_get_raw,1,500,7,2971.756488
khanvm1,"AMD EPYC-Milan Processor",32,"Linux 7.0.0-27-generic x86_64","15.2.0"," -O3 -DNDEBUG",32,100000,pito,owned_update,ecs_get_raw,1,500,8,2974.695429
khanvm1,"AMD EPYC-Milan Processor",32,"Linux 7.0.0-27-generic x86_64","15.2.0"," -O3 -DNDEBUG",32,100000,pito,owned_update,ecs_get_raw,1,500,9,2973.688592
khanvm1,"AMD EPYC-Milan Processor",32,"Linux 7.0.0-27-generic x86_64","15.2.0"," -O3 -DNDEBUG",32,100000,pito,owned_update,ecs_get_raw,1,500,10,2971.595676
khanvm1,"AMD EPYC-Milan Processor",32,"Linux 7.0.0-27-generic x86_64","15.2.0"," -O3 -DNDEBUG",32,100000,pito,owned_update,ecs_get_raw,2,0,1,1.727342
khanvm1,"AMD EPYC-Milan Processor",32,"Linux 7.0.0-27-generic x86_64","15.2.0"," -O3 -DNDEBUG",32,100000,pito,owned_update,ecs_get_raw,2,0,2,1.745613
khanvm1,"AMD EPYC-Milan Processor",32,"Linux 7.0.0-27-generic x86_64","15.2.0"," -O3 -DNDEBUG",32,100000,pito,owned_update,ecs_get_raw,2,0,3,1.742944
khanvm1,"AMD EPYC-Milan Processor",32,"Linux 7.0.0-27-generic x86_64","15.2.0"," -O3 -DNDEBUG",32,100000,pito,owned_update,ecs_get_raw,2,0,4,1.759422
khanvm1,"AMD EPYC-Milan Processor",32,"Linux 7.0.0-27-generic x86_64","15.2.0"," -O3 -DNDEBUG",32,100000,pito,owned_update,ecs_get_raw,2,0,5,1.774522
khanvm1,"AMD EPYC-Milan Processor",32,"Linux 7.0.0-27-generic x86_64","15.2.0"," -O3 -DNDEBUG",32,100000,pito,owned_update,ecs_get_raw,2,0,6,1.758133
khanvm1,"AMD EPYC-Milan Processor",32,"Linux 7.0.0-27-generic x86_64","15.2.0"," -O3 -DNDEBUG",32,100000,pito,owned_update,ecs_get_raw,2,0,7,1.752463
khanvm1,"AMD EPYC-Milan Processor",32,"Linux 7.0.0-27-generic x86_64","15.2.0"," -O3 -DNDEBUG",32,100000,pito,owned_update,ecs_get_raw,2,0,8,1.728542
khanvm1,"AMD EPYC-Milan Processor",32,"Linux 7.0.0-27-generic x86_64","15.2.0"," -O3 -DNDEBUG",32,100000,pito,owned_update,ecs_get_raw,2,0,9,1.737573
khanvm1,"AMD EPYC-Milan Processor",32,"Linux 7.0.0-27-generic x86_64","15.2.0"," -O3 -DNDEBUG",32,100000,pito,owned_update,ecs_get_raw,2,0,10,1.762832
khanvm1,"AMD EPYC-Milan Processor",32,"Linux 7.0.0-27-generic x86_64","15.2.0"," -O3 -DNDEBUG",32,100000,pito,owned_update,ecs_get_raw,2,10,1,9.257505
khanvm1,"AMD EPYC-Milan Processor",32,"Linux 7.0.0-27-generic x86_64","15.2.0"," -O3 -DNDEBUG",32,100000,pito,owned_update,ecs_get_raw,2,10,2,9.206276
khanvm1,"AMD EPYC-Milan Processor",32,"Linux 7.0.0-27-generic x86_64","15.2.0"," -O3 -DNDEBUG",32,100000,pito,owned_update,ecs_get_raw,2,10,3,9.154635
khanvm1,"AMD EPYC-Milan Processor",32,"Linux 7.0.0-27-generic x86_64","15.2.0"," -O3 -DNDEBUG",32,100000,pito,owned_update,ecs_get_raw,2,10,4,12.815372
khanvm1,"AMD EPYC-Milan Processor",32,"Linux 7.0.0-27-generic x86_64","15.2.0"," -O3 -DNDEBUG",32,100000,pito,owned_update,ecs_get_raw,2,10,5,9.139285
khanvm1,"AMD EPYC-Milan Processor",32,"Linux 7.0.0-27-generic x86_64","15.2.0"," -O3 -DNDEBUG",32,100000,pito,owned_update,ecs_get_raw,2,10,6,9.131505
khanvm1,"AMD EPYC-Milan Processor",32,"Linux 7.0.0-27-generic x86_64","15.2.0"," -O3 -DNDEBUG",32,100000,pito,owned_update,ecs_get_raw,2,10,7,9.162015
khanvm1,"AMD EPYC-Milan Processor",32,"Linux 7.0.0-27-generic x86_64","15.2.0"," -O3 -DNDEBUG",32,100000,pito,owned_update,ecs_get_raw,2,10,8,9.250547
khanvm1,"AMD EPYC-Milan Processor",32,"Linux 7.0.0-27-generic x86_64","15.2.0"," -O3 -DNDEBUG",32,100000,pito,owned_update,ecs_get_raw,2,10,9,9.120825
khanvm1,"AMD EPYC-Milan Processor",32,"Linux 7.0.0-27-generic x86_64","15.2.0"," -O3 -DNDEBUG",32,100000,pito,owned_update,ecs_get_raw,2,10,10,9.418777
khanvm1,"AMD EPYC-Milan Processor",32,"Linux 7.0.0-27-generic x86_64","15.2.0"," -O3 -DNDEBUG",32,100000,pito,owned_update,ecs_get_raw,2,10,11,9.186996
khanvm1,"AMD EPYC-Milan Processor",32,"Linux 7.0.0-27-generic x86_64","15.2.0"," -O3 -DNDEBUG",32,100000,pito,owned_update,ecs_get_raw,2,500,1,1486.937520
khanvm1,"AMD EPYC-Milan Processor",32,"Linux 7.0.0-27-generic x86_64","15.2.0"," -O3 -DNDEBUG",32,100000,pito,owned_update,ecs_get_raw,2,500,2,1496.056006
khanvm1,"AMD EPYC-Milan Processor",32,"Linux 7.0.0-27-generic x86_64","15.2.0"," -O3 -DNDEBUG",32,100000,pito,owned_update,ecs_get_raw,2,500,3,1485.753223
khanvm1,"AMD EPYC-Milan Processor",32,"Linux 7.0.0-27-generic x86_64","15.2.0"," -O3 -DNDEBUG",32,100000,pito,owned_update,ecs_get_raw,2,500,4,1486.786251
khanvm1,"AMD EPYC-Milan Processor",32,"Linux 7.0.0-27-generic x86_64","15.2.0"," -O3 -DNDEBUG",32,100000,pito,owned_update,ecs_get_raw,2,500,5,1488.707514
khanvm1,"AMD EPYC-Milan Processor",32,"Linux 7.0.0-27-generic x86_64","15.2.0"," -O3 -DNDEBUG",32,100000,pito,owned_update,ecs_get_raw,2,500,6,1486.159095
khanvm1,"AMD EPYC-Milan Processor",32,"Linux 7.0.0-27-generic x86_64","15.2.0"," -O3 -DNDEBUG",32,100000,pito,owned_update,ecs_get_raw,2,500,7,1485.770802
khanvm1,"AMD EPYC-Milan Processor",32,"Linux 7.0.0-27-generic x86_64","15.2.0"," -O3 -DNDEBUG",32,100000,pito,owned_update,ecs_get_raw,2,500,8,1494.553246
khanvm1,"AMD EPYC-Milan Processor",32,"Linux 7.0.0-27-generic x86_64","15.2.0"," -O3 -DNDEBUG",32,100000,pito,owned_update,ecs_get_raw,2,500,9,1487.253594
khanvm1,"AMD EPYC-Milan Processor",32,"Linux 7.0.0-27-generic x86_64","15.2.0"," -O3 -DNDEBUG",32,100000,pito,owned_update,ecs_get_raw,2,500,10,1487.341016
khanvm1,"AMD EPYC-Milan Processor",32,"Linux 7.0.0-27-generic x86_64","15.2.0"," -O3 -DNDEBUG",32,100000,pito,owned_update,ecs_get_raw,4,0,1,0.923147
khanvm1,"AMD EPYC-Milan Processor",32,"Linux 7.0.0-27-generic x86_64","15.2.0"," -O3 -DNDEBUG",32,100000,pito,owned_update,ecs_get_raw,4,0,2,0.970077
khanvm1,"AMD EPYC-Milan Processor",32,"Linux 7.0.0-27-generic x86_64","15.2.0"," -O3 -DNDEBUG",32,100000,pito,owned_update,ecs_get_raw,4,0,3,0.957147
khanvm1,"AMD EPYC-Milan Processor",32,"Linux 7.0.0-27-generic x86_64","15.2.0"," -O3 -DNDEBUG",32,100000,pito,owned_update,ecs_get_raw,4,0,4,0.942087
khanvm1,"AMD EPYC-Milan Processor",32,"Linux 7.0.0-27-generic x86_64","15.2.0"," -O3 -DNDEBUG",32,100000,pito,owned_update,ecs_get_raw,4,0,5,0.956067
khanvm1,"AMD EPYC-Milan Processor",32,"Linux 7.0.0-27-generic x86_64","15.2.0"," -O3 -DNDEBUG",32,100000,pito,owned_update,ecs_get_raw,4,0,6,0.927457
khanvm1,"AMD EPYC-Milan Processor",32,"Linux 7.0.0-27-generic x86_64","15.2.0"," -O3 -DNDEBUG",32,100000,pito,owned_update,ecs_get_raw,4,0,7,0.953656
khanvm1,"AMD EPYC-Milan Processor",32,"Linux 7.0.0-27-generic x86_64","15.2.0"," -O3 -DNDEBUG",32,100000,pito,owned_update,ecs_get_raw,4,0,8,0.937656
khanvm1,"AMD EPYC-Milan Processor",32,"Linux 7.0.0-27-generic x86_64","15.2.0"," -O3 -DNDEBUG",32,100000,pito,owned_update,ecs_get_raw,4,0,9,1.036497
khanvm1,"AMD EPYC-Milan Processor",32,"Linux 7.0.0-27-generic x86_64","15.2.0"," -O3 -DNDEBUG",32,100000,pito,owned_update,ecs_get_raw,4,0,10,0.984807
khanvm1,"AMD EPYC-Milan Processor",32,"Linux 7.0.0-27-generic x86_64","15.2.0"," -O3 -DNDEBUG",32,100000,pito,owned_update,ecs_get_raw,4,0,11,0.932306
khanvm1,"AMD EPYC-Milan Processor",32,"Linux 7.0.0-27-generic x86_64","15.2.0"," -O3 -DNDEBUG",32,100000,pito,owned_update,ecs_get_raw,4,10,1,7.061190
khanvm1,"AMD EPYC-Milan Processor",32,"Linux 7.0.0-27-generic x86_64","15.2.0"," -O3 -DNDEBUG",32,100000,pito,owned_update,ecs_get_raw,4,10,2,4.644783
khanvm1,"AMD EPYC-Milan Processor",32,"Linux 7.0.0-27-generic x86_64","15.2.0"," -O3 -DNDEBUG",32,100000,pito,owned_update,ecs_get_raw,4,10,3,4.628885
khanvm1,"AMD EPYC-Milan Processor",32,"Linux 7.0.0-27-generic x86_64","15.2.0"," -O3 -DNDEBUG",32,100000,pito,owned_update,ecs_get_raw,4,10,4,4.615462
khanvm1,"AMD EPYC-Milan Processor",32,"Linux 7.0.0-27-generic x86_64","15.2.0"," -O3 -DNDEBUG",32,100000,pito,owned_update,ecs_get_raw,4,10,5,4.612894
khanvm1,"AMD EPYC-Milan Processor",32,"Linux 7.0.0-27-generic x86_64","15.2.0"," -O3 -DNDEBUG",32,100000,pito,owned_update,ecs_get_raw,4,10,6,4.628142
khanvm1,"AMD EPYC-Milan Processor",32,"Linux 7.0.0-27-generic x86_64","15.2.0"," -O3 -DNDEBUG",32,100000,pito,owned_update,ecs_get_raw,4,10,7,6.202785
khanvm1,"AMD EPYC-Milan Processor",32,"Linux 7.0.0-27-generic x86_64","15.2.0"," -O3 -DNDEBUG",32,100000,pito,owned_update,ecs_get_raw,4,10,8,5.273187
khanvm1,"AMD EPYC-Milan Processor",32,"Linux 7.0.0-27-generic x86_64","15.2.0"," -O3 -DNDEBUG",32,100000,pito,owned_update,ecs_get_raw,4,10,9,6.930320
khanvm1,"AMD EPYC-Milan Processor",32,"Linux 7.0.0-27-generic x86_64","15.2.0"," -O3 -DNDEBUG",32,100000,pito,owned_update,ecs_get_raw,4,10,10,4.601033
khanvm1,"AMD EPYC-Milan Processor",32,"Linux 7.0.0-27-generic x86_64","15.2.0"," -O3 -DNDEBUG",32,100000,pito,owned_update,ecs_get_raw,4,10,11,4.626314
khanvm1,"AMD EPYC-Milan Processor",32,"Linux 7.0.0-27-generic x86_64","15.2.0"," -O3 -DNDEBUG",32,100000,pito,owned_update,ecs_get_raw,4,10,12,4.657363
khanvm1,"AMD EPYC-Milan Processor",32,"Linux 7.0.0-27-generic x86_64","15.2.0"," -O3 -DNDEBUG",32,100000,pito,owned_update,ecs_get_raw,4,10,13,4.654063
khanvm1,"AMD EPYC-Milan Processor",32,"Linux 7.0.0-27-generic x86_64","15.2.0"," -O3 -DNDEBUG",32,100000,pito,owned_update,ecs_get_raw,4,10,14,4.622042
khanvm1,"AMD EPYC-Milan Processor",32,"Linux 7.0.0-27-generic x86_64","15.2.0"," -O3 -DNDEBUG",32,100000,pito,owned_update,ecs_get_raw,4,10,15,4.606292
khanvm1,"AMD EPYC-Milan Processor",32,"Linux 7.0.0-27-generic x86_64","15.2.0"," -O3 -DNDEBUG",32,100000,pito,owned_update,ecs_get_raw,4,10,16,4.617503
khanvm1,"AMD EPYC-Milan Processor",32,"Linux 7.0.0-27-generic x86_64","15.2.0"," -O3 -DNDEBUG",32,100000,pito,owned_update,ecs_get_raw,4,10,17,4.636892
khanvm1,"AMD EPYC-Milan Processor",32,"Linux 7.0.0-27-generic x86_64","15.2.0"," -O3 -DNDEBUG",32,100000,pito,owned_update,ecs_get_raw,4,10,18,4.631873
khanvm1,"AMD EPYC-Milan Processor",32,"Linux 7.0.0-27-generic x86_64","15.2.0"," -O3 -DNDEBUG",32,100000,pito,owned_update,ecs_get_raw,4,10,19,4.623583
khanvm1,"AMD EPYC-Milan Processor",32,"Linux 7.0.0-27-generic x86_64","15.2.0"," -O3 -DNDEBUG",32,100000,pito,owned_update,ecs_get_raw,4,500,1,748.585283
khanvm1,"AMD EPYC-Milan Processor",32,"Linux 7.0.0-27-generic x86_64","15.2.0"," -O3 -DNDEBUG",32,100000,pito,owned_update,ecs_get_raw,4,500,2,744.931587
khanvm1,"AMD EPYC-Milan Processor",32,"Linux 7.0.0-27-generic x86_64","15.2.0"," -O3 -DNDEBUG",32,100000,pito,owned_update,ecs_get_raw,4,500,3,745.019096
khanvm1,"AMD EPYC-Milan Processor",32,"Linux 7.0.0-27-generic x86_64","15.2.0"," -O3 -DNDEBUG",32,100000,pito,owned_update,ecs_get_raw,4,500,4,744.622513
khanvm1,"AMD EPYC-Milan Processor",32,"Linux 7.0.0-27-generic x86_64","15.2.0"," -O3 -DNDEBUG",32,100000,pito,owned_update,ecs_get_raw,4,500,5,744.573625
khanvm1,"AMD EPYC-Milan Processor",32,"Linux 7.0.0-27-generic x86_64","15.2.0"," -O3 -DNDEBUG",32,100000,pito,owned_update,ecs_get_raw,4,500,6,743.904709
khanvm1,"AMD EPYC-Milan Processor",32,"Linux 7.0.0-27-generic x86_64","15.2.0"," -O3 -DNDEBUG",32,100000,pito,owned_update,ecs_get_raw,4,500,7,744.040099
khanvm1,"AMD EPYC-Milan Processor",32,"Linux 7.0.0-27-generic x86_64","15.2.0"," -O3 -DNDEBUG",32,100000,pito,owned_update,ecs_get_raw,4,500,8,744.469452
khanvm1,"AMD EPYC-Milan Processor",32,"Linux 7.0.0-27-generic x86_64","15.2.0"," -O3 -DNDEBUG",32,100000,pito,owned_update,ecs_get_raw,4,500,9,743.562947
khanvm1,"AMD EPYC-Milan Processor",32,"Linux 7.0.0-27-generic x86_64","15.2.0"," -O3 -DNDEBUG",32,100000,pito,owned_update,ecs_get_raw,4,500,10,743.717439
khanvm1,"AMD EPYC-Milan Processor",32,"Linux 7.0.0-27-generic x86_64","15.2.0"," -O3 -DNDEBUG",32,100000,pito,owned_update,ecs_get_raw,8,0,1,0.484525
khanvm1,"AMD EPYC-Milan Processor",32,"Linux 7.0.0-27-generic x86_64","15.2.0"," -O3 -DNDEBUG",32,100000,pito,owned_update,ecs_get_raw,8,0,2,0.737276
khanvm1,"AMD EPYC-Milan Processor",32,"Linux 7.0.0-27-generic x86_64","15.2.0"," -O3 -DNDEBUG",32,100000,pito,owned_update,ecs_get_raw,8,0,3,0.442294
khanvm1,"AMD EPYC-Milan Processor",32,"Linux 7.0.0-27-generic x86_64","15.2.0"," -O3 -DNDEBUG",32,100000,pito,owned_update,ecs_get_raw,8,0,4,0.792955
khanvm1,"AMD EPYC-Milan Processor",32,"Linux 7.0.0-27-generic x86_64","15.2.0"," -O3 -DNDEBUG",32,100000,pito,owned_update,ecs_get_raw,8,0,5,0.495864
khanvm1,"AMD EPYC-Milan Processor",32,"Linux 7.0.0-27-generic x86_64","15.2.0"," -O3 -DNDEBUG",32,100000,pito,owned_update,ecs_get_raw,8,0,6,0.529674
khanvm1,"AMD EPYC-Milan Processor",32,"Linux 7.0.0-27-generic x86_64","15.2.0"," -O3 -DNDEBUG",32,100000,pito,owned_update,ecs_get_raw,8,0,7,0.485944
khanvm1,"AMD EPYC-Milan Processor",32,"Linux 7.0.0-27-generic x86_64","15.2.0"," -O3 -DNDEBUG",32,100000,pito,owned_update,ecs_get_raw,8,0,8,0.487033
khanvm1,"AMD EPYC-Milan Processor",32,"Linux 7.0.0-27-generic x86_64","15.2.0"," -O3 -DNDEBUG",32,100000,pito,owned_update,ecs_get_raw,8,0,9,0.866595
khanvm1,"AMD EPYC-Milan Processor",32,"Linux 7.0.0-27-generic x86_64","15.2.0"," -O3 -DNDEBUG",32,100000,pito,owned_update,ecs_get_raw,8,0,10,0.841396
khanvm1,"AMD EPYC-Milan Processor",32,"Linux 7.0.0-27-generic x86_64","15.2.0"," -O3 -DNDEBUG",32,100000,pito,owned_update,ecs_get_raw,8,0,11,0.528724
khanvm1,"AMD EPYC-Milan Processor",32,"Linux 7.0.0-27-generic x86_64","15.2.0"," -O3 -DNDEBUG",32,100000,pito,owned_update,ecs_get_raw,8,0,12,0.535584
khanvm1,"AMD EPYC-Milan Processor",32,"Linux 7.0.0-27-generic x86_64","15.2.0"," -O3 -DNDEBUG",32,100000,pito,owned_update,ecs_get_raw,8,0,13,0.509573
khanvm1,"AMD EPYC-Milan Processor",32,"Linux 7.0.0-27-generic x86_64","15.2.0"," -O3 -DNDEBUG",32,100000,pito,owned_update,ecs_get_raw,8,0,14,0.578413
khanvm1,"AMD EPYC-Milan Processor",32,"Linux 7.0.0-27-generic x86_64","15.2.0"," -O3 -DNDEBUG",32,100000,pito,owned_update,ecs_get_raw,8,0,15,0.507674
khanvm1,"AMD EPYC-Milan Processor",32,"Linux 7.0.0-27-generic x86_64","15.2.0"," -O3 -DNDEBUG",32,100000,pito,owned_update,ecs_get_raw,8,0,16,0.746554
khanvm1,"AMD EPYC-Milan Processor",32,"Linux 7.0.0-27-generic x86_64","15.2.0"," -O3 -DNDEBUG",32,100000,pito,owned_update,ecs_get_raw,8,0,17,0.475983
khanvm1,"AMD EPYC-Milan Processor",32,"Linux 7.0.0-27-generic x86_64","15.2.0"," -O3 -DNDEBUG",32,100000,pito,owned_update,ecs_get_raw,8,0,18,0.510365
khanvm1,"AMD EPYC-Milan Processor",32,"Linux 7.0.0-27-generic x86_64","15.2.0"," -O3 -DNDEBUG",32,100000,pito,owned_update,ecs_get_raw,8,0,19,0.475483
khanvm1,"AMD EPYC-Milan Processor",32,"Linux 7.0.0-27-generic x86_64","15.2.0"," -O3 -DNDEBUG",32,100000,pito,owned_update,ecs_get_raw,8,0,20,0.476092
khanvm1,"AMD EPYC-Milan Processor",32,"Linux 7.0.0-27-generic x86_64","15.2.0"," -O3 -DNDEBUG",32,100000,pito,owned_update,ecs_get_raw,8,0,21,0.466193
khanvm1,"AMD EPYC-Milan Processor",32,"Linux 7.0.0-27-generic x86_64","15.2.0"," -O3 -DNDEBUG",32,100000,pito,owned_update,ecs_get_raw,8,0,22,0.516733
khanvm1,"AMD EPYC-Milan Processor",32,"Linux 7.0.0-27-generic x86_64","15.2.0"," -O3 -DNDEBUG",32,100000,pito,owned_update,ecs_get_raw,8,0,23,0.508054
khanvm1,"AMD EPYC-Milan Processor",32,"Linux 7.0.0-27-generic x86_64","15.2.0"," -O3 -DNDEBUG",32,100000,pito,owned_update,ecs_get_raw,8,0,24,0.482934
khanvm1,"AMD EPYC-Milan Processor",32,"Linux 7.0.0-27-generic x86_64","15.2.0"," -O3 -DNDEBUG",32,100000,pito,owned_update,ecs_get_raw,8,0,25,0.490034
khanvm1,"AMD EPYC-Milan Processor",32,"Linux 7.0.0-27-generic x86_64","15.2.0"," -O3 -DNDEBUG",32,100000,pito,owned_update,ecs_get_raw,8,0,26,0.510425
khanvm1,"AMD EPYC-Milan Processor",32,"Linux 7.0.0-27-generic x86_64","15.2.0"," -O3 -DNDEBUG",32,100000,pito,owned_update,ecs_get_raw,8,10,1,3.423985
khanvm1,"AMD EPYC-Milan Processor",32,"Linux 7.0.0-27-generic x86_64","15.2.0"," -O3 -DNDEBUG",32,100000,pito,owned_update,ecs_get_raw,8,10,2,2.401947
khanvm1,"AMD EPYC-Milan Processor",32,"Linux 7.0.0-27-generic x86_64","15.2.0"," -O3 -DNDEBUG",32,100000,pito,owned_update,ecs_get_raw,8,10,3,2.298568
khanvm1,"AMD EPYC-Milan Processor",32,"Linux 7.0.0-27-generic x86_64","15.2.0"," -O3 -DNDEBUG",32,100000,pito,owned_update,ecs_get_raw,8,10,4,2.316278
khanvm1,"AMD EPYC-Milan Processor",32,"Linux 7.0.0-27-generic x86_64","15.2.0"," -O3 -DNDEBUG",32,100000,pito,owned_update,ecs_get_raw,8,10,5,2.324146
khanvm1,"AMD EPYC-Milan Processor",32,"Linux 7.0.0-27-generic x86_64","15.2.0"," -O3 -DNDEBUG",32,100000,pito,owned_update,ecs_get_raw,8,10,6,2.391588
khanvm1,"AMD EPYC-Milan Processor",32,"Linux 7.0.0-27-generic x86_64","15.2.0"," -O3 -DNDEBUG",32,100000,pito,owned_update,ecs_get_raw,8,10,7,3.376445
khanvm1,"AMD EPYC-Milan Processor",32,"Linux 7.0.0-27-generic x86_64","15.2.0"," -O3 -DNDEBUG",32,100000,pito,owned_update,ecs_get_raw,8,10,8,3.905787
khanvm1,"AMD EPYC-Milan Processor",32,"Linux 7.0.0-27-generic x86_64","15.2.0"," -O3 -DNDEBUG",32,100000,pito,owned_update,ecs_get_raw,8,10,9,3.963310
khanvm1,"AMD EPYC-Milan Processor",32,"Linux 7.0.0-27-generic x86_64","15.2.0"," -O3 -DNDEBUG",32,100000,pito,owned_update,ecs_get_raw,8,10,10,3.887218
khanvm1,"AMD EPYC-Milan Processor",32,"Linux 7.0.0-27-generic x86_64","15.2.0"," -O3 -DNDEBUG",32,100000,pito,owned_update,ecs_get_raw,8,10,11,3.881227
khanvm1,"AMD EPYC-Milan Processor",32,"Linux 7.0.0-27-generic x86_64","15.2.0"," -O3 -DNDEBUG",32,100000,pito,owned_update,ecs_get_raw,8,10,12,3.903558
khanvm1,"AMD EPYC-Milan Processor",32,"Linux 7.0.0-27-generic x86_64","15.2.0"," -O3 -DNDEBUG",32,100000,pito,owned_update,ecs_get_raw,8,10,13,3.919288
khanvm1,"AMD EPYC-Milan Processor",32,"Linux 7.0.0-27-generic x86_64","15.2.0"," -O3 -DNDEBUG",32,100000,pito,owned_update,ecs_get_raw,8,10,14,3.916219
khanvm1,"AMD EPYC-Milan Processor",32,"Linux 7.0.0-27-generic x86_64","15.2.0"," -O3 -DNDEBUG",32,100000,pito,owned_update,ecs_get_raw,8,10,15,3.882478
khanvm1,"AMD EPYC-Milan Processor",32,"Linux 7.0.0-27-generic x86_64","15.2.0"," -O3 -DNDEBUG",32,100000,pito,owned_update,ecs_get_raw,8,10,16,3.876867
khanvm1,"AMD EPYC-Milan Processor",32,"Linux 7.0.0-27-generic x86_64","15.2.0"," -O3 -DNDEBUG",32,100000,pito,owned_update,ecs_get_raw,8,10,17,3.927799
khanvm1,"AMD EPYC-Milan Processor",32,"Linux 7.0.0-27-generic x86_64","15.2.0"," -O3 -DNDEBUG",32,100000,pito,owned_update,ecs_get_raw,8,10,18,3.898438
khanvm1,"AMD EPYC-Milan Processor",32,"Linux 7.0.0-27-generic x86_64","15.2.0"," -O3 -DNDEBUG",32,100000,pito,owned_update,ecs_get_raw,8,10,19,3.915847
khanvm1,"AMD EPYC-Milan Processor",32,"Linux 7.0.0-27-generic x86_64","15.2.0"," -O3 -DNDEBUG",32,100000,pito,owned_update,ecs_get_raw,8,10,20,3.922407
khanvm1,"AMD EPYC-Milan Processor",32,"Linux 7.0.0-27-generic x86_64","15.2.0"," -O3 -DNDEBUG",32,100000,pito,owned_update,ecs_get_raw,8,10,21,2.358577
khanvm1,"AMD EPYC-Milan Processor",32,"Linux 7.0.0-27-generic x86_64","15.2.0"," -O3 -DNDEBUG",32,100000,pito,owned_update,ecs_get_raw,8,10,22,2.521099
khanvm1,"AMD EPYC-Milan Processor",32,"Linux 7.0.0-27-generic x86_64","15.2.0"," -O3 -DNDEBUG",32,100000,pito,owned_update,ecs_get_raw,8,10,23,2.338996
khanvm1,"AMD EPYC-Milan Processor",32,"Linux 7.0.0-27-generic x86_64","15.2.0"," -O3 -DNDEBUG",32,100000,pito,owned_update,ecs_get_raw,8,10,24,2.323958
khanvm1,"AMD EPYC-Milan Processor",32,"Linux 7.0.0-27-generic x86_64","15.2.0"," -O3 -DNDEBUG",32,100000,pito,owned_update,ecs_get_raw,8,10,25,2.343976
khanvm1,"AMD EPYC-Milan Processor",32,"Linux 7.0.0-27-generic x86_64","15.2.0"," -O3 -DNDEBUG",32,100000,pito,owned_update,ecs_get_raw,8,10,26,3.428114
khanvm1,"AMD EPYC-Milan Processor",32,"Linux 7.0.0-27-generic x86_64","15.2.0"," -O3 -DNDEBUG",32,100000,pito,owned_update,ecs_get_raw,8,10,27,2.324197
khanvm1,"AMD EPYC-Milan Processor",32,"Linux 7.0.0-27-generic x86_64","15.2.0"," -O3 -DNDEBUG",32,100000,pito,owned_update,ecs_get_raw,8,10,28,2.360476
khanvm1,"AMD EPYC-Milan Processor",32,"Linux 7.0.0-27-generic x86_64","15.2.0"," -O3 -DNDEBUG",32,100000,pito,owned_update,ecs_get_raw,8,10,29,2.361766
khanvm1,"AMD EPYC-Milan Processor",32,"Linux 7.0.0-27-generic x86_64","15.2.0"," -O3 -DNDEBUG",32,100000,pito,owned_update,ecs_get_raw,8,10,30,2.306437
khanvm1,"AMD EPYC-Milan Processor",32,"Linux 7.0.0-27-generic x86_64","15.2.0"," -O3 -DNDEBUG",32,100000,pito,owned_update,ecs_get_raw,8,10,31,2.393659
khanvm1,"AMD EPYC-Milan Processor",32,"Linux 7.0.0-27-generic x86_64","15.2.0"," -O3 -DNDEBUG",32,100000,pito,owned_update,ecs_get_raw,8,10,32,2.470088
khanvm1,"AMD EPYC-Milan Processor",32,"Linux 7.0.0-27-generic x86_64","15.2.0"," -O3 -DNDEBUG",32,100000,pito,owned_update,ecs_get_raw,8,10,33,2.330148
khanvm1,"AMD EPYC-Milan Processor",32,"Linux 7.0.0-27-generic x86_64","15.2.0"," -O3 -DNDEBUG",32,100000,pito,owned_update,ecs_get_raw,8,10,34,2.413536
khanvm1,"AMD EPYC-Milan Processor",32,"Linux 7.0.0-27-generic x86_64","15.2.0"," -O3 -DNDEBUG",32,100000,pito,owned_update,ecs_get_raw,8,10,35,3.379875
khanvm1,"AMD EPYC-Milan Processor",32,"Linux 7.0.0-27-generic x86_64","15.2.0"," -O3 -DNDEBUG",32,100000,pito,owned_update,ecs_get_raw,8,10,36,2.305567
khanvm1,"AMD EPYC-Milan Processor",32,"Linux 7.0.0-27-generic x86_64","15.2.0"," -O3 -DNDEBUG",32,100000,pito,owned_update,ecs_get_raw,8,10,37,2.507037
khanvm1,"AMD EPYC-Milan Processor",32,"Linux 7.0.0-27-generic x86_64","15.2.0"," -O3 -DNDEBUG",32,100000,pito,owned_update,ecs_get_raw,8,10,38,2.318577
khanvm1,"AMD EPYC-Milan Processor",32,"Linux 7.0.0-27-generic x86_64","15.2.0"," -O3 -DNDEBUG",32,100000,pito,owned_update,ecs_get_raw,8,10,39,2.340688
khanvm1,"AMD EPYC-Milan Processor",32,"Linux 7.0.0-27-generic x86_64","15.2.0"," -O3 -DNDEBUG",32,100000,pito,owned_update,ecs_get_raw,8,10,40,2.342038
khanvm1,"AMD EPYC-Milan Processor",32,"Linux 7.0.0-27-generic x86_64","15.2.0"," -O3 -DNDEBUG",32,100000,pito,owned_update,ecs_get_raw,8,10,41,2.342456
khanvm1,"AMD EPYC-Milan Processor",32,"Linux 7.0.0-27-generic x86_64","15.2.0"," -O3 -DNDEBUG",32,100000,pito,owned_update,ecs_get_raw,8,10,42,2.311826
khanvm1,"AMD EPYC-Milan Processor",32,"Linux 7.0.0-27-generic x86_64","15.2.0"," -O3 -DNDEBUG",32,100000,pito,owned_update,ecs_get_raw,8,10,43,2.321126
khanvm1,"AMD EPYC-Milan Processor",32,"Linux 7.0.0-27-generic x86_64","15.2.0"," -O3 -DNDEBUG",32,100000,pito,owned_update,ecs_get_raw,8,10,44,2.628849
khanvm1,"AMD EPYC-Milan Processor",32,"Linux 7.0.0-27-generic x86_64","15.2.0"," -O3 -DNDEBUG",32,100000,pito,owned_update,ecs_get_raw,8,10,45,3.486125
khanvm1,"AMD EPYC-Milan Processor",32,"Linux 7.0.0-27-generic x86_64","15.2.0"," -O3 -DNDEBUG",32,100000,pito,owned_update,ecs_get_raw,8,10,46,2.313066
khanvm1,"AMD EPYC-Milan Processor",32,"Linux 7.0.0-27-generic x86_64","15.2.0"," -O3 -DNDEBUG",32,100000,pito,owned_update,ecs_get_raw,8,10,47,2.333906
khanvm1,"AMD EPYC-Milan Processor",32,"Linux 7.0.0-27-generic x86_64","15.2.0"," -O3 -DNDEBUG",32,100000,pito,owned_update,ecs_get_raw,8,10,48,2.320886
khanvm1,"AMD EPYC-Milan Processor",32,"Linux 7.0.0-27-generic x86_64","15.2.0"," -O3 -DNDEBUG",32,100000,pito,owned_update,ecs_get_raw,8,10,49,3.387235
khanvm1,"AMD EPYC-Milan Processor",32,"Linux 7.0.0-27-generic x86_64","15.2.0"," -O3 -DNDEBUG",32,100000,pito,owned_update,ecs_get_raw,8,10,50,2.352767
khanvm1,"AMD EPYC-Milan Processor",32,"Linux 7.0.0-27-generic x86_64","15.2.0"," -O3 -DNDEBUG",32,100000,pito,owned_update,ecs_get_raw,8,10,51,2.355496
khanvm1,"AMD EPYC-Milan Processor",32,"Linux 7.0.0-27-generic x86_64","15.2.0"," -O3 -DNDEBUG",32,100000,pito,owned_update,ecs_get_raw,8,10,52,3.393934
khanvm1,"AMD EPYC-Milan Processor",32,"Linux 7.0.0-27-generic x86_64","15.2.0"," -O3 -DNDEBUG",32,100000,pito,owned_update,ecs_get_raw,8,10,53,2.321617
khanvm1,"AMD EPYC-Milan Processor",32,"Linux 7.0.0-27-generic x86_64","15.2.0"," -O3 -DNDEBUG",32,100000,pito,owned_update,ecs_get_raw,8,10,54,2.363856
khanvm1,"AMD EPYC-Milan Processor",32,"Linux 7.0.0-27-generic x86_64","15.2.0"," -O3 -DNDEBUG",32,100000,pito,owned_update,ecs_get_raw,8,10,55,2.318057
khanvm1,"AMD EPYC-Milan Processor",32,"Linux 7.0.0-27-generic x86_64","15.2.0"," -O3 -DNDEBUG",32,100000,pito,owned_update,ecs_get_raw,8,10,56,2.330617
khanvm1,"AMD EPYC-Milan Processor",32,"Linux 7.0.0-27-generic x86_64","15.2.0"," -O3 -DNDEBUG",32,100000,pito,owned_update,ecs_get_raw,8,10,57,2.315366
khanvm1,"AMD EPYC-Milan Processor",32,"Linux 7.0.0-27-generic x86_64","15.2.0"," -O3 -DNDEBUG",32,100000,pito,owned_update,ecs_get_raw,8,10,58,2.343427
khanvm1,"AMD EPYC-Milan Processor",32,"Linux 7.0.0-27-generic x86_64","15.2.0"," -O3 -DNDEBUG",32,100000,pito,owned_update,ecs_get_raw,8,10,59,2.358585
khanvm1,"AMD EPYC-Milan Processor",32,"Linux 7.0.0-27-generic x86_64","15.2.0"," -O3 -DNDEBUG",32,100000,pito,owned_update,ecs_get_raw,8,10,60,2.319907
khanvm1,"AMD EPYC-Milan Processor",32,"Linux 7.0.0-27-generic x86_64","15.2.0"," -O3 -DNDEBUG",32,100000,pito,owned_update,ecs_get_raw,8,10,61,2.322637
khanvm1,"AMD EPYC-Milan Processor",32,"Linux 7.0.0-27-generic x86_64","15.2.0"," -O3 -DNDEBUG",32,100000,pito,owned_update,ecs_get_raw,8,10,62,2.334017
khanvm1,"AMD EPYC-Milan Processor",32,"Linux 7.0.0-27-generic x86_64","15.2.0"," -O3 -DNDEBUG",32,100000,pito,owned_update,ecs_get_raw,8,10,63,2.419408
khanvm1,"AMD EPYC-Milan Processor",32,"Linux 7.0.0-27-generic x86_64","15.2.0"," -O3 -DNDEBUG",32,100000,pito,owned_update,ecs_get_raw,8,10,64,2.361496
khanvm1,"AMD EPYC-Milan Processor",32,"Linux 7.0.0-27-generic x86_64","15.2.0"," -O3 -DNDEBUG",32,100000,pito,owned_update,ecs_get_raw,8,500,1,371.488911
khanvm1,"AMD EPYC-Milan Processor",32,"Linux 7.0.0-27-generic x86_64","15.2.0"," -O3 -DNDEBUG",32,100000,pito,owned_update,ecs_get_raw,8,500,2,373.035362
khanvm1,"AMD EPYC-Milan Processor",32,"Linux 7.0.0-27-generic x86_64","15.2.0"," -O3 -DNDEBUG",32,100000,pito,owned_update,ecs_get_raw,8,500,3,373.280444
khanvm1,"AMD EPYC-Milan Processor",32,"Linux 7.0.0-27-generic x86_64","15.2.0"," -O3 -DNDEBUG",32,100000,pito,owned_update,ecs_get_raw,8,500,4,372.427118
khanvm1,"AMD EPYC-Milan Processor",32,"Linux 7.0.0-27-generic x86_64","15.2.0"," -O3 -DNDEBUG",32,100000,pito,owned_update,ecs_get_raw,8,500,5,371.576292
khanvm1,"AMD EPYC-Milan Processor",32,"Linux 7.0.0-27-generic x86_64","15.2.0"," -O3 -DNDEBUG",32,100000,pito,owned_update,ecs_get_raw,8,500,6,372.009713
khanvm1,"AMD EPYC-Milan Processor",32,"Linux 7.0.0-27-generic x86_64","15.2.0"," -O3 -DNDEBUG",32,100000,pito,owned_update,ecs_get_raw,8,500,7,371.560390
khanvm1,"AMD EPYC-Milan Processor",32,"Linux 7.0.0-27-generic x86_64","15.2.0"," -O3 -DNDEBUG",32,100000,pito,owned_update,ecs_get_raw,8,500,8,371.718862
khanvm1,"AMD EPYC-Milan Processor",32,"Linux 7.0.0-27-generic x86_64","15.2.0"," -O3 -DNDEBUG",32,100000,pito,owned_update,ecs_get_raw,8,500,9,371.591631
khanvm1,"AMD EPYC-Milan Processor",32,"Linux 7.0.0-27-generic x86_64","15.2.0"," -O3 -DNDEBUG",32,100000,pito,owned_update,ecs_get_raw,8,500,10,371.666593
khanvm1,"AMD EPYC-Milan Processor",32,"Linux 7.0.0-27-generic x86_64","15.2.0"," -O3 -DNDEBUG",32,100000,pito,owned_update,ecs_get_raw,16,0,1,0.440903
khanvm1,"AMD EPYC-Milan Processor",32,"Linux 7.0.0-27-generic x86_64","15.2.0"," -O3 -DNDEBUG",32,100000,pito,owned_update,ecs_get_raw,16,0,2,0.453824
khanvm1,"AMD EPYC-Milan Processor",32,"Linux 7.0.0-27-generic x86_64","15.2.0"," -O3 -DNDEBUG",32,100000,pito,owned_update,ecs_get_raw,16,0,3,0.347053
khanvm1,"AMD EPYC-Milan Processor",32,"Linux 7.0.0-27-generic x86_64","15.2.0"," -O3 -DNDEBUG",32,100000,pito,owned_update,ecs_get_raw,16,0,4,0.362052
khanvm1,"AMD EPYC-Milan Processor",32,"Linux 7.0.0-27-generic x86_64","15.2.0"," -O3 -DNDEBUG",32,100000,pito,owned_update,ecs_get_raw,16,0,5,0.394973
khanvm1,"AMD EPYC-Milan Processor",32,"Linux 7.0.0-27-generic x86_64","15.2.0"," -O3 -DNDEBUG",32,100000,pito,owned_update,ecs_get_raw,16,0,6,0.339313
khanvm1,"AMD EPYC-Milan Processor",32,"Linux 7.0.0-27-generic x86_64","15.2.0"," -O3 -DNDEBUG",32,100000,pito,owned_update,ecs_get_raw,16,0,7,0.333283
khanvm1,"AMD EPYC-Milan Processor",32,"Linux 7.0.0-27-generic x86_64","15.2.0"," -O3 -DNDEBUG",32,100000,pito,owned_update,ecs_get_raw,16,0,8,0.325671
khanvm1,"AMD EPYC-Milan Processor",32,"Linux 7.0.0-27-generic x86_64","15.2.0"," -O3 -DNDEBUG",32,100000,pito,owned_update,ecs_get_raw,16,0,9,0.363112
khanvm1,"AMD EPYC-Milan Processor",32,"Linux 7.0.0-27-generic x86_64","15.2.0"," -O3 -DNDEBUG",32,100000,pito,owned_update,ecs_get_raw,16,0,10,0.364623
khanvm1,"AMD EPYC-Milan Processor",32,"Linux 7.0.0-27-generic x86_64","15.2.0"," -O3 -DNDEBUG",32,100000,pito,owned_update,ecs_get_raw,16,0,11,0.293792
khanvm1,"AMD EPYC-Milan Processor",32,"Linux 7.0.0-27-generic x86_64","15.2.0"," -O3 -DNDEBUG",32,100000,pito,owned_update,ecs_get_raw,16,0,12,0.524513
khanvm1,"AMD EPYC-Milan Processor",32,"Linux 7.0.0-27-generic x86_64","15.2.0"," -O3 -DNDEBUG",32,100000,pito,owned_update,ecs_get_raw,16,0,13,0.512984
khanvm1,"AMD EPYC-Milan Processor",32,"Linux 7.0.0-27-generic x86_64","15.2.0"," -O3 -DNDEBUG",32,100000,pito,owned_update,ecs_get_raw,16,0,14,0.502303
khanvm1,"AMD EPYC-Milan Processor",32,"Linux 7.0.0-27-generic x86_64","15.2.0"," -O3 -DNDEBUG",32,100000,pito,owned_update,ecs_get_raw,16,0,15,0.470162
khanvm1,"AMD EPYC-Milan Processor",32,"Linux 7.0.0-27-generic x86_64","15.2.0"," -O3 -DNDEBUG",32,100000,pito,owned_update,ecs_get_raw,16,0,16,0.443633
khanvm1,"AMD EPYC-Milan Processor",32,"Linux 7.0.0-27-generic x86_64","15.2.0"," -O3 -DNDEBUG",32,100000,pito,owned_update,ecs_get_raw,16,0,17,0.450664
khanvm1,"AMD EPYC-Milan Processor",32,"Linux 7.0.0-27-generic x86_64","15.2.0"," -O3 -DNDEBUG",32,100000,pito,owned_update,ecs_get_raw,16,0,18,0.386793
khanvm1,"AMD EPYC-Milan Processor",32,"Linux 7.0.0-27-generic x86_64","15.2.0"," -O3 -DNDEBUG",32,100000,pito,owned_update,ecs_get_raw,16,0,19,0.529235
khanvm1,"AMD EPYC-Milan Processor",32,"Linux 7.0.0-27-generic x86_64","15.2.0"," -O3 -DNDEBUG",32,100000,pito,owned_update,ecs_get_raw,16,0,20,0.350082
khanvm1,"AMD EPYC-Milan Processor",32,"Linux 7.0.0-27-generic x86_64","15.2.0"," -O3 -DNDEBUG",32,100000,pito,owned_update,ecs_get_raw,16,0,21,0.481534
khanvm1,"AMD EPYC-Milan Processor",32,"Linux 7.0.0-27-generic x86_64","15.2.0"," -O3 -DNDEBUG",32,100000,pito,owned_update,ecs_get_raw,16,0,22,0.347642
khanvm1,"AMD EPYC-Milan Processor",32,"Linux 7.0.0-27-generic x86_64","15.2.0"," -O3 -DNDEBUG",32,100000,pito,owned_update,ecs_get_raw,16,0,23,0.483315
khanvm1,"AMD EPYC-Milan Processor",32,"Linux 7.0.0-27-generic x86_64","15.2.0"," -O3 -DNDEBUG",32,100000,pito,owned_update,ecs_get_raw,16,0,24,0.549283
khanvm1,"AMD EPYC-Milan Processor",32,"Linux 7.0.0-27-generic x86_64","15.2.0"," -O3 -DNDEBUG",32,100000,pito,owned_update,ecs_get_raw,16,0,25,0.510552
khanvm1,"AMD EPYC-Milan Processor",32,"Linux 7.0.0-27-generic x86_64","15.2.0"," -O3 -DNDEBUG",32,100000,pito,owned_update,ecs_get_raw,16,0,26,0.495513
khanvm1,"AMD EPYC-Milan Processor",32,"Linux 7.0.0-27-generic x86_64","15.2.0"," -O3 -DNDEBUG",32,100000,pito,owned_update,ecs_get_raw,16,0,27,0.514363
khanvm1,"AMD EPYC-Milan Processor",32,"Linux 7.0.0-27-generic x86_64","15.2.0"," -O3 -DNDEBUG",32,100000,pito,owned_update,ecs_get_raw,16,0,28,0.472843
khanvm1,"AMD EPYC-Milan Processor",32,"Linux 7.0.0-27-generic x86_64","15.2.0"," -O3 -DNDEBUG",32,100000,pito,owned_update,ecs_get_raw,16,0,29,0.538603
khanvm1,"AMD EPYC-Milan Processor",32,"Linux 7.0.0-27-generic x86_64","15.2.0"," -O3 -DNDEBUG",32,100000,pito,owned_update,ecs_get_raw,16,0,30,0.508274
khanvm1,"AMD EPYC-Milan Processor",32,"Linux 7.0.0-27-generic x86_64","15.2.0"," -O3 -DNDEBUG",32,100000,pito,owned_update,ecs_get_raw,16,0,31,0.507473
khanvm1,"AMD EPYC-Milan Processor",32,"Linux 7.0.0-27-generic x86_64","15.2.0"," -O3 -DNDEBUG",32,100000,pito,owned_update,ecs_get_raw,16,0,32,0.499503
khanvm1,"AMD EPYC-Milan Processor",32,"Linux 7.0.0-27-generic x86_64","15.2.0"," -O3 -DNDEBUG",32,100000,pito,owned_update,ecs_get_raw,16,0,33,0.504643
khanvm1,"AMD EPYC-Milan Processor",32,"Linux 7.0.0-27-generic x86_64","15.2.0"," -O3 -DNDEBUG",32,100000,pito,owned_update,ecs_get_raw,16,0,34,0.490794
khanvm1,"AMD EPYC-Milan Processor",32,"Linux 7.0.0-27-generic x86_64","15.2.0"," -O3 -DNDEBUG",32,100000,pito,owned_update,ecs_get_raw,16,0,35,0.489344
khanvm1,"AMD EPYC-Milan Processor",32,"Linux 7.0.0-27-generic x86_64","15.2.0"," -O3 -DNDEBUG",32,100000,pito,owned_update,ecs_get_raw,16,0,36,0.495084
khanvm1,"AMD EPYC-Milan Processor",32,"Linux 7.0.0-27-generic x86_64","15.2.0"," -O3 -DNDEBUG",32,100000,pito,owned_update,ecs_get_raw,16,0,37,0.531194
khanvm1,"AMD EPYC-Milan Processor",32,"Linux 7.0.0-27-generic x86_64","15.2.0"," -O3 -DNDEBUG",32,100000,pito,owned_update,ecs_get_raw,16,0,38,0.549674
khanvm1,"AMD EPYC-Milan Processor",32,"Linux 7.0.0-27-generic x86_64","15.2.0"," -O3 -DNDEBUG",32,100000,pito,owned_update,ecs_get_raw,16,0,39,0.413572
khanvm1,"AMD EPYC-Milan Processor",32,"Linux 7.0.0-27-generic x86_64","15.2.0"," -O3 -DNDEBUG",32,100000,pito,owned_update,ecs_get_raw,16,0,40,0.489522
khanvm1,"AMD EPYC-Milan Processor",32,"Linux 7.0.0-27-generic x86_64","15.2.0"," -O3 -DNDEBUG",32,100000,pito,owned_update,ecs_get_raw,16,0,41,0.417263
khanvm1,"AMD EPYC-Milan Processor",32,"Linux 7.0.0-27-generic x86_64","15.2.0"," -O3 -DNDEBUG",32,100000,pito,owned_update,ecs_get_raw,16,0,42,0.509274
khanvm1,"AMD EPYC-Milan Processor",32,"Linux 7.0.0-27-generic x86_64","15.2.0"," -O3 -DNDEBUG",32,100000,pito,owned_update,ecs_get_raw,16,0,43,0.496063
khanvm1,"AMD EPYC-Milan Processor",32,"Linux 7.0.0-27-generic x86_64","15.2.0"," -O3 -DNDEBUG",32,100000,pito,owned_update,ecs_get_raw,16,0,44,0.450073
khanvm1,"AMD EPYC-Milan Processor",32,"Linux 7.0.0-27-generic x86_64","15.2.0"," -O3 -DNDEBUG",32,100000,pito,owned_update,ecs_get_raw,16,0,45,0.485704
khanvm1,"AMD EPYC-Milan Processor",32,"Linux 7.0.0-27-generic x86_64","15.2.0"," -O3 -DNDEBUG",32,100000,pito,owned_update,ecs_get_raw,16,0,46,0.480385
khanvm1,"AMD EPYC-Milan Processor",32,"Linux 7.0.0-27-generic x86_64","15.2.0"," -O3 -DNDEBUG",32,100000,pito,owned_update,ecs_get_raw,16,0,47,0.541334
khanvm1,"AMD EPYC-Milan Processor",32,"Linux 7.0.0-27-generic x86_64","15.2.0"," -O3 -DNDEBUG",32,100000,pito,owned_update,ecs_get_raw,16,0,48,0.454824
khanvm1,"AMD EPYC-Milan Processor",32,"Linux 7.0.0-27-generic x86_64","15.2.0"," -O3 -DNDEBUG",32,100000,pito,owned_update,ecs_get_raw,16,0,49,0.481553
khanvm1,"AMD EPYC-Milan Processor",32,"Linux 7.0.0-27-generic x86_64","15.2.0"," -O3 -DNDEBUG",32,100000,pito,owned_update,ecs_get_raw,16,0,50,0.537723
khanvm1,"AMD EPYC-Milan Processor",32,"Linux 7.0.0-27-generic x86_64","15.2.0"," -O3 -DNDEBUG",32,100000,pito,owned_update,ecs_get_raw,16,0,51,0.518344
khanvm1,"AMD EPYC-Milan Processor",32,"Linux 7.0.0-27-generic x86_64","15.2.0"," -O3 -DNDEBUG",32,100000,pito,owned_update,ecs_get_raw,16,0,52,0.475873
khanvm1,"AMD EPYC-Milan Processor",32,"Linux 7.0.0-27-generic x86_64","15.2.0"," -O3 -DNDEBUG",32,100000,pito,owned_update,ecs_get_raw,16,0,53,0.466302
khanvm1,"AMD EPYC-Milan Processor",32,"Linux 7.0.0-27-generic x86_64","15.2.0"," -O3 -DNDEBUG",32,100000,pito,owned_update,ecs_get_raw,16,0,54,0.518145
khanvm1,"AMD EPYC-Milan Processor",32,"Linux 7.0.0-27-generic x86_64","15.2.0"," -O3 -DNDEBUG",32,100000,pito,owned_update,ecs_get_raw,16,0,55,0.486873
khanvm1,"AMD EPYC-Milan Processor",32,"Linux 7.0.0-27-generic x86_64","15.2.0"," -O3 -DNDEBUG",32,100000,pito,owned_update,ecs_get_raw,16,0,56,0.495103
khanvm1,"AMD EPYC-Milan Processor",32,"Linux 7.0.0-27-generic x86_64","15.2.0"," -O3 -DNDEBUG",32,100000,pito,owned_update,ecs_get_raw,16,0,57,0.471504
khanvm1,"AMD EPYC-Milan Processor",32,"Linux 7.0.0-27-generic x86_64","15.2.0"," -O3 -DNDEBUG",32,100000,pito,owned_update,ecs_get_raw,16,10,1,1.967803
khanvm1,"AMD EPYC-Milan Processor",32,"Linux 7.0.0-27-generic x86_64","15.2.0"," -O3 -DNDEBUG",32,100000,pito,owned_update,ecs_get_raw,16,10,2,1.994434
khanvm1,"AMD EPYC-Milan Processor",32,"Linux 7.0.0-27-generic x86_64","15.2.0"," -O3 -DNDEBUG",32,100000,pito,owned_update,ecs_get_raw,16,10,3,1.985623
khanvm1,"AMD EPYC-Milan Processor",32,"Linux 7.0.0-27-generic x86_64","15.2.0"," -O3 -DNDEBUG",32,100000,pito,owned_update,ecs_get_raw,16,10,4,1.970414
khanvm1,"AMD EPYC-Milan Processor",32,"Linux 7.0.0-27-generic x86_64","15.2.0"," -O3 -DNDEBUG",32,100000,pito,owned_update,ecs_get_raw,16,10,5,1.967995
khanvm1,"AMD EPYC-Milan Processor",32,"Linux 7.0.0-27-generic x86_64","15.2.0"," -O3 -DNDEBUG",32,100000,pito,owned_update,ecs_get_raw,16,10,6,1.966694
khanvm1,"AMD EPYC-Milan Processor",32,"Linux 7.0.0-27-generic x86_64","15.2.0"," -O3 -DNDEBUG",32,100000,pito,owned_update,ecs_get_raw,16,10,7,1.978695
khanvm1,"AMD EPYC-Milan Processor",32,"Linux 7.0.0-27-generic x86_64","15.2.0"," -O3 -DNDEBUG",32,100000,pito,owned_update,ecs_get_raw,16,10,8,1.969985
khanvm1,"AMD EPYC-Milan Processor",32,"Linux 7.0.0-27-generic x86_64","15.2.0"," -O3 -DNDEBUG",32,100000,pito,owned_update,ecs_get_raw,16,10,9,1.954445
khanvm1,"AMD EPYC-Milan Processor",32,"Linux 7.0.0-27-generic x86_64","15.2.0"," -O3 -DNDEBUG",32,100000,pito,owned_update,ecs_get_raw,16,10,10,1.969654
khanvm1,"AMD EPYC-Milan Processor",32,"Linux 7.0.0-27-generic x86_64","15.2.0"," -O3 -DNDEBUG",32,100000,pito,owned_update,ecs_get_raw,16,500,1,189.402207
khanvm1,"AMD EPYC-Milan Processor",32,"Linux 7.0.0-27-generic x86_64","15.2.0"," -O3 -DNDEBUG",32,100000,pito,owned_update,ecs_get_raw,16,500,2,186.247584
khanvm1,"AMD EPYC-Milan Processor",32,"Linux 7.0.0-27-generic x86_64","15.2.0"," -O3 -DNDEBUG",32,100000,pito,owned_update,ecs_get_raw,16,500,3,186.009723
khanvm1,"AMD EPYC-Milan Processor",32,"Linux 7.0.0-27-generic x86_64","15.2.0"," -O3 -DNDEBUG",32,100000,pito,owned_update,ecs_get_raw,16,500,4,186.248634
khanvm1,"AMD EPYC-Milan Processor",32,"Linux 7.0.0-27-generic x86_64","15.2.0"," -O3 -DNDEBUG",32,100000,pito,owned_update,ecs_get_raw,16,500,5,188.138408
khanvm1,"AMD EPYC-Milan Processor",32,"Linux 7.0.0-27-generic x86_64","15.2.0"," -O3 -DNDEBUG",32,100000,pito,owned_update,ecs_get_raw,16,500,6,186.138664
khanvm1,"AMD EPYC-Milan Processor",32,"Linux 7.0.0-27-generic x86_64","15.2.0"," -O3 -DNDEBUG",32,100000,pito,owned_update,ecs_get_raw,16,500,7,186.266955
khanvm1,"AMD EPYC-Milan Processor",32,"Linux 7.0.0-27-generic x86_64","15.2.0"," -O3 -DNDEBUG",32,100000,pito,owned_update,ecs_get_raw,16,500,8,187.496954
khanvm1,"AMD EPYC-Milan Processor",32,"Linux 7.0.0-27-generic x86_64","15.2.0"," -O3 -DNDEBUG",32,100000,pito,owned_update,ecs_get_raw,16,500,9,186.834779
khanvm1,"AMD EPYC-Milan Processor",32,"Linux 7.0.0-27-generic x86_64","15.2.0"," -O3 -DNDEBUG",32,100000,pito,owned_update,ecs_get_raw,16,500,10,188.413898
khanvm1,"AMD EPYC-Milan Processor",32,"Linux 7.0.0-27-generic x86_64","15.2.0"," -O3 -DNDEBUG",32,100000,pito,owned_update,ecs_get_raw,32,0,1,0.387854
khanvm1,"AMD EPYC-Milan Processor",32,"Linux 7.0.0-27-generic x86_64","15.2.0"," -O3 -DNDEBUG",32,100000,pito,owned_update,ecs_get_raw,32,0,2,0.331943
khanvm1,"AMD EPYC-Milan Processor",32,"Linux 7.0.0-27-generic x86_64","15.2.0"," -O3 -DNDEBUG",32,100000,pito,owned_update,ecs_get_raw,32,0,3,0.334463
khanvm1,"AMD EPYC-Milan Processor",32,"Linux 7.0.0-27-generic x86_64","15.2.0"," -O3 -DNDEBUG",32,100000,pito,owned_update,ecs_get_raw,32,0,4,0.359861
khanvm1,"AMD EPYC-Milan Processor",32,"Linux 7.0.0-27-generic x86_64","15.2.0"," -O3 -DNDEBUG",32,100000,pito,owned_update,ecs_get_raw,32,0,5,0.340043
khanvm1,"AMD EPYC-Milan Processor",32,"Linux 7.0.0-27-generic x86_64","15.2.0"," -O3 -DNDEBUG",32,100000,pito,owned_update,ecs_get_raw,32,0,6,0.434854
khanvm1,"AMD EPYC-Milan Processor",32,"Linux 7.0.0-27-generic x86_64","15.2.0"," -O3 -DNDEBUG",32,100000,pito,owned_update,ecs_get_raw,32,0,7,0.330112
khanvm1,"AMD EPYC-Milan Processor",32,"Linux 7.0.0-27-generic x86_64","15.2.0"," -O3 -DNDEBUG",32,100000,pito,owned_update,ecs_get_raw,32,0,8,0.307802
khanvm1,"AMD EPYC-Milan Processor",32,"Linux 7.0.0-27-generic x86_64","15.2.0"," -O3 -DNDEBUG",32,100000,pito,owned_update,ecs_get_raw,32,0,9,0.417883
khanvm1,"AMD EPYC-Milan Processor",32,"Linux 7.0.0-27-generic x86_64","15.2.0"," -O3 -DNDEBUG",32,100000,pito,owned_update,ecs_get_raw,32,0,10,0.358653
khanvm1,"AMD EPYC-Milan Processor",32,"Linux 7.0.0-27-generic x86_64","15.2.0"," -O3 -DNDEBUG",32,100000,pito,owned_update,ecs_get_raw,32,0,11,0.436342
khanvm1,"AMD EPYC-Milan Processor",32,"Linux 7.0.0-27-generic x86_64","15.2.0"," -O3 -DNDEBUG",32,100000,pito,owned_update,ecs_get_raw,32,0,12,0.432443
khanvm1,"AMD EPYC-Milan Processor",32,"Linux 7.0.0-27-generic x86_64","15.2.0"," -O3 -DNDEBUG",32,100000,pito,owned_update,ecs_get_raw,32,0,13,0.425123
khanvm1,"AMD EPYC-Milan Processor",32,"Linux 7.0.0-27-generic x86_64","15.2.0"," -O3 -DNDEBUG",32,100000,pito,owned_update,ecs_get_raw,32,0,14,0.473564
khanvm1,"AMD EPYC-Milan Processor",32,"Linux 7.0.0-27-generic x86_64","15.2.0"," -O3 -DNDEBUG",32,100000,pito,owned_update,ecs_get_raw,32,0,15,0.514365
khanvm1,"AMD EPYC-Milan Processor",32,"Linux 7.0.0-27-generic x86_64","15.2.0"," -O3 -DNDEBUG",32,100000,pito,owned_update,ecs_get_raw,32,0,16,0.334232
khanvm1,"AMD EPYC-Milan Processor",32,"Linux 7.0.0-27-generic x86_64","15.2.0"," -O3 -DNDEBUG",32,100000,pito,owned_update,ecs_get_raw,32,0,17,0.332582
khanvm1,"AMD EPYC-Milan Processor",32,"Linux 7.0.0-27-generic x86_64","15.2.0"," -O3 -DNDEBUG",32,100000,pito,owned_update,ecs_get_raw,32,0,18,0.365672
khanvm1,"AMD EPYC-Milan Processor",32,"Linux 7.0.0-27-generic x86_64","15.2.0"," -O3 -DNDEBUG",32,100000,pito,owned_update,ecs_get_raw,32,0,19,0.413324
khanvm1,"AMD EPYC-Milan Processor",32,"Linux 7.0.0-27-generic x86_64","15.2.0"," -O3 -DNDEBUG",32,100000,pito,owned_update,ecs_get_raw,32,0,20,0.451624
khanvm1,"AMD EPYC-Milan Processor",32,"Linux 7.0.0-27-generic x86_64","15.2.0"," -O3 -DNDEBUG",32,100000,pito,owned_update,ecs_get_raw,32,0,21,0.379593
khanvm1,"AMD EPYC-Milan Processor",32,"Linux 7.0.0-27-generic x86_64","15.2.0"," -O3 -DNDEBUG",32,100000,pito,owned_update,ecs_get_raw,32,0,22,0.485093
khanvm1,"AMD EPYC-Milan Processor",32,"Linux 7.0.0-27-generic x86_64","15.2.0"," -O3 -DNDEBUG",32,100000,pito,owned_update,ecs_get_raw,32,0,23,0.373912
khanvm1,"AMD EPYC-Milan Processor",32,"Linux 7.0.0-27-generic x86_64","15.2.0"," -O3 -DNDEBUG",32,100000,pito,owned_update,ecs_get_raw,32,0,24,0.383574
khanvm1,"AMD EPYC-Milan Processor",32,"Linux 7.0.0-27-generic x86_64","15.2.0"," -O3 -DNDEBUG",32,100000,pito,owned_update,ecs_get_raw,32,0,25,0.369642
khanvm1,"AMD EPYC-Milan Processor",32,"Linux 7.0.0-27-generic x86_64","15.2.0"," -O3 -DNDEBUG",32,100000,pito,owned_update,ecs_get_raw,32,0,26,0.400563
khanvm1,"AMD EPYC-Milan Processor",32,"Linux 7.0.0-27-generic x86_64","15.2.0"," -O3 -DNDEBUG",32,100000,pito,owned_update,ecs_get_raw,32,0,27,0.405132
khanvm1,"AMD EPYC-Milan Processor",32,"Linux 7.0.0-27-generic x86_64","15.2.0"," -O3 -DNDEBUG",32,100000,pito,owned_update,ecs_get_raw,32,0,28,0.441314
khanvm1,"AMD EPYC-Milan Processor",32,"Linux 7.0.0-27-generic x86_64","15.2.0"," -O3 -DNDEBUG",32,100000,pito,owned_update,ecs_get_raw,32,0,29,0.418043
khanvm1,"AMD EPYC-Milan Processor",32,"Linux 7.0.0-27-generic x86_64","15.2.0"," -O3 -DNDEBUG",32,100000,pito,owned_update,ecs_get_raw,32,0,30,0.400984
khanvm1,"AMD EPYC-Milan Processor",32,"Linux 7.0.0-27-generic x86_64","15.2.0"," -O3 -DNDEBUG",32,100000,pito,owned_update,ecs_get_raw,32,0,31,0.349993
khanvm1,"AMD EPYC-Milan Processor",32,"Linux 7.0.0-27-generic x86_64","15.2.0"," -O3 -DNDEBUG",32,100000,pito,owned_update,ecs_get_raw,32,0,32,0.393933
khanvm1,"AMD EPYC-Milan Processor",32,"Linux 7.0.0-27-generic x86_64","15.2.0"," -O3 -DNDEBUG",32,100000,pito,owned_update,ecs_get_raw,32,0,33,0.422403
khanvm1,"AMD EPYC-Milan Processor",32,"Linux 7.0.0-27-generic x86_64","15.2.0"," -O3 -DNDEBUG",32,100000,pito,owned_update,ecs_get_raw,32,0,34,0.447953
khanvm1,"AMD EPYC-Milan Processor",32,"Linux 7.0.0-27-generic x86_64","15.2.0"," -O3 -DNDEBUG",32,100000,pito,owned_update,ecs_get_raw,32,0,35,0.418773
khanvm1,"AMD EPYC-Milan Processor",32,"Linux 7.0.0-27-generic x86_64","15.2.0"," -O3 -DNDEBUG",32,100000,pito,owned_update,ecs_get_raw,32,0,36,0.430814
khanvm1,"AMD EPYC-Milan Processor",32,"Linux 7.0.0-27-generic x86_64","15.2.0"," -O3 -DNDEBUG",32,100000,pito,owned_update,ecs_get_raw,32,0,37,0.495584
khanvm1,"AMD EPYC-Milan Processor",32,"Linux 7.0.0-27-generic x86_64","15.2.0"," -O3 -DNDEBUG",32,100000,pito,owned_update,ecs_get_raw,32,0,38,0.363572
khanvm1,"AMD EPYC-Milan Processor",32,"Linux 7.0.0-27-generic x86_64","15.2.0"," -O3 -DNDEBUG",32,100000,pito,owned_update,ecs_get_raw,32,0,39,0.455974
khanvm1,"AMD EPYC-Milan Processor",32,"Linux 7.0.0-27-generic x86_64","15.2.0"," -O3 -DNDEBUG",32,100000,pito,owned_update,ecs_get_raw,32,0,40,0.426264
khanvm1,"AMD EPYC-Milan Processor",32,"Linux 7.0.0-27-generic x86_64","15.2.0"," -O3 -DNDEBUG",32,100000,pito,owned_update,ecs_get_raw,32,0,41,0.437453
khanvm1,"AMD EPYC-Milan Processor",32,"Linux 7.0.0-27-generic x86_64","15.2.0"," -O3 -DNDEBUG",32,100000,pito,owned_update,ecs_get_raw,32,0,42,0.454603
khanvm1,"AMD EPYC-Milan Processor",32,"Linux 7.0.0-27-generic x86_64","15.2.0"," -O3 -DNDEBUG",32,100000,pito,owned_update,ecs_get_raw,32,0,43,0.434312
khanvm1,"AMD EPYC-Milan Processor",32,"Linux 7.0.0-27-generic x86_64","15.2.0"," -O3 -DNDEBUG",32,100000,pito,owned_update,ecs_get_raw,32,0,44,0.431773
khanvm1,"AMD EPYC-Milan Processor",32,"Linux 7.0.0-27-generic x86_64","15.2.0"," -O3 -DNDEBUG",32,100000,pito,owned_update,ecs_get_raw,32,0,45,0.500044
khanvm1,"AMD EPYC-Milan Processor",32,"Linux 7.0.0-27-generic x86_64","15.2.0"," -O3 -DNDEBUG",32,100000,pito,owned_update,ecs_get_raw,32,0,46,0.444623
khanvm1,"AMD EPYC-Milan Processor",32,"Linux 7.0.0-27-generic x86_64","15.2.0"," -O3 -DNDEBUG",32,100000,pito,owned_update,ecs_get_raw,32,0,47,0.469753
khanvm1,"AMD EPYC-Milan Processor",32,"Linux 7.0.0-27-generic x86_64","15.2.0"," -O3 -DNDEBUG",32,100000,pito,owned_update,ecs_get_raw,32,0,48,0.466863
khanvm1,"AMD EPYC-Milan Processor",32,"Linux 7.0.0-27-generic x86_64","15.2.0"," -O3 -DNDEBUG",32,100000,pito,owned_update,ecs_get_raw,32,0,49,0.425142
khanvm1,"AMD EPYC-Milan Processor",32,"Linux 7.0.0-27-generic x86_64","15.2.0"," -O3 -DNDEBUG",32,100000,pito,owned_update,ecs_get_raw,32,0,50,0.415603
khanvm1,"AMD EPYC-Milan Processor",32,"Linux 7.0.0-27-generic x86_64","15.2.0"," -O3 -DNDEBUG",32,100000,pito,owned_update,ecs_get_raw,32,0,51,0.415752
khanvm1,"AMD EPYC-Milan Processor",32,"Linux 7.0.0-27-generic x86_64","15.2.0"," -O3 -DNDEBUG",32,100000,pito,owned_update,ecs_get_raw,32,0,52,0.510004
khanvm1,"AMD EPYC-Milan Processor",32,"Linux 7.0.0-27-generic x86_64","15.2.0"," -O3 -DNDEBUG",32,100000,pito,owned_update,ecs_get_raw,32,0,53,0.484862
khanvm1,"AMD EPYC-Milan Processor",32,"Linux 7.0.0-27-generic x86_64","15.2.0"," -O3 -DNDEBUG",32,100000,pito,owned_update,ecs_get_raw,32,10,1,1.118048
khanvm1,"AMD EPYC-Milan Processor",32,"Linux 7.0.0-27-generic x86_64","15.2.0"," -O3 -DNDEBUG",32,100000,pito,owned_update,ecs_get_raw,32,10,2,1.084179
khanvm1,"AMD EPYC-Milan Processor",32,"Linux 7.0.0-27-generic x86_64","15.2.0"," -O3 -DNDEBUG",32,100000,pito,owned_update,ecs_get_raw,32,10,3,1.120478
khanvm1,"AMD EPYC-Milan Processor",32,"Linux 7.0.0-27-generic x86_64","15.2.0"," -O3 -DNDEBUG",32,100000,pito,owned_update,ecs_get_raw,32,10,4,1.075008
khanvm1,"AMD EPYC-Milan Processor",32,"Linux 7.0.0-27-generic x86_64","15.2.0"," -O3 -DNDEBUG",32,100000,pito,owned_update,ecs_get_raw,32,10,5,1.069268
khanvm1,"AMD EPYC-Milan Processor",32,"Linux 7.0.0-27-generic x86_64","15.2.0"," -O3 -DNDEBUG",32,100000,pito,owned_update,ecs_get_raw,32,10,6,1.119478
khanvm1,"AMD EPYC-Milan Processor",32,"Linux 7.0.0-27-generic x86_64","15.2.0"," -O3 -DNDEBUG",32,100000,pito,owned_update,ecs_get_raw,32,10,7,1.085869
khanvm1,"AMD EPYC-Milan Processor",32,"Linux 7.0.0-27-generic x86_64","15.2.0"," -O3 -DNDEBUG",32,100000,pito,owned_update,ecs_get_raw,32,10,8,1.075098
khanvm1,"AMD EPYC-Milan Processor",32,"Linux 7.0.0-27-generic x86_64","15.2.0"," -O3 -DNDEBUG",32,100000,pito,owned_update,ecs_get_raw,32,10,9,1.070888
khanvm1,"AMD EPYC-Milan Processor",32,"Linux 7.0.0-27-generic x86_64","15.2.0"," -O3 -DNDEBUG",32,100000,pito,owned_update,ecs_get_raw,32,10,10,1.153140
khanvm1,"AMD EPYC-Milan Processor",32,"Linux 7.0.0-27-generic x86_64","15.2.0"," -O3 -DNDEBUG",32,100000,pito,owned_update,ecs_get_raw,32,10,11,1.108898
khanvm1,"AMD EPYC-Milan Processor",32,"Linux 7.0.0-27-generic x86_64","15.2.0"," -O3 -DNDEBUG",32,100000,pito,owned_update,ecs_get_raw,32,500,1,93.594100
khanvm1,"AMD EPYC-Milan Processor",32,"Linux 7.0.0-27-generic x86_64","15.2.0"," -O3 -DNDEBUG",32,100000,pito,owned_update,ecs_get_raw,32,500,2,94.951201
khanvm1,"AMD EPYC-Milan Processor",32,"Linux 7.0.0-27-generic x86_64","15.2.0"," -O3 -DNDEBUG",32,100000,pito,owned_update,ecs_get_raw,32,500,3,95.415392
khanvm1,"AMD EPYC-Milan Processor",32,"Linux 7.0.0-27-generic x86_64","15.2.0"," -O3 -DNDEBUG",32,100000,pito,owned_update,ecs_get_raw,32,500,4,95.869707
khanvm1,"AMD EPYC-Milan Processor",32,"Linux 7.0.0-27-generic x86_64","15.2.0"," -O3 -DNDEBUG",32,100000,pito,owned_update,ecs_get_raw,32,500,5,95.456513
khanvm1,"AMD EPYC-Milan Processor",32,"Linux 7.0.0-27-generic x86_64","15.2.0"," -O3 -DNDEBUG",32,100000,pito,owned_update,ecs_get_raw,32,500,6,95.498564
khanvm1,"AMD EPYC-Milan Processor",32,"Linux 7.0.0-27-generic x86_64","15.2.0"," -O3 -DNDEBUG",32,100000,pito,owned_update,ecs_get_raw,32,500,7,94.585358
khanvm1,"AMD EPYC-Milan Processor",32,"Linux 7.0.0-27-generic x86_64","15.2.0"," -O3 -DNDEBUG",32,100000,pito,owned_update,ecs_get_raw,32,500,8,93.338078
khanvm1,"AMD EPYC-Milan Processor",32,"Linux 7.0.0-27-generic x86_64","15.2.0"," -O3 -DNDEBUG",32,100000,pito,owned_update,ecs_get_raw,32,500,9,94.220675
khanvm1,"AMD EPYC-Milan Processor",32,"Linux 7.0.0-27-generic x86_64","15.2.0"," -O3 -DNDEBUG",32,100000,pito,owned_update,ecs_get_raw,32,500,10,95.349293
khanvm1,"AMD EPYC-Milan Processor",32,"Linux 7.0.0-27-generic x86_64","15.2.0"," -O3 -DNDEBUG -DPITO_ECS_OWNED_DELETE_ATOMIC=1",32,100000,pito,owned_update,ecs_get,1,0,1,28.661806
khanvm1,"AMD EPYC-Milan Processor",32,"Linux 7.0.0-27-generic x86_64","15.2.0"," -O3 -DNDEBUG -DPITO_ECS_OWNED_DELETE_ATOMIC=1",32,100000,pito,owned_update,ecs_get,1,0,2,27.566117
khanvm1,"AMD EPYC-Milan Processor",32,"Linux 7.0.0-27-generic x86_64","15.2.0"," -O3 -DNDEBUG -DPITO_ECS_OWNED_DELETE_ATOMIC=1",32,100000,pito,owned_update,ecs_get,1,0,3,28.623075
khanvm1,"AMD EPYC-Milan Processor",32,"Linux 7.0.0-27-generic x86_64","15.2.0"," -O3 -DNDEBUG -DPITO_ECS_OWNED_DELETE_ATOMIC=1",32,100000,pito,owned_update,ecs_get,1,0,4,28.659385
khanvm1,"AMD EPYC-Milan Processor",32,"Linux 7.0.0-27-generic x86_64","15.2.0"," -O3 -DNDEBUG -DPITO_ECS_OWNED_DELETE_ATOMIC=1",32,100000,pito,owned_update,ecs_get,1,0,5,27.985491
khanvm1,"AMD EPYC-Milan Processor",32,"Linux 7.0.0-27-generic x86_64","15.2.0"," -O3 -DNDEBUG -DPITO_ECS_OWNED_DELETE_ATOMIC=1",32,100000,pito,owned_update,ecs_get,1,0,6,27.475355
khanvm1,"AMD EPYC-Milan Processor",32,"Linux 7.0.0-27-generic x86_64","15.2.0"," -O3 -DNDEBUG -DPITO_ECS_OWNED_DELETE_ATOMIC=1",32,100000,pito,owned_update,ecs_get,1,0,7,27.624687
khanvm1,"AMD EPYC-Milan Processor",32,"Linux 7.0.0-27-generic x86_64","15.2.0"," -O3 -DNDEBUG -DPITO_ECS_OWNED_DELETE_ATOMIC=1",32,100000,pito,owned_update,ecs_get,1,0,8,27.596308
khanvm1,"AMD EPYC-Milan Processor",32,"Linux 7.0.0-27-generic x86_64","15.2.0"," -O3 -DNDEBUG -DPITO_ECS_OWNED_DELETE_ATOMIC=1",32,100000,pito,owned_update,ecs_get,1,0,9,29.628033
khanvm1,"AMD EPYC-Milan Processor",32,"Linux 7.0.0-27-generic x86_64","15.2.0"," -O3 -DNDEBUG -DPITO_ECS_OWNED_DELETE_ATOMIC=1",32,100000,pito,owned_update,ecs_get,1,0,10,28.638026
khanvm1,"AMD EPYC-Milan Processor",32,"Linux 7.0.0-27-generic x86_64","15.2.0"," -O3 -DNDEBUG -DPITO_ECS_OWNED_DELETE_ATOMIC=1",32,100000,pito,owned_update,ecs_get,1,10,1,38.146843
khanvm1,"AMD EPYC-Milan Processor",32,"Linux 7.0.0-27-generic x86_64","15.2.0"," -O3 -DNDEBUG -DPITO_ECS_OWNED_DELETE_ATOMIC=1",32,100000,pito,owned_update,ecs_get,1,10,2,38.123023
khanvm1,"AMD EPYC-Milan Processor",32,"Linux 7.0.0-27-generic x86_64","15.2.0"," -O3 -DNDEBUG -DPITO_ECS_OWNED_DELETE_ATOMIC=1",32,100000,pito,owned_update,ecs_get,1,10,3,39.324762
khanvm1,"AMD EPYC-Milan Processor",32,"Linux 7.0.0-27-generic x86_64","15.2.0"," -O3 -DNDEBUG -DPITO_ECS_OWNED_DELETE_ATOMIC=1",32,100000,pito,owned_update,ecs_get,1,10,4,37.136016
khanvm1,"AMD EPYC-Milan Processor",32,"Linux 7.0.0-27-generic x86_64","15.2.0"," -O3 -DNDEBUG -DPITO_ECS_OWNED_DELETE_ATOMIC=1",32,100000,pito,owned_update,ecs_get,1,10,5,36.143018
khanvm1,"AMD EPYC-Milan Processor",32,"Linux 7.0.0-27-generic x86_64","15.2.0"," -O3 -DNDEBUG -DPITO_ECS_OWNED_DELETE_ATOMIC=1",32,100000,pito,owned_update,ecs_get,1,10,6,37.132227
khanvm1,"AMD EPYC-Milan Processor",32,"Linux 7.0.0-27-generic x86_64","15.2.0"," -O3 -DNDEBUG -DPITO_ECS_OWNED_DELETE_ATOMIC=1",32,100000,pito,owned_update,ecs_get,1,10,7,37.164017
khanvm1,"AMD EPYC-Milan Processor",32,"Linux 7.0.0-27-generic x86_64","15.2.0"," -O3 -DNDEBUG -DPITO_ECS_OWNED_DELETE_ATOMIC=1",32,100000,pito,owned_update,ecs_get,1,10,8,38.118794
khanvm1,"AMD EPYC-Milan Processor",32,"Linux 7.0.0-27-generic x86_64","15.2.0"," -O3 -DNDEBUG -DPITO_ECS_OWNED_DELETE_ATOMIC=1",32,100000,pito,owned_update,ecs_get,1,10,9,38.262493
khanvm1,"AMD EPYC-Milan Processor",32,"Linux 7.0.0-27-generic x86_64","15.2.0"," -O3 -DNDEBUG -DPITO_ECS_OWNED_DELETE_ATOMIC=1",32,100000,pito,owned_update,ecs_get,1,10,10,38.215354
khanvm1,"AMD EPYC-Milan Processor",32,"Linux 7.0.0-27-generic x86_64","15.2.0"," -O3 -DNDEBUG -DPITO_ECS_OWNED_DELETE_ATOMIC=1",32,100000,pito,owned_update,ecs_get,1,10,11,37.144107
khanvm1,"AMD EPYC-Milan Processor",32,"Linux 7.0.0-27-generic x86_64","15.2.0"," -O3 -DNDEBUG -DPITO_ECS_OWNED_DELETE_ATOMIC=1",32,100000,pito,owned_update,ecs_get,1,500,1,2976.844274
khanvm1,"AMD EPYC-Milan Processor",32,"Linux 7.0.0-27-generic x86_64","15.2.0"," -O3 -DNDEBUG -DPITO_ECS_OWNED_DELETE_ATOMIC=1",32,100000,pito,owned_update,ecs_get,1,500,2,2975.220533
khanvm1,"AMD EPYC-Milan Processor",32,"Linux 7.0.0-27-generic x86_64","15.2.0"," -O3 -DNDEBUG -DPITO_ECS_OWNED_DELETE_ATOMIC=1",32,100000,pito,owned_update,ecs_get,1,500,3,2977.097226
khanvm1,"AMD EPYC-Milan Processor",32,"Linux 7.0.0-27-generic x86_64","15.2.0"," -O3 -DNDEBUG -DPITO_ECS_OWNED_DELETE_ATOMIC=1",32,100000,pito,owned_update,ecs_get,1,500,4,2974.017624
khanvm1,"AMD EPYC-Milan Processor",32,"Linux 7.0.0-27-generic x86_64","15.2.0"," -O3 -DNDEBUG -DPITO_ECS_OWNED_DELETE_ATOMIC=1",32,100000,pito,owned_update,ecs_get,1,500,5,2978.211972
khanvm1,"AMD EPYC-Milan Processor",32,"Linux 7.0.0-27-generic x86_64","15.2.0"," -O3 -DNDEBUG -DPITO_ECS_OWNED_DELETE_ATOMIC=1",32,100000,pito,owned_update,ecs_get,1,500,6,2970.048666
khanvm1,"AMD EPYC-Milan Processor",32,"Linux 7.0.0-27-generic x86_64","15.2.0"," -O3 -DNDEBUG -DPITO_ECS_OWNED_DELETE_ATOMIC=1",32,100000,pito,owned_update,ecs_get,1,500,7,2972.184581
khanvm1,"AMD EPYC-Milan Processor",32,"Linux 7.0.0-27-generic x86_64","15.2.0"," -O3 -DNDEBUG -DPITO_ECS_OWNED_DELETE_ATOMIC=1",32,100000,pito,owned_update,ecs_get,1,500,8,2976.216179
khanvm1,"AMD EPYC-Milan Processor",32,"Linux 7.0.0-27-generic x86_64","15.2.0"," -O3 -DNDEBUG -DPITO_ECS_OWNED_DELETE_ATOMIC=1",32,100000,pito,owned_update,ecs_get,1,500,9,2972.035439
khanvm1,"AMD EPYC-Milan Processor",32,"Linux 7.0.0-27-generic x86_64","15.2.0"," -O3 -DNDEBUG -DPITO_ECS_OWNED_DELETE_ATOMIC=1",32,100000,pito,owned_update,ecs_get,1,500,10,2968.760047
khanvm1,"AMD EPYC-Milan Processor",32,"Linux 7.0.0-27-generic x86_64","15.2.0"," -O3 -DNDEBUG -DPITO_ECS_OWNED_DELETE_ATOMIC=1",32,100000,pito,owned_update,ecs_get,2,0,1,37.376777
khanvm1,"AMD EPYC-Milan Processor",32,"Linux 7.0.0-27-generic x86_64","15.2.0"," -O3 -DNDEBUG -DPITO_ECS_OWNED_DELETE_ATOMIC=1",32,100000,pito,owned_update,ecs_get,2,0,2,38.006592
khanvm1,"AMD EPYC-Milan Processor",32,"Linux 7.0.0-27-generic x86_64","15.2.0"," -O3 -DNDEBUG -DPITO_ECS_OWNED_DELETE_ATOMIC=1",32,100000,pito,owned_update,ecs_get,2,0,3,37.223237
khanvm1,"AMD EPYC-Milan Processor",32,"Linux 7.0.0-27-generic x86_64","15.2.0"," -O3 -DNDEBUG -DPITO_ECS_OWNED_DELETE_ATOMIC=1",32,100000,pito,owned_update,ecs_get,2,0,4,36.450141
khanvm1,"AMD EPYC-Milan Processor",32,"Linux 7.0.0-27-generic x86_64","15.2.0"," -O3 -DNDEBUG -DPITO_ECS_OWNED_DELETE_ATOMIC=1",32,100000,pito,owned_update,ecs_get,2,0,5,37.008634
khanvm1,"AMD EPYC-Milan Processor",32,"Linux 7.0.0-27-generic x86_64","15.2.0"," -O3 -DNDEBUG -DPITO_ECS_OWNED_DELETE_ATOMIC=1",32,100000,pito,owned_update,ecs_get,2,0,6,35.395034
khanvm1,"AMD EPYC-Milan Processor",32,"Linux 7.0.0-27-generic x86_64","15.2.0"," -O3 -DNDEBUG -DPITO_ECS_OWNED_DELETE_ATOMIC=1",32,100000,pito,owned_update,ecs_get,2,0,7,35.088111
khanvm1,"AMD EPYC-Milan Processor",32,"Linux 7.0.0-27-generic x86_64","15.2.0"," -O3 -DNDEBUG -DPITO_ECS_OWNED_DELETE_ATOMIC=1",32,100000,pito,owned_update,ecs_get,2,0,8,36.820415
khanvm1,"AMD EPYC-Milan Processor",32,"Linux 7.0.0-27-generic x86_64","15.2.0"," -O3 -DNDEBUG -DPITO_ECS_OWNED_DELETE_ATOMIC=1",32,100000,pito,owned_update,ecs_get,2,0,9,34.882980
khanvm1,"AMD EPYC-Milan Processor",32,"Linux 7.0.0-27-generic x86_64","15.2.0"," -O3 -DNDEBUG -DPITO_ECS_OWNED_DELETE_ATOMIC=1",32,100000,pito,owned_update,ecs_get,2,0,10,37.177356
khanvm1,"AMD EPYC-Milan Processor",32,"Linux 7.0.0-27-generic x86_64","15.2.0"," -O3 -DNDEBUG -DPITO_ECS_OWNED_DELETE_ATOMIC=1",32,100000,pito,owned_update,ecs_get,2,0,11,35.468964
khanvm1,"AMD EPYC-Milan Processor",32,"Linux 7.0.0-27-generic x86_64","15.2.0"," -O3 -DNDEBUG -DPITO_ECS_OWNED_DELETE_ATOMIC=1",32,100000,pito,owned_update,ecs_get,2,10,1,50.417431
khanvm1,"AMD EPYC-Milan Processor",32,"Linux 7.0.0-27-generic x86_64","15.2.0"," -O3 -DNDEBUG -DPITO_ECS_OWNED_DELETE_ATOMIC=1",32,100000,pito,owned_update,ecs_get,2,10,2,54.818562
khanvm1,"AMD EPYC-Milan Processor",32,"Linux 7.0.0-27-generic x86_64","15.2.0"," -O3 -DNDEBUG -DPITO_ECS_OWNED_DELETE_ATOMIC=1",32,100000,pito,owned_update,ecs_get,2,10,3,54.277179
khanvm1,"AMD EPYC-Milan Processor",32,"Linux 7.0.0-27-generic x86_64","15.2.0"," -O3 -DNDEBUG -DPITO_ECS_OWNED_DELETE_ATOMIC=1",32,100000,pito,owned_update,ecs_get,2,10,4,55.129065
khanvm1,"AMD EPYC-Milan Processor",32,"Linux 7.0.0-27-generic x86_64","15.2.0"," -O3 -DNDEBUG -DPITO_ECS_OWNED_DELETE_ATOMIC=1",32,100000,pito,owned_update,ecs_get,2,10,5,56.433393
khanvm1,"AMD EPYC-Milan Processor",32,"Linux 7.0.0-27-generic x86_64","15.2.0"," -O3 -DNDEBUG -DPITO_ECS_OWNED_DELETE_ATOMIC=1",32,100000,pito,owned_update,ecs_get,2,10,6,55.853360
khanvm1,"AMD EPYC-Milan Processor",32,"Linux 7.0.0-27-generic x86_64","15.2.0"," -O3 -DNDEBUG -DPITO_ECS_OWNED_DELETE_ATOMIC=1",32,100000,pito,owned_update,ecs_get,2,10,7,52.429504
khanvm1,"AMD EPYC-Milan Processor",32,"Linux 7.0.0-27-generic x86_64","15.2.0"," -O3 -DNDEBUG -DPITO_ECS_OWNED_DELETE_ATOMIC=1",32,100000,pito,owned_update,ecs_get,2,10,8,53.755235
khanvm1,"AMD EPYC-Milan Processor",32,"Linux 7.0.0-27-generic x86_64","15.2.0"," -O3 -DNDEBUG -DPITO_ECS_OWNED_DELETE_ATOMIC=1",32,100000,pito,owned_update,ecs_get,2,10,9,54.342249
khanvm1,"AMD EPYC-Milan Processor",32,"Linux 7.0.0-27-generic x86_64","15.2.0"," -O3 -DNDEBUG -DPITO_ECS_OWNED_DELETE_ATOMIC=1",32,100000,pito,owned_update,ecs_get,2,10,10,53.771625
khanvm1,"AMD EPYC-Milan Processor",32,"Linux 7.0.0-27-generic x86_64","15.2.0"," -O3 -DNDEBUG -DPITO_ECS_OWNED_DELETE_ATOMIC=1",32,100000,pito,owned_update,ecs_get,2,10,11,52.621648
khanvm1,"AMD EPYC-Milan Processor",32,"Linux 7.0.0-27-generic x86_64","15.2.0"," -O3 -DNDEBUG -DPITO_ECS_OWNED_DELETE_ATOMIC=1",32,100000,pito,owned_update,ecs_get,2,500,1,1533.267183
khanvm1,"AMD EPYC-Milan Processor",32,"Linux 7.0.0-27-generic x86_64","15.2.0"," -O3 -DNDEBUG -DPITO_ECS_OWNED_DELETE_ATOMIC=1",32,100000,pito,owned_update,ecs_get,2,500,2,1532.880970
khanvm1,"AMD EPYC-Milan Processor",32,"Linux 7.0.0-27-generic x86_64","15.2.0"," -O3 -DNDEBUG -DPITO_ECS_OWNED_DELETE_ATOMIC=1",32,100000,pito,owned_update,ecs_get,2,500,3,1533.228794
khanvm1,"AMD EPYC-Milan Processor",32,"Linux 7.0.0-27-generic x86_64","15.2.0"," -O3 -DNDEBUG -DPITO_ECS_OWNED_DELETE_ATOMIC=1",32,100000,pito,owned_update,ecs_get,2,500,4,1532.817050
khanvm1,"AMD EPYC-Milan Processor",32,"Linux 7.0.0-27-generic x86_64","15.2.0"," -O3 -DNDEBUG -DPITO_ECS_OWNED_DELETE_ATOMIC=1",32,100000,pito,owned_update,ecs_get,2,500,5,1532.484928
khanvm1,"AMD EPYC-Milan Processor",32,"Linux 7.0.0-27-generic x86_64","15.2.0"," -O3 -DNDEBUG -DPITO_ECS_OWNED_DELETE_ATOMIC=1",32,100000,pito,owned_update,ecs_get,2,500,6,1532.133016
khanvm1,"AMD EPYC-Milan Processor",32,"Linux 7.0.0-27-generic x86_64","15.2.0"," -O3 -DNDEBUG -DPITO_ECS_OWNED_DELETE_ATOMIC=1",32,100000,pito,owned_update,ecs_get,2,500,7,1537.348772
khanvm1,"AMD EPYC-Milan Processor",32,"Linux 7.0.0-27-generic x86_64","15.2.0"," -O3 -DNDEBUG -DPITO_ECS_OWNED_DELETE_ATOMIC=1",32,100000,pito,owned_update,ecs_get,2,500,8,1532.783970
khanvm1,"AMD EPYC-Milan Processor",32,"Linux 7.0.0-27-generic x86_64","15.2.0"," -O3 -DNDEBUG -DPITO_ECS_OWNED_DELETE_ATOMIC=1",32,100000,pito,owned_update,ecs_get,2,500,9,1536.801959
khanvm1,"AMD EPYC-Milan Processor",32,"Linux 7.0.0-27-generic x86_64","15.2.0"," -O3 -DNDEBUG -DPITO_ECS_OWNED_DELETE_ATOMIC=1",32,100000,pito,owned_update,ecs_get,2,500,10,1532.580208
khanvm1,"AMD EPYC-Milan Processor",32,"Linux 7.0.0-27-generic x86_64","15.2.0"," -O3 -DNDEBUG -DPITO_ECS_OWNED_DELETE_ATOMIC=1",32,100000,pito,owned_update,ecs_get,4,0,1,21.588685
khanvm1,"AMD EPYC-Milan Processor",32,"Linux 7.0.0-27-generic x86_64","15.2.0"," -O3 -DNDEBUG -DPITO_ECS_OWNED_DELETE_ATOMIC=1",32,100000,pito,owned_update,ecs_get,4,0,2,15.878384
khanvm1,"AMD EPYC-Milan Processor",32,"Linux 7.0.0-27-generic x86_64","15.2.0"," -O3 -DNDEBUG -DPITO_ECS_OWNED_DELETE_ATOMIC=1",32,100000,pito,owned_update,ecs_get,4,0,3,15.688652
khanvm1,"AMD EPYC-Milan Processor",32,"Linux 7.0.0-27-generic x86_64","15.2.0"," -O3 -DNDEBUG -DPITO_ECS_OWNED_DELETE_ATOMIC=1",32,100000,pito,owned_update,ecs_get,4,0,4,15.091008
khanvm1,"AMD EPYC-Milan Processor",32,"Linux 7.0.0-27-generic x86_64","15.2.0"," -O3 -DNDEBUG -DPITO_ECS_OWNED_DELETE_ATOMIC=1",32,100000,pito,owned_update,ecs_get,4,0,5,16.359577
khanvm1,"AMD EPYC-Milan Processor",32,"Linux 7.0.0-27-generic x86_64","15.2.0"," -O3 -DNDEBUG -DPITO_ECS_OWNED_DELETE_ATOMIC=1",32,100000,pito,owned_update,ecs_get,4,0,6,15.004707
khanvm1,"AMD EPYC-Milan Processor",32,"Linux 7.0.0-27-generic x86_64","15.2.0"," -O3 -DNDEBUG -DPITO_ECS_OWNED_DELETE_ATOMIC=1",32,100000,pito,owned_update,ecs_get,4,0,7,17.004071
khanvm1,"AMD EPYC-Milan Processor",32,"Linux 7.0.0-27-generic x86_64","15.2.0"," -O3 -DNDEBUG -DPITO_ECS_OWNED_DELETE_ATOMIC=1",32,100000,pito,owned_update,ecs_get,4,0,8,13.094752
khanvm1,"AMD EPYC-Milan Processor",32,"Linux 7.0.0-27-generic x86_64","15.2.0"," -O3 -DNDEBUG -DPITO_ECS_OWNED_DELETE_ATOMIC=1",32,100000,pito,owned_update,ecs_get,4,0,9,16.615440
khanvm1,"AMD EPYC-Milan Processor",32,"Linux 7.0.0-27-generic x86_64","15.2.0"," -O3 -DNDEBUG -DPITO_ECS_OWNED_DELETE_ATOMIC=1",32,100000,pito,owned_update,ecs_get,4,0,10,15.024657
khanvm1,"AMD EPYC-Milan Processor",32,"Linux 7.0.0-27-generic x86_64","15.2.0"," -O3 -DNDEBUG -DPITO_ECS_OWNED_DELETE_ATOMIC=1",32,100000,pito,owned_update,ecs_get,4,0,11,14.394133
khanvm1,"AMD EPYC-Milan Processor",32,"Linux 7.0.0-27-generic x86_64","15.2.0"," -O3 -DNDEBUG -DPITO_ECS_OWNED_DELETE_ATOMIC=1",32,100000,pito,owned_update,ecs_get,4,0,12,20.465087
khanvm1,"AMD EPYC-Milan Processor",32,"Linux 7.0.0-27-generic x86_64","15.2.0"," -O3 -DNDEBUG -DPITO_ECS_OWNED_DELETE_ATOMIC=1",32,100000,pito,owned_update,ecs_get,4,0,13,15.728592
khanvm1,"AMD EPYC-Milan Processor",32,"Linux 7.0.0-27-generic x86_64","15.2.0"," -O3 -DNDEBUG -DPITO_ECS_OWNED_DELETE_ATOMIC=1",32,100000,pito,owned_update,ecs_get,4,0,14,14.751725
khanvm1,"AMD EPYC-Milan Processor",32,"Linux 7.0.0-27-generic x86_64","15.2.0"," -O3 -DNDEBUG -DPITO_ECS_OWNED_DELETE_ATOMIC=1",32,100000,pito,owned_update,ecs_get,4,0,15,14.737966
khanvm1,"AMD EPYC-Milan Processor",32,"Linux 7.0.0-27-generic x86_64","15.2.0"," -O3 -DNDEBUG -DPITO_ECS_OWNED_DELETE_ATOMIC=1",32,100000,pito,owned_update,ecs_get,4,0,16,16.317757
khanvm1,"AMD EPYC-Milan Processor",32,"Linux 7.0.0-27-generic x86_64","15.2.0"," -O3 -DNDEBUG -DPITO_ECS_OWNED_DELETE_ATOMIC=1",32,100000,pito,owned_update,ecs_get,4,0,17,16.550688
khanvm1,"AMD EPYC-Milan Processor",32,"Linux 7.0.0-27-generic x86_64","15.2.0"," -O3 -DNDEBUG -DPITO_ECS_OWNED_DELETE_ATOMIC=1",32,100000,pito,owned_update,ecs_get,4,0,18,16.623990
khanvm1,"AMD EPYC-Milan Processor",32,"Linux 7.0.0-27-generic x86_64","15.2.0"," -O3 -DNDEBUG -DPITO_ECS_OWNED_DELETE_ATOMIC=1",32,100000,pito,owned_update,ecs_get,4,0,19,15.132909
khanvm1,"AMD EPYC-Milan Processor",32,"Linux 7.0.0-27-generic x86_64","15.2.0"," -O3 -DNDEBUG -DPITO_ECS_OWNED_DELETE_ATOMIC=1",32,100000,pito,owned_update,ecs_get,4,0,20,16.486478
khanvm1,"AMD EPYC-Milan Processor",32,"Linux 7.0.0-27-generic x86_64","15.2.0"," -O3 -DNDEBUG -DPITO_ECS_OWNED_DELETE_ATOMIC=1",32,100000,pito,owned_update,ecs_get,4,0,21,16.305727
khanvm1,"AMD EPYC-Milan Processor",32,"Linux 7.0.0-27-generic x86_64","15.2.0"," -O3 -DNDEBUG -DPITO_ECS_OWNED_DELETE_ATOMIC=1",32,100000,pito,owned_update,ecs_get,4,0,22,16.554188
khanvm1,"AMD EPYC-Milan Processor",32,"Linux 7.0.0-27-generic x86_64","15.2.0"," -O3 -DNDEBUG -DPITO_ECS_OWNED_DELETE_ATOMIC=1",32,100000,pito,owned_update,ecs_get,4,0,23,16.928223
khanvm1,"AMD EPYC-Milan Processor",32,"Linux 7.0.0-27-generic x86_64","15.2.0"," -O3 -DNDEBUG -DPITO_ECS_OWNED_DELETE_ATOMIC=1",32,100000,pito,owned_update,ecs_get,4,0,24,16.900970
khanvm1,"AMD EPYC-Milan Processor",32,"Linux 7.0.0-27-generic x86_64","15.2.0"," -O3 -DNDEBUG -DPITO_ECS_OWNED_DELETE_ATOMIC=1",32,100000,pito,owned_update,ecs_get,4,0,25,15.816494
khanvm1,"AMD EPYC-Milan Processor",32,"Linux 7.0.0-27-generic x86_64","15.2.0"," -O3 -DNDEBUG -DPITO_ECS_OWNED_DELETE_ATOMIC=1",32,100000,pito,owned_update,ecs_get,4,0,26,15.366631
khanvm1,"AMD EPYC-Milan Processor",32,"Linux 7.0.0-27-generic x86_64","15.2.0"," -O3 -DNDEBUG -DPITO_ECS_OWNED_DELETE_ATOMIC=1",32,100000,pito,owned_update,ecs_get,4,0,27,15.799194
khanvm1,"AMD EPYC-Milan Processor",32,"Linux 7.0.0-27-generic x86_64","15.2.0"," -O3 -DNDEBUG -DPITO_ECS_OWNED_DELETE_ATOMIC=1",32,100000,pito,owned_update,ecs_get,4,10,1,25.789554
khanvm1,"AMD EPYC-Milan Processor",32,"Linux 7.0.0-27-generic x86_64","15.2.0"," -O3 -DNDEBUG -DPITO_ECS_OWNED_DELETE_ATOMIC=1",32,100000,pito,owned_update,ecs_get,4,10,2,25.075850
khanvm1,"AMD EPYC-Milan Processor",32,"Linux 7.0.0-27-generic x86_64","15.2.0"," -O3 -DNDEBUG -DPITO_ECS_OWNED_DELETE_ATOMIC=1",32,100000,pito,owned_update,ecs_get,4,10,3,27.948521
khanvm1,"AMD EPYC-Milan Processor",32,"Linux 7.0.0-27-generic x86_64","15.2.0"," -O3 -DNDEBUG -DPITO_ECS_OWNED_DELETE_ATOMIC=1",32,100000,pito,owned_update,ecs_get,4,10,4,22.485851
khanvm1,"AMD EPYC-Milan Processor",32,"Linux 7.0.0-27-generic x86_64","15.2.0"," -O3 -DNDEBUG -DPITO_ECS_OWNED_DELETE_ATOMIC=1",32,100000,pito,owned_update,ecs_get,4,10,5,26.646591
khanvm1,"AMD EPYC-Milan Processor",32,"Linux 7.0.0-27-generic x86_64","15.2.0"," -O3 -DNDEBUG -DPITO_ECS_OWNED_DELETE_ATOMIC=1",32,100000,pito,owned_update,ecs_get,4,10,6,28.754116
khanvm1,"AMD EPYC-Milan Processor",32,"Linux 7.0.0-27-generic x86_64","15.2.0"," -O3 -DNDEBUG -DPITO_ECS_OWNED_DELETE_ATOMIC=1",32,100000,pito,owned_update,ecs_get,4,10,7,26.808454
khanvm1,"AMD EPYC-Milan Processor",32,"Linux 7.0.0-27-generic x86_64","15.2.0"," -O3 -DNDEBUG -DPITO_ECS_OWNED_DELETE_ATOMIC=1",32,100000,pito,owned_update,ecs_get,4,10,8,24.684388
khanvm1,"AMD EPYC-Milan Processor",32,"Linux 7.0.0-27-generic x86_64","15.2.0"," -O3 -DNDEBUG -DPITO_ECS_OWNED_DELETE_ATOMIC=1",32,100000,pito,owned_update,ecs_get,4,10,9,29.135359
khanvm1,"AMD EPYC-Milan Processor",32,"Linux 7.0.0-27-generic x86_64","15.2.0"," -O3 -DNDEBUG -DPITO_ECS_OWNED_DELETE_ATOMIC=1",32,100000,pito,owned_update,ecs_get,4,10,10,27.384976
khanvm1,"AMD EPYC-Milan Processor",32,"Linux 7.0.0-27-generic x86_64","15.2.0"," -O3 -DNDEBUG -DPITO_ECS_OWNED_DELETE_ATOMIC=1",32,100000,pito,owned_update,ecs_get,4,10,11,25.385521
khanvm1,"AMD EPYC-Milan Processor",32,"Linux 7.0.0-27-generic x86_64","15.2.0"," -O3 -DNDEBUG -DPITO_ECS_OWNED_DELETE_ATOMIC=1",32,100000,pito,owned_update,ecs_get,4,10,12,26.240768
khanvm1,"AMD EPYC-Milan Processor",32,"Linux 7.0.0-27-generic x86_64","15.2.0"," -O3 -DNDEBUG -DPITO_ECS_OWNED_DELETE_ATOMIC=1",32,100000,pito,owned_update,ecs_get,4,10,13,26.071518
khanvm1,"AMD EPYC-Milan Processor",32,"Linux 7.0.0-27-generic x86_64","15.2.0"," -O3 -DNDEBUG -DPITO_ECS_OWNED_DELETE_ATOMIC=1",32,100000,pito,owned_update,ecs_get,4,10,14,25.714554
khanvm1,"AMD EPYC-Milan Processor",32,"Linux 7.0.0-27-generic x86_64","15.2.0"," -O3 -DNDEBUG -DPITO_ECS_OWNED_DELETE_ATOMIC=1",32,100000,pito,owned_update,ecs_get,4,10,15,27.052634
khanvm1,"AMD EPYC-Milan Processor",32,"Linux 7.0.0-27-generic x86_64","15.2.0"," -O3 -DNDEBUG -DPITO_ECS_OWNED_DELETE_ATOMIC=1",32,100000,pito,owned_update,ecs_get,4,10,16,29.071337
khanvm1,"AMD EPYC-Milan Processor",32,"Linux 7.0.0-27-generic x86_64","15.2.0"," -O3 -DNDEBUG -DPITO_ECS_OWNED_DELETE_ATOMIC=1",32,100000,pito,owned_update,ecs_get,4,10,17,22.528601
khanvm1,"AMD EPYC-Milan Processor",32,"Linux 7.0.0-27-generic x86_64","15.2.0"," -O3 -DNDEBUG -DPITO_ECS_OWNED_DELETE_ATOMIC=1",32,100000,pito,owned_update,ecs_get,4,10,18,26.352289
khanvm1,"AMD EPYC-Milan Processor",32,"Linux 7.0.0-27-generic x86_64","15.2.0"," -O3 -DNDEBUG -DPITO_ECS_OWNED_DELETE_ATOMIC=1",32,100000,pito,owned_update,ecs_get,4,10,19,24.376966
khanvm1,"AMD EPYC-Milan Processor",32,"Linux 7.0.0-27-generic x86_64","15.2.0"," -O3 -DNDEBUG -DPITO_ECS_OWNED_DELETE_ATOMIC=1",32,100000,pito,owned_update,ecs_get,4,500,1,802.908961
khanvm1,"AMD EPYC-Milan Processor",32,"Linux 7.0.0-27-generic x86_64","15.2.0"," -O3 -DNDEBUG -DPITO_ECS_OWNED_DELETE_ATOMIC=1",32,100000,pito,owned_update,ecs_get,4,500,2,802.367248
khanvm1,"AMD EPYC-Milan Processor",32,"Linux 7.0.0-27-generic x86_64","15.2.0"," -O3 -DNDEBUG -DPITO_ECS_OWNED_DELETE_ATOMIC=1",32,100000,pito,owned_update,ecs_get,4,500,3,802.736821
khanvm1,"AMD EPYC-Milan Processor",32,"Linux 7.0.0-27-generic x86_64","15.2.0"," -O3 -DNDEBUG -DPITO_ECS_OWNED_DELETE_ATOMIC=1",32,100000,pito,owned_update,ecs_get,4,500,4,802.338986
khanvm1,"AMD EPYC-Milan Processor",32,"Linux 7.0.0-27-generic x86_64","15.2.0"," -O3 -DNDEBUG -DPITO_ECS_OWNED_DELETE_ATOMIC=1",32,100000,pito,owned_update,ecs_get,4,500,5,802.456638
khanvm1,"AMD EPYC-Milan Processor",32,"Linux 7.0.0-27-generic x86_64","15.2.0"," -O3 -DNDEBUG -DPITO_ECS_OWNED_DELETE_ATOMIC=1",32,100000,pito,owned_update,ecs_get,4,500,6,804.439061
khanvm1,"AMD EPYC-Milan Processor",32,"Linux 7.0.0-27-generic x86_64","15.2.0"," -O3 -DNDEBUG -DPITO_ECS_OWNED_DELETE_ATOMIC=1",32,100000,pito,owned_update,ecs_get,4,500,7,802.271707
khanvm1,"AMD EPYC-Milan Processor",32,"Linux 7.0.0-27-generic x86_64","15.2.0"," -O3 -DNDEBUG -DPITO_ECS_OWNED_DELETE_ATOMIC=1",32,100000,pito,owned_update,ecs_get,4,500,8,802.614589
khanvm1,"AMD EPYC-Milan Processor",32,"Linux 7.0.0-27-generic x86_64","15.2.0"," -O3 -DNDEBUG -DPITO_ECS_OWNED_DELETE_ATOMIC=1",32,100000,pito,owned_update,ecs_get,4,500,9,800.899457
khanvm1,"AMD EPYC-Milan Processor",32,"Linux 7.0.0-27-generic x86_64","15.2.0"," -O3 -DNDEBUG -DPITO_ECS_OWNED_DELETE_ATOMIC=1",32,100000,pito,owned_update,ecs_get,4,500,10,801.136439
khanvm1,"AMD EPYC-Milan Processor",32,"Linux 7.0.0-27-generic x86_64","15.2.0"," -O3 -DNDEBUG -DPITO_ECS_OWNED_DELETE_ATOMIC=1",32,100000,pito,owned_update,ecs_get,8,0,1,29.786464
khanvm1,"AMD EPYC-Milan Processor",32,"Linux 7.0.0-27-generic x86_64","15.2.0"," -O3 -DNDEBUG -DPITO_ECS_OWNED_DELETE_ATOMIC=1",32,100000,pito,owned_update,ecs_get,8,0,2,29.352031
khanvm1,"AMD EPYC-Milan Processor",32,"Linux 7.0.0-27-generic x86_64","15.2.0"," -O3 -DNDEBUG -DPITO_ECS_OWNED_DELETE_ATOMIC=1",32,100000,pito,owned_update,ecs_get,8,0,3,27.612897
khanvm1,"AMD EPYC-Milan Processor",32,"Linux 7.0.0-27-generic x86_64","15.2.0"," -O3 -DNDEBUG -DPITO_ECS_OWNED_DELETE_ATOMIC=1",32,100000,pito,owned_update,ecs_get,8,0,4,27.851859
khanvm1,"AMD EPYC-Milan Processor",32,"Linux 7.0.0-27-generic x86_64","15.2.0"," -O3 -DNDEBUG -DPITO_ECS_OWNED_DELETE_ATOMIC=1",32,100000,pito,owned_update,ecs_get,8,0,5,27.646907
khanvm1,"AMD EPYC-Milan Processor",32,"Linux 7.0.0-27-generic x86_64","15.2.0"," -O3 -DNDEBUG -DPITO_ECS_OWNED_DELETE_ATOMIC=1",32,100000,pito,owned_update,ecs_get,8,0,6,27.800879
khanvm1,"AMD EPYC-Milan Processor",32,"Linux 7.0.0-27-generic x86_64","15.2.0"," -O3 -DNDEBUG -DPITO_ECS_OWNED_DELETE_ATOMIC=1",32,100000,pito,owned_update,ecs_get,8,0,7,26.395389
khanvm1,"AMD EPYC-Milan Processor",32,"Linux 7.0.0-27-generic x86_64","15.2.0"," -O3 -DNDEBUG -DPITO_ECS_OWNED_DELETE_ATOMIC=1",32,100000,pito,owned_update,ecs_get,8,0,8,27.288865
khanvm1,"AMD EPYC-Milan Processor",32,"Linux 7.0.0-27-generic x86_64","15.2.0"," -O3 -DNDEBUG -DPITO_ECS_OWNED_DELETE_ATOMIC=1",32,100000,pito,owned_update,ecs_get,8,0,9,25.893736
khanvm1,"AMD EPYC-Milan Processor",32,"Linux 7.0.0-27-generic x86_64","15.2.0"," -O3 -DNDEBUG -DPITO_ECS_OWNED_DELETE_ATOMIC=1",32,100000,pito,owned_update,ecs_get,8,0,10,26.866262
khanvm1,"AMD EPYC-Milan Processor",32,"Linux 7.0.0-27-generic x86_64","15.2.0"," -O3 -DNDEBUG -DPITO_ECS_OWNED_DELETE_ATOMIC=1",32,100000,pito,owned_update,ecs_get,8,0,11,29.092569
khanvm1,"AMD EPYC-Milan Processor",32,"Linux 7.0.0-27-generic x86_64","15.2.0"," -O3 -DNDEBUG -DPITO_ECS_OWNED_DELETE_ATOMIC=1",32,100000,pito,owned_update,ecs_get,8,0,12,27.136256
khanvm1,"AMD EPYC-Milan Processor",32,"Linux 7.0.0-27-generic x86_64","15.2.0"," -O3 -DNDEBUG -DPITO_ECS_OWNED_DELETE_ATOMIC=1",32,100000,pito,owned_update,ecs_get,8,0,13,28.934607
khanvm1,"AMD EPYC-Milan Processor",32,"Linux 7.0.0-27-generic x86_64","15.2.0"," -O3 -DNDEBUG -DPITO_ECS_OWNED_DELETE_ATOMIC=1",32,100000,pito,owned_update,ecs_get,8,0,14,28.942867
khanvm1,"AMD EPYC-Milan Processor",32,"Linux 7.0.0-27-generic x86_64","15.2.0"," -O3 -DNDEBUG -DPITO_ECS_OWNED_DELETE_ATOMIC=1",32,100000,pito,owned_update,ecs_get,8,10,1,27.939820
khanvm1,"AMD EPYC-Milan Processor",32,"Linux 7.0.0-27-generic x86_64","15.2.0"," -O3 -DNDEBUG -DPITO_ECS_OWNED_DELETE_ATOMIC=1",32,100000,pito,owned_update,ecs_get,8,10,2,27.085354
khanvm1,"AMD EPYC-Milan Processor",32,"Linux 7.0.0-27-generic x86_64","15.2.0"," -O3 -DNDEBUG -DPITO_ECS_OWNED_DELETE_ATOMIC=1",32,100000,pito,owned_update,ecs_get,8,10,3,26.782553
khanvm1,"AMD EPYC-Milan Processor",32,"Linux 7.0.0-27-generic x86_64","15.2.0"," -O3 -DNDEBUG -DPITO_ECS_OWNED_DELETE_ATOMIC=1",32,100000,pito,owned_update,ecs_get,8,10,4,26.891092
khanvm1,"AMD EPYC-Milan Processor",32,"Linux 7.0.0-27-generic x86_64","15.2.0"," -O3 -DNDEBUG -DPITO_ECS_OWNED_DELETE_ATOMIC=1",32,100000,pito,owned_update,ecs_get,8,10,5,26.532909
khanvm1,"AMD EPYC-Milan Processor",32,"Linux 7.0.0-27-generic x86_64","15.2.0"," -O3 -DNDEBUG -DPITO_ECS_OWNED_DELETE_ATOMIC=1",32,100000,pito,owned_update,ecs_get,8,10,6,27.411985
khanvm1,"AMD EPYC-Milan Processor",32,"Linux 7.0.0-27-generic x86_64","15.2.0"," -O3 -DNDEBUG -DPITO_ECS_OWNED_DELETE_ATOMIC=1",32,100000,pito,owned_update,ecs_get,8,10,7,27.513127
khanvm1,"AMD EPYC-Milan Processor",32,"Linux 7.0.0-27-generic x86_64","15.2.0"," -O3 -DNDEBUG -DPITO_ECS_OWNED_DELETE_ATOMIC=1",32,100000,pito,owned_update,ecs_get,8,10,8,20.870571
khanvm1,"AMD EPYC-Milan Processor",32,"Linux 7.0.0-27-generic x86_64","15.2.0"," -O3 -DNDEBUG -DPITO_ECS_OWNED_DELETE_ATOMIC=1",32,100000,pito,owned_update,ecs_get,8,10,9,30.459739
khanvm1,"AMD EPYC-Milan Processor",32,"Linux 7.0.0-27-generic x86_64","15.2.0"," -O3 -DNDEBUG -DPITO_ECS_OWNED_DELETE_ATOMIC=1",32,100000,pito,owned_update,ecs_get,8,10,10,28.687555
khanvm1,"AMD EPYC-Milan Processor",32,"Linux 7.0.0-27-generic x86_64","15.2.0"," -O3 -DNDEBUG -DPITO_ECS_OWNED_DELETE_ATOMIC=1",32,100000,pito,owned_update,ecs_get,8,10,11,28.508574
khanvm1,"AMD EPYC-Milan Processor",32,"Linux 7.0.0-27-generic x86_64","15.2.0"," -O3 -DNDEBUG -DPITO_ECS_OWNED_DELETE_ATOMIC=1",32,100000,pito,owned_update,ecs_get,8,500,1,427.956277
khanvm1,"AMD EPYC-Milan Processor",32,"Linux 7.0.0-27-generic x86_64","15.2.0"," -O3 -DNDEBUG -DPITO_ECS_OWNED_DELETE_ATOMIC=1",32,100000,pito,owned_update,ecs_get,8,500,2,429.459776
khanvm1,"AMD EPYC-Milan Processor",32,"Linux 7.0.0-27-generic x86_64","15.2.0"," -O3 -DNDEBUG -DPITO_ECS_OWNED_DELETE_ATOMIC=1",32,100000,pito,owned_update,ecs_get,8,500,3,428.624599
khanvm1,"AMD EPYC-Milan Processor",32,"Linux 7.0.0-27-generic x86_64","15.2.0"," -O3 -DNDEBUG -DPITO_ECS_OWNED_DELETE_ATOMIC=1",32,100000,pito,owned_update,ecs_get,8,500,4,428.688499
khanvm1,"AMD EPYC-Milan Processor",32,"Linux 7.0.0-27-generic x86_64","15.2.0"," -O3 -DNDEBUG -DPITO_ECS_OWNED_DELETE_ATOMIC=1",32,100000,pito,owned_update,ecs_get,8,500,5,428.092436
khanvm1,"AMD EPYC-Milan Processor",32,"Linux 7.0.0-27-generic x86_64","15.2.0"," -O3 -DNDEBUG -DPITO_ECS_OWNED_DELETE_ATOMIC=1",32,100000,pito,owned_update,ecs_get,8,500,6,428.181427
khanvm1,"AMD EPYC-Milan Processor",32,"Linux 7.0.0-27-generic x86_64","15.2.0"," -O3 -DNDEBUG -DPITO_ECS_OWNED_DELETE_ATOMIC=1",32,100000,pito,owned_update,ecs_get,8,500,7,428.535379
khanvm1,"AMD EPYC-Milan Processor",32,"Linux 7.0.0-27-generic x86_64","15.2.0"," -O3 -DNDEBUG -DPITO_ECS_OWNED_DELETE_ATOMIC=1",32,100000,pito,owned_update,ecs_get,8,500,8,428.495277
khanvm1,"AMD EPYC-Milan Processor",32,"Linux 7.0.0-27-generic x86_64","15.2.0"," -O3 -DNDEBUG -DPITO_ECS_OWNED_DELETE_ATOMIC=1",32,100000,pito,owned_update,ecs_get,8,500,9,428.285500
khanvm1,"AMD EPYC-Milan Processor",32,"Linux 7.0.0-27-generic x86_64","15.2.0"," -O3 -DNDEBUG -DPITO_ECS_OWNED_DELETE_ATOMIC=1",32,100000,pito,owned_update,ecs_get,8,500,10,429.177914
khanvm1,"AMD EPYC-Milan Processor",32,"Linux 7.0.0-27-generic x86_64","15.2.0"," -O3 -DNDEBUG -DPITO_ECS_OWNED_DELETE_ATOMIC=1",32,100000,pito,owned_update,ecs_get,16,0,1,8.592142
khanvm1,"AMD EPYC-Milan Processor",32,"Linux 7.0.0-27-generic x86_64","15.2.0"," -O3 -DNDEBUG -DPITO_ECS_OWNED_DELETE_ATOMIC=1",32,100000,pito,owned_update,ecs_get,16,0,2,8.432302
khanvm1,"AMD EPYC-Milan Processor",32,"Linux 7.0.0-27-generic x86_64","15.2.0"," -O3 -DNDEBUG -DPITO_ECS_OWNED_DELETE_ATOMIC=1",32,100000,pito,owned_update,ecs_get,16,0,3,8.731724
khanvm1,"AMD EPYC-Milan Processor",32,"Linux 7.0.0-27-generic x86_64","15.2.0"," -O3 -DNDEBUG -DPITO_ECS_OWNED_DELETE_ATOMIC=1",32,100000,pito,owned_update,ecs_get,16,0,4,8.771003
khanvm1,"AMD EPYC-Milan Processor",32,"Linux 7.0.0-27-generic x86_64","15.2.0"," -O3 -DNDEBUG -DPITO_ECS_OWNED_DELETE_ATOMIC=1",32,100000,pito,owned_update,ecs_get,16,0,5,10.217613
khanvm1,"AMD EPYC-Milan Processor",32,"Linux 7.0.0-27-generic x86_64","15.2.0"," -O3 -DNDEBUG -DPITO_ECS_OWNED_DELETE_ATOMIC=1",32,100000,pito,owned_update,ecs_get,16,0,6,8.128819
khanvm1,"AMD EPYC-Milan Processor",32,"Linux 7.0.0-27-generic x86_64","15.2.0"," -O3 -DNDEBUG -DPITO_ECS_OWNED_DELETE_ATOMIC=1",32,100000,pito,owned_update,ecs_get,16,0,7,8.516081
khanvm1,"AMD EPYC-Milan Processor",32,"Linux 7.0.0-27-generic x86_64","15.2.0"," -O3 -DNDEBUG -DPITO_ECS_OWNED_DELETE_ATOMIC=1",32,100000,pito,owned_update,ecs_get,16,0,8,8.096988
khanvm1,"AMD EPYC-Milan Processor",32,"Linux 7.0.0-27-generic x86_64","15.2.0"," -O3 -DNDEBUG -DPITO_ECS_OWNED_DELETE_ATOMIC=1",32,100000,pito,owned_update,ecs_get,16,0,9,8.464931
khanvm1,"AMD EPYC-Milan Processor",32,"Linux 7.0.0-27-generic x86_64","15.2.0"," -O3 -DNDEBUG -DPITO_ECS_OWNED_DELETE_ATOMIC=1",32,100000,pito,owned_update,ecs_get,16,0,10,8.194340
khanvm1,"AMD EPYC-Milan Processor",32,"Linux 7.0.0-27-generic x86_64","15.2.0"," -O3 -DNDEBUG -DPITO_ECS_OWNED_DELETE_ATOMIC=1",32,100000,pito,owned_update,ecs_get,16,0,11,8.008877
khanvm1,"AMD EPYC-Milan Processor",32,"Linux 7.0.0-27-generic x86_64","15.2.0"," -O3 -DNDEBUG -DPITO_ECS_OWNED_DELETE_ATOMIC=1",32,100000,pito,owned_update,ecs_get,16,10,1,10.792718
khanvm1,"AMD EPYC-Milan Processor",32,"Linux 7.0.0-27-generic x86_64","15.2.0"," -O3 -DNDEBUG -DPITO_ECS_OWNED_DELETE_ATOMIC=1",32,100000,pito,owned_update,ecs_get,16,10,2,12.005998
khanvm1,"AMD EPYC-Milan Processor",32,"Linux 7.0.0-27-generic x86_64","15.2.0"," -O3 -DNDEBUG -DPITO_ECS_OWNED_DELETE_ATOMIC=1",32,100000,pito,owned_update,ecs_get,16,10,3,11.501272
khanvm1,"AMD EPYC-Milan Processor",32,"Linux 7.0.0-27-generic x86_64","15.2.0"," -O3 -DNDEBUG -DPITO_ECS_OWNED_DELETE_ATOMIC=1",32,100000,pito,owned_update,ecs_get,16,10,4,12.011208
khanvm1,"AMD EPYC-Milan Processor",32,"Linux 7.0.0-27-generic x86_64","15.2.0"," -O3 -DNDEBUG -DPITO_ECS_OWNED_DELETE_ATOMIC=1",32,100000,pito,owned_update,ecs_get,16,10,5,11.937355
khanvm1,"AMD EPYC-Milan Processor",32,"Linux 7.0.0-27-generic x86_64","15.2.0"," -O3 -DNDEBUG -DPITO_ECS_OWNED_DELETE_ATOMIC=1",32,100000,pito,owned_update,ecs_get,16,10,6,12.153788
khanvm1,"AMD EPYC-Milan Processor",32,"Linux 7.0.0-27-generic x86_64","15.2.0"," -O3 -DNDEBUG -DPITO_ECS_OWNED_DELETE_ATOMIC=1",32,100000,pito,owned_update,ecs_get,16,10,7,11.786204
khanvm1,"AMD EPYC-Milan Processor",32,"Linux 7.0.0-27-generic x86_64","15.2.0"," -O3 -DNDEBUG -DPITO_ECS_OWNED_DELETE_ATOMIC=1",32,100000,pito,owned_update,ecs_get,16,10,8,11.617403
khanvm1,"AMD EPYC-Milan Processor",32,"Linux 7.0.0-27-generic x86_64","15.2.0"," -O3 -DNDEBUG -DPITO_ECS_OWNED_DELETE_ATOMIC=1",32,100000,pito,owned_update,ecs_get,16,10,9,11.820225
khanvm1,"AMD EPYC-Milan Processor",32,"Linux 7.0.0-27-generic x86_64","15.2.0"," -O3 -DNDEBUG -DPITO_ECS_OWNED_DELETE_ATOMIC=1",32,100000,pito,owned_update,ecs_get,16,10,10,13.495026
khanvm1,"AMD EPYC-Milan Processor",32,"Linux 7.0.0-27-generic x86_64","15.2.0"," -O3 -DNDEBUG -DPITO_ECS_OWNED_DELETE_ATOMIC=1",32,100000,pito,owned_update,ecs_get,16,10,11,13.347705
khanvm1,"AMD EPYC-Milan Processor",32,"Linux 7.0.0-27-generic x86_64","15.2.0"," -O3 -DNDEBUG -DPITO_ECS_OWNED_DELETE_ATOMIC=1",32,100000,pito,owned_update,ecs_get,16,10,12,12.971784
khanvm1,"AMD EPYC-Milan Processor",32,"Linux 7.0.0-27-generic x86_64","15.2.0"," -O3 -DNDEBUG -DPITO_ECS_OWNED_DELETE_ATOMIC=1",32,100000,pito,owned_update,ecs_get,16,10,13,13.901221
khanvm1,"AMD EPYC-Milan Processor",32,"Linux 7.0.0-27-generic x86_64","15.2.0"," -O3 -DNDEBUG -DPITO_ECS_OWNED_DELETE_ATOMIC=1",32,100000,pito,owned_update,ecs_get,16,10,14,14.617985
khanvm1,"AMD EPYC-Milan Processor",32,"Linux 7.0.0-27-generic x86_64","15.2.0"," -O3 -DNDEBUG -DPITO_ECS_OWNED_DELETE_ATOMIC=1",32,100000,pito,owned_update,ecs_get,16,10,15,13.161255
khanvm1,"AMD EPYC-Milan Processor",32,"Linux 7.0.0-27-generic x86_64","15.2.0"," -O3 -DNDEBUG -DPITO_ECS_OWNED_DELETE_ATOMIC=1",32,100000,pito,owned_update,ecs_get,16,10,16,12.871512
khanvm1,"AMD EPYC-Milan Processor",32,"Linux 7.0.0-27-generic x86_64","15.2.0"," -O3 -DNDEBUG -DPITO_ECS_OWNED_DELETE_ATOMIC=1",32,100000,pito,owned_update,ecs_get,16,10,17,12.620890
khanvm1,"AMD EPYC-Milan Processor",32,"Linux 7.0.0-27-generic x86_64","15.2.0"," -O3 -DNDEBUG -DPITO_ECS_OWNED_DELETE_ATOMIC=1",32,100000,pito,owned_update,ecs_get,16,10,18,14.886827
khanvm1,"AMD EPYC-Milan Processor",32,"Linux 7.0.0-27-generic x86_64","15.2.0"," -O3 -DNDEBUG -DPITO_ECS_OWNED_DELETE_ATOMIC=1",32,100000,pito,owned_update,ecs_get,16,10,19,15.262349
khanvm1,"AMD EPYC-Milan Processor",32,"Linux 7.0.0-27-generic x86_64","15.2.0"," -O3 -DNDEBUG -DPITO_ECS_OWNED_DELETE_ATOMIC=1",32,100000,pito,owned_update,ecs_get,16,10,20,15.575101
khanvm1,"AMD EPYC-Milan Processor",32,"Linux 7.0.0-27-generic x86_64","15.2.0"," -O3 -DNDEBUG -DPITO_ECS_OWNED_DELETE_ATOMIC=1",32,100000,pito,owned_update,ecs_get,16,10,21,14.990198
khanvm1,"AMD EPYC-Milan Processor",32,"Linux 7.0.0-27-generic x86_64","15.2.0"," -O3 -DNDEBUG -DPITO_ECS_OWNED_DELETE_ATOMIC=1",32,100000,pito,owned_update,ecs_get,16,10,22,14.692646
khanvm1,"AMD EPYC-Milan Processor",32,"Linux 7.0.0-27-generic x86_64","15.2.0"," -O3 -DNDEBUG -DPITO_ECS_OWNED_DELETE_ATOMIC=1",32,100000,pito,owned_update,ecs_get,16,10,23,13.628259
khanvm1,"AMD EPYC-Milan Processor",32,"Linux 7.0.0-27-generic x86_64","15.2.0"," -O3 -DNDEBUG -DPITO_ECS_OWNED_DELETE_ATOMIC=1",32,100000,pito,owned_update,ecs_get,16,10,24,13.658447
khanvm1,"AMD EPYC-Milan Processor",32,"Linux 7.0.0-27-generic x86_64","15.2.0"," -O3 -DNDEBUG -DPITO_ECS_OWNED_DELETE_ATOMIC=1",32,100000,pito,owned_update,ecs_get,16,10,25,13.181853
khanvm1,"AMD EPYC-Milan Processor",32,"Linux 7.0.0-27-generic x86_64","15.2.0"," -O3 -DNDEBUG -DPITO_ECS_OWNED_DELETE_ATOMIC=1",32,100000,pito,owned_update,ecs_get,16,10,26,12.807531
khanvm1,"AMD EPYC-Milan Processor",32,"Linux 7.0.0-27-generic x86_64","15.2.0"," -O3 -DNDEBUG -DPITO_ECS_OWNED_DELETE_ATOMIC=1",32,100000,pito,owned_update,ecs_get,16,10,27,13.744827
khanvm1,"AMD EPYC-Milan Processor",32,"Linux 7.0.0-27-generic x86_64","15.2.0"," -O3 -DNDEBUG -DPITO_ECS_OWNED_DELETE_ATOMIC=1",32,100000,pito,owned_update,ecs_get,16,10,28,14.034989
khanvm1,"AMD EPYC-Milan Processor",32,"Linux 7.0.0-27-generic x86_64","15.2.0"," -O3 -DNDEBUG -DPITO_ECS_OWNED_DELETE_ATOMIC=1",32,100000,pito,owned_update,ecs_get,16,10,29,13.955070
khanvm1,"AMD EPYC-Milan Processor",32,"Linux 7.0.0-27-generic x86_64","15.2.0"," -O3 -DNDEBUG -DPITO_ECS_OWNED_DELETE_ATOMIC=1",32,100000,pito,owned_update,ecs_get,16,10,30,13.137863
khanvm1,"AMD EPYC-Milan Processor",32,"Linux 7.0.0-27-generic x86_64","15.2.0"," -O3 -DNDEBUG -DPITO_ECS_OWNED_DELETE_ATOMIC=1",32,100000,pito,owned_update,ecs_get,16,10,31,12.949153
khanvm1,"AMD EPYC-Milan Processor",32,"Linux 7.0.0-27-generic x86_64","15.2.0"," -O3 -DNDEBUG -DPITO_ECS_OWNED_DELETE_ATOMIC=1",32,100000,pito,owned_update,ecs_get,16,500,1,217.365387
khanvm1,"AMD EPYC-Milan Processor",32,"Linux 7.0.0-27-generic x86_64","15.2.0"," -O3 -DNDEBUG -DPITO_ECS_OWNED_DELETE_ATOMIC=1",32,100000,pito,owned_update,ecs_get,16,500,2,217.171805
khanvm1,"AMD EPYC-Milan Processor",32,"Linux 7.0.0-27-generic x86_64","15.2.0"," -O3 -DNDEBUG -DPITO_ECS_OWNED_DELETE_ATOMIC=1",32,100000,pito,owned_update,ecs_get,16,500,3,217.305606
khanvm1,"AMD EPYC-Milan Processor",32,"Linux 7.0.0-27-generic x86_64","15.2.0"," -O3 -DNDEBUG -DPITO_ECS_OWNED_DELETE_ATOMIC=1",32,100000,pito,owned_update,ecs_get,16,500,4,217.269736
khanvm1,"AMD EPYC-Milan Processor",32,"Linux 7.0.0-27-generic x86_64","15.2.0"," -O3 -DNDEBUG -DPITO_ECS_OWNED_DELETE_ATOMIC=1",32,100000,pito,owned_update,ecs_get,16,500,5,217.384327
khanvm1,"AMD EPYC-Milan Processor",32,"Linux 7.0.0-27-generic x86_64","15.2.0"," -O3 -DNDEBUG -DPITO_ECS_OWNED_DELETE_ATOMIC=1",32,100000,pito,owned_update,ecs_get,16,500,6,217.929361
khanvm1,"AMD EPYC-Milan Processor",32,"Linux 7.0.0-27-generic x86_64","15.2.0"," -O3 -DNDEBUG -DPITO_ECS_OWNED_DELETE_ATOMIC=1",32,100000,pito,owned_update,ecs_get,16,500,7,217.556397
khanvm1,"AMD EPYC-Milan Processor",32,"Linux 7.0.0-27-generic x86_64","15.2.0"," -O3 -DNDEBUG -DPITO_ECS_OWNED_DELETE_ATOMIC=1",32,100000,pito,owned_update,ecs_get,16,500,8,225.591686
khanvm1,"AMD EPYC-Milan Processor",32,"Linux 7.0.0-27-generic x86_64","15.2.0"," -O3 -DNDEBUG -DPITO_ECS_OWNED_DELETE_ATOMIC=1",32,100000,pito,owned_update,ecs_get,16,500,9,218.167922
khanvm1,"AMD EPYC-Milan Processor",32,"Linux 7.0.0-27-generic x86_64","15.2.0"," -O3 -DNDEBUG -DPITO_ECS_OWNED_DELETE_ATOMIC=1",32,100000,pito,owned_update,ecs_get,16,500,10,217.810140
khanvm1,"AMD EPYC-Milan Processor",32,"Linux 7.0.0-27-generic x86_64","15.2.0"," -O3 -DNDEBUG -DPITO_ECS_OWNED_DELETE_ATOMIC=1",32,100000,pito,owned_update,ecs_get,32,0,1,9.064456
khanvm1,"AMD EPYC-Milan Processor",32,"Linux 7.0.0-27-generic x86_64","15.2.0"," -O3 -DNDEBUG -DPITO_ECS_OWNED_DELETE_ATOMIC=1",32,100000,pito,owned_update,ecs_get,32,0,2,8.665972
khanvm1,"AMD EPYC-Milan Processor",32,"Linux 7.0.0-27-generic x86_64","15.2.0"," -O3 -DNDEBUG -DPITO_ECS_OWNED_DELETE_ATOMIC=1",32,100000,pito,owned_update,ecs_get,32,0,3,8.802573
khanvm1,"AMD EPYC-Milan Processor",32,"Linux 7.0.0-27-generic x86_64","15.2.0"," -O3 -DNDEBUG -DPITO_ECS_OWNED_DELETE_ATOMIC=1",32,100000,pito,owned_update,ecs_get,32,0,4,8.811354
khanvm1,"AMD EPYC-Milan Processor",32,"Linux 7.0.0-27-generic x86_64","15.2.0"," -O3 -DNDEBUG -DPITO_ECS_OWNED_DELETE_ATOMIC=1",32,100000,pito,owned_update,ecs_get,32,0,5,8.839152
khanvm1,"AMD EPYC-Milan Processor",32,"Linux 7.0.0-27-generic x86_64","15.2.0"," -O3 -DNDEBUG -DPITO_ECS_OWNED_DELETE_ATOMIC=1",32,100000,pito,owned_update,ecs_get,32,0,6,8.768103
khanvm1,"AMD EPYC-Milan Processor",32,"Linux 7.0.0-27-generic x86_64","15.2.0"," -O3 -DNDEBUG -DPITO_ECS_OWNED_DELETE_ATOMIC=1",32,100000,pito,owned_update,ecs_get,32,0,7,8.930374
khanvm1,"AMD EPYC-Milan Processor",32,"Linux 7.0.0-27-generic x86_64","15.2.0"," -O3 -DNDEBUG -DPITO_ECS_OWNED_DELETE_ATOMIC=1",32,100000,pito,owned_update,ecs_get,32,0,8,8.895323
khanvm1,"AMD EPYC-Milan Processor",32,"Linux 7.0.0-27-generic x86_64","15.2.0"," -O3 -DNDEBUG -DPITO_ECS_OWNED_DELETE_ATOMIC=1",32,100000,pito,owned_update,ecs_get,32,0,9,8.757463
khanvm1,"AMD EPYC-Milan Processor",32,"Linux 7.0.0-27-generic x86_64","15.2.0"," -O3 -DNDEBUG -DPITO_ECS_OWNED_DELETE_ATOMIC=1",32,100000,pito,owned_update,ecs_get,32,0,10,8.659112
khanvm1,"AMD EPYC-Milan Processor",32,"Linux 7.0.0-27-generic x86_64","15.2.0"," -O3 -DNDEBUG -DPITO_ECS_OWNED_DELETE_ATOMIC=1",32,100000,pito,owned_update,ecs_get,32,10,1,9.214498
khanvm1,"AMD EPYC-Milan Processor",32,"Linux 7.0.0-27-generic x86_64","15.2.0"," -O3 -DNDEBUG -DPITO_ECS_OWNED_DELETE_ATOMIC=1",32,100000,pito,owned_update,ecs_get,32,10,2,9.428679
khanvm1,"AMD EPYC-Milan Processor",32,"Linux 7.0.0-27-generic x86_64","15.2.0"," -O3 -DNDEBUG -DPITO_ECS_OWNED_DELETE_ATOMIC=1",32,100000,pito,owned_update,ecs_get,32,10,3,9.355327
khanvm1,"AMD EPYC-Milan Processor",32,"Linux 7.0.0-27-generic x86_64","15.2.0"," -O3 -DNDEBUG -DPITO_ECS_OWNED_DELETE_ATOMIC=1",32,100000,pito,owned_update,ecs_get,32,10,4,9.701680
khanvm1,"AMD EPYC-Milan Processor",32,"Linux 7.0.0-27-generic x86_64","15.2.0"," -O3 -DNDEBUG -DPITO_ECS_OWNED_DELETE_ATOMIC=1",32,100000,pito,owned_update,ecs_get,32,10,5,9.966951
khanvm1,"AMD EPYC-Milan Processor",32,"Linux 7.0.0-27-generic x86_64","15.2.0"," -O3 -DNDEBUG -DPITO_ECS_OWNED_DELETE_ATOMIC=1",32,100000,pito,owned_update,ecs_get,32,10,6,9.989302
khanvm1,"AMD EPYC-Milan Processor",32,"Linux 7.0.0-27-generic x86_64","15.2.0"," -O3 -DNDEBUG -DPITO_ECS_OWNED_DELETE_ATOMIC=1",32,100000,pito,owned_update,ecs_get,32,10,7,9.569160
khanvm1,"AMD EPYC-Milan Processor",32,"Linux 7.0.0-27-generic x86_64","15.2.0"," -O3 -DNDEBUG -DPITO_ECS_OWNED_DELETE_ATOMIC=1",32,100000,pito,owned_update,ecs_get,32,10,8,10.297025
khanvm1,"AMD EPYC-Milan Processor",32,"Linux 7.0.0-27-generic x86_64","15.2.0"," -O3 -DNDEBUG -DPITO_ECS_OWNED_DELETE_ATOMIC=1",32,100000,pito,owned_update,ecs_get,32,10,9,9.798580
khanvm1,"AMD EPYC-Milan Processor",32,"Linux 7.0.0-27-generic x86_64","15.2.0"," -O3 -DNDEBUG -DPITO_ECS_OWNED_DELETE_ATOMIC=1",32,100000,pito,owned_update,ecs_get,32,10,10,9.365298
khanvm1,"AMD EPYC-Milan Processor",32,"Linux 7.0.0-27-generic x86_64","15.2.0"," -O3 -DNDEBUG -DPITO_ECS_OWNED_DELETE_ATOMIC=1",32,100000,pito,owned_update,ecs_get,32,10,11,10.029181
khanvm1,"AMD EPYC-Milan Processor",32,"Linux 7.0.0-27-generic x86_64","15.2.0"," -O3 -DNDEBUG -DPITO_ECS_OWNED_DELETE_ATOMIC=1",32,100000,pito,owned_update,ecs_get,32,500,1,109.479984
khanvm1,"AMD EPYC-Milan Processor",32,"Linux 7.0.0-27-generic x86_64","15.2.0"," -O3 -DNDEBUG -DPITO_ECS_OWNED_DELETE_ATOMIC=1",32,100000,pito,owned_update,ecs_get,32,500,2,109.328033
khanvm1,"AMD EPYC-Milan Processor",32,"Linux 7.0.0-27-generic x86_64","15.2.0"," -O3 -DNDEBUG -DPITO_ECS_OWNED_DELETE_ATOMIC=1",32,100000,pito,owned_update,ecs_get,32,500,3,109.436123
khanvm1,"AMD EPYC-Milan Processor",32,"Linux 7.0.0-27-generic x86_64","15.2.0"," -O3 -DNDEBUG -DPITO_ECS_OWNED_DELETE_ATOMIC=1",32,100000,pito,owned_update,ecs_get,32,500,4,109.327952
khanvm1,"AMD EPYC-Milan Processor",32,"Linux 7.0.0-27-generic x86_64","15.2.0"," -O3 -DNDEBUG -DPITO_ECS_OWNED_DELETE_ATOMIC=1",32,100000,pito,owned_update,ecs_get,32,500,5,109.223843
khanvm1,"AMD EPYC-Milan Processor",32,"Linux 7.0.0-27-generic x86_64","15.2.0"," -O3 -DNDEBUG -DPITO_ECS_OWNED_DELETE_ATOMIC=1",32,100000,pito,owned_update,ecs_get,32,500,6,109.348225
khanvm1,"AMD EPYC-Milan Processor",32,"Linux 7.0.0-27-generic x86_64","15.2.0"," -O3 -DNDEBUG -DPITO_ECS_OWNED_DELETE_ATOMIC=1",32,100000,pito,owned_update,ecs_get,32,500,7,113.858026
khanvm1,"AMD EPYC-Milan Processor",32,"Linux 7.0.0-27-generic x86_64","15.2.0"," -O3 -DNDEBUG -DPITO_ECS_OWNED_DELETE_ATOMIC=1",32,100000,pito,owned_update,ecs_get,32,500,8,109.602745
khanvm1,"AMD EPYC-Milan Processor",32,"Linux 7.0.0-27-generic x86_64","15.2.0"," -O3 -DNDEBUG -DPITO_ECS_OWNED_DELETE_ATOMIC=1",32,100000,pito,owned_update,ecs_get,32,500,9,109.301563
khanvm1,"AMD EPYC-Milan Processor",32,"Linux 7.0.0-27-generic x86_64","15.2.0"," -O3 -DNDEBUG -DPITO_ECS_OWNED_DELETE_ATOMIC=1",32,100000,pito,owned_update,ecs_get,32,500,10,110.210690
khanvm1,"AMD EPYC-Milan Processor",32,"Linux 7.0.0-27-generic x86_64","15.2.0"," -O3 -DNDEBUG -DPITO_ECS_OWNED_DELETE_ATOMIC=1",32,100000,pito,owned_update,ecs_get_raw,1,0,1,3.429545
khanvm1,"AMD EPYC-Milan Processor",32,"Linux 7.0.0-27-generic x86_64","15.2.0"," -O3 -DNDEBUG -DPITO_ECS_OWNED_DELETE_ATOMIC=1",32,100000,pito,owned_update,ecs_get_raw,1,0,2,3.419294
khanvm1,"AMD EPYC-Milan Processor",32,"Linux 7.0.0-27-generic x86_64","15.2.0"," -O3 -DNDEBUG -DPITO_ECS_OWNED_DELETE_ATOMIC=1",32,100000,pito,owned_update,ecs_get_raw,1,0,3,3.424315
khanvm1,"AMD EPYC-Milan Processor",32,"Linux 7.0.0-27-generic x86_64","15.2.0"," -O3 -DNDEBUG -DPITO_ECS_OWNED_DELETE_ATOMIC=1",32,100000,pito,owned_update,ecs_get_raw,1,0,4,3.400855
khanvm1,"AMD EPYC-Milan Processor",32,"Linux 7.0.0-27-generic x86_64","15.2.0"," -O3 -DNDEBUG -DPITO_ECS_OWNED_DELETE_ATOMIC=1",32,100000,pito,owned_update,ecs_get_raw,1,0,5,3.435884
khanvm1,"AMD EPYC-Milan Processor",32,"Linux 7.0.0-27-generic x86_64","15.2.0"," -O3 -DNDEBUG -DPITO_ECS_OWNED_DELETE_ATOMIC=1",32,100000,pito,owned_update,ecs_get_raw,1,0,6,3.408294
khanvm1,"AMD EPYC-Milan Processor",32,"Linux 7.0.0-27-generic x86_64","15.2.0"," -O3 -DNDEBUG -DPITO_ECS_OWNED_DELETE_ATOMIC=1",32,100000,pito,owned_update,ecs_get_raw,1,0,7,3.421544
khanvm1,"AMD EPYC-Milan Processor",32,"Linux 7.0.0-27-generic x86_64","15.2.0"," -O3 -DNDEBUG -DPITO_ECS_OWNED_DELETE_ATOMIC=1",32,100000,pito,owned_update,ecs_get_raw,1,0,8,3.428533
khanvm1,"AMD EPYC-Milan Processor",32,"Linux 7.0.0-27-generic x86_64","15.2.0"," -O3 -DNDEBUG -DPITO_ECS_OWNED_DELETE_ATOMIC=1",32,100000,pito,owned_update,ecs_get_raw,1,0,9,3.507977
khanvm1,"AMD EPYC-Milan Processor",32,"Linux 7.0.0-27-generic x86_64","15.2.0"," -O3 -DNDEBUG -DPITO_ECS_OWNED_DELETE_ATOMIC=1",32,100000,pito,owned_update,ecs_get_raw,1,0,10,3.441574
khanvm1,"AMD EPYC-Milan Processor",32,"Linux 7.0.0-27-generic x86_64","15.2.0"," -O3 -DNDEBUG -DPITO_ECS_OWNED_DELETE_ATOMIC=1",32,100000,pito,owned_update,ecs_get_raw,1,10,1,18.237401
khanvm1,"AMD EPYC-Milan Processor",32,"Linux 7.0.0-27-generic x86_64","15.2.0"," -O3 -DNDEBUG -DPITO_ECS_OWNED_DELETE_ATOMIC=1",32,100000,pito,owned_update,ecs_get_raw,1,10,2,18.264980
khanvm1,"AMD EPYC-Milan Processor",32,"Linux 7.0.0-27-generic x86_64","15.2.0"," -O3 -DNDEBUG -DPITO_ECS_OWNED_DELETE_ATOMIC=1",32,100000,pito,owned_update,ecs_get_raw,1,10,3,18.237411
khanvm1,"AMD EPYC-Milan Processor",32,"Linux 7.0.0-27-generic x86_64","15.2.0"," -O3 -DNDEBUG -DPITO_ECS_OWNED_DELETE_ATOMIC=1",32,100000,pito,owned_update,ecs_get_raw,1,10,4,18.218162
khanvm1,"AMD EPYC-Milan Processor",32,"Linux 7.0.0-27-generic x86_64","15.2.0"," -O3 -DNDEBUG -DPITO_ECS_OWNED_DELETE_ATOMIC=1",32,100000,pito,owned_update,ecs_get_raw,1,10,5,18.812755
khanvm1,"AMD EPYC-Milan Processor",32,"Linux 7.0.0-27-generic x86_64","15.2.0"," -O3 -DNDEBUG -DPITO_ECS_OWNED_DELETE_ATOMIC=1",32,100000,pito,owned_update,ecs_get_raw,1,10,6,18.475971
khanvm1,"AMD EPYC-Milan Processor",32,"Linux 7.0.0-27-generic x86_64","15.2.0"," -O3 -DNDEBUG -DPITO_ECS_OWNED_DELETE_ATOMIC=1",32,100000,pito,owned_update,ecs_get_raw,1,10,7,18.241302
khanvm1,"AMD EPYC-Milan Processor",32,"Linux 7.0.0-27-generic x86_64","15.2.0"," -O3 -DNDEBUG -DPITO_ECS_OWNED_DELETE_ATOMIC=1",32,100000,pito,owned_update,ecs_get_raw,1,10,8,26.633491
khanvm1,"AMD EPYC-Milan Processor",32,"Linux 7.0.0-27-generic x86_64","15.2.0"," -O3 -DNDEBUG -DPITO_ECS_OWNED_DELETE_ATOMIC=1",32,100000,pito,owned_update,ecs_get_raw,1,10,9,18.302221
khanvm1,"AMD EPYC-Milan Processor",32,"Linux 7.0.0-27-generic x86_64","15.2.0"," -O3 -DNDEBUG -DPITO_ECS_OWNED_DELETE_ATOMIC=1",32,100000,pito,owned_update,ecs_get_raw,1,10,10,18.197271
khanvm1,"AMD EPYC-Milan Processor",32,"Linux 7.0.0-27-generic x86_64","15.2.0"," -O3 -DNDEBUG -DPITO_ECS_OWNED_DELETE_ATOMIC=1",32,100000,pito,owned_update,ecs_get_raw,1,10,11,18.211070
khanvm1,"AMD EPYC-Milan Processor",32,"Linux 7.0.0-27-generic x86_64","15.2.0"," -O3 -DNDEBUG -DPITO_ECS_OWNED_DELETE_ATOMIC=1",32,100000,pito,owned_update,ecs_get_raw,1,500,1,2970.340307
khanvm1,"AMD EPYC-Milan Processor",32,"Linux 7.0.0-27-generic x86_64","15.2.0"," -O3 -DNDEBUG -DPITO_ECS_OWNED_DELETE_ATOMIC=1",32,100000,pito,owned_update,ecs_get_raw,1,500,2,2971.113214
khanvm1,"AMD EPYC-Milan Processor",32,"Linux 7.0.0-27-generic x86_64","15.2.0"," -O3 -DNDEBUG -DPITO_ECS_OWNED_DELETE_ATOMIC=1",32,100000,pito,owned_update,ecs_get_raw,1,500,3,2969.311199
khanvm1,"AMD EPYC-Milan Processor",32,"Linux 7.0.0-27-generic x86_64","15.2.0"," -O3 -DNDEBUG -DPITO_ECS_OWNED_DELETE_ATOMIC=1",32,100000,pito,owned_update,ecs_get_raw,1,500,4,2978.785888
khanvm1,"AMD EPYC-Milan Processor",32,"Linux 7.0.0-27-generic x86_64","15.2.0"," -O3 -DNDEBUG -DPITO_ECS_OWNED_DELETE_ATOMIC=1",32,100000,pito,owned_update,ecs_get_raw,1,500,5,2972.989117
khanvm1,"AMD EPYC-Milan Processor",32,"Linux 7.0.0-27-generic x86_64","15.2.0"," -O3 -DNDEBUG -DPITO_ECS_OWNED_DELETE_ATOMIC=1",32,100000,pito,owned_update,ecs_get_raw,1,500,6,2971.500475
khanvm1,"AMD EPYC-Milan Processor",32,"Linux 7.0.0-27-generic x86_64","15.2.0"," -O3 -DNDEBUG -DPITO_ECS_OWNED_DELETE_ATOMIC=1",32,100000,pito,owned_update,ecs_get_raw,1,500,7,2974.134205
khanvm1,"AMD EPYC-Milan Processor",32,"Linux 7.0.0-27-generic x86_64","15.2.0"," -O3 -DNDEBUG -DPITO_ECS_OWNED_DELETE_ATOMIC=1",32,100000,pito,owned_update,ecs_get_raw,1,500,8,2971.016462
khanvm1,"AMD EPYC-Milan Processor",32,"Linux 7.0.0-27-generic x86_64","15.2.0"," -O3 -DNDEBUG -DPITO_ECS_OWNED_DELETE_ATOMIC=1",32,100000,pito,owned_update,ecs_get_raw,1,500,9,2972.797375
khanvm1,"AMD EPYC-Milan Processor",32,"Linux 7.0.0-27-generic x86_64","15.2.0"," -O3 -DNDEBUG -DPITO_ECS_OWNED_DELETE_ATOMIC=1",32,100000,pito,owned_update,ecs_get_raw,1,500,10,2970.568410
khanvm1,"AMD EPYC-Milan Processor",32,"Linux 7.0.0-27-generic x86_64","15.2.0"," -O3 -DNDEBUG -DPITO_ECS_OWNED_DELETE_ATOMIC=1",32,100000,pito,owned_update,ecs_get_raw,2,0,1,1.839993
khanvm1,"AMD EPYC-Milan Processor",32,"Linux 7.0.0-27-generic x86_64","15.2.0"," -O3 -DNDEBUG -DPITO_ECS_OWNED_DELETE_ATOMIC=1",32,100000,pito,owned_update,ecs_get_raw,2,0,2,1.787143
khanvm1,"AMD EPYC-Milan Processor",32,"Linux 7.0.0-27-generic x86_64","15.2.0"," -O3 -DNDEBUG -DPITO_ECS_OWNED_DELETE_ATOMIC=1",32,100000,pito,owned_update,ecs_get_raw,2,0,3,1.743372
khanvm1,"AMD EPYC-Milan Processor",32,"Linux 7.0.0-27-generic x86_64","15.2.0"," -O3 -DNDEBUG -DPITO_ECS_OWNED_DELETE_ATOMIC=1",32,100000,pito,owned_update,ecs_get_raw,2,0,4,1.752012
khanvm1,"AMD EPYC-Milan Processor",32,"Linux 7.0.0-27-generic x86_64","15.2.0"," -O3 -DNDEBUG -DPITO_ECS_OWNED_DELETE_ATOMIC=1",32,100000,pito,owned_update,ecs_get_raw,2,0,5,1.753773
khanvm1,"AMD EPYC-Milan Processor",32,"Linux 7.0.0-27-generic x86_64","15.2.0"," -O3 -DNDEBUG -DPITO_ECS_OWNED_DELETE_ATOMIC=1",32,100000,pito,owned_update,ecs_get_raw,2,0,6,1.761473
khanvm1,"AMD EPYC-Milan Processor",32,"Linux 7.0.0-27-generic x86_64","15.2.0"," -O3 -DNDEBUG -DPITO_ECS_OWNED_DELETE_ATOMIC=1",32,100000,pito,owned_update,ecs_get_raw,2,0,7,1.735483
khanvm1,"AMD EPYC-Milan Processor",32,"Linux 7.0.0-27-generic x86_64","15.2.0"," -O3 -DNDEBUG -DPITO_ECS_OWNED_DELETE_ATOMIC=1",32,100000,pito,owned_update,ecs_get_raw,2,0,8,1.763342
khanvm1,"AMD EPYC-Milan Processor",32,"Linux 7.0.0-27-generic x86_64","15.2.0"," -O3 -DNDEBUG -DPITO_ECS_OWNED_DELETE_ATOMIC=1",32,100000,pito,owned_update,ecs_get_raw,2,0,9,1.784712
khanvm1,"AMD EPYC-Milan Processor",32,"Linux 7.0.0-27-generic x86_64","15.2.0"," -O3 -DNDEBUG -DPITO_ECS_OWNED_DELETE_ATOMIC=1",32,100000,pito,owned_update,ecs_get_raw,2,0,10,1.740242
khanvm1,"AMD EPYC-Milan Processor",32,"Linux 7.0.0-27-generic x86_64","15.2.0"," -O3 -DNDEBUG -DPITO_ECS_OWNED_DELETE_ATOMIC=1",32,100000,pito,owned_update,ecs_get_raw,2,10,1,9.170766
khanvm1,"AMD EPYC-Milan Processor",32,"Linux 7.0.0-27-generic x86_64","15.2.0"," -O3 -DNDEBUG -DPITO_ECS_OWNED_DELETE_ATOMIC=1",32,100000,pito,owned_update,ecs_get_raw,2,10,2,9.151667
khanvm1,"AMD EPYC-Milan Processor",32,"Linux 7.0.0-27-generic x86_64","15.2.0"," -O3 -DNDEBUG -DPITO_ECS_OWNED_DELETE_ATOMIC=1",32,100000,pito,owned_update,ecs_get_raw,2,10,3,9.144836
khanvm1,"AMD EPYC-Milan Processor",32,"Linux 7.0.0-27-generic x86_64","15.2.0"," -O3 -DNDEBUG -DPITO_ECS_OWNED_DELETE_ATOMIC=1",32,100000,pito,owned_update,ecs_get_raw,2,10,4,9.181915
khanvm1,"AMD EPYC-Milan Processor",32,"Linux 7.0.0-27-generic x86_64","15.2.0"," -O3 -DNDEBUG -DPITO_ECS_OWNED_DELETE_ATOMIC=1",32,100000,pito,owned_update,ecs_get_raw,2,10,5,9.217357
khanvm1,"AMD EPYC-Milan Processor",32,"Linux 7.0.0-27-generic x86_64","15.2.0"," -O3 -DNDEBUG -DPITO_ECS_OWNED_DELETE_ATOMIC=1",32,100000,pito,owned_update,ecs_get_raw,2,10,6,9.163215
khanvm1,"AMD EPYC-Milan Processor",32,"Linux 7.0.0-27-generic x86_64","15.2.0"," -O3 -DNDEBUG -DPITO_ECS_OWNED_DELETE_ATOMIC=1",32,100000,pito,owned_update,ecs_get_raw,2,10,7,9.135536
khanvm1,"AMD EPYC-Milan Processor",32,"Linux 7.0.0-27-generic x86_64","15.2.0"," -O3 -DNDEBUG -DPITO_ECS_OWNED_DELETE_ATOMIC=1",32,100000,pito,owned_update,ecs_get_raw,2,10,8,9.342149
khanvm1,"AMD EPYC-Milan Processor",32,"Linux 7.0.0-27-generic x86_64","15.2.0"," -O3 -DNDEBUG -DPITO_ECS_OWNED_DELETE_ATOMIC=1",32,100000,pito,owned_update,ecs_get_raw,2,10,9,9.467118
khanvm1,"AMD EPYC-Milan Processor",32,"Linux 7.0.0-27-generic x86_64","15.2.0"," -O3 -DNDEBUG -DPITO_ECS_OWNED_DELETE_ATOMIC=1",32,100000,pito,owned_update,ecs_get_raw,2,10,10,9.136635
khanvm1,"AMD EPYC-Milan Processor",32,"Linux 7.0.0-27-generic x86_64","15.2.0"," -O3 -DNDEBUG -DPITO_ECS_OWNED_DELETE_ATOMIC=1",32,100000,pito,owned_update,ecs_get_raw,2,500,1,1486.405127
khanvm1,"AMD EPYC-Milan Processor",32,"Linux 7.0.0-27-generic x86_64","15.2.0"," -O3 -DNDEBUG -DPITO_ECS_OWNED_DELETE_ATOMIC=1",32,100000,pito,owned_update,ecs_get_raw,2,500,2,1492.377850
khanvm1,"AMD EPYC-Milan Processor",32,"Linux 7.0.0-27-generic x86_64","15.2.0"," -O3 -DNDEBUG -DPITO_ECS_OWNED_DELETE_ATOMIC=1",32,100000,pito,owned_update,ecs_get_raw,2,500,3,1485.130548
khanvm1,"AMD EPYC-Milan Processor",32,"Linux 7.0.0-27-generic x86_64","15.2.0"," -O3 -DNDEBUG -DPITO_ECS_OWNED_DELETE_ATOMIC=1",32,100000,pito,owned_update,ecs_get_raw,2,500,4,1485.750823
khanvm1,"AMD EPYC-Milan Processor",32,"Linux 7.0.0-27-generic x86_64","15.2.0"," -O3 -DNDEBUG -DPITO_ECS_OWNED_DELETE_ATOMIC=1",32,100000,pito,owned_update,ecs_get_raw,2,500,5,1484.995128
khanvm1,"AMD EPYC-Milan Processor",32,"Linux 7.0.0-27-generic x86_64","15.2.0"," -O3 -DNDEBUG -DPITO_ECS_OWNED_DELETE_ATOMIC=1",32,100000,pito,owned_update,ecs_get_raw,2,500,6,1486.194177
khanvm1,"AMD EPYC-Milan Processor",32,"Linux 7.0.0-27-generic x86_64","15.2.0"," -O3 -DNDEBUG -DPITO_ECS_OWNED_DELETE_ATOMIC=1",32,100000,pito,owned_update,ecs_get_raw,2,500,7,1488.736824
khanvm1,"AMD EPYC-Milan Processor",32,"Linux 7.0.0-27-generic x86_64","15.2.0"," -O3 -DNDEBUG -DPITO_ECS_OWNED_DELETE_ATOMIC=1",32,100000,pito,owned_update,ecs_get_raw,2,500,8,1485.219300
khanvm1,"AMD EPYC-Milan Processor",32,"Linux 7.0.0-27-generic x86_64","15.2.0"," -O3 -DNDEBUG -DPITO_ECS_OWNED_DELETE_ATOMIC=1",32,100000,pito,owned_update,ecs_get_raw,2,500,9,1485.761363
khanvm1,"AMD EPYC-Milan Processor",32,"Linux 7.0.0-27-generic x86_64","15.2.0"," -O3 -DNDEBUG -DPITO_ECS_OWNED_DELETE_ATOMIC=1",32,100000,pito,owned_update,ecs_get_raw,2,500,10,1485.858933
khanvm1,"AMD EPYC-Milan Processor",32,"Linux 7.0.0-27-generic x86_64","15.2.0"," -O3 -DNDEBUG -DPITO_ECS_OWNED_DELETE_ATOMIC=1",32,100000,pito,owned_update,ecs_get_raw,4,0,1,0.902708
khanvm1,"AMD EPYC-Milan Processor",32,"Linux 7.0.0-27-generic x86_64","15.2.0"," -O3 -DNDEBUG -DPITO_ECS_OWNED_DELETE_ATOMIC=1",32,100000,pito,owned_update,ecs_get_raw,4,0,2,0.882306
khanvm1,"AMD EPYC-Milan Processor",32,"Linux 7.0.0-27-generic x86_64","15.2.0"," -O3 -DNDEBUG -DPITO_ECS_OWNED_DELETE_ATOMIC=1",32,100000,pito,owned_update,ecs_get_raw,4,0,3,0.899816
khanvm1,"AMD EPYC-Milan Processor",32,"Linux 7.0.0-27-generic x86_64","15.2.0"," -O3 -DNDEBUG -DPITO_ECS_OWNED_DELETE_ATOMIC=1",32,100000,pito,owned_update,ecs_get_raw,4,0,4,0.904087
khanvm1,"AMD EPYC-Milan Processor",32,"Linux 7.0.0-27-generic x86_64","15.2.0"," -O3 -DNDEBUG -DPITO_ECS_OWNED_DELETE_ATOMIC=1",32,100000,pito,owned_update,ecs_get_raw,4,0,5,0.897646
khanvm1,"AMD EPYC-Milan Processor",32,"Linux 7.0.0-27-generic x86_64","15.2.0"," -O3 -DNDEBUG -DPITO_ECS_OWNED_DELETE_ATOMIC=1",32,100000,pito,owned_update,ecs_get_raw,4,0,6,0.904186
khanvm1,"AMD EPYC-Milan Processor",32,"Linux 7.0.0-27-generic x86_64","15.2.0"," -O3 -DNDEBUG -DPITO_ECS_OWNED_DELETE_ATOMIC=1",32,100000,pito,owned_update,ecs_get_raw,4,0,7,0.920287
khanvm1,"AMD EPYC-Milan Processor",32,"Linux 7.0.0-27-generic x86_64","15.2.0"," -O3 -DNDEBUG -DPITO_ECS_OWNED_DELETE_ATOMIC=1",32,100000,pito,owned_update,ecs_get_raw,4,0,8,0.904417
khanvm1,"AMD EPYC-Milan Processor",32,"Linux 7.0.0-27-generic x86_64","15.2.0"," -O3 -DNDEBUG -DPITO_ECS_OWNED_DELETE_ATOMIC=1",32,100000,pito,owned_update,ecs_get_raw,4,0,9,0.899176
khanvm1,"AMD EPYC-Milan Processor",32,"Linux 7.0.0-27-generic x86_64","15.2.0"," -O3 -DNDEBUG -DPITO_ECS_OWNED_DELETE_ATOMIC=1",32,100000,pito,owned_update,ecs_get_raw,4,0,10,0.900637
khanvm1,"AMD EPYC-Milan Processor",32,"Linux 7.0.0-27-generic x86_64","15.2.0"," -O3 -DNDEBUG -DPITO_ECS_OWNED_DELETE_ATOMIC=1",32,100000,pito,owned_update,ecs_get_raw,4,10,1,4.589952
khanvm1,"AMD EPYC-Milan Processor",32,"Linux 7.0.0-27-generic x86_64","15.2.0"," -O3 -DNDEBUG -DPITO_ECS_OWNED_DELETE_ATOMIC=1",32,100000,pito,owned_update,ecs_get_raw,4,10,2,4.629284
khanvm1,"AMD EPYC-Milan Processor",32,"Linux 7.0.0-27-generic x86_64","15.2.0"," -O3 -DNDEBUG -DPITO_ECS_OWNED_DELETE_ATOMIC=1",32,100000,pito,owned_update,ecs_get_raw,4,10,3,4.594793
khanvm1,"AMD EPYC-Milan Processor",32,"Linux 7.0.0-27-generic x86_64","15.2.0"," -O3 -DNDEBUG -DPITO_ECS_OWNED_DELETE_ATOMIC=1",32,100000,pito,owned_update,ecs_get_raw,4,10,4,4.583552
khanvm1,"AMD EPYC-Milan Processor",32,"Linux 7.0.0-27-generic x86_64","15.2.0"," -O3 -DNDEBUG -DPITO_ECS_OWNED_DELETE_ATOMIC=1",32,100000,pito,owned_update,ecs_get_raw,4,10,5,4.664233
khanvm1,"AMD EPYC-Milan Processor",32,"Linux 7.0.0-27-generic x86_64","15.2.0"," -O3 -DNDEBUG -DPITO_ECS_OWNED_DELETE_ATOMIC=1",32,100000,pito,owned_update,ecs_get_raw,4,10,6,4.589622
khanvm1,"AMD EPYC-Milan Processor",32,"Linux 7.0.0-27-generic x86_64","15.2.0"," -O3 -DNDEBUG -DPITO_ECS_OWNED_DELETE_ATOMIC=1",32,100000,pito,owned_update,ecs_get_raw,4,10,7,4.581843
khanvm1,"AMD EPYC-Milan Processor",32,"Linux 7.0.0-27-generic x86_64","15.2.0"," -O3 -DNDEBUG -DPITO_ECS_OWNED_DELETE_ATOMIC=1",32,100000,pito,owned_update,ecs_get_raw,4,10,8,4.597254
khanvm1,"AMD EPYC-Milan Processor",32,"Linux 7.0.0-27-generic x86_64","15.2.0"," -O3 -DNDEBUG -DPITO_ECS_OWNED_DELETE_ATOMIC=1",32,100000,pito,owned_update,ecs_get_raw,4,10,9,4.624103
khanvm1,"AMD EPYC-Milan Processor",32,"Linux 7.0.0-27-generic x86_64","15.2.0"," -O3 -DNDEBUG -DPITO_ECS_OWNED_DELETE_ATOMIC=1",32,100000,pito,owned_update,ecs_get_raw,4,10,10,4.636513
khanvm1,"AMD EPYC-Milan Processor",32,"Linux 7.0.0-27-generic x86_64","15.2.0"," -O3 -DNDEBUG -DPITO_ECS_OWNED_DELETE_ATOMIC=1",32,100000,pito,owned_update,ecs_get_raw,4,500,1,742.672590
khanvm1,"AMD EPYC-Milan Processor",32,"Linux 7.0.0-27-generic x86_64","15.2.0"," -O3 -DNDEBUG -DPITO_ECS_OWNED_DELETE_ATOMIC=1",32,100000,pito,owned_update,ecs_get_raw,4,500,2,743.789289
khanvm1,"AMD EPYC-Milan Processor",32,"Linux 7.0.0-27-generic x86_64","15.2.0"," -O3 -DNDEBUG -DPITO_ECS_OWNED_DELETE_ATOMIC=1",32,100000,pito,owned_update,ecs_get_raw,4,500,3,743.268214
khanvm1,"AMD EPYC-Milan Processor",32,"Linux 7.0.0-27-generic x86_64","15.2.0"," -O3 -DNDEBUG -DPITO_ECS_OWNED_DELETE_ATOMIC=1",32,100000,pito,owned_update,ecs_get_raw,4,500,4,742.218277
khanvm1,"AMD EPYC-Milan Processor",32,"Linux 7.0.0-27-generic x86_64","15.2.0"," -O3 -DNDEBUG -DPITO_ECS_OWNED_DELETE_ATOMIC=1",32,100000,pito,owned_update,ecs_get_raw,4,500,5,743.388676
khanvm1,"AMD EPYC-Milan Processor",32,"Linux 7.0.0-27-generic x86_64","15.2.0"," -O3 -DNDEBUG -DPITO_ECS_OWNED_DELETE_ATOMIC=1",32,100000,pito,owned_update,ecs_get_raw,4,500,6,743.261164
khanvm1,"AMD EPYC-Milan Processor",32,"Linux 7.0.0-27-generic x86_64","15.2.0"," -O3 -DNDEBUG -DPITO_ECS_OWNED_DELETE_ATOMIC=1",32,100000,pito,owned_update,ecs_get_raw,4,500,7,743.948840
khanvm1,"AMD EPYC-Milan Processor",32,"Linux 7.0.0-27-generic x86_64","15.2.0"," -O3 -DNDEBUG -DPITO_ECS_OWNED_DELETE_ATOMIC=1",32,100000,pito,owned_update,ecs_get_raw,4,500,8,743.097862
khanvm1,"AMD EPYC-Milan Processor",32,"Linux 7.0.0-27-generic x86_64","15.2.0"," -O3 -DNDEBUG -DPITO_ECS_OWNED_DELETE_ATOMIC=1",32,100000,pito,owned_update,ecs_get_raw,4,500,9,744.180140
khanvm1,"AMD EPYC-Milan Processor",32,"Linux 7.0.0-27-generic x86_64","15.2.0"," -O3 -DNDEBUG -DPITO_ECS_OWNED_DELETE_ATOMIC=1",32,100000,pito,owned_update,ecs_get_raw,4,500,10,747.726166
khanvm1,"AMD EPYC-Milan Processor",32,"Linux 7.0.0-27-generic x86_64","15.2.0"," -O3 -DNDEBUG -DPITO_ECS_OWNED_DELETE_ATOMIC=1",32,100000,pito,owned_update,ecs_get_raw,8,0,1,0.604194
khanvm1,"AMD EPYC-Milan Processor",32,"Linux 7.0.0-27-generic x86_64","15.2.0"," -O3 -DNDEBUG -DPITO_ECS_OWNED_DELETE_ATOMIC=1",32,100000,pito,owned_update,ecs_get_raw,8,0,2,0.539424
khanvm1,"AMD EPYC-Milan Processor",32,"Linux 7.0.0-27-generic x86_64","15.2.0"," -O3 -DNDEBUG -DPITO_ECS_OWNED_DELETE_ATOMIC=1",32,100000,pito,owned_update,ecs_get_raw,8,0,3,0.554883
khanvm1,"AMD EPYC-Milan Processor",32,"Linux 7.0.0-27-generic x86_64","15.2.0"," -O3 -DNDEBUG -DPITO_ECS_OWNED_DELETE_ATOMIC=1",32,100000,pito,owned_update,ecs_get_raw,8,0,4,0.556555
khanvm1,"AMD EPYC-Milan Processor",32,"Linux 7.0.0-27-generic x86_64","15.2.0"," -O3 -DNDEBUG -DPITO_ECS_OWNED_DELETE_ATOMIC=1",32,100000,pito,owned_update,ecs_get_raw,8,0,5,0.512593
khanvm1,"AMD EPYC-Milan Processor",32,"Linux 7.0.0-27-generic x86_64","15.2.0"," -O3 -DNDEBUG -DPITO_ECS_OWNED_DELETE_ATOMIC=1",32,100000,pito,owned_update,ecs_get_raw,8,0,6,0.584404
khanvm1,"AMD EPYC-Milan Processor",32,"Linux 7.0.0-27-generic x86_64","15.2.0"," -O3 -DNDEBUG -DPITO_ECS_OWNED_DELETE_ATOMIC=1",32,100000,pito,owned_update,ecs_get_raw,8,0,7,0.551734
khanvm1,"AMD EPYC-Milan Processor",32,"Linux 7.0.0-27-generic x86_64","15.2.0"," -O3 -DNDEBUG -DPITO_ECS_OWNED_DELETE_ATOMIC=1",32,100000,pito,owned_update,ecs_get_raw,8,0,8,0.523244
khanvm1,"AMD EPYC-Milan Processor",32,"Linux 7.0.0-27-generic x86_64","15.2.0"," -O3 -DNDEBUG -DPITO_ECS_OWNED_DELETE_ATOMIC=1",32,100000,pito,owned_update,ecs_get_raw,8,0,9,0.488382
khanvm1,"AMD EPYC-Milan Processor",32,"Linux 7.0.0-27-generic x86_64","15.2.0"," -O3 -DNDEBUG -DPITO_ECS_OWNED_DELETE_ATOMIC=1",32,100000,pito,owned_update,ecs_get_raw,8,0,10,0.554053
khanvm1,"AMD EPYC-Milan Processor",32,"Linux 7.0.0-27-generic x86_64","15.2.0"," -O3 -DNDEBUG -DPITO_ECS_OWNED_DELETE_ATOMIC=1",32,100000,pito,owned_update,ecs_get_raw,8,0,11,0.526944
khanvm1,"AMD EPYC-Milan Processor",32,"Linux 7.0.0-27-generic x86_64","15.2.0"," -O3 -DNDEBUG -DPITO_ECS_OWNED_DELETE_ATOMIC=1",32,100000,pito,owned_update,ecs_get_raw,8,0,12,0.506324
khanvm1,"AMD EPYC-Milan Processor",32,"Linux 7.0.0-27-generic x86_64","15.2.0"," -O3 -DNDEBUG -DPITO_ECS_OWNED_DELETE_ATOMIC=1",32,100000,pito,owned_update,ecs_get_raw,8,0,13,0.797085
khanvm1,"AMD EPYC-Milan Processor",32,"Linux 7.0.0-27-generic x86_64","15.2.0"," -O3 -DNDEBUG -DPITO_ECS_OWNED_DELETE_ATOMIC=1",32,100000,pito,owned_update,ecs_get_raw,8,0,14,0.552444
khanvm1,"AMD EPYC-Milan Processor",32,"Linux 7.0.0-27-generic x86_64","15.2.0"," -O3 -DNDEBUG -DPITO_ECS_OWNED_DELETE_ATOMIC=1",32,100000,pito,owned_update,ecs_get_raw,8,0,15,0.847677
khanvm1,"AMD EPYC-Milan Processor",32,"Linux 7.0.0-27-generic x86_64","15.2.0"," -O3 -DNDEBUG -DPITO_ECS_OWNED_DELETE_ATOMIC=1",32,100000,pito,owned_update,ecs_get_raw,8,0,16,0.495554
khanvm1,"AMD EPYC-Milan Processor",32,"Linux 7.0.0-27-generic x86_64","15.2.0"," -O3 -DNDEBUG -DPITO_ECS_OWNED_DELETE_ATOMIC=1",32,100000,pito,owned_update,ecs_get_raw,8,0,17,0.560745
khanvm1,"AMD EPYC-Milan Processor",32,"Linux 7.0.0-27-generic x86_64","15.2.0"," -O3 -DNDEBUG -DPITO_ECS_OWNED_DELETE_ATOMIC=1",32,100000,pito,owned_update,ecs_get_raw,8,0,18,0.571965
khanvm1,"AMD EPYC-Milan Processor",32,"Linux 7.0.0-27-generic x86_64","15.2.0"," -O3 -DNDEBUG -DPITO_ECS_OWNED_DELETE_ATOMIC=1",32,100000,pito,owned_update,ecs_get_raw,8,0,19,0.497542
khanvm1,"AMD EPYC-Milan Processor",32,"Linux 7.0.0-27-generic x86_64","15.2.0"," -O3 -DNDEBUG -DPITO_ECS_OWNED_DELETE_ATOMIC=1",32,100000,pito,owned_update,ecs_get_raw,8,0,20,0.522744
khanvm1,"AMD EPYC-Milan Processor",32,"Linux 7.0.0-27-generic x86_64","15.2.0"," -O3 -DNDEBUG -DPITO_ECS_OWNED_DELETE_ATOMIC=1",32,100000,pito,owned_update,ecs_get_raw,8,0,21,0.515794
khanvm1,"AMD EPYC-Milan Processor",32,"Linux 7.0.0-27-generic x86_64","15.2.0"," -O3 -DNDEBUG -DPITO_ECS_OWNED_DELETE_ATOMIC=1",32,100000,pito,owned_update,ecs_get_raw,8,0,22,0.510173
khanvm1,"AMD EPYC-Milan Processor",32,"Linux 7.0.0-27-generic x86_64","15.2.0"," -O3 -DNDEBUG -DPITO_ECS_OWNED_DELETE_ATOMIC=1",32,100000,pito,owned_update,ecs_get_raw,8,0,23,0.529984
khanvm1,"AMD EPYC-Milan Processor",32,"Linux 7.0.0-27-generic x86_64","15.2.0"," -O3 -DNDEBUG -DPITO_ECS_OWNED_DELETE_ATOMIC=1",32,100000,pito,owned_update,ecs_get_raw,8,10,1,3.358143
khanvm1,"AMD EPYC-Milan Processor",32,"Linux 7.0.0-27-generic x86_64","15.2.0"," -O3 -DNDEBUG -DPITO_ECS_OWNED_DELETE_ATOMIC=1",32,100000,pito,owned_update,ecs_get_raw,8,10,2,2.393347
khanvm1,"AMD EPYC-Milan Processor",32,"Linux 7.0.0-27-generic x86_64","15.2.0"," -O3 -DNDEBUG -DPITO_ECS_OWNED_DELETE_ATOMIC=1",32,100000,pito,owned_update,ecs_get_raw,8,10,3,2.387466
khanvm1,"AMD EPYC-Milan Processor",32,"Linux 7.0.0-27-generic x86_64","15.2.0"," -O3 -DNDEBUG -DPITO_ECS_OWNED_DELETE_ATOMIC=1",32,100000,pito,owned_update,ecs_get_raw,8,10,4,2.341447
khanvm1,"AMD EPYC-Milan Processor",32,"Linux 7.0.0-27-generic x86_64","15.2.0"," -O3 -DNDEBUG -DPITO_ECS_OWNED_DELETE_ATOMIC=1",32,100000,pito,owned_update,ecs_get_raw,8,10,5,3.591537
khanvm1,"AMD EPYC-Milan Processor",32,"Linux 7.0.0-27-generic x86_64","15.2.0"," -O3 -DNDEBUG -DPITO_ECS_OWNED_DELETE_ATOMIC=1",32,100000,pito,owned_update,ecs_get_raw,8,10,6,2.431169
khanvm1,"AMD EPYC-Milan Processor",32,"Linux 7.0.0-27-generic x86_64","15.2.0"," -O3 -DNDEBUG -DPITO_ECS_OWNED_DELETE_ATOMIC=1",32,100000,pito,owned_update,ecs_get_raw,8,10,7,2.444557
khanvm1,"AMD EPYC-Milan Processor",32,"Linux 7.0.0-27-generic x86_64","15.2.0"," -O3 -DNDEBUG -DPITO_ECS_OWNED_DELETE_ATOMIC=1",32,100000,pito,owned_update,ecs_get_raw,8,10,8,2.320606
khanvm1,"AMD EPYC-Milan Processor",32,"Linux 7.0.0-27-generic x86_64","15.2.0"," -O3 -DNDEBUG -DPITO_ECS_OWNED_DELETE_ATOMIC=1",32,100000,pito,owned_update,ecs_get_raw,8,10,9,2.312286
khanvm1,"AMD EPYC-Milan Processor",32,"Linux 7.0.0-27-generic x86_64","15.2.0"," -O3 -DNDEBUG -DPITO_ECS_OWNED_DELETE_ATOMIC=1",32,100000,pito,owned_update,ecs_get_raw,8,10,10,2.317086
khanvm1,"AMD EPYC-Milan Processor",32,"Linux 7.0.0-27-generic x86_64","15.2.0"," -O3 -DNDEBUG -DPITO_ECS_OWNED_DELETE_ATOMIC=1",32,100000,pito,owned_update,ecs_get_raw,8,10,11,2.421526
khanvm1,"AMD EPYC-Milan Processor",32,"Linux 7.0.0-27-generic x86_64","15.2.0"," -O3 -DNDEBUG -DPITO_ECS_OWNED_DELETE_ATOMIC=1",32,100000,pito,owned_update,ecs_get_raw,8,10,12,2.305376
khanvm1,"AMD EPYC-Milan Processor",32,"Linux 7.0.0-27-generic x86_64","15.2.0"," -O3 -DNDEBUG -DPITO_ECS_OWNED_DELETE_ATOMIC=1",32,100000,pito,owned_update,ecs_get_raw,8,10,13,2.326178
khanvm1,"AMD EPYC-Milan Processor",32,"Linux 7.0.0-27-generic x86_64","15.2.0"," -O3 -DNDEBUG -DPITO_ECS_OWNED_DELETE_ATOMIC=1",32,100000,pito,owned_update,ecs_get_raw,8,10,14,2.303256
khanvm1,"AMD EPYC-Milan Processor",32,"Linux 7.0.0-27-generic x86_64","15.2.0"," -O3 -DNDEBUG -DPITO_ECS_OWNED_DELETE_ATOMIC=1",32,100000,pito,owned_update,ecs_get_raw,8,500,1,371.451511
khanvm1,"AMD EPYC-Milan Processor",32,"Linux 7.0.0-27-generic x86_64","15.2.0"," -O3 -DNDEBUG -DPITO_ECS_OWNED_DELETE_ATOMIC=1",32,100000,pito,owned_update,ecs_get_raw,8,500,2,372.157726
khanvm1,"AMD EPYC-Milan Processor",32,"Linux 7.0.0-27-generic x86_64","15.2.0"," -O3 -DNDEBUG -DPITO_ECS_OWNED_DELETE_ATOMIC=1",32,100000,pito,owned_update,ecs_get_raw,8,500,3,371.662891
khanvm1,"AMD EPYC-Milan Processor",32,"Linux 7.0.0-27-generic x86_64","15.2.0"," -O3 -DNDEBUG -DPITO_ECS_OWNED_DELETE_ATOMIC=1",32,100000,pito,owned_update,ecs_get_raw,8,500,4,371.653882
khanvm1,"AMD EPYC-Milan Processor",32,"Linux 7.0.0-27-generic x86_64","15.2.0"," -O3 -DNDEBUG -DPITO_ECS_OWNED_DELETE_ATOMIC=1",32,100000,pito,owned_update,ecs_get_raw,8,500,5,371.877244
khanvm1,"AMD EPYC-Milan Processor",32,"Linux 7.0.0-27-generic x86_64","15.2.0"," -O3 -DNDEBUG -DPITO_ECS_OWNED_DELETE_ATOMIC=1",32,100000,pito,owned_update,ecs_get_raw,8,500,6,372.334936
khanvm1,"AMD EPYC-Milan Processor",32,"Linux 7.0.0-27-generic x86_64","15.2.0"," -O3 -DNDEBUG -DPITO_ECS_OWNED_DELETE_ATOMIC=1",32,100000,pito,owned_update,ecs_get_raw,8,500,7,372.358758
khanvm1,"AMD EPYC-Milan Processor",32,"Linux 7.0.0-27-generic x86_64","15.2.0"," -O3 -DNDEBUG -DPITO_ECS_OWNED_DELETE_ATOMIC=1",32,100000,pito,owned_update,ecs_get_raw,8,500,8,372.203547
khanvm1,"AMD EPYC-Milan Processor",32,"Linux 7.0.0-27-generic x86_64","15.2.0"," -O3 -DNDEBUG -DPITO_ECS_OWNED_DELETE_ATOMIC=1",32,100000,pito,owned_update,ecs_get_raw,8,500,9,371.833023
khanvm1,"AMD EPYC-Milan Processor",32,"Linux 7.0.0-27-generic x86_64","15.2.0"," -O3 -DNDEBUG -DPITO_ECS_OWNED_DELETE_ATOMIC=1",32,100000,pito,owned_update,ecs_get_raw,8,500,10,372.486437
khanvm1,"AMD EPYC-Milan Processor",32,"Linux 7.0.0-27-generic x86_64","15.2.0"," -O3 -DNDEBUG -DPITO_ECS_OWNED_DELETE_ATOMIC=1",32,100000,pito,owned_update,ecs_get_raw,16,0,1,0.454834
khanvm1,"AMD EPYC-Milan Processor",32,"Linux 7.0.0-27-generic x86_64","15.2.0"," -O3 -DNDEBUG -DPITO_ECS_OWNED_DELETE_ATOMIC=1",32,100000,pito,owned_update,ecs_get_raw,16,0,2,0.546774
khanvm1,"AMD EPYC-Milan Processor",32,"Linux 7.0.0-27-generic x86_64","15.2.0"," -O3 -DNDEBUG -DPITO_ECS_OWNED_DELETE_ATOMIC=1",32,100000,pito,owned_update,ecs_get_raw,16,0,3,0.419983
khanvm1,"AMD EPYC-Milan Processor",32,"Linux 7.0.0-27-generic x86_64","15.2.0"," -O3 -DNDEBUG -DPITO_ECS_OWNED_DELETE_ATOMIC=1",32,100000,pito,owned_update,ecs_get_raw,16,0,4,0.419195
khanvm1,"AMD EPYC-Milan Processor",32,"Linux 7.0.0-27-generic x86_64","15.2.0"," -O3 -DNDEBUG -DPITO_ECS_OWNED_DELETE_ATOMIC=1",32,100000,pito,owned_update,ecs_get_raw,16,0,5,0.403303
khanvm1,"AMD EPYC-Milan Processor",32,"Linux 7.0.0-27-generic x86_64","15.2.0"," -O3 -DNDEBUG -DPITO_ECS_OWNED_DELETE_ATOMIC=1",32,100000,pito,owned_update,ecs_get_raw,16,0,6,0.421803
khanvm1,"AMD EPYC-Milan Processor",32,"Linux 7.0.0-27-generic x86_64","15.2.0"," -O3 -DNDEBUG -DPITO_ECS_OWNED_DELETE_ATOMIC=1",32,100000,pito,owned_update,ecs_get_raw,16,0,7,0.428954
khanvm1,"AMD EPYC-Milan Processor",32,"Linux 7.0.0-27-generic x86_64","15.2.0"," -O3 -DNDEBUG -DPITO_ECS_OWNED_DELETE_ATOMIC=1",32,100000,pito,owned_update,ecs_get_raw,16,0,8,0.584814
khanvm1,"AMD EPYC-Milan Processor",32,"Linux 7.0.0-27-generic x86_64","15.2.0"," -O3 -DNDEBUG -DPITO_ECS_OWNED_DELETE_ATOMIC=1",32,100000,pito,owned_update,ecs_get_raw,16,0,9,0.399612
khanvm1,"AMD EPYC-Milan Processor",32,"Linux 7.0.0-27-generic x86_64","15.2.0"," -O3 -DNDEBUG -DPITO_ECS_OWNED_DELETE_ATOMIC=1",32,100000,pito,owned_update,ecs_get_raw,16,0,10,0.428223
khanvm1,"AMD EPYC-Milan Processor",32,"Linux 7.0.0-27-generic x86_64","15.2.0"," -O3 -DNDEBUG -DPITO_ECS_OWNED_DELETE_ATOMIC=1",32,100000,pito,owned_update,ecs_get_raw,16,0,11,0.478614
khanvm1,"AMD EPYC-Milan Processor",32,"Linux 7.0.0-27-generic x86_64","15.2.0"," -O3 -DNDEBUG -DPITO_ECS_OWNED_DELETE_ATOMIC=1",32,100000,pito,owned_update,ecs_get_raw,16,0,12,0.621465
khanvm1,"AMD EPYC-Milan Processor",32,"Linux 7.0.0-27-generic x86_64","15.2.0"," -O3 -DNDEBUG -DPITO_ECS_OWNED_DELETE_ATOMIC=1",32,100000,pito,owned_update,ecs_get_raw,16,0,13,0.428123
khanvm1,"AMD EPYC-Milan Processor",32,"Linux 7.0.0-27-generic x86_64","15.2.0"," -O3 -DNDEBUG -DPITO_ECS_OWNED_DELETE_ATOMIC=1",32,100000,pito,owned_update,ecs_get_raw,16,0,14,0.440003
khanvm1,"AMD EPYC-Milan Processor",32,"Linux 7.0.0-27-generic x86_64","15.2.0"," -O3 -DNDEBUG -DPITO_ECS_OWNED_DELETE_ATOMIC=1",32,100000,pito,owned_update,ecs_get_raw,16,0,15,0.499473
khanvm1,"AMD EPYC-Milan Processor",32,"Linux 7.0.0-27-generic x86_64","15.2.0"," -O3 -DNDEBUG -DPITO_ECS_OWNED_DELETE_ATOMIC=1",32,100000,pito,owned_update,ecs_get_raw,16,0,16,0.427982
khanvm1,"AMD EPYC-Milan Processor",32,"Linux 7.0.0-27-generic x86_64","15.2.0"," -O3 -DNDEBUG -DPITO_ECS_OWNED_DELETE_ATOMIC=1",32,100000,pito,owned_update,ecs_get_raw,16,0,17,0.503655
khanvm1,"AMD EPYC-Milan Processor",32,"Linux 7.0.0-27-generic x86_64","15.2.0"," -O3 -DNDEBUG -DPITO_ECS_OWNED_DELETE_ATOMIC=1",32,100000,pito,owned_update,ecs_get_raw,16,0,18,0.410273
khanvm1,"AMD EPYC-Milan Processor",32,"Linux 7.0.0-27-generic x86_64","15.2.0"," -O3 -DNDEBUG -DPITO_ECS_OWNED_DELETE_ATOMIC=1",32,100000,pito,owned_update,ecs_get_raw,16,0,19,0.415623
khanvm1,"AMD EPYC-Milan Processor",32,"Linux 7.0.0-27-generic x86_64","15.2.0"," -O3 -DNDEBUG -DPITO_ECS_OWNED_DELETE_ATOMIC=1",32,100000,pito,owned_update,ecs_get_raw,16,0,20,0.403984
khanvm1,"AMD EPYC-Milan Processor",32,"Linux 7.0.0-27-generic x86_64","15.2.0"," -O3 -DNDEBUG -DPITO_ECS_OWNED_DELETE_ATOMIC=1",32,100000,pito,owned_update,ecs_get_raw,16,0,21,0.382221
khanvm1,"AMD EPYC-Milan Processor",32,"Linux 7.0.0-27-generic x86_64","15.2.0"," -O3 -DNDEBUG -DPITO_ECS_OWNED_DELETE_ATOMIC=1",32,100000,pito,owned_update,ecs_get_raw,16,0,22,0.422492
khanvm1,"AMD EPYC-Milan Processor",32,"Linux 7.0.0-27-generic x86_64","15.2.0"," -O3 -DNDEBUG -DPITO_ECS_OWNED_DELETE_ATOMIC=1",32,100000,pito,owned_update,ecs_get_raw,16,0,23,0.431033
khanvm1,"AMD EPYC-Milan Processor",32,"Linux 7.0.0-27-generic x86_64","15.2.0"," -O3 -DNDEBUG -DPITO_ECS_OWNED_DELETE_ATOMIC=1",32,100000,pito,owned_update,ecs_get_raw,16,0,24,0.429283
khanvm1,"AMD EPYC-Milan Processor",32,"Linux 7.0.0-27-generic x86_64","15.2.0"," -O3 -DNDEBUG -DPITO_ECS_OWNED_DELETE_ATOMIC=1",32,100000,pito,owned_update,ecs_get_raw,16,0,25,0.479784
khanvm1,"AMD EPYC-Milan Processor",32,"Linux 7.0.0-27-generic x86_64","15.2.0"," -O3 -DNDEBUG -DPITO_ECS_OWNED_DELETE_ATOMIC=1",32,100000,pito,owned_update,ecs_get_raw,16,0,26,0.404213
khanvm1,"AMD EPYC-Milan Processor",32,"Linux 7.0.0-27-generic x86_64","15.2.0"," -O3 -DNDEBUG -DPITO_ECS_OWNED_DELETE_ATOMIC=1",32,100000,pito,owned_update,ecs_get_raw,16,0,27,0.492524
khanvm1,"AMD EPYC-Milan Processor",32,"Linux 7.0.0-27-generic x86_64","15.2.0"," -O3 -DNDEBUG -DPITO_ECS_OWNED_DELETE_ATOMIC=1",32,100000,pito,owned_update,ecs_get_raw,16,0,28,0.410493
khanvm1,"AMD EPYC-Milan Processor",32,"Linux 7.0.0-27-generic x86_64","15.2.0"," -O3 -DNDEBUG -DPITO_ECS_OWNED_DELETE_ATOMIC=1",32,100000,pito,owned_update,ecs_get_raw,16,0,29,0.551214
khanvm1,"AMD EPYC-Milan Processor",32,"Linux 7.0.0-27-generic x86_64","15.2.0"," -O3 -DNDEBUG -DPITO_ECS_OWNED_DELETE_ATOMIC=1",32,100000,pito,owned_update,ecs_get_raw,16,0,30,0.483844
khanvm1,"AMD EPYC-Milan Processor",32,"Linux 7.0.0-27-generic x86_64","15.2.0"," -O3 -DNDEBUG -DPITO_ECS_OWNED_DELETE_ATOMIC=1",32,100000,pito,owned_update,ecs_get_raw,16,0,31,0.402793
khanvm1,"AMD EPYC-Milan Processor",32,"Linux 7.0.0-27-generic x86_64","15.2.0"," -O3 -DNDEBUG -DPITO_ECS_OWNED_DELETE_ATOMIC=1",32,100000,pito,owned_update,ecs_get_raw,16,0,32,0.412143
khanvm1,"AMD EPYC-Milan Processor",32,"Linux 7.0.0-27-generic x86_64","15.2.0"," -O3 -DNDEBUG -DPITO_ECS_OWNED_DELETE_ATOMIC=1",32,100000,pito,owned_update,ecs_get_raw,16,0,33,0.425793
khanvm1,"AMD EPYC-Milan Processor",32,"Linux 7.0.0-27-generic x86_64","15.2.0"," -O3 -DNDEBUG -DPITO_ECS_OWNED_DELETE_ATOMIC=1",32,100000,pito,owned_update,ecs_get_raw,16,0,34,0.597795
khanvm1,"AMD EPYC-Milan Processor",32,"Linux 7.0.0-27-generic x86_64","15.2.0"," -O3 -DNDEBUG -DPITO_ECS_OWNED_DELETE_ATOMIC=1",32,100000,pito,owned_update,ecs_get_raw,16,0,35,0.484623
khanvm1,"AMD EPYC-Milan Processor",32,"Linux 7.0.0-27-generic x86_64","15.2.0"," -O3 -DNDEBUG -DPITO_ECS_OWNED_DELETE_ATOMIC=1",32,100000,pito,owned_update,ecs_get_raw,16,0,36,0.605965
khanvm1,"AMD EPYC-Milan Processor",32,"Linux 7.0.0-27-generic x86_64","15.2.0"," -O3 -DNDEBUG -DPITO_ECS_OWNED_DELETE_ATOMIC=1",32,100000,pito,owned_update,ecs_get_raw,16,0,37,0.482875
khanvm1,"AMD EPYC-Milan Processor",32,"Linux 7.0.0-27-generic x86_64","15.2.0"," -O3 -DNDEBUG -DPITO_ECS_OWNED_DELETE_ATOMIC=1",32,100000,pito,owned_update,ecs_get_raw,16,0,38,0.437663
khanvm1,"AMD EPYC-Milan Processor",32,"Linux 7.0.0-27-generic x86_64","15.2.0"," -O3 -DNDEBUG -DPITO_ECS_OWNED_DELETE_ATOMIC=1",32,100000,pito,owned_update,ecs_get_raw,16,0,39,0.485785
khanvm1,"AMD EPYC-Milan Processor",32,"Linux 7.0.0-27-generic x86_64","15.2.0"," -O3 -DNDEBUG -DPITO_ECS_OWNED_DELETE_ATOMIC=1",32,100000,pito,owned_update,ecs_get_raw,16,0,40,0.467554
khanvm1,"AMD EPYC-Milan Processor",32,"Linux 7.0.0-27-generic x86_64","15.2.0"," -O3 -DNDEBUG -DPITO_ECS_OWNED_DELETE_ATOMIC=1",32,100000,pito,owned_update,ecs_get_raw,16,0,41,0.420452
khanvm1,"AMD EPYC-Milan Processor",32,"Linux 7.0.0-27-generic x86_64","15.2.0"," -O3 -DNDEBUG -DPITO_ECS_OWNED_DELETE_ATOMIC=1",32,100000,pito,owned_update,ecs_get_raw,16,0,42,0.420513
khanvm1,"AMD EPYC-Milan Processor",32,"Linux 7.0.0-27-generic x86_64","15.2.0"," -O3 -DNDEBUG -DPITO_ECS_OWNED_DELETE_ATOMIC=1",32,100000,pito,owned_update,ecs_get_raw,16,0,43,0.428702
khanvm1,"AMD EPYC-Milan Processor",32,"Linux 7.0.0-27-generic x86_64","15.2.0"," -O3 -DNDEBUG -DPITO_ECS_OWNED_DELETE_ATOMIC=1",32,100000,pito,owned_update,ecs_get_raw,16,0,44,0.403983
khanvm1,"AMD EPYC-Milan Processor",32,"Linux 7.0.0-27-generic x86_64","15.2.0"," -O3 -DNDEBUG -DPITO_ECS_OWNED_DELETE_ATOMIC=1",32,100000,pito,owned_update,ecs_get_raw,16,0,45,0.447074
khanvm1,"AMD EPYC-Milan Processor",32,"Linux 7.0.0-27-generic x86_64","15.2.0"," -O3 -DNDEBUG -DPITO_ECS_OWNED_DELETE_ATOMIC=1",32,100000,pito,owned_update,ecs_get_raw,16,0,46,0.451703
khanvm1,"AMD EPYC-Milan Processor",32,"Linux 7.0.0-27-generic x86_64","15.2.0"," -O3 -DNDEBUG -DPITO_ECS_OWNED_DELETE_ATOMIC=1",32,100000,pito,owned_update,ecs_get_raw,16,0,47,0.412342
khanvm1,"AMD EPYC-Milan Processor",32,"Linux 7.0.0-27-generic x86_64","15.2.0"," -O3 -DNDEBUG -DPITO_ECS_OWNED_DELETE_ATOMIC=1",32,100000,pito,owned_update,ecs_get_raw,16,0,48,0.399813
khanvm1,"AMD EPYC-Milan Processor",32,"Linux 7.0.0-27-generic x86_64","15.2.0"," -O3 -DNDEBUG -DPITO_ECS_OWNED_DELETE_ATOMIC=1",32,100000,pito,owned_update,ecs_get_raw,16,0,49,0.392774
khanvm1,"AMD EPYC-Milan Processor",32,"Linux 7.0.0-27-generic x86_64","15.2.0"," -O3 -DNDEBUG -DPITO_ECS_OWNED_DELETE_ATOMIC=1",32,100000,pito,owned_update,ecs_get_raw,16,0,50,0.431993
khanvm1,"AMD EPYC-Milan Processor",32,"Linux 7.0.0-27-generic x86_64","15.2.0"," -O3 -DNDEBUG -DPITO_ECS_OWNED_DELETE_ATOMIC=1",32,100000,pito,owned_update,ecs_get_raw,16,0,51,0.322073
khanvm1,"AMD EPYC-Milan Processor",32,"Linux 7.0.0-27-generic x86_64","15.2.0"," -O3 -DNDEBUG -DPITO_ECS_OWNED_DELETE_ATOMIC=1",32,100000,pito,owned_update,ecs_get_raw,16,0,52,0.382673
khanvm1,"AMD EPYC-Milan Processor",32,"Linux 7.0.0-27-generic x86_64","15.2.0"," -O3 -DNDEBUG -DPITO_ECS_OWNED_DELETE_ATOMIC=1",32,100000,pito,owned_update,ecs_get_raw,16,0,53,0.403973
khanvm1,"AMD EPYC-Milan Processor",32,"Linux 7.0.0-27-generic x86_64","15.2.0"," -O3 -DNDEBUG -DPITO_ECS_OWNED_DELETE_ATOMIC=1",32,100000,pito,owned_update,ecs_get_raw,16,10,1,1.209988
khanvm1,"AMD EPYC-Milan Processor",32,"Linux 7.0.0-27-generic x86_64","15.2.0"," -O3 -DNDEBUG -DPITO_ECS_OWNED_DELETE_ATOMIC=1",32,100000,pito,owned_update,ecs_get_raw,16,10,2,1.199708
khanvm1,"AMD EPYC-Milan Processor",32,"Linux 7.0.0-27-generic x86_64","15.2.0"," -O3 -DNDEBUG -DPITO_ECS_OWNED_DELETE_ATOMIC=1",32,100000,pito,owned_update,ecs_get_raw,16,10,3,1.199378
khanvm1,"AMD EPYC-Milan Processor",32,"Linux 7.0.0-27-generic x86_64","15.2.0"," -O3 -DNDEBUG -DPITO_ECS_OWNED_DELETE_ATOMIC=1",32,100000,pito,owned_update,ecs_get_raw,16,10,4,1.688962
khanvm1,"AMD EPYC-Milan Processor",32,"Linux 7.0.0-27-generic x86_64","15.2.0"," -O3 -DNDEBUG -DPITO_ECS_OWNED_DELETE_ATOMIC=1",32,100000,pito,owned_update,ecs_get_raw,16,10,5,1.186358
khanvm1,"AMD EPYC-Milan Processor",32,"Linux 7.0.0-27-generic x86_64","15.2.0"," -O3 -DNDEBUG -DPITO_ECS_OWNED_DELETE_ATOMIC=1",32,100000,pito,owned_update,ecs_get_raw,16,10,6,1.743793
khanvm1,"AMD EPYC-Milan Processor",32,"Linux 7.0.0-27-generic x86_64","15.2.0"," -O3 -DNDEBUG -DPITO_ECS_OWNED_DELETE_ATOMIC=1",32,100000,pito,owned_update,ecs_get_raw,16,10,7,1.195899
khanvm1,"AMD EPYC-Milan Processor",32,"Linux 7.0.0-27-generic x86_64","15.2.0"," -O3 -DNDEBUG -DPITO_ECS_OWNED_DELETE_ATOMIC=1",32,100000,pito,owned_update,ecs_get_raw,16,10,8,1.208569
khanvm1,"AMD EPYC-Milan Processor",32,"Linux 7.0.0-27-generic x86_64","15.2.0"," -O3 -DNDEBUG -DPITO_ECS_OWNED_DELETE_ATOMIC=1",32,100000,pito,owned_update,ecs_get_raw,16,10,9,1.237690
khanvm1,"AMD EPYC-Milan Processor",32,"Linux 7.0.0-27-generic x86_64","15.2.0"," -O3 -DNDEBUG -DPITO_ECS_OWNED_DELETE_ATOMIC=1",32,100000,pito,owned_update,ecs_get_raw,16,10,10,1.163638
khanvm1,"AMD EPYC-Milan Processor",32,"Linux 7.0.0-27-generic x86_64","15.2.0"," -O3 -DNDEBUG -DPITO_ECS_OWNED_DELETE_ATOMIC=1",32,100000,pito,owned_update,ecs_get_raw,16,10,11,1.226019
khanvm1,"AMD EPYC-Milan Processor",32,"Linux 7.0.0-27-generic x86_64","15.2.0"," -O3 -DNDEBUG -DPITO_ECS_OWNED_DELETE_ATOMIC=1",32,100000,pito,owned_update,ecs_get_raw,16,10,12,1.266490
khanvm1,"AMD EPYC-Milan Processor",32,"Linux 7.0.0-27-generic x86_64","15.2.0"," -O3 -DNDEBUG -DPITO_ECS_OWNED_DELETE_ATOMIC=1",32,100000,pito,owned_update,ecs_get_raw,16,10,13,1.191298
khanvm1,"AMD EPYC-Milan Processor",32,"Linux 7.0.0-27-generic x86_64","15.2.0"," -O3 -DNDEBUG -DPITO_ECS_OWNED_DELETE_ATOMIC=1",32,100000,pito,owned_update,ecs_get_raw,16,10,14,1.421350
khanvm1,"AMD EPYC-Milan Processor",32,"Linux 7.0.0-27-generic x86_64","15.2.0"," -O3 -DNDEBUG -DPITO_ECS_OWNED_DELETE_ATOMIC=1",32,100000,pito,owned_update,ecs_get_raw,16,10,15,1.364090
khanvm1,"AMD EPYC-Milan Processor",32,"Linux 7.0.0-27-generic x86_64","15.2.0"," -O3 -DNDEBUG -DPITO_ECS_OWNED_DELETE_ATOMIC=1",32,100000,pito,owned_update,ecs_get_raw,16,10,16,1.194738
khanvm1,"AMD EPYC-Milan Processor",32,"Linux 7.0.0-27-generic x86_64","15.2.0"," -O3 -DNDEBUG -DPITO_ECS_OWNED_DELETE_ATOMIC=1",32,100000,pito,owned_update,ecs_get_raw,16,10,17,1.232719
khanvm1,"AMD EPYC-Milan Processor",32,"Linux 7.0.0-27-generic x86_64","15.2.0"," -O3 -DNDEBUG -DPITO_ECS_OWNED_DELETE_ATOMIC=1",32,100000,pito,owned_update,ecs_get_raw,16,10,18,1.711422
khanvm1,"AMD EPYC-Milan Processor",32,"Linux 7.0.0-27-generic x86_64","15.2.0"," -O3 -DNDEBUG -DPITO_ECS_OWNED_DELETE_ATOMIC=1",32,100000,pito,owned_update,ecs_get_raw,16,10,19,1.172791
khanvm1,"AMD EPYC-Milan Processor",32,"Linux 7.0.0-27-generic x86_64","15.2.0"," -O3 -DNDEBUG -DPITO_ECS_OWNED_DELETE_ATOMIC=1",32,100000,pito,owned_update,ecs_get_raw,16,10,20,1.181148
khanvm1,"AMD EPYC-Milan Processor",32,"Linux 7.0.0-27-generic x86_64","15.2.0"," -O3 -DNDEBUG -DPITO_ECS_OWNED_DELETE_ATOMIC=1",32,100000,pito,owned_update,ecs_get_raw,16,10,21,1.173658
khanvm1,"AMD EPYC-Milan Processor",32,"Linux 7.0.0-27-generic x86_64","15.2.0"," -O3 -DNDEBUG -DPITO_ECS_OWNED_DELETE_ATOMIC=1",32,100000,pito,owned_update,ecs_get_raw,16,500,1,188.333588
khanvm1,"AMD EPYC-Milan Processor",32,"Linux 7.0.0-27-generic x86_64","15.2.0"," -O3 -DNDEBUG -DPITO_ECS_OWNED_DELETE_ATOMIC=1",32,100000,pito,owned_update,ecs_get_raw,16,500,2,186.094461
khanvm1,"AMD EPYC-Milan Processor",32,"Linux 7.0.0-27-generic x86_64","15.2.0"," -O3 -DNDEBUG -DPITO_ECS_OWNED_DELETE_ATOMIC=1",32,100000,pito,owned_update,ecs_get_raw,16,500,3,185.953241
khanvm1,"AMD EPYC-Milan Processor",32,"Linux 7.0.0-27-generic x86_64","15.2.0"," -O3 -DNDEBUG -DPITO_ECS_OWNED_DELETE_ATOMIC=1",32,100000,pito,owned_update,ecs_get_raw,16,500,4,185.966403
khanvm1,"AMD EPYC-Milan Processor",32,"Linux 7.0.0-27-generic x86_64","15.2.0"," -O3 -DNDEBUG -DPITO_ECS_OWNED_DELETE_ATOMIC=1",32,100000,pito,owned_update,ecs_get_raw,16,500,5,186.092643
khanvm1,"AMD EPYC-Milan Processor",32,"Linux 7.0.0-27-generic x86_64","15.2.0"," -O3 -DNDEBUG -DPITO_ECS_OWNED_DELETE_ATOMIC=1",32,100000,pito,owned_update,ecs_get_raw,16,500,6,185.929132
khanvm1,"AMD EPYC-Milan Processor",32,"Linux 7.0.0-27-generic x86_64","15.2.0"," -O3 -DNDEBUG -DPITO_ECS_OWNED_DELETE_ATOMIC=1",32,100000,pito,owned_update,ecs_get_raw,16,500,7,188.076366
khanvm1,"AMD EPYC-Milan Processor",32,"Linux 7.0.0-27-generic x86_64","15.2.0"," -O3 -DNDEBUG -DPITO_ECS_OWNED_DELETE_ATOMIC=1",32,100000,pito,owned_update,ecs_get_raw,16,500,8,188.113807
khanvm1,"AMD EPYC-Milan Processor",32,"Linux 7.0.0-27-generic x86_64","15.2.0"," -O3 -DNDEBUG -DPITO_ECS_OWNED_DELETE_ATOMIC=1",32,100000,pito,owned_update,ecs_get_raw,16,500,9,186.665288
khanvm1,"AMD EPYC-Milan Processor",32,"Linux 7.0.0-27-generic x86_64","15.2.0"," -O3 -DNDEBUG -DPITO_ECS_OWNED_DELETE_ATOMIC=1",32,100000,pito,owned_update,ecs_get_raw,16,500,10,185.949862
khanvm1,"AMD EPYC-Milan Processor",32,"Linux 7.0.0-27-generic x86_64","15.2.0"," -O3 -DNDEBUG -DPITO_ECS_OWNED_DELETE_ATOMIC=1",32,100000,pito,owned_update,ecs_get_raw,32,0,1,0.481315
khanvm1,"AMD EPYC-Milan Processor",32,"Linux 7.0.0-27-generic x86_64","15.2.0"," -O3 -DNDEBUG -DPITO_ECS_OWNED_DELETE_ATOMIC=1",32,100000,pito,owned_update,ecs_get_raw,32,0,2,0.452224
khanvm1,"AMD EPYC-Milan Processor",32,"Linux 7.0.0-27-generic x86_64","15.2.0"," -O3 -DNDEBUG -DPITO_ECS_OWNED_DELETE_ATOMIC=1",32,100000,pito,owned_update,ecs_get_raw,32,0,3,0.435332
khanvm1,"AMD EPYC-Milan Processor",32,"Linux 7.0.0-27-generic x86_64","15.2.0"," -O3 -DNDEBUG -DPITO_ECS_OWNED_DELETE_ATOMIC=1",32,100000,pito,owned_update,ecs_get_raw,32,0,4,0.431014
khanvm1,"AMD EPYC-Milan Processor",32,"Linux 7.0.0-27-generic x86_64","15.2.0"," -O3 -DNDEBUG -DPITO_ECS_OWNED_DELETE_ATOMIC=1",32,100000,pito,owned_update,ecs_get_raw,32,0,5,0.427802
khanvm1,"AMD EPYC-Milan Processor",32,"Linux 7.0.0-27-generic x86_64","15.2.0"," -O3 -DNDEBUG -DPITO_ECS_OWNED_DELETE_ATOMIC=1",32,100000,pito,owned_update,ecs_get_raw,32,0,6,0.486485
khanvm1,"AMD EPYC-Milan Processor",32,"Linux 7.0.0-27-generic x86_64","15.2.0"," -O3 -DNDEBUG -DPITO_ECS_OWNED_DELETE_ATOMIC=1",32,100000,pito,owned_update,ecs_get_raw,32,0,7,0.425643
khanvm1,"AMD EPYC-Milan Processor",32,"Linux 7.0.0-27-generic x86_64","15.2.0"," -O3 -DNDEBUG -DPITO_ECS_OWNED_DELETE_ATOMIC=1",32,100000,pito,owned_update,ecs_get_raw,32,0,8,0.429523
khanvm1,"AMD EPYC-Milan Processor",32,"Linux 7.0.0-27-generic x86_64","15.2.0"," -O3 -DNDEBUG -DPITO_ECS_OWNED_DELETE_ATOMIC=1",32,100000,pito,owned_update,ecs_get_raw,32,0,9,1.215698
khanvm1,"AMD EPYC-Milan Processor",32,"Linux 7.0.0-27-generic x86_64","15.2.0"," -O3 -DNDEBUG -DPITO_ECS_OWNED_DELETE_ATOMIC=1",32,100000,pito,owned_update,ecs_get_raw,32,0,10,0.399432
khanvm1,"AMD EPYC-Milan Processor",32,"Linux 7.0.0-27-generic x86_64","15.2.0"," -O3 -DNDEBUG -DPITO_ECS_OWNED_DELETE_ATOMIC=1",32,100000,pito,owned_update,ecs_get_raw,32,0,11,0.373872
khanvm1,"AMD EPYC-Milan Processor",32,"Linux 7.0.0-27-generic x86_64","15.2.0"," -O3 -DNDEBUG -DPITO_ECS_OWNED_DELETE_ATOMIC=1",32,100000,pito,owned_update,ecs_get_raw,32,0,12,0.392512
khanvm1,"AMD EPYC-Milan Processor",32,"Linux 7.0.0-27-generic x86_64","15.2.0"," -O3 -DNDEBUG -DPITO_ECS_OWNED_DELETE_ATOMIC=1",32,100000,pito,owned_update,ecs_get_raw,32,0,13,0.376433
khanvm1,"AMD EPYC-Milan Processor",32,"Linux 7.0.0-27-generic x86_64","15.2.0"," -O3 -DNDEBUG -DPITO_ECS_OWNED_DELETE_ATOMIC=1",32,100000,pito,owned_update,ecs_get_raw,32,0,14,0.381052
khanvm1,"AMD EPYC-Milan Processor",32,"Linux 7.0.0-27-generic x86_64","15.2.0"," -O3 -DNDEBUG -DPITO_ECS_OWNED_DELETE_ATOMIC=1",32,100000,pito,owned_update,ecs_get_raw,32,0,15,0.451154
khanvm1,"AMD EPYC-Milan Processor",32,"Linux 7.0.0-27-generic x86_64","15.2.0"," -O3 -DNDEBUG -DPITO_ECS_OWNED_DELETE_ATOMIC=1",32,100000,pito,owned_update,ecs_get_raw,32,0,16,0.456352
khanvm1,"AMD EPYC-Milan Processor",32,"Linux 7.0.0-27-generic x86_64","15.2.0"," -O3 -DNDEBUG -DPITO_ECS_OWNED_DELETE_ATOMIC=1",32,100000,pito,owned_update,ecs_get_raw,32,0,17,0.398423
khanvm1,"AMD EPYC-Milan Processor",32,"Linux 7.0.0-27-generic x86_64","15.2.0"," -O3 -DNDEBUG -DPITO_ECS_OWNED_DELETE_ATOMIC=1",32,100000,pito,owned_update,ecs_get_raw,32,0,18,0.445933
khanvm1,"AMD EPYC-Milan Processor",32,"Linux 7.0.0-27-generic x86_64","15.2.0"," -O3 -DNDEBUG -DPITO_ECS_OWNED_DELETE_ATOMIC=1",32,100000,pito,owned_update,ecs_get_raw,32,0,19,0.438725
khanvm1,"AMD EPYC-Milan Processor",32,"Linux 7.0.0-27-generic x86_64","15.2.0"," -O3 -DNDEBUG -DPITO_ECS_OWNED_DELETE_ATOMIC=1",32,100000,pito,owned_update,ecs_get_raw,32,0,20,0.431493
khanvm1,"AMD EPYC-Milan Processor",32,"Linux 7.0.0-27-generic x86_64","15.2.0"," -O3 -DNDEBUG -DPITO_ECS_OWNED_DELETE_ATOMIC=1",32,100000,pito,owned_update,ecs_get_raw,32,0,21,0.486563
khanvm1,"AMD EPYC-Milan Processor",32,"Linux 7.0.0-27-generic x86_64","15.2.0"," -O3 -DNDEBUG -DPITO_ECS_OWNED_DELETE_ATOMIC=1",32,100000,pito,owned_update,ecs_get_raw,32,0,22,0.476034
khanvm1,"AMD EPYC-Milan Processor",32,"Linux 7.0.0-27-generic x86_64","15.2.0"," -O3 -DNDEBUG -DPITO_ECS_OWNED_DELETE_ATOMIC=1",32,100000,pito,owned_update,ecs_get_raw,32,0,23,0.430133
khanvm1,"AMD EPYC-Milan Processor",32,"Linux 7.0.0-27-generic x86_64","15.2.0"," -O3 -DNDEBUG -DPITO_ECS_OWNED_DELETE_ATOMIC=1",32,100000,pito,owned_update,ecs_get_raw,32,0,24,0.420743
khanvm1,"AMD EPYC-Milan Processor",32,"Linux 7.0.0-27-generic x86_64","15.2.0"," -O3 -DNDEBUG -DPITO_ECS_OWNED_DELETE_ATOMIC=1",32,100000,pito,owned_update,ecs_get_raw,32,10,1,1.001137
khanvm1,"AMD EPYC-Milan Processor",32,"Linux 7.0.0-27-generic x86_64","15.2.0"," -O3 -DNDEBUG -DPITO_ECS_OWNED_DELETE_ATOMIC=1",32,100000,pito,owned_update,ecs_get_raw,32,10,2,1.005366
khanvm1,"AMD EPYC-Milan Processor",32,"Linux 7.0.0-27-generic x86_64","15.2.0"," -O3 -DNDEBUG -DPITO_ECS_OWNED_DELETE_ATOMIC=1",32,100000,pito,owned_update,ecs_get_raw,32,10,3,1.007827
khanvm1,"AMD EPYC-Milan Processor",32,"Linux 7.0.0-27-generic x86_64","15.2.0"," -O3 -DNDEBUG -DPITO_ECS_OWNED_DELETE_ATOMIC=1",32,100000,pito,owned_update,ecs_get_raw,32,10,4,1.034019
khanvm1,"AMD EPYC-Milan Processor",32,"Linux 7.0.0-27-generic x86_64","15.2.0"," -O3 -DNDEBUG -DPITO_ECS_OWNED_DELETE_ATOMIC=1",32,100000,pito,owned_update,ecs_get_raw,32,10,5,1.046698
khanvm1,"AMD EPYC-Milan Processor",32,"Linux 7.0.0-27-generic x86_64","15.2.0"," -O3 -DNDEBUG -DPITO_ECS_OWNED_DELETE_ATOMIC=1",32,100000,pito,owned_update,ecs_get_raw,32,10,6,1.048508
khanvm1,"AMD EPYC-Milan Processor",32,"Linux 7.0.0-27-generic x86_64","15.2.0"," -O3 -DNDEBUG -DPITO_ECS_OWNED_DELETE_ATOMIC=1",32,100000,pito,owned_update,ecs_get_raw,32,10,7,1.036667
khanvm1,"AMD EPYC-Milan Processor",32,"Linux 7.0.0-27-generic x86_64","15.2.0"," -O3 -DNDEBUG -DPITO_ECS_OWNED_DELETE_ATOMIC=1",32,100000,pito,owned_update,ecs_get_raw,32,10,8,1.056706
khanvm1,"AMD EPYC-Milan Processor",32,"Linux 7.0.0-27-generic x86_64","15.2.0"," -O3 -DNDEBUG -DPITO_ECS_OWNED_DELETE_ATOMIC=1",32,100000,pito,owned_update,ecs_get_raw,32,10,9,1.054507
khanvm1,"AMD EPYC-Milan Processor",32,"Linux 7.0.0-27-generic x86_64","15.2.0"," -O3 -DNDEBUG -DPITO_ECS_OWNED_DELETE_ATOMIC=1",32,100000,pito,owned_update,ecs_get_raw,32,10,10,1.010077
khanvm1,"AMD EPYC-Milan Processor",32,"Linux 7.0.0-27-generic x86_64","15.2.0"," -O3 -DNDEBUG -DPITO_ECS_OWNED_DELETE_ATOMIC=1",32,100000,pito,owned_update,ecs_get_raw,32,500,1,95.562294
khanvm1,"AMD EPYC-Milan Processor",32,"Linux 7.0.0-27-generic x86_64","15.2.0"," -O3 -DNDEBUG -DPITO_ECS_OWNED_DELETE_ATOMIC=1",32,100000,pito,owned_update,ecs_get_raw,32,500,2,94.618948
khanvm1,"AMD EPYC-Milan Processor",32,"Linux 7.0.0-27-generic x86_64","15.2.0"," -O3 -DNDEBUG -DPITO_ECS_OWNED_DELETE_ATOMIC=1",32,100000,pito,owned_update,ecs_get_raw,32,500,3,93.266987
khanvm1,"AMD EPYC-Milan Processor",32,"Linux 7.0.0-27-generic x86_64","15.2.0"," -O3 -DNDEBUG -DPITO_ECS_OWNED_DELETE_ATOMIC=1",32,100000,pito,owned_update,ecs_get_raw,32,500,4,94.437356
khanvm1,"AMD EPYC-Milan Processor",32,"Linux 7.0.0-27-generic x86_64","15.2.0"," -O3 -DNDEBUG -DPITO_ECS_OWNED_DELETE_ATOMIC=1",32,100000,pito,owned_update,ecs_get_raw,32,500,5,94.516347
khanvm1,"AMD EPYC-Milan Processor",32,"Linux 7.0.0-27-generic x86_64","15.2.0"," -O3 -DNDEBUG -DPITO_ECS_OWNED_DELETE_ATOMIC=1",32,100000,pito,owned_update,ecs_get_raw,32,500,6,93.408648
khanvm1,"AMD EPYC-Milan Processor",32,"Linux 7.0.0-27-generic x86_64","15.2.0"," -O3 -DNDEBUG -DPITO_ECS_OWNED_DELETE_ATOMIC=1",32,100000,pito,owned_update,ecs_get_raw,32,500,7,94.881979
khanvm1,"AMD EPYC-Milan Processor",32,"Linux 7.0.0-27-generic x86_64","15.2.0"," -O3 -DNDEBUG -DPITO_ECS_OWNED_DELETE_ATOMIC=1",32,100000,pito,owned_update,ecs_get_raw,32,500,8,93.255657
khanvm1,"AMD EPYC-Milan Processor",32,"Linux 7.0.0-27-generic x86_64","15.2.0"," -O3 -DNDEBUG -DPITO_ECS_OWNED_DELETE_ATOMIC=1",32,100000,pito,owned_update,ecs_get_raw,32,500,9,94.616767
khanvm1,"AMD EPYC-Milan Processor",32,"Linux 7.0.0-27-generic x86_64","15.2.0"," -O3 -DNDEBUG -DPITO_ECS_OWNED_DELETE_ATOMIC=1",32,100000,pito,owned_update,ecs_get_raw,32,500,10,93.145328
khanvm1,"AMD EPYC-Milan Processor",32,"Linux 7.0.0-27-generic x86_64","15.2.0"," -O3 -DNDEBUG",32,100000,pico,owned_insert,,1,0,1,121.866454
khanvm1,"AMD EPYC-Milan Processor",32,"Linux 7.0.0-27-generic x86_64","15.2.0"," -O3 -DNDEBUG",32,100000,pico,owned_insert,,1,0,2,119.219164
khanvm1,"AMD EPYC-Milan Processor",32,"Linux 7.0.0-27-generic x86_64","15.2.0"," -O3 -DNDEBUG",32,100000,pico,owned_insert,,1,0,3,119.833089
khanvm1,"AMD EPYC-Milan Processor",32,"Linux 7.0.0-27-generic x86_64","15.2.0"," -O3 -DNDEBUG",32,100000,pico,owned_insert,,1,0,4,119.696808
khanvm1,"AMD EPYC-Milan Processor",32,"Linux 7.0.0-27-generic x86_64","15.2.0"," -O3 -DNDEBUG",32,100000,pico,owned_insert,,1,0,5,120.194701
khanvm1,"AMD EPYC-Milan Processor",32,"Linux 7.0.0-27-generic x86_64","15.2.0"," -O3 -DNDEBUG",32,100000,pico,owned_insert,,1,0,6,119.808949
khanvm1,"AMD EPYC-Milan Processor",32,"Linux 7.0.0-27-generic x86_64","15.2.0"," -O3 -DNDEBUG",32,100000,pico,owned_insert,,1,0,7,119.357625
khanvm1,"AMD EPYC-Milan Processor",32,"Linux 7.0.0-27-generic x86_64","15.2.0"," -O3 -DNDEBUG",32,100000,pico,owned_insert,,1,0,8,119.302804
khanvm1,"AMD EPYC-Milan Processor",32,"Linux 7.0.0-27-generic x86_64","15.2.0"," -O3 -DNDEBUG",32,100000,pico,owned_insert,,1,0,9,119.984989
khanvm1,"AMD EPYC-Milan Processor",32,"Linux 7.0.0-27-generic x86_64","15.2.0"," -O3 -DNDEBUG",32,100000,pico,owned_insert,,1,0,10,119.767098
khanvm1,"AMD EPYC-Milan Processor",32,"Linux 7.0.0-27-generic x86_64","15.2.0"," -O3 -DNDEBUG",32,100000,pico,owned_insert,,1,10,1,128.856094
khanvm1,"AMD EPYC-Milan Processor",32,"Linux 7.0.0-27-generic x86_64","15.2.0"," -O3 -DNDEBUG",32,100000,pico,owned_insert,,1,10,2,129.424858
khanvm1,"AMD EPYC-Milan Processor",32,"Linux 7.0.0-27-generic x86_64","15.2.0"," -O3 -DNDEBUG",32,100000,pico,owned_insert,,1,10,3,129.717659
khanvm1,"AMD EPYC-Milan Processor",32,"Linux 7.0.0-27-generic x86_64","15.2.0"," -O3 -DNDEBUG",32,100000,pico,owned_insert,,1,10,4,130.627477
khanvm1,"AMD EPYC-Milan Processor",32,"Linux 7.0.0-27-generic x86_64","15.2.0"," -O3 -DNDEBUG",32,100000,pico,owned_insert,,1,10,5,129.372958
khanvm1,"AMD EPYC-Milan Processor",32,"Linux 7.0.0-27-generic x86_64","15.2.0"," -O3 -DNDEBUG",32,100000,pico,owned_insert,,1,10,6,129.727050
khanvm1,"AMD EPYC-Milan Processor",32,"Linux 7.0.0-27-generic x86_64","15.2.0"," -O3 -DNDEBUG",32,100000,pico,owned_insert,,1,10,7,128.831423
khanvm1,"AMD EPYC-Milan Processor",32,"Linux 7.0.0-27-generic x86_64","15.2.0"," -O3 -DNDEBUG",32,100000,pico,owned_insert,,1,10,8,129.668710
khanvm1,"AMD EPYC-Milan Processor",32,"Linux 7.0.0-27-generic x86_64","15.2.0"," -O3 -DNDEBUG",32,100000,pico,owned_insert,,1,10,9,128.959343
khanvm1,"AMD EPYC-Milan Processor",32,"Linux 7.0.0-27-generic x86_64","15.2.0"," -O3 -DNDEBUG",32,100000,pico,owned_insert,,1,10,10,128.435210
khanvm1,"AMD EPYC-Milan Processor",32,"Linux 7.0.0-27-generic x86_64","15.2.0"," -O3 -DNDEBUG",32,100000,pico,owned_insert,,1,500,1,3080.922889
khanvm1,"AMD EPYC-Milan Processor",32,"Linux 7.0.0-27-generic x86_64","15.2.0"," -O3 -DNDEBUG",32,100000,pico,owned_insert,,1,500,2,3090.055356
khanvm1,"AMD EPYC-Milan Processor",32,"Linux 7.0.0-27-generic x86_64","15.2.0"," -O3 -DNDEBUG",32,100000,pico,owned_insert,,1,500,3,3078.995485
khanvm1,"AMD EPYC-Milan Processor",32,"Linux 7.0.0-27-generic x86_64","15.2.0"," -O3 -DNDEBUG",32,100000,pico,owned_insert,,1,500,4,3078.977236
khanvm1,"AMD EPYC-Milan Processor",32,"Linux 7.0.0-27-generic x86_64","15.2.0"," -O3 -DNDEBUG",32,100000,pico,owned_insert,,1,500,5,3078.942306
khanvm1,"AMD EPYC-Milan Processor",32,"Linux 7.0.0-27-generic x86_64","15.2.0"," -O3 -DNDEBUG",32,100000,pico,owned_insert,,1,500,6,3087.458958
khanvm1,"AMD EPYC-Milan Processor",32,"Linux 7.0.0-27-generic x86_64","15.2.0"," -O3 -DNDEBUG",32,100000,pico,owned_insert,,1,500,7,3080.797909
khanvm1,"AMD EPYC-Milan Processor",32,"Linux 7.0.0-27-generic x86_64","15.2.0"," -O3 -DNDEBUG",32,100000,pico,owned_insert,,1,500,8,3079.527021
khanvm1,"AMD EPYC-Milan Processor",32,"Linux 7.0.0-27-generic x86_64","15.2.0"," -O3 -DNDEBUG",32,100000,pico,owned_insert,,1,500,9,3091.754539
khanvm1,"AMD EPYC-Milan Processor",32,"Linux 7.0.0-27-generic x86_64","15.2.0"," -O3 -DNDEBUG",32,100000,pico,owned_insert,,1,500,10,3082.456100
khanvm1,"AMD EPYC-Milan Processor",32,"Linux 7.0.0-27-generic x86_64","15.2.0"," -O3 -DNDEBUG",32,100000,flecs,owned_insert,,1,0,1,446.690040
khanvm1,"AMD EPYC-Milan Processor",32,"Linux 7.0.0-27-generic x86_64","15.2.0"," -O3 -DNDEBUG",32,100000,flecs,owned_insert,,1,0,2,426.592856
khanvm1,"AMD EPYC-Milan Processor",32,"Linux 7.0.0-27-generic x86_64","15.2.0"," -O3 -DNDEBUG",32,100000,flecs,owned_insert,,1,0,3,437.410853
khanvm1,"AMD EPYC-Milan Processor",32,"Linux 7.0.0-27-generic x86_64","15.2.0"," -O3 -DNDEBUG",32,100000,flecs,owned_insert,,1,0,4,428.553481
khanvm1,"AMD EPYC-Milan Processor",32,"Linux 7.0.0-27-generic x86_64","15.2.0"," -O3 -DNDEBUG",32,100000,flecs,owned_insert,,1,0,5,428.705841
khanvm1,"AMD EPYC-Milan Processor",32,"Linux 7.0.0-27-generic x86_64","15.2.0"," -O3 -DNDEBUG",32,100000,flecs,owned_insert,,1,0,6,435.918973
khanvm1,"AMD EPYC-Milan Processor",32,"Linux 7.0.0-27-generic x86_64","15.2.0"," -O3 -DNDEBUG",32,100000,flecs,owned_insert,,1,0,7,427.672135
khanvm1,"AMD EPYC-Milan Processor",32,"Linux 7.0.0-27-generic x86_64","15.2.0"," -O3 -DNDEBUG",32,100000,flecs,owned_insert,,1,0,8,426.949408
khanvm1,"AMD EPYC-Milan Processor",32,"Linux 7.0.0-27-generic x86_64","15.2.0"," -O3 -DNDEBUG",32,100000,flecs,owned_insert,,1,0,9,428.449579
khanvm1,"AMD EPYC-Milan Processor",32,"Linux 7.0.0-27-generic x86_64","15.2.0"," -O3 -DNDEBUG",32,100000,flecs,owned_insert,,1,0,10,427.627995
khanvm1,"AMD EPYC-Milan Processor",32,"Linux 7.0.0-27-generic x86_64","15.2.0"," -O3 -DNDEBUG",32,100000,flecs,owned_insert,,1,10,1,434.798724
khanvm1,"AMD EPYC-Milan Processor",32,"Linux 7.0.0-27-generic x86_64","15.2.0"," -O3 -DNDEBUG",32,100000,flecs,owned_insert,,1,10,2,432.883571
khanvm1,"AMD EPYC-Milan Processor",32,"Linux 7.0.0-27-generic x86_64","15.2.0"," -O3 -DNDEBUG",32,100000,flecs,owned_insert,,1,10,3,434.139919
khanvm1,"AMD EPYC-Milan Processor",32,"Linux 7.0.0-27-generic x86_64","15.2.0"," -O3 -DNDEBUG",32,100000,flecs,owned_insert,,1,10,4,432.836672
khanvm1,"AMD EPYC-Milan Processor",32,"Linux 7.0.0-27-generic x86_64","15.2.0"," -O3 -DNDEBUG",32,100000,flecs,owned_insert,,1,10,5,432.817091
khanvm1,"AMD EPYC-Milan Processor",32,"Linux 7.0.0-27-generic x86_64","15.2.0"," -O3 -DNDEBUG",32,100000,flecs,owned_insert,,1,10,6,430.430794
khanvm1,"AMD EPYC-Milan Processor",32,"Linux 7.0.0-27-generic x86_64","15.2.0"," -O3 -DNDEBUG",32,100000,flecs,owned_insert,,1,10,7,432.508389
khanvm1,"AMD EPYC-Milan Processor",32,"Linux 7.0.0-27-generic x86_64","15.2.0"," -O3 -DNDEBUG",32,100000,flecs,owned_insert,,1,10,8,432.282407
khanvm1,"AMD EPYC-Milan Processor",32,"Linux 7.0.0-27-generic x86_64","15.2.0"," -O3 -DNDEBUG",32,100000,flecs,owned_insert,,1,10,9,431.776514
khanvm1,"AMD EPYC-Milan Processor",32,"Linux 7.0.0-27-generic x86_64","15.2.0"," -O3 -DNDEBUG",32,100000,flecs,owned_insert,,1,10,10,437.451674
khanvm1,"AMD EPYC-Milan Processor",32,"Linux 7.0.0-27-generic x86_64","15.2.0"," -O3 -DNDEBUG",32,100000,flecs,owned_insert,,1,500,1,3427.151370
khanvm1,"AMD EPYC-Milan Processor",32,"Linux 7.0.0-27-generic x86_64","15.2.0"," -O3 -DNDEBUG",32,100000,flecs,owned_insert,,1,500,2,3426.726647
khanvm1,"AMD EPYC-Milan Processor",32,"Linux 7.0.0-27-generic x86_64","15.2.0"," -O3 -DNDEBUG",32,100000,flecs,owned_insert,,1,500,3,3441.506463
khanvm1,"AMD EPYC-Milan Processor",32,"Linux 7.0.0-27-generic x86_64","15.2.0"," -O3 -DNDEBUG",32,100000,flecs,owned_insert,,1,500,4,3429.278056
khanvm1,"AMD EPYC-Milan Processor",32,"Linux 7.0.0-27-generic x86_64","15.2.0"," -O3 -DNDEBUG",32,100000,flecs,owned_insert,,1,500,5,3437.719456
khanvm1,"AMD EPYC-Milan Processor",32,"Linux 7.0.0-27-generic x86_64","15.2.0"," -O3 -DNDEBUG",32,100000,flecs,owned_insert,,1,500,6,3431.659623
khanvm1,"AMD EPYC-Milan Processor",32,"Linux 7.0.0-27-generic x86_64","15.2.0"," -O3 -DNDEBUG",32,100000,flecs,owned_insert,,1,500,7,3433.070753
khanvm1,"AMD EPYC-Milan Processor",32,"Linux 7.0.0-27-generic x86_64","15.2.0"," -O3 -DNDEBUG",32,100000,flecs,owned_insert,,1,500,8,3422.666027
khanvm1,"AMD EPYC-Milan Processor",32,"Linux 7.0.0-27-generic x86_64","15.2.0"," -O3 -DNDEBUG",32,100000,flecs,owned_insert,,1,500,9,3423.997828
khanvm1,"AMD EPYC-Milan Processor",32,"Linux 7.0.0-27-generic x86_64","15.2.0"," -O3 -DNDEBUG",32,100000,flecs,owned_insert,,1,500,10,3428.344269
khanvm1,"AMD EPYC-Milan Processor",32,"Linux 7.0.0-27-generic x86_64","15.2.0"," -O3 -DNDEBUG",32,100000,flecs,owned_insert,,2,0,1,265.569872
khanvm1,"AMD EPYC-Milan Processor",32,"Linux 7.0.0-27-generic x86_64","15.2.0"," -O3 -DNDEBUG",32,100000,flecs,owned_insert,,2,0,2,271.074592
khanvm1,"AMD EPYC-Milan Processor",32,"Linux 7.0.0-27-generic x86_64","15.2.0"," -O3 -DNDEBUG",32,100000,flecs,owned_insert,,2,0,3,273.585010
khanvm1,"AMD EPYC-Milan Processor",32,"Linux 7.0.0-27-generic x86_64","15.2.0"," -O3 -DNDEBUG",32,100000,flecs,owned_insert,,2,0,4,301.208667
khanvm1,"AMD EPYC-Milan Processor",32,"Linux 7.0.0-27-generic x86_64","15.2.0"," -O3 -DNDEBUG",32,100000,flecs,owned_insert,,2,0,5,274.494167
khanvm1,"AMD EPYC-Milan Processor",32,"Linux 7.0.0-27-generic x86_64","15.2.0"," -O3 -DNDEBUG",32,100000,flecs,owned_insert,,2,0,6,273.324086
khanvm1,"AMD EPYC-Milan Processor",32,"Linux 7.0.0-27-generic x86_64","15.2.0"," -O3 -DNDEBUG",32,100000,flecs,owned_insert,,2,0,7,274.786679
khanvm1,"AMD EPYC-Milan Processor",32,"Linux 7.0.0-27-generic x86_64","15.2.0"," -O3 -DNDEBUG",32,100000,flecs,owned_insert,,2,0,8,276.050398
khanvm1,"AMD EPYC-Milan Processor",32,"Linux 7.0.0-27-generic x86_64","15.2.0"," -O3 -DNDEBUG",32,100000,flecs,owned_insert,,2,0,9,272.452673
khanvm1,"AMD EPYC-Milan Processor",32,"Linux 7.0.0-27-generic x86_64","15.2.0"," -O3 -DNDEBUG",32,100000,flecs,owned_insert,,2,0,10,276.492480
khanvm1,"AMD EPYC-Milan Processor",32,"Linux 7.0.0-27-generic x86_64","15.2.0"," -O3 -DNDEBUG",32,100000,flecs,owned_insert,,2,0,11,272.148750
khanvm1,"AMD EPYC-Milan Processor",32,"Linux 7.0.0-27-generic x86_64","15.2.0"," -O3 -DNDEBUG",32,100000,flecs,owned_insert,,2,10,1,273.774021
khanvm1,"AMD EPYC-Milan Processor",32,"Linux 7.0.0-27-generic x86_64","15.2.0"," -O3 -DNDEBUG",32,100000,flecs,owned_insert,,2,10,2,275.012140
khanvm1,"AMD EPYC-Milan Processor",32,"Linux 7.0.0-27-generic x86_64","15.2.0"," -O3 -DNDEBUG",32,100000,flecs,owned_insert,,2,10,3,277.226416
khanvm1,"AMD EPYC-Milan Processor",32,"Linux 7.0.0-27-generic x86_64","15.2.0"," -O3 -DNDEBUG",32,100000,flecs,owned_insert,,2,10,4,278.127273
khanvm1,"AMD EPYC-Milan Processor",32,"Linux 7.0.0-27-generic x86_64","15.2.0"," -O3 -DNDEBUG",32,100000,flecs,owned_insert,,2,10,5,275.152431
khanvm1,"AMD EPYC-Milan Processor",32,"Linux 7.0.0-27-generic x86_64","15.2.0"," -O3 -DNDEBUG",32,100000,flecs,owned_insert,,2,10,6,274.707168
khanvm1,"AMD EPYC-Milan Processor",32,"Linux 7.0.0-27-generic x86_64","15.2.0"," -O3 -DNDEBUG",32,100000,flecs,owned_insert,,2,10,7,276.649202
khanvm1,"AMD EPYC-Milan Processor",32,"Linux 7.0.0-27-generic x86_64","15.2.0"," -O3 -DNDEBUG",32,100000,flecs,owned_insert,,2,10,8,277.359437
khanvm1,"AMD EPYC-Milan Processor",32,"Linux 7.0.0-27-generic x86_64","15.2.0"," -O3 -DNDEBUG",32,100000,flecs,owned_insert,,2,10,9,276.880023
khanvm1,"AMD EPYC-Milan Processor",32,"Linux 7.0.0-27-generic x86_64","15.2.0"," -O3 -DNDEBUG",32,100000,flecs,owned_insert,,2,10,10,276.552801
khanvm1,"AMD EPYC-Milan Processor",32,"Linux 7.0.0-27-generic x86_64","15.2.0"," -O3 -DNDEBUG",32,100000,flecs,owned_insert,,2,500,1,1800.211407
khanvm1,"AMD EPYC-Milan Processor",32,"Linux 7.0.0-27-generic x86_64","15.2.0"," -O3 -DNDEBUG",32,100000,flecs,owned_insert,,2,500,2,1798.756805
khanvm1,"AMD EPYC-Milan Processor",32,"Linux 7.0.0-27-generic x86_64","15.2.0"," -O3 -DNDEBUG",32,100000,flecs,owned_insert,,2,500,3,1799.913815
khanvm1,"AMD EPYC-Milan Processor",32,"Linux 7.0.0-27-generic x86_64","15.2.0"," -O3 -DNDEBUG",32,100000,flecs,owned_insert,,2,500,4,1799.369599
khanvm1,"AMD EPYC-Milan Processor",32,"Linux 7.0.0-27-generic x86_64","15.2.0"," -O3 -DNDEBUG",32,100000,flecs,owned_insert,,2,500,5,1803.872102
khanvm1,"AMD EPYC-Milan Processor",32,"Linux 7.0.0-27-generic x86_64","15.2.0"," -O3 -DNDEBUG",32,100000,flecs,owned_insert,,2,500,6,1800.068824
khanvm1,"AMD EPYC-Milan Processor",32,"Linux 7.0.0-27-generic x86_64","15.2.0"," -O3 -DNDEBUG",32,100000,flecs,owned_insert,,2,500,7,1799.499861
khanvm1,"AMD EPYC-Milan Processor",32,"Linux 7.0.0-27-generic x86_64","15.2.0"," -O3 -DNDEBUG",32,100000,flecs,owned_insert,,2,500,8,1800.106284
khanvm1,"AMD EPYC-Milan Processor",32,"Linux 7.0.0-27-generic x86_64","15.2.0"," -O3 -DNDEBUG",32,100000,flecs,owned_insert,,2,500,9,1801.917018
khanvm1,"AMD EPYC-Milan Processor",32,"Linux 7.0.0-27-generic x86_64","15.2.0"," -O3 -DNDEBUG",32,100000,flecs,owned_insert,,2,500,10,1795.660143
khanvm1,"AMD EPYC-Milan Processor",32,"Linux 7.0.0-27-generic x86_64","15.2.0"," -O3 -DNDEBUG",32,100000,flecs,owned_insert,,4,0,1,212.936716
khanvm1,"AMD EPYC-Milan Processor",32,"Linux 7.0.0-27-generic x86_64","15.2.0"," -O3 -DNDEBUG",32,100000,flecs,owned_insert,,4,0,2,212.071188
khanvm1,"AMD EPYC-Milan Processor",32,"Linux 7.0.0-27-generic x86_64","15.2.0"," -O3 -DNDEBUG",32,100000,flecs,owned_insert,,4,0,3,212.780172
khanvm1,"AMD EPYC-Milan Processor",32,"Linux 7.0.0-27-generic x86_64","15.2.0"," -O3 -DNDEBUG",32,100000,flecs,owned_insert,,4,0,4,209.516231
khanvm1,"AMD EPYC-Milan Processor",32,"Linux 7.0.0-27-generic x86_64","15.2.0"," -O3 -DNDEBUG",32,100000,flecs,owned_insert,,4,0,5,213.480188
khanvm1,"AMD EPYC-Milan Processor",32,"Linux 7.0.0-27-generic x86_64","15.2.0"," -O3 -DNDEBUG",32,100000,flecs,owned_insert,,4,0,6,211.326434
khanvm1,"AMD EPYC-Milan Processor",32,"Linux 7.0.0-27-generic x86_64","15.2.0"," -O3 -DNDEBUG",32,100000,flecs,owned_insert,,4,0,7,234.135688
khanvm1,"AMD EPYC-Milan Processor",32,"Linux 7.0.0-27-generic x86_64","15.2.0"," -O3 -DNDEBUG",32,100000,flecs,owned_insert,,4,0,8,214.159043
khanvm1,"AMD EPYC-Milan Processor",32,"Linux 7.0.0-27-generic x86_64","15.2.0"," -O3 -DNDEBUG",32,100000,flecs,owned_insert,,4,0,9,213.557869
khanvm1,"AMD EPYC-Milan Processor",32,"Linux 7.0.0-27-generic x86_64","15.2.0"," -O3 -DNDEBUG",32,100000,flecs,owned_insert,,4,0,10,211.097774
khanvm1,"AMD EPYC-Milan Processor",32,"Linux 7.0.0-27-generic x86_64","15.2.0"," -O3 -DNDEBUG",32,100000,flecs,owned_insert,,4,0,11,214.451096
khanvm1,"AMD EPYC-Milan Processor",32,"Linux 7.0.0-27-generic x86_64","15.2.0"," -O3 -DNDEBUG",32,100000,flecs,owned_insert,,4,10,1,214.822529
khanvm1,"AMD EPYC-Milan Processor",32,"Linux 7.0.0-27-generic x86_64","15.2.0"," -O3 -DNDEBUG",32,100000,flecs,owned_insert,,4,10,2,220.633362
khanvm1,"AMD EPYC-Milan Processor",32,"Linux 7.0.0-27-generic x86_64","15.2.0"," -O3 -DNDEBUG",32,100000,flecs,owned_insert,,4,10,3,214.207543
khanvm1,"AMD EPYC-Milan Processor",32,"Linux 7.0.0-27-generic x86_64","15.2.0"," -O3 -DNDEBUG",32,100000,flecs,owned_insert,,4,10,4,215.317572
khanvm1,"AMD EPYC-Milan Processor",32,"Linux 7.0.0-27-generic x86_64","15.2.0"," -O3 -DNDEBUG",32,100000,flecs,owned_insert,,4,10,5,213.977352
khanvm1,"AMD EPYC-Milan Processor",32,"Linux 7.0.0-27-generic x86_64","15.2.0"," -O3 -DNDEBUG",32,100000,flecs,owned_insert,,4,10,6,215.488584
khanvm1,"AMD EPYC-Milan Processor",32,"Linux 7.0.0-27-generic x86_64","15.2.0"," -O3 -DNDEBUG",32,100000,flecs,owned_insert,,4,10,7,213.099878
khanvm1,"AMD EPYC-Milan Processor",32,"Linux 7.0.0-27-generic x86_64","15.2.0"," -O3 -DNDEBUG",32,100000,flecs,owned_insert,,4,10,8,243.370253
khanvm1,"AMD EPYC-Milan Processor",32,"Linux 7.0.0-27-generic x86_64","15.2.0"," -O3 -DNDEBUG",32,100000,flecs,owned_insert,,4,10,9,215.810036
khanvm1,"AMD EPYC-Milan Processor",32,"Linux 7.0.0-27-generic x86_64","15.2.0"," -O3 -DNDEBUG",32,100000,flecs,owned_insert,,4,10,10,214.985609
khanvm1,"AMD EPYC-Milan Processor",32,"Linux 7.0.0-27-generic x86_64","15.2.0"," -O3 -DNDEBUG",32,100000,flecs,owned_insert,,4,10,11,214.269544
khanvm1,"AMD EPYC-Milan Processor",32,"Linux 7.0.0-27-generic x86_64","15.2.0"," -O3 -DNDEBUG",32,100000,flecs,owned_insert,,4,500,1,974.832203
khanvm1,"AMD EPYC-Milan Processor",32,"Linux 7.0.0-27-generic x86_64","15.2.0"," -O3 -DNDEBUG",32,100000,flecs,owned_insert,,4,500,2,982.450077
khanvm1,"AMD EPYC-Milan Processor",32,"Linux 7.0.0-27-generic x86_64","15.2.0"," -O3 -DNDEBUG",32,100000,flecs,owned_insert,,4,500,3,975.324166
khanvm1,"AMD EPYC-Milan Processor",32,"Linux 7.0.0-27-generic x86_64","15.2.0"," -O3 -DNDEBUG",32,100000,flecs,owned_insert,,4,500,4,976.896068
khanvm1,"AMD EPYC-Milan Processor",32,"Linux 7.0.0-27-generic x86_64","15.2.0"," -O3 -DNDEBUG",32,100000,flecs,owned_insert,,4,500,5,975.137384
khanvm1,"AMD EPYC-Milan Processor",32,"Linux 7.0.0-27-generic x86_64","15.2.0"," -O3 -DNDEBUG",32,100000,flecs,owned_insert,,4,500,6,974.346310
khanvm1,"AMD EPYC-Milan Processor",32,"Linux 7.0.0-27-generic x86_64","15.2.0"," -O3 -DNDEBUG",32,100000,flecs,owned_insert,,4,500,7,974.133308
khanvm1,"AMD EPYC-Milan Processor",32,"Linux 7.0.0-27-generic x86_64","15.2.0"," -O3 -DNDEBUG",32,100000,flecs,owned_insert,,4,500,8,977.227680
khanvm1,"AMD EPYC-Milan Processor",32,"Linux 7.0.0-27-generic x86_64","15.2.0"," -O3 -DNDEBUG",32,100000,flecs,owned_insert,,4,500,9,975.438989
khanvm1,"AMD EPYC-Milan Processor",32,"Linux 7.0.0-27-generic x86_64","15.2.0"," -O3 -DNDEBUG",32,100000,flecs,owned_insert,,4,500,10,974.970614
khanvm1,"AMD EPYC-Milan Processor",32,"Linux 7.0.0-27-generic x86_64","15.2.0"," -O3 -DNDEBUG",32,100000,flecs,owned_insert,,8,0,1,179.538027
khanvm1,"AMD EPYC-Milan Processor",32,"Linux 7.0.0-27-generic x86_64","15.2.0"," -O3 -DNDEBUG",32,100000,flecs,owned_insert,,8,0,2,180.546293
khanvm1,"AMD EPYC-Milan Processor",32,"Linux 7.0.0-27-generic x86_64","15.2.0"," -O3 -DNDEBUG",32,100000,flecs,owned_insert,,8,0,3,180.190461
khanvm1,"AMD EPYC-Milan Processor",32,"Linux 7.0.0-27-generic x86_64","15.2.0"," -O3 -DNDEBUG",32,100000,flecs,owned_insert,,8,0,4,179.293285
khanvm1,"AMD EPYC-Milan Processor",32,"Linux 7.0.0-27-generic x86_64","15.2.0"," -O3 -DNDEBUG",32,100000,flecs,owned_insert,,8,0,5,179.946889
khanvm1,"AMD EPYC-Milan Processor",32,"Linux 7.0.0-27-generic x86_64","15.2.0"," -O3 -DNDEBUG",32,100000,flecs,owned_insert,,8,0,6,180.002929
khanvm1,"AMD EPYC-Milan Processor",32,"Linux 7.0.0-27-generic x86_64","15.2.0"," -O3 -DNDEBUG",32,100000,flecs,owned_insert,,8,0,7,188.010127
khanvm1,"AMD EPYC-Milan Processor",32,"Linux 7.0.0-27-generic x86_64","15.2.0"," -O3 -DNDEBUG",32,100000,flecs,owned_insert,,8,0,8,185.160007
khanvm1,"AMD EPYC-Milan Processor",32,"Linux 7.0.0-27-generic x86_64","15.2.0"," -O3 -DNDEBUG",32,100000,flecs,owned_insert,,8,0,9,181.566731
khanvm1,"AMD EPYC-Milan Processor",32,"Linux 7.0.0-27-generic x86_64","15.2.0"," -O3 -DNDEBUG",32,100000,flecs,owned_insert,,8,0,10,182.783080
khanvm1,"AMD EPYC-Milan Processor",32,"Linux 7.0.0-27-generic x86_64","15.2.0"," -O3 -DNDEBUG",32,100000,flecs,owned_insert,,8,10,1,186.918859
khanvm1,"AMD EPYC-Milan Processor",32,"Linux 7.0.0-27-generic x86_64","15.2.0"," -O3 -DNDEBUG",32,100000,flecs,owned_insert,,8,10,2,180.901986
khanvm1,"AMD EPYC-Milan Processor",32,"Linux 7.0.0-27-generic x86_64","15.2.0"," -O3 -DNDEBUG",32,100000,flecs,owned_insert,,8,10,3,181.438330
khanvm1,"AMD EPYC-Milan Processor",32,"Linux 7.0.0-27-generic x86_64","15.2.0"," -O3 -DNDEBUG",32,100000,flecs,owned_insert,,8,10,4,181.154178
khanvm1,"AMD EPYC-Milan Processor",32,"Linux 7.0.0-27-generic x86_64","15.2.0"," -O3 -DNDEBUG",32,100000,flecs,owned_insert,,8,10,5,182.988470
khanvm1,"AMD EPYC-Milan Processor",32,"Linux 7.0.0-27-generic x86_64","15.2.0"," -O3 -DNDEBUG",32,100000,flecs,owned_insert,,8,10,6,181.011287
khanvm1,"AMD EPYC-Milan Processor",32,"Linux 7.0.0-27-generic x86_64","15.2.0"," -O3 -DNDEBUG",32,100000,flecs,owned_insert,,8,10,7,181.261129
khanvm1,"AMD EPYC-Milan Processor",32,"Linux 7.0.0-27-generic x86_64","15.2.0"," -O3 -DNDEBUG",32,100000,flecs,owned_insert,,8,10,8,183.338474
khanvm1,"AMD EPYC-Milan Processor",32,"Linux 7.0.0-27-generic x86_64","15.2.0"," -O3 -DNDEBUG",32,100000,flecs,owned_insert,,8,10,9,183.394203
khanvm1,"AMD EPYC-Milan Processor",32,"Linux 7.0.0-27-generic x86_64","15.2.0"," -O3 -DNDEBUG",32,100000,flecs,owned_insert,,8,10,10,181.407250
khanvm1,"AMD EPYC-Milan Processor",32,"Linux 7.0.0-27-generic x86_64","15.2.0"," -O3 -DNDEBUG",32,100000,flecs,owned_insert,,8,500,1,561.572473
khanvm1,"AMD EPYC-Milan Processor",32,"Linux 7.0.0-27-generic x86_64","15.2.0"," -O3 -DNDEBUG",32,100000,flecs,owned_insert,,8,500,2,560.063942
khanvm1,"AMD EPYC-Milan Processor",32,"Linux 7.0.0-27-generic x86_64","15.2.0"," -O3 -DNDEBUG",32,100000,flecs,owned_insert,,8,500,3,562.304258
khanvm1,"AMD EPYC-Milan Processor",32,"Linux 7.0.0-27-generic x86_64","15.2.0"," -O3 -DNDEBUG",32,100000,flecs,owned_insert,,8,500,4,562.812071
khanvm1,"AMD EPYC-Milan Processor",32,"Linux 7.0.0-27-generic x86_64","15.2.0"," -O3 -DNDEBUG",32,100000,flecs,owned_insert,,8,500,5,565.330180
khanvm1,"AMD EPYC-Milan Processor",32,"Linux 7.0.0-27-generic x86_64","15.2.0"," -O3 -DNDEBUG",32,100000,flecs,owned_insert,,8,500,6,563.402225
khanvm1,"AMD EPYC-Milan Processor",32,"Linux 7.0.0-27-generic x86_64","15.2.0"," -O3 -DNDEBUG",32,100000,flecs,owned_insert,,8,500,7,562.882821
khanvm1,"AMD EPYC-Milan Processor",32,"Linux 7.0.0-27-generic x86_64","15.2.0"," -O3 -DNDEBUG",32,100000,flecs,owned_insert,,8,500,8,561.704424
khanvm1,"AMD EPYC-Milan Processor",32,"Linux 7.0.0-27-generic x86_64","15.2.0"," -O3 -DNDEBUG",32,100000,flecs,owned_insert,,8,500,9,561.419982
khanvm1,"AMD EPYC-Milan Processor",32,"Linux 7.0.0-27-generic x86_64","15.2.0"," -O3 -DNDEBUG",32,100000,flecs,owned_insert,,8,500,10,562.611890
khanvm1,"AMD EPYC-Milan Processor",32,"Linux 7.0.0-27-generic x86_64","15.2.0"," -O3 -DNDEBUG",32,100000,flecs,owned_insert,,16,0,1,201.032191
khanvm1,"AMD EPYC-Milan Processor",32,"Linux 7.0.0-27-generic x86_64","15.2.0"," -O3 -DNDEBUG",32,100000,flecs,owned_insert,,16,0,2,189.379348
khanvm1,"AMD EPYC-Milan Processor",32,"Linux 7.0.0-27-generic x86_64","15.2.0"," -O3 -DNDEBUG",32,100000,flecs,owned_insert,,16,0,3,189.606838
khanvm1,"AMD EPYC-Milan Processor",32,"Linux 7.0.0-27-generic x86_64","15.2.0"," -O3 -DNDEBUG",32,100000,flecs,owned_insert,,16,0,4,194.301782
khanvm1,"AMD EPYC-Milan Processor",32,"Linux 7.0.0-27-generic x86_64","15.2.0"," -O3 -DNDEBUG",32,100000,flecs,owned_insert,,16,0,5,192.264287
khanvm1,"AMD EPYC-Milan Processor",32,"Linux 7.0.0-27-generic x86_64","15.2.0"," -O3 -DNDEBUG",32,100000,flecs,owned_insert,,16,0,6,190.775097
khanvm1,"AMD EPYC-Milan Processor",32,"Linux 7.0.0-27-generic x86_64","15.2.0"," -O3 -DNDEBUG",32,100000,flecs,owned_insert,,16,0,7,190.225903
khanvm1,"AMD EPYC-Milan Processor",32,"Linux 7.0.0-27-generic x86_64","15.2.0"," -O3 -DNDEBUG",32,100000,flecs,owned_insert,,16,0,8,195.461040
khanvm1,"AMD EPYC-Milan Processor",32,"Linux 7.0.0-27-generic x86_64","15.2.0"," -O3 -DNDEBUG",32,100000,flecs,owned_insert,,16,0,9,193.537936
khanvm1,"AMD EPYC-Milan Processor",32,"Linux 7.0.0-27-generic x86_64","15.2.0"," -O3 -DNDEBUG",32,100000,flecs,owned_insert,,16,0,10,200.636639
khanvm1,"AMD EPYC-Milan Processor",32,"Linux 7.0.0-27-generic x86_64","15.2.0"," -O3 -DNDEBUG",32,100000,flecs,owned_insert,,16,10,1,194.205630
khanvm1,"AMD EPYC-Milan Processor",32,"Linux 7.0.0-27-generic x86_64","15.2.0"," -O3 -DNDEBUG",32,100000,flecs,owned_insert,,16,10,2,191.722114
khanvm1,"AMD EPYC-Milan Processor",32,"Linux 7.0.0-27-generic x86_64","15.2.0"," -O3 -DNDEBUG",32,100000,flecs,owned_insert,,16,10,3,198.181299
khanvm1,"AMD EPYC-Milan Processor",32,"Linux 7.0.0-27-generic x86_64","15.2.0"," -O3 -DNDEBUG",32,100000,flecs,owned_insert,,16,10,4,195.306250
khanvm1,"AMD EPYC-Milan Processor",32,"Linux 7.0.0-27-generic x86_64","15.2.0"," -O3 -DNDEBUG",32,100000,flecs,owned_insert,,16,10,5,193.870209
khanvm1,"AMD EPYC-Milan Processor",32,"Linux 7.0.0-27-generic x86_64","15.2.0"," -O3 -DNDEBUG",32,100000,flecs,owned_insert,,16,10,6,191.246380
khanvm1,"AMD EPYC-Milan Processor",32,"Linux 7.0.0-27-generic x86_64","15.2.0"," -O3 -DNDEBUG",32,100000,flecs,owned_insert,,16,10,7,192.681190
khanvm1,"AMD EPYC-Milan Processor",32,"Linux 7.0.0-27-generic x86_64","15.2.0"," -O3 -DNDEBUG",32,100000,flecs,owned_insert,,16,10,8,195.377080
khanvm1,"AMD EPYC-Milan Processor",32,"Linux 7.0.0-27-generic x86_64","15.2.0"," -O3 -DNDEBUG",32,100000,flecs,owned_insert,,16,10,9,192.033975
khanvm1,"AMD EPYC-Milan Processor",32,"Linux 7.0.0-27-generic x86_64","15.2.0"," -O3 -DNDEBUG",32,100000,flecs,owned_insert,,16,10,10,191.872685
khanvm1,"AMD EPYC-Milan Processor",32,"Linux 7.0.0-27-generic x86_64","15.2.0"," -O3 -DNDEBUG",32,100000,flecs,owned_insert,,16,500,1,383.325846
khanvm1,"AMD EPYC-Milan Processor",32,"Linux 7.0.0-27-generic x86_64","15.2.0"," -O3 -DNDEBUG",32,100000,flecs,owned_insert,,16,500,2,383.336586
khanvm1,"AMD EPYC-Milan Processor",32,"Linux 7.0.0-27-generic x86_64","15.2.0"," -O3 -DNDEBUG",32,100000,flecs,owned_insert,,16,500,3,384.110152
khanvm1,"AMD EPYC-Milan Processor",32,"Linux 7.0.0-27-generic x86_64","15.2.0"," -O3 -DNDEBUG",32,100000,flecs,owned_insert,,16,500,4,380.421245
khanvm1,"AMD EPYC-Milan Processor",32,"Linux 7.0.0-27-generic x86_64","15.2.0"," -O3 -DNDEBUG",32,100000,flecs,owned_insert,,16,500,5,383.261085
khanvm1,"AMD EPYC-Milan Processor",32,"Linux 7.0.0-27-generic x86_64","15.2.0"," -O3 -DNDEBUG",32,100000,flecs,owned_insert,,16,500,6,383.855620
khanvm1,"AMD EPYC-Milan Processor",32,"Linux 7.0.0-27-generic x86_64","15.2.0"," -O3 -DNDEBUG",32,100000,flecs,owned_insert,,16,500,7,381.984656
khanvm1,"AMD EPYC-Milan Processor",32,"Linux 7.0.0-27-generic x86_64","15.2.0"," -O3 -DNDEBUG",32,100000,flecs,owned_insert,,16,500,8,388.320192
khanvm1,"AMD EPYC-Milan Processor",32,"Linux 7.0.0-27-generic x86_64","15.2.0"," -O3 -DNDEBUG",32,100000,flecs,owned_insert,,16,500,9,382.931233
khanvm1,"AMD EPYC-Milan Processor",32,"Linux 7.0.0-27-generic x86_64","15.2.0"," -O3 -DNDEBUG",32,100000,flecs,owned_insert,,16,500,10,384.926308
khanvm1,"AMD EPYC-Milan Processor",32,"Linux 7.0.0-27-generic x86_64","15.2.0"," -O3 -DNDEBUG",32,100000,flecs,owned_insert,,32,0,1,195.289629
khanvm1,"AMD EPYC-Milan Processor",32,"Linux 7.0.0-27-generic x86_64","15.2.0"," -O3 -DNDEBUG",32,100000,flecs,owned_insert,,32,0,2,193.693317
khanvm1,"AMD EPYC-Milan Processor",32,"Linux 7.0.0-27-generic x86_64","15.2.0"," -O3 -DNDEBUG",32,100000,flecs,owned_insert,,32,0,3,194.808766
khanvm1,"AMD EPYC-Milan Processor",32,"Linux 7.0.0-27-generic x86_64","15.2.0"," -O3 -DNDEBUG",32,100000,flecs,owned_insert,,32,0,4,193.720937
khanvm1,"AMD EPYC-Milan Processor",32,"Linux 7.0.0-27-generic x86_64","15.2.0"," -O3 -DNDEBUG",32,100000,flecs,owned_insert,,32,0,5,192.815452
khanvm1,"AMD EPYC-Milan Processor",32,"Linux 7.0.0-27-generic x86_64","15.2.0"," -O3 -DNDEBUG",32,100000,flecs,owned_insert,,32,0,6,194.859756
khanvm1,"AMD EPYC-Milan Processor",32,"Linux 7.0.0-27-generic x86_64","15.2.0"," -O3 -DNDEBUG",32,100000,flecs,owned_insert,,32,0,7,194.708755
khanvm1,"AMD EPYC-Milan Processor",32,"Linux 7.0.0-27-generic x86_64","15.2.0"," -O3 -DNDEBUG",32,100000,flecs,owned_insert,,32,0,8,193.243774
khanvm1,"AMD EPYC-Milan Processor",32,"Linux 7.0.0-27-generic x86_64","15.2.0"," -O3 -DNDEBUG",32,100000,flecs,owned_insert,,32,0,9,191.205250
khanvm1,"AMD EPYC-Milan Processor",32,"Linux 7.0.0-27-generic x86_64","15.2.0"," -O3 -DNDEBUG",32,100000,flecs,owned_insert,,32,0,10,194.367653
khanvm1,"AMD EPYC-Milan Processor",32,"Linux 7.0.0-27-generic x86_64","15.2.0"," -O3 -DNDEBUG",32,100000,flecs,owned_insert,,32,10,1,195.778093
khanvm1,"AMD EPYC-Milan Processor",32,"Linux 7.0.0-27-generic x86_64","15.2.0"," -O3 -DNDEBUG",32,100000,flecs,owned_insert,,32,10,2,191.255340
khanvm1,"AMD EPYC-Milan Processor",32,"Linux 7.0.0-27-generic x86_64","15.2.0"," -O3 -DNDEBUG",32,100000,flecs,owned_insert,,32,10,3,192.697380
khanvm1,"AMD EPYC-Milan Processor",32,"Linux 7.0.0-27-generic x86_64","15.2.0"," -O3 -DNDEBUG",32,100000,flecs,owned_insert,,32,10,4,194.790615
khanvm1,"AMD EPYC-Milan Processor",32,"Linux 7.0.0-27-generic x86_64","15.2.0"," -O3 -DNDEBUG",32,100000,flecs,owned_insert,,32,10,5,193.907419
khanvm1,"AMD EPYC-Milan Processor",32,"Linux 7.0.0-27-generic x86_64","15.2.0"," -O3 -DNDEBUG",32,100000,flecs,owned_insert,,32,10,6,190.506195
khanvm1,"AMD EPYC-Milan Processor",32,"Linux 7.0.0-27-generic x86_64","15.2.0"," -O3 -DNDEBUG",32,100000,flecs,owned_insert,,32,10,7,192.240878
khanvm1,"AMD EPYC-Milan Processor",32,"Linux 7.0.0-27-generic x86_64","15.2.0"," -O3 -DNDEBUG",32,100000,flecs,owned_insert,,32,10,8,199.147777
khanvm1,"AMD EPYC-Milan Processor",32,"Linux 7.0.0-27-generic x86_64","15.2.0"," -O3 -DNDEBUG",32,100000,flecs,owned_insert,,32,10,9,195.996184
khanvm1,"AMD EPYC-Milan Processor",32,"Linux 7.0.0-27-generic x86_64","15.2.0"," -O3 -DNDEBUG",32,100000,flecs,owned_insert,,32,10,10,192.721010
khanvm1,"AMD EPYC-Milan Processor",32,"Linux 7.0.0-27-generic x86_64","15.2.0"," -O3 -DNDEBUG",32,100000,flecs,owned_insert,,32,500,1,290.580752
khanvm1,"AMD EPYC-Milan Processor",32,"Linux 7.0.0-27-generic x86_64","15.2.0"," -O3 -DNDEBUG",32,100000,flecs,owned_insert,,32,500,2,287.688021
khanvm1,"AMD EPYC-Milan Processor",32,"Linux 7.0.0-27-generic x86_64","15.2.0"," -O3 -DNDEBUG",32,100000,flecs,owned_insert,,32,500,3,291.394458
khanvm1,"AMD EPYC-Milan Processor",32,"Linux 7.0.0-27-generic x86_64","15.2.0"," -O3 -DNDEBUG",32,100000,flecs,owned_insert,,32,500,4,291.763930
khanvm1,"AMD EPYC-Milan Processor",32,"Linux 7.0.0-27-generic x86_64","15.2.0"," -O3 -DNDEBUG",32,100000,flecs,owned_insert,,32,500,5,294.145507
khanvm1,"AMD EPYC-Milan Processor",32,"Linux 7.0.0-27-generic x86_64","15.2.0"," -O3 -DNDEBUG",32,100000,flecs,owned_insert,,32,500,6,289.947826
khanvm1,"AMD EPYC-Milan Processor",32,"Linux 7.0.0-27-generic x86_64","15.2.0"," -O3 -DNDEBUG",32,100000,flecs,owned_insert,,32,500,7,284.682680
khanvm1,"AMD EPYC-Milan Processor",32,"Linux 7.0.0-27-generic x86_64","15.2.0"," -O3 -DNDEBUG",32,100000,flecs,owned_insert,,32,500,8,292.056713
khanvm1,"AMD EPYC-Milan Processor",32,"Linux 7.0.0-27-generic x86_64","15.2.0"," -O3 -DNDEBUG",32,100000,flecs,owned_insert,,32,500,9,287.178037
khanvm1,"AMD EPYC-Milan Processor",32,"Linux 7.0.0-27-generic x86_64","15.2.0"," -O3 -DNDEBUG",32,100000,flecs,owned_insert,,32,500,10,291.706940
khanvm1,"AMD EPYC-Milan Processor",32,"Linux 7.0.0-27-generic x86_64","15.2.0"," -O3 -DNDEBUG",32,100000,pito,owned_insert,ecs_insert_owned,1,0,1,179.329664
khanvm1,"AMD EPYC-Milan Processor",32,"Linux 7.0.0-27-generic x86_64","15.2.0"," -O3 -DNDEBUG",32,100000,pito,owned_insert,ecs_insert_owned,1,0,2,180.617964
khanvm1,"AMD EPYC-Milan Processor",32,"Linux 7.0.0-27-generic x86_64","15.2.0"," -O3 -DNDEBUG",32,100000,pito,owned_insert,ecs_insert_owned,1,0,3,183.944098
khanvm1,"AMD EPYC-Milan Processor",32,"Linux 7.0.0-27-generic x86_64","15.2.0"," -O3 -DNDEBUG",32,100000,pito,owned_insert,ecs_insert_owned,1,0,4,182.349446
khanvm1,"AMD EPYC-Milan Processor",32,"Linux 7.0.0-27-generic x86_64","15.2.0"," -O3 -DNDEBUG",32,100000,pito,owned_insert,ecs_insert_owned,1,0,5,184.260040
khanvm1,"AMD EPYC-Milan Processor",32,"Linux 7.0.0-27-generic x86_64","15.2.0"," -O3 -DNDEBUG",32,100000,pito,owned_insert,ecs_insert_owned,1,0,6,177.608573
khanvm1,"AMD EPYC-Milan Processor",32,"Linux 7.0.0-27-generic x86_64","15.2.0"," -O3 -DNDEBUG",32,100000,pito,owned_insert,ecs_insert_owned,1,0,7,183.260513
khanvm1,"AMD EPYC-Milan Processor",32,"Linux 7.0.0-27-generic x86_64","15.2.0"," -O3 -DNDEBUG",32,100000,pito,owned_insert,ecs_insert_owned,1,0,8,181.291409
khanvm1,"AMD EPYC-Milan Processor",32,"Linux 7.0.0-27-generic x86_64","15.2.0"," -O3 -DNDEBUG",32,100000,pito,owned_insert,ecs_insert_owned,1,0,9,182.731339
khanvm1,"AMD EPYC-Milan Processor",32,"Linux 7.0.0-27-generic x86_64","15.2.0"," -O3 -DNDEBUG",32,100000,pito,owned_insert,ecs_insert_owned,1,0,10,177.988395
khanvm1,"AMD EPYC-Milan Processor",32,"Linux 7.0.0-27-generic x86_64","15.2.0"," -O3 -DNDEBUG",32,100000,pito,owned_insert,ecs_insert_owned,1,10,1,187.843796
khanvm1,"AMD EPYC-Milan Processor",32,"Linux 7.0.0-27-generic x86_64","15.2.0"," -O3 -DNDEBUG",32,100000,pito,owned_insert,ecs_insert_owned,1,10,2,190.795835
khanvm1,"AMD EPYC-Milan Processor",32,"Linux 7.0.0-27-generic x86_64","15.2.0"," -O3 -DNDEBUG",32,100000,pito,owned_insert,ecs_insert_owned,1,10,3,202.376600
khanvm1,"AMD EPYC-Milan Processor",32,"Linux 7.0.0-27-generic x86_64","15.2.0"," -O3 -DNDEBUG",32,100000,pito,owned_insert,ecs_insert_owned,1,10,4,192.076656
khanvm1,"AMD EPYC-Milan Processor",32,"Linux 7.0.0-27-generic x86_64","15.2.0"," -O3 -DNDEBUG",32,100000,pito,owned_insert,ecs_insert_owned,1,10,5,185.838981
khanvm1,"AMD EPYC-Milan Processor",32,"Linux 7.0.0-27-generic x86_64","15.2.0"," -O3 -DNDEBUG",32,100000,pito,owned_insert,ecs_insert_owned,1,10,6,186.068473
khanvm1,"AMD EPYC-Milan Processor",32,"Linux 7.0.0-27-generic x86_64","15.2.0"," -O3 -DNDEBUG",32,100000,pito,owned_insert,ecs_insert_owned,1,10,7,186.467506
khanvm1,"AMD EPYC-Milan Processor",32,"Linux 7.0.0-27-generic x86_64","15.2.0"," -O3 -DNDEBUG",32,100000,pito,owned_insert,ecs_insert_owned,1,10,8,188.465800
khanvm1,"AMD EPYC-Milan Processor",32,"Linux 7.0.0-27-generic x86_64","15.2.0"," -O3 -DNDEBUG",32,100000,pito,owned_insert,ecs_insert_owned,1,10,9,187.529485
khanvm1,"AMD EPYC-Milan Processor",32,"Linux 7.0.0-27-generic x86_64","15.2.0"," -O3 -DNDEBUG",32,100000,pito,owned_insert,ecs_insert_owned,1,10,10,188.889234
khanvm1,"AMD EPYC-Milan Processor",32,"Linux 7.0.0-27-generic x86_64","15.2.0"," -O3 -DNDEBUG",32,100000,pito,owned_insert,ecs_insert_owned,1,10,11,195.562551
khanvm1,"AMD EPYC-Milan Processor",32,"Linux 7.0.0-27-generic x86_64","15.2.0"," -O3 -DNDEBUG",32,100000,pito,owned_insert,ecs_insert_owned,1,500,1,3249.271366
khanvm1,"AMD EPYC-Milan Processor",32,"Linux 7.0.0-27-generic x86_64","15.2.0"," -O3 -DNDEBUG",32,100000,pito,owned_insert,ecs_insert_owned,1,500,2,3266.026856
khanvm1,"AMD EPYC-Milan Processor",32,"Linux 7.0.0-27-generic x86_64","15.2.0"," -O3 -DNDEBUG",32,100000,pito,owned_insert,ecs_insert_owned,1,500,3,3251.182949
khanvm1,"AMD EPYC-Milan Processor",32,"Linux 7.0.0-27-generic x86_64","15.2.0"," -O3 -DNDEBUG",32,100000,pito,owned_insert,ecs_insert_owned,1,500,4,3253.520785
khanvm1,"AMD EPYC-Milan Processor",32,"Linux 7.0.0-27-generic x86_64","15.2.0"," -O3 -DNDEBUG",32,100000,pito,owned_insert,ecs_insert_owned,1,500,5,3259.081205
khanvm1,"AMD EPYC-Milan Processor",32,"Linux 7.0.0-27-generic x86_64","15.2.0"," -O3 -DNDEBUG",32,100000,pito,owned_insert,ecs_insert_owned,1,500,6,3250.188713
khanvm1,"AMD EPYC-Milan Processor",32,"Linux 7.0.0-27-generic x86_64","15.2.0"," -O3 -DNDEBUG",32,100000,pito,owned_insert,ecs_insert_owned,1,500,7,3248.153317
khanvm1,"AMD EPYC-Milan Processor",32,"Linux 7.0.0-27-generic x86_64","15.2.0"," -O3 -DNDEBUG",32,100000,pito,owned_insert,ecs_insert_owned,1,500,8,3252.621740
khanvm1,"AMD EPYC-Milan Processor",32,"Linux 7.0.0-27-generic x86_64","15.2.0"," -O3 -DNDEBUG",32,100000,pito,owned_insert,ecs_insert_owned,1,500,9,3246.379274
khanvm1,"AMD EPYC-Milan Processor",32,"Linux 7.0.0-27-generic x86_64","15.2.0"," -O3 -DNDEBUG",32,100000,pito,owned_insert,ecs_insert_owned,1,500,10,3248.815872
khanvm1,"AMD EPYC-Milan Processor",32,"Linux 7.0.0-27-generic x86_64","15.2.0"," -O3 -DNDEBUG",32,100000,pito,owned_insert,ecs_insert_owned,2,0,1,406.850295
khanvm1,"AMD EPYC-Milan Processor",32,"Linux 7.0.0-27-generic x86_64","15.2.0"," -O3 -DNDEBUG",32,100000,pito,owned_insert,ecs_insert_owned,2,0,2,391.249163
khanvm1,"AMD EPYC-Milan Processor",32,"Linux 7.0.0-27-generic x86_64","15.2.0"," -O3 -DNDEBUG",32,100000,pito,owned_insert,ecs_insert_owned,2,0,3,423.858127
khanvm1,"AMD EPYC-Milan Processor",32,"Linux 7.0.0-27-generic x86_64","15.2.0"," -O3 -DNDEBUG",32,100000,pito,owned_insert,ecs_insert_owned,2,0,4,401.339905
khanvm1,"AMD EPYC-Milan Processor",32,"Linux 7.0.0-27-generic x86_64","15.2.0"," -O3 -DNDEBUG",32,100000,pito,owned_insert,ecs_insert_owned,2,0,5,396.015087
khanvm1,"AMD EPYC-Milan Processor",32,"Linux 7.0.0-27-generic x86_64","15.2.0"," -O3 -DNDEBUG",32,100000,pito,owned_insert,ecs_insert_owned,2,0,6,402.567213
khanvm1,"AMD EPYC-Milan Processor",32,"Linux 7.0.0-27-generic x86_64","15.2.0"," -O3 -DNDEBUG",32,100000,pito,owned_insert,ecs_insert_owned,2,0,7,404.209696
khanvm1,"AMD EPYC-Milan Processor",32,"Linux 7.0.0-27-generic x86_64","15.2.0"," -O3 -DNDEBUG",32,100000,pito,owned_insert,ecs_insert_owned,2,0,8,392.720833
khanvm1,"AMD EPYC-Milan Processor",32,"Linux 7.0.0-27-generic x86_64","15.2.0"," -O3 -DNDEBUG",32,100000,pito,owned_insert,ecs_insert_owned,2,0,9,407.432729
khanvm1,"AMD EPYC-Milan Processor",32,"Linux 7.0.0-27-generic x86_64","15.2.0"," -O3 -DNDEBUG",32,100000,pito,owned_insert,ecs_insert_owned,2,0,10,395.769946
khanvm1,"AMD EPYC-Milan Processor",32,"Linux 7.0.0-27-generic x86_64","15.2.0"," -O3 -DNDEBUG",32,100000,pito,owned_insert,ecs_insert_owned,2,0,11,407.739530
khanvm1,"AMD EPYC-Milan Processor",32,"Linux 7.0.0-27-generic x86_64","15.2.0"," -O3 -DNDEBUG",32,100000,pito,owned_insert,ecs_insert_owned,2,10,1,422.718349
khanvm1,"AMD EPYC-Milan Processor",32,"Linux 7.0.0-27-generic x86_64","15.2.0"," -O3 -DNDEBUG",32,100000,pito,owned_insert,ecs_insert_owned,2,10,2,428.531440
khanvm1,"AMD EPYC-Milan Processor",32,"Linux 7.0.0-27-generic x86_64","15.2.0"," -O3 -DNDEBUG",32,100000,pito,owned_insert,ecs_insert_owned,2,10,3,417.695532
khanvm1,"AMD EPYC-Milan Processor",32,"Linux 7.0.0-27-generic x86_64","15.2.0"," -O3 -DNDEBUG",32,100000,pito,owned_insert,ecs_insert_owned,2,10,4,423.685444
khanvm1,"AMD EPYC-Milan Processor",32,"Linux 7.0.0-27-generic x86_64","15.2.0"," -O3 -DNDEBUG",32,100000,pito,owned_insert,ecs_insert_owned,2,10,5,425.737650
khanvm1,"AMD EPYC-Milan Processor",32,"Linux 7.0.0-27-generic x86_64","15.2.0"," -O3 -DNDEBUG",32,100000,pito,owned_insert,ecs_insert_owned,2,10,6,419.296073
khanvm1,"AMD EPYC-Milan Processor",32,"Linux 7.0.0-27-generic x86_64","15.2.0"," -O3 -DNDEBUG",32,100000,pito,owned_insert,ecs_insert_owned,2,10,7,424.386550
khanvm1,"AMD EPYC-Milan Processor",32,"Linux 7.0.0-27-generic x86_64","15.2.0"," -O3 -DNDEBUG",32,100000,pito,owned_insert,ecs_insert_owned,2,10,8,429.378966
khanvm1,"AMD EPYC-Milan Processor",32,"Linux 7.0.0-27-generic x86_64","15.2.0"," -O3 -DNDEBUG",32,100000,pito,owned_insert,ecs_insert_owned,2,10,9,419.447344
khanvm1,"AMD EPYC-Milan Processor",32,"Linux 7.0.0-27-generic x86_64","15.2.0"," -O3 -DNDEBUG",32,100000,pito,owned_insert,ecs_insert_owned,2,10,10,425.577090
khanvm1,"AMD EPYC-Milan Processor",32,"Linux 7.0.0-27-generic x86_64","15.2.0"," -O3 -DNDEBUG",32,100000,pito,owned_insert,ecs_insert_owned,2,500,1,1922.317410
khanvm1,"AMD EPYC-Milan Processor",32,"Linux 7.0.0-27-generic x86_64","15.2.0"," -O3 -DNDEBUG",32,100000,pito,owned_insert,ecs_insert_owned,2,500,2,1776.603996
khanvm1,"AMD EPYC-Milan Processor",32,"Linux 7.0.0-27-generic x86_64","15.2.0"," -O3 -DNDEBUG",32,100000,pito,owned_insert,ecs_insert_owned,2,500,3,1785.094978
khanvm1,"AMD EPYC-Milan Processor",32,"Linux 7.0.0-27-generic x86_64","15.2.0"," -O3 -DNDEBUG",32,100000,pito,owned_insert,ecs_insert_owned,2,500,4,1809.395831
khanvm1,"AMD EPYC-Milan Processor",32,"Linux 7.0.0-27-generic x86_64","15.2.0"," -O3 -DNDEBUG",32,100000,pito,owned_insert,ecs_insert_owned,2,500,5,1790.385445
khanvm1,"AMD EPYC-Milan Processor",32,"Linux 7.0.0-27-generic x86_64","15.2.0"," -O3 -DNDEBUG",32,100000,pito,owned_insert,ecs_insert_owned,2,500,6,1780.103082
khanvm1,"AMD EPYC-Milan Processor",32,"Linux 7.0.0-27-generic x86_64","15.2.0"," -O3 -DNDEBUG",32,100000,pito,owned_insert,ecs_insert_owned,2,500,7,1861.363494
khanvm1,"AMD EPYC-Milan Processor",32,"Linux 7.0.0-27-generic x86_64","15.2.0"," -O3 -DNDEBUG",32,100000,pito,owned_insert,ecs_insert_owned,2,500,8,1808.480985
khanvm1,"AMD EPYC-Milan Processor",32,"Linux 7.0.0-27-generic x86_64","15.2.0"," -O3 -DNDEBUG",32,100000,pito,owned_insert,ecs_insert_owned,2,500,9,1789.721541
khanvm1,"AMD EPYC-Milan Processor",32,"Linux 7.0.0-27-generic x86_64","15.2.0"," -O3 -DNDEBUG",32,100000,pito,owned_insert,ecs_insert_owned,2,500,10,1784.153090
khanvm1,"AMD EPYC-Milan Processor",32,"Linux 7.0.0-27-generic x86_64","15.2.0"," -O3 -DNDEBUG",32,100000,pito,owned_insert,ecs_insert_owned,2,500,11,1776.759909
khanvm1,"AMD EPYC-Milan Processor",32,"Linux 7.0.0-27-generic x86_64","15.2.0"," -O3 -DNDEBUG",32,100000,pito,owned_insert,ecs_insert_owned,4,0,1,469.291212
khanvm1,"AMD EPYC-Milan Processor",32,"Linux 7.0.0-27-generic x86_64","15.2.0"," -O3 -DNDEBUG",32,100000,pito,owned_insert,ecs_insert_owned,4,0,2,468.054083
khanvm1,"AMD EPYC-Milan Processor",32,"Linux 7.0.0-27-generic x86_64","15.2.0"," -O3 -DNDEBUG",32,100000,pito,owned_insert,ecs_insert_owned,4,0,3,467.838922
khanvm1,"AMD EPYC-Milan Processor",32,"Linux 7.0.0-27-generic x86_64","15.2.0"," -O3 -DNDEBUG",32,100000,pito,owned_insert,ecs_insert_owned,4,0,4,468.187613
khanvm1,"AMD EPYC-Milan Processor",32,"Linux 7.0.0-27-generic x86_64","15.2.0"," -O3 -DNDEBUG",32,100000,pito,owned_insert,ecs_insert_owned,4,0,5,472.566126
khanvm1,"AMD EPYC-Milan Processor",32,"Linux 7.0.0-27-generic x86_64","15.2.0"," -O3 -DNDEBUG",32,100000,pito,owned_insert,ecs_insert_owned,4,0,6,474.471278
khanvm1,"AMD EPYC-Milan Processor",32,"Linux 7.0.0-27-generic x86_64","15.2.0"," -O3 -DNDEBUG",32,100000,pito,owned_insert,ecs_insert_owned,4,0,7,473.401501
khanvm1,"AMD EPYC-Milan Processor",32,"Linux 7.0.0-27-generic x86_64","15.2.0"," -O3 -DNDEBUG",32,100000,pito,owned_insert,ecs_insert_owned,4,0,8,466.370661
khanvm1,"AMD EPYC-Milan Processor",32,"Linux 7.0.0-27-generic x86_64","15.2.0"," -O3 -DNDEBUG",32,100000,pito,owned_insert,ecs_insert_owned,4,0,9,448.865436
khanvm1,"AMD EPYC-Milan Processor",32,"Linux 7.0.0-27-generic x86_64","15.2.0"," -O3 -DNDEBUG",32,100000,pito,owned_insert,ecs_insert_owned,4,0,10,484.180378
khanvm1,"AMD EPYC-Milan Processor",32,"Linux 7.0.0-27-generic x86_64","15.2.0"," -O3 -DNDEBUG",32,100000,pito,owned_insert,ecs_insert_owned,4,10,1,445.748254
khanvm1,"AMD EPYC-Milan Processor",32,"Linux 7.0.0-27-generic x86_64","15.2.0"," -O3 -DNDEBUG",32,100000,pito,owned_insert,ecs_insert_owned,4,10,2,483.697395
khanvm1,"AMD EPYC-Milan Processor",32,"Linux 7.0.0-27-generic x86_64","15.2.0"," -O3 -DNDEBUG",32,100000,pito,owned_insert,ecs_insert_owned,4,10,3,487.279630
khanvm1,"AMD EPYC-Milan Processor",32,"Linux 7.0.0-27-generic x86_64","15.2.0"," -O3 -DNDEBUG",32,100000,pito,owned_insert,ecs_insert_owned,4,10,4,490.627305
khanvm1,"AMD EPYC-Milan Processor",32,"Linux 7.0.0-27-generic x86_64","15.2.0"," -O3 -DNDEBUG",32,100000,pito,owned_insert,ecs_insert_owned,4,10,5,481.651620
khanvm1,"AMD EPYC-Milan Processor",32,"Linux 7.0.0-27-generic x86_64","15.2.0"," -O3 -DNDEBUG",32,100000,pito,owned_insert,ecs_insert_owned,4,10,6,480.042648
khanvm1,"AMD EPYC-Milan Processor",32,"Linux 7.0.0-27-generic x86_64","15.2.0"," -O3 -DNDEBUG",32,100000,pito,owned_insert,ecs_insert_owned,4,10,7,482.561947
khanvm1,"AMD EPYC-Milan Processor",32,"Linux 7.0.0-27-generic x86_64","15.2.0"," -O3 -DNDEBUG",32,100000,pito,owned_insert,ecs_insert_owned,4,10,8,473.688733
khanvm1,"AMD EPYC-Milan Processor",32,"Linux 7.0.0-27-generic x86_64","15.2.0"," -O3 -DNDEBUG",32,100000,pito,owned_insert,ecs_insert_owned,4,10,9,467.198757
khanvm1,"AMD EPYC-Milan Processor",32,"Linux 7.0.0-27-generic x86_64","15.2.0"," -O3 -DNDEBUG",32,100000,pito,owned_insert,ecs_insert_owned,4,10,10,475.851469
khanvm1,"AMD EPYC-Milan Processor",32,"Linux 7.0.0-27-generic x86_64","15.2.0"," -O3 -DNDEBUG",32,100000,pito,owned_insert,ecs_insert_owned,4,10,11,480.867495
khanvm1,"AMD EPYC-Milan Processor",32,"Linux 7.0.0-27-generic x86_64","15.2.0"," -O3 -DNDEBUG",32,100000,pito,owned_insert,ecs_insert_owned,4,500,1,1057.251283
khanvm1,"AMD EPYC-Milan Processor",32,"Linux 7.0.0-27-generic x86_64","15.2.0"," -O3 -DNDEBUG",32,100000,pito,owned_insert,ecs_insert_owned,4,500,2,1000.990330
khanvm1,"AMD EPYC-Milan Processor",32,"Linux 7.0.0-27-generic x86_64","15.2.0"," -O3 -DNDEBUG",32,100000,pito,owned_insert,ecs_insert_owned,4,500,3,1008.137352
khanvm1,"AMD EPYC-Milan Processor",32,"Linux 7.0.0-27-generic x86_64","15.2.0"," -O3 -DNDEBUG",32,100000,pito,owned_insert,ecs_insert_owned,4,500,4,1019.941356
khanvm1,"AMD EPYC-Milan Processor",32,"Linux 7.0.0-27-generic x86_64","15.2.0"," -O3 -DNDEBUG",32,100000,pito,owned_insert,ecs_insert_owned,4,500,5,1039.381016
khanvm1,"AMD EPYC-Milan Processor",32,"Linux 7.0.0-27-generic x86_64","15.2.0"," -O3 -DNDEBUG",32,100000,pito,owned_insert,ecs_insert_owned,4,500,6,1015.865127
khanvm1,"AMD EPYC-Milan Processor",32,"Linux 7.0.0-27-generic x86_64","15.2.0"," -O3 -DNDEBUG",32,100000,pito,owned_insert,ecs_insert_owned,4,500,7,1044.643084
khanvm1,"AMD EPYC-Milan Processor",32,"Linux 7.0.0-27-generic x86_64","15.2.0"," -O3 -DNDEBUG",32,100000,pito,owned_insert,ecs_insert_owned,4,500,8,1020.008497
khanvm1,"AMD EPYC-Milan Processor",32,"Linux 7.0.0-27-generic x86_64","15.2.0"," -O3 -DNDEBUG",32,100000,pito,owned_insert,ecs_insert_owned,4,500,9,1043.570726
khanvm1,"AMD EPYC-Milan Processor",32,"Linux 7.0.0-27-generic x86_64","15.2.0"," -O3 -DNDEBUG",32,100000,pito,owned_insert,ecs_insert_owned,4,500,10,1021.036764
khanvm1,"AMD EPYC-Milan Processor",32,"Linux 7.0.0-27-generic x86_64","15.2.0"," -O3 -DNDEBUG",32,100000,pito,owned_insert,ecs_insert_owned,8,0,1,951.071482
khanvm1,"AMD EPYC-Milan Processor",32,"Linux 7.0.0-27-generic x86_64","15.2.0"," -O3 -DNDEBUG",32,100000,pito,owned_insert,ecs_insert_owned,8,0,2,906.117170
khanvm1,"AMD EPYC-Milan Processor",32,"Linux 7.0.0-27-generic x86_64","15.2.0"," -O3 -DNDEBUG",32,100000,pito,owned_insert,ecs_insert_owned,8,0,3,927.740085
khanvm1,"AMD EPYC-Milan Processor",32,"Linux 7.0.0-27-generic x86_64","15.2.0"," -O3 -DNDEBUG",32,100000,pito,owned_insert,ecs_insert_owned,8,0,4,914.905613
khanvm1,"AMD EPYC-Milan Processor",32,"Linux 7.0.0-27-generic x86_64","15.2.0"," -O3 -DNDEBUG",32,100000,pito,owned_insert,ecs_insert_owned,8,0,5,914.910335
khanvm1,"AMD EPYC-Milan Processor",32,"Linux 7.0.0-27-generic x86_64","15.2.0"," -O3 -DNDEBUG",32,100000,pito,owned_insert,ecs_insert_owned,8,0,6,906.849976
khanvm1,"AMD EPYC-Milan Processor",32,"Linux 7.0.0-27-generic x86_64","15.2.0"," -O3 -DNDEBUG",32,100000,pito,owned_insert,ecs_insert_owned,8,0,7,906.657605
khanvm1,"AMD EPYC-Milan Processor",32,"Linux 7.0.0-27-generic x86_64","15.2.0"," -O3 -DNDEBUG",32,100000,pito,owned_insert,ecs_insert_owned,8,0,8,891.913549
khanvm1,"AMD EPYC-Milan Processor",32,"Linux 7.0.0-27-generic x86_64","15.2.0"," -O3 -DNDEBUG",32,100000,pito,owned_insert,ecs_insert_owned,8,0,9,917.924645
khanvm1,"AMD EPYC-Milan Processor",32,"Linux 7.0.0-27-generic x86_64","15.2.0"," -O3 -DNDEBUG",32,100000,pito,owned_insert,ecs_insert_owned,8,0,10,911.330618
khanvm1,"AMD EPYC-Milan Processor",32,"Linux 7.0.0-27-generic x86_64","15.2.0"," -O3 -DNDEBUG",32,100000,pito,owned_insert,ecs_insert_owned,8,10,1,916.875238
khanvm1,"AMD EPYC-Milan Processor",32,"Linux 7.0.0-27-generic x86_64","15.2.0"," -O3 -DNDEBUG",32,100000,pito,owned_insert,ecs_insert_owned,8,10,2,882.446931
khanvm1,"AMD EPYC-Milan Processor",32,"Linux 7.0.0-27-generic x86_64","15.2.0"," -O3 -DNDEBUG",32,100000,pito,owned_insert,ecs_insert_owned,8,10,3,934.918707
khanvm1,"AMD EPYC-Milan Processor",32,"Linux 7.0.0-27-generic x86_64","15.2.0"," -O3 -DNDEBUG",32,100000,pito,owned_insert,ecs_insert_owned,8,10,4,1001.913867
khanvm1,"AMD EPYC-Milan Processor",32,"Linux 7.0.0-27-generic x86_64","15.2.0"," -O3 -DNDEBUG",32,100000,pito,owned_insert,ecs_insert_owned,8,10,5,944.381226
khanvm1,"AMD EPYC-Milan Processor",32,"Linux 7.0.0-27-generic x86_64","15.2.0"," -O3 -DNDEBUG",32,100000,pito,owned_insert,ecs_insert_owned,8,10,6,908.087852
khanvm1,"AMD EPYC-Milan Processor",32,"Linux 7.0.0-27-generic x86_64","15.2.0"," -O3 -DNDEBUG",32,100000,pito,owned_insert,ecs_insert_owned,8,10,7,915.261266
khanvm1,"AMD EPYC-Milan Processor",32,"Linux 7.0.0-27-generic x86_64","15.2.0"," -O3 -DNDEBUG",32,100000,pito,owned_insert,ecs_insert_owned,8,10,8,925.553179
khanvm1,"AMD EPYC-Milan Processor",32,"Linux 7.0.0-27-generic x86_64","15.2.0"," -O3 -DNDEBUG",32,100000,pito,owned_insert,ecs_insert_owned,8,10,9,892.629972
khanvm1,"AMD EPYC-Milan Processor",32,"Linux 7.0.0-27-generic x86_64","15.2.0"," -O3 -DNDEBUG",32,100000,pito,owned_insert,ecs_insert_owned,8,10,10,931.274521
khanvm1,"AMD EPYC-Milan Processor",32,"Linux 7.0.0-27-generic x86_64","15.2.0"," -O3 -DNDEBUG",32,100000,pito,owned_insert,ecs_insert_owned,8,10,11,904.901952
khanvm1,"AMD EPYC-Milan Processor",32,"Linux 7.0.0-27-generic x86_64","15.2.0"," -O3 -DNDEBUG",32,100000,pito,owned_insert,ecs_insert_owned,8,500,1,1172.932971
khanvm1,"AMD EPYC-Milan Processor",32,"Linux 7.0.0-27-generic x86_64","15.2.0"," -O3 -DNDEBUG",32,100000,pito,owned_insert,ecs_insert_owned,8,500,2,1124.309314
khanvm1,"AMD EPYC-Milan Processor",32,"Linux 7.0.0-27-generic x86_64","15.2.0"," -O3 -DNDEBUG",32,100000,pito,owned_insert,ecs_insert_owned,8,500,3,1194.219525
khanvm1,"AMD EPYC-Milan Processor",32,"Linux 7.0.0-27-generic x86_64","15.2.0"," -O3 -DNDEBUG",32,100000,pito,owned_insert,ecs_insert_owned,8,500,4,1111.374491
khanvm1,"AMD EPYC-Milan Processor",32,"Linux 7.0.0-27-generic x86_64","15.2.0"," -O3 -DNDEBUG",32,100000,pito,owned_insert,ecs_insert_owned,8,500,5,1202.127951
khanvm1,"AMD EPYC-Milan Processor",32,"Linux 7.0.0-27-generic x86_64","15.2.0"," -O3 -DNDEBUG",32,100000,pito,owned_insert,ecs_insert_owned,8,500,6,1172.310487
khanvm1,"AMD EPYC-Milan Processor",32,"Linux 7.0.0-27-generic x86_64","15.2.0"," -O3 -DNDEBUG",32,100000,pito,owned_insert,ecs_insert_owned,8,500,7,1171.208820
khanvm1,"AMD EPYC-Milan Processor",32,"Linux 7.0.0-27-generic x86_64","15.2.0"," -O3 -DNDEBUG",32,100000,pito,owned_insert,ecs_insert_owned,8,500,8,1266.749345
khanvm1,"AMD EPYC-Milan Processor",32,"Linux 7.0.0-27-generic x86_64","15.2.0"," -O3 -DNDEBUG",32,100000,pito,owned_insert,ecs_insert_owned,8,500,9,1146.054799
khanvm1,"AMD EPYC-Milan Processor",32,"Linux 7.0.0-27-generic x86_64","15.2.0"," -O3 -DNDEBUG",32,100000,pito,owned_insert,ecs_insert_owned,8,500,10,1197.264576
khanvm1,"AMD EPYC-Milan Processor",32,"Linux 7.0.0-27-generic x86_64","15.2.0"," -O3 -DNDEBUG",32,100000,pito,owned_insert,ecs_insert_owned,8,500,11,1097.454502
khanvm1,"AMD EPYC-Milan Processor",32,"Linux 7.0.0-27-generic x86_64","15.2.0"," -O3 -DNDEBUG",32,100000,pito,owned_insert,ecs_insert_owned,8,500,12,1148.230735
khanvm1,"AMD EPYC-Milan Processor",32,"Linux 7.0.0-27-generic x86_64","15.2.0"," -O3 -DNDEBUG",32,100000,pito,owned_insert,ecs_insert_owned,8,500,13,1150.503892
khanvm1,"AMD EPYC-Milan Processor",32,"Linux 7.0.0-27-generic x86_64","15.2.0"," -O3 -DNDEBUG",32,100000,pito,owned_insert,ecs_insert_owned,8,500,14,1132.940236
khanvm1,"AMD EPYC-Milan Processor",32,"Linux 7.0.0-27-generic x86_64","15.2.0"," -O3 -DNDEBUG",32,100000,pito,owned_insert,ecs_insert_owned,16,0,1,1117.660576
khanvm1,"AMD EPYC-Milan Processor",32,"Linux 7.0.0-27-generic x86_64","15.2.0"," -O3 -DNDEBUG",32,100000,pito,owned_insert,ecs_insert_owned,16,0,2,1111.549702
khanvm1,"AMD EPYC-Milan Processor",32,"Linux 7.0.0-27-generic x86_64","15.2.0"," -O3 -DNDEBUG",32,100000,pito,owned_insert,ecs_insert_owned,16,0,3,1096.541635
khanvm1,"AMD EPYC-Milan Processor",32,"Linux 7.0.0-27-generic x86_64","15.2.0"," -O3 -DNDEBUG",32,100000,pito,owned_insert,ecs_insert_owned,16,0,4,1111.246590
khanvm1,"AMD EPYC-Milan Processor",32,"Linux 7.0.0-27-generic x86_64","15.2.0"," -O3 -DNDEBUG",32,100000,pito,owned_insert,ecs_insert_owned,16,0,5,1133.781912
khanvm1,"AMD EPYC-Milan Processor",32,"Linux 7.0.0-27-generic x86_64","15.2.0"," -O3 -DNDEBUG",32,100000,pito,owned_insert,ecs_insert_owned,16,0,6,1121.841935
khanvm1,"AMD EPYC-Milan Processor",32,"Linux 7.0.0-27-generic x86_64","15.2.0"," -O3 -DNDEBUG",32,100000,pito,owned_insert,ecs_insert_owned,16,0,7,1117.239893
khanvm1,"AMD EPYC-Milan Processor",32,"Linux 7.0.0-27-generic x86_64","15.2.0"," -O3 -DNDEBUG",32,100000,pito,owned_insert,ecs_insert_owned,16,0,8,1131.988038
khanvm1,"AMD EPYC-Milan Processor",32,"Linux 7.0.0-27-generic x86_64","15.2.0"," -O3 -DNDEBUG",32,100000,pito,owned_insert,ecs_insert_owned,16,0,9,1131.039543
khanvm1,"AMD EPYC-Milan Processor",32,"Linux 7.0.0-27-generic x86_64","15.2.0"," -O3 -DNDEBUG",32,100000,pito,owned_insert,ecs_insert_owned,16,0,10,1136.183679
khanvm1,"AMD EPYC-Milan Processor",32,"Linux 7.0.0-27-generic x86_64","15.2.0"," -O3 -DNDEBUG",32,100000,pito,owned_insert,ecs_insert_owned,16,10,1,1165.841051
khanvm1,"AMD EPYC-Milan Processor",32,"Linux 7.0.0-27-generic x86_64","15.2.0"," -O3 -DNDEBUG",32,100000,pito,owned_insert,ecs_insert_owned,16,10,2,1149.630635
khanvm1,"AMD EPYC-Milan Processor",32,"Linux 7.0.0-27-generic x86_64","15.2.0"," -O3 -DNDEBUG",32,100000,pito,owned_insert,ecs_insert_owned,16,10,3,1150.151440
khanvm1,"AMD EPYC-Milan Processor",32,"Linux 7.0.0-27-generic x86_64","15.2.0"," -O3 -DNDEBUG",32,100000,pito,owned_insert,ecs_insert_owned,16,10,4,1163.724146
khanvm1,"AMD EPYC-Milan Processor",32,"Linux 7.0.0-27-generic x86_64","15.2.0"," -O3 -DNDEBUG",32,100000,pito,owned_insert,ecs_insert_owned,16,10,5,1165.647470
khanvm1,"AMD EPYC-Milan Processor",32,"Linux 7.0.0-27-generic x86_64","15.2.0"," -O3 -DNDEBUG",32,100000,pito,owned_insert,ecs_insert_owned,16,10,6,1137.945252
khanvm1,"AMD EPYC-Milan Processor",32,"Linux 7.0.0-27-generic x86_64","15.2.0"," -O3 -DNDEBUG",32,100000,pito,owned_insert,ecs_insert_owned,16,10,7,1139.521152
khanvm1,"AMD EPYC-Milan Processor",32,"Linux 7.0.0-27-generic x86_64","15.2.0"," -O3 -DNDEBUG",32,100000,pito,owned_insert,ecs_insert_owned,16,10,8,1142.935278
khanvm1,"AMD EPYC-Milan Processor",32,"Linux 7.0.0-27-generic x86_64","15.2.0"," -O3 -DNDEBUG",32,100000,pito,owned_insert,ecs_insert_owned,16,10,9,1134.580768
khanvm1,"AMD EPYC-Milan Processor",32,"Linux 7.0.0-27-generic x86_64","15.2.0"," -O3 -DNDEBUG",32,100000,pito,owned_insert,ecs_insert_owned,16,10,10,1153.661434
khanvm1,"AMD EPYC-Milan Processor",32,"Linux 7.0.0-27-generic x86_64","15.2.0"," -O3 -DNDEBUG",32,100000,pito,owned_insert,ecs_insert_owned,16,500,1,2107.058023
khanvm1,"AMD EPYC-Milan Processor",32,"Linux 7.0.0-27-generic x86_64","15.2.0"," -O3 -DNDEBUG",32,100000,pito,owned_insert,ecs_insert_owned,16,500,2,2102.727363
khanvm1,"AMD EPYC-Milan Processor",32,"Linux 7.0.0-27-generic x86_64","15.2.0"," -O3 -DNDEBUG",32,100000,pito,owned_insert,ecs_insert_owned,16,500,3,2111.487406
khanvm1,"AMD EPYC-Milan Processor",32,"Linux 7.0.0-27-generic x86_64","15.2.0"," -O3 -DNDEBUG",32,100000,pito,owned_insert,ecs_insert_owned,16,500,4,2098.260620
khanvm1,"AMD EPYC-Milan Processor",32,"Linux 7.0.0-27-generic x86_64","15.2.0"," -O3 -DNDEBUG",32,100000,pito,owned_insert,ecs_insert_owned,16,500,5,2154.824416
khanvm1,"AMD EPYC-Milan Processor",32,"Linux 7.0.0-27-generic x86_64","15.2.0"," -O3 -DNDEBUG",32,100000,pito,owned_insert,ecs_insert_owned,16,500,6,2140.909286
khanvm1,"AMD EPYC-Milan Processor",32,"Linux 7.0.0-27-generic x86_64","15.2.0"," -O3 -DNDEBUG",32,100000,pito,owned_insert,ecs_insert_owned,16,500,7,2147.365362
khanvm1,"AMD EPYC-Milan Processor",32,"Linux 7.0.0-27-generic x86_64","15.2.0"," -O3 -DNDEBUG",32,100000,pito,owned_insert,ecs_insert_owned,16,500,8,2126.582434
khanvm1,"AMD EPYC-Milan Processor",32,"Linux 7.0.0-27-generic x86_64","15.2.0"," -O3 -DNDEBUG",32,100000,pito,owned_insert,ecs_insert_owned,16,500,9,2138.881872
khanvm1,"AMD EPYC-Milan Processor",32,"Linux 7.0.0-27-generic x86_64","15.2.0"," -O3 -DNDEBUG",32,100000,pito,owned_insert,ecs_insert_owned,16,500,10,2139.328924
khanvm1,"AMD EPYC-Milan Processor",32,"Linux 7.0.0-27-generic x86_64","15.2.0"," -O3 -DNDEBUG",32,100000,pito,owned_insert,ecs_insert_owned,32,0,1,1137.279757
khanvm1,"AMD EPYC-Milan Processor",32,"Linux 7.0.0-27-generic x86_64","15.2.0"," -O3 -DNDEBUG",32,100000,pito,owned_insert,ecs_insert_owned,32,0,2,1134.188776
khanvm1,"AMD EPYC-Milan Processor",32,"Linux 7.0.0-27-generic x86_64","15.2.0"," -O3 -DNDEBUG",32,100000,pito,owned_insert,ecs_insert_owned,32,0,3,1147.018266
khanvm1,"AMD EPYC-Milan Processor",32,"Linux 7.0.0-27-generic x86_64","15.2.0"," -O3 -DNDEBUG",32,100000,pito,owned_insert,ecs_insert_owned,32,0,4,1136.135949
khanvm1,"AMD EPYC-Milan Processor",32,"Linux 7.0.0-27-generic x86_64","15.2.0"," -O3 -DNDEBUG",32,100000,pito,owned_insert,ecs_insert_owned,32,0,5,1111.155331
khanvm1,"AMD EPYC-Milan Processor",32,"Linux 7.0.0-27-generic x86_64","15.2.0"," -O3 -DNDEBUG",32,100000,pito,owned_insert,ecs_insert_owned,32,0,6,1138.396906
khanvm1,"AMD EPYC-Milan Processor",32,"Linux 7.0.0-27-generic x86_64","15.2.0"," -O3 -DNDEBUG",32,100000,pito,owned_insert,ecs_insert_owned,32,0,7,1135.046500
khanvm1,"AMD EPYC-Milan Processor",32,"Linux 7.0.0-27-generic x86_64","15.2.0"," -O3 -DNDEBUG",32,100000,pito,owned_insert,ecs_insert_owned,32,0,8,1130.726810
khanvm1,"AMD EPYC-Milan Processor",32,"Linux 7.0.0-27-generic x86_64","15.2.0"," -O3 -DNDEBUG",32,100000,pito,owned_insert,ecs_insert_owned,32,0,9,1129.440341
khanvm1,"AMD EPYC-Milan Processor",32,"Linux 7.0.0-27-generic x86_64","15.2.0"," -O3 -DNDEBUG",32,100000,pito,owned_insert,ecs_insert_owned,32,0,10,1147.587530
khanvm1,"AMD EPYC-Milan Processor",32,"Linux 7.0.0-27-generic x86_64","15.2.0"," -O3 -DNDEBUG",32,100000,pito,owned_insert,ecs_insert_owned,32,10,1,1162.549230
khanvm1,"AMD EPYC-Milan Processor",32,"Linux 7.0.0-27-generic x86_64","15.2.0"," -O3 -DNDEBUG",32,100000,pito,owned_insert,ecs_insert_owned,32,10,2,1157.561912
khanvm1,"AMD EPYC-Milan Processor",32,"Linux 7.0.0-27-generic x86_64","15.2.0"," -O3 -DNDEBUG",32,100000,pito,owned_insert,ecs_insert_owned,32,10,3,1164.612062
khanvm1,"AMD EPYC-Milan Processor",32,"Linux 7.0.0-27-generic x86_64","15.2.0"," -O3 -DNDEBUG",32,100000,pito,owned_insert,ecs_insert_owned,32,10,4,1164.314251
khanvm1,"AMD EPYC-Milan Processor",32,"Linux 7.0.0-27-generic x86_64","15.2.0"," -O3 -DNDEBUG",32,100000,pito,owned_insert,ecs_insert_owned,32,10,5,1156.560735
khanvm1,"AMD EPYC-Milan Processor",32,"Linux 7.0.0-27-generic x86_64","15.2.0"," -O3 -DNDEBUG",32,100000,pito,owned_insert,ecs_insert_owned,32,10,6,1147.821533
khanvm1,"AMD EPYC-Milan Processor",32,"Linux 7.0.0-27-generic x86_64","15.2.0"," -O3 -DNDEBUG",32,100000,pito,owned_insert,ecs_insert_owned,32,10,7,1155.764459
khanvm1,"AMD EPYC-Milan Processor",32,"Linux 7.0.0-27-generic x86_64","15.2.0"," -O3 -DNDEBUG",32,100000,pito,owned_insert,ecs_insert_owned,32,10,8,1153.386163
khanvm1,"AMD EPYC-Milan Processor",32,"Linux 7.0.0-27-generic x86_64","15.2.0"," -O3 -DNDEBUG",32,100000,pito,owned_insert,ecs_insert_owned,32,10,9,1158.792222
khanvm1,"AMD EPYC-Milan Processor",32,"Linux 7.0.0-27-generic x86_64","15.2.0"," -O3 -DNDEBUG",32,100000,pito,owned_insert,ecs_insert_owned,32,10,10,1175.628311
khanvm1,"AMD EPYC-Milan Processor",32,"Linux 7.0.0-27-generic x86_64","15.2.0"," -O3 -DNDEBUG",32,100000,pito,owned_insert,ecs_insert_owned,32,500,1,2114.293586
khanvm1,"AMD EPYC-Milan Processor",32,"Linux 7.0.0-27-generic x86_64","15.2.0"," -O3 -DNDEBUG",32,100000,pito,owned_insert,ecs_insert_owned,32,500,2,2117.155226
khanvm1,"AMD EPYC-Milan Processor",32,"Linux 7.0.0-27-generic x86_64","15.2.0"," -O3 -DNDEBUG",32,100000,pito,owned_insert,ecs_insert_owned,32,500,3,2117.756270
khanvm1,"AMD EPYC-Milan Processor",32,"Linux 7.0.0-27-generic x86_64","15.2.0"," -O3 -DNDEBUG",32,100000,pito,owned_insert,ecs_insert_owned,32,500,4,2108.542886
khanvm1,"AMD EPYC-Milan Processor",32,"Linux 7.0.0-27-generic x86_64","15.2.0"," -O3 -DNDEBUG",32,100000,pito,owned_insert,ecs_insert_owned,32,500,5,2102.888305
khanvm1,"AMD EPYC-Milan Processor",32,"Linux 7.0.0-27-generic x86_64","15.2.0"," -O3 -DNDEBUG",32,100000,pito,owned_insert,ecs_insert_owned,32,500,6,2114.558208
khanvm1,"AMD EPYC-Milan Processor",32,"Linux 7.0.0-27-generic x86_64","15.2.0"," -O3 -DNDEBUG",32,100000,pito,owned_insert,ecs_insert_owned,32,500,7,2127.498520
khanvm1,"AMD EPYC-Milan Processor",32,"Linux 7.0.0-27-generic x86_64","15.2.0"," -O3 -DNDEBUG",32,100000,pito,owned_insert,ecs_insert_owned,32,500,8,2129.999048
khanvm1,"AMD EPYC-Milan Processor",32,"Linux 7.0.0-27-generic x86_64","15.2.0"," -O3 -DNDEBUG",32,100000,pito,owned_insert,ecs_insert_owned,32,500,9,2115.221481
khanvm1,"AMD EPYC-Milan Processor",32,"Linux 7.0.0-27-generic x86_64","15.2.0"," -O3 -DNDEBUG",32,100000,pito,owned_insert,ecs_insert_owned,32,500,10,2099.470000
khanvm1,"AMD EPYC-Milan Processor",32,"Linux 7.0.0-27-generic x86_64","15.2.0"," -O3 -DNDEBUG -DPITO_ECS_OWNED_DELETE_ATOMIC=1",32,100000,pito,owned_insert,ecs_insert_owned,1,0,1,163.039738
khanvm1,"AMD EPYC-Milan Processor",32,"Linux 7.0.0-27-generic x86_64","15.2.0"," -O3 -DNDEBUG -DPITO_ECS_OWNED_DELETE_ATOMIC=1",32,100000,pito,owned_insert,ecs_insert_owned,1,0,2,158.418197
khanvm1,"AMD EPYC-Milan Processor",32,"Linux 7.0.0-27-generic x86_64","15.2.0"," -O3 -DNDEBUG -DPITO_ECS_OWNED_DELETE_ATOMIC=1",32,100000,pito,owned_insert,ecs_insert_owned,1,0,3,154.519047
khanvm1,"AMD EPYC-Milan Processor",32,"Linux 7.0.0-27-generic x86_64","15.2.0"," -O3 -DNDEBUG -DPITO_ECS_OWNED_DELETE_ATOMIC=1",32,100000,pito,owned_insert,ecs_insert_owned,1,0,4,155.956708
khanvm1,"AMD EPYC-Milan Processor",32,"Linux 7.0.0-27-generic x86_64","15.2.0"," -O3 -DNDEBUG -DPITO_ECS_OWNED_DELETE_ATOMIC=1",32,100000,pito,owned_insert,ecs_insert_owned,1,0,5,157.890730
khanvm1,"AMD EPYC-Milan Processor",32,"Linux 7.0.0-27-generic x86_64","15.2.0"," -O3 -DNDEBUG -DPITO_ECS_OWNED_DELETE_ATOMIC=1",32,100000,pito,owned_insert,ecs_insert_owned,1,0,6,157.118436
khanvm1,"AMD EPYC-Milan Processor",32,"Linux 7.0.0-27-generic x86_64","15.2.0"," -O3 -DNDEBUG -DPITO_ECS_OWNED_DELETE_ATOMIC=1",32,100000,pito,owned_insert,ecs_insert_owned,1,0,7,158.574106
khanvm1,"AMD EPYC-Milan Processor",32,"Linux 7.0.0-27-generic x86_64","15.2.0"," -O3 -DNDEBUG -DPITO_ECS_OWNED_DELETE_ATOMIC=1",32,100000,pito,owned_insert,ecs_insert_owned,1,0,8,160.542410
khanvm1,"AMD EPYC-Milan Processor",32,"Linux 7.0.0-27-generic x86_64","15.2.0"," -O3 -DNDEBUG -DPITO_ECS_OWNED_DELETE_ATOMIC=1",32,100000,pito,owned_insert,ecs_insert_owned,1,0,9,157.252007
khanvm1,"AMD EPYC-Milan Processor",32,"Linux 7.0.0-27-generic x86_64","15.2.0"," -O3 -DNDEBUG -DPITO_ECS_OWNED_DELETE_ATOMIC=1",32,100000,pito,owned_insert,ecs_insert_owned,1,0,10,156.393620
khanvm1,"AMD EPYC-Milan Processor",32,"Linux 7.0.0-27-generic x86_64","15.2.0"," -O3 -DNDEBUG -DPITO_ECS_OWNED_DELETE_ATOMIC=1",32,100000,pito,owned_insert,ecs_insert_owned,1,10,1,165.486955
khanvm1,"AMD EPYC-Milan Processor",32,"Linux 7.0.0-27-generic x86_64","15.2.0"," -O3 -DNDEBUG -DPITO_ECS_OWNED_DELETE_ATOMIC=1",32,100000,pito,owned_insert,ecs_insert_owned,1,10,2,164.232497
khanvm1,"AMD EPYC-Milan Processor",32,"Linux 7.0.0-27-generic x86_64","15.2.0"," -O3 -DNDEBUG -DPITO_ECS_OWNED_DELETE_ATOMIC=1",32,100000,pito,owned_insert,ecs_insert_owned,1,10,3,165.832567
khanvm1,"AMD EPYC-Milan Processor",32,"Linux 7.0.0-27-generic x86_64","15.2.0"," -O3 -DNDEBUG -DPITO_ECS_OWNED_DELETE_ATOMIC=1",32,100000,pito,owned_insert,ecs_insert_owned,1,10,4,169.686676
khanvm1,"AMD EPYC-Milan Processor",32,"Linux 7.0.0-27-generic x86_64","15.2.0"," -O3 -DNDEBUG -DPITO_ECS_OWNED_DELETE_ATOMIC=1",32,100000,pito,owned_insert,ecs_insert_owned,1,10,5,167.514371
khanvm1,"AMD EPYC-Milan Processor",32,"Linux 7.0.0-27-generic x86_64","15.2.0"," -O3 -DNDEBUG -DPITO_ECS_OWNED_DELETE_ATOMIC=1",32,100000,pito,owned_insert,ecs_insert_owned,1,10,6,164.779160
khanvm1,"AMD EPYC-Milan Processor",32,"Linux 7.0.0-27-generic x86_64","15.2.0"," -O3 -DNDEBUG -DPITO_ECS_OWNED_DELETE_ATOMIC=1",32,100000,pito,owned_insert,ecs_insert_owned,1,10,7,167.997453
khanvm1,"AMD EPYC-Milan Processor",32,"Linux 7.0.0-27-generic x86_64","15.2.0"," -O3 -DNDEBUG -DPITO_ECS_OWNED_DELETE_ATOMIC=1",32,100000,pito,owned_insert,ecs_insert_owned,1,10,8,166.322892
khanvm1,"AMD EPYC-Milan Processor",32,"Linux 7.0.0-27-generic x86_64","15.2.0"," -O3 -DNDEBUG -DPITO_ECS_OWNED_DELETE_ATOMIC=1",32,100000,pito,owned_insert,ecs_insert_owned,1,10,9,164.196176
khanvm1,"AMD EPYC-Milan Processor",32,"Linux 7.0.0-27-generic x86_64","15.2.0"," -O3 -DNDEBUG -DPITO_ECS_OWNED_DELETE_ATOMIC=1",32,100000,pito,owned_insert,ecs_insert_owned,1,10,10,165.446186
khanvm1,"AMD EPYC-Milan Processor",32,"Linux 7.0.0-27-generic x86_64","15.2.0"," -O3 -DNDEBUG -DPITO_ECS_OWNED_DELETE_ATOMIC=1",32,100000,pito,owned_insert,ecs_insert_owned,1,500,1,3241.618221
khanvm1,"AMD EPYC-Milan Processor",32,"Linux 7.0.0-27-generic x86_64","15.2.0"," -O3 -DNDEBUG -DPITO_ECS_OWNED_DELETE_ATOMIC=1",32,100000,pito,owned_insert,ecs_insert_owned,1,500,2,3241.154528
khanvm1,"AMD EPYC-Milan Processor",32,"Linux 7.0.0-27-generic x86_64","15.2.0"," -O3 -DNDEBUG -DPITO_ECS_OWNED_DELETE_ATOMIC=1",32,100000,pito,owned_insert,ecs_insert_owned,1,500,3,3235.238636
khanvm1,"AMD EPYC-Milan Processor",32,"Linux 7.0.0-27-generic x86_64","15.2.0"," -O3 -DNDEBUG -DPITO_ECS_OWNED_DELETE_ATOMIC=1",32,100000,pito,owned_insert,ecs_insert_owned,1,500,4,3240.070469
khanvm1,"AMD EPYC-Milan Processor",32,"Linux 7.0.0-27-generic x86_64","15.2.0"," -O3 -DNDEBUG -DPITO_ECS_OWNED_DELETE_ATOMIC=1",32,100000,pito,owned_insert,ecs_insert_owned,1,500,5,3237.177659
khanvm1,"AMD EPYC-Milan Processor",32,"Linux 7.0.0-27-generic x86_64","15.2.0"," -O3 -DNDEBUG -DPITO_ECS_OWNED_DELETE_ATOMIC=1",32,100000,pito,owned_insert,ecs_insert_owned,1,500,6,3242.022553
khanvm1,"AMD EPYC-Milan Processor",32,"Linux 7.0.0-27-generic x86_64","15.2.0"," -O3 -DNDEBUG -DPITO_ECS_OWNED_DELETE_ATOMIC=1",32,100000,pito,owned_insert,ecs_insert_owned,1,500,7,3239.114714
khanvm1,"AMD EPYC-Milan Processor",32,"Linux 7.0.0-27-generic x86_64","15.2.0"," -O3 -DNDEBUG -DPITO_ECS_OWNED_DELETE_ATOMIC=1",32,100000,pito,owned_insert,ecs_insert_owned,1,500,8,3242.767190
khanvm1,"AMD EPYC-Milan Processor",32,"Linux 7.0.0-27-generic x86_64","15.2.0"," -O3 -DNDEBUG -DPITO_ECS_OWNED_DELETE_ATOMIC=1",32,100000,pito,owned_insert,ecs_insert_owned,1,500,9,3237.442940
khanvm1,"AMD EPYC-Milan Processor",32,"Linux 7.0.0-27-generic x86_64","15.2.0"," -O3 -DNDEBUG -DPITO_ECS_OWNED_DELETE_ATOMIC=1",32,100000,pito,owned_insert,ecs_insert_owned,1,500,10,3242.003284
khanvm1,"AMD EPYC-Milan Processor",32,"Linux 7.0.0-27-generic x86_64","15.2.0"," -O3 -DNDEBUG -DPITO_ECS_OWNED_DELETE_ATOMIC=1",32,100000,pito,owned_insert,ecs_insert_owned,2,0,1,166.521173
khanvm1,"AMD EPYC-Milan Processor",32,"Linux 7.0.0-27-generic x86_64","15.2.0"," -O3 -DNDEBUG -DPITO_ECS_OWNED_DELETE_ATOMIC=1",32,100000,pito,owned_insert,ecs_insert_owned,2,0,2,170.057558
khanvm1,"AMD EPYC-Milan Processor",32,"Linux 7.0.0-27-generic x86_64","15.2.0"," -O3 -DNDEBUG -DPITO_ECS_OWNED_DELETE_ATOMIC=1",32,100000,pito,owned_insert,ecs_insert_owned,2,0,3,167.478661
khanvm1,"AMD EPYC-Milan Processor",32,"Linux 7.0.0-27-generic x86_64","15.2.0"," -O3 -DNDEBUG -DPITO_ECS_OWNED_DELETE_ATOMIC=1",32,100000,pito,owned_insert,ecs_insert_owned,2,0,4,168.760869
khanvm1,"AMD EPYC-Milan Processor",32,"Linux 7.0.0-27-generic x86_64","15.2.0"," -O3 -DNDEBUG -DPITO_ECS_OWNED_DELETE_ATOMIC=1",32,100000,pito,owned_insert,ecs_insert_owned,2,0,5,169.658835
khanvm1,"AMD EPYC-Milan Processor",32,"Linux 7.0.0-27-generic x86_64","15.2.0"," -O3 -DNDEBUG -DPITO_ECS_OWNED_DELETE_ATOMIC=1",32,100000,pito,owned_insert,ecs_insert_owned,2,0,6,166.600084
khanvm1,"AMD EPYC-Milan Processor",32,"Linux 7.0.0-27-generic x86_64","15.2.0"," -O3 -DNDEBUG -DPITO_ECS_OWNED_DELETE_ATOMIC=1",32,100000,pito,owned_insert,ecs_insert_owned,2,0,7,174.135818
khanvm1,"AMD EPYC-Milan Processor",32,"Linux 7.0.0-27-generic x86_64","15.2.0"," -O3 -DNDEBUG -DPITO_ECS_OWNED_DELETE_ATOMIC=1",32,100000,pito,owned_insert,ecs_insert_owned,2,0,8,170.940434
khanvm1,"AMD EPYC-Milan Processor",32,"Linux 7.0.0-27-generic x86_64","15.2.0"," -O3 -DNDEBUG -DPITO_ECS_OWNED_DELETE_ATOMIC=1",32,100000,pito,owned_insert,ecs_insert_owned,2,0,9,177.855154
khanvm1,"AMD EPYC-Milan Processor",32,"Linux 7.0.0-27-generic x86_64","15.2.0"," -O3 -DNDEBUG -DPITO_ECS_OWNED_DELETE_ATOMIC=1",32,100000,pito,owned_insert,ecs_insert_owned,2,0,10,167.397099
khanvm1,"AMD EPYC-Milan Processor",32,"Linux 7.0.0-27-generic x86_64","15.2.0"," -O3 -DNDEBUG -DPITO_ECS_OWNED_DELETE_ATOMIC=1",32,100000,pito,owned_insert,ecs_insert_owned,2,0,11,162.046981
khanvm1,"AMD EPYC-Milan Processor",32,"Linux 7.0.0-27-generic x86_64","15.2.0"," -O3 -DNDEBUG -DPITO_ECS_OWNED_DELETE_ATOMIC=1",32,100000,pito,owned_insert,ecs_insert_owned,2,10,1,201.909346
khanvm1,"AMD EPYC-Milan Processor",32,"Linux 7.0.0-27-generic x86_64","15.2.0"," -O3 -DNDEBUG -DPITO_ECS_OWNED_DELETE_ATOMIC=1",32,100000,pito,owned_insert,ecs_insert_owned,2,10,2,182.588987
khanvm1,"AMD EPYC-Milan Processor",32,"Linux 7.0.0-27-generic x86_64","15.2.0"," -O3 -DNDEBUG -DPITO_ECS_OWNED_DELETE_ATOMIC=1",32,100000,pito,owned_insert,ecs_insert_owned,2,10,3,183.306504
khanvm1,"AMD EPYC-Milan Processor",32,"Linux 7.0.0-27-generic x86_64","15.2.0"," -O3 -DNDEBUG -DPITO_ECS_OWNED_DELETE_ATOMIC=1",32,100000,pito,owned_insert,ecs_insert_owned,2,10,4,178.995882
khanvm1,"AMD EPYC-Milan Processor",32,"Linux 7.0.0-27-generic x86_64","15.2.0"," -O3 -DNDEBUG -DPITO_ECS_OWNED_DELETE_ATOMIC=1",32,100000,pito,owned_insert,ecs_insert_owned,2,10,5,172.616656
khanvm1,"AMD EPYC-Milan Processor",32,"Linux 7.0.0-27-generic x86_64","15.2.0"," -O3 -DNDEBUG -DPITO_ECS_OWNED_DELETE_ATOMIC=1",32,100000,pito,owned_insert,ecs_insert_owned,2,10,6,183.856966
khanvm1,"AMD EPYC-Milan Processor",32,"Linux 7.0.0-27-generic x86_64","15.2.0"," -O3 -DNDEBUG -DPITO_ECS_OWNED_DELETE_ATOMIC=1",32,100000,pito,owned_insert,ecs_insert_owned,2,10,7,175.779181
khanvm1,"AMD EPYC-Milan Processor",32,"Linux 7.0.0-27-generic x86_64","15.2.0"," -O3 -DNDEBUG -DPITO_ECS_OWNED_DELETE_ATOMIC=1",32,100000,pito,owned_insert,ecs_insert_owned,2,10,8,188.023447
khanvm1,"AMD EPYC-Milan Processor",32,"Linux 7.0.0-27-generic x86_64","15.2.0"," -O3 -DNDEBUG -DPITO_ECS_OWNED_DELETE_ATOMIC=1",32,100000,pito,owned_insert,ecs_insert_owned,2,10,9,191.140529
khanvm1,"AMD EPYC-Milan Processor",32,"Linux 7.0.0-27-generic x86_64","15.2.0"," -O3 -DNDEBUG -DPITO_ECS_OWNED_DELETE_ATOMIC=1",32,100000,pito,owned_insert,ecs_insert_owned,2,10,10,177.689433
khanvm1,"AMD EPYC-Milan Processor",32,"Linux 7.0.0-27-generic x86_64","15.2.0"," -O3 -DNDEBUG -DPITO_ECS_OWNED_DELETE_ATOMIC=1",32,100000,pito,owned_insert,ecs_insert_owned,2,10,11,186.744158
khanvm1,"AMD EPYC-Milan Processor",32,"Linux 7.0.0-27-generic x86_64","15.2.0"," -O3 -DNDEBUG -DPITO_ECS_OWNED_DELETE_ATOMIC=1",32,100000,pito,owned_insert,ecs_insert_owned,2,500,1,1752.105931
khanvm1,"AMD EPYC-Milan Processor",32,"Linux 7.0.0-27-generic x86_64","15.2.0"," -O3 -DNDEBUG -DPITO_ECS_OWNED_DELETE_ATOMIC=1",32,100000,pito,owned_insert,ecs_insert_owned,2,500,2,1709.623906
khanvm1,"AMD EPYC-Milan Processor",32,"Linux 7.0.0-27-generic x86_64","15.2.0"," -O3 -DNDEBUG -DPITO_ECS_OWNED_DELETE_ATOMIC=1",32,100000,pito,owned_insert,ecs_insert_owned,2,500,3,1709.879998
khanvm1,"AMD EPYC-Milan Processor",32,"Linux 7.0.0-27-generic x86_64","15.2.0"," -O3 -DNDEBUG -DPITO_ECS_OWNED_DELETE_ATOMIC=1",32,100000,pito,owned_insert,ecs_insert_owned,2,500,4,1690.334667
khanvm1,"AMD EPYC-Milan Processor",32,"Linux 7.0.0-27-generic x86_64","15.2.0"," -O3 -DNDEBUG -DPITO_ECS_OWNED_DELETE_ATOMIC=1",32,100000,pito,owned_insert,ecs_insert_owned,2,500,5,1752.988436
khanvm1,"AMD EPYC-Milan Processor",32,"Linux 7.0.0-27-generic x86_64","15.2.0"," -O3 -DNDEBUG -DPITO_ECS_OWNED_DELETE_ATOMIC=1",32,100000,pito,owned_insert,ecs_insert_owned,2,500,6,1696.696183
khanvm1,"AMD EPYC-Milan Processor",32,"Linux 7.0.0-27-generic x86_64","15.2.0"," -O3 -DNDEBUG -DPITO_ECS_OWNED_DELETE_ATOMIC=1",32,100000,pito,owned_insert,ecs_insert_owned,2,500,7,1688.930878
khanvm1,"AMD EPYC-Milan Processor",32,"Linux 7.0.0-27-generic x86_64","15.2.0"," -O3 -DNDEBUG -DPITO_ECS_OWNED_DELETE_ATOMIC=1",32,100000,pito,owned_insert,ecs_insert_owned,2,500,8,1749.189661
khanvm1,"AMD EPYC-Milan Processor",32,"Linux 7.0.0-27-generic x86_64","15.2.0"," -O3 -DNDEBUG -DPITO_ECS_OWNED_DELETE_ATOMIC=1",32,100000,pito,owned_insert,ecs_insert_owned,2,500,9,1692.124984
khanvm1,"AMD EPYC-Milan Processor",32,"Linux 7.0.0-27-generic x86_64","15.2.0"," -O3 -DNDEBUG -DPITO_ECS_OWNED_DELETE_ATOMIC=1",32,100000,pito,owned_insert,ecs_insert_owned,2,500,10,1751.701260
khanvm1,"AMD EPYC-Milan Processor",32,"Linux 7.0.0-27-generic x86_64","15.2.0"," -O3 -DNDEBUG -DPITO_ECS_OWNED_DELETE_ATOMIC=1",32,100000,pito,owned_insert,ecs_insert_owned,4,0,1,80.750518
khanvm1,"AMD EPYC-Milan Processor",32,"Linux 7.0.0-27-generic x86_64","15.2.0"," -O3 -DNDEBUG -DPITO_ECS_OWNED_DELETE_ATOMIC=1",32,100000,pito,owned_insert,ecs_insert_owned,4,0,2,78.550043
khanvm1,"AMD EPYC-Milan Processor",32,"Linux 7.0.0-27-generic x86_64","15.2.0"," -O3 -DNDEBUG -DPITO_ECS_OWNED_DELETE_ATOMIC=1",32,100000,pito,owned_insert,ecs_insert_owned,4,0,3,79.448020
khanvm1,"AMD EPYC-Milan Processor",32,"Linux 7.0.0-27-generic x86_64","15.2.0"," -O3 -DNDEBUG -DPITO_ECS_OWNED_DELETE_ATOMIC=1",32,100000,pito,owned_insert,ecs_insert_owned,4,0,4,82.670362
khanvm1,"AMD EPYC-Milan Processor",32,"Linux 7.0.0-27-generic x86_64","15.2.0"," -O3 -DNDEBUG -DPITO_ECS_OWNED_DELETE_ATOMIC=1",32,100000,pito,owned_insert,ecs_insert_owned,4,0,5,77.840437
khanvm1,"AMD EPYC-Milan Processor",32,"Linux 7.0.0-27-generic x86_64","15.2.0"," -O3 -DNDEBUG -DPITO_ECS_OWNED_DELETE_ATOMIC=1",32,100000,pito,owned_insert,ecs_insert_owned,4,0,6,79.257388
khanvm1,"AMD EPYC-Milan Processor",32,"Linux 7.0.0-27-generic x86_64","15.2.0"," -O3 -DNDEBUG -DPITO_ECS_OWNED_DELETE_ATOMIC=1",32,100000,pito,owned_insert,ecs_insert_owned,4,0,7,77.153362
khanvm1,"AMD EPYC-Milan Processor",32,"Linux 7.0.0-27-generic x86_64","15.2.0"," -O3 -DNDEBUG -DPITO_ECS_OWNED_DELETE_ATOMIC=1",32,100000,pito,owned_insert,ecs_insert_owned,4,0,8,80.505077
khanvm1,"AMD EPYC-Milan Processor",32,"Linux 7.0.0-27-generic x86_64","15.2.0"," -O3 -DNDEBUG -DPITO_ECS_OWNED_DELETE_ATOMIC=1",32,100000,pito,owned_insert,ecs_insert_owned,4,0,9,78.606274
khanvm1,"AMD EPYC-Milan Processor",32,"Linux 7.0.0-27-generic x86_64","15.2.0"," -O3 -DNDEBUG -DPITO_ECS_OWNED_DELETE_ATOMIC=1",32,100000,pito,owned_insert,ecs_insert_owned,4,0,10,77.041642
khanvm1,"AMD EPYC-Milan Processor",32,"Linux 7.0.0-27-generic x86_64","15.2.0"," -O3 -DNDEBUG -DPITO_ECS_OWNED_DELETE_ATOMIC=1",32,100000,pito,owned_insert,ecs_insert_owned,4,10,1,82.558022
khanvm1,"AMD EPYC-Milan Processor",32,"Linux 7.0.0-27-generic x86_64","15.2.0"," -O3 -DNDEBUG -DPITO_ECS_OWNED_DELETE_ATOMIC=1",32,100000,pito,owned_insert,ecs_insert_owned,4,10,2,82.713543
khanvm1,"AMD EPYC-Milan Processor",32,"Linux 7.0.0-27-generic x86_64","15.2.0"," -O3 -DNDEBUG -DPITO_ECS_OWNED_DELETE_ATOMIC=1",32,100000,pito,owned_insert,ecs_insert_owned,4,10,3,82.631602
khanvm1,"AMD EPYC-Milan Processor",32,"Linux 7.0.0-27-generic x86_64","15.2.0"," -O3 -DNDEBUG -DPITO_ECS_OWNED_DELETE_ATOMIC=1",32,100000,pito,owned_insert,ecs_insert_owned,4,10,4,87.573587
khanvm1,"AMD EPYC-Milan Processor",32,"Linux 7.0.0-27-generic x86_64","15.2.0"," -O3 -DNDEBUG -DPITO_ECS_OWNED_DELETE_ATOMIC=1",32,100000,pito,owned_insert,ecs_insert_owned,4,10,5,82.779363
khanvm1,"AMD EPYC-Milan Processor",32,"Linux 7.0.0-27-generic x86_64","15.2.0"," -O3 -DNDEBUG -DPITO_ECS_OWNED_DELETE_ATOMIC=1",32,100000,pito,owned_insert,ecs_insert_owned,4,10,6,78.910255
khanvm1,"AMD EPYC-Milan Processor",32,"Linux 7.0.0-27-generic x86_64","15.2.0"," -O3 -DNDEBUG -DPITO_ECS_OWNED_DELETE_ATOMIC=1",32,100000,pito,owned_insert,ecs_insert_owned,4,10,7,82.253760
khanvm1,"AMD EPYC-Milan Processor",32,"Linux 7.0.0-27-generic x86_64","15.2.0"," -O3 -DNDEBUG -DPITO_ECS_OWNED_DELETE_ATOMIC=1",32,100000,pito,owned_insert,ecs_insert_owned,4,10,8,83.535310
khanvm1,"AMD EPYC-Milan Processor",32,"Linux 7.0.0-27-generic x86_64","15.2.0"," -O3 -DNDEBUG -DPITO_ECS_OWNED_DELETE_ATOMIC=1",32,100000,pito,owned_insert,ecs_insert_owned,4,10,9,82.447771
khanvm1,"AMD EPYC-Milan Processor",32,"Linux 7.0.0-27-generic x86_64","15.2.0"," -O3 -DNDEBUG -DPITO_ECS_OWNED_DELETE_ATOMIC=1",32,100000,pito,owned_insert,ecs_insert_owned,4,10,10,85.721644
khanvm1,"AMD EPYC-Milan Processor",32,"Linux 7.0.0-27-generic x86_64","15.2.0"," -O3 -DNDEBUG -DPITO_ECS_OWNED_DELETE_ATOMIC=1",32,100000,pito,owned_insert,ecs_insert_owned,4,10,11,80.965599
khanvm1,"AMD EPYC-Milan Processor",32,"Linux 7.0.0-27-generic x86_64","15.2.0"," -O3 -DNDEBUG -DPITO_ECS_OWNED_DELETE_ATOMIC=1",32,100000,pito,owned_insert,ecs_insert_owned,4,500,1,928.972075
khanvm1,"AMD EPYC-Milan Processor",32,"Linux 7.0.0-27-generic x86_64","15.2.0"," -O3 -DNDEBUG -DPITO_ECS_OWNED_DELETE_ATOMIC=1",32,100000,pito,owned_insert,ecs_insert_owned,4,500,2,932.095598
khanvm1,"AMD EPYC-Milan Processor",32,"Linux 7.0.0-27-generic x86_64","15.2.0"," -O3 -DNDEBUG -DPITO_ECS_OWNED_DELETE_ATOMIC=1",32,100000,pito,owned_insert,ecs_insert_owned,4,500,3,928.343481
khanvm1,"AMD EPYC-Milan Processor",32,"Linux 7.0.0-27-generic x86_64","15.2.0"," -O3 -DNDEBUG -DPITO_ECS_OWNED_DELETE_ATOMIC=1",32,100000,pito,owned_insert,ecs_insert_owned,4,500,4,930.377077
khanvm1,"AMD EPYC-Milan Processor",32,"Linux 7.0.0-27-generic x86_64","15.2.0"," -O3 -DNDEBUG -DPITO_ECS_OWNED_DELETE_ATOMIC=1",32,100000,pito,owned_insert,ecs_insert_owned,4,500,5,939.367771
khanvm1,"AMD EPYC-Milan Processor",32,"Linux 7.0.0-27-generic x86_64","15.2.0"," -O3 -DNDEBUG -DPITO_ECS_OWNED_DELETE_ATOMIC=1",32,100000,pito,owned_insert,ecs_insert_owned,4,500,6,924.254302
khanvm1,"AMD EPYC-Milan Processor",32,"Linux 7.0.0-27-generic x86_64","15.2.0"," -O3 -DNDEBUG -DPITO_ECS_OWNED_DELETE_ATOMIC=1",32,100000,pito,owned_insert,ecs_insert_owned,4,500,7,925.072937
khanvm1,"AMD EPYC-Milan Processor",32,"Linux 7.0.0-27-generic x86_64","15.2.0"," -O3 -DNDEBUG -DPITO_ECS_OWNED_DELETE_ATOMIC=1",32,100000,pito,owned_insert,ecs_insert_owned,4,500,8,930.397127
khanvm1,"AMD EPYC-Milan Processor",32,"Linux 7.0.0-27-generic x86_64","15.2.0"," -O3 -DNDEBUG -DPITO_ECS_OWNED_DELETE_ATOMIC=1",32,100000,pito,owned_insert,ecs_insert_owned,4,500,9,924.128521
khanvm1,"AMD EPYC-Milan Processor",32,"Linux 7.0.0-27-generic x86_64","15.2.0"," -O3 -DNDEBUG -DPITO_ECS_OWNED_DELETE_ATOMIC=1",32,100000,pito,owned_insert,ecs_insert_owned,4,500,10,934.794518
khanvm1,"AMD EPYC-Milan Processor",32,"Linux 7.0.0-27-generic x86_64","15.2.0"," -O3 -DNDEBUG -DPITO_ECS_OWNED_DELETE_ATOMIC=1",32,100000,pito,owned_insert,ecs_insert_owned,8,0,1,76.473428
khanvm1,"AMD EPYC-Milan Processor",32,"Linux 7.0.0-27-generic x86_64","15.2.0"," -O3 -DNDEBUG -DPITO_ECS_OWNED_DELETE_ATOMIC=1",32,100000,pito,owned_insert,ecs_insert_owned,8,0,2,55.613169
khanvm1,"AMD EPYC-Milan Processor",32,"Linux 7.0.0-27-generic x86_64","15.2.0"," -O3 -DNDEBUG -DPITO_ECS_OWNED_DELETE_ATOMIC=1",32,100000,pito,owned_insert,ecs_insert_owned,8,0,3,64.244531
khanvm1,"AMD EPYC-Milan Processor",32,"Linux 7.0.0-27-generic x86_64","15.2.0"," -O3 -DNDEBUG -DPITO_ECS_OWNED_DELETE_ATOMIC=1",32,100000,pito,owned_insert,ecs_insert_owned,8,0,4,83.820240
khanvm1,"AMD EPYC-Milan Processor",32,"Linux 7.0.0-27-generic x86_64","15.2.0"," -O3 -DNDEBUG -DPITO_ECS_OWNED_DELETE_ATOMIC=1",32,100000,pito,owned_insert,ecs_insert_owned,8,0,5,71.440713
khanvm1,"AMD EPYC-Milan Processor",32,"Linux 7.0.0-27-generic x86_64","15.2.0"," -O3 -DNDEBUG -DPITO_ECS_OWNED_DELETE_ATOMIC=1",32,100000,pito,owned_insert,ecs_insert_owned,8,0,6,63.020202
khanvm1,"AMD EPYC-Milan Processor",32,"Linux 7.0.0-27-generic x86_64","15.2.0"," -O3 -DNDEBUG -DPITO_ECS_OWNED_DELETE_ATOMIC=1",32,100000,pito,owned_insert,ecs_insert_owned,8,0,7,68.436310
khanvm1,"AMD EPYC-Milan Processor",32,"Linux 7.0.0-27-generic x86_64","15.2.0"," -O3 -DNDEBUG -DPITO_ECS_OWNED_DELETE_ATOMIC=1",32,100000,pito,owned_insert,ecs_insert_owned,8,0,8,65.288967
khanvm1,"AMD EPYC-Milan Processor",32,"Linux 7.0.0-27-generic x86_64","15.2.0"," -O3 -DNDEBUG -DPITO_ECS_OWNED_DELETE_ATOMIC=1",32,100000,pito,owned_insert,ecs_insert_owned,8,0,9,63.246774
khanvm1,"AMD EPYC-Milan Processor",32,"Linux 7.0.0-27-generic x86_64","15.2.0"," -O3 -DNDEBUG -DPITO_ECS_OWNED_DELETE_ATOMIC=1",32,100000,pito,owned_insert,ecs_insert_owned,8,0,10,77.708055
khanvm1,"AMD EPYC-Milan Processor",32,"Linux 7.0.0-27-generic x86_64","15.2.0"," -O3 -DNDEBUG -DPITO_ECS_OWNED_DELETE_ATOMIC=1",32,100000,pito,owned_insert,ecs_insert_owned,8,0,11,56.779317
khanvm1,"AMD EPYC-Milan Processor",32,"Linux 7.0.0-27-generic x86_64","15.2.0"," -O3 -DNDEBUG -DPITO_ECS_OWNED_DELETE_ATOMIC=1",32,100000,pito,owned_insert,ecs_insert_owned,8,0,12,71.556872
khanvm1,"AMD EPYC-Milan Processor",32,"Linux 7.0.0-27-generic x86_64","15.2.0"," -O3 -DNDEBUG -DPITO_ECS_OWNED_DELETE_ATOMIC=1",32,100000,pito,owned_insert,ecs_insert_owned,8,0,13,65.090645
khanvm1,"AMD EPYC-Milan Processor",32,"Linux 7.0.0-27-generic x86_64","15.2.0"," -O3 -DNDEBUG -DPITO_ECS_OWNED_DELETE_ATOMIC=1",32,100000,pito,owned_insert,ecs_insert_owned,8,0,14,59.826530
khanvm1,"AMD EPYC-Milan Processor",32,"Linux 7.0.0-27-generic x86_64","15.2.0"," -O3 -DNDEBUG -DPITO_ECS_OWNED_DELETE_ATOMIC=1",32,100000,pito,owned_insert,ecs_insert_owned,8,0,15,55.277396
khanvm1,"AMD EPYC-Milan Processor",32,"Linux 7.0.0-27-generic x86_64","15.2.0"," -O3 -DNDEBUG -DPITO_ECS_OWNED_DELETE_ATOMIC=1",32,100000,pito,owned_insert,ecs_insert_owned,8,0,16,52.385485
khanvm1,"AMD EPYC-Milan Processor",32,"Linux 7.0.0-27-generic x86_64","15.2.0"," -O3 -DNDEBUG -DPITO_ECS_OWNED_DELETE_ATOMIC=1",32,100000,pito,owned_insert,ecs_insert_owned,8,0,17,53.817305
khanvm1,"AMD EPYC-Milan Processor",32,"Linux 7.0.0-27-generic x86_64","15.2.0"," -O3 -DNDEBUG -DPITO_ECS_OWNED_DELETE_ATOMIC=1",32,100000,pito,owned_insert,ecs_insert_owned,8,0,18,51.523290
khanvm1,"AMD EPYC-Milan Processor",32,"Linux 7.0.0-27-generic x86_64","15.2.0"," -O3 -DNDEBUG -DPITO_ECS_OWNED_DELETE_ATOMIC=1",32,100000,pito,owned_insert,ecs_insert_owned,8,0,19,71.062940
khanvm1,"AMD EPYC-Milan Processor",32,"Linux 7.0.0-27-generic x86_64","15.2.0"," -O3 -DNDEBUG -DPITO_ECS_OWNED_DELETE_ATOMIC=1",32,100000,pito,owned_insert,ecs_insert_owned,8,0,20,72.074147
khanvm1,"AMD EPYC-Milan Processor",32,"Linux 7.0.0-27-generic x86_64","15.2.0"," -O3 -DNDEBUG -DPITO_ECS_OWNED_DELETE_ATOMIC=1",32,100000,pito,owned_insert,ecs_insert_owned,8,0,21,85.295452
khanvm1,"AMD EPYC-Milan Processor",32,"Linux 7.0.0-27-generic x86_64","15.2.0"," -O3 -DNDEBUG -DPITO_ECS_OWNED_DELETE_ATOMIC=1",32,100000,pito,owned_insert,ecs_insert_owned,8,0,22,64.770215
khanvm1,"AMD EPYC-Milan Processor",32,"Linux 7.0.0-27-generic x86_64","15.2.0"," -O3 -DNDEBUG -DPITO_ECS_OWNED_DELETE_ATOMIC=1",32,100000,pito,owned_insert,ecs_insert_owned,8,0,23,62.756680
khanvm1,"AMD EPYC-Milan Processor",32,"Linux 7.0.0-27-generic x86_64","15.2.0"," -O3 -DNDEBUG -DPITO_ECS_OWNED_DELETE_ATOMIC=1",32,100000,pito,owned_insert,ecs_insert_owned,8,0,24,78.738283
khanvm1,"AMD EPYC-Milan Processor",32,"Linux 7.0.0-27-generic x86_64","15.2.0"," -O3 -DNDEBUG -DPITO_ECS_OWNED_DELETE_ATOMIC=1",32,100000,pito,owned_insert,ecs_insert_owned,8,0,25,52.678397
khanvm1,"AMD EPYC-Milan Processor",32,"Linux 7.0.0-27-generic x86_64","15.2.0"," -O3 -DNDEBUG -DPITO_ECS_OWNED_DELETE_ATOMIC=1",32,100000,pito,owned_insert,ecs_insert_owned,8,0,26,56.836027
khanvm1,"AMD EPYC-Milan Processor",32,"Linux 7.0.0-27-generic x86_64","15.2.0"," -O3 -DNDEBUG -DPITO_ECS_OWNED_DELETE_ATOMIC=1",32,100000,pito,owned_insert,ecs_insert_owned,8,0,27,73.338165
khanvm1,"AMD EPYC-Milan Processor",32,"Linux 7.0.0-27-generic x86_64","15.2.0"," -O3 -DNDEBUG -DPITO_ECS_OWNED_DELETE_ATOMIC=1",32,100000,pito,owned_insert,ecs_insert_owned,8,0,28,70.096944
khanvm1,"AMD EPYC-Milan Processor",32,"Linux 7.0.0-27-generic x86_64","15.2.0"," -O3 -DNDEBUG -DPITO_ECS_OWNED_DELETE_ATOMIC=1",32,100000,pito,owned_insert,ecs_insert_owned,8,0,29,52.777248
khanvm1,"AMD EPYC-Milan Processor",32,"Linux 7.0.0-27-generic x86_64","15.2.0"," -O3 -DNDEBUG -DPITO_ECS_OWNED_DELETE_ATOMIC=1",32,100000,pito,owned_insert,ecs_insert_owned,8,0,30,64.213179
khanvm1,"AMD EPYC-Milan Processor",32,"Linux 7.0.0-27-generic x86_64","15.2.0"," -O3 -DNDEBUG -DPITO_ECS_OWNED_DELETE_ATOMIC=1",32,100000,pito,owned_insert,ecs_insert_owned,8,0,31,63.704945
khanvm1,"AMD EPYC-Milan Processor",32,"Linux 7.0.0-27-generic x86_64","15.2.0"," -O3 -DNDEBUG -DPITO_ECS_OWNED_DELETE_ATOMIC=1",32,100000,pito,owned_insert,ecs_insert_owned,8,0,32,90.963522
khanvm1,"AMD EPYC-Milan Processor",32,"Linux 7.0.0-27-generic x86_64","15.2.0"," -O3 -DNDEBUG -DPITO_ECS_OWNED_DELETE_ATOMIC=1",32,100000,pito,owned_insert,ecs_insert_owned,8,0,33,65.256329
khanvm1,"AMD EPYC-Milan Processor",32,"Linux 7.0.0-27-generic x86_64","15.2.0"," -O3 -DNDEBUG -DPITO_ECS_OWNED_DELETE_ATOMIC=1",32,100000,pito,owned_insert,ecs_insert_owned,8,0,34,89.260630
khanvm1,"AMD EPYC-Milan Processor",32,"Linux 7.0.0-27-generic x86_64","15.2.0"," -O3 -DNDEBUG -DPITO_ECS_OWNED_DELETE_ATOMIC=1",32,100000,pito,owned_insert,ecs_insert_owned,8,0,35,49.008161
khanvm1,"AMD EPYC-Milan Processor",32,"Linux 7.0.0-27-generic x86_64","15.2.0"," -O3 -DNDEBUG -DPITO_ECS_OWNED_DELETE_ATOMIC=1",32,100000,pito,owned_insert,ecs_insert_owned,8,0,36,84.394695
khanvm1,"AMD EPYC-Milan Processor",32,"Linux 7.0.0-27-generic x86_64","15.2.0"," -O3 -DNDEBUG -DPITO_ECS_OWNED_DELETE_ATOMIC=1",32,100000,pito,owned_insert,ecs_insert_owned,8,0,37,87.465227
khanvm1,"AMD EPYC-Milan Processor",32,"Linux 7.0.0-27-generic x86_64","15.2.0"," -O3 -DNDEBUG -DPITO_ECS_OWNED_DELETE_ATOMIC=1",32,100000,pito,owned_insert,ecs_insert_owned,8,0,38,86.157257
khanvm1,"AMD EPYC-Milan Processor",32,"Linux 7.0.0-27-generic x86_64","15.2.0"," -O3 -DNDEBUG -DPITO_ECS_OWNED_DELETE_ATOMIC=1",32,100000,pito,owned_insert,ecs_insert_owned,8,0,39,57.260410
khanvm1,"AMD EPYC-Milan Processor",32,"Linux 7.0.0-27-generic x86_64","15.2.0"," -O3 -DNDEBUG -DPITO_ECS_OWNED_DELETE_ATOMIC=1",32,100000,pito,owned_insert,ecs_insert_owned,8,0,40,56.157001
khanvm1,"AMD EPYC-Milan Processor",32,"Linux 7.0.0-27-generic x86_64","15.2.0"," -O3 -DNDEBUG -DPITO_ECS_OWNED_DELETE_ATOMIC=1",32,100000,pito,owned_insert,ecs_insert_owned,8,0,41,60.650105
khanvm1,"AMD EPYC-Milan Processor",32,"Linux 7.0.0-27-generic x86_64","15.2.0"," -O3 -DNDEBUG -DPITO_ECS_OWNED_DELETE_ATOMIC=1",32,100000,pito,owned_insert,ecs_insert_owned,8,0,42,68.872264
khanvm1,"AMD EPYC-Milan Processor",32,"Linux 7.0.0-27-generic x86_64","15.2.0"," -O3 -DNDEBUG -DPITO_ECS_OWNED_DELETE_ATOMIC=1",32,100000,pito,owned_insert,ecs_insert_owned,8,0,43,62.163636
khanvm1,"AMD EPYC-Milan Processor",32,"Linux 7.0.0-27-generic x86_64","15.2.0"," -O3 -DNDEBUG -DPITO_ECS_OWNED_DELETE_ATOMIC=1",32,100000,pito,owned_insert,ecs_insert_owned,8,0,44,69.027605
khanvm1,"AMD EPYC-Milan Processor",32,"Linux 7.0.0-27-generic x86_64","15.2.0"," -O3 -DNDEBUG -DPITO_ECS_OWNED_DELETE_ATOMIC=1",32,100000,pito,owned_insert,ecs_insert_owned,8,0,45,60.893057
khanvm1,"AMD EPYC-Milan Processor",32,"Linux 7.0.0-27-generic x86_64","15.2.0"," -O3 -DNDEBUG -DPITO_ECS_OWNED_DELETE_ATOMIC=1",32,100000,pito,owned_insert,ecs_insert_owned,8,0,46,53.400262
khanvm1,"AMD EPYC-Milan Processor",32,"Linux 7.0.0-27-generic x86_64","15.2.0"," -O3 -DNDEBUG -DPITO_ECS_OWNED_DELETE_ATOMIC=1",32,100000,pito,owned_insert,ecs_insert_owned,8,0,47,53.124021
khanvm1,"AMD EPYC-Milan Processor",32,"Linux 7.0.0-27-generic x86_64","15.2.0"," -O3 -DNDEBUG -DPITO_ECS_OWNED_DELETE_ATOMIC=1",32,100000,pito,owned_insert,ecs_insert_owned,8,0,48,51.321718
khanvm1,"AMD EPYC-Milan Processor",32,"Linux 7.0.0-27-generic x86_64","15.2.0"," -O3 -DNDEBUG -DPITO_ECS_OWNED_DELETE_ATOMIC=1",32,100000,pito,owned_insert,ecs_insert_owned,8,0,49,50.743513
khanvm1,"AMD EPYC-Milan Processor",32,"Linux 7.0.0-27-generic x86_64","15.2.0"," -O3 -DNDEBUG -DPITO_ECS_OWNED_DELETE_ATOMIC=1",32,100000,pito,owned_insert,ecs_insert_owned,8,0,50,51.123446
khanvm1,"AMD EPYC-Milan Processor",32,"Linux 7.0.0-27-generic x86_64","15.2.0"," -O3 -DNDEBUG -DPITO_ECS_OWNED_DELETE_ATOMIC=1",32,100000,pito,owned_insert,ecs_insert_owned,8,0,51,71.955565
khanvm1,"AMD EPYC-Milan Processor",32,"Linux 7.0.0-27-generic x86_64","15.2.0"," -O3 -DNDEBUG -DPITO_ECS_OWNED_DELETE_ATOMIC=1",32,100000,pito,owned_insert,ecs_insert_owned,8,0,52,59.748838
khanvm1,"AMD EPYC-Milan Processor",32,"Linux 7.0.0-27-generic x86_64","15.2.0"," -O3 -DNDEBUG -DPITO_ECS_OWNED_DELETE_ATOMIC=1",32,100000,pito,owned_insert,ecs_insert_owned,8,0,53,59.703988
khanvm1,"AMD EPYC-Milan Processor",32,"Linux 7.0.0-27-generic x86_64","15.2.0"," -O3 -DNDEBUG -DPITO_ECS_OWNED_DELETE_ATOMIC=1",32,100000,pito,owned_insert,ecs_insert_owned,8,0,54,66.255355
khanvm1,"AMD EPYC-Milan Processor",32,"Linux 7.0.0-27-generic x86_64","15.2.0"," -O3 -DNDEBUG -DPITO_ECS_OWNED_DELETE_ATOMIC=1",32,100000,pito,owned_insert,ecs_insert_owned,8,0,55,62.968352
khanvm1,"AMD EPYC-Milan Processor",32,"Linux 7.0.0-27-generic x86_64","15.2.0"," -O3 -DNDEBUG -DPITO_ECS_OWNED_DELETE_ATOMIC=1",32,100000,pito,owned_insert,ecs_insert_owned,8,0,56,69.185916
khanvm1,"AMD EPYC-Milan Processor",32,"Linux 7.0.0-27-generic x86_64","15.2.0"," -O3 -DNDEBUG -DPITO_ECS_OWNED_DELETE_ATOMIC=1",32,100000,pito,owned_insert,ecs_insert_owned,8,0,57,57.336401
khanvm1,"AMD EPYC-Milan Processor",32,"Linux 7.0.0-27-generic x86_64","15.2.0"," -O3 -DNDEBUG -DPITO_ECS_OWNED_DELETE_ATOMIC=1",32,100000,pito,owned_insert,ecs_insert_owned,8,0,58,49.033911
khanvm1,"AMD EPYC-Milan Processor",32,"Linux 7.0.0-27-generic x86_64","15.2.0"," -O3 -DNDEBUG -DPITO_ECS_OWNED_DELETE_ATOMIC=1",32,100000,pito,owned_insert,ecs_insert_owned,8,0,59,68.869464
khanvm1,"AMD EPYC-Milan Processor",32,"Linux 7.0.0-27-generic x86_64","15.2.0"," -O3 -DNDEBUG -DPITO_ECS_OWNED_DELETE_ATOMIC=1",32,100000,pito,owned_insert,ecs_insert_owned,8,0,60,52.483246
khanvm1,"AMD EPYC-Milan Processor",32,"Linux 7.0.0-27-generic x86_64","15.2.0"," -O3 -DNDEBUG -DPITO_ECS_OWNED_DELETE_ATOMIC=1",32,100000,pito,owned_insert,ecs_insert_owned,8,0,61,49.019520
khanvm1,"AMD EPYC-Milan Processor",32,"Linux 7.0.0-27-generic x86_64","15.2.0"," -O3 -DNDEBUG -DPITO_ECS_OWNED_DELETE_ATOMIC=1",32,100000,pito,owned_insert,ecs_insert_owned,8,0,62,68.891443
khanvm1,"AMD EPYC-Milan Processor",32,"Linux 7.0.0-27-generic x86_64","15.2.0"," -O3 -DNDEBUG -DPITO_ECS_OWNED_DELETE_ATOMIC=1",32,100000,pito,owned_insert,ecs_insert_owned,8,0,63,73.034002
khanvm1,"AMD EPYC-Milan Processor",32,"Linux 7.0.0-27-generic x86_64","15.2.0"," -O3 -DNDEBUG -DPITO_ECS_OWNED_DELETE_ATOMIC=1",32,100000,pito,owned_insert,ecs_insert_owned,8,0,64,55.185616
khanvm1,"AMD EPYC-Milan Processor",32,"Linux 7.0.0-27-generic x86_64","15.2.0"," -O3 -DNDEBUG -DPITO_ECS_OWNED_DELETE_ATOMIC=1",32,100000,pito,owned_insert,ecs_insert_owned,8,0,65,48.311316
khanvm1,"AMD EPYC-Milan Processor",32,"Linux 7.0.0-27-generic x86_64","15.2.0"," -O3 -DNDEBUG -DPITO_ECS_OWNED_DELETE_ATOMIC=1",32,100000,pito,owned_insert,ecs_insert_owned,8,0,66,71.511123
khanvm1,"AMD EPYC-Milan Processor",32,"Linux 7.0.0-27-generic x86_64","15.2.0"," -O3 -DNDEBUG -DPITO_ECS_OWNED_DELETE_ATOMIC=1",32,100000,pito,owned_insert,ecs_insert_owned,8,0,67,71.030579
khanvm1,"AMD EPYC-Milan Processor",32,"Linux 7.0.0-27-generic x86_64","15.2.0"," -O3 -DNDEBUG -DPITO_ECS_OWNED_DELETE_ATOMIC=1",32,100000,pito,owned_insert,ecs_insert_owned,8,0,68,62.109615
khanvm1,"AMD EPYC-Milan Processor",32,"Linux 7.0.0-27-generic x86_64","15.2.0"," -O3 -DNDEBUG -DPITO_ECS_OWNED_DELETE_ATOMIC=1",32,100000,pito,owned_insert,ecs_insert_owned,8,0,69,48.350467
khanvm1,"AMD EPYC-Milan Processor",32,"Linux 7.0.0-27-generic x86_64","15.2.0"," -O3 -DNDEBUG -DPITO_ECS_OWNED_DELETE_ATOMIC=1",32,100000,pito,owned_insert,ecs_insert_owned,8,0,70,61.308230
khanvm1,"AMD EPYC-Milan Processor",32,"Linux 7.0.0-27-generic x86_64","15.2.0"," -O3 -DNDEBUG -DPITO_ECS_OWNED_DELETE_ATOMIC=1",32,100000,pito,owned_insert,ecs_insert_owned,8,0,71,46.195901
khanvm1,"AMD EPYC-Milan Processor",32,"Linux 7.0.0-27-generic x86_64","15.2.0"," -O3 -DNDEBUG -DPITO_ECS_OWNED_DELETE_ATOMIC=1",32,100000,pito,owned_insert,ecs_insert_owned,8,0,72,65.528530
khanvm1,"AMD EPYC-Milan Processor",32,"Linux 7.0.0-27-generic x86_64","15.2.0"," -O3 -DNDEBUG -DPITO_ECS_OWNED_DELETE_ATOMIC=1",32,100000,pito,owned_insert,ecs_insert_owned,8,0,73,57.230320
khanvm1,"AMD EPYC-Milan Processor",32,"Linux 7.0.0-27-generic x86_64","15.2.0"," -O3 -DNDEBUG -DPITO_ECS_OWNED_DELETE_ATOMIC=1",32,100000,pito,owned_insert,ecs_insert_owned,8,0,74,68.642872
khanvm1,"AMD EPYC-Milan Processor",32,"Linux 7.0.0-27-generic x86_64","15.2.0"," -O3 -DNDEBUG -DPITO_ECS_OWNED_DELETE_ATOMIC=1",32,100000,pito,owned_insert,ecs_insert_owned,8,0,75,67.583575
khanvm1,"AMD EPYC-Milan Processor",32,"Linux 7.0.0-27-generic x86_64","15.2.0"," -O3 -DNDEBUG -DPITO_ECS_OWNED_DELETE_ATOMIC=1",32,100000,pito,owned_insert,ecs_insert_owned,8,0,76,55.439857
khanvm1,"AMD EPYC-Milan Processor",32,"Linux 7.0.0-27-generic x86_64","15.2.0"," -O3 -DNDEBUG -DPITO_ECS_OWNED_DELETE_ATOMIC=1",32,100000,pito,owned_insert,ecs_insert_owned,8,0,77,73.466445
khanvm1,"AMD EPYC-Milan Processor",32,"Linux 7.0.0-27-generic x86_64","15.2.0"," -O3 -DNDEBUG -DPITO_ECS_OWNED_DELETE_ATOMIC=1",32,100000,pito,owned_insert,ecs_insert_owned,8,0,78,72.590990
khanvm1,"AMD EPYC-Milan Processor",32,"Linux 7.0.0-27-generic x86_64","15.2.0"," -O3 -DNDEBUG -DPITO_ECS_OWNED_DELETE_ATOMIC=1",32,100000,pito,owned_insert,ecs_insert_owned,8,0,79,64.117440
khanvm1,"AMD EPYC-Milan Processor",32,"Linux 7.0.0-27-generic x86_64","15.2.0"," -O3 -DNDEBUG -DPITO_ECS_OWNED_DELETE_ATOMIC=1",32,100000,pito,owned_insert,ecs_insert_owned,8,0,80,59.290086
khanvm1,"AMD EPYC-Milan Processor",32,"Linux 7.0.0-27-generic x86_64","15.2.0"," -O3 -DNDEBUG -DPITO_ECS_OWNED_DELETE_ATOMIC=1",32,100000,pito,owned_insert,ecs_insert_owned,8,0,81,55.406177
khanvm1,"AMD EPYC-Milan Processor",32,"Linux 7.0.0-27-generic x86_64","15.2.0"," -O3 -DNDEBUG -DPITO_ECS_OWNED_DELETE_ATOMIC=1",32,100000,pito,owned_insert,ecs_insert_owned,8,0,82,64.297421
khanvm1,"AMD EPYC-Milan Processor",32,"Linux 7.0.0-27-generic x86_64","15.2.0"," -O3 -DNDEBUG -DPITO_ECS_OWNED_DELETE_ATOMIC=1",32,100000,pito,owned_insert,ecs_insert_owned,8,0,83,75.922254
khanvm1,"AMD EPYC-Milan Processor",32,"Linux 7.0.0-27-generic x86_64","15.2.0"," -O3 -DNDEBUG -DPITO_ECS_OWNED_DELETE_ATOMIC=1",32,100000,pito,owned_insert,ecs_insert_owned,8,0,84,60.335052
khanvm1,"AMD EPYC-Milan Processor",32,"Linux 7.0.0-27-generic x86_64","15.2.0"," -O3 -DNDEBUG -DPITO_ECS_OWNED_DELETE_ATOMIC=1",32,100000,pito,owned_insert,ecs_insert_owned,8,10,1,72.799662
khanvm1,"AMD EPYC-Milan Processor",32,"Linux 7.0.0-27-generic x86_64","15.2.0"," -O3 -DNDEBUG -DPITO_ECS_OWNED_DELETE_ATOMIC=1",32,100000,pito,owned_insert,ecs_insert_owned,8,10,2,66.080585
khanvm1,"AMD EPYC-Milan Processor",32,"Linux 7.0.0-27-generic x86_64","15.2.0"," -O3 -DNDEBUG -DPITO_ECS_OWNED_DELETE_ATOMIC=1",32,100000,pito,owned_insert,ecs_insert_owned,8,10,3,68.707002
khanvm1,"AMD EPYC-Milan Processor",32,"Linux 7.0.0-27-generic x86_64","15.2.0"," -O3 -DNDEBUG -DPITO_ECS_OWNED_DELETE_ATOMIC=1",32,100000,pito,owned_insert,ecs_insert_owned,8,10,4,76.994731
khanvm1,"AMD EPYC-Milan Processor",32,"Linux 7.0.0-27-generic x86_64","15.2.0"," -O3 -DNDEBUG -DPITO_ECS_OWNED_DELETE_ATOMIC=1",32,100000,pito,owned_insert,ecs_insert_owned,8,10,5,57.612593
khanvm1,"AMD EPYC-Milan Processor",32,"Linux 7.0.0-27-generic x86_64","15.2.0"," -O3 -DNDEBUG -DPITO_ECS_OWNED_DELETE_ATOMIC=1",32,100000,pito,owned_insert,ecs_insert_owned,8,10,6,97.238777
khanvm1,"AMD EPYC-Milan Processor",32,"Linux 7.0.0-27-generic x86_64","15.2.0"," -O3 -DNDEBUG -DPITO_ECS_OWNED_DELETE_ATOMIC=1",32,100000,pito,owned_insert,ecs_insert_owned,8,10,7,67.718493
khanvm1,"AMD EPYC-Milan Processor",32,"Linux 7.0.0-27-generic x86_64","15.2.0"," -O3 -DNDEBUG -DPITO_ECS_OWNED_DELETE_ATOMIC=1",32,100000,pito,owned_insert,ecs_insert_owned,8,10,8,75.782084
khanvm1,"AMD EPYC-Milan Processor",32,"Linux 7.0.0-27-generic x86_64","15.2.0"," -O3 -DNDEBUG -DPITO_ECS_OWNED_DELETE_ATOMIC=1",32,100000,pito,owned_insert,ecs_insert_owned,8,10,9,90.097694
khanvm1,"AMD EPYC-Milan Processor",32,"Linux 7.0.0-27-generic x86_64","15.2.0"," -O3 -DNDEBUG -DPITO_ECS_OWNED_DELETE_ATOMIC=1",32,100000,pito,owned_insert,ecs_insert_owned,8,10,10,69.666728
khanvm1,"AMD EPYC-Milan Processor",32,"Linux 7.0.0-27-generic x86_64","15.2.0"," -O3 -DNDEBUG -DPITO_ECS_OWNED_DELETE_ATOMIC=1",32,100000,pito,owned_insert,ecs_insert_owned,8,10,11,75.413252
khanvm1,"AMD EPYC-Milan Processor",32,"Linux 7.0.0-27-generic x86_64","15.2.0"," -O3 -DNDEBUG -DPITO_ECS_OWNED_DELETE_ATOMIC=1",32,100000,pito,owned_insert,ecs_insert_owned,8,10,12,75.813704
khanvm1,"AMD EPYC-Milan Processor",32,"Linux 7.0.0-27-generic x86_64","15.2.0"," -O3 -DNDEBUG -DPITO_ECS_OWNED_DELETE_ATOMIC=1",32,100000,pito,owned_insert,ecs_insert_owned,8,10,13,51.415708
khanvm1,"AMD EPYC-Milan Processor",32,"Linux 7.0.0-27-generic x86_64","15.2.0"," -O3 -DNDEBUG -DPITO_ECS_OWNED_DELETE_ATOMIC=1",32,100000,pito,owned_insert,ecs_insert_owned,8,10,14,76.637999
khanvm1,"AMD EPYC-Milan Processor",32,"Linux 7.0.0-27-generic x86_64","15.2.0"," -O3 -DNDEBUG -DPITO_ECS_OWNED_DELETE_ATOMIC=1",32,100000,pito,owned_insert,ecs_insert_owned,8,10,15,57.339651
khanvm1,"AMD EPYC-Milan Processor",32,"Linux 7.0.0-27-generic x86_64","15.2.0"," -O3 -DNDEBUG -DPITO_ECS_OWNED_DELETE_ATOMIC=1",32,100000,pito,owned_insert,ecs_insert_owned,8,10,16,52.023122
khanvm1,"AMD EPYC-Milan Processor",32,"Linux 7.0.0-27-generic x86_64","15.2.0"," -O3 -DNDEBUG -DPITO_ECS_OWNED_DELETE_ATOMIC=1",32,100000,pito,owned_insert,ecs_insert_owned,8,10,17,60.090460
khanvm1,"AMD EPYC-Milan Processor",32,"Linux 7.0.0-27-generic x86_64","15.2.0"," -O3 -DNDEBUG -DPITO_ECS_OWNED_DELETE_ATOMIC=1",32,100000,pito,owned_insert,ecs_insert_owned,8,10,18,75.406100
khanvm1,"AMD EPYC-Milan Processor",32,"Linux 7.0.0-27-generic x86_64","15.2.0"," -O3 -DNDEBUG -DPITO_ECS_OWNED_DELETE_ATOMIC=1",32,100000,pito,owned_insert,ecs_insert_owned,8,10,19,95.904077
khanvm1,"AMD EPYC-Milan Processor",32,"Linux 7.0.0-27-generic x86_64","15.2.0"," -O3 -DNDEBUG -DPITO_ECS_OWNED_DELETE_ATOMIC=1",32,100000,pito,owned_insert,ecs_insert_owned,8,10,20,86.814623
khanvm1,"AMD EPYC-Milan Processor",32,"Linux 7.0.0-27-generic x86_64","15.2.0"," -O3 -DNDEBUG -DPITO_ECS_OWNED_DELETE_ATOMIC=1",32,100000,pito,owned_insert,ecs_insert_owned,8,10,21,55.769261
khanvm1,"AMD EPYC-Milan Processor",32,"Linux 7.0.0-27-generic x86_64","15.2.0"," -O3 -DNDEBUG -DPITO_ECS_OWNED_DELETE_ATOMIC=1",32,100000,pito,owned_insert,ecs_insert_owned,8,10,22,61.217439
khanvm1,"AMD EPYC-Milan Processor",32,"Linux 7.0.0-27-generic x86_64","15.2.0"," -O3 -DNDEBUG -DPITO_ECS_OWNED_DELETE_ATOMIC=1",32,100000,pito,owned_insert,ecs_insert_owned,8,10,23,56.674985
khanvm1,"AMD EPYC-Milan Processor",32,"Linux 7.0.0-27-generic x86_64","15.2.0"," -O3 -DNDEBUG -DPITO_ECS_OWNED_DELETE_ATOMIC=1",32,100000,pito,owned_insert,ecs_insert_owned,8,10,24,75.557212
khanvm1,"AMD EPYC-Milan Processor",32,"Linux 7.0.0-27-generic x86_64","15.2.0"," -O3 -DNDEBUG -DPITO_ECS_OWNED_DELETE_ATOMIC=1",32,100000,pito,owned_insert,ecs_insert_owned,8,10,25,52.051723
khanvm1,"AMD EPYC-Milan Processor",32,"Linux 7.0.0-27-generic x86_64","15.2.0"," -O3 -DNDEBUG -DPITO_ECS_OWNED_DELETE_ATOMIC=1",32,100000,pito,owned_insert,ecs_insert_owned,8,10,26,73.274455
khanvm1,"AMD EPYC-Milan Processor",32,"Linux 7.0.0-27-generic x86_64","15.2.0"," -O3 -DNDEBUG -DPITO_ECS_OWNED_DELETE_ATOMIC=1",32,100000,pito,owned_insert,ecs_insert_owned,8,10,27,56.974578
khanvm1,"AMD EPYC-Milan Processor",32,"Linux 7.0.0-27-generic x86_64","15.2.0"," -O3 -DNDEBUG -DPITO_ECS_OWNED_DELETE_ATOMIC=1",32,100000,pito,owned_insert,ecs_insert_owned,8,10,28,51.490718
khanvm1,"AMD EPYC-Milan Processor",32,"Linux 7.0.0-27-generic x86_64","15.2.0"," -O3 -DNDEBUG -DPITO_ECS_OWNED_DELETE_ATOMIC=1",32,100000,pito,owned_insert,ecs_insert_owned,8,10,29,82.676952
khanvm1,"AMD EPYC-Milan Processor",32,"Linux 7.0.0-27-generic x86_64","15.2.0"," -O3 -DNDEBUG -DPITO_ECS_OWNED_DELETE_ATOMIC=1",32,100000,pito,owned_insert,ecs_insert_owned,8,10,30,56.508475
khanvm1,"AMD EPYC-Milan Processor",32,"Linux 7.0.0-27-generic x86_64","15.2.0"," -O3 -DNDEBUG -DPITO_ECS_OWNED_DELETE_ATOMIC=1",32,100000,pito,owned_insert,ecs_insert_owned,8,10,31,86.613622
khanvm1,"AMD EPYC-Milan Processor",32,"Linux 7.0.0-27-generic x86_64","15.2.0"," -O3 -DNDEBUG -DPITO_ECS_OWNED_DELETE_ATOMIC=1",32,100000,pito,owned_insert,ecs_insert_owned,8,10,32,54.944174
khanvm1,"AMD EPYC-Milan Processor",32,"Linux 7.0.0-27-generic x86_64","15.2.0"," -O3 -DNDEBUG -DPITO_ECS_OWNED_DELETE_ATOMIC=1",32,100000,pito,owned_insert,ecs_insert_owned,8,10,33,80.016293
khanvm1,"AMD EPYC-Milan Processor",32,"Linux 7.0.0-27-generic x86_64","15.2.0"," -O3 -DNDEBUG -DPITO_ECS_OWNED_DELETE_ATOMIC=1",32,100000,pito,owned_insert,ecs_insert_owned,8,10,34,60.679534
khanvm1,"AMD EPYC-Milan Processor",32,"Linux 7.0.0-27-generic x86_64","15.2.0"," -O3 -DNDEBUG -DPITO_ECS_OWNED_DELETE_ATOMIC=1",32,100000,pito,owned_insert,ecs_insert_owned,8,10,35,80.351874
khanvm1,"AMD EPYC-Milan Processor",32,"Linux 7.0.0-27-generic x86_64","15.2.0"," -O3 -DNDEBUG -DPITO_ECS_OWNED_DELETE_ATOMIC=1",32,100000,pito,owned_insert,ecs_insert_owned,8,10,36,71.021000
khanvm1,"AMD EPYC-Milan Processor",32,"Linux 7.0.0-27-generic x86_64","15.2.0"," -O3 -DNDEBUG -DPITO_ECS_OWNED_DELETE_ATOMIC=1",32,100000,pito,owned_insert,ecs_insert_owned,8,10,37,66.283055
khanvm1,"AMD EPYC-Milan Processor",32,"Linux 7.0.0-27-generic x86_64","15.2.0"," -O3 -DNDEBUG -DPITO_ECS_OWNED_DELETE_ATOMIC=1",32,100000,pito,owned_insert,ecs_insert_owned,8,10,38,51.432919
khanvm1,"AMD EPYC-Milan Processor",32,"Linux 7.0.0-27-generic x86_64","15.2.0"," -O3 -DNDEBUG -DPITO_ECS_OWNED_DELETE_ATOMIC=1",32,100000,pito,owned_insert,ecs_insert_owned,8,10,39,59.777107
khanvm1,"AMD EPYC-Milan Processor",32,"Linux 7.0.0-27-generic x86_64","15.2.0"," -O3 -DNDEBUG -DPITO_ECS_OWNED_DELETE_ATOMIC=1",32,100000,pito,owned_insert,ecs_insert_owned,8,10,40,64.970705
khanvm1,"AMD EPYC-Milan Processor",32,"Linux 7.0.0-27-generic x86_64","15.2.0"," -O3 -DNDEBUG -DPITO_ECS_OWNED_DELETE_ATOMIC=1",32,100000,pito,owned_insert,ecs_insert_owned,8,10,41,75.758403
khanvm1,"AMD EPYC-Milan Processor",32,"Linux 7.0.0-27-generic x86_64","15.2.0"," -O3 -DNDEBUG -DPITO_ECS_OWNED_DELETE_ATOMIC=1",32,100000,pito,owned_insert,ecs_insert_owned,8,10,42,61.901224
khanvm1,"AMD EPYC-Milan Processor",32,"Linux 7.0.0-27-generic x86_64","15.2.0"," -O3 -DNDEBUG -DPITO_ECS_OWNED_DELETE_ATOMIC=1",32,100000,pito,owned_insert,ecs_insert_owned,8,10,43,76.447988
khanvm1,"AMD EPYC-Milan Processor",32,"Linux 7.0.0-27-generic x86_64","15.2.0"," -O3 -DNDEBUG -DPITO_ECS_OWNED_DELETE_ATOMIC=1",32,100000,pito,owned_insert,ecs_insert_owned,8,10,44,71.534092
khanvm1,"AMD EPYC-Milan Processor",32,"Linux 7.0.0-27-generic x86_64","15.2.0"," -O3 -DNDEBUG -DPITO_ECS_OWNED_DELETE_ATOMIC=1",32,100000,pito,owned_insert,ecs_insert_owned,8,10,45,69.744100
khanvm1,"AMD EPYC-Milan Processor",32,"Linux 7.0.0-27-generic x86_64","15.2.0"," -O3 -DNDEBUG -DPITO_ECS_OWNED_DELETE_ATOMIC=1",32,100000,pito,owned_insert,ecs_insert_owned,8,10,46,62.444919
khanvm1,"AMD EPYC-Milan Processor",32,"Linux 7.0.0-27-generic x86_64","15.2.0"," -O3 -DNDEBUG -DPITO_ECS_OWNED_DELETE_ATOMIC=1",32,100000,pito,owned_insert,ecs_insert_owned,8,10,47,64.396792
khanvm1,"AMD EPYC-Milan Processor",32,"Linux 7.0.0-27-generic x86_64","15.2.0"," -O3 -DNDEBUG -DPITO_ECS_OWNED_DELETE_ATOMIC=1",32,100000,pito,owned_insert,ecs_insert_owned,8,10,48,62.043574
khanvm1,"AMD EPYC-Milan Processor",32,"Linux 7.0.0-27-generic x86_64","15.2.0"," -O3 -DNDEBUG -DPITO_ECS_OWNED_DELETE_ATOMIC=1",32,100000,pito,owned_insert,ecs_insert_owned,8,10,49,66.807277
khanvm1,"AMD EPYC-Milan Processor",32,"Linux 7.0.0-27-generic x86_64","15.2.0"," -O3 -DNDEBUG -DPITO_ECS_OWNED_DELETE_ATOMIC=1",32,100000,pito,owned_insert,ecs_insert_owned,8,10,50,72.262038
khanvm1,"AMD EPYC-Milan Processor",32,"Linux 7.0.0-27-generic x86_64","15.2.0"," -O3 -DNDEBUG -DPITO_ECS_OWNED_DELETE_ATOMIC=1",32,100000,pito,owned_insert,ecs_insert_owned,8,10,51,74.149251
khanvm1,"AMD EPYC-Milan Processor",32,"Linux 7.0.0-27-generic x86_64","15.2.0"," -O3 -DNDEBUG -DPITO_ECS_OWNED_DELETE_ATOMIC=1",32,100000,pito,owned_insert,ecs_insert_owned,8,10,52,73.721937
khanvm1,"AMD EPYC-Milan Processor",32,"Linux 7.0.0-27-generic x86_64","15.2.0"," -O3 -DNDEBUG -DPITO_ECS_OWNED_DELETE_ATOMIC=1",32,100000,pito,owned_insert,ecs_insert_owned,8,10,53,72.897503
khanvm1,"AMD EPYC-Milan Processor",32,"Linux 7.0.0-27-generic x86_64","15.2.0"," -O3 -DNDEBUG -DPITO_ECS_OWNED_DELETE_ATOMIC=1",32,100000,pito,owned_insert,ecs_insert_owned,8,10,54,54.515050
khanvm1,"AMD EPYC-Milan Processor",32,"Linux 7.0.0-27-generic x86_64","15.2.0"," -O3 -DNDEBUG -DPITO_ECS_OWNED_DELETE_ATOMIC=1",32,100000,pito,owned_insert,ecs_insert_owned,8,10,55,73.587047
khanvm1,"AMD EPYC-Milan Processor",32,"Linux 7.0.0-27-generic x86_64","15.2.0"," -O3 -DNDEBUG -DPITO_ECS_OWNED_DELETE_ATOMIC=1",32,100000,pito,owned_insert,ecs_insert_owned,8,10,56,60.125931
khanvm1,"AMD EPYC-Milan Processor",32,"Linux 7.0.0-27-generic x86_64","15.2.0"," -O3 -DNDEBUG -DPITO_ECS_OWNED_DELETE_ATOMIC=1",32,100000,pito,owned_insert,ecs_insert_owned,8,10,57,76.454757
khanvm1,"AMD EPYC-Milan Processor",32,"Linux 7.0.0-27-generic x86_64","15.2.0"," -O3 -DNDEBUG -DPITO_ECS_OWNED_DELETE_ATOMIC=1",32,100000,pito,owned_insert,ecs_insert_owned,8,10,58,76.449678
khanvm1,"AMD EPYC-Milan Processor",32,"Linux 7.0.0-27-generic x86_64","15.2.0"," -O3 -DNDEBUG -DPITO_ECS_OWNED_DELETE_ATOMIC=1",32,100000,pito,owned_insert,ecs_insert_owned,8,10,59,63.871339
khanvm1,"AMD EPYC-Milan Processor",32,"Linux 7.0.0-27-generic x86_64","15.2.0"," -O3 -DNDEBUG -DPITO_ECS_OWNED_DELETE_ATOMIC=1",32,100000,pito,owned_insert,ecs_insert_owned,8,10,60,97.341198
khanvm1,"AMD EPYC-Milan Processor",32,"Linux 7.0.0-27-generic x86_64","15.2.0"," -O3 -DNDEBUG -DPITO_ECS_OWNED_DELETE_ATOMIC=1",32,100000,pito,owned_insert,ecs_insert_owned,8,10,61,85.723085
khanvm1,"AMD EPYC-Milan Processor",32,"Linux 7.0.0-27-generic x86_64","15.2.0"," -O3 -DNDEBUG -DPITO_ECS_OWNED_DELETE_ATOMIC=1",32,100000,pito,owned_insert,ecs_insert_owned,8,10,62,73.593785
khanvm1,"AMD EPYC-Milan Processor",32,"Linux 7.0.0-27-generic x86_64","15.2.0"," -O3 -DNDEBUG -DPITO_ECS_OWNED_DELETE_ATOMIC=1",32,100000,pito,owned_insert,ecs_insert_owned,8,10,63,74.667894
khanvm1,"AMD EPYC-Milan Processor",32,"Linux 7.0.0-27-generic x86_64","15.2.0"," -O3 -DNDEBUG -DPITO_ECS_OWNED_DELETE_ATOMIC=1",32,100000,pito,owned_insert,ecs_insert_owned,8,10,64,53.847496
khanvm1,"AMD EPYC-Milan Processor",32,"Linux 7.0.0-27-generic x86_64","15.2.0"," -O3 -DNDEBUG -DPITO_ECS_OWNED_DELETE_ATOMIC=1",32,100000,pito,owned_insert,ecs_insert_owned,8,10,65,77.933679
khanvm1,"AMD EPYC-Milan Processor",32,"Linux 7.0.0-27-generic x86_64","15.2.0"," -O3 -DNDEBUG -DPITO_ECS_OWNED_DELETE_ATOMIC=1",32,100000,pito,owned_insert,ecs_insert_owned,8,10,66,69.240035
khanvm1,"AMD EPYC-Milan Processor",32,"Linux 7.0.0-27-generic x86_64","15.2.0"," -O3 -DNDEBUG -DPITO_ECS_OWNED_DELETE_ATOMIC=1",32,100000,pito,owned_insert,ecs_insert_owned,8,10,67,60.059020
khanvm1,"AMD EPYC-Milan Processor",32,"Linux 7.0.0-27-generic x86_64","15.2.0"," -O3 -DNDEBUG -DPITO_ECS_OWNED_DELETE_ATOMIC=1",32,100000,pito,owned_insert,ecs_insert_owned,8,10,68,74.858256
khanvm1,"AMD EPYC-Milan Processor",32,"Linux 7.0.0-27-generic x86_64","15.2.0"," -O3 -DNDEBUG -DPITO_ECS_OWNED_DELETE_ATOMIC=1",32,100000,pito,owned_insert,ecs_insert_owned,8,10,69,83.965303
khanvm1,"AMD EPYC-Milan Processor",32,"Linux 7.0.0-27-generic x86_64","15.2.0"," -O3 -DNDEBUG -DPITO_ECS_OWNED_DELETE_ATOMIC=1",32,100000,pito,owned_insert,ecs_insert_owned,8,10,70,59.830441
khanvm1,"AMD EPYC-Milan Processor",32,"Linux 7.0.0-27-generic x86_64","15.2.0"," -O3 -DNDEBUG -DPITO_ECS_OWNED_DELETE_ATOMIC=1",32,100000,pito,owned_insert,ecs_insert_owned,8,10,71,83.793520
khanvm1,"AMD EPYC-Milan Processor",32,"Linux 7.0.0-27-generic x86_64","15.2.0"," -O3 -DNDEBUG -DPITO_ECS_OWNED_DELETE_ATOMIC=1",32,100000,pito,owned_insert,ecs_insert_owned,8,10,72,77.900167
khanvm1,"AMD EPYC-Milan Processor",32,"Linux 7.0.0-27-generic x86_64","15.2.0"," -O3 -DNDEBUG -DPITO_ECS_OWNED_DELETE_ATOMIC=1",32,100000,pito,owned_insert,ecs_insert_owned,8,10,73,73.533498
khanvm1,"AMD EPYC-Milan Processor",32,"Linux 7.0.0-27-generic x86_64","15.2.0"," -O3 -DNDEBUG -DPITO_ECS_OWNED_DELETE_ATOMIC=1",32,100000,pito,owned_insert,ecs_insert_owned,8,10,74,81.652504
khanvm1,"AMD EPYC-Milan Processor",32,"Linux 7.0.0-27-generic x86_64","15.2.0"," -O3 -DNDEBUG -DPITO_ECS_OWNED_DELETE_ATOMIC=1",32,100000,pito,owned_insert,ecs_insert_owned,8,10,75,79.644400
khanvm1,"AMD EPYC-Milan Processor",32,"Linux 7.0.0-27-generic x86_64","15.2.0"," -O3 -DNDEBUG -DPITO_ECS_OWNED_DELETE_ATOMIC=1",32,100000,pito,owned_insert,ecs_insert_owned,8,10,76,71.323860
khanvm1,"AMD EPYC-Milan Processor",32,"Linux 7.0.0-27-generic x86_64","15.2.0"," -O3 -DNDEBUG -DPITO_ECS_OWNED_DELETE_ATOMIC=1",32,100000,pito,owned_insert,ecs_insert_owned,8,10,77,87.449157
khanvm1,"AMD EPYC-Milan Processor",32,"Linux 7.0.0-27-generic x86_64","15.2.0"," -O3 -DNDEBUG -DPITO_ECS_OWNED_DELETE_ATOMIC=1",32,100000,pito,owned_insert,ecs_insert_owned,8,10,78,68.691322
khanvm1,"AMD EPYC-Milan Processor",32,"Linux 7.0.0-27-generic x86_64","15.2.0"," -O3 -DNDEBUG -DPITO_ECS_OWNED_DELETE_ATOMIC=1",32,100000,pito,owned_insert,ecs_insert_owned,8,10,79,85.395331
khanvm1,"AMD EPYC-Milan Processor",32,"Linux 7.0.0-27-generic x86_64","15.2.0"," -O3 -DNDEBUG -DPITO_ECS_OWNED_DELETE_ATOMIC=1",32,100000,pito,owned_insert,ecs_insert_owned,8,10,80,79.378889
khanvm1,"AMD EPYC-Milan Processor",32,"Linux 7.0.0-27-generic x86_64","15.2.0"," -O3 -DNDEBUG -DPITO_ECS_OWNED_DELETE_ATOMIC=1",32,100000,pito,owned_insert,ecs_insert_owned,8,10,81,59.553505
khanvm1,"AMD EPYC-Milan Processor",32,"Linux 7.0.0-27-generic x86_64","15.2.0"," -O3 -DNDEBUG -DPITO_ECS_OWNED_DELETE_ATOMIC=1",32,100000,pito,owned_insert,ecs_insert_owned,8,10,82,77.468115
khanvm1,"AMD EPYC-Milan Processor",32,"Linux 7.0.0-27-generic x86_64","15.2.0"," -O3 -DNDEBUG -DPITO_ECS_OWNED_DELETE_ATOMIC=1",32,100000,pito,owned_insert,ecs_insert_owned,8,10,83,73.437496
khanvm1,"AMD EPYC-Milan Processor",32,"Linux 7.0.0-27-generic x86_64","15.2.0"," -O3 -DNDEBUG -DPITO_ECS_OWNED_DELETE_ATOMIC=1",32,100000,pito,owned_insert,ecs_insert_owned,8,10,84,72.904893
khanvm1,"AMD EPYC-Milan Processor",32,"Linux 7.0.0-27-generic x86_64","15.2.0"," -O3 -DNDEBUG -DPITO_ECS_OWNED_DELETE_ATOMIC=1",32,100000,pito,owned_insert,ecs_insert_owned,8,10,85,52.835878
khanvm1,"AMD EPYC-Milan Processor",32,"Linux 7.0.0-27-generic x86_64","15.2.0"," -O3 -DNDEBUG -DPITO_ECS_OWNED_DELETE_ATOMIC=1",32,100000,pito,owned_insert,ecs_insert_owned,8,10,86,64.421252
khanvm1,"AMD EPYC-Milan Processor",32,"Linux 7.0.0-27-generic x86_64","15.2.0"," -O3 -DNDEBUG -DPITO_ECS_OWNED_DELETE_ATOMIC=1",32,100000,pito,owned_insert,ecs_insert_owned,8,10,87,71.721826
khanvm1,"AMD EPYC-Milan Processor",32,"Linux 7.0.0-27-generic x86_64","15.2.0"," -O3 -DNDEBUG -DPITO_ECS_OWNED_DELETE_ATOMIC=1",32,100000,pito,owned_insert,ecs_insert_owned,8,10,88,82.115918
khanvm1,"AMD EPYC-Milan Processor",32,"Linux 7.0.0-27-generic x86_64","15.2.0"," -O3 -DNDEBUG -DPITO_ECS_OWNED_DELETE_ATOMIC=1",32,100000,pito,owned_insert,ecs_insert_owned,8,10,89,90.506838
khanvm1,"AMD EPYC-Milan Processor",32,"Linux 7.0.0-27-generic x86_64","15.2.0"," -O3 -DNDEBUG -DPITO_ECS_OWNED_DELETE_ATOMIC=1",32,100000,pito,owned_insert,ecs_insert_owned,8,10,90,67.467764
khanvm1,"AMD EPYC-Milan Processor",32,"Linux 7.0.0-27-generic x86_64","15.2.0"," -O3 -DNDEBUG -DPITO_ECS_OWNED_DELETE_ATOMIC=1",32,100000,pito,owned_insert,ecs_insert_owned,8,10,91,54.188728
khanvm1,"AMD EPYC-Milan Processor",32,"Linux 7.0.0-27-generic x86_64","15.2.0"," -O3 -DNDEBUG -DPITO_ECS_OWNED_DELETE_ATOMIC=1",32,100000,pito,owned_insert,ecs_insert_owned,8,10,92,88.120982
khanvm1,"AMD EPYC-Milan Processor",32,"Linux 7.0.0-27-generic x86_64","15.2.0"," -O3 -DNDEBUG -DPITO_ECS_OWNED_DELETE_ATOMIC=1",32,100000,pito,owned_insert,ecs_insert_owned,8,10,93,97.316097
khanvm1,"AMD EPYC-Milan Processor",32,"Linux 7.0.0-27-generic x86_64","15.2.0"," -O3 -DNDEBUG -DPITO_ECS_OWNED_DELETE_ATOMIC=1",32,100000,pito,owned_insert,ecs_insert_owned,8,10,94,76.895880
khanvm1,"AMD EPYC-Milan Processor",32,"Linux 7.0.0-27-generic x86_64","15.2.0"," -O3 -DNDEBUG -DPITO_ECS_OWNED_DELETE_ATOMIC=1",32,100000,pito,owned_insert,ecs_insert_owned,8,10,95,70.304653
khanvm1,"AMD EPYC-Milan Processor",32,"Linux 7.0.0-27-generic x86_64","15.2.0"," -O3 -DNDEBUG -DPITO_ECS_OWNED_DELETE_ATOMIC=1",32,100000,pito,owned_insert,ecs_insert_owned,8,10,96,76.356646
khanvm1,"AMD EPYC-Milan Processor",32,"Linux 7.0.0-27-generic x86_64","15.2.0"," -O3 -DNDEBUG -DPITO_ECS_OWNED_DELETE_ATOMIC=1",32,100000,pito,owned_insert,ecs_insert_owned,8,10,97,57.758245
khanvm1,"AMD EPYC-Milan Processor",32,"Linux 7.0.0-27-generic x86_64","15.2.0"," -O3 -DNDEBUG -DPITO_ECS_OWNED_DELETE_ATOMIC=1",32,100000,pito,owned_insert,ecs_insert_owned,8,10,98,78.514633
khanvm1,"AMD EPYC-Milan Processor",32,"Linux 7.0.0-27-generic x86_64","15.2.0"," -O3 -DNDEBUG -DPITO_ECS_OWNED_DELETE_ATOMIC=1",32,100000,pito,owned_insert,ecs_insert_owned,8,10,99,60.882338
khanvm1,"AMD EPYC-Milan Processor",32,"Linux 7.0.0-27-generic x86_64","15.2.0"," -O3 -DNDEBUG -DPITO_ECS_OWNED_DELETE_ATOMIC=1",32,100000,pito,owned_insert,ecs_insert_owned,8,10,100,68.907713
khanvm1,"AMD EPYC-Milan Processor",32,"Linux 7.0.0-27-generic x86_64","15.2.0"," -O3 -DNDEBUG -DPITO_ECS_OWNED_DELETE_ATOMIC=1",32,100000,pito,owned_insert,ecs_insert_owned,8,500,1,490.246222
khanvm1,"AMD EPYC-Milan Processor",32,"Linux 7.0.0-27-generic x86_64","15.2.0"," -O3 -DNDEBUG -DPITO_ECS_OWNED_DELETE_ATOMIC=1",32,100000,pito,owned_insert,ecs_insert_owned,8,500,2,491.610792
khanvm1,"AMD EPYC-Milan Processor",32,"Linux 7.0.0-27-generic x86_64","15.2.0"," -O3 -DNDEBUG -DPITO_ECS_OWNED_DELETE_ATOMIC=1",32,100000,pito,owned_insert,ecs_insert_owned,8,500,3,489.119615
khanvm1,"AMD EPYC-Milan Processor",32,"Linux 7.0.0-27-generic x86_64","15.2.0"," -O3 -DNDEBUG -DPITO_ECS_OWNED_DELETE_ATOMIC=1",32,100000,pito,owned_insert,ecs_insert_owned,8,500,4,488.248047
khanvm1,"AMD EPYC-Milan Processor",32,"Linux 7.0.0-27-generic x86_64","15.2.0"," -O3 -DNDEBUG -DPITO_ECS_OWNED_DELETE_ATOMIC=1",32,100000,pito,owned_insert,ecs_insert_owned,8,500,5,491.163268
khanvm1,"AMD EPYC-Milan Processor",32,"Linux 7.0.0-27-generic x86_64","15.2.0"," -O3 -DNDEBUG -DPITO_ECS_OWNED_DELETE_ATOMIC=1",32,100000,pito,owned_insert,ecs_insert_owned,8,500,6,487.672473
khanvm1,"AMD EPYC-Milan Processor",32,"Linux 7.0.0-27-generic x86_64","15.2.0"," -O3 -DNDEBUG -DPITO_ECS_OWNED_DELETE_ATOMIC=1",32,100000,pito,owned_insert,ecs_insert_owned,8,500,7,491.527100
khanvm1,"AMD EPYC-Milan Processor",32,"Linux 7.0.0-27-generic x86_64","15.2.0"," -O3 -DNDEBUG -DPITO_ECS_OWNED_DELETE_ATOMIC=1",32,100000,pito,owned_insert,ecs_insert_owned,8,500,8,485.205696
khanvm1,"AMD EPYC-Milan Processor",32,"Linux 7.0.0-27-generic x86_64","15.2.0"," -O3 -DNDEBUG -DPITO_ECS_OWNED_DELETE_ATOMIC=1",32,100000,pito,owned_insert,ecs_insert_owned,8,500,9,490.112260
khanvm1,"AMD EPYC-Milan Processor",32,"Linux 7.0.0-27-generic x86_64","15.2.0"," -O3 -DNDEBUG -DPITO_ECS_OWNED_DELETE_ATOMIC=1",32,100000,pito,owned_insert,ecs_insert_owned,8,500,10,489.395797
khanvm1,"AMD EPYC-Milan Processor",32,"Linux 7.0.0-27-generic x86_64","15.2.0"," -O3 -DNDEBUG -DPITO_ECS_OWNED_DELETE_ATOMIC=1",32,100000,pito,owned_insert,ecs_insert_owned,16,0,1,51.852472
khanvm1,"AMD EPYC-Milan Processor",32,"Linux 7.0.0-27-generic x86_64","15.2.0"," -O3 -DNDEBUG -DPITO_ECS_OWNED_DELETE_ATOMIC=1",32,100000,pito,owned_insert,ecs_insert_owned,16,0,2,60.286743
khanvm1,"AMD EPYC-Milan Processor",32,"Linux 7.0.0-27-generic x86_64","15.2.0"," -O3 -DNDEBUG -DPITO_ECS_OWNED_DELETE_ATOMIC=1",32,100000,pito,owned_insert,ecs_insert_owned,16,0,3,45.738277
khanvm1,"AMD EPYC-Milan Processor",32,"Linux 7.0.0-27-generic x86_64","15.2.0"," -O3 -DNDEBUG -DPITO_ECS_OWNED_DELETE_ATOMIC=1",32,100000,pito,owned_insert,ecs_insert_owned,16,0,4,52.482776
khanvm1,"AMD EPYC-Milan Processor",32,"Linux 7.0.0-27-generic x86_64","15.2.0"," -O3 -DNDEBUG -DPITO_ECS_OWNED_DELETE_ATOMIC=1",32,100000,pito,owned_insert,ecs_insert_owned,16,0,5,48.228475
khanvm1,"AMD EPYC-Milan Processor",32,"Linux 7.0.0-27-generic x86_64","15.2.0"," -O3 -DNDEBUG -DPITO_ECS_OWNED_DELETE_ATOMIC=1",32,100000,pito,owned_insert,ecs_insert_owned,16,0,6,52.360824
khanvm1,"AMD EPYC-Milan Processor",32,"Linux 7.0.0-27-generic x86_64","15.2.0"," -O3 -DNDEBUG -DPITO_ECS_OWNED_DELETE_ATOMIC=1",32,100000,pito,owned_insert,ecs_insert_owned,16,0,7,51.669341
khanvm1,"AMD EPYC-Milan Processor",32,"Linux 7.0.0-27-generic x86_64","15.2.0"," -O3 -DNDEBUG -DPITO_ECS_OWNED_DELETE_ATOMIC=1",32,100000,pito,owned_insert,ecs_insert_owned,16,0,8,52.136333
khanvm1,"AMD EPYC-Milan Processor",32,"Linux 7.0.0-27-generic x86_64","15.2.0"," -O3 -DNDEBUG -DPITO_ECS_OWNED_DELETE_ATOMIC=1",32,100000,pito,owned_insert,ecs_insert_owned,16,0,9,50.480562
khanvm1,"AMD EPYC-Milan Processor",32,"Linux 7.0.0-27-generic x86_64","15.2.0"," -O3 -DNDEBUG -DPITO_ECS_OWNED_DELETE_ATOMIC=1",32,100000,pito,owned_insert,ecs_insert_owned,16,0,10,41.518719
khanvm1,"AMD EPYC-Milan Processor",32,"Linux 7.0.0-27-generic x86_64","15.2.0"," -O3 -DNDEBUG -DPITO_ECS_OWNED_DELETE_ATOMIC=1",32,100000,pito,owned_insert,ecs_insert_owned,16,0,11,48.069564
khanvm1,"AMD EPYC-Milan Processor",32,"Linux 7.0.0-27-generic x86_64","15.2.0"," -O3 -DNDEBUG -DPITO_ECS_OWNED_DELETE_ATOMIC=1",32,100000,pito,owned_insert,ecs_insert_owned,16,0,12,40.587200
khanvm1,"AMD EPYC-Milan Processor",32,"Linux 7.0.0-27-generic x86_64","15.2.0"," -O3 -DNDEBUG -DPITO_ECS_OWNED_DELETE_ATOMIC=1",32,100000,pito,owned_insert,ecs_insert_owned,16,0,13,36.257269
khanvm1,"AMD EPYC-Milan Processor",32,"Linux 7.0.0-27-generic x86_64","15.2.0"," -O3 -DNDEBUG -DPITO_ECS_OWNED_DELETE_ATOMIC=1",32,100000,pito,owned_insert,ecs_insert_owned,16,0,14,47.673342
khanvm1,"AMD EPYC-Milan Processor",32,"Linux 7.0.0-27-generic x86_64","15.2.0"," -O3 -DNDEBUG -DPITO_ECS_OWNED_DELETE_ATOMIC=1",32,100000,pito,owned_insert,ecs_insert_owned,16,0,15,38.675887
khanvm1,"AMD EPYC-Milan Processor",32,"Linux 7.0.0-27-generic x86_64","15.2.0"," -O3 -DNDEBUG -DPITO_ECS_OWNED_DELETE_ATOMIC=1",32,100000,pito,owned_insert,ecs_insert_owned,16,0,16,35.544324
khanvm1,"AMD EPYC-Milan Processor",32,"Linux 7.0.0-27-generic x86_64","15.2.0"," -O3 -DNDEBUG -DPITO_ECS_OWNED_DELETE_ATOMIC=1",32,100000,pito,owned_insert,ecs_insert_owned,16,0,17,37.753829
khanvm1,"AMD EPYC-Milan Processor",32,"Linux 7.0.0-27-generic x86_64","15.2.0"," -O3 -DNDEBUG -DPITO_ECS_OWNED_DELETE_ATOMIC=1",32,100000,pito,owned_insert,ecs_insert_owned,16,0,18,47.680541
khanvm1,"AMD EPYC-Milan Processor",32,"Linux 7.0.0-27-generic x86_64","15.2.0"," -O3 -DNDEBUG -DPITO_ECS_OWNED_DELETE_ATOMIC=1",32,100000,pito,owned_insert,ecs_insert_owned,16,0,19,48.779738
khanvm1,"AMD EPYC-Milan Processor",32,"Linux 7.0.0-27-generic x86_64","15.2.0"," -O3 -DNDEBUG -DPITO_ECS_OWNED_DELETE_ATOMIC=1",32,100000,pito,owned_insert,ecs_insert_owned,16,0,20,46.414343
khanvm1,"AMD EPYC-Milan Processor",32,"Linux 7.0.0-27-generic x86_64","15.2.0"," -O3 -DNDEBUG -DPITO_ECS_OWNED_DELETE_ATOMIC=1",32,100000,pito,owned_insert,ecs_insert_owned,16,0,21,38.938899
khanvm1,"AMD EPYC-Milan Processor",32,"Linux 7.0.0-27-generic x86_64","15.2.0"," -O3 -DNDEBUG -DPITO_ECS_OWNED_DELETE_ATOMIC=1",32,100000,pito,owned_insert,ecs_insert_owned,16,0,22,41.952681
khanvm1,"AMD EPYC-Milan Processor",32,"Linux 7.0.0-27-generic x86_64","15.2.0"," -O3 -DNDEBUG -DPITO_ECS_OWNED_DELETE_ATOMIC=1",32,100000,pito,owned_insert,ecs_insert_owned,16,0,23,41.915669
khanvm1,"AMD EPYC-Milan Processor",32,"Linux 7.0.0-27-generic x86_64","15.2.0"," -O3 -DNDEBUG -DPITO_ECS_OWNED_DELETE_ATOMIC=1",32,100000,pito,owned_insert,ecs_insert_owned,16,0,24,38.241215
khanvm1,"AMD EPYC-Milan Processor",32,"Linux 7.0.0-27-generic x86_64","15.2.0"," -O3 -DNDEBUG -DPITO_ECS_OWNED_DELETE_ATOMIC=1",32,100000,pito,owned_insert,ecs_insert_owned,16,0,25,35.936618
khanvm1,"AMD EPYC-Milan Processor",32,"Linux 7.0.0-27-generic x86_64","15.2.0"," -O3 -DNDEBUG -DPITO_ECS_OWNED_DELETE_ATOMIC=1",32,100000,pito,owned_insert,ecs_insert_owned,16,0,26,48.021974
khanvm1,"AMD EPYC-Milan Processor",32,"Linux 7.0.0-27-generic x86_64","15.2.0"," -O3 -DNDEBUG -DPITO_ECS_OWNED_DELETE_ATOMIC=1",32,100000,pito,owned_insert,ecs_insert_owned,16,0,27,37.111946
khanvm1,"AMD EPYC-Milan Processor",32,"Linux 7.0.0-27-generic x86_64","15.2.0"," -O3 -DNDEBUG -DPITO_ECS_OWNED_DELETE_ATOMIC=1",32,100000,pito,owned_insert,ecs_insert_owned,16,0,28,47.890055
khanvm1,"AMD EPYC-Milan Processor",32,"Linux 7.0.0-27-generic x86_64","15.2.0"," -O3 -DNDEBUG -DPITO_ECS_OWNED_DELETE_ATOMIC=1",32,100000,pito,owned_insert,ecs_insert_owned,16,0,29,37.011854
khanvm1,"AMD EPYC-Milan Processor",32,"Linux 7.0.0-27-generic x86_64","15.2.0"," -O3 -DNDEBUG -DPITO_ECS_OWNED_DELETE_ATOMIC=1",32,100000,pito,owned_insert,ecs_insert_owned,16,0,30,41.381657
khanvm1,"AMD EPYC-Milan Processor",32,"Linux 7.0.0-27-generic x86_64","15.2.0"," -O3 -DNDEBUG -DPITO_ECS_OWNED_DELETE_ATOMIC=1",32,100000,pito,owned_insert,ecs_insert_owned,16,0,31,37.548129
khanvm1,"AMD EPYC-Milan Processor",32,"Linux 7.0.0-27-generic x86_64","15.2.0"," -O3 -DNDEBUG -DPITO_ECS_OWNED_DELETE_ATOMIC=1",32,100000,pito,owned_insert,ecs_insert_owned,16,0,32,36.053168
khanvm1,"AMD EPYC-Milan Processor",32,"Linux 7.0.0-27-generic x86_64","15.2.0"," -O3 -DNDEBUG -DPITO_ECS_OWNED_DELETE_ATOMIC=1",32,100000,pito,owned_insert,ecs_insert_owned,16,0,33,39.661694
khanvm1,"AMD EPYC-Milan Processor",32,"Linux 7.0.0-27-generic x86_64","15.2.0"," -O3 -DNDEBUG -DPITO_ECS_OWNED_DELETE_ATOMIC=1",32,100000,pito,owned_insert,ecs_insert_owned,16,0,34,51.279536
khanvm1,"AMD EPYC-Milan Processor",32,"Linux 7.0.0-27-generic x86_64","15.2.0"," -O3 -DNDEBUG -DPITO_ECS_OWNED_DELETE_ATOMIC=1",32,100000,pito,owned_insert,ecs_insert_owned,16,0,35,41.024774
khanvm1,"AMD EPYC-Milan Processor",32,"Linux 7.0.0-27-generic x86_64","15.2.0"," -O3 -DNDEBUG -DPITO_ECS_OWNED_DELETE_ATOMIC=1",32,100000,pito,owned_insert,ecs_insert_owned,16,0,36,38.465306
khanvm1,"AMD EPYC-Milan Processor",32,"Linux 7.0.0-27-generic x86_64","15.2.0"," -O3 -DNDEBUG -DPITO_ECS_OWNED_DELETE_ATOMIC=1",32,100000,pito,owned_insert,ecs_insert_owned,16,0,37,39.938206
khanvm1,"AMD EPYC-Milan Processor",32,"Linux 7.0.0-27-generic x86_64","15.2.0"," -O3 -DNDEBUG -DPITO_ECS_OWNED_DELETE_ATOMIC=1",32,100000,pito,owned_insert,ecs_insert_owned,16,0,38,38.730627
khanvm1,"AMD EPYC-Milan Processor",32,"Linux 7.0.0-27-generic x86_64","15.2.0"," -O3 -DNDEBUG -DPITO_ECS_OWNED_DELETE_ATOMIC=1",32,100000,pito,owned_insert,ecs_insert_owned,16,0,39,41.291996
khanvm1,"AMD EPYC-Milan Processor",32,"Linux 7.0.0-27-generic x86_64","15.2.0"," -O3 -DNDEBUG -DPITO_ECS_OWNED_DELETE_ATOMIC=1",32,100000,pito,owned_insert,ecs_insert_owned,16,0,40,43.043599
khanvm1,"AMD EPYC-Milan Processor",32,"Linux 7.0.0-27-generic x86_64","15.2.0"," -O3 -DNDEBUG -DPITO_ECS_OWNED_DELETE_ATOMIC=1",32,100000,pito,owned_insert,ecs_insert_owned,16,0,41,42.152711
khanvm1,"AMD EPYC-Milan Processor",32,"Linux 7.0.0-27-generic x86_64","15.2.0"," -O3 -DNDEBUG -DPITO_ECS_OWNED_DELETE_ATOMIC=1",32,100000,pito,owned_insert,ecs_insert_owned,16,0,42,43.786584
khanvm1,"AMD EPYC-Milan Processor",32,"Linux 7.0.0-27-generic x86_64","15.2.0"," -O3 -DNDEBUG -DPITO_ECS_OWNED_DELETE_ATOMIC=1",32,100000,pito,owned_insert,ecs_insert_owned,16,0,43,37.056376
khanvm1,"AMD EPYC-Milan Processor",32,"Linux 7.0.0-27-generic x86_64","15.2.0"," -O3 -DNDEBUG -DPITO_ECS_OWNED_DELETE_ATOMIC=1",32,100000,pito,owned_insert,ecs_insert_owned,16,0,44,45.517636
khanvm1,"AMD EPYC-Milan Processor",32,"Linux 7.0.0-27-generic x86_64","15.2.0"," -O3 -DNDEBUG -DPITO_ECS_OWNED_DELETE_ATOMIC=1",32,100000,pito,owned_insert,ecs_insert_owned,16,0,45,41.799210
khanvm1,"AMD EPYC-Milan Processor",32,"Linux 7.0.0-27-generic x86_64","15.2.0"," -O3 -DNDEBUG -DPITO_ECS_OWNED_DELETE_ATOMIC=1",32,100000,pito,owned_insert,ecs_insert_owned,16,0,46,40.054388
khanvm1,"AMD EPYC-Milan Processor",32,"Linux 7.0.0-27-generic x86_64","15.2.0"," -O3 -DNDEBUG -DPITO_ECS_OWNED_DELETE_ATOMIC=1",32,100000,pito,owned_insert,ecs_insert_owned,16,0,47,46.607484
khanvm1,"AMD EPYC-Milan Processor",32,"Linux 7.0.0-27-generic x86_64","15.2.0"," -O3 -DNDEBUG -DPITO_ECS_OWNED_DELETE_ATOMIC=1",32,100000,pito,owned_insert,ecs_insert_owned,16,0,48,40.122638
khanvm1,"AMD EPYC-Milan Processor",32,"Linux 7.0.0-27-generic x86_64","15.2.0"," -O3 -DNDEBUG -DPITO_ECS_OWNED_DELETE_ATOMIC=1",32,100000,pito,owned_insert,ecs_insert_owned,16,0,49,38.478094
khanvm1,"AMD EPYC-Milan Processor",32,"Linux 7.0.0-27-generic x86_64","15.2.0"," -O3 -DNDEBUG -DPITO_ECS_OWNED_DELETE_ATOMIC=1",32,100000,pito,owned_insert,ecs_insert_owned,16,0,50,49.795726
khanvm1,"AMD EPYC-Milan Processor",32,"Linux 7.0.0-27-generic x86_64","15.2.0"," -O3 -DNDEBUG -DPITO_ECS_OWNED_DELETE_ATOMIC=1",32,100000,pito,owned_insert,ecs_insert_owned,16,0,51,45.619885
khanvm1,"AMD EPYC-Milan Processor",32,"Linux 7.0.0-27-generic x86_64","15.2.0"," -O3 -DNDEBUG -DPITO_ECS_OWNED_DELETE_ATOMIC=1",32,100000,pito,owned_insert,ecs_insert_owned,16,0,52,37.872512
khanvm1,"AMD EPYC-Milan Processor",32,"Linux 7.0.0-27-generic x86_64","15.2.0"," -O3 -DNDEBUG -DPITO_ECS_OWNED_DELETE_ATOMIC=1",32,100000,pito,owned_insert,ecs_insert_owned,16,0,53,41.457846
khanvm1,"AMD EPYC-Milan Processor",32,"Linux 7.0.0-27-generic x86_64","15.2.0"," -O3 -DNDEBUG -DPITO_ECS_OWNED_DELETE_ATOMIC=1",32,100000,pito,owned_insert,ecs_insert_owned,16,0,54,38.509875
khanvm1,"AMD EPYC-Milan Processor",32,"Linux 7.0.0-27-generic x86_64","15.2.0"," -O3 -DNDEBUG -DPITO_ECS_OWNED_DELETE_ATOMIC=1",32,100000,pito,owned_insert,ecs_insert_owned,16,0,55,37.628950
khanvm1,"AMD EPYC-Milan Processor",32,"Linux 7.0.0-27-generic x86_64","15.2.0"," -O3 -DNDEBUG -DPITO_ECS_OWNED_DELETE_ATOMIC=1",32,100000,pito,owned_insert,ecs_insert_owned,16,0,56,37.485429
khanvm1,"AMD EPYC-Milan Processor",32,"Linux 7.0.0-27-generic x86_64","15.2.0"," -O3 -DNDEBUG -DPITO_ECS_OWNED_DELETE_ATOMIC=1",32,100000,pito,owned_insert,ecs_insert_owned,16,0,57,38.902499
khanvm1,"AMD EPYC-Milan Processor",32,"Linux 7.0.0-27-generic x86_64","15.2.0"," -O3 -DNDEBUG -DPITO_ECS_OWNED_DELETE_ATOMIC=1",32,100000,pito,owned_insert,ecs_insert_owned,16,0,58,39.616044
khanvm1,"AMD EPYC-Milan Processor",32,"Linux 7.0.0-27-generic x86_64","15.2.0"," -O3 -DNDEBUG -DPITO_ECS_OWNED_DELETE_ATOMIC=1",32,100000,pito,owned_insert,ecs_insert_owned,16,0,59,36.765033
khanvm1,"AMD EPYC-Milan Processor",32,"Linux 7.0.0-27-generic x86_64","15.2.0"," -O3 -DNDEBUG -DPITO_ECS_OWNED_DELETE_ATOMIC=1",32,100000,pito,owned_insert,ecs_insert_owned,16,0,60,41.918389
khanvm1,"AMD EPYC-Milan Processor",32,"Linux 7.0.0-27-generic x86_64","15.2.0"," -O3 -DNDEBUG -DPITO_ECS_OWNED_DELETE_ATOMIC=1",32,100000,pito,owned_insert,ecs_insert_owned,16,0,61,39.654594
khanvm1,"AMD EPYC-Milan Processor",32,"Linux 7.0.0-27-generic x86_64","15.2.0"," -O3 -DNDEBUG -DPITO_ECS_OWNED_DELETE_ATOMIC=1",32,100000,pito,owned_insert,ecs_insert_owned,16,0,62,38.378015
khanvm1,"AMD EPYC-Milan Processor",32,"Linux 7.0.0-27-generic x86_64","15.2.0"," -O3 -DNDEBUG -DPITO_ECS_OWNED_DELETE_ATOMIC=1",32,100000,pito,owned_insert,ecs_insert_owned,16,10,1,36.208509
khanvm1,"AMD EPYC-Milan Processor",32,"Linux 7.0.0-27-generic x86_64","15.2.0"," -O3 -DNDEBUG -DPITO_ECS_OWNED_DELETE_ATOMIC=1",32,100000,pito,owned_insert,ecs_insert_owned,16,10,2,36.408650
khanvm1,"AMD EPYC-Milan Processor",32,"Linux 7.0.0-27-generic x86_64","15.2.0"," -O3 -DNDEBUG -DPITO_ECS_OWNED_DELETE_ATOMIC=1",32,100000,pito,owned_insert,ecs_insert_owned,16,10,3,50.004080
khanvm1,"AMD EPYC-Milan Processor",32,"Linux 7.0.0-27-generic x86_64","15.2.0"," -O3 -DNDEBUG -DPITO_ECS_OWNED_DELETE_ATOMIC=1",32,100000,pito,owned_insert,ecs_insert_owned,16,10,4,40.713362
khanvm1,"AMD EPYC-Milan Processor",32,"Linux 7.0.0-27-generic x86_64","15.2.0"," -O3 -DNDEBUG -DPITO_ECS_OWNED_DELETE_ATOMIC=1",32,100000,pito,owned_insert,ecs_insert_owned,16,10,5,37.093146
khanvm1,"AMD EPYC-Milan Processor",32,"Linux 7.0.0-27-generic x86_64","15.2.0"," -O3 -DNDEBUG -DPITO_ECS_OWNED_DELETE_ATOMIC=1",32,100000,pito,owned_insert,ecs_insert_owned,16,10,6,36.435251
khanvm1,"AMD EPYC-Milan Processor",32,"Linux 7.0.0-27-generic x86_64","15.2.0"," -O3 -DNDEBUG -DPITO_ECS_OWNED_DELETE_ATOMIC=1",32,100000,pito,owned_insert,ecs_insert_owned,16,10,7,45.268625
khanvm1,"AMD EPYC-Milan Processor",32,"Linux 7.0.0-27-generic x86_64","15.2.0"," -O3 -DNDEBUG -DPITO_ECS_OWNED_DELETE_ATOMIC=1",32,100000,pito,owned_insert,ecs_insert_owned,16,10,8,40.114307
khanvm1,"AMD EPYC-Milan Processor",32,"Linux 7.0.0-27-generic x86_64","15.2.0"," -O3 -DNDEBUG -DPITO_ECS_OWNED_DELETE_ATOMIC=1",32,100000,pito,owned_insert,ecs_insert_owned,16,10,9,41.011094
khanvm1,"AMD EPYC-Milan Processor",32,"Linux 7.0.0-27-generic x86_64","15.2.0"," -O3 -DNDEBUG -DPITO_ECS_OWNED_DELETE_ATOMIC=1",32,100000,pito,owned_insert,ecs_insert_owned,16,10,10,37.258395
khanvm1,"AMD EPYC-Milan Processor",32,"Linux 7.0.0-27-generic x86_64","15.2.0"," -O3 -DNDEBUG -DPITO_ECS_OWNED_DELETE_ATOMIC=1",32,100000,pito,owned_insert,ecs_insert_owned,16,10,11,37.351887
khanvm1,"AMD EPYC-Milan Processor",32,"Linux 7.0.0-27-generic x86_64","15.2.0"," -O3 -DNDEBUG -DPITO_ECS_OWNED_DELETE_ATOMIC=1",32,100000,pito,owned_insert,ecs_insert_owned,16,10,12,44.093066
khanvm1,"AMD EPYC-Milan Processor",32,"Linux 7.0.0-27-generic x86_64","15.2.0"," -O3 -DNDEBUG -DPITO_ECS_OWNED_DELETE_ATOMIC=1",32,100000,pito,owned_insert,ecs_insert_owned,16,10,13,40.928984
khanvm1,"AMD EPYC-Milan Processor",32,"Linux 7.0.0-27-generic x86_64","15.2.0"," -O3 -DNDEBUG -DPITO_ECS_OWNED_DELETE_ATOMIC=1",32,100000,pito,owned_insert,ecs_insert_owned,16,10,14,46.862117
khanvm1,"AMD EPYC-Milan Processor",32,"Linux 7.0.0-27-generic x86_64","15.2.0"," -O3 -DNDEBUG -DPITO_ECS_OWNED_DELETE_ATOMIC=1",32,100000,pito,owned_insert,ecs_insert_owned,16,10,15,39.208051
khanvm1,"AMD EPYC-Milan Processor",32,"Linux 7.0.0-27-generic x86_64","15.2.0"," -O3 -DNDEBUG -DPITO_ECS_OWNED_DELETE_ATOMIC=1",32,100000,pito,owned_insert,ecs_insert_owned,16,10,16,37.990772
khanvm1,"AMD EPYC-Milan Processor",32,"Linux 7.0.0-27-generic x86_64","15.2.0"," -O3 -DNDEBUG -DPITO_ECS_OWNED_DELETE_ATOMIC=1",32,100000,pito,owned_insert,ecs_insert_owned,16,10,17,45.300564
khanvm1,"AMD EPYC-Milan Processor",32,"Linux 7.0.0-27-generic x86_64","15.2.0"," -O3 -DNDEBUG -DPITO_ECS_OWNED_DELETE_ATOMIC=1",32,100000,pito,owned_insert,ecs_insert_owned,16,10,18,44.161346
khanvm1,"AMD EPYC-Milan Processor",32,"Linux 7.0.0-27-generic x86_64","15.2.0"," -O3 -DNDEBUG -DPITO_ECS_OWNED_DELETE_ATOMIC=1",32,100000,pito,owned_insert,ecs_insert_owned,16,10,19,35.049031
khanvm1,"AMD EPYC-Milan Processor",32,"Linux 7.0.0-27-generic x86_64","15.2.0"," -O3 -DNDEBUG -DPITO_ECS_OWNED_DELETE_ATOMIC=1",32,100000,pito,owned_insert,ecs_insert_owned,16,10,20,42.716506
khanvm1,"AMD EPYC-Milan Processor",32,"Linux 7.0.0-27-generic x86_64","15.2.0"," -O3 -DNDEBUG -DPITO_ECS_OWNED_DELETE_ATOMIC=1",32,100000,pito,owned_insert,ecs_insert_owned,16,10,21,43.208740
khanvm1,"AMD EPYC-Milan Processor",32,"Linux 7.0.0-27-generic x86_64","15.2.0"," -O3 -DNDEBUG -DPITO_ECS_OWNED_DELETE_ATOMIC=1",32,100000,pito,owned_insert,ecs_insert_owned,16,10,22,51.693451
khanvm1,"AMD EPYC-Milan Processor",32,"Linux 7.0.0-27-generic x86_64","15.2.0"," -O3 -DNDEBUG -DPITO_ECS_OWNED_DELETE_ATOMIC=1",32,100000,pito,owned_insert,ecs_insert_owned,16,10,23,44.508929
khanvm1,"AMD EPYC-Milan Processor",32,"Linux 7.0.0-27-generic x86_64","15.2.0"," -O3 -DNDEBUG -DPITO_ECS_OWNED_DELETE_ATOMIC=1",32,100000,pito,owned_insert,ecs_insert_owned,16,10,24,36.295341
khanvm1,"AMD EPYC-Milan Processor",32,"Linux 7.0.0-27-generic x86_64","15.2.0"," -O3 -DNDEBUG -DPITO_ECS_OWNED_DELETE_ATOMIC=1",32,100000,pito,owned_insert,ecs_insert_owned,16,10,25,39.785514
khanvm1,"AMD EPYC-Milan Processor",32,"Linux 7.0.0-27-generic x86_64","15.2.0"," -O3 -DNDEBUG -DPITO_ECS_OWNED_DELETE_ATOMIC=1",32,100000,pito,owned_insert,ecs_insert_owned,16,10,26,37.488109
khanvm1,"AMD EPYC-Milan Processor",32,"Linux 7.0.0-27-generic x86_64","15.2.0"," -O3 -DNDEBUG -DPITO_ECS_OWNED_DELETE_ATOMIC=1",32,100000,pito,owned_insert,ecs_insert_owned,16,10,27,38.685719
khanvm1,"AMD EPYC-Milan Processor",32,"Linux 7.0.0-27-generic x86_64","15.2.0"," -O3 -DNDEBUG -DPITO_ECS_OWNED_DELETE_ATOMIC=1",32,100000,pito,owned_insert,ecs_insert_owned,16,10,28,42.981738
khanvm1,"AMD EPYC-Milan Processor",32,"Linux 7.0.0-27-generic x86_64","15.2.0"," -O3 -DNDEBUG -DPITO_ECS_OWNED_DELETE_ATOMIC=1",32,100000,pito,owned_insert,ecs_insert_owned,16,10,29,40.925962
khanvm1,"AMD EPYC-Milan Processor",32,"Linux 7.0.0-27-generic x86_64","15.2.0"," -O3 -DNDEBUG -DPITO_ECS_OWNED_DELETE_ATOMIC=1",32,100000,pito,owned_insert,ecs_insert_owned,16,10,30,40.452690
khanvm1,"AMD EPYC-Milan Processor",32,"Linux 7.0.0-27-generic x86_64","15.2.0"," -O3 -DNDEBUG -DPITO_ECS_OWNED_DELETE_ATOMIC=1",32,100000,pito,owned_insert,ecs_insert_owned,16,10,31,37.073067
khanvm1,"AMD EPYC-Milan Processor",32,"Linux 7.0.0-27-generic x86_64","15.2.0"," -O3 -DNDEBUG -DPITO_ECS_OWNED_DELETE_ATOMIC=1",32,100000,pito,owned_insert,ecs_insert_owned,16,10,32,42.856277
khanvm1,"AMD EPYC-Milan Processor",32,"Linux 7.0.0-27-generic x86_64","15.2.0"," -O3 -DNDEBUG -DPITO_ECS_OWNED_DELETE_ATOMIC=1",32,100000,pito,owned_insert,ecs_insert_owned,16,10,33,36.248779
khanvm1,"AMD EPYC-Milan Processor",32,"Linux 7.0.0-27-generic x86_64","15.2.0"," -O3 -DNDEBUG -DPITO_ECS_OWNED_DELETE_ATOMIC=1",32,100000,pito,owned_insert,ecs_insert_owned,16,10,34,42.515485
khanvm1,"AMD EPYC-Milan Processor",32,"Linux 7.0.0-27-generic x86_64","15.2.0"," -O3 -DNDEBUG -DPITO_ECS_OWNED_DELETE_ATOMIC=1",32,100000,pito,owned_insert,ecs_insert_owned,16,10,35,41.344647
khanvm1,"AMD EPYC-Milan Processor",32,"Linux 7.0.0-27-generic x86_64","15.2.0"," -O3 -DNDEBUG -DPITO_ECS_OWNED_DELETE_ATOMIC=1",32,100000,pito,owned_insert,ecs_insert_owned,16,10,36,41.081244
khanvm1,"AMD EPYC-Milan Processor",32,"Linux 7.0.0-27-generic x86_64","15.2.0"," -O3 -DNDEBUG -DPITO_ECS_OWNED_DELETE_ATOMIC=1",32,100000,pito,owned_insert,ecs_insert_owned,16,10,37,36.811113
khanvm1,"AMD EPYC-Milan Processor",32,"Linux 7.0.0-27-generic x86_64","15.2.0"," -O3 -DNDEBUG -DPITO_ECS_OWNED_DELETE_ATOMIC=1",32,100000,pito,owned_insert,ecs_insert_owned,16,10,38,39.968116
khanvm1,"AMD EPYC-Milan Processor",32,"Linux 7.0.0-27-generic x86_64","15.2.0"," -O3 -DNDEBUG -DPITO_ECS_OWNED_DELETE_ATOMIC=1",32,100000,pito,owned_insert,ecs_insert_owned,16,10,39,39.783165
khanvm1,"AMD EPYC-Milan Processor",32,"Linux 7.0.0-27-generic x86_64","15.2.0"," -O3 -DNDEBUG -DPITO_ECS_OWNED_DELETE_ATOMIC=1",32,100000,pito,owned_insert,ecs_insert_owned,16,10,40,37.416800
khanvm1,"AMD EPYC-Milan Processor",32,"Linux 7.0.0-27-generic x86_64","15.2.0"," -O3 -DNDEBUG -DPITO_ECS_OWNED_DELETE_ATOMIC=1",32,100000,pito,owned_insert,ecs_insert_owned,16,10,41,42.227873
khanvm1,"AMD EPYC-Milan Processor",32,"Linux 7.0.0-27-generic x86_64","15.2.0"," -O3 -DNDEBUG -DPITO_ECS_OWNED_DELETE_ATOMIC=1",32,100000,pito,owned_insert,ecs_insert_owned,16,10,42,43.035587
khanvm1,"AMD EPYC-Milan Processor",32,"Linux 7.0.0-27-generic x86_64","15.2.0"," -O3 -DNDEBUG -DPITO_ECS_OWNED_DELETE_ATOMIC=1",32,100000,pito,owned_insert,ecs_insert_owned,16,10,43,41.705819
khanvm1,"AMD EPYC-Milan Processor",32,"Linux 7.0.0-27-generic x86_64","15.2.0"," -O3 -DNDEBUG -DPITO_ECS_OWNED_DELETE_ATOMIC=1",32,100000,pito,owned_insert,ecs_insert_owned,16,500,1,247.744717
khanvm1,"AMD EPYC-Milan Processor",32,"Linux 7.0.0-27-generic x86_64","15.2.0"," -O3 -DNDEBUG -DPITO_ECS_OWNED_DELETE_ATOMIC=1",32,100000,pito,owned_insert,ecs_insert_owned,16,500,2,250.296754
khanvm1,"AMD EPYC-Milan Processor",32,"Linux 7.0.0-27-generic x86_64","15.2.0"," -O3 -DNDEBUG -DPITO_ECS_OWNED_DELETE_ATOMIC=1",32,100000,pito,owned_insert,ecs_insert_owned,16,500,3,278.147352
khanvm1,"AMD EPYC-Milan Processor",32,"Linux 7.0.0-27-generic x86_64","15.2.0"," -O3 -DNDEBUG -DPITO_ECS_OWNED_DELETE_ATOMIC=1",32,100000,pito,owned_insert,ecs_insert_owned,16,500,4,278.539355
khanvm1,"AMD EPYC-Milan Processor",32,"Linux 7.0.0-27-generic x86_64","15.2.0"," -O3 -DNDEBUG -DPITO_ECS_OWNED_DELETE_ATOMIC=1",32,100000,pito,owned_insert,ecs_insert_owned,16,500,5,280.416669
khanvm1,"AMD EPYC-Milan Processor",32,"Linux 7.0.0-27-generic x86_64","15.2.0"," -O3 -DNDEBUG -DPITO_ECS_OWNED_DELETE_ATOMIC=1",32,100000,pito,owned_insert,ecs_insert_owned,16,500,6,281.115203
khanvm1,"AMD EPYC-Milan Processor",32,"Linux 7.0.0-27-generic x86_64","15.2.0"," -O3 -DNDEBUG -DPITO_ECS_OWNED_DELETE_ATOMIC=1",32,100000,pito,owned_insert,ecs_insert_owned,16,500,7,280.990844
khanvm1,"AMD EPYC-Milan Processor",32,"Linux 7.0.0-27-generic x86_64","15.2.0"," -O3 -DNDEBUG -DPITO_ECS_OWNED_DELETE_ATOMIC=1",32,100000,pito,owned_insert,ecs_insert_owned,16,500,8,281.166704
khanvm1,"AMD EPYC-Milan Processor",32,"Linux 7.0.0-27-generic x86_64","15.2.0"," -O3 -DNDEBUG -DPITO_ECS_OWNED_DELETE_ATOMIC=1",32,100000,pito,owned_insert,ecs_insert_owned,16,500,9,281.462967
khanvm1,"AMD EPYC-Milan Processor",32,"Linux 7.0.0-27-generic x86_64","15.2.0"," -O3 -DNDEBUG -DPITO_ECS_OWNED_DELETE_ATOMIC=1",32,100000,pito,owned_insert,ecs_insert_owned,16,500,10,280.842482
khanvm1,"AMD EPYC-Milan Processor",32,"Linux 7.0.0-27-generic x86_64","15.2.0"," -O3 -DNDEBUG -DPITO_ECS_OWNED_DELETE_ATOMIC=1",32,100000,pito,owned_insert,ecs_insert_owned,16,500,11,281.430907
khanvm1,"AMD EPYC-Milan Processor",32,"Linux 7.0.0-27-generic x86_64","15.2.0"," -O3 -DNDEBUG -DPITO_ECS_OWNED_DELETE_ATOMIC=1",32,100000,pito,owned_insert,ecs_insert_owned,16,500,12,280.970613
khanvm1,"AMD EPYC-Milan Processor",32,"Linux 7.0.0-27-generic x86_64","15.2.0"," -O3 -DNDEBUG -DPITO_ECS_OWNED_DELETE_ATOMIC=1",32,100000,pito,owned_insert,ecs_insert_owned,16,500,13,281.211494
khanvm1,"AMD EPYC-Milan Processor",32,"Linux 7.0.0-27-generic x86_64","15.2.0"," -O3 -DNDEBUG -DPITO_ECS_OWNED_DELETE_ATOMIC=1",32,100000,pito,owned_insert,ecs_insert_owned,16,500,14,280.405978
khanvm1,"AMD EPYC-Milan Processor",32,"Linux 7.0.0-27-generic x86_64","15.2.0"," -O3 -DNDEBUG -DPITO_ECS_OWNED_DELETE_ATOMIC=1",32,100000,pito,owned_insert,ecs_insert_owned,32,0,1,31.709198
khanvm1,"AMD EPYC-Milan Processor",32,"Linux 7.0.0-27-generic x86_64","15.2.0"," -O3 -DNDEBUG -DPITO_ECS_OWNED_DELETE_ATOMIC=1",32,100000,pito,owned_insert,ecs_insert_owned,32,0,2,35.513735
khanvm1,"AMD EPYC-Milan Processor",32,"Linux 7.0.0-27-generic x86_64","15.2.0"," -O3 -DNDEBUG -DPITO_ECS_OWNED_DELETE_ATOMIC=1",32,100000,pito,owned_insert,ecs_insert_owned,32,0,3,31.803117
khanvm1,"AMD EPYC-Milan Processor",32,"Linux 7.0.0-27-generic x86_64","15.2.0"," -O3 -DNDEBUG -DPITO_ECS_OWNED_DELETE_ATOMIC=1",32,100000,pito,owned_insert,ecs_insert_owned,32,0,4,35.217053
khanvm1,"AMD EPYC-Milan Processor",32,"Linux 7.0.0-27-generic x86_64","15.2.0"," -O3 -DNDEBUG -DPITO_ECS_OWNED_DELETE_ATOMIC=1",32,100000,pito,owned_insert,ecs_insert_owned,32,0,5,31.584476
khanvm1,"AMD EPYC-Milan Processor",32,"Linux 7.0.0-27-generic x86_64","15.2.0"," -O3 -DNDEBUG -DPITO_ECS_OWNED_DELETE_ATOMIC=1",32,100000,pito,owned_insert,ecs_insert_owned,32,0,6,29.226069
khanvm1,"AMD EPYC-Milan Processor",32,"Linux 7.0.0-27-generic x86_64","15.2.0"," -O3 -DNDEBUG -DPITO_ECS_OWNED_DELETE_ATOMIC=1",32,100000,pito,owned_insert,ecs_insert_owned,32,0,7,29.956684
khanvm1,"AMD EPYC-Milan Processor",32,"Linux 7.0.0-27-generic x86_64","15.2.0"," -O3 -DNDEBUG -DPITO_ECS_OWNED_DELETE_ATOMIC=1",32,100000,pito,owned_insert,ecs_insert_owned,32,0,8,35.477824
khanvm1,"AMD EPYC-Milan Processor",32,"Linux 7.0.0-27-generic x86_64","15.2.0"," -O3 -DNDEBUG -DPITO_ECS_OWNED_DELETE_ATOMIC=1",32,100000,pito,owned_insert,ecs_insert_owned,32,0,9,30.488778
khanvm1,"AMD EPYC-Milan Processor",32,"Linux 7.0.0-27-generic x86_64","15.2.0"," -O3 -DNDEBUG -DPITO_ECS_OWNED_DELETE_ATOMIC=1",32,100000,pito,owned_insert,ecs_insert_owned,32,0,10,34.887609
khanvm1,"AMD EPYC-Milan Processor",32,"Linux 7.0.0-27-generic x86_64","15.2.0"," -O3 -DNDEBUG -DPITO_ECS_OWNED_DELETE_ATOMIC=1",32,100000,pito,owned_insert,ecs_insert_owned,32,0,11,35.119392
khanvm1,"AMD EPYC-Milan Processor",32,"Linux 7.0.0-27-generic x86_64","15.2.0"," -O3 -DNDEBUG -DPITO_ECS_OWNED_DELETE_ATOMIC=1",32,100000,pito,owned_insert,ecs_insert_owned,32,0,12,29.542661
khanvm1,"AMD EPYC-Milan Processor",32,"Linux 7.0.0-27-generic x86_64","15.2.0"," -O3 -DNDEBUG -DPITO_ECS_OWNED_DELETE_ATOMIC=1",32,100000,pito,owned_insert,ecs_insert_owned,32,0,13,34.416337
khanvm1,"AMD EPYC-Milan Processor",32,"Linux 7.0.0-27-generic x86_64","15.2.0"," -O3 -DNDEBUG -DPITO_ECS_OWNED_DELETE_ATOMIC=1",32,100000,pito,owned_insert,ecs_insert_owned,32,0,14,34.194135
khanvm1,"AMD EPYC-Milan Processor",32,"Linux 7.0.0-27-generic x86_64","15.2.0"," -O3 -DNDEBUG -DPITO_ECS_OWNED_DELETE_ATOMIC=1",32,100000,pito,owned_insert,ecs_insert_owned,32,0,15,29.969674
khanvm1,"AMD EPYC-Milan Processor",32,"Linux 7.0.0-27-generic x86_64","15.2.0"," -O3 -DNDEBUG -DPITO_ECS_OWNED_DELETE_ATOMIC=1",32,100000,pito,owned_insert,ecs_insert_owned,32,0,16,30.813141
khanvm1,"AMD EPYC-Milan Processor",32,"Linux 7.0.0-27-generic x86_64","15.2.0"," -O3 -DNDEBUG -DPITO_ECS_OWNED_DELETE_ATOMIC=1",32,100000,pito,owned_insert,ecs_insert_owned,32,0,17,34.211335
khanvm1,"AMD EPYC-Milan Processor",32,"Linux 7.0.0-27-generic x86_64","15.2.0"," -O3 -DNDEBUG -DPITO_ECS_OWNED_DELETE_ATOMIC=1",32,100000,pito,owned_insert,ecs_insert_owned,32,0,18,34.162124
khanvm1,"AMD EPYC-Milan Processor",32,"Linux 7.0.0-27-generic x86_64","15.2.0"," -O3 -DNDEBUG -DPITO_ECS_OWNED_DELETE_ATOMIC=1",32,100000,pito,owned_insert,ecs_insert_owned,32,0,19,32.142051
khanvm1,"AMD EPYC-Milan Processor",32,"Linux 7.0.0-27-generic x86_64","15.2.0"," -O3 -DNDEBUG -DPITO_ECS_OWNED_DELETE_ATOMIC=1",32,100000,pito,owned_insert,ecs_insert_owned,32,0,20,31.971129
khanvm1,"AMD EPYC-Milan Processor",32,"Linux 7.0.0-27-generic x86_64","15.2.0"," -O3 -DNDEBUG -DPITO_ECS_OWNED_DELETE_ATOMIC=1",32,100000,pito,owned_insert,ecs_insert_owned,32,0,21,35.156322
khanvm1,"AMD EPYC-Milan Processor",32,"Linux 7.0.0-27-generic x86_64","15.2.0"," -O3 -DNDEBUG -DPITO_ECS_OWNED_DELETE_ATOMIC=1",32,100000,pito,owned_insert,ecs_insert_owned,32,0,22,32.134411
khanvm1,"AMD EPYC-Milan Processor",32,"Linux 7.0.0-27-generic x86_64","15.2.0"," -O3 -DNDEBUG -DPITO_ECS_OWNED_DELETE_ATOMIC=1",32,100000,pito,owned_insert,ecs_insert_owned,32,0,23,30.449338
khanvm1,"AMD EPYC-Milan Processor",32,"Linux 7.0.0-27-generic x86_64","15.2.0"," -O3 -DNDEBUG -DPITO_ECS_OWNED_DELETE_ATOMIC=1",32,100000,pito,owned_insert,ecs_insert_owned,32,0,24,36.667631
khanvm1,"AMD EPYC-Milan Processor",32,"Linux 7.0.0-27-generic x86_64","15.2.0"," -O3 -DNDEBUG -DPITO_ECS_OWNED_DELETE_ATOMIC=1",32,100000,pito,owned_insert,ecs_insert_owned,32,0,25,31.561656
khanvm1,"AMD EPYC-Milan Processor",32,"Linux 7.0.0-27-generic x86_64","15.2.0"," -O3 -DNDEBUG -DPITO_ECS_OWNED_DELETE_ATOMIC=1",32,100000,pito,owned_insert,ecs_insert_owned,32,0,26,34.727159
khanvm1,"AMD EPYC-Milan Processor",32,"Linux 7.0.0-27-generic x86_64","15.2.0"," -O3 -DNDEBUG -DPITO_ECS_OWNED_DELETE_ATOMIC=1",32,100000,pito,owned_insert,ecs_insert_owned,32,0,27,33.965041
khanvm1,"AMD EPYC-Milan Processor",32,"Linux 7.0.0-27-generic x86_64","15.2.0"," -O3 -DNDEBUG -DPITO_ECS_OWNED_DELETE_ATOMIC=1",32,100000,pito,owned_insert,ecs_insert_owned,32,0,28,32.242792
khanvm1,"AMD EPYC-Milan Processor",32,"Linux 7.0.0-27-generic x86_64","15.2.0"," -O3 -DNDEBUG -DPITO_ECS_OWNED_DELETE_ATOMIC=1",32,100000,pito,owned_insert,ecs_insert_owned,32,0,29,29.514523
khanvm1,"AMD EPYC-Milan Processor",32,"Linux 7.0.0-27-generic x86_64","15.2.0"," -O3 -DNDEBUG -DPITO_ECS_OWNED_DELETE_ATOMIC=1",32,100000,pito,owned_insert,ecs_insert_owned,32,0,30,32.261433
khanvm1,"AMD EPYC-Milan Processor",32,"Linux 7.0.0-27-generic x86_64","15.2.0"," -O3 -DNDEBUG -DPITO_ECS_OWNED_DELETE_ATOMIC=1",32,100000,pito,owned_insert,ecs_insert_owned,32,0,31,31.095182
khanvm1,"AMD EPYC-Milan Processor",32,"Linux 7.0.0-27-generic x86_64","15.2.0"," -O3 -DNDEBUG -DPITO_ECS_OWNED_DELETE_ATOMIC=1",32,100000,pito,owned_insert,ecs_insert_owned,32,0,32,33.338699
khanvm1,"AMD EPYC-Milan Processor",32,"Linux 7.0.0-27-generic x86_64","15.2.0"," -O3 -DNDEBUG -DPITO_ECS_OWNED_DELETE_ATOMIC=1",32,100000,pito,owned_insert,ecs_insert_owned,32,0,33,33.428620
khanvm1,"AMD EPYC-Milan Processor",32,"Linux 7.0.0-27-generic x86_64","15.2.0"," -O3 -DNDEBUG -DPITO_ECS_OWNED_DELETE_ATOMIC=1",32,100000,pito,owned_insert,ecs_insert_owned,32,0,34,33.703651
khanvm1,"AMD EPYC-Milan Processor",32,"Linux 7.0.0-27-generic x86_64","15.2.0"," -O3 -DNDEBUG -DPITO_ECS_OWNED_DELETE_ATOMIC=1",32,100000,pito,owned_insert,ecs_insert_owned,32,0,35,32.069400
khanvm1,"AMD EPYC-Milan Processor",32,"Linux 7.0.0-27-generic x86_64","15.2.0"," -O3 -DNDEBUG -DPITO_ECS_OWNED_DELETE_ATOMIC=1",32,100000,pito,owned_insert,ecs_insert_owned,32,0,36,31.170135
khanvm1,"AMD EPYC-Milan Processor",32,"Linux 7.0.0-27-generic x86_64","15.2.0"," -O3 -DNDEBUG -DPITO_ECS_OWNED_DELETE_ATOMIC=1",32,100000,pito,owned_insert,ecs_insert_owned,32,0,37,30.284745
khanvm1,"AMD EPYC-Milan Processor",32,"Linux 7.0.0-27-generic x86_64","15.2.0"," -O3 -DNDEBUG -DPITO_ECS_OWNED_DELETE_ATOMIC=1",32,100000,pito,owned_insert,ecs_insert_owned,32,0,38,31.128503
khanvm1,"AMD EPYC-Milan Processor",32,"Linux 7.0.0-27-generic x86_64","15.2.0"," -O3 -DNDEBUG -DPITO_ECS_OWNED_DELETE_ATOMIC=1",32,100000,pito,owned_insert,ecs_insert_owned,32,0,39,31.585986
khanvm1,"AMD EPYC-Milan Processor",32,"Linux 7.0.0-27-generic x86_64","15.2.0"," -O3 -DNDEBUG -DPITO_ECS_OWNED_DELETE_ATOMIC=1",32,100000,pito,owned_insert,ecs_insert_owned,32,0,40,30.969432
khanvm1,"AMD EPYC-Milan Processor",32,"Linux 7.0.0-27-generic x86_64","15.2.0"," -O3 -DNDEBUG -DPITO_ECS_OWNED_DELETE_ATOMIC=1",32,100000,pito,owned_insert,ecs_insert_owned,32,0,41,34.296596
khanvm1,"AMD EPYC-Milan Processor",32,"Linux 7.0.0-27-generic x86_64","15.2.0"," -O3 -DNDEBUG -DPITO_ECS_OWNED_DELETE_ATOMIC=1",32,100000,pito,owned_insert,ecs_insert_owned,32,0,42,34.625439
khanvm1,"AMD EPYC-Milan Processor",32,"Linux 7.0.0-27-generic x86_64","15.2.0"," -O3 -DNDEBUG -DPITO_ECS_OWNED_DELETE_ATOMIC=1",32,100000,pito,owned_insert,ecs_insert_owned,32,0,43,33.781900
khanvm1,"AMD EPYC-Milan Processor",32,"Linux 7.0.0-27-generic x86_64","15.2.0"," -O3 -DNDEBUG -DPITO_ECS_OWNED_DELETE_ATOMIC=1",32,100000,pito,owned_insert,ecs_insert_owned,32,0,44,33.490620
khanvm1,"AMD EPYC-Milan Processor",32,"Linux 7.0.0-27-generic x86_64","15.2.0"," -O3 -DNDEBUG -DPITO_ECS_OWNED_DELETE_ATOMIC=1",32,100000,pito,owned_insert,ecs_insert_owned,32,0,45,31.535066
khanvm1,"AMD EPYC-Milan Processor",32,"Linux 7.0.0-27-generic x86_64","15.2.0"," -O3 -DNDEBUG -DPITO_ECS_OWNED_DELETE_ATOMIC=1",32,100000,pito,owned_insert,ecs_insert_owned,32,0,46,31.266834
khanvm1,"AMD EPYC-Milan Processor",32,"Linux 7.0.0-27-generic x86_64","15.2.0"," -O3 -DNDEBUG -DPITO_ECS_OWNED_DELETE_ATOMIC=1",32,100000,pito,owned_insert,ecs_insert_owned,32,0,47,32.465192
khanvm1,"AMD EPYC-Milan Processor",32,"Linux 7.0.0-27-generic x86_64","15.2.0"," -O3 -DNDEBUG -DPITO_ECS_OWNED_DELETE_ATOMIC=1",32,100000,pito,owned_insert,ecs_insert_owned,32,0,48,29.642134
khanvm1,"AMD EPYC-Milan Processor",32,"Linux 7.0.0-27-generic x86_64","15.2.0"," -O3 -DNDEBUG -DPITO_ECS_OWNED_DELETE_ATOMIC=1",32,100000,pito,owned_insert,ecs_insert_owned,32,10,1,30.690580
khanvm1,"AMD EPYC-Milan Processor",32,"Linux 7.0.0-27-generic x86_64","15.2.0"," -O3 -DNDEBUG -DPITO_ECS_OWNED_DELETE_ATOMIC=1",32,100000,pito,owned_insert,ecs_insert_owned,32,10,2,32.100940
khanvm1,"AMD EPYC-Milan Processor",32,"Linux 7.0.0-27-generic x86_64","15.2.0"," -O3 -DNDEBUG -DPITO_ECS_OWNED_DELETE_ATOMIC=1",32,100000,pito,owned_insert,ecs_insert_owned,32,10,3,34.719839
khanvm1,"AMD EPYC-Milan Processor",32,"Linux 7.0.0-27-generic x86_64","15.2.0"," -O3 -DNDEBUG -DPITO_ECS_OWNED_DELETE_ATOMIC=1",32,100000,pito,owned_insert,ecs_insert_owned,32,10,4,36.114227
khanvm1,"AMD EPYC-Milan Processor",32,"Linux 7.0.0-27-generic x86_64","15.2.0"," -O3 -DNDEBUG -DPITO_ECS_OWNED_DELETE_ATOMIC=1",32,100000,pito,owned_insert,ecs_insert_owned,32,10,5,35.123502
khanvm1,"AMD EPYC-Milan Processor",32,"Linux 7.0.0-27-generic x86_64","15.2.0"," -O3 -DNDEBUG -DPITO_ECS_OWNED_DELETE_ATOMIC=1",32,100000,pito,owned_insert,ecs_insert_owned,32,10,6,31.533277
khanvm1,"AMD EPYC-Milan Processor",32,"Linux 7.0.0-27-generic x86_64","15.2.0"," -O3 -DNDEBUG -DPITO_ECS_OWNED_DELETE_ATOMIC=1",32,100000,pito,owned_insert,ecs_insert_owned,32,10,7,35.914337
khanvm1,"AMD EPYC-Milan Processor",32,"Linux 7.0.0-27-generic x86_64","15.2.0"," -O3 -DNDEBUG -DPITO_ECS_OWNED_DELETE_ATOMIC=1",32,100000,pito,owned_insert,ecs_insert_owned,32,10,8,35.535324
khanvm1,"AMD EPYC-Milan Processor",32,"Linux 7.0.0-27-generic x86_64","15.2.0"," -O3 -DNDEBUG -DPITO_ECS_OWNED_DELETE_ATOMIC=1",32,100000,pito,owned_insert,ecs_insert_owned,32,10,9,35.423504
khanvm1,"AMD EPYC-Milan Processor",32,"Linux 7.0.0-27-generic x86_64","15.2.0"," -O3 -DNDEBUG -DPITO_ECS_OWNED_DELETE_ATOMIC=1",32,100000,pito,owned_insert,ecs_insert_owned,32,10,10,30.742820
khanvm1,"AMD EPYC-Milan Processor",32,"Linux 7.0.0-27-generic x86_64","15.2.0"," -O3 -DNDEBUG -DPITO_ECS_OWNED_DELETE_ATOMIC=1",32,100000,pito,owned_insert,ecs_insert_owned,32,10,11,31.211853
khanvm1,"AMD EPYC-Milan Processor",32,"Linux 7.0.0-27-generic x86_64","15.2.0"," -O3 -DNDEBUG -DPITO_ECS_OWNED_DELETE_ATOMIC=1",32,100000,pito,owned_insert,ecs_insert_owned,32,10,12,34.653937
khanvm1,"AMD EPYC-Milan Processor",32,"Linux 7.0.0-27-generic x86_64","15.2.0"," -O3 -DNDEBUG -DPITO_ECS_OWNED_DELETE_ATOMIC=1",32,100000,pito,owned_insert,ecs_insert_owned,32,10,13,33.860574
khanvm1,"AMD EPYC-Milan Processor",32,"Linux 7.0.0-27-generic x86_64","15.2.0"," -O3 -DNDEBUG -DPITO_ECS_OWNED_DELETE_ATOMIC=1",32,100000,pito,owned_insert,ecs_insert_owned,32,10,14,36.194228
khanvm1,"AMD EPYC-Milan Processor",32,"Linux 7.0.0-27-generic x86_64","15.2.0"," -O3 -DNDEBUG -DPITO_ECS_OWNED_DELETE_ATOMIC=1",32,100000,pito,owned_insert,ecs_insert_owned,32,10,15,35.977967
khanvm1,"AMD EPYC-Milan Processor",32,"Linux 7.0.0-27-generic x86_64","15.2.0"," -O3 -DNDEBUG -DPITO_ECS_OWNED_DELETE_ATOMIC=1",32,100000,pito,owned_insert,ecs_insert_owned,32,10,16,38.950409
khanvm1,"AMD EPYC-Milan Processor",32,"Linux 7.0.0-27-generic x86_64","15.2.0"," -O3 -DNDEBUG -DPITO_ECS_OWNED_DELETE_ATOMIC=1",32,100000,pito,owned_insert,ecs_insert_owned,32,10,17,31.119384
khanvm1,"AMD EPYC-Milan Processor",32,"Linux 7.0.0-27-generic x86_64","15.2.0"," -O3 -DNDEBUG -DPITO_ECS_OWNED_DELETE_ATOMIC=1",32,100000,pito,owned_insert,ecs_insert_owned,32,10,18,33.216297
khanvm1,"AMD EPYC-Milan Processor",32,"Linux 7.0.0-27-generic x86_64","15.2.0"," -O3 -DNDEBUG -DPITO_ECS_OWNED_DELETE_ATOMIC=1",32,100000,pito,owned_insert,ecs_insert_owned,32,10,19,36.072158
khanvm1,"AMD EPYC-Milan Processor",32,"Linux 7.0.0-27-generic x86_64","15.2.0"," -O3 -DNDEBUG -DPITO_ECS_OWNED_DELETE_ATOMIC=1",32,100000,pito,owned_insert,ecs_insert_owned,32,10,20,32.513283
khanvm1,"AMD EPYC-Milan Processor",32,"Linux 7.0.0-27-generic x86_64","15.2.0"," -O3 -DNDEBUG -DPITO_ECS_OWNED_DELETE_ATOMIC=1",32,100000,pito,owned_insert,ecs_insert_owned,32,10,21,35.732995
khanvm1,"AMD EPYC-Milan Processor",32,"Linux 7.0.0-27-generic x86_64","15.2.0"," -O3 -DNDEBUG -DPITO_ECS_OWNED_DELETE_ATOMIC=1",32,100000,pito,owned_insert,ecs_insert_owned,32,10,22,32.349302
khanvm1,"AMD EPYC-Milan Processor",32,"Linux 7.0.0-27-generic x86_64","15.2.0"," -O3 -DNDEBUG -DPITO_ECS_OWNED_DELETE_ATOMIC=1",32,100000,pito,owned_insert,ecs_insert_owned,32,10,23,35.928808
khanvm1,"AMD EPYC-Milan Processor",32,"Linux 7.0.0-27-generic x86_64","15.2.0"," -O3 -DNDEBUG -DPITO_ECS_OWNED_DELETE_ATOMIC=1",32,100000,pito,owned_insert,ecs_insert_owned,32,10,24,32.813486
khanvm1,"AMD EPYC-Milan Processor",32,"Linux 7.0.0-27-generic x86_64","15.2.0"," -O3 -DNDEBUG -DPITO_ECS_OWNED_DELETE_ATOMIC=1",32,100000,pito,owned_insert,ecs_insert_owned,32,10,25,31.461915
khanvm1,"AMD EPYC-Milan Processor",32,"Linux 7.0.0-27-generic x86_64","15.2.0"," -O3 -DNDEBUG -DPITO_ECS_OWNED_DELETE_ATOMIC=1",32,100000,pito,owned_insert,ecs_insert_owned,32,10,26,32.613874
khanvm1,"AMD EPYC-Milan Processor",32,"Linux 7.0.0-27-generic x86_64","15.2.0"," -O3 -DNDEBUG -DPITO_ECS_OWNED_DELETE_ATOMIC=1",32,100000,pito,owned_insert,ecs_insert_owned,32,10,27,32.300920
khanvm1,"AMD EPYC-Milan Processor",32,"Linux 7.0.0-27-generic x86_64","15.2.0"," -O3 -DNDEBUG -DPITO_ECS_OWNED_DELETE_ATOMIC=1",32,100000,pito,owned_insert,ecs_insert_owned,32,10,28,33.311009
khanvm1,"AMD EPYC-Milan Processor",32,"Linux 7.0.0-27-generic x86_64","15.2.0"," -O3 -DNDEBUG -DPITO_ECS_OWNED_DELETE_ATOMIC=1",32,100000,pito,owned_insert,ecs_insert_owned,32,10,29,35.873749
khanvm1,"AMD EPYC-Milan Processor",32,"Linux 7.0.0-27-generic x86_64","15.2.0"," -O3 -DNDEBUG -DPITO_ECS_OWNED_DELETE_ATOMIC=1",32,100000,pito,owned_insert,ecs_insert_owned,32,10,30,32.838165
khanvm1,"AMD EPYC-Milan Processor",32,"Linux 7.0.0-27-generic x86_64","15.2.0"," -O3 -DNDEBUG -DPITO_ECS_OWNED_DELETE_ATOMIC=1",32,100000,pito,owned_insert,ecs_insert_owned,32,10,31,30.064836
khanvm1,"AMD EPYC-Milan Processor",32,"Linux 7.0.0-27-generic x86_64","15.2.0"," -O3 -DNDEBUG -DPITO_ECS_OWNED_DELETE_ATOMIC=1",32,100000,pito,owned_insert,ecs_insert_owned,32,10,32,30.740911
khanvm1,"AMD EPYC-Milan Processor",32,"Linux 7.0.0-27-generic x86_64","15.2.0"," -O3 -DNDEBUG -DPITO_ECS_OWNED_DELETE_ATOMIC=1",32,100000,pito,owned_insert,ecs_insert_owned,32,10,33,31.795689
khanvm1,"AMD EPYC-Milan Processor",32,"Linux 7.0.0-27-generic x86_64","15.2.0"," -O3 -DNDEBUG -DPITO_ECS_OWNED_DELETE_ATOMIC=1",32,100000,pito,owned_insert,ecs_insert_owned,32,10,34,29.282361
khanvm1,"AMD EPYC-Milan Processor",32,"Linux 7.0.0-27-generic x86_64","15.2.0"," -O3 -DNDEBUG -DPITO_ECS_OWNED_DELETE_ATOMIC=1",32,100000,pito,owned_insert,ecs_insert_owned,32,10,35,31.385995
khanvm1,"AMD EPYC-Milan Processor",32,"Linux 7.0.0-27-generic x86_64","15.2.0"," -O3 -DNDEBUG -DPITO_ECS_OWNED_DELETE_ATOMIC=1",32,100000,pito,owned_insert,ecs_insert_owned,32,10,36,32.174932
khanvm1,"AMD EPYC-Milan Processor",32,"Linux 7.0.0-27-generic x86_64","15.2.0"," -O3 -DNDEBUG -DPITO_ECS_OWNED_DELETE_ATOMIC=1",32,100000,pito,owned_insert,ecs_insert_owned,32,10,37,30.162766
khanvm1,"AMD EPYC-Milan Processor",32,"Linux 7.0.0-27-generic x86_64","15.2.0"," -O3 -DNDEBUG -DPITO_ECS_OWNED_DELETE_ATOMIC=1",32,100000,pito,owned_insert,ecs_insert_owned,32,10,38,35.920729
khanvm1,"AMD EPYC-Milan Processor",32,"Linux 7.0.0-27-generic x86_64","15.2.0"," -O3 -DNDEBUG -DPITO_ECS_OWNED_DELETE_ATOMIC=1",32,100000,pito,owned_insert,ecs_insert_owned,32,10,39,35.529824
khanvm1,"AMD EPYC-Milan Processor",32,"Linux 7.0.0-27-generic x86_64","15.2.0"," -O3 -DNDEBUG -DPITO_ECS_OWNED_DELETE_ATOMIC=1",32,100000,pito,owned_insert,ecs_insert_owned,32,10,40,30.843400
khanvm1,"AMD EPYC-Milan Processor",32,"Linux 7.0.0-27-generic x86_64","15.2.0"," -O3 -DNDEBUG -DPITO_ECS_OWNED_DELETE_ATOMIC=1",32,100000,pito,owned_insert,ecs_insert_owned,32,10,41,36.058678
khanvm1,"AMD EPYC-Milan Processor",32,"Linux 7.0.0-27-generic x86_64","15.2.0"," -O3 -DNDEBUG -DPITO_ECS_OWNED_DELETE_ATOMIC=1",32,100000,pito,owned_insert,ecs_insert_owned,32,10,42,32.795804
khanvm1,"AMD EPYC-Milan Processor",32,"Linux 7.0.0-27-generic x86_64","15.2.0"," -O3 -DNDEBUG -DPITO_ECS_OWNED_DELETE_ATOMIC=1",32,100000,pito,owned_insert,ecs_insert_owned,32,10,43,33.076518
khanvm1,"AMD EPYC-Milan Processor",32,"Linux 7.0.0-27-generic x86_64","15.2.0"," -O3 -DNDEBUG -DPITO_ECS_OWNED_DELETE_ATOMIC=1",32,100000,pito,owned_insert,ecs_insert_owned,32,10,44,35.434444
khanvm1,"AMD EPYC-Milan Processor",32,"Linux 7.0.0-27-generic x86_64","15.2.0"," -O3 -DNDEBUG -DPITO_ECS_OWNED_DELETE_ATOMIC=1",32,100000,pito,owned_insert,ecs_insert_owned,32,10,45,35.208532
khanvm1,"AMD EPYC-Milan Processor",32,"Linux 7.0.0-27-generic x86_64","15.2.0"," -O3 -DNDEBUG -DPITO_ECS_OWNED_DELETE_ATOMIC=1",32,100000,pito,owned_insert,ecs_insert_owned,32,10,46,34.703208
khanvm1,"AMD EPYC-Milan Processor",32,"Linux 7.0.0-27-generic x86_64","15.2.0"," -O3 -DNDEBUG -DPITO_ECS_OWNED_DELETE_ATOMIC=1",32,100000,pito,owned_insert,ecs_insert_owned,32,10,47,34.976831
khanvm1,"AMD EPYC-Milan Processor",32,"Linux 7.0.0-27-generic x86_64","15.2.0"," -O3 -DNDEBUG -DPITO_ECS_OWNED_DELETE_ATOMIC=1",32,100000,pito,owned_insert,ecs_insert_owned,32,10,48,35.771626
khanvm1,"AMD EPYC-Milan Processor",32,"Linux 7.0.0-27-generic x86_64","15.2.0"," -O3 -DNDEBUG -DPITO_ECS_OWNED_DELETE_ATOMIC=1",32,100000,pito,owned_insert,ecs_insert_owned,32,10,49,32.375291
khanvm1,"AMD EPYC-Milan Processor",32,"Linux 7.0.0-27-generic x86_64","15.2.0"," -O3 -DNDEBUG -DPITO_ECS_OWNED_DELETE_ATOMIC=1",32,100000,pito,owned_insert,ecs_insert_owned,32,10,50,37.160637
khanvm1,"AMD EPYC-Milan Processor",32,"Linux 7.0.0-27-generic x86_64","15.2.0"," -O3 -DNDEBUG -DPITO_ECS_OWNED_DELETE_ATOMIC=1",32,100000,pito,owned_insert,ecs_insert_owned,32,10,51,35.148203
khanvm1,"AMD EPYC-Milan Processor",32,"Linux 7.0.0-27-generic x86_64","15.2.0"," -O3 -DNDEBUG -DPITO_ECS_OWNED_DELETE_ATOMIC=1",32,100000,pito,owned_insert,ecs_insert_owned,32,10,52,34.839990
khanvm1,"AMD EPYC-Milan Processor",32,"Linux 7.0.0-27-generic x86_64","15.2.0"," -O3 -DNDEBUG -DPITO_ECS_OWNED_DELETE_ATOMIC=1",32,100000,pito,owned_insert,ecs_insert_owned,32,500,1,133.130274
khanvm1,"AMD EPYC-Milan Processor",32,"Linux 7.0.0-27-generic x86_64","15.2.0"," -O3 -DNDEBUG -DPITO_ECS_OWNED_DELETE_ATOMIC=1",32,100000,pito,owned_insert,ecs_insert_owned,32,500,2,142.040147
khanvm1,"AMD EPYC-Milan Processor",32,"Linux 7.0.0-27-generic x86_64","15.2.0"," -O3 -DNDEBUG -DPITO_ECS_OWNED_DELETE_ATOMIC=1",32,100000,pito,owned_insert,ecs_insert_owned,32,500,3,142.304131
khanvm1,"AMD EPYC-Milan Processor",32,"Linux 7.0.0-27-generic x86_64","15.2.0"," -O3 -DNDEBUG -DPITO_ECS_OWNED_DELETE_ATOMIC=1",32,100000,pito,owned_insert,ecs_insert_owned,32,500,4,141.967136
khanvm1,"AMD EPYC-Milan Processor",32,"Linux 7.0.0-27-generic x86_64","15.2.0"," -O3 -DNDEBUG -DPITO_ECS_OWNED_DELETE_ATOMIC=1",32,100000,pito,owned_insert,ecs_insert_owned,32,500,5,141.290432
khanvm1,"AMD EPYC-Milan Processor",32,"Linux 7.0.0-27-generic x86_64","15.2.0"," -O3 -DNDEBUG -DPITO_ECS_OWNED_DELETE_ATOMIC=1",32,100000,pito,owned_insert,ecs_insert_owned,32,500,6,141.207392
khanvm1,"AMD EPYC-Milan Processor",32,"Linux 7.0.0-27-generic x86_64","15.2.0"," -O3 -DNDEBUG -DPITO_ECS_OWNED_DELETE_ATOMIC=1",32,100000,pito,owned_insert,ecs_insert_owned,32,500,7,142.463622
khanvm1,"AMD EPYC-Milan Processor",32,"Linux 7.0.0-27-generic x86_64","15.2.0"," -O3 -DNDEBUG -DPITO_ECS_OWNED_DELETE_ATOMIC=1",32,100000,pito,owned_insert,ecs_insert_owned,32,500,8,142.158368
khanvm1,"AMD EPYC-Milan Processor",32,"Linux 7.0.0-27-generic x86_64","15.2.0"," -O3 -DNDEBUG -DPITO_ECS_OWNED_DELETE_ATOMIC=1",32,100000,pito,owned_insert,ecs_insert_owned,32,500,9,141.391683
khanvm1,"AMD EPYC-Milan Processor",32,"Linux 7.0.0-27-generic x86_64","15.2.0"," -O3 -DNDEBUG -DPITO_ECS_OWNED_DELETE_ATOMIC=1",32,100000,pito,owned_insert,ecs_insert_owned,32,500,10,142.807304
khanvm1,"AMD EPYC-Milan Processor",32,"Linux 7.0.0-27-generic x86_64","15.2.0"," -O3 -DNDEBUG -DPITO_ECS_OWNED_DELETE_ATOMIC=1",32,100000,pito,owned_insert,ecs_insert_owned,32,500,11,141.948497
khanvm1,"AMD EPYC-Milan Processor",32,"Linux 7.0.0-27-generic x86_64","15.2.0"," -O3 -DNDEBUG",32,100000,pico,owned_delete,,1,0,1,91.764167
khanvm1,"AMD EPYC-Milan Processor",32,"Linux 7.0.0-27-generic x86_64","15.2.0"," -O3 -DNDEBUG",32,100000,pico,owned_delete,,1,0,2,89.839474
khanvm1,"AMD EPYC-Milan Processor",32,"Linux 7.0.0-27-generic x86_64","15.2.0"," -O3 -DNDEBUG",32,100000,pico,owned_delete,,1,0,3,90.014575
khanvm1,"AMD EPYC-Milan Processor",32,"Linux 7.0.0-27-generic x86_64","15.2.0"," -O3 -DNDEBUG",32,100000,pico,owned_delete,,1,0,4,90.745440
khanvm1,"AMD EPYC-Milan Processor",32,"Linux 7.0.0-27-generic x86_64","15.2.0"," -O3 -DNDEBUG",32,100000,pico,owned_delete,,1,0,5,91.197534
khanvm1,"AMD EPYC-Milan Processor",32,"Linux 7.0.0-27-generic x86_64","15.2.0"," -O3 -DNDEBUG",32,100000,pico,owned_delete,,1,0,6,91.475156
khanvm1,"AMD EPYC-Milan Processor",32,"Linux 7.0.0-27-generic x86_64","15.2.0"," -O3 -DNDEBUG",32,100000,pico,owned_delete,,1,0,7,90.734709
khanvm1,"AMD EPYC-Milan Processor",32,"Linux 7.0.0-27-generic x86_64","15.2.0"," -O3 -DNDEBUG",32,100000,pico,owned_delete,,1,0,8,92.263631
khanvm1,"AMD EPYC-Milan Processor",32,"Linux 7.0.0-27-generic x86_64","15.2.0"," -O3 -DNDEBUG",32,100000,pico,owned_delete,,1,0,9,90.615639
khanvm1,"AMD EPYC-Milan Processor",32,"Linux 7.0.0-27-generic x86_64","15.2.0"," -O3 -DNDEBUG",32,100000,pico,owned_delete,,1,0,10,91.583256
khanvm1,"AMD EPYC-Milan Processor",32,"Linux 7.0.0-27-generic x86_64","15.2.0"," -O3 -DNDEBUG",32,100000,pico,owned_delete,,1,10,1,105.395755
khanvm1,"AMD EPYC-Milan Processor",32,"Linux 7.0.0-27-generic x86_64","15.2.0"," -O3 -DNDEBUG",32,100000,pico,owned_delete,,1,10,2,105.222555
khanvm1,"AMD EPYC-Milan Processor",32,"Linux 7.0.0-27-generic x86_64","15.2.0"," -O3 -DNDEBUG",32,100000,pico,owned_delete,,1,10,3,105.526055
khanvm1,"AMD EPYC-Milan Processor",32,"Linux 7.0.0-27-generic x86_64","15.2.0"," -O3 -DNDEBUG",32,100000,pico,owned_delete,,1,10,4,105.241333
khanvm1,"AMD EPYC-Milan Processor",32,"Linux 7.0.0-27-generic x86_64","15.2.0"," -O3 -DNDEBUG",32,100000,pico,owned_delete,,1,10,5,105.125304
khanvm1,"AMD EPYC-Milan Processor",32,"Linux 7.0.0-27-generic x86_64","15.2.0"," -O3 -DNDEBUG",32,100000,pico,owned_delete,,1,10,6,107.181627
khanvm1,"AMD EPYC-Milan Processor",32,"Linux 7.0.0-27-generic x86_64","15.2.0"," -O3 -DNDEBUG",32,100000,pico,owned_delete,,1,10,7,113.904316
khanvm1,"AMD EPYC-Milan Processor",32,"Linux 7.0.0-27-generic x86_64","15.2.0"," -O3 -DNDEBUG",32,100000,pico,owned_delete,,1,10,8,105.698897
khanvm1,"AMD EPYC-Milan Processor",32,"Linux 7.0.0-27-generic x86_64","15.2.0"," -O3 -DNDEBUG",32,100000,pico,owned_delete,,1,10,9,105.872069
khanvm1,"AMD EPYC-Milan Processor",32,"Linux 7.0.0-27-generic x86_64","15.2.0"," -O3 -DNDEBUG",32,100000,pico,owned_delete,,1,10,10,123.251523
khanvm1,"AMD EPYC-Milan Processor",32,"Linux 7.0.0-27-generic x86_64","15.2.0"," -O3 -DNDEBUG",32,100000,pico,owned_delete,,1,10,11,105.262144
khanvm1,"AMD EPYC-Milan Processor",32,"Linux 7.0.0-27-generic x86_64","15.2.0"," -O3 -DNDEBUG",32,100000,pico,owned_delete,,1,10,12,105.261054
khanvm1,"AMD EPYC-Milan Processor",32,"Linux 7.0.0-27-generic x86_64","15.2.0"," -O3 -DNDEBUG",32,100000,pico,owned_delete,,1,10,13,105.165043
khanvm1,"AMD EPYC-Milan Processor",32,"Linux 7.0.0-27-generic x86_64","15.2.0"," -O3 -DNDEBUG",32,100000,pico,owned_delete,,1,10,14,105.409164
khanvm1,"AMD EPYC-Milan Processor",32,"Linux 7.0.0-27-generic x86_64","15.2.0"," -O3 -DNDEBUG",32,100000,pico,owned_delete,,1,500,1,3055.394779
khanvm1,"AMD EPYC-Milan Processor",32,"Linux 7.0.0-27-generic x86_64","15.2.0"," -O3 -DNDEBUG",32,100000,pico,owned_delete,,1,500,2,3062.024837
khanvm1,"AMD EPYC-Milan Processor",32,"Linux 7.0.0-27-generic x86_64","15.2.0"," -O3 -DNDEBUG",32,100000,pico,owned_delete,,1,500,3,3060.879830
khanvm1,"AMD EPYC-Milan Processor",32,"Linux 7.0.0-27-generic x86_64","15.2.0"," -O3 -DNDEBUG",32,100000,pico,owned_delete,,1,500,4,3058.456502
khanvm1,"AMD EPYC-Milan Processor",32,"Linux 7.0.0-27-generic x86_64","15.2.0"," -O3 -DNDEBUG",32,100000,pico,owned_delete,,1,500,5,3058.330202
khanvm1,"AMD EPYC-Milan Processor",32,"Linux 7.0.0-27-generic x86_64","15.2.0"," -O3 -DNDEBUG",32,100000,pico,owned_delete,,1,500,6,3059.115706
khanvm1,"AMD EPYC-Milan Processor",32,"Linux 7.0.0-27-generic x86_64","15.2.0"," -O3 -DNDEBUG",32,100000,pico,owned_delete,,1,500,7,3056.043945
khanvm1,"AMD EPYC-Milan Processor",32,"Linux 7.0.0-27-generic x86_64","15.2.0"," -O3 -DNDEBUG",32,100000,pico,owned_delete,,1,500,8,3059.099017
khanvm1,"AMD EPYC-Milan Processor",32,"Linux 7.0.0-27-generic x86_64","15.2.0"," -O3 -DNDEBUG",32,100000,pico,owned_delete,,1,500,9,3059.114918
khanvm1,"AMD EPYC-Milan Processor",32,"Linux 7.0.0-27-generic x86_64","15.2.0"," -O3 -DNDEBUG",32,100000,pico,owned_delete,,1,500,10,3060.224303
khanvm1,"AMD EPYC-Milan Processor",32,"Linux 7.0.0-27-generic x86_64","15.2.0"," -O3 -DNDEBUG",32,100000,flecs,owned_delete,,1,0,1,405.531845
khanvm1,"AMD EPYC-Milan Processor",32,"Linux 7.0.0-27-generic x86_64","15.2.0"," -O3 -DNDEBUG",32,100000,flecs,owned_delete,,1,0,2,363.877856
khanvm1,"AMD EPYC-Milan Processor",32,"Linux 7.0.0-27-generic x86_64","15.2.0"," -O3 -DNDEBUG",32,100000,flecs,owned_delete,,1,0,3,393.559030
khanvm1,"AMD EPYC-Milan Processor",32,"Linux 7.0.0-27-generic x86_64","15.2.0"," -O3 -DNDEBUG",32,100000,flecs,owned_delete,,1,0,4,392.173650
khanvm1,"AMD EPYC-Milan Processor",32,"Linux 7.0.0-27-generic x86_64","15.2.0"," -O3 -DNDEBUG",32,100000,flecs,owned_delete,,1,0,5,393.773190
khanvm1,"AMD EPYC-Milan Processor",32,"Linux 7.0.0-27-generic x86_64","15.2.0"," -O3 -DNDEBUG",32,100000,flecs,owned_delete,,1,0,6,394.074894
khanvm1,"AMD EPYC-Milan Processor",32,"Linux 7.0.0-27-generic x86_64","15.2.0"," -O3 -DNDEBUG",32,100000,flecs,owned_delete,,1,0,7,391.519244
khanvm1,"AMD EPYC-Milan Processor",32,"Linux 7.0.0-27-generic x86_64","15.2.0"," -O3 -DNDEBUG",32,100000,flecs,owned_delete,,1,0,8,393.878071
khanvm1,"AMD EPYC-Milan Processor",32,"Linux 7.0.0-27-generic x86_64","15.2.0"," -O3 -DNDEBUG",32,100000,flecs,owned_delete,,1,0,9,394.368296
khanvm1,"AMD EPYC-Milan Processor",32,"Linux 7.0.0-27-generic x86_64","15.2.0"," -O3 -DNDEBUG",32,100000,flecs,owned_delete,,1,0,10,393.930451
khanvm1,"AMD EPYC-Milan Processor",32,"Linux 7.0.0-27-generic x86_64","15.2.0"," -O3 -DNDEBUG",32,100000,flecs,owned_delete,,1,0,11,396.843603
khanvm1,"AMD EPYC-Milan Processor",32,"Linux 7.0.0-27-generic x86_64","15.2.0"," -O3 -DNDEBUG",32,100000,flecs,owned_delete,,1,10,1,404.817420
khanvm1,"AMD EPYC-Milan Processor",32,"Linux 7.0.0-27-generic x86_64","15.2.0"," -O3 -DNDEBUG",32,100000,flecs,owned_delete,,1,10,2,404.465966
khanvm1,"AMD EPYC-Milan Processor",32,"Linux 7.0.0-27-generic x86_64","15.2.0"," -O3 -DNDEBUG",32,100000,flecs,owned_delete,,1,10,3,404.500319
khanvm1,"AMD EPYC-Milan Processor",32,"Linux 7.0.0-27-generic x86_64","15.2.0"," -O3 -DNDEBUG",32,100000,flecs,owned_delete,,1,10,4,403.397820
khanvm1,"AMD EPYC-Milan Processor",32,"Linux 7.0.0-27-generic x86_64","15.2.0"," -O3 -DNDEBUG",32,100000,flecs,owned_delete,,1,10,5,402.924988
khanvm1,"AMD EPYC-Milan Processor",32,"Linux 7.0.0-27-generic x86_64","15.2.0"," -O3 -DNDEBUG",32,100000,flecs,owned_delete,,1,10,6,404.786920
khanvm1,"AMD EPYC-Milan Processor",32,"Linux 7.0.0-27-generic x86_64","15.2.0"," -O3 -DNDEBUG",32,100000,flecs,owned_delete,,1,10,7,403.085068
khanvm1,"AMD EPYC-Milan Processor",32,"Linux 7.0.0-27-generic x86_64","15.2.0"," -O3 -DNDEBUG",32,100000,flecs,owned_delete,,1,10,8,404.313067
khanvm1,"AMD EPYC-Milan Processor",32,"Linux 7.0.0-27-generic x86_64","15.2.0"," -O3 -DNDEBUG",32,100000,flecs,owned_delete,,1,10,9,402.428554
khanvm1,"AMD EPYC-Milan Processor",32,"Linux 7.0.0-27-generic x86_64","15.2.0"," -O3 -DNDEBUG",32,100000,flecs,owned_delete,,1,10,10,401.769628
khanvm1,"AMD EPYC-Milan Processor",32,"Linux 7.0.0-27-generic x86_64","15.2.0"," -O3 -DNDEBUG",32,100000,flecs,owned_delete,,1,500,1,3334.091759
khanvm1,"AMD EPYC-Milan Processor",32,"Linux 7.0.0-27-generic x86_64","15.2.0"," -O3 -DNDEBUG",32,100000,flecs,owned_delete,,1,500,2,3325.801448
khanvm1,"AMD EPYC-Milan Processor",32,"Linux 7.0.0-27-generic x86_64","15.2.0"," -O3 -DNDEBUG",32,100000,flecs,owned_delete,,1,500,3,3330.831162
khanvm1,"AMD EPYC-Milan Processor",32,"Linux 7.0.0-27-generic x86_64","15.2.0"," -O3 -DNDEBUG",32,100000,flecs,owned_delete,,1,500,4,3325.792468
khanvm1,"AMD EPYC-Milan Processor",32,"Linux 7.0.0-27-generic x86_64","15.2.0"," -O3 -DNDEBUG",32,100000,flecs,owned_delete,,1,500,5,3324.896920
khanvm1,"AMD EPYC-Milan Processor",32,"Linux 7.0.0-27-generic x86_64","15.2.0"," -O3 -DNDEBUG",32,100000,flecs,owned_delete,,1,500,6,3330.594982
khanvm1,"AMD EPYC-Milan Processor",32,"Linux 7.0.0-27-generic x86_64","15.2.0"," -O3 -DNDEBUG",32,100000,flecs,owned_delete,,1,500,7,3342.605188
khanvm1,"AMD EPYC-Milan Processor",32,"Linux 7.0.0-27-generic x86_64","15.2.0"," -O3 -DNDEBUG",32,100000,flecs,owned_delete,,1,500,8,3328.146704
khanvm1,"AMD EPYC-Milan Processor",32,"Linux 7.0.0-27-generic x86_64","15.2.0"," -O3 -DNDEBUG",32,100000,flecs,owned_delete,,1,500,9,3323.502311
khanvm1,"AMD EPYC-Milan Processor",32,"Linux 7.0.0-27-generic x86_64","15.2.0"," -O3 -DNDEBUG",32,100000,flecs,owned_delete,,1,500,10,3338.143657
khanvm1,"AMD EPYC-Milan Processor",32,"Linux 7.0.0-27-generic x86_64","15.2.0"," -O3 -DNDEBUG",32,100000,flecs,owned_delete,,2,0,1,262.833153
khanvm1,"AMD EPYC-Milan Processor",32,"Linux 7.0.0-27-generic x86_64","15.2.0"," -O3 -DNDEBUG",32,100000,flecs,owned_delete,,2,0,2,271.607327
khanvm1,"AMD EPYC-Milan Processor",32,"Linux 7.0.0-27-generic x86_64","15.2.0"," -O3 -DNDEBUG",32,100000,flecs,owned_delete,,2,0,3,272.238430
khanvm1,"AMD EPYC-Milan Processor",32,"Linux 7.0.0-27-generic x86_64","15.2.0"," -O3 -DNDEBUG",32,100000,flecs,owned_delete,,2,0,4,273.059036
khanvm1,"AMD EPYC-Milan Processor",32,"Linux 7.0.0-27-generic x86_64","15.2.0"," -O3 -DNDEBUG",32,100000,flecs,owned_delete,,2,0,5,272.119579
khanvm1,"AMD EPYC-Milan Processor",32,"Linux 7.0.0-27-generic x86_64","15.2.0"," -O3 -DNDEBUG",32,100000,flecs,owned_delete,,2,0,6,295.683698
khanvm1,"AMD EPYC-Milan Processor",32,"Linux 7.0.0-27-generic x86_64","15.2.0"," -O3 -DNDEBUG",32,100000,flecs,owned_delete,,2,0,7,274.074553
khanvm1,"AMD EPYC-Milan Processor",32,"Linux 7.0.0-27-generic x86_64","15.2.0"," -O3 -DNDEBUG",32,100000,flecs,owned_delete,,2,0,8,273.213589
khanvm1,"AMD EPYC-Milan Processor",32,"Linux 7.0.0-27-generic x86_64","15.2.0"," -O3 -DNDEBUG",32,100000,flecs,owned_delete,,2,0,9,274.027784
khanvm1,"AMD EPYC-Milan Processor",32,"Linux 7.0.0-27-generic x86_64","15.2.0"," -O3 -DNDEBUG",32,100000,flecs,owned_delete,,2,0,10,271.307624
khanvm1,"AMD EPYC-Milan Processor",32,"Linux 7.0.0-27-generic x86_64","15.2.0"," -O3 -DNDEBUG",32,100000,flecs,owned_delete,,2,0,11,273.270080
khanvm1,"AMD EPYC-Milan Processor",32,"Linux 7.0.0-27-generic x86_64","15.2.0"," -O3 -DNDEBUG",32,100000,flecs,owned_delete,,2,10,1,276.246140
khanvm1,"AMD EPYC-Milan Processor",32,"Linux 7.0.0-27-generic x86_64","15.2.0"," -O3 -DNDEBUG",32,100000,flecs,owned_delete,,2,10,2,278.322834
khanvm1,"AMD EPYC-Milan Processor",32,"Linux 7.0.0-27-generic x86_64","15.2.0"," -O3 -DNDEBUG",32,100000,flecs,owned_delete,,2,10,3,277.635280
khanvm1,"AMD EPYC-Milan Processor",32,"Linux 7.0.0-27-generic x86_64","15.2.0"," -O3 -DNDEBUG",32,100000,flecs,owned_delete,,2,10,4,276.762844
khanvm1,"AMD EPYC-Milan Processor",32,"Linux 7.0.0-27-generic x86_64","15.2.0"," -O3 -DNDEBUG",32,100000,flecs,owned_delete,,2,10,5,278.060224
khanvm1,"AMD EPYC-Milan Processor",32,"Linux 7.0.0-27-generic x86_64","15.2.0"," -O3 -DNDEBUG",32,100000,flecs,owned_delete,,2,10,6,277.616428
khanvm1,"AMD EPYC-Milan Processor",32,"Linux 7.0.0-27-generic x86_64","15.2.0"," -O3 -DNDEBUG",32,100000,flecs,owned_delete,,2,10,7,277.479838
khanvm1,"AMD EPYC-Milan Processor",32,"Linux 7.0.0-27-generic x86_64","15.2.0"," -O3 -DNDEBUG",32,100000,flecs,owned_delete,,2,10,8,276.899914
khanvm1,"AMD EPYC-Milan Processor",32,"Linux 7.0.0-27-generic x86_64","15.2.0"," -O3 -DNDEBUG",32,100000,flecs,owned_delete,,2,10,9,277.130145
khanvm1,"AMD EPYC-Milan Processor",32,"Linux 7.0.0-27-generic x86_64","15.2.0"," -O3 -DNDEBUG",32,100000,flecs,owned_delete,,2,10,10,276.935634
khanvm1,"AMD EPYC-Milan Processor",32,"Linux 7.0.0-27-generic x86_64","15.2.0"," -O3 -DNDEBUG",32,100000,flecs,owned_delete,,2,500,1,1740.019366
khanvm1,"AMD EPYC-Milan Processor",32,"Linux 7.0.0-27-generic x86_64","15.2.0"," -O3 -DNDEBUG",32,100000,flecs,owned_delete,,2,500,2,1738.270034
khanvm1,"AMD EPYC-Milan Processor",32,"Linux 7.0.0-27-generic x86_64","15.2.0"," -O3 -DNDEBUG",32,100000,flecs,owned_delete,,2,500,3,1737.868812
khanvm1,"AMD EPYC-Milan Processor",32,"Linux 7.0.0-27-generic x86_64","15.2.0"," -O3 -DNDEBUG",32,100000,flecs,owned_delete,,2,500,4,1737.836181
khanvm1,"AMD EPYC-Milan Processor",32,"Linux 7.0.0-27-generic x86_64","15.2.0"," -O3 -DNDEBUG",32,100000,flecs,owned_delete,,2,500,5,1743.096707
khanvm1,"AMD EPYC-Milan Processor",32,"Linux 7.0.0-27-generic x86_64","15.2.0"," -O3 -DNDEBUG",32,100000,flecs,owned_delete,,2,500,6,1770.536455
khanvm1,"AMD EPYC-Milan Processor",32,"Linux 7.0.0-27-generic x86_64","15.2.0"," -O3 -DNDEBUG",32,100000,flecs,owned_delete,,2,500,7,1739.756166
khanvm1,"AMD EPYC-Milan Processor",32,"Linux 7.0.0-27-generic x86_64","15.2.0"," -O3 -DNDEBUG",32,100000,flecs,owned_delete,,2,500,8,1765.878902
khanvm1,"AMD EPYC-Milan Processor",32,"Linux 7.0.0-27-generic x86_64","15.2.0"," -O3 -DNDEBUG",32,100000,flecs,owned_delete,,2,500,9,1736.107048
khanvm1,"AMD EPYC-Milan Processor",32,"Linux 7.0.0-27-generic x86_64","15.2.0"," -O3 -DNDEBUG",32,100000,flecs,owned_delete,,2,500,10,1741.543397
khanvm1,"AMD EPYC-Milan Processor",32,"Linux 7.0.0-27-generic x86_64","15.2.0"," -O3 -DNDEBUG",32,100000,flecs,owned_delete,,4,0,1,194.782626
khanvm1,"AMD EPYC-Milan Processor",32,"Linux 7.0.0-27-generic x86_64","15.2.0"," -O3 -DNDEBUG",32,100000,flecs,owned_delete,,4,0,2,194.481822
khanvm1,"AMD EPYC-Milan Processor",32,"Linux 7.0.0-27-generic x86_64","15.2.0"," -O3 -DNDEBUG",32,100000,flecs,owned_delete,,4,0,3,194.384293
khanvm1,"AMD EPYC-Milan Processor",32,"Linux 7.0.0-27-generic x86_64","15.2.0"," -O3 -DNDEBUG",32,100000,flecs,owned_delete,,4,0,4,195.632622
khanvm1,"AMD EPYC-Milan Processor",32,"Linux 7.0.0-27-generic x86_64","15.2.0"," -O3 -DNDEBUG",32,100000,flecs,owned_delete,,4,0,5,194.131209
khanvm1,"AMD EPYC-Milan Processor",32,"Linux 7.0.0-27-generic x86_64","15.2.0"," -O3 -DNDEBUG",32,100000,flecs,owned_delete,,4,0,6,195.229379
khanvm1,"AMD EPYC-Milan Processor",32,"Linux 7.0.0-27-generic x86_64","15.2.0"," -O3 -DNDEBUG",32,100000,flecs,owned_delete,,4,0,7,195.750113
khanvm1,"AMD EPYC-Milan Processor",32,"Linux 7.0.0-27-generic x86_64","15.2.0"," -O3 -DNDEBUG",32,100000,flecs,owned_delete,,4,0,8,195.452410
khanvm1,"AMD EPYC-Milan Processor",32,"Linux 7.0.0-27-generic x86_64","15.2.0"," -O3 -DNDEBUG",32,100000,flecs,owned_delete,,4,0,9,196.416698
khanvm1,"AMD EPYC-Milan Processor",32,"Linux 7.0.0-27-generic x86_64","15.2.0"," -O3 -DNDEBUG",32,100000,flecs,owned_delete,,4,0,10,195.696502
khanvm1,"AMD EPYC-Milan Processor",32,"Linux 7.0.0-27-generic x86_64","15.2.0"," -O3 -DNDEBUG",32,100000,flecs,owned_delete,,4,10,1,197.865938
khanvm1,"AMD EPYC-Milan Processor",32,"Linux 7.0.0-27-generic x86_64","15.2.0"," -O3 -DNDEBUG",32,100000,flecs,owned_delete,,4,10,2,228.793989
khanvm1,"AMD EPYC-Milan Processor",32,"Linux 7.0.0-27-generic x86_64","15.2.0"," -O3 -DNDEBUG",32,100000,flecs,owned_delete,,4,10,3,197.137622
khanvm1,"AMD EPYC-Milan Processor",32,"Linux 7.0.0-27-generic x86_64","15.2.0"," -O3 -DNDEBUG",32,100000,flecs,owned_delete,,4,10,4,199.445660
khanvm1,"AMD EPYC-Milan Processor",32,"Linux 7.0.0-27-generic x86_64","15.2.0"," -O3 -DNDEBUG",32,100000,flecs,owned_delete,,4,10,5,200.540407
khanvm1,"AMD EPYC-Milan Processor",32,"Linux 7.0.0-27-generic x86_64","15.2.0"," -O3 -DNDEBUG",32,100000,flecs,owned_delete,,4,10,6,196.973800
khanvm1,"AMD EPYC-Milan Processor",32,"Linux 7.0.0-27-generic x86_64","15.2.0"," -O3 -DNDEBUG",32,100000,flecs,owned_delete,,4,10,7,198.447601
khanvm1,"AMD EPYC-Milan Processor",32,"Linux 7.0.0-27-generic x86_64","15.2.0"," -O3 -DNDEBUG",32,100000,flecs,owned_delete,,4,10,8,196.640488
khanvm1,"AMD EPYC-Milan Processor",32,"Linux 7.0.0-27-generic x86_64","15.2.0"," -O3 -DNDEBUG",32,100000,flecs,owned_delete,,4,10,9,196.715689
khanvm1,"AMD EPYC-Milan Processor",32,"Linux 7.0.0-27-generic x86_64","15.2.0"," -O3 -DNDEBUG",32,100000,flecs,owned_delete,,4,10,10,198.317421
khanvm1,"AMD EPYC-Milan Processor",32,"Linux 7.0.0-27-generic x86_64","15.2.0"," -O3 -DNDEBUG",32,100000,flecs,owned_delete,,4,10,11,198.423301
khanvm1,"AMD EPYC-Milan Processor",32,"Linux 7.0.0-27-generic x86_64","15.2.0"," -O3 -DNDEBUG",32,100000,flecs,owned_delete,,4,500,1,936.196188
khanvm1,"AMD EPYC-Milan Processor",32,"Linux 7.0.0-27-generic x86_64","15.2.0"," -O3 -DNDEBUG",32,100000,flecs,owned_delete,,4,500,2,925.377030
khanvm1,"AMD EPYC-Milan Processor",32,"Linux 7.0.0-27-generic x86_64","15.2.0"," -O3 -DNDEBUG",32,100000,flecs,owned_delete,,4,500,3,933.648688
khanvm1,"AMD EPYC-Milan Processor",32,"Linux 7.0.0-27-generic x86_64","15.2.0"," -O3 -DNDEBUG",32,100000,flecs,owned_delete,,4,500,4,923.468417
khanvm1,"AMD EPYC-Milan Processor",32,"Linux 7.0.0-27-generic x86_64","15.2.0"," -O3 -DNDEBUG",32,100000,flecs,owned_delete,,4,500,5,924.646475
khanvm1,"AMD EPYC-Milan Processor",32,"Linux 7.0.0-27-generic x86_64","15.2.0"," -O3 -DNDEBUG",32,100000,flecs,owned_delete,,4,500,6,925.862434
khanvm1,"AMD EPYC-Milan Processor",32,"Linux 7.0.0-27-generic x86_64","15.2.0"," -O3 -DNDEBUG",32,100000,flecs,owned_delete,,4,500,7,924.779205
khanvm1,"AMD EPYC-Milan Processor",32,"Linux 7.0.0-27-generic x86_64","15.2.0"," -O3 -DNDEBUG",32,100000,flecs,owned_delete,,4,500,8,929.631211
khanvm1,"AMD EPYC-Milan Processor",32,"Linux 7.0.0-27-generic x86_64","15.2.0"," -O3 -DNDEBUG",32,100000,flecs,owned_delete,,4,500,9,925.120439
khanvm1,"AMD EPYC-Milan Processor",32,"Linux 7.0.0-27-generic x86_64","15.2.0"," -O3 -DNDEBUG",32,100000,flecs,owned_delete,,4,500,10,933.466878
khanvm1,"AMD EPYC-Milan Processor",32,"Linux 7.0.0-27-generic x86_64","15.2.0"," -O3 -DNDEBUG",32,100000,flecs,owned_delete,,8,0,1,172.801527
khanvm1,"AMD EPYC-Milan Processor",32,"Linux 7.0.0-27-generic x86_64","15.2.0"," -O3 -DNDEBUG",32,100000,flecs,owned_delete,,8,0,2,171.434579
khanvm1,"AMD EPYC-Milan Processor",32,"Linux 7.0.0-27-generic x86_64","15.2.0"," -O3 -DNDEBUG",32,100000,flecs,owned_delete,,8,0,3,179.204844
khanvm1,"AMD EPYC-Milan Processor",32,"Linux 7.0.0-27-generic x86_64","15.2.0"," -O3 -DNDEBUG",32,100000,flecs,owned_delete,,8,0,4,169.833597
khanvm1,"AMD EPYC-Milan Processor",32,"Linux 7.0.0-27-generic x86_64","15.2.0"," -O3 -DNDEBUG",32,100000,flecs,owned_delete,,8,0,5,168.643508
khanvm1,"AMD EPYC-Milan Processor",32,"Linux 7.0.0-27-generic x86_64","15.2.0"," -O3 -DNDEBUG",32,100000,flecs,owned_delete,,8,0,6,175.429326
khanvm1,"AMD EPYC-Milan Processor",32,"Linux 7.0.0-27-generic x86_64","15.2.0"," -O3 -DNDEBUG",32,100000,flecs,owned_delete,,8,0,7,168.337176
khanvm1,"AMD EPYC-Milan Processor",32,"Linux 7.0.0-27-generic x86_64","15.2.0"," -O3 -DNDEBUG",32,100000,flecs,owned_delete,,8,0,8,172.929449
khanvm1,"AMD EPYC-Milan Processor",32,"Linux 7.0.0-27-generic x86_64","15.2.0"," -O3 -DNDEBUG",32,100000,flecs,owned_delete,,8,0,9,169.795117
khanvm1,"AMD EPYC-Milan Processor",32,"Linux 7.0.0-27-generic x86_64","15.2.0"," -O3 -DNDEBUG",32,100000,flecs,owned_delete,,8,0,10,179.099402
khanvm1,"AMD EPYC-Milan Processor",32,"Linux 7.0.0-27-generic x86_64","15.2.0"," -O3 -DNDEBUG",32,100000,flecs,owned_delete,,8,10,1,170.637852
khanvm1,"AMD EPYC-Milan Processor",32,"Linux 7.0.0-27-generic x86_64","15.2.0"," -O3 -DNDEBUG",32,100000,flecs,owned_delete,,8,10,2,173.524523
khanvm1,"AMD EPYC-Milan Processor",32,"Linux 7.0.0-27-generic x86_64","15.2.0"," -O3 -DNDEBUG",32,100000,flecs,owned_delete,,8,10,3,176.623746
khanvm1,"AMD EPYC-Milan Processor",32,"Linux 7.0.0-27-generic x86_64","15.2.0"," -O3 -DNDEBUG",32,100000,flecs,owned_delete,,8,10,4,175.331184
khanvm1,"AMD EPYC-Milan Processor",32,"Linux 7.0.0-27-generic x86_64","15.2.0"," -O3 -DNDEBUG",32,100000,flecs,owned_delete,,8,10,5,170.951675
khanvm1,"AMD EPYC-Milan Processor",32,"Linux 7.0.0-27-generic x86_64","15.2.0"," -O3 -DNDEBUG",32,100000,flecs,owned_delete,,8,10,6,174.849202
khanvm1,"AMD EPYC-Milan Processor",32,"Linux 7.0.0-27-generic x86_64","15.2.0"," -O3 -DNDEBUG",32,100000,flecs,owned_delete,,8,10,7,170.576872
khanvm1,"AMD EPYC-Milan Processor",32,"Linux 7.0.0-27-generic x86_64","15.2.0"," -O3 -DNDEBUG",32,100000,flecs,owned_delete,,8,10,8,175.540998
khanvm1,"AMD EPYC-Milan Processor",32,"Linux 7.0.0-27-generic x86_64","15.2.0"," -O3 -DNDEBUG",32,100000,flecs,owned_delete,,8,10,9,175.904021
khanvm1,"AMD EPYC-Milan Processor",32,"Linux 7.0.0-27-generic x86_64","15.2.0"," -O3 -DNDEBUG",32,100000,flecs,owned_delete,,8,10,10,176.433144
khanvm1,"AMD EPYC-Milan Processor",32,"Linux 7.0.0-27-generic x86_64","15.2.0"," -O3 -DNDEBUG",32,100000,flecs,owned_delete,,8,500,1,537.682163
khanvm1,"AMD EPYC-Milan Processor",32,"Linux 7.0.0-27-generic x86_64","15.2.0"," -O3 -DNDEBUG",32,100000,flecs,owned_delete,,8,500,2,532.050042
khanvm1,"AMD EPYC-Milan Processor",32,"Linux 7.0.0-27-generic x86_64","15.2.0"," -O3 -DNDEBUG",32,100000,flecs,owned_delete,,8,500,3,532.740977
khanvm1,"AMD EPYC-Milan Processor",32,"Linux 7.0.0-27-generic x86_64","15.2.0"," -O3 -DNDEBUG",32,100000,flecs,owned_delete,,8,500,4,522.721325
khanvm1,"AMD EPYC-Milan Processor",32,"Linux 7.0.0-27-generic x86_64","15.2.0"," -O3 -DNDEBUG",32,100000,flecs,owned_delete,,8,500,5,531.512177
khanvm1,"AMD EPYC-Milan Processor",32,"Linux 7.0.0-27-generic x86_64","15.2.0"," -O3 -DNDEBUG",32,100000,flecs,owned_delete,,8,500,6,538.486539
khanvm1,"AMD EPYC-Milan Processor",32,"Linux 7.0.0-27-generic x86_64","15.2.0"," -O3 -DNDEBUG",32,100000,flecs,owned_delete,,8,500,7,554.523162
khanvm1,"AMD EPYC-Milan Processor",32,"Linux 7.0.0-27-generic x86_64","15.2.0"," -O3 -DNDEBUG",32,100000,flecs,owned_delete,,8,500,8,535.211323
khanvm1,"AMD EPYC-Milan Processor",32,"Linux 7.0.0-27-generic x86_64","15.2.0"," -O3 -DNDEBUG",32,100000,flecs,owned_delete,,8,500,9,532.333775
khanvm1,"AMD EPYC-Milan Processor",32,"Linux 7.0.0-27-generic x86_64","15.2.0"," -O3 -DNDEBUG",32,100000,flecs,owned_delete,,8,500,10,530.868022
khanvm1,"AMD EPYC-Milan Processor",32,"Linux 7.0.0-27-generic x86_64","15.2.0"," -O3 -DNDEBUG",32,100000,flecs,owned_delete,,16,0,1,155.107141
khanvm1,"AMD EPYC-Milan Processor",32,"Linux 7.0.0-27-generic x86_64","15.2.0"," -O3 -DNDEBUG",32,100000,flecs,owned_delete,,16,0,2,100.335969
khanvm1,"AMD EPYC-Milan Processor",32,"Linux 7.0.0-27-generic x86_64","15.2.0"," -O3 -DNDEBUG",32,100000,flecs,owned_delete,,16,0,3,100.964004
khanvm1,"AMD EPYC-Milan Processor",32,"Linux 7.0.0-27-generic x86_64","15.2.0"," -O3 -DNDEBUG",32,100000,flecs,owned_delete,,16,0,4,98.995609
khanvm1,"AMD EPYC-Milan Processor",32,"Linux 7.0.0-27-generic x86_64","15.2.0"," -O3 -DNDEBUG",32,100000,flecs,owned_delete,,16,0,5,100.568690
khanvm1,"AMD EPYC-Milan Processor",32,"Linux 7.0.0-27-generic x86_64","15.2.0"," -O3 -DNDEBUG",32,100000,flecs,owned_delete,,16,0,6,101.772688
khanvm1,"AMD EPYC-Milan Processor",32,"Linux 7.0.0-27-generic x86_64","15.2.0"," -O3 -DNDEBUG",32,100000,flecs,owned_delete,,16,0,7,100.756103
khanvm1,"AMD EPYC-Milan Processor",32,"Linux 7.0.0-27-generic x86_64","15.2.0"," -O3 -DNDEBUG",32,100000,flecs,owned_delete,,16,0,8,99.337022
khanvm1,"AMD EPYC-Milan Processor",32,"Linux 7.0.0-27-generic x86_64","15.2.0"," -O3 -DNDEBUG",32,100000,flecs,owned_delete,,16,0,9,102.299472
khanvm1,"AMD EPYC-Milan Processor",32,"Linux 7.0.0-27-generic x86_64","15.2.0"," -O3 -DNDEBUG",32,100000,flecs,owned_delete,,16,0,10,98.913108
khanvm1,"AMD EPYC-Milan Processor",32,"Linux 7.0.0-27-generic x86_64","15.2.0"," -O3 -DNDEBUG",32,100000,flecs,owned_delete,,16,0,11,100.056556
khanvm1,"AMD EPYC-Milan Processor",32,"Linux 7.0.0-27-generic x86_64","15.2.0"," -O3 -DNDEBUG",32,100000,flecs,owned_delete,,16,10,1,102.768336
khanvm1,"AMD EPYC-Milan Processor",32,"Linux 7.0.0-27-generic x86_64","15.2.0"," -O3 -DNDEBUG",32,100000,flecs,owned_delete,,16,10,2,102.284803
khanvm1,"AMD EPYC-Milan Processor",32,"Linux 7.0.0-27-generic x86_64","15.2.0"," -O3 -DNDEBUG",32,100000,flecs,owned_delete,,16,10,3,104.452290
khanvm1,"AMD EPYC-Milan Processor",32,"Linux 7.0.0-27-generic x86_64","15.2.0"," -O3 -DNDEBUG",32,100000,flecs,owned_delete,,16,10,4,101.987501
khanvm1,"AMD EPYC-Milan Processor",32,"Linux 7.0.0-27-generic x86_64","15.2.0"," -O3 -DNDEBUG",32,100000,flecs,owned_delete,,16,10,5,100.731792
khanvm1,"AMD EPYC-Milan Processor",32,"Linux 7.0.0-27-generic x86_64","15.2.0"," -O3 -DNDEBUG",32,100000,flecs,owned_delete,,16,10,6,102.603856
khanvm1,"AMD EPYC-Milan Processor",32,"Linux 7.0.0-27-generic x86_64","15.2.0"," -O3 -DNDEBUG",32,100000,flecs,owned_delete,,16,10,7,103.144209
khanvm1,"AMD EPYC-Milan Processor",32,"Linux 7.0.0-27-generic x86_64","15.2.0"," -O3 -DNDEBUG",32,100000,flecs,owned_delete,,16,10,8,100.726141
khanvm1,"AMD EPYC-Milan Processor",32,"Linux 7.0.0-27-generic x86_64","15.2.0"," -O3 -DNDEBUG",32,100000,flecs,owned_delete,,16,10,9,102.415803
khanvm1,"AMD EPYC-Milan Processor",32,"Linux 7.0.0-27-generic x86_64","15.2.0"," -O3 -DNDEBUG",32,100000,flecs,owned_delete,,16,10,10,100.992964
khanvm1,"AMD EPYC-Milan Processor",32,"Linux 7.0.0-27-generic x86_64","15.2.0"," -O3 -DNDEBUG",32,100000,flecs,owned_delete,,16,500,1,280.873853
khanvm1,"AMD EPYC-Milan Processor",32,"Linux 7.0.0-27-generic x86_64","15.2.0"," -O3 -DNDEBUG",32,100000,flecs,owned_delete,,16,500,2,284.656270
khanvm1,"AMD EPYC-Milan Processor",32,"Linux 7.0.0-27-generic x86_64","15.2.0"," -O3 -DNDEBUG",32,100000,flecs,owned_delete,,16,500,3,279.753134
khanvm1,"AMD EPYC-Milan Processor",32,"Linux 7.0.0-27-generic x86_64","15.2.0"," -O3 -DNDEBUG",32,100000,flecs,owned_delete,,16,500,4,281.227514
khanvm1,"AMD EPYC-Milan Processor",32,"Linux 7.0.0-27-generic x86_64","15.2.0"," -O3 -DNDEBUG",32,100000,flecs,owned_delete,,16,500,5,280.131557
khanvm1,"AMD EPYC-Milan Processor",32,"Linux 7.0.0-27-generic x86_64","15.2.0"," -O3 -DNDEBUG",32,100000,flecs,owned_delete,,16,500,6,280.999745
khanvm1,"AMD EPYC-Milan Processor",32,"Linux 7.0.0-27-generic x86_64","15.2.0"," -O3 -DNDEBUG",32,100000,flecs,owned_delete,,16,500,7,281.046534
khanvm1,"AMD EPYC-Milan Processor",32,"Linux 7.0.0-27-generic x86_64","15.2.0"," -O3 -DNDEBUG",32,100000,flecs,owned_delete,,16,500,8,280.506559
khanvm1,"AMD EPYC-Milan Processor",32,"Linux 7.0.0-27-generic x86_64","15.2.0"," -O3 -DNDEBUG",32,100000,flecs,owned_delete,,16,500,9,281.600148
khanvm1,"AMD EPYC-Milan Processor",32,"Linux 7.0.0-27-generic x86_64","15.2.0"," -O3 -DNDEBUG",32,100000,flecs,owned_delete,,16,500,10,280.122625
khanvm1,"AMD EPYC-Milan Processor",32,"Linux 7.0.0-27-generic x86_64","15.2.0"," -O3 -DNDEBUG",32,100000,flecs,owned_delete,,32,0,1,104.825682
khanvm1,"AMD EPYC-Milan Processor",32,"Linux 7.0.0-27-generic x86_64","15.2.0"," -O3 -DNDEBUG",32,100000,flecs,owned_delete,,32,0,2,104.792121
khanvm1,"AMD EPYC-Milan Processor",32,"Linux 7.0.0-27-generic x86_64","15.2.0"," -O3 -DNDEBUG",32,100000,flecs,owned_delete,,32,0,3,104.305238
khanvm1,"AMD EPYC-Milan Processor",32,"Linux 7.0.0-27-generic x86_64","15.2.0"," -O3 -DNDEBUG",32,100000,flecs,owned_delete,,32,0,4,105.162613
khanvm1,"AMD EPYC-Milan Processor",32,"Linux 7.0.0-27-generic x86_64","15.2.0"," -O3 -DNDEBUG",32,100000,flecs,owned_delete,,32,0,5,103.511251
khanvm1,"AMD EPYC-Milan Processor",32,"Linux 7.0.0-27-generic x86_64","15.2.0"," -O3 -DNDEBUG",32,100000,flecs,owned_delete,,32,0,6,104.954642
khanvm1,"AMD EPYC-Milan Processor",32,"Linux 7.0.0-27-generic x86_64","15.2.0"," -O3 -DNDEBUG",32,100000,flecs,owned_delete,,32,0,7,104.964001
khanvm1,"AMD EPYC-Milan Processor",32,"Linux 7.0.0-27-generic x86_64","15.2.0"," -O3 -DNDEBUG",32,100000,flecs,owned_delete,,32,0,8,104.838871
khanvm1,"AMD EPYC-Milan Processor",32,"Linux 7.0.0-27-generic x86_64","15.2.0"," -O3 -DNDEBUG",32,100000,flecs,owned_delete,,32,0,9,105.095074
khanvm1,"AMD EPYC-Milan Processor",32,"Linux 7.0.0-27-generic x86_64","15.2.0"," -O3 -DNDEBUG",32,100000,flecs,owned_delete,,32,0,10,104.149027
khanvm1,"AMD EPYC-Milan Processor",32,"Linux 7.0.0-27-generic x86_64","15.2.0"," -O3 -DNDEBUG",32,100000,flecs,owned_delete,,32,10,1,107.275589
khanvm1,"AMD EPYC-Milan Processor",32,"Linux 7.0.0-27-generic x86_64","15.2.0"," -O3 -DNDEBUG",32,100000,flecs,owned_delete,,32,10,2,105.223614
khanvm1,"AMD EPYC-Milan Processor",32,"Linux 7.0.0-27-generic x86_64","15.2.0"," -O3 -DNDEBUG",32,100000,flecs,owned_delete,,32,10,3,104.091207
khanvm1,"AMD EPYC-Milan Processor",32,"Linux 7.0.0-27-generic x86_64","15.2.0"," -O3 -DNDEBUG",32,100000,flecs,owned_delete,,32,10,4,104.186357
khanvm1,"AMD EPYC-Milan Processor",32,"Linux 7.0.0-27-generic x86_64","15.2.0"," -O3 -DNDEBUG",32,100000,flecs,owned_delete,,32,10,5,104.920960
khanvm1,"AMD EPYC-Milan Processor",32,"Linux 7.0.0-27-generic x86_64","15.2.0"," -O3 -DNDEBUG",32,100000,flecs,owned_delete,,32,10,6,108.192586
khanvm1,"AMD EPYC-Milan Processor",32,"Linux 7.0.0-27-generic x86_64","15.2.0"," -O3 -DNDEBUG",32,100000,flecs,owned_delete,,32,10,7,105.711337
khanvm1,"AMD EPYC-Milan Processor",32,"Linux 7.0.0-27-generic x86_64","15.2.0"," -O3 -DNDEBUG",32,100000,flecs,owned_delete,,32,10,8,103.455111
khanvm1,"AMD EPYC-Milan Processor",32,"Linux 7.0.0-27-generic x86_64","15.2.0"," -O3 -DNDEBUG",32,100000,flecs,owned_delete,,32,10,9,107.609441
khanvm1,"AMD EPYC-Milan Processor",32,"Linux 7.0.0-27-generic x86_64","15.2.0"," -O3 -DNDEBUG",32,100000,flecs,owned_delete,,32,10,10,107.082987
khanvm1,"AMD EPYC-Milan Processor",32,"Linux 7.0.0-27-generic x86_64","15.2.0"," -O3 -DNDEBUG",32,100000,flecs,owned_delete,,32,500,1,196.102975
khanvm1,"AMD EPYC-Milan Processor",32,"Linux 7.0.0-27-generic x86_64","15.2.0"," -O3 -DNDEBUG",32,100000,flecs,owned_delete,,32,500,2,198.408161
khanvm1,"AMD EPYC-Milan Processor",32,"Linux 7.0.0-27-generic x86_64","15.2.0"," -O3 -DNDEBUG",32,100000,flecs,owned_delete,,32,500,3,200.754599
khanvm1,"AMD EPYC-Milan Processor",32,"Linux 7.0.0-27-generic x86_64","15.2.0"," -O3 -DNDEBUG",32,100000,flecs,owned_delete,,32,500,4,197.729486
khanvm1,"AMD EPYC-Milan Processor",32,"Linux 7.0.0-27-generic x86_64","15.2.0"," -O3 -DNDEBUG",32,100000,flecs,owned_delete,,32,500,5,194.807427
khanvm1,"AMD EPYC-Milan Processor",32,"Linux 7.0.0-27-generic x86_64","15.2.0"," -O3 -DNDEBUG",32,100000,flecs,owned_delete,,32,500,6,199.539850
khanvm1,"AMD EPYC-Milan Processor",32,"Linux 7.0.0-27-generic x86_64","15.2.0"," -O3 -DNDEBUG",32,100000,flecs,owned_delete,,32,500,7,195.458551
khanvm1,"AMD EPYC-Milan Processor",32,"Linux 7.0.0-27-generic x86_64","15.2.0"," -O3 -DNDEBUG",32,100000,flecs,owned_delete,,32,500,8,195.030315
khanvm1,"AMD EPYC-Milan Processor",32,"Linux 7.0.0-27-generic x86_64","15.2.0"," -O3 -DNDEBUG",32,100000,flecs,owned_delete,,32,500,9,198.204869
khanvm1,"AMD EPYC-Milan Processor",32,"Linux 7.0.0-27-generic x86_64","15.2.0"," -O3 -DNDEBUG",32,100000,flecs,owned_delete,,32,500,10,195.143368
khanvm1,"AMD EPYC-Milan Processor",32,"Linux 7.0.0-27-generic x86_64","15.2.0"," -O3 -DNDEBUG",32,100000,pito,owned_delete,ecs_remove_owned,1,0,1,137.586187
khanvm1,"AMD EPYC-Milan Processor",32,"Linux 7.0.0-27-generic x86_64","15.2.0"," -O3 -DNDEBUG",32,100000,pito,owned_delete,ecs_remove_owned,1,0,2,140.416576
khanvm1,"AMD EPYC-Milan Processor",32,"Linux 7.0.0-27-generic x86_64","15.2.0"," -O3 -DNDEBUG",32,100000,pito,owned_delete,ecs_remove_owned,1,0,3,140.145983
khanvm1,"AMD EPYC-Milan Processor",32,"Linux 7.0.0-27-generic x86_64","15.2.0"," -O3 -DNDEBUG",32,100000,pito,owned_delete,ecs_remove_owned,1,0,4,139.636311
khanvm1,"AMD EPYC-Milan Processor",32,"Linux 7.0.0-27-generic x86_64","15.2.0"," -O3 -DNDEBUG",32,100000,pito,owned_delete,ecs_remove_owned,1,0,5,139.500199
khanvm1,"AMD EPYC-Milan Processor",32,"Linux 7.0.0-27-generic x86_64","15.2.0"," -O3 -DNDEBUG",32,100000,pito,owned_delete,ecs_remove_owned,1,0,6,138.182799
khanvm1,"AMD EPYC-Milan Processor",32,"Linux 7.0.0-27-generic x86_64","15.2.0"," -O3 -DNDEBUG",32,100000,pito,owned_delete,ecs_remove_owned,1,0,7,135.637082
khanvm1,"AMD EPYC-Milan Processor",32,"Linux 7.0.0-27-generic x86_64","15.2.0"," -O3 -DNDEBUG",32,100000,pito,owned_delete,ecs_remove_owned,1,0,8,141.005890
khanvm1,"AMD EPYC-Milan Processor",32,"Linux 7.0.0-27-generic x86_64","15.2.0"," -O3 -DNDEBUG",32,100000,pito,owned_delete,ecs_remove_owned,1,0,9,139.423639
khanvm1,"AMD EPYC-Milan Processor",32,"Linux 7.0.0-27-generic x86_64","15.2.0"," -O3 -DNDEBUG",32,100000,pito,owned_delete,ecs_remove_owned,1,0,10,137.710427
khanvm1,"AMD EPYC-Milan Processor",32,"Linux 7.0.0-27-generic x86_64","15.2.0"," -O3 -DNDEBUG",32,100000,pito,owned_delete,ecs_remove_owned,1,10,1,150.896550
khanvm1,"AMD EPYC-Milan Processor",32,"Linux 7.0.0-27-generic x86_64","15.2.0"," -O3 -DNDEBUG",32,100000,pito,owned_delete,ecs_remove_owned,1,10,2,152.952155
khanvm1,"AMD EPYC-Milan Processor",32,"Linux 7.0.0-27-generic x86_64","15.2.0"," -O3 -DNDEBUG",32,100000,pito,owned_delete,ecs_remove_owned,1,10,3,152.443374
khanvm1,"AMD EPYC-Milan Processor",32,"Linux 7.0.0-27-generic x86_64","15.2.0"," -O3 -DNDEBUG",32,100000,pito,owned_delete,ecs_remove_owned,1,10,4,150.917601
khanvm1,"AMD EPYC-Milan Processor",32,"Linux 7.0.0-27-generic x86_64","15.2.0"," -O3 -DNDEBUG",32,100000,pito,owned_delete,ecs_remove_owned,1,10,5,150.793891
khanvm1,"AMD EPYC-Milan Processor",32,"Linux 7.0.0-27-generic x86_64","15.2.0"," -O3 -DNDEBUG",32,100000,pito,owned_delete,ecs_remove_owned,1,10,6,150.708342
khanvm1,"AMD EPYC-Milan Processor",32,"Linux 7.0.0-27-generic x86_64","15.2.0"," -O3 -DNDEBUG",32,100000,pito,owned_delete,ecs_remove_owned,1,10,7,150.767640
khanvm1,"AMD EPYC-Milan Processor",32,"Linux 7.0.0-27-generic x86_64","15.2.0"," -O3 -DNDEBUG",32,100000,pito,owned_delete,ecs_remove_owned,1,10,8,152.635194
khanvm1,"AMD EPYC-Milan Processor",32,"Linux 7.0.0-27-generic x86_64","15.2.0"," -O3 -DNDEBUG",32,100000,pito,owned_delete,ecs_remove_owned,1,10,9,152.859406
khanvm1,"AMD EPYC-Milan Processor",32,"Linux 7.0.0-27-generic x86_64","15.2.0"," -O3 -DNDEBUG",32,100000,pito,owned_delete,ecs_remove_owned,1,10,10,148.454052
khanvm1,"AMD EPYC-Milan Processor",32,"Linux 7.0.0-27-generic x86_64","15.2.0"," -O3 -DNDEBUG",32,100000,pito,owned_delete,ecs_remove_owned,1,500,1,3222.159675
khanvm1,"AMD EPYC-Milan Processor",32,"Linux 7.0.0-27-generic x86_64","15.2.0"," -O3 -DNDEBUG",32,100000,pito,owned_delete,ecs_remove_owned,1,500,2,3220.540413
khanvm1,"AMD EPYC-Milan Processor",32,"Linux 7.0.0-27-generic x86_64","15.2.0"," -O3 -DNDEBUG",32,100000,pito,owned_delete,ecs_remove_owned,1,500,3,3220.077451
khanvm1,"AMD EPYC-Milan Processor",32,"Linux 7.0.0-27-generic x86_64","15.2.0"," -O3 -DNDEBUG",32,100000,pito,owned_delete,ecs_remove_owned,1,500,4,3222.557157
khanvm1,"AMD EPYC-Milan Processor",32,"Linux 7.0.0-27-generic x86_64","15.2.0"," -O3 -DNDEBUG",32,100000,pito,owned_delete,ecs_remove_owned,1,500,5,3222.627449
khanvm1,"AMD EPYC-Milan Processor",32,"Linux 7.0.0-27-generic x86_64","15.2.0"," -O3 -DNDEBUG",32,100000,pito,owned_delete,ecs_remove_owned,1,500,6,3221.655331
khanvm1,"AMD EPYC-Milan Processor",32,"Linux 7.0.0-27-generic x86_64","15.2.0"," -O3 -DNDEBUG",32,100000,pito,owned_delete,ecs_remove_owned,1,500,7,3227.524564
khanvm1,"AMD EPYC-Milan Processor",32,"Linux 7.0.0-27-generic x86_64","15.2.0"," -O3 -DNDEBUG",32,100000,pito,owned_delete,ecs_remove_owned,1,500,8,3221.044568
khanvm1,"AMD EPYC-Milan Processor",32,"Linux 7.0.0-27-generic x86_64","15.2.0"," -O3 -DNDEBUG",32,100000,pito,owned_delete,ecs_remove_owned,1,500,9,3220.689145
khanvm1,"AMD EPYC-Milan Processor",32,"Linux 7.0.0-27-generic x86_64","15.2.0"," -O3 -DNDEBUG",32,100000,pito,owned_delete,ecs_remove_owned,1,500,10,3222.432997
khanvm1,"AMD EPYC-Milan Processor",32,"Linux 7.0.0-27-generic x86_64","15.2.0"," -O3 -DNDEBUG",32,100000,pito,owned_delete,ecs_remove_owned,2,0,1,466.241980
khanvm1,"AMD EPYC-Milan Processor",32,"Linux 7.0.0-27-generic x86_64","15.2.0"," -O3 -DNDEBUG",32,100000,pito,owned_delete,ecs_remove_owned,2,0,2,438.009129
khanvm1,"AMD EPYC-Milan Processor",32,"Linux 7.0.0-27-generic x86_64","15.2.0"," -O3 -DNDEBUG",32,100000,pito,owned_delete,ecs_remove_owned,2,0,3,443.167906
khanvm1,"AMD EPYC-Milan Processor",32,"Linux 7.0.0-27-generic x86_64","15.2.0"," -O3 -DNDEBUG",32,100000,pito,owned_delete,ecs_remove_owned,2,0,4,422.305817
khanvm1,"AMD EPYC-Milan Processor",32,"Linux 7.0.0-27-generic x86_64","15.2.0"," -O3 -DNDEBUG",32,100000,pito,owned_delete,ecs_remove_owned,2,0,5,394.052692
khanvm1,"AMD EPYC-Milan Processor",32,"Linux 7.0.0-27-generic x86_64","15.2.0"," -O3 -DNDEBUG",32,100000,pito,owned_delete,ecs_remove_owned,2,0,6,455.347980
khanvm1,"AMD EPYC-Milan Processor",32,"Linux 7.0.0-27-generic x86_64","15.2.0"," -O3 -DNDEBUG",32,100000,pito,owned_delete,ecs_remove_owned,2,0,7,443.318007
khanvm1,"AMD EPYC-Milan Processor",32,"Linux 7.0.0-27-generic x86_64","15.2.0"," -O3 -DNDEBUG",32,100000,pito,owned_delete,ecs_remove_owned,2,0,8,474.789401
khanvm1,"AMD EPYC-Milan Processor",32,"Linux 7.0.0-27-generic x86_64","15.2.0"," -O3 -DNDEBUG",32,100000,pito,owned_delete,ecs_remove_owned,2,0,9,446.399448
khanvm1,"AMD EPYC-Milan Processor",32,"Linux 7.0.0-27-generic x86_64","15.2.0"," -O3 -DNDEBUG",32,100000,pito,owned_delete,ecs_remove_owned,2,0,10,463.488831
khanvm1,"AMD EPYC-Milan Processor",32,"Linux 7.0.0-27-generic x86_64","15.2.0"," -O3 -DNDEBUG",32,100000,pito,owned_delete,ecs_remove_owned,2,0,11,461.765549
khanvm1,"AMD EPYC-Milan Processor",32,"Linux 7.0.0-27-generic x86_64","15.2.0"," -O3 -DNDEBUG",32,100000,pito,owned_delete,ecs_remove_owned,2,0,12,449.884943
khanvm1,"AMD EPYC-Milan Processor",32,"Linux 7.0.0-27-generic x86_64","15.2.0"," -O3 -DNDEBUG",32,100000,pito,owned_delete,ecs_remove_owned,2,0,13,480.240370
khanvm1,"AMD EPYC-Milan Processor",32,"Linux 7.0.0-27-generic x86_64","15.2.0"," -O3 -DNDEBUG",32,100000,pito,owned_delete,ecs_remove_owned,2,0,14,441.615514
khanvm1,"AMD EPYC-Milan Processor",32,"Linux 7.0.0-27-generic x86_64","15.2.0"," -O3 -DNDEBUG",32,100000,pito,owned_delete,ecs_remove_owned,2,10,1,462.691844
khanvm1,"AMD EPYC-Milan Processor",32,"Linux 7.0.0-27-generic x86_64","15.2.0"," -O3 -DNDEBUG",32,100000,pito,owned_delete,ecs_remove_owned,2,10,2,462.093440
khanvm1,"AMD EPYC-Milan Processor",32,"Linux 7.0.0-27-generic x86_64","15.2.0"," -O3 -DNDEBUG",32,100000,pito,owned_delete,ecs_remove_owned,2,10,3,462.096181
khanvm1,"AMD EPYC-Milan Processor",32,"Linux 7.0.0-27-generic x86_64","15.2.0"," -O3 -DNDEBUG",32,100000,pito,owned_delete,ecs_remove_owned,2,10,4,486.805717
khanvm1,"AMD EPYC-Milan Processor",32,"Linux 7.0.0-27-generic x86_64","15.2.0"," -O3 -DNDEBUG",32,100000,pito,owned_delete,ecs_remove_owned,2,10,5,451.664036
khanvm1,"AMD EPYC-Milan Processor",32,"Linux 7.0.0-27-generic x86_64","15.2.0"," -O3 -DNDEBUG",32,100000,pito,owned_delete,ecs_remove_owned,2,10,6,459.286419
khanvm1,"AMD EPYC-Milan Processor",32,"Linux 7.0.0-27-generic x86_64","15.2.0"," -O3 -DNDEBUG",32,100000,pito,owned_delete,ecs_remove_owned,2,10,7,455.395203
khanvm1,"AMD EPYC-Milan Processor",32,"Linux 7.0.0-27-generic x86_64","15.2.0"," -O3 -DNDEBUG",32,100000,pito,owned_delete,ecs_remove_owned,2,10,8,462.231002
khanvm1,"AMD EPYC-Milan Processor",32,"Linux 7.0.0-27-generic x86_64","15.2.0"," -O3 -DNDEBUG",32,100000,pito,owned_delete,ecs_remove_owned,2,10,9,448.155551
khanvm1,"AMD EPYC-Milan Processor",32,"Linux 7.0.0-27-generic x86_64","15.2.0"," -O3 -DNDEBUG",32,100000,pito,owned_delete,ecs_remove_owned,2,10,10,416.828386
khanvm1,"AMD EPYC-Milan Processor",32,"Linux 7.0.0-27-generic x86_64","15.2.0"," -O3 -DNDEBUG",32,100000,pito,owned_delete,ecs_remove_owned,2,10,11,417.353281
khanvm1,"AMD EPYC-Milan Processor",32,"Linux 7.0.0-27-generic x86_64","15.2.0"," -O3 -DNDEBUG",32,100000,pito,owned_delete,ecs_remove_owned,2,10,12,490.539495
khanvm1,"AMD EPYC-Milan Processor",32,"Linux 7.0.0-27-generic x86_64","15.2.0"," -O3 -DNDEBUG",32,100000,pito,owned_delete,ecs_remove_owned,2,10,13,405.066361
khanvm1,"AMD EPYC-Milan Processor",32,"Linux 7.0.0-27-generic x86_64","15.2.0"," -O3 -DNDEBUG",32,100000,pito,owned_delete,ecs_remove_owned,2,10,14,424.002347
khanvm1,"AMD EPYC-Milan Processor",32,"Linux 7.0.0-27-generic x86_64","15.2.0"," -O3 -DNDEBUG",32,100000,pito,owned_delete,ecs_remove_owned,2,10,15,376.964531
khanvm1,"AMD EPYC-Milan Processor",32,"Linux 7.0.0-27-generic x86_64","15.2.0"," -O3 -DNDEBUG",32,100000,pito,owned_delete,ecs_remove_owned,2,10,16,463.293009
khanvm1,"AMD EPYC-Milan Processor",32,"Linux 7.0.0-27-generic x86_64","15.2.0"," -O3 -DNDEBUG",32,100000,pito,owned_delete,ecs_remove_owned,2,10,17,437.377185
khanvm1,"AMD EPYC-Milan Processor",32,"Linux 7.0.0-27-generic x86_64","15.2.0"," -O3 -DNDEBUG",32,100000,pito,owned_delete,ecs_remove_owned,2,10,18,430.236672
khanvm1,"AMD EPYC-Milan Processor",32,"Linux 7.0.0-27-generic x86_64","15.2.0"," -O3 -DNDEBUG",32,100000,pito,owned_delete,ecs_remove_owned,2,10,19,439.627369
khanvm1,"AMD EPYC-Milan Processor",32,"Linux 7.0.0-27-generic x86_64","15.2.0"," -O3 -DNDEBUG",32,100000,pito,owned_delete,ecs_remove_owned,2,10,20,452.955766
khanvm1,"AMD EPYC-Milan Processor",32,"Linux 7.0.0-27-generic x86_64","15.2.0"," -O3 -DNDEBUG",32,100000,pito,owned_delete,ecs_remove_owned,2,10,21,435.212778
khanvm1,"AMD EPYC-Milan Processor",32,"Linux 7.0.0-27-generic x86_64","15.2.0"," -O3 -DNDEBUG",32,100000,pito,owned_delete,ecs_remove_owned,2,500,1,2044.292027
khanvm1,"AMD EPYC-Milan Processor",32,"Linux 7.0.0-27-generic x86_64","15.2.0"," -O3 -DNDEBUG",32,100000,pito,owned_delete,ecs_remove_owned,2,500,2,2021.521623
khanvm1,"AMD EPYC-Milan Processor",32,"Linux 7.0.0-27-generic x86_64","15.2.0"," -O3 -DNDEBUG",32,100000,pito,owned_delete,ecs_remove_owned,2,500,3,2032.705793
khanvm1,"AMD EPYC-Milan Processor",32,"Linux 7.0.0-27-generic x86_64","15.2.0"," -O3 -DNDEBUG",32,100000,pito,owned_delete,ecs_remove_owned,2,500,4,2041.769068
khanvm1,"AMD EPYC-Milan Processor",32,"Linux 7.0.0-27-generic x86_64","15.2.0"," -O3 -DNDEBUG",32,100000,pito,owned_delete,ecs_remove_owned,2,500,5,2056.163641
khanvm1,"AMD EPYC-Milan Processor",32,"Linux 7.0.0-27-generic x86_64","15.2.0"," -O3 -DNDEBUG",32,100000,pito,owned_delete,ecs_remove_owned,2,500,6,2034.249714
khanvm1,"AMD EPYC-Milan Processor",32,"Linux 7.0.0-27-generic x86_64","15.2.0"," -O3 -DNDEBUG",32,100000,pito,owned_delete,ecs_remove_owned,2,500,7,2058.039353
khanvm1,"AMD EPYC-Milan Processor",32,"Linux 7.0.0-27-generic x86_64","15.2.0"," -O3 -DNDEBUG",32,100000,pito,owned_delete,ecs_remove_owned,2,500,8,2052.314233
khanvm1,"AMD EPYC-Milan Processor",32,"Linux 7.0.0-27-generic x86_64","15.2.0"," -O3 -DNDEBUG",32,100000,pito,owned_delete,ecs_remove_owned,2,500,9,2057.061758
khanvm1,"AMD EPYC-Milan Processor",32,"Linux 7.0.0-27-generic x86_64","15.2.0"," -O3 -DNDEBUG",32,100000,pito,owned_delete,ecs_remove_owned,2,500,10,2055.215184
khanvm1,"AMD EPYC-Milan Processor",32,"Linux 7.0.0-27-generic x86_64","15.2.0"," -O3 -DNDEBUG",32,100000,pito,owned_delete,ecs_remove_owned,4,0,1,497.987527
khanvm1,"AMD EPYC-Milan Processor",32,"Linux 7.0.0-27-generic x86_64","15.2.0"," -O3 -DNDEBUG",32,100000,pito,owned_delete,ecs_remove_owned,4,0,2,507.162113
khanvm1,"AMD EPYC-Milan Processor",32,"Linux 7.0.0-27-generic x86_64","15.2.0"," -O3 -DNDEBUG",32,100000,pito,owned_delete,ecs_remove_owned,4,0,3,496.596407
khanvm1,"AMD EPYC-Milan Processor",32,"Linux 7.0.0-27-generic x86_64","15.2.0"," -O3 -DNDEBUG",32,100000,pito,owned_delete,ecs_remove_owned,4,0,4,510.098934
khanvm1,"AMD EPYC-Milan Processor",32,"Linux 7.0.0-27-generic x86_64","15.2.0"," -O3 -DNDEBUG",32,100000,pito,owned_delete,ecs_remove_owned,4,0,5,492.690930
khanvm1,"AMD EPYC-Milan Processor",32,"Linux 7.0.0-27-generic x86_64","15.2.0"," -O3 -DNDEBUG",32,100000,pito,owned_delete,ecs_remove_owned,4,0,6,497.195983
khanvm1,"AMD EPYC-Milan Processor",32,"Linux 7.0.0-27-generic x86_64","15.2.0"," -O3 -DNDEBUG",32,100000,pito,owned_delete,ecs_remove_owned,4,0,7,487.522833
khanvm1,"AMD EPYC-Milan Processor",32,"Linux 7.0.0-27-generic x86_64","15.2.0"," -O3 -DNDEBUG",32,100000,pito,owned_delete,ecs_remove_owned,4,0,8,494.136391
khanvm1,"AMD EPYC-Milan Processor",32,"Linux 7.0.0-27-generic x86_64","15.2.0"," -O3 -DNDEBUG",32,100000,pito,owned_delete,ecs_remove_owned,4,0,9,489.802668
khanvm1,"AMD EPYC-Milan Processor",32,"Linux 7.0.0-27-generic x86_64","15.2.0"," -O3 -DNDEBUG",32,100000,pito,owned_delete,ecs_remove_owned,4,0,10,477.372130
khanvm1,"AMD EPYC-Milan Processor",32,"Linux 7.0.0-27-generic x86_64","15.2.0"," -O3 -DNDEBUG",32,100000,pito,owned_delete,ecs_remove_owned,4,10,1,659.753397
khanvm1,"AMD EPYC-Milan Processor",32,"Linux 7.0.0-27-generic x86_64","15.2.0"," -O3 -DNDEBUG",32,100000,pito,owned_delete,ecs_remove_owned,4,10,2,637.857640
khanvm1,"AMD EPYC-Milan Processor",32,"Linux 7.0.0-27-generic x86_64","15.2.0"," -O3 -DNDEBUG",32,100000,pito,owned_delete,ecs_remove_owned,4,10,3,641.439496
khanvm1,"AMD EPYC-Milan Processor",32,"Linux 7.0.0-27-generic x86_64","15.2.0"," -O3 -DNDEBUG",32,100000,pito,owned_delete,ecs_remove_owned,4,10,4,650.946104
khanvm1,"AMD EPYC-Milan Processor",32,"Linux 7.0.0-27-generic x86_64","15.2.0"," -O3 -DNDEBUG",32,100000,pito,owned_delete,ecs_remove_owned,4,10,5,632.762215
khanvm1,"AMD EPYC-Milan Processor",32,"Linux 7.0.0-27-generic x86_64","15.2.0"," -O3 -DNDEBUG",32,100000,pito,owned_delete,ecs_remove_owned,4,10,6,632.661433
khanvm1,"AMD EPYC-Milan Processor",32,"Linux 7.0.0-27-generic x86_64","15.2.0"," -O3 -DNDEBUG",32,100000,pito,owned_delete,ecs_remove_owned,4,10,7,634.658156
khanvm1,"AMD EPYC-Milan Processor",32,"Linux 7.0.0-27-generic x86_64","15.2.0"," -O3 -DNDEBUG",32,100000,pito,owned_delete,ecs_remove_owned,4,10,8,636.390888
khanvm1,"AMD EPYC-Milan Processor",32,"Linux 7.0.0-27-generic x86_64","15.2.0"," -O3 -DNDEBUG",32,100000,pito,owned_delete,ecs_remove_owned,4,10,9,637.239104
khanvm1,"AMD EPYC-Milan Processor",32,"Linux 7.0.0-27-generic x86_64","15.2.0"," -O3 -DNDEBUG",32,100000,pito,owned_delete,ecs_remove_owned,4,10,10,641.518126
khanvm1,"AMD EPYC-Milan Processor",32,"Linux 7.0.0-27-generic x86_64","15.2.0"," -O3 -DNDEBUG",32,100000,pito,owned_delete,ecs_remove_owned,4,500,1,1043.562137
khanvm1,"AMD EPYC-Milan Processor",32,"Linux 7.0.0-27-generic x86_64","15.2.0"," -O3 -DNDEBUG",32,100000,pito,owned_delete,ecs_remove_owned,4,500,2,1053.291656
khanvm1,"AMD EPYC-Milan Processor",32,"Linux 7.0.0-27-generic x86_64","15.2.0"," -O3 -DNDEBUG",32,100000,pito,owned_delete,ecs_remove_owned,4,500,3,1042.435279
khanvm1,"AMD EPYC-Milan Processor",32,"Linux 7.0.0-27-generic x86_64","15.2.0"," -O3 -DNDEBUG",32,100000,pito,owned_delete,ecs_remove_owned,4,500,4,1066.543421
khanvm1,"AMD EPYC-Milan Processor",32,"Linux 7.0.0-27-generic x86_64","15.2.0"," -O3 -DNDEBUG",32,100000,pito,owned_delete,ecs_remove_owned,4,500,5,1052.276679
khanvm1,"AMD EPYC-Milan Processor",32,"Linux 7.0.0-27-generic x86_64","15.2.0"," -O3 -DNDEBUG",32,100000,pito,owned_delete,ecs_remove_owned,4,500,6,1056.030756
khanvm1,"AMD EPYC-Milan Processor",32,"Linux 7.0.0-27-generic x86_64","15.2.0"," -O3 -DNDEBUG",32,100000,pito,owned_delete,ecs_remove_owned,4,500,7,1057.735289
khanvm1,"AMD EPYC-Milan Processor",32,"Linux 7.0.0-27-generic x86_64","15.2.0"," -O3 -DNDEBUG",32,100000,pito,owned_delete,ecs_remove_owned,4,500,8,1046.252296
khanvm1,"AMD EPYC-Milan Processor",32,"Linux 7.0.0-27-generic x86_64","15.2.0"," -O3 -DNDEBUG",32,100000,pito,owned_delete,ecs_remove_owned,4,500,9,1031.926843
khanvm1,"AMD EPYC-Milan Processor",32,"Linux 7.0.0-27-generic x86_64","15.2.0"," -O3 -DNDEBUG",32,100000,pito,owned_delete,ecs_remove_owned,4,500,10,1051.504213
khanvm1,"AMD EPYC-Milan Processor",32,"Linux 7.0.0-27-generic x86_64","15.2.0"," -O3 -DNDEBUG",32,100000,pito,owned_delete,ecs_remove_owned,8,0,1,828.580166
khanvm1,"AMD EPYC-Milan Processor",32,"Linux 7.0.0-27-generic x86_64","15.2.0"," -O3 -DNDEBUG",32,100000,pito,owned_delete,ecs_remove_owned,8,0,2,838.764420
khanvm1,"AMD EPYC-Milan Processor",32,"Linux 7.0.0-27-generic x86_64","15.2.0"," -O3 -DNDEBUG",32,100000,pito,owned_delete,ecs_remove_owned,8,0,3,827.187526
khanvm1,"AMD EPYC-Milan Processor",32,"Linux 7.0.0-27-generic x86_64","15.2.0"," -O3 -DNDEBUG",32,100000,pito,owned_delete,ecs_remove_owned,8,0,4,832.051930
khanvm1,"AMD EPYC-Milan Processor",32,"Linux 7.0.0-27-generic x86_64","15.2.0"," -O3 -DNDEBUG",32,100000,pito,owned_delete,ecs_remove_owned,8,0,5,827.394988
khanvm1,"AMD EPYC-Milan Processor",32,"Linux 7.0.0-27-generic x86_64","15.2.0"," -O3 -DNDEBUG",32,100000,pito,owned_delete,ecs_remove_owned,8,0,6,838.748379
khanvm1,"AMD EPYC-Milan Processor",32,"Linux 7.0.0-27-generic x86_64","15.2.0"," -O3 -DNDEBUG",32,100000,pito,owned_delete,ecs_remove_owned,8,0,7,839.461325
khanvm1,"AMD EPYC-Milan Processor",32,"Linux 7.0.0-27-generic x86_64","15.2.0"," -O3 -DNDEBUG",32,100000,pito,owned_delete,ecs_remove_owned,8,0,8,839.543095
khanvm1,"AMD EPYC-Milan Processor",32,"Linux 7.0.0-27-generic x86_64","15.2.0"," -O3 -DNDEBUG",32,100000,pito,owned_delete,ecs_remove_owned,8,0,9,835.161073
khanvm1,"AMD EPYC-Milan Processor",32,"Linux 7.0.0-27-generic x86_64","15.2.0"," -O3 -DNDEBUG",32,100000,pito,owned_delete,ecs_remove_owned,8,0,10,836.939226
khanvm1,"AMD EPYC-Milan Processor",32,"Linux 7.0.0-27-generic x86_64","15.2.0"," -O3 -DNDEBUG",32,100000,pito,owned_delete,ecs_remove_owned,8,10,1,915.121766
khanvm1,"AMD EPYC-Milan Processor",32,"Linux 7.0.0-27-generic x86_64","15.2.0"," -O3 -DNDEBUG",32,100000,pito,owned_delete,ecs_remove_owned,8,10,2,933.081175
khanvm1,"AMD EPYC-Milan Processor",32,"Linux 7.0.0-27-generic x86_64","15.2.0"," -O3 -DNDEBUG",32,100000,pito,owned_delete,ecs_remove_owned,8,10,3,934.155132
khanvm1,"AMD EPYC-Milan Processor",32,"Linux 7.0.0-27-generic x86_64","15.2.0"," -O3 -DNDEBUG",32,100000,pito,owned_delete,ecs_remove_owned,8,10,4,940.668920
khanvm1,"AMD EPYC-Milan Processor",32,"Linux 7.0.0-27-generic x86_64","15.2.0"," -O3 -DNDEBUG",32,100000,pito,owned_delete,ecs_remove_owned,8,10,5,928.886615
khanvm1,"AMD EPYC-Milan Processor",32,"Linux 7.0.0-27-generic x86_64","15.2.0"," -O3 -DNDEBUG",32,100000,pito,owned_delete,ecs_remove_owned,8,10,6,933.663638
khanvm1,"AMD EPYC-Milan Processor",32,"Linux 7.0.0-27-generic x86_64","15.2.0"," -O3 -DNDEBUG",32,100000,pito,owned_delete,ecs_remove_owned,8,10,7,936.119587
khanvm1,"AMD EPYC-Milan Processor",32,"Linux 7.0.0-27-generic x86_64","15.2.0"," -O3 -DNDEBUG",32,100000,pito,owned_delete,ecs_remove_owned,8,10,8,936.282388
khanvm1,"AMD EPYC-Milan Processor",32,"Linux 7.0.0-27-generic x86_64","15.2.0"," -O3 -DNDEBUG",32,100000,pito,owned_delete,ecs_remove_owned,8,10,9,916.992640
khanvm1,"AMD EPYC-Milan Processor",32,"Linux 7.0.0-27-generic x86_64","15.2.0"," -O3 -DNDEBUG",32,100000,pito,owned_delete,ecs_remove_owned,8,10,10,932.523380
khanvm1,"AMD EPYC-Milan Processor",32,"Linux 7.0.0-27-generic x86_64","15.2.0"," -O3 -DNDEBUG",32,100000,pito,owned_delete,ecs_remove_owned,8,500,1,1424.048952
khanvm1,"AMD EPYC-Milan Processor",32,"Linux 7.0.0-27-generic x86_64","15.2.0"," -O3 -DNDEBUG",32,100000,pito,owned_delete,ecs_remove_owned,8,500,2,1133.635461
khanvm1,"AMD EPYC-Milan Processor",32,"Linux 7.0.0-27-generic x86_64","15.2.0"," -O3 -DNDEBUG",32,100000,pito,owned_delete,ecs_remove_owned,8,500,3,1114.520235
khanvm1,"AMD EPYC-Milan Processor",32,"Linux 7.0.0-27-generic x86_64","15.2.0"," -O3 -DNDEBUG",32,100000,pito,owned_delete,ecs_remove_owned,8,500,4,1121.980780
khanvm1,"AMD EPYC-Milan Processor",32,"Linux 7.0.0-27-generic x86_64","15.2.0"," -O3 -DNDEBUG",32,100000,pito,owned_delete,ecs_remove_owned,8,500,5,1122.030108
khanvm1,"AMD EPYC-Milan Processor",32,"Linux 7.0.0-27-generic x86_64","15.2.0"," -O3 -DNDEBUG",32,100000,pito,owned_delete,ecs_remove_owned,8,500,6,1121.274233
khanvm1,"AMD EPYC-Milan Processor",32,"Linux 7.0.0-27-generic x86_64","15.2.0"," -O3 -DNDEBUG",32,100000,pito,owned_delete,ecs_remove_owned,8,500,7,1139.116602
khanvm1,"AMD EPYC-Milan Processor",32,"Linux 7.0.0-27-generic x86_64","15.2.0"," -O3 -DNDEBUG",32,100000,pito,owned_delete,ecs_remove_owned,8,500,8,1204.481130
khanvm1,"AMD EPYC-Milan Processor",32,"Linux 7.0.0-27-generic x86_64","15.2.0"," -O3 -DNDEBUG",32,100000,pito,owned_delete,ecs_remove_owned,8,500,9,1210.318071
khanvm1,"AMD EPYC-Milan Processor",32,"Linux 7.0.0-27-generic x86_64","15.2.0"," -O3 -DNDEBUG",32,100000,pito,owned_delete,ecs_remove_owned,8,500,10,1159.330795
khanvm1,"AMD EPYC-Milan Processor",32,"Linux 7.0.0-27-generic x86_64","15.2.0"," -O3 -DNDEBUG",32,100000,pito,owned_delete,ecs_remove_owned,8,500,11,1122.526922
khanvm1,"AMD EPYC-Milan Processor",32,"Linux 7.0.0-27-generic x86_64","15.2.0"," -O3 -DNDEBUG",32,100000,pito,owned_delete,ecs_remove_owned,8,500,12,1089.524585
khanvm1,"AMD EPYC-Milan Processor",32,"Linux 7.0.0-27-generic x86_64","15.2.0"," -O3 -DNDEBUG",32,100000,pito,owned_delete,ecs_remove_owned,8,500,13,1144.313478
khanvm1,"AMD EPYC-Milan Processor",32,"Linux 7.0.0-27-generic x86_64","15.2.0"," -O3 -DNDEBUG",32,100000,pito,owned_delete,ecs_remove_owned,8,500,14,1181.805517
khanvm1,"AMD EPYC-Milan Processor",32,"Linux 7.0.0-27-generic x86_64","15.2.0"," -O3 -DNDEBUG",32,100000,pito,owned_delete,ecs_remove_owned,8,500,15,1125.146172
khanvm1,"AMD EPYC-Milan Processor",32,"Linux 7.0.0-27-generic x86_64","15.2.0"," -O3 -DNDEBUG",32,100000,pito,owned_delete,ecs_remove_owned,8,500,16,1038.069067
khanvm1,"AMD EPYC-Milan Processor",32,"Linux 7.0.0-27-generic x86_64","15.2.0"," -O3 -DNDEBUG",32,100000,pito,owned_delete,ecs_remove_owned,16,0,1,873.557650
khanvm1,"AMD EPYC-Milan Processor",32,"Linux 7.0.0-27-generic x86_64","15.2.0"," -O3 -DNDEBUG",32,100000,pito,owned_delete,ecs_remove_owned,16,0,2,875.907655
khanvm1,"AMD EPYC-Milan Processor",32,"Linux 7.0.0-27-generic x86_64","15.2.0"," -O3 -DNDEBUG",32,100000,pito,owned_delete,ecs_remove_owned,16,0,3,874.155883
khanvm1,"AMD EPYC-Milan Processor",32,"Linux 7.0.0-27-generic x86_64","15.2.0"," -O3 -DNDEBUG",32,100000,pito,owned_delete,ecs_remove_owned,16,0,4,888.442016
khanvm1,"AMD EPYC-Milan Processor",32,"Linux 7.0.0-27-generic x86_64","15.2.0"," -O3 -DNDEBUG",32,100000,pito,owned_delete,ecs_remove_owned,16,0,5,883.385788
khanvm1,"AMD EPYC-Milan Processor",32,"Linux 7.0.0-27-generic x86_64","15.2.0"," -O3 -DNDEBUG",32,100000,pito,owned_delete,ecs_remove_owned,16,0,6,893.000519
khanvm1,"AMD EPYC-Milan Processor",32,"Linux 7.0.0-27-generic x86_64","15.2.0"," -O3 -DNDEBUG",32,100000,pito,owned_delete,ecs_remove_owned,16,0,7,884.372446
khanvm1,"AMD EPYC-Milan Processor",32,"Linux 7.0.0-27-generic x86_64","15.2.0"," -O3 -DNDEBUG",32,100000,pito,owned_delete,ecs_remove_owned,16,0,8,892.086571
khanvm1,"AMD EPYC-Milan Processor",32,"Linux 7.0.0-27-generic x86_64","15.2.0"," -O3 -DNDEBUG",32,100000,pito,owned_delete,ecs_remove_owned,16,0,9,898.211316
khanvm1,"AMD EPYC-Milan Processor",32,"Linux 7.0.0-27-generic x86_64","15.2.0"," -O3 -DNDEBUG",32,100000,pito,owned_delete,ecs_remove_owned,16,0,10,899.451064
khanvm1,"AMD EPYC-Milan Processor",32,"Linux 7.0.0-27-generic x86_64","15.2.0"," -O3 -DNDEBUG",32,100000,pito,owned_delete,ecs_remove_owned,16,10,1,943.553159
khanvm1,"AMD EPYC-Milan Processor",32,"Linux 7.0.0-27-generic x86_64","15.2.0"," -O3 -DNDEBUG",32,100000,pito,owned_delete,ecs_remove_owned,16,10,2,945.281252
khanvm1,"AMD EPYC-Milan Processor",32,"Linux 7.0.0-27-generic x86_64","15.2.0"," -O3 -DNDEBUG",32,100000,pito,owned_delete,ecs_remove_owned,16,10,3,949.051700
khanvm1,"AMD EPYC-Milan Processor",32,"Linux 7.0.0-27-generic x86_64","15.2.0"," -O3 -DNDEBUG",32,100000,pito,owned_delete,ecs_remove_owned,16,10,4,949.477552
khanvm1,"AMD EPYC-Milan Processor",32,"Linux 7.0.0-27-generic x86_64","15.2.0"," -O3 -DNDEBUG",32,100000,pito,owned_delete,ecs_remove_owned,16,10,5,953.593362
khanvm1,"AMD EPYC-Milan Processor",32,"Linux 7.0.0-27-generic x86_64","15.2.0"," -O3 -DNDEBUG",32,100000,pito,owned_delete,ecs_remove_owned,16,10,6,962.305054
khanvm1,"AMD EPYC-Milan Processor",32,"Linux 7.0.0-27-generic x86_64","15.2.0"," -O3 -DNDEBUG",32,100000,pito,owned_delete,ecs_remove_owned,16,10,7,950.253639
khanvm1,"AMD EPYC-Milan Processor",32,"Linux 7.0.0-27-generic x86_64","15.2.0"," -O3 -DNDEBUG",32,100000,pito,owned_delete,ecs_remove_owned,16,10,8,954.074475
khanvm1,"AMD EPYC-Milan Processor",32,"Linux 7.0.0-27-generic x86_64","15.2.0"," -O3 -DNDEBUG",32,100000,pito,owned_delete,ecs_remove_owned,16,10,9,947.030156
khanvm1,"AMD EPYC-Milan Processor",32,"Linux 7.0.0-27-generic x86_64","15.2.0"," -O3 -DNDEBUG",32,100000,pito,owned_delete,ecs_remove_owned,16,10,10,952.342493
khanvm1,"AMD EPYC-Milan Processor",32,"Linux 7.0.0-27-generic x86_64","15.2.0"," -O3 -DNDEBUG",32,100000,pito,owned_delete,ecs_remove_owned,16,500,1,2073.070932
khanvm1,"AMD EPYC-Milan Processor",32,"Linux 7.0.0-27-generic x86_64","15.2.0"," -O3 -DNDEBUG",32,100000,pito,owned_delete,ecs_remove_owned,16,500,2,2067.579133
khanvm1,"AMD EPYC-Milan Processor",32,"Linux 7.0.0-27-generic x86_64","15.2.0"," -O3 -DNDEBUG",32,100000,pito,owned_delete,ecs_remove_owned,16,500,3,2062.996079
khanvm1,"AMD EPYC-Milan Processor",32,"Linux 7.0.0-27-generic x86_64","15.2.0"," -O3 -DNDEBUG",32,100000,pito,owned_delete,ecs_remove_owned,16,500,4,2152.818685
khanvm1,"AMD EPYC-Milan Processor",32,"Linux 7.0.0-27-generic x86_64","15.2.0"," -O3 -DNDEBUG",32,100000,pito,owned_delete,ecs_remove_owned,16,500,5,2141.247320
khanvm1,"AMD EPYC-Milan Processor",32,"Linux 7.0.0-27-generic x86_64","15.2.0"," -O3 -DNDEBUG",32,100000,pito,owned_delete,ecs_remove_owned,16,500,6,2148.980138
khanvm1,"AMD EPYC-Milan Processor",32,"Linux 7.0.0-27-generic x86_64","15.2.0"," -O3 -DNDEBUG",32,100000,pito,owned_delete,ecs_remove_owned,16,500,7,2142.716950
khanvm1,"AMD EPYC-Milan Processor",32,"Linux 7.0.0-27-generic x86_64","15.2.0"," -O3 -DNDEBUG",32,100000,pito,owned_delete,ecs_remove_owned,16,500,8,2155.057100
khanvm1,"AMD EPYC-Milan Processor",32,"Linux 7.0.0-27-generic x86_64","15.2.0"," -O3 -DNDEBUG",32,100000,pito,owned_delete,ecs_remove_owned,16,500,9,2117.797214
khanvm1,"AMD EPYC-Milan Processor",32,"Linux 7.0.0-27-generic x86_64","15.2.0"," -O3 -DNDEBUG",32,100000,pito,owned_delete,ecs_remove_owned,16,500,10,2128.958594
khanvm1,"AMD EPYC-Milan Processor",32,"Linux 7.0.0-27-generic x86_64","15.2.0"," -O3 -DNDEBUG",32,100000,pito,owned_delete,ecs_remove_owned,32,0,1,932.150608
khanvm1,"AMD EPYC-Milan Processor",32,"Linux 7.0.0-27-generic x86_64","15.2.0"," -O3 -DNDEBUG",32,100000,pito,owned_delete,ecs_remove_owned,32,0,2,952.350452
khanvm1,"AMD EPYC-Milan Processor",32,"Linux 7.0.0-27-generic x86_64","15.2.0"," -O3 -DNDEBUG",32,100000,pito,owned_delete,ecs_remove_owned,32,0,3,945.746826
khanvm1,"AMD EPYC-Milan Processor",32,"Linux 7.0.0-27-generic x86_64","15.2.0"," -O3 -DNDEBUG",32,100000,pito,owned_delete,ecs_remove_owned,32,0,4,964.386338
khanvm1,"AMD EPYC-Milan Processor",32,"Linux 7.0.0-27-generic x86_64","15.2.0"," -O3 -DNDEBUG",32,100000,pito,owned_delete,ecs_remove_owned,32,0,5,953.735863
khanvm1,"AMD EPYC-Milan Processor",32,"Linux 7.0.0-27-generic x86_64","15.2.0"," -O3 -DNDEBUG",32,100000,pito,owned_delete,ecs_remove_owned,32,0,6,947.355068
khanvm1,"AMD EPYC-Milan Processor",32,"Linux 7.0.0-27-generic x86_64","15.2.0"," -O3 -DNDEBUG",32,100000,pito,owned_delete,ecs_remove_owned,32,0,7,948.162263
khanvm1,"AMD EPYC-Milan Processor",32,"Linux 7.0.0-27-generic x86_64","15.2.0"," -O3 -DNDEBUG",32,100000,pito,owned_delete,ecs_remove_owned,32,0,8,945.054750
khanvm1,"AMD EPYC-Milan Processor",32,"Linux 7.0.0-27-generic x86_64","15.2.0"," -O3 -DNDEBUG",32,100000,pito,owned_delete,ecs_remove_owned,32,0,9,937.936860
khanvm1,"AMD EPYC-Milan Processor",32,"Linux 7.0.0-27-generic x86_64","15.2.0"," -O3 -DNDEBUG",32,100000,pito,owned_delete,ecs_remove_owned,32,0,10,949.131430
khanvm1,"AMD EPYC-Milan Processor",32,"Linux 7.0.0-27-generic x86_64","15.2.0"," -O3 -DNDEBUG",32,100000,pito,owned_delete,ecs_remove_owned,32,10,1,1022.165043
khanvm1,"AMD EPYC-Milan Processor",32,"Linux 7.0.0-27-generic x86_64","15.2.0"," -O3 -DNDEBUG",32,100000,pito,owned_delete,ecs_remove_owned,32,10,2,1017.610761
khanvm1,"AMD EPYC-Milan Processor",32,"Linux 7.0.0-27-generic x86_64","15.2.0"," -O3 -DNDEBUG",32,100000,pito,owned_delete,ecs_remove_owned,32,10,3,1021.100436
khanvm1,"AMD EPYC-Milan Processor",32,"Linux 7.0.0-27-generic x86_64","15.2.0"," -O3 -DNDEBUG",32,100000,pito,owned_delete,ecs_remove_owned,32,10,4,1010.179597
khanvm1,"AMD EPYC-Milan Processor",32,"Linux 7.0.0-27-generic x86_64","15.2.0"," -O3 -DNDEBUG",32,100000,pito,owned_delete,ecs_remove_owned,32,10,5,1019.269834
khanvm1,"AMD EPYC-Milan Processor",32,"Linux 7.0.0-27-generic x86_64","15.2.0"," -O3 -DNDEBUG",32,100000,pito,owned_delete,ecs_remove_owned,32,10,6,1023.003369
khanvm1,"AMD EPYC-Milan Processor",32,"Linux 7.0.0-27-generic x86_64","15.2.0"," -O3 -DNDEBUG",32,100000,pito,owned_delete,ecs_remove_owned,32,10,7,1008.359612
khanvm1,"AMD EPYC-Milan Processor",32,"Linux 7.0.0-27-generic x86_64","15.2.0"," -O3 -DNDEBUG",32,100000,pito,owned_delete,ecs_remove_owned,32,10,8,999.496112
khanvm1,"AMD EPYC-Milan Processor",32,"Linux 7.0.0-27-generic x86_64","15.2.0"," -O3 -DNDEBUG",32,100000,pito,owned_delete,ecs_remove_owned,32,10,9,1004.180345
khanvm1,"AMD EPYC-Milan Processor",32,"Linux 7.0.0-27-generic x86_64","15.2.0"," -O3 -DNDEBUG",32,100000,pito,owned_delete,ecs_remove_owned,32,10,10,1018.528818
khanvm1,"AMD EPYC-Milan Processor",32,"Linux 7.0.0-27-generic x86_64","15.2.0"," -O3 -DNDEBUG",32,100000,pito,owned_delete,ecs_remove_owned,32,500,1,1992.089842
khanvm1,"AMD EPYC-Milan Processor",32,"Linux 7.0.0-27-generic x86_64","15.2.0"," -O3 -DNDEBUG",32,100000,pito,owned_delete,ecs_remove_owned,32,500,2,2027.022862
khanvm1,"AMD EPYC-Milan Processor",32,"Linux 7.0.0-27-generic x86_64","15.2.0"," -O3 -DNDEBUG",32,100000,pito,owned_delete,ecs_remove_owned,32,500,3,2029.264938
khanvm1,"AMD EPYC-Milan Processor",32,"Linux 7.0.0-27-generic x86_64","15.2.0"," -O3 -DNDEBUG",32,100000,pito,owned_delete,ecs_remove_owned,32,500,4,2042.696374
khanvm1,"AMD EPYC-Milan Processor",32,"Linux 7.0.0-27-generic x86_64","15.2.0"," -O3 -DNDEBUG",32,100000,pito,owned_delete,ecs_remove_owned,32,500,5,2037.171106
khanvm1,"AMD EPYC-Milan Processor",32,"Linux 7.0.0-27-generic x86_64","15.2.0"," -O3 -DNDEBUG",32,100000,pito,owned_delete,ecs_remove_owned,32,500,6,2047.113407
khanvm1,"AMD EPYC-Milan Processor",32,"Linux 7.0.0-27-generic x86_64","15.2.0"," -O3 -DNDEBUG",32,100000,pito,owned_delete,ecs_remove_owned,32,500,7,2040.927522
khanvm1,"AMD EPYC-Milan Processor",32,"Linux 7.0.0-27-generic x86_64","15.2.0"," -O3 -DNDEBUG",32,100000,pito,owned_delete,ecs_remove_owned,32,500,8,2060.982496
khanvm1,"AMD EPYC-Milan Processor",32,"Linux 7.0.0-27-generic x86_64","15.2.0"," -O3 -DNDEBUG",32,100000,pito,owned_delete,ecs_remove_owned,32,500,9,2074.203691
khanvm1,"AMD EPYC-Milan Processor",32,"Linux 7.0.0-27-generic x86_64","15.2.0"," -O3 -DNDEBUG",32,100000,pito,owned_delete,ecs_remove_owned,32,500,10,2095.266661
khanvm1,"AMD EPYC-Milan Processor",32,"Linux 7.0.0-27-generic x86_64","15.2.0"," -O3 -DNDEBUG -DPITO_ECS_OWNED_DELETE_ATOMIC=1",32,100000,pito,owned_delete,ecs_remove_owned,1,0,1,110.199230
khanvm1,"AMD EPYC-Milan Processor",32,"Linux 7.0.0-27-generic x86_64","15.2.0"," -O3 -DNDEBUG -DPITO_ECS_OWNED_DELETE_ATOMIC=1",32,100000,pito,owned_delete,ecs_remove_owned,1,0,2,110.527452
khanvm1,"AMD EPYC-Milan Processor",32,"Linux 7.0.0-27-generic x86_64","15.2.0"," -O3 -DNDEBUG -DPITO_ECS_OWNED_DELETE_ATOMIC=1",32,100000,pito,owned_delete,ecs_remove_owned,1,0,3,111.284618
khanvm1,"AMD EPYC-Milan Processor",32,"Linux 7.0.0-27-generic x86_64","15.2.0"," -O3 -DNDEBUG -DPITO_ECS_OWNED_DELETE_ATOMIC=1",32,100000,pito,owned_delete,ecs_remove_owned,1,0,4,111.735880
khanvm1,"AMD EPYC-Milan Processor",32,"Linux 7.0.0-27-generic x86_64","15.2.0"," -O3 -DNDEBUG -DPITO_ECS_OWNED_DELETE_ATOMIC=1",32,100000,pito,owned_delete,ecs_remove_owned,1,0,5,110.544823
khanvm1,"AMD EPYC-Milan Processor",32,"Linux 7.0.0-27-generic x86_64","15.2.0"," -O3 -DNDEBUG -DPITO_ECS_OWNED_DELETE_ATOMIC=1",32,100000,pito,owned_delete,ecs_remove_owned,1,0,6,110.347919
khanvm1,"AMD EPYC-Milan Processor",32,"Linux 7.0.0-27-generic x86_64","15.2.0"," -O3 -DNDEBUG -DPITO_ECS_OWNED_DELETE_ATOMIC=1",32,100000,pito,owned_delete,ecs_remove_owned,1,0,7,110.181270
khanvm1,"AMD EPYC-Milan Processor",32,"Linux 7.0.0-27-generic x86_64","15.2.0"," -O3 -DNDEBUG -DPITO_ECS_OWNED_DELETE_ATOMIC=1",32,100000,pito,owned_delete,ecs_remove_owned,1,0,8,110.407911
khanvm1,"AMD EPYC-Milan Processor",32,"Linux 7.0.0-27-generic x86_64","15.2.0"," -O3 -DNDEBUG -DPITO_ECS_OWNED_DELETE_ATOMIC=1",32,100000,pito,owned_delete,ecs_remove_owned,1,0,9,110.291610
khanvm1,"AMD EPYC-Milan Processor",32,"Linux 7.0.0-27-generic x86_64","15.2.0"," -O3 -DNDEBUG -DPITO_ECS_OWNED_DELETE_ATOMIC=1",32,100000,pito,owned_delete,ecs_remove_owned,1,0,10,110.865715
khanvm1,"AMD EPYC-Milan Processor",32,"Linux 7.0.0-27-generic x86_64","15.2.0"," -O3 -DNDEBUG -DPITO_ECS_OWNED_DELETE_ATOMIC=1",32,100000,pito,owned_delete,ecs_remove_owned,1,10,1,132.374129
khanvm1,"AMD EPYC-Milan Processor",32,"Linux 7.0.0-27-generic x86_64","15.2.0"," -O3 -DNDEBUG -DPITO_ECS_OWNED_DELETE_ATOMIC=1",32,100000,pito,owned_delete,ecs_remove_owned,1,10,2,133.167153
khanvm1,"AMD EPYC-Milan Processor",32,"Linux 7.0.0-27-generic x86_64","15.2.0"," -O3 -DNDEBUG -DPITO_ECS_OWNED_DELETE_ATOMIC=1",32,100000,pito,owned_delete,ecs_remove_owned,1,10,3,131.822733
khanvm1,"AMD EPYC-Milan Processor",32,"Linux 7.0.0-27-generic x86_64","15.2.0"," -O3 -DNDEBUG -DPITO_ECS_OWNED_DELETE_ATOMIC=1",32,100000,pito,owned_delete,ecs_remove_owned,1,10,4,131.638652
khanvm1,"AMD EPYC-Milan Processor",32,"Linux 7.0.0-27-generic x86_64","15.2.0"," -O3 -DNDEBUG -DPITO_ECS_OWNED_DELETE_ATOMIC=1",32,100000,pito,owned_delete,ecs_remove_owned,1,10,5,131.705344
khanvm1,"AMD EPYC-Milan Processor",32,"Linux 7.0.0-27-generic x86_64","15.2.0"," -O3 -DNDEBUG -DPITO_ECS_OWNED_DELETE_ATOMIC=1",32,100000,pito,owned_delete,ecs_remove_owned,1,10,6,132.464028
khanvm1,"AMD EPYC-Milan Processor",32,"Linux 7.0.0-27-generic x86_64","15.2.0"," -O3 -DNDEBUG -DPITO_ECS_OWNED_DELETE_ATOMIC=1",32,100000,pito,owned_delete,ecs_remove_owned,1,10,7,131.394110
khanvm1,"AMD EPYC-Milan Processor",32,"Linux 7.0.0-27-generic x86_64","15.2.0"," -O3 -DNDEBUG -DPITO_ECS_OWNED_DELETE_ATOMIC=1",32,100000,pito,owned_delete,ecs_remove_owned,1,10,8,132.116777
khanvm1,"AMD EPYC-Milan Processor",32,"Linux 7.0.0-27-generic x86_64","15.2.0"," -O3 -DNDEBUG -DPITO_ECS_OWNED_DELETE_ATOMIC=1",32,100000,pito,owned_delete,ecs_remove_owned,1,10,9,132.066957
khanvm1,"AMD EPYC-Milan Processor",32,"Linux 7.0.0-27-generic x86_64","15.2.0"," -O3 -DNDEBUG -DPITO_ECS_OWNED_DELETE_ATOMIC=1",32,100000,pito,owned_delete,ecs_remove_owned,1,10,10,131.555512
khanvm1,"AMD EPYC-Milan Processor",32,"Linux 7.0.0-27-generic x86_64","15.2.0"," -O3 -DNDEBUG -DPITO_ECS_OWNED_DELETE_ATOMIC=1",32,100000,pito,owned_delete,ecs_remove_owned,1,500,1,3216.801025
khanvm1,"AMD EPYC-Milan Processor",32,"Linux 7.0.0-27-generic x86_64","15.2.0"," -O3 -DNDEBUG -DPITO_ECS_OWNED_DELETE_ATOMIC=1",32,100000,pito,owned_delete,ecs_remove_owned,1,500,2,3218.219698
khanvm1,"AMD EPYC-Milan Processor",32,"Linux 7.0.0-27-generic x86_64","15.2.0"," -O3 -DNDEBUG -DPITO_ECS_OWNED_DELETE_ATOMIC=1",32,100000,pito,owned_delete,ecs_remove_owned,1,500,3,3218.680840
khanvm1,"AMD EPYC-Milan Processor",32,"Linux 7.0.0-27-generic x86_64","15.2.0"," -O3 -DNDEBUG -DPITO_ECS_OWNED_DELETE_ATOMIC=1",32,100000,pito,owned_delete,ecs_remove_owned,1,500,4,3220.136530
khanvm1,"AMD EPYC-Milan Processor",32,"Linux 7.0.0-27-generic x86_64","15.2.0"," -O3 -DNDEBUG -DPITO_ECS_OWNED_DELETE_ATOMIC=1",32,100000,pito,owned_delete,ecs_remove_owned,1,500,5,3217.607472
khanvm1,"AMD EPYC-Milan Processor",32,"Linux 7.0.0-27-generic x86_64","15.2.0"," -O3 -DNDEBUG -DPITO_ECS_OWNED_DELETE_ATOMIC=1",32,100000,pito,owned_delete,ecs_remove_owned,1,500,6,3219.661226
khanvm1,"AMD EPYC-Milan Processor",32,"Linux 7.0.0-27-generic x86_64","15.2.0"," -O3 -DNDEBUG -DPITO_ECS_OWNED_DELETE_ATOMIC=1",32,100000,pito,owned_delete,ecs_remove_owned,1,500,7,3214.759454
khanvm1,"AMD EPYC-Milan Processor",32,"Linux 7.0.0-27-generic x86_64","15.2.0"," -O3 -DNDEBUG -DPITO_ECS_OWNED_DELETE_ATOMIC=1",32,100000,pito,owned_delete,ecs_remove_owned,1,500,8,3216.260583
khanvm1,"AMD EPYC-Milan Processor",32,"Linux 7.0.0-27-generic x86_64","15.2.0"," -O3 -DNDEBUG -DPITO_ECS_OWNED_DELETE_ATOMIC=1",32,100000,pito,owned_delete,ecs_remove_owned,1,500,9,3217.373911
khanvm1,"AMD EPYC-Milan Processor",32,"Linux 7.0.0-27-generic x86_64","15.2.0"," -O3 -DNDEBUG -DPITO_ECS_OWNED_DELETE_ATOMIC=1",32,100000,pito,owned_delete,ecs_remove_owned,1,500,10,3216.363463
khanvm1,"AMD EPYC-Milan Processor",32,"Linux 7.0.0-27-generic x86_64","15.2.0"," -O3 -DNDEBUG -DPITO_ECS_OWNED_DELETE_ATOMIC=1",32,100000,pito,owned_delete,ecs_remove_owned,2,0,1,115.145614
khanvm1,"AMD EPYC-Milan Processor",32,"Linux 7.0.0-27-generic x86_64","15.2.0"," -O3 -DNDEBUG -DPITO_ECS_OWNED_DELETE_ATOMIC=1",32,100000,pito,owned_delete,ecs_remove_owned,2,0,2,112.196293
khanvm1,"AMD EPYC-Milan Processor",32,"Linux 7.0.0-27-generic x86_64","15.2.0"," -O3 -DNDEBUG -DPITO_ECS_OWNED_DELETE_ATOMIC=1",32,100000,pito,owned_delete,ecs_remove_owned,2,0,3,112.285704
khanvm1,"AMD EPYC-Milan Processor",32,"Linux 7.0.0-27-generic x86_64","15.2.0"," -O3 -DNDEBUG -DPITO_ECS_OWNED_DELETE_ATOMIC=1",32,100000,pito,owned_delete,ecs_remove_owned,2,0,4,113.521335
khanvm1,"AMD EPYC-Milan Processor",32,"Linux 7.0.0-27-generic x86_64","15.2.0"," -O3 -DNDEBUG -DPITO_ECS_OWNED_DELETE_ATOMIC=1",32,100000,pito,owned_delete,ecs_remove_owned,2,0,5,113.782624
khanvm1,"AMD EPYC-Milan Processor",32,"Linux 7.0.0-27-generic x86_64","15.2.0"," -O3 -DNDEBUG -DPITO_ECS_OWNED_DELETE_ATOMIC=1",32,100000,pito,owned_delete,ecs_remove_owned,2,0,6,135.132709
khanvm1,"AMD EPYC-Milan Processor",32,"Linux 7.0.0-27-generic x86_64","15.2.0"," -O3 -DNDEBUG -DPITO_ECS_OWNED_DELETE_ATOMIC=1",32,100000,pito,owned_delete,ecs_remove_owned,2,0,7,111.803232
khanvm1,"AMD EPYC-Milan Processor",32,"Linux 7.0.0-27-generic x86_64","15.2.0"," -O3 -DNDEBUG -DPITO_ECS_OWNED_DELETE_ATOMIC=1",32,100000,pito,owned_delete,ecs_remove_owned,2,0,8,112.826088
khanvm1,"AMD EPYC-Milan Processor",32,"Linux 7.0.0-27-generic x86_64","15.2.0"," -O3 -DNDEBUG -DPITO_ECS_OWNED_DELETE_ATOMIC=1",32,100000,pito,owned_delete,ecs_remove_owned,2,0,9,111.188196
khanvm1,"AMD EPYC-Milan Processor",32,"Linux 7.0.0-27-generic x86_64","15.2.0"," -O3 -DNDEBUG -DPITO_ECS_OWNED_DELETE_ATOMIC=1",32,100000,pito,owned_delete,ecs_remove_owned,2,0,10,112.857207
khanvm1,"AMD EPYC-Milan Processor",32,"Linux 7.0.0-27-generic x86_64","15.2.0"," -O3 -DNDEBUG -DPITO_ECS_OWNED_DELETE_ATOMIC=1",32,100000,pito,owned_delete,ecs_remove_owned,2,0,11,128.554741
khanvm1,"AMD EPYC-Milan Processor",32,"Linux 7.0.0-27-generic x86_64","15.2.0"," -O3 -DNDEBUG -DPITO_ECS_OWNED_DELETE_ATOMIC=1",32,100000,pito,owned_delete,ecs_remove_owned,2,0,12,111.461899
khanvm1,"AMD EPYC-Milan Processor",32,"Linux 7.0.0-27-generic x86_64","15.2.0"," -O3 -DNDEBUG -DPITO_ECS_OWNED_DELETE_ATOMIC=1",32,100000,pito,owned_delete,ecs_remove_owned,2,0,13,131.691585
khanvm1,"AMD EPYC-Milan Processor",32,"Linux 7.0.0-27-generic x86_64","15.2.0"," -O3 -DNDEBUG -DPITO_ECS_OWNED_DELETE_ATOMIC=1",32,100000,pito,owned_delete,ecs_remove_owned,2,0,14,112.359325
khanvm1,"AMD EPYC-Milan Processor",32,"Linux 7.0.0-27-generic x86_64","15.2.0"," -O3 -DNDEBUG -DPITO_ECS_OWNED_DELETE_ATOMIC=1",32,100000,pito,owned_delete,ecs_remove_owned,2,0,15,112.067773
khanvm1,"AMD EPYC-Milan Processor",32,"Linux 7.0.0-27-generic x86_64","15.2.0"," -O3 -DNDEBUG -DPITO_ECS_OWNED_DELETE_ATOMIC=1",32,100000,pito,owned_delete,ecs_remove_owned,2,0,16,110.476322
khanvm1,"AMD EPYC-Milan Processor",32,"Linux 7.0.0-27-generic x86_64","15.2.0"," -O3 -DNDEBUG -DPITO_ECS_OWNED_DELETE_ATOMIC=1",32,100000,pito,owned_delete,ecs_remove_owned,2,10,1,130.931868
khanvm1,"AMD EPYC-Milan Processor",32,"Linux 7.0.0-27-generic x86_64","15.2.0"," -O3 -DNDEBUG -DPITO_ECS_OWNED_DELETE_ATOMIC=1",32,100000,pito,owned_delete,ecs_remove_owned,2,10,2,130.050282
khanvm1,"AMD EPYC-Milan Processor",32,"Linux 7.0.0-27-generic x86_64","15.2.0"," -O3 -DNDEBUG -DPITO_ECS_OWNED_DELETE_ATOMIC=1",32,100000,pito,owned_delete,ecs_remove_owned,2,10,3,131.595392
khanvm1,"AMD EPYC-Milan Processor",32,"Linux 7.0.0-27-generic x86_64","15.2.0"," -O3 -DNDEBUG -DPITO_ECS_OWNED_DELETE_ATOMIC=1",32,100000,pito,owned_delete,ecs_remove_owned,2,10,4,133.391735
khanvm1,"AMD EPYC-Milan Processor",32,"Linux 7.0.0-27-generic x86_64","15.2.0"," -O3 -DNDEBUG -DPITO_ECS_OWNED_DELETE_ATOMIC=1",32,100000,pito,owned_delete,ecs_remove_owned,2,10,5,129.717797
khanvm1,"AMD EPYC-Milan Processor",32,"Linux 7.0.0-27-generic x86_64","15.2.0"," -O3 -DNDEBUG -DPITO_ECS_OWNED_DELETE_ATOMIC=1",32,100000,pito,owned_delete,ecs_remove_owned,2,10,6,129.537589
khanvm1,"AMD EPYC-Milan Processor",32,"Linux 7.0.0-27-generic x86_64","15.2.0"," -O3 -DNDEBUG -DPITO_ECS_OWNED_DELETE_ATOMIC=1",32,100000,pito,owned_delete,ecs_remove_owned,2,10,7,132.527160
khanvm1,"AMD EPYC-Milan Processor",32,"Linux 7.0.0-27-generic x86_64","15.2.0"," -O3 -DNDEBUG -DPITO_ECS_OWNED_DELETE_ATOMIC=1",32,100000,pito,owned_delete,ecs_remove_owned,2,10,8,129.637718
khanvm1,"AMD EPYC-Milan Processor",32,"Linux 7.0.0-27-generic x86_64","15.2.0"," -O3 -DNDEBUG -DPITO_ECS_OWNED_DELETE_ATOMIC=1",32,100000,pito,owned_delete,ecs_remove_owned,2,10,9,128.331540
khanvm1,"AMD EPYC-Milan Processor",32,"Linux 7.0.0-27-generic x86_64","15.2.0"," -O3 -DNDEBUG -DPITO_ECS_OWNED_DELETE_ATOMIC=1",32,100000,pito,owned_delete,ecs_remove_owned,2,10,10,131.488222
khanvm1,"AMD EPYC-Milan Processor",32,"Linux 7.0.0-27-generic x86_64","15.2.0"," -O3 -DNDEBUG -DPITO_ECS_OWNED_DELETE_ATOMIC=1",32,100000,pito,owned_delete,ecs_remove_owned,2,500,1,1701.291248
khanvm1,"AMD EPYC-Milan Processor",32,"Linux 7.0.0-27-generic x86_64","15.2.0"," -O3 -DNDEBUG -DPITO_ECS_OWNED_DELETE_ATOMIC=1",32,100000,pito,owned_delete,ecs_remove_owned,2,500,2,1700.139931
khanvm1,"AMD EPYC-Milan Processor",32,"Linux 7.0.0-27-generic x86_64","15.2.0"," -O3 -DNDEBUG -DPITO_ECS_OWNED_DELETE_ATOMIC=1",32,100000,pito,owned_delete,ecs_remove_owned,2,500,3,1702.249454
khanvm1,"AMD EPYC-Milan Processor",32,"Linux 7.0.0-27-generic x86_64","15.2.0"," -O3 -DNDEBUG -DPITO_ECS_OWNED_DELETE_ATOMIC=1",32,100000,pito,owned_delete,ecs_remove_owned,2,500,4,1702.132525
khanvm1,"AMD EPYC-Milan Processor",32,"Linux 7.0.0-27-generic x86_64","15.2.0"," -O3 -DNDEBUG -DPITO_ECS_OWNED_DELETE_ATOMIC=1",32,100000,pito,owned_delete,ecs_remove_owned,2,500,5,1701.100767
khanvm1,"AMD EPYC-Milan Processor",32,"Linux 7.0.0-27-generic x86_64","15.2.0"," -O3 -DNDEBUG -DPITO_ECS_OWNED_DELETE_ATOMIC=1",32,100000,pito,owned_delete,ecs_remove_owned,2,500,6,1699.721688
khanvm1,"AMD EPYC-Milan Processor",32,"Linux 7.0.0-27-generic x86_64","15.2.0"," -O3 -DNDEBUG -DPITO_ECS_OWNED_DELETE_ATOMIC=1",32,100000,pito,owned_delete,ecs_remove_owned,2,500,7,1698.503778
khanvm1,"AMD EPYC-Milan Processor",32,"Linux 7.0.0-27-generic x86_64","15.2.0"," -O3 -DNDEBUG -DPITO_ECS_OWNED_DELETE_ATOMIC=1",32,100000,pito,owned_delete,ecs_remove_owned,2,500,8,1704.778354
khanvm1,"AMD EPYC-Milan Processor",32,"Linux 7.0.0-27-generic x86_64","15.2.0"," -O3 -DNDEBUG -DPITO_ECS_OWNED_DELETE_ATOMIC=1",32,100000,pito,owned_delete,ecs_remove_owned,2,500,9,1700.079161
khanvm1,"AMD EPYC-Milan Processor",32,"Linux 7.0.0-27-generic x86_64","15.2.0"," -O3 -DNDEBUG -DPITO_ECS_OWNED_DELETE_ATOMIC=1",32,100000,pito,owned_delete,ecs_remove_owned,2,500,10,1699.212614
khanvm1,"AMD EPYC-Milan Processor",32,"Linux 7.0.0-27-generic x86_64","15.2.0"," -O3 -DNDEBUG -DPITO_ECS_OWNED_DELETE_ATOMIC=1",32,100000,pito,owned_delete,ecs_remove_owned,4,0,1,53.052740
khanvm1,"AMD EPYC-Milan Processor",32,"Linux 7.0.0-27-generic x86_64","15.2.0"," -O3 -DNDEBUG -DPITO_ECS_OWNED_DELETE_ATOMIC=1",32,100000,pito,owned_delete,ecs_remove_owned,4,0,2,57.805024
khanvm1,"AMD EPYC-Milan Processor",32,"Linux 7.0.0-27-generic x86_64","15.2.0"," -O3 -DNDEBUG -DPITO_ECS_OWNED_DELETE_ATOMIC=1",32,100000,pito,owned_delete,ecs_remove_owned,4,0,3,51.248668
khanvm1,"AMD EPYC-Milan Processor",32,"Linux 7.0.0-27-generic x86_64","15.2.0"," -O3 -DNDEBUG -DPITO_ECS_OWNED_DELETE_ATOMIC=1",32,100000,pito,owned_delete,ecs_remove_owned,4,0,4,50.996957
khanvm1,"AMD EPYC-Milan Processor",32,"Linux 7.0.0-27-generic x86_64","15.2.0"," -O3 -DNDEBUG -DPITO_ECS_OWNED_DELETE_ATOMIC=1",32,100000,pito,owned_delete,ecs_remove_owned,4,0,5,59.310466
khanvm1,"AMD EPYC-Milan Processor",32,"Linux 7.0.0-27-generic x86_64","15.2.0"," -O3 -DNDEBUG -DPITO_ECS_OWNED_DELETE_ATOMIC=1",32,100000,pito,owned_delete,ecs_remove_owned,4,0,6,60.487213
khanvm1,"AMD EPYC-Milan Processor",32,"Linux 7.0.0-27-generic x86_64","15.2.0"," -O3 -DNDEBUG -DPITO_ECS_OWNED_DELETE_ATOMIC=1",32,100000,pito,owned_delete,ecs_remove_owned,4,0,7,51.594391
khanvm1,"AMD EPYC-Milan Processor",32,"Linux 7.0.0-27-generic x86_64","15.2.0"," -O3 -DNDEBUG -DPITO_ECS_OWNED_DELETE_ATOMIC=1",32,100000,pito,owned_delete,ecs_remove_owned,4,0,8,59.872768
khanvm1,"AMD EPYC-Milan Processor",32,"Linux 7.0.0-27-generic x86_64","15.2.0"," -O3 -DNDEBUG -DPITO_ECS_OWNED_DELETE_ATOMIC=1",32,100000,pito,owned_delete,ecs_remove_owned,4,0,9,51.823741
khanvm1,"AMD EPYC-Milan Processor",32,"Linux 7.0.0-27-generic x86_64","15.2.0"," -O3 -DNDEBUG -DPITO_ECS_OWNED_DELETE_ATOMIC=1",32,100000,pito,owned_delete,ecs_remove_owned,4,0,10,62.922561
khanvm1,"AMD EPYC-Milan Processor",32,"Linux 7.0.0-27-generic x86_64","15.2.0"," -O3 -DNDEBUG -DPITO_ECS_OWNED_DELETE_ATOMIC=1",32,100000,pito,owned_delete,ecs_remove_owned,4,0,11,57.695422
khanvm1,"AMD EPYC-Milan Processor",32,"Linux 7.0.0-27-generic x86_64","15.2.0"," -O3 -DNDEBUG -DPITO_ECS_OWNED_DELETE_ATOMIC=1",32,100000,pito,owned_delete,ecs_remove_owned,4,0,12,61.411369
khanvm1,"AMD EPYC-Milan Processor",32,"Linux 7.0.0-27-generic x86_64","15.2.0"," -O3 -DNDEBUG -DPITO_ECS_OWNED_DELETE_ATOMIC=1",32,100000,pito,owned_delete,ecs_remove_owned,4,0,13,54.789962
khanvm1,"AMD EPYC-Milan Processor",32,"Linux 7.0.0-27-generic x86_64","15.2.0"," -O3 -DNDEBUG -DPITO_ECS_OWNED_DELETE_ATOMIC=1",32,100000,pito,owned_delete,ecs_remove_owned,4,0,14,57.702443
khanvm1,"AMD EPYC-Milan Processor",32,"Linux 7.0.0-27-generic x86_64","15.2.0"," -O3 -DNDEBUG -DPITO_ECS_OWNED_DELETE_ATOMIC=1",32,100000,pito,owned_delete,ecs_remove_owned,4,0,15,62.705889
khanvm1,"AMD EPYC-Milan Processor",32,"Linux 7.0.0-27-generic x86_64","15.2.0"," -O3 -DNDEBUG -DPITO_ECS_OWNED_DELETE_ATOMIC=1",32,100000,pito,owned_delete,ecs_remove_owned,4,0,16,65.727191
khanvm1,"AMD EPYC-Milan Processor",32,"Linux 7.0.0-27-generic x86_64","15.2.0"," -O3 -DNDEBUG -DPITO_ECS_OWNED_DELETE_ATOMIC=1",32,100000,pito,owned_delete,ecs_remove_owned,4,0,17,54.017697
khanvm1,"AMD EPYC-Milan Processor",32,"Linux 7.0.0-27-generic x86_64","15.2.0"," -O3 -DNDEBUG -DPITO_ECS_OWNED_DELETE_ATOMIC=1",32,100000,pito,owned_delete,ecs_remove_owned,4,0,18,55.582838
khanvm1,"AMD EPYC-Milan Processor",32,"Linux 7.0.0-27-generic x86_64","15.2.0"," -O3 -DNDEBUG -DPITO_ECS_OWNED_DELETE_ATOMIC=1",32,100000,pito,owned_delete,ecs_remove_owned,4,0,19,68.221508
khanvm1,"AMD EPYC-Milan Processor",32,"Linux 7.0.0-27-generic x86_64","15.2.0"," -O3 -DNDEBUG -DPITO_ECS_OWNED_DELETE_ATOMIC=1",32,100000,pito,owned_delete,ecs_remove_owned,4,0,20,68.385470
khanvm1,"AMD EPYC-Milan Processor",32,"Linux 7.0.0-27-generic x86_64","15.2.0"," -O3 -DNDEBUG -DPITO_ECS_OWNED_DELETE_ATOMIC=1",32,100000,pito,owned_delete,ecs_remove_owned,4,0,21,54.768104
khanvm1,"AMD EPYC-Milan Processor",32,"Linux 7.0.0-27-generic x86_64","15.2.0"," -O3 -DNDEBUG -DPITO_ECS_OWNED_DELETE_ATOMIC=1",32,100000,pito,owned_delete,ecs_remove_owned,4,0,22,54.390689
khanvm1,"AMD EPYC-Milan Processor",32,"Linux 7.0.0-27-generic x86_64","15.2.0"," -O3 -DNDEBUG -DPITO_ECS_OWNED_DELETE_ATOMIC=1",32,100000,pito,owned_delete,ecs_remove_owned,4,0,23,69.036366
khanvm1,"AMD EPYC-Milan Processor",32,"Linux 7.0.0-27-generic x86_64","15.2.0"," -O3 -DNDEBUG -DPITO_ECS_OWNED_DELETE_ATOMIC=1",32,100000,pito,owned_delete,ecs_remove_owned,4,0,24,56.590716
khanvm1,"AMD EPYC-Milan Processor",32,"Linux 7.0.0-27-generic x86_64","15.2.0"," -O3 -DNDEBUG -DPITO_ECS_OWNED_DELETE_ATOMIC=1",32,100000,pito,owned_delete,ecs_remove_owned,4,0,25,55.610779
khanvm1,"AMD EPYC-Milan Processor",32,"Linux 7.0.0-27-generic x86_64","15.2.0"," -O3 -DNDEBUG -DPITO_ECS_OWNED_DELETE_ATOMIC=1",32,100000,pito,owned_delete,ecs_remove_owned,4,0,26,58.625450
khanvm1,"AMD EPYC-Milan Processor",32,"Linux 7.0.0-27-generic x86_64","15.2.0"," -O3 -DNDEBUG -DPITO_ECS_OWNED_DELETE_ATOMIC=1",32,100000,pito,owned_delete,ecs_remove_owned,4,0,27,61.212519
khanvm1,"AMD EPYC-Milan Processor",32,"Linux 7.0.0-27-generic x86_64","15.2.0"," -O3 -DNDEBUG -DPITO_ECS_OWNED_DELETE_ATOMIC=1",32,100000,pito,owned_delete,ecs_remove_owned,4,0,28,65.281777
khanvm1,"AMD EPYC-Milan Processor",32,"Linux 7.0.0-27-generic x86_64","15.2.0"," -O3 -DNDEBUG -DPITO_ECS_OWNED_DELETE_ATOMIC=1",32,100000,pito,owned_delete,ecs_remove_owned,4,0,29,54.592842
khanvm1,"AMD EPYC-Milan Processor",32,"Linux 7.0.0-27-generic x86_64","15.2.0"," -O3 -DNDEBUG -DPITO_ECS_OWNED_DELETE_ATOMIC=1",32,100000,pito,owned_delete,ecs_remove_owned,4,0,30,55.036394
khanvm1,"AMD EPYC-Milan Processor",32,"Linux 7.0.0-27-generic x86_64","15.2.0"," -O3 -DNDEBUG -DPITO_ECS_OWNED_DELETE_ATOMIC=1",32,100000,pito,owned_delete,ecs_remove_owned,4,0,31,53.142310
khanvm1,"AMD EPYC-Milan Processor",32,"Linux 7.0.0-27-generic x86_64","15.2.0"," -O3 -DNDEBUG -DPITO_ECS_OWNED_DELETE_ATOMIC=1",32,100000,pito,owned_delete,ecs_remove_owned,4,0,32,58.432050
khanvm1,"AMD EPYC-Milan Processor",32,"Linux 7.0.0-27-generic x86_64","15.2.0"," -O3 -DNDEBUG -DPITO_ECS_OWNED_DELETE_ATOMIC=1",32,100000,pito,owned_delete,ecs_remove_owned,4,0,33,52.457116
khanvm1,"AMD EPYC-Milan Processor",32,"Linux 7.0.0-27-generic x86_64","15.2.0"," -O3 -DNDEBUG -DPITO_ECS_OWNED_DELETE_ATOMIC=1",32,100000,pito,owned_delete,ecs_remove_owned,4,0,34,54.310559
khanvm1,"AMD EPYC-Milan Processor",32,"Linux 7.0.0-27-generic x86_64","15.2.0"," -O3 -DNDEBUG -DPITO_ECS_OWNED_DELETE_ATOMIC=1",32,100000,pito,owned_delete,ecs_remove_owned,4,10,1,59.168883
khanvm1,"AMD EPYC-Milan Processor",32,"Linux 7.0.0-27-generic x86_64","15.2.0"," -O3 -DNDEBUG -DPITO_ECS_OWNED_DELETE_ATOMIC=1",32,100000,pito,owned_delete,ecs_remove_owned,4,10,2,59.289774
khanvm1,"AMD EPYC-Milan Processor",32,"Linux 7.0.0-27-generic x86_64","15.2.0"," -O3 -DNDEBUG -DPITO_ECS_OWNED_DELETE_ATOMIC=1",32,100000,pito,owned_delete,ecs_remove_owned,4,10,3,64.506942
khanvm1,"AMD EPYC-Milan Processor",32,"Linux 7.0.0-27-generic x86_64","15.2.0"," -O3 -DNDEBUG -DPITO_ECS_OWNED_DELETE_ATOMIC=1",32,100000,pito,owned_delete,ecs_remove_owned,4,10,4,62.565948
khanvm1,"AMD EPYC-Milan Processor",32,"Linux 7.0.0-27-generic x86_64","15.2.0"," -O3 -DNDEBUG -DPITO_ECS_OWNED_DELETE_ATOMIC=1",32,100000,pito,owned_delete,ecs_remove_owned,4,10,5,62.710468
khanvm1,"AMD EPYC-Milan Processor",32,"Linux 7.0.0-27-generic x86_64","15.2.0"," -O3 -DNDEBUG -DPITO_ECS_OWNED_DELETE_ATOMIC=1",32,100000,pito,owned_delete,ecs_remove_owned,4,10,6,67.818005
khanvm1,"AMD EPYC-Milan Processor",32,"Linux 7.0.0-27-generic x86_64","15.2.0"," -O3 -DNDEBUG -DPITO_ECS_OWNED_DELETE_ATOMIC=1",32,100000,pito,owned_delete,ecs_remove_owned,4,10,7,62.072765
khanvm1,"AMD EPYC-Milan Processor",32,"Linux 7.0.0-27-generic x86_64","15.2.0"," -O3 -DNDEBUG -DPITO_ECS_OWNED_DELETE_ATOMIC=1",32,100000,pito,owned_delete,ecs_remove_owned,4,10,8,60.894116
khanvm1,"AMD EPYC-Milan Processor",32,"Linux 7.0.0-27-generic x86_64","15.2.0"," -O3 -DNDEBUG -DPITO_ECS_OWNED_DELETE_ATOMIC=1",32,100000,pito,owned_delete,ecs_remove_owned,4,10,9,65.848622
khanvm1,"AMD EPYC-Milan Processor",32,"Linux 7.0.0-27-generic x86_64","15.2.0"," -O3 -DNDEBUG -DPITO_ECS_OWNED_DELETE_ATOMIC=1",32,100000,pito,owned_delete,ecs_remove_owned,4,10,10,72.001006
khanvm1,"AMD EPYC-Milan Processor",32,"Linux 7.0.0-27-generic x86_64","15.2.0"," -O3 -DNDEBUG -DPITO_ECS_OWNED_DELETE_ATOMIC=1",32,100000,pito,owned_delete,ecs_remove_owned,4,10,11,70.668506
khanvm1,"AMD EPYC-Milan Processor",32,"Linux 7.0.0-27-generic x86_64","15.2.0"," -O3 -DNDEBUG -DPITO_ECS_OWNED_DELETE_ATOMIC=1",32,100000,pito,owned_delete,ecs_remove_owned,4,10,12,60.801024
khanvm1,"AMD EPYC-Milan Processor",32,"Linux 7.0.0-27-generic x86_64","15.2.0"," -O3 -DNDEBUG -DPITO_ECS_OWNED_DELETE_ATOMIC=1",32,100000,pito,owned_delete,ecs_remove_owned,4,10,13,59.099363
khanvm1,"AMD EPYC-Milan Processor",32,"Linux 7.0.0-27-generic x86_64","15.2.0"," -O3 -DNDEBUG -DPITO_ECS_OWNED_DELETE_ATOMIC=1",32,100000,pito,owned_delete,ecs_remove_owned,4,10,14,79.322679
khanvm1,"AMD EPYC-Milan Processor",32,"Linux 7.0.0-27-generic x86_64","15.2.0"," -O3 -DNDEBUG -DPITO_ECS_OWNED_DELETE_ATOMIC=1",32,100000,pito,owned_delete,ecs_remove_owned,4,10,15,59.346786
khanvm1,"AMD EPYC-Milan Processor",32,"Linux 7.0.0-27-generic x86_64","15.2.0"," -O3 -DNDEBUG -DPITO_ECS_OWNED_DELETE_ATOMIC=1",32,100000,pito,owned_delete,ecs_remove_owned,4,10,16,67.570494
khanvm1,"AMD EPYC-Milan Processor",32,"Linux 7.0.0-27-generic x86_64","15.2.0"," -O3 -DNDEBUG -DPITO_ECS_OWNED_DELETE_ATOMIC=1",32,100000,pito,owned_delete,ecs_remove_owned,4,10,17,82.804392
khanvm1,"AMD EPYC-Milan Processor",32,"Linux 7.0.0-27-generic x86_64","15.2.0"," -O3 -DNDEBUG -DPITO_ECS_OWNED_DELETE_ATOMIC=1",32,100000,pito,owned_delete,ecs_remove_owned,4,10,18,67.973197
khanvm1,"AMD EPYC-Milan Processor",32,"Linux 7.0.0-27-generic x86_64","15.2.0"," -O3 -DNDEBUG -DPITO_ECS_OWNED_DELETE_ATOMIC=1",32,100000,pito,owned_delete,ecs_remove_owned,4,10,19,65.252378
khanvm1,"AMD EPYC-Milan Processor",32,"Linux 7.0.0-27-generic x86_64","15.2.0"," -O3 -DNDEBUG -DPITO_ECS_OWNED_DELETE_ATOMIC=1",32,100000,pito,owned_delete,ecs_remove_owned,4,10,20,62.055774
khanvm1,"AMD EPYC-Milan Processor",32,"Linux 7.0.0-27-generic x86_64","15.2.0"," -O3 -DNDEBUG -DPITO_ECS_OWNED_DELETE_ATOMIC=1",32,100000,pito,owned_delete,ecs_remove_owned,4,10,21,72.633521
khanvm1,"AMD EPYC-Milan Processor",32,"Linux 7.0.0-27-generic x86_64","15.2.0"," -O3 -DNDEBUG -DPITO_ECS_OWNED_DELETE_ATOMIC=1",32,100000,pito,owned_delete,ecs_remove_owned,4,10,22,64.963457
khanvm1,"AMD EPYC-Milan Processor",32,"Linux 7.0.0-27-generic x86_64","15.2.0"," -O3 -DNDEBUG -DPITO_ECS_OWNED_DELETE_ATOMIC=1",32,100000,pito,owned_delete,ecs_remove_owned,4,10,23,63.915387
khanvm1,"AMD EPYC-Milan Processor",32,"Linux 7.0.0-27-generic x86_64","15.2.0"," -O3 -DNDEBUG -DPITO_ECS_OWNED_DELETE_ATOMIC=1",32,100000,pito,owned_delete,ecs_remove_owned,4,10,24,59.979250
khanvm1,"AMD EPYC-Milan Processor",32,"Linux 7.0.0-27-generic x86_64","15.2.0"," -O3 -DNDEBUG -DPITO_ECS_OWNED_DELETE_ATOMIC=1",32,100000,pito,owned_delete,ecs_remove_owned,4,10,25,65.907433
khanvm1,"AMD EPYC-Milan Processor",32,"Linux 7.0.0-27-generic x86_64","15.2.0"," -O3 -DNDEBUG -DPITO_ECS_OWNED_DELETE_ATOMIC=1",32,100000,pito,owned_delete,ecs_remove_owned,4,10,26,67.131441
khanvm1,"AMD EPYC-Milan Processor",32,"Linux 7.0.0-27-generic x86_64","15.2.0"," -O3 -DNDEBUG -DPITO_ECS_OWNED_DELETE_ATOMIC=1",32,100000,pito,owned_delete,ecs_remove_owned,4,500,1,888.051773
khanvm1,"AMD EPYC-Milan Processor",32,"Linux 7.0.0-27-generic x86_64","15.2.0"," -O3 -DNDEBUG -DPITO_ECS_OWNED_DELETE_ATOMIC=1",32,100000,pito,owned_delete,ecs_remove_owned,4,500,2,888.188984
khanvm1,"AMD EPYC-Milan Processor",32,"Linux 7.0.0-27-generic x86_64","15.2.0"," -O3 -DNDEBUG -DPITO_ECS_OWNED_DELETE_ATOMIC=1",32,100000,pito,owned_delete,ecs_remove_owned,4,500,3,887.860832
khanvm1,"AMD EPYC-Milan Processor",32,"Linux 7.0.0-27-generic x86_64","15.2.0"," -O3 -DNDEBUG -DPITO_ECS_OWNED_DELETE_ATOMIC=1",32,100000,pito,owned_delete,ecs_remove_owned,4,500,4,887.207977
khanvm1,"AMD EPYC-Milan Processor",32,"Linux 7.0.0-27-generic x86_64","15.2.0"," -O3 -DNDEBUG -DPITO_ECS_OWNED_DELETE_ATOMIC=1",32,100000,pito,owned_delete,ecs_remove_owned,4,500,5,887.959432
khanvm1,"AMD EPYC-Milan Processor",32,"Linux 7.0.0-27-generic x86_64","15.2.0"," -O3 -DNDEBUG -DPITO_ECS_OWNED_DELETE_ATOMIC=1",32,100000,pito,owned_delete,ecs_remove_owned,4,500,6,886.954204
khanvm1,"AMD EPYC-Milan Processor",32,"Linux 7.0.0-27-generic x86_64","15.2.0"," -O3 -DNDEBUG -DPITO_ECS_OWNED_DELETE_ATOMIC=1",32,100000,pito,owned_delete,ecs_remove_owned,4,500,7,890.186688
khanvm1,"AMD EPYC-Milan Processor",32,"Linux 7.0.0-27-generic x86_64","15.2.0"," -O3 -DNDEBUG -DPITO_ECS_OWNED_DELETE_ATOMIC=1",32,100000,pito,owned_delete,ecs_remove_owned,4,500,8,888.445745
khanvm1,"AMD EPYC-Milan Processor",32,"Linux 7.0.0-27-generic x86_64","15.2.0"," -O3 -DNDEBUG -DPITO_ECS_OWNED_DELETE_ATOMIC=1",32,100000,pito,owned_delete,ecs_remove_owned,4,500,9,888.692858
khanvm1,"AMD EPYC-Milan Processor",32,"Linux 7.0.0-27-generic x86_64","15.2.0"," -O3 -DNDEBUG -DPITO_ECS_OWNED_DELETE_ATOMIC=1",32,100000,pito,owned_delete,ecs_remove_owned,4,500,10,887.307787
khanvm1,"AMD EPYC-Milan Processor",32,"Linux 7.0.0-27-generic x86_64","15.2.0"," -O3 -DNDEBUG -DPITO_ECS_OWNED_DELETE_ATOMIC=1",32,100000,pito,owned_delete,ecs_remove_owned,8,0,1,46.459891
khanvm1,"AMD EPYC-Milan Processor",32,"Linux 7.0.0-27-generic x86_64","15.2.0"," -O3 -DNDEBUG -DPITO_ECS_OWNED_DELETE_ATOMIC=1",32,100000,pito,owned_delete,ecs_remove_owned,8,0,2,42.980608
khanvm1,"AMD EPYC-Milan Processor",32,"Linux 7.0.0-27-generic x86_64","15.2.0"," -O3 -DNDEBUG -DPITO_ECS_OWNED_DELETE_ATOMIC=1",32,100000,pito,owned_delete,ecs_remove_owned,8,0,3,58.950143
khanvm1,"AMD EPYC-Milan Processor",32,"Linux 7.0.0-27-generic x86_64","15.2.0"," -O3 -DNDEBUG -DPITO_ECS_OWNED_DELETE_ATOMIC=1",32,100000,pito,owned_delete,ecs_remove_owned,8,0,4,44.497289
khanvm1,"AMD EPYC-Milan Processor",32,"Linux 7.0.0-27-generic x86_64","15.2.0"," -O3 -DNDEBUG -DPITO_ECS_OWNED_DELETE_ATOMIC=1",32,100000,pito,owned_delete,ecs_remove_owned,8,0,5,40.451052
khanvm1,"AMD EPYC-Milan Processor",32,"Linux 7.0.0-27-generic x86_64","15.2.0"," -O3 -DNDEBUG -DPITO_ECS_OWNED_DELETE_ATOMIC=1",32,100000,pito,owned_delete,ecs_remove_owned,8,0,6,57.359301
khanvm1,"AMD EPYC-Milan Processor",32,"Linux 7.0.0-27-generic x86_64","15.2.0"," -O3 -DNDEBUG -DPITO_ECS_OWNED_DELETE_ATOMIC=1",32,100000,pito,owned_delete,ecs_remove_owned,8,0,7,52.835078
khanvm1,"AMD EPYC-Milan Processor",32,"Linux 7.0.0-27-generic x86_64","15.2.0"," -O3 -DNDEBUG -DPITO_ECS_OWNED_DELETE_ATOMIC=1",32,100000,pito,owned_delete,ecs_remove_owned,8,0,8,45.332235
khanvm1,"AMD EPYC-Milan Processor",32,"Linux 7.0.0-27-generic x86_64","15.2.0"," -O3 -DNDEBUG -DPITO_ECS_OWNED_DELETE_ATOMIC=1",32,100000,pito,owned_delete,ecs_remove_owned,8,0,9,39.578604
khanvm1,"AMD EPYC-Milan Processor",32,"Linux 7.0.0-27-generic x86_64","15.2.0"," -O3 -DNDEBUG -DPITO_ECS_OWNED_DELETE_ATOMIC=1",32,100000,pito,owned_delete,ecs_remove_owned,8,0,10,45.781529
khanvm1,"AMD EPYC-Milan Processor",32,"Linux 7.0.0-27-generic x86_64","15.2.0"," -O3 -DNDEBUG -DPITO_ECS_OWNED_DELETE_ATOMIC=1",32,100000,pito,owned_delete,ecs_remove_owned,8,0,11,50.531912
khanvm1,"AMD EPYC-Milan Processor",32,"Linux 7.0.0-27-generic x86_64","15.2.0"," -O3 -DNDEBUG -DPITO_ECS_OWNED_DELETE_ATOMIC=1",32,100000,pito,owned_delete,ecs_remove_owned,8,0,12,59.882439
khanvm1,"AMD EPYC-Milan Processor",32,"Linux 7.0.0-27-generic x86_64","15.2.0"," -O3 -DNDEBUG -DPITO_ECS_OWNED_DELETE_ATOMIC=1",32,100000,pito,owned_delete,ecs_remove_owned,8,0,13,50.037887
khanvm1,"AMD EPYC-Milan Processor",32,"Linux 7.0.0-27-generic x86_64","15.2.0"," -O3 -DNDEBUG -DPITO_ECS_OWNED_DELETE_ATOMIC=1",32,100000,pito,owned_delete,ecs_remove_owned,8,0,14,47.983723
khanvm1,"AMD EPYC-Milan Processor",32,"Linux 7.0.0-27-generic x86_64","15.2.0"," -O3 -DNDEBUG -DPITO_ECS_OWNED_DELETE_ATOMIC=1",32,100000,pito,owned_delete,ecs_remove_owned,8,0,15,46.446853
khanvm1,"AMD EPYC-Milan Processor",32,"Linux 7.0.0-27-generic x86_64","15.2.0"," -O3 -DNDEBUG -DPITO_ECS_OWNED_DELETE_ATOMIC=1",32,100000,pito,owned_delete,ecs_remove_owned,8,0,16,56.103842
khanvm1,"AMD EPYC-Milan Processor",32,"Linux 7.0.0-27-generic x86_64","15.2.0"," -O3 -DNDEBUG -DPITO_ECS_OWNED_DELETE_ATOMIC=1",32,100000,pito,owned_delete,ecs_remove_owned,8,0,17,83.291257
khanvm1,"AMD EPYC-Milan Processor",32,"Linux 7.0.0-27-generic x86_64","15.2.0"," -O3 -DNDEBUG -DPITO_ECS_OWNED_DELETE_ATOMIC=1",32,100000,pito,owned_delete,ecs_remove_owned,8,0,18,51.167687
khanvm1,"AMD EPYC-Milan Processor",32,"Linux 7.0.0-27-generic x86_64","15.2.0"," -O3 -DNDEBUG -DPITO_ECS_OWNED_DELETE_ATOMIC=1",32,100000,pito,owned_delete,ecs_remove_owned,8,0,19,44.373467
khanvm1,"AMD EPYC-Milan Processor",32,"Linux 7.0.0-27-generic x86_64","15.2.0"," -O3 -DNDEBUG -DPITO_ECS_OWNED_DELETE_ATOMIC=1",32,100000,pito,owned_delete,ecs_remove_owned,8,0,20,45.143703
khanvm1,"AMD EPYC-Milan Processor",32,"Linux 7.0.0-27-generic x86_64","15.2.0"," -O3 -DNDEBUG -DPITO_ECS_OWNED_DELETE_ATOMIC=1",32,100000,pito,owned_delete,ecs_remove_owned,8,0,21,49.582625
khanvm1,"AMD EPYC-Milan Processor",32,"Linux 7.0.0-27-generic x86_64","15.2.0"," -O3 -DNDEBUG -DPITO_ECS_OWNED_DELETE_ATOMIC=1",32,100000,pito,owned_delete,ecs_remove_owned,8,0,22,45.740978
khanvm1,"AMD EPYC-Milan Processor",32,"Linux 7.0.0-27-generic x86_64","15.2.0"," -O3 -DNDEBUG -DPITO_ECS_OWNED_DELETE_ATOMIC=1",32,100000,pito,owned_delete,ecs_remove_owned,8,0,23,41.673849
khanvm1,"AMD EPYC-Milan Processor",32,"Linux 7.0.0-27-generic x86_64","15.2.0"," -O3 -DNDEBUG -DPITO_ECS_OWNED_DELETE_ATOMIC=1",32,100000,pito,owned_delete,ecs_remove_owned,8,0,24,63.269313
khanvm1,"AMD EPYC-Milan Processor",32,"Linux 7.0.0-27-generic x86_64","15.2.0"," -O3 -DNDEBUG -DPITO_ECS_OWNED_DELETE_ATOMIC=1",32,100000,pito,owned_delete,ecs_remove_owned,8,0,25,49.120822
khanvm1,"AMD EPYC-Milan Processor",32,"Linux 7.0.0-27-generic x86_64","15.2.0"," -O3 -DNDEBUG -DPITO_ECS_OWNED_DELETE_ATOMIC=1",32,100000,pito,owned_delete,ecs_remove_owned,8,0,26,49.010661
khanvm1,"AMD EPYC-Milan Processor",32,"Linux 7.0.0-27-generic x86_64","15.2.0"," -O3 -DNDEBUG -DPITO_ECS_OWNED_DELETE_ATOMIC=1",32,100000,pito,owned_delete,ecs_remove_owned,8,0,27,41.553178
khanvm1,"AMD EPYC-Milan Processor",32,"Linux 7.0.0-27-generic x86_64","15.2.0"," -O3 -DNDEBUG -DPITO_ECS_OWNED_DELETE_ATOMIC=1",32,100000,pito,owned_delete,ecs_remove_owned,8,0,28,52.627517
khanvm1,"AMD EPYC-Milan Processor",32,"Linux 7.0.0-27-generic x86_64","15.2.0"," -O3 -DNDEBUG -DPITO_ECS_OWNED_DELETE_ATOMIC=1",32,100000,pito,owned_delete,ecs_remove_owned,8,0,29,43.679773
khanvm1,"AMD EPYC-Milan Processor",32,"Linux 7.0.0-27-generic x86_64","15.2.0"," -O3 -DNDEBUG -DPITO_ECS_OWNED_DELETE_ATOMIC=1",32,100000,pito,owned_delete,ecs_remove_owned,8,0,30,40.634302
khanvm1,"AMD EPYC-Milan Processor",32,"Linux 7.0.0-27-generic x86_64","15.2.0"," -O3 -DNDEBUG -DPITO_ECS_OWNED_DELETE_ATOMIC=1",32,100000,pito,owned_delete,ecs_remove_owned,8,0,31,46.692995
khanvm1,"AMD EPYC-Milan Processor",32,"Linux 7.0.0-27-generic x86_64","15.2.0"," -O3 -DNDEBUG -DPITO_ECS_OWNED_DELETE_ATOMIC=1",32,100000,pito,owned_delete,ecs_remove_owned,8,0,32,51.055406
khanvm1,"AMD EPYC-Milan Processor",32,"Linux 7.0.0-27-generic x86_64","15.2.0"," -O3 -DNDEBUG -DPITO_ECS_OWNED_DELETE_ATOMIC=1",32,100000,pito,owned_delete,ecs_remove_owned,8,0,33,50.998384
khanvm1,"AMD EPYC-Milan Processor",32,"Linux 7.0.0-27-generic x86_64","15.2.0"," -O3 -DNDEBUG -DPITO_ECS_OWNED_DELETE_ATOMIC=1",32,100000,pito,owned_delete,ecs_remove_owned,8,0,34,46.995337
khanvm1,"AMD EPYC-Milan Processor",32,"Linux 7.0.0-27-generic x86_64","15.2.0"," -O3 -DNDEBUG -DPITO_ECS_OWNED_DELETE_ATOMIC=1",32,100000,pito,owned_delete,ecs_remove_owned,8,0,35,52.357735
khanvm1,"AMD EPYC-Milan Processor",32,"Linux 7.0.0-27-generic x86_64","15.2.0"," -O3 -DNDEBUG -DPITO_ECS_OWNED_DELETE_ATOMIC=1",32,100000,pito,owned_delete,ecs_remove_owned,8,0,36,50.093719
khanvm1,"AMD EPYC-Milan Processor",32,"Linux 7.0.0-27-generic x86_64","15.2.0"," -O3 -DNDEBUG -DPITO_ECS_OWNED_DELETE_ATOMIC=1",32,100000,pito,owned_delete,ecs_remove_owned,8,0,37,48.241055
khanvm1,"AMD EPYC-Milan Processor",32,"Linux 7.0.0-27-generic x86_64","15.2.0"," -O3 -DNDEBUG -DPITO_ECS_OWNED_DELETE_ATOMIC=1",32,100000,pito,owned_delete,ecs_remove_owned,8,0,38,53.496102
khanvm1,"AMD EPYC-Milan Processor",32,"Linux 7.0.0-27-generic x86_64","15.2.0"," -O3 -DNDEBUG -DPITO_ECS_OWNED_DELETE_ATOMIC=1",32,100000,pito,owned_delete,ecs_remove_owned,8,0,39,48.714338
khanvm1,"AMD EPYC-Milan Processor",32,"Linux 7.0.0-27-generic x86_64","15.2.0"," -O3 -DNDEBUG -DPITO_ECS_OWNED_DELETE_ATOMIC=1",32,100000,pito,owned_delete,ecs_remove_owned,8,0,40,46.052470
khanvm1,"AMD EPYC-Milan Processor",32,"Linux 7.0.0-27-generic x86_64","15.2.0"," -O3 -DNDEBUG -DPITO_ECS_OWNED_DELETE_ATOMIC=1",32,100000,pito,owned_delete,ecs_remove_owned,8,0,41,51.865690
khanvm1,"AMD EPYC-Milan Processor",32,"Linux 7.0.0-27-generic x86_64","15.2.0"," -O3 -DNDEBUG -DPITO_ECS_OWNED_DELETE_ATOMIC=1",32,100000,pito,owned_delete,ecs_remove_owned,8,0,42,57.844394
khanvm1,"AMD EPYC-Milan Processor",32,"Linux 7.0.0-27-generic x86_64","15.2.0"," -O3 -DNDEBUG -DPITO_ECS_OWNED_DELETE_ATOMIC=1",32,100000,pito,owned_delete,ecs_remove_owned,8,0,43,48.249476
khanvm1,"AMD EPYC-Milan Processor",32,"Linux 7.0.0-27-generic x86_64","15.2.0"," -O3 -DNDEBUG -DPITO_ECS_OWNED_DELETE_ATOMIC=1",32,100000,pito,owned_delete,ecs_remove_owned,8,10,1,49.999609
khanvm1,"AMD EPYC-Milan Processor",32,"Linux 7.0.0-27-generic x86_64","15.2.0"," -O3 -DNDEBUG -DPITO_ECS_OWNED_DELETE_ATOMIC=1",32,100000,pito,owned_delete,ecs_remove_owned,8,10,2,46.491254
khanvm1,"AMD EPYC-Milan Processor",32,"Linux 7.0.0-27-generic x86_64","15.2.0"," -O3 -DNDEBUG -DPITO_ECS_OWNED_DELETE_ATOMIC=1",32,100000,pito,owned_delete,ecs_remove_owned,8,10,3,50.604492
khanvm1,"AMD EPYC-Milan Processor",32,"Linux 7.0.0-27-generic x86_64","15.2.0"," -O3 -DNDEBUG -DPITO_ECS_OWNED_DELETE_ATOMIC=1",32,100000,pito,owned_delete,ecs_remove_owned,8,10,4,51.055556
khanvm1,"AMD EPYC-Milan Processor",32,"Linux 7.0.0-27-generic x86_64","15.2.0"," -O3 -DNDEBUG -DPITO_ECS_OWNED_DELETE_ATOMIC=1",32,100000,pito,owned_delete,ecs_remove_owned,8,10,5,55.437106
khanvm1,"AMD EPYC-Milan Processor",32,"Linux 7.0.0-27-generic x86_64","15.2.0"," -O3 -DNDEBUG -DPITO_ECS_OWNED_DELETE_ATOMIC=1",32,100000,pito,owned_delete,ecs_remove_owned,8,10,6,51.686150
khanvm1,"AMD EPYC-Milan Processor",32,"Linux 7.0.0-27-generic x86_64","15.2.0"," -O3 -DNDEBUG -DPITO_ECS_OWNED_DELETE_ATOMIC=1",32,100000,pito,owned_delete,ecs_remove_owned,8,10,7,44.096015
khanvm1,"AMD EPYC-Milan Processor",32,"Linux 7.0.0-27-generic x86_64","15.2.0"," -O3 -DNDEBUG -DPITO_ECS_OWNED_DELETE_ATOMIC=1",32,100000,pito,owned_delete,ecs_remove_owned,8,10,8,49.180322
khanvm1,"AMD EPYC-Milan Processor",32,"Linux 7.0.0-27-generic x86_64","15.2.0"," -O3 -DNDEBUG -DPITO_ECS_OWNED_DELETE_ATOMIC=1",32,100000,pito,owned_delete,ecs_remove_owned,8,10,9,79.680931
khanvm1,"AMD EPYC-Milan Processor",32,"Linux 7.0.0-27-generic x86_64","15.2.0"," -O3 -DNDEBUG -DPITO_ECS_OWNED_DELETE_ATOMIC=1",32,100000,pito,owned_delete,ecs_remove_owned,8,10,10,62.438458
khanvm1,"AMD EPYC-Milan Processor",32,"Linux 7.0.0-27-generic x86_64","15.2.0"," -O3 -DNDEBUG -DPITO_ECS_OWNED_DELETE_ATOMIC=1",32,100000,pito,owned_delete,ecs_remove_owned,8,10,11,85.773715
khanvm1,"AMD EPYC-Milan Processor",32,"Linux 7.0.0-27-generic x86_64","15.2.0"," -O3 -DNDEBUG -DPITO_ECS_OWNED_DELETE_ATOMIC=1",32,100000,pito,owned_delete,ecs_remove_owned,8,10,12,61.674662
khanvm1,"AMD EPYC-Milan Processor",32,"Linux 7.0.0-27-generic x86_64","15.2.0"," -O3 -DNDEBUG -DPITO_ECS_OWNED_DELETE_ATOMIC=1",32,100000,pito,owned_delete,ecs_remove_owned,8,10,13,51.996641
khanvm1,"AMD EPYC-Milan Processor",32,"Linux 7.0.0-27-generic x86_64","15.2.0"," -O3 -DNDEBUG -DPITO_ECS_OWNED_DELETE_ATOMIC=1",32,100000,pito,owned_delete,ecs_remove_owned,8,10,14,45.033923
khanvm1,"AMD EPYC-Milan Processor",32,"Linux 7.0.0-27-generic x86_64","15.2.0"," -O3 -DNDEBUG -DPITO_ECS_OWNED_DELETE_ATOMIC=1",32,100000,pito,owned_delete,ecs_remove_owned,8,10,15,57.644724
khanvm1,"AMD EPYC-Milan Processor",32,"Linux 7.0.0-27-generic x86_64","15.2.0"," -O3 -DNDEBUG -DPITO_ECS_OWNED_DELETE_ATOMIC=1",32,100000,pito,owned_delete,ecs_remove_owned,8,10,16,57.463312
khanvm1,"AMD EPYC-Milan Processor",32,"Linux 7.0.0-27-generic x86_64","15.2.0"," -O3 -DNDEBUG -DPITO_ECS_OWNED_DELETE_ATOMIC=1",32,100000,pito,owned_delete,ecs_remove_owned,8,10,17,55.494678
khanvm1,"AMD EPYC-Milan Processor",32,"Linux 7.0.0-27-generic x86_64","15.2.0"," -O3 -DNDEBUG -DPITO_ECS_OWNED_DELETE_ATOMIC=1",32,100000,pito,owned_delete,ecs_remove_owned,8,10,18,46.382802
khanvm1,"AMD EPYC-Milan Processor",32,"Linux 7.0.0-27-generic x86_64","15.2.0"," -O3 -DNDEBUG -DPITO_ECS_OWNED_DELETE_ATOMIC=1",32,100000,pito,owned_delete,ecs_remove_owned,8,10,19,57.117040
khanvm1,"AMD EPYC-Milan Processor",32,"Linux 7.0.0-27-generic x86_64","15.2.0"," -O3 -DNDEBUG -DPITO_ECS_OWNED_DELETE_ATOMIC=1",32,100000,pito,owned_delete,ecs_remove_owned,8,10,20,55.204456
khanvm1,"AMD EPYC-Milan Processor",32,"Linux 7.0.0-27-generic x86_64","15.2.0"," -O3 -DNDEBUG -DPITO_ECS_OWNED_DELETE_ATOMIC=1",32,100000,pito,owned_delete,ecs_remove_owned,8,10,21,68.096818
khanvm1,"AMD EPYC-Milan Processor",32,"Linux 7.0.0-27-generic x86_64","15.2.0"," -O3 -DNDEBUG -DPITO_ECS_OWNED_DELETE_ATOMIC=1",32,100000,pito,owned_delete,ecs_remove_owned,8,10,22,52.160975
khanvm1,"AMD EPYC-Milan Processor",32,"Linux 7.0.0-27-generic x86_64","15.2.0"," -O3 -DNDEBUG -DPITO_ECS_OWNED_DELETE_ATOMIC=1",32,100000,pito,owned_delete,ecs_remove_owned,8,10,23,51.087987
khanvm1,"AMD EPYC-Milan Processor",32,"Linux 7.0.0-27-generic x86_64","15.2.0"," -O3 -DNDEBUG -DPITO_ECS_OWNED_DELETE_ATOMIC=1",32,100000,pito,owned_delete,ecs_remove_owned,8,10,24,66.333917
khanvm1,"AMD EPYC-Milan Processor",32,"Linux 7.0.0-27-generic x86_64","15.2.0"," -O3 -DNDEBUG -DPITO_ECS_OWNED_DELETE_ATOMIC=1",32,100000,pito,owned_delete,ecs_remove_owned,8,10,25,52.826359
khanvm1,"AMD EPYC-Milan Processor",32,"Linux 7.0.0-27-generic x86_64","15.2.0"," -O3 -DNDEBUG -DPITO_ECS_OWNED_DELETE_ATOMIC=1",32,100000,pito,owned_delete,ecs_remove_owned,8,10,26,54.320370
khanvm1,"AMD EPYC-Milan Processor",32,"Linux 7.0.0-27-generic x86_64","15.2.0"," -O3 -DNDEBUG -DPITO_ECS_OWNED_DELETE_ATOMIC=1",32,100000,pito,owned_delete,ecs_remove_owned,8,10,27,63.153893
khanvm1,"AMD EPYC-Milan Processor",32,"Linux 7.0.0-27-generic x86_64","15.2.0"," -O3 -DNDEBUG -DPITO_ECS_OWNED_DELETE_ATOMIC=1",32,100000,pito,owned_delete,ecs_remove_owned,8,10,28,78.639643
khanvm1,"AMD EPYC-Milan Processor",32,"Linux 7.0.0-27-generic x86_64","15.2.0"," -O3 -DNDEBUG -DPITO_ECS_OWNED_DELETE_ATOMIC=1",32,100000,pito,owned_delete,ecs_remove_owned,8,10,29,75.321560
khanvm1,"AMD EPYC-Milan Processor",32,"Linux 7.0.0-27-generic x86_64","15.2.0"," -O3 -DNDEBUG -DPITO_ECS_OWNED_DELETE_ATOMIC=1",32,100000,pito,owned_delete,ecs_remove_owned,8,10,30,63.745306
khanvm1,"AMD EPYC-Milan Processor",32,"Linux 7.0.0-27-generic x86_64","15.2.0"," -O3 -DNDEBUG -DPITO_ECS_OWNED_DELETE_ATOMIC=1",32,100000,pito,owned_delete,ecs_remove_owned,8,10,31,54.336120
khanvm1,"AMD EPYC-Milan Processor",32,"Linux 7.0.0-27-generic x86_64","15.2.0"," -O3 -DNDEBUG -DPITO_ECS_OWNED_DELETE_ATOMIC=1",32,100000,pito,owned_delete,ecs_remove_owned,8,10,32,68.452170
khanvm1,"AMD EPYC-Milan Processor",32,"Linux 7.0.0-27-generic x86_64","15.2.0"," -O3 -DNDEBUG -DPITO_ECS_OWNED_DELETE_ATOMIC=1",32,100000,pito,owned_delete,ecs_remove_owned,8,10,33,67.354652
khanvm1,"AMD EPYC-Milan Processor",32,"Linux 7.0.0-27-generic x86_64","15.2.0"," -O3 -DNDEBUG -DPITO_ECS_OWNED_DELETE_ATOMIC=1",32,100000,pito,owned_delete,ecs_remove_owned,8,10,34,43.518991
khanvm1,"AMD EPYC-Milan Processor",32,"Linux 7.0.0-27-generic x86_64","15.2.0"," -O3 -DNDEBUG -DPITO_ECS_OWNED_DELETE_ATOMIC=1",32,100000,pito,owned_delete,ecs_remove_owned,8,10,35,52.998421
khanvm1,"AMD EPYC-Milan Processor",32,"Linux 7.0.0-27-generic x86_64","15.2.0"," -O3 -DNDEBUG -DPITO_ECS_OWNED_DELETE_ATOMIC=1",32,100000,pito,owned_delete,ecs_remove_owned,8,10,36,65.104986
khanvm1,"AMD EPYC-Milan Processor",32,"Linux 7.0.0-27-generic x86_64","15.2.0"," -O3 -DNDEBUG -DPITO_ECS_OWNED_DELETE_ATOMIC=1",32,100000,pito,owned_delete,ecs_remove_owned,8,10,37,71.437881
khanvm1,"AMD EPYC-Milan Processor",32,"Linux 7.0.0-27-generic x86_64","15.2.0"," -O3 -DNDEBUG -DPITO_ECS_OWNED_DELETE_ATOMIC=1",32,100000,pito,owned_delete,ecs_remove_owned,8,10,38,48.437728
khanvm1,"AMD EPYC-Milan Processor",32,"Linux 7.0.0-27-generic x86_64","15.2.0"," -O3 -DNDEBUG -DPITO_ECS_OWNED_DELETE_ATOMIC=1",32,100000,pito,owned_delete,ecs_remove_owned,8,10,39,57.165719
khanvm1,"AMD EPYC-Milan Processor",32,"Linux 7.0.0-27-generic x86_64","15.2.0"," -O3 -DNDEBUG -DPITO_ECS_OWNED_DELETE_ATOMIC=1",32,100000,pito,owned_delete,ecs_remove_owned,8,10,40,68.170499
khanvm1,"AMD EPYC-Milan Processor",32,"Linux 7.0.0-27-generic x86_64","15.2.0"," -O3 -DNDEBUG -DPITO_ECS_OWNED_DELETE_ATOMIC=1",32,100000,pito,owned_delete,ecs_remove_owned,8,10,41,72.490908
khanvm1,"AMD EPYC-Milan Processor",32,"Linux 7.0.0-27-generic x86_64","15.2.0"," -O3 -DNDEBUG -DPITO_ECS_OWNED_DELETE_ATOMIC=1",32,100000,pito,owned_delete,ecs_remove_owned,8,10,42,91.415765
khanvm1,"AMD EPYC-Milan Processor",32,"Linux 7.0.0-27-generic x86_64","15.2.0"," -O3 -DNDEBUG -DPITO_ECS_OWNED_DELETE_ATOMIC=1",32,100000,pito,owned_delete,ecs_remove_owned,8,10,43,57.983795
khanvm1,"AMD EPYC-Milan Processor",32,"Linux 7.0.0-27-generic x86_64","15.2.0"," -O3 -DNDEBUG -DPITO_ECS_OWNED_DELETE_ATOMIC=1",32,100000,pito,owned_delete,ecs_remove_owned,8,10,44,46.319362
khanvm1,"AMD EPYC-Milan Processor",32,"Linux 7.0.0-27-generic x86_64","15.2.0"," -O3 -DNDEBUG -DPITO_ECS_OWNED_DELETE_ATOMIC=1",32,100000,pito,owned_delete,ecs_remove_owned,8,10,45,53.456923
khanvm1,"AMD EPYC-Milan Processor",32,"Linux 7.0.0-27-generic x86_64","15.2.0"," -O3 -DNDEBUG -DPITO_ECS_OWNED_DELETE_ATOMIC=1",32,100000,pito,owned_delete,ecs_remove_owned,8,10,46,62.248516
khanvm1,"AMD EPYC-Milan Processor",32,"Linux 7.0.0-27-generic x86_64","15.2.0"," -O3 -DNDEBUG -DPITO_ECS_OWNED_DELETE_ATOMIC=1",32,100000,pito,owned_delete,ecs_remove_owned,8,10,47,56.559766
khanvm1,"AMD EPYC-Milan Processor",32,"Linux 7.0.0-27-generic x86_64","15.2.0"," -O3 -DNDEBUG -DPITO_ECS_OWNED_DELETE_ATOMIC=1",32,100000,pito,owned_delete,ecs_remove_owned,8,10,48,74.419784
khanvm1,"AMD EPYC-Milan Processor",32,"Linux 7.0.0-27-generic x86_64","15.2.0"," -O3 -DNDEBUG -DPITO_ECS_OWNED_DELETE_ATOMIC=1",32,100000,pito,owned_delete,ecs_remove_owned,8,10,49,48.113984
khanvm1,"AMD EPYC-Milan Processor",32,"Linux 7.0.0-27-generic x86_64","15.2.0"," -O3 -DNDEBUG -DPITO_ECS_OWNED_DELETE_ATOMIC=1",32,100000,pito,owned_delete,ecs_remove_owned,8,10,50,73.122813
khanvm1,"AMD EPYC-Milan Processor",32,"Linux 7.0.0-27-generic x86_64","15.2.0"," -O3 -DNDEBUG -DPITO_ECS_OWNED_DELETE_ATOMIC=1",32,100000,pito,owned_delete,ecs_remove_owned,8,10,51,78.649414
khanvm1,"AMD EPYC-Milan Processor",32,"Linux 7.0.0-27-generic x86_64","15.2.0"," -O3 -DNDEBUG -DPITO_ECS_OWNED_DELETE_ATOMIC=1",32,100000,pito,owned_delete,ecs_remove_owned,8,10,52,95.803017
khanvm1,"AMD EPYC-Milan Processor",32,"Linux 7.0.0-27-generic x86_64","15.2.0"," -O3 -DNDEBUG -DPITO_ECS_OWNED_DELETE_ATOMIC=1",32,100000,pito,owned_delete,ecs_remove_owned,8,10,53,58.926943
khanvm1,"AMD EPYC-Milan Processor",32,"Linux 7.0.0-27-generic x86_64","15.2.0"," -O3 -DNDEBUG -DPITO_ECS_OWNED_DELETE_ATOMIC=1",32,100000,pito,owned_delete,ecs_remove_owned,8,10,54,94.129304
khanvm1,"AMD EPYC-Milan Processor",32,"Linux 7.0.0-27-generic x86_64","15.2.0"," -O3 -DNDEBUG -DPITO_ECS_OWNED_DELETE_ATOMIC=1",32,100000,pito,owned_delete,ecs_remove_owned,8,10,55,61.172457
khanvm1,"AMD EPYC-Milan Processor",32,"Linux 7.0.0-27-generic x86_64","15.2.0"," -O3 -DNDEBUG -DPITO_ECS_OWNED_DELETE_ATOMIC=1",32,100000,pito,owned_delete,ecs_remove_owned,8,10,56,46.951336
khanvm1,"AMD EPYC-Milan Processor",32,"Linux 7.0.0-27-generic x86_64","15.2.0"," -O3 -DNDEBUG -DPITO_ECS_OWNED_DELETE_ATOMIC=1",32,100000,pito,owned_delete,ecs_remove_owned,8,10,57,46.838904
khanvm1,"AMD EPYC-Milan Processor",32,"Linux 7.0.0-27-generic x86_64","15.2.0"," -O3 -DNDEBUG -DPITO_ECS_OWNED_DELETE_ATOMIC=1",32,100000,pito,owned_delete,ecs_remove_owned,8,10,58,54.711162
khanvm1,"AMD EPYC-Milan Processor",32,"Linux 7.0.0-27-generic x86_64","15.2.0"," -O3 -DNDEBUG -DPITO_ECS_OWNED_DELETE_ATOMIC=1",32,100000,pito,owned_delete,ecs_remove_owned,8,10,59,45.549306
khanvm1,"AMD EPYC-Milan Processor",32,"Linux 7.0.0-27-generic x86_64","15.2.0"," -O3 -DNDEBUG -DPITO_ECS_OWNED_DELETE_ATOMIC=1",32,100000,pito,owned_delete,ecs_remove_owned,8,10,60,58.220397
khanvm1,"AMD EPYC-Milan Processor",32,"Linux 7.0.0-27-generic x86_64","15.2.0"," -O3 -DNDEBUG -DPITO_ECS_OWNED_DELETE_ATOMIC=1",32,100000,pito,owned_delete,ecs_remove_owned,8,10,61,54.370600
khanvm1,"AMD EPYC-Milan Processor",32,"Linux 7.0.0-27-generic x86_64","15.2.0"," -O3 -DNDEBUG -DPITO_ECS_OWNED_DELETE_ATOMIC=1",32,100000,pito,owned_delete,ecs_remove_owned,8,10,62,87.900979
khanvm1,"AMD EPYC-Milan Processor",32,"Linux 7.0.0-27-generic x86_64","15.2.0"," -O3 -DNDEBUG -DPITO_ECS_OWNED_DELETE_ATOMIC=1",32,100000,pito,owned_delete,ecs_remove_owned,8,10,63,65.677520
khanvm1,"AMD EPYC-Milan Processor",32,"Linux 7.0.0-27-generic x86_64","15.2.0"," -O3 -DNDEBUG -DPITO_ECS_OWNED_DELETE_ATOMIC=1",32,100000,pito,owned_delete,ecs_remove_owned,8,10,64,61.382318
khanvm1,"AMD EPYC-Milan Processor",32,"Linux 7.0.0-27-generic x86_64","15.2.0"," -O3 -DNDEBUG -DPITO_ECS_OWNED_DELETE_ATOMIC=1",32,100000,pito,owned_delete,ecs_remove_owned,8,10,65,47.691570
khanvm1,"AMD EPYC-Milan Processor",32,"Linux 7.0.0-27-generic x86_64","15.2.0"," -O3 -DNDEBUG -DPITO_ECS_OWNED_DELETE_ATOMIC=1",32,100000,pito,owned_delete,ecs_remove_owned,8,10,66,45.321294
khanvm1,"AMD EPYC-Milan Processor",32,"Linux 7.0.0-27-generic x86_64","15.2.0"," -O3 -DNDEBUG -DPITO_ECS_OWNED_DELETE_ATOMIC=1",32,100000,pito,owned_delete,ecs_remove_owned,8,10,67,47.033417
khanvm1,"AMD EPYC-Milan Processor",32,"Linux 7.0.0-27-generic x86_64","15.2.0"," -O3 -DNDEBUG -DPITO_ECS_OWNED_DELETE_ATOMIC=1",32,100000,pito,owned_delete,ecs_remove_owned,8,10,68,57.254410
khanvm1,"AMD EPYC-Milan Processor",32,"Linux 7.0.0-27-generic x86_64","15.2.0"," -O3 -DNDEBUG -DPITO_ECS_OWNED_DELETE_ATOMIC=1",32,100000,pito,owned_delete,ecs_remove_owned,8,10,69,51.943722
khanvm1,"AMD EPYC-Milan Processor",32,"Linux 7.0.0-27-generic x86_64","15.2.0"," -O3 -DNDEBUG -DPITO_ECS_OWNED_DELETE_ATOMIC=1",32,100000,pito,owned_delete,ecs_remove_owned,8,10,70,63.241583
khanvm1,"AMD EPYC-Milan Processor",32,"Linux 7.0.0-27-generic x86_64","15.2.0"," -O3 -DNDEBUG -DPITO_ECS_OWNED_DELETE_ATOMIC=1",32,100000,pito,owned_delete,ecs_remove_owned,8,10,71,48.668039
khanvm1,"AMD EPYC-Milan Processor",32,"Linux 7.0.0-27-generic x86_64","15.2.0"," -O3 -DNDEBUG -DPITO_ECS_OWNED_DELETE_ATOMIC=1",32,100000,pito,owned_delete,ecs_remove_owned,8,10,72,45.951269
khanvm1,"AMD EPYC-Milan Processor",32,"Linux 7.0.0-27-generic x86_64","15.2.0"," -O3 -DNDEBUG -DPITO_ECS_OWNED_DELETE_ATOMIC=1",32,100000,pito,owned_delete,ecs_remove_owned,8,10,73,48.301736
khanvm1,"AMD EPYC-Milan Processor",32,"Linux 7.0.0-27-generic x86_64","15.2.0"," -O3 -DNDEBUG -DPITO_ECS_OWNED_DELETE_ATOMIC=1",32,100000,pito,owned_delete,ecs_remove_owned,8,10,74,47.537612
khanvm1,"AMD EPYC-Milan Processor",32,"Linux 7.0.0-27-generic x86_64","15.2.0"," -O3 -DNDEBUG -DPITO_ECS_OWNED_DELETE_ATOMIC=1",32,100000,pito,owned_delete,ecs_remove_owned,8,10,75,47.350760
khanvm1,"AMD EPYC-Milan Processor",32,"Linux 7.0.0-27-generic x86_64","15.2.0"," -O3 -DNDEBUG -DPITO_ECS_OWNED_DELETE_ATOMIC=1",32,100000,pito,owned_delete,ecs_remove_owned,8,10,76,68.760353
khanvm1,"AMD EPYC-Milan Processor",32,"Linux 7.0.0-27-generic x86_64","15.2.0"," -O3 -DNDEBUG -DPITO_ECS_OWNED_DELETE_ATOMIC=1",32,100000,pito,owned_delete,ecs_remove_owned,8,10,77,63.835319
khanvm1,"AMD EPYC-Milan Processor",32,"Linux 7.0.0-27-generic x86_64","15.2.0"," -O3 -DNDEBUG -DPITO_ECS_OWNED_DELETE_ATOMIC=1",32,100000,pito,owned_delete,ecs_remove_owned,8,10,78,62.642499
khanvm1,"AMD EPYC-Milan Processor",32,"Linux 7.0.0-27-generic x86_64","15.2.0"," -O3 -DNDEBUG -DPITO_ECS_OWNED_DELETE_ATOMIC=1",32,100000,pito,owned_delete,ecs_remove_owned,8,10,79,72.239508
khanvm1,"AMD EPYC-Milan Processor",32,"Linux 7.0.0-27-generic x86_64","15.2.0"," -O3 -DNDEBUG -DPITO_ECS_OWNED_DELETE_ATOMIC=1",32,100000,pito,owned_delete,ecs_remove_owned,8,10,80,84.895818
khanvm1,"AMD EPYC-Milan Processor",32,"Linux 7.0.0-27-generic x86_64","15.2.0"," -O3 -DNDEBUG -DPITO_ECS_OWNED_DELETE_ATOMIC=1",32,100000,pito,owned_delete,ecs_remove_owned,8,10,81,48.880119
khanvm1,"AMD EPYC-Milan Processor",32,"Linux 7.0.0-27-generic x86_64","15.2.0"," -O3 -DNDEBUG -DPITO_ECS_OWNED_DELETE_ATOMIC=1",32,100000,pito,owned_delete,ecs_remove_owned,8,10,82,96.322559
khanvm1,"AMD EPYC-Milan Processor",32,"Linux 7.0.0-27-generic x86_64","15.2.0"," -O3 -DNDEBUG -DPITO_ECS_OWNED_DELETE_ATOMIC=1",32,100000,pito,owned_delete,ecs_remove_owned,8,10,83,98.571075
khanvm1,"AMD EPYC-Milan Processor",32,"Linux 7.0.0-27-generic x86_64","15.2.0"," -O3 -DNDEBUG -DPITO_ECS_OWNED_DELETE_ATOMIC=1",32,100000,pito,owned_delete,ecs_remove_owned,8,10,84,46.702534
khanvm1,"AMD EPYC-Milan Processor",32,"Linux 7.0.0-27-generic x86_64","15.2.0"," -O3 -DNDEBUG -DPITO_ECS_OWNED_DELETE_ATOMIC=1",32,100000,pito,owned_delete,ecs_remove_owned,8,10,85,70.247093
khanvm1,"AMD EPYC-Milan Processor",32,"Linux 7.0.0-27-generic x86_64","15.2.0"," -O3 -DNDEBUG -DPITO_ECS_OWNED_DELETE_ATOMIC=1",32,100000,pito,owned_delete,ecs_remove_owned,8,10,86,47.819613
khanvm1,"AMD EPYC-Milan Processor",32,"Linux 7.0.0-27-generic x86_64","15.2.0"," -O3 -DNDEBUG -DPITO_ECS_OWNED_DELETE_ATOMIC=1",32,100000,pito,owned_delete,ecs_remove_owned,8,10,87,66.713129
khanvm1,"AMD EPYC-Milan Processor",32,"Linux 7.0.0-27-generic x86_64","15.2.0"," -O3 -DNDEBUG -DPITO_ECS_OWNED_DELETE_ATOMIC=1",32,100000,pito,owned_delete,ecs_remove_owned,8,10,88,47.749082
khanvm1,"AMD EPYC-Milan Processor",32,"Linux 7.0.0-27-generic x86_64","15.2.0"," -O3 -DNDEBUG -DPITO_ECS_OWNED_DELETE_ATOMIC=1",32,100000,pito,owned_delete,ecs_remove_owned,8,10,89,56.779036
khanvm1,"AMD EPYC-Milan Processor",32,"Linux 7.0.0-27-generic x86_64","15.2.0"," -O3 -DNDEBUG -DPITO_ECS_OWNED_DELETE_ATOMIC=1",32,100000,pito,owned_delete,ecs_remove_owned,8,10,90,50.502790
khanvm1,"AMD EPYC-Milan Processor",32,"Linux 7.0.0-27-generic x86_64","15.2.0"," -O3 -DNDEBUG -DPITO_ECS_OWNED_DELETE_ATOMIC=1",32,100000,pito,owned_delete,ecs_remove_owned,8,10,91,49.632626
khanvm1,"AMD EPYC-Milan Processor",32,"Linux 7.0.0-27-generic x86_64","15.2.0"," -O3 -DNDEBUG -DPITO_ECS_OWNED_DELETE_ATOMIC=1",32,100000,pito,owned_delete,ecs_remove_owned,8,10,92,45.623367
khanvm1,"AMD EPYC-Milan Processor",32,"Linux 7.0.0-27-generic x86_64","15.2.0"," -O3 -DNDEBUG -DPITO_ECS_OWNED_DELETE_ATOMIC=1",32,100000,pito,owned_delete,ecs_remove_owned,8,10,93,51.686992
khanvm1,"AMD EPYC-Milan Processor",32,"Linux 7.0.0-27-generic x86_64","15.2.0"," -O3 -DNDEBUG -DPITO_ECS_OWNED_DELETE_ATOMIC=1",32,100000,pito,owned_delete,ecs_remove_owned,8,10,94,59.243553
khanvm1,"AMD EPYC-Milan Processor",32,"Linux 7.0.0-27-generic x86_64","15.2.0"," -O3 -DNDEBUG -DPITO_ECS_OWNED_DELETE_ATOMIC=1",32,100000,pito,owned_delete,ecs_remove_owned,8,10,95,66.291305
khanvm1,"AMD EPYC-Milan Processor",32,"Linux 7.0.0-27-generic x86_64","15.2.0"," -O3 -DNDEBUG -DPITO_ECS_OWNED_DELETE_ATOMIC=1",32,100000,pito,owned_delete,ecs_remove_owned,8,10,96,56.027711
khanvm1,"AMD EPYC-Milan Processor",32,"Linux 7.0.0-27-generic x86_64","15.2.0"," -O3 -DNDEBUG -DPITO_ECS_OWNED_DELETE_ATOMIC=1",32,100000,pito,owned_delete,ecs_remove_owned,8,10,97,48.772799
khanvm1,"AMD EPYC-Milan Processor",32,"Linux 7.0.0-27-generic x86_64","15.2.0"," -O3 -DNDEBUG -DPITO_ECS_OWNED_DELETE_ATOMIC=1",32,100000,pito,owned_delete,ecs_remove_owned,8,10,98,44.020347
khanvm1,"AMD EPYC-Milan Processor",32,"Linux 7.0.0-27-generic x86_64","15.2.0"," -O3 -DNDEBUG -DPITO_ECS_OWNED_DELETE_ATOMIC=1",32,100000,pito,owned_delete,ecs_remove_owned,8,10,99,52.539117
khanvm1,"AMD EPYC-Milan Processor",32,"Linux 7.0.0-27-generic x86_64","15.2.0"," -O3 -DNDEBUG -DPITO_ECS_OWNED_DELETE_ATOMIC=1",32,100000,pito,owned_delete,ecs_remove_owned,8,10,100,50.051628
khanvm1,"AMD EPYC-Milan Processor",32,"Linux 7.0.0-27-generic x86_64","15.2.0"," -O3 -DNDEBUG -DPITO_ECS_OWNED_DELETE_ATOMIC=1",32,100000,pito,owned_delete,ecs_remove_owned,8,500,1,466.650044
khanvm1,"AMD EPYC-Milan Processor",32,"Linux 7.0.0-27-generic x86_64","15.2.0"," -O3 -DNDEBUG -DPITO_ECS_OWNED_DELETE_ATOMIC=1",32,100000,pito,owned_delete,ecs_remove_owned,8,500,2,467.843102
khanvm1,"AMD EPYC-Milan Processor",32,"Linux 7.0.0-27-generic x86_64","15.2.0"," -O3 -DNDEBUG -DPITO_ECS_OWNED_DELETE_ATOMIC=1",32,100000,pito,owned_delete,ecs_remove_owned,8,500,3,468.623278
khanvm1,"AMD EPYC-Milan Processor",32,"Linux 7.0.0-27-generic x86_64","15.2.0"," -O3 -DNDEBUG -DPITO_ECS_OWNED_DELETE_ATOMIC=1",32,100000,pito,owned_delete,ecs_remove_owned,8,500,4,468.315604
khanvm1,"AMD EPYC-Milan Processor",32,"Linux 7.0.0-27-generic x86_64","15.2.0"," -O3 -DNDEBUG -DPITO_ECS_OWNED_DELETE_ATOMIC=1",32,100000,pito,owned_delete,ecs_remove_owned,8,500,5,473.757054
khanvm1,"AMD EPYC-Milan Processor",32,"Linux 7.0.0-27-generic x86_64","15.2.0"," -O3 -DNDEBUG -DPITO_ECS_OWNED_DELETE_ATOMIC=1",32,100000,pito,owned_delete,ecs_remove_owned,8,500,6,468.280785
khanvm1,"AMD EPYC-Milan Processor",32,"Linux 7.0.0-27-generic x86_64","15.2.0"," -O3 -DNDEBUG -DPITO_ECS_OWNED_DELETE_ATOMIC=1",32,100000,pito,owned_delete,ecs_remove_owned,8,500,7,468.721519
khanvm1,"AMD EPYC-Milan Processor",32,"Linux 7.0.0-27-generic x86_64","15.2.0"," -O3 -DNDEBUG -DPITO_ECS_OWNED_DELETE_ATOMIC=1",32,100000,pito,owned_delete,ecs_remove_owned,8,500,8,468.645747
khanvm1,"AMD EPYC-Milan Processor",32,"Linux 7.0.0-27-generic x86_64","15.2.0"," -O3 -DNDEBUG -DPITO_ECS_OWNED_DELETE_ATOMIC=1",32,100000,pito,owned_delete,ecs_remove_owned,8,500,9,468.990401
khanvm1,"AMD EPYC-Milan Processor",32,"Linux 7.0.0-27-generic x86_64","15.2.0"," -O3 -DNDEBUG -DPITO_ECS_OWNED_DELETE_ATOMIC=1",32,100000,pito,owned_delete,ecs_remove_owned,8,500,10,469.166991
khanvm1,"AMD EPYC-Milan Processor",32,"Linux 7.0.0-27-generic x86_64","15.2.0"," -O3 -DNDEBUG -DPITO_ECS_OWNED_DELETE_ATOMIC=1",32,100000,pito,owned_delete,ecs_remove_owned,16,0,1,40.199197
khanvm1,"AMD EPYC-Milan Processor",32,"Linux 7.0.0-27-generic x86_64","15.2.0"," -O3 -DNDEBUG -DPITO_ECS_OWNED_DELETE_ATOMIC=1",32,100000,pito,owned_delete,ecs_remove_owned,16,0,2,44.502098
khanvm1,"AMD EPYC-Milan Processor",32,"Linux 7.0.0-27-generic x86_64","15.2.0"," -O3 -DNDEBUG -DPITO_ECS_OWNED_DELETE_ATOMIC=1",32,100000,pito,owned_delete,ecs_remove_owned,16,0,3,37.320937
khanvm1,"AMD EPYC-Milan Processor",32,"Linux 7.0.0-27-generic x86_64","15.2.0"," -O3 -DNDEBUG -DPITO_ECS_OWNED_DELETE_ATOMIC=1",32,100000,pito,owned_delete,ecs_remove_owned,16,0,4,34.529418
khanvm1,"AMD EPYC-Milan Processor",32,"Linux 7.0.0-27-generic x86_64","15.2.0"," -O3 -DNDEBUG -DPITO_ECS_OWNED_DELETE_ATOMIC=1",32,100000,pito,owned_delete,ecs_remove_owned,16,0,5,37.464507
khanvm1,"AMD EPYC-Milan Processor",32,"Linux 7.0.0-27-generic x86_64","15.2.0"," -O3 -DNDEBUG -DPITO_ECS_OWNED_DELETE_ATOMIC=1",32,100000,pito,owned_delete,ecs_remove_owned,16,0,6,39.214211
khanvm1,"AMD EPYC-Milan Processor",32,"Linux 7.0.0-27-generic x86_64","15.2.0"," -O3 -DNDEBUG -DPITO_ECS_OWNED_DELETE_ATOMIC=1",32,100000,pito,owned_delete,ecs_remove_owned,16,0,7,43.606842
khanvm1,"AMD EPYC-Milan Processor",32,"Linux 7.0.0-27-generic x86_64","15.2.0"," -O3 -DNDEBUG -DPITO_ECS_OWNED_DELETE_ATOMIC=1",32,100000,pito,owned_delete,ecs_remove_owned,16,0,8,42.179512
khanvm1,"AMD EPYC-Milan Processor",32,"Linux 7.0.0-27-generic x86_64","15.2.0"," -O3 -DNDEBUG -DPITO_ECS_OWNED_DELETE_ATOMIC=1",32,100000,pito,owned_delete,ecs_remove_owned,16,0,9,43.976594
khanvm1,"AMD EPYC-Milan Processor",32,"Linux 7.0.0-27-generic x86_64","15.2.0"," -O3 -DNDEBUG -DPITO_ECS_OWNED_DELETE_ATOMIC=1",32,100000,pito,owned_delete,ecs_remove_owned,16,0,10,38.272024
khanvm1,"AMD EPYC-Milan Processor",32,"Linux 7.0.0-27-generic x86_64","15.2.0"," -O3 -DNDEBUG -DPITO_ECS_OWNED_DELETE_ATOMIC=1",32,100000,pito,owned_delete,ecs_remove_owned,16,0,11,34.933459
khanvm1,"AMD EPYC-Milan Processor",32,"Linux 7.0.0-27-generic x86_64","15.2.0"," -O3 -DNDEBUG -DPITO_ECS_OWNED_DELETE_ATOMIC=1",32,100000,pito,owned_delete,ecs_remove_owned,16,0,12,36.528302
khanvm1,"AMD EPYC-Milan Processor",32,"Linux 7.0.0-27-generic x86_64","15.2.0"," -O3 -DNDEBUG -DPITO_ECS_OWNED_DELETE_ATOMIC=1",32,100000,pito,owned_delete,ecs_remove_owned,16,0,13,34.934901
khanvm1,"AMD EPYC-Milan Processor",32,"Linux 7.0.0-27-generic x86_64","15.2.0"," -O3 -DNDEBUG -DPITO_ECS_OWNED_DELETE_ATOMIC=1",32,100000,pito,owned_delete,ecs_remove_owned,16,0,14,33.930532
khanvm1,"AMD EPYC-Milan Processor",32,"Linux 7.0.0-27-generic x86_64","15.2.0"," -O3 -DNDEBUG -DPITO_ECS_OWNED_DELETE_ATOMIC=1",32,100000,pito,owned_delete,ecs_remove_owned,16,0,15,41.968961
khanvm1,"AMD EPYC-Milan Processor",32,"Linux 7.0.0-27-generic x86_64","15.2.0"," -O3 -DNDEBUG -DPITO_ECS_OWNED_DELETE_ATOMIC=1",32,100000,pito,owned_delete,ecs_remove_owned,16,0,16,41.798399
khanvm1,"AMD EPYC-Milan Processor",32,"Linux 7.0.0-27-generic x86_64","15.2.0"," -O3 -DNDEBUG -DPITO_ECS_OWNED_DELETE_ATOMIC=1",32,100000,pito,owned_delete,ecs_remove_owned,16,0,17,49.822877
khanvm1,"AMD EPYC-Milan Processor",32,"Linux 7.0.0-27-generic x86_64","15.2.0"," -O3 -DNDEBUG -DPITO_ECS_OWNED_DELETE_ATOMIC=1",32,100000,pito,owned_delete,ecs_remove_owned,16,0,18,39.875694
khanvm1,"AMD EPYC-Milan Processor",32,"Linux 7.0.0-27-generic x86_64","15.2.0"," -O3 -DNDEBUG -DPITO_ECS_OWNED_DELETE_ATOMIC=1",32,100000,pito,owned_delete,ecs_remove_owned,16,0,19,45.704798
khanvm1,"AMD EPYC-Milan Processor",32,"Linux 7.0.0-27-generic x86_64","15.2.0"," -O3 -DNDEBUG -DPITO_ECS_OWNED_DELETE_ATOMIC=1",32,100000,pito,owned_delete,ecs_remove_owned,16,0,20,37.005725
khanvm1,"AMD EPYC-Milan Processor",32,"Linux 7.0.0-27-generic x86_64","15.2.0"," -O3 -DNDEBUG -DPITO_ECS_OWNED_DELETE_ATOMIC=1",32,100000,pito,owned_delete,ecs_remove_owned,16,0,21,48.632069
khanvm1,"AMD EPYC-Milan Processor",32,"Linux 7.0.0-27-generic x86_64","15.2.0"," -O3 -DNDEBUG -DPITO_ECS_OWNED_DELETE_ATOMIC=1",32,100000,pito,owned_delete,ecs_remove_owned,16,0,22,37.233149
khanvm1,"AMD EPYC-Milan Processor",32,"Linux 7.0.0-27-generic x86_64","15.2.0"," -O3 -DNDEBUG -DPITO_ECS_OWNED_DELETE_ATOMIC=1",32,100000,pito,owned_delete,ecs_remove_owned,16,0,23,39.151789
khanvm1,"AMD EPYC-Milan Processor",32,"Linux 7.0.0-27-generic x86_64","15.2.0"," -O3 -DNDEBUG -DPITO_ECS_OWNED_DELETE_ATOMIC=1",32,100000,pito,owned_delete,ecs_remove_owned,16,0,24,44.537550
khanvm1,"AMD EPYC-Milan Processor",32,"Linux 7.0.0-27-generic x86_64","15.2.0"," -O3 -DNDEBUG -DPITO_ECS_OWNED_DELETE_ATOMIC=1",32,100000,pito,owned_delete,ecs_remove_owned,16,0,25,45.084042
khanvm1,"AMD EPYC-Milan Processor",32,"Linux 7.0.0-27-generic x86_64","15.2.0"," -O3 -DNDEBUG -DPITO_ECS_OWNED_DELETE_ATOMIC=1",32,100000,pito,owned_delete,ecs_remove_owned,16,0,26,36.156347
khanvm1,"AMD EPYC-Milan Processor",32,"Linux 7.0.0-27-generic x86_64","15.2.0"," -O3 -DNDEBUG -DPITO_ECS_OWNED_DELETE_ATOMIC=1",32,100000,pito,owned_delete,ecs_remove_owned,16,0,27,34.507928
khanvm1,"AMD EPYC-Milan Processor",32,"Linux 7.0.0-27-generic x86_64","15.2.0"," -O3 -DNDEBUG -DPITO_ECS_OWNED_DELETE_ATOMIC=1",32,100000,pito,owned_delete,ecs_remove_owned,16,0,28,36.172059
khanvm1,"AMD EPYC-Milan Processor",32,"Linux 7.0.0-27-generic x86_64","15.2.0"," -O3 -DNDEBUG -DPITO_ECS_OWNED_DELETE_ATOMIC=1",32,100000,pito,owned_delete,ecs_remove_owned,16,0,29,38.190413
khanvm1,"AMD EPYC-Milan Processor",32,"Linux 7.0.0-27-generic x86_64","15.2.0"," -O3 -DNDEBUG -DPITO_ECS_OWNED_DELETE_ATOMIC=1",32,100000,pito,owned_delete,ecs_remove_owned,16,0,30,33.651230
khanvm1,"AMD EPYC-Milan Processor",32,"Linux 7.0.0-27-generic x86_64","15.2.0"," -O3 -DNDEBUG -DPITO_ECS_OWNED_DELETE_ATOMIC=1",32,100000,pito,owned_delete,ecs_remove_owned,16,0,31,35.317384
khanvm1,"AMD EPYC-Milan Processor",32,"Linux 7.0.0-27-generic x86_64","15.2.0"," -O3 -DNDEBUG -DPITO_ECS_OWNED_DELETE_ATOMIC=1",32,100000,pito,owned_delete,ecs_remove_owned,16,0,32,34.617317
khanvm1,"AMD EPYC-Milan Processor",32,"Linux 7.0.0-27-generic x86_64","15.2.0"," -O3 -DNDEBUG -DPITO_ECS_OWNED_DELETE_ATOMIC=1",32,100000,pito,owned_delete,ecs_remove_owned,16,0,33,33.774343
khanvm1,"AMD EPYC-Milan Processor",32,"Linux 7.0.0-27-generic x86_64","15.2.0"," -O3 -DNDEBUG -DPITO_ECS_OWNED_DELETE_ATOMIC=1",32,100000,pito,owned_delete,ecs_remove_owned,16,0,34,36.795883
khanvm1,"AMD EPYC-Milan Processor",32,"Linux 7.0.0-27-generic x86_64","15.2.0"," -O3 -DNDEBUG -DPITO_ECS_OWNED_DELETE_ATOMIC=1",32,100000,pito,owned_delete,ecs_remove_owned,16,0,35,35.811337
khanvm1,"AMD EPYC-Milan Processor",32,"Linux 7.0.0-27-generic x86_64","15.2.0"," -O3 -DNDEBUG -DPITO_ECS_OWNED_DELETE_ATOMIC=1",32,100000,pito,owned_delete,ecs_remove_owned,16,0,36,43.561412
khanvm1,"AMD EPYC-Milan Processor",32,"Linux 7.0.0-27-generic x86_64","15.2.0"," -O3 -DNDEBUG -DPITO_ECS_OWNED_DELETE_ATOMIC=1",32,100000,pito,owned_delete,ecs_remove_owned,16,0,37,38.070402
khanvm1,"AMD EPYC-Milan Processor",32,"Linux 7.0.0-27-generic x86_64","15.2.0"," -O3 -DNDEBUG -DPITO_ECS_OWNED_DELETE_ATOMIC=1",32,100000,pito,owned_delete,ecs_remove_owned,16,0,38,37.881982
khanvm1,"AMD EPYC-Milan Processor",32,"Linux 7.0.0-27-generic x86_64","15.2.0"," -O3 -DNDEBUG -DPITO_ECS_OWNED_DELETE_ATOMIC=1",32,100000,pito,owned_delete,ecs_remove_owned,16,0,39,43.190609
khanvm1,"AMD EPYC-Milan Processor",32,"Linux 7.0.0-27-generic x86_64","15.2.0"," -O3 -DNDEBUG -DPITO_ECS_OWNED_DELETE_ATOMIC=1",32,100000,pito,owned_delete,ecs_remove_owned,16,0,40,43.118038
khanvm1,"AMD EPYC-Milan Processor",32,"Linux 7.0.0-27-generic x86_64","15.2.0"," -O3 -DNDEBUG -DPITO_ECS_OWNED_DELETE_ATOMIC=1",32,100000,pito,owned_delete,ecs_remove_owned,16,0,41,31.106584
khanvm1,"AMD EPYC-Milan Processor",32,"Linux 7.0.0-27-generic x86_64","15.2.0"," -O3 -DNDEBUG -DPITO_ECS_OWNED_DELETE_ATOMIC=1",32,100000,pito,owned_delete,ecs_remove_owned,16,0,42,38.306144
khanvm1,"AMD EPYC-Milan Processor",32,"Linux 7.0.0-27-generic x86_64","15.2.0"," -O3 -DNDEBUG -DPITO_ECS_OWNED_DELETE_ATOMIC=1",32,100000,pito,owned_delete,ecs_remove_owned,16,0,43,33.361018
khanvm1,"AMD EPYC-Milan Processor",32,"Linux 7.0.0-27-generic x86_64","15.2.0"," -O3 -DNDEBUG -DPITO_ECS_OWNED_DELETE_ATOMIC=1",32,100000,pito,owned_delete,ecs_remove_owned,16,0,44,45.988581
khanvm1,"AMD EPYC-Milan Processor",32,"Linux 7.0.0-27-generic x86_64","15.2.0"," -O3 -DNDEBUG -DPITO_ECS_OWNED_DELETE_ATOMIC=1",32,100000,pito,owned_delete,ecs_remove_owned,16,0,45,37.989292
khanvm1,"AMD EPYC-Milan Processor",32,"Linux 7.0.0-27-generic x86_64","15.2.0"," -O3 -DNDEBUG -DPITO_ECS_OWNED_DELETE_ATOMIC=1",32,100000,pito,owned_delete,ecs_remove_owned,16,0,46,33.486629
khanvm1,"AMD EPYC-Milan Processor",32,"Linux 7.0.0-27-generic x86_64","15.2.0"," -O3 -DNDEBUG -DPITO_ECS_OWNED_DELETE_ATOMIC=1",32,100000,pito,owned_delete,ecs_remove_owned,16,0,47,34.516857
khanvm1,"AMD EPYC-Milan Processor",32,"Linux 7.0.0-27-generic x86_64","15.2.0"," -O3 -DNDEBUG -DPITO_ECS_OWNED_DELETE_ATOMIC=1",32,100000,pito,owned_delete,ecs_remove_owned,16,0,48,39.291191
khanvm1,"AMD EPYC-Milan Processor",32,"Linux 7.0.0-27-generic x86_64","15.2.0"," -O3 -DNDEBUG -DPITO_ECS_OWNED_DELETE_ATOMIC=1",32,100000,pito,owned_delete,ecs_remove_owned,16,10,1,39.991667
khanvm1,"AMD EPYC-Milan Processor",32,"Linux 7.0.0-27-generic x86_64","15.2.0"," -O3 -DNDEBUG -DPITO_ECS_OWNED_DELETE_ATOMIC=1",32,100000,pito,owned_delete,ecs_remove_owned,16,10,2,41.608208
khanvm1,"AMD EPYC-Milan Processor",32,"Linux 7.0.0-27-generic x86_64","15.2.0"," -O3 -DNDEBUG -DPITO_ECS_OWNED_DELETE_ATOMIC=1",32,100000,pito,owned_delete,ecs_remove_owned,16,10,3,50.595562
khanvm1,"AMD EPYC-Milan Processor",32,"Linux 7.0.0-27-generic x86_64","15.2.0"," -O3 -DNDEBUG -DPITO_ECS_OWNED_DELETE_ATOMIC=1",32,100000,pito,owned_delete,ecs_remove_owned,16,10,4,39.231921
khanvm1,"AMD EPYC-Milan Processor",32,"Linux 7.0.0-27-generic x86_64","15.2.0"," -O3 -DNDEBUG -DPITO_ECS_OWNED_DELETE_ATOMIC=1",32,100000,pito,owned_delete,ecs_remove_owned,16,10,5,39.285180
khanvm1,"AMD EPYC-Milan Processor",32,"Linux 7.0.0-27-generic x86_64","15.2.0"," -O3 -DNDEBUG -DPITO_ECS_OWNED_DELETE_ATOMIC=1",32,100000,pito,owned_delete,ecs_remove_owned,16,10,6,45.681417
khanvm1,"AMD EPYC-Milan Processor",32,"Linux 7.0.0-27-generic x86_64","15.2.0"," -O3 -DNDEBUG -DPITO_ECS_OWNED_DELETE_ATOMIC=1",32,100000,pito,owned_delete,ecs_remove_owned,16,10,7,42.261964
khanvm1,"AMD EPYC-Milan Processor",32,"Linux 7.0.0-27-generic x86_64","15.2.0"," -O3 -DNDEBUG -DPITO_ECS_OWNED_DELETE_ATOMIC=1",32,100000,pito,owned_delete,ecs_remove_owned,16,10,8,40.063197
khanvm1,"AMD EPYC-Milan Processor",32,"Linux 7.0.0-27-generic x86_64","15.2.0"," -O3 -DNDEBUG -DPITO_ECS_OWNED_DELETE_ATOMIC=1",32,100000,pito,owned_delete,ecs_remove_owned,16,10,9,41.276205
khanvm1,"AMD EPYC-Milan Processor",32,"Linux 7.0.0-27-generic x86_64","15.2.0"," -O3 -DNDEBUG -DPITO_ECS_OWNED_DELETE_ATOMIC=1",32,100000,pito,owned_delete,ecs_remove_owned,16,10,10,45.432985
khanvm1,"AMD EPYC-Milan Processor",32,"Linux 7.0.0-27-generic x86_64","15.2.0"," -O3 -DNDEBUG -DPITO_ECS_OWNED_DELETE_ATOMIC=1",32,100000,pito,owned_delete,ecs_remove_owned,16,10,11,39.769196
khanvm1,"AMD EPYC-Milan Processor",32,"Linux 7.0.0-27-generic x86_64","15.2.0"," -O3 -DNDEBUG -DPITO_ECS_OWNED_DELETE_ATOMIC=1",32,100000,pito,owned_delete,ecs_remove_owned,16,10,12,42.374524
khanvm1,"AMD EPYC-Milan Processor",32,"Linux 7.0.0-27-generic x86_64","15.2.0"," -O3 -DNDEBUG -DPITO_ECS_OWNED_DELETE_ATOMIC=1",32,100000,pito,owned_delete,ecs_remove_owned,16,10,13,40.266519
khanvm1,"AMD EPYC-Milan Processor",32,"Linux 7.0.0-27-generic x86_64","15.2.0"," -O3 -DNDEBUG -DPITO_ECS_OWNED_DELETE_ATOMIC=1",32,100000,pito,owned_delete,ecs_remove_owned,16,10,14,41.125705
khanvm1,"AMD EPYC-Milan Processor",32,"Linux 7.0.0-27-generic x86_64","15.2.0"," -O3 -DNDEBUG -DPITO_ECS_OWNED_DELETE_ATOMIC=1",32,100000,pito,owned_delete,ecs_remove_owned,16,10,15,41.583077
khanvm1,"AMD EPYC-Milan Processor",32,"Linux 7.0.0-27-generic x86_64","15.2.0"," -O3 -DNDEBUG -DPITO_ECS_OWNED_DELETE_ATOMIC=1",32,100000,pito,owned_delete,ecs_remove_owned,16,10,16,43.134581
khanvm1,"AMD EPYC-Milan Processor",32,"Linux 7.0.0-27-generic x86_64","15.2.0"," -O3 -DNDEBUG -DPITO_ECS_OWNED_DELETE_ATOMIC=1",32,100000,pito,owned_delete,ecs_remove_owned,16,500,1,274.788970
khanvm1,"AMD EPYC-Milan Processor",32,"Linux 7.0.0-27-generic x86_64","15.2.0"," -O3 -DNDEBUG -DPITO_ECS_OWNED_DELETE_ATOMIC=1",32,100000,pito,owned_delete,ecs_remove_owned,16,500,2,275.344663
khanvm1,"AMD EPYC-Milan Processor",32,"Linux 7.0.0-27-generic x86_64","15.2.0"," -O3 -DNDEBUG -DPITO_ECS_OWNED_DELETE_ATOMIC=1",32,100000,pito,owned_delete,ecs_remove_owned,16,500,3,273.977633
khanvm1,"AMD EPYC-Milan Processor",32,"Linux 7.0.0-27-generic x86_64","15.2.0"," -O3 -DNDEBUG -DPITO_ECS_OWNED_DELETE_ATOMIC=1",32,100000,pito,owned_delete,ecs_remove_owned,16,500,4,274.110254
khanvm1,"AMD EPYC-Milan Processor",32,"Linux 7.0.0-27-generic x86_64","15.2.0"," -O3 -DNDEBUG -DPITO_ECS_OWNED_DELETE_ATOMIC=1",32,100000,pito,owned_delete,ecs_remove_owned,16,500,5,274.263754
khanvm1,"AMD EPYC-Milan Processor",32,"Linux 7.0.0-27-generic x86_64","15.2.0"," -O3 -DNDEBUG -DPITO_ECS_OWNED_DELETE_ATOMIC=1",32,100000,pito,owned_delete,ecs_remove_owned,16,500,6,274.137884
khanvm1,"AMD EPYC-Milan Processor",32,"Linux 7.0.0-27-generic x86_64","15.2.0"," -O3 -DNDEBUG -DPITO_ECS_OWNED_DELETE_ATOMIC=1",32,100000,pito,owned_delete,ecs_remove_owned,16,500,7,270.700239
khanvm1,"AMD EPYC-Milan Processor",32,"Linux 7.0.0-27-generic x86_64","15.2.0"," -O3 -DNDEBUG -DPITO_ECS_OWNED_DELETE_ATOMIC=1",32,100000,pito,owned_delete,ecs_remove_owned,16,500,8,275.528583
khanvm1,"AMD EPYC-Milan Processor",32,"Linux 7.0.0-27-generic x86_64","15.2.0"," -O3 -DNDEBUG -DPITO_ECS_OWNED_DELETE_ATOMIC=1",32,100000,pito,owned_delete,ecs_remove_owned,16,500,9,271.337404
khanvm1,"AMD EPYC-Milan Processor",32,"Linux 7.0.0-27-generic x86_64","15.2.0"," -O3 -DNDEBUG -DPITO_ECS_OWNED_DELETE_ATOMIC=1",32,100000,pito,owned_delete,ecs_remove_owned,16,500,10,270.833540
khanvm1,"AMD EPYC-Milan Processor",32,"Linux 7.0.0-27-generic x86_64","15.2.0"," -O3 -DNDEBUG -DPITO_ECS_OWNED_DELETE_ATOMIC=1",32,100000,pito,owned_delete,ecs_remove_owned,32,0,1,26.785132
khanvm1,"AMD EPYC-Milan Processor",32,"Linux 7.0.0-27-generic x86_64","15.2.0"," -O3 -DNDEBUG -DPITO_ECS_OWNED_DELETE_ATOMIC=1",32,100000,pito,owned_delete,ecs_remove_owned,32,0,2,27.852009
khanvm1,"AMD EPYC-Milan Processor",32,"Linux 7.0.0-27-generic x86_64","15.2.0"," -O3 -DNDEBUG -DPITO_ECS_OWNED_DELETE_ATOMIC=1",32,100000,pito,owned_delete,ecs_remove_owned,32,0,3,25.492393
khanvm1,"AMD EPYC-Milan Processor",32,"Linux 7.0.0-27-generic x86_64","15.2.0"," -O3 -DNDEBUG -DPITO_ECS_OWNED_DELETE_ATOMIC=1",32,100000,pito,owned_delete,ecs_remove_owned,32,0,4,26.692591
khanvm1,"AMD EPYC-Milan Processor",32,"Linux 7.0.0-27-generic x86_64","15.2.0"," -O3 -DNDEBUG -DPITO_ECS_OWNED_DELETE_ATOMIC=1",32,100000,pito,owned_delete,ecs_remove_owned,32,0,5,25.798923
khanvm1,"AMD EPYC-Milan Processor",32,"Linux 7.0.0-27-generic x86_64","15.2.0"," -O3 -DNDEBUG -DPITO_ECS_OWNED_DELETE_ATOMIC=1",32,100000,pito,owned_delete,ecs_remove_owned,32,0,6,26.741160
khanvm1,"AMD EPYC-Milan Processor",32,"Linux 7.0.0-27-generic x86_64","15.2.0"," -O3 -DNDEBUG -DPITO_ECS_OWNED_DELETE_ATOMIC=1",32,100000,pito,owned_delete,ecs_remove_owned,32,0,7,27.655869
khanvm1,"AMD EPYC-Milan Processor",32,"Linux 7.0.0-27-generic x86_64","15.2.0"," -O3 -DNDEBUG -DPITO_ECS_OWNED_DELETE_ATOMIC=1",32,100000,pito,owned_delete,ecs_remove_owned,32,0,8,27.203205
khanvm1,"AMD EPYC-Milan Processor",32,"Linux 7.0.0-27-generic x86_64","15.2.0"," -O3 -DNDEBUG -DPITO_ECS_OWNED_DELETE_ATOMIC=1",32,100000,pito,owned_delete,ecs_remove_owned,32,0,9,26.958263
khanvm1,"AMD EPYC-Milan Processor",32,"Linux 7.0.0-27-generic x86_64","15.2.0"," -O3 -DNDEBUG -DPITO_ECS_OWNED_DELETE_ATOMIC=1",32,100000,pito,owned_delete,ecs_remove_owned,32,0,10,26.889234
khanvm1,"AMD EPYC-Milan Processor",32,"Linux 7.0.0-27-generic x86_64","15.2.0"," -O3 -DNDEBUG -DPITO_ECS_OWNED_DELETE_ATOMIC=1",32,100000,pito,owned_delete,ecs_remove_owned,32,0,11,31.169913
khanvm1,"AMD EPYC-Milan Processor",32,"Linux 7.0.0-27-generic x86_64","15.2.0"," -O3 -DNDEBUG -DPITO_ECS_OWNED_DELETE_ATOMIC=1",32,100000,pito,owned_delete,ecs_remove_owned,32,10,1,29.492170
khanvm1,"AMD EPYC-Milan Processor",32,"Linux 7.0.0-27-generic x86_64","15.2.0"," -O3 -DNDEBUG -DPITO_ECS_OWNED_DELETE_ATOMIC=1",32,100000,pito,owned_delete,ecs_remove_owned,32,10,2,28.256001
khanvm1,"AMD EPYC-Milan Processor",32,"Linux 7.0.0-27-generic x86_64","15.2.0"," -O3 -DNDEBUG -DPITO_ECS_OWNED_DELETE_ATOMIC=1",32,100000,pito,owned_delete,ecs_remove_owned,32,10,3,29.199920
khanvm1,"AMD EPYC-Milan Processor",32,"Linux 7.0.0-27-generic x86_64","15.2.0"," -O3 -DNDEBUG -DPITO_ECS_OWNED_DELETE_ATOMIC=1",32,100000,pito,owned_delete,ecs_remove_owned,32,10,4,28.102851
khanvm1,"AMD EPYC-Milan Processor",32,"Linux 7.0.0-27-generic x86_64","15.2.0"," -O3 -DNDEBUG -DPITO_ECS_OWNED_DELETE_ATOMIC=1",32,100000,pito,owned_delete,ecs_remove_owned,32,10,5,28.947638
khanvm1,"AMD EPYC-Milan Processor",32,"Linux 7.0.0-27-generic x86_64","15.2.0"," -O3 -DNDEBUG -DPITO_ECS_OWNED_DELETE_ATOMIC=1",32,100000,pito,owned_delete,ecs_remove_owned,32,10,6,28.963357
khanvm1,"AMD EPYC-Milan Processor",32,"Linux 7.0.0-27-generic x86_64","15.2.0"," -O3 -DNDEBUG -DPITO_ECS_OWNED_DELETE_ATOMIC=1",32,100000,pito,owned_delete,ecs_remove_owned,32,10,7,29.376241
khanvm1,"AMD EPYC-Milan Processor",32,"Linux 7.0.0-27-generic x86_64","15.2.0"," -O3 -DNDEBUG -DPITO_ECS_OWNED_DELETE_ATOMIC=1",32,100000,pito,owned_delete,ecs_remove_owned,32,10,8,26.334449
khanvm1,"AMD EPYC-Milan Processor",32,"Linux 7.0.0-27-generic x86_64","15.2.0"," -O3 -DNDEBUG -DPITO_ECS_OWNED_DELETE_ATOMIC=1",32,100000,pito,owned_delete,ecs_remove_owned,32,10,9,28.226812
khanvm1,"AMD EPYC-Milan Processor",32,"Linux 7.0.0-27-generic x86_64","15.2.0"," -O3 -DNDEBUG -DPITO_ECS_OWNED_DELETE_ATOMIC=1",32,100000,pito,owned_delete,ecs_remove_owned,32,10,10,26.315457
khanvm1,"AMD EPYC-Milan Processor",32,"Linux 7.0.0-27-generic x86_64","15.2.0"," -O3 -DNDEBUG -DPITO_ECS_OWNED_DELETE_ATOMIC=1",32,100000,pito,owned_delete,ecs_remove_owned,32,10,11,27.074762
khanvm1,"AMD EPYC-Milan Processor",32,"Linux 7.0.0-27-generic x86_64","15.2.0"," -O3 -DNDEBUG -DPITO_ECS_OWNED_DELETE_ATOMIC=1",32,100000,pito,owned_delete,ecs_remove_owned,32,10,12,43.529861
khanvm1,"AMD EPYC-Milan Processor",32,"Linux 7.0.0-27-generic x86_64","15.2.0"," -O3 -DNDEBUG -DPITO_ECS_OWNED_DELETE_ATOMIC=1",32,100000,pito,owned_delete,ecs_remove_owned,32,10,13,29.164370
khanvm1,"AMD EPYC-Milan Processor",32,"Linux 7.0.0-27-generic x86_64","15.2.0"," -O3 -DNDEBUG -DPITO_ECS_OWNED_DELETE_ATOMIC=1",32,100000,pito,owned_delete,ecs_remove_owned,32,10,14,28.658256
khanvm1,"AMD EPYC-Milan Processor",32,"Linux 7.0.0-27-generic x86_64","15.2.0"," -O3 -DNDEBUG -DPITO_ECS_OWNED_DELETE_ATOMIC=1",32,100000,pito,owned_delete,ecs_remove_owned,32,10,15,28.944225
khanvm1,"AMD EPYC-Milan Processor",32,"Linux 7.0.0-27-generic x86_64","15.2.0"," -O3 -DNDEBUG -DPITO_ECS_OWNED_DELETE_ATOMIC=1",32,100000,pito,owned_delete,ecs_remove_owned,32,10,16,29.836424
khanvm1,"AMD EPYC-Milan Processor",32,"Linux 7.0.0-27-generic x86_64","15.2.0"," -O3 -DNDEBUG -DPITO_ECS_OWNED_DELETE_ATOMIC=1",32,100000,pito,owned_delete,ecs_remove_owned,32,500,1,137.455725
khanvm1,"AMD EPYC-Milan Processor",32,"Linux 7.0.0-27-generic x86_64","15.2.0"," -O3 -DNDEBUG -DPITO_ECS_OWNED_DELETE_ATOMIC=1",32,100000,pito,owned_delete,ecs_remove_owned,32,500,2,137.757716
khanvm1,"AMD EPYC-Milan Processor",32,"Linux 7.0.0-27-generic x86_64","15.2.0"," -O3 -DNDEBUG -DPITO_ECS_OWNED_DELETE_ATOMIC=1",32,100000,pito,owned_delete,ecs_remove_owned,32,500,3,137.180323
khanvm1,"AMD EPYC-Milan Processor",32,"Linux 7.0.0-27-generic x86_64","15.2.0"," -O3 -DNDEBUG -DPITO_ECS_OWNED_DELETE_ATOMIC=1",32,100000,pito,owned_delete,ecs_remove_owned,32,500,4,137.039662
khanvm1,"AMD EPYC-Milan Processor",32,"Linux 7.0.0-27-generic x86_64","15.2.0"," -O3 -DNDEBUG -DPITO_ECS_OWNED_DELETE_ATOMIC=1",32,100000,pito,owned_delete,ecs_remove_owned,32,500,5,137.359183
khanvm1,"AMD EPYC-Milan Processor",32,"Linux 7.0.0-27-generic x86_64","15.2.0"," -O3 -DNDEBUG -DPITO_ECS_OWNED_DELETE_ATOMIC=1",32,100000,pito,owned_delete,ecs_remove_owned,32,500,6,136.784190
khanvm1,"AMD EPYC-Milan Processor",32,"Linux 7.0.0-27-generic x86_64","15.2.0"," -O3 -DNDEBUG -DPITO_ECS_OWNED_DELETE_ATOMIC=1",32,100000,pito,owned_delete,ecs_remove_owned,32,500,7,137.268503
khanvm1,"AMD EPYC-Milan Processor",32,"Linux 7.0.0-27-generic x86_64","15.2.0"," -O3 -DNDEBUG -DPITO_ECS_OWNED_DELETE_ATOMIC=1",32,100000,pito,owned_delete,ecs_remove_owned,32,500,8,138.856555
khanvm1,"AMD EPYC-Milan Processor",32,"Linux 7.0.0-27-generic x86_64","15.2.0"," -O3 -DNDEBUG -DPITO_ECS_OWNED_DELETE_ATOMIC=1",32,100000,pito,owned_delete,ecs_remove_owned,32,500,9,136.974410
khanvm1,"AMD EPYC-Milan Processor",32,"Linux 7.0.0-27-generic x86_64","15.2.0"," -O3 -DNDEBUG -DPITO_ECS_OWNED_DELETE_ATOMIC=1",32,100000,pito,owned_delete,ecs_remove_owned,32,500,10,136.896591
khanvm1,"AMD EPYC-Milan Processor",32,"Linux 7.0.0-27-generic x86_64","15.2.0"," -O3 -DNDEBUG",32,100000,pico,owned_initialize,,1,0,1,121.771111
khanvm1,"AMD EPYC-Milan Processor",32,"Linux 7.0.0-27-generic x86_64","15.2.0"," -O3 -DNDEBUG",32,100000,pico,owned_initialize,,1,0,2,119.811289
khanvm1,"AMD EPYC-Milan Processor",32,"Linux 7.0.0-27-generic x86_64","15.2.0"," -O3 -DNDEBUG",32,100000,pico,owned_initialize,,1,0,3,120.239782
khanvm1,"AMD EPYC-Milan Processor",32,"Linux 7.0.0-27-generic x86_64","15.2.0"," -O3 -DNDEBUG",32,100000,pico,owned_initialize,,1,0,4,119.815508
khanvm1,"AMD EPYC-Milan Processor",32,"Linux 7.0.0-27-generic x86_64","15.2.0"," -O3 -DNDEBUG",32,100000,pico,owned_initialize,,1,0,5,120.076230
khanvm1,"AMD EPYC-Milan Processor",32,"Linux 7.0.0-27-generic x86_64","15.2.0"," -O3 -DNDEBUG",32,100000,pico,owned_initialize,,1,0,6,119.782748
khanvm1,"AMD EPYC-Milan Processor",32,"Linux 7.0.0-27-generic x86_64","15.2.0"," -O3 -DNDEBUG",32,100000,pico,owned_initialize,,1,0,7,119.341155
khanvm1,"AMD EPYC-Milan Processor",32,"Linux 7.0.0-27-generic x86_64","15.2.0"," -O3 -DNDEBUG",32,100000,pico,owned_initialize,,1,0,8,120.310052
khanvm1,"AMD EPYC-Milan Processor",32,"Linux 7.0.0-27-generic x86_64","15.2.0"," -O3 -DNDEBUG",32,100000,pico,owned_initialize,,1,0,9,119.860559
khanvm1,"AMD EPYC-Milan Processor",32,"Linux 7.0.0-27-generic x86_64","15.2.0"," -O3 -DNDEBUG",32,100000,pico,owned_initialize,,1,0,10,119.362075
khanvm1,"AMD EPYC-Milan Processor",32,"Linux 7.0.0-27-generic x86_64","15.2.0"," -O3 -DNDEBUG",32,100000,pico,owned_initialize,,1,10,1,128.890723
khanvm1,"AMD EPYC-Milan Processor",32,"Linux 7.0.0-27-generic x86_64","15.2.0"," -O3 -DNDEBUG",32,100000,pico,owned_initialize,,1,10,2,129.272786
khanvm1,"AMD EPYC-Milan Processor",32,"Linux 7.0.0-27-generic x86_64","15.2.0"," -O3 -DNDEBUG",32,100000,pico,owned_initialize,,1,10,3,128.911062
khanvm1,"AMD EPYC-Milan Processor",32,"Linux 7.0.0-27-generic x86_64","15.2.0"," -O3 -DNDEBUG",32,100000,pico,owned_initialize,,1,10,4,129.211456
khanvm1,"AMD EPYC-Milan Processor",32,"Linux 7.0.0-27-generic x86_64","15.2.0"," -O3 -DNDEBUG",32,100000,pico,owned_initialize,,1,10,5,129.214314
khanvm1,"AMD EPYC-Milan Processor",32,"Linux 7.0.0-27-generic x86_64","15.2.0"," -O3 -DNDEBUG",32,100000,pico,owned_initialize,,1,10,6,129.044694
khanvm1,"AMD EPYC-Milan Processor",32,"Linux 7.0.0-27-generic x86_64","15.2.0"," -O3 -DNDEBUG",32,100000,pico,owned_initialize,,1,10,7,129.200966
khanvm1,"AMD EPYC-Milan Processor",32,"Linux 7.0.0-27-generic x86_64","15.2.0"," -O3 -DNDEBUG",32,100000,pico,owned_initialize,,1,10,8,128.929744
khanvm1,"AMD EPYC-Milan Processor",32,"Linux 7.0.0-27-generic x86_64","15.2.0"," -O3 -DNDEBUG",32,100000,pico,owned_initialize,,1,10,9,129.155296
khanvm1,"AMD EPYC-Milan Processor",32,"Linux 7.0.0-27-generic x86_64","15.2.0"," -O3 -DNDEBUG",32,100000,pico,owned_initialize,,1,10,10,129.485666
khanvm1,"AMD EPYC-Milan Processor",32,"Linux 7.0.0-27-generic x86_64","15.2.0"," -O3 -DNDEBUG",32,100000,pico,owned_initialize,,1,500,1,3072.923376
khanvm1,"AMD EPYC-Milan Processor",32,"Linux 7.0.0-27-generic x86_64","15.2.0"," -O3 -DNDEBUG",32,100000,pico,owned_initialize,,1,500,2,3073.314939
khanvm1,"AMD EPYC-Milan Processor",32,"Linux 7.0.0-27-generic x86_64","15.2.0"," -O3 -DNDEBUG",32,100000,pico,owned_initialize,,1,500,3,3073.154827
khanvm1,"AMD EPYC-Milan Processor",32,"Linux 7.0.0-27-generic x86_64","15.2.0"," -O3 -DNDEBUG",32,100000,pico,owned_initialize,,1,500,4,3073.910402
khanvm1,"AMD EPYC-Milan Processor",32,"Linux 7.0.0-27-generic x86_64","15.2.0"," -O3 -DNDEBUG",32,100000,pico,owned_initialize,,1,500,5,3072.118621
khanvm1,"AMD EPYC-Milan Processor",32,"Linux 7.0.0-27-generic x86_64","15.2.0"," -O3 -DNDEBUG",32,100000,pico,owned_initialize,,1,500,6,3072.440582
khanvm1,"AMD EPYC-Milan Processor",32,"Linux 7.0.0-27-generic x86_64","15.2.0"," -O3 -DNDEBUG",32,100000,pico,owned_initialize,,1,500,7,3072.202411
khanvm1,"AMD EPYC-Milan Processor",32,"Linux 7.0.0-27-generic x86_64","15.2.0"," -O3 -DNDEBUG",32,100000,pico,owned_initialize,,1,500,8,3074.845578
khanvm1,"AMD EPYC-Milan Processor",32,"Linux 7.0.0-27-generic x86_64","15.2.0"," -O3 -DNDEBUG",32,100000,pico,owned_initialize,,1,500,9,3089.240343
khanvm1,"AMD EPYC-Milan Processor",32,"Linux 7.0.0-27-generic x86_64","15.2.0"," -O3 -DNDEBUG",32,100000,pico,owned_initialize,,1,500,10,3073.349510
khanvm1,"AMD EPYC-Milan Processor",32,"Linux 7.0.0-27-generic x86_64","15.2.0"," -O3 -DNDEBUG",32,100000,flecs,owned_initialize,,1,0,1,605.732019
khanvm1,"AMD EPYC-Milan Processor",32,"Linux 7.0.0-27-generic x86_64","15.2.0"," -O3 -DNDEBUG",32,100000,flecs,owned_initialize,,1,0,2,548.164127
khanvm1,"AMD EPYC-Milan Processor",32,"Linux 7.0.0-27-generic x86_64","15.2.0"," -O3 -DNDEBUG",32,100000,flecs,owned_initialize,,1,0,3,547.696285
khanvm1,"AMD EPYC-Milan Processor",32,"Linux 7.0.0-27-generic x86_64","15.2.0"," -O3 -DNDEBUG",32,100000,flecs,owned_initialize,,1,0,4,549.194134
khanvm1,"AMD EPYC-Milan Processor",32,"Linux 7.0.0-27-generic x86_64","15.2.0"," -O3 -DNDEBUG",32,100000,flecs,owned_initialize,,1,0,5,547.612063
khanvm1,"AMD EPYC-Milan Processor",32,"Linux 7.0.0-27-generic x86_64","15.2.0"," -O3 -DNDEBUG",32,100000,flecs,owned_initialize,,1,0,6,548.238638
khanvm1,"AMD EPYC-Milan Processor",32,"Linux 7.0.0-27-generic x86_64","15.2.0"," -O3 -DNDEBUG",32,100000,flecs,owned_initialize,,1,0,7,548.617301
khanvm1,"AMD EPYC-Milan Processor",32,"Linux 7.0.0-27-generic x86_64","15.2.0"," -O3 -DNDEBUG",32,100000,flecs,owned_initialize,,1,0,8,552.943333
khanvm1,"AMD EPYC-Milan Processor",32,"Linux 7.0.0-27-generic x86_64","15.2.0"," -O3 -DNDEBUG",32,100000,flecs,owned_initialize,,1,0,9,549.448305
khanvm1,"AMD EPYC-Milan Processor",32,"Linux 7.0.0-27-generic x86_64","15.2.0"," -O3 -DNDEBUG",32,100000,flecs,owned_initialize,,1,0,10,553.617896
khanvm1,"AMD EPYC-Milan Processor",32,"Linux 7.0.0-27-generic x86_64","15.2.0"," -O3 -DNDEBUG",32,100000,flecs,owned_initialize,,1,0,11,552.990062
khanvm1,"AMD EPYC-Milan Processor",32,"Linux 7.0.0-27-generic x86_64","15.2.0"," -O3 -DNDEBUG",32,100000,flecs,owned_initialize,,1,10,1,568.490442
khanvm1,"AMD EPYC-Milan Processor",32,"Linux 7.0.0-27-generic x86_64","15.2.0"," -O3 -DNDEBUG",32,100000,flecs,owned_initialize,,1,10,2,568.055550
khanvm1,"AMD EPYC-Milan Processor",32,"Linux 7.0.0-27-generic x86_64","15.2.0"," -O3 -DNDEBUG",32,100000,flecs,owned_initialize,,1,10,3,569.335949
khanvm1,"AMD EPYC-Milan Processor",32,"Linux 7.0.0-27-generic x86_64","15.2.0"," -O3 -DNDEBUG",32,100000,flecs,owned_initialize,,1,10,4,570.189905
khanvm1,"AMD EPYC-Milan Processor",32,"Linux 7.0.0-27-generic x86_64","15.2.0"," -O3 -DNDEBUG",32,100000,flecs,owned_initialize,,1,10,5,619.377279
khanvm1,"AMD EPYC-Milan Processor",32,"Linux 7.0.0-27-generic x86_64","15.2.0"," -O3 -DNDEBUG",32,100000,flecs,owned_initialize,,1,10,6,569.910344
khanvm1,"AMD EPYC-Milan Processor",32,"Linux 7.0.0-27-generic x86_64","15.2.0"," -O3 -DNDEBUG",32,100000,flecs,owned_initialize,,1,10,7,570.950860
khanvm1,"AMD EPYC-Milan Processor",32,"Linux 7.0.0-27-generic x86_64","15.2.0"," -O3 -DNDEBUG",32,100000,flecs,owned_initialize,,1,10,8,570.114304
khanvm1,"AMD EPYC-Milan Processor",32,"Linux 7.0.0-27-generic x86_64","15.2.0"," -O3 -DNDEBUG",32,100000,flecs,owned_initialize,,1,10,9,569.556260
khanvm1,"AMD EPYC-Milan Processor",32,"Linux 7.0.0-27-generic x86_64","15.2.0"," -O3 -DNDEBUG",32,100000,flecs,owned_initialize,,1,10,10,571.595315
khanvm1,"AMD EPYC-Milan Processor",32,"Linux 7.0.0-27-generic x86_64","15.2.0"," -O3 -DNDEBUG",32,100000,flecs,owned_initialize,,1,10,11,575.081890
khanvm1,"AMD EPYC-Milan Processor",32,"Linux 7.0.0-27-generic x86_64","15.2.0"," -O3 -DNDEBUG",32,100000,flecs,owned_initialize,,1,500,1,3664.897597
khanvm1,"AMD EPYC-Milan Processor",32,"Linux 7.0.0-27-generic x86_64","15.2.0"," -O3 -DNDEBUG",32,100000,flecs,owned_initialize,,1,500,2,3660.684417
khanvm1,"AMD EPYC-Milan Processor",32,"Linux 7.0.0-27-generic x86_64","15.2.0"," -O3 -DNDEBUG",32,100000,flecs,owned_initialize,,1,500,3,3674.763768
khanvm1,"AMD EPYC-Milan Processor",32,"Linux 7.0.0-27-generic x86_64","15.2.0"," -O3 -DNDEBUG",32,100000,flecs,owned_initialize,,1,500,4,3664.172302
khanvm1,"AMD EPYC-Milan Processor",32,"Linux 7.0.0-27-generic x86_64","15.2.0"," -O3 -DNDEBUG",32,100000,flecs,owned_initialize,,1,500,5,3665.029696
khanvm1,"AMD EPYC-Milan Processor",32,"Linux 7.0.0-27-generic x86_64","15.2.0"," -O3 -DNDEBUG",32,100000,flecs,owned_initialize,,1,500,6,3661.312691
khanvm1,"AMD EPYC-Milan Processor",32,"Linux 7.0.0-27-generic x86_64","15.2.0"," -O3 -DNDEBUG",32,100000,flecs,owned_initialize,,1,500,7,3664.521744
khanvm1,"AMD EPYC-Milan Processor",32,"Linux 7.0.0-27-generic x86_64","15.2.0"," -O3 -DNDEBUG",32,100000,flecs,owned_initialize,,1,500,8,3664.092531
khanvm1,"AMD EPYC-Milan Processor",32,"Linux 7.0.0-27-generic x86_64","15.2.0"," -O3 -DNDEBUG",32,100000,flecs,owned_initialize,,1,500,9,3673.187037
khanvm1,"AMD EPYC-Milan Processor",32,"Linux 7.0.0-27-generic x86_64","15.2.0"," -O3 -DNDEBUG",32,100000,flecs,owned_initialize,,1,500,10,3667.009101
khanvm1,"AMD EPYC-Milan Processor",32,"Linux 7.0.0-27-generic x86_64","15.2.0"," -O3 -DNDEBUG",32,100000,pito,owned_initialize,ecs_create_owned,1,0,1,224.811220
khanvm1,"AMD EPYC-Milan Processor",32,"Linux 7.0.0-27-generic x86_64","15.2.0"," -O3 -DNDEBUG",32,100000,pito,owned_initialize,ecs_create_owned,1,0,2,224.196866
khanvm1,"AMD EPYC-Milan Processor",32,"Linux 7.0.0-27-generic x86_64","15.2.0"," -O3 -DNDEBUG",32,100000,pito,owned_initialize,ecs_create_owned,1,0,3,219.208099
khanvm1,"AMD EPYC-Milan Processor",32,"Linux 7.0.0-27-generic x86_64","15.2.0"," -O3 -DNDEBUG",32,100000,pito,owned_initialize,ecs_create_owned,1,0,4,222.446706
khanvm1,"AMD EPYC-Milan Processor",32,"Linux 7.0.0-27-generic x86_64","15.2.0"," -O3 -DNDEBUG",32,100000,pito,owned_initialize,ecs_create_owned,1,0,5,229.463223
khanvm1,"AMD EPYC-Milan Processor",32,"Linux 7.0.0-27-generic x86_64","15.2.0"," -O3 -DNDEBUG",32,100000,pito,owned_initialize,ecs_create_owned,1,0,6,222.284382
khanvm1,"AMD EPYC-Milan Processor",32,"Linux 7.0.0-27-generic x86_64","15.2.0"," -O3 -DNDEBUG",32,100000,pito,owned_initialize,ecs_create_owned,1,0,7,224.719241
khanvm1,"AMD EPYC-Milan Processor",32,"Linux 7.0.0-27-generic x86_64","15.2.0"," -O3 -DNDEBUG",32,100000,pito,owned_initialize,ecs_create_owned,1,0,8,224.062715
khanvm1,"AMD EPYC-Milan Processor",32,"Linux 7.0.0-27-generic x86_64","15.2.0"," -O3 -DNDEBUG",32,100000,pito,owned_initialize,ecs_create_owned,1,0,9,220.456969
khanvm1,"AMD EPYC-Milan Processor",32,"Linux 7.0.0-27-generic x86_64","15.2.0"," -O3 -DNDEBUG",32,100000,pito,owned_initialize,ecs_create_owned,1,0,10,225.060992
khanvm1,"AMD EPYC-Milan Processor",32,"Linux 7.0.0-27-generic x86_64","15.2.0"," -O3 -DNDEBUG",32,100000,pito,owned_initialize,ecs_create_owned,1,10,1,234.668712
khanvm1,"AMD EPYC-Milan Processor",32,"Linux 7.0.0-27-generic x86_64","15.2.0"," -O3 -DNDEBUG",32,100000,pito,owned_initialize,ecs_create_owned,1,10,2,235.280316
khanvm1,"AMD EPYC-Milan Processor",32,"Linux 7.0.0-27-generic x86_64","15.2.0"," -O3 -DNDEBUG",32,100000,pito,owned_initialize,ecs_create_owned,1,10,3,232.793299
khanvm1,"AMD EPYC-Milan Processor",32,"Linux 7.0.0-27-generic x86_64","15.2.0"," -O3 -DNDEBUG",32,100000,pito,owned_initialize,ecs_create_owned,1,10,4,230.273459
khanvm1,"AMD EPYC-Milan Processor",32,"Linux 7.0.0-27-generic x86_64","15.2.0"," -O3 -DNDEBUG",32,100000,pito,owned_initialize,ecs_create_owned,1,10,5,234.005486
khanvm1,"AMD EPYC-Milan Processor",32,"Linux 7.0.0-27-generic x86_64","15.2.0"," -O3 -DNDEBUG",32,100000,pito,owned_initialize,ecs_create_owned,1,10,6,232.230834
khanvm1,"AMD EPYC-Milan Processor",32,"Linux 7.0.0-27-generic x86_64","15.2.0"," -O3 -DNDEBUG",32,100000,pito,owned_initialize,ecs_create_owned,1,10,7,233.292201
khanvm1,"AMD EPYC-Milan Processor",32,"Linux 7.0.0-27-generic x86_64","15.2.0"," -O3 -DNDEBUG",32,100000,pito,owned_initialize,ecs_create_owned,1,10,8,237.106408
khanvm1,"AMD EPYC-Milan Processor",32,"Linux 7.0.0-27-generic x86_64","15.2.0"," -O3 -DNDEBUG",32,100000,pito,owned_initialize,ecs_create_owned,1,10,9,236.318112
khanvm1,"AMD EPYC-Milan Processor",32,"Linux 7.0.0-27-generic x86_64","15.2.0"," -O3 -DNDEBUG",32,100000,pito,owned_initialize,ecs_create_owned,1,10,10,233.777484
khanvm1,"AMD EPYC-Milan Processor",32,"Linux 7.0.0-27-generic x86_64","15.2.0"," -O3 -DNDEBUG",32,100000,pito,owned_initialize,ecs_create_owned,1,500,1,3155.630699
khanvm1,"AMD EPYC-Milan Processor",32,"Linux 7.0.0-27-generic x86_64","15.2.0"," -O3 -DNDEBUG",32,100000,pito,owned_initialize,ecs_create_owned,1,500,2,3145.784409
khanvm1,"AMD EPYC-Milan Processor",32,"Linux 7.0.0-27-generic x86_64","15.2.0"," -O3 -DNDEBUG",32,100000,pito,owned_initialize,ecs_create_owned,1,500,3,3157.503402
khanvm1,"AMD EPYC-Milan Processor",32,"Linux 7.0.0-27-generic x86_64","15.2.0"," -O3 -DNDEBUG",32,100000,pito,owned_initialize,ecs_create_owned,1,500,4,3150.432601
khanvm1,"AMD EPYC-Milan Processor",32,"Linux 7.0.0-27-generic x86_64","15.2.0"," -O3 -DNDEBUG",32,100000,pito,owned_initialize,ecs_create_owned,1,500,5,3150.092229
khanvm1,"AMD EPYC-Milan Processor",32,"Linux 7.0.0-27-generic x86_64","15.2.0"," -O3 -DNDEBUG",32,100000,pito,owned_initialize,ecs_create_owned,1,500,6,3151.489728
khanvm1,"AMD EPYC-Milan Processor",32,"Linux 7.0.0-27-generic x86_64","15.2.0"," -O3 -DNDEBUG",32,100000,pito,owned_initialize,ecs_create_owned,1,500,7,3152.972280
khanvm1,"AMD EPYC-Milan Processor",32,"Linux 7.0.0-27-generic x86_64","15.2.0"," -O3 -DNDEBUG",32,100000,pito,owned_initialize,ecs_create_owned,1,500,8,3158.567800
khanvm1,"AMD EPYC-Milan Processor",32,"Linux 7.0.0-27-generic x86_64","15.2.0"," -O3 -DNDEBUG",32,100000,pito,owned_initialize,ecs_create_owned,1,500,9,3146.750635
khanvm1,"AMD EPYC-Milan Processor",32,"Linux 7.0.0-27-generic x86_64","15.2.0"," -O3 -DNDEBUG",32,100000,pito,owned_initialize,ecs_create_owned,1,500,10,3155.771569
khanvm1,"AMD EPYC-Milan Processor",32,"Linux 7.0.0-27-generic x86_64","15.2.0"," -O3 -DNDEBUG",32,100000,pito,owned_initialize,ecs_create_owned,2,0,1,513.338119
khanvm1,"AMD EPYC-Milan Processor",32,"Linux 7.0.0-27-generic x86_64","15.2.0"," -O3 -DNDEBUG",32,100000,pito,owned_initialize,ecs_create_owned,2,0,2,509.141408
khanvm1,"AMD EPYC-Milan Processor",32,"Linux 7.0.0-27-generic x86_64","15.2.0"," -O3 -DNDEBUG",32,100000,pito,owned_initialize,ecs_create_owned,2,0,3,513.206127
khanvm1,"AMD EPYC-Milan Processor",32,"Linux 7.0.0-27-generic x86_64","15.2.0"," -O3 -DNDEBUG",32,100000,pito,owned_initialize,ecs_create_owned,2,0,4,519.775424
khanvm1,"AMD EPYC-Milan Processor",32,"Linux 7.0.0-27-generic x86_64","15.2.0"," -O3 -DNDEBUG",32,100000,pito,owned_initialize,ecs_create_owned,2,0,5,509.941604
khanvm1,"AMD EPYC-Milan Processor",32,"Linux 7.0.0-27-generic x86_64","15.2.0"," -O3 -DNDEBUG",32,100000,pito,owned_initialize,ecs_create_owned,2,0,6,491.955404
khanvm1,"AMD EPYC-Milan Processor",32,"Linux 7.0.0-27-generic x86_64","15.2.0"," -O3 -DNDEBUG",32,100000,pito,owned_initialize,ecs_create_owned,2,0,7,513.569011
khanvm1,"AMD EPYC-Milan Processor",32,"Linux 7.0.0-27-generic x86_64","15.2.0"," -O3 -DNDEBUG",32,100000,pito,owned_initialize,ecs_create_owned,2,0,8,489.271836
khanvm1,"AMD EPYC-Milan Processor",32,"Linux 7.0.0-27-generic x86_64","15.2.0"," -O3 -DNDEBUG",32,100000,pito,owned_initialize,ecs_create_owned,2,0,9,500.361305
khanvm1,"AMD EPYC-Milan Processor",32,"Linux 7.0.0-27-generic x86_64","15.2.0"," -O3 -DNDEBUG",32,100000,pito,owned_initialize,ecs_create_owned,2,0,10,502.369409
khanvm1,"AMD EPYC-Milan Processor",32,"Linux 7.0.0-27-generic x86_64","15.2.0"," -O3 -DNDEBUG",32,100000,pito,owned_initialize,ecs_create_owned,2,10,1,505.832774
khanvm1,"AMD EPYC-Milan Processor",32,"Linux 7.0.0-27-generic x86_64","15.2.0"," -O3 -DNDEBUG",32,100000,pito,owned_initialize,ecs_create_owned,2,10,2,487.769735
khanvm1,"AMD EPYC-Milan Processor",32,"Linux 7.0.0-27-generic x86_64","15.2.0"," -O3 -DNDEBUG",32,100000,pito,owned_initialize,ecs_create_owned,2,10,3,501.253692
khanvm1,"AMD EPYC-Milan Processor",32,"Linux 7.0.0-27-generic x86_64","15.2.0"," -O3 -DNDEBUG",32,100000,pito,owned_initialize,ecs_create_owned,2,10,4,535.054613
khanvm1,"AMD EPYC-Milan Processor",32,"Linux 7.0.0-27-generic x86_64","15.2.0"," -O3 -DNDEBUG",32,100000,pito,owned_initialize,ecs_create_owned,2,10,5,485.811661
khanvm1,"AMD EPYC-Milan Processor",32,"Linux 7.0.0-27-generic x86_64","15.2.0"," -O3 -DNDEBUG",32,100000,pito,owned_initialize,ecs_create_owned,2,10,6,478.299017
khanvm1,"AMD EPYC-Milan Processor",32,"Linux 7.0.0-27-generic x86_64","15.2.0"," -O3 -DNDEBUG",32,100000,pito,owned_initialize,ecs_create_owned,2,10,7,501.271410
khanvm1,"AMD EPYC-Milan Processor",32,"Linux 7.0.0-27-generic x86_64","15.2.0"," -O3 -DNDEBUG",32,100000,pito,owned_initialize,ecs_create_owned,2,10,8,484.062477
khanvm1,"AMD EPYC-Milan Processor",32,"Linux 7.0.0-27-generic x86_64","15.2.0"," -O3 -DNDEBUG",32,100000,pito,owned_initialize,ecs_create_owned,2,10,9,489.391087
khanvm1,"AMD EPYC-Milan Processor",32,"Linux 7.0.0-27-generic x86_64","15.2.0"," -O3 -DNDEBUG",32,100000,pito,owned_initialize,ecs_create_owned,2,10,10,493.220525
khanvm1,"AMD EPYC-Milan Processor",32,"Linux 7.0.0-27-generic x86_64","15.2.0"," -O3 -DNDEBUG",32,100000,pito,owned_initialize,ecs_create_owned,2,10,11,489.928380
khanvm1,"AMD EPYC-Milan Processor",32,"Linux 7.0.0-27-generic x86_64","15.2.0"," -O3 -DNDEBUG",32,100000,pito,owned_initialize,ecs_create_owned,2,500,1,1934.474599
khanvm1,"AMD EPYC-Milan Processor",32,"Linux 7.0.0-27-generic x86_64","15.2.0"," -O3 -DNDEBUG",32,100000,pito,owned_initialize,ecs_create_owned,2,500,2,1934.661371
khanvm1,"AMD EPYC-Milan Processor",32,"Linux 7.0.0-27-generic x86_64","15.2.0"," -O3 -DNDEBUG",32,100000,pito,owned_initialize,ecs_create_owned,2,500,3,1939.947242
khanvm1,"AMD EPYC-Milan Processor",32,"Linux 7.0.0-27-generic x86_64","15.2.0"," -O3 -DNDEBUG",32,100000,pito,owned_initialize,ecs_create_owned,2,500,4,1936.422940
khanvm1,"AMD EPYC-Milan Processor",32,"Linux 7.0.0-27-generic x86_64","15.2.0"," -O3 -DNDEBUG",32,100000,pito,owned_initialize,ecs_create_owned,2,500,5,1931.881948
khanvm1,"AMD EPYC-Milan Processor",32,"Linux 7.0.0-27-generic x86_64","15.2.0"," -O3 -DNDEBUG",32,100000,pito,owned_initialize,ecs_create_owned,2,500,6,1933.018744
khanvm1,"AMD EPYC-Milan Processor",32,"Linux 7.0.0-27-generic x86_64","15.2.0"," -O3 -DNDEBUG",32,100000,pito,owned_initialize,ecs_create_owned,2,500,7,1933.454186
khanvm1,"AMD EPYC-Milan Processor",32,"Linux 7.0.0-27-generic x86_64","15.2.0"," -O3 -DNDEBUG",32,100000,pito,owned_initialize,ecs_create_owned,2,500,8,1946.589031
khanvm1,"AMD EPYC-Milan Processor",32,"Linux 7.0.0-27-generic x86_64","15.2.0"," -O3 -DNDEBUG",32,100000,pito,owned_initialize,ecs_create_owned,2,500,9,1942.472932
khanvm1,"AMD EPYC-Milan Processor",32,"Linux 7.0.0-27-generic x86_64","15.2.0"," -O3 -DNDEBUG",32,100000,pito,owned_initialize,ecs_create_owned,2,500,10,1935.509633
khanvm1,"AMD EPYC-Milan Processor",32,"Linux 7.0.0-27-generic x86_64","15.2.0"," -O3 -DNDEBUG",32,100000,pito,owned_initialize,ecs_create_owned,4,0,1,707.439789
khanvm1,"AMD EPYC-Milan Processor",32,"Linux 7.0.0-27-generic x86_64","15.2.0"," -O3 -DNDEBUG",32,100000,pito,owned_initialize,ecs_create_owned,4,0,2,696.818222
khanvm1,"AMD EPYC-Milan Processor",32,"Linux 7.0.0-27-generic x86_64","15.2.0"," -O3 -DNDEBUG",32,100000,pito,owned_initialize,ecs_create_owned,4,0,3,696.280767
khanvm1,"AMD EPYC-Milan Processor",32,"Linux 7.0.0-27-generic x86_64","15.2.0"," -O3 -DNDEBUG",32,100000,pito,owned_initialize,ecs_create_owned,4,0,4,697.190484
khanvm1,"AMD EPYC-Milan Processor",32,"Linux 7.0.0-27-generic x86_64","15.2.0"," -O3 -DNDEBUG",32,100000,pito,owned_initialize,ecs_create_owned,4,0,5,697.102965
khanvm1,"AMD EPYC-Milan Processor",32,"Linux 7.0.0-27-generic x86_64","15.2.0"," -O3 -DNDEBUG",32,100000,pito,owned_initialize,ecs_create_owned,4,0,6,707.777591
khanvm1,"AMD EPYC-Milan Processor",32,"Linux 7.0.0-27-generic x86_64","15.2.0"," -O3 -DNDEBUG",32,100000,pito,owned_initialize,ecs_create_owned,4,0,7,699.916384
khanvm1,"AMD EPYC-Milan Processor",32,"Linux 7.0.0-27-generic x86_64","15.2.0"," -O3 -DNDEBUG",32,100000,pito,owned_initialize,ecs_create_owned,4,0,8,699.688713
khanvm1,"AMD EPYC-Milan Processor",32,"Linux 7.0.0-27-generic x86_64","15.2.0"," -O3 -DNDEBUG",32,100000,pito,owned_initialize,ecs_create_owned,4,0,9,697.677519
khanvm1,"AMD EPYC-Milan Processor",32,"Linux 7.0.0-27-generic x86_64","15.2.0"," -O3 -DNDEBUG",32,100000,pito,owned_initialize,ecs_create_owned,4,0,10,694.860518
khanvm1,"AMD EPYC-Milan Processor",32,"Linux 7.0.0-27-generic x86_64","15.2.0"," -O3 -DNDEBUG",32,100000,pito,owned_initialize,ecs_create_owned,4,10,1,697.915010
khanvm1,"AMD EPYC-Milan Processor",32,"Linux 7.0.0-27-generic x86_64","15.2.0"," -O3 -DNDEBUG",32,100000,pito,owned_initialize,ecs_create_owned,4,10,2,698.463264
khanvm1,"AMD EPYC-Milan Processor",32,"Linux 7.0.0-27-generic x86_64","15.2.0"," -O3 -DNDEBUG",32,100000,pito,owned_initialize,ecs_create_owned,4,10,3,694.420914
khanvm1,"AMD EPYC-Milan Processor",32,"Linux 7.0.0-27-generic x86_64","15.2.0"," -O3 -DNDEBUG",32,100000,pito,owned_initialize,ecs_create_owned,4,10,4,699.987645
khanvm1,"AMD EPYC-Milan Processor",32,"Linux 7.0.0-27-generic x86_64","15.2.0"," -O3 -DNDEBUG",32,100000,pito,owned_initialize,ecs_create_owned,4,10,5,695.974916
khanvm1,"AMD EPYC-Milan Processor",32,"Linux 7.0.0-27-generic x86_64","15.2.0"," -O3 -DNDEBUG",32,100000,pito,owned_initialize,ecs_create_owned,4,10,6,699.202059
khanvm1,"AMD EPYC-Milan Processor",32,"Linux 7.0.0-27-generic x86_64","15.2.0"," -O3 -DNDEBUG",32,100000,pito,owned_initialize,ecs_create_owned,4,10,7,696.365108
khanvm1,"AMD EPYC-Milan Processor",32,"Linux 7.0.0-27-generic x86_64","15.2.0"," -O3 -DNDEBUG",32,100000,pito,owned_initialize,ecs_create_owned,4,10,8,697.349967
khanvm1,"AMD EPYC-Milan Processor",32,"Linux 7.0.0-27-generic x86_64","15.2.0"," -O3 -DNDEBUG",32,100000,pito,owned_initialize,ecs_create_owned,4,10,9,697.027893
khanvm1,"AMD EPYC-Milan Processor",32,"Linux 7.0.0-27-generic x86_64","15.2.0"," -O3 -DNDEBUG",32,100000,pito,owned_initialize,ecs_create_owned,4,10,10,700.363478
khanvm1,"AMD EPYC-Milan Processor",32,"Linux 7.0.0-27-generic x86_64","15.2.0"," -O3 -DNDEBUG",32,100000,pito,owned_initialize,ecs_create_owned,4,500,1,1093.301314
khanvm1,"AMD EPYC-Milan Processor",32,"Linux 7.0.0-27-generic x86_64","15.2.0"," -O3 -DNDEBUG",32,100000,pito,owned_initialize,ecs_create_owned,4,500,2,1090.894338
khanvm1,"AMD EPYC-Milan Processor",32,"Linux 7.0.0-27-generic x86_64","15.2.0"," -O3 -DNDEBUG",32,100000,pito,owned_initialize,ecs_create_owned,4,500,3,1092.515459
khanvm1,"AMD EPYC-Milan Processor",32,"Linux 7.0.0-27-generic x86_64","15.2.0"," -O3 -DNDEBUG",32,100000,pito,owned_initialize,ecs_create_owned,4,500,4,1089.649346
khanvm1,"AMD EPYC-Milan Processor",32,"Linux 7.0.0-27-generic x86_64","15.2.0"," -O3 -DNDEBUG",32,100000,pito,owned_initialize,ecs_create_owned,4,500,5,1096.051634
khanvm1,"AMD EPYC-Milan Processor",32,"Linux 7.0.0-27-generic x86_64","15.2.0"," -O3 -DNDEBUG",32,100000,pito,owned_initialize,ecs_create_owned,4,500,6,1096.194575
khanvm1,"AMD EPYC-Milan Processor",32,"Linux 7.0.0-27-generic x86_64","15.2.0"," -O3 -DNDEBUG",32,100000,pito,owned_initialize,ecs_create_owned,4,500,7,1096.981640
khanvm1,"AMD EPYC-Milan Processor",32,"Linux 7.0.0-27-generic x86_64","15.2.0"," -O3 -DNDEBUG",32,100000,pito,owned_initialize,ecs_create_owned,4,500,8,1094.275360
khanvm1,"AMD EPYC-Milan Processor",32,"Linux 7.0.0-27-generic x86_64","15.2.0"," -O3 -DNDEBUG",32,100000,pito,owned_initialize,ecs_create_owned,4,500,9,1101.045879
khanvm1,"AMD EPYC-Milan Processor",32,"Linux 7.0.0-27-generic x86_64","15.2.0"," -O3 -DNDEBUG",32,100000,pito,owned_initialize,ecs_create_owned,4,500,10,1100.589927
khanvm1,"AMD EPYC-Milan Processor",32,"Linux 7.0.0-27-generic x86_64","15.2.0"," -O3 -DNDEBUG",32,100000,pito,owned_initialize,ecs_create_owned,8,0,1,506.339092
khanvm1,"AMD EPYC-Milan Processor",32,"Linux 7.0.0-27-generic x86_64","15.2.0"," -O3 -DNDEBUG",32,100000,pito,owned_initialize,ecs_create_owned,8,0,2,508.202725
khanvm1,"AMD EPYC-Milan Processor",32,"Linux 7.0.0-27-generic x86_64","15.2.0"," -O3 -DNDEBUG",32,100000,pito,owned_initialize,ecs_create_owned,8,0,3,502.137242
khanvm1,"AMD EPYC-Milan Processor",32,"Linux 7.0.0-27-generic x86_64","15.2.0"," -O3 -DNDEBUG",32,100000,pito,owned_initialize,ecs_create_owned,8,0,4,506.964277
khanvm1,"AMD EPYC-Milan Processor",32,"Linux 7.0.0-27-generic x86_64","15.2.0"," -O3 -DNDEBUG",32,100000,pito,owned_initialize,ecs_create_owned,8,0,5,507.306769
khanvm1,"AMD EPYC-Milan Processor",32,"Linux 7.0.0-27-generic x86_64","15.2.0"," -O3 -DNDEBUG",32,100000,pito,owned_initialize,ecs_create_owned,8,0,6,540.390416
khanvm1,"AMD EPYC-Milan Processor",32,"Linux 7.0.0-27-generic x86_64","15.2.0"," -O3 -DNDEBUG",32,100000,pito,owned_initialize,ecs_create_owned,8,0,7,503.277699
khanvm1,"AMD EPYC-Milan Processor",32,"Linux 7.0.0-27-generic x86_64","15.2.0"," -O3 -DNDEBUG",32,100000,pito,owned_initialize,ecs_create_owned,8,0,8,503.068358
khanvm1,"AMD EPYC-Milan Processor",32,"Linux 7.0.0-27-generic x86_64","15.2.0"," -O3 -DNDEBUG",32,100000,pito,owned_initialize,ecs_create_owned,8,0,9,503.731724
khanvm1,"AMD EPYC-Milan Processor",32,"Linux 7.0.0-27-generic x86_64","15.2.0"," -O3 -DNDEBUG",32,100000,pito,owned_initialize,ecs_create_owned,8,0,10,501.883321
khanvm1,"AMD EPYC-Milan Processor",32,"Linux 7.0.0-27-generic x86_64","15.2.0"," -O3 -DNDEBUG",32,100000,pito,owned_initialize,ecs_create_owned,8,0,11,506.028231
khanvm1,"AMD EPYC-Milan Processor",32,"Linux 7.0.0-27-generic x86_64","15.2.0"," -O3 -DNDEBUG",32,100000,pito,owned_initialize,ecs_create_owned,8,10,1,499.477131
khanvm1,"AMD EPYC-Milan Processor",32,"Linux 7.0.0-27-generic x86_64","15.2.0"," -O3 -DNDEBUG",32,100000,pito,owned_initialize,ecs_create_owned,8,10,2,501.122866
khanvm1,"AMD EPYC-Milan Processor",32,"Linux 7.0.0-27-generic x86_64","15.2.0"," -O3 -DNDEBUG",32,100000,pito,owned_initialize,ecs_create_owned,8,10,3,502.000411
khanvm1,"AMD EPYC-Milan Processor",32,"Linux 7.0.0-27-generic x86_64","15.2.0"," -O3 -DNDEBUG",32,100000,pito,owned_initialize,ecs_create_owned,8,10,4,513.196861
khanvm1,"AMD EPYC-Milan Processor",32,"Linux 7.0.0-27-generic x86_64","15.2.0"," -O3 -DNDEBUG",32,100000,pito,owned_initialize,ecs_create_owned,8,10,5,532.953224
khanvm1,"AMD EPYC-Milan Processor",32,"Linux 7.0.0-27-generic x86_64","15.2.0"," -O3 -DNDEBUG",32,100000,pito,owned_initialize,ecs_create_owned,8,10,6,535.791614
khanvm1,"AMD EPYC-Milan Processor",32,"Linux 7.0.0-27-generic x86_64","15.2.0"," -O3 -DNDEBUG",32,100000,pito,owned_initialize,ecs_create_owned,8,10,7,533.526889
khanvm1,"AMD EPYC-Milan Processor",32,"Linux 7.0.0-27-generic x86_64","15.2.0"," -O3 -DNDEBUG",32,100000,pito,owned_initialize,ecs_create_owned,8,10,8,535.090599
khanvm1,"AMD EPYC-Milan Processor",32,"Linux 7.0.0-27-generic x86_64","15.2.0"," -O3 -DNDEBUG",32,100000,pito,owned_initialize,ecs_create_owned,8,10,9,534.994148
khanvm1,"AMD EPYC-Milan Processor",32,"Linux 7.0.0-27-generic x86_64","15.2.0"," -O3 -DNDEBUG",32,100000,pito,owned_initialize,ecs_create_owned,8,10,10,535.416821
khanvm1,"AMD EPYC-Milan Processor",32,"Linux 7.0.0-27-generic x86_64","15.2.0"," -O3 -DNDEBUG",32,100000,pito,owned_initialize,ecs_create_owned,8,10,11,535.132379
khanvm1,"AMD EPYC-Milan Processor",32,"Linux 7.0.0-27-generic x86_64","15.2.0"," -O3 -DNDEBUG",32,100000,pito,owned_initialize,ecs_create_owned,8,10,12,531.587903
khanvm1,"AMD EPYC-Milan Processor",32,"Linux 7.0.0-27-generic x86_64","15.2.0"," -O3 -DNDEBUG",32,100000,pito,owned_initialize,ecs_create_owned,8,10,13,534.935027
khanvm1,"AMD EPYC-Milan Processor",32,"Linux 7.0.0-27-generic x86_64","15.2.0"," -O3 -DNDEBUG",32,100000,pito,owned_initialize,ecs_create_owned,8,10,14,536.516459
khanvm1,"AMD EPYC-Milan Processor",32,"Linux 7.0.0-27-generic x86_64","15.2.0"," -O3 -DNDEBUG",32,100000,pito,owned_initialize,ecs_create_owned,8,10,15,531.797046
khanvm1,"AMD EPYC-Milan Processor",32,"Linux 7.0.0-27-generic x86_64","15.2.0"," -O3 -DNDEBUG",32,100000,pito,owned_initialize,ecs_create_owned,8,10,16,536.336718
khanvm1,"AMD EPYC-Milan Processor",32,"Linux 7.0.0-27-generic x86_64","15.2.0"," -O3 -DNDEBUG",32,100000,pito,owned_initialize,ecs_create_owned,8,500,1,684.299004
khanvm1,"AMD EPYC-Milan Processor",32,"Linux 7.0.0-27-generic x86_64","15.2.0"," -O3 -DNDEBUG",32,100000,pito,owned_initialize,ecs_create_owned,8,500,2,676.736168
khanvm1,"AMD EPYC-Milan Processor",32,"Linux 7.0.0-27-generic x86_64","15.2.0"," -O3 -DNDEBUG",32,100000,pito,owned_initialize,ecs_create_owned,8,500,3,742.187509
khanvm1,"AMD EPYC-Milan Processor",32,"Linux 7.0.0-27-generic x86_64","15.2.0"," -O3 -DNDEBUG",32,100000,pito,owned_initialize,ecs_create_owned,8,500,4,770.405723
khanvm1,"AMD EPYC-Milan Processor",32,"Linux 7.0.0-27-generic x86_64","15.2.0"," -O3 -DNDEBUG",32,100000,pito,owned_initialize,ecs_create_owned,8,500,5,768.517427
khanvm1,"AMD EPYC-Milan Processor",32,"Linux 7.0.0-27-generic x86_64","15.2.0"," -O3 -DNDEBUG",32,100000,pito,owned_initialize,ecs_create_owned,8,500,6,766.339423
khanvm1,"AMD EPYC-Milan Processor",32,"Linux 7.0.0-27-generic x86_64","15.2.0"," -O3 -DNDEBUG",32,100000,pito,owned_initialize,ecs_create_owned,8,500,7,767.414300
khanvm1,"AMD EPYC-Milan Processor",32,"Linux 7.0.0-27-generic x86_64","15.2.0"," -O3 -DNDEBUG",32,100000,pito,owned_initialize,ecs_create_owned,8,500,8,789.186756
khanvm1,"AMD EPYC-Milan Processor",32,"Linux 7.0.0-27-generic x86_64","15.2.0"," -O3 -DNDEBUG",32,100000,pito,owned_initialize,ecs_create_owned,8,500,9,773.141022
khanvm1,"AMD EPYC-Milan Processor",32,"Linux 7.0.0-27-generic x86_64","15.2.0"," -O3 -DNDEBUG",32,100000,pito,owned_initialize,ecs_create_owned,8,500,10,768.255756
khanvm1,"AMD EPYC-Milan Processor",32,"Linux 7.0.0-27-generic x86_64","15.2.0"," -O3 -DNDEBUG",32,100000,pito,owned_initialize,ecs_create_owned,8,500,11,771.102207
khanvm1,"AMD EPYC-Milan Processor",32,"Linux 7.0.0-27-generic x86_64","15.2.0"," -O3 -DNDEBUG",32,100000,pito,owned_initialize,ecs_create_owned,8,500,12,768.940502
khanvm1,"AMD EPYC-Milan Processor",32,"Linux 7.0.0-27-generic x86_64","15.2.0"," -O3 -DNDEBUG",32,100000,pito,owned_initialize,ecs_create_owned,8,500,13,783.312885
khanvm1,"AMD EPYC-Milan Processor",32,"Linux 7.0.0-27-generic x86_64","15.2.0"," -O3 -DNDEBUG",32,100000,pito,owned_initialize,ecs_create_owned,8,500,14,770.442342
khanvm1,"AMD EPYC-Milan Processor",32,"Linux 7.0.0-27-generic x86_64","15.2.0"," -O3 -DNDEBUG",32,100000,pito,owned_initialize,ecs_create_owned,16,0,1,620.852195
khanvm1,"AMD EPYC-Milan Processor",32,"Linux 7.0.0-27-generic x86_64","15.2.0"," -O3 -DNDEBUG",32,100000,pito,owned_initialize,ecs_create_owned,16,0,2,618.425709
khanvm1,"AMD EPYC-Milan Processor",32,"Linux 7.0.0-27-generic x86_64","15.2.0"," -O3 -DNDEBUG",32,100000,pito,owned_initialize,ecs_create_owned,16,0,3,621.889653
khanvm1,"AMD EPYC-Milan Processor",32,"Linux 7.0.0-27-generic x86_64","15.2.0"," -O3 -DNDEBUG",32,100000,pito,owned_initialize,ecs_create_owned,16,0,4,620.522973
khanvm1,"AMD EPYC-Milan Processor",32,"Linux 7.0.0-27-generic x86_64","15.2.0"," -O3 -DNDEBUG",32,100000,pito,owned_initialize,ecs_create_owned,16,0,5,619.632586
khanvm1,"AMD EPYC-Milan Processor",32,"Linux 7.0.0-27-generic x86_64","15.2.0"," -O3 -DNDEBUG",32,100000,pito,owned_initialize,ecs_create_owned,16,0,6,618.426687
khanvm1,"AMD EPYC-Milan Processor",32,"Linux 7.0.0-27-generic x86_64","15.2.0"," -O3 -DNDEBUG",32,100000,pito,owned_initialize,ecs_create_owned,16,0,7,604.690180
khanvm1,"AMD EPYC-Milan Processor",32,"Linux 7.0.0-27-generic x86_64","15.2.0"," -O3 -DNDEBUG",32,100000,pito,owned_initialize,ecs_create_owned,16,0,8,650.319549
khanvm1,"AMD EPYC-Milan Processor",32,"Linux 7.0.0-27-generic x86_64","15.2.0"," -O3 -DNDEBUG",32,100000,pito,owned_initialize,ecs_create_owned,16,0,9,610.075340
khanvm1,"AMD EPYC-Milan Processor",32,"Linux 7.0.0-27-generic x86_64","15.2.0"," -O3 -DNDEBUG",32,100000,pito,owned_initialize,ecs_create_owned,16,0,10,610.584454
khanvm1,"AMD EPYC-Milan Processor",32,"Linux 7.0.0-27-generic x86_64","15.2.0"," -O3 -DNDEBUG",32,100000,pito,owned_initialize,ecs_create_owned,16,0,11,610.356319
khanvm1,"AMD EPYC-Milan Processor",32,"Linux 7.0.0-27-generic x86_64","15.2.0"," -O3 -DNDEBUG",32,100000,pito,owned_initialize,ecs_create_owned,16,10,1,604.845881
khanvm1,"AMD EPYC-Milan Processor",32,"Linux 7.0.0-27-generic x86_64","15.2.0"," -O3 -DNDEBUG",32,100000,pito,owned_initialize,ecs_create_owned,16,10,2,598.326024
khanvm1,"AMD EPYC-Milan Processor",32,"Linux 7.0.0-27-generic x86_64","15.2.0"," -O3 -DNDEBUG",32,100000,pito,owned_initialize,ecs_create_owned,16,10,3,569.703507
khanvm1,"AMD EPYC-Milan Processor",32,"Linux 7.0.0-27-generic x86_64","15.2.0"," -O3 -DNDEBUG",32,100000,pito,owned_initialize,ecs_create_owned,16,10,4,576.351544
khanvm1,"AMD EPYC-Milan Processor",32,"Linux 7.0.0-27-generic x86_64","15.2.0"," -O3 -DNDEBUG",32,100000,pito,owned_initialize,ecs_create_owned,16,10,5,569.191775
khanvm1,"AMD EPYC-Milan Processor",32,"Linux 7.0.0-27-generic x86_64","15.2.0"," -O3 -DNDEBUG",32,100000,pito,owned_initialize,ecs_create_owned,16,10,6,587.005362
khanvm1,"AMD EPYC-Milan Processor",32,"Linux 7.0.0-27-generic x86_64","15.2.0"," -O3 -DNDEBUG",32,100000,pito,owned_initialize,ecs_create_owned,16,10,7,587.201703
khanvm1,"AMD EPYC-Milan Processor",32,"Linux 7.0.0-27-generic x86_64","15.2.0"," -O3 -DNDEBUG",32,100000,pito,owned_initialize,ecs_create_owned,16,10,8,588.230581
khanvm1,"AMD EPYC-Milan Processor",32,"Linux 7.0.0-27-generic x86_64","15.2.0"," -O3 -DNDEBUG",32,100000,pito,owned_initialize,ecs_create_owned,16,10,9,643.099716
khanvm1,"AMD EPYC-Milan Processor",32,"Linux 7.0.0-27-generic x86_64","15.2.0"," -O3 -DNDEBUG",32,100000,pito,owned_initialize,ecs_create_owned,16,10,10,582.032258
khanvm1,"AMD EPYC-Milan Processor",32,"Linux 7.0.0-27-generic x86_64","15.2.0"," -O3 -DNDEBUG",32,100000,pito,owned_initialize,ecs_create_owned,16,10,11,573.532436
khanvm1,"AMD EPYC-Milan Processor",32,"Linux 7.0.0-27-generic x86_64","15.2.0"," -O3 -DNDEBUG",32,100000,pito,owned_initialize,ecs_create_owned,16,500,1,631.963666
khanvm1,"AMD EPYC-Milan Processor",32,"Linux 7.0.0-27-generic x86_64","15.2.0"," -O3 -DNDEBUG",32,100000,pito,owned_initialize,ecs_create_owned,16,500,2,608.186245
khanvm1,"AMD EPYC-Milan Processor",32,"Linux 7.0.0-27-generic x86_64","15.2.0"," -O3 -DNDEBUG",32,100000,pito,owned_initialize,ecs_create_owned,16,500,3,619.618917
khanvm1,"AMD EPYC-Milan Processor",32,"Linux 7.0.0-27-generic x86_64","15.2.0"," -O3 -DNDEBUG",32,100000,pito,owned_initialize,ecs_create_owned,16,500,4,631.304219
khanvm1,"AMD EPYC-Milan Processor",32,"Linux 7.0.0-27-generic x86_64","15.2.0"," -O3 -DNDEBUG",32,100000,pito,owned_initialize,ecs_create_owned,16,500,5,637.031643
khanvm1,"AMD EPYC-Milan Processor",32,"Linux 7.0.0-27-generic x86_64","15.2.0"," -O3 -DNDEBUG",32,100000,pito,owned_initialize,ecs_create_owned,16,500,6,625.340129
khanvm1,"AMD EPYC-Milan Processor",32,"Linux 7.0.0-27-generic x86_64","15.2.0"," -O3 -DNDEBUG",32,100000,pito,owned_initialize,ecs_create_owned,16,500,7,631.285000
khanvm1,"AMD EPYC-Milan Processor",32,"Linux 7.0.0-27-generic x86_64","15.2.0"," -O3 -DNDEBUG",32,100000,pito,owned_initialize,ecs_create_owned,16,500,8,619.616766
khanvm1,"AMD EPYC-Milan Processor",32,"Linux 7.0.0-27-generic x86_64","15.2.0"," -O3 -DNDEBUG",32,100000,pito,owned_initialize,ecs_create_owned,16,500,9,645.074220
khanvm1,"AMD EPYC-Milan Processor",32,"Linux 7.0.0-27-generic x86_64","15.2.0"," -O3 -DNDEBUG",32,100000,pito,owned_initialize,ecs_create_owned,16,500,10,650.173637
khanvm1,"AMD EPYC-Milan Processor",32,"Linux 7.0.0-27-generic x86_64","15.2.0"," -O3 -DNDEBUG",32,100000,pito,owned_initialize,ecs_create_owned,32,0,1,650.547129
khanvm1,"AMD EPYC-Milan Processor",32,"Linux 7.0.0-27-generic x86_64","15.2.0"," -O3 -DNDEBUG",32,100000,pito,owned_initialize,ecs_create_owned,32,0,2,663.207510
khanvm1,"AMD EPYC-Milan Processor",32,"Linux 7.0.0-27-generic x86_64","15.2.0"," -O3 -DNDEBUG",32,100000,pito,owned_initialize,ecs_create_owned,32,0,3,640.809091
khanvm1,"AMD EPYC-Milan Processor",32,"Linux 7.0.0-27-generic x86_64","15.2.0"," -O3 -DNDEBUG",32,100000,pito,owned_initialize,ecs_create_owned,32,0,4,643.129585
khanvm1,"AMD EPYC-Milan Processor",32,"Linux 7.0.0-27-generic x86_64","15.2.0"," -O3 -DNDEBUG",32,100000,pito,owned_initialize,ecs_create_owned,32,0,5,644.636867
khanvm1,"AMD EPYC-Milan Processor",32,"Linux 7.0.0-27-generic x86_64","15.2.0"," -O3 -DNDEBUG",32,100000,pito,owned_initialize,ecs_create_owned,32,0,6,636.265466
khanvm1,"AMD EPYC-Milan Processor",32,"Linux 7.0.0-27-generic x86_64","15.2.0"," -O3 -DNDEBUG",32,100000,pito,owned_initialize,ecs_create_owned,32,0,7,634.456994
khanvm1,"AMD EPYC-Milan Processor",32,"Linux 7.0.0-27-generic x86_64","15.2.0"," -O3 -DNDEBUG",32,100000,pito,owned_initialize,ecs_create_owned,32,0,8,641.089731
khanvm1,"AMD EPYC-Milan Processor",32,"Linux 7.0.0-27-generic x86_64","15.2.0"," -O3 -DNDEBUG",32,100000,pito,owned_initialize,ecs_create_owned,32,0,9,648.813756
khanvm1,"AMD EPYC-Milan Processor",32,"Linux 7.0.0-27-generic x86_64","15.2.0"," -O3 -DNDEBUG",32,100000,pito,owned_initialize,ecs_create_owned,32,0,10,642.677855
khanvm1,"AMD EPYC-Milan Processor",32,"Linux 7.0.0-27-generic x86_64","15.2.0"," -O3 -DNDEBUG",32,100000,pito,owned_initialize,ecs_create_owned,32,10,1,637.815858
khanvm1,"AMD EPYC-Milan Processor",32,"Linux 7.0.0-27-generic x86_64","15.2.0"," -O3 -DNDEBUG",32,100000,pito,owned_initialize,ecs_create_owned,32,10,2,627.943626
khanvm1,"AMD EPYC-Milan Processor",32,"Linux 7.0.0-27-generic x86_64","15.2.0"," -O3 -DNDEBUG",32,100000,pito,owned_initialize,ecs_create_owned,32,10,3,625.680640
khanvm1,"AMD EPYC-Milan Processor",32,"Linux 7.0.0-27-generic x86_64","15.2.0"," -O3 -DNDEBUG",32,100000,pito,owned_initialize,ecs_create_owned,32,10,4,628.763363
khanvm1,"AMD EPYC-Milan Processor",32,"Linux 7.0.0-27-generic x86_64","15.2.0"," -O3 -DNDEBUG",32,100000,pito,owned_initialize,ecs_create_owned,32,10,5,644.860468
khanvm1,"AMD EPYC-Milan Processor",32,"Linux 7.0.0-27-generic x86_64","15.2.0"," -O3 -DNDEBUG",32,100000,pito,owned_initialize,ecs_create_owned,32,10,6,642.130817
khanvm1,"AMD EPYC-Milan Processor",32,"Linux 7.0.0-27-generic x86_64","15.2.0"," -O3 -DNDEBUG",32,100000,pito,owned_initialize,ecs_create_owned,32,10,7,632.420980
khanvm1,"AMD EPYC-Milan Processor",32,"Linux 7.0.0-27-generic x86_64","15.2.0"," -O3 -DNDEBUG",32,100000,pito,owned_initialize,ecs_create_owned,32,10,8,636.384037
khanvm1,"AMD EPYC-Milan Processor",32,"Linux 7.0.0-27-generic x86_64","15.2.0"," -O3 -DNDEBUG",32,100000,pito,owned_initialize,ecs_create_owned,32,10,9,629.092245
khanvm1,"AMD EPYC-Milan Processor",32,"Linux 7.0.0-27-generic x86_64","15.2.0"," -O3 -DNDEBUG",32,100000,pito,owned_initialize,ecs_create_owned,32,10,10,633.716228
khanvm1,"AMD EPYC-Milan Processor",32,"Linux 7.0.0-27-generic x86_64","15.2.0"," -O3 -DNDEBUG",32,100000,pito,owned_initialize,ecs_create_owned,32,500,1,693.516259
khanvm1,"AMD EPYC-Milan Processor",32,"Linux 7.0.0-27-generic x86_64","15.2.0"," -O3 -DNDEBUG",32,100000,pito,owned_initialize,ecs_create_owned,32,500,2,713.418372
khanvm1,"AMD EPYC-Milan Processor",32,"Linux 7.0.0-27-generic x86_64","15.2.0"," -O3 -DNDEBUG",32,100000,pito,owned_initialize,ecs_create_owned,32,500,3,686.765389
khanvm1,"AMD EPYC-Milan Processor",32,"Linux 7.0.0-27-generic x86_64","15.2.0"," -O3 -DNDEBUG",32,100000,pito,owned_initialize,ecs_create_owned,32,500,4,688.003758
khanvm1,"AMD EPYC-Milan Processor",32,"Linux 7.0.0-27-generic x86_64","15.2.0"," -O3 -DNDEBUG",32,100000,pito,owned_initialize,ecs_create_owned,32,500,5,689.945773
khanvm1,"AMD EPYC-Milan Processor",32,"Linux 7.0.0-27-generic x86_64","15.2.0"," -O3 -DNDEBUG",32,100000,pito,owned_initialize,ecs_create_owned,32,500,6,686.645459
khanvm1,"AMD EPYC-Milan Processor",32,"Linux 7.0.0-27-generic x86_64","15.2.0"," -O3 -DNDEBUG",32,100000,pito,owned_initialize,ecs_create_owned,32,500,7,714.539739
khanvm1,"AMD EPYC-Milan Processor",32,"Linux 7.0.0-27-generic x86_64","15.2.0"," -O3 -DNDEBUG",32,100000,pito,owned_initialize,ecs_create_owned,32,500,8,687.214993
khanvm1,"AMD EPYC-Milan Processor",32,"Linux 7.0.0-27-generic x86_64","15.2.0"," -O3 -DNDEBUG",32,100000,pito,owned_initialize,ecs_create_owned,32,500,9,685.012067
khanvm1,"AMD EPYC-Milan Processor",32,"Linux 7.0.0-27-generic x86_64","15.2.0"," -O3 -DNDEBUG",32,100000,pito,owned_initialize,ecs_create_owned,32,500,10,692.410310
khanvm1,"AMD EPYC-Milan Processor",32,"Linux 7.0.0-27-generic x86_64","15.2.0"," -O3 -DNDEBUG",32,100000,pito,owned_initialize,ecs_create_owned_sharded,1,0,1,234.054444
khanvm1,"AMD EPYC-Milan Processor",32,"Linux 7.0.0-27-generic x86_64","15.2.0"," -O3 -DNDEBUG",32,100000,pito,owned_initialize,ecs_create_owned_sharded,1,0,2,238.189783
khanvm1,"AMD EPYC-Milan Processor",32,"Linux 7.0.0-27-generic x86_64","15.2.0"," -O3 -DNDEBUG",32,100000,pito,owned_initialize,ecs_create_owned_sharded,1,0,3,233.311198
khanvm1,"AMD EPYC-Milan Processor",32,"Linux 7.0.0-27-generic x86_64","15.2.0"," -O3 -DNDEBUG",32,100000,pito,owned_initialize,ecs_create_owned_sharded,1,0,4,232.397702
khanvm1,"AMD EPYC-Milan Processor",32,"Linux 7.0.0-27-generic x86_64","15.2.0"," -O3 -DNDEBUG",32,100000,pito,owned_initialize,ecs_create_owned_sharded,1,0,5,232.242781
khanvm1,"AMD EPYC-Milan Processor",32,"Linux 7.0.0-27-generic x86_64","15.2.0"," -O3 -DNDEBUG",32,100000,pito,owned_initialize,ecs_create_owned_sharded,1,0,6,251.966873
khanvm1,"AMD EPYC-Milan Processor",32,"Linux 7.0.0-27-generic x86_64","15.2.0"," -O3 -DNDEBUG",32,100000,pito,owned_initialize,ecs_create_owned_sharded,1,0,7,231.073721
khanvm1,"AMD EPYC-Milan Processor",32,"Linux 7.0.0-27-generic x86_64","15.2.0"," -O3 -DNDEBUG",32,100000,pito,owned_initialize,ecs_create_owned_sharded,1,0,8,235.200371
khanvm1,"AMD EPYC-Milan Processor",32,"Linux 7.0.0-27-generic x86_64","15.2.0"," -O3 -DNDEBUG",32,100000,pito,owned_initialize,ecs_create_owned_sharded,1,0,9,231.164023
khanvm1,"AMD EPYC-Milan Processor",32,"Linux 7.0.0-27-generic x86_64","15.2.0"," -O3 -DNDEBUG",32,100000,pito,owned_initialize,ecs_create_owned_sharded,1,0,10,234.513368
khanvm1,"AMD EPYC-Milan Processor",32,"Linux 7.0.0-27-generic x86_64","15.2.0"," -O3 -DNDEBUG",32,100000,pito,owned_initialize,ecs_create_owned_sharded,1,0,11,234.572238
khanvm1,"AMD EPYC-Milan Processor",32,"Linux 7.0.0-27-generic x86_64","15.2.0"," -O3 -DNDEBUG",32,100000,pito,owned_initialize,ecs_create_owned_sharded,1,10,1,253.380842
khanvm1,"AMD EPYC-Milan Processor",32,"Linux 7.0.0-27-generic x86_64","15.2.0"," -O3 -DNDEBUG",32,100000,pito,owned_initialize,ecs_create_owned_sharded,1,10,2,243.963315
khanvm1,"AMD EPYC-Milan Processor",32,"Linux 7.0.0-27-generic x86_64","15.2.0"," -O3 -DNDEBUG",32,100000,pito,owned_initialize,ecs_create_owned_sharded,1,10,3,244.993382
khanvm1,"AMD EPYC-Milan Processor",32,"Linux 7.0.0-27-generic x86_64","15.2.0"," -O3 -DNDEBUG",32,100000,pito,owned_initialize,ecs_create_owned_sharded,1,10,4,273.603778
khanvm1,"AMD EPYC-Milan Processor",32,"Linux 7.0.0-27-generic x86_64","15.2.0"," -O3 -DNDEBUG",32,100000,pito,owned_initialize,ecs_create_owned_sharded,1,10,5,244.764832
khanvm1,"AMD EPYC-Milan Processor",32,"Linux 7.0.0-27-generic x86_64","15.2.0"," -O3 -DNDEBUG",32,100000,pito,owned_initialize,ecs_create_owned_sharded,1,10,6,242.118263
khanvm1,"AMD EPYC-Milan Processor",32,"Linux 7.0.0-27-generic x86_64","15.2.0"," -O3 -DNDEBUG",32,100000,pito,owned_initialize,ecs_create_owned_sharded,1,10,7,242.330463
khanvm1,"AMD EPYC-Milan Processor",32,"Linux 7.0.0-27-generic x86_64","15.2.0"," -O3 -DNDEBUG",32,100000,pito,owned_initialize,ecs_create_owned_sharded,1,10,8,243.010658
khanvm1,"AMD EPYC-Milan Processor",32,"Linux 7.0.0-27-generic x86_64","15.2.0"," -O3 -DNDEBUG",32,100000,pito,owned_initialize,ecs_create_owned_sharded,1,10,9,248.126704
khanvm1,"AMD EPYC-Milan Processor",32,"Linux 7.0.0-27-generic x86_64","15.2.0"," -O3 -DNDEBUG",32,100000,pito,owned_initialize,ecs_create_owned_sharded,1,10,10,245.893598
khanvm1,"AMD EPYC-Milan Processor",32,"Linux 7.0.0-27-generic x86_64","15.2.0"," -O3 -DNDEBUG",32,100000,pito,owned_initialize,ecs_create_owned_sharded,1,10,11,284.899361
khanvm1,"AMD EPYC-Milan Processor",32,"Linux 7.0.0-27-generic x86_64","15.2.0"," -O3 -DNDEBUG",32,100000,pito,owned_initialize,ecs_create_owned_sharded,1,10,12,240.102157
khanvm1,"AMD EPYC-Milan Processor",32,"Linux 7.0.0-27-generic x86_64","15.2.0"," -O3 -DNDEBUG",32,100000,pito,owned_initialize,ecs_create_owned_sharded,1,10,13,243.013528
khanvm1,"AMD EPYC-Milan Processor",32,"Linux 7.0.0-27-generic x86_64","15.2.0"," -O3 -DNDEBUG",32,100000,pito,owned_initialize,ecs_create_owned_sharded,1,10,14,241.449099
khanvm1,"AMD EPYC-Milan Processor",32,"Linux 7.0.0-27-generic x86_64","15.2.0"," -O3 -DNDEBUG",32,100000,pito,owned_initialize,ecs_create_owned_sharded,1,500,1,3168.187929
khanvm1,"AMD EPYC-Milan Processor",32,"Linux 7.0.0-27-generic x86_64","15.2.0"," -O3 -DNDEBUG",32,100000,pito,owned_initialize,ecs_create_owned_sharded,1,500,2,3149.814176
khanvm1,"AMD EPYC-Milan Processor",32,"Linux 7.0.0-27-generic x86_64","15.2.0"," -O3 -DNDEBUG",32,100000,pito,owned_initialize,ecs_create_owned_sharded,1,500,3,3151.971500
khanvm1,"AMD EPYC-Milan Processor",32,"Linux 7.0.0-27-generic x86_64","15.2.0"," -O3 -DNDEBUG",32,100000,pito,owned_initialize,ecs_create_owned_sharded,1,500,4,3145.266494
khanvm1,"AMD EPYC-Milan Processor",32,"Linux 7.0.0-27-generic x86_64","15.2.0"," -O3 -DNDEBUG",32,100000,pito,owned_initialize,ecs_create_owned_sharded,1,500,5,3157.067101
khanvm1,"AMD EPYC-Milan Processor",32,"Linux 7.0.0-27-generic x86_64","15.2.0"," -O3 -DNDEBUG",32,100000,pito,owned_initialize,ecs_create_owned_sharded,1,500,6,3151.249968
khanvm1,"AMD EPYC-Milan Processor",32,"Linux 7.0.0-27-generic x86_64","15.2.0"," -O3 -DNDEBUG",32,100000,pito,owned_initialize,ecs_create_owned_sharded,1,500,7,3146.477143
khanvm1,"AMD EPYC-Milan Processor",32,"Linux 7.0.0-27-generic x86_64","15.2.0"," -O3 -DNDEBUG",32,100000,pito,owned_initialize,ecs_create_owned_sharded,1,500,8,3150.778353
khanvm1,"AMD EPYC-Milan Processor",32,"Linux 7.0.0-27-generic x86_64","15.2.0"," -O3 -DNDEBUG",32,100000,pito,owned_initialize,ecs_create_owned_sharded,1,500,9,3150.067539
khanvm1,"AMD EPYC-Milan Processor",32,"Linux 7.0.0-27-generic x86_64","15.2.0"," -O3 -DNDEBUG",32,100000,pito,owned_initialize,ecs_create_owned_sharded,1,500,10,3154.934793
khanvm1,"AMD EPYC-Milan Processor",32,"Linux 7.0.0-27-generic x86_64","15.2.0"," -O3 -DNDEBUG",32,100000,pito,owned_initialize,ecs_create_owned_sharded,2,0,1,237.166465
khanvm1,"AMD EPYC-Milan Processor",32,"Linux 7.0.0-27-generic x86_64","15.2.0"," -O3 -DNDEBUG",32,100000,pito,owned_initialize,ecs_create_owned_sharded,2,0,2,239.115409
khanvm1,"AMD EPYC-Milan Processor",32,"Linux 7.0.0-27-generic x86_64","15.2.0"," -O3 -DNDEBUG",32,100000,pito,owned_initialize,ecs_create_owned_sharded,2,0,3,239.881236
khanvm1,"AMD EPYC-Milan Processor",32,"Linux 7.0.0-27-generic x86_64","15.2.0"," -O3 -DNDEBUG",32,100000,pito,owned_initialize,ecs_create_owned_sharded,2,0,4,239.062239
khanvm1,"AMD EPYC-Milan Processor",32,"Linux 7.0.0-27-generic x86_64","15.2.0"," -O3 -DNDEBUG",32,100000,pito,owned_initialize,ecs_create_owned_sharded,2,0,5,239.944057
khanvm1,"AMD EPYC-Milan Processor",32,"Linux 7.0.0-27-generic x86_64","15.2.0"," -O3 -DNDEBUG",32,100000,pito,owned_initialize,ecs_create_owned_sharded,2,0,6,238.602105
khanvm1,"AMD EPYC-Milan Processor",32,"Linux 7.0.0-27-generic x86_64","15.2.0"," -O3 -DNDEBUG",32,100000,pito,owned_initialize,ecs_create_owned_sharded,2,0,7,235.803856
khanvm1,"AMD EPYC-Milan Processor",32,"Linux 7.0.0-27-generic x86_64","15.2.0"," -O3 -DNDEBUG",32,100000,pito,owned_initialize,ecs_create_owned_sharded,2,0,8,240.721951
khanvm1,"AMD EPYC-Milan Processor",32,"Linux 7.0.0-27-generic x86_64","15.2.0"," -O3 -DNDEBUG",32,100000,pito,owned_initialize,ecs_create_owned_sharded,2,0,9,244.370278
khanvm1,"AMD EPYC-Milan Processor",32,"Linux 7.0.0-27-generic x86_64","15.2.0"," -O3 -DNDEBUG",32,100000,pito,owned_initialize,ecs_create_owned_sharded,2,0,10,251.925330
khanvm1,"AMD EPYC-Milan Processor",32,"Linux 7.0.0-27-generic x86_64","15.2.0"," -O3 -DNDEBUG",32,100000,pito,owned_initialize,ecs_create_owned_sharded,2,0,11,234.431087
khanvm1,"AMD EPYC-Milan Processor",32,"Linux 7.0.0-27-generic x86_64","15.2.0"," -O3 -DNDEBUG",32,100000,pito,owned_initialize,ecs_create_owned_sharded,2,10,1,257.612753
khanvm1,"AMD EPYC-Milan Processor",32,"Linux 7.0.0-27-generic x86_64","15.2.0"," -O3 -DNDEBUG",32,100000,pito,owned_initialize,ecs_create_owned_sharded,2,10,2,253.075210
khanvm1,"AMD EPYC-Milan Processor",32,"Linux 7.0.0-27-generic x86_64","15.2.0"," -O3 -DNDEBUG",32,100000,pito,owned_initialize,ecs_create_owned_sharded,2,10,3,252.367136
khanvm1,"AMD EPYC-Milan Processor",32,"Linux 7.0.0-27-generic x86_64","15.2.0"," -O3 -DNDEBUG",32,100000,pito,owned_initialize,ecs_create_owned_sharded,2,10,4,252.631498
khanvm1,"AMD EPYC-Milan Processor",32,"Linux 7.0.0-27-generic x86_64","15.2.0"," -O3 -DNDEBUG",32,100000,pito,owned_initialize,ecs_create_owned_sharded,2,10,5,256.355155
khanvm1,"AMD EPYC-Milan Processor",32,"Linux 7.0.0-27-generic x86_64","15.2.0"," -O3 -DNDEBUG",32,100000,pito,owned_initialize,ecs_create_owned_sharded,2,10,6,253.656195
khanvm1,"AMD EPYC-Milan Processor",32,"Linux 7.0.0-27-generic x86_64","15.2.0"," -O3 -DNDEBUG",32,100000,pito,owned_initialize,ecs_create_owned_sharded,2,10,7,249.521425
khanvm1,"AMD EPYC-Milan Processor",32,"Linux 7.0.0-27-generic x86_64","15.2.0"," -O3 -DNDEBUG",32,100000,pito,owned_initialize,ecs_create_owned_sharded,2,10,8,251.295748
khanvm1,"AMD EPYC-Milan Processor",32,"Linux 7.0.0-27-generic x86_64","15.2.0"," -O3 -DNDEBUG",32,100000,pito,owned_initialize,ecs_create_owned_sharded,2,10,9,250.001998
khanvm1,"AMD EPYC-Milan Processor",32,"Linux 7.0.0-27-generic x86_64","15.2.0"," -O3 -DNDEBUG",32,100000,pito,owned_initialize,ecs_create_owned_sharded,2,10,10,250.579093
khanvm1,"AMD EPYC-Milan Processor",32,"Linux 7.0.0-27-generic x86_64","15.2.0"," -O3 -DNDEBUG",32,100000,pito,owned_initialize,ecs_create_owned_sharded,2,500,1,1690.220948
khanvm1,"AMD EPYC-Milan Processor",32,"Linux 7.0.0-27-generic x86_64","15.2.0"," -O3 -DNDEBUG",32,100000,pito,owned_initialize,ecs_create_owned_sharded,2,500,2,1687.056794
khanvm1,"AMD EPYC-Milan Processor",32,"Linux 7.0.0-27-generic x86_64","15.2.0"," -O3 -DNDEBUG",32,100000,pito,owned_initialize,ecs_create_owned_sharded,2,500,3,1686.009129
khanvm1,"AMD EPYC-Milan Processor",32,"Linux 7.0.0-27-generic x86_64","15.2.0"," -O3 -DNDEBUG",32,100000,pito,owned_initialize,ecs_create_owned_sharded,2,500,4,1681.002972
khanvm1,"AMD EPYC-Milan Processor",32,"Linux 7.0.0-27-generic x86_64","15.2.0"," -O3 -DNDEBUG",32,100000,pito,owned_initialize,ecs_create_owned_sharded,2,500,5,1683.580212
khanvm1,"AMD EPYC-Milan Processor",32,"Linux 7.0.0-27-generic x86_64","15.2.0"," -O3 -DNDEBUG",32,100000,pito,owned_initialize,ecs_create_owned_sharded,2,500,6,1685.020229
khanvm1,"AMD EPYC-Milan Processor",32,"Linux 7.0.0-27-generic x86_64","15.2.0"," -O3 -DNDEBUG",32,100000,pito,owned_initialize,ecs_create_owned_sharded,2,500,7,1681.080752
khanvm1,"AMD EPYC-Milan Processor",32,"Linux 7.0.0-27-generic x86_64","15.2.0"," -O3 -DNDEBUG",32,100000,pito,owned_initialize,ecs_create_owned_sharded,2,500,8,1691.931590
khanvm1,"AMD EPYC-Milan Processor",32,"Linux 7.0.0-27-generic x86_64","15.2.0"," -O3 -DNDEBUG",32,100000,pito,owned_initialize,ecs_create_owned_sharded,2,500,9,1695.272644
khanvm1,"AMD EPYC-Milan Processor",32,"Linux 7.0.0-27-generic x86_64","15.2.0"," -O3 -DNDEBUG",32,100000,pito,owned_initialize,ecs_create_owned_sharded,2,500,10,1685.701505
khanvm1,"AMD EPYC-Milan Processor",32,"Linux 7.0.0-27-generic x86_64","15.2.0"," -O3 -DNDEBUG",32,100000,pito,owned_initialize,ecs_create_owned_sharded,4,0,1,204.015857
khanvm1,"AMD EPYC-Milan Processor",32,"Linux 7.0.0-27-generic x86_64","15.2.0"," -O3 -DNDEBUG",32,100000,pito,owned_initialize,ecs_create_owned_sharded,4,0,2,200.828356
khanvm1,"AMD EPYC-Milan Processor",32,"Linux 7.0.0-27-generic x86_64","15.2.0"," -O3 -DNDEBUG",32,100000,pito,owned_initialize,ecs_create_owned_sharded,4,0,3,205.008334
khanvm1,"AMD EPYC-Milan Processor",32,"Linux 7.0.0-27-generic x86_64","15.2.0"," -O3 -DNDEBUG",32,100000,pito,owned_initialize,ecs_create_owned_sharded,4,0,4,200.435512
khanvm1,"AMD EPYC-Milan Processor",32,"Linux 7.0.0-27-generic x86_64","15.2.0"," -O3 -DNDEBUG",32,100000,pito,owned_initialize,ecs_create_owned_sharded,4,0,5,201.010236
khanvm1,"AMD EPYC-Milan Processor",32,"Linux 7.0.0-27-generic x86_64","15.2.0"," -O3 -DNDEBUG",32,100000,pito,owned_initialize,ecs_create_owned_sharded,4,0,6,203.084150
khanvm1,"AMD EPYC-Milan Processor",32,"Linux 7.0.0-27-generic x86_64","15.2.0"," -O3 -DNDEBUG",32,100000,pito,owned_initialize,ecs_create_owned_sharded,4,0,7,206.977018
khanvm1,"AMD EPYC-Milan Processor",32,"Linux 7.0.0-27-generic x86_64","15.2.0"," -O3 -DNDEBUG",32,100000,pito,owned_initialize,ecs_create_owned_sharded,4,0,8,198.770541
khanvm1,"AMD EPYC-Milan Processor",32,"Linux 7.0.0-27-generic x86_64","15.2.0"," -O3 -DNDEBUG",32,100000,pito,owned_initialize,ecs_create_owned_sharded,4,0,9,203.621923
khanvm1,"AMD EPYC-Milan Processor",32,"Linux 7.0.0-27-generic x86_64","15.2.0"," -O3 -DNDEBUG",32,100000,pito,owned_initialize,ecs_create_owned_sharded,4,0,10,199.087744
khanvm1,"AMD EPYC-Milan Processor",32,"Linux 7.0.0-27-generic x86_64","15.2.0"," -O3 -DNDEBUG",32,100000,pito,owned_initialize,ecs_create_owned_sharded,4,10,1,205.769420
khanvm1,"AMD EPYC-Milan Processor",32,"Linux 7.0.0-27-generic x86_64","15.2.0"," -O3 -DNDEBUG",32,100000,pito,owned_initialize,ecs_create_owned_sharded,4,10,2,209.238966
khanvm1,"AMD EPYC-Milan Processor",32,"Linux 7.0.0-27-generic x86_64","15.2.0"," -O3 -DNDEBUG",32,100000,pito,owned_initialize,ecs_create_owned_sharded,4,10,3,205.805440
khanvm1,"AMD EPYC-Milan Processor",32,"Linux 7.0.0-27-generic x86_64","15.2.0"," -O3 -DNDEBUG",32,100000,pito,owned_initialize,ecs_create_owned_sharded,4,10,4,208.941563
khanvm1,"AMD EPYC-Milan Processor",32,"Linux 7.0.0-27-generic x86_64","15.2.0"," -O3 -DNDEBUG",32,100000,pito,owned_initialize,ecs_create_owned_sharded,4,10,5,204.729353
khanvm1,"AMD EPYC-Milan Processor",32,"Linux 7.0.0-27-generic x86_64","15.2.0"," -O3 -DNDEBUG",32,100000,pito,owned_initialize,ecs_create_owned_sharded,4,10,6,207.472742
khanvm1,"AMD EPYC-Milan Processor",32,"Linux 7.0.0-27-generic x86_64","15.2.0"," -O3 -DNDEBUG",32,100000,pito,owned_initialize,ecs_create_owned_sharded,4,10,7,208.955053
khanvm1,"AMD EPYC-Milan Processor",32,"Linux 7.0.0-27-generic x86_64","15.2.0"," -O3 -DNDEBUG",32,100000,pito,owned_initialize,ecs_create_owned_sharded,4,10,8,207.810585
khanvm1,"AMD EPYC-Milan Processor",32,"Linux 7.0.0-27-generic x86_64","15.2.0"," -O3 -DNDEBUG",32,100000,pito,owned_initialize,ecs_create_owned_sharded,4,10,9,210.739856
khanvm1,"AMD EPYC-Milan Processor",32,"Linux 7.0.0-27-generic x86_64","15.2.0"," -O3 -DNDEBUG",32,100000,pito,owned_initialize,ecs_create_owned_sharded,4,10,10,210.058481
khanvm1,"AMD EPYC-Milan Processor",32,"Linux 7.0.0-27-generic x86_64","15.2.0"," -O3 -DNDEBUG",32,100000,pito,owned_initialize,ecs_create_owned_sharded,4,500,1,1072.743176
khanvm1,"AMD EPYC-Milan Processor",32,"Linux 7.0.0-27-generic x86_64","15.2.0"," -O3 -DNDEBUG",32,100000,pito,owned_initialize,ecs_create_owned_sharded,4,500,2,1067.057125
khanvm1,"AMD EPYC-Milan Processor",32,"Linux 7.0.0-27-generic x86_64","15.2.0"," -O3 -DNDEBUG",32,100000,pito,owned_initialize,ecs_create_owned_sharded,4,500,3,1095.352738
khanvm1,"AMD EPYC-Milan Processor",32,"Linux 7.0.0-27-generic x86_64","15.2.0"," -O3 -DNDEBUG",32,100000,pito,owned_initialize,ecs_create_owned_sharded,4,500,4,1068.531376
khanvm1,"AMD EPYC-Milan Processor",32,"Linux 7.0.0-27-generic x86_64","15.2.0"," -O3 -DNDEBUG",32,100000,pito,owned_initialize,ecs_create_owned_sharded,4,500,5,1071.262856
khanvm1,"AMD EPYC-Milan Processor",32,"Linux 7.0.0-27-generic x86_64","15.2.0"," -O3 -DNDEBUG",32,100000,pito,owned_initialize,ecs_create_owned_sharded,4,500,6,1070.612352
khanvm1,"AMD EPYC-Milan Processor",32,"Linux 7.0.0-27-generic x86_64","15.2.0"," -O3 -DNDEBUG",32,100000,pito,owned_initialize,ecs_create_owned_sharded,4,500,7,1068.707347
khanvm1,"AMD EPYC-Milan Processor",32,"Linux 7.0.0-27-generic x86_64","15.2.0"," -O3 -DNDEBUG",32,100000,pito,owned_initialize,ecs_create_owned_sharded,4,500,8,1068.990099
khanvm1,"AMD EPYC-Milan Processor",32,"Linux 7.0.0-27-generic x86_64","15.2.0"," -O3 -DNDEBUG",32,100000,pito,owned_initialize,ecs_create_owned_sharded,4,500,9,1070.470341
khanvm1,"AMD EPYC-Milan Processor",32,"Linux 7.0.0-27-generic x86_64","15.2.0"," -O3 -DNDEBUG",32,100000,pito,owned_initialize,ecs_create_owned_sharded,4,500,10,1077.835042
khanvm1,"AMD EPYC-Milan Processor",32,"Linux 7.0.0-27-generic x86_64","15.2.0"," -O3 -DNDEBUG",32,100000,pito,owned_initialize,ecs_create_owned_sharded,8,0,1,195.357665
khanvm1,"AMD EPYC-Milan Processor",32,"Linux 7.0.0-27-generic x86_64","15.2.0"," -O3 -DNDEBUG",32,100000,pito,owned_initialize,ecs_create_owned_sharded,8,0,2,197.700733
khanvm1,"AMD EPYC-Milan Processor",32,"Linux 7.0.0-27-generic x86_64","15.2.0"," -O3 -DNDEBUG",32,100000,pito,owned_initialize,ecs_create_owned_sharded,8,0,3,197.674432
khanvm1,"AMD EPYC-Milan Processor",32,"Linux 7.0.0-27-generic x86_64","15.2.0"," -O3 -DNDEBUG",32,100000,pito,owned_initialize,ecs_create_owned_sharded,8,0,4,196.686915
khanvm1,"AMD EPYC-Milan Processor",32,"Linux 7.0.0-27-generic x86_64","15.2.0"," -O3 -DNDEBUG",32,100000,pito,owned_initialize,ecs_create_owned_sharded,8,0,5,196.105771
khanvm1,"AMD EPYC-Milan Processor",32,"Linux 7.0.0-27-generic x86_64","15.2.0"," -O3 -DNDEBUG",32,100000,pito,owned_initialize,ecs_create_owned_sharded,8,0,6,195.672687
khanvm1,"AMD EPYC-Milan Processor",32,"Linux 7.0.0-27-generic x86_64","15.2.0"," -O3 -DNDEBUG",32,100000,pito,owned_initialize,ecs_create_owned_sharded,8,0,7,196.509414
khanvm1,"AMD EPYC-Milan Processor",32,"Linux 7.0.0-27-generic x86_64","15.2.0"," -O3 -DNDEBUG",32,100000,pito,owned_initialize,ecs_create_owned_sharded,8,0,8,198.409567
khanvm1,"AMD EPYC-Milan Processor",32,"Linux 7.0.0-27-generic x86_64","15.2.0"," -O3 -DNDEBUG",32,100000,pito,owned_initialize,ecs_create_owned_sharded,8,0,9,191.548118
khanvm1,"AMD EPYC-Milan Processor",32,"Linux 7.0.0-27-generic x86_64","15.2.0"," -O3 -DNDEBUG",32,100000,pito,owned_initialize,ecs_create_owned_sharded,8,0,10,197.089857
khanvm1,"AMD EPYC-Milan Processor",32,"Linux 7.0.0-27-generic x86_64","15.2.0"," -O3 -DNDEBUG",32,100000,pito,owned_initialize,ecs_create_owned_sharded,8,10,1,201.992793
khanvm1,"AMD EPYC-Milan Processor",32,"Linux 7.0.0-27-generic x86_64","15.2.0"," -O3 -DNDEBUG",32,100000,pito,owned_initialize,ecs_create_owned_sharded,8,10,2,201.830761
khanvm1,"AMD EPYC-Milan Processor",32,"Linux 7.0.0-27-generic x86_64","15.2.0"," -O3 -DNDEBUG",32,100000,pito,owned_initialize,ecs_create_owned_sharded,8,10,3,197.369630
khanvm1,"AMD EPYC-Milan Processor",32,"Linux 7.0.0-27-generic x86_64","15.2.0"," -O3 -DNDEBUG",32,100000,pito,owned_initialize,ecs_create_owned_sharded,8,10,4,207.720144
khanvm1,"AMD EPYC-Milan Processor",32,"Linux 7.0.0-27-generic x86_64","15.2.0"," -O3 -DNDEBUG",32,100000,pito,owned_initialize,ecs_create_owned_sharded,8,10,5,205.646079
khanvm1,"AMD EPYC-Milan Processor",32,"Linux 7.0.0-27-generic x86_64","15.2.0"," -O3 -DNDEBUG",32,100000,pito,owned_initialize,ecs_create_owned_sharded,8,10,6,203.254121
khanvm1,"AMD EPYC-Milan Processor",32,"Linux 7.0.0-27-generic x86_64","15.2.0"," -O3 -DNDEBUG",32,100000,pito,owned_initialize,ecs_create_owned_sharded,8,10,7,197.223439
khanvm1,"AMD EPYC-Milan Processor",32,"Linux 7.0.0-27-generic x86_64","15.2.0"," -O3 -DNDEBUG",32,100000,pito,owned_initialize,ecs_create_owned_sharded,8,10,8,201.908022
khanvm1,"AMD EPYC-Milan Processor",32,"Linux 7.0.0-27-generic x86_64","15.2.0"," -O3 -DNDEBUG",32,100000,pito,owned_initialize,ecs_create_owned_sharded,8,10,9,205.814032
khanvm1,"AMD EPYC-Milan Processor",32,"Linux 7.0.0-27-generic x86_64","15.2.0"," -O3 -DNDEBUG",32,100000,pito,owned_initialize,ecs_create_owned_sharded,8,10,10,207.264132
khanvm1,"AMD EPYC-Milan Processor",32,"Linux 7.0.0-27-generic x86_64","15.2.0"," -O3 -DNDEBUG",32,100000,pito,owned_initialize,ecs_create_owned_sharded,8,500,1,662.430764
khanvm1,"AMD EPYC-Milan Processor",32,"Linux 7.0.0-27-generic x86_64","15.2.0"," -O3 -DNDEBUG",32,100000,pito,owned_initialize,ecs_create_owned_sharded,8,500,2,661.290357
khanvm1,"AMD EPYC-Milan Processor",32,"Linux 7.0.0-27-generic x86_64","15.2.0"," -O3 -DNDEBUG",32,100000,pito,owned_initialize,ecs_create_owned_sharded,8,500,3,660.543951
khanvm1,"AMD EPYC-Milan Processor",32,"Linux 7.0.0-27-generic x86_64","15.2.0"," -O3 -DNDEBUG",32,100000,pito,owned_initialize,ecs_create_owned_sharded,8,500,4,659.149920
khanvm1,"AMD EPYC-Milan Processor",32,"Linux 7.0.0-27-generic x86_64","15.2.0"," -O3 -DNDEBUG",32,100000,pito,owned_initialize,ecs_create_owned_sharded,8,500,5,662.416385
khanvm1,"AMD EPYC-Milan Processor",32,"Linux 7.0.0-27-generic x86_64","15.2.0"," -O3 -DNDEBUG",32,100000,pito,owned_initialize,ecs_create_owned_sharded,8,500,6,663.590313
khanvm1,"AMD EPYC-Milan Processor",32,"Linux 7.0.0-27-generic x86_64","15.2.0"," -O3 -DNDEBUG",32,100000,pito,owned_initialize,ecs_create_owned_sharded,8,500,7,661.123265
khanvm1,"AMD EPYC-Milan Processor",32,"Linux 7.0.0-27-generic x86_64","15.2.0"," -O3 -DNDEBUG",32,100000,pito,owned_initialize,ecs_create_owned_sharded,8,500,8,661.481137
khanvm1,"AMD EPYC-Milan Processor",32,"Linux 7.0.0-27-generic x86_64","15.2.0"," -O3 -DNDEBUG",32,100000,pito,owned_initialize,ecs_create_owned_sharded,8,500,9,662.519185
khanvm1,"AMD EPYC-Milan Processor",32,"Linux 7.0.0-27-generic x86_64","15.2.0"," -O3 -DNDEBUG",32,100000,pito,owned_initialize,ecs_create_owned_sharded,8,500,10,661.646420
khanvm1,"AMD EPYC-Milan Processor",32,"Linux 7.0.0-27-generic x86_64","15.2.0"," -O3 -DNDEBUG",32,100000,pito,owned_initialize,ecs_create_owned_sharded,16,0,1,187.593379
khanvm1,"AMD EPYC-Milan Processor",32,"Linux 7.0.0-27-generic x86_64","15.2.0"," -O3 -DNDEBUG",32,100000,pito,owned_initialize,ecs_create_owned_sharded,16,0,2,186.058408
khanvm1,"AMD EPYC-Milan Processor",32,"Linux 7.0.0-27-generic x86_64","15.2.0"," -O3 -DNDEBUG",32,100000,pito,owned_initialize,ecs_create_owned_sharded,16,0,3,185.345973
khanvm1,"AMD EPYC-Milan Processor",32,"Linux 7.0.0-27-generic x86_64","15.2.0"," -O3 -DNDEBUG",32,100000,pito,owned_initialize,ecs_create_owned_sharded,16,0,4,184.414567
khanvm1,"AMD EPYC-Milan Processor",32,"Linux 7.0.0-27-generic x86_64","15.2.0"," -O3 -DNDEBUG",32,100000,pito,owned_initialize,ecs_create_owned_sharded,16,0,5,184.644689
khanvm1,"AMD EPYC-Milan Processor",32,"Linux 7.0.0-27-generic x86_64","15.2.0"," -O3 -DNDEBUG",32,100000,pito,owned_initialize,ecs_create_owned_sharded,16,0,6,184.562717
khanvm1,"AMD EPYC-Milan Processor",32,"Linux 7.0.0-27-generic x86_64","15.2.0"," -O3 -DNDEBUG",32,100000,pito,owned_initialize,ecs_create_owned_sharded,16,0,7,185.711585
khanvm1,"AMD EPYC-Milan Processor",32,"Linux 7.0.0-27-generic x86_64","15.2.0"," -O3 -DNDEBUG",32,100000,pito,owned_initialize,ecs_create_owned_sharded,16,0,8,188.095503
khanvm1,"AMD EPYC-Milan Processor",32,"Linux 7.0.0-27-generic x86_64","15.2.0"," -O3 -DNDEBUG",32,100000,pito,owned_initialize,ecs_create_owned_sharded,16,0,9,184.813640
khanvm1,"AMD EPYC-Milan Processor",32,"Linux 7.0.0-27-generic x86_64","15.2.0"," -O3 -DNDEBUG",32,100000,pito,owned_initialize,ecs_create_owned_sharded,16,0,10,184.693317
khanvm1,"AMD EPYC-Milan Processor",32,"Linux 7.0.0-27-generic x86_64","15.2.0"," -O3 -DNDEBUG",32,100000,pito,owned_initialize,ecs_create_owned_sharded,16,10,1,193.325491
khanvm1,"AMD EPYC-Milan Processor",32,"Linux 7.0.0-27-generic x86_64","15.2.0"," -O3 -DNDEBUG",32,100000,pito,owned_initialize,ecs_create_owned_sharded,16,10,2,189.360793
khanvm1,"AMD EPYC-Milan Processor",32,"Linux 7.0.0-27-generic x86_64","15.2.0"," -O3 -DNDEBUG",32,100000,pito,owned_initialize,ecs_create_owned_sharded,16,10,3,190.065947
khanvm1,"AMD EPYC-Milan Processor",32,"Linux 7.0.0-27-generic x86_64","15.2.0"," -O3 -DNDEBUG",32,100000,pito,owned_initialize,ecs_create_owned_sharded,16,10,4,195.420845
khanvm1,"AMD EPYC-Milan Processor",32,"Linux 7.0.0-27-generic x86_64","15.2.0"," -O3 -DNDEBUG",32,100000,pito,owned_initialize,ecs_create_owned_sharded,16,10,5,192.599886
khanvm1,"AMD EPYC-Milan Processor",32,"Linux 7.0.0-27-generic x86_64","15.2.0"," -O3 -DNDEBUG",32,100000,pito,owned_initialize,ecs_create_owned_sharded,16,10,6,192.749866
khanvm1,"AMD EPYC-Milan Processor",32,"Linux 7.0.0-27-generic x86_64","15.2.0"," -O3 -DNDEBUG",32,100000,pito,owned_initialize,ecs_create_owned_sharded,16,10,7,194.139178
khanvm1,"AMD EPYC-Milan Processor",32,"Linux 7.0.0-27-generic x86_64","15.2.0"," -O3 -DNDEBUG",32,100000,pito,owned_initialize,ecs_create_owned_sharded,16,10,8,192.393273
khanvm1,"AMD EPYC-Milan Processor",32,"Linux 7.0.0-27-generic x86_64","15.2.0"," -O3 -DNDEBUG",32,100000,pito,owned_initialize,ecs_create_owned_sharded,16,10,9,193.281421
khanvm1,"AMD EPYC-Milan Processor",32,"Linux 7.0.0-27-generic x86_64","15.2.0"," -O3 -DNDEBUG",32,100000,pito,owned_initialize,ecs_create_owned_sharded,16,10,10,194.595650
khanvm1,"AMD EPYC-Milan Processor",32,"Linux 7.0.0-27-generic x86_64","15.2.0"," -O3 -DNDEBUG",32,100000,pito,owned_initialize,ecs_create_owned_sharded,16,500,1,429.455239
khanvm1,"AMD EPYC-Milan Processor",32,"Linux 7.0.0-27-generic x86_64","15.2.0"," -O3 -DNDEBUG",32,100000,pito,owned_initialize,ecs_create_owned_sharded,16,500,2,426.863379
khanvm1,"AMD EPYC-Milan Processor",32,"Linux 7.0.0-27-generic x86_64","15.2.0"," -O3 -DNDEBUG",32,100000,pito,owned_initialize,ecs_create_owned_sharded,16,500,3,426.413838
khanvm1,"AMD EPYC-Milan Processor",32,"Linux 7.0.0-27-generic x86_64","15.2.0"," -O3 -DNDEBUG",32,100000,pito,owned_initialize,ecs_create_owned_sharded,16,500,4,427.267973
khanvm1,"AMD EPYC-Milan Processor",32,"Linux 7.0.0-27-generic x86_64","15.2.0"," -O3 -DNDEBUG",32,100000,pito,owned_initialize,ecs_create_owned_sharded,16,500,5,424.671156
khanvm1,"AMD EPYC-Milan Processor",32,"Linux 7.0.0-27-generic x86_64","15.2.0"," -O3 -DNDEBUG",32,100000,pito,owned_initialize,ecs_create_owned_sharded,16,500,6,428.702105
khanvm1,"AMD EPYC-Milan Processor",32,"Linux 7.0.0-27-generic x86_64","15.2.0"," -O3 -DNDEBUG",32,100000,pito,owned_initialize,ecs_create_owned_sharded,16,500,7,424.953588
khanvm1,"AMD EPYC-Milan Processor",32,"Linux 7.0.0-27-generic x86_64","15.2.0"," -O3 -DNDEBUG",32,100000,pito,owned_initialize,ecs_create_owned_sharded,16,500,8,429.518469
khanvm1,"AMD EPYC-Milan Processor",32,"Linux 7.0.0-27-generic x86_64","15.2.0"," -O3 -DNDEBUG",32,100000,pito,owned_initialize,ecs_create_owned_sharded,16,500,9,425.897194
khanvm1,"AMD EPYC-Milan Processor",32,"Linux 7.0.0-27-generic x86_64","15.2.0"," -O3 -DNDEBUG",32,100000,pito,owned_initialize,ecs_create_owned_sharded,16,500,10,426.582547
khanvm1,"AMD EPYC-Milan Processor",32,"Linux 7.0.0-27-generic x86_64","15.2.0"," -O3 -DNDEBUG",32,100000,pito,owned_initialize,ecs_create_owned_sharded,32,0,1,183.315019
khanvm1,"AMD EPYC-Milan Processor",32,"Linux 7.0.0-27-generic x86_64","15.2.0"," -O3 -DNDEBUG",32,100000,pito,owned_initialize,ecs_create_owned_sharded,32,0,2,186.370620
khanvm1,"AMD EPYC-Milan Processor",32,"Linux 7.0.0-27-generic x86_64","15.2.0"," -O3 -DNDEBUG",32,100000,pito,owned_initialize,ecs_create_owned_sharded,32,0,3,183.008966
khanvm1,"AMD EPYC-Milan Processor",32,"Linux 7.0.0-27-generic x86_64","15.2.0"," -O3 -DNDEBUG",32,100000,pito,owned_initialize,ecs_create_owned_sharded,32,0,4,185.559104
khanvm1,"AMD EPYC-Milan Processor",32,"Linux 7.0.0-27-generic x86_64","15.2.0"," -O3 -DNDEBUG",32,100000,pito,owned_initialize,ecs_create_owned_sharded,32,0,5,184.987640
khanvm1,"AMD EPYC-Milan Processor",32,"Linux 7.0.0-27-generic x86_64","15.2.0"," -O3 -DNDEBUG",32,100000,pito,owned_initialize,ecs_create_owned_sharded,32,0,6,183.536339
khanvm1,"AMD EPYC-Milan Processor",32,"Linux 7.0.0-27-generic x86_64","15.2.0"," -O3 -DNDEBUG",32,100000,pito,owned_initialize,ecs_create_owned_sharded,32,0,7,184.260594
khanvm1,"AMD EPYC-Milan Processor",32,"Linux 7.0.0-27-generic x86_64","15.2.0"," -O3 -DNDEBUG",32,100000,pito,owned_initialize,ecs_create_owned_sharded,32,0,8,183.107408
khanvm1,"AMD EPYC-Milan Processor",32,"Linux 7.0.0-27-generic x86_64","15.2.0"," -O3 -DNDEBUG",32,100000,pito,owned_initialize,ecs_create_owned_sharded,32,0,9,185.228843
khanvm1,"AMD EPYC-Milan Processor",32,"Linux 7.0.0-27-generic x86_64","15.2.0"," -O3 -DNDEBUG",32,100000,pito,owned_initialize,ecs_create_owned_sharded,32,0,10,183.816691
khanvm1,"AMD EPYC-Milan Processor",32,"Linux 7.0.0-27-generic x86_64","15.2.0"," -O3 -DNDEBUG",32,100000,pito,owned_initialize,ecs_create_owned_sharded,32,10,1,187.165305
khanvm1,"AMD EPYC-Milan Processor",32,"Linux 7.0.0-27-generic x86_64","15.2.0"," -O3 -DNDEBUG",32,100000,pito,owned_initialize,ecs_create_owned_sharded,32,10,2,188.059893
khanvm1,"AMD EPYC-Milan Processor",32,"Linux 7.0.0-27-generic x86_64","15.2.0"," -O3 -DNDEBUG",32,100000,pito,owned_initialize,ecs_create_owned_sharded,32,10,3,188.691207
khanvm1,"AMD EPYC-Milan Processor",32,"Linux 7.0.0-27-generic x86_64","15.2.0"," -O3 -DNDEBUG",32,100000,pito,owned_initialize,ecs_create_owned_sharded,32,10,4,183.376079
khanvm1,"AMD EPYC-Milan Processor",32,"Linux 7.0.0-27-generic x86_64","15.2.0"," -O3 -DNDEBUG",32,100000,pito,owned_initialize,ecs_create_owned_sharded,32,10,5,186.073779
khanvm1,"AMD EPYC-Milan Processor",32,"Linux 7.0.0-27-generic x86_64","15.2.0"," -O3 -DNDEBUG",32,100000,pito,owned_initialize,ecs_create_owned_sharded,32,10,6,188.352755
khanvm1,"AMD EPYC-Milan Processor",32,"Linux 7.0.0-27-generic x86_64","15.2.0"," -O3 -DNDEBUG",32,100000,pito,owned_initialize,ecs_create_owned_sharded,32,10,7,190.943533
khanvm1,"AMD EPYC-Milan Processor",32,"Linux 7.0.0-27-generic x86_64","15.2.0"," -O3 -DNDEBUG",32,100000,pito,owned_initialize,ecs_create_owned_sharded,32,10,8,189.571464
khanvm1,"AMD EPYC-Milan Processor",32,"Linux 7.0.0-27-generic x86_64","15.2.0"," -O3 -DNDEBUG",32,100000,pito,owned_initialize,ecs_create_owned_sharded,32,10,9,190.786173
khanvm1,"AMD EPYC-Milan Processor",32,"Linux 7.0.0-27-generic x86_64","15.2.0"," -O3 -DNDEBUG",32,100000,pito,owned_initialize,ecs_create_owned_sharded,32,10,10,187.188206
khanvm1,"AMD EPYC-Milan Processor",32,"Linux 7.0.0-27-generic x86_64","15.2.0"," -O3 -DNDEBUG",32,100000,pito,owned_initialize,ecs_create_owned_sharded,32,500,1,300.772214
khanvm1,"AMD EPYC-Milan Processor",32,"Linux 7.0.0-27-generic x86_64","15.2.0"," -O3 -DNDEBUG",32,100000,pito,owned_initialize,ecs_create_owned_sharded,32,500,2,301.505320
khanvm1,"AMD EPYC-Milan Processor",32,"Linux 7.0.0-27-generic x86_64","15.2.0"," -O3 -DNDEBUG",32,100000,pito,owned_initialize,ecs_create_owned_sharded,32,500,3,304.641171
khanvm1,"AMD EPYC-Milan Processor",32,"Linux 7.0.0-27-generic x86_64","15.2.0"," -O3 -DNDEBUG",32,100000,pito,owned_initialize,ecs_create_owned_sharded,32,500,4,302.054443
khanvm1,"AMD EPYC-Milan Processor",32,"Linux 7.0.0-27-generic x86_64","15.2.0"," -O3 -DNDEBUG",32,100000,pito,owned_initialize,ecs_create_owned_sharded,32,500,5,302.019963
khanvm1,"AMD EPYC-Milan Processor",32,"Linux 7.0.0-27-generic x86_64","15.2.0"," -O3 -DNDEBUG",32,100000,pito,owned_initialize,ecs_create_owned_sharded,32,500,6,300.690702
khanvm1,"AMD EPYC-Milan Processor",32,"Linux 7.0.0-27-generic x86_64","15.2.0"," -O3 -DNDEBUG",32,100000,pito,owned_initialize,ecs_create_owned_sharded,32,500,7,301.104236
khanvm1,"AMD EPYC-Milan Processor",32,"Linux 7.0.0-27-generic x86_64","15.2.0"," -O3 -DNDEBUG",32,100000,pito,owned_initialize,ecs_create_owned_sharded,32,500,8,302.777887
khanvm1,"AMD EPYC-Milan Processor",32,"Linux 7.0.0-27-generic x86_64","15.2.0"," -O3 -DNDEBUG",32,100000,pito,owned_initialize,ecs_create_owned_sharded,32,500,9,303.272342
khanvm1,"AMD EPYC-Milan Processor",32,"Linux 7.0.0-27-generic x86_64","15.2.0"," -O3 -DNDEBUG",32,100000,pito,owned_initialize,ecs_create_owned_sharded,32,500,10,302.023973
khanvm1,"AMD EPYC-Milan Processor",32,"Linux 7.0.0-27-generic x86_64","15.2.0"," -O3 -DNDEBUG -DPITO_ECS_OWNED_DELETE_ATOMIC=1",32,100000,pito,owned_initialize,ecs_create_owned,1,0,1,158.955484
khanvm1,"AMD EPYC-Milan Processor",32,"Linux 7.0.0-27-generic x86_64","15.2.0"," -O3 -DNDEBUG -DPITO_ECS_OWNED_DELETE_ATOMIC=1",32,100000,pito,owned_initialize,ecs_create_owned,1,0,2,157.486722
khanvm1,"AMD EPYC-Milan Processor",32,"Linux 7.0.0-27-generic x86_64","15.2.0"," -O3 -DNDEBUG -DPITO_ECS_OWNED_DELETE_ATOMIC=1",32,100000,pito,owned_initialize,ecs_create_owned,1,0,3,211.063220
khanvm1,"AMD EPYC-Milan Processor",32,"Linux 7.0.0-27-generic x86_64","15.2.0"," -O3 -DNDEBUG -DPITO_ECS_OWNED_DELETE_ATOMIC=1",32,100000,pito,owned_initialize,ecs_create_owned,1,0,4,158.410460
khanvm1,"AMD EPYC-Milan Processor",32,"Linux 7.0.0-27-generic x86_64","15.2.0"," -O3 -DNDEBUG -DPITO_ECS_OWNED_DELETE_ATOMIC=1",32,100000,pito,owned_initialize,ecs_create_owned,1,0,5,157.397022
khanvm1,"AMD EPYC-Milan Processor",32,"Linux 7.0.0-27-generic x86_64","15.2.0"," -O3 -DNDEBUG -DPITO_ECS_OWNED_DELETE_ATOMIC=1",32,100000,pito,owned_initialize,ecs_create_owned,1,0,6,159.736279
khanvm1,"AMD EPYC-Milan Processor",32,"Linux 7.0.0-27-generic x86_64","15.2.0"," -O3 -DNDEBUG -DPITO_ECS_OWNED_DELETE_ATOMIC=1",32,100000,pito,owned_initialize,ecs_create_owned,1,0,7,160.900347
khanvm1,"AMD EPYC-Milan Processor",32,"Linux 7.0.0-27-generic x86_64","15.2.0"," -O3 -DNDEBUG -DPITO_ECS_OWNED_DELETE_ATOMIC=1",32,100000,pito,owned_initialize,ecs_create_owned,1,0,8,159.760338
khanvm1,"AMD EPYC-Milan Processor",32,"Linux 7.0.0-27-generic x86_64","15.2.0"," -O3 -DNDEBUG -DPITO_ECS_OWNED_DELETE_ATOMIC=1",32,100000,pito,owned_initialize,ecs_create_owned,1,0,9,157.238232
khanvm1,"AMD EPYC-Milan Processor",32,"Linux 7.0.0-27-generic x86_64","15.2.0"," -O3 -DNDEBUG -DPITO_ECS_OWNED_DELETE_ATOMIC=1",32,100000,pito,owned_initialize,ecs_create_owned,1,0,10,158.175808
khanvm1,"AMD EPYC-Milan Processor",32,"Linux 7.0.0-27-generic x86_64","15.2.0"," -O3 -DNDEBUG -DPITO_ECS_OWNED_DELETE_ATOMIC=1",32,100000,pito,owned_initialize,ecs_create_owned,1,0,11,157.746155
khanvm1,"AMD EPYC-Milan Processor",32,"Linux 7.0.0-27-generic x86_64","15.2.0"," -O3 -DNDEBUG -DPITO_ECS_OWNED_DELETE_ATOMIC=1",32,100000,pito,owned_initialize,ecs_create_owned,1,10,1,168.647932
khanvm1,"AMD EPYC-Milan Processor",32,"Linux 7.0.0-27-generic x86_64","15.2.0"," -O3 -DNDEBUG -DPITO_ECS_OWNED_DELETE_ATOMIC=1",32,100000,pito,owned_initialize,ecs_create_owned,1,10,2,167.367834
khanvm1,"AMD EPYC-Milan Processor",32,"Linux 7.0.0-27-generic x86_64","15.2.0"," -O3 -DNDEBUG -DPITO_ECS_OWNED_DELETE_ATOMIC=1",32,100000,pito,owned_initialize,ecs_create_owned,1,10,3,167.783296
khanvm1,"AMD EPYC-Milan Processor",32,"Linux 7.0.0-27-generic x86_64","15.2.0"," -O3 -DNDEBUG -DPITO_ECS_OWNED_DELETE_ATOMIC=1",32,100000,pito,owned_initialize,ecs_create_owned,1,10,4,169.238848
khanvm1,"AMD EPYC-Milan Processor",32,"Linux 7.0.0-27-generic x86_64","15.2.0"," -O3 -DNDEBUG -DPITO_ECS_OWNED_DELETE_ATOMIC=1",32,100000,pito,owned_initialize,ecs_create_owned,1,10,5,168.337951
khanvm1,"AMD EPYC-Milan Processor",32,"Linux 7.0.0-27-generic x86_64","15.2.0"," -O3 -DNDEBUG -DPITO_ECS_OWNED_DELETE_ATOMIC=1",32,100000,pito,owned_initialize,ecs_create_owned,1,10,6,167.151031
khanvm1,"AMD EPYC-Milan Processor",32,"Linux 7.0.0-27-generic x86_64","15.2.0"," -O3 -DNDEBUG -DPITO_ECS_OWNED_DELETE_ATOMIC=1",32,100000,pito,owned_initialize,ecs_create_owned,1,10,7,166.507327
khanvm1,"AMD EPYC-Milan Processor",32,"Linux 7.0.0-27-generic x86_64","15.2.0"," -O3 -DNDEBUG -DPITO_ECS_OWNED_DELETE_ATOMIC=1",32,100000,pito,owned_initialize,ecs_create_owned,1,10,8,167.789658
khanvm1,"AMD EPYC-Milan Processor",32,"Linux 7.0.0-27-generic x86_64","15.2.0"," -O3 -DNDEBUG -DPITO_ECS_OWNED_DELETE_ATOMIC=1",32,100000,pito,owned_initialize,ecs_create_owned,1,10,9,166.873751
khanvm1,"AMD EPYC-Milan Processor",32,"Linux 7.0.0-27-generic x86_64","15.2.0"," -O3 -DNDEBUG -DPITO_ECS_OWNED_DELETE_ATOMIC=1",32,100000,pito,owned_initialize,ecs_create_owned,1,10,10,171.151741
khanvm1,"AMD EPYC-Milan Processor",32,"Linux 7.0.0-27-generic x86_64","15.2.0"," -O3 -DNDEBUG -DPITO_ECS_OWNED_DELETE_ATOMIC=1",32,100000,pito,owned_initialize,ecs_create_owned,1,500,1,3081.834257
khanvm1,"AMD EPYC-Milan Processor",32,"Linux 7.0.0-27-generic x86_64","15.2.0"," -O3 -DNDEBUG -DPITO_ECS_OWNED_DELETE_ATOMIC=1",32,100000,pito,owned_initialize,ecs_create_owned,1,500,2,3081.590635
khanvm1,"AMD EPYC-Milan Processor",32,"Linux 7.0.0-27-generic x86_64","15.2.0"," -O3 -DNDEBUG -DPITO_ECS_OWNED_DELETE_ATOMIC=1",32,100000,pito,owned_initialize,ecs_create_owned,1,500,3,3080.674699
khanvm1,"AMD EPYC-Milan Processor",32,"Linux 7.0.0-27-generic x86_64","15.2.0"," -O3 -DNDEBUG -DPITO_ECS_OWNED_DELETE_ATOMIC=1",32,100000,pito,owned_initialize,ecs_create_owned,1,500,4,3079.713931
khanvm1,"AMD EPYC-Milan Processor",32,"Linux 7.0.0-27-generic x86_64","15.2.0"," -O3 -DNDEBUG -DPITO_ECS_OWNED_DELETE_ATOMIC=1",32,100000,pito,owned_initialize,ecs_create_owned,1,500,5,3080.609989
khanvm1,"AMD EPYC-Milan Processor",32,"Linux 7.0.0-27-generic x86_64","15.2.0"," -O3 -DNDEBUG -DPITO_ECS_OWNED_DELETE_ATOMIC=1",32,100000,pito,owned_initialize,ecs_create_owned,1,500,6,3080.496688
khanvm1,"AMD EPYC-Milan Processor",32,"Linux 7.0.0-27-generic x86_64","15.2.0"," -O3 -DNDEBUG -DPITO_ECS_OWNED_DELETE_ATOMIC=1",32,100000,pito,owned_initialize,ecs_create_owned,1,500,7,3080.542519
khanvm1,"AMD EPYC-Milan Processor",32,"Linux 7.0.0-27-generic x86_64","15.2.0"," -O3 -DNDEBUG -DPITO_ECS_OWNED_DELETE_ATOMIC=1",32,100000,pito,owned_initialize,ecs_create_owned,1,500,8,3081.107132
khanvm1,"AMD EPYC-Milan Processor",32,"Linux 7.0.0-27-generic x86_64","15.2.0"," -O3 -DNDEBUG -DPITO_ECS_OWNED_DELETE_ATOMIC=1",32,100000,pito,owned_initialize,ecs_create_owned,1,500,9,3081.366263
khanvm1,"AMD EPYC-Milan Processor",32,"Linux 7.0.0-27-generic x86_64","15.2.0"," -O3 -DNDEBUG -DPITO_ECS_OWNED_DELETE_ATOMIC=1",32,100000,pito,owned_initialize,ecs_create_owned,1,500,10,3082.211911
khanvm1,"AMD EPYC-Milan Processor",32,"Linux 7.0.0-27-generic x86_64","15.2.0"," -O3 -DNDEBUG -DPITO_ECS_OWNED_DELETE_ATOMIC=1",32,100000,pito,owned_initialize,ecs_create_owned,2,0,1,416.227164
khanvm1,"AMD EPYC-Milan Processor",32,"Linux 7.0.0-27-generic x86_64","15.2.0"," -O3 -DNDEBUG -DPITO_ECS_OWNED_DELETE_ATOMIC=1",32,100000,pito,owned_initialize,ecs_create_owned,2,0,2,408.783232
khanvm1,"AMD EPYC-Milan Processor",32,"Linux 7.0.0-27-generic x86_64","15.2.0"," -O3 -DNDEBUG -DPITO_ECS_OWNED_DELETE_ATOMIC=1",32,100000,pito,owned_initialize,ecs_create_owned,2,0,3,410.681404
khanvm1,"AMD EPYC-Milan Processor",32,"Linux 7.0.0-27-generic x86_64","15.2.0"," -O3 -DNDEBUG -DPITO_ECS_OWNED_DELETE_ATOMIC=1",32,100000,pito,owned_initialize,ecs_create_owned,2,0,4,411.523961
khanvm1,"AMD EPYC-Milan Processor",32,"Linux 7.0.0-27-generic x86_64","15.2.0"," -O3 -DNDEBUG -DPITO_ECS_OWNED_DELETE_ATOMIC=1",32,100000,pito,owned_initialize,ecs_create_owned,2,0,5,406.656355
khanvm1,"AMD EPYC-Milan Processor",32,"Linux 7.0.0-27-generic x86_64","15.2.0"," -O3 -DNDEBUG -DPITO_ECS_OWNED_DELETE_ATOMIC=1",32,100000,pito,owned_initialize,ecs_create_owned,2,0,6,414.989215
khanvm1,"AMD EPYC-Milan Processor",32,"Linux 7.0.0-27-generic x86_64","15.2.0"," -O3 -DNDEBUG -DPITO_ECS_OWNED_DELETE_ATOMIC=1",32,100000,pito,owned_initialize,ecs_create_owned,2,0,7,417.927987
khanvm1,"AMD EPYC-Milan Processor",32,"Linux 7.0.0-27-generic x86_64","15.2.0"," -O3 -DNDEBUG -DPITO_ECS_OWNED_DELETE_ATOMIC=1",32,100000,pito,owned_initialize,ecs_create_owned,2,0,8,410.914396
khanvm1,"AMD EPYC-Milan Processor",32,"Linux 7.0.0-27-generic x86_64","15.2.0"," -O3 -DNDEBUG -DPITO_ECS_OWNED_DELETE_ATOMIC=1",32,100000,pito,owned_initialize,ecs_create_owned,2,0,9,419.348096
khanvm1,"AMD EPYC-Milan Processor",32,"Linux 7.0.0-27-generic x86_64","15.2.0"," -O3 -DNDEBUG -DPITO_ECS_OWNED_DELETE_ATOMIC=1",32,100000,pito,owned_initialize,ecs_create_owned,2,0,10,411.428849
khanvm1,"AMD EPYC-Milan Processor",32,"Linux 7.0.0-27-generic x86_64","15.2.0"," -O3 -DNDEBUG -DPITO_ECS_OWNED_DELETE_ATOMIC=1",32,100000,pito,owned_initialize,ecs_create_owned,2,10,1,394.985171
khanvm1,"AMD EPYC-Milan Processor",32,"Linux 7.0.0-27-generic x86_64","15.2.0"," -O3 -DNDEBUG -DPITO_ECS_OWNED_DELETE_ATOMIC=1",32,100000,pito,owned_initialize,ecs_create_owned,2,10,2,401.096355
khanvm1,"AMD EPYC-Milan Processor",32,"Linux 7.0.0-27-generic x86_64","15.2.0"," -O3 -DNDEBUG -DPITO_ECS_OWNED_DELETE_ATOMIC=1",32,100000,pito,owned_initialize,ecs_create_owned,2,10,3,395.255374
khanvm1,"AMD EPYC-Milan Processor",32,"Linux 7.0.0-27-generic x86_64","15.2.0"," -O3 -DNDEBUG -DPITO_ECS_OWNED_DELETE_ATOMIC=1",32,100000,pito,owned_initialize,ecs_create_owned,2,10,4,394.992431
khanvm1,"AMD EPYC-Milan Processor",32,"Linux 7.0.0-27-generic x86_64","15.2.0"," -O3 -DNDEBUG -DPITO_ECS_OWNED_DELETE_ATOMIC=1",32,100000,pito,owned_initialize,ecs_create_owned,2,10,5,395.387486
khanvm1,"AMD EPYC-Milan Processor",32,"Linux 7.0.0-27-generic x86_64","15.2.0"," -O3 -DNDEBUG -DPITO_ECS_OWNED_DELETE_ATOMIC=1",32,100000,pito,owned_initialize,ecs_create_owned,2,10,6,396.732584
khanvm1,"AMD EPYC-Milan Processor",32,"Linux 7.0.0-27-generic x86_64","15.2.0"," -O3 -DNDEBUG -DPITO_ECS_OWNED_DELETE_ATOMIC=1",32,100000,pito,owned_initialize,ecs_create_owned,2,10,7,435.571012
khanvm1,"AMD EPYC-Milan Processor",32,"Linux 7.0.0-27-generic x86_64","15.2.0"," -O3 -DNDEBUG -DPITO_ECS_OWNED_DELETE_ATOMIC=1",32,100000,pito,owned_initialize,ecs_create_owned,2,10,8,395.264073
khanvm1,"AMD EPYC-Milan Processor",32,"Linux 7.0.0-27-generic x86_64","15.2.0"," -O3 -DNDEBUG -DPITO_ECS_OWNED_DELETE_ATOMIC=1",32,100000,pito,owned_initialize,ecs_create_owned,2,10,9,397.726341
khanvm1,"AMD EPYC-Milan Processor",32,"Linux 7.0.0-27-generic x86_64","15.2.0"," -O3 -DNDEBUG -DPITO_ECS_OWNED_DELETE_ATOMIC=1",32,100000,pito,owned_initialize,ecs_create_owned,2,10,10,394.734010
khanvm1,"AMD EPYC-Milan Processor",32,"Linux 7.0.0-27-generic x86_64","15.2.0"," -O3 -DNDEBUG -DPITO_ECS_OWNED_DELETE_ATOMIC=1",32,100000,pito,owned_initialize,ecs_create_owned,2,10,11,397.224227
khanvm1,"AMD EPYC-Milan Processor",32,"Linux 7.0.0-27-generic x86_64","15.2.0"," -O3 -DNDEBUG -DPITO_ECS_OWNED_DELETE_ATOMIC=1",32,100000,pito,owned_initialize,ecs_create_owned,2,500,1,2214.795880
khanvm1,"AMD EPYC-Milan Processor",32,"Linux 7.0.0-27-generic x86_64","15.2.0"," -O3 -DNDEBUG -DPITO_ECS_OWNED_DELETE_ATOMIC=1",32,100000,pito,owned_initialize,ecs_create_owned,2,500,2,2246.068826
khanvm1,"AMD EPYC-Milan Processor",32,"Linux 7.0.0-27-generic x86_64","15.2.0"," -O3 -DNDEBUG -DPITO_ECS_OWNED_DELETE_ATOMIC=1",32,100000,pito,owned_initialize,ecs_create_owned,2,500,3,2197.987291
khanvm1,"AMD EPYC-Milan Processor",32,"Linux 7.0.0-27-generic x86_64","15.2.0"," -O3 -DNDEBUG -DPITO_ECS_OWNED_DELETE_ATOMIC=1",32,100000,pito,owned_initialize,ecs_create_owned,2,500,4,2190.971350
khanvm1,"AMD EPYC-Milan Processor",32,"Linux 7.0.0-27-generic x86_64","15.2.0"," -O3 -DNDEBUG -DPITO_ECS_OWNED_DELETE_ATOMIC=1",32,100000,pito,owned_initialize,ecs_create_owned,2,500,5,2191.095642
khanvm1,"AMD EPYC-Milan Processor",32,"Linux 7.0.0-27-generic x86_64","15.2.0"," -O3 -DNDEBUG -DPITO_ECS_OWNED_DELETE_ATOMIC=1",32,100000,pito,owned_initialize,ecs_create_owned,2,500,6,2207.409517
khanvm1,"AMD EPYC-Milan Processor",32,"Linux 7.0.0-27-generic x86_64","15.2.0"," -O3 -DNDEBUG -DPITO_ECS_OWNED_DELETE_ATOMIC=1",32,100000,pito,owned_initialize,ecs_create_owned,2,500,7,2249.421249
khanvm1,"AMD EPYC-Milan Processor",32,"Linux 7.0.0-27-generic x86_64","15.2.0"," -O3 -DNDEBUG -DPITO_ECS_OWNED_DELETE_ATOMIC=1",32,100000,pito,owned_initialize,ecs_create_owned,2,500,8,2203.729861
khanvm1,"AMD EPYC-Milan Processor",32,"Linux 7.0.0-27-generic x86_64","15.2.0"," -O3 -DNDEBUG -DPITO_ECS_OWNED_DELETE_ATOMIC=1",32,100000,pito,owned_initialize,ecs_create_owned,2,500,9,2182.912262
khanvm1,"AMD EPYC-Milan Processor",32,"Linux 7.0.0-27-generic x86_64","15.2.0"," -O3 -DNDEBUG -DPITO_ECS_OWNED_DELETE_ATOMIC=1",32,100000,pito,owned_initialize,ecs_create_owned,2,500,10,2263.512333
khanvm1,"AMD EPYC-Milan Processor",32,"Linux 7.0.0-27-generic x86_64","15.2.0"," -O3 -DNDEBUG -DPITO_ECS_OWNED_DELETE_ATOMIC=1",32,100000,pito,owned_initialize,ecs_create_owned,4,0,1,641.563933
khanvm1,"AMD EPYC-Milan Processor",32,"Linux 7.0.0-27-generic x86_64","15.2.0"," -O3 -DNDEBUG -DPITO_ECS_OWNED_DELETE_ATOMIC=1",32,100000,pito,owned_initialize,ecs_create_owned,4,0,2,645.485164
khanvm1,"AMD EPYC-Milan Processor",32,"Linux 7.0.0-27-generic x86_64","15.2.0"," -O3 -DNDEBUG -DPITO_ECS_OWNED_DELETE_ATOMIC=1",32,100000,pito,owned_initialize,ecs_create_owned,4,0,3,641.553456
khanvm1,"AMD EPYC-Milan Processor",32,"Linux 7.0.0-27-generic x86_64","15.2.0"," -O3 -DNDEBUG -DPITO_ECS_OWNED_DELETE_ATOMIC=1",32,100000,pito,owned_initialize,ecs_create_owned,4,0,4,636.862971
khanvm1,"AMD EPYC-Milan Processor",32,"Linux 7.0.0-27-generic x86_64","15.2.0"," -O3 -DNDEBUG -DPITO_ECS_OWNED_DELETE_ATOMIC=1",32,100000,pito,owned_initialize,ecs_create_owned,4,0,5,633.139415
khanvm1,"AMD EPYC-Milan Processor",32,"Linux 7.0.0-27-generic x86_64","15.2.0"," -O3 -DNDEBUG -DPITO_ECS_OWNED_DELETE_ATOMIC=1",32,100000,pito,owned_initialize,ecs_create_owned,4,0,6,634.067390
khanvm1,"AMD EPYC-Milan Processor",32,"Linux 7.0.0-27-generic x86_64","15.2.0"," -O3 -DNDEBUG -DPITO_ECS_OWNED_DELETE_ATOMIC=1",32,100000,pito,owned_initialize,ecs_create_owned,4,0,7,630.556076
khanvm1,"AMD EPYC-Milan Processor",32,"Linux 7.0.0-27-generic x86_64","15.2.0"," -O3 -DNDEBUG -DPITO_ECS_OWNED_DELETE_ATOMIC=1",32,100000,pito,owned_initialize,ecs_create_owned,4,0,8,492.237291
khanvm1,"AMD EPYC-Milan Processor",32,"Linux 7.0.0-27-generic x86_64","15.2.0"," -O3 -DNDEBUG -DPITO_ECS_OWNED_DELETE_ATOMIC=1",32,100000,pito,owned_initialize,ecs_create_owned,4,0,9,634.661375
khanvm1,"AMD EPYC-Milan Processor",32,"Linux 7.0.0-27-generic x86_64","15.2.0"," -O3 -DNDEBUG -DPITO_ECS_OWNED_DELETE_ATOMIC=1",32,100000,pito,owned_initialize,ecs_create_owned,4,0,10,634.101631
khanvm1,"AMD EPYC-Milan Processor",32,"Linux 7.0.0-27-generic x86_64","15.2.0"," -O3 -DNDEBUG -DPITO_ECS_OWNED_DELETE_ATOMIC=1",32,100000,pito,owned_initialize,ecs_create_owned,4,0,11,636.722382
khanvm1,"AMD EPYC-Milan Processor",32,"Linux 7.0.0-27-generic x86_64","15.2.0"," -O3 -DNDEBUG -DPITO_ECS_OWNED_DELETE_ATOMIC=1",32,100000,pito,owned_initialize,ecs_create_owned,4,10,1,625.459009
khanvm1,"AMD EPYC-Milan Processor",32,"Linux 7.0.0-27-generic x86_64","15.2.0"," -O3 -DNDEBUG -DPITO_ECS_OWNED_DELETE_ATOMIC=1",32,100000,pito,owned_initialize,ecs_create_owned,4,10,2,627.289033
khanvm1,"AMD EPYC-Milan Processor",32,"Linux 7.0.0-27-generic x86_64","15.2.0"," -O3 -DNDEBUG -DPITO_ECS_OWNED_DELETE_ATOMIC=1",32,100000,pito,owned_initialize,ecs_create_owned,4,10,3,632.862363
khanvm1,"AMD EPYC-Milan Processor",32,"Linux 7.0.0-27-generic x86_64","15.2.0"," -O3 -DNDEBUG -DPITO_ECS_OWNED_DELETE_ATOMIC=1",32,100000,pito,owned_initialize,ecs_create_owned,4,10,4,625.068047
khanvm1,"AMD EPYC-Milan Processor",32,"Linux 7.0.0-27-generic x86_64","15.2.0"," -O3 -DNDEBUG -DPITO_ECS_OWNED_DELETE_ATOMIC=1",32,100000,pito,owned_initialize,ecs_create_owned,4,10,5,624.447562
khanvm1,"AMD EPYC-Milan Processor",32,"Linux 7.0.0-27-generic x86_64","15.2.0"," -O3 -DNDEBUG -DPITO_ECS_OWNED_DELETE_ATOMIC=1",32,100000,pito,owned_initialize,ecs_create_owned,4,10,6,626.222744
khanvm1,"AMD EPYC-Milan Processor",32,"Linux 7.0.0-27-generic x86_64","15.2.0"," -O3 -DNDEBUG -DPITO_ECS_OWNED_DELETE_ATOMIC=1",32,100000,pito,owned_initialize,ecs_create_owned,4,10,7,626.758577
khanvm1,"AMD EPYC-Milan Processor",32,"Linux 7.0.0-27-generic x86_64","15.2.0"," -O3 -DNDEBUG -DPITO_ECS_OWNED_DELETE_ATOMIC=1",32,100000,pito,owned_initialize,ecs_create_owned,4,10,8,627.775596
khanvm1,"AMD EPYC-Milan Processor",32,"Linux 7.0.0-27-generic x86_64","15.2.0"," -O3 -DNDEBUG -DPITO_ECS_OWNED_DELETE_ATOMIC=1",32,100000,pito,owned_initialize,ecs_create_owned,4,10,9,624.340572
khanvm1,"AMD EPYC-Milan Processor",32,"Linux 7.0.0-27-generic x86_64","15.2.0"," -O3 -DNDEBUG -DPITO_ECS_OWNED_DELETE_ATOMIC=1",32,100000,pito,owned_initialize,ecs_create_owned,4,10,10,624.937905
khanvm1,"AMD EPYC-Milan Processor",32,"Linux 7.0.0-27-generic x86_64","15.2.0"," -O3 -DNDEBUG -DPITO_ECS_OWNED_DELETE_ATOMIC=1",32,100000,pito,owned_initialize,ecs_create_owned,4,500,1,1201.586802
khanvm1,"AMD EPYC-Milan Processor",32,"Linux 7.0.0-27-generic x86_64","15.2.0"," -O3 -DNDEBUG -DPITO_ECS_OWNED_DELETE_ATOMIC=1",32,100000,pito,owned_initialize,ecs_create_owned,4,500,2,1201.660963
khanvm1,"AMD EPYC-Milan Processor",32,"Linux 7.0.0-27-generic x86_64","15.2.0"," -O3 -DNDEBUG -DPITO_ECS_OWNED_DELETE_ATOMIC=1",32,100000,pito,owned_initialize,ecs_create_owned,4,500,3,1203.889561
khanvm1,"AMD EPYC-Milan Processor",32,"Linux 7.0.0-27-generic x86_64","15.2.0"," -O3 -DNDEBUG -DPITO_ECS_OWNED_DELETE_ATOMIC=1",32,100000,pito,owned_initialize,ecs_create_owned,4,500,4,1192.189456
khanvm1,"AMD EPYC-Milan Processor",32,"Linux 7.0.0-27-generic x86_64","15.2.0"," -O3 -DNDEBUG -DPITO_ECS_OWNED_DELETE_ATOMIC=1",32,100000,pito,owned_initialize,ecs_create_owned,4,500,5,1200.941598
khanvm1,"AMD EPYC-Milan Processor",32,"Linux 7.0.0-27-generic x86_64","15.2.0"," -O3 -DNDEBUG -DPITO_ECS_OWNED_DELETE_ATOMIC=1",32,100000,pito,owned_initialize,ecs_create_owned,4,500,6,1198.331650
khanvm1,"AMD EPYC-Milan Processor",32,"Linux 7.0.0-27-generic x86_64","15.2.0"," -O3 -DNDEBUG -DPITO_ECS_OWNED_DELETE_ATOMIC=1",32,100000,pito,owned_initialize,ecs_create_owned,4,500,7,1198.964355
khanvm1,"AMD EPYC-Milan Processor",32,"Linux 7.0.0-27-generic x86_64","15.2.0"," -O3 -DNDEBUG -DPITO_ECS_OWNED_DELETE_ATOMIC=1",32,100000,pito,owned_initialize,ecs_create_owned,4,500,8,1200.386375
khanvm1,"AMD EPYC-Milan Processor",32,"Linux 7.0.0-27-generic x86_64","15.2.0"," -O3 -DNDEBUG -DPITO_ECS_OWNED_DELETE_ATOMIC=1",32,100000,pito,owned_initialize,ecs_create_owned,4,500,9,1199.185426
khanvm1,"AMD EPYC-Milan Processor",32,"Linux 7.0.0-27-generic x86_64","15.2.0"," -O3 -DNDEBUG -DPITO_ECS_OWNED_DELETE_ATOMIC=1",32,100000,pito,owned_initialize,ecs_create_owned,4,500,10,1201.927736
khanvm1,"AMD EPYC-Milan Processor",32,"Linux 7.0.0-27-generic x86_64","15.2.0"," -O3 -DNDEBUG -DPITO_ECS_OWNED_DELETE_ATOMIC=1",32,100000,pito,owned_initialize,ecs_create_owned,8,0,1,550.432949
khanvm1,"AMD EPYC-Milan Processor",32,"Linux 7.0.0-27-generic x86_64","15.2.0"," -O3 -DNDEBUG -DPITO_ECS_OWNED_DELETE_ATOMIC=1",32,100000,pito,owned_initialize,ecs_create_owned,8,0,2,549.400922
khanvm1,"AMD EPYC-Milan Processor",32,"Linux 7.0.0-27-generic x86_64","15.2.0"," -O3 -DNDEBUG -DPITO_ECS_OWNED_DELETE_ATOMIC=1",32,100000,pito,owned_initialize,ecs_create_owned,8,0,3,549.151099
khanvm1,"AMD EPYC-Milan Processor",32,"Linux 7.0.0-27-generic x86_64","15.2.0"," -O3 -DNDEBUG -DPITO_ECS_OWNED_DELETE_ATOMIC=1",32,100000,pito,owned_initialize,ecs_create_owned,8,0,4,550.472829
khanvm1,"AMD EPYC-Milan Processor",32,"Linux 7.0.0-27-generic x86_64","15.2.0"," -O3 -DNDEBUG -DPITO_ECS_OWNED_DELETE_ATOMIC=1",32,100000,pito,owned_initialize,ecs_create_owned,8,0,5,550.059057
khanvm1,"AMD EPYC-Milan Processor",32,"Linux 7.0.0-27-generic x86_64","15.2.0"," -O3 -DNDEBUG -DPITO_ECS_OWNED_DELETE_ATOMIC=1",32,100000,pito,owned_initialize,ecs_create_owned,8,0,6,549.483923
khanvm1,"AMD EPYC-Milan Processor",32,"Linux 7.0.0-27-generic x86_64","15.2.0"," -O3 -DNDEBUG -DPITO_ECS_OWNED_DELETE_ATOMIC=1",32,100000,pito,owned_initialize,ecs_create_owned,8,0,7,548.634507
khanvm1,"AMD EPYC-Milan Processor",32,"Linux 7.0.0-27-generic x86_64","15.2.0"," -O3 -DNDEBUG -DPITO_ECS_OWNED_DELETE_ATOMIC=1",32,100000,pito,owned_initialize,ecs_create_owned,8,0,8,549.083629
khanvm1,"AMD EPYC-Milan Processor",32,"Linux 7.0.0-27-generic x86_64","15.2.0"," -O3 -DNDEBUG -DPITO_ECS_OWNED_DELETE_ATOMIC=1",32,100000,pito,owned_initialize,ecs_create_owned,8,0,9,544.794869
khanvm1,"AMD EPYC-Milan Processor",32,"Linux 7.0.0-27-generic x86_64","15.2.0"," -O3 -DNDEBUG -DPITO_ECS_OWNED_DELETE_ATOMIC=1",32,100000,pito,owned_initialize,ecs_create_owned,8,0,10,547.341117
khanvm1,"AMD EPYC-Milan Processor",32,"Linux 7.0.0-27-generic x86_64","15.2.0"," -O3 -DNDEBUG -DPITO_ECS_OWNED_DELETE_ATOMIC=1",32,100000,pito,owned_initialize,ecs_create_owned,8,10,1,545.026900
khanvm1,"AMD EPYC-Milan Processor",32,"Linux 7.0.0-27-generic x86_64","15.2.0"," -O3 -DNDEBUG -DPITO_ECS_OWNED_DELETE_ATOMIC=1",32,100000,pito,owned_initialize,ecs_create_owned,8,10,2,543.334558
khanvm1,"AMD EPYC-Milan Processor",32,"Linux 7.0.0-27-generic x86_64","15.2.0"," -O3 -DNDEBUG -DPITO_ECS_OWNED_DELETE_ATOMIC=1",32,100000,pito,owned_initialize,ecs_create_owned,8,10,3,544.574168
khanvm1,"AMD EPYC-Milan Processor",32,"Linux 7.0.0-27-generic x86_64","15.2.0"," -O3 -DNDEBUG -DPITO_ECS_OWNED_DELETE_ATOMIC=1",32,100000,pito,owned_initialize,ecs_create_owned,8,10,4,543.121417
khanvm1,"AMD EPYC-Milan Processor",32,"Linux 7.0.0-27-generic x86_64","15.2.0"," -O3 -DNDEBUG -DPITO_ECS_OWNED_DELETE_ATOMIC=1",32,100000,pito,owned_initialize,ecs_create_owned,8,10,5,541.593575
khanvm1,"AMD EPYC-Milan Processor",32,"Linux 7.0.0-27-generic x86_64","15.2.0"," -O3 -DNDEBUG -DPITO_ECS_OWNED_DELETE_ATOMIC=1",32,100000,pito,owned_initialize,ecs_create_owned,8,10,6,541.092312
khanvm1,"AMD EPYC-Milan Processor",32,"Linux 7.0.0-27-generic x86_64","15.2.0"," -O3 -DNDEBUG -DPITO_ECS_OWNED_DELETE_ATOMIC=1",32,100000,pito,owned_initialize,ecs_create_owned,8,10,7,542.272231
khanvm1,"AMD EPYC-Milan Processor",32,"Linux 7.0.0-27-generic x86_64","15.2.0"," -O3 -DNDEBUG -DPITO_ECS_OWNED_DELETE_ATOMIC=1",32,100000,pito,owned_initialize,ecs_create_owned,8,10,8,542.243210
khanvm1,"AMD EPYC-Milan Processor",32,"Linux 7.0.0-27-generic x86_64","15.2.0"," -O3 -DNDEBUG -DPITO_ECS_OWNED_DELETE_ATOMIC=1",32,100000,pito,owned_initialize,ecs_create_owned,8,10,9,543.234537
khanvm1,"AMD EPYC-Milan Processor",32,"Linux 7.0.0-27-generic x86_64","15.2.0"," -O3 -DNDEBUG -DPITO_ECS_OWNED_DELETE_ATOMIC=1",32,100000,pito,owned_initialize,ecs_create_owned,8,10,10,543.019466
khanvm1,"AMD EPYC-Milan Processor",32,"Linux 7.0.0-27-generic x86_64","15.2.0"," -O3 -DNDEBUG -DPITO_ECS_OWNED_DELETE_ATOMIC=1",32,100000,pito,owned_initialize,ecs_create_owned,8,500,1,731.128008
khanvm1,"AMD EPYC-Milan Processor",32,"Linux 7.0.0-27-generic x86_64","15.2.0"," -O3 -DNDEBUG -DPITO_ECS_OWNED_DELETE_ATOMIC=1",32,100000,pito,owned_initialize,ecs_create_owned,8,500,2,717.983414
khanvm1,"AMD EPYC-Milan Processor",32,"Linux 7.0.0-27-generic x86_64","15.2.0"," -O3 -DNDEBUG -DPITO_ECS_OWNED_DELETE_ATOMIC=1",32,100000,pito,owned_initialize,ecs_create_owned,8,500,3,724.062867
khanvm1,"AMD EPYC-Milan Processor",32,"Linux 7.0.0-27-generic x86_64","15.2.0"," -O3 -DNDEBUG -DPITO_ECS_OWNED_DELETE_ATOMIC=1",32,100000,pito,owned_initialize,ecs_create_owned,8,500,4,725.800761
khanvm1,"AMD EPYC-Milan Processor",32,"Linux 7.0.0-27-generic x86_64","15.2.0"," -O3 -DNDEBUG -DPITO_ECS_OWNED_DELETE_ATOMIC=1",32,100000,pito,owned_initialize,ecs_create_owned,8,500,5,728.660370
khanvm1,"AMD EPYC-Milan Processor",32,"Linux 7.0.0-27-generic x86_64","15.2.0"," -O3 -DNDEBUG -DPITO_ECS_OWNED_DELETE_ATOMIC=1",32,100000,pito,owned_initialize,ecs_create_owned,8,500,6,727.262602
khanvm1,"AMD EPYC-Milan Processor",32,"Linux 7.0.0-27-generic x86_64","15.2.0"," -O3 -DNDEBUG -DPITO_ECS_OWNED_DELETE_ATOMIC=1",32,100000,pito,owned_initialize,ecs_create_owned,8,500,7,731.915486
khanvm1,"AMD EPYC-Milan Processor",32,"Linux 7.0.0-27-generic x86_64","15.2.0"," -O3 -DNDEBUG -DPITO_ECS_OWNED_DELETE_ATOMIC=1",32,100000,pito,owned_initialize,ecs_create_owned,8,500,8,729.372307
khanvm1,"AMD EPYC-Milan Processor",32,"Linux 7.0.0-27-generic x86_64","15.2.0"," -O3 -DNDEBUG -DPITO_ECS_OWNED_DELETE_ATOMIC=1",32,100000,pito,owned_initialize,ecs_create_owned,8,500,9,724.243069
khanvm1,"AMD EPYC-Milan Processor",32,"Linux 7.0.0-27-generic x86_64","15.2.0"," -O3 -DNDEBUG -DPITO_ECS_OWNED_DELETE_ATOMIC=1",32,100000,pito,owned_initialize,ecs_create_owned,8,500,10,727.753776
khanvm1,"AMD EPYC-Milan Processor",32,"Linux 7.0.0-27-generic x86_64","15.2.0"," -O3 -DNDEBUG -DPITO_ECS_OWNED_DELETE_ATOMIC=1",32,100000,pito,owned_initialize,ecs_create_owned,16,0,1,595.199041
khanvm1,"AMD EPYC-Milan Processor",32,"Linux 7.0.0-27-generic x86_64","15.2.0"," -O3 -DNDEBUG -DPITO_ECS_OWNED_DELETE_ATOMIC=1",32,100000,pito,owned_initialize,ecs_create_owned,16,0,2,567.803934
khanvm1,"AMD EPYC-Milan Processor",32,"Linux 7.0.0-27-generic x86_64","15.2.0"," -O3 -DNDEBUG -DPITO_ECS_OWNED_DELETE_ATOMIC=1",32,100000,pito,owned_initialize,ecs_create_owned,16,0,3,561.968193
khanvm1,"AMD EPYC-Milan Processor",32,"Linux 7.0.0-27-generic x86_64","15.2.0"," -O3 -DNDEBUG -DPITO_ECS_OWNED_DELETE_ATOMIC=1",32,100000,pito,owned_initialize,ecs_create_owned,16,0,4,560.202829
khanvm1,"AMD EPYC-Milan Processor",32,"Linux 7.0.0-27-generic x86_64","15.2.0"," -O3 -DNDEBUG -DPITO_ECS_OWNED_DELETE_ATOMIC=1",32,100000,pito,owned_initialize,ecs_create_owned,16,0,5,554.102216
khanvm1,"AMD EPYC-Milan Processor",32,"Linux 7.0.0-27-generic x86_64","15.2.0"," -O3 -DNDEBUG -DPITO_ECS_OWNED_DELETE_ATOMIC=1",32,100000,pito,owned_initialize,ecs_create_owned,16,0,6,563.323052
khanvm1,"AMD EPYC-Milan Processor",32,"Linux 7.0.0-27-generic x86_64","15.2.0"," -O3 -DNDEBUG -DPITO_ECS_OWNED_DELETE_ATOMIC=1",32,100000,pito,owned_initialize,ecs_create_owned,16,0,7,564.635691
khanvm1,"AMD EPYC-Milan Processor",32,"Linux 7.0.0-27-generic x86_64","15.2.0"," -O3 -DNDEBUG -DPITO_ECS_OWNED_DELETE_ATOMIC=1",32,100000,pito,owned_initialize,ecs_create_owned,16,0,8,524.932125
khanvm1,"AMD EPYC-Milan Processor",32,"Linux 7.0.0-27-generic x86_64","15.2.0"," -O3 -DNDEBUG -DPITO_ECS_OWNED_DELETE_ATOMIC=1",32,100000,pito,owned_initialize,ecs_create_owned,16,0,9,522.639499
khanvm1,"AMD EPYC-Milan Processor",32,"Linux 7.0.0-27-generic x86_64","15.2.0"," -O3 -DNDEBUG -DPITO_ECS_OWNED_DELETE_ATOMIC=1",32,100000,pito,owned_initialize,ecs_create_owned,16,0,10,522.139485
khanvm1,"AMD EPYC-Milan Processor",32,"Linux 7.0.0-27-generic x86_64","15.2.0"," -O3 -DNDEBUG -DPITO_ECS_OWNED_DELETE_ATOMIC=1",32,100000,pito,owned_initialize,ecs_create_owned,16,0,11,522.163226
khanvm1,"AMD EPYC-Milan Processor",32,"Linux 7.0.0-27-generic x86_64","15.2.0"," -O3 -DNDEBUG -DPITO_ECS_OWNED_DELETE_ATOMIC=1",32,100000,pito,owned_initialize,ecs_create_owned,16,0,12,516.989539
khanvm1,"AMD EPYC-Milan Processor",32,"Linux 7.0.0-27-generic x86_64","15.2.0"," -O3 -DNDEBUG -DPITO_ECS_OWNED_DELETE_ATOMIC=1",32,100000,pito,owned_initialize,ecs_create_owned,16,0,13,520.514514
khanvm1,"AMD EPYC-Milan Processor",32,"Linux 7.0.0-27-generic x86_64","15.2.0"," -O3 -DNDEBUG -DPITO_ECS_OWNED_DELETE_ATOMIC=1",32,100000,pito,owned_initialize,ecs_create_owned,16,0,14,517.329801
khanvm1,"AMD EPYC-Milan Processor",32,"Linux 7.0.0-27-generic x86_64","15.2.0"," -O3 -DNDEBUG -DPITO_ECS_OWNED_DELETE_ATOMIC=1",32,100000,pito,owned_initialize,ecs_create_owned,16,10,1,530.030374
khanvm1,"AMD EPYC-Milan Processor",32,"Linux 7.0.0-27-generic x86_64","15.2.0"," -O3 -DNDEBUG -DPITO_ECS_OWNED_DELETE_ATOMIC=1",32,100000,pito,owned_initialize,ecs_create_owned,16,10,2,543.428288
khanvm1,"AMD EPYC-Milan Processor",32,"Linux 7.0.0-27-generic x86_64","15.2.0"," -O3 -DNDEBUG -DPITO_ECS_OWNED_DELETE_ATOMIC=1",32,100000,pito,owned_initialize,ecs_create_owned,16,10,3,568.041296
khanvm1,"AMD EPYC-Milan Processor",32,"Linux 7.0.0-27-generic x86_64","15.2.0"," -O3 -DNDEBUG -DPITO_ECS_OWNED_DELETE_ATOMIC=1",32,100000,pito,owned_initialize,ecs_create_owned,16,10,4,532.796423
khanvm1,"AMD EPYC-Milan Processor",32,"Linux 7.0.0-27-generic x86_64","15.2.0"," -O3 -DNDEBUG -DPITO_ECS_OWNED_DELETE_ATOMIC=1",32,100000,pito,owned_initialize,ecs_create_owned,16,10,5,529.662659
khanvm1,"AMD EPYC-Milan Processor",32,"Linux 7.0.0-27-generic x86_64","15.2.0"," -O3 -DNDEBUG -DPITO_ECS_OWNED_DELETE_ATOMIC=1",32,100000,pito,owned_initialize,ecs_create_owned,16,10,6,532.208088
khanvm1,"AMD EPYC-Milan Processor",32,"Linux 7.0.0-27-generic x86_64","15.2.0"," -O3 -DNDEBUG -DPITO_ECS_OWNED_DELETE_ATOMIC=1",32,100000,pito,owned_initialize,ecs_create_owned,16,10,7,535.976996
khanvm1,"AMD EPYC-Milan Processor",32,"Linux 7.0.0-27-generic x86_64","15.2.0"," -O3 -DNDEBUG -DPITO_ECS_OWNED_DELETE_ATOMIC=1",32,100000,pito,owned_initialize,ecs_create_owned,16,10,8,552.684505
khanvm1,"AMD EPYC-Milan Processor",32,"Linux 7.0.0-27-generic x86_64","15.2.0"," -O3 -DNDEBUG -DPITO_ECS_OWNED_DELETE_ATOMIC=1",32,100000,pito,owned_initialize,ecs_create_owned,16,10,9,545.977467
khanvm1,"AMD EPYC-Milan Processor",32,"Linux 7.0.0-27-generic x86_64","15.2.0"," -O3 -DNDEBUG -DPITO_ECS_OWNED_DELETE_ATOMIC=1",32,100000,pito,owned_initialize,ecs_create_owned,16,10,10,526.560128
khanvm1,"AMD EPYC-Milan Processor",32,"Linux 7.0.0-27-generic x86_64","15.2.0"," -O3 -DNDEBUG -DPITO_ECS_OWNED_DELETE_ATOMIC=1",32,100000,pito,owned_initialize,ecs_create_owned,16,10,11,547.480658
khanvm1,"AMD EPYC-Milan Processor",32,"Linux 7.0.0-27-generic x86_64","15.2.0"," -O3 -DNDEBUG -DPITO_ECS_OWNED_DELETE_ATOMIC=1",32,100000,pito,owned_initialize,ecs_create_owned,16,500,1,582.975383
khanvm1,"AMD EPYC-Milan Processor",32,"Linux 7.0.0-27-generic x86_64","15.2.0"," -O3 -DNDEBUG -DPITO_ECS_OWNED_DELETE_ATOMIC=1",32,100000,pito,owned_initialize,ecs_create_owned,16,500,2,603.932365
khanvm1,"AMD EPYC-Milan Processor",32,"Linux 7.0.0-27-generic x86_64","15.2.0"," -O3 -DNDEBUG -DPITO_ECS_OWNED_DELETE_ATOMIC=1",32,100000,pito,owned_initialize,ecs_create_owned,16,500,3,580.637137
khanvm1,"AMD EPYC-Milan Processor",32,"Linux 7.0.0-27-generic x86_64","15.2.0"," -O3 -DNDEBUG -DPITO_ECS_OWNED_DELETE_ATOMIC=1",32,100000,pito,owned_initialize,ecs_create_owned,16,500,4,568.295077
khanvm1,"AMD EPYC-Milan Processor",32,"Linux 7.0.0-27-generic x86_64","15.2.0"," -O3 -DNDEBUG -DPITO_ECS_OWNED_DELETE_ATOMIC=1",32,100000,pito,owned_initialize,ecs_create_owned,16,500,5,568.490889
khanvm1,"AMD EPYC-Milan Processor",32,"Linux 7.0.0-27-generic x86_64","15.2.0"," -O3 -DNDEBUG -DPITO_ECS_OWNED_DELETE_ATOMIC=1",32,100000,pito,owned_initialize,ecs_create_owned,16,500,6,567.411121
khanvm1,"AMD EPYC-Milan Processor",32,"Linux 7.0.0-27-generic x86_64","15.2.0"," -O3 -DNDEBUG -DPITO_ECS_OWNED_DELETE_ATOMIC=1",32,100000,pito,owned_initialize,ecs_create_owned,16,500,7,569.736038
khanvm1,"AMD EPYC-Milan Processor",32,"Linux 7.0.0-27-generic x86_64","15.2.0"," -O3 -DNDEBUG -DPITO_ECS_OWNED_DELETE_ATOMIC=1",32,100000,pito,owned_initialize,ecs_create_owned,16,500,8,600.889711
khanvm1,"AMD EPYC-Milan Processor",32,"Linux 7.0.0-27-generic x86_64","15.2.0"," -O3 -DNDEBUG -DPITO_ECS_OWNED_DELETE_ATOMIC=1",32,100000,pito,owned_initialize,ecs_create_owned,16,500,9,573.919030
khanvm1,"AMD EPYC-Milan Processor",32,"Linux 7.0.0-27-generic x86_64","15.2.0"," -O3 -DNDEBUG -DPITO_ECS_OWNED_DELETE_ATOMIC=1",32,100000,pito,owned_initialize,ecs_create_owned,16,500,10,569.623137
khanvm1,"AMD EPYC-Milan Processor",32,"Linux 7.0.0-27-generic x86_64","15.2.0"," -O3 -DNDEBUG -DPITO_ECS_OWNED_DELETE_ATOMIC=1",32,100000,pito,owned_initialize,ecs_create_owned,16,500,11,592.381122
khanvm1,"AMD EPYC-Milan Processor",32,"Linux 7.0.0-27-generic x86_64","15.2.0"," -O3 -DNDEBUG -DPITO_ECS_OWNED_DELETE_ATOMIC=1",32,100000,pito,owned_initialize,ecs_create_owned,32,0,1,620.108709
khanvm1,"AMD EPYC-Milan Processor",32,"Linux 7.0.0-27-generic x86_64","15.2.0"," -O3 -DNDEBUG -DPITO_ECS_OWNED_DELETE_ATOMIC=1",32,100000,pito,owned_initialize,ecs_create_owned,32,0,2,626.776157
khanvm1,"AMD EPYC-Milan Processor",32,"Linux 7.0.0-27-generic x86_64","15.2.0"," -O3 -DNDEBUG -DPITO_ECS_OWNED_DELETE_ATOMIC=1",32,100000,pito,owned_initialize,ecs_create_owned,32,0,3,623.726666
khanvm1,"AMD EPYC-Milan Processor",32,"Linux 7.0.0-27-generic x86_64","15.2.0"," -O3 -DNDEBUG -DPITO_ECS_OWNED_DELETE_ATOMIC=1",32,100000,pito,owned_initialize,ecs_create_owned,32,0,4,606.355001
khanvm1,"AMD EPYC-Milan Processor",32,"Linux 7.0.0-27-generic x86_64","15.2.0"," -O3 -DNDEBUG -DPITO_ECS_OWNED_DELETE_ATOMIC=1",32,100000,pito,owned_initialize,ecs_create_owned,32,0,5,617.226250
khanvm1,"AMD EPYC-Milan Processor",32,"Linux 7.0.0-27-generic x86_64","15.2.0"," -O3 -DNDEBUG -DPITO_ECS_OWNED_DELETE_ATOMIC=1",32,100000,pito,owned_initialize,ecs_create_owned,32,0,6,619.569407
khanvm1,"AMD EPYC-Milan Processor",32,"Linux 7.0.0-27-generic x86_64","15.2.0"," -O3 -DNDEBUG -DPITO_ECS_OWNED_DELETE_ATOMIC=1",32,100000,pito,owned_initialize,ecs_create_owned,32,0,7,629.857261
khanvm1,"AMD EPYC-Milan Processor",32,"Linux 7.0.0-27-generic x86_64","15.2.0"," -O3 -DNDEBUG -DPITO_ECS_OWNED_DELETE_ATOMIC=1",32,100000,pito,owned_initialize,ecs_create_owned,32,0,8,599.750784
khanvm1,"AMD EPYC-Milan Processor",32,"Linux 7.0.0-27-generic x86_64","15.2.0"," -O3 -DNDEBUG -DPITO_ECS_OWNED_DELETE_ATOMIC=1",32,100000,pito,owned_initialize,ecs_create_owned,32,0,9,572.469930
khanvm1,"AMD EPYC-Milan Processor",32,"Linux 7.0.0-27-generic x86_64","15.2.0"," -O3 -DNDEBUG -DPITO_ECS_OWNED_DELETE_ATOMIC=1",32,100000,pito,owned_initialize,ecs_create_owned,32,0,10,557.876543
khanvm1,"AMD EPYC-Milan Processor",32,"Linux 7.0.0-27-generic x86_64","15.2.0"," -O3 -DNDEBUG -DPITO_ECS_OWNED_DELETE_ATOMIC=1",32,100000,pito,owned_initialize,ecs_create_owned,32,0,11,554.749880
khanvm1,"AMD EPYC-Milan Processor",32,"Linux 7.0.0-27-generic x86_64","15.2.0"," -O3 -DNDEBUG -DPITO_ECS_OWNED_DELETE_ATOMIC=1",32,100000,pito,owned_initialize,ecs_create_owned,32,0,12,553.422952
khanvm1,"AMD EPYC-Milan Processor",32,"Linux 7.0.0-27-generic x86_64","15.2.0"," -O3 -DNDEBUG -DPITO_ECS_OWNED_DELETE_ATOMIC=1",32,100000,pito,owned_initialize,ecs_create_owned,32,0,13,563.553303
khanvm1,"AMD EPYC-Milan Processor",32,"Linux 7.0.0-27-generic x86_64","15.2.0"," -O3 -DNDEBUG -DPITO_ECS_OWNED_DELETE_ATOMIC=1",32,100000,pito,owned_initialize,ecs_create_owned,32,0,14,565.825370
khanvm1,"AMD EPYC-Milan Processor",32,"Linux 7.0.0-27-generic x86_64","15.2.0"," -O3 -DNDEBUG -DPITO_ECS_OWNED_DELETE_ATOMIC=1",32,100000,pito,owned_initialize,ecs_create_owned,32,0,15,576.729360
khanvm1,"AMD EPYC-Milan Processor",32,"Linux 7.0.0-27-generic x86_64","15.2.0"," -O3 -DNDEBUG -DPITO_ECS_OWNED_DELETE_ATOMIC=1",32,100000,pito,owned_initialize,ecs_create_owned,32,0,16,573.359274
khanvm1,"AMD EPYC-Milan Processor",32,"Linux 7.0.0-27-generic x86_64","15.2.0"," -O3 -DNDEBUG -DPITO_ECS_OWNED_DELETE_ATOMIC=1",32,100000,pito,owned_initialize,ecs_create_owned,32,0,17,586.747990
khanvm1,"AMD EPYC-Milan Processor",32,"Linux 7.0.0-27-generic x86_64","15.2.0"," -O3 -DNDEBUG -DPITO_ECS_OWNED_DELETE_ATOMIC=1",32,100000,pito,owned_initialize,ecs_create_owned,32,0,18,585.858925
khanvm1,"AMD EPYC-Milan Processor",32,"Linux 7.0.0-27-generic x86_64","15.2.0"," -O3 -DNDEBUG -DPITO_ECS_OWNED_DELETE_ATOMIC=1",32,100000,pito,owned_initialize,ecs_create_owned,32,0,19,592.143641
khanvm1,"AMD EPYC-Milan Processor",32,"Linux 7.0.0-27-generic x86_64","15.2.0"," -O3 -DNDEBUG -DPITO_ECS_OWNED_DELETE_ATOMIC=1",32,100000,pito,owned_initialize,ecs_create_owned,32,0,20,593.053456
khanvm1,"AMD EPYC-Milan Processor",32,"Linux 7.0.0-27-generic x86_64","15.2.0"," -O3 -DNDEBUG -DPITO_ECS_OWNED_DELETE_ATOMIC=1",32,100000,pito,owned_initialize,ecs_create_owned,32,0,21,596.025757
khanvm1,"AMD EPYC-Milan Processor",32,"Linux 7.0.0-27-generic x86_64","15.2.0"," -O3 -DNDEBUG -DPITO_ECS_OWNED_DELETE_ATOMIC=1",32,100000,pito,owned_initialize,ecs_create_owned,32,10,1,588.809875
khanvm1,"AMD EPYC-Milan Processor",32,"Linux 7.0.0-27-generic x86_64","15.2.0"," -O3 -DNDEBUG -DPITO_ECS_OWNED_DELETE_ATOMIC=1",32,100000,pito,owned_initialize,ecs_create_owned,32,10,2,566.255003
khanvm1,"AMD EPYC-Milan Processor",32,"Linux 7.0.0-27-generic x86_64","15.2.0"," -O3 -DNDEBUG -DPITO_ECS_OWNED_DELETE_ATOMIC=1",32,100000,pito,owned_initialize,ecs_create_owned,32,10,3,569.430066
khanvm1,"AMD EPYC-Milan Processor",32,"Linux 7.0.0-27-generic x86_64","15.2.0"," -O3 -DNDEBUG -DPITO_ECS_OWNED_DELETE_ATOMIC=1",32,100000,pito,owned_initialize,ecs_create_owned,32,10,4,574.394930
khanvm1,"AMD EPYC-Milan Processor",32,"Linux 7.0.0-27-generic x86_64","15.2.0"," -O3 -DNDEBUG -DPITO_ECS_OWNED_DELETE_ATOMIC=1",32,100000,pito,owned_initialize,ecs_create_owned,32,10,5,572.052265
khanvm1,"AMD EPYC-Milan Processor",32,"Linux 7.0.0-27-generic x86_64","15.2.0"," -O3 -DNDEBUG -DPITO_ECS_OWNED_DELETE_ATOMIC=1",32,100000,pito,owned_initialize,ecs_create_owned,32,10,6,589.723321
khanvm1,"AMD EPYC-Milan Processor",32,"Linux 7.0.0-27-generic x86_64","15.2.0"," -O3 -DNDEBUG -DPITO_ECS_OWNED_DELETE_ATOMIC=1",32,100000,pito,owned_initialize,ecs_create_owned,32,10,7,581.591144
khanvm1,"AMD EPYC-Milan Processor",32,"Linux 7.0.0-27-generic x86_64","15.2.0"," -O3 -DNDEBUG -DPITO_ECS_OWNED_DELETE_ATOMIC=1",32,100000,pito,owned_initialize,ecs_create_owned,32,10,8,577.146093
khanvm1,"AMD EPYC-Milan Processor",32,"Linux 7.0.0-27-generic x86_64","15.2.0"," -O3 -DNDEBUG -DPITO_ECS_OWNED_DELETE_ATOMIC=1",32,100000,pito,owned_initialize,ecs_create_owned,32,10,9,578.101868
khanvm1,"AMD EPYC-Milan Processor",32,"Linux 7.0.0-27-generic x86_64","15.2.0"," -O3 -DNDEBUG -DPITO_ECS_OWNED_DELETE_ATOMIC=1",32,100000,pito,owned_initialize,ecs_create_owned,32,10,10,580.988480
khanvm1,"AMD EPYC-Milan Processor",32,"Linux 7.0.0-27-generic x86_64","15.2.0"," -O3 -DNDEBUG -DPITO_ECS_OWNED_DELETE_ATOMIC=1",32,100000,pito,owned_initialize,ecs_create_owned,32,500,1,636.611979
khanvm1,"AMD EPYC-Milan Processor",32,"Linux 7.0.0-27-generic x86_64","15.2.0"," -O3 -DNDEBUG -DPITO_ECS_OWNED_DELETE_ATOMIC=1",32,100000,pito,owned_initialize,ecs_create_owned,32,500,2,640.879520
khanvm1,"AMD EPYC-Milan Processor",32,"Linux 7.0.0-27-generic x86_64","15.2.0"," -O3 -DNDEBUG -DPITO_ECS_OWNED_DELETE_ATOMIC=1",32,100000,pito,owned_initialize,ecs_create_owned,32,500,3,649.744063
khanvm1,"AMD EPYC-Milan Processor",32,"Linux 7.0.0-27-generic x86_64","15.2.0"," -O3 -DNDEBUG -DPITO_ECS_OWNED_DELETE_ATOMIC=1",32,100000,pito,owned_initialize,ecs_create_owned,32,500,4,642.144639
khanvm1,"AMD EPYC-Milan Processor",32,"Linux 7.0.0-27-generic x86_64","15.2.0"," -O3 -DNDEBUG -DPITO_ECS_OWNED_DELETE_ATOMIC=1",32,100000,pito,owned_initialize,ecs_create_owned,32,500,5,652.215302
khanvm1,"AMD EPYC-Milan Processor",32,"Linux 7.0.0-27-generic x86_64","15.2.0"," -O3 -DNDEBUG -DPITO_ECS_OWNED_DELETE_ATOMIC=1",32,100000,pito,owned_initialize,ecs_create_owned,32,500,6,640.241515
khanvm1,"AMD EPYC-Milan Processor",32,"Linux 7.0.0-27-generic x86_64","15.2.0"," -O3 -DNDEBUG -DPITO_ECS_OWNED_DELETE_ATOMIC=1",32,100000,pito,owned_initialize,ecs_create_owned,32,500,7,657.127367
khanvm1,"AMD EPYC-Milan Processor",32,"Linux 7.0.0-27-generic x86_64","15.2.0"," -O3 -DNDEBUG -DPITO_ECS_OWNED_DELETE_ATOMIC=1",32,100000,pito,owned_initialize,ecs_create_owned,32,500,8,648.335083
khanvm1,"AMD EPYC-Milan Processor",32,"Linux 7.0.0-27-generic x86_64","15.2.0"," -O3 -DNDEBUG -DPITO_ECS_OWNED_DELETE_ATOMIC=1",32,100000,pito,owned_initialize,ecs_create_owned,32,500,9,644.477856
khanvm1,"AMD EPYC-Milan Processor",32,"Linux 7.0.0-27-generic x86_64","15.2.0"," -O3 -DNDEBUG -DPITO_ECS_OWNED_DELETE_ATOMIC=1",32,100000,pito,owned_initialize,ecs_create_owned,32,500,10,640.008284
khanvm1,"AMD EPYC-Milan Processor",32,"Linux 7.0.0-27-generic x86_64","15.2.0"," -O3 -DNDEBUG -DPITO_ECS_OWNED_DELETE_ATOMIC=1",32,100000,pito,owned_initialize,ecs_create_owned_sharded,1,0,1,161.922687
khanvm1,"AMD EPYC-Milan Processor",32,"Linux 7.0.0-27-generic x86_64","15.2.0"," -O3 -DNDEBUG -DPITO_ECS_OWNED_DELETE_ATOMIC=1",32,100000,pito,owned_initialize,ecs_create_owned_sharded,1,0,2,162.272937
khanvm1,"AMD EPYC-Milan Processor",32,"Linux 7.0.0-27-generic x86_64","15.2.0"," -O3 -DNDEBUG -DPITO_ECS_OWNED_DELETE_ATOMIC=1",32,100000,pito,owned_initialize,ecs_create_owned_sharded,1,0,3,162.290637
khanvm1,"AMD EPYC-Milan Processor",32,"Linux 7.0.0-27-generic x86_64","15.2.0"," -O3 -DNDEBUG -DPITO_ECS_OWNED_DELETE_ATOMIC=1",32,100000,pito,owned_initialize,ecs_create_owned_sharded,1,0,4,158.992283
khanvm1,"AMD EPYC-Milan Processor",32,"Linux 7.0.0-27-generic x86_64","15.2.0"," -O3 -DNDEBUG -DPITO_ECS_OWNED_DELETE_ATOMIC=1",32,100000,pito,owned_initialize,ecs_create_owned_sharded,1,0,5,161.740004
khanvm1,"AMD EPYC-Milan Processor",32,"Linux 7.0.0-27-generic x86_64","15.2.0"," -O3 -DNDEBUG -DPITO_ECS_OWNED_DELETE_ATOMIC=1",32,100000,pito,owned_initialize,ecs_create_owned_sharded,1,0,6,159.543108
khanvm1,"AMD EPYC-Milan Processor",32,"Linux 7.0.0-27-generic x86_64","15.2.0"," -O3 -DNDEBUG -DPITO_ECS_OWNED_DELETE_ATOMIC=1",32,100000,pito,owned_initialize,ecs_create_owned_sharded,1,0,7,169.090617
khanvm1,"AMD EPYC-Milan Processor",32,"Linux 7.0.0-27-generic x86_64","15.2.0"," -O3 -DNDEBUG -DPITO_ECS_OWNED_DELETE_ATOMIC=1",32,100000,pito,owned_initialize,ecs_create_owned_sharded,1,0,8,156.706469
khanvm1,"AMD EPYC-Milan Processor",32,"Linux 7.0.0-27-generic x86_64","15.2.0"," -O3 -DNDEBUG -DPITO_ECS_OWNED_DELETE_ATOMIC=1",32,100000,pito,owned_initialize,ecs_create_owned_sharded,1,0,9,163.084693
khanvm1,"AMD EPYC-Milan Processor",32,"Linux 7.0.0-27-generic x86_64","15.2.0"," -O3 -DNDEBUG -DPITO_ECS_OWNED_DELETE_ATOMIC=1",32,100000,pito,owned_initialize,ecs_create_owned_sharded,1,0,10,159.083183
khanvm1,"AMD EPYC-Milan Processor",32,"Linux 7.0.0-27-generic x86_64","15.2.0"," -O3 -DNDEBUG -DPITO_ECS_OWNED_DELETE_ATOMIC=1",32,100000,pito,owned_initialize,ecs_create_owned_sharded,1,10,1,169.898722
khanvm1,"AMD EPYC-Milan Processor",32,"Linux 7.0.0-27-generic x86_64","15.2.0"," -O3 -DNDEBUG -DPITO_ECS_OWNED_DELETE_ATOMIC=1",32,100000,pito,owned_initialize,ecs_create_owned_sharded,1,10,2,169.077976
khanvm1,"AMD EPYC-Milan Processor",32,"Linux 7.0.0-27-generic x86_64","15.2.0"," -O3 -DNDEBUG -DPITO_ECS_OWNED_DELETE_ATOMIC=1",32,100000,pito,owned_initialize,ecs_create_owned_sharded,1,10,3,170.185195
khanvm1,"AMD EPYC-Milan Processor",32,"Linux 7.0.0-27-generic x86_64","15.2.0"," -O3 -DNDEBUG -DPITO_ECS_OWNED_DELETE_ATOMIC=1",32,100000,pito,owned_initialize,ecs_create_owned_sharded,1,10,4,168.343921
khanvm1,"AMD EPYC-Milan Processor",32,"Linux 7.0.0-27-generic x86_64","15.2.0"," -O3 -DNDEBUG -DPITO_ECS_OWNED_DELETE_ATOMIC=1",32,100000,pito,owned_initialize,ecs_create_owned_sharded,1,10,5,169.852352
khanvm1,"AMD EPYC-Milan Processor",32,"Linux 7.0.0-27-generic x86_64","15.2.0"," -O3 -DNDEBUG -DPITO_ECS_OWNED_DELETE_ATOMIC=1",32,100000,pito,owned_initialize,ecs_create_owned_sharded,1,10,6,170.683827
khanvm1,"AMD EPYC-Milan Processor",32,"Linux 7.0.0-27-generic x86_64","15.2.0"," -O3 -DNDEBUG -DPITO_ECS_OWNED_DELETE_ATOMIC=1",32,100000,pito,owned_initialize,ecs_create_owned_sharded,1,10,7,168.249729
khanvm1,"AMD EPYC-Milan Processor",32,"Linux 7.0.0-27-generic x86_64","15.2.0"," -O3 -DNDEBUG -DPITO_ECS_OWNED_DELETE_ATOMIC=1",32,100000,pito,owned_initialize,ecs_create_owned_sharded,1,10,8,170.432437
khanvm1,"AMD EPYC-Milan Processor",32,"Linux 7.0.0-27-generic x86_64","15.2.0"," -O3 -DNDEBUG -DPITO_ECS_OWNED_DELETE_ATOMIC=1",32,100000,pito,owned_initialize,ecs_create_owned_sharded,1,10,9,169.583021
khanvm1,"AMD EPYC-Milan Processor",32,"Linux 7.0.0-27-generic x86_64","15.2.0"," -O3 -DNDEBUG -DPITO_ECS_OWNED_DELETE_ATOMIC=1",32,100000,pito,owned_initialize,ecs_create_owned_sharded,1,10,10,170.213635
khanvm1,"AMD EPYC-Milan Processor",32,"Linux 7.0.0-27-generic x86_64","15.2.0"," -O3 -DNDEBUG -DPITO_ECS_OWNED_DELETE_ATOMIC=1",32,100000,pito,owned_initialize,ecs_create_owned_sharded,1,500,1,3087.738860
khanvm1,"AMD EPYC-Milan Processor",32,"Linux 7.0.0-27-generic x86_64","15.2.0"," -O3 -DNDEBUG -DPITO_ECS_OWNED_DELETE_ATOMIC=1",32,100000,pito,owned_initialize,ecs_create_owned_sharded,1,500,2,3093.228639
khanvm1,"AMD EPYC-Milan Processor",32,"Linux 7.0.0-27-generic x86_64","15.2.0"," -O3 -DNDEBUG -DPITO_ECS_OWNED_DELETE_ATOMIC=1",32,100000,pito,owned_initialize,ecs_create_owned_sharded,1,500,3,3102.908389
khanvm1,"AMD EPYC-Milan Processor",32,"Linux 7.0.0-27-generic x86_64","15.2.0"," -O3 -DNDEBUG -DPITO_ECS_OWNED_DELETE_ATOMIC=1",32,100000,pito,owned_initialize,ecs_create_owned_sharded,1,500,4,3092.148812
khanvm1,"AMD EPYC-Milan Processor",32,"Linux 7.0.0-27-generic x86_64","15.2.0"," -O3 -DNDEBUG -DPITO_ECS_OWNED_DELETE_ATOMIC=1",32,100000,pito,owned_initialize,ecs_create_owned_sharded,1,500,5,3083.648291
khanvm1,"AMD EPYC-Milan Processor",32,"Linux 7.0.0-27-generic x86_64","15.2.0"," -O3 -DNDEBUG -DPITO_ECS_OWNED_DELETE_ATOMIC=1",32,100000,pito,owned_initialize,ecs_create_owned_sharded,1,500,6,3091.155575
khanvm1,"AMD EPYC-Milan Processor",32,"Linux 7.0.0-27-generic x86_64","15.2.0"," -O3 -DNDEBUG -DPITO_ECS_OWNED_DELETE_ATOMIC=1",32,100000,pito,owned_initialize,ecs_create_owned_sharded,1,500,7,3094.098886
khanvm1,"AMD EPYC-Milan Processor",32,"Linux 7.0.0-27-generic x86_64","15.2.0"," -O3 -DNDEBUG -DPITO_ECS_OWNED_DELETE_ATOMIC=1",32,100000,pito,owned_initialize,ecs_create_owned_sharded,1,500,8,3085.049272
khanvm1,"AMD EPYC-Milan Processor",32,"Linux 7.0.0-27-generic x86_64","15.2.0"," -O3 -DNDEBUG -DPITO_ECS_OWNED_DELETE_ATOMIC=1",32,100000,pito,owned_initialize,ecs_create_owned_sharded,1,500,9,3082.856065
khanvm1,"AMD EPYC-Milan Processor",32,"Linux 7.0.0-27-generic x86_64","15.2.0"," -O3 -DNDEBUG -DPITO_ECS_OWNED_DELETE_ATOMIC=1",32,100000,pito,owned_initialize,ecs_create_owned_sharded,1,500,10,3102.456746
khanvm1,"AMD EPYC-Milan Processor",32,"Linux 7.0.0-27-generic x86_64","15.2.0"," -O3 -DNDEBUG -DPITO_ECS_OWNED_DELETE_ATOMIC=1",32,100000,pito,owned_initialize,ecs_create_owned_sharded,2,0,1,165.349751
khanvm1,"AMD EPYC-Milan Processor",32,"Linux 7.0.0-27-generic x86_64","15.2.0"," -O3 -DNDEBUG -DPITO_ECS_OWNED_DELETE_ATOMIC=1",32,100000,pito,owned_initialize,ecs_create_owned_sharded,2,0,2,165.379950
khanvm1,"AMD EPYC-Milan Processor",32,"Linux 7.0.0-27-generic x86_64","15.2.0"," -O3 -DNDEBUG -DPITO_ECS_OWNED_DELETE_ATOMIC=1",32,100000,pito,owned_initialize,ecs_create_owned_sharded,2,0,3,165.279658
khanvm1,"AMD EPYC-Milan Processor",32,"Linux 7.0.0-27-generic x86_64","15.2.0"," -O3 -DNDEBUG -DPITO_ECS_OWNED_DELETE_ATOMIC=1",32,100000,pito,owned_initialize,ecs_create_owned_sharded,2,0,4,166.723470
khanvm1,"AMD EPYC-Milan Processor",32,"Linux 7.0.0-27-generic x86_64","15.2.0"," -O3 -DNDEBUG -DPITO_ECS_OWNED_DELETE_ATOMIC=1",32,100000,pito,owned_initialize,ecs_create_owned_sharded,2,0,5,165.385789
khanvm1,"AMD EPYC-Milan Processor",32,"Linux 7.0.0-27-generic x86_64","15.2.0"," -O3 -DNDEBUG -DPITO_ECS_OWNED_DELETE_ATOMIC=1",32,100000,pito,owned_initialize,ecs_create_owned_sharded,2,0,6,167.728547
khanvm1,"AMD EPYC-Milan Processor",32,"Linux 7.0.0-27-generic x86_64","15.2.0"," -O3 -DNDEBUG -DPITO_ECS_OWNED_DELETE_ATOMIC=1",32,100000,pito,owned_initialize,ecs_create_owned_sharded,2,0,7,168.459352
khanvm1,"AMD EPYC-Milan Processor",32,"Linux 7.0.0-27-generic x86_64","15.2.0"," -O3 -DNDEBUG -DPITO_ECS_OWNED_DELETE_ATOMIC=1",32,100000,pito,owned_initialize,ecs_create_owned_sharded,2,0,8,171.094071
khanvm1,"AMD EPYC-Milan Processor",32,"Linux 7.0.0-27-generic x86_64","15.2.0"," -O3 -DNDEBUG -DPITO_ECS_OWNED_DELETE_ATOMIC=1",32,100000,pito,owned_initialize,ecs_create_owned_sharded,2,0,9,166.838071
khanvm1,"AMD EPYC-Milan Processor",32,"Linux 7.0.0-27-generic x86_64","15.2.0"," -O3 -DNDEBUG -DPITO_ECS_OWNED_DELETE_ATOMIC=1",32,100000,pito,owned_initialize,ecs_create_owned_sharded,2,0,10,167.400494
khanvm1,"AMD EPYC-Milan Processor",32,"Linux 7.0.0-27-generic x86_64","15.2.0"," -O3 -DNDEBUG -DPITO_ECS_OWNED_DELETE_ATOMIC=1",32,100000,pito,owned_initialize,ecs_create_owned_sharded,2,10,1,181.482536
khanvm1,"AMD EPYC-Milan Processor",32,"Linux 7.0.0-27-generic x86_64","15.2.0"," -O3 -DNDEBUG -DPITO_ECS_OWNED_DELETE_ATOMIC=1",32,100000,pito,owned_initialize,ecs_create_owned_sharded,2,10,2,180.561569
khanvm1,"AMD EPYC-Milan Processor",32,"Linux 7.0.0-27-generic x86_64","15.2.0"," -O3 -DNDEBUG -DPITO_ECS_OWNED_DELETE_ATOMIC=1",32,100000,pito,owned_initialize,ecs_create_owned_sharded,2,10,3,183.041128
khanvm1,"AMD EPYC-Milan Processor",32,"Linux 7.0.0-27-generic x86_64","15.2.0"," -O3 -DNDEBUG -DPITO_ECS_OWNED_DELETE_ATOMIC=1",32,100000,pito,owned_initialize,ecs_create_owned_sharded,2,10,4,181.781588
khanvm1,"AMD EPYC-Milan Processor",32,"Linux 7.0.0-27-generic x86_64","15.2.0"," -O3 -DNDEBUG -DPITO_ECS_OWNED_DELETE_ATOMIC=1",32,100000,pito,owned_initialize,ecs_create_owned_sharded,2,10,5,180.976401
khanvm1,"AMD EPYC-Milan Processor",32,"Linux 7.0.0-27-generic x86_64","15.2.0"," -O3 -DNDEBUG -DPITO_ECS_OWNED_DELETE_ATOMIC=1",32,100000,pito,owned_initialize,ecs_create_owned_sharded,2,10,6,182.165360
khanvm1,"AMD EPYC-Milan Processor",32,"Linux 7.0.0-27-generic x86_64","15.2.0"," -O3 -DNDEBUG -DPITO_ECS_OWNED_DELETE_ATOMIC=1",32,100000,pito,owned_initialize,ecs_create_owned_sharded,2,10,7,182.944945
khanvm1,"AMD EPYC-Milan Processor",32,"Linux 7.0.0-27-generic x86_64","15.2.0"," -O3 -DNDEBUG -DPITO_ECS_OWNED_DELETE_ATOMIC=1",32,100000,pito,owned_initialize,ecs_create_owned_sharded,2,10,8,182.961796
khanvm1,"AMD EPYC-Milan Processor",32,"Linux 7.0.0-27-generic x86_64","15.2.0"," -O3 -DNDEBUG -DPITO_ECS_OWNED_DELETE_ATOMIC=1",32,100000,pito,owned_initialize,ecs_create_owned_sharded,2,10,9,159.748499
khanvm1,"AMD EPYC-Milan Processor",32,"Linux 7.0.0-27-generic x86_64","15.2.0"," -O3 -DNDEBUG -DPITO_ECS_OWNED_DELETE_ATOMIC=1",32,100000,pito,owned_initialize,ecs_create_owned_sharded,2,10,10,184.088764
khanvm1,"AMD EPYC-Milan Processor",32,"Linux 7.0.0-27-generic x86_64","15.2.0"," -O3 -DNDEBUG -DPITO_ECS_OWNED_DELETE_ATOMIC=1",32,100000,pito,owned_initialize,ecs_create_owned_sharded,2,10,11,183.337519
khanvm1,"AMD EPYC-Milan Processor",32,"Linux 7.0.0-27-generic x86_64","15.2.0"," -O3 -DNDEBUG -DPITO_ECS_OWNED_DELETE_ATOMIC=1",32,100000,pito,owned_initialize,ecs_create_owned_sharded,2,500,1,1621.027230
khanvm1,"AMD EPYC-Milan Processor",32,"Linux 7.0.0-27-generic x86_64","15.2.0"," -O3 -DNDEBUG -DPITO_ECS_OWNED_DELETE_ATOMIC=1",32,100000,pito,owned_initialize,ecs_create_owned_sharded,2,500,2,1630.867229
khanvm1,"AMD EPYC-Milan Processor",32,"Linux 7.0.0-27-generic x86_64","15.2.0"," -O3 -DNDEBUG -DPITO_ECS_OWNED_DELETE_ATOMIC=1",32,100000,pito,owned_initialize,ecs_create_owned_sharded,2,500,3,1621.577113
khanvm1,"AMD EPYC-Milan Processor",32,"Linux 7.0.0-27-generic x86_64","15.2.0"," -O3 -DNDEBUG -DPITO_ECS_OWNED_DELETE_ATOMIC=1",32,100000,pito,owned_initialize,ecs_create_owned_sharded,2,500,4,1642.886828
khanvm1,"AMD EPYC-Milan Processor",32,"Linux 7.0.0-27-generic x86_64","15.2.0"," -O3 -DNDEBUG -DPITO_ECS_OWNED_DELETE_ATOMIC=1",32,100000,pito,owned_initialize,ecs_create_owned_sharded,2,500,5,1622.087948
khanvm1,"AMD EPYC-Milan Processor",32,"Linux 7.0.0-27-generic x86_64","15.2.0"," -O3 -DNDEBUG -DPITO_ECS_OWNED_DELETE_ATOMIC=1",32,100000,pito,owned_initialize,ecs_create_owned_sharded,2,500,6,1622.669012
khanvm1,"AMD EPYC-Milan Processor",32,"Linux 7.0.0-27-generic x86_64","15.2.0"," -O3 -DNDEBUG -DPITO_ECS_OWNED_DELETE_ATOMIC=1",32,100000,pito,owned_initialize,ecs_create_owned_sharded,2,500,7,1621.883877
khanvm1,"AMD EPYC-Milan Processor",32,"Linux 7.0.0-27-generic x86_64","15.2.0"," -O3 -DNDEBUG -DPITO_ECS_OWNED_DELETE_ATOMIC=1",32,100000,pito,owned_initialize,ecs_create_owned_sharded,2,500,8,1629.290249
khanvm1,"AMD EPYC-Milan Processor",32,"Linux 7.0.0-27-generic x86_64","15.2.0"," -O3 -DNDEBUG -DPITO_ECS_OWNED_DELETE_ATOMIC=1",32,100000,pito,owned_initialize,ecs_create_owned_sharded,2,500,9,1627.039803
khanvm1,"AMD EPYC-Milan Processor",32,"Linux 7.0.0-27-generic x86_64","15.2.0"," -O3 -DNDEBUG -DPITO_ECS_OWNED_DELETE_ATOMIC=1",32,100000,pito,owned_initialize,ecs_create_owned_sharded,2,500,10,1620.885869
khanvm1,"AMD EPYC-Milan Processor",32,"Linux 7.0.0-27-generic x86_64","15.2.0"," -O3 -DNDEBUG -DPITO_ECS_OWNED_DELETE_ATOMIC=1",32,100000,pito,owned_initialize,ecs_create_owned_sharded,4,0,1,139.992956
khanvm1,"AMD EPYC-Milan Processor",32,"Linux 7.0.0-27-generic x86_64","15.2.0"," -O3 -DNDEBUG -DPITO_ECS_OWNED_DELETE_ATOMIC=1",32,100000,pito,owned_initialize,ecs_create_owned_sharded,4,0,2,142.266093
khanvm1,"AMD EPYC-Milan Processor",32,"Linux 7.0.0-27-generic x86_64","15.2.0"," -O3 -DNDEBUG -DPITO_ECS_OWNED_DELETE_ATOMIC=1",32,100000,pito,owned_initialize,ecs_create_owned_sharded,4,0,3,140.463539
khanvm1,"AMD EPYC-Milan Processor",32,"Linux 7.0.0-27-generic x86_64","15.2.0"," -O3 -DNDEBUG -DPITO_ECS_OWNED_DELETE_ATOMIC=1",32,100000,pito,owned_initialize,ecs_create_owned_sharded,4,0,4,138.891389
khanvm1,"AMD EPYC-Milan Processor",32,"Linux 7.0.0-27-generic x86_64","15.2.0"," -O3 -DNDEBUG -DPITO_ECS_OWNED_DELETE_ATOMIC=1",32,100000,pito,owned_initialize,ecs_create_owned_sharded,4,0,5,139.562643
khanvm1,"AMD EPYC-Milan Processor",32,"Linux 7.0.0-27-generic x86_64","15.2.0"," -O3 -DNDEBUG -DPITO_ECS_OWNED_DELETE_ATOMIC=1",32,100000,pito,owned_initialize,ecs_create_owned_sharded,4,0,6,140.305129
khanvm1,"AMD EPYC-Milan Processor",32,"Linux 7.0.0-27-generic x86_64","15.2.0"," -O3 -DNDEBUG -DPITO_ECS_OWNED_DELETE_ATOMIC=1",32,100000,pito,owned_initialize,ecs_create_owned_sharded,4,0,7,140.578132
khanvm1,"AMD EPYC-Milan Processor",32,"Linux 7.0.0-27-generic x86_64","15.2.0"," -O3 -DNDEBUG -DPITO_ECS_OWNED_DELETE_ATOMIC=1",32,100000,pito,owned_initialize,ecs_create_owned_sharded,4,0,8,139.790846
khanvm1,"AMD EPYC-Milan Processor",32,"Linux 7.0.0-27-generic x86_64","15.2.0"," -O3 -DNDEBUG -DPITO_ECS_OWNED_DELETE_ATOMIC=1",32,100000,pito,owned_initialize,ecs_create_owned_sharded,4,0,9,139.601115
khanvm1,"AMD EPYC-Milan Processor",32,"Linux 7.0.0-27-generic x86_64","15.2.0"," -O3 -DNDEBUG -DPITO_ECS_OWNED_DELETE_ATOMIC=1",32,100000,pito,owned_initialize,ecs_create_owned_sharded,4,0,10,141.586607
khanvm1,"AMD EPYC-Milan Processor",32,"Linux 7.0.0-27-generic x86_64","15.2.0"," -O3 -DNDEBUG -DPITO_ECS_OWNED_DELETE_ATOMIC=1",32,100000,pito,owned_initialize,ecs_create_owned_sharded,4,10,1,150.022729
khanvm1,"AMD EPYC-Milan Processor",32,"Linux 7.0.0-27-generic x86_64","15.2.0"," -O3 -DNDEBUG -DPITO_ECS_OWNED_DELETE_ATOMIC=1",32,100000,pito,owned_initialize,ecs_create_owned_sharded,4,10,2,147.165408
khanvm1,"AMD EPYC-Milan Processor",32,"Linux 7.0.0-27-generic x86_64","15.2.0"," -O3 -DNDEBUG -DPITO_ECS_OWNED_DELETE_ATOMIC=1",32,100000,pito,owned_initialize,ecs_create_owned_sharded,4,10,3,148.453247
khanvm1,"AMD EPYC-Milan Processor",32,"Linux 7.0.0-27-generic x86_64","15.2.0"," -O3 -DNDEBUG -DPITO_ECS_OWNED_DELETE_ATOMIC=1",32,100000,pito,owned_initialize,ecs_create_owned_sharded,4,10,4,148.878081
khanvm1,"AMD EPYC-Milan Processor",32,"Linux 7.0.0-27-generic x86_64","15.2.0"," -O3 -DNDEBUG -DPITO_ECS_OWNED_DELETE_ATOMIC=1",32,100000,pito,owned_initialize,ecs_create_owned_sharded,4,10,5,152.461856
khanvm1,"AMD EPYC-Milan Processor",32,"Linux 7.0.0-27-generic x86_64","15.2.0"," -O3 -DNDEBUG -DPITO_ECS_OWNED_DELETE_ATOMIC=1",32,100000,pito,owned_initialize,ecs_create_owned_sharded,4,10,6,202.136944
khanvm1,"AMD EPYC-Milan Processor",32,"Linux 7.0.0-27-generic x86_64","15.2.0"," -O3 -DNDEBUG -DPITO_ECS_OWNED_DELETE_ATOMIC=1",32,100000,pito,owned_initialize,ecs_create_owned_sharded,4,10,7,146.211381
khanvm1,"AMD EPYC-Milan Processor",32,"Linux 7.0.0-27-generic x86_64","15.2.0"," -O3 -DNDEBUG -DPITO_ECS_OWNED_DELETE_ATOMIC=1",32,100000,pito,owned_initialize,ecs_create_owned_sharded,4,10,8,148.795170
khanvm1,"AMD EPYC-Milan Processor",32,"Linux 7.0.0-27-generic x86_64","15.2.0"," -O3 -DNDEBUG -DPITO_ECS_OWNED_DELETE_ATOMIC=1",32,100000,pito,owned_initialize,ecs_create_owned_sharded,4,10,9,146.923206
khanvm1,"AMD EPYC-Milan Processor",32,"Linux 7.0.0-27-generic x86_64","15.2.0"," -O3 -DNDEBUG -DPITO_ECS_OWNED_DELETE_ATOMIC=1",32,100000,pito,owned_initialize,ecs_create_owned_sharded,4,10,10,147.980405
khanvm1,"AMD EPYC-Milan Processor",32,"Linux 7.0.0-27-generic x86_64","15.2.0"," -O3 -DNDEBUG -DPITO_ECS_OWNED_DELETE_ATOMIC=1",32,100000,pito,owned_initialize,ecs_create_owned_sharded,4,10,11,148.047765
khanvm1,"AMD EPYC-Milan Processor",32,"Linux 7.0.0-27-generic x86_64","15.2.0"," -O3 -DNDEBUG -DPITO_ECS_OWNED_DELETE_ATOMIC=1",32,100000,pito,owned_initialize,ecs_create_owned_sharded,4,500,1,936.462726
khanvm1,"AMD EPYC-Milan Processor",32,"Linux 7.0.0-27-generic x86_64","15.2.0"," -O3 -DNDEBUG -DPITO_ECS_OWNED_DELETE_ATOMIC=1",32,100000,pito,owned_initialize,ecs_create_owned_sharded,4,500,2,928.405958
khanvm1,"AMD EPYC-Milan Processor",32,"Linux 7.0.0-27-generic x86_64","15.2.0"," -O3 -DNDEBUG -DPITO_ECS_OWNED_DELETE_ATOMIC=1",32,100000,pito,owned_initialize,ecs_create_owned_sharded,4,500,3,926.885677
khanvm1,"AMD EPYC-Milan Processor",32,"Linux 7.0.0-27-generic x86_64","15.2.0"," -O3 -DNDEBUG -DPITO_ECS_OWNED_DELETE_ATOMIC=1",32,100000,pito,owned_initialize,ecs_create_owned_sharded,4,500,4,926.655466
khanvm1,"AMD EPYC-Milan Processor",32,"Linux 7.0.0-27-generic x86_64","15.2.0"," -O3 -DNDEBUG -DPITO_ECS_OWNED_DELETE_ATOMIC=1",32,100000,pito,owned_initialize,ecs_create_owned_sharded,4,500,5,927.252940
khanvm1,"AMD EPYC-Milan Processor",32,"Linux 7.0.0-27-generic x86_64","15.2.0"," -O3 -DNDEBUG -DPITO_ECS_OWNED_DELETE_ATOMIC=1",32,100000,pito,owned_initialize,ecs_create_owned_sharded,4,500,6,926.344123
khanvm1,"AMD EPYC-Milan Processor",32,"Linux 7.0.0-27-generic x86_64","15.2.0"," -O3 -DNDEBUG -DPITO_ECS_OWNED_DELETE_ATOMIC=1",32,100000,pito,owned_initialize,ecs_create_owned_sharded,4,500,7,927.614663
khanvm1,"AMD EPYC-Milan Processor",32,"Linux 7.0.0-27-generic x86_64","15.2.0"," -O3 -DNDEBUG -DPITO_ECS_OWNED_DELETE_ATOMIC=1",32,100000,pito,owned_initialize,ecs_create_owned_sharded,4,500,8,928.517648
khanvm1,"AMD EPYC-Milan Processor",32,"Linux 7.0.0-27-generic x86_64","15.2.0"," -O3 -DNDEBUG -DPITO_ECS_OWNED_DELETE_ATOMIC=1",32,100000,pito,owned_initialize,ecs_create_owned_sharded,4,500,9,927.462161
khanvm1,"AMD EPYC-Milan Processor",32,"Linux 7.0.0-27-generic x86_64","15.2.0"," -O3 -DNDEBUG -DPITO_ECS_OWNED_DELETE_ATOMIC=1",32,100000,pito,owned_initialize,ecs_create_owned_sharded,4,500,10,927.759623
khanvm1,"AMD EPYC-Milan Processor",32,"Linux 7.0.0-27-generic x86_64","15.2.0"," -O3 -DNDEBUG -DPITO_ECS_OWNED_DELETE_ATOMIC=1",32,100000,pito,owned_initialize,ecs_create_owned_sharded,8,0,1,131.570647
khanvm1,"AMD EPYC-Milan Processor",32,"Linux 7.0.0-27-generic x86_64","15.2.0"," -O3 -DNDEBUG -DPITO_ECS_OWNED_DELETE_ATOMIC=1",32,100000,pito,owned_initialize,ecs_create_owned_sharded,8,0,2,132.642405
khanvm1,"AMD EPYC-Milan Processor",32,"Linux 7.0.0-27-generic x86_64","15.2.0"," -O3 -DNDEBUG -DPITO_ECS_OWNED_DELETE_ATOMIC=1",32,100000,pito,owned_initialize,ecs_create_owned_sharded,8,0,3,132.362902
khanvm1,"AMD EPYC-Milan Processor",32,"Linux 7.0.0-27-generic x86_64","15.2.0"," -O3 -DNDEBUG -DPITO_ECS_OWNED_DELETE_ATOMIC=1",32,100000,pito,owned_initialize,ecs_create_owned_sharded,8,0,4,132.323360
khanvm1,"AMD EPYC-Milan Processor",32,"Linux 7.0.0-27-generic x86_64","15.2.0"," -O3 -DNDEBUG -DPITO_ECS_OWNED_DELETE_ATOMIC=1",32,100000,pito,owned_initialize,ecs_create_owned_sharded,8,0,5,128.184731
khanvm1,"AMD EPYC-Milan Processor",32,"Linux 7.0.0-27-generic x86_64","15.2.0"," -O3 -DNDEBUG -DPITO_ECS_OWNED_DELETE_ATOMIC=1",32,100000,pito,owned_initialize,ecs_create_owned_sharded,8,0,6,130.793250
khanvm1,"AMD EPYC-Milan Processor",32,"Linux 7.0.0-27-generic x86_64","15.2.0"," -O3 -DNDEBUG -DPITO_ECS_OWNED_DELETE_ATOMIC=1",32,100000,pito,owned_initialize,ecs_create_owned_sharded,8,0,7,127.164736
khanvm1,"AMD EPYC-Milan Processor",32,"Linux 7.0.0-27-generic x86_64","15.2.0"," -O3 -DNDEBUG -DPITO_ECS_OWNED_DELETE_ATOMIC=1",32,100000,pito,owned_initialize,ecs_create_owned_sharded,8,0,8,131.454845
khanvm1,"AMD EPYC-Milan Processor",32,"Linux 7.0.0-27-generic x86_64","15.2.0"," -O3 -DNDEBUG -DPITO_ECS_OWNED_DELETE_ATOMIC=1",32,100000,pito,owned_initialize,ecs_create_owned_sharded,8,0,9,130.355768
khanvm1,"AMD EPYC-Milan Processor",32,"Linux 7.0.0-27-generic x86_64","15.2.0"," -O3 -DNDEBUG -DPITO_ECS_OWNED_DELETE_ATOMIC=1",32,100000,pito,owned_initialize,ecs_create_owned_sharded,8,0,10,131.635437
khanvm1,"AMD EPYC-Milan Processor",32,"Linux 7.0.0-27-generic x86_64","15.2.0"," -O3 -DNDEBUG -DPITO_ECS_OWNED_DELETE_ATOMIC=1",32,100000,pito,owned_initialize,ecs_create_owned_sharded,8,10,1,141.181645
khanvm1,"AMD EPYC-Milan Processor",32,"Linux 7.0.0-27-generic x86_64","15.2.0"," -O3 -DNDEBUG -DPITO_ECS_OWNED_DELETE_ATOMIC=1",32,100000,pito,owned_initialize,ecs_create_owned_sharded,8,10,2,140.894703
khanvm1,"AMD EPYC-Milan Processor",32,"Linux 7.0.0-27-generic x86_64","15.2.0"," -O3 -DNDEBUG -DPITO_ECS_OWNED_DELETE_ATOMIC=1",32,100000,pito,owned_initialize,ecs_create_owned_sharded,8,10,3,145.692786
khanvm1,"AMD EPYC-Milan Processor",32,"Linux 7.0.0-27-generic x86_64","15.2.0"," -O3 -DNDEBUG -DPITO_ECS_OWNED_DELETE_ATOMIC=1",32,100000,pito,owned_initialize,ecs_create_owned_sharded,8,10,4,142.691916
khanvm1,"AMD EPYC-Milan Processor",32,"Linux 7.0.0-27-generic x86_64","15.2.0"," -O3 -DNDEBUG -DPITO_ECS_OWNED_DELETE_ATOMIC=1",32,100000,pito,owned_initialize,ecs_create_owned_sharded,8,10,5,142.833978
khanvm1,"AMD EPYC-Milan Processor",32,"Linux 7.0.0-27-generic x86_64","15.2.0"," -O3 -DNDEBUG -DPITO_ECS_OWNED_DELETE_ATOMIC=1",32,100000,pito,owned_initialize,ecs_create_owned_sharded,8,10,6,143.928946
khanvm1,"AMD EPYC-Milan Processor",32,"Linux 7.0.0-27-generic x86_64","15.2.0"," -O3 -DNDEBUG -DPITO_ECS_OWNED_DELETE_ATOMIC=1",32,100000,pito,owned_initialize,ecs_create_owned_sharded,8,10,7,142.602946
khanvm1,"AMD EPYC-Milan Processor",32,"Linux 7.0.0-27-generic x86_64","15.2.0"," -O3 -DNDEBUG -DPITO_ECS_OWNED_DELETE_ATOMIC=1",32,100000,pito,owned_initialize,ecs_create_owned_sharded,8,10,8,144.161316
khanvm1,"AMD EPYC-Milan Processor",32,"Linux 7.0.0-27-generic x86_64","15.2.0"," -O3 -DNDEBUG -DPITO_ECS_OWNED_DELETE_ATOMIC=1",32,100000,pito,owned_initialize,ecs_create_owned_sharded,8,10,9,144.707861
khanvm1,"AMD EPYC-Milan Processor",32,"Linux 7.0.0-27-generic x86_64","15.2.0"," -O3 -DNDEBUG -DPITO_ECS_OWNED_DELETE_ATOMIC=1",32,100000,pito,owned_initialize,ecs_create_owned_sharded,8,10,10,139.651005
khanvm1,"AMD EPYC-Milan Processor",32,"Linux 7.0.0-27-generic x86_64","15.2.0"," -O3 -DNDEBUG -DPITO_ECS_OWNED_DELETE_ATOMIC=1",32,100000,pito,owned_initialize,ecs_create_owned_sharded,8,500,1,547.405338
khanvm1,"AMD EPYC-Milan Processor",32,"Linux 7.0.0-27-generic x86_64","15.2.0"," -O3 -DNDEBUG -DPITO_ECS_OWNED_DELETE_ATOMIC=1",32,100000,pito,owned_initialize,ecs_create_owned_sharded,8,500,2,548.303664
khanvm1,"AMD EPYC-Milan Processor",32,"Linux 7.0.0-27-generic x86_64","15.2.0"," -O3 -DNDEBUG -DPITO_ECS_OWNED_DELETE_ATOMIC=1",32,100000,pito,owned_initialize,ecs_create_owned_sharded,8,500,3,549.529263
khanvm1,"AMD EPYC-Milan Processor",32,"Linux 7.0.0-27-generic x86_64","15.2.0"," -O3 -DNDEBUG -DPITO_ECS_OWNED_DELETE_ATOMIC=1",32,100000,pito,owned_initialize,ecs_create_owned_sharded,8,500,4,546.828943
khanvm1,"AMD EPYC-Milan Processor",32,"Linux 7.0.0-27-generic x86_64","15.2.0"," -O3 -DNDEBUG -DPITO_ECS_OWNED_DELETE_ATOMIC=1",32,100000,pito,owned_initialize,ecs_create_owned_sharded,8,500,5,547.285666
khanvm1,"AMD EPYC-Milan Processor",32,"Linux 7.0.0-27-generic x86_64","15.2.0"," -O3 -DNDEBUG -DPITO_ECS_OWNED_DELETE_ATOMIC=1",32,100000,pito,owned_initialize,ecs_create_owned_sharded,8,500,6,546.463701
khanvm1,"AMD EPYC-Milan Processor",32,"Linux 7.0.0-27-generic x86_64","15.2.0"," -O3 -DNDEBUG -DPITO_ECS_OWNED_DELETE_ATOMIC=1",32,100000,pito,owned_initialize,ecs_create_owned_sharded,8,500,7,545.818546
khanvm1,"AMD EPYC-Milan Processor",32,"Linux 7.0.0-27-generic x86_64","15.2.0"," -O3 -DNDEBUG -DPITO_ECS_OWNED_DELETE_ATOMIC=1",32,100000,pito,owned_initialize,ecs_create_owned_sharded,8,500,8,547.552679
khanvm1,"AMD EPYC-Milan Processor",32,"Linux 7.0.0-27-generic x86_64","15.2.0"," -O3 -DNDEBUG -DPITO_ECS_OWNED_DELETE_ATOMIC=1",32,100000,pito,owned_initialize,ecs_create_owned_sharded,8,500,9,548.057802
khanvm1,"AMD EPYC-Milan Processor",32,"Linux 7.0.0-27-generic x86_64","15.2.0"," -O3 -DNDEBUG -DPITO_ECS_OWNED_DELETE_ATOMIC=1",32,100000,pito,owned_initialize,ecs_create_owned_sharded,8,500,10,547.206046
khanvm1,"AMD EPYC-Milan Processor",32,"Linux 7.0.0-27-generic x86_64","15.2.0"," -O3 -DNDEBUG -DPITO_ECS_OWNED_DELETE_ATOMIC=1",32,100000,pito,owned_initialize,ecs_create_owned_sharded,16,0,1,125.049849
khanvm1,"AMD EPYC-Milan Processor",32,"Linux 7.0.0-27-generic x86_64","15.2.0"," -O3 -DNDEBUG -DPITO_ECS_OWNED_DELETE_ATOMIC=1",32,100000,pito,owned_initialize,ecs_create_owned_sharded,16,0,2,124.294325
khanvm1,"AMD EPYC-Milan Processor",32,"Linux 7.0.0-27-generic x86_64","15.2.0"," -O3 -DNDEBUG -DPITO_ECS_OWNED_DELETE_ATOMIC=1",32,100000,pito,owned_initialize,ecs_create_owned_sharded,16,0,3,123.313665
khanvm1,"AMD EPYC-Milan Processor",32,"Linux 7.0.0-27-generic x86_64","15.2.0"," -O3 -DNDEBUG -DPITO_ECS_OWNED_DELETE_ATOMIC=1",32,100000,pito,owned_initialize,ecs_create_owned_sharded,16,0,4,123.081806
khanvm1,"AMD EPYC-Milan Processor",32,"Linux 7.0.0-27-generic x86_64","15.2.0"," -O3 -DNDEBUG -DPITO_ECS_OWNED_DELETE_ATOMIC=1",32,100000,pito,owned_initialize,ecs_create_owned_sharded,16,0,5,125.539174
khanvm1,"AMD EPYC-Milan Processor",32,"Linux 7.0.0-27-generic x86_64","15.2.0"," -O3 -DNDEBUG -DPITO_ECS_OWNED_DELETE_ATOMIC=1",32,100000,pito,owned_initialize,ecs_create_owned_sharded,16,0,6,122.370381
khanvm1,"AMD EPYC-Milan Processor",32,"Linux 7.0.0-27-generic x86_64","15.2.0"," -O3 -DNDEBUG -DPITO_ECS_OWNED_DELETE_ATOMIC=1",32,100000,pito,owned_initialize,ecs_create_owned_sharded,16,0,7,123.388477
khanvm1,"AMD EPYC-Milan Processor",32,"Linux 7.0.0-27-generic x86_64","15.2.0"," -O3 -DNDEBUG -DPITO_ECS_OWNED_DELETE_ATOMIC=1",32,100000,pito,owned_initialize,ecs_create_owned_sharded,16,0,8,123.071496
khanvm1,"AMD EPYC-Milan Processor",32,"Linux 7.0.0-27-generic x86_64","15.2.0"," -O3 -DNDEBUG -DPITO_ECS_OWNED_DELETE_ATOMIC=1",32,100000,pito,owned_initialize,ecs_create_owned_sharded,16,0,9,124.051542
khanvm1,"AMD EPYC-Milan Processor",32,"Linux 7.0.0-27-generic x86_64","15.2.0"," -O3 -DNDEBUG -DPITO_ECS_OWNED_DELETE_ATOMIC=1",32,100000,pito,owned_initialize,ecs_create_owned_sharded,16,0,10,122.998465
khanvm1,"AMD EPYC-Milan Processor",32,"Linux 7.0.0-27-generic x86_64","15.2.0"," -O3 -DNDEBUG -DPITO_ECS_OWNED_DELETE_ATOMIC=1",32,100000,pito,owned_initialize,ecs_create_owned_sharded,16,10,1,126.758811
khanvm1,"AMD EPYC-Milan Processor",32,"Linux 7.0.0-27-generic x86_64","15.2.0"," -O3 -DNDEBUG -DPITO_ECS_OWNED_DELETE_ATOMIC=1",32,100000,pito,owned_initialize,ecs_create_owned_sharded,16,10,2,124.830777
khanvm1,"AMD EPYC-Milan Processor",32,"Linux 7.0.0-27-generic x86_64","15.2.0"," -O3 -DNDEBUG -DPITO_ECS_OWNED_DELETE_ATOMIC=1",32,100000,pito,owned_initialize,ecs_create_owned_sharded,16,10,3,126.264228
khanvm1,"AMD EPYC-Milan Processor",32,"Linux 7.0.0-27-generic x86_64","15.2.0"," -O3 -DNDEBUG -DPITO_ECS_OWNED_DELETE_ATOMIC=1",32,100000,pito,owned_initialize,ecs_create_owned_sharded,16,10,4,124.844348
khanvm1,"AMD EPYC-Milan Processor",32,"Linux 7.0.0-27-generic x86_64","15.2.0"," -O3 -DNDEBUG -DPITO_ECS_OWNED_DELETE_ATOMIC=1",32,100000,pito,owned_initialize,ecs_create_owned_sharded,16,10,5,127.844230
khanvm1,"AMD EPYC-Milan Processor",32,"Linux 7.0.0-27-generic x86_64","15.2.0"," -O3 -DNDEBUG -DPITO_ECS_OWNED_DELETE_ATOMIC=1",32,100000,pito,owned_initialize,ecs_create_owned_sharded,16,10,6,127.216546
khanvm1,"AMD EPYC-Milan Processor",32,"Linux 7.0.0-27-generic x86_64","15.2.0"," -O3 -DNDEBUG -DPITO_ECS_OWNED_DELETE_ATOMIC=1",32,100000,pito,owned_initialize,ecs_create_owned_sharded,16,10,7,128.398454
khanvm1,"AMD EPYC-Milan Processor",32,"Linux 7.0.0-27-generic x86_64","15.2.0"," -O3 -DNDEBUG -DPITO_ECS_OWNED_DELETE_ATOMIC=1",32,100000,pito,owned_initialize,ecs_create_owned_sharded,16,10,8,128.597475
khanvm1,"AMD EPYC-Milan Processor",32,"Linux 7.0.0-27-generic x86_64","15.2.0"," -O3 -DNDEBUG -DPITO_ECS_OWNED_DELETE_ATOMIC=1",32,100000,pito,owned_initialize,ecs_create_owned_sharded,16,10,9,128.933799
khanvm1,"AMD EPYC-Milan Processor",32,"Linux 7.0.0-27-generic x86_64","15.2.0"," -O3 -DNDEBUG -DPITO_ECS_OWNED_DELETE_ATOMIC=1",32,100000,pito,owned_initialize,ecs_create_owned_sharded,16,10,10,124.610915
khanvm1,"AMD EPYC-Milan Processor",32,"Linux 7.0.0-27-generic x86_64","15.2.0"," -O3 -DNDEBUG -DPITO_ECS_OWNED_DELETE_ATOMIC=1",32,100000,pito,owned_initialize,ecs_create_owned_sharded,16,500,1,334.132794
khanvm1,"AMD EPYC-Milan Processor",32,"Linux 7.0.0-27-generic x86_64","15.2.0"," -O3 -DNDEBUG -DPITO_ECS_OWNED_DELETE_ATOMIC=1",32,100000,pito,owned_initialize,ecs_create_owned_sharded,16,500,2,330.432467
khanvm1,"AMD EPYC-Milan Processor",32,"Linux 7.0.0-27-generic x86_64","15.2.0"," -O3 -DNDEBUG -DPITO_ECS_OWNED_DELETE_ATOMIC=1",32,100000,pito,owned_initialize,ecs_create_owned_sharded,16,500,3,331.645926
khanvm1,"AMD EPYC-Milan Processor",32,"Linux 7.0.0-27-generic x86_64","15.2.0"," -O3 -DNDEBUG -DPITO_ECS_OWNED_DELETE_ATOMIC=1",32,100000,pito,owned_initialize,ecs_create_owned_sharded,16,500,4,330.971870
khanvm1,"AMD EPYC-Milan Processor",32,"Linux 7.0.0-27-generic x86_64","15.2.0"," -O3 -DNDEBUG -DPITO_ECS_OWNED_DELETE_ATOMIC=1",32,100000,pito,owned_initialize,ecs_create_owned_sharded,16,500,5,332.285271
khanvm1,"AMD EPYC-Milan Processor",32,"Linux 7.0.0-27-generic x86_64","15.2.0"," -O3 -DNDEBUG -DPITO_ECS_OWNED_DELETE_ATOMIC=1",32,100000,pito,owned_initialize,ecs_create_owned_sharded,16,500,6,331.883557
khanvm1,"AMD EPYC-Milan Processor",32,"Linux 7.0.0-27-generic x86_64","15.2.0"," -O3 -DNDEBUG -DPITO_ECS_OWNED_DELETE_ATOMIC=1",32,100000,pito,owned_initialize,ecs_create_owned_sharded,16,500,7,332.021528
khanvm1,"AMD EPYC-Milan Processor",32,"Linux 7.0.0-27-generic x86_64","15.2.0"," -O3 -DNDEBUG -DPITO_ECS_OWNED_DELETE_ATOMIC=1",32,100000,pito,owned_initialize,ecs_create_owned_sharded,16,500,8,333.135076
khanvm1,"AMD EPYC-Milan Processor",32,"Linux 7.0.0-27-generic x86_64","15.2.0"," -O3 -DNDEBUG -DPITO_ECS_OWNED_DELETE_ATOMIC=1",32,100000,pito,owned_initialize,ecs_create_owned_sharded,16,500,9,332.209620
khanvm1,"AMD EPYC-Milan Processor",32,"Linux 7.0.0-27-generic x86_64","15.2.0"," -O3 -DNDEBUG -DPITO_ECS_OWNED_DELETE_ATOMIC=1",32,100000,pito,owned_initialize,ecs_create_owned_sharded,16,500,10,332.626173
khanvm1,"AMD EPYC-Milan Processor",32,"Linux 7.0.0-27-generic x86_64","15.2.0"," -O3 -DNDEBUG -DPITO_ECS_OWNED_DELETE_ATOMIC=1",32,100000,pito,owned_initialize,ecs_create_owned_sharded,32,0,1,118.446651
khanvm1,"AMD EPYC-Milan Processor",32,"Linux 7.0.0-27-generic x86_64","15.2.0"," -O3 -DNDEBUG -DPITO_ECS_OWNED_DELETE_ATOMIC=1",32,100000,pito,owned_initialize,ecs_create_owned_sharded,32,0,2,117.548204
khanvm1,"AMD EPYC-Milan Processor",32,"Linux 7.0.0-27-generic x86_64","15.2.0"," -O3 -DNDEBUG -DPITO_ECS_OWNED_DELETE_ATOMIC=1",32,100000,pito,owned_initialize,ecs_create_owned_sharded,32,0,3,120.594768
khanvm1,"AMD EPYC-Milan Processor",32,"Linux 7.0.0-27-generic x86_64","15.2.0"," -O3 -DNDEBUG -DPITO_ECS_OWNED_DELETE_ATOMIC=1",32,100000,pito,owned_initialize,ecs_create_owned_sharded,32,0,4,120.149804
khanvm1,"AMD EPYC-Milan Processor",32,"Linux 7.0.0-27-generic x86_64","15.2.0"," -O3 -DNDEBUG -DPITO_ECS_OWNED_DELETE_ATOMIC=1",32,100000,pito,owned_initialize,ecs_create_owned_sharded,32,0,5,121.443773
khanvm1,"AMD EPYC-Milan Processor",32,"Linux 7.0.0-27-generic x86_64","15.2.0"," -O3 -DNDEBUG -DPITO_ECS_OWNED_DELETE_ATOMIC=1",32,100000,pito,owned_initialize,ecs_create_owned_sharded,32,0,6,119.893421
khanvm1,"AMD EPYC-Milan Processor",32,"Linux 7.0.0-27-generic x86_64","15.2.0"," -O3 -DNDEBUG -DPITO_ECS_OWNED_DELETE_ATOMIC=1",32,100000,pito,owned_initialize,ecs_create_owned_sharded,32,0,7,119.023296
khanvm1,"AMD EPYC-Milan Processor",32,"Linux 7.0.0-27-generic x86_64","15.2.0"," -O3 -DNDEBUG -DPITO_ECS_OWNED_DELETE_ATOMIC=1",32,100000,pito,owned_initialize,ecs_create_owned_sharded,32,0,8,118.833335
khanvm1,"AMD EPYC-Milan Processor",32,"Linux 7.0.0-27-generic x86_64","15.2.0"," -O3 -DNDEBUG -DPITO_ECS_OWNED_DELETE_ATOMIC=1",32,100000,pito,owned_initialize,ecs_create_owned_sharded,32,0,9,119.511881
khanvm1,"AMD EPYC-Milan Processor",32,"Linux 7.0.0-27-generic x86_64","15.2.0"," -O3 -DNDEBUG -DPITO_ECS_OWNED_DELETE_ATOMIC=1",32,100000,pito,owned_initialize,ecs_create_owned_sharded,32,0,10,118.313810
khanvm1,"AMD EPYC-Milan Processor",32,"Linux 7.0.0-27-generic x86_64","15.2.0"," -O3 -DNDEBUG -DPITO_ECS_OWNED_DELETE_ATOMIC=1",32,100000,pito,owned_initialize,ecs_create_owned_sharded,32,10,1,121.458763
khanvm1,"AMD EPYC-Milan Processor",32,"Linux 7.0.0-27-generic x86_64","15.2.0"," -O3 -DNDEBUG -DPITO_ECS_OWNED_DELETE_ATOMIC=1",32,100000,pito,owned_initialize,ecs_create_owned_sharded,32,10,2,123.954473
khanvm1,"AMD EPYC-Milan Processor",32,"Linux 7.0.0-27-generic x86_64","15.2.0"," -O3 -DNDEBUG -DPITO_ECS_OWNED_DELETE_ATOMIC=1",32,100000,pito,owned_initialize,ecs_create_owned_sharded,32,10,3,122.567152
khanvm1,"AMD EPYC-Milan Processor",32,"Linux 7.0.0-27-generic x86_64","15.2.0"," -O3 -DNDEBUG -DPITO_ECS_OWNED_DELETE_ATOMIC=1",32,100000,pito,owned_initialize,ecs_create_owned_sharded,32,10,4,123.506128
khanvm1,"AMD EPYC-Milan Processor",32,"Linux 7.0.0-27-generic x86_64","15.2.0"," -O3 -DNDEBUG -DPITO_ECS_OWNED_DELETE_ATOMIC=1",32,100000,pito,owned_initialize,ecs_create_owned_sharded,32,10,5,123.059676
khanvm1,"AMD EPYC-Milan Processor",32,"Linux 7.0.0-27-generic x86_64","15.2.0"," -O3 -DNDEBUG -DPITO_ECS_OWNED_DELETE_ATOMIC=1",32,100000,pito,owned_initialize,ecs_create_owned_sharded,32,10,6,122.505211
khanvm1,"AMD EPYC-Milan Processor",32,"Linux 7.0.0-27-generic x86_64","15.2.0"," -O3 -DNDEBUG -DPITO_ECS_OWNED_DELETE_ATOMIC=1",32,100000,pito,owned_initialize,ecs_create_owned_sharded,32,10,7,122.510210
khanvm1,"AMD EPYC-Milan Processor",32,"Linux 7.0.0-27-generic x86_64","15.2.0"," -O3 -DNDEBUG -DPITO_ECS_OWNED_DELETE_ATOMIC=1",32,100000,pito,owned_initialize,ecs_create_owned_sharded,32,10,8,123.476007
khanvm1,"AMD EPYC-Milan Processor",32,"Linux 7.0.0-27-generic x86_64","15.2.0"," -O3 -DNDEBUG -DPITO_ECS_OWNED_DELETE_ATOMIC=1",32,100000,pito,owned_initialize,ecs_create_owned_sharded,32,10,9,124.427835
khanvm1,"AMD EPYC-Milan Processor",32,"Linux 7.0.0-27-generic x86_64","15.2.0"," -O3 -DNDEBUG -DPITO_ECS_OWNED_DELETE_ATOMIC=1",32,100000,pito,owned_initialize,ecs_create_owned_sharded,32,10,10,124.450776
khanvm1,"AMD EPYC-Milan Processor",32,"Linux 7.0.0-27-generic x86_64","15.2.0"," -O3 -DNDEBUG -DPITO_ECS_OWNED_DELETE_ATOMIC=1",32,100000,pito,owned_initialize,ecs_create_owned_sharded,32,500,1,221.827127
khanvm1,"AMD EPYC-Milan Processor",32,"Linux 7.0.0-27-generic x86_64","15.2.0"," -O3 -DNDEBUG -DPITO_ECS_OWNED_DELETE_ATOMIC=1",32,100000,pito,owned_initialize,ecs_create_owned_sharded,32,500,2,221.901736
khanvm1,"AMD EPYC-Milan Processor",32,"Linux 7.0.0-27-generic x86_64","15.2.0"," -O3 -DNDEBUG -DPITO_ECS_OWNED_DELETE_ATOMIC=1",32,100000,pito,owned_initialize,ecs_create_owned_sharded,32,500,3,223.065545
khanvm1,"AMD EPYC-Milan Processor",32,"Linux 7.0.0-27-generic x86_64","15.2.0"," -O3 -DNDEBUG -DPITO_ECS_OWNED_DELETE_ATOMIC=1",32,100000,pito,owned_initialize,ecs_create_owned_sharded,32,500,4,223.696439
khanvm1,"AMD EPYC-Milan Processor",32,"Linux 7.0.0-27-generic x86_64","15.2.0"," -O3 -DNDEBUG -DPITO_ECS_OWNED_DELETE_ATOMIC=1",32,100000,pito,owned_initialize,ecs_create_owned_sharded,32,500,5,222.283250
khanvm1,"AMD EPYC-Milan Processor",32,"Linux 7.0.0-27-generic x86_64","15.2.0"," -O3 -DNDEBUG -DPITO_ECS_OWNED_DELETE_ATOMIC=1",32,100000,pito,owned_initialize,ecs_create_owned_sharded,32,500,6,222.031517
khanvm1,"AMD EPYC-Milan Processor",32,"Linux 7.0.0-27-generic x86_64","15.2.0"," -O3 -DNDEBUG -DPITO_ECS_OWNED_DELETE_ATOMIC=1",32,100000,pito,owned_initialize,ecs_create_owned_sharded,32,500,7,220.552838
khanvm1,"AMD EPYC-Milan Processor",32,"Linux 7.0.0-27-generic x86_64","15.2.0"," -O3 -DNDEBUG -DPITO_ECS_OWNED_DELETE_ATOMIC=1",32,100000,pito,owned_initialize,ecs_create_owned_sharded,32,500,8,223.651367
khanvm1,"AMD EPYC-Milan Processor",32,"Linux 7.0.0-27-generic x86_64","15.2.0"," -O3 -DNDEBUG -DPITO_ECS_OWNED_DELETE_ATOMIC=1",32,100000,pito,owned_initialize,ecs_create_owned_sharded,32,500,9,221.924217
khanvm1,"AMD EPYC-Milan Processor",32,"Linux 7.0.0-27-generic x86_64","15.2.0"," -O3 -DNDEBUG -DPITO_ECS_OWNED_DELETE_ATOMIC=1",32,100000,pito,owned_initialize,ecs_create_owned_sharded,32,500,10,223.431877
